date,product,market,type,unit,price_raw,price,source_product_label,source_product_value
2001-11-23,Algodão,BARREIRAS,Pluma,arroba,"28,00",28.0,Algodão,8
2001-11-27,Algodão,BARREIRAS,Pluma,arroba,"28,00",28.0,Algodão,8
2001-11-28,Algodão,BARREIRAS,Pluma,arroba,"28,00",28.0,Algodão,8
2001-11-29,Algodão,BARREIRAS,Pluma,arroba,"28,00",28.0,Algodão,8
2001-12-07,Algodão,BARREIRAS,Pluma,arroba,"28,00",28.0,Algodão,8
2001-12-11,Algodão,SALVADOR,Caroço,arroba,"8,00",8.0,Algodão,8
2001-12-11,Algodão,SALVADOR,Pluma,arroba,"30,32",30.32,Algodão,8
2001-12-12,Algodão,BARREIRAS,Pluma,arroba,"28,00",28.0,Algodão,8
2001-12-12,Algodão,SALVADOR,Caroço,arroba,"8,00",8.0,Algodão,8
2001-12-13,Algodão,BARREIRAS,Pluma,arroba,"28,00",28.0,Algodão,8
2001-12-13,Algodão,SALVADOR,Caroço,arroba,"8,00",8.0,Algodão,8
2001-12-13,Algodão,SALVADOR,Pluma,arroba,"30,32",30.32,Algodão,8
2001-12-14,Algodão,BARREIRAS,Pluma,arroba,"28,00",28.0,Algodão,8
2001-12-14,Algodão,SALVADOR,Caroço,arroba,"8,00",8.0,Algodão,8
2001-12-14,Algodão,SALVADOR,Pluma,arroba,"30,32",30.32,Algodão,8
2002-01-02,Algodão,BARROCAS,Caroço,arroba,"30,32",30.32,Algodão,8
2002-01-03,Algodão,BARROCAS,Caroço,arroba,"30,32",30.32,Algodão,8
2002-01-04,Algodão,BARROCAS,Caroço,arroba,"30,32",30.32,Algodão,8
2002-01-07,Algodão,BARROCAS,Caroço,arroba,"30,32",30.32,Algodão,8
2002-01-08,Algodão,BARROCAS,Caroço,arroba,"30,32",30.32,Algodão,8
2002-01-09,Algodão,BARROCAS,Caroço,arroba,"30,32",30.32,Algodão,8
2002-01-10,Algodão,BARROCAS,Caroço,arroba,"30,32",30.32,Algodão,8
2002-01-11,Algodão,BARREIRAS,(comum),arroba,"8,00",8.0,Algodão,8
2002-01-11,Algodão,BARREIRAS,Caroço,arroba,"28,00",28.0,Algodão,8
2002-01-11,Algodão,BARROCAS,Caroço,arroba,"30,32",30.32,Algodão,8
2002-01-14,Algodão,BARREIRAS,(comum),arroba,"8,00",8.0,Algodão,8
2002-01-14,Algodão,BARREIRAS,Caroço,arroba,"28,00",28.0,Algodão,8
2002-01-14,Algodão,BARROCAS,Caroço,arroba,"30,32",30.32,Algodão,8
2002-01-15,Algodão,BARREIRAS,(comum),arroba,"8,48",8.48,Algodão,8
2002-01-15,Algodão,BARREIRAS,Caroço,arroba,"28,00",28.0,Algodão,8
2002-01-15,Algodão,BARROCAS,Caroço,arroba,"30,32",30.32,Algodão,8
2002-01-16,Algodão,BARREIRAS,(comum),arroba,"8,48",8.48,Algodão,8
2002-01-16,Algodão,BARREIRAS,Caroço,arroba,"29,30",29.3,Algodão,8
2002-01-16,Algodão,BARROCAS,Caroço,arroba,"30,32",30.32,Algodão,8
2002-01-17,Algodão,BARREIRAS,(comum),arroba,"8,48",8.48,Algodão,8
2002-01-17,Algodão,BARREIRAS,Caroço,arroba,"29,30",29.3,Algodão,8
2002-01-17,Algodão,BARROCAS,Caroço,arroba,"30,32",30.32,Algodão,8
2002-01-18,Algodão,BARREIRAS,(comum),arroba,"8,48",8.48,Algodão,8
2002-01-18,Algodão,BARREIRAS,Caroço,arroba,"29,30",29.3,Algodão,8
2002-01-18,Algodão,BARROCAS,Caroço,arroba,"30,32",30.32,Algodão,8
2002-01-21,Algodão,BARREIRAS,(comum),arroba,"8,48",8.48,Algodão,8
2002-01-21,Algodão,BARREIRAS,Caroço,arroba,"29,30",29.3,Algodão,8
2002-01-21,Algodão,BARROCAS,Caroço,arroba,"30,32",30.32,Algodão,8
2002-01-22,Algodão,BARREIRAS,(comum),arroba,"8,48",8.48,Algodão,8
2002-01-22,Algodão,BARREIRAS,Caroço,arroba,"29,30",29.3,Algodão,8
2002-01-22,Algodão,BARROCAS,Caroço,arroba,"30,32",30.32,Algodão,8
2002-01-23,Algodão,BARREIRAS,(comum),arroba,"8,48",8.48,Algodão,8
2002-01-23,Algodão,BARREIRAS,Caroço,arroba,"29,30",29.3,Algodão,8
2002-01-23,Algodão,BARROCAS,Caroço,arroba,"30,32",30.32,Algodão,8
2002-01-24,Algodão,BARREIRAS,(comum),arroba,"8,48",8.48,Algodão,8
2002-01-24,Algodão,BARREIRAS,Caroço,arroba,"29,30",29.3,Algodão,8
2002-01-24,Algodão,BARROCAS,Caroço,arroba,"30,32",30.32,Algodão,8
2002-01-25,Algodão,BARREIRAS,(comum),arroba,"8,48",8.48,Algodão,8
2002-01-25,Algodão,BARREIRAS,Caroço,arroba,"29,30",29.3,Algodão,8
2002-01-25,Algodão,BARROCAS,Caroço,arroba,"30,32",30.32,Algodão,8
2002-01-28,Algodão,BARREIRAS,(comum),arroba,"8,48",8.48,Algodão,8
2002-01-28,Algodão,BARREIRAS,Caroço,arroba,"29,30",29.3,Algodão,8
2002-01-28,Algodão,BARROCAS,Caroço,arroba,"30,32",30.32,Algodão,8
2002-01-29,Algodão,BARREIRAS,(comum),arroba,"8,48",8.48,Algodão,8
2002-01-29,Algodão,BARREIRAS,Caroço,arroba,"29,30",29.3,Algodão,8
2002-01-29,Algodão,BARROCAS,Caroço,arroba,"30,32",30.32,Algodão,8
2002-01-30,Algodão,BARREIRAS,(comum),arroba,"8,48",8.48,Algodão,8
2002-01-30,Algodão,BARREIRAS,Caroço,arroba,"29,30",29.3,Algodão,8
2002-01-30,Algodão,BARROCAS,Caroço,arroba,"30,32",30.32,Algodão,8
2002-01-31,Algodão,BARREIRAS,(comum),arroba,"8,48",8.48,Algodão,8
2002-01-31,Algodão,BARREIRAS,Caroço,arroba,"29,30",29.3,Algodão,8
2002-01-31,Algodão,BARROCAS,Caroço,arroba,"30,32",30.32,Algodão,8
2002-02-01,Algodão,BARREIRAS,(comum),arroba,"8,48",8.48,Algodão,8
2002-02-01,Algodão,BARREIRAS,Caroço,arroba,"29,30",29.3,Algodão,8
2002-02-01,Algodão,BARROCAS,Caroço,arroba,"30,32",30.32,Algodão,8
2002-02-04,Algodão,BARREIRAS,(comum),arroba,"8,48",8.48,Algodão,8
2002-02-04,Algodão,BARREIRAS,Caroço,arroba,"29,30",29.3,Algodão,8
2002-02-04,Algodão,BARROCAS,Caroço,arroba,"30,32",30.32,Algodão,8
2002-02-05,Algodão,BARREIRAS,(comum),arroba,"8,48",8.48,Algodão,8
2002-02-05,Algodão,BARREIRAS,Caroço,arroba,"29,30",29.3,Algodão,8
2002-02-05,Algodão,BARROCAS,Caroço,arroba,"30,32",30.32,Algodão,8
2002-02-06,Algodão,BARREIRAS,(comum),arroba,"8,48",8.48,Algodão,8
2002-02-06,Algodão,BARREIRAS,Caroço,arroba,"29,30",29.3,Algodão,8
2002-02-06,Algodão,BARROCAS,Caroço,arroba,"30,32",30.32,Algodão,8
2002-02-07,Algodão,BARREIRAS,(comum),arroba,"8,48",8.48,Algodão,8
2002-02-07,Algodão,BARREIRAS,Caroço,arroba,"29,30",29.3,Algodão,8
2002-02-07,Algodão,BARROCAS,Caroço,arroba,"30,32",30.32,Algodão,8
2002-02-08,Algodão,BARREIRAS,(comum),arroba,"8,48",8.48,Algodão,8
2002-02-08,Algodão,BARREIRAS,Caroço,arroba,"29,30",29.3,Algodão,8
2002-02-08,Algodão,BARROCAS,Caroço,arroba,"30,32",30.32,Algodão,8
2002-02-11,Algodão,BARREIRAS,(comum),arroba,"8,48",8.48,Algodão,8
2002-02-11,Algodão,BARREIRAS,Caroço,arroba,"29,30",29.3,Algodão,8
2002-02-11,Algodão,BARROCAS,Caroço,arroba,"30,32",30.32,Algodão,8
2002-02-12,Algodão,BARREIRAS,(comum),arroba,"8,48",8.48,Algodão,8
2002-02-12,Algodão,BARREIRAS,Caroço,arroba,"29,30",29.3,Algodão,8
2002-02-12,Algodão,BARROCAS,Caroço,arroba,"30,32",30.32,Algodão,8
2002-02-13,Algodão,BARREIRAS,(comum),arroba,"8,48",8.48,Algodão,8
2002-02-13,Algodão,BARREIRAS,Caroço,arroba,"29,30",29.3,Algodão,8
2002-02-13,Algodão,BARROCAS,Caroço,arroba,"30,32",30.32,Algodão,8
2002-02-14,Algodão,BARREIRAS,(comum),arroba,"8,48",8.48,Algodão,8
2002-02-14,Algodão,BARREIRAS,Caroço,arroba,"29,30",29.3,Algodão,8
2002-02-14,Algodão,BARROCAS,Caroço,arroba,"30,32",30.32,Algodão,8
2002-02-15,Algodão,BARREIRAS,(comum),arroba,"8,48",8.48,Algodão,8
2002-02-15,Algodão,BARREIRAS,Caroço,arroba,"29,30",29.3,Algodão,8
2002-02-15,Algodão,BARROCAS,Caroço,arroba,"30,32",30.32,Algodão,8
2002-02-18,Algodão,BARREIRAS,(comum),arroba,"8,48",8.48,Algodão,8
2002-02-18,Algodão,BARREIRAS,Caroço,arroba,"29,30",29.3,Algodão,8
2002-02-18,Algodão,BARROCAS,Caroço,arroba,"30,32",30.32,Algodão,8
2002-02-19,Algodão,BARREIRAS,(comum),arroba,"8,48",8.48,Algodão,8
2002-02-19,Algodão,BARREIRAS,Caroço,arroba,"29,30",29.3,Algodão,8
2002-02-19,Algodão,BARROCAS,Caroço,arroba,"30,32",30.32,Algodão,8
2002-02-20,Algodão,BARREIRAS,(comum),arroba,"8,48",8.48,Algodão,8
2002-02-20,Algodão,BARREIRAS,Caroço,arroba,"29,30",29.3,Algodão,8
2002-02-20,Algodão,BARROCAS,Caroço,arroba,"30,32",30.32,Algodão,8
2002-02-21,Algodão,BARREIRAS,(comum),arroba,"8,48",8.48,Algodão,8
2002-02-21,Algodão,BARREIRAS,Caroço,arroba,"29,30",29.3,Algodão,8
2002-02-21,Algodão,BARROCAS,Caroço,arroba,"30,32",30.32,Algodão,8
2002-02-22,Algodão,BARREIRAS,(comum),arroba,"8,48",8.48,Algodão,8
2002-02-22,Algodão,BARREIRAS,Caroço,arroba,"29,30",29.3,Algodão,8
2002-02-22,Algodão,BARROCAS,Caroço,arroba,"30,32",30.32,Algodão,8
2002-02-25,Algodão,BARREIRAS,(comum),arroba,"8,48",8.48,Algodão,8
2002-02-25,Algodão,BARREIRAS,Caroço,arroba,"29,30",29.3,Algodão,8
2002-02-25,Algodão,BARROCAS,Caroço,arroba,"30,32",30.32,Algodão,8
2002-02-26,Algodão,BARREIRAS,(comum),arroba,"8,48",8.48,Algodão,8
2002-02-26,Algodão,BARREIRAS,Caroço,arroba,"29,30",29.3,Algodão,8
2002-02-26,Algodão,BARROCAS,Caroço,arroba,"30,32",30.32,Algodão,8
2002-02-27,Algodão,BARREIRAS,(comum),arroba,"8,48",8.48,Algodão,8
2002-02-27,Algodão,BARREIRAS,Caroço,arroba,"29,30",29.3,Algodão,8
2002-02-27,Algodão,BARROCAS,Caroço,arroba,"30,32",30.32,Algodão,8
2002-02-28,Algodão,BARREIRAS,(comum),arroba,"8,48",8.48,Algodão,8
2002-02-28,Algodão,BARREIRAS,Caroço,arroba,"29,30",29.3,Algodão,8
2002-02-28,Algodão,BARROCAS,Caroço,arroba,"30,32",30.32,Algodão,8
2002-03-01,Algodão,BARREIRAS,(comum),arroba,"8,48",8.48,Algodão,8
2002-03-01,Algodão,BARREIRAS,Caroço,arroba,"29,30",29.3,Algodão,8
2002-03-01,Algodão,BARROCAS,Caroço,arroba,"30,32",30.32,Algodão,8
2002-03-04,Algodão,BARREIRAS,(comum),arroba,"8,48",8.48,Algodão,8
2002-03-04,Algodão,BARREIRAS,Caroço,arroba,"29,30",29.3,Algodão,8
2002-03-04,Algodão,BARROCAS,Caroço,arroba,"30,32",30.32,Algodão,8
2002-03-05,Algodão,BARREIRAS,(comum),arroba,"8,48",8.48,Algodão,8
2002-03-05,Algodão,BARREIRAS,Caroço,arroba,"29,30",29.3,Algodão,8
2002-03-05,Algodão,BARROCAS,Caroço,arroba,"30,32",30.32,Algodão,8
2002-03-06,Algodão,BARREIRAS,(comum),arroba,"8,48",8.48,Algodão,8
2002-03-06,Algodão,BARREIRAS,Caroço,arroba,"29,30",29.3,Algodão,8
2002-03-06,Algodão,BARROCAS,Caroço,arroba,"30,32",30.32,Algodão,8
2002-03-07,Algodão,BARREIRAS,(comum),arroba,"8,48",8.48,Algodão,8
2002-03-07,Algodão,BARREIRAS,Caroço,arroba,"29,30",29.3,Algodão,8
2002-03-07,Algodão,BARROCAS,Caroço,arroba,"30,32",30.32,Algodão,8
2002-03-08,Algodão,BARREIRAS,(comum),arroba,"8,48",8.48,Algodão,8
2002-03-08,Algodão,BARREIRAS,Caroço,arroba,"29,30",29.3,Algodão,8
2002-03-08,Algodão,BARROCAS,Caroço,arroba,"30,32",30.32,Algodão,8
2002-03-11,Algodão,BARREIRAS,(comum),arroba,"8,48",8.48,Algodão,8
2002-03-11,Algodão,BARREIRAS,Caroço,arroba,"29,30",29.3,Algodão,8
2002-03-11,Algodão,BARROCAS,Caroço,arroba,"30,32",30.32,Algodão,8
2002-03-12,Algodão,BARREIRAS,(comum),arroba,"8,48",8.48,Algodão,8
2002-03-12,Algodão,BARREIRAS,Caroço,arroba,"29,30",29.3,Algodão,8
2002-03-12,Algodão,BARROCAS,Caroço,arroba,"30,32",30.32,Algodão,8
2002-03-13,Algodão,BARREIRAS,(comum),arroba,"8,48",8.48,Algodão,8
2002-03-13,Algodão,BARREIRAS,Caroço,arroba,"31,00",31.0,Algodão,8
2002-03-13,Algodão,BARROCAS,Caroço,arroba,"30,32",30.32,Algodão,8
2002-03-14,Algodão,BARREIRAS,(comum),arroba,"8,48",8.48,Algodão,8
2002-03-14,Algodão,BARREIRAS,Caroço,arroba,"31,00",31.0,Algodão,8
2002-03-14,Algodão,BARROCAS,Caroço,arroba,"30,32",30.32,Algodão,8
2002-03-15,Algodão,BARREIRAS,(comum),arroba,"8,48",8.48,Algodão,8
2002-03-15,Algodão,BARREIRAS,Caroço,arroba,"31,00",31.0,Algodão,8
2002-03-15,Algodão,BARROCAS,Caroço,arroba,"30,32",30.32,Algodão,8
2002-03-18,Algodão,BARREIRAS,(comum),arroba,"8,48",8.48,Algodão,8
2002-03-18,Algodão,BARREIRAS,Caroço,arroba,"31,00",31.0,Algodão,8
2002-03-18,Algodão,BARROCAS,Caroço,arroba,"29,80",29.8,Algodão,8
2002-03-19,Algodão,BARREIRAS,(comum),arroba,"8,48",8.48,Algodão,8
2002-03-19,Algodão,BARREIRAS,Caroço,arroba,"31,00",31.0,Algodão,8
2002-03-19,Algodão,BARROCAS,Caroço,arroba,"29,80",29.8,Algodão,8
2002-03-20,Algodão,BARREIRAS,(comum),arroba,"8,48",8.48,Algodão,8
2002-03-20,Algodão,BARREIRAS,Caroço,arroba,"31,00",31.0,Algodão,8
2002-03-20,Algodão,BARROCAS,Caroço,arroba,"29,80",29.8,Algodão,8
2002-03-21,Algodão,BARREIRAS,(comum),arroba,"8,48",8.48,Algodão,8
2002-03-21,Algodão,BARREIRAS,Caroço,arroba,"31,00",31.0,Algodão,8
2002-03-21,Algodão,BARROCAS,Caroço,arroba,"29,80",29.8,Algodão,8
2002-03-22,Algodão,BARREIRAS,(comum),arroba,"8,48",8.48,Algodão,8
2002-03-22,Algodão,BARREIRAS,Caroço,arroba,"31,00",31.0,Algodão,8
2002-03-22,Algodão,BARROCAS,Caroço,arroba,"29,80",29.8,Algodão,8
2002-03-25,Algodão,BARREIRAS,(comum),arroba,"8,48",8.48,Algodão,8
2002-03-25,Algodão,BARREIRAS,Caroço,arroba,"29,70",29.7,Algodão,8
2002-03-25,Algodão,BARROCAS,Caroço,arroba,"29,80",29.8,Algodão,8
2002-03-26,Algodão,BARREIRAS,(comum),arroba,"8,48",8.48,Algodão,8
2002-03-26,Algodão,BARREIRAS,Caroço,arroba,"29,70",29.7,Algodão,8
2002-03-26,Algodão,BARROCAS,Caroço,arroba,"29,80",29.8,Algodão,8
2002-03-27,Algodão,BARREIRAS,(comum),arroba,"8,48",8.48,Algodão,8
2002-03-27,Algodão,BARREIRAS,Caroço,arroba,"29,70",29.7,Algodão,8
2002-03-27,Algodão,BARROCAS,Caroço,arroba,"29,80",29.8,Algodão,8
2002-03-28,Algodão,BARREIRAS,(comum),arroba,"8,48",8.48,Algodão,8
2002-03-28,Algodão,BARREIRAS,Caroço,arroba,"29,70",29.7,Algodão,8
2002-03-28,Algodão,BARROCAS,Caroço,arroba,"29,80",29.8,Algodão,8
2002-03-29,Algodão,BARREIRAS,(comum),arroba,"8,48",8.48,Algodão,8
2002-03-29,Algodão,BARREIRAS,Caroço,arroba,"29,70",29.7,Algodão,8
2002-03-29,Algodão,BARROCAS,Caroço,arroba,"29,80",29.8,Algodão,8
2002-04-01,Algodão,BARREIRAS,(comum),arroba,"8,48",8.48,Algodão,8
2002-04-01,Algodão,BARREIRAS,Caroço,arroba,"29,70",29.7,Algodão,8
2002-04-01,Algodão,BARROCAS,Caroço,arroba,"29,80",29.8,Algodão,8
2002-04-02,Algodão,BARREIRAS,(comum),arroba,"8,48",8.48,Algodão,8
2002-04-02,Algodão,BARREIRAS,Caroço,arroba,"29,70",29.7,Algodão,8
2002-04-02,Algodão,BARROCAS,Caroço,arroba,"29,80",29.8,Algodão,8
2002-04-03,Algodão,BARREIRAS,(comum),arroba,"8,48",8.48,Algodão,8
2002-04-03,Algodão,BARREIRAS,Caroço,arroba,"29,70",29.7,Algodão,8
2002-04-03,Algodão,BARROCAS,Caroço,arroba,"29,80",29.8,Algodão,8
2002-04-04,Algodão,BARREIRAS,(comum),arroba,"8,48",8.48,Algodão,8
2002-04-04,Algodão,BARREIRAS,Caroço,arroba,"29,70",29.7,Algodão,8
2002-04-04,Algodão,BARROCAS,Caroço,arroba,"29,80",29.8,Algodão,8
2002-04-05,Algodão,BARREIRAS,(comum),arroba,"8,48",8.48,Algodão,8
2002-04-05,Algodão,BARREIRAS,Caroço,arroba,"29,70",29.7,Algodão,8
2002-04-05,Algodão,BARROCAS,Caroço,arroba,"29,80",29.8,Algodão,8
2002-04-08,Algodão,BARREIRAS,(comum),arroba,"8,48",8.48,Algodão,8
2002-04-08,Algodão,BARREIRAS,Caroço,arroba,"29,70",29.7,Algodão,8
2002-04-08,Algodão,BARROCAS,Caroço,arroba,"29,80",29.8,Algodão,8
2002-04-09,Algodão,BARREIRAS,(comum),arroba,"8,48",8.48,Algodão,8
2002-04-09,Algodão,BARREIRAS,Caroço,arroba,"29,70",29.7,Algodão,8
2002-04-09,Algodão,BARROCAS,Caroço,arroba,"29,80",29.8,Algodão,8
2002-04-10,Algodão,BARREIRAS,(comum),arroba,"8,48",8.48,Algodão,8
2002-04-10,Algodão,BARREIRAS,Caroço,arroba,"29,70",29.7,Algodão,8
2002-04-10,Algodão,BARROCAS,Caroço,arroba,"29,80",29.8,Algodão,8
2002-04-11,Algodão,BARREIRAS,(comum),arroba,"8,48",8.48,Algodão,8
2002-04-11,Algodão,BARREIRAS,Caroço,arroba,"29,70",29.7,Algodão,8
2002-04-11,Algodão,BARROCAS,Caroço,arroba,"29,80",29.8,Algodão,8
2002-04-12,Algodão,BARREIRAS,(comum),arroba,"8,48",8.48,Algodão,8
2002-04-12,Algodão,BARREIRAS,Caroço,arroba,"29,70",29.7,Algodão,8
2002-04-12,Algodão,BARROCAS,Caroço,arroba,"29,80",29.8,Algodão,8
2002-04-15,Algodão,BARREIRAS,(comum),arroba,"8,48",8.48,Algodão,8
2002-04-15,Algodão,BARREIRAS,Caroço,arroba,"33,00",33.0,Algodão,8
2002-04-15,Algodão,BARROCAS,Caroço,arroba,"29,80",29.8,Algodão,8
2002-04-16,Algodão,BARREIRAS,(comum),arroba,"8,48",8.48,Algodão,8
2002-04-16,Algodão,BARREIRAS,Caroço,arroba,"33,00",33.0,Algodão,8
2002-04-16,Algodão,BARROCAS,Caroço,arroba,"29,80",29.8,Algodão,8
2002-04-17,Algodão,BARREIRAS,(comum),arroba,"8,48",8.48,Algodão,8
2002-04-17,Algodão,BARREIRAS,Caroço,arroba,"33,00",33.0,Algodão,8
2002-04-17,Algodão,BARROCAS,Caroço,arroba,"29,80",29.8,Algodão,8
2002-04-18,Algodão,BARREIRAS,(comum),arroba,"8,48",8.48,Algodão,8
2002-04-18,Algodão,BARREIRAS,Caroço,arroba,"33,00",33.0,Algodão,8
2002-04-18,Algodão,BARROCAS,Caroço,arroba,"29,80",29.8,Algodão,8
2002-04-19,Algodão,BARREIRAS,(comum),arroba,"8,48",8.48,Algodão,8
2002-04-19,Algodão,BARREIRAS,Caroço,arroba,"33,00",33.0,Algodão,8
2002-04-19,Algodão,BARROCAS,Caroço,arroba,"29,80",29.8,Algodão,8
2002-04-22,Algodão,BARREIRAS,(comum),arroba,"8,48",8.48,Algodão,8
2002-04-22,Algodão,BARREIRAS,Caroço,arroba,"29,00",29.0,Algodão,8
2002-04-22,Algodão,BARROCAS,Caroço,arroba,"29,80",29.8,Algodão,8
2002-04-23,Algodão,BARREIRAS,(comum),arroba,"8,48",8.48,Algodão,8
2002-04-23,Algodão,BARREIRAS,Caroço,arroba,"29,00",29.0,Algodão,8
2002-04-23,Algodão,BARROCAS,Caroço,arroba,"29,80",29.8,Algodão,8
2002-04-24,Algodão,BARREIRAS,(comum),arroba,"8,48",8.48,Algodão,8
2002-04-24,Algodão,BARREIRAS,Caroço,arroba,"29,00",29.0,Algodão,8
2002-04-24,Algodão,BARROCAS,Caroço,arroba,"29,80",29.8,Algodão,8
2002-04-25,Algodão,BARREIRAS,(comum),arroba,"8,48",8.48,Algodão,8
2002-04-25,Algodão,BARREIRAS,Caroço,arroba,"29,00",29.0,Algodão,8
2002-04-25,Algodão,BARROCAS,Caroço,arroba,"29,80",29.8,Algodão,8
2002-04-26,Algodão,BARREIRAS,(comum),arroba,"8,48",8.48,Algodão,8
2002-04-26,Algodão,BARREIRAS,Caroço,arroba,"33,40",33.4,Algodão,8
2002-04-26,Algodão,BARROCAS,Caroço,arroba,"29,80",29.8,Algodão,8
2002-04-29,Algodão,BARREIRAS,(comum),arroba,"8,48",8.48,Algodão,8
2002-04-29,Algodão,BARREIRAS,Caroço,arroba,"33,40",33.4,Algodão,8
2002-04-29,Algodão,BARROCAS,Caroço,arroba,"29,80",29.8,Algodão,8
2002-04-30,Algodão,BARREIRAS,(comum),arroba,"8,48",8.48,Algodão,8
2002-04-30,Algodão,BARREIRAS,Caroço,arroba,"33,40",33.4,Algodão,8
2002-04-30,Algodão,BARROCAS,Caroço,arroba,"29,80",29.8,Algodão,8
2002-05-01,Algodão,BARREIRAS,(comum),arroba,"8,48",8.48,Algodão,8
2002-05-01,Algodão,BARREIRAS,Caroço,arroba,"33,40",33.4,Algodão,8
2002-05-01,Algodão,BARROCAS,Caroço,arroba,"29,80",29.8,Algodão,8
2002-05-02,Algodão,BARREIRAS,(comum),arroba,"8,48",8.48,Algodão,8
2002-05-02,Algodão,BARREIRAS,Caroço,arroba,"33,40",33.4,Algodão,8
2002-05-02,Algodão,BARROCAS,Caroço,arroba,"29,80",29.8,Algodão,8
2002-05-03,Algodão,BARREIRAS,(comum),arroba,"8,48",8.48,Algodão,8
2002-05-03,Algodão,BARREIRAS,Caroço,arroba,"33,40",33.4,Algodão,8
2002-05-03,Algodão,BARROCAS,Caroço,arroba,"29,80",29.8,Algodão,8
2002-05-06,Algodão,BARREIRAS,(comum),arroba,"8,48",8.48,Algodão,8
2002-05-06,Algodão,BARREIRAS,Caroço,arroba,"33,20",33.2,Algodão,8
2002-05-06,Algodão,BARROCAS,Caroço,arroba,"29,80",29.8,Algodão,8
2002-05-07,Algodão,BARREIRAS,(comum),arroba,"8,48",8.48,Algodão,8
2002-05-07,Algodão,BARREIRAS,Caroço,arroba,"33,20",33.2,Algodão,8
2002-05-07,Algodão,BARROCAS,Caroço,arroba,"29,80",29.8,Algodão,8
2002-05-08,Algodão,BARREIRAS,(comum),arroba,"8,48",8.48,Algodão,8
2002-05-08,Algodão,BARREIRAS,Caroço,arroba,"33,20",33.2,Algodão,8
2002-05-08,Algodão,BARROCAS,Caroço,arroba,"29,80",29.8,Algodão,8
2002-05-09,Algodão,BARREIRAS,(comum),arroba,"8,48",8.48,Algodão,8
2002-05-09,Algodão,BARREIRAS,Caroço,arroba,"33,20",33.2,Algodão,8
2002-05-09,Algodão,BARROCAS,Caroço,arroba,"29,80",29.8,Algodão,8
2002-05-10,Algodão,BARREIRAS,(comum),arroba,"8,48",8.48,Algodão,8
2002-05-10,Algodão,BARREIRAS,Caroço,arroba,"33,20",33.2,Algodão,8
2002-05-10,Algodão,BARROCAS,Caroço,arroba,"29,80",29.8,Algodão,8
2002-05-13,Algodão,BARREIRAS,(comum),arroba,"8,48",8.48,Algodão,8
2002-05-13,Algodão,BARREIRAS,Caroço,arroba,"33,20",33.2,Algodão,8
2002-05-13,Algodão,BARROCAS,Caroço,arroba,"29,80",29.8,Algodão,8
2002-05-14,Algodão,BARREIRAS,(comum),arroba,"8,48",8.48,Algodão,8
2002-05-14,Algodão,BARREIRAS,Caroço,arroba,"33,20",33.2,Algodão,8
2002-05-14,Algodão,BARROCAS,Caroço,arroba,"29,80",29.8,Algodão,8
2002-05-15,Algodão,BARREIRAS,(comum),arroba,"8,48",8.48,Algodão,8
2002-05-15,Algodão,BARREIRAS,Caroço,arroba,"32,00",32.0,Algodão,8
2002-05-15,Algodão,BARROCAS,Caroço,arroba,"29,80",29.8,Algodão,8
2002-05-16,Algodão,BARREIRAS,(comum),arroba,"8,48",8.48,Algodão,8
2002-05-16,Algodão,BARREIRAS,Caroço,arroba,"32,00",32.0,Algodão,8
2002-05-16,Algodão,BARROCAS,Caroço,arroba,"29,80",29.8,Algodão,8
2002-05-17,Algodão,BARREIRAS,(comum),arroba,"8,48",8.48,Algodão,8
2002-05-17,Algodão,BARREIRAS,Caroço,arroba,"32,00",32.0,Algodão,8
2002-05-17,Algodão,BARROCAS,Caroço,arroba,"29,80",29.8,Algodão,8
2002-05-20,Algodão,BARREIRAS,(comum),arroba,"8,48",8.48,Algodão,8
2002-05-20,Algodão,BARREIRAS,Caroço,arroba,"32,00",32.0,Algodão,8
2002-05-20,Algodão,BARROCAS,Caroço,arroba,"29,80",29.8,Algodão,8
2002-05-21,Algodão,BARREIRAS,(comum),arroba,"8,48",8.48,Algodão,8
2002-05-21,Algodão,BARREIRAS,Caroço,arroba,"32,00",32.0,Algodão,8
2002-05-21,Algodão,BARROCAS,Caroço,arroba,"29,80",29.8,Algodão,8
2002-05-22,Algodão,BARREIRAS,(comum),arroba,"8,48",8.48,Algodão,8
2002-05-22,Algodão,BARREIRAS,Caroço,arroba,"32,00",32.0,Algodão,8
2002-05-22,Algodão,BARROCAS,Caroço,arroba,"29,80",29.8,Algodão,8
2002-05-23,Algodão,BARREIRAS,(comum),arroba,"8,48",8.48,Algodão,8
2002-05-23,Algodão,BARREIRAS,Caroço,arroba,"32,00",32.0,Algodão,8
2002-05-23,Algodão,BARROCAS,Caroço,arroba,"29,80",29.8,Algodão,8
2002-05-24,Algodão,BARREIRAS,(comum),arroba,"8,48",8.48,Algodão,8
2002-05-24,Algodão,BARREIRAS,Caroço,arroba,"32,00",32.0,Algodão,8
2002-05-24,Algodão,BARROCAS,Caroço,arroba,"29,80",29.8,Algodão,8
2002-05-27,Algodão,BARREIRAS,(comum),arroba,"8,48",8.48,Algodão,8
2002-05-27,Algodão,BARREIRAS,Caroço,arroba,"32,00",32.0,Algodão,8
2002-05-27,Algodão,BARROCAS,Caroço,arroba,"29,80",29.8,Algodão,8
2002-05-28,Algodão,BARREIRAS,(comum),arroba,"8,48",8.48,Algodão,8
2002-05-28,Algodão,BARREIRAS,Caroço,arroba,"32,00",32.0,Algodão,8
2002-05-28,Algodão,BARROCAS,Caroço,arroba,"29,80",29.8,Algodão,8
2002-05-29,Algodão,BARREIRAS,(comum),arroba,"8,48",8.48,Algodão,8
2002-05-29,Algodão,BARREIRAS,Caroço,arroba,"32,00",32.0,Algodão,8
2002-05-29,Algodão,BARROCAS,Caroço,arroba,"29,80",29.8,Algodão,8
2002-05-30,Algodão,BARREIRAS,(comum),arroba,"8,48",8.48,Algodão,8
2002-05-30,Algodão,BARREIRAS,Caroço,arroba,"32,00",32.0,Algodão,8
2002-05-30,Algodão,BARROCAS,Caroço,arroba,"29,80",29.8,Algodão,8
2002-05-31,Algodão,BARREIRAS,(comum),arroba,"8,48",8.48,Algodão,8
2002-05-31,Algodão,BARREIRAS,Caroço,arroba,"32,00",32.0,Algodão,8
2002-05-31,Algodão,BARROCAS,Caroço,arroba,"29,80",29.8,Algodão,8
2002-06-03,Algodão,BARREIRAS,(comum),arroba,"8,48",8.48,Algodão,8
2002-06-03,Algodão,BARREIRAS,Caroço,arroba,"32,00",32.0,Algodão,8
2002-06-03,Algodão,BARROCAS,Caroço,arroba,"29,80",29.8,Algodão,8
2002-06-04,Algodão,BARREIRAS,(comum),arroba,"8,48",8.48,Algodão,8
2002-06-04,Algodão,BARREIRAS,Caroço,arroba,"32,00",32.0,Algodão,8
2002-06-04,Algodão,BARROCAS,Caroço,arroba,"29,80",29.8,Algodão,8
2002-06-05,Algodão,BARREIRAS,(comum),arroba,"8,48",8.48,Algodão,8
2002-06-05,Algodão,BARREIRAS,Caroço,arroba,"32,00",32.0,Algodão,8
2002-06-05,Algodão,BARROCAS,Caroço,arroba,"29,80",29.8,Algodão,8
2002-06-06,Algodão,BARREIRAS,(comum),arroba,"8,48",8.48,Algodão,8
2002-06-06,Algodão,BARREIRAS,Caroço,arroba,"32,00",32.0,Algodão,8
2002-06-06,Algodão,BARROCAS,Caroço,arroba,"29,80",29.8,Algodão,8
2002-06-07,Algodão,BARREIRAS,(comum),arroba,"8,48",8.48,Algodão,8
2002-06-07,Algodão,BARREIRAS,Caroço,arroba,"32,00",32.0,Algodão,8
2002-06-07,Algodão,BARROCAS,Caroço,arroba,"29,80",29.8,Algodão,8
2002-06-10,Algodão,BARREIRAS,(comum),arroba,"8,48",8.48,Algodão,8
2002-06-10,Algodão,BARREIRAS,Caroço,arroba,"32,00",32.0,Algodão,8
2002-06-10,Algodão,BARROCAS,Caroço,arroba,"29,80",29.8,Algodão,8
2002-06-11,Algodão,BARREIRAS,(comum),arroba,"8,48",8.48,Algodão,8
2002-06-11,Algodão,BARREIRAS,Caroço,arroba,"32,00",32.0,Algodão,8
2002-06-11,Algodão,BARROCAS,Caroço,arroba,"29,80",29.8,Algodão,8
2002-06-12,Algodão,BARREIRAS,(comum),arroba,"8,48",8.48,Algodão,8
2002-06-12,Algodão,BARREIRAS,Caroço,arroba,"32,00",32.0,Algodão,8
2002-06-12,Algodão,BARROCAS,Caroço,arroba,"29,80",29.8,Algodão,8
2002-06-13,Algodão,BARREIRAS,(comum),arroba,"8,48",8.48,Algodão,8
2002-06-13,Algodão,BARREIRAS,Caroço,arroba,"31,40",31.4,Algodão,8
2002-06-13,Algodão,BARROCAS,Caroço,arroba,"29,80",29.8,Algodão,8
2002-06-14,Algodão,BARREIRAS,(comum),arroba,"8,48",8.48,Algodão,8
2002-06-14,Algodão,BARREIRAS,Caroço,arroba,"31,40",31.4,Algodão,8
2002-06-14,Algodão,BARROCAS,Caroço,arroba,"29,80",29.8,Algodão,8
2002-06-17,Algodão,BARREIRAS,(comum),arroba,"8,48",8.48,Algodão,8
2002-06-17,Algodão,BARREIRAS,Caroço,arroba,"31,40",31.4,Algodão,8
2002-06-17,Algodão,BARROCAS,Caroço,arroba,"29,80",29.8,Algodão,8
2002-06-18,Algodão,BARREIRAS,(comum),arroba,"8,48",8.48,Algodão,8
2002-06-18,Algodão,BARREIRAS,Caroço,arroba,"31,40",31.4,Algodão,8
2002-06-18,Algodão,BARROCAS,Caroço,arroba,"29,80",29.8,Algodão,8
2002-06-19,Algodão,BARREIRAS,(comum),arroba,"8,48",8.48,Algodão,8
2002-06-19,Algodão,BARREIRAS,Caroço,arroba,"31,40",31.4,Algodão,8
2002-06-19,Algodão,BARROCAS,Caroço,arroba,"29,80",29.8,Algodão,8
2002-06-20,Algodão,BARREIRAS,(comum),arroba,"8,48",8.48,Algodão,8
2002-06-20,Algodão,BARREIRAS,Caroço,arroba,"31,40",31.4,Algodão,8
2002-06-20,Algodão,BARROCAS,Caroço,arroba,"29,80",29.8,Algodão,8
2002-06-21,Algodão,BARREIRAS,(comum),arroba,"8,48",8.48,Algodão,8
2002-06-21,Algodão,BARREIRAS,Caroço,arroba,"31,40",31.4,Algodão,8
2002-06-21,Algodão,BARROCAS,Caroço,arroba,"29,80",29.8,Algodão,8
2002-06-24,Algodão,BARREIRAS,(comum),arroba,"8,48",8.48,Algodão,8
2002-06-24,Algodão,BARREIRAS,Caroço,arroba,"31,40",31.4,Algodão,8
2002-06-24,Algodão,BARROCAS,Caroço,arroba,"29,80",29.8,Algodão,8
2002-06-25,Algodão,BARREIRAS,(comum),arroba,"8,48",8.48,Algodão,8
2002-06-25,Algodão,BARREIRAS,Caroço,arroba,"31,40",31.4,Algodão,8
2002-06-25,Algodão,BARROCAS,Caroço,arroba,"29,80",29.8,Algodão,8
2002-06-26,Algodão,BARREIRAS,(comum),arroba,"8,48",8.48,Algodão,8
2002-06-26,Algodão,BARREIRAS,Caroço,arroba,"31,40",31.4,Algodão,8
2002-06-26,Algodão,BARROCAS,Caroço,arroba,"29,80",29.8,Algodão,8
2002-06-27,Algodão,BARREIRAS,(comum),arroba,"8,48",8.48,Algodão,8
2002-06-27,Algodão,BARREIRAS,Caroço,arroba,"31,40",31.4,Algodão,8
2002-06-27,Algodão,BARROCAS,Caroço,arroba,"29,80",29.8,Algodão,8
2002-06-28,Algodão,BARREIRAS,(comum),arroba,"8,48",8.48,Algodão,8
2002-06-28,Algodão,BARREIRAS,Caroço,arroba,"31,40",31.4,Algodão,8
2002-06-28,Algodão,BARROCAS,Caroço,arroba,"29,80",29.8,Algodão,8
2002-07-01,Algodão,BARREIRAS,(comum),arroba,"8,48",8.48,Algodão,8
2002-07-01,Algodão,BARREIRAS,Caroço,arroba,"31,40",31.4,Algodão,8
2002-07-01,Algodão,BARROCAS,Caroço,arroba,"29,80",29.8,Algodão,8
2002-07-02,Algodão,BARREIRAS,(comum),arroba,"8,48",8.48,Algodão,8
2002-07-02,Algodão,BARREIRAS,Caroço,arroba,"31,40",31.4,Algodão,8
2002-07-02,Algodão,BARROCAS,Caroço,arroba,"29,80",29.8,Algodão,8
2002-07-03,Algodão,BARREIRAS,(comum),arroba,"8,48",8.48,Algodão,8
2002-07-03,Algodão,BARREIRAS,Caroço,arroba,"31,40",31.4,Algodão,8
2002-07-03,Algodão,BARROCAS,Caroço,arroba,"29,80",29.8,Algodão,8
2002-07-04,Algodão,BARREIRAS,(comum),arroba,"8,48",8.48,Algodão,8
2002-07-04,Algodão,BARREIRAS,Caroço,arroba,"31,40",31.4,Algodão,8
2002-07-04,Algodão,BARROCAS,Caroço,arroba,"29,80",29.8,Algodão,8
2002-07-05,Algodão,BARREIRAS,(comum),arroba,"8,48",8.48,Algodão,8
2002-07-05,Algodão,BARREIRAS,Caroço,arroba,"31,40",31.4,Algodão,8
2002-07-05,Algodão,BARROCAS,Caroço,arroba,"29,80",29.8,Algodão,8
2002-07-08,Algodão,BARREIRAS,(comum),arroba,"8,48",8.48,Algodão,8
2002-07-08,Algodão,BARREIRAS,Caroço,arroba,"31,40",31.4,Algodão,8
2002-07-08,Algodão,BARROCAS,Caroço,arroba,"29,80",29.8,Algodão,8
2002-07-09,Algodão,BARREIRAS,(comum),arroba,"8,48",8.48,Algodão,8
2002-07-09,Algodão,BARREIRAS,Caroço,arroba,"31,40",31.4,Algodão,8
2002-07-09,Algodão,BARROCAS,Caroço,arroba,"29,80",29.8,Algodão,8
2002-07-10,Algodão,BARREIRAS,(comum),arroba,"8,48",8.48,Algodão,8
2002-07-10,Algodão,BARREIRAS,Caroço,arroba,"31,40",31.4,Algodão,8
2002-07-10,Algodão,BARROCAS,Caroço,arroba,"29,80",29.8,Algodão,8
2002-07-11,Algodão,BARREIRAS,(comum),arroba,"8,48",8.48,Algodão,8
2002-07-11,Algodão,BARREIRAS,Caroço,arroba,"31,40",31.4,Algodão,8
2002-07-11,Algodão,BARROCAS,Caroço,arroba,"29,80",29.8,Algodão,8
2002-07-12,Algodão,BARREIRAS,(comum),arroba,"8,48",8.48,Algodão,8
2002-07-12,Algodão,BARREIRAS,Caroço,arroba,"31,40",31.4,Algodão,8
2002-07-12,Algodão,BARROCAS,Caroço,arroba,"29,80",29.8,Algodão,8
2002-07-15,Algodão,BARREIRAS,(comum),arroba,"8,48",8.48,Algodão,8
2002-07-15,Algodão,BARREIRAS,Caroço,arroba,"31,40",31.4,Algodão,8
2002-07-15,Algodão,BARROCAS,Caroço,arroba,"29,80",29.8,Algodão,8
2002-07-16,Algodão,BARREIRAS,(comum),arroba,"8,48",8.48,Algodão,8
2002-07-16,Algodão,BARREIRAS,Caroço,arroba,"31,40",31.4,Algodão,8
2002-07-16,Algodão,BARROCAS,Caroço,arroba,"29,80",29.8,Algodão,8
2002-07-17,Algodão,BARREIRAS,(comum),arroba,"8,48",8.48,Algodão,8
2002-07-17,Algodão,BARREIRAS,Caroço,arroba,"31,40",31.4,Algodão,8
2002-07-17,Algodão,BARROCAS,Caroço,arroba,"29,80",29.8,Algodão,8
2002-07-18,Algodão,BARREIRAS,(comum),arroba,"8,48",8.48,Algodão,8
2002-07-18,Algodão,BARREIRAS,Caroço,arroba,"31,40",31.4,Algodão,8
2002-07-18,Algodão,BARROCAS,Caroço,arroba,"29,80",29.8,Algodão,8
2002-07-19,Algodão,BARREIRAS,(comum),arroba,"8,48",8.48,Algodão,8
2002-07-19,Algodão,BARREIRAS,Caroço,arroba,"31,40",31.4,Algodão,8
2002-07-19,Algodão,BARROCAS,Caroço,arroba,"29,80",29.8,Algodão,8
2002-07-22,Algodão,BARREIRAS,(comum),arroba,"8,48",8.48,Algodão,8
2002-07-22,Algodão,BARREIRAS,Caroço,arroba,"31,40",31.4,Algodão,8
2002-07-22,Algodão,BARROCAS,Caroço,arroba,"29,80",29.8,Algodão,8
2002-07-23,Algodão,BARREIRAS,(comum),arroba,"8,48",8.48,Algodão,8
2002-07-23,Algodão,BARREIRAS,Caroço,arroba,"31,40",31.4,Algodão,8
2002-07-23,Algodão,BARROCAS,Caroço,arroba,"29,80",29.8,Algodão,8
2002-07-24,Algodão,BARREIRAS,(comum),arroba,"8,48",8.48,Algodão,8
2002-07-24,Algodão,BARREIRAS,Caroço,arroba,"31,40",31.4,Algodão,8
2002-07-24,Algodão,BARROCAS,Caroço,arroba,"29,80",29.8,Algodão,8
2002-07-25,Algodão,BARREIRAS,(comum),arroba,"8,48",8.48,Algodão,8
2002-07-25,Algodão,BARREIRAS,Caroço,arroba,"31,40",31.4,Algodão,8
2002-07-25,Algodão,BARROCAS,Caroço,arroba,"29,80",29.8,Algodão,8
2002-07-26,Algodão,BARREIRAS,(comum),arroba,"8,48",8.48,Algodão,8
2002-07-26,Algodão,BARREIRAS,Caroço,arroba,"31,40",31.4,Algodão,8
2002-07-26,Algodão,BARROCAS,Caroço,arroba,"29,80",29.8,Algodão,8
2002-07-29,Algodão,BARREIRAS,(comum),arroba,"8,48",8.48,Algodão,8
2002-07-29,Algodão,BARREIRAS,Caroço,arroba,"31,40",31.4,Algodão,8
2002-07-29,Algodão,BARROCAS,Caroço,arroba,"29,80",29.8,Algodão,8
2002-07-30,Algodão,BARREIRAS,(comum),arroba,"8,48",8.48,Algodão,8
2002-07-30,Algodão,BARREIRAS,Caroço,arroba,"31,40",31.4,Algodão,8
2002-07-30,Algodão,BARROCAS,Caroço,arroba,"29,80",29.8,Algodão,8
2002-07-31,Algodão,BARREIRAS,(comum),arroba,"8,48",8.48,Algodão,8
2002-07-31,Algodão,BARREIRAS,Caroço,arroba,"33,40",33.4,Algodão,8
2002-07-31,Algodão,BARROCAS,Caroço,arroba,"29,80",29.8,Algodão,8
2002-08-01,Algodão,BARREIRAS,(comum),arroba,"8,48",8.48,Algodão,8
2002-08-01,Algodão,BARREIRAS,Caroço,arroba,"33,40",33.4,Algodão,8
2002-08-01,Algodão,BARROCAS,Caroço,arroba,"29,80",29.8,Algodão,8
2002-08-02,Algodão,BARREIRAS,(comum),arroba,"8,48",8.48,Algodão,8
2002-08-02,Algodão,BARREIRAS,Caroço,arroba,"33,40",33.4,Algodão,8
2002-08-02,Algodão,BARROCAS,Caroço,arroba,"29,80",29.8,Algodão,8
2002-08-05,Algodão,BARREIRAS,(comum),arroba,"8,48",8.48,Algodão,8
2002-08-05,Algodão,BARREIRAS,Caroço,arroba,"33,40",33.4,Algodão,8
2002-08-05,Algodão,BARROCAS,Caroço,arroba,"29,80",29.8,Algodão,8
2002-08-06,Algodão,BARREIRAS,(comum),arroba,"8,48",8.48,Algodão,8
2002-08-06,Algodão,BARREIRAS,Caroço,arroba,"33,40",33.4,Algodão,8
2002-08-06,Algodão,BARROCAS,Caroço,arroba,"29,80",29.8,Algodão,8
2002-08-07,Algodão,BARREIRAS,(comum),arroba,"8,48",8.48,Algodão,8
2002-08-07,Algodão,BARREIRAS,Caroço,arroba,"33,40",33.4,Algodão,8
2002-08-07,Algodão,BARROCAS,Caroço,arroba,"29,80",29.8,Algodão,8
2002-08-08,Algodão,BARREIRAS,(comum),arroba,"8,48",8.48,Algodão,8
2002-08-08,Algodão,BARREIRAS,Caroço,arroba,"33,40",33.4,Algodão,8
2002-08-08,Algodão,BARROCAS,Caroço,arroba,"29,80",29.8,Algodão,8
2002-08-09,Algodão,BARREIRAS,(comum),arroba,"8,48",8.48,Algodão,8
2002-08-09,Algodão,BARREIRAS,Caroço,arroba,"33,40",33.4,Algodão,8
2002-08-09,Algodão,BARROCAS,Caroço,arroba,"29,80",29.8,Algodão,8
2002-08-12,Algodão,BARREIRAS,(comum),arroba,"8,48",8.48,Algodão,8
2002-08-12,Algodão,BARREIRAS,Caroço,arroba,"33,40",33.4,Algodão,8
2002-08-12,Algodão,BARROCAS,Caroço,arroba,"29,80",29.8,Algodão,8
2002-08-13,Algodão,BARREIRAS,(comum),arroba,"8,48",8.48,Algodão,8
2002-08-13,Algodão,BARREIRAS,Caroço,arroba,"38,00",38.0,Algodão,8
2002-08-13,Algodão,BARROCAS,Caroço,arroba,"29,80",29.8,Algodão,8
2002-08-14,Algodão,BARREIRAS,(comum),arroba,"8,48",8.48,Algodão,8
2002-08-14,Algodão,BARREIRAS,Caroço,arroba,"38,00",38.0,Algodão,8
2002-08-14,Algodão,BARROCAS,Caroço,arroba,"29,80",29.8,Algodão,8
2002-08-15,Algodão,BARREIRAS,(comum),arroba,"8,48",8.48,Algodão,8
2002-08-15,Algodão,BARREIRAS,Caroço,arroba,"38,00",38.0,Algodão,8
2002-08-15,Algodão,BARROCAS,Caroço,arroba,"29,80",29.8,Algodão,8
2002-08-16,Algodão,BARREIRAS,(comum),arroba,"8,48",8.48,Algodão,8
2002-08-16,Algodão,BARREIRAS,Caroço,arroba,"38,00",38.0,Algodão,8
2002-08-16,Algodão,BARROCAS,Caroço,arroba,"29,80",29.8,Algodão,8
2002-08-19,Algodão,BARREIRAS,(comum),arroba,"8,48",8.48,Algodão,8
2002-08-19,Algodão,BARREIRAS,Caroço,arroba,"38,00",38.0,Algodão,8
2002-08-19,Algodão,BARROCAS,Caroço,arroba,"29,80",29.8,Algodão,8
2002-08-20,Algodão,BARREIRAS,(comum),arroba,"8,48",8.48,Algodão,8
2002-08-20,Algodão,BARREIRAS,Caroço,arroba,"38,00",38.0,Algodão,8
2002-08-20,Algodão,BARROCAS,Caroço,arroba,"29,80",29.8,Algodão,8
2002-08-21,Algodão,BARREIRAS,(comum),arroba,"8,48",8.48,Algodão,8
2002-08-21,Algodão,BARREIRAS,Caroço,arroba,"38,00",38.0,Algodão,8
2002-08-21,Algodão,BARROCAS,Caroço,arroba,"29,80",29.8,Algodão,8
2002-08-22,Algodão,BARREIRAS,(comum),arroba,"8,48",8.48,Algodão,8
2002-08-22,Algodão,BARREIRAS,Caroço,arroba,"38,00",38.0,Algodão,8
2002-08-22,Algodão,BARROCAS,Caroço,arroba,"29,80",29.8,Algodão,8
2002-08-23,Algodão,BARREIRAS,(comum),arroba,"8,48",8.48,Algodão,8
2002-08-23,Algodão,BARREIRAS,Caroço,arroba,"38,00",38.0,Algodão,8
2002-08-23,Algodão,BARROCAS,Caroço,arroba,"29,80",29.8,Algodão,8
2002-08-26,Algodão,BARREIRAS,(comum),arroba,"8,48",8.48,Algodão,8
2002-08-26,Algodão,BARREIRAS,Caroço,arroba,"38,60",38.6,Algodão,8
2002-08-26,Algodão,BARROCAS,Caroço,arroba,"29,80",29.8,Algodão,8
2002-08-27,Algodão,BARREIRAS,(comum),arroba,"8,48",8.48,Algodão,8
2002-08-27,Algodão,BARREIRAS,Caroço,arroba,"38,60",38.6,Algodão,8
2002-08-27,Algodão,BARROCAS,Caroço,arroba,"29,80",29.8,Algodão,8
2002-08-28,Algodão,BARREIRAS,(comum),arroba,"8,48",8.48,Algodão,8
2002-08-28,Algodão,BARREIRAS,Caroço,arroba,"38,60",38.6,Algodão,8
2002-08-28,Algodão,BARROCAS,Caroço,arroba,"29,80",29.8,Algodão,8
2002-08-29,Algodão,BARREIRAS,(comum),arroba,"8,48",8.48,Algodão,8
2002-08-29,Algodão,BARREIRAS,Caroço,arroba,"38,60",38.6,Algodão,8
2002-08-29,Algodão,BARROCAS,Caroço,arroba,"29,80",29.8,Algodão,8
2002-08-30,Algodão,BARREIRAS,(comum),arroba,"8,48",8.48,Algodão,8
2002-08-30,Algodão,BARREIRAS,Caroço,arroba,"38,60",38.6,Algodão,8
2002-08-30,Algodão,BARROCAS,Caroço,arroba,"29,80",29.8,Algodão,8
2002-09-02,Algodão,BARREIRAS,(comum),arroba,"8,48",8.48,Algodão,8
2002-09-02,Algodão,BARREIRAS,Caroço,arroba,"40,50",40.5,Algodão,8
2002-09-02,Algodão,BARROCAS,Caroço,arroba,"29,80",29.8,Algodão,8
2002-09-03,Algodão,BARREIRAS,(comum),arroba,"8,48",8.48,Algodão,8
2002-09-03,Algodão,BARREIRAS,Caroço,arroba,"40,50",40.5,Algodão,8
2002-09-03,Algodão,BARROCAS,Caroço,arroba,"29,80",29.8,Algodão,8
2002-09-04,Algodão,BARREIRAS,(comum),arroba,"8,48",8.48,Algodão,8
2002-09-04,Algodão,BARREIRAS,Caroço,arroba,"40,50",40.5,Algodão,8
2002-09-04,Algodão,BARROCAS,Caroço,arroba,"29,80",29.8,Algodão,8
2002-09-05,Algodão,BARREIRAS,(comum),arroba,"8,48",8.48,Algodão,8
2002-09-05,Algodão,BARREIRAS,Caroço,arroba,"40,50",40.5,Algodão,8
2002-09-05,Algodão,BARROCAS,Caroço,arroba,"29,80",29.8,Algodão,8
2002-09-06,Algodão,BARREIRAS,(comum),arroba,"8,48",8.48,Algodão,8
2002-09-06,Algodão,BARREIRAS,Caroço,arroba,"40,50",40.5,Algodão,8
2002-09-06,Algodão,BARROCAS,Caroço,arroba,"29,80",29.8,Algodão,8
2002-09-09,Algodão,BARREIRAS,(comum),arroba,"8,48",8.48,Algodão,8
2002-09-09,Algodão,BARREIRAS,Caroço,arroba,"40,50",40.5,Algodão,8
2002-09-09,Algodão,BARROCAS,Caroço,arroba,"29,80",29.8,Algodão,8
2002-09-10,Algodão,BARREIRAS,(comum),arroba,"8,48",8.48,Algodão,8
2002-09-10,Algodão,BARREIRAS,Caroço,arroba,"40,50",40.5,Algodão,8
2002-09-10,Algodão,BARROCAS,Caroço,arroba,"29,80",29.8,Algodão,8
2002-09-11,Algodão,BARREIRAS,(comum),arroba,"8,48",8.48,Algodão,8
2002-09-11,Algodão,BARREIRAS,Caroço,arroba,"39,00",39.0,Algodão,8
2002-09-11,Algodão,BARROCAS,Caroço,arroba,"29,80",29.8,Algodão,8
2002-09-12,Algodão,BARREIRAS,(comum),arroba,"8,48",8.48,Algodão,8
2002-09-12,Algodão,BARREIRAS,Caroço,arroba,"39,00",39.0,Algodão,8
2002-09-12,Algodão,BARROCAS,Caroço,arroba,"29,80",29.8,Algodão,8
2002-09-13,Algodão,BARREIRAS,(comum),arroba,"8,48",8.48,Algodão,8
2002-09-13,Algodão,BARREIRAS,Caroço,arroba,"39,00",39.0,Algodão,8
2002-09-13,Algodão,BARROCAS,Caroço,arroba,"29,80",29.8,Algodão,8
2002-09-16,Algodão,BARREIRAS,(comum),arroba,"8,48",8.48,Algodão,8
2002-09-16,Algodão,BARREIRAS,Caroço,arroba,"40,00",40.0,Algodão,8
2002-09-16,Algodão,BARROCAS,Caroço,arroba,"29,80",29.8,Algodão,8
2002-09-17,Algodão,BARREIRAS,(comum),arroba,"8,48",8.48,Algodão,8
2002-09-17,Algodão,BARREIRAS,Caroço,arroba,"40,00",40.0,Algodão,8
2002-09-17,Algodão,BARROCAS,Caroço,arroba,"29,80",29.8,Algodão,8
2002-09-18,Algodão,BARREIRAS,(comum),arroba,"8,48",8.48,Algodão,8
2002-09-18,Algodão,BARREIRAS,Caroço,arroba,"40,00",40.0,Algodão,8
2002-09-18,Algodão,BARROCAS,Caroço,arroba,"29,80",29.8,Algodão,8
2002-09-19,Algodão,BARREIRAS,(comum),arroba,"8,48",8.48,Algodão,8
2002-09-19,Algodão,BARREIRAS,Caroço,arroba,"40,00",40.0,Algodão,8
2002-09-19,Algodão,BARROCAS,Caroço,arroba,"29,80",29.8,Algodão,8
2002-09-20,Algodão,BARREIRAS,(comum),arroba,"8,48",8.48,Algodão,8
2002-09-20,Algodão,BARREIRAS,Caroço,arroba,"40,00",40.0,Algodão,8
2002-09-20,Algodão,BARROCAS,Caroço,arroba,"29,80",29.8,Algodão,8
2002-09-23,Algodão,BARREIRAS,(comum),arroba,"8,48",8.48,Algodão,8
2002-09-23,Algodão,BARREIRAS,Caroço,arroba,"40,00",40.0,Algodão,8
2002-09-23,Algodão,BARROCAS,Caroço,arroba,"29,80",29.8,Algodão,8
2002-09-24,Algodão,BARREIRAS,(comum),arroba,"8,48",8.48,Algodão,8
2002-09-24,Algodão,BARREIRAS,Caroço,arroba,"40,00",40.0,Algodão,8
2002-09-24,Algodão,BARROCAS,Caroço,arroba,"29,80",29.8,Algodão,8
2002-09-25,Algodão,BARREIRAS,(comum),arroba,"8,48",8.48,Algodão,8
2002-09-25,Algodão,BARREIRAS,Caroço,arroba,"40,00",40.0,Algodão,8
2002-09-25,Algodão,BARROCAS,Caroço,arroba,"29,80",29.8,Algodão,8
2002-09-26,Algodão,BARREIRAS,(comum),arroba,"8,48",8.48,Algodão,8
2002-09-26,Algodão,BARREIRAS,Caroço,arroba,"40,00",40.0,Algodão,8
2002-09-26,Algodão,BARROCAS,Caroço,arroba,"29,80",29.8,Algodão,8
2002-09-27,Algodão,BARREIRAS,(comum),arroba,"8,48",8.48,Algodão,8
2002-09-27,Algodão,BARREIRAS,Caroço,arroba,"40,00",40.0,Algodão,8
2002-09-27,Algodão,BARROCAS,Caroço,arroba,"29,80",29.8,Algodão,8
2002-09-30,Algodão,BARREIRAS,(comum),arroba,"8,48",8.48,Algodão,8
2002-09-30,Algodão,BARREIRAS,Caroço,arroba,"40,00",40.0,Algodão,8
2002-09-30,Algodão,BARROCAS,Caroço,arroba,"29,80",29.8,Algodão,8
2002-10-01,Algodão,BARREIRAS,(comum),arroba,"8,48",8.48,Algodão,8
2002-10-01,Algodão,BARREIRAS,Caroço,arroba,"40,00",40.0,Algodão,8
2002-10-01,Algodão,BARROCAS,Caroço,arroba,"29,80",29.8,Algodão,8
2002-10-02,Algodão,BARREIRAS,(comum),arroba,"8,48",8.48,Algodão,8
2002-10-02,Algodão,BARREIRAS,Caroço,arroba,"47,00",47.0,Algodão,8
2002-10-02,Algodão,BARROCAS,Caroço,arroba,"29,80",29.8,Algodão,8
2002-10-03,Algodão,BARREIRAS,(comum),arroba,"8,48",8.48,Algodão,8
2002-10-03,Algodão,BARREIRAS,Caroço,arroba,"47,00",47.0,Algodão,8
2002-10-03,Algodão,BARROCAS,Caroço,arroba,"29,80",29.8,Algodão,8
2002-10-04,Algodão,BARREIRAS,(comum),arroba,"8,48",8.48,Algodão,8
2002-10-04,Algodão,BARREIRAS,Caroço,arroba,"47,00",47.0,Algodão,8
2002-10-04,Algodão,BARROCAS,Caroço,arroba,"29,80",29.8,Algodão,8
2002-10-07,Algodão,BARREIRAS,(comum),arroba,"8,48",8.48,Algodão,8
2002-10-07,Algodão,BARREIRAS,Caroço,arroba,"47,00",47.0,Algodão,8
2002-10-07,Algodão,BARROCAS,Caroço,arroba,"29,80",29.8,Algodão,8
2002-10-08,Algodão,BARREIRAS,(comum),arroba,"8,48",8.48,Algodão,8
2002-10-08,Algodão,BARREIRAS,Caroço,arroba,"45,20",45.2,Algodão,8
2002-10-08,Algodão,BARROCAS,Caroço,arroba,"29,80",29.8,Algodão,8
2002-10-09,Algodão,BARREIRAS,(comum),arroba,"8,48",8.48,Algodão,8
2002-10-09,Algodão,BARREIRAS,Caroço,arroba,"45,20",45.2,Algodão,8
2002-10-09,Algodão,BARROCAS,Caroço,arroba,"29,80",29.8,Algodão,8
2002-10-10,Algodão,BARREIRAS,(comum),arroba,"8,48",8.48,Algodão,8
2002-10-10,Algodão,BARREIRAS,Caroço,arroba,"45,20",45.2,Algodão,8
2002-10-10,Algodão,BARROCAS,Caroço,arroba,"29,80",29.8,Algodão,8
2002-10-11,Algodão,BARREIRAS,(comum),arroba,"8,48",8.48,Algodão,8
2002-10-11,Algodão,BARREIRAS,Caroço,arroba,"52,00",52.0,Algodão,8
2002-10-11,Algodão,BARROCAS,Caroço,arroba,"29,80",29.8,Algodão,8
2002-10-14,Algodão,BARREIRAS,(comum),arroba,"8,48",8.48,Algodão,8
2002-10-14,Algodão,BARREIRAS,Caroço,arroba,"52,00",52.0,Algodão,8
2002-10-14,Algodão,BARROCAS,Caroço,arroba,"29,80",29.8,Algodão,8
2002-10-15,Algodão,BARREIRAS,(comum),arroba,"8,48",8.48,Algodão,8
2002-10-15,Algodão,BARREIRAS,Caroço,arroba,"52,00",52.0,Algodão,8
2002-10-15,Algodão,BARROCAS,Caroço,arroba,"29,80",29.8,Algodão,8
2002-10-16,Algodão,BARREIRAS,(comum),arroba,"8,48",8.48,Algodão,8
2002-10-16,Algodão,BARREIRAS,Caroço,arroba,"52,00",52.0,Algodão,8
2002-10-16,Algodão,BARROCAS,Caroço,arroba,"29,80",29.8,Algodão,8
2002-10-17,Algodão,BARREIRAS,(comum),arroba,"8,48",8.48,Algodão,8
2002-10-17,Algodão,BARREIRAS,Caroço,arroba,"52,00",52.0,Algodão,8
2002-10-17,Algodão,BARROCAS,Caroço,arroba,"29,80",29.8,Algodão,8
2002-10-18,Algodão,BARREIRAS,(comum),arroba,"8,48",8.48,Algodão,8
2002-10-18,Algodão,BARREIRAS,Caroço,arroba,"52,00",52.0,Algodão,8
2002-10-18,Algodão,BARROCAS,Caroço,arroba,"29,80",29.8,Algodão,8
2002-10-21,Algodão,BARREIRAS,(comum),arroba,"8,48",8.48,Algodão,8
2002-10-21,Algodão,BARREIRAS,Caroço,arroba,"52,00",52.0,Algodão,8
2002-10-21,Algodão,BARROCAS,Caroço,arroba,"29,80",29.8,Algodão,8
2002-10-22,Algodão,BARREIRAS,(comum),arroba,"8,48",8.48,Algodão,8
2002-10-22,Algodão,BARREIRAS,Caroço,arroba,"52,00",52.0,Algodão,8
2002-10-22,Algodão,BARROCAS,Caroço,arroba,"29,80",29.8,Algodão,8
2002-10-23,Algodão,BARREIRAS,(comum),arroba,"8,48",8.48,Algodão,8
2002-10-23,Algodão,BARREIRAS,Caroço,arroba,"52,00",52.0,Algodão,8
2002-10-23,Algodão,BARROCAS,Caroço,arroba,"29,80",29.8,Algodão,8
2002-10-24,Algodão,BARREIRAS,(comum),arroba,"8,48",8.48,Algodão,8
2002-10-24,Algodão,BARREIRAS,Caroço,arroba,"52,00",52.0,Algodão,8
2002-10-24,Algodão,BARROCAS,Caroço,arroba,"29,80",29.8,Algodão,8
2002-10-25,Algodão,BARREIRAS,(comum),arroba,"8,48",8.48,Algodão,8
2002-10-25,Algodão,BARREIRAS,Caroço,arroba,"52,00",52.0,Algodão,8
2002-10-25,Algodão,BARROCAS,Caroço,arroba,"29,80",29.8,Algodão,8
2002-10-28,Algodão,BARREIRAS,(comum),arroba,"8,48",8.48,Algodão,8
2002-10-28,Algodão,BARREIRAS,Caroço,arroba,"52,00",52.0,Algodão,8
2002-10-28,Algodão,BARROCAS,Caroço,arroba,"29,80",29.8,Algodão,8
2002-10-29,Algodão,BARREIRAS,(comum),arroba,"8,48",8.48,Algodão,8
2002-10-29,Algodão,BARREIRAS,Caroço,arroba,"52,00",52.0,Algodão,8
2002-10-29,Algodão,BARROCAS,Caroço,arroba,"29,80",29.8,Algodão,8
2002-10-30,Algodão,BARREIRAS,(comum),arroba,"8,48",8.48,Algodão,8
2002-10-30,Algodão,BARREIRAS,Caroço,arroba,"52,00",52.0,Algodão,8
2002-10-30,Algodão,BARROCAS,Caroço,arroba,"29,80",29.8,Algodão,8
2002-10-31,Algodão,BARREIRAS,(comum),arroba,"8,48",8.48,Algodão,8
2002-10-31,Algodão,BARREIRAS,Caroço,arroba,"52,00",52.0,Algodão,8
2002-10-31,Algodão,BARROCAS,Caroço,arroba,"29,80",29.8,Algodão,8
2002-11-01,Algodão,BARREIRAS,(comum),arroba,"8,48",8.48,Algodão,8
2002-11-01,Algodão,BARREIRAS,Caroço,arroba,"52,00",52.0,Algodão,8
2002-11-01,Algodão,BARROCAS,Caroço,arroba,"29,80",29.8,Algodão,8
2002-11-04,Algodão,BARREIRAS,(comum),arroba,"8,48",8.48,Algodão,8
2002-11-04,Algodão,BARREIRAS,Caroço,arroba,"52,00",52.0,Algodão,8
2002-11-04,Algodão,BARROCAS,Caroço,arroba,"29,80",29.8,Algodão,8
2002-11-05,Algodão,BARREIRAS,(comum),arroba,"8,48",8.48,Algodão,8
2002-11-05,Algodão,BARREIRAS,Caroço,arroba,"52,00",52.0,Algodão,8
2002-11-05,Algodão,BARROCAS,Caroço,arroba,"29,80",29.8,Algodão,8
2002-11-06,Algodão,BARREIRAS,(comum),arroba,"8,48",8.48,Algodão,8
2002-11-06,Algodão,BARREIRAS,Caroço,arroba,"52,00",52.0,Algodão,8
2002-11-06,Algodão,BARROCAS,Caroço,arroba,"29,80",29.8,Algodão,8
2002-11-07,Algodão,BARREIRAS,(comum),arroba,"8,48",8.48,Algodão,8
2002-11-07,Algodão,BARREIRAS,Caroço,arroba,"52,00",52.0,Algodão,8
2002-11-07,Algodão,BARROCAS,Caroço,arroba,"29,80",29.8,Algodão,8
2002-11-08,Algodão,BARREIRAS,(comum),arroba,"8,48",8.48,Algodão,8
2002-11-08,Algodão,BARREIRAS,Caroço,arroba,"52,00",52.0,Algodão,8
2002-11-08,Algodão,BARROCAS,Caroço,arroba,"29,80",29.8,Algodão,8
2002-11-11,Algodão,BARREIRAS,(comum),arroba,"8,48",8.48,Algodão,8
2002-11-11,Algodão,BARREIRAS,Caroço,arroba,"52,00",52.0,Algodão,8
2002-11-11,Algodão,BARROCAS,Caroço,arroba,"29,80",29.8,Algodão,8
2002-11-12,Algodão,BARREIRAS,(comum),arroba,"8,48",8.48,Algodão,8
2002-11-12,Algodão,BARREIRAS,Caroço,arroba,"52,00",52.0,Algodão,8
2002-11-12,Algodão,BARROCAS,Caroço,arroba,"29,80",29.8,Algodão,8
2002-11-13,Algodão,BARREIRAS,(comum),arroba,"8,48",8.48,Algodão,8
2002-11-13,Algodão,BARREIRAS,Caroço,arroba,"52,00",52.0,Algodão,8
2002-11-13,Algodão,BARROCAS,Caroço,arroba,"29,80",29.8,Algodão,8
2002-11-14,Algodão,BARREIRAS,(comum),arroba,"8,48",8.48,Algodão,8
2002-11-14,Algodão,BARREIRAS,Caroço,arroba,"52,00",52.0,Algodão,8
2002-11-14,Algodão,BARROCAS,Caroço,arroba,"29,80",29.8,Algodão,8
2002-11-15,Algodão,BARREIRAS,(comum),arroba,"8,48",8.48,Algodão,8
2002-11-15,Algodão,BARREIRAS,Caroço,arroba,"52,00",52.0,Algodão,8
2002-11-15,Algodão,BARROCAS,Caroço,arroba,"29,80",29.8,Algodão,8
2002-11-18,Algodão,BARREIRAS,(comum),arroba,"8,48",8.48,Algodão,8
2002-11-18,Algodão,BARREIRAS,Caroço,arroba,"52,00",52.0,Algodão,8
2002-11-18,Algodão,BARROCAS,Caroço,arroba,"29,80",29.8,Algodão,8
2002-11-19,Algodão,BARREIRAS,(comum),arroba,"8,48",8.48,Algodão,8
2002-11-19,Algodão,BARREIRAS,Caroço,arroba,"52,00",52.0,Algodão,8
2002-11-19,Algodão,BARROCAS,Caroço,arroba,"29,80",29.8,Algodão,8
2002-11-20,Algodão,BARREIRAS,(comum),arroba,"8,48",8.48,Algodão,8
2002-11-20,Algodão,BARREIRAS,Caroço,arroba,"52,00",52.0,Algodão,8
2002-11-20,Algodão,BARROCAS,Caroço,arroba,"29,80",29.8,Algodão,8
2002-11-21,Algodão,BARREIRAS,(comum),arroba,"8,48",8.48,Algodão,8
2002-11-21,Algodão,BARREIRAS,Caroço,arroba,"52,00",52.0,Algodão,8
2002-11-21,Algodão,BARROCAS,Caroço,arroba,"29,80",29.8,Algodão,8
2002-11-22,Algodão,BARREIRAS,(comum),arroba,"8,48",8.48,Algodão,8
2002-11-22,Algodão,BARREIRAS,Caroço,arroba,"52,00",52.0,Algodão,8
2002-11-22,Algodão,BARROCAS,Caroço,arroba,"29,80",29.8,Algodão,8
2002-11-25,Algodão,BARREIRAS,(comum),arroba,"8,48",8.48,Algodão,8
2002-11-25,Algodão,BARREIRAS,Caroço,arroba,"52,00",52.0,Algodão,8
2002-11-25,Algodão,BARROCAS,Caroço,arroba,"29,80",29.8,Algodão,8
2002-11-26,Algodão,BARREIRAS,(comum),arroba,"8,48",8.48,Algodão,8
2002-11-26,Algodão,BARREIRAS,Caroço,arroba,"52,00",52.0,Algodão,8
2002-11-26,Algodão,BARROCAS,Caroço,arroba,"29,80",29.8,Algodão,8
2002-11-27,Algodão,BARREIRAS,(comum),arroba,"8,48",8.48,Algodão,8
2002-11-27,Algodão,BARREIRAS,Caroço,arroba,"52,00",52.0,Algodão,8
2002-11-27,Algodão,BARROCAS,Caroço,arroba,"29,80",29.8,Algodão,8
2002-11-28,Algodão,BARREIRAS,(comum),arroba,"8,48",8.48,Algodão,8
2002-11-28,Algodão,BARREIRAS,Caroço,arroba,"52,00",52.0,Algodão,8
2002-11-28,Algodão,BARROCAS,Caroço,arroba,"29,80",29.8,Algodão,8
2002-11-29,Algodão,BARREIRAS,(comum),arroba,"8,48",8.48,Algodão,8
2002-11-29,Algodão,BARREIRAS,Caroço,arroba,"52,00",52.0,Algodão,8
2002-11-29,Algodão,BARROCAS,Caroço,arroba,"29,80",29.8,Algodão,8
2002-12-02,Algodão,BARREIRAS,(comum),arroba,"8,48",8.48,Algodão,8
2002-12-02,Algodão,BARREIRAS,Caroço,arroba,"52,00",52.0,Algodão,8
2002-12-02,Algodão,BARROCAS,Caroço,arroba,"29,80",29.8,Algodão,8
2002-12-03,Algodão,BARREIRAS,(comum),arroba,"8,48",8.48,Algodão,8
2002-12-03,Algodão,BARREIRAS,Caroço,arroba,"52,00",52.0,Algodão,8
2002-12-03,Algodão,BARROCAS,Caroço,arroba,"29,80",29.8,Algodão,8
2002-12-04,Algodão,BARREIRAS,(comum),arroba,"8,48",8.48,Algodão,8
2002-12-04,Algodão,BARREIRAS,Caroço,arroba,"52,00",52.0,Algodão,8
2002-12-04,Algodão,BARROCAS,Caroço,arroba,"29,80",29.8,Algodão,8
2002-12-05,Algodão,BARREIRAS,(comum),arroba,"8,48",8.48,Algodão,8
2002-12-05,Algodão,BARREIRAS,Caroço,arroba,"52,10",52.1,Algodão,8
2002-12-05,Algodão,BARROCAS,Caroço,arroba,"29,80",29.8,Algodão,8
2002-12-06,Algodão,BARREIRAS,(comum),arroba,"8,48",8.48,Algodão,8
2002-12-06,Algodão,BARREIRAS,Caroço,arroba,"52,00",52.0,Algodão,8
2002-12-06,Algodão,BARROCAS,Caroço,arroba,"29,80",29.8,Algodão,8
2002-12-09,Algodão,BARREIRAS,(comum),arroba,"8,48",8.48,Algodão,8
2002-12-09,Algodão,BARREIRAS,Caroço,arroba,"52,00",52.0,Algodão,8
2002-12-09,Algodão,BARROCAS,Caroço,arroba,"29,80",29.8,Algodão,8
2002-12-10,Algodão,BARREIRAS,(comum),arroba,"8,48",8.48,Algodão,8
2002-12-10,Algodão,BARREIRAS,Caroço,arroba,"52,00",52.0,Algodão,8
2002-12-10,Algodão,BARROCAS,Caroço,arroba,"29,80",29.8,Algodão,8
2002-12-11,Algodão,BARREIRAS,(comum),arroba,"8,48",8.48,Algodão,8
2002-12-11,Algodão,BARREIRAS,Caroço,arroba,"52,40",52.4,Algodão,8
2002-12-11,Algodão,BARROCAS,Caroço,arroba,"29,80",29.8,Algodão,8
2002-12-12,Algodão,BARREIRAS,(comum),arroba,"8,48",8.48,Algodão,8
2002-12-12,Algodão,BARREIRAS,Caroço,arroba,"52,40",52.4,Algodão,8
2002-12-12,Algodão,BARROCAS,Caroço,arroba,"29,80",29.8,Algodão,8
2002-12-13,Algodão,BARREIRAS,(comum),arroba,"8,48",8.48,Algodão,8
2002-12-13,Algodão,BARREIRAS,Caroço,arroba,"52,40",52.4,Algodão,8
2002-12-13,Algodão,BARROCAS,Caroço,arroba,"29,80",29.8,Algodão,8
2002-12-16,Algodão,BARREIRAS,(comum),arroba,"8,48",8.48,Algodão,8
2002-12-16,Algodão,BARREIRAS,Caroço,arroba,"52,40",52.4,Algodão,8
2002-12-16,Algodão,BARROCAS,Caroço,arroba,"29,80",29.8,Algodão,8
2002-12-17,Algodão,BARREIRAS,(comum),arroba,"8,48",8.48,Algodão,8
2002-12-17,Algodão,BARREIRAS,Caroço,arroba,"52,40",52.4,Algodão,8
2002-12-17,Algodão,BARROCAS,Caroço,arroba,"29,80",29.8,Algodão,8
2002-12-18,Algodão,BARREIRAS,(comum),arroba,"8,48",8.48,Algodão,8
2002-12-18,Algodão,BARREIRAS,Caroço,arroba,"52,40",52.4,Algodão,8
2002-12-18,Algodão,BARROCAS,Caroço,arroba,"29,80",29.8,Algodão,8
2002-12-19,Algodão,BARREIRAS,(comum),arroba,"8,48",8.48,Algodão,8
2002-12-19,Algodão,BARREIRAS,Caroço,arroba,"52,40",52.4,Algodão,8
2002-12-19,Algodão,BARROCAS,Caroço,arroba,"29,80",29.8,Algodão,8
2002-12-20,Algodão,BARREIRAS,(comum),arroba,"8,48",8.48,Algodão,8
2002-12-20,Algodão,BARREIRAS,Caroço,arroba,"52,40",52.4,Algodão,8
2002-12-20,Algodão,BARROCAS,Caroço,arroba,"29,80",29.8,Algodão,8
2002-12-23,Algodão,BARREIRAS,(comum),arroba,"8,48",8.48,Algodão,8
2002-12-23,Algodão,BARREIRAS,Caroço,arroba,"52,40",52.4,Algodão,8
2002-12-23,Algodão,BARROCAS,Caroço,arroba,"29,80",29.8,Algodão,8
2002-12-24,Algodão,BARREIRAS,(comum),arroba,"8,48",8.48,Algodão,8
2002-12-24,Algodão,BARREIRAS,Caroço,arroba,"52,40",52.4,Algodão,8
2002-12-24,Algodão,BARROCAS,Caroço,arroba,"29,80",29.8,Algodão,8
2002-12-25,Algodão,BARREIRAS,(comum),arroba,"8,48",8.48,Algodão,8
2002-12-25,Algodão,BARREIRAS,Caroço,arroba,"52,40",52.4,Algodão,8
2002-12-25,Algodão,BARROCAS,Caroço,arroba,"29,80",29.8,Algodão,8
2002-12-26,Algodão,BARREIRAS,(comum),arroba,"8,48",8.48,Algodão,8
2002-12-26,Algodão,BARREIRAS,Caroço,arroba,"52,40",52.4,Algodão,8
2002-12-26,Algodão,BARROCAS,Caroço,arroba,"29,80",29.8,Algodão,8
2002-12-27,Algodão,BARREIRAS,(comum),arroba,"8,48",8.48,Algodão,8
2002-12-27,Algodão,BARREIRAS,Caroço,arroba,"52,00",52.0,Algodão,8
2002-12-27,Algodão,BARROCAS,Caroço,arroba,"29,80",29.8,Algodão,8
2002-12-30,Algodão,BARREIRAS,(comum),arroba,"8,48",8.48,Algodão,8
2002-12-30,Algodão,BARREIRAS,Caroço,arroba,"52,00",52.0,Algodão,8
2002-12-30,Algodão,BARROCAS,Caroço,arroba,"29,80",29.8,Algodão,8
2002-12-31,Algodão,BARREIRAS,(comum),arroba,"8,48",8.48,Algodão,8
2002-12-31,Algodão,BARREIRAS,Caroço,arroba,"52,00",52.0,Algodão,8
2002-12-31,Algodão,BARROCAS,Caroço,arroba,"29,80",29.8,Algodão,8
2003-01-01,Algodão,BARREIRAS,Pluma,arroba,"52,00",52.0,Algodão,8
2003-01-01,Algodão,SALVADOR,Caroço,arroba,"8,48",8.48,Algodão,8
2003-01-01,Algodão,SALVADOR,Pluma,arroba,"29,80",29.8,Algodão,8
2003-01-02,Algodão,BARREIRAS,Pluma,arroba,"52,00",52.0,Algodão,8
2003-01-02,Algodão,SALVADOR,Caroço,arroba,"8,48",8.48,Algodão,8
2003-01-02,Algodão,SALVADOR,Pluma,arroba,"29,80",29.8,Algodão,8
2003-01-03,Algodão,BARREIRAS,Pluma,arroba,"52,00",52.0,Algodão,8
2003-01-03,Algodão,SALVADOR,Caroço,arroba,"8,48",8.48,Algodão,8
2003-01-03,Algodão,SALVADOR,Pluma,arroba,"29,80",29.8,Algodão,8
2003-01-06,Algodão,BARREIRAS,Pluma,arroba,"52,00",52.0,Algodão,8
2003-01-06,Algodão,SALVADOR,Caroço,arroba,"8,48",8.48,Algodão,8
2003-01-06,Algodão,SALVADOR,Pluma,arroba,"29,80",29.8,Algodão,8
2003-01-07,Algodão,BARREIRAS,Pluma,arroba,"52,00",52.0,Algodão,8
2003-01-07,Algodão,SALVADOR,Caroço,arroba,"8,48",8.48,Algodão,8
2003-01-07,Algodão,SALVADOR,Pluma,arroba,"29,80",29.8,Algodão,8
2003-01-08,Algodão,BARREIRAS,Pluma,arroba,"52,00",52.0,Algodão,8
2003-01-08,Algodão,SALVADOR,Caroço,arroba,"8,48",8.48,Algodão,8
2003-01-08,Algodão,SALVADOR,Pluma,arroba,"29,80",29.8,Algodão,8
2003-01-09,Algodão,BARREIRAS,(comum),arroba,"52,30",52.3,Algodão,8
2003-01-09,Algodão,BARREIRAS,Pluma,arroba,"52,00",52.0,Algodão,8
2003-01-09,Algodão,SALVADOR,Caroço,arroba,"8,48",8.48,Algodão,8
2003-01-09,Algodão,SALVADOR,Pluma,arroba,"29,80",29.8,Algodão,8
2003-01-10,Algodão,BARREIRAS,(comum),arroba,"52,30",52.3,Algodão,8
2003-01-10,Algodão,BARREIRAS,Pluma,arroba,"52,00",52.0,Algodão,8
2003-01-10,Algodão,SALVADOR,Caroço,arroba,"8,48",8.48,Algodão,8
2003-01-10,Algodão,SALVADOR,Pluma,arroba,"29,80",29.8,Algodão,8
2003-01-13,Algodão,BARREIRAS,(comum),arroba,"52,30",52.3,Algodão,8
2003-01-13,Algodão,BARREIRAS,Pluma,arroba,"52,00",52.0,Algodão,8
2003-01-13,Algodão,SALVADOR,Caroço,arroba,"8,48",8.48,Algodão,8
2003-01-13,Algodão,SALVADOR,Pluma,arroba,"29,80",29.8,Algodão,8
2003-01-14,Algodão,BARREIRAS,(comum),arroba,"52,30",52.3,Algodão,8
2003-01-14,Algodão,BARREIRAS,Pluma,arroba,"52,00",52.0,Algodão,8
2003-01-14,Algodão,SALVADOR,Caroço,arroba,"8,48",8.48,Algodão,8
2003-01-14,Algodão,SALVADOR,Pluma,arroba,"29,80",29.8,Algodão,8
2003-01-15,Algodão,BARREIRAS,(comum),arroba,"52,30",52.3,Algodão,8
2003-01-15,Algodão,BARREIRAS,Pluma,arroba,"52,00",52.0,Algodão,8
2003-01-15,Algodão,SALVADOR,Caroço,arroba,"8,48",8.48,Algodão,8
2003-01-15,Algodão,SALVADOR,Pluma,arroba,"29,80",29.8,Algodão,8
2003-01-16,Algodão,BARREIRAS,(comum),arroba,"52,30",52.3,Algodão,8
2003-01-16,Algodão,BARREIRAS,Pluma,arroba,"52,00",52.0,Algodão,8
2003-01-16,Algodão,SALVADOR,Caroço,arroba,"8,48",8.48,Algodão,8
2003-01-16,Algodão,SALVADOR,Pluma,arroba,"29,80",29.8,Algodão,8
2003-01-17,Algodão,BARREIRAS,(comum),arroba,"52,30",52.3,Algodão,8
2003-01-17,Algodão,BARREIRAS,Pluma,arroba,"52,00",52.0,Algodão,8
2003-01-17,Algodão,SALVADOR,Caroço,arroba,"8,48",8.48,Algodão,8
2003-01-17,Algodão,SALVADOR,Pluma,arroba,"29,80",29.8,Algodão,8
2003-01-20,Algodão,BARREIRAS,(comum),arroba,"52,30",52.3,Algodão,8
2003-01-20,Algodão,BARREIRAS,Pluma,arroba,"52,00",52.0,Algodão,8
2003-01-20,Algodão,SALVADOR,Caroço,arroba,"8,48",8.48,Algodão,8
2003-01-20,Algodão,SALVADOR,Pluma,arroba,"29,80",29.8,Algodão,8
2003-01-21,Algodão,BARREIRAS,(comum),arroba,"52,30",52.3,Algodão,8
2003-01-21,Algodão,BARREIRAS,Pluma,arroba,"52,00",52.0,Algodão,8
2003-01-21,Algodão,SALVADOR,Caroço,arroba,"8,48",8.48,Algodão,8
2003-01-21,Algodão,SALVADOR,Pluma,arroba,"29,80",29.8,Algodão,8
2003-01-22,Algodão,BARREIRAS,(comum),arroba,"52,30",52.3,Algodão,8
2003-01-22,Algodão,BARREIRAS,Pluma,arroba,"52,00",52.0,Algodão,8
2003-01-22,Algodão,SALVADOR,Caroço,arroba,"8,48",8.48,Algodão,8
2003-01-22,Algodão,SALVADOR,Pluma,arroba,"29,80",29.8,Algodão,8
2003-01-23,Algodão,BARREIRAS,(comum),arroba,"52,30",52.3,Algodão,8
2003-01-23,Algodão,BARREIRAS,Pluma,arroba,"52,00",52.0,Algodão,8
2003-01-23,Algodão,SALVADOR,Caroço,arroba,"8,48",8.48,Algodão,8
2003-01-23,Algodão,SALVADOR,Pluma,arroba,"29,80",29.8,Algodão,8
2003-01-24,Algodão,BARREIRAS,(comum),arroba,"52,30",52.3,Algodão,8
2003-01-24,Algodão,BARREIRAS,Pluma,arroba,"52,00",52.0,Algodão,8
2003-01-24,Algodão,SALVADOR,Caroço,arroba,"8,48",8.48,Algodão,8
2003-01-24,Algodão,SALVADOR,Pluma,arroba,"29,80",29.8,Algodão,8
2003-01-27,Algodão,BARREIRAS,(comum),arroba,"52,30",52.3,Algodão,8
2003-01-27,Algodão,BARREIRAS,Pluma,arroba,"52,00",52.0,Algodão,8
2003-01-27,Algodão,SALVADOR,Caroço,arroba,"8,48",8.48,Algodão,8
2003-01-27,Algodão,SALVADOR,Pluma,arroba,"29,80",29.8,Algodão,8
2003-01-28,Algodão,BARREIRAS,(comum),arroba,"52,30",52.3,Algodão,8
2003-01-28,Algodão,BARREIRAS,Pluma,arroba,"52,00",52.0,Algodão,8
2003-01-28,Algodão,SALVADOR,Caroço,arroba,"8,48",8.48,Algodão,8
2003-01-28,Algodão,SALVADOR,Pluma,arroba,"29,80",29.8,Algodão,8
2003-01-29,Algodão,BARREIRAS,(comum),arroba,"52,30",52.3,Algodão,8
2003-01-29,Algodão,BARREIRAS,Pluma,arroba,"52,00",52.0,Algodão,8
2003-01-29,Algodão,SALVADOR,Caroço,arroba,"8,48",8.48,Algodão,8
2003-01-29,Algodão,SALVADOR,Pluma,arroba,"29,80",29.8,Algodão,8
2003-01-30,Algodão,BARREIRAS,(comum),arroba,"52,30",52.3,Algodão,8
2003-01-30,Algodão,BARREIRAS,Pluma,arroba,"52,00",52.0,Algodão,8
2003-01-30,Algodão,SALVADOR,Caroço,arroba,"8,48",8.48,Algodão,8
2003-01-30,Algodão,SALVADOR,Pluma,arroba,"29,80",29.8,Algodão,8
2003-01-31,Algodão,BARREIRAS,(comum),arroba,"52,30",52.3,Algodão,8
2003-01-31,Algodão,BARREIRAS,Pluma,arroba,"52,00",52.0,Algodão,8
2003-01-31,Algodão,SALVADOR,Caroço,arroba,"8,48",8.48,Algodão,8
2003-01-31,Algodão,SALVADOR,Pluma,arroba,"29,80",29.8,Algodão,8
2003-02-03,Algodão,BARREIRAS,(comum),arroba,"52,30",52.3,Algodão,8
2003-02-03,Algodão,BARREIRAS,Pluma,arroba,"52,00",52.0,Algodão,8
2003-02-03,Algodão,SALVADOR,Caroço,arroba,"8,48",8.48,Algodão,8
2003-02-03,Algodão,SALVADOR,Pluma,arroba,"29,80",29.8,Algodão,8
2003-02-04,Algodão,BARREIRAS,(comum),arroba,"52,30",52.3,Algodão,8
2003-02-04,Algodão,BARREIRAS,Pluma,arroba,"52,00",52.0,Algodão,8
2003-02-04,Algodão,SALVADOR,Caroço,arroba,"8,48",8.48,Algodão,8
2003-02-04,Algodão,SALVADOR,Pluma,arroba,"29,80",29.8,Algodão,8
2003-02-05,Algodão,BARREIRAS,Pluma,arroba,"62,50",62.5,Algodão,8
2003-02-05,Algodão,SALVADOR,Caroço,arroba,"8,48",8.48,Algodão,8
2003-02-05,Algodão,SALVADOR,Pluma,arroba,"29,80",29.8,Algodão,8
2003-02-06,Algodão,BARREIRAS,Pluma,arroba,"62,50",62.5,Algodão,8
2003-02-06,Algodão,SALVADOR,Caroço,arroba,"8,48",8.48,Algodão,8
2003-02-06,Algodão,SALVADOR,Pluma,arroba,"29,80",29.8,Algodão,8
2003-02-07,Algodão,BARREIRAS,Pluma,arroba,"62,50",62.5,Algodão,8
2003-02-07,Algodão,SALVADOR,Caroço,arroba,"8,48",8.48,Algodão,8
2003-02-07,Algodão,SALVADOR,Pluma,arroba,"29,80",29.8,Algodão,8
2003-02-10,Algodão,BARREIRAS,Pluma,arroba,"62,50",62.5,Algodão,8
2003-02-10,Algodão,SALVADOR,Caroço,arroba,"8,48",8.48,Algodão,8
2003-02-10,Algodão,SALVADOR,Pluma,arroba,"29,80",29.8,Algodão,8
2003-02-11,Algodão,BARREIRAS,Pluma,arroba,"62,50",62.5,Algodão,8
2003-02-11,Algodão,SALVADOR,Caroço,arroba,"8,48",8.48,Algodão,8
2003-02-11,Algodão,SALVADOR,Pluma,arroba,"29,80",29.8,Algodão,8
2003-02-12,Algodão,BARREIRAS,Pluma,arroba,"62,50",62.5,Algodão,8
2003-02-12,Algodão,SALVADOR,Caroço,arroba,"8,48",8.48,Algodão,8
2003-02-12,Algodão,SALVADOR,Pluma,arroba,"29,80",29.8,Algodão,8
2003-02-13,Algodão,BARREIRAS,Pluma,arroba,"62,50",62.5,Algodão,8
2003-02-13,Algodão,SALVADOR,Caroço,arroba,"8,48",8.48,Algodão,8
2003-02-13,Algodão,SALVADOR,Pluma,arroba,"29,80",29.8,Algodão,8
2003-02-14,Algodão,BARREIRAS,Pluma,arroba,"62,50",62.5,Algodão,8
2003-02-14,Algodão,SALVADOR,Caroço,arroba,"8,48",8.48,Algodão,8
2003-02-14,Algodão,SALVADOR,Pluma,arroba,"29,80",29.8,Algodão,8
2003-02-17,Algodão,BARREIRAS,Pluma,arroba,"62,50",62.5,Algodão,8
2003-02-17,Algodão,SALVADOR,Caroço,arroba,"8,48",8.48,Algodão,8
2003-02-17,Algodão,SALVADOR,Pluma,arroba,"29,80",29.8,Algodão,8
2003-02-18,Algodão,BARREIRAS,Pluma,arroba,"62,50",62.5,Algodão,8
2003-02-18,Algodão,SALVADOR,Caroço,arroba,"8,48",8.48,Algodão,8
2003-02-18,Algodão,SALVADOR,Pluma,arroba,"29,80",29.8,Algodão,8
2003-02-19,Algodão,BARREIRAS,Pluma,arroba,"62,50",62.5,Algodão,8
2003-02-19,Algodão,SALVADOR,Caroço,arroba,"8,48",8.48,Algodão,8
2003-02-19,Algodão,SALVADOR,Pluma,arroba,"29,80",29.8,Algodão,8
2003-02-20,Algodão,BARREIRAS,Pluma,arroba,"62,50",62.5,Algodão,8
2003-02-20,Algodão,SALVADOR,Caroço,arroba,"8,48",8.48,Algodão,8
2003-02-20,Algodão,SALVADOR,Pluma,arroba,"29,80",29.8,Algodão,8
2003-02-21,Algodão,BARREIRAS,Pluma,arroba,"62,50",62.5,Algodão,8
2003-02-21,Algodão,SALVADOR,Caroço,arroba,"8,48",8.48,Algodão,8
2003-02-21,Algodão,SALVADOR,Pluma,arroba,"29,80",29.8,Algodão,8
2003-02-24,Algodão,BARREIRAS,Pluma,arroba,"60,50",60.5,Algodão,8
2003-02-24,Algodão,SALVADOR,Caroço,arroba,"8,48",8.48,Algodão,8
2003-02-24,Algodão,SALVADOR,Pluma,arroba,"29,80",29.8,Algodão,8
2003-02-25,Algodão,BARREIRAS,Pluma,arroba,"60,50",60.5,Algodão,8
2003-02-25,Algodão,SALVADOR,Caroço,arroba,"8,48",8.48,Algodão,8
2003-02-25,Algodão,SALVADOR,Pluma,arroba,"29,80",29.8,Algodão,8
2003-02-26,Algodão,BARREIRAS,Pluma,arroba,"60,50",60.5,Algodão,8
2003-02-26,Algodão,SALVADOR,Caroço,arroba,"8,48",8.48,Algodão,8
2003-02-26,Algodão,SALVADOR,Pluma,arroba,"29,80",29.8,Algodão,8
2003-02-27,Algodão,BARREIRAS,Pluma,arroba,"60,50",60.5,Algodão,8
2003-02-27,Algodão,SALVADOR,Caroço,arroba,"8,48",8.48,Algodão,8
2003-02-27,Algodão,SALVADOR,Pluma,arroba,"29,80",29.8,Algodão,8
2003-02-28,Algodão,BARREIRAS,Pluma,arroba,"60,50",60.5,Algodão,8
2003-02-28,Algodão,SALVADOR,Caroço,arroba,"8,48",8.48,Algodão,8
2003-02-28,Algodão,SALVADOR,Pluma,arroba,"29,80",29.8,Algodão,8
2003-03-03,Algodão,BARREIRAS,Pluma,arroba,"60,50",60.5,Algodão,8
2003-03-03,Algodão,SALVADOR,Caroço,arroba,"8,48",8.48,Algodão,8
2003-03-03,Algodão,SALVADOR,Pluma,arroba,"29,80",29.8,Algodão,8
2003-03-04,Algodão,BARREIRAS,Pluma,arroba,"60,50",60.5,Algodão,8
2003-03-04,Algodão,SALVADOR,Caroço,arroba,"8,48",8.48,Algodão,8
2003-03-04,Algodão,SALVADOR,Pluma,arroba,"29,80",29.8,Algodão,8
2003-03-05,Algodão,BARREIRAS,Pluma,arroba,"60,50",60.5,Algodão,8
2003-03-05,Algodão,SALVADOR,Caroço,arroba,"8,48",8.48,Algodão,8
2003-03-05,Algodão,SALVADOR,Pluma,arroba,"29,80",29.8,Algodão,8
2003-03-06,Algodão,BARREIRAS,Pluma,arroba,"60,50",60.5,Algodão,8
2003-03-06,Algodão,SALVADOR,Caroço,arroba,"8,48",8.48,Algodão,8
2003-03-06,Algodão,SALVADOR,Pluma,arroba,"29,80",29.8,Algodão,8
2003-03-07,Algodão,BARREIRAS,Pluma,arroba,"60,50",60.5,Algodão,8
2003-03-07,Algodão,SALVADOR,Caroço,arroba,"8,48",8.48,Algodão,8
2003-03-07,Algodão,SALVADOR,Pluma,arroba,"29,80",29.8,Algodão,8
2003-03-10,Algodão,BARREIRAS,Pluma,arroba,"61,50",61.5,Algodão,8
2003-03-10,Algodão,SALVADOR,Caroço,arroba,"8,48",8.48,Algodão,8
2003-03-10,Algodão,SALVADOR,Pluma,arroba,"29,80",29.8,Algodão,8
2003-03-11,Algodão,BARREIRAS,Pluma,arroba,"61,50",61.5,Algodão,8
2003-03-11,Algodão,SALVADOR,Caroço,arroba,"8,48",8.48,Algodão,8
2003-03-11,Algodão,SALVADOR,Pluma,arroba,"29,80",29.8,Algodão,8
2003-03-12,Algodão,BARREIRAS,Pluma,arroba,"61,50",61.5,Algodão,8
2003-03-12,Algodão,SALVADOR,Caroço,arroba,"8,48",8.48,Algodão,8
2003-03-12,Algodão,SALVADOR,Pluma,arroba,"29,80",29.8,Algodão,8
2003-03-13,Algodão,BARREIRAS,Pluma,arroba,"61,50",61.5,Algodão,8
2003-03-13,Algodão,SALVADOR,Caroço,arroba,"8,48",8.48,Algodão,8
2003-03-13,Algodão,SALVADOR,Pluma,arroba,"29,80",29.8,Algodão,8
2003-03-14,Algodão,BARREIRAS,Pluma,arroba,"61,50",61.5,Algodão,8
2003-03-14,Algodão,SALVADOR,Caroço,arroba,"8,48",8.48,Algodão,8
2003-03-14,Algodão,SALVADOR,Pluma,arroba,"29,80",29.8,Algodão,8
2003-03-17,Algodão,BARREIRAS,Pluma,arroba,"61,50",61.5,Algodão,8
2003-03-17,Algodão,SALVADOR,Caroço,arroba,"8,48",8.48,Algodão,8
2003-03-17,Algodão,SALVADOR,Pluma,arroba,"29,80",29.8,Algodão,8
2003-03-18,Algodão,BARREIRAS,Pluma,arroba,"61,50",61.5,Algodão,8
2003-03-18,Algodão,SALVADOR,Caroço,arroba,"8,48",8.48,Algodão,8
2003-03-18,Algodão,SALVADOR,Pluma,arroba,"29,80",29.8,Algodão,8
2003-03-19,Algodão,BARREIRAS,Pluma,arroba,"61,50",61.5,Algodão,8
2003-03-19,Algodão,SALVADOR,Caroço,arroba,"8,48",8.48,Algodão,8
2003-03-19,Algodão,SALVADOR,Pluma,arroba,"29,80",29.8,Algodão,8
2003-03-20,Algodão,BARREIRAS,Pluma,arroba,"61,50",61.5,Algodão,8
2003-03-20,Algodão,SALVADOR,Caroço,arroba,"8,48",8.48,Algodão,8
2003-03-20,Algodão,SALVADOR,Pluma,arroba,"29,80",29.8,Algodão,8
2003-03-21,Algodão,BARREIRAS,Pluma,arroba,"61,50",61.5,Algodão,8
2003-03-21,Algodão,SALVADOR,Caroço,arroba,"8,48",8.48,Algodão,8
2003-03-21,Algodão,SALVADOR,Pluma,arroba,"29,80",29.8,Algodão,8
2003-03-24,Algodão,BARREIRAS,Pluma,arroba,"60,50",60.5,Algodão,8
2003-03-24,Algodão,SALVADOR,Caroço,arroba,"8,48",8.48,Algodão,8
2003-03-24,Algodão,SALVADOR,Pluma,arroba,"29,80",29.8,Algodão,8
2003-03-25,Algodão,BARREIRAS,Pluma,arroba,"60,50",60.5,Algodão,8
2003-03-25,Algodão,SALVADOR,Caroço,arroba,"8,48",8.48,Algodão,8
2003-03-25,Algodão,SALVADOR,Pluma,arroba,"29,80",29.8,Algodão,8
2003-03-26,Algodão,BARREIRAS,Pluma,arroba,"60,50",60.5,Algodão,8
2003-03-26,Algodão,SALVADOR,Caroço,arroba,"8,48",8.48,Algodão,8
2003-03-26,Algodão,SALVADOR,Pluma,arroba,"29,80",29.8,Algodão,8
2003-03-27,Algodão,BARREIRAS,Pluma,arroba,"60,50",60.5,Algodão,8
2003-03-27,Algodão,SALVADOR,Caroço,arroba,"8,48",8.48,Algodão,8
2003-03-27,Algodão,SALVADOR,Pluma,arroba,"29,80",29.8,Algodão,8
2003-03-28,Algodão,BARREIRAS,Pluma,arroba,"60,50",60.5,Algodão,8
2003-03-28,Algodão,SALVADOR,Caroço,arroba,"8,48",8.48,Algodão,8
2003-03-28,Algodão,SALVADOR,Pluma,arroba,"29,80",29.8,Algodão,8
2003-03-31,Algodão,BARREIRAS,Pluma,arroba,"60,50",60.5,Algodão,8
2003-03-31,Algodão,SALVADOR,Caroço,arroba,"8,48",8.48,Algodão,8
2003-03-31,Algodão,SALVADOR,Pluma,arroba,"29,80",29.8,Algodão,8
2003-04-01,Algodão,BARREIRAS,Pluma,arroba,"60,50",60.5,Algodão,8
2003-04-01,Algodão,SALVADOR,Caroço,arroba,"8,48",8.48,Algodão,8
2003-04-01,Algodão,SALVADOR,Pluma,arroba,"29,80",29.8,Algodão,8
2003-04-02,Algodão,BARREIRAS,Pluma,arroba,"60,50",60.5,Algodão,8
2003-04-02,Algodão,SALVADOR,Caroço,arroba,"8,48",8.48,Algodão,8
2003-04-02,Algodão,SALVADOR,Pluma,arroba,"29,80",29.8,Algodão,8
2003-04-03,Algodão,BARREIRAS,Pluma,arroba,"60,50",60.5,Algodão,8
2003-04-03,Algodão,SALVADOR,Caroço,arroba,"8,48",8.48,Algodão,8
2003-04-03,Algodão,SALVADOR,Pluma,arroba,"29,80",29.8,Algodão,8
2003-04-04,Algodão,BARREIRAS,Pluma,arroba,"60,50",60.5,Algodão,8
2003-04-04,Algodão,SALVADOR,Caroço,arroba,"8,48",8.48,Algodão,8
2003-04-04,Algodão,SALVADOR,Pluma,arroba,"29,80",29.8,Algodão,8
2003-04-07,Algodão,BARREIRAS,Pluma,arroba,"58,50",58.5,Algodão,8
2003-04-07,Algodão,SALVADOR,Caroço,arroba,"8,48",8.48,Algodão,8
2003-04-07,Algodão,SALVADOR,Pluma,arroba,"29,80",29.8,Algodão,8
2003-04-08,Algodão,BARREIRAS,Pluma,arroba,"58,50",58.5,Algodão,8
2003-04-08,Algodão,SALVADOR,Caroço,arroba,"8,48",8.48,Algodão,8
2003-04-08,Algodão,SALVADOR,Pluma,arroba,"29,80",29.8,Algodão,8
2003-04-09,Algodão,BARREIRAS,Pluma,arroba,"58,50",58.5,Algodão,8
2003-04-09,Algodão,SALVADOR,Caroço,arroba,"8,48",8.48,Algodão,8
2003-04-09,Algodão,SALVADOR,Pluma,arroba,"29,80",29.8,Algodão,8
2003-04-10,Algodão,BARREIRAS,Pluma,arroba,"58,50",58.5,Algodão,8
2003-04-10,Algodão,SALVADOR,Caroço,arroba,"8,48",8.48,Algodão,8
2003-04-10,Algodão,SALVADOR,Pluma,arroba,"29,80",29.8,Algodão,8
2003-04-11,Algodão,BARREIRAS,Pluma,arroba,"58,50",58.5,Algodão,8
2003-04-11,Algodão,SALVADOR,Caroço,arroba,"8,48",8.48,Algodão,8
2003-04-11,Algodão,SALVADOR,Pluma,arroba,"29,80",29.8,Algodão,8
2003-04-14,Algodão,BARREIRAS,Pluma,arroba,"58,50",58.5,Algodão,8
2003-04-14,Algodão,SALVADOR,Caroço,arroba,"8,48",8.48,Algodão,8
2003-04-14,Algodão,SALVADOR,Pluma,arroba,"29,80",29.8,Algodão,8
2003-04-15,Algodão,BARREIRAS,Pluma,arroba,"58,50",58.5,Algodão,8
2003-04-15,Algodão,SALVADOR,Caroço,arroba,"8,48",8.48,Algodão,8
2003-04-15,Algodão,SALVADOR,Pluma,arroba,"29,80",29.8,Algodão,8
2003-04-16,Algodão,BARREIRAS,Pluma,arroba,"58,50",58.5,Algodão,8
2003-04-16,Algodão,SALVADOR,Caroço,arroba,"8,48",8.48,Algodão,8
2003-04-16,Algodão,SALVADOR,Pluma,arroba,"29,80",29.8,Algodão,8
2003-04-17,Algodão,BARREIRAS,Pluma,arroba,"58,50",58.5,Algodão,8
2003-04-17,Algodão,SALVADOR,Caroço,arroba,"8,48",8.48,Algodão,8
2003-04-17,Algodão,SALVADOR,Pluma,arroba,"29,80",29.8,Algodão,8
2003-04-18,Algodão,BARREIRAS,Pluma,arroba,"58,50",58.5,Algodão,8
2003-04-18,Algodão,SALVADOR,Caroço,arroba,"8,48",8.48,Algodão,8
2003-04-18,Algodão,SALVADOR,Pluma,arroba,"29,80",29.8,Algodão,8
2003-04-21,Algodão,BARREIRAS,Pluma,arroba,"58,50",58.5,Algodão,8
2003-04-21,Algodão,SALVADOR,Caroço,arroba,"8,48",8.48,Algodão,8
2003-04-21,Algodão,SALVADOR,Pluma,arroba,"29,80",29.8,Algodão,8
2003-04-22,Algodão,BARREIRAS,Pluma,arroba,"58,50",58.5,Algodão,8
2003-04-22,Algodão,SALVADOR,Caroço,arroba,"8,48",8.48,Algodão,8
2003-04-22,Algodão,SALVADOR,Pluma,arroba,"29,80",29.8,Algodão,8
2003-04-23,Algodão,BARREIRAS,Pluma,arroba,"57,80",57.8,Algodão,8
2003-04-23,Algodão,SALVADOR,Caroço,arroba,"8,48",8.48,Algodão,8
2003-04-23,Algodão,SALVADOR,Pluma,arroba,"29,80",29.8,Algodão,8
2003-04-24,Algodão,BARREIRAS,Pluma,arroba,"57,80",57.8,Algodão,8
2003-04-24,Algodão,SALVADOR,Caroço,arroba,"8,48",8.48,Algodão,8
2003-04-24,Algodão,SALVADOR,Pluma,arroba,"29,80",29.8,Algodão,8
2003-04-25,Algodão,BARREIRAS,Pluma,arroba,"57,80",57.8,Algodão,8
2003-04-25,Algodão,SALVADOR,Caroço,arroba,"8,48",8.48,Algodão,8
2003-04-25,Algodão,SALVADOR,Pluma,arroba,"29,80",29.8,Algodão,8
2003-04-28,Algodão,BARREIRAS,Pluma,arroba,"58,80",58.8,Algodão,8
2003-04-28,Algodão,SALVADOR,Caroço,arroba,"8,48",8.48,Algodão,8
2003-04-28,Algodão,SALVADOR,Pluma,arroba,"29,80",29.8,Algodão,8
2003-04-29,Algodão,BARREIRAS,Pluma,arroba,"58,80",58.8,Algodão,8
2003-04-29,Algodão,SALVADOR,Caroço,arroba,"8,48",8.48,Algodão,8
2003-04-29,Algodão,SALVADOR,Pluma,arroba,"29,80",29.8,Algodão,8
2003-04-30,Algodão,BARREIRAS,Pluma,arroba,"58,80",58.8,Algodão,8
2003-04-30,Algodão,SALVADOR,Caroço,arroba,"8,48",8.48,Algodão,8
2003-04-30,Algodão,SALVADOR,Pluma,arroba,"29,80",29.8,Algodão,8
2003-05-02,Algodão,BARREIRAS,Pluma,arroba,"58,80",58.8,Algodão,8
2003-05-02,Algodão,SALVADOR,Caroço,arroba,"8,48",8.48,Algodão,8
2003-05-02,Algodão,SALVADOR,Pluma,arroba,"29,80",29.8,Algodão,8
2003-05-05,Algodão,BARREIRAS,Pluma,arroba,"59,09",59.09,Algodão,8
2003-05-05,Algodão,SALVADOR,Caroço,arroba,"8,48",8.48,Algodão,8
2003-05-05,Algodão,SALVADOR,Pluma,arroba,"29,80",29.8,Algodão,8
2003-05-06,Algodão,BARREIRAS,Pluma,arroba,"59,09",59.09,Algodão,8
2003-05-06,Algodão,SALVADOR,Caroço,arroba,"8,48",8.48,Algodão,8
2003-05-06,Algodão,SALVADOR,Pluma,arroba,"29,80",29.8,Algodão,8
2003-05-07,Algodão,BARREIRAS,Pluma,arroba,"59,09",59.09,Algodão,8
2003-05-07,Algodão,SALVADOR,Caroço,arroba,"8,48",8.48,Algodão,8
2003-05-07,Algodão,SALVADOR,Pluma,arroba,"29,80",29.8,Algodão,8
2003-05-08,Algodão,BARREIRAS,Pluma,arroba,"59,09",59.09,Algodão,8
2003-05-08,Algodão,SALVADOR,Caroço,arroba,"8,48",8.48,Algodão,8
2003-05-08,Algodão,SALVADOR,Pluma,arroba,"29,80",29.8,Algodão,8
2003-05-09,Algodão,BARREIRAS,Pluma,arroba,"59,09",59.09,Algodão,8
2003-05-09,Algodão,SALVADOR,Caroço,arroba,"8,48",8.48,Algodão,8
2003-05-09,Algodão,SALVADOR,Pluma,arroba,"29,80",29.8,Algodão,8
2003-05-12,Algodão,BARREIRAS,Pluma,arroba,"59,09",59.09,Algodão,8
2003-05-12,Algodão,SALVADOR,Caroço,arroba,"8,48",8.48,Algodão,8
2003-05-12,Algodão,SALVADOR,Pluma,arroba,"29,80",29.8,Algodão,8
2003-05-13,Algodão,BARREIRAS,Pluma,arroba,"59,09",59.09,Algodão,8
2003-05-13,Algodão,SALVADOR,Caroço,arroba,"8,48",8.48,Algodão,8
2003-05-13,Algodão,SALVADOR,Pluma,arroba,"29,80",29.8,Algodão,8
2003-05-14,Algodão,BARREIRAS,Pluma,arroba,"59,09",59.09,Algodão,8
2003-05-14,Algodão,SALVADOR,Caroço,arroba,"8,48",8.48,Algodão,8
2003-05-14,Algodão,SALVADOR,Pluma,arroba,"29,80",29.8,Algodão,8
2003-05-15,Algodão,BARREIRAS,Pluma,arroba,"59,09",59.09,Algodão,8
2003-05-15,Algodão,SALVADOR,Caroço,arroba,"8,48",8.48,Algodão,8
2003-05-15,Algodão,SALVADOR,Pluma,arroba,"29,80",29.8,Algodão,8
2003-05-16,Algodão,BARREIRAS,Pluma,arroba,"59,09",59.09,Algodão,8
2003-05-16,Algodão,SALVADOR,Caroço,arroba,"8,48",8.48,Algodão,8
2003-05-16,Algodão,SALVADOR,Pluma,arroba,"29,80",29.8,Algodão,8
2003-05-19,Algodão,BARREIRAS,Pluma,arroba,"59,09",59.09,Algodão,8
2003-05-19,Algodão,SALVADOR,Caroço,arroba,"8,48",8.48,Algodão,8
2003-05-19,Algodão,SALVADOR,Pluma,arroba,"29,80",29.8,Algodão,8
2003-05-20,Algodão,BARREIRAS,Pluma,arroba,"59,09",59.09,Algodão,8
2003-05-20,Algodão,SALVADOR,Caroço,arroba,"8,48",8.48,Algodão,8
2003-05-20,Algodão,SALVADOR,Pluma,arroba,"29,80",29.8,Algodão,8
2003-05-21,Algodão,BARREIRAS,Pluma,arroba,"59,09",59.09,Algodão,8
2003-05-21,Algodão,SALVADOR,Caroço,arroba,"8,48",8.48,Algodão,8
2003-05-21,Algodão,SALVADOR,Pluma,arroba,"29,80",29.8,Algodão,8
2003-05-22,Algodão,BARREIRAS,Pluma,arroba,"59,09",59.09,Algodão,8
2003-05-22,Algodão,SALVADOR,Caroço,arroba,"8,48",8.48,Algodão,8
2003-05-22,Algodão,SALVADOR,Pluma,arroba,"29,80",29.8,Algodão,8
2003-05-23,Algodão,BARREIRAS,Pluma,arroba,"59,09",59.09,Algodão,8
2003-05-23,Algodão,SALVADOR,Caroço,arroba,"8,48",8.48,Algodão,8
2003-05-23,Algodão,SALVADOR,Pluma,arroba,"29,80",29.8,Algodão,8
2003-05-26,Algodão,BARREIRAS,Pluma,arroba,"59,09",59.09,Algodão,8
2003-05-26,Algodão,SALVADOR,Caroço,arroba,"8,48",8.48,Algodão,8
2003-05-26,Algodão,SALVADOR,Pluma,arroba,"29,80",29.8,Algodão,8
2003-05-27,Algodão,BARREIRAS,Pluma,arroba,"59,09",59.09,Algodão,8
2003-05-27,Algodão,SALVADOR,Caroço,arroba,"8,48",8.48,Algodão,8
2003-05-27,Algodão,SALVADOR,Pluma,arroba,"29,80",29.8,Algodão,8
2003-05-28,Algodão,BARREIRAS,Pluma,arroba,"59,09",59.09,Algodão,8
2003-05-28,Algodão,SALVADOR,Caroço,arroba,"8,48",8.48,Algodão,8
2003-05-28,Algodão,SALVADOR,Pluma,arroba,"29,80",29.8,Algodão,8
2003-05-29,Algodão,BARREIRAS,Pluma,arroba,"59,09",59.09,Algodão,8
2003-05-29,Algodão,SALVADOR,Caroço,arroba,"8,48",8.48,Algodão,8
2003-05-29,Algodão,SALVADOR,Pluma,arroba,"29,80",29.8,Algodão,8
2003-05-30,Algodão,BARREIRAS,Pluma,arroba,"55,80",55.8,Algodão,8
2003-05-30,Algodão,SALVADOR,Caroço,arroba,"8,48",8.48,Algodão,8
2003-05-30,Algodão,SALVADOR,Pluma,arroba,"29,80",29.8,Algodão,8
2003-06-02,Algodão,BARREIRAS,Pluma,arroba,"55,30",55.3,Algodão,8
2003-06-02,Algodão,SALVADOR,Caroço,arroba,"8,48",8.48,Algodão,8
2003-06-02,Algodão,SALVADOR,Pluma,arroba,"29,80",29.8,Algodão,8
2003-06-03,Algodão,BARREIRAS,Pluma,arroba,"55,30",55.3,Algodão,8
2003-06-03,Algodão,SALVADOR,Caroço,arroba,"8,48",8.48,Algodão,8
2003-06-03,Algodão,SALVADOR,Pluma,arroba,"29,80",29.8,Algodão,8
2003-06-04,Algodão,BARREIRAS,Pluma,arroba,"55,30",55.3,Algodão,8
2003-06-04,Algodão,SALVADOR,Caroço,arroba,"8,48",8.48,Algodão,8
2003-06-04,Algodão,SALVADOR,Pluma,arroba,"29,80",29.8,Algodão,8
2003-06-05,Algodão,BARREIRAS,Pluma,arroba,"55,30",55.3,Algodão,8
2003-06-05,Algodão,SALVADOR,Caroço,arroba,"8,48",8.48,Algodão,8
2003-06-05,Algodão,SALVADOR,Pluma,arroba,"29,80",29.8,Algodão,8
2003-06-06,Algodão,BARREIRAS,Pluma,arroba,"55,30",55.3,Algodão,8
2003-06-06,Algodão,SALVADOR,Caroço,arroba,"8,48",8.48,Algodão,8
2003-06-06,Algodão,SALVADOR,Pluma,arroba,"29,80",29.8,Algodão,8
2003-06-09,Algodão,BARREIRAS,Pluma,arroba,"49,98",49.98,Algodão,8
2003-06-09,Algodão,SALVADOR,Caroço,arroba,"8,48",8.48,Algodão,8
2003-06-09,Algodão,SALVADOR,Pluma,arroba,"29,80",29.8,Algodão,8
2003-06-10,Algodão,BARREIRAS,Pluma,arroba,"49,98",49.98,Algodão,8
2003-06-10,Algodão,SALVADOR,Caroço,arroba,"8,48",8.48,Algodão,8
2003-06-10,Algodão,SALVADOR,Pluma,arroba,"29,80",29.8,Algodão,8
2003-06-11,Algodão,BARREIRAS,Pluma,arroba,"49,98",49.98,Algodão,8
2003-06-11,Algodão,SALVADOR,Caroço,arroba,"8,48",8.48,Algodão,8
2003-06-11,Algodão,SALVADOR,Pluma,arroba,"29,80",29.8,Algodão,8
2003-06-12,Algodão,BARREIRAS,Pluma,arroba,"49,98",49.98,Algodão,8
2003-06-12,Algodão,SALVADOR,Caroço,arroba,"8,48",8.48,Algodão,8
2003-06-12,Algodão,SALVADOR,Pluma,arroba,"29,80",29.8,Algodão,8
2003-06-13,Algodão,BARREIRAS,Pluma,arroba,"49,98",49.98,Algodão,8
2003-06-13,Algodão,SALVADOR,Caroço,arroba,"8,48",8.48,Algodão,8
2003-06-13,Algodão,SALVADOR,Pluma,arroba,"29,80",29.8,Algodão,8
2003-06-16,Algodão,BARREIRAS,Pluma,arroba,"50,50",50.5,Algodão,8
2003-06-16,Algodão,SALVADOR,Caroço,arroba,"10,08",10.08,Algodão,8
2003-06-16,Algodão,SALVADOR,Pluma,arroba,"33,90",33.9,Algodão,8
2003-06-17,Algodão,BARREIRAS,Pluma,arroba,"50,50",50.5,Algodão,8
2003-06-17,Algodão,SALVADOR,Caroço,arroba,"10,08",10.08,Algodão,8
2003-06-17,Algodão,SALVADOR,Pluma,arroba,"33,90",33.9,Algodão,8
2003-06-18,Algodão,BARREIRAS,Pluma,arroba,"50,50",50.5,Algodão,8
2003-06-18,Algodão,SALVADOR,Caroço,arroba,"10,08",10.08,Algodão,8
2003-06-18,Algodão,SALVADOR,Pluma,arroba,"33,90",33.9,Algodão,8
2003-06-25,Algodão,BARREIRAS,Pluma,arroba,"50,50",50.5,Algodão,8
2003-06-25,Algodão,SALVADOR,Caroço,arroba,"10,08",10.08,Algodão,8
2003-06-25,Algodão,SALVADOR,Pluma,arroba,"33,90",33.9,Algodão,8
2003-06-26,Algodão,BARREIRAS,Pluma,arroba,"50,50",50.5,Algodão,8
2003-06-26,Algodão,SALVADOR,Caroço,arroba,"10,08",10.08,Algodão,8
2003-06-26,Algodão,SALVADOR,Pluma,arroba,"33,90",33.9,Algodão,8
2003-06-27,Algodão,BARREIRAS,Pluma,arroba,"50,50",50.5,Algodão,8
2003-06-27,Algodão,SALVADOR,Caroço,arroba,"10,08",10.08,Algodão,8
2003-06-27,Algodão,SALVADOR,Pluma,arroba,"33,90",33.9,Algodão,8
2003-06-30,Algodão,BARREIRAS,Pluma,arroba,"50,50",50.5,Algodão,8
2003-06-30,Algodão,SALVADOR,Caroço,arroba,"10,08",10.08,Algodão,8
2003-06-30,Algodão,SALVADOR,Pluma,arroba,"33,90",33.9,Algodão,8
2003-07-01,Algodão,BARREIRAS,Pluma,arroba,"50,50",50.5,Algodão,8
2003-07-01,Algodão,SALVADOR,Caroço,arroba,"10,08",10.08,Algodão,8
2003-07-01,Algodão,SALVADOR,Pluma,arroba,"33,90",33.9,Algodão,8
2003-07-03,Algodão,BARREIRAS,Pluma,arroba,"50,50",50.5,Algodão,8
2003-07-03,Algodão,SALVADOR,Caroço,arroba,"10,08",10.08,Algodão,8
2003-07-03,Algodão,SALVADOR,Pluma,arroba,"33,90",33.9,Algodão,8
2003-07-04,Algodão,BARREIRAS,Pluma,arroba,"50,50",50.5,Algodão,8
2003-07-04,Algodão,SALVADOR,Caroço,arroba,"10,08",10.08,Algodão,8
2003-07-04,Algodão,SALVADOR,Pluma,arroba,"33,90",33.9,Algodão,8
2003-07-07,Algodão,BARREIRAS,Pluma,arroba,"50,50",50.5,Algodão,8
2003-07-07,Algodão,SALVADOR,Caroço,arroba,"10,08",10.08,Algodão,8
2003-07-07,Algodão,SALVADOR,Pluma,arroba,"33,90",33.9,Algodão,8
2003-07-08,Algodão,BARREIRAS,Pluma,arroba,"53,50",53.5,Algodão,8
2003-07-08,Algodão,SALVADOR,Caroço,arroba,"10,08",10.08,Algodão,8
2003-07-08,Algodão,SALVADOR,Pluma,arroba,"33,90",33.9,Algodão,8
2003-07-09,Algodão,BARREIRAS,Pluma,arroba,"53,50",53.5,Algodão,8
2003-07-09,Algodão,SALVADOR,Caroço,arroba,"10,08",10.08,Algodão,8
2003-07-09,Algodão,SALVADOR,Pluma,arroba,"33,90",33.9,Algodão,8
2003-07-10,Algodão,BARREIRAS,Pluma,arroba,"53,50",53.5,Algodão,8
2003-07-10,Algodão,SALVADOR,Caroço,arroba,"10,08",10.08,Algodão,8
2003-07-10,Algodão,SALVADOR,Pluma,arroba,"33,90",33.9,Algodão,8
2003-07-11,Algodão,BARREIRAS,Pluma,arroba,"53,50",53.5,Algodão,8
2003-07-11,Algodão,SALVADOR,Caroço,arroba,"10,08",10.08,Algodão,8
2003-07-11,Algodão,SALVADOR,Pluma,arroba,"33,90",33.9,Algodão,8
2003-07-14,Algodão,BARREIRAS,Pluma,arroba,"54,50",54.5,Algodão,8
2003-07-14,Algodão,SALVADOR,Caroço,arroba,"10,08",10.08,Algodão,8
2003-07-14,Algodão,SALVADOR,Pluma,arroba,"33,90",33.9,Algodão,8
2003-07-15,Algodão,BARREIRAS,Pluma,arroba,"54,50",54.5,Algodão,8
2003-07-15,Algodão,SALVADOR,Caroço,arroba,"10,08",10.08,Algodão,8
2003-07-15,Algodão,SALVADOR,Pluma,arroba,"33,90",33.9,Algodão,8
2003-07-16,Algodão,BARREIRAS,Pluma,arroba,"54,50",54.5,Algodão,8
2003-07-16,Algodão,SALVADOR,Caroço,arroba,"10,08",10.08,Algodão,8
2003-07-16,Algodão,SALVADOR,Pluma,arroba,"33,90",33.9,Algodão,8
2003-07-17,Algodão,BARREIRAS,Pluma,arroba,"54,50",54.5,Algodão,8
2003-07-17,Algodão,SALVADOR,Caroço,arroba,"10,08",10.08,Algodão,8
2003-07-17,Algodão,SALVADOR,Pluma,arroba,"33,90",33.9,Algodão,8
2003-07-18,Algodão,BARREIRAS,Pluma,arroba,"54,50",54.5,Algodão,8
2003-07-18,Algodão,SALVADOR,Caroço,arroba,"10,08",10.08,Algodão,8
2003-07-18,Algodão,SALVADOR,Pluma,arroba,"33,90",33.9,Algodão,8
2003-07-21,Algodão,BARREIRAS,Pluma,arroba,"54,50",54.5,Algodão,8
2003-07-21,Algodão,SALVADOR,Caroço,arroba,"10,08",10.08,Algodão,8
2003-07-21,Algodão,SALVADOR,Pluma,arroba,"33,90",33.9,Algodão,8
2003-07-22,Algodão,BARREIRAS,Pluma,arroba,"54,50",54.5,Algodão,8
2003-07-22,Algodão,SALVADOR,Caroço,arroba,"10,08",10.08,Algodão,8
2003-07-22,Algodão,SALVADOR,Pluma,arroba,"33,90",33.9,Algodão,8
2003-07-23,Algodão,BARREIRAS,Pluma,arroba,"49,80",49.8,Algodão,8
2003-07-23,Algodão,SALVADOR,Caroço,arroba,"10,08",10.08,Algodão,8
2003-07-23,Algodão,SALVADOR,Pluma,arroba,"33,90",33.9,Algodão,8
2003-07-24,Algodão,BARREIRAS,Pluma,arroba,"49,80",49.8,Algodão,8
2003-07-24,Algodão,SALVADOR,Caroço,arroba,"10,08",10.08,Algodão,8
2003-07-24,Algodão,SALVADOR,Pluma,arroba,"33,90",33.9,Algodão,8
2003-07-25,Algodão,BARREIRAS,Pluma,arroba,"49,80",49.8,Algodão,8
2003-07-25,Algodão,SALVADOR,Caroço,arroba,"10,08",10.08,Algodão,8
2003-07-25,Algodão,SALVADOR,Pluma,arroba,"33,90",33.9,Algodão,8
2003-07-28,Algodão,BARREIRAS,Pluma,arroba,"49,20",49.2,Algodão,8
2003-07-28,Algodão,SALVADOR,Caroço,arroba,"10,08",10.08,Algodão,8
2003-07-28,Algodão,SALVADOR,Pluma,arroba,"33,90",33.9,Algodão,8
2003-07-29,Algodão,BARREIRAS,Pluma,arroba,"49,20",49.2,Algodão,8
2003-07-29,Algodão,SALVADOR,Caroço,arroba,"10,08",10.08,Algodão,8
2003-07-29,Algodão,SALVADOR,Pluma,arroba,"33,90",33.9,Algodão,8
2003-07-30,Algodão,BARREIRAS,Pluma,arroba,"49,20",49.2,Algodão,8
2003-07-30,Algodão,SALVADOR,Caroço,arroba,"10,08",10.08,Algodão,8
2003-07-30,Algodão,SALVADOR,Pluma,arroba,"33,90",33.9,Algodão,8
2003-07-31,Algodão,BARREIRAS,Pluma,arroba,"49,20",49.2,Algodão,8
2003-07-31,Algodão,SALVADOR,Caroço,arroba,"10,08",10.08,Algodão,8
2003-07-31,Algodão,SALVADOR,Pluma,arroba,"33,90",33.9,Algodão,8
2003-08-01,Algodão,BARREIRAS,Pluma,arroba,"49,20",49.2,Algodão,8
2003-08-01,Algodão,SALVADOR,Caroço,arroba,"10,08",10.08,Algodão,8
2003-08-01,Algodão,SALVADOR,Pluma,arroba,"33,90",33.9,Algodão,8
2003-08-04,Algodão,BARREIRAS,Pluma,arroba,"49,20",49.2,Algodão,8
2003-08-04,Algodão,SALVADOR,Caroço,arroba,"10,08",10.08,Algodão,8
2003-08-04,Algodão,SALVADOR,Pluma,arroba,"33,90",33.9,Algodão,8
2003-08-05,Algodão,BARREIRAS,Pluma,arroba,"49,50",49.5,Algodão,8
2003-08-05,Algodão,SALVADOR,Caroço,arroba,"10,08",10.08,Algodão,8
2003-08-05,Algodão,SALVADOR,Pluma,arroba,"33,90",33.9,Algodão,8
2003-08-06,Algodão,BARREIRAS,Pluma,arroba,"49,50",49.5,Algodão,8
2003-08-06,Algodão,SALVADOR,Caroço,arroba,"10,08",10.08,Algodão,8
2003-08-06,Algodão,SALVADOR,Pluma,arroba,"33,90",33.9,Algodão,8
2003-08-07,Algodão,BARREIRAS,Pluma,arroba,"49,50",49.5,Algodão,8
2003-08-07,Algodão,SALVADOR,Caroço,arroba,"10,08",10.08,Algodão,8
2003-08-07,Algodão,SALVADOR,Pluma,arroba,"33,90",33.9,Algodão,8
2003-08-08,Algodão,BARREIRAS,Pluma,arroba,"49,50",49.5,Algodão,8
2003-08-08,Algodão,SALVADOR,Caroço,arroba,"10,08",10.08,Algodão,8
2003-08-08,Algodão,SALVADOR,Pluma,arroba,"33,90",33.9,Algodão,8
2003-08-11,Algodão,BARREIRAS,Pluma,arroba,"52,30",52.3,Algodão,8
2003-08-11,Algodão,SALVADOR,Caroço,arroba,"10,08",10.08,Algodão,8
2003-08-11,Algodão,SALVADOR,Pluma,arroba,"33,90",33.9,Algodão,8
2003-08-12,Algodão,BARREIRAS,Pluma,arroba,"52,30",52.3,Algodão,8
2003-08-12,Algodão,SALVADOR,Caroço,arroba,"10,08",10.08,Algodão,8
2003-08-12,Algodão,SALVADOR,Pluma,arroba,"33,90",33.9,Algodão,8
2003-08-13,Algodão,BARREIRAS,Pluma,arroba,"52,30",52.3,Algodão,8
2003-08-13,Algodão,SALVADOR,Caroço,arroba,"10,08",10.08,Algodão,8
2003-08-13,Algodão,SALVADOR,Pluma,arroba,"33,90",33.9,Algodão,8
2003-08-14,Algodão,BARREIRAS,Pluma,arroba,"52,30",52.3,Algodão,8
2003-08-14,Algodão,SALVADOR,Caroço,arroba,"10,08",10.08,Algodão,8
2003-08-14,Algodão,SALVADOR,Pluma,arroba,"33,90",33.9,Algodão,8
2003-08-15,Algodão,BARREIRAS,Caroço,arroba,"52,30",52.3,Algodão,8
2003-08-15,Algodão,BARREIRAS,Pluma,arroba,"52,30",52.3,Algodão,8
2003-08-15,Algodão,SALVADOR,Caroço,arroba,"10,08",10.08,Algodão,8
2003-08-15,Algodão,SALVADOR,Pluma,arroba,"33,90",33.9,Algodão,8
2003-08-18,Algodão,BARREIRAS,(comum),arroba,"10,08",10.08,Algodão,8
2003-08-18,Algodão,BARREIRAS,Caroço,arroba,"52,40",52.4,Algodão,8
2003-08-18,Algodão,BARROCAS,Caroço,arroba,"33,90",33.9,Algodão,8
2003-08-19,Algodão,BARREIRAS,(comum),arroba,"10,08",10.08,Algodão,8
2003-08-19,Algodão,BARREIRAS,Caroço,arroba,"52,40",52.4,Algodão,8
2003-08-19,Algodão,BARROCAS,Caroço,arroba,"33,90",33.9,Algodão,8
2003-08-20,Algodão,BARREIRAS,(comum),arroba,"10,08",10.08,Algodão,8
2003-08-20,Algodão,BARREIRAS,Caroço,arroba,"52,40",52.4,Algodão,8
2003-08-20,Algodão,BARROCAS,Caroço,arroba,"33,90",33.9,Algodão,8
2003-08-21,Algodão,BARREIRAS,(comum),arroba,"10,08",10.08,Algodão,8
2003-08-21,Algodão,BARREIRAS,Caroço,arroba,"52,40",52.4,Algodão,8
2003-08-21,Algodão,BARROCAS,Caroço,arroba,"33,90",33.9,Algodão,8
2003-08-22,Algodão,BARREIRAS,(comum),arroba,"10,08",10.08,Algodão,8
2003-08-22,Algodão,BARREIRAS,Caroço,arroba,"52,40",52.4,Algodão,8
2003-08-22,Algodão,BARROCAS,Caroço,arroba,"33,90",33.9,Algodão,8
2003-08-25,Algodão,BARREIRAS,(comum),arroba,"10,08",10.08,Algodão,8
2003-08-25,Algodão,BARREIRAS,Caroço,arroba,"51,80",51.8,Algodão,8
2003-08-25,Algodão,BARROCAS,Caroço,arroba,"33,90",33.9,Algodão,8
2003-08-26,Algodão,BARREIRAS,(comum),arroba,"10,08",10.08,Algodão,8
2003-08-26,Algodão,BARREIRAS,Caroço,arroba,"51,80",51.8,Algodão,8
2003-08-26,Algodão,BARROCAS,Caroço,arroba,"33,90",33.9,Algodão,8
2003-08-27,Algodão,BARREIRAS,(comum),arroba,"10,08",10.08,Algodão,8
2003-08-27,Algodão,BARREIRAS,Caroço,arroba,"51,80",51.8,Algodão,8
2003-08-27,Algodão,BARROCAS,Caroço,arroba,"33,90",33.9,Algodão,8
2003-08-28,Algodão,BARREIRAS,(comum),arroba,"10,08",10.08,Algodão,8
2003-08-28,Algodão,BARREIRAS,Caroço,arroba,"51,80",51.8,Algodão,8
2003-08-28,Algodão,BARROCAS,Caroço,arroba,"33,90",33.9,Algodão,8
2003-08-29,Algodão,BARREIRAS,(comum),arroba,"10,08",10.08,Algodão,8
2003-08-29,Algodão,BARREIRAS,Caroço,arroba,"51,80",51.8,Algodão,8
2003-08-29,Algodão,BARROCAS,Caroço,arroba,"33,90",33.9,Algodão,8
2003-09-01,Algodão,BARREIRAS,(comum),arroba,"10,08",10.08,Algodão,8
2003-09-01,Algodão,BARREIRAS,Caroço,arroba,"51,80",51.8,Algodão,8
2003-09-01,Algodão,BARROCAS,Caroço,arroba,"33,90",33.9,Algodão,8
2003-09-02,Algodão,BARREIRAS,(comum),arroba,"10,08",10.08,Algodão,8
2003-09-02,Algodão,BARREIRAS,Caroço,arroba,"51,80",51.8,Algodão,8
2003-09-02,Algodão,BARROCAS,Caroço,arroba,"33,90",33.9,Algodão,8
2003-09-03,Algodão,BARREIRAS,(comum),arroba,"10,08",10.08,Algodão,8
2003-09-03,Algodão,BARREIRAS,Caroço,arroba,"51,80",51.8,Algodão,8
2003-09-03,Algodão,BARROCAS,Caroço,arroba,"33,90",33.9,Algodão,8
2003-09-04,Algodão,BARREIRAS,(comum),arroba,"10,08",10.08,Algodão,8
2003-09-04,Algodão,BARREIRAS,Caroço,arroba,"51,80",51.8,Algodão,8
2003-09-04,Algodão,BARROCAS,Caroço,arroba,"33,90",33.9,Algodão,8
2003-09-05,Algodão,BARREIRAS,(comum),arroba,"10,08",10.08,Algodão,8
2003-09-05,Algodão,BARREIRAS,Caroço,arroba,"51,80",51.8,Algodão,8
2003-09-05,Algodão,BARROCAS,Caroço,arroba,"33,90",33.9,Algodão,8
2003-09-08,Algodão,BARREIRAS,(comum),arroba,"10,08",10.08,Algodão,8
2003-09-08,Algodão,BARREIRAS,Caroço,arroba,"52,00",52.0,Algodão,8
2003-09-08,Algodão,BARROCAS,Caroço,arroba,"33,90",33.9,Algodão,8
2003-09-09,Algodão,BARREIRAS,(comum),arroba,"10,08",10.08,Algodão,8
2003-09-09,Algodão,BARREIRAS,Caroço,arroba,"52,00",52.0,Algodão,8
2003-09-09,Algodão,BARROCAS,Caroço,arroba,"33,90",33.9,Algodão,8
2003-09-10,Algodão,BARREIRAS,(comum),arroba,"10,08",10.08,Algodão,8
2003-09-10,Algodão,BARREIRAS,Caroço,arroba,"52,00",52.0,Algodão,8
2003-09-10,Algodão,BARROCAS,Caroço,arroba,"33,90",33.9,Algodão,8
2003-09-11,Algodão,BARREIRAS,(comum),arroba,"10,08",10.08,Algodão,8
2003-09-11,Algodão,BARREIRAS,Caroço,arroba,"52,00",52.0,Algodão,8
2003-09-11,Algodão,BARROCAS,Caroço,arroba,"33,90",33.9,Algodão,8
2003-09-12,Algodão,BARREIRAS,(comum),arroba,"10,08",10.08,Algodão,8
2003-09-12,Algodão,BARREIRAS,Caroço,arroba,"52,30",52.3,Algodão,8
2003-09-12,Algodão,BARROCAS,Caroço,arroba,"33,90",33.9,Algodão,8
2003-09-15,Algodão,BARREIRAS,(comum),arroba,"10,08",10.08,Algodão,8
2003-09-15,Algodão,BARREIRAS,Caroço,arroba,"52,30",52.3,Algodão,8
2003-09-15,Algodão,BARROCAS,Caroço,arroba,"33,90",33.9,Algodão,8
2003-09-16,Algodão,BARREIRAS,(comum),arroba,"10,08",10.08,Algodão,8
2003-09-16,Algodão,BARREIRAS,Caroço,arroba,"52,30",52.3,Algodão,8
2003-09-16,Algodão,BARROCAS,Caroço,arroba,"33,90",33.9,Algodão,8
2003-09-17,Algodão,BARREIRAS,(comum),arroba,"10,08",10.08,Algodão,8
2003-09-17,Algodão,BARREIRAS,Caroço,arroba,"52,30",52.3,Algodão,8
2003-09-17,Algodão,BARROCAS,Caroço,arroba,"33,90",33.9,Algodão,8
2003-09-18,Algodão,BARREIRAS,(comum),arroba,"10,08",10.08,Algodão,8
2003-09-18,Algodão,BARREIRAS,Caroço,arroba,"52,30",52.3,Algodão,8
2003-09-18,Algodão,BARROCAS,Caroço,arroba,"33,90",33.9,Algodão,8
2003-09-19,Algodão,BARREIRAS,(comum),arroba,"10,08",10.08,Algodão,8
2003-09-19,Algodão,BARREIRAS,Caroço,arroba,"52,30",52.3,Algodão,8
2003-09-19,Algodão,BARROCAS,Caroço,arroba,"33,90",33.9,Algodão,8
2003-09-22,Algodão,BARREIRAS,(comum),arroba,"10,08",10.08,Algodão,8
2003-09-22,Algodão,BARREIRAS,Caroço,arroba,"51,80",51.8,Algodão,8
2003-09-22,Algodão,BARROCAS,Caroço,arroba,"33,90",33.9,Algodão,8
2003-09-23,Algodão,BARREIRAS,(comum),arroba,"10,08",10.08,Algodão,8
2003-09-23,Algodão,BARREIRAS,Caroço,arroba,"51,80",51.8,Algodão,8
2003-09-23,Algodão,BARROCAS,Caroço,arroba,"33,90",33.9,Algodão,8
2003-09-24,Algodão,BARREIRAS,(comum),arroba,"10,08",10.08,Algodão,8
2003-09-24,Algodão,BARREIRAS,Caroço,arroba,"51,80",51.8,Algodão,8
2003-09-24,Algodão,BARROCAS,Caroço,arroba,"33,90",33.9,Algodão,8
2003-09-25,Algodão,BARREIRAS,(comum),arroba,"10,08",10.08,Algodão,8
2003-09-25,Algodão,BARREIRAS,Caroço,arroba,"51,80",51.8,Algodão,8
2003-09-25,Algodão,BARROCAS,Caroço,arroba,"33,90",33.9,Algodão,8
2003-09-26,Algodão,BARREIRAS,(comum),arroba,"10,08",10.08,Algodão,8
2003-09-26,Algodão,BARREIRAS,Caroço,arroba,"51,80",51.8,Algodão,8
2003-09-26,Algodão,BARROCAS,Caroço,arroba,"33,90",33.9,Algodão,8
2003-09-29,Algodão,BARREIRAS,(comum),arroba,"10,08",10.08,Algodão,8
2003-09-29,Algodão,BARREIRAS,Caroço,arroba,"51,80",51.8,Algodão,8
2003-09-29,Algodão,BARROCAS,Caroço,arroba,"33,90",33.9,Algodão,8
2003-09-30,Algodão,BARREIRAS,(comum),arroba,"10,08",10.08,Algodão,8
2003-09-30,Algodão,BARREIRAS,Caroço,arroba,"51,80",51.8,Algodão,8
2003-09-30,Algodão,BARROCAS,Caroço,arroba,"33,90",33.9,Algodão,8
2003-10-01,Algodão,BARREIRAS,(comum),arroba,"10,08",10.08,Algodão,8
2003-10-01,Algodão,BARREIRAS,Caroço,arroba,"55,56",55.56,Algodão,8
2003-10-01,Algodão,BARROCAS,Caroço,arroba,"33,90",33.9,Algodão,8
2003-10-08,Algodão,BARREIRAS,(comum),arroba,"10,08",10.08,Algodão,8
2003-10-08,Algodão,BARREIRAS,Caroço,arroba,"55,56",55.56,Algodão,8
2003-10-08,Algodão,BARROCAS,Caroço,arroba,"33,90",33.9,Algodão,8
2003-10-09,Algodão,BARREIRAS,(comum),arroba,"10,08",10.08,Algodão,8
2003-10-09,Algodão,BARREIRAS,Caroço,arroba,"55,56",55.56,Algodão,8
2003-10-09,Algodão,BARROCAS,Caroço,arroba,"33,90",33.9,Algodão,8
2003-10-10,Algodão,BARREIRAS,(comum),arroba,"10,08",10.08,Algodão,8
2003-10-10,Algodão,BARREIRAS,Caroço,arroba,"55,56",55.56,Algodão,8
2003-10-10,Algodão,BARROCAS,Caroço,arroba,"33,90",33.9,Algodão,8
2003-10-13,Algodão,BARREIRAS,(comum),arroba,"10,08",10.08,Algodão,8
2003-10-13,Algodão,BARREIRAS,Caroço,arroba,"55,56",55.56,Algodão,8
2003-10-13,Algodão,BARROCAS,Caroço,arroba,"33,90",33.9,Algodão,8
2003-10-14,Algodão,BARREIRAS,(comum),arroba,"10,08",10.08,Algodão,8
2003-10-14,Algodão,BARREIRAS,Caroço,arroba,"55,56",55.56,Algodão,8
2003-10-14,Algodão,BARROCAS,Caroço,arroba,"33,90",33.9,Algodão,8
2003-10-15,Algodão,BARREIRAS,(comum),arroba,"10,08",10.08,Algodão,8
2003-10-15,Algodão,BARREIRAS,Caroço,arroba,"57,08",57.08,Algodão,8
2003-10-15,Algodão,BARROCAS,Caroço,arroba,"33,90",33.9,Algodão,8
2003-10-16,Algodão,BARREIRAS,(comum),arroba,"10,08",10.08,Algodão,8
2003-10-16,Algodão,BARREIRAS,Caroço,arroba,"57,08",57.08,Algodão,8
2003-10-16,Algodão,BARROCAS,Caroço,arroba,"33,90",33.9,Algodão,8
2003-10-17,Algodão,BARREIRAS,(comum),arroba,"10,08",10.08,Algodão,8
2003-10-17,Algodão,BARREIRAS,Caroço,arroba,"57,08",57.08,Algodão,8
2003-10-17,Algodão,BARROCAS,Caroço,arroba,"33,90",33.9,Algodão,8
2003-10-20,Algodão,BARREIRAS,(comum),arroba,"10,08",10.08,Algodão,8
2003-10-20,Algodão,BARREIRAS,Caroço,arroba,"56,09",56.09,Algodão,8
2003-10-20,Algodão,BARROCAS,Caroço,arroba,"33,90",33.9,Algodão,8
2003-10-21,Algodão,BARREIRAS,(comum),arroba,"10,08",10.08,Algodão,8
2003-10-21,Algodão,BARREIRAS,Caroço,arroba,"56,09",56.09,Algodão,8
2003-10-21,Algodão,BARROCAS,Caroço,arroba,"33,90",33.9,Algodão,8
2003-10-22,Algodão,BARREIRAS,(comum),arroba,"10,08",10.08,Algodão,8
2003-10-22,Algodão,BARREIRAS,Caroço,arroba,"56,09",56.09,Algodão,8
2003-10-22,Algodão,BARROCAS,Caroço,arroba,"33,90",33.9,Algodão,8
2003-10-23,Algodão,BARREIRAS,(comum),arroba,"10,08",10.08,Algodão,8
2003-10-23,Algodão,BARREIRAS,Caroço,arroba,"56,09",56.09,Algodão,8
2003-10-23,Algodão,BARROCAS,Caroço,arroba,"33,90",33.9,Algodão,8
2003-10-24,Algodão,BARREIRAS,(comum),arroba,"10,08",10.08,Algodão,8
2003-10-24,Algodão,BARREIRAS,Caroço,arroba,"56,09",56.09,Algodão,8
2003-10-24,Algodão,BARROCAS,Caroço,arroba,"33,90",33.9,Algodão,8
2003-10-28,Algodão,BARREIRAS,(comum),arroba,"10,08",10.08,Algodão,8
2003-10-28,Algodão,BARREIRAS,Caroço,arroba,"56,09",56.09,Algodão,8
2003-10-28,Algodão,BARROCAS,Caroço,arroba,"33,90",33.9,Algodão,8
2003-10-30,Algodão,BARREIRAS,(comum),arroba,"10,08",10.08,Algodão,8
2003-10-30,Algodão,BARREIRAS,Caroço,arroba,"56,09",56.09,Algodão,8
2003-10-30,Algodão,BARROCAS,Caroço,arroba,"33,90",33.9,Algodão,8
2003-10-31,Algodão,BARREIRAS,(comum),arroba,"10,08",10.08,Algodão,8
2003-10-31,Algodão,BARREIRAS,Caroço,arroba,"61,36",61.36,Algodão,8
2003-10-31,Algodão,BARROCAS,Caroço,arroba,"33,90",33.9,Algodão,8
2003-11-03,Algodão,BARREIRAS,(comum),arroba,"10,08",10.08,Algodão,8
2003-11-03,Algodão,BARREIRAS,Caroço,arroba,"60,98",60.98,Algodão,8
2003-11-03,Algodão,BARROCAS,Caroço,arroba,"33,90",33.9,Algodão,8
2003-11-04,Algodão,BARREIRAS,(comum),arroba,"10,08",10.08,Algodão,8
2003-11-04,Algodão,BARREIRAS,Caroço,arroba,"60,98",60.98,Algodão,8
2003-11-04,Algodão,BARROCAS,Caroço,arroba,"33,90",33.9,Algodão,8
2003-11-05,Algodão,BARREIRAS,(comum),arroba,"10,08",10.08,Algodão,8
2003-11-05,Algodão,BARREIRAS,Caroço,arroba,"60,98",60.98,Algodão,8
2003-11-05,Algodão,BARROCAS,Caroço,arroba,"33,90",33.9,Algodão,8
2003-11-06,Algodão,BARREIRAS,(comum),arroba,"10,08",10.08,Algodão,8
2003-11-06,Algodão,BARREIRAS,Caroço,arroba,"60,98",60.98,Algodão,8
2003-11-06,Algodão,BARROCAS,Caroço,arroba,"33,90",33.9,Algodão,8
2003-11-07,Algodão,BARREIRAS,(comum),arroba,"10,08",10.08,Algodão,8
2003-11-07,Algodão,BARREIRAS,Caroço,arroba,"60,98",60.98,Algodão,8
2003-11-07,Algodão,BARROCAS,Caroço,arroba,"33,90",33.9,Algodão,8
2003-11-10,Algodão,BARREIRAS,(comum),arroba,"10,08",10.08,Algodão,8
2003-11-10,Algodão,BARREIRAS,Caroço,arroba,"60,98",60.98,Algodão,8
2003-11-10,Algodão,BARROCAS,Caroço,arroba,"33,90",33.9,Algodão,8
2003-11-11,Algodão,BARREIRAS,(comum),arroba,"10,08",10.08,Algodão,8
2003-11-11,Algodão,BARREIRAS,Caroço,arroba,"64,38",64.38,Algodão,8
2003-11-11,Algodão,BARROCAS,Caroço,arroba,"33,90",33.9,Algodão,8
2003-11-12,Algodão,BARREIRAS,(comum),arroba,"10,08",10.08,Algodão,8
2003-11-12,Algodão,BARREIRAS,Caroço,arroba,"64,38",64.38,Algodão,8
2003-11-12,Algodão,BARROCAS,Caroço,arroba,"33,90",33.9,Algodão,8
2003-11-13,Algodão,BARREIRAS,(comum),arroba,"10,08",10.08,Algodão,8
2003-11-13,Algodão,BARREIRAS,Caroço,arroba,"64,38",64.38,Algodão,8
2003-11-13,Algodão,BARROCAS,Caroço,arroba,"33,90",33.9,Algodão,8
2003-11-14,Algodão,BARREIRAS,(comum),arroba,"10,08",10.08,Algodão,8
2003-11-14,Algodão,BARREIRAS,Caroço,arroba,"64,38",64.38,Algodão,8
2003-11-14,Algodão,BARROCAS,Caroço,arroba,"33,90",33.9,Algodão,8
2003-11-17,Algodão,BARREIRAS,(comum),arroba,"10,08",10.08,Algodão,8
2003-11-17,Algodão,BARREIRAS,Caroço,arroba,"71,80",71.8,Algodão,8
2003-11-17,Algodão,BARROCAS,Caroço,arroba,"33,90",33.9,Algodão,8
2003-11-20,Algodão,BARREIRAS,(comum),arroba,"10,08",10.08,Algodão,8
2003-11-20,Algodão,BARREIRAS,Caroço,arroba,"71,80",71.8,Algodão,8
2003-11-20,Algodão,BARROCAS,Caroço,arroba,"33,90",33.9,Algodão,8
2003-11-21,Algodão,BARREIRAS,(comum),arroba,"10,08",10.08,Algodão,8
2003-11-21,Algodão,BARREIRAS,Caroço,arroba,"71,80",71.8,Algodão,8
2003-11-21,Algodão,BARROCAS,Caroço,arroba,"33,90",33.9,Algodão,8
2003-11-24,Algodão,BARREIRAS,(comum),arroba,"10,08",10.08,Algodão,8
2003-11-24,Algodão,BARREIRAS,Caroço,arroba,"71,90",71.9,Algodão,8
2003-11-24,Algodão,BARROCAS,Caroço,arroba,"33,90",33.9,Algodão,8
2003-11-25,Algodão,BARREIRAS,(comum),arroba,"10,08",10.08,Algodão,8
2003-11-25,Algodão,BARREIRAS,Caroço,arroba,"71,90",71.9,Algodão,8
2003-11-25,Algodão,BARROCAS,Caroço,arroba,"33,90",33.9,Algodão,8
2003-11-26,Algodão,BARREIRAS,(comum),arroba,"10,08",10.08,Algodão,8
2003-11-26,Algodão,BARREIRAS,Caroço,arroba,"71,90",71.9,Algodão,8
2003-11-26,Algodão,BARROCAS,Caroço,arroba,"33,90",33.9,Algodão,8
2003-11-27,Algodão,BARREIRAS,(comum),arroba,"10,08",10.08,Algodão,8
2003-11-27,Algodão,BARREIRAS,Caroço,arroba,"71,90",71.9,Algodão,8
2003-11-27,Algodão,BARROCAS,Caroço,arroba,"33,90",33.9,Algodão,8
2003-11-28,Algodão,BARREIRAS,(comum),arroba,"10,08",10.08,Algodão,8
2003-11-28,Algodão,BARREIRAS,Caroço,arroba,"71,90",71.9,Algodão,8
2003-11-28,Algodão,BARROCAS,Caroço,arroba,"33,90",33.9,Algodão,8
2003-12-01,Algodão,BARREIRAS,(comum),arroba,"10,08",10.08,Algodão,8
2003-12-01,Algodão,BARREIRAS,Caroço,arroba,"71,90",71.9,Algodão,8
2003-12-01,Algodão,BARROCAS,Caroço,arroba,"33,90",33.9,Algodão,8
2003-12-02,Algodão,BARREIRAS,(comum),arroba,"10,08",10.08,Algodão,8
2003-12-02,Algodão,BARREIRAS,Caroço,arroba,"68,12",68.12,Algodão,8
2003-12-02,Algodão,BARROCAS,Caroço,arroba,"33,90",33.9,Algodão,8
2003-12-03,Algodão,BARREIRAS,(comum),arroba,"10,08",10.08,Algodão,8
2003-12-03,Algodão,BARREIRAS,Caroço,arroba,"68,12",68.12,Algodão,8
2003-12-03,Algodão,BARROCAS,Caroço,arroba,"33,90",33.9,Algodão,8
2003-12-04,Algodão,BARREIRAS,(comum),arroba,"10,08",10.08,Algodão,8
2003-12-04,Algodão,BARREIRAS,Caroço,arroba,"68,12",68.12,Algodão,8
2003-12-04,Algodão,BARROCAS,Caroço,arroba,"33,90",33.9,Algodão,8
2003-12-05,Algodão,BARREIRAS,(comum),arroba,"10,08",10.08,Algodão,8
2003-12-05,Algodão,BARREIRAS,Caroço,arroba,"68,12",68.12,Algodão,8
2003-12-05,Algodão,BARROCAS,Caroço,arroba,"33,90",33.9,Algodão,8
2003-12-09,Algodão,BARREIRAS,(comum),arroba,"10,08",10.08,Algodão,8
2003-12-09,Algodão,BARREIRAS,Caroço,arroba,"69,44",69.44,Algodão,8
2003-12-09,Algodão,BARROCAS,Caroço,arroba,"33,90",33.9,Algodão,8
2003-12-10,Algodão,BARREIRAS,(comum),arroba,"10,08",10.08,Algodão,8
2003-12-10,Algodão,BARREIRAS,Caroço,arroba,"69,44",69.44,Algodão,8
2003-12-10,Algodão,BARROCAS,Caroço,arroba,"33,90",33.9,Algodão,8
2003-12-11,Algodão,BARREIRAS,(comum),arroba,"10,08",10.08,Algodão,8
2003-12-11,Algodão,BARREIRAS,Caroço,arroba,"69,44",69.44,Algodão,8
2003-12-11,Algodão,BARROCAS,Caroço,arroba,"33,90",33.9,Algodão,8
2003-12-12,Algodão,BARREIRAS,(comum),arroba,"10,08",10.08,Algodão,8
2003-12-12,Algodão,BARREIRAS,Caroço,arroba,"69,44",69.44,Algodão,8
2003-12-12,Algodão,BARROCAS,Caroço,arroba,"33,90",33.9,Algodão,8
2003-12-15,Algodão,BARREIRAS,(comum),arroba,"10,08",10.08,Algodão,8
2003-12-15,Algodão,BARREIRAS,Caroço,arroba,"69,44",69.44,Algodão,8
2003-12-15,Algodão,BARROCAS,Caroço,arroba,"33,90",33.9,Algodão,8
2003-12-16,Algodão,BARREIRAS,(comum),arroba,"10,08",10.08,Algodão,8
2003-12-16,Algodão,BARREIRAS,Caroço,arroba,"69,44",69.44,Algodão,8
2003-12-16,Algodão,BARROCAS,Caroço,arroba,"33,90",33.9,Algodão,8
2003-12-17,Algodão,BARREIRAS,(comum),arroba,"10,08",10.08,Algodão,8
2003-12-17,Algodão,BARREIRAS,Caroço,arroba,"70,06",70.06,Algodão,8
2003-12-17,Algodão,BARROCAS,Caroço,arroba,"33,90",33.9,Algodão,8
2003-12-18,Algodão,BARREIRAS,(comum),arroba,"10,08",10.08,Algodão,8
2003-12-18,Algodão,BARREIRAS,Caroço,arroba,"70,06",70.06,Algodão,8
2003-12-18,Algodão,BARROCAS,Caroço,arroba,"33,90",33.9,Algodão,8
2003-12-19,Algodão,BARREIRAS,(comum),arroba,"10,08",10.08,Algodão,8
2003-12-19,Algodão,BARREIRAS,Caroço,arroba,"70,06",70.06,Algodão,8
2003-12-19,Algodão,BARROCAS,Caroço,arroba,"33,90",33.9,Algodão,8
2003-12-22,Algodão,BARREIRAS,(comum),arroba,"10,08",10.08,Algodão,8
2003-12-22,Algodão,BARREIRAS,Caroço,arroba,"70,06",70.06,Algodão,8
2003-12-22,Algodão,BARROCAS,Caroço,arroba,"33,90",33.9,Algodão,8
2003-12-23,Algodão,BARREIRAS,(comum),arroba,"10,08",10.08,Algodão,8
2003-12-23,Algodão,BARREIRAS,Caroço,arroba,"70,06",70.06,Algodão,8
2003-12-23,Algodão,BARROCAS,Caroço,arroba,"33,90",33.9,Algodão,8
2003-12-29,Algodão,BARREIRAS,(comum),arroba,"10,08",10.08,Algodão,8
2003-12-29,Algodão,BARREIRAS,Caroço,arroba,"70,11",70.11,Algodão,8
2003-12-29,Algodão,BARROCAS,Caroço,arroba,"33,90",33.9,Algodão,8
2003-12-30,Algodão,BARREIRAS,(comum),arroba,"10,08",10.08,Algodão,8
2003-12-30,Algodão,BARREIRAS,Caroço,arroba,"70,11",70.11,Algodão,8
2003-12-30,Algodão,BARROCAS,Caroço,arroba,"33,90",33.9,Algodão,8
2004-01-05,Algodão,BARREIRAS,(comum),arroba,"10,08",10.08,Algodão,8
2004-01-05,Algodão,BARREIRAS,Caroço,arroba,"70,11",70.11,Algodão,8
2004-01-05,Algodão,BARROCAS,Caroço,arroba,"33,90",33.9,Algodão,8
2004-01-06,Algodão,BARREIRAS,(comum),arroba,"10,08",10.08,Algodão,8
2004-01-06,Algodão,BARREIRAS,Caroço,arroba,"70,11",70.11,Algodão,8
2004-01-06,Algodão,BARROCAS,Caroço,arroba,"33,90",33.9,Algodão,8
2004-01-07,Algodão,BARREIRAS,(comum),arroba,"10,08",10.08,Algodão,8
2004-01-07,Algodão,BARREIRAS,Caroço,arroba,"70,11",70.11,Algodão,8
2004-01-07,Algodão,BARROCAS,Caroço,arroba,"33,90",33.9,Algodão,8
2004-01-08,Algodão,BARREIRAS,(comum),arroba,"10,08",10.08,Algodão,8
2004-01-08,Algodão,BARREIRAS,Caroço,arroba,"70,11",70.11,Algodão,8
2004-01-08,Algodão,BARROCAS,Caroço,arroba,"33,90",33.9,Algodão,8
2004-01-09,Algodão,BARREIRAS,(comum),arroba,"10,08",10.08,Algodão,8
2004-01-09,Algodão,BARREIRAS,Caroço,arroba,"70,11",70.11,Algodão,8
2004-01-09,Algodão,BARROCAS,Caroço,arroba,"33,90",33.9,Algodão,8
2004-01-12,Algodão,BARREIRAS,(comum),arroba,"10,08",10.08,Algodão,8
2004-01-12,Algodão,BARREIRAS,Caroço,arroba,"70,11",70.11,Algodão,8
2004-01-12,Algodão,BARROCAS,Caroço,arroba,"33,90",33.9,Algodão,8
2004-01-13,Algodão,BARREIRAS,(comum),arroba,"10,08",10.08,Algodão,8
2004-01-13,Algodão,BARREIRAS,Caroço,arroba,"70,11",70.11,Algodão,8
2004-01-13,Algodão,BARROCAS,Caroço,arroba,"33,90",33.9,Algodão,8
2004-01-14,Algodão,BARREIRAS,(comum),arroba,"10,08",10.08,Algodão,8
2004-01-14,Algodão,BARREIRAS,Caroço,arroba,"70,11",70.11,Algodão,8
2004-01-14,Algodão,BARROCAS,Caroço,arroba,"33,90",33.9,Algodão,8
2004-01-15,Algodão,BARREIRAS,(comum),arroba,"10,08",10.08,Algodão,8
2004-01-15,Algodão,BARREIRAS,Caroço,arroba,"70,11",70.11,Algodão,8
2004-01-15,Algodão,BARROCAS,Caroço,arroba,"33,90",33.9,Algodão,8
2004-01-16,Algodão,BARREIRAS,(comum),arroba,"10,08",10.08,Algodão,8
2004-01-16,Algodão,BARREIRAS,Caroço,arroba,"70,38",70.38,Algodão,8
2004-01-16,Algodão,BARROCAS,Caroço,arroba,"33,90",33.9,Algodão,8
2004-01-19,Algodão,BARREIRAS,(comum),arroba,"10,08",10.08,Algodão,8
2004-01-19,Algodão,BARREIRAS,Caroço,arroba,"70,38",70.38,Algodão,8
2004-01-19,Algodão,BARROCAS,Caroço,arroba,"33,90",33.9,Algodão,8
2004-01-20,Algodão,BARREIRAS,(comum),arroba,"10,08",10.08,Algodão,8
2004-01-20,Algodão,BARREIRAS,Caroço,arroba,"70,38",70.38,Algodão,8
2004-01-20,Algodão,BARROCAS,Caroço,arroba,"33,90",33.9,Algodão,8
2004-01-21,Algodão,BARREIRAS,(comum),arroba,"10,08",10.08,Algodão,8
2004-01-21,Algodão,BARREIRAS,Caroço,arroba,"70,38",70.38,Algodão,8
2004-01-21,Algodão,BARROCAS,Caroço,arroba,"33,90",33.9,Algodão,8
2004-01-22,Algodão,BARREIRAS,(comum),arroba,"10,08",10.08,Algodão,8
2004-01-22,Algodão,BARREIRAS,Caroço,arroba,"70,38",70.38,Algodão,8
2004-01-22,Algodão,BARROCAS,Caroço,arroba,"33,90",33.9,Algodão,8
2004-01-23,Algodão,BARREIRAS,(comum),arroba,"10,08",10.08,Algodão,8
2004-01-23,Algodão,BARREIRAS,Caroço,arroba,"70,08",70.08,Algodão,8
2004-01-23,Algodão,BARROCAS,Caroço,arroba,"33,90",33.9,Algodão,8
2004-01-26,Algodão,BARREIRAS,(comum),arroba,"10,08",10.08,Algodão,8
2004-01-26,Algodão,BARREIRAS,Caroço,arroba,"70,08",70.08,Algodão,8
2004-01-26,Algodão,BARROCAS,Caroço,arroba,"33,90",33.9,Algodão,8
2004-01-27,Algodão,BARREIRAS,(comum),arroba,"10,08",10.08,Algodão,8
2004-01-27,Algodão,BARREIRAS,Caroço,arroba,"70,08",70.08,Algodão,8
2004-01-27,Algodão,BARROCAS,Caroço,arroba,"33,90",33.9,Algodão,8
2004-01-28,Algodão,BARREIRAS,(comum),arroba,"10,08",10.08,Algodão,8
2004-01-28,Algodão,BARREIRAS,Caroço,arroba,"70,08",70.08,Algodão,8
2004-01-28,Algodão,BARROCAS,Caroço,arroba,"33,90",33.9,Algodão,8
2004-01-29,Algodão,BARREIRAS,(comum),arroba,"10,08",10.08,Algodão,8
2004-01-29,Algodão,BARREIRAS,Caroço,arroba,"70,08",70.08,Algodão,8
2004-01-29,Algodão,BARROCAS,Caroço,arroba,"33,90",33.9,Algodão,8
2004-01-30,Algodão,BARREIRAS,(comum),arroba,"10,08",10.08,Algodão,8
2004-01-30,Algodão,BARREIRAS,Caroço,arroba,"70,08",70.08,Algodão,8
2004-01-30,Algodão,BARROCAS,Caroço,arroba,"33,90",33.9,Algodão,8
2004-02-02,Algodão,BARREIRAS,(comum),arroba,"10,08",10.08,Algodão,8
2004-02-02,Algodão,BARREIRAS,Caroço,arroba,"70,08",70.08,Algodão,8
2004-02-02,Algodão,BARROCAS,Caroço,arroba,"33,90",33.9,Algodão,8
2004-02-03,Algodão,BARREIRAS,(comum),arroba,"10,08",10.08,Algodão,8
2004-02-03,Algodão,BARREIRAS,Caroço,arroba,"70,08",70.08,Algodão,8
2004-02-03,Algodão,BARROCAS,Caroço,arroba,"33,90",33.9,Algodão,8
2004-02-04,Algodão,BARREIRAS,(comum),arroba,"10,08",10.08,Algodão,8
2004-02-04,Algodão,BARREIRAS,Caroço,arroba,"70,08",70.08,Algodão,8
2004-02-04,Algodão,BARROCAS,Caroço,arroba,"33,90",33.9,Algodão,8
2004-02-05,Algodão,BARREIRAS,(comum),arroba,"10,08",10.08,Algodão,8
2004-02-05,Algodão,BARREIRAS,Caroço,arroba,"70,08",70.08,Algodão,8
2004-02-05,Algodão,BARROCAS,Caroço,arroba,"33,90",33.9,Algodão,8
2004-02-06,Algodão,BARREIRAS,(comum),arroba,"10,08",10.08,Algodão,8
2004-02-06,Algodão,BARREIRAS,Caroço,arroba,"70,08",70.08,Algodão,8
2004-02-06,Algodão,BARROCAS,Caroço,arroba,"33,90",33.9,Algodão,8
2004-02-09,Algodão,BARREIRAS,(comum),arroba,"10,08",10.08,Algodão,8
2004-02-09,Algodão,BARREIRAS,Caroço,arroba,"70,08",70.08,Algodão,8
2004-02-09,Algodão,BARROCAS,Caroço,arroba,"33,90",33.9,Algodão,8
2004-02-10,Algodão,BARREIRAS,(comum),arroba,"10,08",10.08,Algodão,8
2004-02-10,Algodão,BARREIRAS,Caroço,arroba,"70,08",70.08,Algodão,8
2004-02-10,Algodão,BARROCAS,Caroço,arroba,"33,90",33.9,Algodão,8
2004-02-11,Algodão,BARREIRAS,(comum),arroba,"10,08",10.08,Algodão,8
2004-02-11,Algodão,BARREIRAS,Caroço,arroba,"70,08",70.08,Algodão,8
2004-02-11,Algodão,BARROCAS,Caroço,arroba,"33,90",33.9,Algodão,8
2004-02-12,Algodão,BARREIRAS,(comum),arroba,"10,08",10.08,Algodão,8
2004-02-12,Algodão,BARREIRAS,Caroço,arroba,"70,08",70.08,Algodão,8
2004-02-12,Algodão,BARROCAS,Caroço,arroba,"33,90",33.9,Algodão,8
2004-02-13,Algodão,BARREIRAS,(comum),arroba,"10,08",10.08,Algodão,8
2004-02-13,Algodão,BARREIRAS,Caroço,arroba,"70,08",70.08,Algodão,8
2004-02-13,Algodão,BARROCAS,Caroço,arroba,"33,90",33.9,Algodão,8
2004-02-16,Algodão,BARREIRAS,(comum),arroba,"10,08",10.08,Algodão,8
2004-02-16,Algodão,BARREIRAS,Caroço,arroba,"74,50",74.5,Algodão,8
2004-02-16,Algodão,BARROCAS,Caroço,arroba,"33,90",33.9,Algodão,8
2004-02-17,Algodão,BARREIRAS,(comum),arroba,"10,08",10.08,Algodão,8
2004-02-17,Algodão,BARREIRAS,Caroço,arroba,"74,50",74.5,Algodão,8
2004-02-17,Algodão,BARROCAS,Caroço,arroba,"33,90",33.9,Algodão,8
2004-02-18,Algodão,BARREIRAS,(comum),arroba,"10,08",10.08,Algodão,8
2004-02-18,Algodão,BARREIRAS,Caroço,arroba,"74,50",74.5,Algodão,8
2004-02-18,Algodão,BARROCAS,Caroço,arroba,"33,90",33.9,Algodão,8
2004-02-19,Algodão,BARREIRAS,(comum),arroba,"10,08",10.08,Algodão,8
2004-02-19,Algodão,BARREIRAS,Caroço,arroba,"74,50",74.5,Algodão,8
2004-02-19,Algodão,BARROCAS,Caroço,arroba,"33,90",33.9,Algodão,8
2004-02-26,Algodão,BARREIRAS,(comum),arroba,"10,08",10.08,Algodão,8
2004-02-26,Algodão,BARREIRAS,Caroço,arroba,"74,50",74.5,Algodão,8
2004-02-26,Algodão,BARROCAS,Caroço,arroba,"33,90",33.9,Algodão,8
2004-02-27,Algodão,BARREIRAS,(comum),arroba,"10,08",10.08,Algodão,8
2004-02-27,Algodão,BARREIRAS,Caroço,arroba,"74,50",74.5,Algodão,8
2004-02-27,Algodão,BARROCAS,Caroço,arroba,"33,90",33.9,Algodão,8
2004-03-01,Algodão,BARREIRAS,(comum),arroba,"10,08",10.08,Algodão,8
2004-03-01,Algodão,BARREIRAS,Caroço,arroba,"74,07",74.07,Algodão,8
2004-03-01,Algodão,BARROCAS,Caroço,arroba,"33,90",33.9,Algodão,8
2004-03-02,Algodão,BARREIRAS,(comum),arroba,"10,08",10.08,Algodão,8
2004-03-02,Algodão,BARREIRAS,Caroço,arroba,"74,07",74.07,Algodão,8
2004-03-02,Algodão,BARROCAS,Caroço,arroba,"33,90",33.9,Algodão,8
2004-03-03,Algodão,BARREIRAS,(comum),arroba,"10,08",10.08,Algodão,8
2004-03-03,Algodão,BARREIRAS,Caroço,arroba,"74,07",74.07,Algodão,8
2004-03-03,Algodão,BARROCAS,Caroço,arroba,"33,90",33.9,Algodão,8
2004-03-04,Algodão,BARREIRAS,(comum),arroba,"10,08",10.08,Algodão,8
2004-03-04,Algodão,BARREIRAS,Caroço,arroba,"74,07",74.07,Algodão,8
2004-03-04,Algodão,BARROCAS,Caroço,arroba,"33,90",33.9,Algodão,8
2004-03-05,Algodão,BARREIRAS,(comum),arroba,"10,08",10.08,Algodão,8
2004-03-05,Algodão,BARREIRAS,Caroço,arroba,"74,07",74.07,Algodão,8
2004-03-05,Algodão,BARROCAS,Caroço,arroba,"33,90",33.9,Algodão,8
2004-03-08,Algodão,BARREIRAS,(comum),arroba,"10,08",10.08,Algodão,8
2004-03-08,Algodão,BARREIRAS,Caroço,arroba,"74,07",74.07,Algodão,8
2004-03-08,Algodão,BARROCAS,Caroço,arroba,"33,90",33.9,Algodão,8
2004-03-09,Algodão,BARREIRAS,(comum),arroba,"10,08",10.08,Algodão,8
2004-03-09,Algodão,BARREIRAS,Caroço,arroba,"74,07",74.07,Algodão,8
2004-03-09,Algodão,BARROCAS,Caroço,arroba,"33,90",33.9,Algodão,8
2004-03-10,Algodão,BARREIRAS,(comum),arroba,"10,08",10.08,Algodão,8
2004-03-10,Algodão,BARREIRAS,Caroço,arroba,"74,07",74.07,Algodão,8
2004-03-10,Algodão,BARROCAS,Caroço,arroba,"33,90",33.9,Algodão,8
2004-03-11,Algodão,BARREIRAS,(comum),arroba,"10,08",10.08,Algodão,8
2004-03-11,Algodão,BARREIRAS,Caroço,arroba,"74,07",74.07,Algodão,8
2004-03-11,Algodão,BARROCAS,Caroço,arroba,"33,90",33.9,Algodão,8
2004-03-12,Algodão,BARREIRAS,(comum),arroba,"10,08",10.08,Algodão,8
2004-03-12,Algodão,BARREIRAS,Caroço,arroba,"74,07",74.07,Algodão,8
2004-03-12,Algodão,BARROCAS,Caroço,arroba,"33,90",33.9,Algodão,8
2004-03-15,Algodão,BARREIRAS,(comum),arroba,"10,08",10.08,Algodão,8
2004-03-15,Algodão,BARREIRAS,Caroço,arroba,"74,07",74.07,Algodão,8
2004-03-15,Algodão,BARROCAS,Caroço,arroba,"33,90",33.9,Algodão,8
2004-03-16,Algodão,BARREIRAS,(comum),arroba,"10,08",10.08,Algodão,8
2004-03-16,Algodão,BARREIRAS,Caroço,arroba,"74,07",74.07,Algodão,8
2004-03-16,Algodão,BARROCAS,Caroço,arroba,"33,90",33.9,Algodão,8
2004-03-17,Algodão,BARREIRAS,(comum),arroba,"10,08",10.08,Algodão,8
2004-03-17,Algodão,BARREIRAS,Caroço,arroba,"74,07",74.07,Algodão,8
2004-03-17,Algodão,BARROCAS,Caroço,arroba,"33,90",33.9,Algodão,8
2004-03-18,Algodão,BARREIRAS,(comum),arroba,"10,08",10.08,Algodão,8
2004-03-18,Algodão,BARREIRAS,Caroço,arroba,"73,50",73.5,Algodão,8
2004-03-18,Algodão,BARROCAS,Caroço,arroba,"44,60",44.6,Algodão,8
2004-03-19,Algodão,BARREIRAS,(comum),arroba,"10,08",10.08,Algodão,8
2004-03-19,Algodão,BARREIRAS,Caroço,arroba,"73,50",73.5,Algodão,8
2004-03-19,Algodão,BARROCAS,Caroço,arroba,"44,60",44.6,Algodão,8
2004-03-22,Algodão,BARREIRAS,(comum),arroba,"10,08",10.08,Algodão,8
2004-03-22,Algodão,BARREIRAS,Caroço,arroba,"73,50",73.5,Algodão,8
2004-03-22,Algodão,BARROCAS,Caroço,arroba,"44,60",44.6,Algodão,8
2004-03-23,Algodão,BARREIRAS,(comum),arroba,"10,08",10.08,Algodão,8
2004-03-23,Algodão,BARREIRAS,Caroço,arroba,"73,50",73.5,Algodão,8
2004-03-23,Algodão,BARROCAS,Caroço,arroba,"44,60",44.6,Algodão,8
2004-03-24,Algodão,BARREIRAS,(comum),arroba,"10,08",10.08,Algodão,8
2004-03-24,Algodão,BARREIRAS,Caroço,arroba,"74,41",74.41,Algodão,8
2004-03-24,Algodão,BARROCAS,Caroço,arroba,"44,60",44.6,Algodão,8
2004-03-25,Algodão,BARREIRAS,(comum),arroba,"10,08",10.08,Algodão,8
2004-03-25,Algodão,BARREIRAS,Caroço,arroba,"74,41",74.41,Algodão,8
2004-03-25,Algodão,BARROCAS,Caroço,arroba,"44,60",44.6,Algodão,8
2004-03-26,Algodão,BARREIRAS,(comum),arroba,"10,08",10.08,Algodão,8
2004-03-26,Algodão,BARREIRAS,Caroço,arroba,"74,41",74.41,Algodão,8
2004-03-26,Algodão,BARROCAS,Caroço,arroba,"44,60",44.6,Algodão,8
2004-03-29,Algodão,BARREIRAS,(comum),arroba,"10,08",10.08,Algodão,8
2004-03-29,Algodão,BARREIRAS,Caroço,arroba,"73,80",73.8,Algodão,8
2004-03-29,Algodão,BARROCAS,Caroço,arroba,"44,60",44.6,Algodão,8
2004-03-30,Algodão,BARREIRAS,(comum),arroba,"10,08",10.08,Algodão,8
2004-03-30,Algodão,BARREIRAS,Caroço,arroba,"73,80",73.8,Algodão,8
2004-03-30,Algodão,BARROCAS,Caroço,arroba,"44,60",44.6,Algodão,8
2004-03-31,Algodão,BARREIRAS,(comum),arroba,"10,08",10.08,Algodão,8
2004-03-31,Algodão,BARREIRAS,Caroço,arroba,"73,80",73.8,Algodão,8
2004-03-31,Algodão,BARROCAS,Caroço,arroba,"44,60",44.6,Algodão,8
2004-04-01,Algodão,BARREIRAS,(comum),arroba,"10,08",10.08,Algodão,8
2004-04-01,Algodão,BARREIRAS,Caroço,arroba,"73,80",73.8,Algodão,8
2004-04-01,Algodão,BARROCAS,Caroço,arroba,"44,60",44.6,Algodão,8
2004-04-02,Algodão,BARREIRAS,(comum),arroba,"10,08",10.08,Algodão,8
2004-04-02,Algodão,BARREIRAS,Caroço,arroba,"73,80",73.8,Algodão,8
2004-04-02,Algodão,BARROCAS,Caroço,arroba,"44,60",44.6,Algodão,8
2004-04-05,Algodão,BARREIRAS,(comum),arroba,"10,08",10.08,Algodão,8
2004-04-05,Algodão,BARREIRAS,Caroço,arroba,"73,80",73.8,Algodão,8
2004-04-05,Algodão,BARROCAS,Caroço,arroba,"44,60",44.6,Algodão,8
2004-04-06,Algodão,BARREIRAS,(comum),arroba,"10,08",10.08,Algodão,8
2004-04-06,Algodão,BARREIRAS,Caroço,arroba,"73,80",73.8,Algodão,8
2004-04-06,Algodão,BARROCAS,Caroço,arroba,"44,60",44.6,Algodão,8
2004-04-07,Algodão,BARREIRAS,(comum),arroba,"10,08",10.08,Algodão,8
2004-04-07,Algodão,BARREIRAS,Caroço,arroba,"73,80",73.8,Algodão,8
2004-04-07,Algodão,BARROCAS,Caroço,arroba,"44,60",44.6,Algodão,8
2004-04-12,Algodão,BARREIRAS,(comum),arroba,"10,08",10.08,Algodão,8
2004-04-12,Algodão,BARREIRAS,Caroço,arroba,"74,58",74.58,Algodão,8
2004-04-12,Algodão,BARROCAS,Caroço,arroba,"44,60",44.6,Algodão,8
2004-04-13,Algodão,BARREIRAS,(comum),arroba,"10,08",10.08,Algodão,8
2004-04-13,Algodão,BARREIRAS,Caroço,arroba,"74,58",74.58,Algodão,8
2004-04-13,Algodão,BARROCAS,Caroço,arroba,"44,60",44.6,Algodão,8
2004-04-14,Algodão,BARREIRAS,(comum),arroba,"10,08",10.08,Algodão,8
2004-04-14,Algodão,BARREIRAS,Caroço,arroba,"74,58",74.58,Algodão,8
2004-04-14,Algodão,BARROCAS,Caroço,arroba,"44,60",44.6,Algodão,8
2004-04-15,Algodão,BARREIRAS,(comum),arroba,"10,08",10.08,Algodão,8
2004-04-15,Algodão,BARREIRAS,Caroço,arroba,"74,58",74.58,Algodão,8
2004-04-15,Algodão,BARROCAS,Caroço,arroba,"44,60",44.6,Algodão,8
2004-04-16,Algodão,BARREIRAS,(comum),arroba,"10,08",10.08,Algodão,8
2004-04-16,Algodão,BARREIRAS,Caroço,arroba,"74,58",74.58,Algodão,8
2004-04-16,Algodão,BARROCAS,Caroço,arroba,"44,60",44.6,Algodão,8
2004-04-19,Algodão,BARREIRAS,(comum),arroba,"10,08",10.08,Algodão,8
2004-04-19,Algodão,BARREIRAS,Caroço,arroba,"74,58",74.58,Algodão,8
2004-04-19,Algodão,BARROCAS,Caroço,arroba,"44,60",44.6,Algodão,8
2004-04-20,Algodão,BARREIRAS,(comum),arroba,"10,08",10.08,Algodão,8
2004-04-20,Algodão,BARREIRAS,Caroço,arroba,"74,58",74.58,Algodão,8
2004-04-20,Algodão,BARROCAS,Caroço,arroba,"44,60",44.6,Algodão,8
2004-04-22,Algodão,BARREIRAS,(comum),arroba,"10,08",10.08,Algodão,8
2004-04-22,Algodão,BARREIRAS,Caroço,arroba,"74,58",74.58,Algodão,8
2004-04-22,Algodão,BARROCAS,Caroço,arroba,"44,60",44.6,Algodão,8
2004-04-23,Algodão,BARREIRAS,(comum),arroba,"10,08",10.08,Algodão,8
2004-04-23,Algodão,BARREIRAS,Caroço,arroba,"74,58",74.58,Algodão,8
2004-04-23,Algodão,BARROCAS,Caroço,arroba,"44,60",44.6,Algodão,8
2004-04-26,Algodão,BARREIRAS,(comum),arroba,"10,08",10.08,Algodão,8
2004-04-26,Algodão,BARREIRAS,Caroço,arroba,"73,08",73.08,Algodão,8
2004-04-26,Algodão,BARROCAS,Caroço,arroba,"44,60",44.6,Algodão,8
2004-04-27,Algodão,BARREIRAS,(comum),arroba,"10,08",10.08,Algodão,8
2004-04-27,Algodão,BARREIRAS,Caroço,arroba,"73,08",73.08,Algodão,8
2004-04-27,Algodão,BARROCAS,Caroço,arroba,"44,60",44.6,Algodão,8
2004-04-28,Algodão,BARREIRAS,(comum),arroba,"10,08",10.08,Algodão,8
2004-04-28,Algodão,BARREIRAS,Caroço,arroba,"73,08",73.08,Algodão,8
2004-04-28,Algodão,BARROCAS,Caroço,arroba,"44,60",44.6,Algodão,8
2004-04-29,Algodão,BARREIRAS,(comum),arroba,"10,08",10.08,Algodão,8
2004-04-29,Algodão,BARREIRAS,Caroço,arroba,"73,08",73.08,Algodão,8
2004-04-29,Algodão,BARROCAS,Caroço,arroba,"44,60",44.6,Algodão,8
2004-04-30,Algodão,BARREIRAS,(comum),arroba,"10,08",10.08,Algodão,8
2004-04-30,Algodão,BARREIRAS,Caroço,arroba,"73,08",73.08,Algodão,8
2004-04-30,Algodão,BARROCAS,Caroço,arroba,"44,60",44.6,Algodão,8
2004-05-03,Algodão,BARREIRAS,(comum),arroba,"10,08",10.08,Algodão,8
2004-05-03,Algodão,BARREIRAS,Caroço,arroba,"73,08",73.08,Algodão,8
2004-05-03,Algodão,BARROCAS,Caroço,arroba,"44,60",44.6,Algodão,8
2004-05-04,Algodão,BARREIRAS,(comum),arroba,"10,08",10.08,Algodão,8
2004-05-04,Algodão,BARREIRAS,Caroço,arroba,"73,08",73.08,Algodão,8
2004-05-04,Algodão,BARROCAS,Caroço,arroba,"44,60",44.6,Algodão,8
2004-05-05,Algodão,BARREIRAS,(comum),arroba,"10,08",10.08,Algodão,8
2004-05-05,Algodão,BARREIRAS,Caroço,arroba,"73,08",73.08,Algodão,8
2004-05-05,Algodão,BARROCAS,Caroço,arroba,"44,60",44.6,Algodão,8
2004-05-06,Algodão,BARREIRAS,(comum),arroba,"10,08",10.08,Algodão,8
2004-05-06,Algodão,BARREIRAS,Caroço,arroba,"73,08",73.08,Algodão,8
2004-05-06,Algodão,BARROCAS,Caroço,arroba,"44,60",44.6,Algodão,8
2004-05-07,Algodão,BARREIRAS,(comum),arroba,"10,08",10.08,Algodão,8
2004-05-07,Algodão,BARREIRAS,Caroço,arroba,"73,08",73.08,Algodão,8
2004-05-07,Algodão,BARROCAS,Caroço,arroba,"44,60",44.6,Algodão,8
2004-05-10,Algodão,BARREIRAS,(comum),arroba,"10,08",10.08,Algodão,8
2004-05-10,Algodão,BARREIRAS,Caroço,arroba,"73,08",73.08,Algodão,8
2004-05-10,Algodão,BARROCAS,Caroço,arroba,"44,60",44.6,Algodão,8
2004-05-11,Algodão,BARREIRAS,(comum),arroba,"10,08",10.08,Algodão,8
2004-05-11,Algodão,BARREIRAS,Caroço,arroba,"73,08",73.08,Algodão,8
2004-05-11,Algodão,BARROCAS,Caroço,arroba,"44,60",44.6,Algodão,8
2004-05-12,Algodão,BARREIRAS,(comum),arroba,"10,08",10.08,Algodão,8
2004-05-12,Algodão,BARREIRAS,Caroço,arroba,"73,08",73.08,Algodão,8
2004-05-12,Algodão,BARROCAS,Caroço,arroba,"44,60",44.6,Algodão,8
2004-05-13,Algodão,BARREIRAS,(comum),arroba,"10,08",10.08,Algodão,8
2004-05-13,Algodão,BARREIRAS,Caroço,arroba,"73,08",73.08,Algodão,8
2004-05-13,Algodão,BARROCAS,Caroço,arroba,"44,60",44.6,Algodão,8
2004-05-14,Algodão,BARREIRAS,(comum),arroba,"10,08",10.08,Algodão,8
2004-05-14,Algodão,BARREIRAS,Caroço,arroba,"73,08",73.08,Algodão,8
2004-05-14,Algodão,BARROCAS,Caroço,arroba,"44,60",44.6,Algodão,8
2004-05-17,Algodão,BARREIRAS,(comum),arroba,"10,08",10.08,Algodão,8
2004-05-17,Algodão,BARREIRAS,Caroço,arroba,"73,08",73.08,Algodão,8
2004-05-17,Algodão,BARROCAS,Caroço,arroba,"44,60",44.6,Algodão,8
2004-05-18,Algodão,BARREIRAS,(comum),arroba,"10,08",10.08,Algodão,8
2004-05-18,Algodão,BARREIRAS,Caroço,arroba,"73,08",73.08,Algodão,8
2004-05-18,Algodão,BARROCAS,Caroço,arroba,"44,60",44.6,Algodão,8
2004-05-19,Algodão,BARREIRAS,(comum),arroba,"10,08",10.08,Algodão,8
2004-05-19,Algodão,BARREIRAS,Caroço,arroba,"73,08",73.08,Algodão,8
2004-05-19,Algodão,BARROCAS,Caroço,arroba,"44,60",44.6,Algodão,8
2004-05-20,Algodão,BARREIRAS,(comum),arroba,"10,08",10.08,Algodão,8
2004-05-20,Algodão,BARREIRAS,Caroço,arroba,"73,08",73.08,Algodão,8
2004-05-20,Algodão,BARROCAS,Caroço,arroba,"44,60",44.6,Algodão,8
2004-05-21,Algodão,BARREIRAS,(comum),arroba,"10,08",10.08,Algodão,8
2004-05-21,Algodão,BARREIRAS,Caroço,arroba,"73,08",73.08,Algodão,8
2004-05-21,Algodão,BARROCAS,Caroço,arroba,"44,60",44.6,Algodão,8
2004-05-24,Algodão,BARREIRAS,(comum),arroba,"10,08",10.08,Algodão,8
2004-05-24,Algodão,BARREIRAS,Caroço,arroba,"64,56",64.56,Algodão,8
2004-05-24,Algodão,BARROCAS,Caroço,arroba,"44,60",44.6,Algodão,8
2004-05-25,Algodão,BARREIRAS,(comum),arroba,"10,08",10.08,Algodão,8
2004-05-25,Algodão,BARREIRAS,Caroço,arroba,"64,56",64.56,Algodão,8
2004-05-25,Algodão,BARROCAS,Caroço,arroba,"44,60",44.6,Algodão,8
2004-05-26,Algodão,BARREIRAS,(comum),arroba,"10,08",10.08,Algodão,8
2004-05-26,Algodão,BARREIRAS,Caroço,arroba,"64,56",64.56,Algodão,8
2004-05-26,Algodão,BARROCAS,Caroço,arroba,"44,60",44.6,Algodão,8
2004-05-27,Algodão,BARREIRAS,(comum),arroba,"10,08",10.08,Algodão,8
2004-05-27,Algodão,BARREIRAS,Caroço,arroba,"64,56",64.56,Algodão,8
2004-05-27,Algodão,BARROCAS,Caroço,arroba,"44,60",44.6,Algodão,8
2004-05-28,Algodão,BARREIRAS,(comum),arroba,"10,08",10.08,Algodão,8
2004-05-28,Algodão,BARREIRAS,Caroço,arroba,"64,56",64.56,Algodão,8
2004-05-28,Algodão,BARROCAS,Caroço,arroba,"44,60",44.6,Algodão,8
2004-05-31,Algodão,BARREIRAS,(comum),arroba,"10,08",10.08,Algodão,8
2004-05-31,Algodão,BARREIRAS,Caroço,arroba,"64,56",64.56,Algodão,8
2004-05-31,Algodão,BARROCAS,Caroço,arroba,"44,60",44.6,Algodão,8
2004-06-01,Algodão,BARREIRAS,(comum),arroba,"10,08",10.08,Algodão,8
2004-06-01,Algodão,BARREIRAS,Caroço,arroba,"64,56",64.56,Algodão,8
2004-06-01,Algodão,BARROCAS,Caroço,arroba,"44,60",44.6,Algodão,8
2004-06-02,Algodão,BARREIRAS,(comum),arroba,"10,08",10.08,Algodão,8
2004-06-02,Algodão,BARREIRAS,Caroço,arroba,"64,56",64.56,Algodão,8
2004-06-02,Algodão,BARROCAS,Caroço,arroba,"44,60",44.6,Algodão,8
2004-06-03,Algodão,BARREIRAS,(comum),arroba,"10,08",10.08,Algodão,8
2004-06-03,Algodão,BARREIRAS,Caroço,arroba,"64,56",64.56,Algodão,8
2004-06-03,Algodão,BARROCAS,Caroço,arroba,"44,60",44.6,Algodão,8
2004-06-04,Algodão,BARREIRAS,(comum),arroba,"10,08",10.08,Algodão,8
2004-06-04,Algodão,BARREIRAS,Caroço,arroba,"64,56",64.56,Algodão,8
2004-06-04,Algodão,BARROCAS,Caroço,arroba,"44,60",44.6,Algodão,8
2004-06-07,Algodão,BARREIRAS,(comum),arroba,"10,08",10.08,Algodão,8
2004-06-07,Algodão,BARREIRAS,Caroço,arroba,"64,56",64.56,Algodão,8
2004-06-07,Algodão,BARROCAS,Caroço,arroba,"44,60",44.6,Algodão,8
2004-06-08,Algodão,BARREIRAS,(comum),arroba,"10,08",10.08,Algodão,8
2004-06-08,Algodão,BARREIRAS,Caroço,arroba,"64,56",64.56,Algodão,8
2004-06-08,Algodão,BARROCAS,Caroço,arroba,"44,60",44.6,Algodão,8
2004-06-09,Algodão,BARREIRAS,(comum),arroba,"10,08",10.08,Algodão,8
2004-06-09,Algodão,BARREIRAS,Caroço,arroba,"64,56",64.56,Algodão,8
2004-06-09,Algodão,BARROCAS,Caroço,arroba,"44,60",44.6,Algodão,8
2004-06-14,Algodão,BARREIRAS,(comum),arroba,"10,08",10.08,Algodão,8
2004-06-14,Algodão,BARREIRAS,Caroço,arroba,"55,23",55.23,Algodão,8
2004-06-14,Algodão,BARROCAS,Caroço,arroba,"44,60",44.6,Algodão,8
2004-06-15,Algodão,BARREIRAS,(comum),arroba,"10,08",10.08,Algodão,8
2004-06-15,Algodão,BARREIRAS,Caroço,arroba,"55,23",55.23,Algodão,8
2004-06-15,Algodão,BARROCAS,Caroço,arroba,"44,60",44.6,Algodão,8
2004-06-16,Algodão,BARREIRAS,(comum),arroba,"10,08",10.08,Algodão,8
2004-06-16,Algodão,BARREIRAS,Caroço,arroba,"55,23",55.23,Algodão,8
2004-06-16,Algodão,BARROCAS,Caroço,arroba,"44,60",44.6,Algodão,8
2004-06-17,Algodão,BARREIRAS,(comum),arroba,"10,08",10.08,Algodão,8
2004-06-17,Algodão,BARREIRAS,Caroço,arroba,"55,23",55.23,Algodão,8
2004-06-17,Algodão,BARROCAS,Caroço,arroba,"44,60",44.6,Algodão,8
2004-06-18,Algodão,BARREIRAS,(comum),arroba,"10,08",10.08,Algodão,8
2004-06-18,Algodão,BARREIRAS,Caroço,arroba,"55,23",55.23,Algodão,8
2004-06-18,Algodão,BARROCAS,Caroço,arroba,"44,60",44.6,Algodão,8
2004-06-21,Algodão,BARREIRAS,(comum),arroba,"10,08",10.08,Algodão,8
2004-06-21,Algodão,BARREIRAS,Caroço,arroba,"55,23",55.23,Algodão,8
2004-06-21,Algodão,BARROCAS,Caroço,arroba,"44,60",44.6,Algodão,8
2004-06-22,Algodão,BARREIRAS,(comum),arroba,"10,08",10.08,Algodão,8
2004-06-22,Algodão,BARREIRAS,Caroço,arroba,"55,23",55.23,Algodão,8
2004-06-22,Algodão,BARROCAS,Caroço,arroba,"44,60",44.6,Algodão,8
2004-06-28,Algodão,BARREIRAS,(comum),arroba,"10,08",10.08,Algodão,8
2004-06-28,Algodão,BARREIRAS,Caroço,arroba,"52,38",52.38,Algodão,8
2004-06-28,Algodão,BARROCAS,Caroço,arroba,"44,60",44.6,Algodão,8
2004-06-29,Algodão,BARREIRAS,(comum),arroba,"10,08",10.08,Algodão,8
2004-06-29,Algodão,BARREIRAS,Caroço,arroba,"52,38",52.38,Algodão,8
2004-06-29,Algodão,BARROCAS,Caroço,arroba,"44,60",44.6,Algodão,8
2004-06-30,Algodão,BARREIRAS,(comum),arroba,"10,08",10.08,Algodão,8
2004-06-30,Algodão,BARREIRAS,Caroço,arroba,"52,38",52.38,Algodão,8
2004-06-30,Algodão,BARROCAS,Caroço,arroba,"44,60",44.6,Algodão,8
2004-07-01,Algodão,BARREIRAS,(comum),arroba,"10,08",10.08,Algodão,8
2004-07-01,Algodão,BARREIRAS,Caroço,arroba,"52,38",52.38,Algodão,8
2004-07-01,Algodão,BARROCAS,Caroço,arroba,"44,60",44.6,Algodão,8
2004-07-05,Algodão,BARREIRAS,(comum),arroba,"10,08",10.08,Algodão,8
2004-07-05,Algodão,BARREIRAS,Caroço,arroba,"52,38",52.38,Algodão,8
2004-07-05,Algodão,BARROCAS,Caroço,arroba,"44,60",44.6,Algodão,8
2004-07-06,Algodão,BARREIRAS,(comum),arroba,"10,08",10.08,Algodão,8
2004-07-06,Algodão,BARREIRAS,Caroço,arroba,"52,38",52.38,Algodão,8
2004-07-06,Algodão,BARROCAS,Caroço,arroba,"44,60",44.6,Algodão,8
2004-07-07,Algodão,BARREIRAS,(comum),arroba,"10,08",10.08,Algodão,8
2004-07-07,Algodão,BARREIRAS,Caroço,arroba,"52,38",52.38,Algodão,8
2004-07-07,Algodão,BARROCAS,Caroço,arroba,"44,60",44.6,Algodão,8
2004-07-08,Algodão,BARREIRAS,(comum),arroba,"10,08",10.08,Algodão,8
2004-07-08,Algodão,BARREIRAS,Caroço,arroba,"52,38",52.38,Algodão,8
2004-07-08,Algodão,BARROCAS,Caroço,arroba,"44,60",44.6,Algodão,8
2004-07-09,Algodão,BARREIRAS,(comum),arroba,"10,08",10.08,Algodão,8
2004-07-09,Algodão,BARREIRAS,Caroço,arroba,"52,38",52.38,Algodão,8
2004-07-09,Algodão,BARROCAS,Caroço,arroba,"44,60",44.6,Algodão,8
2004-07-12,Algodão,BARREIRAS,(comum),arroba,"10,08",10.08,Algodão,8
2004-07-12,Algodão,BARREIRAS,Caroço,arroba,"52,38",52.38,Algodão,8
2004-07-12,Algodão,BARROCAS,Caroço,arroba,"44,60",44.6,Algodão,8
2004-07-13,Algodão,BARREIRAS,(comum),arroba,"10,08",10.08,Algodão,8
2004-07-13,Algodão,BARREIRAS,Caroço,arroba,"52,38",52.38,Algodão,8
2004-07-13,Algodão,BARROCAS,Caroço,arroba,"44,60",44.6,Algodão,8
2004-07-14,Algodão,BARREIRAS,(comum),arroba,"10,08",10.08,Algodão,8
2004-07-14,Algodão,BARREIRAS,Caroço,arroba,"52,38",52.38,Algodão,8
2004-07-14,Algodão,BARROCAS,Caroço,arroba,"44,60",44.6,Algodão,8
2004-07-15,Algodão,BARREIRAS,(comum),arroba,"10,08",10.08,Algodão,8
2004-07-15,Algodão,BARREIRAS,Caroço,arroba,"52,38",52.38,Algodão,8
2004-07-15,Algodão,BARROCAS,Caroço,arroba,"44,60",44.6,Algodão,8
2004-07-16,Algodão,BARREIRAS,(comum),arroba,"10,08",10.08,Algodão,8
2004-07-16,Algodão,BARREIRAS,Caroço,arroba,"52,38",52.38,Algodão,8
2004-07-16,Algodão,BARROCAS,Caroço,arroba,"44,60",44.6,Algodão,8
2004-07-19,Algodão,BARREIRAS,(comum),arroba,"10,08",10.08,Algodão,8
2004-07-19,Algodão,BARREIRAS,Caroço,arroba,"50,16",50.16,Algodão,8
2004-07-19,Algodão,BARROCAS,Caroço,arroba,"44,60",44.6,Algodão,8
2004-07-20,Algodão,BARREIRAS,(comum),arroba,"10,08",10.08,Algodão,8
2004-07-20,Algodão,BARREIRAS,Caroço,arroba,"50,16",50.16,Algodão,8
2004-07-20,Algodão,BARROCAS,Caroço,arroba,"44,60",44.6,Algodão,8
2004-07-21,Algodão,BARREIRAS,(comum),arroba,"10,08",10.08,Algodão,8
2004-07-21,Algodão,BARREIRAS,Caroço,arroba,"50,16",50.16,Algodão,8
2004-07-21,Algodão,BARROCAS,Caroço,arroba,"44,60",44.6,Algodão,8
2004-07-22,Algodão,BARREIRAS,(comum),arroba,"10,08",10.08,Algodão,8
2004-07-22,Algodão,BARREIRAS,Caroço,arroba,"50,16",50.16,Algodão,8
2004-07-22,Algodão,BARROCAS,Caroço,arroba,"44,60",44.6,Algodão,8
2004-07-23,Algodão,BARREIRAS,(comum),arroba,"10,08",10.08,Algodão,8
2004-07-23,Algodão,BARREIRAS,Caroço,arroba,"50,16",50.16,Algodão,8
2004-07-23,Algodão,BARROCAS,Caroço,arroba,"44,60",44.6,Algodão,8
2004-07-26,Algodão,BARREIRAS,(comum),arroba,"10,08",10.08,Algodão,8
2004-07-26,Algodão,BARREIRAS,Caroço,arroba,"48,90",48.9,Algodão,8
2004-07-26,Algodão,BARROCAS,Caroço,arroba,"44,60",44.6,Algodão,8
2004-07-27,Algodão,BARREIRAS,(comum),arroba,"10,08",10.08,Algodão,8
2004-07-27,Algodão,BARREIRAS,Caroço,arroba,"48,90",48.9,Algodão,8
2004-07-27,Algodão,BARROCAS,Caroço,arroba,"44,60",44.6,Algodão,8
2004-07-28,Algodão,BARREIRAS,(comum),arroba,"10,08",10.08,Algodão,8
2004-07-28,Algodão,BARREIRAS,Caroço,arroba,"48,90",48.9,Algodão,8
2004-07-28,Algodão,BARROCAS,Caroço,arroba,"44,60",44.6,Algodão,8
2004-07-29,Algodão,BARREIRAS,(comum),arroba,"10,08",10.08,Algodão,8
2004-07-29,Algodão,BARREIRAS,Caroço,arroba,"48,90",48.9,Algodão,8
2004-07-29,Algodão,BARROCAS,Caroço,arroba,"44,60",44.6,Algodão,8
2004-07-30,Algodão,BARREIRAS,(comum),arroba,"10,08",10.08,Algodão,8
2004-07-30,Algodão,BARREIRAS,Caroço,arroba,"48,90",48.9,Algodão,8
2004-07-30,Algodão,BARROCAS,Caroço,arroba,"44,60",44.6,Algodão,8
2004-08-02,Algodão,BARREIRAS,(comum),arroba,"10,08",10.08,Algodão,8
2004-08-02,Algodão,BARREIRAS,Caroço,arroba,"48,90",48.9,Algodão,8
2004-08-02,Algodão,BARROCAS,Caroço,arroba,"44,60",44.6,Algodão,8
2004-08-03,Algodão,BARREIRAS,(comum),arroba,"10,08",10.08,Algodão,8
2004-08-03,Algodão,BARREIRAS,Caroço,arroba,"48,90",48.9,Algodão,8
2004-08-03,Algodão,BARROCAS,Caroço,arroba,"44,60",44.6,Algodão,8
2004-08-04,Algodão,BARREIRAS,(comum),arroba,"10,08",10.08,Algodão,8
2004-08-04,Algodão,BARREIRAS,Caroço,arroba,"48,90",48.9,Algodão,8
2004-08-04,Algodão,BARROCAS,Caroço,arroba,"44,60",44.6,Algodão,8
2004-08-05,Algodão,BARREIRAS,(comum),arroba,"10,08",10.08,Algodão,8
2004-08-05,Algodão,BARREIRAS,Caroço,arroba,"48,90",48.9,Algodão,8
2004-08-05,Algodão,BARROCAS,Caroço,arroba,"44,60",44.6,Algodão,8
2004-08-06,Algodão,BARREIRAS,(comum),arroba,"10,08",10.08,Algodão,8
2004-08-06,Algodão,BARREIRAS,Caroço,arroba,"48,90",48.9,Algodão,8
2004-08-06,Algodão,BARROCAS,Caroço,arroba,"44,60",44.6,Algodão,8
2004-08-09,Algodão,BARREIRAS,(comum),arroba,"10,08",10.08,Algodão,8
2004-08-09,Algodão,BARREIRAS,Caroço,arroba,"48,90",48.9,Algodão,8
2004-08-09,Algodão,BARROCAS,Caroço,arroba,"44,60",44.6,Algodão,8
2004-08-10,Algodão,BARREIRAS,(comum),arroba,"10,08",10.08,Algodão,8
2004-08-10,Algodão,BARREIRAS,Caroço,arroba,"48,90",48.9,Algodão,8
2004-08-10,Algodão,BARROCAS,Caroço,arroba,"44,60",44.6,Algodão,8
2004-08-11,Algodão,BARREIRAS,(comum),arroba,"10,08",10.08,Algodão,8
2004-08-11,Algodão,BARREIRAS,Caroço,arroba,"48,90",48.9,Algodão,8
2004-08-11,Algodão,BARROCAS,Caroço,arroba,"44,60",44.6,Algodão,8
2004-08-12,Algodão,BARREIRAS,(comum),arroba,"10,08",10.08,Algodão,8
2004-08-12,Algodão,BARREIRAS,Caroço,arroba,"48,90",48.9,Algodão,8
2004-08-12,Algodão,BARROCAS,Caroço,arroba,"44,60",44.6,Algodão,8
2004-08-13,Algodão,BARREIRAS,(comum),arroba,"10,08",10.08,Algodão,8
2004-08-13,Algodão,BARREIRAS,Caroço,arroba,"48,90",48.9,Algodão,8
2004-08-13,Algodão,BARROCAS,Caroço,arroba,"44,60",44.6,Algodão,8
2004-08-16,Algodão,BARREIRAS,(comum),arroba,"10,08",10.08,Algodão,8
2004-08-16,Algodão,BARREIRAS,Caroço,arroba,"47,29",47.29,Algodão,8
2004-08-16,Algodão,BARROCAS,Caroço,arroba,"44,60",44.6,Algodão,8
2004-08-17,Algodão,BARREIRAS,(comum),arroba,"10,08",10.08,Algodão,8
2004-08-17,Algodão,BARREIRAS,Caroço,arroba,"47,29",47.29,Algodão,8
2004-08-17,Algodão,BARROCAS,Caroço,arroba,"44,60",44.6,Algodão,8
2004-08-18,Algodão,BARREIRAS,(comum),arroba,"10,08",10.08,Algodão,8
2004-08-18,Algodão,BARREIRAS,Caroço,arroba,"47,29",47.29,Algodão,8
2004-08-18,Algodão,BARROCAS,Caroço,arroba,"44,60",44.6,Algodão,8
2004-08-19,Algodão,BARREIRAS,(comum),arroba,"10,08",10.08,Algodão,8
2004-08-19,Algodão,BARREIRAS,Caroço,arroba,"47,29",47.29,Algodão,8
2004-08-19,Algodão,BARROCAS,Caroço,arroba,"44,60",44.6,Algodão,8
2004-08-20,Algodão,BARREIRAS,(comum),arroba,"10,08",10.08,Algodão,8
2004-08-20,Algodão,BARREIRAS,Caroço,arroba,"47,29",47.29,Algodão,8
2004-08-20,Algodão,BARROCAS,Caroço,arroba,"44,60",44.6,Algodão,8
2004-08-23,Algodão,BARREIRAS,(comum),arroba,"10,08",10.08,Algodão,8
2004-08-23,Algodão,BARREIRAS,Caroço,arroba,"47,29",47.29,Algodão,8
2004-08-23,Algodão,BARROCAS,Caroço,arroba,"44,60",44.6,Algodão,8
2004-08-24,Algodão,BARREIRAS,(comum),arroba,"10,08",10.08,Algodão,8
2004-08-24,Algodão,BARREIRAS,Caroço,arroba,"47,29",47.29,Algodão,8
2004-08-24,Algodão,BARROCAS,Caroço,arroba,"44,60",44.6,Algodão,8
2004-08-25,Algodão,BARREIRAS,(comum),arroba,"10,08",10.08,Algodão,8
2004-08-25,Algodão,BARREIRAS,Caroço,arroba,"47,29",47.29,Algodão,8
2004-08-25,Algodão,BARROCAS,Caroço,arroba,"44,60",44.6,Algodão,8
2004-08-26,Algodão,BARREIRAS,(comum),arroba,"10,08",10.08,Algodão,8
2004-08-26,Algodão,BARREIRAS,Caroço,arroba,"47,29",47.29,Algodão,8
2004-08-26,Algodão,BARROCAS,Caroço,arroba,"44,60",44.6,Algodão,8
2004-08-27,Algodão,BARREIRAS,(comum),arroba,"10,08",10.08,Algodão,8
2004-08-27,Algodão,BARREIRAS,Caroço,arroba,"47,29",47.29,Algodão,8
2004-08-27,Algodão,BARROCAS,Caroço,arroba,"44,60",44.6,Algodão,8
2004-08-30,Algodão,BARREIRAS,(comum),arroba,"10,08",10.08,Algodão,8
2004-08-30,Algodão,BARREIRAS,Caroço,arroba,"46,58",46.58,Algodão,8
2004-08-30,Algodão,BARROCAS,Caroço,arroba,"44,60",44.6,Algodão,8
2004-08-31,Algodão,BARREIRAS,(comum),arroba,"10,08",10.08,Algodão,8
2004-08-31,Algodão,BARREIRAS,Caroço,arroba,"46,58",46.58,Algodão,8
2004-08-31,Algodão,BARROCAS,Caroço,arroba,"44,60",44.6,Algodão,8
2004-09-01,Algodão,BARREIRAS,(comum),arroba,"10,08",10.08,Algodão,8
2004-09-01,Algodão,BARREIRAS,Caroço,arroba,"46,58",46.58,Algodão,8
2004-09-01,Algodão,BARROCAS,Caroço,arroba,"44,60",44.6,Algodão,8
2004-09-02,Algodão,BARREIRAS,(comum),arroba,"10,08",10.08,Algodão,8
2004-09-02,Algodão,BARREIRAS,Caroço,arroba,"46,58",46.58,Algodão,8
2004-09-02,Algodão,BARROCAS,Caroço,arroba,"44,60",44.6,Algodão,8
2004-09-03,Algodão,BARREIRAS,(comum),arroba,"10,08",10.08,Algodão,8
2004-09-03,Algodão,BARREIRAS,Caroço,arroba,"46,58",46.58,Algodão,8
2004-09-03,Algodão,BARROCAS,Caroço,arroba,"44,60",44.6,Algodão,8
2004-09-06,Algodão,BARREIRAS,(comum),arroba,"10,08",10.08,Algodão,8
2004-09-06,Algodão,BARREIRAS,Caroço,arroba,"46,58",46.58,Algodão,8
2004-09-06,Algodão,BARREIRAS,Pluma,arroba,"46,58",46.58,Algodão,8
2004-09-06,Algodão,BARROCAS,Caroço,arroba,"44,60",44.6,Algodão,8
2004-09-08,Algodão,BARREIRAS,Pluma,arroba,"46,58",46.58,Algodão,8
2004-09-08,Algodão,SALVADOR,Caroço,arroba,"10,08",10.08,Algodão,8
2004-09-08,Algodão,SALVADOR,Pluma,arroba,"44,60",44.6,Algodão,8
2004-09-09,Algodão,BARREIRAS,Pluma,arroba,"46,58",46.58,Algodão,8
2004-09-09,Algodão,SALVADOR,Caroço,arroba,"10,08",10.08,Algodão,8
2004-09-09,Algodão,SALVADOR,Pluma,arroba,"44,60",44.6,Algodão,8
2004-09-10,Algodão,BARREIRAS,Pluma,arroba,"46,58",46.58,Algodão,8
2004-09-10,Algodão,SALVADOR,Caroço,arroba,"10,08",10.08,Algodão,8
2004-09-10,Algodão,SALVADOR,Pluma,arroba,"44,60",44.6,Algodão,8
2004-09-13,Algodão,BARREIRAS,Pluma,arroba,"46,58",46.58,Algodão,8
2004-09-13,Algodão,SALVADOR,Caroço,arroba,"10,08",10.08,Algodão,8
2004-09-13,Algodão,SALVADOR,Pluma,arroba,"44,60",44.6,Algodão,8
2004-09-14,Algodão,BARREIRAS,Pluma,arroba,"46,58",46.58,Algodão,8
2004-09-14,Algodão,SALVADOR,Caroço,arroba,"10,08",10.08,Algodão,8
2004-09-14,Algodão,SALVADOR,Pluma,arroba,"44,60",44.6,Algodão,8
2004-09-15,Algodão,BARREIRAS,Pluma,arroba,"46,58",46.58,Algodão,8
2004-09-15,Algodão,SALVADOR,Caroço,arroba,"10,08",10.08,Algodão,8
2004-09-15,Algodão,SALVADOR,Pluma,arroba,"44,60",44.6,Algodão,8
2004-09-16,Algodão,BARREIRAS,Pluma,arroba,"46,58",46.58,Algodão,8
2004-09-16,Algodão,SALVADOR,Caroço,arroba,"10,08",10.08,Algodão,8
2004-09-16,Algodão,SALVADOR,Pluma,arroba,"44,60",44.6,Algodão,8
2004-09-17,Algodão,BARREIRAS,Pluma,arroba,"46,58",46.58,Algodão,8
2004-09-17,Algodão,SALVADOR,Caroço,arroba,"10,08",10.08,Algodão,8
2004-09-17,Algodão,SALVADOR,Pluma,arroba,"44,60",44.6,Algodão,8
2004-09-20,Algodão,BARREIRAS,Pluma,arroba,"49,27",49.27,Algodão,8
2004-09-20,Algodão,SALVADOR,Caroço,arroba,"10,08",10.08,Algodão,8
2004-09-20,Algodão,SALVADOR,Pluma,arroba,"44,60",44.6,Algodão,8
2004-09-21,Algodão,BARREIRAS,Pluma,arroba,"49,27",49.27,Algodão,8
2004-09-21,Algodão,SALVADOR,Caroço,arroba,"10,08",10.08,Algodão,8
2004-09-21,Algodão,SALVADOR,Pluma,arroba,"44,60",44.6,Algodão,8
2004-09-22,Algodão,BARREIRAS,Pluma,arroba,"49,27",49.27,Algodão,8
2004-09-22,Algodão,SALVADOR,Caroço,arroba,"10,08",10.08,Algodão,8
2004-09-22,Algodão,SALVADOR,Pluma,arroba,"44,60",44.6,Algodão,8
2004-09-23,Algodão,BARREIRAS,Pluma,arroba,"49,27",49.27,Algodão,8
2004-09-23,Algodão,SALVADOR,Caroço,arroba,"10,08",10.08,Algodão,8
2004-09-23,Algodão,SALVADOR,Pluma,arroba,"44,60",44.6,Algodão,8
2004-09-24,Algodão,BARREIRAS,Pluma,arroba,"49,27",49.27,Algodão,8
2004-09-24,Algodão,SALVADOR,Caroço,arroba,"10,08",10.08,Algodão,8
2004-09-24,Algodão,SALVADOR,Pluma,arroba,"44,60",44.6,Algodão,8
2004-09-27,Algodão,BARREIRAS,Pluma,arroba,"49,27",49.27,Algodão,8
2004-09-27,Algodão,SALVADOR,Caroço,arroba,"10,08",10.08,Algodão,8
2004-09-27,Algodão,SALVADOR,Pluma,arroba,"44,60",44.6,Algodão,8
2004-09-28,Algodão,BARREIRAS,Pluma,arroba,"49,27",49.27,Algodão,8
2004-09-28,Algodão,SALVADOR,Caroço,arroba,"10,08",10.08,Algodão,8
2004-09-28,Algodão,SALVADOR,Pluma,arroba,"44,60",44.6,Algodão,8
2004-09-29,Algodão,BARREIRAS,Pluma,arroba,"49,27",49.27,Algodão,8
2004-09-29,Algodão,SALVADOR,Caroço,arroba,"10,08",10.08,Algodão,8
2004-09-29,Algodão,SALVADOR,Pluma,arroba,"44,60",44.6,Algodão,8
2004-09-30,Algodão,BARREIRAS,Pluma,arroba,"49,27",49.27,Algodão,8
2004-09-30,Algodão,SALVADOR,Caroço,arroba,"10,08",10.08,Algodão,8
2004-09-30,Algodão,SALVADOR,Pluma,arroba,"44,60",44.6,Algodão,8
2004-10-01,Algodão,BARREIRAS,Pluma,arroba,"49,27",49.27,Algodão,8
2004-10-01,Algodão,SALVADOR,Caroço,arroba,"10,08",10.08,Algodão,8
2004-10-01,Algodão,SALVADOR,Pluma,arroba,"44,60",44.6,Algodão,8
2004-10-04,Algodão,BARREIRAS,Pluma,arroba,"45,96",45.96,Algodão,8
2004-10-04,Algodão,SALVADOR,Caroço,arroba,"10,08",10.08,Algodão,8
2004-10-04,Algodão,SALVADOR,Pluma,arroba,"44,60",44.6,Algodão,8
2004-10-05,Algodão,BARREIRAS,Pluma,arroba,"45,96",45.96,Algodão,8
2004-10-05,Algodão,SALVADOR,Caroço,arroba,"10,08",10.08,Algodão,8
2004-10-05,Algodão,SALVADOR,Pluma,arroba,"44,60",44.6,Algodão,8
2004-10-06,Algodão,BARREIRAS,Pluma,arroba,"45,96",45.96,Algodão,8
2004-10-06,Algodão,SALVADOR,Caroço,arroba,"10,08",10.08,Algodão,8
2004-10-06,Algodão,SALVADOR,Pluma,arroba,"44,60",44.6,Algodão,8
2004-10-07,Algodão,BARREIRAS,Pluma,arroba,"45,96",45.96,Algodão,8
2004-10-07,Algodão,SALVADOR,Caroço,arroba,"10,08",10.08,Algodão,8
2004-10-07,Algodão,SALVADOR,Pluma,arroba,"44,60",44.6,Algodão,8
2004-10-08,Algodão,BARREIRAS,Pluma,arroba,"45,96",45.96,Algodão,8
2004-10-08,Algodão,SALVADOR,Caroço,arroba,"10,08",10.08,Algodão,8
2004-10-08,Algodão,SALVADOR,Pluma,arroba,"44,60",44.6,Algodão,8
2004-10-11,Algodão,BARREIRAS,Pluma,arroba,"45,96",45.96,Algodão,8
2004-10-11,Algodão,SALVADOR,Caroço,arroba,"10,08",10.08,Algodão,8
2004-10-11,Algodão,SALVADOR,Pluma,arroba,"44,60",44.6,Algodão,8
2004-10-13,Algodão,BARREIRAS,Pluma,arroba,"45,96",45.96,Algodão,8
2004-10-13,Algodão,SALVADOR,Caroço,arroba,"10,08",10.08,Algodão,8
2004-10-13,Algodão,SALVADOR,Pluma,arroba,"44,60",44.6,Algodão,8
2004-10-14,Algodão,BARREIRAS,Pluma,arroba,"45,96",45.96,Algodão,8
2004-10-14,Algodão,SALVADOR,Caroço,arroba,"10,08",10.08,Algodão,8
2004-10-14,Algodão,SALVADOR,Pluma,arroba,"44,60",44.6,Algodão,8
2004-10-15,Algodão,BARREIRAS,Pluma,arroba,"45,96",45.96,Algodão,8
2004-10-15,Algodão,SALVADOR,Caroço,arroba,"10,08",10.08,Algodão,8
2004-10-15,Algodão,SALVADOR,Pluma,arroba,"44,60",44.6,Algodão,8
2004-10-18,Algodão,BARREIRAS,Pluma,arroba,"45,96",45.96,Algodão,8
2004-10-18,Algodão,SALVADOR,Caroço,arroba,"10,08",10.08,Algodão,8
2004-10-18,Algodão,SALVADOR,Pluma,arroba,"44,60",44.6,Algodão,8
2004-10-19,Algodão,BARREIRAS,Pluma,arroba,"45,96",45.96,Algodão,8
2004-10-19,Algodão,SALVADOR,Caroço,arroba,"10,08",10.08,Algodão,8
2004-10-19,Algodão,SALVADOR,Pluma,arroba,"44,60",44.6,Algodão,8
2004-10-20,Algodão,BARREIRAS,Pluma,arroba,"45,96",45.96,Algodão,8
2004-10-20,Algodão,SALVADOR,Caroço,arroba,"10,08",10.08,Algodão,8
2004-10-20,Algodão,SALVADOR,Pluma,arroba,"44,60",44.6,Algodão,8
2004-10-21,Algodão,BARREIRAS,Pluma,arroba,"45,96",45.96,Algodão,8
2004-10-21,Algodão,SALVADOR,Caroço,arroba,"10,08",10.08,Algodão,8
2004-10-21,Algodão,SALVADOR,Pluma,arroba,"44,60",44.6,Algodão,8
2004-10-22,Algodão,BARREIRAS,Pluma,arroba,"45,96",45.96,Algodão,8
2004-10-22,Algodão,SALVADOR,Caroço,arroba,"10,08",10.08,Algodão,8
2004-10-22,Algodão,SALVADOR,Pluma,arroba,"44,60",44.6,Algodão,8
2004-10-25,Algodão,BARREIRAS,Pluma,arroba,"45,96",45.96,Algodão,8
2004-10-25,Algodão,SALVADOR,Caroço,arroba,"10,08",10.08,Algodão,8
2004-10-25,Algodão,SALVADOR,Pluma,arroba,"44,60",44.6,Algodão,8
2004-10-26,Algodão,BARREIRAS,Pluma,arroba,"45,96",45.96,Algodão,8
2004-10-26,Algodão,SALVADOR,Caroço,arroba,"10,08",10.08,Algodão,8
2004-10-26,Algodão,SALVADOR,Pluma,arroba,"44,60",44.6,Algodão,8
2004-10-27,Algodão,BARREIRAS,Pluma,arroba,"45,96",45.96,Algodão,8
2004-10-27,Algodão,SALVADOR,Caroço,arroba,"10,08",10.08,Algodão,8
2004-10-27,Algodão,SALVADOR,Pluma,arroba,"44,60",44.6,Algodão,8
2004-10-28,Algodão,BARREIRAS,Pluma,arroba,"45,96",45.96,Algodão,8
2004-10-28,Algodão,SALVADOR,Caroço,arroba,"10,08",10.08,Algodão,8
2004-10-28,Algodão,SALVADOR,Pluma,arroba,"44,60",44.6,Algodão,8
2004-10-29,Algodão,BARREIRAS,Pluma,arroba,"45,96",45.96,Algodão,8
2004-10-29,Algodão,SALVADOR,Caroço,arroba,"10,08",10.08,Algodão,8
2004-10-29,Algodão,SALVADOR,Pluma,arroba,"44,60",44.6,Algodão,8
2004-11-03,Algodão,BARREIRAS,Pluma,arroba,"45,96",45.96,Algodão,8
2004-11-03,Algodão,SALVADOR,Caroço,arroba,"10,08",10.08,Algodão,8
2004-11-03,Algodão,SALVADOR,Pluma,arroba,"44,60",44.6,Algodão,8
2004-11-04,Algodão,BARREIRAS,Pluma,arroba,"45,96",45.96,Algodão,8
2004-11-04,Algodão,SALVADOR,Caroço,arroba,"10,08",10.08,Algodão,8
2004-11-04,Algodão,SALVADOR,Pluma,arroba,"44,60",44.6,Algodão,8
2004-11-05,Algodão,BARREIRAS,Pluma,arroba,"45,96",45.96,Algodão,8
2004-11-05,Algodão,SALVADOR,Caroço,arroba,"10,08",10.08,Algodão,8
2004-11-05,Algodão,SALVADOR,Pluma,arroba,"44,60",44.6,Algodão,8
2004-11-08,Algodão,BARREIRAS,Pluma,arroba,"41,67",41.67,Algodão,8
2004-11-08,Algodão,SALVADOR,Caroço,arroba,"10,08",10.08,Algodão,8
2004-11-08,Algodão,SALVADOR,Pluma,arroba,"44,60",44.6,Algodão,8
2004-11-09,Algodão,BARREIRAS,Pluma,arroba,"41,67",41.67,Algodão,8
2004-11-09,Algodão,SALVADOR,Caroço,arroba,"10,08",10.08,Algodão,8
2004-11-09,Algodão,SALVADOR,Pluma,arroba,"44,60",44.6,Algodão,8
2004-11-10,Algodão,BARREIRAS,Pluma,arroba,"41,67",41.67,Algodão,8
2004-11-10,Algodão,SALVADOR,Caroço,arroba,"10,08",10.08,Algodão,8
2004-11-10,Algodão,SALVADOR,Pluma,arroba,"44,60",44.6,Algodão,8
2004-11-11,Algodão,BARREIRAS,Pluma,arroba,"41,67",41.67,Algodão,8
2004-11-11,Algodão,SALVADOR,Caroço,arroba,"10,08",10.08,Algodão,8
2004-11-11,Algodão,SALVADOR,Pluma,arroba,"44,60",44.6,Algodão,8
2004-11-12,Algodão,BARREIRAS,Pluma,arroba,"41,67",41.67,Algodão,8
2004-11-12,Algodão,SALVADOR,Caroço,arroba,"10,08",10.08,Algodão,8
2004-11-12,Algodão,SALVADOR,Pluma,arroba,"44,60",44.6,Algodão,8
2004-11-16,Algodão,BARREIRAS,Pluma,arroba,"41,67",41.67,Algodão,8
2004-11-16,Algodão,SALVADOR,Caroço,arroba,"10,08",10.08,Algodão,8
2004-11-16,Algodão,SALVADOR,Pluma,arroba,"44,60",44.6,Algodão,8
2004-11-17,Algodão,BARREIRAS,Pluma,arroba,"41,67",41.67,Algodão,8
2004-11-17,Algodão,SALVADOR,Caroço,arroba,"10,08",10.08,Algodão,8
2004-11-17,Algodão,SALVADOR,Pluma,arroba,"44,60",44.6,Algodão,8
2004-11-18,Algodão,BARREIRAS,Pluma,arroba,"41,67",41.67,Algodão,8
2004-11-18,Algodão,SALVADOR,Caroço,arroba,"10,08",10.08,Algodão,8
2004-11-18,Algodão,SALVADOR,Pluma,arroba,"44,60",44.6,Algodão,8
2004-11-19,Algodão,BARREIRAS,Pluma,arroba,"41,10",41.1,Algodão,8
2004-11-19,Algodão,SALVADOR,Caroço,arroba,"10,08",10.08,Algodão,8
2004-11-19,Algodão,SALVADOR,Pluma,arroba,"44,60",44.6,Algodão,8
2004-11-22,Algodão,BARREIRAS,Pluma,arroba,"41,10",41.1,Algodão,8
2004-11-22,Algodão,SALVADOR,Caroço,arroba,"10,08",10.08,Algodão,8
2004-11-22,Algodão,SALVADOR,Pluma,arroba,"44,60",44.6,Algodão,8
2004-11-23,Algodão,BARREIRAS,Pluma,arroba,"41,10",41.1,Algodão,8
2004-11-23,Algodão,SALVADOR,Caroço,arroba,"10,08",10.08,Algodão,8
2004-11-23,Algodão,SALVADOR,Pluma,arroba,"44,60",44.6,Algodão,8
2004-11-24,Algodão,BARREIRAS,Pluma,arroba,"41,10",41.1,Algodão,8
2004-11-24,Algodão,SALVADOR,Caroço,arroba,"10,08",10.08,Algodão,8
2004-11-24,Algodão,SALVADOR,Pluma,arroba,"44,60",44.6,Algodão,8
2004-11-25,Algodão,BARREIRAS,Pluma,arroba,"41,10",41.1,Algodão,8
2004-11-25,Algodão,SALVADOR,Caroço,arroba,"10,08",10.08,Algodão,8
2004-11-25,Algodão,SALVADOR,Pluma,arroba,"44,60",44.6,Algodão,8
2004-11-26,Algodão,BARREIRAS,Pluma,arroba,"41,10",41.1,Algodão,8
2004-11-26,Algodão,SALVADOR,Caroço,arroba,"10,08",10.08,Algodão,8
2004-11-26,Algodão,SALVADOR,Pluma,arroba,"44,60",44.6,Algodão,8
2004-11-29,Algodão,BARREIRAS,Pluma,arroba,"41,10",41.1,Algodão,8
2004-11-29,Algodão,SALVADOR,Caroço,arroba,"10,08",10.08,Algodão,8
2004-11-29,Algodão,SALVADOR,Pluma,arroba,"44,60",44.6,Algodão,8
2004-11-30,Algodão,BARREIRAS,Pluma,arroba,"41,10",41.1,Algodão,8
2004-11-30,Algodão,SALVADOR,Caroço,arroba,"10,08",10.08,Algodão,8
2004-11-30,Algodão,SALVADOR,Pluma,arroba,"44,60",44.6,Algodão,8
2004-12-01,Algodão,BARREIRAS,Pluma,arroba,"41,10",41.1,Algodão,8
2004-12-01,Algodão,SALVADOR,Caroço,arroba,"10,08",10.08,Algodão,8
2004-12-01,Algodão,SALVADOR,Pluma,arroba,"44,60",44.6,Algodão,8
2004-12-02,Algodão,BARREIRAS,Pluma,arroba,"41,10",41.1,Algodão,8
2004-12-02,Algodão,SALVADOR,Caroço,arroba,"10,08",10.08,Algodão,8
2004-12-02,Algodão,SALVADOR,Pluma,arroba,"44,60",44.6,Algodão,8
2004-12-03,Algodão,BARREIRAS,Pluma,arroba,"41,10",41.1,Algodão,8
2004-12-03,Algodão,SALVADOR,Caroço,arroba,"10,08",10.08,Algodão,8
2004-12-03,Algodão,SALVADOR,Pluma,arroba,"44,60",44.6,Algodão,8
2004-12-06,Algodão,BARREIRAS,Pluma,arroba,"41,10",41.1,Algodão,8
2004-12-06,Algodão,SALVADOR,Caroço,arroba,"10,08",10.08,Algodão,8
2004-12-06,Algodão,SALVADOR,Pluma,arroba,"44,60",44.6,Algodão,8
2004-12-07,Algodão,BARREIRAS,Pluma,arroba,"41,10",41.1,Algodão,8
2004-12-07,Algodão,SALVADOR,Caroço,arroba,"10,08",10.08,Algodão,8
2004-12-07,Algodão,SALVADOR,Pluma,arroba,"44,60",44.6,Algodão,8
2004-12-09,Algodão,BARREIRAS,Pluma,arroba,"41,10",41.1,Algodão,8
2004-12-09,Algodão,SALVADOR,Caroço,arroba,"10,08",10.08,Algodão,8
2004-12-09,Algodão,SALVADOR,Pluma,arroba,"44,60",44.6,Algodão,8
2004-12-10,Algodão,BARREIRAS,Pluma,arroba,"41,10",41.1,Algodão,8
2004-12-10,Algodão,SALVADOR,Caroço,arroba,"10,08",10.08,Algodão,8
2004-12-10,Algodão,SALVADOR,Pluma,arroba,"44,60",44.6,Algodão,8
2004-12-13,Algodão,BARREIRAS,Pluma,arroba,"39,00",39.0,Algodão,8
2004-12-13,Algodão,SALVADOR,Caroço,arroba,"10,08",10.08,Algodão,8
2004-12-13,Algodão,SALVADOR,Pluma,arroba,"44,60",44.6,Algodão,8
2004-12-14,Algodão,BARREIRAS,Pluma,arroba,"39,00",39.0,Algodão,8
2004-12-14,Algodão,SALVADOR,Caroço,arroba,"10,08",10.08,Algodão,8
2004-12-14,Algodão,SALVADOR,Pluma,arroba,"44,60",44.6,Algodão,8
2004-12-15,Algodão,BARREIRAS,Pluma,arroba,"39,00",39.0,Algodão,8
2004-12-15,Algodão,SALVADOR,Caroço,arroba,"10,08",10.08,Algodão,8
2004-12-15,Algodão,SALVADOR,Pluma,arroba,"44,60",44.6,Algodão,8
2004-12-16,Algodão,BARREIRAS,Pluma,arroba,"39,00",39.0,Algodão,8
2004-12-16,Algodão,SALVADOR,Caroço,arroba,"10,08",10.08,Algodão,8
2004-12-16,Algodão,SALVADOR,Pluma,arroba,"44,60",44.6,Algodão,8
2004-12-17,Algodão,BARREIRAS,Pluma,arroba,"39,00",39.0,Algodão,8
2004-12-17,Algodão,SALVADOR,Caroço,arroba,"10,08",10.08,Algodão,8
2004-12-17,Algodão,SALVADOR,Pluma,arroba,"44,60",44.6,Algodão,8
2004-12-20,Algodão,BARREIRAS,Pluma,arroba,"39,00",39.0,Algodão,8
2004-12-20,Algodão,SALVADOR,Caroço,arroba,"10,08",10.08,Algodão,8
2004-12-20,Algodão,SALVADOR,Pluma,arroba,"44,60",44.6,Algodão,8
2004-12-21,Algodão,BARREIRAS,Pluma,arroba,"39,00",39.0,Algodão,8
2004-12-21,Algodão,SALVADOR,Caroço,arroba,"10,08",10.08,Algodão,8
2004-12-21,Algodão,SALVADOR,Pluma,arroba,"44,60",44.6,Algodão,8
2004-12-22,Algodão,BARREIRAS,Pluma,arroba,"39,00",39.0,Algodão,8
2004-12-22,Algodão,SALVADOR,Caroço,arroba,"10,08",10.08,Algodão,8
2004-12-22,Algodão,SALVADOR,Pluma,arroba,"44,60",44.6,Algodão,8
2004-12-23,Algodão,BARREIRAS,Pluma,arroba,"39,00",39.0,Algodão,8
2004-12-23,Algodão,SALVADOR,Caroço,arroba,"10,08",10.08,Algodão,8
2004-12-23,Algodão,SALVADOR,Pluma,arroba,"44,60",44.6,Algodão,8
2004-12-27,Algodão,BARREIRAS,Pluma,arroba,"39,00",39.0,Algodão,8
2004-12-27,Algodão,SALVADOR,Caroço,arroba,"10,08",10.08,Algodão,8
2004-12-27,Algodão,SALVADOR,Pluma,arroba,"44,60",44.6,Algodão,8
2004-12-28,Algodão,BARREIRAS,Pluma,arroba,"39,00",39.0,Algodão,8
2004-12-28,Algodão,SALVADOR,Caroço,arroba,"10,08",10.08,Algodão,8
2004-12-28,Algodão,SALVADOR,Pluma,arroba,"44,60",44.6,Algodão,8
2004-12-29,Algodão,BARREIRAS,Pluma,arroba,"39,00",39.0,Algodão,8
2004-12-29,Algodão,SALVADOR,Caroço,arroba,"10,08",10.08,Algodão,8
2004-12-29,Algodão,SALVADOR,Pluma,arroba,"44,60",44.6,Algodão,8
2004-12-30,Algodão,BARREIRAS,Pluma,arroba,"39,02",39.02,Algodão,8
2004-12-30,Algodão,SALVADOR,Caroço,arroba,"10,08",10.08,Algodão,8
2004-12-30,Algodão,SALVADOR,Pluma,arroba,"44,60",44.6,Algodão,8
2005-01-03,Algodão,BARREIRAS,(comum),arroba,"10,08",10.08,Algodão,8
2005-01-03,Algodão,BARREIRAS,Caroço,arroba,"39,02",39.02,Algodão,8
2005-01-03,Algodão,BARROCAS,Caroço,arroba,"44,60",44.6,Algodão,8
2005-01-04,Algodão,BARREIRAS,(comum),arroba,"10,08",10.08,Algodão,8
2005-01-04,Algodão,BARREIRAS,Caroço,arroba,"39,02",39.02,Algodão,8
2005-01-04,Algodão,BARROCAS,Caroço,arroba,"44,60",44.6,Algodão,8
2005-01-05,Algodão,BARREIRAS,(comum),arroba,"10,08",10.08,Algodão,8
2005-01-05,Algodão,BARREIRAS,Caroço,arroba,"39,02",39.02,Algodão,8
2005-01-05,Algodão,BARROCAS,Caroço,arroba,"44,60",44.6,Algodão,8
2005-01-06,Algodão,BARREIRAS,(comum),arroba,"10,08",10.08,Algodão,8
2005-01-06,Algodão,BARREIRAS,Caroço,arroba,"39,02",39.02,Algodão,8
2005-01-06,Algodão,BARROCAS,Caroço,arroba,"44,60",44.6,Algodão,8
2005-01-07,Algodão,BARREIRAS,(comum),arroba,"10,08",10.08,Algodão,8
2005-01-07,Algodão,BARREIRAS,Caroço,arroba,"39,02",39.02,Algodão,8
2005-01-07,Algodão,BARROCAS,Caroço,arroba,"44,60",44.6,Algodão,8
2005-01-10,Algodão,BARREIRAS,(comum),arroba,"10,08",10.08,Algodão,8
2005-01-10,Algodão,BARREIRAS,Caroço,arroba,"39,02",39.02,Algodão,8
2005-01-10,Algodão,BARROCAS,Caroço,arroba,"44,60",44.6,Algodão,8
2005-01-11,Algodão,BARREIRAS,(comum),arroba,"10,08",10.08,Algodão,8
2005-01-11,Algodão,BARREIRAS,Caroço,arroba,"39,02",39.02,Algodão,8
2005-01-11,Algodão,BARROCAS,Caroço,arroba,"44,60",44.6,Algodão,8
2005-01-12,Algodão,BARREIRAS,(comum),arroba,"10,08",10.08,Algodão,8
2005-01-12,Algodão,BARREIRAS,Caroço,arroba,"39,02",39.02,Algodão,8
2005-01-12,Algodão,BARROCAS,Caroço,arroba,"44,60",44.6,Algodão,8
2005-01-13,Algodão,BARREIRAS,(comum),arroba,"10,08",10.08,Algodão,8
2005-01-13,Algodão,BARREIRAS,Caroço,arroba,"39,02",39.02,Algodão,8
2005-01-13,Algodão,BARROCAS,Caroço,arroba,"44,60",44.6,Algodão,8
2005-01-14,Algodão,BARREIRAS,(comum),arroba,"10,08",10.08,Algodão,8
2005-01-14,Algodão,BARREIRAS,Caroço,arroba,"39,02",39.02,Algodão,8
2005-01-14,Algodão,BARROCAS,Caroço,arroba,"44,60",44.6,Algodão,8
2005-01-17,Algodão,BARREIRAS,(comum),arroba,"10,08",10.08,Algodão,8
2005-01-17,Algodão,BARREIRAS,Caroço,arroba,"39,02",39.02,Algodão,8
2005-01-17,Algodão,BARROCAS,Caroço,arroba,"44,60",44.6,Algodão,8
2005-01-18,Algodão,BARREIRAS,(comum),arroba,"10,08",10.08,Algodão,8
2005-01-18,Algodão,BARREIRAS,Caroço,arroba,"39,02",39.02,Algodão,8
2005-01-18,Algodão,BARROCAS,Caroço,arroba,"44,60",44.6,Algodão,8
2005-01-19,Algodão,BARREIRAS,(comum),arroba,"10,08",10.08,Algodão,8
2005-01-19,Algodão,BARREIRAS,Caroço,arroba,"39,02",39.02,Algodão,8
2005-01-19,Algodão,BARROCAS,Caroço,arroba,"44,60",44.6,Algodão,8
2005-01-20,Algodão,BARREIRAS,(comum),arroba,"10,08",10.08,Algodão,8
2005-01-20,Algodão,BARREIRAS,Caroço,arroba,"39,02",39.02,Algodão,8
2005-01-20,Algodão,BARROCAS,Caroço,arroba,"44,60",44.6,Algodão,8
2005-01-21,Algodão,BARREIRAS,(comum),arroba,"10,08",10.08,Algodão,8
2005-01-21,Algodão,BARREIRAS,Caroço,arroba,"39,02",39.02,Algodão,8
2005-01-21,Algodão,BARROCAS,Caroço,arroba,"44,60",44.6,Algodão,8
2005-01-24,Algodão,BARREIRAS,(comum),arroba,"10,08",10.08,Algodão,8
2005-01-24,Algodão,BARREIRAS,Caroço,arroba,"39,18",39.18,Algodão,8
2005-01-24,Algodão,BARROCAS,Caroço,arroba,"44,60",44.6,Algodão,8
2005-01-25,Algodão,BARREIRAS,(comum),arroba,"10,08",10.08,Algodão,8
2005-01-25,Algodão,BARREIRAS,Caroço,arroba,"39,18",39.18,Algodão,8
2005-01-25,Algodão,BARROCAS,Caroço,arroba,"44,60",44.6,Algodão,8
2005-01-26,Algodão,BARREIRAS,(comum),arroba,"10,08",10.08,Algodão,8
2005-01-26,Algodão,BARREIRAS,Caroço,arroba,"39,18",39.18,Algodão,8
2005-01-26,Algodão,BARROCAS,Caroço,arroba,"44,60",44.6,Algodão,8
2005-01-27,Algodão,BARREIRAS,(comum),arroba,"10,08",10.08,Algodão,8
2005-01-27,Algodão,BARREIRAS,Caroço,arroba,"39,18",39.18,Algodão,8
2005-01-27,Algodão,BARROCAS,Caroço,arroba,"44,60",44.6,Algodão,8
2005-01-28,Algodão,BARREIRAS,(comum),arroba,"10,08",10.08,Algodão,8
2005-01-28,Algodão,BARREIRAS,Caroço,arroba,"39,18",39.18,Algodão,8
2005-01-28,Algodão,BARROCAS,Caroço,arroba,"44,60",44.6,Algodão,8
2005-01-31,Algodão,BARREIRAS,(comum),arroba,"10,08",10.08,Algodão,8
2005-01-31,Algodão,BARREIRAS,Caroço,arroba,"39,18",39.18,Algodão,8
2005-01-31,Algodão,BARROCAS,Caroço,arroba,"44,60",44.6,Algodão,8
2005-02-01,Algodão,BARREIRAS,(comum),arroba,"10,08",10.08,Algodão,8
2005-02-01,Algodão,BARREIRAS,Caroço,arroba,"39,18",39.18,Algodão,8
2005-02-01,Algodão,BARROCAS,Caroço,arroba,"44,60",44.6,Algodão,8
2005-02-02,Algodão,BARREIRAS,(comum),arroba,"10,08",10.08,Algodão,8
2005-02-02,Algodão,BARREIRAS,Caroço,arroba,"39,18",39.18,Algodão,8
2005-02-02,Algodão,BARROCAS,Caroço,arroba,"44,60",44.6,Algodão,8
2005-02-03,Algodão,BARREIRAS,(comum),arroba,"10,08",10.08,Algodão,8
2005-02-03,Algodão,BARREIRAS,Caroço,arroba,"39,18",39.18,Algodão,8
2005-02-03,Algodão,BARROCAS,Caroço,arroba,"44,60",44.6,Algodão,8
2005-02-10,Algodão,BARREIRAS,(comum),arroba,"10,08",10.08,Algodão,8
2005-02-10,Algodão,BARREIRAS,Caroço,arroba,"39,18",39.18,Algodão,8
2005-02-10,Algodão,BARROCAS,Caroço,arroba,"44,60",44.6,Algodão,8
2005-02-11,Algodão,BARREIRAS,(comum),arroba,"10,08",10.08,Algodão,8
2005-02-11,Algodão,BARREIRAS,Caroço,arroba,"39,18",39.18,Algodão,8
2005-02-11,Algodão,BARROCAS,Caroço,arroba,"44,60",44.6,Algodão,8
2005-02-14,Algodão,BARREIRAS,(comum),arroba,"10,08",10.08,Algodão,8
2005-02-14,Algodão,BARREIRAS,Caroço,arroba,"39,18",39.18,Algodão,8
2005-02-14,Algodão,BARROCAS,Caroço,arroba,"44,60",44.6,Algodão,8
2005-02-15,Algodão,BARREIRAS,(comum),arroba,"10,08",10.08,Algodão,8
2005-02-15,Algodão,BARREIRAS,Caroço,arroba,"39,18",39.18,Algodão,8
2005-02-15,Algodão,BARROCAS,Caroço,arroba,"44,60",44.6,Algodão,8
2005-02-16,Algodão,BARREIRAS,(comum),arroba,"10,08",10.08,Algodão,8
2005-02-16,Algodão,BARREIRAS,Caroço,arroba,"39,18",39.18,Algodão,8
2005-02-16,Algodão,BARROCAS,Caroço,arroba,"44,60",44.6,Algodão,8
2005-02-17,Algodão,BARREIRAS,(comum),arroba,"10,08",10.08,Algodão,8
2005-02-17,Algodão,BARREIRAS,Caroço,arroba,"39,18",39.18,Algodão,8
2005-02-17,Algodão,BARROCAS,Caroço,arroba,"44,60",44.6,Algodão,8
2005-02-18,Algodão,BARREIRAS,(comum),arroba,"10,08",10.08,Algodão,8
2005-02-18,Algodão,BARREIRAS,Caroço,arroba,"39,18",39.18,Algodão,8
2005-02-18,Algodão,BARROCAS,Caroço,arroba,"44,60",44.6,Algodão,8
2005-02-21,Algodão,BARREIRAS,(comum),arroba,"10,08",10.08,Algodão,8
2005-02-21,Algodão,BARREIRAS,Caroço,arroba,"41,00",41.0,Algodão,8
2005-02-21,Algodão,BARROCAS,Caroço,arroba,"44,60",44.6,Algodão,8
2005-02-22,Algodão,BARREIRAS,(comum),arroba,"10,08",10.08,Algodão,8
2005-02-22,Algodão,BARREIRAS,Caroço,arroba,"41,00",41.0,Algodão,8
2005-02-22,Algodão,BARROCAS,Caroço,arroba,"44,60",44.6,Algodão,8
2005-02-23,Algodão,BARREIRAS,(comum),arroba,"10,08",10.08,Algodão,8
2005-02-23,Algodão,BARREIRAS,Caroço,arroba,"41,00",41.0,Algodão,8
2005-02-23,Algodão,BARROCAS,Caroço,arroba,"44,60",44.6,Algodão,8
2005-02-24,Algodão,BARREIRAS,(comum),arroba,"10,08",10.08,Algodão,8
2005-02-24,Algodão,BARREIRAS,Caroço,arroba,"41,00",41.0,Algodão,8
2005-02-24,Algodão,BARROCAS,Caroço,arroba,"44,60",44.6,Algodão,8
2005-02-25,Algodão,BARREIRAS,(comum),arroba,"10,08",10.08,Algodão,8
2005-02-25,Algodão,BARREIRAS,Caroço,arroba,"41,00",41.0,Algodão,8
2005-02-25,Algodão,BARROCAS,Caroço,arroba,"44,60",44.6,Algodão,8
2005-02-28,Algodão,BARREIRAS,(comum),arroba,"10,08",10.08,Algodão,8
2005-02-28,Algodão,BARREIRAS,Caroço,arroba,"41,00",41.0,Algodão,8
2005-02-28,Algodão,BARROCAS,Caroço,arroba,"44,60",44.6,Algodão,8
2005-03-01,Algodão,BARREIRAS,(comum),arroba,"10,08",10.08,Algodão,8
2005-03-01,Algodão,BARREIRAS,Caroço,arroba,"41,00",41.0,Algodão,8
2005-03-01,Algodão,BARROCAS,Caroço,arroba,"44,60",44.6,Algodão,8
2005-03-02,Algodão,BARREIRAS,(comum),arroba,"10,08",10.08,Algodão,8
2005-03-02,Algodão,BARREIRAS,Caroço,arroba,"41,00",41.0,Algodão,8
2005-03-02,Algodão,BARROCAS,Caroço,arroba,"44,60",44.6,Algodão,8
2005-03-03,Algodão,BARREIRAS,(comum),arroba,"10,08",10.08,Algodão,8
2005-03-03,Algodão,BARREIRAS,Caroço,arroba,"41,00",41.0,Algodão,8
2005-03-03,Algodão,BARROCAS,Caroço,arroba,"44,60",44.6,Algodão,8
2005-03-04,Algodão,BARREIRAS,(comum),arroba,"10,08",10.08,Algodão,8
2005-03-04,Algodão,BARREIRAS,Caroço,arroba,"41,00",41.0,Algodão,8
2005-03-04,Algodão,BARROCAS,Caroço,arroba,"44,60",44.6,Algodão,8
2005-03-07,Algodão,BARREIRAS,(comum),arroba,"10,08",10.08,Algodão,8
2005-03-07,Algodão,BARREIRAS,Caroço,arroba,"41,01",41.01,Algodão,8
2005-03-07,Algodão,BARROCAS,Caroço,arroba,"44,60",44.6,Algodão,8
2005-03-08,Algodão,BARREIRAS,(comum),arroba,"10,08",10.08,Algodão,8
2005-03-08,Algodão,BARREIRAS,Caroço,arroba,"41,01",41.01,Algodão,8
2005-03-08,Algodão,BARROCAS,Caroço,arroba,"44,60",44.6,Algodão,8
2005-03-09,Algodão,BARREIRAS,(comum),arroba,"10,08",10.08,Algodão,8
2005-03-09,Algodão,BARREIRAS,Caroço,arroba,"41,01",41.01,Algodão,8
2005-03-09,Algodão,BARROCAS,Caroço,arroba,"44,60",44.6,Algodão,8
2005-03-10,Algodão,BARREIRAS,(comum),arroba,"10,08",10.08,Algodão,8
2005-03-10,Algodão,BARREIRAS,Caroço,arroba,"41,01",41.01,Algodão,8
2005-03-10,Algodão,BARROCAS,Caroço,arroba,"44,60",44.6,Algodão,8
2005-03-11,Algodão,BARREIRAS,(comum),arroba,"10,08",10.08,Algodão,8
2005-03-11,Algodão,BARREIRAS,Caroço,arroba,"41,01",41.01,Algodão,8
2005-03-11,Algodão,BARROCAS,Caroço,arroba,"44,60",44.6,Algodão,8
2005-03-14,Algodão,BARREIRAS,(comum),arroba,"10,08",10.08,Algodão,8
2005-03-14,Algodão,BARREIRAS,Caroço,arroba,"38,36",38.36,Algodão,8
2005-03-14,Algodão,BARROCAS,Caroço,arroba,"44,60",44.6,Algodão,8
2005-03-15,Algodão,BARREIRAS,(comum),arroba,"10,08",10.08,Algodão,8
2005-03-15,Algodão,BARREIRAS,Caroço,arroba,"38,36",38.36,Algodão,8
2005-03-15,Algodão,BARROCAS,Caroço,arroba,"44,60",44.6,Algodão,8
2005-03-16,Algodão,BARREIRAS,(comum),arroba,"10,08",10.08,Algodão,8
2005-03-16,Algodão,BARREIRAS,Caroço,arroba,"38,36",38.36,Algodão,8
2005-03-16,Algodão,BARROCAS,Caroço,arroba,"44,60",44.6,Algodão,8
2005-03-17,Algodão,BARREIRAS,(comum),arroba,"10,08",10.08,Algodão,8
2005-03-17,Algodão,BARREIRAS,Caroço,arroba,"38,61",38.61,Algodão,8
2005-03-17,Algodão,BARROCAS,Caroço,arroba,"44,60",44.6,Algodão,8
2005-03-18,Algodão,BARREIRAS,(comum),arroba,"10,08",10.08,Algodão,8
2005-03-18,Algodão,BARREIRAS,Caroço,arroba,"38,61",38.61,Algodão,8
2005-03-18,Algodão,BARROCAS,Caroço,arroba,"44,60",44.6,Algodão,8
2005-03-21,Algodão,BARREIRAS,(comum),arroba,"10,08",10.08,Algodão,8
2005-03-21,Algodão,BARREIRAS,Caroço,arroba,"38,61",38.61,Algodão,8
2005-03-21,Algodão,BARROCAS,Caroço,arroba,"44,60",44.6,Algodão,8
2005-03-22,Algodão,BARREIRAS,(comum),arroba,"10,08",10.08,Algodão,8
2005-03-22,Algodão,BARREIRAS,Caroço,arroba,"38,36",38.36,Algodão,8
2005-03-22,Algodão,BARROCAS,Caroço,arroba,"44,60",44.6,Algodão,8
2005-03-23,Algodão,BARREIRAS,(comum),arroba,"10,08",10.08,Algodão,8
2005-03-23,Algodão,BARREIRAS,Caroço,arroba,"38,36",38.36,Algodão,8
2005-03-23,Algodão,BARROCAS,Caroço,arroba,"44,60",44.6,Algodão,8
2005-03-28,Algodão,BARREIRAS,(comum),arroba,"10,08",10.08,Algodão,8
2005-03-28,Algodão,BARREIRAS,Caroço,arroba,"38,26",38.26,Algodão,8
2005-03-28,Algodão,BARROCAS,Caroço,arroba,"44,60",44.6,Algodão,8
2005-03-29,Algodão,BARREIRAS,(comum),arroba,"10,08",10.08,Algodão,8
2005-03-29,Algodão,BARREIRAS,Caroço,arroba,"38,26",38.26,Algodão,8
2005-03-29,Algodão,BARROCAS,Caroço,arroba,"44,60",44.6,Algodão,8
2005-03-30,Algodão,BARREIRAS,(comum),arroba,"10,08",10.08,Algodão,8
2005-03-30,Algodão,BARREIRAS,Caroço,arroba,"38,26",38.26,Algodão,8
2005-03-30,Algodão,BARROCAS,Caroço,arroba,"44,60",44.6,Algodão,8
2005-03-31,Algodão,BARREIRAS,(comum),arroba,"10,08",10.08,Algodão,8
2005-03-31,Algodão,BARREIRAS,Caroço,arroba,"38,26",38.26,Algodão,8
2005-03-31,Algodão,BARROCAS,Caroço,arroba,"44,60",44.6,Algodão,8
2005-04-01,Algodão,BARREIRAS,(comum),arroba,"10,08",10.08,Algodão,8
2005-04-01,Algodão,BARREIRAS,Caroço,arroba,"38,26",38.26,Algodão,8
2005-04-01,Algodão,BARROCAS,Caroço,arroba,"44,60",44.6,Algodão,8
2005-04-04,Algodão,BARREIRAS,(comum),arroba,"10,08",10.08,Algodão,8
2005-04-04,Algodão,BARREIRAS,Caroço,arroba,"39,35",39.35,Algodão,8
2005-04-04,Algodão,BARROCAS,Caroço,arroba,"44,60",44.6,Algodão,8
2005-04-05,Algodão,BARREIRAS,(comum),arroba,"10,08",10.08,Algodão,8
2005-04-05,Algodão,BARREIRAS,Caroço,arroba,"39,35",39.35,Algodão,8
2005-04-05,Algodão,BARROCAS,Caroço,arroba,"44,60",44.6,Algodão,8
2005-04-06,Algodão,BARREIRAS,(comum),arroba,"10,08",10.08,Algodão,8
2005-04-06,Algodão,BARREIRAS,Caroço,arroba,"39,35",39.35,Algodão,8
2005-04-06,Algodão,BARROCAS,Caroço,arroba,"44,60",44.6,Algodão,8
2005-04-07,Algodão,BARREIRAS,(comum),arroba,"10,08",10.08,Algodão,8
2005-04-07,Algodão,BARREIRAS,Caroço,arroba,"39,35",39.35,Algodão,8
2005-04-07,Algodão,BARROCAS,Caroço,arroba,"44,60",44.6,Algodão,8
2005-04-08,Algodão,BARREIRAS,(comum),arroba,"10,08",10.08,Algodão,8
2005-04-08,Algodão,BARREIRAS,Caroço,arroba,"39,35",39.35,Algodão,8
2005-04-08,Algodão,BARROCAS,Caroço,arroba,"44,60",44.6,Algodão,8
2005-04-11,Algodão,BARREIRAS,(comum),arroba,"10,08",10.08,Algodão,8
2005-04-11,Algodão,BARREIRAS,Caroço,arroba,"39,35",39.35,Algodão,8
2005-04-11,Algodão,BARROCAS,Caroço,arroba,"44,60",44.6,Algodão,8
2005-04-12,Algodão,BARREIRAS,(comum),arroba,"10,08",10.08,Algodão,8
2005-04-12,Algodão,BARREIRAS,Caroço,arroba,"39,35",39.35,Algodão,8
2005-04-12,Algodão,BARROCAS,Caroço,arroba,"44,60",44.6,Algodão,8
2005-04-13,Algodão,BARREIRAS,(comum),arroba,"10,08",10.08,Algodão,8
2005-04-13,Algodão,BARREIRAS,Caroço,arroba,"39,35",39.35,Algodão,8
2005-04-13,Algodão,BARROCAS,Caroço,arroba,"44,60",44.6,Algodão,8
2005-04-14,Algodão,BARREIRAS,(comum),arroba,"10,08",10.08,Algodão,8
2005-04-14,Algodão,BARREIRAS,Caroço,arroba,"39,35",39.35,Algodão,8
2005-04-14,Algodão,BARROCAS,Caroço,arroba,"44,60",44.6,Algodão,8
2005-04-15,Algodão,BARREIRAS,(comum),arroba,"10,08",10.08,Algodão,8
2005-04-15,Algodão,BARREIRAS,Caroço,arroba,"39,35",39.35,Algodão,8
2005-04-15,Algodão,BARROCAS,Caroço,arroba,"44,60",44.6,Algodão,8
2005-04-18,Algodão,BARREIRAS,(comum),arroba,"10,08",10.08,Algodão,8
2005-04-18,Algodão,BARREIRAS,Caroço,arroba,"39,30",39.3,Algodão,8
2005-04-18,Algodão,BARROCAS,Caroço,arroba,"44,60",44.6,Algodão,8
2005-04-19,Algodão,BARREIRAS,(comum),arroba,"10,08",10.08,Algodão,8
2005-04-19,Algodão,BARREIRAS,Caroço,arroba,"39,30",39.3,Algodão,8
2005-04-19,Algodão,BARROCAS,Caroço,arroba,"44,60",44.6,Algodão,8
2005-04-20,Algodão,BARREIRAS,(comum),arroba,"10,08",10.08,Algodão,8
2005-04-20,Algodão,BARREIRAS,Caroço,arroba,"39,30",39.3,Algodão,8
2005-04-20,Algodão,BARROCAS,Caroço,arroba,"44,60",44.6,Algodão,8
2005-04-25,Algodão,BARREIRAS,(comum),arroba,"10,08",10.08,Algodão,8
2005-04-25,Algodão,BARREIRAS,Caroço,arroba,"39,35",39.35,Algodão,8
2005-04-25,Algodão,BARROCAS,Caroço,arroba,"44,60",44.6,Algodão,8
2005-04-26,Algodão,BARREIRAS,(comum),arroba,"10,08",10.08,Algodão,8
2005-04-26,Algodão,BARREIRAS,Caroço,arroba,"39,35",39.35,Algodão,8
2005-04-26,Algodão,BARROCAS,Caroço,arroba,"44,60",44.6,Algodão,8
2005-04-27,Algodão,BARREIRAS,(comum),arroba,"10,08",10.08,Algodão,8
2005-04-27,Algodão,BARREIRAS,Caroço,arroba,"39,35",39.35,Algodão,8
2005-04-27,Algodão,BARROCAS,Caroço,arroba,"44,60",44.6,Algodão,8
2005-04-28,Algodão,BARREIRAS,(comum),arroba,"10,08",10.08,Algodão,8
2005-04-28,Algodão,BARREIRAS,Caroço,arroba,"39,35",39.35,Algodão,8
2005-04-28,Algodão,BARROCAS,Caroço,arroba,"44,60",44.6,Algodão,8
2005-04-29,Algodão,BARREIRAS,(comum),arroba,"10,08",10.08,Algodão,8
2005-04-29,Algodão,BARREIRAS,Caroço,arroba,"39,35",39.35,Algodão,8
2005-04-29,Algodão,BARROCAS,Caroço,arroba,"44,60",44.6,Algodão,8
2005-05-02,Algodão,BARREIRAS,(comum),arroba,"10,08",10.08,Algodão,8
2005-05-02,Algodão,BARREIRAS,Caroço,arroba,"39,35",39.35,Algodão,8
2005-05-02,Algodão,BARROCAS,Caroço,arroba,"44,60",44.6,Algodão,8
2005-05-03,Algodão,BARREIRAS,(comum),arroba,"10,08",10.08,Algodão,8
2005-05-03,Algodão,BARREIRAS,Caroço,arroba,"39,35",39.35,Algodão,8
2005-05-03,Algodão,BARROCAS,Caroço,arroba,"44,60",44.6,Algodão,8
2005-05-04,Algodão,BARREIRAS,(comum),arroba,"10,08",10.08,Algodão,8
2005-05-04,Algodão,BARREIRAS,Caroço,arroba,"39,35",39.35,Algodão,8
2005-05-04,Algodão,BARROCAS,Caroço,arroba,"44,60",44.6,Algodão,8
2005-05-05,Algodão,BARREIRAS,(comum),arroba,"10,08",10.08,Algodão,8
2005-05-05,Algodão,BARREIRAS,Caroço,arroba,"39,35",39.35,Algodão,8
2005-05-05,Algodão,BARROCAS,Caroço,arroba,"44,60",44.6,Algodão,8
2005-05-06,Algodão,BARREIRAS,(comum),arroba,"10,08",10.08,Algodão,8
2005-05-06,Algodão,BARREIRAS,Caroço,arroba,"39,35",39.35,Algodão,8
2005-05-06,Algodão,BARROCAS,Caroço,arroba,"44,60",44.6,Algodão,8
2005-05-09,Algodão,BARREIRAS,(comum),arroba,"10,08",10.08,Algodão,8
2005-05-09,Algodão,BARREIRAS,Caroço,arroba,"39,30",39.3,Algodão,8
2005-05-09,Algodão,BARROCAS,Caroço,arroba,"44,60",44.6,Algodão,8
2005-05-10,Algodão,BARREIRAS,(comum),arroba,"10,08",10.08,Algodão,8
2005-05-10,Algodão,BARREIRAS,Caroço,arroba,"39,30",39.3,Algodão,8
2005-05-10,Algodão,BARROCAS,Caroço,arroba,"44,60",44.6,Algodão,8
2005-05-11,Algodão,BARREIRAS,(comum),arroba,"10,08",10.08,Algodão,8
2005-05-11,Algodão,BARREIRAS,Caroço,arroba,"39,30",39.3,Algodão,8
2005-05-11,Algodão,BARROCAS,Caroço,arroba,"44,60",44.6,Algodão,8
2005-05-12,Algodão,BARREIRAS,(comum),arroba,"10,08",10.08,Algodão,8
2005-05-12,Algodão,BARREIRAS,Caroço,arroba,"39,30",39.3,Algodão,8
2005-05-12,Algodão,BARROCAS,Caroço,arroba,"44,60",44.6,Algodão,8
2005-05-13,Algodão,BARREIRAS,(comum),arroba,"10,08",10.08,Algodão,8
2005-05-13,Algodão,BARREIRAS,Caroço,arroba,"39,30",39.3,Algodão,8
2005-05-13,Algodão,BARROCAS,Caroço,arroba,"44,60",44.6,Algodão,8
2005-05-16,Algodão,BARREIRAS,(comum),arroba,"10,08",10.08,Algodão,8
2005-05-16,Algodão,BARREIRAS,Caroço,arroba,"36,38",36.38,Algodão,8
2005-05-16,Algodão,BARROCAS,Caroço,arroba,"44,60",44.6,Algodão,8
2005-05-17,Algodão,BARREIRAS,(comum),arroba,"10,08",10.08,Algodão,8
2005-05-17,Algodão,BARREIRAS,Caroço,arroba,"36,38",36.38,Algodão,8
2005-05-17,Algodão,BARROCAS,Caroço,arroba,"44,60",44.6,Algodão,8
2005-05-18,Algodão,BARREIRAS,(comum),arroba,"10,08",10.08,Algodão,8
2005-05-18,Algodão,BARREIRAS,Caroço,arroba,"36,38",36.38,Algodão,8
2005-05-18,Algodão,BARROCAS,Caroço,arroba,"44,60",44.6,Algodão,8
2005-05-19,Algodão,BARREIRAS,(comum),arroba,"10,08",10.08,Algodão,8
2005-05-19,Algodão,BARREIRAS,Caroço,arroba,"36,38",36.38,Algodão,8
2005-05-19,Algodão,BARROCAS,Caroço,arroba,"44,60",44.6,Algodão,8
2005-05-20,Algodão,BARREIRAS,(comum),arroba,"10,08",10.08,Algodão,8
2005-05-20,Algodão,BARREIRAS,Caroço,arroba,"36,38",36.38,Algodão,8
2005-05-20,Algodão,BARROCAS,Caroço,arroba,"44,60",44.6,Algodão,8
2005-05-23,Algodão,BARREIRAS,(comum),arroba,"10,08",10.08,Algodão,8
2005-05-23,Algodão,BARREIRAS,Caroço,arroba,"36,38",36.38,Algodão,8
2005-05-23,Algodão,BARROCAS,Caroço,arroba,"44,60",44.6,Algodão,8
2005-05-24,Algodão,BARREIRAS,(comum),arroba,"10,08",10.08,Algodão,8
2005-05-24,Algodão,BARREIRAS,Caroço,arroba,"36,38",36.38,Algodão,8
2005-05-24,Algodão,BARROCAS,Caroço,arroba,"44,60",44.6,Algodão,8
2005-05-25,Algodão,BARREIRAS,(comum),arroba,"10,08",10.08,Algodão,8
2005-05-25,Algodão,BARREIRAS,Caroço,arroba,"36,38",36.38,Algodão,8
2005-05-25,Algodão,BARROCAS,Caroço,arroba,"44,60",44.6,Algodão,8
2005-05-30,Algodão,BARREIRAS,(comum),arroba,"10,08",10.08,Algodão,8
2005-05-30,Algodão,BARREIRAS,Caroço,arroba,"36,38",36.38,Algodão,8
2005-05-30,Algodão,BARROCAS,Caroço,arroba,"44,60",44.6,Algodão,8
2005-05-31,Algodão,BARREIRAS,(comum),arroba,"10,08",10.08,Algodão,8
2005-05-31,Algodão,BARREIRAS,Caroço,arroba,"36,38",36.38,Algodão,8
2005-05-31,Algodão,BARROCAS,Caroço,arroba,"44,60",44.6,Algodão,8
2005-06-01,Algodão,BARREIRAS,(comum),arroba,"10,08",10.08,Algodão,8
2005-06-01,Algodão,BARREIRAS,Caroço,arroba,"36,38",36.38,Algodão,8
2005-06-01,Algodão,BARROCAS,Caroço,arroba,"44,60",44.6,Algodão,8
2005-06-02,Algodão,BARREIRAS,(comum),arroba,"10,08",10.08,Algodão,8
2005-06-02,Algodão,BARREIRAS,Caroço,arroba,"36,38",36.38,Algodão,8
2005-06-02,Algodão,BARROCAS,Caroço,arroba,"44,60",44.6,Algodão,8
2005-06-03,Algodão,BARREIRAS,(comum),arroba,"10,08",10.08,Algodão,8
2005-06-03,Algodão,BARREIRAS,Caroço,arroba,"36,38",36.38,Algodão,8
2005-06-03,Algodão,BARROCAS,Caroço,arroba,"44,60",44.6,Algodão,8
2005-06-06,Algodão,BARREIRAS,(comum),arroba,"10,08",10.08,Algodão,8
2005-06-06,Algodão,BARREIRAS,Caroço,arroba,"36,38",36.38,Algodão,8
2005-06-06,Algodão,BARROCAS,Caroço,arroba,"44,60",44.6,Algodão,8
2005-06-07,Algodão,BARREIRAS,(comum),arroba,"10,08",10.08,Algodão,8
2005-06-07,Algodão,BARREIRAS,Caroço,arroba,"33,73",33.73,Algodão,8
2005-06-07,Algodão,BARROCAS,Caroço,arroba,"44,60",44.6,Algodão,8
2005-06-08,Algodão,BARREIRAS,(comum),arroba,"10,08",10.08,Algodão,8
2005-06-08,Algodão,BARREIRAS,Caroço,arroba,"33,73",33.73,Algodão,8
2005-06-08,Algodão,BARROCAS,Caroço,arroba,"44,60",44.6,Algodão,8
2005-06-09,Algodão,BARREIRAS,(comum),arroba,"10,08",10.08,Algodão,8
2005-06-09,Algodão,BARREIRAS,Caroço,arroba,"36,38",36.38,Algodão,8
2005-06-09,Algodão,BARROCAS,Caroço,arroba,"44,60",44.6,Algodão,8
2005-06-10,Algodão,BARREIRAS,(comum),arroba,"10,08",10.08,Algodão,8
2005-06-10,Algodão,BARREIRAS,Caroço,arroba,"42,00",42.0,Algodão,8
2005-06-10,Algodão,BARROCAS,Caroço,arroba,"44,60",44.6,Algodão,8
2005-06-13,Algodão,BARREIRAS,(comum),arroba,"10,08",10.08,Algodão,8
2005-06-13,Algodão,BARREIRAS,Caroço,arroba,"42,00",42.0,Algodão,8
2005-06-13,Algodão,BARROCAS,Caroço,arroba,"44,60",44.6,Algodão,8
2005-06-14,Algodão,BARREIRAS,(comum),arroba,"10,08",10.08,Algodão,8
2005-06-14,Algodão,BARREIRAS,Caroço,arroba,"42,00",42.0,Algodão,8
2005-06-14,Algodão,BARROCAS,Caroço,arroba,"44,60",44.6,Algodão,8
2005-06-15,Algodão,BARREIRAS,(comum),arroba,"10,08",10.08,Algodão,8
2005-06-15,Algodão,BARREIRAS,Caroço,arroba,"42,00",42.0,Algodão,8
2005-06-15,Algodão,BARROCAS,Caroço,arroba,"44,60",44.6,Algodão,8
2005-06-16,Algodão,BARREIRAS,(comum),arroba,"10,08",10.08,Algodão,8
2005-06-16,Algodão,BARREIRAS,Caroço,arroba,"42,00",42.0,Algodão,8
2005-06-16,Algodão,BARROCAS,Caroço,arroba,"44,60",44.6,Algodão,8
2005-06-17,Algodão,BARREIRAS,(comum),arroba,"10,08",10.08,Algodão,8
2005-06-17,Algodão,BARREIRAS,Caroço,arroba,"42,00",42.0,Algodão,8
2005-06-17,Algodão,BARROCAS,Caroço,arroba,"44,60",44.6,Algodão,8
2005-06-20,Algodão,BARREIRAS,(comum),arroba,"10,08",10.08,Algodão,8
2005-06-20,Algodão,BARREIRAS,Caroço,arroba,"35,73",35.73,Algodão,8
2005-06-20,Algodão,BARROCAS,Caroço,arroba,"44,60",44.6,Algodão,8
2005-06-21,Algodão,BARREIRAS,(comum),arroba,"10,08",10.08,Algodão,8
2005-06-21,Algodão,BARREIRAS,Caroço,arroba,"35,73",35.73,Algodão,8
2005-06-21,Algodão,BARROCAS,Caroço,arroba,"44,60",44.6,Algodão,8
2005-06-22,Algodão,BARREIRAS,(comum),arroba,"10,08",10.08,Algodão,8
2005-06-22,Algodão,BARREIRAS,Caroço,arroba,"35,73",35.73,Algodão,8
2005-06-22,Algodão,BARROCAS,Caroço,arroba,"44,60",44.6,Algodão,8
2005-06-27,Algodão,BARREIRAS,(comum),arroba,"10,08",10.08,Algodão,8
2005-06-27,Algodão,BARREIRAS,Caroço,arroba,"35,73",35.73,Algodão,8
2005-06-27,Algodão,BARROCAS,Caroço,arroba,"44,60",44.6,Algodão,8
2005-06-28,Algodão,BARREIRAS,(comum),arroba,"10,08",10.08,Algodão,8
2005-06-28,Algodão,BARREIRAS,Caroço,arroba,"35,73",35.73,Algodão,8
2005-06-28,Algodão,BARROCAS,Caroço,arroba,"44,60",44.6,Algodão,8
2005-06-29,Algodão,BARREIRAS,(comum),arroba,"10,08",10.08,Algodão,8
2005-06-29,Algodão,BARREIRAS,Caroço,arroba,"35,73",35.73,Algodão,8
2005-06-29,Algodão,BARROCAS,Caroço,arroba,"44,60",44.6,Algodão,8
2005-06-30,Algodão,BARREIRAS,(comum),arroba,"10,08",10.08,Algodão,8
2005-06-30,Algodão,BARREIRAS,Caroço,arroba,"35,73",35.73,Algodão,8
2005-06-30,Algodão,BARROCAS,Caroço,arroba,"44,60",44.6,Algodão,8
2005-07-01,Algodão,BARREIRAS,(comum),arroba,"10,08",10.08,Algodão,8
2005-07-01,Algodão,BARREIRAS,Caroço,arroba,"35,73",35.73,Algodão,8
2005-07-01,Algodão,BARROCAS,Caroço,arroba,"44,60",44.6,Algodão,8
2005-07-04,Algodão,BARREIRAS,(comum),arroba,"10,08",10.08,Algodão,8
2005-07-04,Algodão,BARREIRAS,Caroço,arroba,"35,73",35.73,Algodão,8
2005-07-04,Algodão,BARROCAS,Caroço,arroba,"44,60",44.6,Algodão,8
2005-07-05,Algodão,BARREIRAS,(comum),arroba,"10,08",10.08,Algodão,8
2005-07-05,Algodão,BARREIRAS,Caroço,arroba,"35,73",35.73,Algodão,8
2005-07-05,Algodão,BARROCAS,Caroço,arroba,"44,60",44.6,Algodão,8
2005-07-06,Algodão,BARREIRAS,(comum),arroba,"10,08",10.08,Algodão,8
2005-07-06,Algodão,BARREIRAS,Caroço,arroba,"35,73",35.73,Algodão,8
2005-07-06,Algodão,BARROCAS,Caroço,arroba,"44,60",44.6,Algodão,8
2005-07-07,Algodão,BARREIRAS,(comum),arroba,"10,08",10.08,Algodão,8
2005-07-07,Algodão,BARREIRAS,Caroço,arroba,"35,73",35.73,Algodão,8
2005-07-07,Algodão,BARROCAS,Caroço,arroba,"44,60",44.6,Algodão,8
2005-07-08,Algodão,BARREIRAS,(comum),arroba,"10,08",10.08,Algodão,8
2005-07-08,Algodão,BARREIRAS,Caroço,arroba,"35,73",35.73,Algodão,8
2005-07-08,Algodão,BARROCAS,Caroço,arroba,"44,60",44.6,Algodão,8
2005-07-11,Algodão,BARREIRAS,(comum),arroba,"10,08",10.08,Algodão,8
2005-07-11,Algodão,BARREIRAS,Caroço,arroba,"35,73",35.73,Algodão,8
2005-07-11,Algodão,BARROCAS,Caroço,arroba,"44,60",44.6,Algodão,8
2005-07-12,Algodão,BARREIRAS,(comum),arroba,"10,08",10.08,Algodão,8
2005-07-12,Algodão,BARREIRAS,Caroço,arroba,"35,73",35.73,Algodão,8
2005-07-12,Algodão,BARROCAS,Caroço,arroba,"44,60",44.6,Algodão,8
2005-07-13,Algodão,BARREIRAS,(comum),arroba,"10,08",10.08,Algodão,8
2005-07-13,Algodão,BARREIRAS,Caroço,arroba,"35,73",35.73,Algodão,8
2005-07-13,Algodão,BARROCAS,Caroço,arroba,"44,60",44.6,Algodão,8
2005-07-14,Algodão,BARREIRAS,(comum),arroba,"10,08",10.08,Algodão,8
2005-07-14,Algodão,BARREIRAS,Caroço,arroba,"35,73",35.73,Algodão,8
2005-07-14,Algodão,BARROCAS,Caroço,arroba,"44,60",44.6,Algodão,8
2005-07-15,Algodão,BARREIRAS,(comum),arroba,"10,08",10.08,Algodão,8
2005-07-15,Algodão,BARREIRAS,Caroço,arroba,"35,73",35.73,Algodão,8
2005-07-15,Algodão,BARROCAS,Caroço,arroba,"44,60",44.6,Algodão,8
2005-07-18,Algodão,BARREIRAS,(comum),arroba,"10,08",10.08,Algodão,8
2005-07-18,Algodão,BARREIRAS,Caroço,arroba,"35,73",35.73,Algodão,8
2005-07-18,Algodão,BARROCAS,Caroço,arroba,"44,60",44.6,Algodão,8
2005-07-19,Algodão,BARREIRAS,(comum),arroba,"10,08",10.08,Algodão,8
2005-07-19,Algodão,BARREIRAS,Caroço,arroba,"35,73",35.73,Algodão,8
2005-07-19,Algodão,BARROCAS,Caroço,arroba,"44,60",44.6,Algodão,8
2005-07-20,Algodão,BARREIRAS,(comum),arroba,"10,08",10.08,Algodão,8
2005-07-20,Algodão,BARREIRAS,Caroço,arroba,"35,73",35.73,Algodão,8
2005-07-20,Algodão,BARROCAS,Caroço,arroba,"44,60",44.6,Algodão,8
2005-07-21,Algodão,BARREIRAS,(comum),arroba,"10,08",10.08,Algodão,8
2005-07-21,Algodão,BARREIRAS,Caroço,arroba,"35,73",35.73,Algodão,8
2005-07-21,Algodão,BARROCAS,Caroço,arroba,"44,60",44.6,Algodão,8
2005-07-22,Algodão,BARREIRAS,(comum),arroba,"10,08",10.08,Algodão,8
2005-07-22,Algodão,BARREIRAS,Caroço,arroba,"35,73",35.73,Algodão,8
2005-07-22,Algodão,BARROCAS,Caroço,arroba,"44,60",44.6,Algodão,8
2005-07-25,Algodão,BARREIRAS,(comum),arroba,"10,08",10.08,Algodão,8
2005-07-25,Algodão,BARREIRAS,Caroço,arroba,"36,38",36.38,Algodão,8
2005-07-25,Algodão,BARROCAS,Caroço,arroba,"44,60",44.6,Algodão,8
2005-07-26,Algodão,BARREIRAS,(comum),arroba,"10,08",10.08,Algodão,8
2005-07-26,Algodão,BARREIRAS,Caroço,arroba,"36,38",36.38,Algodão,8
2005-07-26,Algodão,BARROCAS,Caroço,arroba,"44,60",44.6,Algodão,8
2005-07-27,Algodão,BARREIRAS,(comum),arroba,"10,08",10.08,Algodão,8
2005-07-27,Algodão,BARREIRAS,Caroço,arroba,"36,38",36.38,Algodão,8
2005-07-27,Algodão,BARROCAS,Caroço,arroba,"44,60",44.6,Algodão,8
2005-07-28,Algodão,BARREIRAS,(comum),arroba,"10,08",10.08,Algodão,8
2005-07-28,Algodão,BARREIRAS,Caroço,arroba,"36,38",36.38,Algodão,8
2005-07-28,Algodão,BARROCAS,Caroço,arroba,"44,60",44.6,Algodão,8
2005-07-29,Algodão,BARREIRAS,(comum),arroba,"10,08",10.08,Algodão,8
2005-07-29,Algodão,BARREIRAS,Caroço,arroba,"36,38",36.38,Algodão,8
2005-07-29,Algodão,BARROCAS,Caroço,arroba,"44,60",44.6,Algodão,8
2005-08-01,Algodão,BARREIRAS,(comum),arroba,"10,08",10.08,Algodão,8
2005-08-01,Algodão,BARREIRAS,Caroço,arroba,"35,38",35.38,Algodão,8
2005-08-01,Algodão,BARROCAS,Caroço,arroba,"44,60",44.6,Algodão,8
2005-08-02,Algodão,BARREIRAS,(comum),arroba,"10,08",10.08,Algodão,8
2005-08-02,Algodão,BARREIRAS,Caroço,arroba,"35,38",35.38,Algodão,8
2005-08-02,Algodão,BARROCAS,Caroço,arroba,"44,60",44.6,Algodão,8
2005-08-03,Algodão,BARREIRAS,(comum),arroba,"10,08",10.08,Algodão,8
2005-08-03,Algodão,BARREIRAS,Caroço,arroba,"35,38",35.38,Algodão,8
2005-08-03,Algodão,BARROCAS,Caroço,arroba,"44,60",44.6,Algodão,8
2005-08-04,Algodão,BARREIRAS,(comum),arroba,"10,08",10.08,Algodão,8
2005-08-04,Algodão,BARREIRAS,Caroço,arroba,"35,38",35.38,Algodão,8
2005-08-04,Algodão,BARROCAS,Caroço,arroba,"44,60",44.6,Algodão,8
2005-08-05,Algodão,BARREIRAS,Caroço,arroba,"35,38",35.38,Algodão,8
2005-08-08,Algodão,BARREIRAS,Caroço,arroba,"35,38",35.38,Algodão,8
2005-08-09,Algodão,BARREIRAS,Caroço,arroba,"35,38",35.38,Algodão,8
2005-08-10,Algodão,BARREIRAS,Caroço,arroba,"35,38",35.38,Algodão,8
2005-08-11,Algodão,BARREIRAS,Caroço,arroba,"35,38",35.38,Algodão,8
2005-08-12,Algodão,BARREIRAS,Caroço,arroba,"35,38",35.38,Algodão,8
2005-08-15,Algodão,BARREIRAS,Caroço,arroba,"35,38",35.38,Algodão,8
2005-08-16,Algodão,BARREIRAS,Caroço,arroba,"35,38",35.38,Algodão,8
2005-08-17,Algodão,BARREIRAS,Caroço,arroba,"35,38",35.38,Algodão,8
2005-08-18,Algodão,BARREIRAS,Caroço,arroba,"35,38",35.38,Algodão,8
2005-08-19,Algodão,BARREIRAS,Caroço,arroba,"35,38",35.38,Algodão,8
2005-08-22,Algodão,BARREIRAS,Caroço,arroba,"35,38",35.38,Algodão,8
2005-08-23,Algodão,BARREIRAS,Caroço,arroba,"35,38",35.38,Algodão,8
2005-08-24,Algodão,BARREIRAS,Caroço,arroba,"35,38",35.38,Algodão,8
2005-08-25,Algodão,BARREIRAS,Caroço,arroba,"35,38",35.38,Algodão,8
2005-08-26,Algodão,BARREIRAS,Caroço,arroba,"35,38",35.38,Algodão,8
2005-08-29,Algodão,BARREIRAS,Caroço,arroba,"35,38",35.38,Algodão,8
2005-08-30,Algodão,BARREIRAS,Caroço,arroba,"35,38",35.38,Algodão,8
2005-08-31,Algodão,BARREIRAS,Caroço,arroba,"35,38",35.38,Algodão,8
2005-09-01,Algodão,BARREIRAS,Caroço,arroba,"35,38",35.38,Algodão,8
2005-09-05,Algodão,BARREIRAS,Caroço,arroba,"34,10",34.1,Algodão,8
2005-09-06,Algodão,BARREIRAS,Caroço,arroba,"34,10",34.1,Algodão,8
2005-09-08,Algodão,BARREIRAS,Caroço,arroba,"34,10",34.1,Algodão,8
2005-09-09,Algodão,BARREIRAS,Caroço,arroba,"34,10",34.1,Algodão,8
2005-09-12,Algodão,BARREIRAS,Caroço,arroba,"34,10",34.1,Algodão,8
2005-09-13,Algodão,BARREIRAS,Caroço,arroba,"34,10",34.1,Algodão,8
2005-09-14,Algodão,BARREIRAS,Caroço,arroba,"34,10",34.1,Algodão,8
2005-09-15,Algodão,BARREIRAS,Caroço,arroba,"34,10",34.1,Algodão,8
2005-09-16,Algodão,BARREIRAS,Caroço,arroba,"34,10",34.1,Algodão,8
2005-09-19,Algodão,BARREIRAS,Caroço,arroba,"34,10",34.1,Algodão,8
2005-09-20,Algodão,BARREIRAS,Caroço,arroba,"34,10",34.1,Algodão,8
2005-09-21,Algodão,BARREIRAS,Caroço,arroba,"34,10",34.1,Algodão,8
2005-09-22,Algodão,BARREIRAS,Caroço,arroba,"34,10",34.1,Algodão,8
2005-09-23,Algodão,BARREIRAS,Caroço,arroba,"34,10",34.1,Algodão,8
2005-09-26,Algodão,BARREIRAS,Caroço,arroba,"33,73",33.73,Algodão,8
2005-09-26,Algodão,BARREIRAS,Pluma,arroba,"15,00",15.0,Algodão,8
2005-09-27,Algodão,BARREIRAS,Caroço,arroba,"33,73",33.73,Algodão,8
2005-09-27,Algodão,BARREIRAS,Pluma,arroba,"15,00",15.0,Algodão,8
2005-09-28,Algodão,BARREIRAS,Caroço,arroba,"33,73",33.73,Algodão,8
2005-09-28,Algodão,BARREIRAS,Pluma,arroba,"15,00",15.0,Algodão,8
2005-09-29,Algodão,BARREIRAS,Caroço,arroba,"33,73",33.73,Algodão,8
2005-09-29,Algodão,BARREIRAS,Pluma,arroba,"15,00",15.0,Algodão,8
2005-09-30,Algodão,BARREIRAS,Caroço,arroba,"33,73",33.73,Algodão,8
2005-09-30,Algodão,BARREIRAS,Pluma,arroba,"15,00",15.0,Algodão,8
2005-10-03,Algodão,BARREIRAS,Caroço,arroba,"33,10",33.1,Algodão,8
2005-10-03,Algodão,BARREIRAS,Pluma,arroba,"14,50",14.5,Algodão,8
2005-10-04,Algodão,BARREIRAS,Caroço,arroba,"33,10",33.1,Algodão,8
2005-10-04,Algodão,BARREIRAS,Pluma,arroba,"14,50",14.5,Algodão,8
2005-10-05,Algodão,BARREIRAS,Caroço,arroba,"33,10",33.1,Algodão,8
2005-10-05,Algodão,BARREIRAS,Pluma,arroba,"14,50",14.5,Algodão,8
2005-10-06,Algodão,BARREIRAS,Caroço,arroba,"33,10",33.1,Algodão,8
2005-10-06,Algodão,BARREIRAS,Pluma,arroba,"14,50",14.5,Algodão,8
2005-10-07,Algodão,BARREIRAS,Caroço,arroba,"33,10",33.1,Algodão,8
2005-10-07,Algodão,BARREIRAS,Pluma,arroba,"14,50",14.5,Algodão,8
2005-10-10,Algodão,BARREIRAS,Caroço,arroba,"33,10",33.1,Algodão,8
2005-10-10,Algodão,BARREIRAS,Pluma,arroba,"14,50",14.5,Algodão,8
2005-10-11,Algodão,BARREIRAS,Caroço,arroba,"33,10",33.1,Algodão,8
2005-10-11,Algodão,BARREIRAS,Pluma,arroba,"14,50",14.5,Algodão,8
2005-10-13,Algodão,BARREIRAS,Caroço,arroba,"33,10",33.1,Algodão,8
2005-10-13,Algodão,BARREIRAS,Pluma,arroba,"14,50",14.5,Algodão,8
2005-10-14,Algodão,BARREIRAS,Caroço,arroba,"33,10",33.1,Algodão,8
2005-10-14,Algodão,BARREIRAS,Pluma,arroba,"14,50",14.5,Algodão,8
2005-10-17,Algodão,BARREIRAS,Caroço,arroba,"33,20",33.2,Algodão,8
2005-10-17,Algodão,BARREIRAS,Pluma,arroba,"14,80",14.8,Algodão,8
2005-10-18,Algodão,BARREIRAS,Caroço,arroba,"33,20",33.2,Algodão,8
2005-10-18,Algodão,BARREIRAS,Pluma,arroba,"14,80",14.8,Algodão,8
2005-10-19,Algodão,BARREIRAS,Caroço,arroba,"33,20",33.2,Algodão,8
2005-10-19,Algodão,BARREIRAS,Pluma,arroba,"14,80",14.8,Algodão,8
2005-10-20,Algodão,BARREIRAS,Caroço,arroba,"33,20",33.2,Algodão,8
2005-10-20,Algodão,BARREIRAS,Pluma,arroba,"14,80",14.8,Algodão,8
2005-10-21,Algodão,BARREIRAS,Caroço,arroba,"33,20",33.2,Algodão,8
2005-10-21,Algodão,BARREIRAS,Pluma,arroba,"14,80",14.8,Algodão,8
2005-10-24,Algodão,BARREIRAS,Caroço,arroba,"32,80",32.8,Algodão,8
2005-10-24,Algodão,BARREIRAS,Pluma,arroba,"14,50",14.5,Algodão,8
2005-10-25,Algodão,BARREIRAS,Caroço,arroba,"32,80",32.8,Algodão,8
2005-10-25,Algodão,BARREIRAS,Pluma,arroba,"14,50",14.5,Algodão,8
2005-10-26,Algodão,BARREIRAS,Caroço,arroba,"32,80",32.8,Algodão,8
2005-10-26,Algodão,BARREIRAS,Pluma,arroba,"14,50",14.5,Algodão,8
2005-10-27,Algodão,BARREIRAS,Caroço,arroba,"32,80",32.8,Algodão,8
2005-10-27,Algodão,BARREIRAS,Pluma,arroba,"14,50",14.5,Algodão,8
2005-10-31,Algodão,BARREIRAS,Caroço,arroba,"33,00",33.0,Algodão,8
2005-10-31,Algodão,BARREIRAS,Pluma,arroba,"14,30",14.3,Algodão,8
2005-11-01,Algodão,BARREIRAS,Caroço,arroba,"33,00",33.0,Algodão,8
2005-11-01,Algodão,BARREIRAS,Pluma,arroba,"14,30",14.3,Algodão,8
2005-11-03,Algodão,BARREIRAS,Caroço,arroba,"33,00",33.0,Algodão,8
2005-11-03,Algodão,BARREIRAS,Pluma,arroba,"14,30",14.3,Algodão,8
2005-11-04,Algodão,BARREIRAS,Caroço,arroba,"33,00",33.0,Algodão,8
2005-11-04,Algodão,BARREIRAS,Pluma,arroba,"14,30",14.3,Algodão,8
2005-11-07,Algodão,BARREIRAS,Caroço,arroba,"33,07",33.07,Algodão,8
2005-11-07,Algodão,BARREIRAS,Pluma,arroba,"14,30",14.3,Algodão,8
2005-11-08,Algodão,BARREIRAS,Caroço,arroba,"33,07",33.07,Algodão,8
2005-11-08,Algodão,BARREIRAS,Pluma,arroba,"14,30",14.3,Algodão,8
2005-11-09,Algodão,BARREIRAS,Caroço,arroba,"33,07",33.07,Algodão,8
2005-11-09,Algodão,BARREIRAS,Pluma,arroba,"14,30",14.3,Algodão,8
2005-11-10,Algodão,BARREIRAS,Caroço,arroba,"33,07",33.07,Algodão,8
2005-11-10,Algodão,BARREIRAS,Pluma,arroba,"14,30",14.3,Algodão,8
2005-11-11,Algodão,BARREIRAS,Caroço,arroba,"33,07",33.07,Algodão,8
2005-11-11,Algodão,BARREIRAS,Pluma,arroba,"14,30",14.3,Algodão,8
2005-11-16,Algodão,BARREIRAS,Caroço,arroba,"33,07",33.07,Algodão,8
2005-11-16,Algodão,BARREIRAS,Pluma,arroba,"14,30",14.3,Algodão,8
2005-11-17,Algodão,BARREIRAS,Caroço,arroba,"33,05",33.05,Algodão,8
2005-11-17,Algodão,BARREIRAS,Pluma,arroba,"14,50",14.5,Algodão,8
2005-11-18,Algodão,BARREIRAS,Caroço,arroba,"33,05",33.05,Algodão,8
2005-11-18,Algodão,BARREIRAS,Pluma,arroba,"14,50",14.5,Algodão,8
2005-11-21,Algodão,BARREIRAS,Caroço,arroba,"33,05",33.05,Algodão,8
2005-11-21,Algodão,BARREIRAS,Pluma,arroba,"14,50",14.5,Algodão,8
2005-11-22,Algodão,BARREIRAS,Caroço,arroba,"33,05",33.05,Algodão,8
2005-11-22,Algodão,BARREIRAS,Pluma,arroba,"14,50",14.5,Algodão,8
2005-11-23,Algodão,BARREIRAS,Caroço,arroba,"33,05",33.05,Algodão,8
2005-11-23,Algodão,BARREIRAS,Pluma,arroba,"14,50",14.5,Algodão,8
2005-11-24,Algodão,BARREIRAS,Caroço,arroba,"33,05",33.05,Algodão,8
2005-11-24,Algodão,BARREIRAS,Pluma,arroba,"14,50",14.5,Algodão,8
2005-11-25,Algodão,BARREIRAS,Caroço,arroba,"33,05",33.05,Algodão,8
2005-11-25,Algodão,BARREIRAS,Pluma,arroba,"14,50",14.5,Algodão,8
2005-11-28,Algodão,BARREIRAS,Caroço,arroba,"33,00",33.0,Algodão,8
2005-11-28,Algodão,BARREIRAS,Pluma,arroba,"14,50",14.5,Algodão,8
2005-11-29,Algodão,BARREIRAS,Caroço,arroba,"33,00",33.0,Algodão,8
2005-11-29,Algodão,BARREIRAS,Pluma,arroba,"14,50",14.5,Algodão,8
2005-11-30,Algodão,BARREIRAS,Caroço,arroba,"33,00",33.0,Algodão,8
2005-11-30,Algodão,BARREIRAS,Pluma,arroba,"14,50",14.5,Algodão,8
2005-12-01,Algodão,BARREIRAS,Caroço,arroba,"33,00",33.0,Algodão,8
2005-12-01,Algodão,BARREIRAS,Pluma,arroba,"14,50",14.5,Algodão,8
2005-12-02,Algodão,BARREIRAS,Caroço,arroba,"33,00",33.0,Algodão,8
2005-12-02,Algodão,BARREIRAS,Pluma,arroba,"14,50",14.5,Algodão,8
2005-12-05,Algodão,BARREIRAS,Caroço,arroba,"33,03",33.03,Algodão,8
2005-12-05,Algodão,BARREIRAS,Pluma,arroba,"14,50",14.5,Algodão,8
2005-12-06,Algodão,BARREIRAS,Caroço,arroba,"33,03",33.03,Algodão,8
2005-12-06,Algodão,BARREIRAS,Pluma,arroba,"14,50",14.5,Algodão,8
2005-12-07,Algodão,BARREIRAS,Caroço,arroba,"33,03",33.03,Algodão,8
2005-12-07,Algodão,BARREIRAS,Pluma,arroba,"14,50",14.5,Algodão,8
2005-12-09,Algodão,BARREIRAS,Caroço,arroba,"33,03",33.03,Algodão,8
2005-12-09,Algodão,BARREIRAS,Pluma,arroba,"14,50",14.5,Algodão,8
2005-12-12,Algodão,BARREIRAS,Caroço,arroba,"33,07",33.07,Algodão,8
2005-12-12,Algodão,BARREIRAS,Pluma,arroba,"14,80",14.8,Algodão,8
2005-12-13,Algodão,BARREIRAS,Caroço,arroba,"33,07",33.07,Algodão,8
2005-12-13,Algodão,BARREIRAS,Pluma,arroba,"14,80",14.8,Algodão,8
2005-12-14,Algodão,BARREIRAS,Caroço,arroba,"33,07",33.07,Algodão,8
2005-12-14,Algodão,BARREIRAS,Pluma,arroba,"14,80",14.8,Algodão,8
2005-12-15,Algodão,BARREIRAS,Caroço,arroba,"33,07",33.07,Algodão,8
2005-12-15,Algodão,BARREIRAS,Pluma,arroba,"14,80",14.8,Algodão,8
2005-12-16,Algodão,BARREIRAS,Caroço,arroba,"33,07",33.07,Algodão,8
2005-12-16,Algodão,BARREIRAS,Pluma,arroba,"14,80",14.8,Algodão,8
2005-12-19,Algodão,BARREIRAS,Caroço,arroba,"33,07",33.07,Algodão,8
2005-12-19,Algodão,BARREIRAS,Pluma,arroba,"14,80",14.8,Algodão,8
2005-12-20,Algodão,BARREIRAS,Caroço,arroba,"33,07",33.07,Algodão,8
2005-12-20,Algodão,BARREIRAS,Pluma,arroba,"14,80",14.8,Algodão,8
2005-12-21,Algodão,BARREIRAS,Caroço,arroba,"33,07",33.07,Algodão,8
2005-12-21,Algodão,BARREIRAS,Pluma,arroba,"14,80",14.8,Algodão,8
2005-12-22,Algodão,BARREIRAS,Caroço,arroba,"33,07",33.07,Algodão,8
2005-12-22,Algodão,BARREIRAS,Pluma,arroba,"14,80",14.8,Algodão,8
2005-12-26,Algodão,BARREIRAS,Caroço,arroba,"33,20",33.2,Algodão,8
2005-12-26,Algodão,BARREIRAS,Pluma,arroba,"15,00",15.0,Algodão,8
2005-12-27,Algodão,BARREIRAS,Caroço,arroba,"33,20",33.2,Algodão,8
2005-12-27,Algodão,BARREIRAS,Pluma,arroba,"15,00",15.0,Algodão,8
2005-12-28,Algodão,BARREIRAS,Caroço,arroba,"33,20",33.2,Algodão,8
2005-12-28,Algodão,BARREIRAS,Pluma,arroba,"15,00",15.0,Algodão,8
2005-12-29,Algodão,BARREIRAS,Caroço,arroba,"33,20",33.2,Algodão,8
2005-12-29,Algodão,BARREIRAS,Pluma,arroba,"15,00",15.0,Algodão,8
2006-01-02,Algodão,BARREIRAS,Caroço,arroba,"35,71",35.71,Algodão,8
2006-01-02,Algodão,BARREIRAS,Pluma,arroba,"15,00",15.0,Algodão,8
2006-01-03,Algodão,BARREIRAS,Caroço,arroba,"35,71",35.71,Algodão,8
2006-01-03,Algodão,BARREIRAS,Pluma,arroba,"15,00",15.0,Algodão,8
2006-01-04,Algodão,BARREIRAS,Caroço,arroba,"35,71",35.71,Algodão,8
2006-01-04,Algodão,BARREIRAS,Pluma,arroba,"15,00",15.0,Algodão,8
2006-01-05,Algodão,BARREIRAS,Caroço,arroba,"35,71",35.71,Algodão,8
2006-01-05,Algodão,BARREIRAS,Pluma,arroba,"15,00",15.0,Algodão,8
2006-01-06,Algodão,BARREIRAS,Caroço,arroba,"35,71",35.71,Algodão,8
2006-01-06,Algodão,BARREIRAS,Pluma,arroba,"15,00",15.0,Algodão,8
2006-01-09,Algodão,BARREIRAS,Caroço,arroba,"35,71",35.71,Algodão,8
2006-01-09,Algodão,BARREIRAS,Pluma,arroba,"15,00",15.0,Algodão,8
2006-01-10,Algodão,BARREIRAS,Caroço,arroba,"33,05",33.05,Algodão,8
2006-01-10,Algodão,BARREIRAS,Pluma,arroba,"15,00",15.0,Algodão,8
2006-01-11,Algodão,BARREIRAS,Caroço,arroba,"33,05",33.05,Algodão,8
2006-01-11,Algodão,BARREIRAS,Pluma,arroba,"15,00",15.0,Algodão,8
2006-01-12,Algodão,BARREIRAS,Caroço,arroba,"33,05",33.05,Algodão,8
2006-01-12,Algodão,BARREIRAS,Pluma,arroba,"15,00",15.0,Algodão,8
2006-01-13,Algodão,BARREIRAS,Caroço,arroba,"33,05",33.05,Algodão,8
2006-01-13,Algodão,BARREIRAS,Pluma,arroba,"15,00",15.0,Algodão,8
2006-01-16,Algodão,BARREIRAS,Caroço,arroba,"33,05",33.05,Algodão,8
2006-01-16,Algodão,BARREIRAS,Pluma,arroba,"15,00",15.0,Algodão,8
2006-01-17,Algodão,BARREIRAS,Caroço,arroba,"33,05",33.05,Algodão,8
2006-01-17,Algodão,BARREIRAS,Pluma,arroba,"15,00",15.0,Algodão,8
2006-01-18,Algodão,BARREIRAS,Caroço,arroba,"33,05",33.05,Algodão,8
2006-01-18,Algodão,BARREIRAS,Pluma,arroba,"15,00",15.0,Algodão,8
2006-01-19,Algodão,BARREIRAS,Caroço,arroba,"33,05",33.05,Algodão,8
2006-01-19,Algodão,BARREIRAS,Pluma,arroba,"15,00",15.0,Algodão,8
2006-01-20,Algodão,BARREIRAS,Caroço,arroba,"33,05",33.05,Algodão,8
2006-01-20,Algodão,BARREIRAS,Pluma,arroba,"15,00",15.0,Algodão,8
2006-01-23,Algodão,BARREIRAS,Caroço,arroba,"45,30",45.3,Algodão,8
2006-01-23,Algodão,BARREIRAS,Pluma,arroba,"15,00",15.0,Algodão,8
2006-01-24,Algodão,BARREIRAS,Caroço,arroba,"45,30",45.3,Algodão,8
2006-01-24,Algodão,BARREIRAS,Pluma,arroba,"15,00",15.0,Algodão,8
2006-01-25,Algodão,BARREIRAS,Caroço,arroba,"45,30",45.3,Algodão,8
2006-01-25,Algodão,BARREIRAS,Pluma,arroba,"15,00",15.0,Algodão,8
2006-01-26,Algodão,BARREIRAS,Caroço,arroba,"45,30",45.3,Algodão,8
2006-01-26,Algodão,BARREIRAS,Pluma,arroba,"15,00",15.0,Algodão,8
2006-01-27,Algodão,BARREIRAS,Caroço,arroba,"45,30",45.3,Algodão,8
2006-01-27,Algodão,BARREIRAS,Pluma,arroba,"15,00",15.0,Algodão,8
2006-01-30,Algodão,BARREIRAS,Caroço,arroba,"45,50",45.5,Algodão,8
2006-01-30,Algodão,BARREIRAS,Pluma,arroba,"15,00",15.0,Algodão,8
2006-01-31,Algodão,BARREIRAS,Caroço,arroba,"45,50",45.5,Algodão,8
2006-01-31,Algodão,BARREIRAS,Pluma,arroba,"15,00",15.0,Algodão,8
2006-02-01,Algodão,BARREIRAS,Caroço,arroba,"45,50",45.5,Algodão,8
2006-02-01,Algodão,BARREIRAS,Pluma,arroba,"15,00",15.0,Algodão,8
2006-02-02,Algodão,BARREIRAS,Caroço,arroba,"45,50",45.5,Algodão,8
2006-02-02,Algodão,BARREIRAS,Pluma,arroba,"15,00",15.0,Algodão,8
2006-02-03,Algodão,BARREIRAS,Caroço,arroba,"45,50",45.5,Algodão,8
2006-02-03,Algodão,BARREIRAS,Pluma,arroba,"15,00",15.0,Algodão,8
2006-02-06,Algodão,BARREIRAS,Caroço,arroba,"45,00",45.0,Algodão,8
2006-02-06,Algodão,BARREIRAS,Pluma,arroba,"15,00",15.0,Algodão,8
2006-02-07,Algodão,BARREIRAS,Caroço,arroba,"45,00",45.0,Algodão,8
2006-02-07,Algodão,BARREIRAS,Pluma,arroba,"15,00",15.0,Algodão,8
2006-02-08,Algodão,BARREIRAS,Caroço,arroba,"45,00",45.0,Algodão,8
2006-02-08,Algodão,BARREIRAS,Pluma,arroba,"15,00",15.0,Algodão,8
2006-02-09,Algodão,BARREIRAS,Caroço,arroba,"45,00",45.0,Algodão,8
2006-02-09,Algodão,BARREIRAS,Pluma,arroba,"15,00",15.0,Algodão,8
2006-02-10,Algodão,BARREIRAS,Caroço,arroba,"45,00",45.0,Algodão,8
2006-02-10,Algodão,BARREIRAS,Pluma,arroba,"15,00",15.0,Algodão,8
2006-02-13,Algodão,BARREIRAS,Caroço,arroba,"45,50",45.5,Algodão,8
2006-02-13,Algodão,BARREIRAS,Pluma,arroba,"15,20",15.2,Algodão,8
2006-02-14,Algodão,BARREIRAS,Caroço,arroba,"45,50",45.5,Algodão,8
2006-02-14,Algodão,BARREIRAS,Pluma,arroba,"15,20",15.2,Algodão,8
2006-02-15,Algodão,BARREIRAS,Caroço,arroba,"45,50",45.5,Algodão,8
2006-02-15,Algodão,BARREIRAS,Pluma,arroba,"15,20",15.2,Algodão,8
2006-02-16,Algodão,BARREIRAS,Caroço,arroba,"45,50",45.5,Algodão,8
2006-02-16,Algodão,BARREIRAS,Pluma,arroba,"15,20",15.2,Algodão,8
2006-02-17,Algodão,BARREIRAS,Caroço,arroba,"45,50",45.5,Algodão,8
2006-02-17,Algodão,BARREIRAS,Pluma,arroba,"15,20",15.2,Algodão,8
2006-02-20,Algodão,BARREIRAS,Caroço,arroba,"45,60",45.6,Algodão,8
2006-02-20,Algodão,BARREIRAS,Pluma,arroba,"15,30",15.3,Algodão,8
2006-02-21,Algodão,BARREIRAS,Caroço,arroba,"45,60",45.6,Algodão,8
2006-02-21,Algodão,BARREIRAS,Pluma,arroba,"15,30",15.3,Algodão,8
2006-02-22,Algodão,BARREIRAS,Caroço,arroba,"45,60",45.6,Algodão,8
2006-02-22,Algodão,BARREIRAS,Pluma,arroba,"15,30",15.3,Algodão,8
2006-02-23,Algodão,BARREIRAS,Caroço,arroba,"45,60",45.6,Algodão,8
2006-02-23,Algodão,BARREIRAS,Pluma,arroba,"15,30",15.3,Algodão,8
2006-03-02,Algodão,BARREIRAS,Caroço,arroba,"44,31",44.31,Algodão,8
2006-03-02,Algodão,BARREIRAS,Pluma,arroba,"15,00",15.0,Algodão,8
2006-03-03,Algodão,BARREIRAS,Caroço,arroba,"44,31",44.31,Algodão,8
2006-03-03,Algodão,BARREIRAS,Pluma,arroba,"15,00",15.0,Algodão,8
2006-03-06,Algodão,BARREIRAS,Caroço,arroba,"44,30",44.3,Algodão,8
2006-03-06,Algodão,BARREIRAS,Pluma,arroba,"15,00",15.0,Algodão,8
2006-03-07,Algodão,BARREIRAS,Caroço,arroba,"44,30",44.3,Algodão,8
2006-03-07,Algodão,BARREIRAS,Pluma,arroba,"15,00",15.0,Algodão,8
2006-03-08,Algodão,BARREIRAS,Caroço,arroba,"44,30",44.3,Algodão,8
2006-03-08,Algodão,BARREIRAS,Pluma,arroba,"15,00",15.0,Algodão,8
2006-03-09,Algodão,BARREIRAS,Caroço,arroba,"44,30",44.3,Algodão,8
2006-03-09,Algodão,BARREIRAS,Pluma,arroba,"15,00",15.0,Algodão,8
2006-03-10,Algodão,BARREIRAS,Caroço,arroba,"44,30",44.3,Algodão,8
2006-03-10,Algodão,BARREIRAS,Pluma,arroba,"15,00",15.0,Algodão,8
2006-03-13,Algodão,BARREIRAS,Caroço,arroba,"44,10",44.1,Algodão,8
2006-03-13,Algodão,BARREIRAS,Pluma,arroba,"15,00",15.0,Algodão,8
2006-03-14,Algodão,BARREIRAS,Caroço,arroba,"44,10",44.1,Algodão,8
2006-03-14,Algodão,BARREIRAS,Pluma,arroba,"15,00",15.0,Algodão,8
2006-03-15,Algodão,BARREIRAS,Caroço,arroba,"44,10",44.1,Algodão,8
2006-03-15,Algodão,BARREIRAS,Pluma,arroba,"15,00",15.0,Algodão,8
2006-03-16,Algodão,BARREIRAS,Caroço,arroba,"44,10",44.1,Algodão,8
2006-03-16,Algodão,BARREIRAS,Pluma,arroba,"15,00",15.0,Algodão,8
2006-03-17,Algodão,BARREIRAS,Caroço,arroba,"44,10",44.1,Algodão,8
2006-03-17,Algodão,BARREIRAS,Pluma,arroba,"15,00",15.0,Algodão,8
2006-03-20,Algodão,BARREIRAS,Caroço,arroba,"44,10",44.1,Algodão,8
2006-03-20,Algodão,BARREIRAS,Pluma,arroba,"15,00",15.0,Algodão,8
2006-03-21,Algodão,BARREIRAS,Caroço,arroba,"44,10",44.1,Algodão,8
2006-03-21,Algodão,BARREIRAS,Pluma,arroba,"15,00",15.0,Algodão,8
2006-03-22,Algodão,BARREIRAS,Caroço,arroba,"44,10",44.1,Algodão,8
2006-03-22,Algodão,BARREIRAS,Pluma,arroba,"15,00",15.0,Algodão,8
2006-03-23,Algodão,BARREIRAS,Caroço,arroba,"44,10",44.1,Algodão,8
2006-03-23,Algodão,BARREIRAS,Pluma,arroba,"15,00",15.0,Algodão,8
2006-03-24,Algodão,BARREIRAS,Caroço,arroba,"44,10",44.1,Algodão,8
2006-03-24,Algodão,BARREIRAS,Pluma,arroba,"15,00",15.0,Algodão,8
2006-03-27,Algodão,BARREIRAS,Caroço,arroba,"42,99",42.99,Algodão,8
2006-03-27,Algodão,BARREIRAS,Pluma,arroba,"15,00",15.0,Algodão,8
2006-03-28,Algodão,BARREIRAS,Caroço,arroba,"42,99",42.99,Algodão,8
2006-03-28,Algodão,BARREIRAS,Pluma,arroba,"15,00",15.0,Algodão,8
2006-03-29,Algodão,BARREIRAS,Caroço,arroba,"42,99",42.99,Algodão,8
2006-03-29,Algodão,BARREIRAS,Pluma,arroba,"15,00",15.0,Algodão,8
2006-03-30,Algodão,BARREIRAS,Caroço,arroba,"42,99",42.99,Algodão,8
2006-03-30,Algodão,BARREIRAS,Pluma,arroba,"15,00",15.0,Algodão,8
2006-03-31,Algodão,BARREIRAS,Caroço,arroba,"42,99",42.99,Algodão,8
2006-03-31,Algodão,BARREIRAS,Pluma,arroba,"15,00",15.0,Algodão,8
2006-04-03,Algodão,BARREIRAS,Caroço,arroba,"42,10",42.1,Algodão,8
2006-04-03,Algodão,BARREIRAS,Pluma,arroba,"15,00",15.0,Algodão,8
2006-04-04,Algodão,BARREIRAS,Caroço,arroba,"42,10",42.1,Algodão,8
2006-04-04,Algodão,BARREIRAS,Pluma,arroba,"15,00",15.0,Algodão,8
2006-04-05,Algodão,BARREIRAS,Caroço,arroba,"42,10",42.1,Algodão,8
2006-04-05,Algodão,BARREIRAS,Pluma,arroba,"15,00",15.0,Algodão,8
2006-04-06,Algodão,BARREIRAS,Caroço,arroba,"42,10",42.1,Algodão,8
2006-04-06,Algodão,BARREIRAS,Pluma,arroba,"15,00",15.0,Algodão,8
2006-04-07,Algodão,BARREIRAS,Caroço,arroba,"42,10",42.1,Algodão,8
2006-04-07,Algodão,BARREIRAS,Pluma,arroba,"15,00",15.0,Algodão,8
2006-04-10,Algodão,BARREIRAS,Caroço,arroba,"42,10",42.1,Algodão,8
2006-04-10,Algodão,BARREIRAS,Pluma,arroba,"15,00",15.0,Algodão,8
2006-04-11,Algodão,BARREIRAS,Caroço,arroba,"42,10",42.1,Algodão,8
2006-04-11,Algodão,BARREIRAS,Pluma,arroba,"15,00",15.0,Algodão,8
2006-04-12,Algodão,BARREIRAS,Caroço,arroba,"42,10",42.1,Algodão,8
2006-04-12,Algodão,BARREIRAS,Pluma,arroba,"15,00",15.0,Algodão,8
2006-04-17,Algodão,BARREIRAS,Caroço,arroba,"43,00",43.0,Algodão,8
2006-04-17,Algodão,BARREIRAS,Pluma,arroba,"15,00",15.0,Algodão,8
2006-04-18,Algodão,BARREIRAS,Caroço,arroba,"43,00",43.0,Algodão,8
2006-04-18,Algodão,BARREIRAS,Pluma,arroba,"15,00",15.0,Algodão,8
2006-04-19,Algodão,BARREIRAS,Caroço,arroba,"43,00",43.0,Algodão,8
2006-04-19,Algodão,BARREIRAS,Pluma,arroba,"15,00",15.0,Algodão,8
2006-04-20,Algodão,BARREIRAS,Caroço,arroba,"43,00",43.0,Algodão,8
2006-04-20,Algodão,BARREIRAS,Pluma,arroba,"15,00",15.0,Algodão,8
2006-04-24,Algodão,BARREIRAS,Caroço,arroba,"41,30",41.3,Algodão,8
2006-04-24,Algodão,BARREIRAS,Pluma,arroba,"15,00",15.0,Algodão,8
2006-04-25,Algodão,BARREIRAS,Caroço,arroba,"41,30",41.3,Algodão,8
2006-04-25,Algodão,BARREIRAS,Pluma,arroba,"15,00",15.0,Algodão,8
2006-04-26,Algodão,BARREIRAS,Caroço,arroba,"41,30",41.3,Algodão,8
2006-04-26,Algodão,BARREIRAS,Pluma,arroba,"15,00",15.0,Algodão,8
2006-04-27,Algodão,BARREIRAS,Caroço,arroba,"41,30",41.3,Algodão,8
2006-04-27,Algodão,BARREIRAS,Pluma,arroba,"15,00",15.0,Algodão,8
2006-04-28,Algodão,BARREIRAS,Caroço,arroba,"41,30",41.3,Algodão,8
2006-04-28,Algodão,BARREIRAS,Pluma,arroba,"15,00",15.0,Algodão,8
2006-05-02,Algodão,BARREIRAS,Caroço,arroba,"41,30",41.3,Algodão,8
2006-05-02,Algodão,BARREIRAS,Pluma,arroba,"15,00",15.0,Algodão,8
2006-05-03,Algodão,BARREIRAS,Caroço,arroba,"41,30",41.3,Algodão,8
2006-05-03,Algodão,BARREIRAS,Pluma,arroba,"15,00",15.0,Algodão,8
2006-05-04,Algodão,BARREIRAS,Caroço,arroba,"41,30",41.3,Algodão,8
2006-05-04,Algodão,BARREIRAS,Pluma,arroba,"15,00",15.0,Algodão,8
2006-05-05,Algodão,BARREIRAS,Caroço,arroba,"41,30",41.3,Algodão,8
2006-05-05,Algodão,BARREIRAS,Pluma,arroba,"15,00",15.0,Algodão,8
2006-05-08,Algodão,BARREIRAS,Caroço,arroba,"39,01",39.01,Algodão,8
2006-05-08,Algodão,BARREIRAS,Pluma,arroba,"15,00",15.0,Algodão,8
2006-05-09,Algodão,BARREIRAS,Caroço,arroba,"39,01",39.01,Algodão,8
2006-05-09,Algodão,BARREIRAS,Pluma,arroba,"15,00",15.0,Algodão,8
2006-05-10,Algodão,BARREIRAS,Caroço,arroba,"39,01",39.01,Algodão,8
2006-05-10,Algodão,BARREIRAS,Pluma,arroba,"15,00",15.0,Algodão,8
2006-05-11,Algodão,BARREIRAS,Caroço,arroba,"39,01",39.01,Algodão,8
2006-05-11,Algodão,BARREIRAS,Pluma,arroba,"15,00",15.0,Algodão,8
2006-05-12,Algodão,BARREIRAS,Caroço,arroba,"39,01",39.01,Algodão,8
2006-05-12,Algodão,BARREIRAS,Pluma,arroba,"15,00",15.0,Algodão,8
2006-05-15,Algodão,BARREIRAS,Caroço,arroba,"39,01",39.01,Algodão,8
2006-05-15,Algodão,BARREIRAS,Pluma,arroba,"15,00",15.0,Algodão,8
2006-05-16,Algodão,BARREIRAS,Caroço,arroba,"39,01",39.01,Algodão,8
2006-05-16,Algodão,BARREIRAS,Pluma,arroba,"15,00",15.0,Algodão,8
2006-05-17,Algodão,BARREIRAS,Caroço,arroba,"39,01",39.01,Algodão,8
2006-05-17,Algodão,BARREIRAS,Pluma,arroba,"15,00",15.0,Algodão,8
2006-05-18,Algodão,BARREIRAS,Caroço,arroba,"39,01",39.01,Algodão,8
2006-05-18,Algodão,BARREIRAS,Pluma,arroba,"15,00",15.0,Algodão,8
2006-05-19,Algodão,BARREIRAS,Caroço,arroba,"39,01",39.01,Algodão,8
2006-05-19,Algodão,BARREIRAS,Pluma,arroba,"15,00",15.0,Algodão,8
2006-05-22,Algodão,BARREIRAS,Caroço,arroba,"39,68",39.68,Algodão,8
2006-05-22,Algodão,BARREIRAS,Pluma,arroba,"14,80",14.8,Algodão,8
2006-05-23,Algodão,BARREIRAS,Caroço,arroba,"39,68",39.68,Algodão,8
2006-05-23,Algodão,BARREIRAS,Pluma,arroba,"14,80",14.8,Algodão,8
2006-05-24,Algodão,BARREIRAS,Caroço,arroba,"39,68",39.68,Algodão,8
2006-05-24,Algodão,BARREIRAS,Pluma,arroba,"14,80",14.8,Algodão,8
2006-05-25,Algodão,BARREIRAS,Caroço,arroba,"39,68",39.68,Algodão,8
2006-05-25,Algodão,BARREIRAS,Pluma,arroba,"14,80",14.8,Algodão,8
2006-05-26,Algodão,BARREIRAS,Caroço,arroba,"39,68",39.68,Algodão,8
2006-05-26,Algodão,BARREIRAS,Pluma,arroba,"14,80",14.8,Algodão,8
2006-05-29,Algodão,BARREIRAS,Caroço,arroba,"39,68",39.68,Algodão,8
2006-05-29,Algodão,BARREIRAS,Pluma,arroba,"14,80",14.8,Algodão,8
2006-05-30,Algodão,BARREIRAS,Caroço,arroba,"39,68",39.68,Algodão,8
2006-05-30,Algodão,BARREIRAS,Pluma,arroba,"14,80",14.8,Algodão,8
2006-05-31,Algodão,BARREIRAS,Caroço,arroba,"39,68",39.68,Algodão,8
2006-05-31,Algodão,BARREIRAS,Pluma,arroba,"14,80",14.8,Algodão,8
2006-06-01,Algodão,BARREIRAS,Caroço,arroba,"39,68",39.68,Algodão,8
2006-06-01,Algodão,BARREIRAS,Pluma,arroba,"14,80",14.8,Algodão,8
2006-06-02,Algodão,BARREIRAS,Caroço,arroba,"39,68",39.68,Algodão,8
2006-06-02,Algodão,BARREIRAS,Pluma,arroba,"14,80",14.8,Algodão,8
2006-06-05,Algodão,BARREIRAS,Caroço,arroba,"41,03",41.03,Algodão,8
2006-06-05,Algodão,BARREIRAS,Pluma,arroba,"15,00",15.0,Algodão,8
2006-06-06,Algodão,BARREIRAS,Caroço,arroba,"41,03",41.03,Algodão,8
2006-06-06,Algodão,BARREIRAS,Pluma,arroba,"15,00",15.0,Algodão,8
2006-06-07,Algodão,BARREIRAS,Caroço,arroba,"41,03",41.03,Algodão,8
2006-06-07,Algodão,BARREIRAS,Pluma,arroba,"15,00",15.0,Algodão,8
2006-06-08,Algodão,BARREIRAS,Caroço,arroba,"41,03",41.03,Algodão,8
2006-06-08,Algodão,BARREIRAS,Pluma,arroba,"15,00",15.0,Algodão,8
2006-06-09,Algodão,BARREIRAS,Caroço,arroba,"41,03",41.03,Algodão,8
2006-06-09,Algodão,BARREIRAS,Pluma,arroba,"15,00",15.0,Algodão,8
2006-06-12,Algodão,BARREIRAS,Caroço,arroba,"41,03",41.03,Algodão,8
2006-06-12,Algodão,BARREIRAS,Pluma,arroba,"15,00",15.0,Algodão,8
2006-06-13,Algodão,BARREIRAS,Caroço,arroba,"41,03",41.03,Algodão,8
2006-06-13,Algodão,BARREIRAS,Pluma,arroba,"15,00",15.0,Algodão,8
2006-06-14,Algodão,BARREIRAS,Caroço,arroba,"41,03",41.03,Algodão,8
2006-06-14,Algodão,BARREIRAS,Pluma,arroba,"15,00",15.0,Algodão,8
2006-06-19,Algodão,BARREIRAS,Caroço,arroba,"41,03",41.03,Algodão,8
2006-06-19,Algodão,BARREIRAS,Pluma,arroba,"15,00",15.0,Algodão,8
2006-06-20,Algodão,BARREIRAS,Caroço,arroba,"41,03",41.03,Algodão,8
2006-06-20,Algodão,BARREIRAS,Pluma,arroba,"15,00",15.0,Algodão,8
2006-06-21,Algodão,BARREIRAS,Caroço,arroba,"41,03",41.03,Algodão,8
2006-06-21,Algodão,BARREIRAS,Pluma,arroba,"15,00",15.0,Algodão,8
2006-06-26,Algodão,BARREIRAS,Caroço,arroba,"41,03",41.03,Algodão,8
2006-06-26,Algodão,BARREIRAS,Pluma,arroba,"15,00",15.0,Algodão,8
2006-06-27,Algodão,BARREIRAS,Caroço,arroba,"41,03",41.03,Algodão,8
2006-06-27,Algodão,BARREIRAS,Pluma,arroba,"15,00",15.0,Algodão,8
2006-06-28,Algodão,BARREIRAS,Caroço,arroba,"41,03",41.03,Algodão,8
2006-06-28,Algodão,BARREIRAS,Pluma,arroba,"15,00",15.0,Algodão,8
2006-06-29,Algodão,BARREIRAS,Caroço,arroba,"41,03",41.03,Algodão,8
2006-06-29,Algodão,BARREIRAS,Pluma,arroba,"15,00",15.0,Algodão,8
2006-06-30,Algodão,BARREIRAS,Caroço,arroba,"41,03",41.03,Algodão,8
2006-06-30,Algodão,BARREIRAS,Pluma,arroba,"15,00",15.0,Algodão,8
2006-07-03,Algodão,BARREIRAS,Caroço,arroba,"41,03",41.03,Algodão,8
2006-07-03,Algodão,BARREIRAS,Pluma,arroba,"15,00",15.0,Algodão,8
2006-07-04,Algodão,BARREIRAS,Caroço,arroba,"41,03",41.03,Algodão,8
2006-07-04,Algodão,BARREIRAS,Pluma,arroba,"15,00",15.0,Algodão,8
2006-07-05,Algodão,BARREIRAS,Caroço,arroba,"41,03",41.03,Algodão,8
2006-07-05,Algodão,BARREIRAS,Pluma,arroba,"15,00",15.0,Algodão,8
2006-07-06,Algodão,BARREIRAS,Caroço,arroba,"41,03",41.03,Algodão,8
2006-07-06,Algodão,BARREIRAS,Pluma,arroba,"15,00",15.0,Algodão,8
2006-07-07,Algodão,BARREIRAS,Caroço,arroba,"41,03",41.03,Algodão,8
2006-07-07,Algodão,BARREIRAS,Pluma,arroba,"15,00",15.0,Algodão,8
2006-07-10,Algodão,BARREIRAS,Caroço,arroba,"41,03",41.03,Algodão,8
2006-07-10,Algodão,BARREIRAS,Pluma,arroba,"15,00",15.0,Algodão,8
2006-07-11,Algodão,BARREIRAS,Caroço,arroba,"41,03",41.03,Algodão,8
2006-07-11,Algodão,BARREIRAS,Pluma,arroba,"15,00",15.0,Algodão,8
2006-07-12,Algodão,BARREIRAS,Caroço,arroba,"41,03",41.03,Algodão,8
2006-07-12,Algodão,BARREIRAS,Pluma,arroba,"15,00",15.0,Algodão,8
2006-07-13,Algodão,BARREIRAS,Caroço,arroba,"41,03",41.03,Algodão,8
2006-07-13,Algodão,BARREIRAS,Pluma,arroba,"15,00",15.0,Algodão,8
2006-07-14,Algodão,BARREIRAS,Caroço,arroba,"41,03",41.03,Algodão,8
2006-07-14,Algodão,BARREIRAS,Pluma,arroba,"15,00",15.0,Algodão,8
2006-07-17,Algodão,BARREIRAS,Caroço,arroba,"39,28",39.28,Algodão,8
2006-07-17,Algodão,BARREIRAS,Pluma,arroba,"15,00",15.0,Algodão,8
2006-07-18,Algodão,BARREIRAS,Caroço,arroba,"39,28",39.28,Algodão,8
2006-07-18,Algodão,BARREIRAS,Pluma,arroba,"15,00",15.0,Algodão,8
2006-07-19,Algodão,BARREIRAS,Caroço,arroba,"39,28",39.28,Algodão,8
2006-07-19,Algodão,BARREIRAS,Pluma,arroba,"15,00",15.0,Algodão,8
2006-07-20,Algodão,BARREIRAS,Caroço,arroba,"39,28",39.28,Algodão,8
2006-07-20,Algodão,BARREIRAS,Pluma,arroba,"15,00",15.0,Algodão,8
2006-07-21,Algodão,BARREIRAS,Caroço,arroba,"39,28",39.28,Algodão,8
2006-07-21,Algodão,BARREIRAS,Pluma,arroba,"15,00",15.0,Algodão,8
2006-07-24,Algodão,BARREIRAS,Caroço,arroba,"38,06",38.06,Algodão,8
2006-07-24,Algodão,BARREIRAS,Pluma,arroba,"15,00",15.0,Algodão,8
2006-07-25,Algodão,BARREIRAS,Caroço,arroba,"38,06",38.06,Algodão,8
2006-07-25,Algodão,BARREIRAS,Pluma,arroba,"15,00",15.0,Algodão,8
2006-07-26,Algodão,BARREIRAS,Caroço,arroba,"38,06",38.06,Algodão,8
2006-07-26,Algodão,BARREIRAS,Pluma,arroba,"15,00",15.0,Algodão,8
2006-07-27,Algodão,BARREIRAS,Caroço,arroba,"38,06",38.06,Algodão,8
2006-07-27,Algodão,BARREIRAS,Pluma,arroba,"15,00",15.0,Algodão,8
2006-07-28,Algodão,BARREIRAS,Caroço,arroba,"38,06",38.06,Algodão,8
2006-07-28,Algodão,BARREIRAS,Pluma,arroba,"15,00",15.0,Algodão,8
2006-07-31,Algodão,BARREIRAS,Caroço,arroba,"38,06",38.06,Algodão,8
2006-07-31,Algodão,BARREIRAS,Pluma,arroba,"15,00",15.0,Algodão,8
2006-08-01,Algodão,BARREIRAS,Caroço,arroba,"38,06",38.06,Algodão,8
2006-08-01,Algodão,BARREIRAS,Pluma,arroba,"15,00",15.0,Algodão,8
2006-08-02,Algodão,BARREIRAS,Caroço,arroba,"38,06",38.06,Algodão,8
2006-08-02,Algodão,BARREIRAS,Pluma,arroba,"15,00",15.0,Algodão,8
2006-08-03,Algodão,BARREIRAS,Caroço,arroba,"38,06",38.06,Algodão,8
2006-08-03,Algodão,BARREIRAS,Pluma,arroba,"15,00",15.0,Algodão,8
2006-08-04,Algodão,BARREIRAS,Caroço,arroba,"38,06",38.06,Algodão,8
2006-08-04,Algodão,BARREIRAS,Pluma,arroba,"15,00",15.0,Algodão,8
2006-08-07,Algodão,BARREIRAS,Caroço,arroba,"39,68",39.68,Algodão,8
2006-08-07,Algodão,BARREIRAS,Pluma,arroba,"15,00",15.0,Algodão,8
2006-08-08,Algodão,BARREIRAS,Caroço,arroba,"39,68",39.68,Algodão,8
2006-08-08,Algodão,BARREIRAS,Pluma,arroba,"15,00",15.0,Algodão,8
2006-08-09,Algodão,BARREIRAS,Caroço,arroba,"39,68",39.68,Algodão,8
2006-08-09,Algodão,BARREIRAS,Pluma,arroba,"15,00",15.0,Algodão,8
2006-08-10,Algodão,BARREIRAS,Caroço,arroba,"39,68",39.68,Algodão,8
2006-08-10,Algodão,BARREIRAS,Pluma,arroba,"15,00",15.0,Algodão,8
2006-08-11,Algodão,BARREIRAS,Caroço,arroba,"39,68",39.68,Algodão,8
2006-08-11,Algodão,BARREIRAS,Pluma,arroba,"15,00",15.0,Algodão,8
2006-08-14,Algodão,BARREIRAS,Caroço,arroba,"39,68",39.68,Algodão,8
2006-08-14,Algodão,BARREIRAS,Pluma,arroba,"15,00",15.0,Algodão,8
2006-08-15,Algodão,BARREIRAS,Caroço,arroba,"39,68",39.68,Algodão,8
2006-08-15,Algodão,BARREIRAS,Pluma,arroba,"15,00",15.0,Algodão,8
2006-08-16,Algodão,BARREIRAS,Caroço,arroba,"39,68",39.68,Algodão,8
2006-08-16,Algodão,BARREIRAS,Pluma,arroba,"15,00",15.0,Algodão,8
2006-08-17,Algodão,BARREIRAS,Caroço,arroba,"39,68",39.68,Algodão,8
2006-08-17,Algodão,BARREIRAS,Pluma,arroba,"15,00",15.0,Algodão,8
2006-08-18,Algodão,BARREIRAS,Caroço,arroba,"39,68",39.68,Algodão,8
2006-08-18,Algodão,BARREIRAS,Pluma,arroba,"15,00",15.0,Algodão,8
2006-08-21,Algodão,BARREIRAS,Caroço,arroba,"39,68",39.68,Algodão,8
2006-08-21,Algodão,BARREIRAS,Pluma,arroba,"15,00",15.0,Algodão,8
2006-08-22,Algodão,BARREIRAS,Caroço,arroba,"39,68",39.68,Algodão,8
2006-08-22,Algodão,BARREIRAS,Pluma,arroba,"15,00",15.0,Algodão,8
2006-08-23,Algodão,BARREIRAS,Caroço,arroba,"39,68",39.68,Algodão,8
2006-08-23,Algodão,BARREIRAS,Pluma,arroba,"15,00",15.0,Algodão,8
2006-08-24,Algodão,BARREIRAS,Caroço,arroba,"39,68",39.68,Algodão,8
2006-08-24,Algodão,BARREIRAS,Pluma,arroba,"15,00",15.0,Algodão,8
2006-08-25,Algodão,BARREIRAS,Caroço,arroba,"39,68",39.68,Algodão,8
2006-08-25,Algodão,BARREIRAS,Pluma,arroba,"15,00",15.0,Algodão,8
2006-08-28,Algodão,BARREIRAS,Caroço,arroba,"41,06",41.06,Algodão,8
2006-08-28,Algodão,BARREIRAS,Pluma,arroba,"15,00",15.0,Algodão,8
2006-08-29,Algodão,BARREIRAS,Caroço,arroba,"41,06",41.06,Algodão,8
2006-08-29,Algodão,BARREIRAS,Pluma,arroba,"15,00",15.0,Algodão,8
2006-08-30,Algodão,BARREIRAS,Caroço,arroba,"41,06",41.06,Algodão,8
2006-08-30,Algodão,BARREIRAS,Pluma,arroba,"15,00",15.0,Algodão,8
2006-08-31,Algodão,BARREIRAS,Caroço,arroba,"41,06",41.06,Algodão,8
2006-08-31,Algodão,BARREIRAS,Pluma,arroba,"15,00",15.0,Algodão,8
2006-09-01,Algodão,BARREIRAS,Caroço,arroba,"41,06",41.06,Algodão,8
2006-09-01,Algodão,BARREIRAS,Pluma,arroba,"15,00",15.0,Algodão,8
2006-09-04,Algodão,BARREIRAS,Caroço,arroba,"41,06",41.06,Algodão,8
2006-09-04,Algodão,BARREIRAS,Pluma,arroba,"15,00",15.0,Algodão,8
2006-09-05,Algodão,BARREIRAS,Caroço,arroba,"41,06",41.06,Algodão,8
2006-09-05,Algodão,BARREIRAS,Pluma,arroba,"15,00",15.0,Algodão,8
2006-09-06,Algodão,BARREIRAS,Caroço,arroba,"41,06",41.06,Algodão,8
2006-09-06,Algodão,BARREIRAS,Pluma,arroba,"15,00",15.0,Algodão,8
2006-09-11,Algodão,BARREIRAS,Caroço,arroba,"41,06",41.06,Algodão,8
2006-09-11,Algodão,BARREIRAS,Pluma,arroba,"15,00",15.0,Algodão,8
2006-09-12,Algodão,BARREIRAS,Caroço,arroba,"41,06",41.06,Algodão,8
2006-09-12,Algodão,BARREIRAS,Pluma,arroba,"15,00",15.0,Algodão,8
2006-09-13,Algodão,BARREIRAS,Caroço,arroba,"41,06",41.06,Algodão,8
2006-09-13,Algodão,BARREIRAS,Pluma,arroba,"15,00",15.0,Algodão,8
2006-09-14,Algodão,BARREIRAS,Caroço,arroba,"41,06",41.06,Algodão,8
2006-09-14,Algodão,BARREIRAS,Pluma,arroba,"15,00",15.0,Algodão,8
2006-09-15,Algodão,BARREIRAS,Caroço,arroba,"41,06",41.06,Algodão,8
2006-09-15,Algodão,BARREIRAS,Pluma,arroba,"15,00",15.0,Algodão,8
2006-09-18,Algodão,BARREIRAS,Caroço,arroba,"15,00",15.0,Algodão,8
2006-09-19,Algodão,BARREIRAS,Caroço,arroba,"15,00",15.0,Algodão,8
2006-09-19,Algodão,BARREIRAS,Pluma,arroba,"41,67",41.67,Algodão,8
2006-09-20,Algodão,BARREIRAS,Caroço,arroba,"15,00",15.0,Algodão,8
2006-09-20,Algodão,BARREIRAS,Pluma,arroba,"41,67",41.67,Algodão,8
2006-09-21,Algodão,BARREIRAS,Caroço,arroba,"15,00",15.0,Algodão,8
2006-09-21,Algodão,BARREIRAS,Pluma,arroba,"41,67",41.67,Algodão,8
2006-09-22,Algodão,BARREIRAS,Caroço,arroba,"15,00",15.0,Algodão,8
2006-09-22,Algodão,BARREIRAS,Pluma,arroba,"41,67",41.67,Algodão,8
2006-09-25,Algodão,BARREIRAS,Caroço,arroba,"15,00",15.0,Algodão,8
2006-09-25,Algodão,BARREIRAS,Pluma,arroba,"41,67",41.67,Algodão,8
2006-09-26,Algodão,BARREIRAS,Caroço,arroba,"15,00",15.0,Algodão,8
2006-09-26,Algodão,BARREIRAS,Pluma,arroba,"41,67",41.67,Algodão,8
2006-09-27,Algodão,BARREIRAS,Caroço,arroba,"15,00",15.0,Algodão,8
2006-09-27,Algodão,BARREIRAS,Pluma,arroba,"41,67",41.67,Algodão,8
2006-09-28,Algodão,BARREIRAS,Caroço,arroba,"15,00",15.0,Algodão,8
2006-09-28,Algodão,BARREIRAS,Pluma,arroba,"41,67",41.67,Algodão,8
2006-09-29,Algodão,BARREIRAS,Caroço,arroba,"15,00",15.0,Algodão,8
2006-09-29,Algodão,BARREIRAS,Pluma,arroba,"41,67",41.67,Algodão,8
2006-10-02,Algodão,BARREIRAS,Caroço,arroba,"15,00",15.0,Algodão,8
2006-10-02,Algodão,BARREIRAS,Pluma,arroba,"41,67",41.67,Algodão,8
2006-10-03,Algodão,BARREIRAS,Caroço,arroba,"15,00",15.0,Algodão,8
2006-10-03,Algodão,BARREIRAS,Pluma,arroba,"41,67",41.67,Algodão,8
2006-10-04,Algodão,BARREIRAS,Caroço,arroba,"15,00",15.0,Algodão,8
2006-10-04,Algodão,BARREIRAS,Pluma,arroba,"41,67",41.67,Algodão,8
2006-10-05,Algodão,BARREIRAS,Caroço,arroba,"15,00",15.0,Algodão,8
2006-10-05,Algodão,BARREIRAS,Pluma,arroba,"41,67",41.67,Algodão,8
2006-10-06,Algodão,BARREIRAS,Caroço,arroba,"15,00",15.0,Algodão,8
2006-10-06,Algodão,BARREIRAS,Pluma,arroba,"41,67",41.67,Algodão,8
2006-10-09,Algodão,BARREIRAS,Caroço,arroba,"15,00",15.0,Algodão,8
2006-10-09,Algodão,BARREIRAS,Pluma,arroba,"41,67",41.67,Algodão,8
2006-10-10,Algodão,BARREIRAS,Caroço,arroba,"15,00",15.0,Algodão,8
2006-10-10,Algodão,BARREIRAS,Pluma,arroba,"41,67",41.67,Algodão,8
2006-10-11,Algodão,BARREIRAS,Caroço,arroba,"15,00",15.0,Algodão,8
2006-10-11,Algodão,BARREIRAS,Pluma,arroba,"41,67",41.67,Algodão,8
2006-10-16,Algodão,BARREIRAS,Caroço,arroba,"15,00",15.0,Algodão,8
2006-10-16,Algodão,BARREIRAS,Pluma,arroba,"41,67",41.67,Algodão,8
2006-10-17,Algodão,BARREIRAS,Caroço,arroba,"15,00",15.0,Algodão,8
2006-10-17,Algodão,BARREIRAS,Pluma,arroba,"41,67",41.67,Algodão,8
2006-10-18,Algodão,BARREIRAS,Caroço,arroba,"15,00",15.0,Algodão,8
2006-10-18,Algodão,BARREIRAS,Pluma,arroba,"41,67",41.67,Algodão,8
2006-10-19,Algodão,BARREIRAS,Caroço,arroba,"15,00",15.0,Algodão,8
2006-10-19,Algodão,BARREIRAS,Pluma,arroba,"41,67",41.67,Algodão,8
2006-10-20,Algodão,BARREIRAS,Caroço,arroba,"15,00",15.0,Algodão,8
2006-10-20,Algodão,BARREIRAS,Pluma,arroba,"41,67",41.67,Algodão,8
2006-10-23,Algodão,BARREIRAS,Caroço,arroba,"15,00",15.0,Algodão,8
2006-10-23,Algodão,BARREIRAS,Pluma,arroba,"39,35",39.35,Algodão,8
2006-10-24,Algodão,BARREIRAS,Caroço,arroba,"15,00",15.0,Algodão,8
2006-10-24,Algodão,BARREIRAS,Pluma,arroba,"39,35",39.35,Algodão,8
2006-10-25,Algodão,BARREIRAS,Caroço,arroba,"15,00",15.0,Algodão,8
2006-10-25,Algodão,BARREIRAS,Pluma,arroba,"39,35",39.35,Algodão,8
2006-10-26,Algodão,BARREIRAS,Caroço,arroba,"15,00",15.0,Algodão,8
2006-10-26,Algodão,BARREIRAS,Pluma,arroba,"39,06",39.06,Algodão,8
2006-10-27,Algodão,BARREIRAS,Caroço,arroba,"15,00",15.0,Algodão,8
2006-10-27,Algodão,BARREIRAS,Pluma,arroba,"39,06",39.06,Algodão,8
2006-10-30,Algodão,BARREIRAS,Caroço,arroba,"15,00",15.0,Algodão,8
2006-10-30,Algodão,BARREIRAS,Pluma,arroba,"39,06",39.06,Algodão,8
2006-10-31,Algodão,BARREIRAS,Caroço,arroba,"15,00",15.0,Algodão,8
2006-10-31,Algodão,BARREIRAS,Pluma,arroba,"39,06",39.06,Algodão,8
2006-11-01,Algodão,BARREIRAS,Caroço,arroba,"15,00",15.0,Algodão,8
2006-11-01,Algodão,BARREIRAS,Pluma,arroba,"39,06",39.06,Algodão,8
2006-11-06,Algodão,BARREIRAS,Caroço,arroba,"15,00",15.0,Algodão,8
2006-11-06,Algodão,BARREIRAS,Pluma,arroba,"39,06",39.06,Algodão,8
2006-11-07,Algodão,BARREIRAS,Caroço,arroba,"15,00",15.0,Algodão,8
2006-11-07,Algodão,BARREIRAS,Pluma,arroba,"39,06",39.06,Algodão,8
2006-11-08,Algodão,BARREIRAS,Caroço,arroba,"15,00",15.0,Algodão,8
2006-11-08,Algodão,BARREIRAS,Pluma,arroba,"39,06",39.06,Algodão,8
2006-11-09,Algodão,BARREIRAS,Caroço,arroba,"15,00",15.0,Algodão,8
2006-11-09,Algodão,BARREIRAS,Pluma,arroba,"39,06",39.06,Algodão,8
2006-11-10,Algodão,BARREIRAS,Caroço,arroba,"15,00",15.0,Algodão,8
2006-11-10,Algodão,BARREIRAS,Pluma,arroba,"39,06",39.06,Algodão,8
2006-11-13,Algodão,BARREIRAS,Caroço,arroba,"15,00",15.0,Algodão,8
2006-11-13,Algodão,BARREIRAS,Pluma,arroba,"39,06",39.06,Algodão,8
2006-11-14,Algodão,BARREIRAS,Caroço,arroba,"15,00",15.0,Algodão,8
2006-11-14,Algodão,BARREIRAS,Pluma,arroba,"39,06",39.06,Algodão,8
2006-11-16,Algodão,BARREIRAS,Caroço,arroba,"15,00",15.0,Algodão,8
2006-11-16,Algodão,BARREIRAS,Pluma,arroba,"39,06",39.06,Algodão,8
2006-11-17,Algodão,BARREIRAS,Caroço,arroba,"15,00",15.0,Algodão,8
2006-11-17,Algodão,BARREIRAS,Pluma,arroba,"39,06",39.06,Algodão,8
2006-11-20,Algodão,BARREIRAS,Caroço,arroba,"15,00",15.0,Algodão,8
2006-11-20,Algodão,BARREIRAS,Pluma,arroba,"39,46",39.46,Algodão,8
2006-11-21,Algodão,BARREIRAS,Caroço,arroba,"15,00",15.0,Algodão,8
2006-11-21,Algodão,BARREIRAS,Pluma,arroba,"39,46",39.46,Algodão,8
2006-11-22,Algodão,BARREIRAS,Caroço,arroba,"15,00",15.0,Algodão,8
2006-11-22,Algodão,BARREIRAS,Pluma,arroba,"39,46",39.46,Algodão,8
2006-11-23,Algodão,BARREIRAS,Caroço,arroba,"15,00",15.0,Algodão,8
2006-11-23,Algodão,BARREIRAS,Pluma,arroba,"39,46",39.46,Algodão,8
2006-11-24,Algodão,BARREIRAS,Caroço,arroba,"15,00",15.0,Algodão,8
2006-11-24,Algodão,BARREIRAS,Pluma,arroba,"39,46",39.46,Algodão,8
2006-11-27,Algodão,BARREIRAS,Caroço,arroba,"15,00",15.0,Algodão,8
2006-11-27,Algodão,BARREIRAS,Pluma,arroba,"38,69",38.69,Algodão,8
2006-11-28,Algodão,BARREIRAS,Caroço,arroba,"15,00",15.0,Algodão,8
2006-11-28,Algodão,BARREIRAS,Pluma,arroba,"38,69",38.69,Algodão,8
2006-11-29,Algodão,BARREIRAS,Caroço,arroba,"15,00",15.0,Algodão,8
2006-11-29,Algodão,BARREIRAS,Pluma,arroba,"38,69",38.69,Algodão,8
2006-11-30,Algodão,BARREIRAS,Caroço,arroba,"15,00",15.0,Algodão,8
2006-11-30,Algodão,BARREIRAS,Pluma,arroba,"38,69",38.69,Algodão,8
2006-12-01,Algodão,BARREIRAS,Caroço,arroba,"15,00",15.0,Algodão,8
2006-12-01,Algodão,BARREIRAS,Pluma,arroba,"38,69",38.69,Algodão,8
2006-12-04,Algodão,BARREIRAS,Caroço,arroba,"15,00",15.0,Algodão,8
2006-12-04,Algodão,BARREIRAS,Pluma,arroba,"38,69",38.69,Algodão,8
2006-12-05,Algodão,BARREIRAS,Caroço,arroba,"15,00",15.0,Algodão,8
2006-12-05,Algodão,BARREIRAS,Pluma,arroba,"38,69",38.69,Algodão,8
2006-12-06,Algodão,BARREIRAS,Caroço,arroba,"15,00",15.0,Algodão,8
2006-12-06,Algodão,BARREIRAS,Pluma,arroba,"38,69",38.69,Algodão,8
2006-12-07,Algodão,BARREIRAS,Caroço,arroba,"15,00",15.0,Algodão,8
2006-12-07,Algodão,BARREIRAS,Pluma,arroba,"38,69",38.69,Algodão,8
2006-12-11,Algodão,BARREIRAS,Caroço,arroba,"15,00",15.0,Algodão,8
2006-12-11,Algodão,BARREIRAS,Pluma,arroba,"39,68",39.68,Algodão,8
2006-12-12,Algodão,BARREIRAS,Caroço,arroba,"15,00",15.0,Algodão,8
2006-12-12,Algodão,BARREIRAS,Pluma,arroba,"39,68",39.68,Algodão,8
2006-12-13,Algodão,BARREIRAS,Caroço,arroba,"15,00",15.0,Algodão,8
2006-12-13,Algodão,BARREIRAS,Pluma,arroba,"39,68",39.68,Algodão,8
2006-12-14,Algodão,BARREIRAS,Caroço,arroba,"15,00",15.0,Algodão,8
2006-12-14,Algodão,BARREIRAS,Pluma,arroba,"39,68",39.68,Algodão,8
2006-12-15,Algodão,BARREIRAS,Caroço,arroba,"15,00",15.0,Algodão,8
2006-12-15,Algodão,BARREIRAS,Pluma,arroba,"39,68",39.68,Algodão,8
2006-12-18,Algodão,BARREIRAS,Caroço,arroba,"15,00",15.0,Algodão,8
2006-12-18,Algodão,BARREIRAS,Pluma,arroba,"39,68",39.68,Algodão,8
2006-12-19,Algodão,BARREIRAS,Caroço,arroba,"15,00",15.0,Algodão,8
2006-12-19,Algodão,BARREIRAS,Pluma,arroba,"39,68",39.68,Algodão,8
2006-12-20,Algodão,BARREIRAS,Caroço,arroba,"15,00",15.0,Algodão,8
2006-12-20,Algodão,BARREIRAS,Pluma,arroba,"39,68",39.68,Algodão,8
2006-12-21,Algodão,BARREIRAS,Caroço,arroba,"15,00",15.0,Algodão,8
2006-12-21,Algodão,BARREIRAS,Pluma,arroba,"39,68",39.68,Algodão,8
2006-12-22,Algodão,BARREIRAS,Caroço,arroba,"15,00",15.0,Algodão,8
2006-12-22,Algodão,BARREIRAS,Pluma,arroba,"39,68",39.68,Algodão,8
2006-12-26,Algodão,BARREIRAS,Caroço,arroba,"15,00",15.0,Algodão,8
2006-12-26,Algodão,BARREIRAS,Pluma,arroba,"39,68",39.68,Algodão,8
2006-12-27,Algodão,BARREIRAS,Caroço,arroba,"15,00",15.0,Algodão,8
2006-12-27,Algodão,BARREIRAS,Pluma,arroba,"39,68",39.68,Algodão,8
2006-12-28,Algodão,BARREIRAS,Caroço,arroba,"15,00",15.0,Algodão,8
2006-12-28,Algodão,BARREIRAS,Pluma,arroba,"39,68",39.68,Algodão,8
2006-12-29,Algodão,BARREIRAS,Caroço,arroba,"15,00",15.0,Algodão,8
2006-12-29,Algodão,BARREIRAS,Pluma,arroba,"39,68",39.68,Algodão,8
2007-01-02,Algodão,BARREIRAS,Caroço,arroba,"15,00",15.0,Algodão,8
2007-01-02,Algodão,BARREIRAS,Pluma,arroba,"39,68",39.68,Algodão,8
2007-01-03,Algodão,BARREIRAS,Caroço,arroba,"15,00",15.0,Algodão,8
2007-01-03,Algodão,BARREIRAS,Pluma,arroba,"39,68",39.68,Algodão,8
2007-01-04,Algodão,BARREIRAS,Caroço,arroba,"15,00",15.0,Algodão,8
2007-01-04,Algodão,BARREIRAS,Pluma,arroba,"39,68",39.68,Algodão,8
2007-01-05,Algodão,BARREIRAS,Caroço,arroba,"15,00",15.0,Algodão,8
2007-01-05,Algodão,BARREIRAS,Pluma,arroba,"39,68",39.68,Algodão,8
2007-01-08,Algodão,BARREIRAS,Caroço,arroba,"15,00",15.0,Algodão,8
2007-01-08,Algodão,BARREIRAS,Pluma,arroba,"39,68",39.68,Algodão,8
2007-01-09,Algodão,BARREIRAS,Caroço,arroba,"15,00",15.0,Algodão,8
2007-01-09,Algodão,BARREIRAS,Pluma,arroba,"39,68",39.68,Algodão,8
2007-01-10,Algodão,BARREIRAS,Caroço,arroba,"15,00",15.0,Algodão,8
2007-01-10,Algodão,BARREIRAS,Pluma,arroba,"39,68",39.68,Algodão,8
2007-01-11,Algodão,BARREIRAS,Caroço,arroba,"15,00",15.0,Algodão,8
2007-01-11,Algodão,BARREIRAS,Pluma,arroba,"39,68",39.68,Algodão,8
2007-01-12,Algodão,BARREIRAS,Caroço,arroba,"15,00",15.0,Algodão,8
2007-01-12,Algodão,BARREIRAS,Pluma,arroba,"39,68",39.68,Algodão,8
2007-01-15,Algodão,BARREIRAS,Caroço,arroba,"15,00",15.0,Algodão,8
2007-01-15,Algodão,BARREIRAS,Pluma,arroba,"40,38",40.38,Algodão,8
2007-01-16,Algodão,BARREIRAS,Caroço,arroba,"15,00",15.0,Algodão,8
2007-01-16,Algodão,BARREIRAS,Pluma,arroba,"40,38",40.38,Algodão,8
2007-01-17,Algodão,BARREIRAS,Caroço,arroba,"15,00",15.0,Algodão,8
2007-01-17,Algodão,BARREIRAS,Pluma,arroba,"40,38",40.38,Algodão,8
2007-01-18,Algodão,BARREIRAS,Caroço,arroba,"15,00",15.0,Algodão,8
2007-01-18,Algodão,BARREIRAS,Pluma,arroba,"40,38",40.38,Algodão,8
2007-01-19,Algodão,BARREIRAS,Caroço,arroba,"15,00",15.0,Algodão,8
2007-01-19,Algodão,BARREIRAS,Pluma,arroba,"40,38",40.38,Algodão,8
2007-01-22,Algodão,BARREIRAS,Caroço,arroba,"15,00",15.0,Algodão,8
2007-01-22,Algodão,BARREIRAS,Pluma,arroba,"42,66",42.66,Algodão,8
2007-01-23,Algodão,BARREIRAS,Caroço,arroba,"15,00",15.0,Algodão,8
2007-01-23,Algodão,BARREIRAS,Pluma,arroba,"42,66",42.66,Algodão,8
2007-01-24,Algodão,BARREIRAS,Caroço,arroba,"15,00",15.0,Algodão,8
2007-01-24,Algodão,BARREIRAS,Pluma,arroba,"42,66",42.66,Algodão,8
2007-01-25,Algodão,BARREIRAS,Caroço,arroba,"15,00",15.0,Algodão,8
2007-01-25,Algodão,BARREIRAS,Pluma,arroba,"42,66",42.66,Algodão,8
2007-01-26,Algodão,BARREIRAS,Caroço,arroba,"15,00",15.0,Algodão,8
2007-01-26,Algodão,BARREIRAS,Pluma,arroba,"42,66",42.66,Algodão,8
2007-01-29,Algodão,BARREIRAS,Caroço,arroba,"15,00",15.0,Algodão,8
2007-01-29,Algodão,BARREIRAS,Pluma,arroba,"42,66",42.66,Algodão,8
2007-01-30,Algodão,BARREIRAS,Caroço,arroba,"15,00",15.0,Algodão,8
2007-01-30,Algodão,BARREIRAS,Pluma,arroba,"42,66",42.66,Algodão,8
2007-01-31,Algodão,BARREIRAS,Caroço,arroba,"15,00",15.0,Algodão,8
2007-01-31,Algodão,BARREIRAS,Pluma,arroba,"42,66",42.66,Algodão,8
2007-02-01,Algodão,BARREIRAS,Caroço,arroba,"15,00",15.0,Algodão,8
2007-02-01,Algodão,BARREIRAS,Pluma,arroba,"42,66",42.66,Algodão,8
2007-02-02,Algodão,BARREIRAS,Caroço,arroba,"15,00",15.0,Algodão,8
2007-02-02,Algodão,BARREIRAS,Pluma,arroba,"42,66",42.66,Algodão,8
2007-02-05,Algodão,BARREIRAS,Caroço,arroba,"15,00",15.0,Algodão,8
2007-02-05,Algodão,BARREIRAS,Pluma,arroba,"42,66",42.66,Algodão,8
2007-02-06,Algodão,BARREIRAS,Caroço,arroba,"15,00",15.0,Algodão,8
2007-02-06,Algodão,BARREIRAS,Pluma,arroba,"42,66",42.66,Algodão,8
2007-02-07,Algodão,BARREIRAS,Caroço,arroba,"15,00",15.0,Algodão,8
2007-02-07,Algodão,BARREIRAS,Pluma,arroba,"42,66",42.66,Algodão,8
2007-02-08,Algodão,BARREIRAS,Caroço,arroba,"15,00",15.0,Algodão,8
2007-02-08,Algodão,BARREIRAS,Pluma,arroba,"42,66",42.66,Algodão,8
2007-02-09,Algodão,BARREIRAS,Caroço,arroba,"15,00",15.0,Algodão,8
2007-02-09,Algodão,BARREIRAS,Pluma,arroba,"42,66",42.66,Algodão,8
2007-02-12,Algodão,BARREIRAS,Caroço,arroba,"15,00",15.0,Algodão,8
2007-02-12,Algodão,BARREIRAS,Pluma,arroba,"42,66",42.66,Algodão,8
2007-02-13,Algodão,BARREIRAS,Caroço,arroba,"15,00",15.0,Algodão,8
2007-02-13,Algodão,BARREIRAS,Pluma,arroba,"42,66",42.66,Algodão,8
2007-02-14,Algodão,BARREIRAS,Caroço,arroba,"15,00",15.0,Algodão,8
2007-02-14,Algodão,BARREIRAS,Pluma,arroba,"42,66",42.66,Algodão,8
2007-02-22,Algodão,BARREIRAS,Caroço,arroba,"15,00",15.0,Algodão,8
2007-02-22,Algodão,BARREIRAS,Pluma,arroba,"42,66",42.66,Algodão,8
2007-02-23,Algodão,BARREIRAS,Caroço,arroba,"15,00",15.0,Algodão,8
2007-02-23,Algodão,BARREIRAS,Pluma,arroba,"42,66",42.66,Algodão,8
2007-02-26,Algodão,BARREIRAS,Caroço,arroba,"15,00",15.0,Algodão,8
2007-02-26,Algodão,BARREIRAS,Pluma,arroba,"43,65",43.65,Algodão,8
2007-02-27,Algodão,BARREIRAS,Caroço,arroba,"15,00",15.0,Algodão,8
2007-02-27,Algodão,BARREIRAS,Pluma,arroba,"43,65",43.65,Algodão,8
2007-02-28,Algodão,BARREIRAS,Caroço,arroba,"15,00",15.0,Algodão,8
2007-02-28,Algodão,BARREIRAS,Pluma,arroba,"43,65",43.65,Algodão,8
2007-03-01,Algodão,BARREIRAS,Caroço,arroba,"15,00",15.0,Algodão,8
2007-03-01,Algodão,BARREIRAS,Pluma,arroba,"43,65",43.65,Algodão,8
2007-03-02,Algodão,BARREIRAS,Caroço,arroba,"15,00",15.0,Algodão,8
2007-03-02,Algodão,BARREIRAS,Pluma,arroba,"43,65",43.65,Algodão,8
2007-03-05,Algodão,BARREIRAS,Caroço,arroba,"15,00",15.0,Algodão,8
2007-03-05,Algodão,BARREIRAS,Pluma,arroba,"43,65",43.65,Algodão,8
2007-03-06,Algodão,BARREIRAS,Caroço,arroba,"15,00",15.0,Algodão,8
2007-03-06,Algodão,BARREIRAS,Pluma,arroba,"43,65",43.65,Algodão,8
2007-03-07,Algodão,BARREIRAS,Caroço,arroba,"15,00",15.0,Algodão,8
2007-03-07,Algodão,BARREIRAS,Pluma,arroba,"42,90",42.9,Algodão,8
2007-03-08,Algodão,BARREIRAS,Caroço,arroba,"15,00",15.0,Algodão,8
2007-03-08,Algodão,BARREIRAS,Pluma,arroba,"42,90",42.9,Algodão,8
2007-03-09,Algodão,BARREIRAS,Caroço,arroba,"15,00",15.0,Algodão,8
2007-03-09,Algodão,BARREIRAS,Pluma,arroba,"42,90",42.9,Algodão,8
2007-03-12,Algodão,BARREIRAS,Caroço,arroba,"15,00",15.0,Algodão,8
2007-03-12,Algodão,BARREIRAS,Pluma,arroba,"42,90",42.9,Algodão,8
2007-03-13,Algodão,BARREIRAS,Caroço,arroba,"15,00",15.0,Algodão,8
2007-03-13,Algodão,BARREIRAS,Pluma,arroba,"42,90",42.9,Algodão,8
2007-03-14,Algodão,BARREIRAS,Caroço,arroba,"15,00",15.0,Algodão,8
2007-03-14,Algodão,BARREIRAS,Pluma,arroba,"42,90",42.9,Algodão,8
2007-03-15,Algodão,BARREIRAS,Caroço,arroba,"15,00",15.0,Algodão,8
2007-03-15,Algodão,BARREIRAS,Pluma,arroba,"42,90",42.9,Algodão,8
2007-03-16,Algodão,BARREIRAS,Caroço,arroba,"15,00",15.0,Algodão,8
2007-03-16,Algodão,BARREIRAS,Pluma,arroba,"42,90",42.9,Algodão,8
2007-03-19,Algodão,BARREIRAS,Caroço,arroba,"15,00",15.0,Algodão,8
2007-03-19,Algodão,BARREIRAS,Pluma,arroba,"42,90",42.9,Algodão,8
2007-03-20,Algodão,BARREIRAS,Caroço,arroba,"15,00",15.0,Algodão,8
2007-03-20,Algodão,BARREIRAS,Pluma,arroba,"42,90",42.9,Algodão,8
2007-03-21,Algodão,BARREIRAS,Caroço,arroba,"15,00",15.0,Algodão,8
2007-03-21,Algodão,BARREIRAS,Pluma,arroba,"42,90",42.9,Algodão,8
2007-03-22,Algodão,BARREIRAS,Caroço,arroba,"15,00",15.0,Algodão,8
2007-03-22,Algodão,BARREIRAS,Pluma,arroba,"42,90",42.9,Algodão,8
2007-03-23,Algodão,BARREIRAS,Caroço,arroba,"15,00",15.0,Algodão,8
2007-03-23,Algodão,BARREIRAS,Pluma,arroba,"42,90",42.9,Algodão,8
2007-03-26,Algodão,BARREIRAS,Caroço,arroba,"15,00",15.0,Algodão,8
2007-03-26,Algodão,BARREIRAS,Pluma,arroba,"42,96",42.96,Algodão,8
2007-03-27,Algodão,BARREIRAS,Caroço,arroba,"15,00",15.0,Algodão,8
2007-03-27,Algodão,BARREIRAS,Pluma,arroba,"42,96",42.96,Algodão,8
2007-03-28,Algodão,BARREIRAS,Caroço,arroba,"15,00",15.0,Algodão,8
2007-03-28,Algodão,BARREIRAS,Pluma,arroba,"42,96",42.96,Algodão,8
2007-03-29,Algodão,BARREIRAS,Caroço,arroba,"15,00",15.0,Algodão,8
2007-03-29,Algodão,BARREIRAS,Pluma,arroba,"42,96",42.96,Algodão,8
2007-03-30,Algodão,BARREIRAS,Caroço,arroba,"15,00",15.0,Algodão,8
2007-03-30,Algodão,BARREIRAS,Pluma,arroba,"42,96",42.96,Algodão,8
2007-04-02,Algodão,BARREIRAS,Caroço,arroba,"15,00",15.0,Algodão,8
2007-04-02,Algodão,BARREIRAS,Pluma,arroba,"42,96",42.96,Algodão,8
2007-04-03,Algodão,BARREIRAS,Caroço,arroba,"15,00",15.0,Algodão,8
2007-04-03,Algodão,BARREIRAS,Pluma,arroba,"42,96",42.96,Algodão,8
2007-04-04,Algodão,BARREIRAS,Caroço,arroba,"15,00",15.0,Algodão,8
2007-04-04,Algodão,BARREIRAS,Pluma,arroba,"42,96",42.96,Algodão,8
2007-04-09,Algodão,BARREIRAS,Caroço,arroba,"15,00",15.0,Algodão,8
2007-04-09,Algodão,BARREIRAS,Pluma,arroba,"41,80",41.8,Algodão,8
2007-04-10,Algodão,BARREIRAS,Caroço,arroba,"15,00",15.0,Algodão,8
2007-04-10,Algodão,BARREIRAS,Pluma,arroba,"41,80",41.8,Algodão,8
2007-04-11,Algodão,BARREIRAS,Caroço,arroba,"15,00",15.0,Algodão,8
2007-04-11,Algodão,BARREIRAS,Pluma,arroba,"41,80",41.8,Algodão,8
2007-04-12,Algodão,BARREIRAS,Caroço,arroba,"15,00",15.0,Algodão,8
2007-04-12,Algodão,BARREIRAS,Pluma,arroba,"41,80",41.8,Algodão,8
2007-04-13,Algodão,BARREIRAS,Caroço,arroba,"15,00",15.0,Algodão,8
2007-04-13,Algodão,BARREIRAS,Pluma,arroba,"41,80",41.8,Algodão,8
2007-04-16,Algodão,BARREIRAS,Caroço,arroba,"15,00",15.0,Algodão,8
2007-04-16,Algodão,BARREIRAS,Pluma,arroba,"41,80",41.8,Algodão,8
2007-04-17,Algodão,BARREIRAS,Caroço,arroba,"15,00",15.0,Algodão,8
2007-04-17,Algodão,BARREIRAS,Pluma,arroba,"41,80",41.8,Algodão,8
2007-04-18,Algodão,BARREIRAS,Caroço,arroba,"15,00",15.0,Algodão,8
2007-04-18,Algodão,BARREIRAS,Pluma,arroba,"41,80",41.8,Algodão,8
2007-04-19,Algodão,BARREIRAS,Caroço,arroba,"15,00",15.0,Algodão,8
2007-04-19,Algodão,BARREIRAS,Pluma,arroba,"41,80",41.8,Algodão,8
2007-04-20,Algodão,BARREIRAS,Caroço,arroba,"15,00",15.0,Algodão,8
2007-04-20,Algodão,BARREIRAS,Pluma,arroba,"41,80",41.8,Algodão,8
2007-04-23,Algodão,BARREIRAS,Caroço,arroba,"15,00",15.0,Algodão,8
2007-04-23,Algodão,BARREIRAS,Pluma,arroba,"41,80",41.8,Algodão,8
2007-04-24,Algodão,BARREIRAS,Caroço,arroba,"15,00",15.0,Algodão,8
2007-04-24,Algodão,BARREIRAS,Pluma,arroba,"41,80",41.8,Algodão,8
2007-04-25,Algodão,BARREIRAS,Caroço,arroba,"15,00",15.0,Algodão,8
2007-04-25,Algodão,BARREIRAS,Pluma,arroba,"41,80",41.8,Algodão,8
2007-04-26,Algodão,BARREIRAS,Caroço,arroba,"15,00",15.0,Algodão,8
2007-04-26,Algodão,BARREIRAS,Pluma,arroba,"41,80",41.8,Algodão,8
2007-04-27,Algodão,BARREIRAS,Caroço,arroba,"15,00",15.0,Algodão,8
2007-04-27,Algodão,BARREIRAS,Pluma,arroba,"41,80",41.8,Algodão,8
2007-05-02,Algodão,BARREIRAS,Caroço,arroba,"15,00",15.0,Algodão,8
2007-05-02,Algodão,BARREIRAS,Pluma,arroba,"41,80",41.8,Algodão,8
2007-05-03,Algodão,BARREIRAS,Caroço,arroba,"15,00",15.0,Algodão,8
2007-05-03,Algodão,BARREIRAS,Pluma,arroba,"41,80",41.8,Algodão,8
2007-05-04,Algodão,BARREIRAS,Caroço,arroba,"15,00",15.0,Algodão,8
2007-05-04,Algodão,BARREIRAS,Pluma,arroba,"41,80",41.8,Algodão,8
2007-05-07,Algodão,BARREIRAS,Caroço,arroba,"15,00",15.0,Algodão,8
2007-05-07,Algodão,BARREIRAS,Pluma,arroba,"41,80",41.8,Algodão,8
2007-05-08,Algodão,BARREIRAS,Caroço,arroba,"15,00",15.0,Algodão,8
2007-05-08,Algodão,BARREIRAS,Pluma,arroba,"42,09",42.09,Algodão,8
2007-05-09,Algodão,BARREIRAS,Caroço,arroba,"15,00",15.0,Algodão,8
2007-05-09,Algodão,BARREIRAS,Pluma,arroba,"42,09",42.09,Algodão,8
2007-05-10,Algodão,BARREIRAS,Caroço,arroba,"15,00",15.0,Algodão,8
2007-05-10,Algodão,BARREIRAS,Pluma,arroba,"42,09",42.09,Algodão,8
2007-05-11,Algodão,BARREIRAS,Caroço,arroba,"15,00",15.0,Algodão,8
2007-05-11,Algodão,BARREIRAS,Pluma,arroba,"42,09",42.09,Algodão,8
2007-05-14,Algodão,BARREIRAS,Caroço,arroba,"15,00",15.0,Algodão,8
2007-05-14,Algodão,BARREIRAS,Pluma,arroba,"42,09",42.09,Algodão,8
2007-05-15,Algodão,BARREIRAS,Caroço,arroba,"15,00",15.0,Algodão,8
2007-05-15,Algodão,BARREIRAS,Pluma,arroba,"41,80",41.8,Algodão,8
2007-05-16,Algodão,BARREIRAS,Caroço,arroba,"15,00",15.0,Algodão,8
2007-05-16,Algodão,BARREIRAS,Pluma,arroba,"41,80",41.8,Algodão,8
2007-05-17,Algodão,BARREIRAS,Caroço,arroba,"15,00",15.0,Algodão,8
2007-05-17,Algodão,BARREIRAS,Pluma,arroba,"41,80",41.8,Algodão,8
2007-05-18,Algodão,BARREIRAS,Caroço,arroba,"15,00",15.0,Algodão,8
2007-05-18,Algodão,BARREIRAS,Pluma,arroba,"41,80",41.8,Algodão,8
2007-05-21,Algodão,BARREIRAS,Caroço,arroba,"15,00",15.0,Algodão,8
2007-05-21,Algodão,BARREIRAS,Pluma,arroba,"42,06",42.06,Algodão,8
2007-05-22,Algodão,BARREIRAS,Caroço,arroba,"15,00",15.0,Algodão,8
2007-05-22,Algodão,BARREIRAS,Pluma,arroba,"42,06",42.06,Algodão,8
2007-05-23,Algodão,BARREIRAS,Caroço,arroba,"15,00",15.0,Algodão,8
2007-05-23,Algodão,BARREIRAS,Pluma,arroba,"42,06",42.06,Algodão,8
2007-05-24,Algodão,BARREIRAS,Caroço,arroba,"15,00",15.0,Algodão,8
2007-05-24,Algodão,BARREIRAS,Pluma,arroba,"42,06",42.06,Algodão,8
2007-05-25,Algodão,BARREIRAS,Caroço,arroba,"15,00",15.0,Algodão,8
2007-05-25,Algodão,BARREIRAS,Pluma,arroba,"42,06",42.06,Algodão,8
2007-05-28,Algodão,BARREIRAS,Caroço,arroba,"13,20",13.2,Algodão,8
2007-05-28,Algodão,BARREIRAS,Pluma,arroba,"35,00",35.0,Algodão,8
2007-05-29,Algodão,BARREIRAS,Caroço,arroba,"13,20",13.2,Algodão,8
2007-05-29,Algodão,BARREIRAS,Pluma,arroba,"35,00",35.0,Algodão,8
2007-05-30,Algodão,BARREIRAS,Caroço,arroba,"13,20",13.2,Algodão,8
2007-05-30,Algodão,BARREIRAS,Pluma,arroba,"35,00",35.0,Algodão,8
2007-05-31,Algodão,BARREIRAS,Caroço,arroba,"13,20",13.2,Algodão,8
2007-05-31,Algodão,BARREIRAS,Pluma,arroba,"35,00",35.0,Algodão,8
2007-06-01,Algodão,BARREIRAS,Caroço,arroba,"13,20",13.2,Algodão,8
2007-06-01,Algodão,BARREIRAS,Pluma,arroba,"35,00",35.0,Algodão,8
2007-06-04,Algodão,BARREIRAS,Caroço,arroba,"15,00",15.0,Algodão,8
2007-06-04,Algodão,BARREIRAS,Pluma,arroba,"34,08",34.08,Algodão,8
2007-06-05,Algodão,BARREIRAS,Caroço,arroba,"15,00",15.0,Algodão,8
2007-06-05,Algodão,BARREIRAS,Pluma,arroba,"34,08",34.08,Algodão,8
2007-06-06,Algodão,BARREIRAS,Caroço,arroba,"15,00",15.0,Algodão,8
2007-06-06,Algodão,BARREIRAS,Pluma,arroba,"34,08",34.08,Algodão,8
2007-06-11,Algodão,BARREIRAS,Caroço,arroba,"15,00",15.0,Algodão,8
2007-06-11,Algodão,BARREIRAS,Pluma,arroba,"34,08",34.08,Algodão,8
2007-06-12,Algodão,BARREIRAS,Caroço,arroba,"15,00",15.0,Algodão,8
2007-06-12,Algodão,BARREIRAS,Pluma,arroba,"34,08",34.08,Algodão,8
2007-06-13,Algodão,BARREIRAS,Caroço,arroba,"15,00",15.0,Algodão,8
2007-06-13,Algodão,BARREIRAS,Pluma,arroba,"34,08",34.08,Algodão,8
2007-06-14,Algodão,BARREIRAS,Caroço,arroba,"15,00",15.0,Algodão,8
2007-06-14,Algodão,BARREIRAS,Pluma,arroba,"34,08",34.08,Algodão,8
2007-06-15,Algodão,BARREIRAS,Caroço,arroba,"15,00",15.0,Algodão,8
2007-06-15,Algodão,BARREIRAS,Pluma,arroba,"34,08",34.08,Algodão,8
2007-06-18,Algodão,BARREIRAS,Caroço,arroba,"15,00",15.0,Algodão,8
2007-06-18,Algodão,BARREIRAS,Pluma,arroba,"48,32",48.32,Algodão,8
2007-06-19,Algodão,BARREIRAS,Caroço,arroba,"15,00",15.0,Algodão,8
2007-06-19,Algodão,BARREIRAS,Pluma,arroba,"48,32",48.32,Algodão,8
2007-06-20,Algodão,BARREIRAS,Caroço,arroba,"15,00",15.0,Algodão,8
2007-06-20,Algodão,BARREIRAS,Pluma,arroba,"48,32",48.32,Algodão,8
2007-06-21,Algodão,BARREIRAS,Caroço,arroba,"15,00",15.0,Algodão,8
2007-06-21,Algodão,BARREIRAS,Pluma,arroba,"48,32",48.32,Algodão,8
2007-06-25,Algodão,BARREIRAS,Caroço,arroba,"15,00",15.0,Algodão,8
2007-06-25,Algodão,BARREIRAS,Pluma,arroba,"38,90",38.9,Algodão,8
2007-06-26,Algodão,BARREIRAS,Caroço,arroba,"15,00",15.0,Algodão,8
2007-06-26,Algodão,BARREIRAS,Pluma,arroba,"38,90",38.9,Algodão,8
2007-06-27,Algodão,BARREIRAS,Caroço,arroba,"15,00",15.0,Algodão,8
2007-06-27,Algodão,BARREIRAS,Pluma,arroba,"38,90",38.9,Algodão,8
2007-06-28,Algodão,BARREIRAS,Caroço,arroba,"15,00",15.0,Algodão,8
2007-06-28,Algodão,BARREIRAS,Pluma,arroba,"38,90",38.9,Algodão,8
2007-06-29,Algodão,BARREIRAS,Caroço,arroba,"15,00",15.0,Algodão,8
2007-06-29,Algodão,BARREIRAS,Pluma,arroba,"38,90",38.9,Algodão,8
2007-07-03,Algodão,BARREIRAS,Caroço,arroba,"15,00",15.0,Algodão,8
2007-07-03,Algodão,BARREIRAS,Pluma,arroba,"39,02",39.02,Algodão,8
2007-07-04,Algodão,BARREIRAS,Caroço,arroba,"15,00",15.0,Algodão,8
2007-07-04,Algodão,BARREIRAS,Pluma,arroba,"39,02",39.02,Algodão,8
2007-07-05,Algodão,BARREIRAS,Caroço,arroba,"15,00",15.0,Algodão,8
2007-07-05,Algodão,BARREIRAS,Pluma,arroba,"39,02",39.02,Algodão,8
2007-07-06,Algodão,BARREIRAS,Caroço,arroba,"15,00",15.0,Algodão,8
2007-07-06,Algodão,BARREIRAS,Pluma,arroba,"39,02",39.02,Algodão,8
2007-07-09,Algodão,BARREIRAS,Caroço,arroba,"15,00",15.0,Algodão,8
2007-07-09,Algodão,BARREIRAS,Pluma,arroba,"39,02",39.02,Algodão,8
2007-07-10,Algodão,BARREIRAS,Caroço,arroba,"15,00",15.0,Algodão,8
2007-07-10,Algodão,BARREIRAS,Pluma,arroba,"39,02",39.02,Algodão,8
2007-07-11,Algodão,BARREIRAS,Caroço,arroba,"15,00",15.0,Algodão,8
2007-07-11,Algodão,BARREIRAS,Pluma,arroba,"39,02",39.02,Algodão,8
2007-07-12,Algodão,BARREIRAS,Caroço,arroba,"15,00",15.0,Algodão,8
2007-07-12,Algodão,BARREIRAS,Pluma,arroba,"39,02",39.02,Algodão,8
2007-07-13,Algodão,BARREIRAS,Caroço,arroba,"15,00",15.0,Algodão,8
2007-07-13,Algodão,BARREIRAS,Pluma,arroba,"39,02",39.02,Algodão,8
2007-07-16,Algodão,BARREIRAS,Caroço,arroba,"15,00",15.0,Algodão,8
2007-07-16,Algodão,BARREIRAS,Pluma,arroba,"39,02",39.02,Algodão,8
2007-07-17,Algodão,BARREIRAS,Caroço,arroba,"15,00",15.0,Algodão,8
2007-07-17,Algodão,BARREIRAS,Pluma,arroba,"39,02",39.02,Algodão,8
2007-07-18,Algodão,BARREIRAS,Caroço,arroba,"15,00",15.0,Algodão,8
2007-07-18,Algodão,BARREIRAS,Pluma,arroba,"39,02",39.02,Algodão,8
2007-07-19,Algodão,BARREIRAS,Caroço,arroba,"15,00",15.0,Algodão,8
2007-07-19,Algodão,BARREIRAS,Pluma,arroba,"39,02",39.02,Algodão,8
2007-07-20,Algodão,BARREIRAS,Caroço,arroba,"15,00",15.0,Algodão,8
2007-07-20,Algodão,BARREIRAS,Pluma,arroba,"39,02",39.02,Algodão,8
2007-07-23,Algodão,BARREIRAS,Caroço,arroba,"14,50",14.5,Algodão,8
2007-07-23,Algodão,BARREIRAS,Pluma,arroba,"34,72",34.72,Algodão,8
2007-07-24,Algodão,BARREIRAS,Caroço,arroba,"14,50",14.5,Algodão,8
2007-07-24,Algodão,BARREIRAS,Pluma,arroba,"34,72",34.72,Algodão,8
2007-07-25,Algodão,BARREIRAS,Caroço,arroba,"14,50",14.5,Algodão,8
2007-07-25,Algodão,BARREIRAS,Pluma,arroba,"34,72",34.72,Algodão,8
2007-07-26,Algodão,BARREIRAS,Caroço,arroba,"14,50",14.5,Algodão,8
2007-07-26,Algodão,BARREIRAS,Pluma,arroba,"34,72",34.72,Algodão,8
2007-07-27,Algodão,BARREIRAS,Caroço,arroba,"14,50",14.5,Algodão,8
2007-07-27,Algodão,BARREIRAS,Pluma,arroba,"34,72",34.72,Algodão,8
2007-07-30,Algodão,BARREIRAS,Caroço,arroba,"14,50",14.5,Algodão,8
2007-07-30,Algodão,BARREIRAS,Pluma,arroba,"34,72",34.72,Algodão,8
2007-07-31,Algodão,BARREIRAS,Caroço,arroba,"14,50",14.5,Algodão,8
2007-07-31,Algodão,BARREIRAS,Pluma,arroba,"34,72",34.72,Algodão,8
2007-08-01,Algodão,BARREIRAS,Caroço,arroba,"14,50",14.5,Algodão,8
2007-08-01,Algodão,BARREIRAS,Pluma,arroba,"34,72",34.72,Algodão,8
2007-08-02,Algodão,BARREIRAS,Caroço,arroba,"14,50",14.5,Algodão,8
2007-08-02,Algodão,BARREIRAS,Pluma,arroba,"34,72",34.72,Algodão,8
2007-08-03,Algodão,BARREIRAS,Caroço,arroba,"14,50",14.5,Algodão,8
2007-08-03,Algodão,BARREIRAS,Pluma,arroba,"34,72",34.72,Algodão,8
2007-08-06,Algodão,BARREIRAS,Caroço,arroba,"14,50",14.5,Algodão,8
2007-08-06,Algodão,BARREIRAS,Pluma,arroba,"34,72",34.72,Algodão,8
2007-08-07,Algodão,BARREIRAS,Caroço,arroba,"14,50",14.5,Algodão,8
2007-08-07,Algodão,BARREIRAS,Pluma,arroba,"34,72",34.72,Algodão,8
2007-08-08,Algodão,BARREIRAS,Caroço,arroba,"14,50",14.5,Algodão,8
2007-08-08,Algodão,BARREIRAS,Pluma,arroba,"34,72",34.72,Algodão,8
2007-08-09,Algodão,BARREIRAS,Caroço,arroba,"14,50",14.5,Algodão,8
2007-08-09,Algodão,BARREIRAS,Pluma,arroba,"34,72",34.72,Algodão,8
2007-08-10,Algodão,BARREIRAS,Caroço,arroba,"14,50",14.5,Algodão,8
2007-08-10,Algodão,BARREIRAS,Pluma,arroba,"34,72",34.72,Algodão,8
2007-08-13,Algodão,BARREIRAS,Caroço,arroba,"14,50",14.5,Algodão,8
2007-08-13,Algodão,BARREIRAS,Pluma,arroba,"34,39",34.39,Algodão,8
2007-08-14,Algodão,BARREIRAS,Caroço,arroba,"14,50",14.5,Algodão,8
2007-08-14,Algodão,BARREIRAS,Pluma,arroba,"34,39",34.39,Algodão,8
2007-08-15,Algodão,BARREIRAS,Caroço,arroba,"14,50",14.5,Algodão,8
2007-08-15,Algodão,BARREIRAS,Pluma,arroba,"34,39",34.39,Algodão,8
2007-08-16,Algodão,BARREIRAS,Caroço,arroba,"14,50",14.5,Algodão,8
2007-08-16,Algodão,BARREIRAS,Pluma,arroba,"34,39",34.39,Algodão,8
2007-08-17,Algodão,BARREIRAS,Caroço,arroba,"14,50",14.5,Algodão,8
2007-08-17,Algodão,BARREIRAS,Pluma,arroba,"34,39",34.39,Algodão,8
2007-08-20,Algodão,BARREIRAS,Caroço,arroba,"14,50",14.5,Algodão,8
2007-08-20,Algodão,BARREIRAS,Pluma,arroba,"35,05",35.05,Algodão,8
2007-08-21,Algodão,BARREIRAS,Caroço,arroba,"14,50",14.5,Algodão,8
2007-08-21,Algodão,BARREIRAS,Pluma,arroba,"35,05",35.05,Algodão,8
2007-08-22,Algodão,BARREIRAS,Caroço,arroba,"14,50",14.5,Algodão,8
2007-08-22,Algodão,BARREIRAS,Pluma,arroba,"35,05",35.05,Algodão,8
2007-08-23,Algodão,BARREIRAS,Caroço,arroba,"14,50",14.5,Algodão,8
2007-08-23,Algodão,BARREIRAS,Pluma,arroba,"35,05",35.05,Algodão,8
2007-08-24,Algodão,BARREIRAS,Caroço,arroba,"14,50",14.5,Algodão,8
2007-08-24,Algodão,BARREIRAS,Pluma,arroba,"35,05",35.05,Algodão,8
2007-08-27,Algodão,BARREIRAS,Caroço,arroba,"14,50",14.5,Algodão,8
2007-08-27,Algodão,BARREIRAS,Pluma,arroba,"35,05",35.05,Algodão,8
2007-08-28,Algodão,BARREIRAS,Caroço,arroba,"14,50",14.5,Algodão,8
2007-08-28,Algodão,BARREIRAS,Pluma,arroba,"35,05",35.05,Algodão,8
2007-08-29,Algodão,BARREIRAS,Caroço,arroba,"14,50",14.5,Algodão,8
2007-08-29,Algodão,BARREIRAS,Pluma,arroba,"35,05",35.05,Algodão,8
2007-08-30,Algodão,BARREIRAS,Caroço,arroba,"14,50",14.5,Algodão,8
2007-08-30,Algodão,BARREIRAS,Pluma,arroba,"35,05",35.05,Algodão,8
2007-08-31,Algodão,BARREIRAS,Caroço,arroba,"14,50",14.5,Algodão,8
2007-08-31,Algodão,BARREIRAS,Pluma,arroba,"35,05",35.05,Algodão,8
2007-09-03,Algodão,BARREIRAS,Caroço,arroba,"14,50",14.5,Algodão,8
2007-09-03,Algodão,BARREIRAS,Pluma,arroba,"35,05",35.05,Algodão,8
2007-09-04,Algodão,BARREIRAS,Caroço,arroba,"14,50",14.5,Algodão,8
2007-09-04,Algodão,BARREIRAS,Pluma,arroba,"35,05",35.05,Algodão,8
2007-09-05,Algodão,BARREIRAS,Caroço,arroba,"14,50",14.5,Algodão,8
2007-09-05,Algodão,BARREIRAS,Pluma,arroba,"35,05",35.05,Algodão,8
2007-09-06,Algodão,BARREIRAS,Caroço,arroba,"14,50",14.5,Algodão,8
2007-09-06,Algodão,BARREIRAS,Pluma,arroba,"35,05",35.05,Algodão,8
2007-09-10,Algodão,BARREIRAS,Caroço,arroba,"14,50",14.5,Algodão,8
2007-09-10,Algodão,BARREIRAS,Pluma,arroba,"35,38",35.38,Algodão,8
2007-09-11,Algodão,BARREIRAS,Caroço,arroba,"14,50",14.5,Algodão,8
2007-09-11,Algodão,BARREIRAS,Pluma,arroba,"35,38",35.38,Algodão,8
2007-09-12,Algodão,BARREIRAS,Caroço,arroba,"14,50",14.5,Algodão,8
2007-09-12,Algodão,BARREIRAS,Pluma,arroba,"35,38",35.38,Algodão,8
2007-09-13,Algodão,BARREIRAS,Caroço,arroba,"14,50",14.5,Algodão,8
2007-09-13,Algodão,BARREIRAS,Pluma,arroba,"35,38",35.38,Algodão,8
2007-09-14,Algodão,BARREIRAS,Caroço,arroba,"14,50",14.5,Algodão,8
2007-09-14,Algodão,BARREIRAS,Pluma,arroba,"35,38",35.38,Algodão,8
2007-09-17,Algodão,BARREIRAS,Caroço,arroba,"14,50",14.5,Algodão,8
2007-09-17,Algodão,BARREIRAS,Pluma,arroba,"35,38",35.38,Algodão,8
2007-09-18,Algodão,BARREIRAS,Caroço,arroba,"14,50",14.5,Algodão,8
2007-09-18,Algodão,BARREIRAS,Pluma,arroba,"35,38",35.38,Algodão,8
2007-09-19,Algodão,BARREIRAS,Caroço,arroba,"14,50",14.5,Algodão,8
2007-09-19,Algodão,BARREIRAS,Pluma,arroba,"35,38",35.38,Algodão,8
2007-09-20,Algodão,BARREIRAS,Caroço,arroba,"14,50",14.5,Algodão,8
2007-09-20,Algodão,BARREIRAS,Pluma,arroba,"35,38",35.38,Algodão,8
2007-09-21,Algodão,BARREIRAS,Caroço,arroba,"14,50",14.5,Algodão,8
2007-09-21,Algodão,BARREIRAS,Pluma,arroba,"35,38",35.38,Algodão,8
2007-09-24,Algodão,BARREIRAS,Caroço,arroba,"14,50",14.5,Algodão,8
2007-09-24,Algodão,BARREIRAS,Pluma,arroba,"34,78",34.78,Algodão,8
2007-09-25,Algodão,BARREIRAS,Caroço,arroba,"14,50",14.5,Algodão,8
2007-09-25,Algodão,BARREIRAS,Pluma,arroba,"34,78",34.78,Algodão,8
2007-09-26,Algodão,BARREIRAS,Caroço,arroba,"14,50",14.5,Algodão,8
2007-09-26,Algodão,BARREIRAS,Pluma,arroba,"34,78",34.78,Algodão,8
2007-09-27,Algodão,BARREIRAS,Caroço,arroba,"14,50",14.5,Algodão,8
2007-09-27,Algodão,BARREIRAS,Pluma,arroba,"34,78",34.78,Algodão,8
2007-09-28,Algodão,BARREIRAS,Caroço,arroba,"14,50",14.5,Algodão,8
2007-09-28,Algodão,BARREIRAS,Pluma,arroba,"34,78",34.78,Algodão,8
2007-10-01,Algodão,BARREIRAS,Caroço,arroba,"14,50",14.5,Algodão,8
2007-10-01,Algodão,BARREIRAS,Pluma,arroba,"34,72",34.72,Algodão,8
2007-10-02,Algodão,BARREIRAS,Caroço,arroba,"14,50",14.5,Algodão,8
2007-10-02,Algodão,BARREIRAS,Pluma,arroba,"34,72",34.72,Algodão,8
2007-10-03,Algodão,BARREIRAS,Caroço,arroba,"14,50",14.5,Algodão,8
2007-10-03,Algodão,BARREIRAS,Pluma,arroba,"34,72",34.72,Algodão,8
2007-10-04,Algodão,BARREIRAS,Caroço,arroba,"14,50",14.5,Algodão,8
2007-10-04,Algodão,BARREIRAS,Pluma,arroba,"34,72",34.72,Algodão,8
2007-10-05,Algodão,BARREIRAS,Caroço,arroba,"14,50",14.5,Algodão,8
2007-10-05,Algodão,BARREIRAS,Caroço,arroba,"34,72",34.72,Algodão,8
2007-10-05,Algodão,BARREIRAS,Pluma,arroba,"14,50",14.5,Algodão,8
2007-10-08,Algodão,BARREIRAS,Caroço,arroba,"35,05",35.05,Algodão,8
2007-10-08,Algodão,BARREIRAS,Pluma,arroba,"14,50",14.5,Algodão,8
2007-10-09,Algodão,BARREIRAS,Caroço,arroba,"35,05",35.05,Algodão,8
2007-10-09,Algodão,BARREIRAS,Pluma,arroba,"14,50",14.5,Algodão,8
2007-10-10,Algodão,BARREIRAS,Caroço,arroba,"35,05",35.05,Algodão,8
2007-10-10,Algodão,BARREIRAS,Pluma,arroba,"14,50",14.5,Algodão,8
2007-10-11,Algodão,BARREIRAS,Caroço,arroba,"35,05",35.05,Algodão,8
2007-10-11,Algodão,BARREIRAS,Pluma,arroba,"14,50",14.5,Algodão,8
2007-10-15,Algodão,BARREIRAS,Caroço,arroba,"35,05",35.05,Algodão,8
2007-10-15,Algodão,BARREIRAS,Pluma,arroba,"14,50",14.5,Algodão,8
2007-10-16,Algodão,BARREIRAS,Caroço,arroba,"35,05",35.05,Algodão,8
2007-10-16,Algodão,BARREIRAS,Pluma,arroba,"14,50",14.5,Algodão,8
2007-10-17,Algodão,BARREIRAS,Caroço,arroba,"35,05",35.05,Algodão,8
2007-10-17,Algodão,BARREIRAS,Pluma,arroba,"14,50",14.5,Algodão,8
2007-10-18,Algodão,BARREIRAS,Caroço,arroba,"35,05",35.05,Algodão,8
2007-10-18,Algodão,BARREIRAS,Pluma,arroba,"14,50",14.5,Algodão,8
2007-10-19,Algodão,BARREIRAS,Caroço,arroba,"35,05",35.05,Algodão,8
2007-10-19,Algodão,BARREIRAS,Pluma,arroba,"14,50",14.5,Algodão,8
2007-10-22,Algodão,BARREIRAS,Caroço,arroba,"35,48",35.48,Algodão,8
2007-10-22,Algodão,BARREIRAS,Pluma,arroba,"14,50",14.5,Algodão,8
2007-10-23,Algodão,BARREIRAS,Caroço,arroba,"35,48",35.48,Algodão,8
2007-10-23,Algodão,BARREIRAS,Pluma,arroba,"14,50",14.5,Algodão,8
2007-10-24,Algodão,BARREIRAS,Caroço,arroba,"35,48",35.48,Algodão,8
2007-10-24,Algodão,BARREIRAS,Pluma,arroba,"14,50",14.5,Algodão,8
2007-10-25,Algodão,BARREIRAS,Caroço,arroba,"35,48",35.48,Algodão,8
2007-10-25,Algodão,BARREIRAS,Pluma,arroba,"14,50",14.5,Algodão,8
2007-10-26,Algodão,BARREIRAS,Caroço,arroba,"35,48",35.48,Algodão,8
2007-10-26,Algodão,BARREIRAS,Pluma,arroba,"14,50",14.5,Algodão,8
2007-10-29,Algodão,BARREIRAS,Caroço,arroba,"35,68",35.68,Algodão,8
2007-10-29,Algodão,BARREIRAS,Pluma,arroba,"14,50",14.5,Algodão,8
2007-10-30,Algodão,BARREIRAS,Caroço,arroba,"35,68",35.68,Algodão,8
2007-10-30,Algodão,BARREIRAS,Pluma,arroba,"14,50",14.5,Algodão,8
2007-10-31,Algodão,BARREIRAS,Caroço,arroba,"35,68",35.68,Algodão,8
2007-10-31,Algodão,BARREIRAS,Pluma,arroba,"14,50",14.5,Algodão,8
2007-11-01,Algodão,BARREIRAS,Caroço,arroba,"35,68",35.68,Algodão,8
2007-11-01,Algodão,BARREIRAS,Pluma,arroba,"14,50",14.5,Algodão,8
2007-11-05,Algodão,BARREIRAS,Caroço,arroba,"35,75",35.75,Algodão,8
2007-11-05,Algodão,BARREIRAS,Pluma,arroba,"14,50",14.5,Algodão,8
2007-11-06,Algodão,BARREIRAS,Caroço,arroba,"35,75",35.75,Algodão,8
2007-11-06,Algodão,BARREIRAS,Pluma,arroba,"14,50",14.5,Algodão,8
2007-11-07,Algodão,BARREIRAS,Caroço,arroba,"35,75",35.75,Algodão,8
2007-11-07,Algodão,BARREIRAS,Pluma,arroba,"14,50",14.5,Algodão,8
2007-11-08,Algodão,BARREIRAS,Caroço,arroba,"35,75",35.75,Algodão,8
2007-11-08,Algodão,BARREIRAS,Pluma,arroba,"14,50",14.5,Algodão,8
2007-11-09,Algodão,BARREIRAS,Caroço,arroba,"35,75",35.75,Algodão,8
2007-11-09,Algodão,BARREIRAS,Pluma,arroba,"14,50",14.5,Algodão,8
2007-11-12,Algodão,BARREIRAS,Caroço,arroba,"36,38",36.38,Algodão,8
2007-11-12,Algodão,BARREIRAS,Pluma,arroba,"14,50",14.5,Algodão,8
2007-11-13,Algodão,BARREIRAS,Caroço,arroba,"36,38",36.38,Algodão,8
2007-11-13,Algodão,BARREIRAS,Pluma,arroba,"14,50",14.5,Algodão,8
2007-11-14,Algodão,BARREIRAS,Caroço,arroba,"36,38",36.38,Algodão,8
2007-11-14,Algodão,BARREIRAS,Pluma,arroba,"14,50",14.5,Algodão,8
2007-11-15,Algodão,BARREIRAS,Caroço,arroba,"36,38",36.38,Algodão,8
2007-11-15,Algodão,BARREIRAS,Pluma,arroba,"14,50",14.5,Algodão,8
2007-11-16,Algodão,BARREIRAS,Caroço,arroba,"36,38",36.38,Algodão,8
2007-11-16,Algodão,BARREIRAS,Pluma,arroba,"14,50",14.5,Algodão,8
2007-11-19,Algodão,BARREIRAS,Caroço,arroba,"36,38",36.38,Algodão,8
2007-11-19,Algodão,BARREIRAS,Pluma,arroba,"14,50",14.5,Algodão,8
2007-11-20,Algodão,BARREIRAS,Caroço,arroba,"36,38",36.38,Algodão,8
2007-11-20,Algodão,BARREIRAS,Pluma,arroba,"14,50",14.5,Algodão,8
2007-11-21,Algodão,BARREIRAS,Caroço,arroba,"36,38",36.38,Algodão,8
2007-11-21,Algodão,BARREIRAS,Pluma,arroba,"14,50",14.5,Algodão,8
2007-11-22,Algodão,BARREIRAS,Caroço,arroba,"36,38",36.38,Algodão,8
2007-11-22,Algodão,BARREIRAS,Pluma,arroba,"14,50",14.5,Algodão,8
2007-11-23,Algodão,BARREIRAS,Caroço,arroba,"36,38",36.38,Algodão,8
2007-11-23,Algodão,BARREIRAS,Pluma,arroba,"14,50",14.5,Algodão,8
2007-11-26,Algodão,BARREIRAS,Caroço,arroba,"38,03",38.03,Algodão,8
2007-11-26,Algodão,BARREIRAS,Pluma,arroba,"14,50",14.5,Algodão,8
2007-11-27,Algodão,BARREIRAS,Caroço,arroba,"38,03",38.03,Algodão,8
2007-11-27,Algodão,BARREIRAS,Pluma,arroba,"14,50",14.5,Algodão,8
2007-11-28,Algodão,BARREIRAS,Caroço,arroba,"38,03",38.03,Algodão,8
2007-11-28,Algodão,BARREIRAS,Pluma,arroba,"14,50",14.5,Algodão,8
2007-11-29,Algodão,BARREIRAS,Caroço,arroba,"38,03",38.03,Algodão,8
2007-11-29,Algodão,BARREIRAS,Pluma,arroba,"14,50",14.5,Algodão,8
2007-11-30,Algodão,BARREIRAS,Caroço,arroba,"38,03",38.03,Algodão,8
2007-11-30,Algodão,BARREIRAS,Pluma,arroba,"14,50",14.5,Algodão,8
2007-12-03,Algodão,BARREIRAS,Caroço,arroba,"38,78",38.78,Algodão,8
2007-12-03,Algodão,BARREIRAS,Pluma,arroba,"14,50",14.5,Algodão,8
2007-12-04,Algodão,BARREIRAS,Caroço,arroba,"38,78",38.78,Algodão,8
2007-12-04,Algodão,BARREIRAS,Pluma,arroba,"14,50",14.5,Algodão,8
2007-12-05,Algodão,BARREIRAS,Caroço,arroba,"38,78",38.78,Algodão,8
2007-12-05,Algodão,BARREIRAS,Pluma,arroba,"14,50",14.5,Algodão,8
2007-12-06,Algodão,BARREIRAS,Caroço,arroba,"38,78",38.78,Algodão,8
2007-12-06,Algodão,BARREIRAS,Pluma,arroba,"14,50",14.5,Algodão,8
2007-12-07,Algodão,BARREIRAS,Caroço,arroba,"38,78",38.78,Algodão,8
2007-12-07,Algodão,BARREIRAS,Pluma,arroba,"14,50",14.5,Algodão,8
2007-12-10,Algodão,BARREIRAS,Caroço,arroba,"39,02",39.02,Algodão,8
2007-12-10,Algodão,BARREIRAS,Pluma,arroba,"14,50",14.5,Algodão,8
2007-12-11,Algodão,BARREIRAS,Caroço,arroba,"39,02",39.02,Algodão,8
2007-12-11,Algodão,BARREIRAS,Pluma,arroba,"14,50",14.5,Algodão,8
2007-12-12,Algodão,BARREIRAS,Caroço,arroba,"39,02",39.02,Algodão,8
2007-12-12,Algodão,BARREIRAS,Pluma,arroba,"14,50",14.5,Algodão,8
2007-12-13,Algodão,BARREIRAS,Caroço,arroba,"39,02",39.02,Algodão,8
2007-12-13,Algodão,BARREIRAS,Pluma,arroba,"14,50",14.5,Algodão,8
2007-12-14,Algodão,BARREIRAS,Caroço,arroba,"39,02",39.02,Algodão,8
2007-12-14,Algodão,BARREIRAS,Pluma,arroba,"14,50",14.5,Algodão,8
2007-12-17,Algodão,BARREIRAS,Caroço,arroba,"39,02",39.02,Algodão,8
2007-12-17,Algodão,BARREIRAS,Pluma,arroba,"14,50",14.5,Algodão,8
2007-12-18,Algodão,BARREIRAS,Caroço,arroba,"39,02",39.02,Algodão,8
2007-12-18,Algodão,BARREIRAS,Pluma,arroba,"14,50",14.5,Algodão,8
2007-12-19,Algodão,BARREIRAS,Caroço,arroba,"39,02",39.02,Algodão,8
2007-12-19,Algodão,BARREIRAS,Pluma,arroba,"14,50",14.5,Algodão,8
2007-12-20,Algodão,BARREIRAS,Caroço,arroba,"39,02",39.02,Algodão,8
2007-12-20,Algodão,BARREIRAS,Pluma,arroba,"14,50",14.5,Algodão,8
2007-12-21,Algodão,BARREIRAS,Caroço,arroba,"39,02",39.02,Algodão,8
2007-12-21,Algodão,BARREIRAS,Pluma,arroba,"14,50",14.5,Algodão,8
2007-12-26,Algodão,BARREIRAS,Caroço,arroba,"39,02",39.02,Algodão,8
2007-12-26,Algodão,BARREIRAS,Pluma,arroba,"14,50",14.5,Algodão,8
2007-12-27,Algodão,BARREIRAS,Caroço,arroba,"39,02",39.02,Algodão,8
2007-12-27,Algodão,BARREIRAS,Pluma,arroba,"14,50",14.5,Algodão,8
2007-12-28,Algodão,BARREIRAS,Caroço,arroba,"39,02",39.02,Algodão,8
2007-12-28,Algodão,BARREIRAS,Pluma,arroba,"14,50",14.5,Algodão,8
2008-01-02,Algodão,BARREIRAS,Caroço,arroba,"39,68",39.68,Algodão,8
2008-01-02,Algodão,BARREIRAS,Pluma,arroba,"14,50",14.5,Algodão,8
2008-01-03,Algodão,BARREIRAS,Caroço,arroba,"39,68",39.68,Algodão,8
2008-01-03,Algodão,BARREIRAS,Pluma,arroba,"14,50",14.5,Algodão,8
2008-01-04,Algodão,BARREIRAS,Caroço,arroba,"39,68",39.68,Algodão,8
2008-01-04,Algodão,BARREIRAS,Pluma,arroba,"14,50",14.5,Algodão,8
2008-01-07,Algodão,BARREIRAS,Caroço,arroba,"39,68",39.68,Algodão,8
2008-01-07,Algodão,BARREIRAS,Pluma,arroba,"14,50",14.5,Algodão,8
2008-01-08,Algodão,BARREIRAS,Caroço,arroba,"39,68",39.68,Algodão,8
2008-01-08,Algodão,BARREIRAS,Pluma,arroba,"14,50",14.5,Algodão,8
2008-01-09,Algodão,BARREIRAS,Caroço,arroba,"39,68",39.68,Algodão,8
2008-01-09,Algodão,BARREIRAS,Pluma,arroba,"14,50",14.5,Algodão,8
2008-01-10,Algodão,BARREIRAS,Caroço,arroba,"39,68",39.68,Algodão,8
2008-01-10,Algodão,BARREIRAS,Pluma,arroba,"14,50",14.5,Algodão,8
2008-01-11,Algodão,BARREIRAS,Caroço,arroba,"39,68",39.68,Algodão,8
2008-01-11,Algodão,BARREIRAS,Pluma,arroba,"14,50",14.5,Algodão,8
2008-01-14,Algodão,BARREIRAS,Caroço,arroba,"40,38",40.38,Algodão,8
2008-01-14,Algodão,BARREIRAS,Pluma,arroba,"14,50",14.5,Algodão,8
2008-01-15,Algodão,BARREIRAS,Caroço,arroba,"40,38",40.38,Algodão,8
2008-01-15,Algodão,BARREIRAS,Pluma,arroba,"14,50",14.5,Algodão,8
2008-01-16,Algodão,BARREIRAS,Caroço,arroba,"40,38",40.38,Algodão,8
2008-01-16,Algodão,BARREIRAS,Pluma,arroba,"14,50",14.5,Algodão,8
2008-01-17,Algodão,BARREIRAS,Caroço,arroba,"40,38",40.38,Algodão,8
2008-01-17,Algodão,BARREIRAS,Pluma,arroba,"14,50",14.5,Algodão,8
2008-01-18,Algodão,BARREIRAS,Caroço,arroba,"40,38",40.38,Algodão,8
2008-01-18,Algodão,BARREIRAS,Pluma,arroba,"14,50",14.5,Algodão,8
2008-01-21,Algodão,BARREIRAS,Caroço,arroba,"41,03",41.03,Algodão,8
2008-01-21,Algodão,BARREIRAS,Pluma,arroba,"14,50",14.5,Algodão,8
2008-01-22,Algodão,BARREIRAS,Caroço,arroba,"41,03",41.03,Algodão,8
2008-01-22,Algodão,BARREIRAS,Pluma,arroba,"14,50",14.5,Algodão,8
2008-01-23,Algodão,BARREIRAS,Caroço,arroba,"41,03",41.03,Algodão,8
2008-01-23,Algodão,BARREIRAS,Pluma,arroba,"14,50",14.5,Algodão,8
2008-01-24,Algodão,BARREIRAS,Caroço,arroba,"41,03",41.03,Algodão,8
2008-01-24,Algodão,BARREIRAS,Pluma,arroba,"14,50",14.5,Algodão,8
2008-01-25,Algodão,BARREIRAS,Caroço,arroba,"42,38",42.38,Algodão,8
2008-01-25,Algodão,BARREIRAS,Pluma,arroba,"14,50",14.5,Algodão,8
2008-01-28,Algodão,BARREIRAS,Caroço,arroba,"43,98",43.98,Algodão,8
2008-01-28,Algodão,BARREIRAS,Pluma,arroba,"14,50",14.5,Algodão,8
2008-01-29,Algodão,BARREIRAS,Caroço,arroba,"43,98",43.98,Algodão,8
2008-01-29,Algodão,BARREIRAS,Pluma,arroba,"14,50",14.5,Algodão,8
2008-01-30,Algodão,BARREIRAS,Caroço,arroba,"43,98",43.98,Algodão,8
2008-01-30,Algodão,BARREIRAS,Pluma,arroba,"14,50",14.5,Algodão,8
2008-02-07,Algodão,BARREIRAS,Caroço,arroba,"43,98",43.98,Algodão,8
2008-02-07,Algodão,BARREIRAS,Pluma,arroba,"14,50",14.5,Algodão,8
2008-02-08,Algodão,BARREIRAS,Caroço,arroba,"43,98",43.98,Algodão,8
2008-02-08,Algodão,BARREIRAS,Pluma,arroba,"14,50",14.5,Algodão,8
2008-02-11,Algodão,BARREIRAS,Caroço,arroba,"43,98",43.98,Algodão,8
2008-02-11,Algodão,BARREIRAS,Pluma,arroba,"14,50",14.5,Algodão,8
2008-02-12,Algodão,BARREIRAS,Caroço,arroba,"43,98",43.98,Algodão,8
2008-02-12,Algodão,BARREIRAS,Pluma,arroba,"14,50",14.5,Algodão,8
2008-02-13,Algodão,BARREIRAS,Caroço,arroba,"43,98",43.98,Algodão,8
2008-02-13,Algodão,BARREIRAS,Pluma,arroba,"14,50",14.5,Algodão,8
2008-02-14,Algodão,BARREIRAS,Caroço,arroba,"43,98",43.98,Algodão,8
2008-02-14,Algodão,BARREIRAS,Pluma,arroba,"14,50",14.5,Algodão,8
2008-02-15,Algodão,BARREIRAS,Caroço,arroba,"43,98",43.98,Algodão,8
2008-02-15,Algodão,BARREIRAS,Pluma,arroba,"14,50",14.5,Algodão,8
2008-02-18,Algodão,BARREIRAS,Caroço,arroba,"43,98",43.98,Algodão,8
2008-02-18,Algodão,BARREIRAS,Pluma,arroba,"14,50",14.5,Algodão,8
2008-02-19,Algodão,BARREIRAS,Caroço,arroba,"43,98",43.98,Algodão,8
2008-02-19,Algodão,BARREIRAS,Pluma,arroba,"14,50",14.5,Algodão,8
2008-02-20,Algodão,BARREIRAS,Caroço,arroba,"43,98",43.98,Algodão,8
2008-02-20,Algodão,BARREIRAS,Pluma,arroba,"14,50",14.5,Algodão,8
2008-02-21,Algodão,BARREIRAS,Caroço,arroba,"43,98",43.98,Algodão,8
2008-02-21,Algodão,BARREIRAS,Pluma,arroba,"14,50",14.5,Algodão,8
2008-02-22,Algodão,BARREIRAS,Caroço,arroba,"43,98",43.98,Algodão,8
2008-02-22,Algodão,BARREIRAS,Pluma,arroba,"14,50",14.5,Algodão,8
2008-02-25,Algodão,BARREIRAS,Caroço,arroba,"42,99",42.99,Algodão,8
2008-02-25,Algodão,BARREIRAS,Pluma,arroba,"14,50",14.5,Algodão,8
2008-02-26,Algodão,BARREIRAS,Caroço,arroba,"42,99",42.99,Algodão,8
2008-02-26,Algodão,BARREIRAS,Pluma,arroba,"14,50",14.5,Algodão,8
2008-02-27,Algodão,BARREIRAS,Caroço,arroba,"42,99",42.99,Algodão,8
2008-02-27,Algodão,BARREIRAS,Pluma,arroba,"14,50",14.5,Algodão,8
2008-02-28,Algodão,BARREIRAS,Caroço,arroba,"42,99",42.99,Algodão,8
2008-02-28,Algodão,BARREIRAS,Pluma,arroba,"14,50",14.5,Algodão,8
2008-02-29,Algodão,BARREIRAS,Caroço,arroba,"42,99",42.99,Algodão,8
2008-02-29,Algodão,BARREIRAS,Pluma,arroba,"14,50",14.5,Algodão,8
2008-03-03,Algodão,BARREIRAS,Caroço,arroba,"43,65",43.65,Algodão,8
2008-03-03,Algodão,BARREIRAS,Pluma,arroba,"14,50",14.5,Algodão,8
2008-03-04,Algodão,BARREIRAS,Caroço,arroba,"43,65",43.65,Algodão,8
2008-03-04,Algodão,BARREIRAS,Pluma,arroba,"14,50",14.5,Algodão,8
2008-03-05,Algodão,BARREIRAS,Caroço,arroba,"43,65",43.65,Algodão,8
2008-03-05,Algodão,BARREIRAS,Pluma,arroba,"14,50",14.5,Algodão,8
2008-03-06,Algodão,BARREIRAS,Caroço,arroba,"43,65",43.65,Algodão,8
2008-03-06,Algodão,BARREIRAS,Pluma,arroba,"14,50",14.5,Algodão,8
2008-03-07,Algodão,BARREIRAS,Caroço,arroba,"43,65",43.65,Algodão,8
2008-03-07,Algodão,BARREIRAS,Pluma,arroba,"14,50",14.5,Algodão,8
2008-03-10,Algodão,BARREIRAS,Caroço,arroba,"44,31",44.31,Algodão,8
2008-03-10,Algodão,BARREIRAS,Pluma,arroba,"14,50",14.5,Algodão,8
2008-03-11,Algodão,BARREIRAS,Caroço,arroba,"44,31",44.31,Algodão,8
2008-03-11,Algodão,BARREIRAS,Pluma,arroba,"14,50",14.5,Algodão,8
2008-03-12,Algodão,BARREIRAS,Caroço,arroba,"44,31",44.31,Algodão,8
2008-03-12,Algodão,BARREIRAS,Pluma,arroba,"14,50",14.5,Algodão,8
2008-03-13,Algodão,BARREIRAS,Caroço,arroba,"44,31",44.31,Algodão,8
2008-03-13,Algodão,BARREIRAS,Pluma,arroba,"14,50",14.5,Algodão,8
2008-03-14,Algodão,BARREIRAS,Caroço,arroba,"44,31",44.31,Algodão,8
2008-03-14,Algodão,BARREIRAS,Pluma,arroba,"14,50",14.5,Algodão,8
2008-03-17,Algodão,BARREIRAS,Caroço,arroba,"45,30",45.3,Algodão,8
2008-03-17,Algodão,BARREIRAS,Pluma,arroba,"14,50",14.5,Algodão,8
2008-03-18,Algodão,BARREIRAS,Caroço,arroba,"45,30",45.3,Algodão,8
2008-03-18,Algodão,BARREIRAS,Pluma,arroba,"14,50",14.5,Algodão,8
2008-03-19,Algodão,BARREIRAS,Caroço,arroba,"45,30",45.3,Algodão,8
2008-03-19,Algodão,BARREIRAS,Pluma,arroba,"14,50",14.5,Algodão,8
2008-03-24,Algodão,BARREIRAS,Caroço,arroba,"45,30",45.3,Algodão,8
2008-03-24,Algodão,BARREIRAS,Pluma,arroba,"14,50",14.5,Algodão,8
2008-03-25,Algodão,BARREIRAS,Caroço,arroba,Sem cotação,,Algodão,8
2008-03-25,Algodão,BARREIRAS,Pluma,arroba,Sem cotação,,Algodão,8
2008-03-26,Algodão,BARREIRAS,Caroço,arroba,Sem cotação,,Algodão,8
2008-03-26,Algodão,BARREIRAS,Pluma,arroba,Sem cotação,,Algodão,8
2008-03-27,Algodão,BARREIRAS,Caroço,arroba,Sem cotação,,Algodão,8
2008-03-27,Algodão,BARREIRAS,Pluma,arroba,Sem cotação,,Algodão,8
2008-03-28,Algodão,BARREIRAS,Caroço,arroba,Sem cotação,,Algodão,8
2008-03-28,Algodão,BARREIRAS,Pluma,arroba,Sem cotação,,Algodão,8
2008-03-31,Algodão,BARREIRAS,Caroço,arroba,"41,67",41.67,Algodão,8
2008-03-31,Algodão,BARREIRAS,Pluma,arroba,"14,50",14.5,Algodão,8
2008-04-01,Algodão,BARREIRAS,Caroço,arroba,"41,67",41.67,Algodão,8
2008-04-01,Algodão,BARREIRAS,Pluma,arroba,"14,50",14.5,Algodão,8
2008-04-02,Algodão,BARREIRAS,Caroço,arroba,"41,67",41.67,Algodão,8
2008-04-02,Algodão,BARREIRAS,Pluma,arroba,"14,50",14.5,Algodão,8
2008-04-03,Algodão,BARREIRAS,Caroço,arroba,"41,67",41.67,Algodão,8
2008-04-03,Algodão,BARREIRAS,Pluma,arroba,"14,50",14.5,Algodão,8
2008-04-04,Algodão,BARREIRAS,Caroço,arroba,"41,67",41.67,Algodão,8
2008-04-04,Algodão,BARREIRAS,Pluma,arroba,"14,50",14.5,Algodão,8
2008-04-07,Algodão,BARREIRAS,Caroço,arroba,"41,34",41.34,Algodão,8
2008-04-07,Algodão,BARREIRAS,Pluma,arroba,"14,50",14.5,Algodão,8
2008-04-08,Algodão,BARREIRAS,Caroço,arroba,"41,34",41.34,Algodão,8
2008-04-08,Algodão,BARREIRAS,Pluma,arroba,"14,50",14.5,Algodão,8
2008-04-09,Algodão,BARREIRAS,Caroço,arroba,"41,34",41.34,Algodão,8
2008-04-09,Algodão,BARREIRAS,Pluma,arroba,"14,50",14.5,Algodão,8
2008-04-10,Algodão,BARREIRAS,Caroço,arroba,"41,34",41.34,Algodão,8
2008-04-10,Algodão,BARREIRAS,Pluma,arroba,"14,50",14.5,Algodão,8
2008-04-11,Algodão,BARREIRAS,Caroço,arroba,"41,34",41.34,Algodão,8
2008-04-11,Algodão,BARREIRAS,Pluma,arroba,"14,50",14.5,Algodão,8
2008-04-14,Algodão,BARREIRAS,Caroço,arroba,"41,34",41.34,Algodão,8
2008-04-14,Algodão,BARREIRAS,Pluma,arroba,"14,50",14.5,Algodão,8
2008-04-15,Algodão,BARREIRAS,Caroço,arroba,"41,34",41.34,Algodão,8
2008-04-15,Algodão,BARREIRAS,Pluma,arroba,"14,50",14.5,Algodão,8
2008-04-16,Algodão,BARREIRAS,Caroço,arroba,"41,34",41.34,Algodão,8
2008-04-16,Algodão,BARREIRAS,Pluma,arroba,"14,50",14.5,Algodão,8
2008-04-17,Algodão,BARREIRAS,Caroço,arroba,"41,34",41.34,Algodão,8
2008-04-17,Algodão,BARREIRAS,Pluma,arroba,"14,50",14.5,Algodão,8
2008-04-18,Algodão,BARREIRAS,Caroço,arroba,"41,34",41.34,Algodão,8
2008-04-18,Algodão,BARREIRAS,Pluma,arroba,"14,50",14.5,Algodão,8
2008-04-22,Algodão,BARREIRAS,Caroço,arroba,"40,01",40.01,Algodão,8
2008-04-22,Algodão,BARREIRAS,Pluma,arroba,"14,50",14.5,Algodão,8
2008-04-23,Algodão,BARREIRAS,Caroço,arroba,"40,01",40.01,Algodão,8
2008-04-23,Algodão,BARREIRAS,Pluma,arroba,"14,50",14.5,Algodão,8
2008-04-24,Algodão,BARREIRAS,Caroço,arroba,"40,01",40.01,Algodão,8
2008-04-24,Algodão,BARREIRAS,Pluma,arroba,"14,50",14.5,Algodão,8
2008-04-25,Algodão,BARREIRAS,Caroço,arroba,"40,01",40.01,Algodão,8
2008-04-25,Algodão,BARREIRAS,Pluma,arroba,"14,50",14.5,Algodão,8
2008-04-28,Algodão,BARREIRAS,Caroço,arroba,"39,08",39.08,Algodão,8
2008-04-28,Algodão,BARREIRAS,Pluma,arroba,"14,50",14.5,Algodão,8
2008-04-29,Algodão,BARREIRAS,Caroço,arroba,"39,08",39.08,Algodão,8
2008-04-29,Algodão,BARREIRAS,Pluma,arroba,"14,50",14.5,Algodão,8
2008-04-30,Algodão,BARREIRAS,Caroço,arroba,"39,08",39.08,Algodão,8
2008-04-30,Algodão,BARREIRAS,Pluma,arroba,"14,50",14.5,Algodão,8
2008-05-05,Algodão,BARREIRAS,Caroço,arroba,"39,08",39.08,Algodão,8
2008-05-05,Algodão,BARREIRAS,Pluma,arroba,"14,50",14.5,Algodão,8
2008-05-06,Algodão,BARREIRAS,Caroço,arroba,"39,08",39.08,Algodão,8
2008-05-06,Algodão,BARREIRAS,Pluma,arroba,"14,50",14.5,Algodão,8
2008-05-07,Algodão,BARREIRAS,Caroço,arroba,"39,08",39.08,Algodão,8
2008-05-07,Algodão,BARREIRAS,Pluma,arroba,"14,50",14.5,Algodão,8
2008-05-08,Algodão,BARREIRAS,Caroço,arroba,"39,08",39.08,Algodão,8
2008-05-08,Algodão,BARREIRAS,Pluma,arroba,"14,50",14.5,Algodão,8
2008-05-09,Algodão,BARREIRAS,Caroço,arroba,"39,08",39.08,Algodão,8
2008-05-09,Algodão,BARREIRAS,Pluma,arroba,"14,50",14.5,Algodão,8
2008-05-12,Algodão,BARREIRAS,Caroço,arroba,"39,08",39.08,Algodão,8
2008-05-12,Algodão,BARREIRAS,Pluma,arroba,"14,50",14.5,Algodão,8
2008-05-13,Algodão,BARREIRAS,Caroço,arroba,"39,08",39.08,Algodão,8
2008-05-13,Algodão,BARREIRAS,Pluma,arroba,"14,50",14.5,Algodão,8
2008-05-14,Algodão,BARREIRAS,Caroço,arroba,"39,08",39.08,Algodão,8
2008-05-14,Algodão,BARREIRAS,Pluma,arroba,"14,50",14.5,Algodão,8
2008-05-15,Algodão,BARREIRAS,Caroço,arroba,"39,08",39.08,Algodão,8
2008-05-15,Algodão,BARREIRAS,Pluma,arroba,"14,50",14.5,Algodão,8
2008-05-16,Algodão,BARREIRAS,Caroço,arroba,"39,08",39.08,Algodão,8
2008-05-16,Algodão,BARREIRAS,Pluma,arroba,"14,50",14.5,Algodão,8
2008-05-19,Algodão,BARREIRAS,Caroço,arroba,"41,06",41.06,Algodão,8
2008-05-19,Algodão,BARREIRAS,Pluma,arroba,"14,50",14.5,Algodão,8
2008-05-20,Algodão,BARREIRAS,Caroço,arroba,"41,06",41.06,Algodão,8
2008-05-20,Algodão,BARREIRAS,Pluma,arroba,"14,50",14.5,Algodão,8
2008-05-21,Algodão,BARREIRAS,Caroço,arroba,"41,06",41.06,Algodão,8
2008-05-21,Algodão,BARREIRAS,Pluma,arroba,"14,50",14.5,Algodão,8
2008-05-26,Algodão,BARREIRAS,Caroço,arroba,"40,01",40.01,Algodão,8
2008-05-26,Algodão,BARREIRAS,Pluma,arroba,"14,50",14.5,Algodão,8
2008-05-27,Algodão,BARREIRAS,Caroço,arroba,"40,01",40.01,Algodão,8
2008-05-27,Algodão,BARREIRAS,Pluma,arroba,"14,50",14.5,Algodão,8
2008-05-28,Algodão,BARREIRAS,Caroço,arroba,"40,01",40.01,Algodão,8
2008-05-28,Algodão,BARREIRAS,Pluma,arroba,"14,50",14.5,Algodão,8
2008-05-29,Algodão,BARREIRAS,Caroço,arroba,"40,01",40.01,Algodão,8
2008-05-29,Algodão,BARREIRAS,Pluma,arroba,"14,50",14.5,Algodão,8
2008-05-30,Algodão,BARREIRAS,Caroço,arroba,"40,01",40.01,Algodão,8
2008-05-30,Algodão,BARREIRAS,Pluma,arroba,"14,50",14.5,Algodão,8
2008-06-02,Algodão,BARREIRAS,Caroço,arroba,"40,01",40.01,Algodão,8
2008-06-02,Algodão,BARREIRAS,Pluma,arroba,"14,50",14.5,Algodão,8
2008-06-03,Algodão,BARREIRAS,Caroço,arroba,"40,01",40.01,Algodão,8
2008-06-03,Algodão,BARREIRAS,Pluma,arroba,"14,50",14.5,Algodão,8
2008-06-04,Algodão,BARREIRAS,Caroço,arroba,"40,01",40.01,Algodão,8
2008-06-04,Algodão,BARREIRAS,Pluma,arroba,"14,50",14.5,Algodão,8
2008-06-05,Algodão,BARREIRAS,Caroço,arroba,"40,01",40.01,Algodão,8
2008-06-05,Algodão,BARREIRAS,Pluma,arroba,"14,50",14.5,Algodão,8
2008-06-06,Algodão,BARREIRAS,Caroço,arroba,"40,01",40.01,Algodão,8
2008-06-06,Algodão,BARREIRAS,Pluma,arroba,"14,50",14.5,Algodão,8
2008-06-09,Algodão,BARREIRAS,Caroço,arroba,"38,03",38.03,Algodão,8
2008-06-09,Algodão,BARREIRAS,Pluma,arroba,"14,50",14.5,Algodão,8
2008-06-10,Algodão,BARREIRAS,Caroço,arroba,"38,03",38.03,Algodão,8
2008-06-10,Algodão,BARREIRAS,Pluma,arroba,"14,50",14.5,Algodão,8
2008-06-11,Algodão,BARREIRAS,Caroço,arroba,"38,03",38.03,Algodão,8
2008-06-11,Algodão,BARREIRAS,Pluma,arroba,"14,50",14.5,Algodão,8
2008-06-12,Algodão,BARREIRAS,Caroço,arroba,"38,03",38.03,Algodão,8
2008-06-12,Algodão,BARREIRAS,Pluma,arroba,"14,50",14.5,Algodão,8
2008-06-13,Algodão,BARREIRAS,Caroço,arroba,"38,03",38.03,Algodão,8
2008-06-13,Algodão,BARREIRAS,Pluma,arroba,"14,50",14.5,Algodão,8
2008-06-16,Algodão,BARREIRAS,Caroço,arroba,"39,02",39.02,Algodão,8
2008-06-16,Algodão,BARREIRAS,Pluma,arroba,"14,50",14.5,Algodão,8
2008-06-17,Algodão,BARREIRAS,Caroço,arroba,"39,02",39.02,Algodão,8
2008-06-17,Algodão,BARREIRAS,Pluma,arroba,"14,50",14.5,Algodão,8
2008-06-18,Algodão,BARREIRAS,Caroço,arroba,"39,02",39.02,Algodão,8
2008-06-18,Algodão,BARREIRAS,Pluma,arroba,"14,50",14.5,Algodão,8
2008-06-19,Algodão,BARREIRAS,Caroço,arroba,"39,02",39.02,Algodão,8
2008-06-19,Algodão,BARREIRAS,Pluma,arroba,"14,50",14.5,Algodão,8
2008-06-20,Algodão,BARREIRAS,Caroço,arroba,"39,02",39.02,Algodão,8
2008-06-20,Algodão,BARREIRAS,Pluma,arroba,"14,50",14.5,Algodão,8
2008-06-25,Algodão,BARREIRAS,Caroço,arroba,"39,02",39.02,Algodão,8
2008-06-25,Algodão,BARREIRAS,Pluma,arroba,"14,50",14.5,Algodão,8
2008-06-26,Algodão,BARREIRAS,Caroço,arroba,"39,02",39.02,Algodão,8
2008-06-26,Algodão,BARREIRAS,Pluma,arroba,"14,50",14.5,Algodão,8
2008-06-27,Algodão,BARREIRAS,Caroço,arroba,"39,02",39.02,Algodão,8
2008-06-27,Algodão,BARREIRAS,Pluma,arroba,"14,50",14.5,Algodão,8
2008-06-30,Algodão,BARREIRAS,Caroço,arroba,"40,34",40.34,Algodão,8
2008-06-30,Algodão,BARREIRAS,Pluma,arroba,"14,50",14.5,Algodão,8
2008-07-01,Algodão,BARREIRAS,Caroço,arroba,"40,34",40.34,Algodão,8
2008-07-01,Algodão,BARREIRAS,Pluma,arroba,"14,50",14.5,Algodão,8
2008-07-03,Algodão,BARREIRAS,Caroço,arroba,"40,34",40.34,Algodão,8
2008-07-03,Algodão,BARREIRAS,Pluma,arroba,"14,50",14.5,Algodão,8
2008-07-04,Algodão,BARREIRAS,Caroço,arroba,"40,34",40.34,Algodão,8
2008-07-04,Algodão,BARREIRAS,Pluma,arroba,"14,50",14.5,Algodão,8
2008-07-07,Algodão,BARREIRAS,Caroço,arroba,"43,02",43.02,Algodão,8
2008-07-07,Algodão,BARREIRAS,Pluma,arroba,"14,50",14.5,Algodão,8
2008-07-08,Algodão,BARREIRAS,Caroço,arroba,"43,02",43.02,Algodão,8
2008-07-08,Algodão,BARREIRAS,Pluma,arroba,"14,50",14.5,Algodão,8
2008-07-09,Algodão,BARREIRAS,Caroço,arroba,"43,02",43.02,Algodão,8
2008-07-09,Algodão,BARREIRAS,Pluma,arroba,"14,50",14.5,Algodão,8
2008-07-10,Algodão,BARREIRAS,Caroço,arroba,"43,02",43.02,Algodão,8
2008-07-10,Algodão,BARREIRAS,Pluma,arroba,"14,50",14.5,Algodão,8
2008-07-11,Algodão,BARREIRAS,Caroço,arroba,"43,02",43.02,Algodão,8
2008-07-11,Algodão,BARREIRAS,Pluma,arroba,"14,50",14.5,Algodão,8
2008-07-14,Algodão,BARREIRAS,Caroço,arroba,"43,02",43.02,Algodão,8
2008-07-14,Algodão,BARREIRAS,Pluma,arroba,"14,50",14.5,Algodão,8
2008-07-15,Algodão,BARREIRAS,Caroço,arroba,"43,02",43.02,Algodão,8
2008-07-15,Algodão,BARREIRAS,Pluma,arroba,"14,50",14.5,Algodão,8
2008-07-16,Algodão,BARREIRAS,Caroço,arroba,"43,02",43.02,Algodão,8
2008-07-16,Algodão,BARREIRAS,Pluma,arroba,"14,50",14.5,Algodão,8
2008-07-17,Algodão,BARREIRAS,Caroço,arroba,"43,02",43.02,Algodão,8
2008-07-17,Algodão,BARREIRAS,Pluma,arroba,"14,50",14.5,Algodão,8
2008-07-18,Algodão,BARREIRAS,Caroço,arroba,"43,02",43.02,Algodão,8
2008-07-18,Algodão,BARREIRAS,Pluma,arroba,"14,50",14.5,Algodão,8
2008-07-21,Algodão,BARREIRAS,Caroço,arroba,"39,35",39.35,Algodão,8
2008-07-21,Algodão,BARREIRAS,Pluma,arroba,"14,50",14.5,Algodão,8
2008-07-22,Algodão,BARREIRAS,Caroço,arroba,"39,35",39.35,Algodão,8
2008-07-22,Algodão,BARREIRAS,Pluma,arroba,"14,50",14.5,Algodão,8
2008-07-23,Algodão,BARREIRAS,Caroço,arroba,"39,35",39.35,Algodão,8
2008-07-23,Algodão,BARREIRAS,Pluma,arroba,"14,50",14.5,Algodão,8
2008-07-24,Algodão,BARREIRAS,Caroço,arroba,"39,35",39.35,Algodão,8
2008-07-24,Algodão,BARREIRAS,Pluma,arroba,"14,50",14.5,Algodão,8
2008-07-25,Algodão,BARREIRAS,Caroço,arroba,"39,35",39.35,Algodão,8
2008-07-25,Algodão,BARREIRAS,Pluma,arroba,"14,50",14.5,Algodão,8
2008-07-28,Algodão,BARREIRAS,Caroço,arroba,"39,35",39.35,Algodão,8
2008-07-28,Algodão,BARREIRAS,Pluma,arroba,"14,50",14.5,Algodão,8
2008-07-29,Algodão,BARREIRAS,Caroço,arroba,"39,35",39.35,Algodão,8
2008-07-29,Algodão,BARREIRAS,Pluma,arroba,"14,50",14.5,Algodão,8
2008-07-30,Algodão,BARREIRAS,Caroço,arroba,"39,35",39.35,Algodão,8
2008-07-30,Algodão,BARREIRAS,Pluma,arroba,"14,50",14.5,Algodão,8
2008-07-31,Algodão,BARREIRAS,Caroço,arroba,"39,35",39.35,Algodão,8
2008-07-31,Algodão,BARREIRAS,Pluma,arroba,"14,50",14.5,Algodão,8
2008-08-01,Algodão,BARREIRAS,Caroço,arroba,"39,35",39.35,Algodão,8
2008-08-01,Algodão,BARREIRAS,Pluma,arroba,"14,50",14.5,Algodão,8
2008-08-04,Algodão,BARREIRAS,Caroço,arroba,"39,35",39.35,Algodão,8
2008-08-04,Algodão,BARREIRAS,Pluma,arroba,"14,50",14.5,Algodão,8
2008-08-05,Algodão,BARREIRAS,Caroço,arroba,"39,35",39.35,Algodão,8
2008-08-05,Algodão,BARREIRAS,Pluma,arroba,"14,50",14.5,Algodão,8
2008-08-06,Algodão,BARREIRAS,Caroço,arroba,"39,35",39.35,Algodão,8
2008-08-06,Algodão,BARREIRAS,Pluma,arroba,"14,50",14.5,Algodão,8
2008-08-07,Algodão,BARREIRAS,Caroço,arroba,"39,35",39.35,Algodão,8
2008-08-07,Algodão,BARREIRAS,Pluma,arroba,"14,50",14.5,Algodão,8
2008-08-08,Algodão,BARREIRAS,Caroço,arroba,"39,35",39.35,Algodão,8
2008-08-08,Algodão,BARREIRAS,Pluma,arroba,"14,50",14.5,Algodão,8
2008-08-11,Algodão,BARREIRAS,Caroço,arroba,"39,35",39.35,Algodão,8
2008-08-11,Algodão,BARREIRAS,Pluma,arroba,"14,50",14.5,Algodão,8
2008-08-12,Algodão,BARREIRAS,Caroço,arroba,"39,35",39.35,Algodão,8
2008-08-12,Algodão,BARREIRAS,Pluma,arroba,"14,50",14.5,Algodão,8
2008-08-13,Algodão,BARREIRAS,Caroço,arroba,"39,35",39.35,Algodão,8
2008-08-13,Algodão,BARREIRAS,Pluma,arroba,"14,50",14.5,Algodão,8
2008-08-14,Algodão,BARREIRAS,Caroço,arroba,"39,35",39.35,Algodão,8
2008-08-14,Algodão,BARREIRAS,Pluma,arroba,"14,50",14.5,Algodão,8
2008-08-15,Algodão,BARREIRAS,Caroço,arroba,"39,35",39.35,Algodão,8
2008-08-15,Algodão,BARREIRAS,Pluma,arroba,"14,50",14.5,Algodão,8
2008-08-18,Algodão,BARREIRAS,Caroço,arroba,"37,04",37.04,Algodão,8
2008-08-18,Algodão,BARREIRAS,Pluma,arroba,"14,50",14.5,Algodão,8
2008-08-19,Algodão,BARREIRAS,Caroço,arroba,"37,04",37.04,Algodão,8
2008-08-19,Algodão,BARREIRAS,Pluma,arroba,"14,50",14.5,Algodão,8
2008-08-20,Algodão,BARREIRAS,Caroço,arroba,"37,04",37.04,Algodão,8
2008-08-20,Algodão,BARREIRAS,Pluma,arroba,"14,50",14.5,Algodão,8
2008-08-21,Algodão,BARREIRAS,Caroço,arroba,"37,04",37.04,Algodão,8
2008-08-21,Algodão,BARREIRAS,Pluma,arroba,"14,50",14.5,Algodão,8
2008-08-22,Algodão,BARREIRAS,Caroço,arroba,"37,04",37.04,Algodão,8
2008-08-22,Algodão,BARREIRAS,Pluma,arroba,"14,50",14.5,Algodão,8
2008-08-25,Algodão,BARREIRAS,Caroço,arroba,"36,71",36.71,Algodão,8
2008-08-25,Algodão,BARREIRAS,Pluma,arroba,"14,50",14.5,Algodão,8
2008-08-26,Algodão,BARREIRAS,Caroço,arroba,"36,71",36.71,Algodão,8
2008-08-26,Algodão,BARREIRAS,Pluma,arroba,"14,50",14.5,Algodão,8
2008-08-27,Algodão,BARREIRAS,Caroço,arroba,"36,71",36.71,Algodão,8
2008-08-27,Algodão,BARREIRAS,Pluma,arroba,"14,50",14.5,Algodão,8
2008-08-28,Algodão,BARREIRAS,Caroço,arroba,"36,71",36.71,Algodão,8
2008-08-28,Algodão,BARREIRAS,Pluma,arroba,"14,50",14.5,Algodão,8
2008-08-29,Algodão,BARREIRAS,Caroço,arroba,"36,71",36.71,Algodão,8
2008-08-29,Algodão,BARREIRAS,Pluma,arroba,"14,50",14.5,Algodão,8
2008-09-01,Algodão,BARREIRAS,Caroço,arroba,"36,71",36.71,Algodão,8
2008-09-01,Algodão,BARREIRAS,Pluma,arroba,"14,50",14.5,Algodão,8
2008-09-02,Algodão,BARREIRAS,Caroço,arroba,"36,71",36.71,Algodão,8
2008-09-02,Algodão,BARREIRAS,Pluma,arroba,"14,50",14.5,Algodão,8
2008-09-03,Algodão,BARREIRAS,Caroço,arroba,"36,71",36.71,Algodão,8
2008-09-03,Algodão,BARREIRAS,Pluma,arroba,"14,50",14.5,Algodão,8
2008-09-04,Algodão,BARREIRAS,Caroço,arroba,"36,71",36.71,Algodão,8
2008-09-04,Algodão,BARREIRAS,Pluma,arroba,"14,50",14.5,Algodão,8
2008-09-05,Algodão,BARREIRAS,Caroço,arroba,"36,71",36.71,Algodão,8
2008-09-05,Algodão,BARREIRAS,Pluma,arroba,"14,50",14.5,Algodão,8
2008-09-08,Algodão,BARREIRAS,Caroço,arroba,"36,71",36.71,Algodão,8
2008-09-08,Algodão,BARREIRAS,Pluma,arroba,"14,50",14.5,Algodão,8
2008-09-09,Algodão,BARREIRAS,Caroço,arroba,"36,71",36.71,Algodão,8
2008-09-09,Algodão,BARREIRAS,Pluma,arroba,"14,50",14.5,Algodão,8
2008-09-10,Algodão,BARREIRAS,Caroço,arroba,"36,71",36.71,Algodão,8
2008-09-10,Algodão,BARREIRAS,Pluma,arroba,"14,50",14.5,Algodão,8
2008-09-11,Algodão,BARREIRAS,Caroço,arroba,"36,71",36.71,Algodão,8
2008-09-11,Algodão,BARREIRAS,Pluma,arroba,"14,50",14.5,Algodão,8
2008-09-12,Algodão,BARREIRAS,Caroço,arroba,"36,71",36.71,Algodão,8
2008-09-12,Algodão,BARREIRAS,Pluma,arroba,"14,50",14.5,Algodão,8
2008-09-15,Algodão,BARREIRAS,Caroço,arroba,"36,71",36.71,Algodão,8
2008-09-15,Algodão,BARREIRAS,Pluma,arroba,"14,50",14.5,Algodão,8
2008-09-16,Algodão,BARREIRAS,Caroço,arroba,"36,71",36.71,Algodão,8
2008-09-16,Algodão,BARREIRAS,Pluma,arroba,"14,50",14.5,Algodão,8
2008-09-17,Algodão,BARREIRAS,Caroço,arroba,"36,71",36.71,Algodão,8
2008-09-17,Algodão,BARREIRAS,Pluma,arroba,"14,50",14.5,Algodão,8
2008-09-18,Algodão,BARREIRAS,Caroço,arroba,"36,71",36.71,Algodão,8
2008-09-18,Algodão,BARREIRAS,Pluma,arroba,"14,50",14.5,Algodão,8
2008-09-19,Algodão,BARREIRAS,Caroço,arroba,"36,71",36.71,Algodão,8
2008-09-19,Algodão,BARREIRAS,Pluma,arroba,"14,50",14.5,Algodão,8
2008-09-22,Algodão,BARREIRAS,Caroço,arroba,"36,71",36.71,Algodão,8
2008-09-22,Algodão,BARREIRAS,Pluma,arroba,"14,50",14.5,Algodão,8
2008-09-23,Algodão,BARREIRAS,Caroço,arroba,"36,71",36.71,Algodão,8
2008-09-23,Algodão,BARREIRAS,Pluma,arroba,"14,50",14.5,Algodão,8
2008-09-24,Algodão,BARREIRAS,Caroço,arroba,"36,71",36.71,Algodão,8
2008-09-24,Algodão,BARREIRAS,Pluma,arroba,"14,50",14.5,Algodão,8
2008-09-25,Algodão,BARREIRAS,Caroço,arroba,"36,71",36.71,Algodão,8
2008-09-25,Algodão,BARREIRAS,Pluma,arroba,"14,50",14.5,Algodão,8
2008-09-26,Algodão,BARREIRAS,Caroço,arroba,"36,71",36.71,Algodão,8
2008-09-26,Algodão,BARREIRAS,Pluma,arroba,"14,50",14.5,Algodão,8
2008-09-29,Algodão,BARREIRAS,Caroço,arroba,"39,85",39.85,Algodão,8
2008-09-29,Algodão,BARREIRAS,Pluma,arroba,"14,50",14.5,Algodão,8
2008-09-30,Algodão,BARREIRAS,Caroço,arroba,"39,85",39.85,Algodão,8
2008-09-30,Algodão,BARREIRAS,Pluma,arroba,"14,50",14.5,Algodão,8
2008-10-01,Algodão,BARREIRAS,Caroço,arroba,"39,85",39.85,Algodão,8
2008-10-01,Algodão,BARREIRAS,Pluma,arroba,"14,50",14.5,Algodão,8
2008-10-02,Algodão,BARREIRAS,Caroço,arroba,"39,85",39.85,Algodão,8
2008-10-02,Algodão,BARREIRAS,Pluma,arroba,"14,50",14.5,Algodão,8
2008-10-03,Algodão,BARREIRAS,Caroço,arroba,"39,85",39.85,Algodão,8
2008-10-03,Algodão,BARREIRAS,Pluma,arroba,"14,50",14.5,Algodão,8
2008-10-06,Algodão,BARREIRAS,Caroço,arroba,"39,85",39.85,Algodão,8
2008-10-06,Algodão,BARREIRAS,Pluma,arroba,"14,50",14.5,Algodão,8
2008-10-07,Algodão,BARREIRAS,Caroço,arroba,"39,85",39.85,Algodão,8
2008-10-07,Algodão,BARREIRAS,Pluma,arroba,"14,50",14.5,Algodão,8
2008-10-08,Algodão,BARREIRAS,Caroço,arroba,"39,85",39.85,Algodão,8
2008-10-08,Algodão,BARREIRAS,Pluma,arroba,"14,50",14.5,Algodão,8
2008-10-09,Algodão,BARREIRAS,Caroço,arroba,"39,85",39.85,Algodão,8
2008-10-09,Algodão,BARREIRAS,Pluma,arroba,"14,50",14.5,Algodão,8
2008-10-10,Algodão,BARREIRAS,Caroço,arroba,"39,85",39.85,Algodão,8
2008-10-10,Algodão,BARREIRAS,Pluma,arroba,"14,50",14.5,Algodão,8
2008-10-13,Algodão,BARREIRAS,Caroço,arroba,"39,85",39.85,Algodão,8
2008-10-13,Algodão,BARREIRAS,Pluma,arroba,"14,50",14.5,Algodão,8
2008-10-14,Algodão,BARREIRAS,Caroço,arroba,"39,85",39.85,Algodão,8
2008-10-14,Algodão,BARREIRAS,Pluma,arroba,"14,50",14.5,Algodão,8
2008-10-15,Algodão,BARREIRAS,Caroço,arroba,"39,85",39.85,Algodão,8
2008-10-15,Algodão,BARREIRAS,Pluma,arroba,"14,50",14.5,Algodão,8
2008-10-16,Algodão,BARREIRAS,Caroço,arroba,"39,85",39.85,Algodão,8
2008-10-16,Algodão,BARREIRAS,Pluma,arroba,"14,50",14.5,Algodão,8
2008-10-20,Algodão,BARREIRAS,Caroço,arroba,"39,85",39.85,Algodão,8
2008-10-20,Algodão,BARREIRAS,Pluma,arroba,"14,50",14.5,Algodão,8
2008-10-21,Algodão,BARREIRAS,Caroço,arroba,"39,85",39.85,Algodão,8
2008-10-21,Algodão,BARREIRAS,Pluma,arroba,"14,50",14.5,Algodão,8
2008-10-22,Algodão,BARREIRAS,Caroço,arroba,"39,85",39.85,Algodão,8
2008-10-22,Algodão,BARREIRAS,Pluma,arroba,"14,50",14.5,Algodão,8
2008-10-23,Algodão,BARREIRAS,Caroço,arroba,"39,85",39.85,Algodão,8
2008-10-23,Algodão,BARREIRAS,Pluma,arroba,"14,50",14.5,Algodão,8
2008-10-24,Algodão,BARREIRAS,Caroço,arroba,"39,85",39.85,Algodão,8
2008-10-24,Algodão,BARREIRAS,Pluma,arroba,"14,50",14.5,Algodão,8
2008-10-28,Algodão,BARREIRAS,Caroço,arroba,"39,45",39.45,Algodão,8
2008-10-28,Algodão,BARREIRAS,Pluma,arroba,"14,50",14.5,Algodão,8
2008-10-29,Algodão,BARREIRAS,Caroço,arroba,"39,45",39.45,Algodão,8
2008-10-29,Algodão,BARREIRAS,Pluma,arroba,"14,50",14.5,Algodão,8
2008-10-30,Algodão,BARREIRAS,Caroço,arroba,"39,45",39.45,Algodão,8
2008-10-30,Algodão,BARREIRAS,Pluma,arroba,"14,50",14.5,Algodão,8
2008-10-31,Algodão,BARREIRAS,Caroço,arroba,"39,45",39.45,Algodão,8
2008-10-31,Algodão,BARREIRAS,Pluma,arroba,"14,50",14.5,Algodão,8
2008-11-03,Algodão,BARREIRAS,Caroço,arroba,"39,45",39.45,Algodão,8
2008-11-03,Algodão,BARREIRAS,Pluma,arroba,"14,50",14.5,Algodão,8
2008-11-04,Algodão,BARREIRAS,Caroço,arroba,"39,45",39.45,Algodão,8
2008-11-04,Algodão,BARREIRAS,Pluma,arroba,"14,50",14.5,Algodão,8
2008-11-05,Algodão,BARREIRAS,Caroço,arroba,"39,45",39.45,Algodão,8
2008-11-05,Algodão,BARREIRAS,Pluma,arroba,"14,50",14.5,Algodão,8
2008-11-06,Algodão,BARREIRAS,Caroço,arroba,"39,45",39.45,Algodão,8
2008-11-06,Algodão,BARREIRAS,Pluma,arroba,"14,50",14.5,Algodão,8
2008-11-07,Algodão,BARREIRAS,Caroço,arroba,"39,45",39.45,Algodão,8
2008-11-07,Algodão,BARREIRAS,Pluma,arroba,"14,50",14.5,Algodão,8
2008-11-10,Algodão,BARREIRAS,Caroço,arroba,"36,71",36.71,Algodão,8
2008-11-10,Algodão,BARREIRAS,Pluma,arroba,"14,50",14.5,Algodão,8
2008-11-11,Algodão,BARREIRAS,Caroço,arroba,"36,71",36.71,Algodão,8
2008-11-11,Algodão,BARREIRAS,Pluma,arroba,"14,50",14.5,Algodão,8
2008-11-12,Algodão,BARREIRAS,Caroço,arroba,"36,71",36.71,Algodão,8
2008-11-12,Algodão,BARREIRAS,Pluma,arroba,"14,50",14.5,Algodão,8
2008-11-13,Algodão,BARREIRAS,Caroço,arroba,"36,71",36.71,Algodão,8
2008-11-13,Algodão,BARREIRAS,Pluma,arroba,"14,50",14.5,Algodão,8
2008-11-14,Algodão,BARREIRAS,Caroço,arroba,"36,71",36.71,Algodão,8
2008-11-14,Algodão,BARREIRAS,Pluma,arroba,"14,50",14.5,Algodão,8
2008-11-17,Algodão,BARREIRAS,Caroço,arroba,"36,71",36.71,Algodão,8
2008-11-17,Algodão,BARREIRAS,Pluma,arroba,"14,50",14.5,Algodão,8
2008-11-18,Algodão,BARREIRAS,Caroço,arroba,"36,71",36.71,Algodão,8
2008-11-18,Algodão,BARREIRAS,Pluma,arroba,"14,50",14.5,Algodão,8
2008-11-19,Algodão,BARREIRAS,Caroço,arroba,"36,71",36.71,Algodão,8
2008-11-19,Algodão,BARREIRAS,Pluma,arroba,"14,50",14.5,Algodão,8
2008-11-20,Algodão,BARREIRAS,Caroço,arroba,"36,71",36.71,Algodão,8
2008-11-20,Algodão,BARREIRAS,Pluma,arroba,"14,50",14.5,Algodão,8
2008-11-21,Algodão,BARREIRAS,Caroço,arroba,"36,71",36.71,Algodão,8
2008-11-21,Algodão,BARREIRAS,Pluma,arroba,"14,50",14.5,Algodão,8
2008-11-24,Algodão,BARREIRAS,Caroço,arroba,"38,95",38.95,Algodão,8
2008-11-24,Algodão,BARREIRAS,Pluma,arroba,"14,50",14.5,Algodão,8
2008-11-25,Algodão,BARREIRAS,Caroço,arroba,"38,95",38.95,Algodão,8
2008-11-25,Algodão,BARREIRAS,Pluma,arroba,"14,50",14.5,Algodão,8
2008-11-26,Algodão,BARREIRAS,Caroço,arroba,"38,95",38.95,Algodão,8
2008-11-26,Algodão,BARREIRAS,Pluma,arroba,"14,50",14.5,Algodão,8
2008-11-27,Algodão,BARREIRAS,Caroço,arroba,"38,95",38.95,Algodão,8
2008-11-27,Algodão,BARREIRAS,Pluma,arroba,"14,50",14.5,Algodão,8
2008-11-28,Algodão,BARREIRAS,Caroço,arroba,"38,95",38.95,Algodão,8
2008-11-28,Algodão,BARREIRAS,Pluma,arroba,"14,50",14.5,Algodão,8
2008-12-01,Algodão,BARREIRAS,Caroço,arroba,"38,95",38.95,Algodão,8
2008-12-01,Algodão,BARREIRAS,Pluma,arroba,"14,50",14.5,Algodão,8
2008-12-02,Algodão,BARREIRAS,Caroço,arroba,"38,95",38.95,Algodão,8
2008-12-02,Algodão,BARREIRAS,Pluma,arroba,"14,50",14.5,Algodão,8
2008-12-03,Algodão,BARREIRAS,Caroço,arroba,"38,95",38.95,Algodão,8
2008-12-03,Algodão,BARREIRAS,Pluma,arroba,"14,50",14.5,Algodão,8
2008-12-04,Algodão,BARREIRAS,Caroço,arroba,"38,95",38.95,Algodão,8
2008-12-04,Algodão,BARREIRAS,Pluma,arroba,"14,50",14.5,Algodão,8
2008-12-05,Algodão,BARREIRAS,Caroço,arroba,"38,95",38.95,Algodão,8
2008-12-05,Algodão,BARREIRAS,Pluma,arroba,"14,50",14.5,Algodão,8
2008-12-09,Algodão,BARREIRAS,Caroço,arroba,"38,95",38.95,Algodão,8
2008-12-09,Algodão,BARREIRAS,Pluma,arroba,"14,50",14.5,Algodão,8
2008-12-10,Algodão,BARREIRAS,Caroço,arroba,"38,95",38.95,Algodão,8
2008-12-10,Algodão,BARREIRAS,Pluma,arroba,"14,50",14.5,Algodão,8
2008-12-11,Algodão,BARREIRAS,Caroço,arroba,"38,95",38.95,Algodão,8
2008-12-11,Algodão,BARREIRAS,Pluma,arroba,"14,50",14.5,Algodão,8
2008-12-12,Algodão,BARREIRAS,Caroço,arroba,"38,95",38.95,Algodão,8
2008-12-12,Algodão,BARREIRAS,Pluma,arroba,"14,50",14.5,Algodão,8
2008-12-15,Algodão,BARREIRAS,Caroço,arroba,"38,95",38.95,Algodão,8
2008-12-15,Algodão,BARREIRAS,Pluma,arroba,"14,50",14.5,Algodão,8
2008-12-16,Algodão,BARREIRAS,Caroço,arroba,"38,95",38.95,Algodão,8
2008-12-16,Algodão,BARREIRAS,Pluma,arroba,"14,50",14.5,Algodão,8
2008-12-17,Algodão,BARREIRAS,Caroço,arroba,"38,95",38.95,Algodão,8
2008-12-17,Algodão,BARREIRAS,Pluma,arroba,"14,50",14.5,Algodão,8
2008-12-18,Algodão,BARREIRAS,Caroço,arroba,"38,95",38.95,Algodão,8
2008-12-18,Algodão,BARREIRAS,Pluma,arroba,"14,50",14.5,Algodão,8
2008-12-19,Algodão,BARREIRAS,Caroço,arroba,"38,95",38.95,Algodão,8
2008-12-19,Algodão,BARREIRAS,Pluma,arroba,"14,50",14.5,Algodão,8
2008-12-22,Algodão,BARREIRAS,Caroço,arroba,"38,95",38.95,Algodão,8
2008-12-22,Algodão,BARREIRAS,Pluma,arroba,"14,50",14.5,Algodão,8
2008-12-23,Algodão,BARREIRAS,Caroço,arroba,"38,95",38.95,Algodão,8
2008-12-23,Algodão,BARREIRAS,Pluma,arroba,"14,50",14.5,Algodão,8
2008-12-29,Algodão,BARREIRAS,Caroço,arroba,"35,00",35.0,Algodão,8
2008-12-29,Algodão,BARREIRAS,Pluma,arroba,"14,50",14.5,Algodão,8
2008-12-30,Algodão,BARREIRAS,Caroço,arroba,"35,00",35.0,Algodão,8
2008-12-30,Algodão,BARREIRAS,Pluma,arroba,"14,50",14.5,Algodão,8
2009-01-05,Algodão,BARREIRAS,Caroço,arroba,"38,95",38.95,Algodão,8
2009-01-05,Algodão,BARREIRAS,Pluma,arroba,"14,50",14.5,Algodão,8
2009-01-06,Algodão,BARREIRAS,Caroço,arroba,"38,95",38.95,Algodão,8
2009-01-06,Algodão,BARREIRAS,Pluma,arroba,"14,50",14.5,Algodão,8
2009-01-07,Algodão,BARREIRAS,Caroço,arroba,"38,95",38.95,Algodão,8
2009-01-07,Algodão,BARREIRAS,Pluma,arroba,"14,50",14.5,Algodão,8
2009-01-08,Algodão,BARREIRAS,Caroço,arroba,"38,95",38.95,Algodão,8
2009-01-08,Algodão,BARREIRAS,Pluma,arroba,"14,50",14.5,Algodão,8
2009-01-09,Algodão,BARREIRAS,Caroço,arroba,"38,95",38.95,Algodão,8
2009-01-09,Algodão,BARREIRAS,Pluma,arroba,"14,50",14.5,Algodão,8
2009-01-14,Algodão,BARREIRAS,Caroço,arroba,"38,95",38.95,Algodão,8
2009-01-14,Algodão,BARREIRAS,Pluma,arroba,"14,50",14.5,Algodão,8
2009-01-16,Algodão,BARREIRAS,Caroço,arroba,"38,95",38.95,Algodão,8
2009-01-16,Algodão,BARREIRAS,Pluma,arroba,"14,50",14.5,Algodão,8
2009-01-19,Algodão,BARREIRAS,Caroço,arroba,"38,95",38.95,Algodão,8
2009-01-19,Algodão,BARREIRAS,Pluma,arroba,"14,50",14.5,Algodão,8
2009-01-20,Algodão,BARREIRAS,Caroço,arroba,"38,00",38.0,Algodão,8
2009-01-20,Algodão,BARREIRAS,Pluma,arroba,"14,50",14.5,Algodão,8
2009-01-21,Algodão,BARREIRAS,Caroço,arroba,"38,00",38.0,Algodão,8
2009-01-21,Algodão,BARREIRAS,Pluma,arroba,"14,50",14.5,Algodão,8
2009-01-22,Algodão,BARREIRAS,Caroço,arroba,"38,00",38.0,Algodão,8
2009-01-22,Algodão,BARREIRAS,Pluma,arroba,"14,50",14.5,Algodão,8
2009-01-23,Algodão,BARREIRAS,Caroço,arroba,"38,00",38.0,Algodão,8
2009-01-23,Algodão,BARREIRAS,Pluma,arroba,"14,50",14.5,Algodão,8
2009-01-26,Algodão,BARREIRAS,Caroço,arroba,"39,90",39.9,Algodão,8
2009-01-26,Algodão,BARREIRAS,Pluma,arroba,"14,50",14.5,Algodão,8
2009-01-27,Algodão,BARREIRAS,Caroço,arroba,"39,90",39.9,Algodão,8
2009-01-27,Algodão,BARREIRAS,Pluma,arroba,"14,50",14.5,Algodão,8
2009-01-28,Algodão,BARREIRAS,Caroço,arroba,"39,90",39.9,Algodão,8
2009-01-28,Algodão,BARREIRAS,Pluma,arroba,"14,50",14.5,Algodão,8
2009-01-29,Algodão,BARREIRAS,Caroço,arroba,"39,90",39.9,Algodão,8
2009-01-29,Algodão,BARREIRAS,Pluma,arroba,"14,50",14.5,Algodão,8
2009-01-30,Algodão,BARREIRAS,Caroço,arroba,"39,90",39.9,Algodão,8
2009-01-30,Algodão,BARREIRAS,Pluma,arroba,"14,50",14.5,Algodão,8
2009-02-02,Algodão,BARREIRAS,Caroço,arroba,"39,98",39.98,Algodão,8
2009-02-02,Algodão,BARREIRAS,Pluma,arroba,"14,50",14.5,Algodão,8
2009-02-03,Algodão,BARREIRAS,Caroço,arroba,"39,98",39.98,Algodão,8
2009-02-03,Algodão,BARREIRAS,Pluma,arroba,"14,50",14.5,Algodão,8
2009-02-04,Algodão,BARREIRAS,Caroço,arroba,"36,05",36.05,Algodão,8
2009-02-04,Algodão,BARREIRAS,Pluma,arroba,"14,50",14.5,Algodão,8
2009-02-05,Algodão,BARREIRAS,Caroço,arroba,"36,05",36.05,Algodão,8
2009-02-05,Algodão,BARREIRAS,Pluma,arroba,"14,50",14.5,Algodão,8
2009-02-06,Algodão,BARREIRAS,Caroço,arroba,"36,05",36.05,Algodão,8
2009-02-06,Algodão,BARREIRAS,Pluma,arroba,"14,50",14.5,Algodão,8
2009-02-09,Algodão,BARREIRAS,Caroço,arroba,"35,71",35.71,Algodão,8
2009-02-09,Algodão,BARREIRAS,Pluma,arroba,"14,50",14.5,Algodão,8
2009-02-10,Algodão,BARREIRAS,Caroço,arroba,"35,71",35.71,Algodão,8
2009-02-10,Algodão,BARREIRAS,Pluma,arroba,"14,50",14.5,Algodão,8
2009-02-11,Algodão,BARREIRAS,Caroço,arroba,"35,71",35.71,Algodão,8
2009-02-11,Algodão,BARREIRAS,Pluma,arroba,"14,50",14.5,Algodão,8
2009-02-12,Algodão,BARREIRAS,Caroço,arroba,"35,71",35.71,Algodão,8
2009-02-12,Algodão,BARREIRAS,Pluma,arroba,"14,50",14.5,Algodão,8
2009-02-13,Algodão,BARREIRAS,Caroço,arroba,"35,71",35.71,Algodão,8
2009-02-13,Algodão,BARREIRAS,Pluma,arroba,"14,50",14.5,Algodão,8
2009-02-16,Algodão,BARREIRAS,Caroço,arroba,"35,71",35.71,Algodão,8
2009-02-16,Algodão,BARREIRAS,Pluma,arroba,"14,50",14.5,Algodão,8
2009-02-17,Algodão,BARREIRAS,Caroço,arroba,"35,71",35.71,Algodão,8
2009-02-17,Algodão,BARREIRAS,Pluma,arroba,"14,50",14.5,Algodão,8
2009-02-18,Algodão,BARREIRAS,Caroço,arroba,"35,71",35.71,Algodão,8
2009-02-18,Algodão,BARREIRAS,Pluma,arroba,"14,50",14.5,Algodão,8
2009-02-19,Algodão,BARREIRAS,Caroço,arroba,"35,71",35.71,Algodão,8
2009-02-19,Algodão,BARREIRAS,Pluma,arroba,"14,50",14.5,Algodão,8
2009-02-26,Algodão,BARREIRAS,Caroço,arroba,"35,71",35.71,Algodão,8
2009-02-26,Algodão,BARREIRAS,Pluma,arroba,"14,50",14.5,Algodão,8
2009-02-27,Algodão,BARREIRAS,Caroço,arroba,"35,71",35.71,Algodão,8
2009-02-27,Algodão,BARREIRAS,Pluma,arroba,"14,50",14.5,Algodão,8
2009-03-02,Algodão,BARREIRAS,Caroço,arroba,"35,71",35.71,Algodão,8
2009-03-02,Algodão,BARREIRAS,Pluma,arroba,"14,50",14.5,Algodão,8
2009-03-03,Algodão,BARREIRAS,Caroço,arroba,"35,71",35.71,Algodão,8
2009-03-03,Algodão,BARREIRAS,Pluma,arroba,"14,50",14.5,Algodão,8
2009-03-04,Algodão,BARREIRAS,Caroço,arroba,"35,71",35.71,Algodão,8
2009-03-04,Algodão,BARREIRAS,Pluma,arroba,"14,50",14.5,Algodão,8
2009-03-05,Algodão,BARREIRAS,Caroço,arroba,"35,71",35.71,Algodão,8
2009-03-05,Algodão,BARREIRAS,Pluma,arroba,"14,50",14.5,Algodão,8
2009-03-06,Algodão,BARREIRAS,Caroço,arroba,"35,71",35.71,Algodão,8
2009-03-06,Algodão,BARREIRAS,Pluma,arroba,"14,50",14.5,Algodão,8
2009-03-09,Algodão,BARREIRAS,Caroço,arroba,"35,71",35.71,Algodão,8
2009-03-09,Algodão,BARREIRAS,Pluma,arroba,"14,50",14.5,Algodão,8
2009-03-10,Algodão,BARREIRAS,Caroço,arroba,"35,71",35.71,Algodão,8
2009-03-10,Algodão,BARREIRAS,Pluma,arroba,"14,50",14.5,Algodão,8
2009-03-11,Algodão,BARREIRAS,Caroço,arroba,"35,71",35.71,Algodão,8
2009-03-11,Algodão,BARREIRAS,Pluma,arroba,"14,50",14.5,Algodão,8
2009-03-12,Algodão,BARREIRAS,Caroço,arroba,"35,71",35.71,Algodão,8
2009-03-12,Algodão,BARREIRAS,Pluma,arroba,"14,50",14.5,Algodão,8
2009-03-13,Algodão,BARREIRAS,Caroço,arroba,"35,71",35.71,Algodão,8
2009-03-13,Algodão,BARREIRAS,Pluma,arroba,"14,50",14.5,Algodão,8
2009-03-16,Algodão,BARREIRAS,Caroço,arroba,"35,71",35.71,Algodão,8
2009-03-16,Algodão,BARREIRAS,Pluma,arroba,"14,50",14.5,Algodão,8
2009-03-17,Algodão,BARREIRAS,Caroço,arroba,"35,71",35.71,Algodão,8
2009-03-17,Algodão,BARREIRAS,Pluma,arroba,"14,50",14.5,Algodão,8
2009-03-18,Algodão,BARREIRAS,Caroço,arroba,"35,71",35.71,Algodão,8
2009-03-18,Algodão,BARREIRAS,Pluma,arroba,"14,50",14.5,Algodão,8
2009-03-19,Algodão,BARREIRAS,Caroço,arroba,"35,71",35.71,Algodão,8
2009-03-19,Algodão,BARREIRAS,Pluma,arroba,"14,50",14.5,Algodão,8
2009-03-20,Algodão,BARREIRAS,Caroço,arroba,"35,71",35.71,Algodão,8
2009-03-20,Algodão,BARREIRAS,Pluma,arroba,"14,50",14.5,Algodão,8
2009-03-23,Algodão,BARREIRAS,Caroço,arroba,"35,71",35.71,Algodão,8
2009-03-23,Algodão,BARREIRAS,Pluma,arroba,"14,50",14.5,Algodão,8
2009-03-24,Algodão,BARREIRAS,Caroço,arroba,"35,71",35.71,Algodão,8
2009-03-24,Algodão,BARREIRAS,Pluma,arroba,"14,50",14.5,Algodão,8
2009-03-25,Algodão,BARREIRAS,Caroço,arroba,"35,71",35.71,Algodão,8
2009-03-25,Algodão,BARREIRAS,Pluma,arroba,"14,50",14.5,Algodão,8
2009-03-26,Algodão,BARREIRAS,Caroço,arroba,"35,71",35.71,Algodão,8
2009-03-26,Algodão,BARREIRAS,Pluma,arroba,"14,50",14.5,Algodão,8
2009-03-27,Algodão,BARREIRAS,Caroço,arroba,"35,71",35.71,Algodão,8
2009-03-27,Algodão,BARREIRAS,Pluma,arroba,"14,50",14.5,Algodão,8
2009-03-30,Algodão,BARREIRAS,Caroço,arroba,"35,71",35.71,Algodão,8
2009-03-30,Algodão,BARREIRAS,Pluma,arroba,"14,50",14.5,Algodão,8
2009-03-31,Algodão,BARREIRAS,Caroço,arroba,"35,71",35.71,Algodão,8
2009-03-31,Algodão,BARREIRAS,Pluma,arroba,"14,50",14.5,Algodão,8
2009-04-01,Algodão,BARREIRAS,Caroço,arroba,"35,71",35.71,Algodão,8
2009-04-01,Algodão,BARREIRAS,Pluma,arroba,"14,50",14.5,Algodão,8
2009-04-02,Algodão,BARREIRAS,Caroço,arroba,"35,71",35.71,Algodão,8
2009-04-02,Algodão,BARREIRAS,Pluma,arroba,"14,50",14.5,Algodão,8
2009-04-03,Algodão,BARREIRAS,Caroço,arroba,"35,71",35.71,Algodão,8
2009-04-03,Algodão,BARREIRAS,Pluma,arroba,"14,50",14.5,Algodão,8
2009-04-06,Algodão,BARREIRAS,Caroço,arroba,"34,06",34.06,Algodão,8
2009-04-06,Algodão,BARREIRAS,Pluma,arroba,"14,50",14.5,Algodão,8
2009-04-07,Algodão,BARREIRAS,Caroço,arroba,"34,06",34.06,Algodão,8
2009-04-07,Algodão,BARREIRAS,Pluma,arroba,"14,50",14.5,Algodão,8
2009-04-08,Algodão,BARREIRAS,Caroço,arroba,"34,06",34.06,Algodão,8
2009-04-08,Algodão,BARREIRAS,Pluma,arroba,"14,50",14.5,Algodão,8
2009-04-13,Algodão,BARREIRAS,Caroço,arroba,"34,06",34.06,Algodão,8
2009-04-13,Algodão,BARREIRAS,Pluma,arroba,"14,50",14.5,Algodão,8
2009-04-14,Algodão,BARREIRAS,Caroço,arroba,"34,06",34.06,Algodão,8
2009-04-14,Algodão,BARREIRAS,Pluma,arroba,"14,50",14.5,Algodão,8
2009-04-15,Algodão,BARREIRAS,Caroço,arroba,"35,48",35.48,Algodão,8
2009-04-15,Algodão,BARREIRAS,Pluma,arroba,"14,50",14.5,Algodão,8
2009-04-16,Algodão,BARREIRAS,Caroço,arroba,"35,48",35.48,Algodão,8
2009-04-16,Algodão,BARREIRAS,Pluma,arroba,"14,50",14.5,Algodão,8
2009-04-17,Algodão,BARREIRAS,Caroço,arroba,"35,48",35.48,Algodão,8
2009-04-17,Algodão,BARREIRAS,Pluma,arroba,"14,50",14.5,Algodão,8
2009-04-20,Algodão,BARREIRAS,Caroço,arroba,"35,48",35.48,Algodão,8
2009-04-20,Algodão,BARREIRAS,Pluma,arroba,"14,50",14.5,Algodão,8
2009-04-22,Algodão,BARREIRAS,Caroço,arroba,"35,48",35.48,Algodão,8
2009-04-22,Algodão,BARREIRAS,Pluma,arroba,"14,50",14.5,Algodão,8
2009-04-23,Algodão,BARREIRAS,Caroço,arroba,"35,48",35.48,Algodão,8
2009-04-23,Algodão,BARREIRAS,Pluma,arroba,"14,50",14.5,Algodão,8
2009-04-24,Algodão,BARREIRAS,Caroço,arroba,"35,48",35.48,Algodão,8
2009-04-24,Algodão,BARREIRAS,Pluma,arroba,"14,50",14.5,Algodão,8
2009-04-28,Algodão,BARREIRAS,Caroço,arroba,"35,48",35.48,Algodão,8
2009-04-28,Algodão,BARREIRAS,Pluma,arroba,"14,50",14.5,Algodão,8
2009-04-29,Algodão,BARREIRAS,Caroço,arroba,"35,48",35.48,Algodão,8
2009-04-29,Algodão,BARREIRAS,Pluma,arroba,"14,50",14.5,Algodão,8
2009-04-30,Algodão,BARREIRAS,Caroço,arroba,"35,48",35.48,Algodão,8
2009-04-30,Algodão,BARREIRAS,Pluma,arroba,"14,50",14.5,Algodão,8
2009-05-04,Algodão,BARREIRAS,Caroço,arroba,"38,50",38.5,Algodão,8
2009-05-04,Algodão,BARREIRAS,Pluma,arroba,"14,50",14.5,Algodão,8
2009-05-05,Algodão,BARREIRAS,Caroço,arroba,"38,50",38.5,Algodão,8
2009-05-05,Algodão,BARREIRAS,Pluma,arroba,"14,50",14.5,Algodão,8
2009-05-06,Algodão,BARREIRAS,Caroço,arroba,"38,50",38.5,Algodão,8
2009-05-06,Algodão,BARREIRAS,Pluma,arroba,"14,50",14.5,Algodão,8
2009-05-07,Algodão,BARREIRAS,Caroço,arroba,"38,50",38.5,Algodão,8
2009-05-07,Algodão,BARREIRAS,Pluma,arroba,"14,50",14.5,Algodão,8
2009-05-08,Algodão,BARREIRAS,Caroço,arroba,"38,50",38.5,Algodão,8
2009-05-08,Algodão,BARREIRAS,Pluma,arroba,"14,50",14.5,Algodão,8
2009-05-11,Algodão,BARREIRAS,Caroço,arroba,"38,50",38.5,Algodão,8
2009-05-11,Algodão,BARREIRAS,Pluma,arroba,"14,50",14.5,Algodão,8
2009-05-12,Algodão,BARREIRAS,Caroço,arroba,"38,50",38.5,Algodão,8
2009-05-12,Algodão,BARREIRAS,Pluma,arroba,"14,50",14.5,Algodão,8
2009-05-13,Algodão,BARREIRAS,Caroço,arroba,"38,50",38.5,Algodão,8
2009-05-13,Algodão,BARREIRAS,Pluma,arroba,"14,50",14.5,Algodão,8
2009-05-14,Algodão,BARREIRAS,Caroço,arroba,"38,50",38.5,Algodão,8
2009-05-14,Algodão,BARREIRAS,Pluma,arroba,"14,50",14.5,Algodão,8
2009-05-15,Algodão,BARREIRAS,Caroço,arroba,"38,50",38.5,Algodão,8
2009-05-15,Algodão,BARREIRAS,Pluma,arroba,"14,50",14.5,Algodão,8
2009-05-18,Algodão,BARREIRAS,Caroço,arroba,"38,50",38.5,Algodão,8
2009-05-18,Algodão,BARREIRAS,Pluma,arroba,"14,50",14.5,Algodão,8
2009-05-19,Algodão,BARREIRAS,Caroço,arroba,"38,50",38.5,Algodão,8
2009-05-19,Algodão,BARREIRAS,Pluma,arroba,"14,50",14.5,Algodão,8
2009-05-20,Algodão,BARREIRAS,Caroço,arroba,"41,01",41.01,Algodão,8
2009-05-20,Algodão,BARREIRAS,Pluma,arroba,"14,50",14.5,Algodão,8
2009-05-21,Algodão,BARREIRAS,Caroço,arroba,"41,01",41.01,Algodão,8
2009-05-21,Algodão,BARREIRAS,Pluma,arroba,"14,50",14.5,Algodão,8
2009-05-22,Algodão,BARREIRAS,Caroço,arroba,"41,01",41.01,Algodão,8
2009-05-22,Algodão,BARREIRAS,Pluma,arroba,"14,50",14.5,Algodão,8
2009-05-25,Algodão,BARREIRAS,Caroço,arroba,"41,03",41.03,Algodão,8
2009-05-25,Algodão,BARREIRAS,Pluma,arroba,"14,50",14.5,Algodão,8
2009-05-26,Algodão,BARREIRAS,Caroço,arroba,"41,03",41.03,Algodão,8
2009-05-26,Algodão,BARREIRAS,Pluma,arroba,"14,50",14.5,Algodão,8
2009-05-27,Algodão,BARREIRAS,Caroço,arroba,"41,03",41.03,Algodão,8
2009-05-27,Algodão,BARREIRAS,Pluma,arroba,"14,50",14.5,Algodão,8
2009-05-28,Algodão,BARREIRAS,Caroço,arroba,"41,03",41.03,Algodão,8
2009-05-28,Algodão,BARREIRAS,Pluma,arroba,"14,50",14.5,Algodão,8
2009-05-29,Algodão,BARREIRAS,Caroço,arroba,"41,03",41.03,Algodão,8
2009-05-29,Algodão,BARREIRAS,Pluma,arroba,"14,50",14.5,Algodão,8
2009-06-01,Algodão,BARREIRAS,Caroço,arroba,"41,03",41.03,Algodão,8
2009-06-01,Algodão,BARREIRAS,Pluma,arroba,"14,50",14.5,Algodão,8
2009-06-02,Algodão,BARREIRAS,Caroço,arroba,"41,03",41.03,Algodão,8
2009-06-02,Algodão,BARREIRAS,Pluma,arroba,"14,50",14.5,Algodão,8
2009-06-03,Algodão,BARREIRAS,Caroço,arroba,"41,03",41.03,Algodão,8
2009-06-03,Algodão,BARREIRAS,Pluma,arroba,"14,50",14.5,Algodão,8
2009-06-04,Algodão,BARREIRAS,Caroço,arroba,"41,03",41.03,Algodão,8
2009-06-04,Algodão,BARREIRAS,Pluma,arroba,"14,50",14.5,Algodão,8
2009-06-05,Algodão,BARREIRAS,Caroço,arroba,"41,03",41.03,Algodão,8
2009-06-05,Algodão,BARREIRAS,Pluma,arroba,"14,50",14.5,Algodão,8
2009-06-08,Algodão,BARREIRAS,Caroço,arroba,"38,90",38.9,Algodão,8
2009-06-08,Algodão,BARREIRAS,Pluma,arroba,"14,50",14.5,Algodão,8
2009-06-09,Algodão,BARREIRAS,Caroço,arroba,"38,90",38.9,Algodão,8
2009-06-09,Algodão,BARREIRAS,Pluma,arroba,"14,50",14.5,Algodão,8
2009-06-10,Algodão,BARREIRAS,Caroço,arroba,"38,90",38.9,Algodão,8
2009-06-10,Algodão,BARREIRAS,Pluma,arroba,"14,50",14.5,Algodão,8
2009-06-12,Algodão,BARREIRAS,Caroço,arroba,"38,90",38.9,Algodão,8
2009-06-12,Algodão,BARREIRAS,Pluma,arroba,"14,50",14.5,Algodão,8
2009-06-15,Algodão,BARREIRAS,Caroço,arroba,"38,90",38.9,Algodão,8
2009-06-15,Algodão,BARREIRAS,Pluma,arroba,"14,50",14.5,Algodão,8
2009-06-16,Algodão,BARREIRAS,Caroço,arroba,"38,90",38.9,Algodão,8
2009-06-16,Algodão,BARREIRAS,Pluma,arroba,"14,50",14.5,Algodão,8
2009-06-17,Algodão,BARREIRAS,Caroço,arroba,"38,90",38.9,Algodão,8
2009-06-17,Algodão,BARREIRAS,Pluma,arroba,"14,50",14.5,Algodão,8
2009-06-18,Algodão,BARREIRAS,Caroço,arroba,"38,90",38.9,Algodão,8
2009-06-18,Algodão,BARREIRAS,Pluma,arroba,"14,50",14.5,Algodão,8
2009-06-19,Algodão,BARREIRAS,Caroço,arroba,"38,90",38.9,Algodão,8
2009-06-19,Algodão,BARREIRAS,Pluma,arroba,"14,50",14.5,Algodão,8
2009-06-25,Algodão,BARREIRAS,Caroço,arroba,"38,90",38.9,Algodão,8
2009-06-25,Algodão,BARREIRAS,Pluma,arroba,"14,50",14.5,Algodão,8
2009-06-26,Algodão,BARREIRAS,Caroço,arroba,"38,90",38.9,Algodão,8
2009-06-26,Algodão,BARREIRAS,Pluma,arroba,"14,50",14.5,Algodão,8
2009-06-29,Algodão,BARREIRAS,Caroço,arroba,"38,90",38.9,Algodão,8
2009-06-29,Algodão,BARREIRAS,Pluma,arroba,"14,50",14.5,Algodão,8
2009-06-30,Algodão,BARREIRAS,Caroço,arroba,"38,90",38.9,Algodão,8
2009-06-30,Algodão,BARREIRAS,Pluma,arroba,"14,50",14.5,Algodão,8
2009-07-01,Algodão,BARREIRAS,Caroço,arroba,"38,90",38.9,Algodão,8
2009-07-01,Algodão,BARREIRAS,Pluma,arroba,"14,50",14.5,Algodão,8
2009-07-02,Algodão,BARREIRAS,Caroço,arroba,"38,90",38.9,Algodão,8
2009-07-02,Algodão,BARREIRAS,Pluma,arroba,"14,50",14.5,Algodão,8
2009-07-03,Algodão,BARREIRAS,Caroço,arroba,"38,90",38.9,Algodão,8
2009-07-03,Algodão,BARREIRAS,Pluma,arroba,"14,50",14.5,Algodão,8
2009-07-06,Algodão,BARREIRAS,Caroço,arroba,"38,90",38.9,Algodão,8
2009-07-06,Algodão,BARREIRAS,Pluma,arroba,"14,50",14.5,Algodão,8
2009-07-07,Algodão,BARREIRAS,Caroço,arroba,"38,03",38.03,Algodão,8
2009-07-07,Algodão,BARREIRAS,Pluma,arroba,"14,50",14.5,Algodão,8
2009-07-08,Algodão,BARREIRAS,Caroço,arroba,"38,03",38.03,Algodão,8
2009-07-08,Algodão,BARREIRAS,Pluma,arroba,"14,50",14.5,Algodão,8
2009-07-09,Algodão,BARREIRAS,Caroço,arroba,"38,03",38.03,Algodão,8
2009-07-09,Algodão,BARREIRAS,Pluma,arroba,"14,50",14.5,Algodão,8
2009-07-10,Algodão,SALVADOR,Caroço,arroba,"38,03",38.03,Algodão,8
2009-07-13,Algodão,BARREIRAS,Caroço,arroba,"37,56",37.56,Algodão,8
2009-07-13,Algodão,BARREIRAS,Pluma,arroba,"14,50",14.5,Algodão,8
2009-07-14,Algodão,BARREIRAS,Caroço,arroba,"37,56",37.56,Algodão,8
2009-07-14,Algodão,BARREIRAS,Pluma,arroba,"14,50",14.5,Algodão,8
2009-07-15,Algodão,BARREIRAS,Caroço,arroba,"37,56",37.56,Algodão,8
2009-07-15,Algodão,BARREIRAS,Pluma,arroba,"14,50",14.5,Algodão,8
2009-07-16,Algodão,BARREIRAS,Caroço,arroba,"37,56",37.56,Algodão,8
2009-07-16,Algodão,BARREIRAS,Pluma,arroba,"14,50",14.5,Algodão,8
2009-07-17,Algodão,BARREIRAS,Caroço,arroba,"37,56",37.56,Algodão,8
2009-07-17,Algodão,BARREIRAS,Pluma,arroba,"14,50",14.5,Algodão,8
2009-07-20,Algodão,BARREIRAS,Caroço,arroba,"37,56",37.56,Algodão,8
2009-07-20,Algodão,BARREIRAS,Pluma,arroba,"14,50",14.5,Algodão,8
2009-07-21,Algodão,BARREIRAS,Caroço,arroba,"37,56",37.56,Algodão,8
2009-07-21,Algodão,BARREIRAS,Pluma,arroba,"14,50",14.5,Algodão,8
2009-07-22,Algodão,BARREIRAS,Caroço,arroba,"37,56",37.56,Algodão,8
2009-07-22,Algodão,BARREIRAS,Pluma,arroba,"14,50",14.5,Algodão,8
2009-07-23,Algodão,BARREIRAS,Caroço,arroba,"37,56",37.56,Algodão,8
2009-07-23,Algodão,BARREIRAS,Pluma,arroba,"14,50",14.5,Algodão,8
2009-07-24,Algodão,BARREIRAS,Caroço,arroba,"37,56",37.56,Algodão,8
2009-07-24,Algodão,BARREIRAS,Pluma,arroba,"14,50",14.5,Algodão,8
2009-07-27,Algodão,BARREIRAS,Caroço,arroba,"37,02",37.02,Algodão,8
2009-07-27,Algodão,BARREIRAS,Pluma,arroba,"14,50",14.5,Algodão,8
2009-07-28,Algodão,BARREIRAS,Caroço,arroba,"37,02",37.02,Algodão,8
2009-07-28,Algodão,BARREIRAS,Pluma,arroba,"14,50",14.5,Algodão,8
2009-07-29,Algodão,BARREIRAS,Caroço,arroba,"37,02",37.02,Algodão,8
2009-07-29,Algodão,BARREIRAS,Pluma,arroba,"14,50",14.5,Algodão,8
2009-07-30,Algodão,BARREIRAS,Caroço,arroba,"37,02",37.02,Algodão,8
2009-07-30,Algodão,BARREIRAS,Pluma,arroba,"14,50",14.5,Algodão,8
2009-07-31,Algodão,BARREIRAS,Caroço,arroba,"37,02",37.02,Algodão,8
2009-07-31,Algodão,BARREIRAS,Pluma,arroba,"14,50",14.5,Algodão,8
2009-08-03,Algodão,BARREIRAS,Caroço,arroba,"37,02",37.02,Algodão,8
2009-08-03,Algodão,BARREIRAS,Pluma,arroba,"14,50",14.5,Algodão,8
2009-08-04,Algodão,BARREIRAS,Caroço,arroba,"37,02",37.02,Algodão,8
2009-08-04,Algodão,BARREIRAS,Pluma,arroba,"14,50",14.5,Algodão,8
2009-08-05,Algodão,BARREIRAS,Caroço,arroba,"37,02",37.02,Algodão,8
2009-08-05,Algodão,BARREIRAS,Pluma,arroba,"14,50",14.5,Algodão,8
2009-08-06,Algodão,BARREIRAS,Caroço,arroba,"37,02",37.02,Algodão,8
2009-08-06,Algodão,BARREIRAS,Pluma,arroba,"14,50",14.5,Algodão,8
2009-08-07,Algodão,BARREIRAS,Caroço,arroba,"37,02",37.02,Algodão,8
2009-08-07,Algodão,BARREIRAS,Pluma,arroba,"14,50",14.5,Algodão,8
2009-08-10,Algodão,BARREIRAS,Caroço,arroba,"36,71",36.71,Algodão,8
2009-08-10,Algodão,BARREIRAS,Pluma,arroba,"14,50",14.5,Algodão,8
2009-08-11,Algodão,BARREIRAS,Caroço,arroba,"36,71",36.71,Algodão,8
2009-08-11,Algodão,BARREIRAS,Pluma,arroba,"14,50",14.5,Algodão,8
2009-08-12,Algodão,BARREIRAS,Caroço,arroba,"36,71",36.71,Algodão,8
2009-08-12,Algodão,BARREIRAS,Pluma,arroba,"14,50",14.5,Algodão,8
2009-08-13,Algodão,BARREIRAS,Caroço,arroba,"36,71",36.71,Algodão,8
2009-08-13,Algodão,BARREIRAS,Pluma,arroba,"14,50",14.5,Algodão,8
2009-08-14,Algodão,BARREIRAS,Caroço,arroba,"36,71",36.71,Algodão,8
2009-08-14,Algodão,BARREIRAS,Pluma,arroba,"14,50",14.5,Algodão,8
2009-08-17,Algodão,BARREIRAS,Caroço,arroba,"37,50",37.5,Algodão,8
2009-08-17,Algodão,BARREIRAS,Pluma,arroba,"14,50",14.5,Algodão,8
2009-08-18,Algodão,BARREIRAS,Caroço,arroba,"37,50",37.5,Algodão,8
2009-08-18,Algodão,BARREIRAS,Pluma,arroba,"14,50",14.5,Algodão,8
2009-08-19,Algodão,BARREIRAS,Caroço,arroba,"37,50",37.5,Algodão,8
2009-08-19,Algodão,BARREIRAS,Pluma,arroba,"14,50",14.5,Algodão,8
2009-08-20,Algodão,BARREIRAS,Caroço,arroba,"37,50",37.5,Algodão,8
2009-08-20,Algodão,BARREIRAS,Pluma,arroba,"14,50",14.5,Algodão,8
2009-08-21,Algodão,BARREIRAS,Caroço,arroba,"37,50",37.5,Algodão,8
2009-08-21,Algodão,BARREIRAS,Pluma,arroba,"14,50",14.5,Algodão,8
2009-08-24,Algodão,BARREIRAS,Caroço,arroba,"37,50",37.5,Algodão,8
2009-08-24,Algodão,BARREIRAS,Pluma,arroba,"14,50",14.5,Algodão,8
2009-08-25,Algodão,BARREIRAS,Caroço,arroba,"37,50",37.5,Algodão,8
2009-08-25,Algodão,BARREIRAS,Pluma,arroba,"14,50",14.5,Algodão,8
2009-08-26,Algodão,BARREIRAS,Caroço,arroba,"37,50",37.5,Algodão,8
2009-08-26,Algodão,BARREIRAS,Pluma,arroba,"14,50",14.5,Algodão,8
2009-08-27,Algodão,BARREIRAS,Caroço,arroba,"37,50",37.5,Algodão,8
2009-08-27,Algodão,BARREIRAS,Pluma,arroba,"14,50",14.5,Algodão,8
2009-08-28,Algodão,BARREIRAS,Caroço,arroba,"37,50",37.5,Algodão,8
2009-08-28,Algodão,BARREIRAS,Pluma,arroba,"14,50",14.5,Algodão,8
2009-08-31,Algodão,BARREIRAS,Caroço,arroba,"36,71",36.71,Algodão,8
2009-08-31,Algodão,BARREIRAS,Pluma,arroba,"14,50",14.5,Algodão,8
2009-09-01,Algodão,BARREIRAS,Caroço,arroba,"36,71",36.71,Algodão,8
2009-09-01,Algodão,BARREIRAS,Pluma,arroba,"14,50",14.5,Algodão,8
2009-09-02,Algodão,BARREIRAS,Caroço,arroba,"36,71",36.71,Algodão,8
2009-09-02,Algodão,BARREIRAS,Pluma,arroba,"14,50",14.5,Algodão,8
2009-09-03,Algodão,BARREIRAS,Caroço,arroba,"36,71",36.71,Algodão,8
2009-09-03,Algodão,BARREIRAS,Pluma,arroba,"14,50",14.5,Algodão,8
2009-09-04,Algodão,BARREIRAS,Caroço,arroba,"36,71",36.71,Algodão,8
2009-09-04,Algodão,BARREIRAS,Pluma,arroba,"14,50",14.5,Algodão,8
2009-09-08,Algodão,BARREIRAS,Caroço,arroba,"36,71",36.71,Algodão,8
2009-09-08,Algodão,BARREIRAS,Pluma,arroba,"14,50",14.5,Algodão,8
2009-09-09,Algodão,BARREIRAS,Caroço,arroba,"36,71",36.71,Algodão,8
2009-09-09,Algodão,BARREIRAS,Pluma,arroba,"14,50",14.5,Algodão,8
2009-09-10,Algodão,BARREIRAS,Caroço,arroba,"36,71",36.71,Algodão,8
2009-09-10,Algodão,BARREIRAS,Pluma,arroba,"14,50",14.5,Algodão,8
2009-09-11,Algodão,BARREIRAS,Caroço,arroba,"36,71",36.71,Algodão,8
2009-09-11,Algodão,BARREIRAS,Pluma,arroba,"14,50",14.5,Algodão,8
2009-09-14,Algodão,BARREIRAS,Caroço,arroba,"36,54",36.54,Algodão,8
2009-09-14,Algodão,BARREIRAS,Pluma,arroba,"14,50",14.5,Algodão,8
2009-09-15,Algodão,BARREIRAS,Caroço,arroba,"36,54",36.54,Algodão,8
2009-09-15,Algodão,BARREIRAS,Pluma,arroba,"14,50",14.5,Algodão,8
2009-09-16,Algodão,BARREIRAS,Caroço,arroba,"36,54",36.54,Algodão,8
2009-09-16,Algodão,BARREIRAS,Pluma,arroba,"14,50",14.5,Algodão,8
2009-09-17,Algodão,BARREIRAS,Caroço,arroba,"36,54",36.54,Algodão,8
2009-09-17,Algodão,BARREIRAS,Pluma,arroba,"14,50",14.5,Algodão,8
2009-09-18,Algodão,BARREIRAS,Caroço,arroba,"36,54",36.54,Algodão,8
2009-09-18,Algodão,BARREIRAS,Pluma,arroba,"14,50",14.5,Algodão,8
2009-09-21,Algodão,BARREIRAS,Caroço,arroba,"36,54",36.54,Algodão,8
2009-09-21,Algodão,BARREIRAS,Pluma,arroba,"14,50",14.5,Algodão,8
2009-09-22,Algodão,BARREIRAS,Caroço,arroba,"36,05",36.05,Algodão,8
2009-09-22,Algodão,BARREIRAS,Pluma,arroba,"14,50",14.5,Algodão,8
2009-09-23,Algodão,BARREIRAS,Caroço,arroba,"36,05",36.05,Algodão,8
2009-09-23,Algodão,BARREIRAS,Pluma,arroba,"14,50",14.5,Algodão,8
2009-09-24,Algodão,BARREIRAS,Caroço,arroba,"36,05",36.05,Algodão,8
2009-09-24,Algodão,BARREIRAS,Pluma,arroba,"14,50",14.5,Algodão,8
2009-09-25,Algodão,BARREIRAS,Caroço,arroba,"36,05",36.05,Algodão,8
2009-09-25,Algodão,BARREIRAS,Pluma,arroba,"14,50",14.5,Algodão,8
2009-09-28,Algodão,BARREIRAS,Caroço,arroba,"36,05",36.05,Algodão,8
2009-09-28,Algodão,BARREIRAS,Pluma,arroba,"36,05",36.05,Algodão,8
2009-09-29,Algodão,BARREIRAS,Caroço,arroba,"14,50",14.5,Algodão,8
2009-09-29,Algodão,BARREIRAS,Pluma,arroba,"36,05",36.05,Algodão,8
2009-09-30,Algodão,BARREIRAS,Caroço,arroba,"14,50",14.5,Algodão,8
2009-09-30,Algodão,BARREIRAS,Pluma,arroba,"36,05",36.05,Algodão,8
2009-10-01,Algodão,BARREIRAS,Caroço,arroba,"14,50",14.5,Algodão,8
2009-10-01,Algodão,BARREIRAS,Pluma,arroba,"36,05",36.05,Algodão,8
2009-10-02,Algodão,BARREIRAS,Caroço,arroba,"14,50",14.5,Algodão,8
2009-10-02,Algodão,BARREIRAS,Pluma,arroba,"36,05",36.05,Algodão,8
2009-10-05,Algodão,BARREIRAS,Caroço,arroba,"14,50",14.5,Algodão,8
2009-10-05,Algodão,BARREIRAS,Pluma,arroba,"36,58",36.58,Algodão,8
2009-10-06,Algodão,BARREIRAS,Caroço,arroba,"14,50",14.5,Algodão,8
2009-10-06,Algodão,BARREIRAS,Pluma,arroba,"36,58",36.58,Algodão,8
2009-10-07,Algodão,BARREIRAS,Caroço,arroba,"14,50",14.5,Algodão,8
2009-10-07,Algodão,BARREIRAS,Pluma,arroba,"36,58",36.58,Algodão,8
2009-10-08,Algodão,BARREIRAS,Caroço,arroba,"14,50",14.5,Algodão,8
2009-10-08,Algodão,BARREIRAS,Pluma,arroba,"36,58",36.58,Algodão,8
2009-10-09,Algodão,BARREIRAS,Caroço,arroba,"14,50",14.5,Algodão,8
2009-10-09,Algodão,BARREIRAS,Pluma,arroba,"36,58",36.58,Algodão,8
2009-10-13,Algodão,BARREIRAS,Caroço,arroba,"14,50",14.5,Algodão,8
2009-10-13,Algodão,BARREIRAS,Pluma,arroba,"36,05",36.05,Algodão,8
2009-10-14,Algodão,BARREIRAS,Caroço,arroba,"14,50",14.5,Algodão,8
2009-10-14,Algodão,BARREIRAS,Pluma,arroba,"36,05",36.05,Algodão,8
2009-10-15,Algodão,BARREIRAS,Caroço,arroba,"14,50",14.5,Algodão,8
2009-10-15,Algodão,BARREIRAS,Pluma,arroba,"36,05",36.05,Algodão,8
2009-10-16,Algodão,BARREIRAS,Caroço,arroba,"14,50",14.5,Algodão,8
2009-10-16,Algodão,BARREIRAS,Pluma,arroba,"36,05",36.05,Algodão,8
2009-10-19,Algodão,BARREIRAS,Caroço,arroba,"14,50",14.5,Algodão,8
2009-10-19,Algodão,BARREIRAS,Pluma,arroba,"36,05",36.05,Algodão,8
2009-10-20,Algodão,BARREIRAS,Caroço,arroba,"14,50",14.5,Algodão,8
2009-10-20,Algodão,BARREIRAS,Pluma,arroba,"36,05",36.05,Algodão,8
2009-10-21,Algodão,BARREIRAS,Caroço,arroba,"14,50",14.5,Algodão,8
2009-10-21,Algodão,BARREIRAS,Pluma,arroba,"36,05",36.05,Algodão,8
2009-10-22,Algodão,BARREIRAS,Caroço,arroba,"14,50",14.5,Algodão,8
2009-10-22,Algodão,BARREIRAS,Pluma,arroba,"36,05",36.05,Algodão,8
2009-10-23,Algodão,BARREIRAS,Caroço,arroba,"14,50",14.5,Algodão,8
2009-10-23,Algodão,BARREIRAS,Pluma,arroba,"36,05",36.05,Algodão,8
2009-10-26,Algodão,BARREIRAS,Caroço,arroba,"14,50",14.5,Algodão,8
2009-10-26,Algodão,BARREIRAS,Pluma,arroba,"37,76",37.76,Algodão,8
2009-10-27,Algodão,BARREIRAS,Caroço,arroba,"14,50",14.5,Algodão,8
2009-10-27,Algodão,BARREIRAS,Pluma,arroba,"37,76",37.76,Algodão,8
2009-10-28,Algodão,BARREIRAS,Caroço,arroba,"14,50",14.5,Algodão,8
2009-10-28,Algodão,BARREIRAS,Pluma,arroba,"37,76",37.76,Algodão,8
2009-10-29,Algodão,BARREIRAS,Caroço,arroba,"14,50",14.5,Algodão,8
2009-10-29,Algodão,BARREIRAS,Pluma,arroba,"37,76",37.76,Algodão,8
2009-11-03,Algodão,BARREIRAS,Caroço,arroba,"14,50",14.5,Algodão,8
2009-11-03,Algodão,BARREIRAS,Pluma,arroba,"37,76",37.76,Algodão,8
2009-11-04,Algodão,BARREIRAS,Caroço,arroba,"14,50",14.5,Algodão,8
2009-11-04,Algodão,BARREIRAS,Pluma,arroba,"37,76",37.76,Algodão,8
2009-11-05,Algodão,BARREIRAS,Caroço,arroba,"14,50",14.5,Algodão,8
2009-11-05,Algodão,BARREIRAS,Pluma,arroba,"37,76",37.76,Algodão,8
2009-11-06,Algodão,BARREIRAS,Caroço,arroba,"14,50",14.5,Algodão,8
2009-11-06,Algodão,BARREIRAS,Pluma,arroba,"37,76",37.76,Algodão,8
2009-11-09,Algodão,BARREIRAS,Caroço,arroba,"14,50",14.5,Algodão,8
2009-11-09,Algodão,BARREIRAS,Pluma,arroba,"37,76",37.76,Algodão,8
2009-11-10,Algodão,BARREIRAS,Caroço,arroba,"14,50",14.5,Algodão,8
2009-11-10,Algodão,BARREIRAS,Pluma,arroba,"37,76",37.76,Algodão,8
2009-11-11,Algodão,BARREIRAS,Caroço,arroba,"14,50",14.5,Algodão,8
2009-11-11,Algodão,BARREIRAS,Pluma,arroba,"37,76",37.76,Algodão,8
2009-11-12,Algodão,BARREIRAS,Caroço,arroba,"14,50",14.5,Algodão,8
2009-11-12,Algodão,BARREIRAS,Pluma,arroba,"37,76",37.76,Algodão,8
2009-11-13,Algodão,BARREIRAS,Caroço,arroba,"14,50",14.5,Algodão,8
2009-11-13,Algodão,BARREIRAS,Pluma,arroba,"37,76",37.76,Algodão,8
2009-11-16,Algodão,BARREIRAS,Caroço,arroba,"14,50",14.5,Algodão,8
2009-11-16,Algodão,BARREIRAS,Pluma,arroba,"38,52",38.52,Algodão,8
2009-11-17,Algodão,BARREIRAS,Caroço,arroba,"14,50",14.5,Algodão,8
2009-11-17,Algodão,BARREIRAS,Pluma,arroba,"38,52",38.52,Algodão,8
2009-11-18,Algodão,BARREIRAS,Caroço,arroba,"14,50",14.5,Algodão,8
2009-11-18,Algodão,BARREIRAS,Pluma,arroba,"37,76",37.76,Algodão,8
2009-11-19,Algodão,BARREIRAS,Caroço,arroba,"14,50",14.5,Algodão,8
2009-11-19,Algodão,BARREIRAS,Pluma,arroba,"37,76",37.76,Algodão,8
2009-11-20,Algodão,BARREIRAS,Caroço,arroba,"14,50",14.5,Algodão,8
2009-11-20,Algodão,BARREIRAS,Pluma,arroba,"39,02",39.02,Algodão,8
2009-11-23,Algodão,BARREIRAS,Caroço,arroba,"14,50",14.5,Algodão,8
2009-11-23,Algodão,BARREIRAS,Pluma,arroba,"39,02",39.02,Algodão,8
2009-11-24,Algodão,BARREIRAS,Caroço,arroba,"14,50",14.5,Algodão,8
2009-11-24,Algodão,BARREIRAS,Pluma,arroba,"39,35",39.35,Algodão,8
2009-11-25,Algodão,BARREIRAS,Caroço,arroba,"14,50",14.5,Algodão,8
2009-11-25,Algodão,BARREIRAS,Pluma,arroba,"39,58",39.58,Algodão,8
2009-11-26,Algodão,BARREIRAS,Caroço,arroba,"14,50",14.5,Algodão,8
2009-11-26,Algodão,BARREIRAS,Pluma,arroba,"39,35",39.35,Algodão,8
2009-11-27,Algodão,BARREIRAS,Caroço,arroba,"14,50",14.5,Algodão,8
2009-11-27,Algodão,BARREIRAS,Pluma,arroba,"40,00",40.0,Algodão,8
2009-11-30,Algodão,BARREIRAS,Caroço,arroba,"14,50",14.5,Algodão,8
2009-11-30,Algodão,BARREIRAS,Pluma,arroba,"39,59",39.59,Algodão,8
2009-12-01,Algodão,BARREIRAS,Caroço,arroba,"14,50",14.5,Algodão,8
2009-12-01,Algodão,BARREIRAS,Pluma,arroba,"39,59",39.59,Algodão,8
2009-12-02,Algodão,BARREIRAS,Caroço,arroba,"14,50",14.5,Algodão,8
2009-12-02,Algodão,BARREIRAS,Pluma,arroba,"39,59",39.59,Algodão,8
2009-12-03,Algodão,BARREIRAS,Caroço,arroba,"14,50",14.5,Algodão,8
2009-12-03,Algodão,BARREIRAS,Pluma,arroba,"39,59",39.59,Algodão,8
2009-12-04,Algodão,BARREIRAS,Caroço,arroba,"14,50",14.5,Algodão,8
2009-12-04,Algodão,BARREIRAS,Pluma,arroba,"40,51",40.51,Algodão,8
2009-12-09,Algodão,BARREIRAS,Caroço,arroba,"14,50",14.5,Algodão,8
2009-12-09,Algodão,BARREIRAS,Pluma,arroba,"40,51",40.51,Algodão,8
2009-12-10,Algodão,BARREIRAS,Caroço,arroba,"14,50",14.5,Algodão,8
2009-12-10,Algodão,BARREIRAS,Pluma,arroba,"40,51",40.51,Algodão,8
2009-12-11,Algodão,BARREIRAS,Caroço,arroba,"14,50",14.5,Algodão,8
2009-12-11,Algodão,BARREIRAS,Pluma,arroba,"40,51",40.51,Algodão,8
2009-12-14,Algodão,BARREIRAS,Caroço,arroba,"14,50",14.5,Algodão,8
2009-12-14,Algodão,BARREIRAS,Pluma,arroba,"40,51",40.51,Algodão,8
2009-12-15,Algodão,BARREIRAS,Caroço,arroba,"14,50",14.5,Algodão,8
2009-12-15,Algodão,BARREIRAS,Pluma,arroba,"40,51",40.51,Algodão,8
2009-12-16,Algodão,BARREIRAS,Caroço,arroba,"14,50",14.5,Algodão,8
2009-12-16,Algodão,BARREIRAS,Pluma,arroba,"40,51",40.51,Algodão,8
2009-12-17,Algodão,BARREIRAS,Caroço,arroba,"14,50",14.5,Algodão,8
2009-12-17,Algodão,BARREIRAS,Pluma,arroba,"40,51",40.51,Algodão,8
2009-12-18,Algodão,BARREIRAS,Caroço,arroba,"14,50",14.5,Algodão,8
2009-12-18,Algodão,BARREIRAS,Pluma,arroba,"40,51",40.51,Algodão,8
2009-12-21,Algodão,BARREIRAS,Caroço,arroba,"14,50",14.5,Algodão,8
2009-12-21,Algodão,BARREIRAS,Pluma,arroba,"41,34",41.34,Algodão,8
2009-12-22,Algodão,BARREIRAS,Caroço,arroba,"14,50",14.5,Algodão,8
2009-12-22,Algodão,BARREIRAS,Pluma,arroba,"41,34",41.34,Algodão,8
2009-12-23,Algodão,BARREIRAS,Caroço,arroba,"14,50",14.5,Algodão,8
2009-12-23,Algodão,BARREIRAS,Pluma,arroba,"41,34",41.34,Algodão,8
2009-12-28,Algodão,BARREIRAS,Caroço,arroba,"14,50",14.5,Algodão,8
2009-12-28,Algodão,BARREIRAS,Pluma,arroba,"41,34",41.34,Algodão,8
2009-12-29,Algodão,BARREIRAS,Caroço,arroba,"14,50",14.5,Algodão,8
2009-12-29,Algodão,BARREIRAS,Pluma,arroba,"42,00",42.0,Algodão,8
2010-01-04,Algodão,BARREIRAS,Caroço,arroba,"48,50",48.5,Algodão,8
2010-01-04,Algodão,BARREIRAS,Pluma,arroba,"14,50",14.5,Algodão,8
2010-01-05,Algodão,BARREIRAS,Caroço,arroba,"42,00",42.0,Algodão,8
2010-01-05,Algodão,BARREIRAS,Pluma,arroba,"14,50",14.5,Algodão,8
2010-01-06,Algodão,BARREIRAS,Caroço,arroba,"42,05",42.05,Algodão,8
2010-01-06,Algodão,BARREIRAS,Pluma,arroba,"14,50",14.5,Algodão,8
2010-01-07,Algodão,BARREIRAS,Caroço,arroba,"42,05",42.05,Algodão,8
2010-01-07,Algodão,BARREIRAS,Pluma,arroba,"14,50",14.5,Algodão,8
2010-01-08,Algodão,BARREIRAS,Caroço,arroba,"42,00",42.0,Algodão,8
2010-01-08,Algodão,BARREIRAS,Pluma,arroba,"14,50",14.5,Algodão,8
2010-01-11,Algodão,BARREIRAS,Caroço,arroba,"42,38",42.38,Algodão,8
2010-01-11,Algodão,BARREIRAS,Pluma,arroba,"14,50",14.5,Algodão,8
2010-01-12,Algodão,BARREIRAS,Caroço,arroba,"42,58",42.58,Algodão,8
2010-01-12,Algodão,BARREIRAS,Pluma,arroba,"14,50",14.5,Algodão,8
2010-01-13,Algodão,BARREIRAS,Caroço,arroba,"42,58",42.58,Algodão,8
2010-01-13,Algodão,BARREIRAS,Pluma,arroba,"14,50",14.5,Algodão,8
2010-01-14,Algodão,BARREIRAS,Caroço,arroba,"42,97",42.97,Algodão,8
2010-01-14,Algodão,BARREIRAS,Pluma,arroba,"14,50",14.5,Algodão,8
2010-01-15,Algodão,BARREIRAS,Caroço,arroba,"42,88",42.88,Algodão,8
2010-01-15,Algodão,BARREIRAS,Pluma,arroba,"14,50",14.5,Algodão,8
2010-01-18,Algodão,BARREIRAS,Caroço,arroba,"42,88",42.88,Algodão,8
2010-01-18,Algodão,BARREIRAS,Pluma,arroba,"14,50",14.5,Algodão,8
2010-01-19,Algodão,BARREIRAS,Caroço,arroba,"43,58",43.58,Algodão,8
2010-01-19,Algodão,BARREIRAS,Pluma,arroba,"14,50",14.5,Algodão,8
2010-01-20,Algodão,BARREIRAS,Caroço,arroba,"44,02",44.02,Algodão,8
2010-01-20,Algodão,BARREIRAS,Pluma,arroba,"14,50",14.5,Algodão,8
2010-01-21,Algodão,BARREIRAS,Caroço,arroba,"44,00",44.0,Algodão,8
2010-01-21,Algodão,BARREIRAS,Pluma,arroba,"14,50",14.5,Algodão,8
2010-01-22,Algodão,BARREIRAS,Caroço,arroba,"44,02",44.02,Algodão,8
2010-01-22,Algodão,BARREIRAS,Pluma,arroba,"14,50",14.5,Algodão,8
2010-01-25,Algodão,BARREIRAS,Caroço,arroba,"43,85",43.85,Algodão,8
2010-01-25,Algodão,BARREIRAS,Pluma,arroba,"14,50",14.5,Algodão,8
2010-01-26,Algodão,BARREIRAS,Caroço,arroba,"42,57",42.57,Algodão,8
2010-01-26,Algodão,BARREIRAS,Pluma,arroba,"14,50",14.5,Algodão,8
2010-01-27,Algodão,BARREIRAS,Caroço,arroba,"44,52",44.52,Algodão,8
2010-01-27,Algodão,BARREIRAS,Pluma,arroba,"14,50",14.5,Algodão,8
2010-01-28,Algodão,BARREIRAS,Caroço,arroba,"43,97",43.97,Algodão,8
2010-01-28,Algodão,BARREIRAS,Pluma,arroba,"14,50",14.5,Algodão,8
2010-01-29,Algodão,BARREIRAS,Caroço,arroba,"44,02",44.02,Algodão,8
2010-01-29,Algodão,BARREIRAS,Pluma,arroba,"14,50",14.5,Algodão,8
2010-02-01,Algodão,BARREIRAS,Caroço,arroba,"44,00",44.0,Algodão,8
2010-02-01,Algodão,BARREIRAS,Pluma,arroba,"14,50",14.5,Algodão,8
2010-02-02,Algodão,BARREIRAS,Caroço,arroba,"44,02",44.02,Algodão,8
2010-02-02,Algodão,BARREIRAS,Pluma,arroba,"14,50",14.5,Algodão,8
2010-02-03,Algodão,BARREIRAS,Caroço,arroba,"44,28",44.28,Algodão,8
2010-02-03,Algodão,BARREIRAS,Pluma,arroba,"14,50",14.5,Algodão,8
2010-02-04,Algodão,BARREIRAS,Caroço,arroba,"45,02",45.02,Algodão,8
2010-02-04,Algodão,BARREIRAS,Pluma,arroba,"14,50",14.5,Algodão,8
2010-02-05,Algodão,BARREIRAS,Caroço,arroba,"44,37",44.37,Algodão,8
2010-02-05,Algodão,BARREIRAS,Pluma,arroba,"14,50",14.5,Algodão,8
2010-02-08,Algodão,BARREIRAS,Caroço,arroba,"44,37",44.37,Algodão,8
2010-02-08,Algodão,BARREIRAS,Pluma,arroba,"14,50",14.5,Algodão,8
2010-02-09,Algodão,BARREIRAS,Caroço,arroba,"44,37",44.37,Algodão,8
2010-02-09,Algodão,BARREIRAS,Pluma,arroba,"14,50",14.5,Algodão,8
2010-02-10,Algodão,BARREIRAS,Caroço,arroba,"44,37",44.37,Algodão,8
2010-02-10,Algodão,BARREIRAS,Pluma,arroba,"14,50",14.5,Algodão,8
2010-02-11,Algodão,BARREIRAS,Caroço,arroba,"44,37",44.37,Algodão,8
2010-02-11,Algodão,BARREIRAS,Pluma,arroba,"14,50",14.5,Algodão,8
2010-02-18,Algodão,BARREIRAS,Caroço,arroba,"44,58",44.58,Algodão,8
2010-02-18,Algodão,BARREIRAS,Pluma,arroba,"14,50",14.5,Algodão,8
2010-02-19,Algodão,BARREIRAS,Caroço,arroba,"45,30",45.3,Algodão,8
2010-02-19,Algodão,BARREIRAS,Pluma,arroba,"14,50",14.5,Algodão,8
2010-02-22,Algodão,BARREIRAS,Caroço,arroba,"45,02",45.02,Algodão,8
2010-02-22,Algodão,BARREIRAS,Pluma,arroba,"14,50",14.5,Algodão,8
2010-02-23,Algodão,BARREIRAS,Caroço,arroba,"45,02",45.02,Algodão,8
2010-02-23,Algodão,BARREIRAS,Pluma,arroba,"14,50",14.5,Algodão,8
2010-02-24,Algodão,BARREIRAS,Caroço,arroba,"45,37",45.37,Algodão,8
2010-02-24,Algodão,BARREIRAS,Pluma,arroba,"14,50",14.5,Algodão,8
2010-02-25,Algodão,BARREIRAS,Caroço,arroba,"45,37",45.37,Algodão,8
2010-02-25,Algodão,BARREIRAS,Pluma,arroba,"14,50",14.5,Algodão,8
2010-02-26,Algodão,BARREIRAS,Caroço,arroba,"45,37",45.37,Algodão,8
2010-02-26,Algodão,BARREIRAS,Pluma,arroba,"14,50",14.5,Algodão,8
2010-03-01,Algodão,BARREIRAS,Caroço,arroba,"45,37",45.37,Algodão,8
2010-03-01,Algodão,BARREIRAS,Pluma,arroba,"14,50",14.5,Algodão,8
2010-03-02,Algodão,BARREIRAS,Caroço,arroba,"45,37",45.37,Algodão,8
2010-03-02,Algodão,BARREIRAS,Pluma,arroba,"14,50",14.5,Algodão,8
2010-03-03,Algodão,BARREIRAS,Caroço,arroba,"45,37",45.37,Algodão,8
2010-03-03,Algodão,BARREIRAS,Pluma,arroba,"14,50",14.5,Algodão,8
2010-03-04,Algodão,BARREIRAS,Caroço,arroba,"45,37",45.37,Algodão,8
2010-03-04,Algodão,BARREIRAS,Pluma,arroba,"14,50",14.5,Algodão,8
2010-03-05,Algodão,BARREIRAS,Caroço,arroba,"45,30",45.3,Algodão,8
2010-03-05,Algodão,BARREIRAS,Pluma,arroba,"14,50",14.5,Algodão,8
2010-03-08,Algodão,BARREIRAS,Caroço,arroba,"45,30",45.3,Algodão,8
2010-03-08,Algodão,BARREIRAS,Pluma,arroba,"14,50",14.5,Algodão,8
2010-03-09,Algodão,BARREIRAS,Caroço,arroba,"44,58",44.58,Algodão,8
2010-03-09,Algodão,BARREIRAS,Pluma,arroba,"14,50",14.5,Algodão,8
2010-03-10,Algodão,BARREIRAS,Caroço,arroba,"44,58",44.58,Algodão,8
2010-03-10,Algodão,BARREIRAS,Pluma,arroba,"14,50",14.5,Algodão,8
2010-03-11,Algodão,BARREIRAS,Caroço,arroba,"44,58",44.58,Algodão,8
2010-03-11,Algodão,BARREIRAS,Pluma,arroba,"14,50",14.5,Algodão,8
2010-03-12,Algodão,BARREIRAS,Caroço,arroba,"44,58",44.58,Algodão,8
2010-03-12,Algodão,BARREIRAS,Pluma,arroba,"14,50",14.5,Algodão,8
2010-03-15,Algodão,BARREIRAS,Caroço,arroba,"46,03",46.03,Algodão,8
2010-03-15,Algodão,BARREIRAS,Pluma,arroba,"14,50",14.5,Algodão,8
2010-03-16,Algodão,BARREIRAS,Caroço,arroba,"46,03",46.03,Algodão,8
2010-03-16,Algodão,BARREIRAS,Pluma,arroba,"14,50",14.5,Algodão,8
2010-03-17,Algodão,BARREIRAS,Caroço,arroba,"46,03",46.03,Algodão,8
2010-03-17,Algodão,BARREIRAS,Pluma,arroba,"14,50",14.5,Algodão,8
2010-03-18,Algodão,BARREIRAS,Caroço,arroba,"47,62",47.62,Algodão,8
2010-03-18,Algodão,BARREIRAS,Pluma,arroba,"14,50",14.5,Algodão,8
2010-03-19,Algodão,BARREIRAS,Caroço,arroba,"47,62",47.62,Algodão,8
2010-03-19,Algodão,BARREIRAS,Pluma,arroba,"14,50",14.5,Algodão,8
2010-03-22,Algodão,BARREIRAS,Caroço,arroba,"47,62",47.62,Algodão,8
2010-03-22,Algodão,BARREIRAS,Pluma,arroba,"14,50",14.5,Algodão,8
2010-03-23,Algodão,BARREIRAS,Caroço,arroba,"47,62",47.62,Algodão,8
2010-03-23,Algodão,BARREIRAS,Pluma,arroba,"14,50",14.5,Algodão,8
2010-03-24,Algodão,BARREIRAS,Caroço,arroba,"47,62",47.62,Algodão,8
2010-03-24,Algodão,BARREIRAS,Pluma,arroba,"14,50",14.5,Algodão,8
2010-03-25,Algodão,BARREIRAS,Caroço,arroba,"47,62",47.62,Algodão,8
2010-03-25,Algodão,BARREIRAS,Pluma,arroba,"14,50",14.5,Algodão,8
2010-03-26,Algodão,BARREIRAS,Caroço,arroba,"47,62",47.62,Algodão,8
2010-03-26,Algodão,BARREIRAS,Pluma,arroba,"14,50",14.5,Algodão,8
2010-03-29,Algodão,BARREIRAS,Caroço,arroba,"47,62",47.62,Algodão,8
2010-03-29,Algodão,BARREIRAS,Pluma,arroba,"14,50",14.5,Algodão,8
2010-03-30,Algodão,BARREIRAS,Caroço,arroba,"47,62",47.62,Algodão,8
2010-03-30,Algodão,BARREIRAS,Pluma,arroba,"14,50",14.5,Algodão,8
2010-03-31,Algodão,BARREIRAS,Caroço,arroba,"47,62",47.62,Algodão,8
2010-03-31,Algodão,BARREIRAS,Pluma,arroba,"14,50",14.5,Algodão,8
2010-04-05,Algodão,BARREIRAS,Caroço,arroba,"47,62",47.62,Algodão,8
2010-04-05,Algodão,BARREIRAS,Pluma,arroba,"14,50",14.5,Algodão,8
2010-04-06,Algodão,BARREIRAS,Caroço,arroba,"49,05",49.05,Algodão,8
2010-04-06,Algodão,BARREIRAS,Pluma,arroba,"14,50",14.5,Algodão,8
2010-04-07,Algodão,BARREIRAS,Caroço,arroba,"49,05",49.05,Algodão,8
2010-04-07,Algodão,BARREIRAS,Pluma,arroba,"14,50",14.5,Algodão,8
2010-04-08,Algodão,BARREIRAS,Caroço,arroba,"49,05",49.05,Algodão,8
2010-04-08,Algodão,BARREIRAS,Pluma,arroba,"14,50",14.5,Algodão,8
2010-04-09,Algodão,BARREIRAS,Caroço,arroba,"49,05",49.05,Algodão,8
2010-04-09,Algodão,BARREIRAS,Pluma,arroba,"14,50",14.5,Algodão,8
2010-04-12,Algodão,BARREIRAS,Caroço,arroba,"49,58",49.58,Algodão,8
2010-04-12,Algodão,BARREIRAS,Pluma,arroba,"14,50",14.5,Algodão,8
2010-04-13,Algodão,BARREIRAS,Caroço,arroba,"50,00",50.0,Algodão,8
2010-04-13,Algodão,BARREIRAS,Pluma,arroba,"14,50",14.5,Algodão,8
2010-04-14,Algodão,BARREIRAS,Caroço,arroba,"50,00",50.0,Algodão,8
2010-04-14,Algodão,BARREIRAS,Pluma,arroba,"14,50",14.5,Algodão,8
2010-04-15,Algodão,BARREIRAS,Caroço,arroba,"49,95",49.95,Algodão,8
2010-04-15,Algodão,BARREIRAS,Pluma,arroba,"14,50",14.5,Algodão,8
2010-04-16,Algodão,BARREIRAS,Caroço,arroba,"49,95",49.95,Algodão,8
2010-04-16,Algodão,BARREIRAS,Pluma,arroba,"14,50",14.5,Algodão,8
2010-04-19,Algodão,BARREIRAS,Caroço,arroba,"49,95",49.95,Algodão,8
2010-04-19,Algodão,BARREIRAS,Pluma,arroba,"14,50",14.5,Algodão,8
2010-04-20,Algodão,BARREIRAS,Caroço,arroba,"51,00",51.0,Algodão,8
2010-04-20,Algodão,BARREIRAS,Pluma,arroba,"14,50",14.5,Algodão,8
2010-04-22,Algodão,BARREIRAS,Caroço,arroba,"51,00",51.0,Algodão,8
2010-04-22,Algodão,BARREIRAS,Pluma,arroba,"14,50",14.5,Algodão,8
2010-04-23,Algodão,BARREIRAS,Caroço,arroba,"51,00",51.0,Algodão,8
2010-04-23,Algodão,BARREIRAS,Pluma,arroba,"14,50",14.5,Algodão,8
2010-04-26,Algodão,BARREIRAS,Caroço,arroba,"51,00",51.0,Algodão,8
2010-04-26,Algodão,BARREIRAS,Pluma,arroba,"14,50",14.5,Algodão,8
2010-04-27,Algodão,BARREIRAS,Caroço,arroba,"52,00",52.0,Algodão,8
2010-04-27,Algodão,BARREIRAS,Pluma,arroba,"14,50",14.5,Algodão,8
2010-04-28,Algodão,BARREIRAS,Caroço,arroba,"52,00",52.0,Algodão,8
2010-04-28,Algodão,BARREIRAS,Pluma,arroba,"14,50",14.5,Algodão,8
2010-04-29,Algodão,BARREIRAS,Caroço,arroba,"51,39",51.39,Algodão,8
2010-04-29,Algodão,BARREIRAS,Pluma,arroba,"14,50",14.5,Algodão,8
2010-04-30,Algodão,BARREIRAS,Caroço,arroba,"51,39",51.39,Algodão,8
2010-04-30,Algodão,BARREIRAS,Pluma,arroba,"14,50",14.5,Algodão,8
2010-05-03,Algodão,BARREIRAS,Caroço,arroba,"51,39",51.39,Algodão,8
2010-05-03,Algodão,BARREIRAS,Pluma,arroba,"14,50",14.5,Algodão,8
2010-05-04,Algodão,BARREIRAS,Caroço,arroba,"51,39",51.39,Algodão,8
2010-05-04,Algodão,BARREIRAS,Pluma,arroba,"14,50",14.5,Algodão,8
2010-05-05,Algodão,BARREIRAS,Caroço,arroba,"51,39",51.39,Algodão,8
2010-05-05,Algodão,BARREIRAS,Pluma,arroba,"14,50",14.5,Algodão,8
2010-05-06,Algodão,BARREIRAS,Caroço,arroba,"51,08",51.08,Algodão,8
2010-05-06,Algodão,BARREIRAS,Pluma,arroba,"14,50",14.5,Algodão,8
2010-05-07,Algodão,BARREIRAS,Caroço,arroba,"51,08",51.08,Algodão,8
2010-05-07,Algodão,BARREIRAS,Pluma,arroba,"14,50",14.5,Algodão,8
2010-05-10,Algodão,BARREIRAS,Caroço,arroba,"51,08",51.08,Algodão,8
2010-05-10,Algodão,BARREIRAS,Pluma,arroba,"14,50",14.5,Algodão,8
2010-05-11,Algodão,BARREIRAS,Caroço,arroba,"51,08",51.08,Algodão,8
2010-05-11,Algodão,BARREIRAS,Pluma,arroba,"14,50",14.5,Algodão,8
2010-05-12,Algodão,BARREIRAS,Caroço,arroba,"51,08",51.08,Algodão,8
2010-05-12,Algodão,BARREIRAS,Pluma,arroba,"14,50",14.5,Algodão,8
2010-05-13,Algodão,BARREIRAS,Caroço,arroba,"51,08",51.08,Algodão,8
2010-05-13,Algodão,BARREIRAS,Pluma,arroba,"14,50",14.5,Algodão,8
2010-05-14,Algodão,BARREIRAS,Caroço,arroba,"51,08",51.08,Algodão,8
2010-05-14,Algodão,BARREIRAS,Pluma,arroba,"14,50",14.5,Algodão,8
2010-05-17,Algodão,BARREIRAS,Caroço,arroba,"51,08",51.08,Algodão,8
2010-05-17,Algodão,BARREIRAS,Pluma,arroba,"14,50",14.5,Algodão,8
2010-05-18,Algodão,BARREIRAS,Caroço,arroba,"51,08",51.08,Algodão,8
2010-05-18,Algodão,BARREIRAS,Pluma,arroba,"14,50",14.5,Algodão,8
2010-05-19,Algodão,BARREIRAS,Caroço,arroba,"51,08",51.08,Algodão,8
2010-05-19,Algodão,BARREIRAS,Pluma,arroba,"14,50",14.5,Algodão,8
2010-05-20,Algodão,BARREIRAS,Caroço,arroba,"51,08",51.08,Algodão,8
2010-05-20,Algodão,BARREIRAS,Pluma,arroba,"14,50",14.5,Algodão,8
2010-05-21,Algodão,BARREIRAS,Caroço,arroba,"51,08",51.08,Algodão,8
2010-05-21,Algodão,BARREIRAS,Pluma,arroba,"14,50",14.5,Algodão,8
2010-05-24,Algodão,BARREIRAS,Caroço,arroba,"51,08",51.08,Algodão,8
2010-05-24,Algodão,BARREIRAS,Pluma,arroba,"14,50",14.5,Algodão,8
2010-05-25,Algodão,BARREIRAS,Caroço,arroba,"47,95",47.95,Algodão,8
2010-05-25,Algodão,BARREIRAS,Pluma,arroba,"14,50",14.5,Algodão,8
2010-05-26,Algodão,BARREIRAS,Caroço,arroba,"47,95",47.95,Algodão,8
2010-05-26,Algodão,BARREIRAS,Pluma,arroba,"14,50",14.5,Algodão,8
2010-05-27,Algodão,BARREIRAS,Caroço,arroba,"47,95",47.95,Algodão,8
2010-05-27,Algodão,BARREIRAS,Pluma,arroba,"14,50",14.5,Algodão,8
2010-05-28,Algodão,BARREIRAS,Caroço,arroba,"47,95",47.95,Algodão,8
2010-05-28,Algodão,BARREIRAS,Pluma,arroba,"14,50",14.5,Algodão,8
2010-05-31,Algodão,BARREIRAS,Caroço,arroba,"47,95",47.95,Algodão,8
2010-05-31,Algodão,BARREIRAS,Pluma,arroba,"14,50",14.5,Algodão,8
2010-06-01,Algodão,BARREIRAS,Caroço,arroba,"46,96",46.96,Algodão,8
2010-06-01,Algodão,BARREIRAS,Pluma,arroba,"14,50",14.5,Algodão,8
2010-06-02,Algodão,BARREIRAS,Caroço,arroba,"46,96",46.96,Algodão,8
2010-06-02,Algodão,BARREIRAS,Pluma,arroba,"14,50",14.5,Algodão,8
2010-06-04,Algodão,BARREIRAS,Caroço,arroba,"47,08",47.08,Algodão,8
2010-06-04,Algodão,BARREIRAS,Pluma,arroba,"14,50",14.5,Algodão,8
2010-06-07,Algodão,BARREIRAS,Caroço,arroba,"46,00",46.0,Algodão,8
2010-06-07,Algodão,BARREIRAS,Pluma,arroba,"14,50",14.5,Algodão,8
2010-06-08,Algodão,BARREIRAS,Caroço,arroba,"48,21",48.21,Algodão,8
2010-06-08,Algodão,BARREIRAS,Pluma,arroba,"14,50",14.5,Algodão,8
2010-06-09,Algodão,BARREIRAS,Caroço,arroba,"48,21",48.21,Algodão,8
2010-06-09,Algodão,BARREIRAS,Pluma,arroba,"14,50",14.5,Algodão,8
2010-06-10,Algodão,BARREIRAS,Caroço,arroba,"46,96",46.96,Algodão,8
2010-06-10,Algodão,BARREIRAS,Pluma,arroba,"14,50",14.5,Algodão,8
2010-06-11,Algodão,BARREIRAS,Caroço,arroba,"48,02",48.02,Algodão,8
2010-06-11,Algodão,BARREIRAS,Pluma,arroba,"14,50",14.5,Algodão,8
2010-06-14,Algodão,BARREIRAS,Caroço,arroba,"48,02",48.02,Algodão,8
2010-06-14,Algodão,BARREIRAS,Pluma,arroba,"14,50",14.5,Algodão,8
2010-06-15,Algodão,BARREIRAS,Caroço,arroba,"48,02",48.02,Algodão,8
2010-06-15,Algodão,BARREIRAS,Pluma,arroba,"14,50",14.5,Algodão,8
2010-06-16,Algodão,BARREIRAS,Caroço,arroba,"48,02",48.02,Algodão,8
2010-06-16,Algodão,BARREIRAS,Pluma,arroba,"14,50",14.5,Algodão,8
2010-06-17,Algodão,BARREIRAS,Caroço,arroba,"48,02",48.02,Algodão,8
2010-06-17,Algodão,BARREIRAS,Pluma,arroba,"14,50",14.5,Algodão,8
2010-06-18,Algodão,BARREIRAS,Caroço,arroba,"48,02",48.02,Algodão,8
2010-06-18,Algodão,BARREIRAS,Pluma,arroba,"14,50",14.5,Algodão,8
2010-06-21,Algodão,BARREIRAS,Caroço,arroba,"49,60",49.6,Algodão,8
2010-06-21,Algodão,BARREIRAS,Pluma,arroba,"14,50",14.5,Algodão,8
2010-06-22,Algodão,BARREIRAS,Caroço,arroba,"49,60",49.6,Algodão,8
2010-06-22,Algodão,BARREIRAS,Pluma,arroba,"14,50",14.5,Algodão,8
2010-06-28,Algodão,BARREIRAS,Caroço,arroba,"50,00",50.0,Algodão,8
2010-06-28,Algodão,BARREIRAS,Pluma,arroba,"14,50",14.5,Algodão,8
2010-06-29,Algodão,BARREIRAS,Caroço,arroba,"50,00",50.0,Algodão,8
2010-06-29,Algodão,BARREIRAS,Pluma,arroba,"14,50",14.5,Algodão,8
2010-06-30,Algodão,BARREIRAS,Caroço,arroba,"50,00",50.0,Algodão,8
2010-06-30,Algodão,BARREIRAS,Pluma,arroba,"14,50",14.5,Algodão,8
2010-07-01,Algodão,BARREIRAS,Caroço,arroba,"50,00",50.0,Algodão,8
2010-07-01,Algodão,BARREIRAS,Pluma,arroba,"14,50",14.5,Algodão,8
2010-07-05,Algodão,BARREIRAS,Caroço,arroba,"51,59",51.59,Algodão,8
2010-07-05,Algodão,BARREIRAS,Pluma,arroba,"14,50",14.5,Algodão,8
2010-07-06,Algodão,BARREIRAS,Caroço,arroba,"51,59",51.59,Algodão,8
2010-07-06,Algodão,BARREIRAS,Pluma,arroba,"14,50",14.5,Algodão,8
2010-07-07,Algodão,BARREIRAS,Caroço,arroba,"51,59",51.59,Algodão,8
2010-07-07,Algodão,BARREIRAS,Pluma,arroba,"14,50",14.5,Algodão,8
2010-07-08,Algodão,BARREIRAS,Caroço,arroba,"52,58",52.58,Algodão,8
2010-07-08,Algodão,BARREIRAS,Pluma,arroba,"14,50",14.5,Algodão,8
2010-07-09,Algodão,BARREIRAS,Caroço,arroba,"52,58",52.58,Algodão,8
2010-07-09,Algodão,BARREIRAS,Pluma,arroba,"14,50",14.5,Algodão,8
2010-07-12,Algodão,BARREIRAS,Caroço,arroba,"52,58",52.58,Algodão,8
2010-07-12,Algodão,BARREIRAS,Pluma,arroba,"14,50",14.5,Algodão,8
2010-07-13,Algodão,BARREIRAS,Caroço,arroba,"52,02",52.02,Algodão,8
2010-07-13,Algodão,BARREIRAS,Pluma,arroba,"14,50",14.5,Algodão,8
2010-07-14,Algodão,BARREIRAS,Caroço,arroba,"52,02",52.02,Algodão,8
2010-07-14,Algodão,BARREIRAS,Pluma,arroba,"14,50",14.5,Algodão,8
2010-07-15,Algodão,BARREIRAS,Caroço,arroba,"52,02",52.02,Algodão,8
2010-07-15,Algodão,BARREIRAS,Pluma,arroba,"14,50",14.5,Algodão,8
2010-07-16,Algodão,BARREIRAS,Caroço,arroba,"52,02",52.02,Algodão,8
2010-07-16,Algodão,BARREIRAS,Pluma,arroba,"14,50",14.5,Algodão,8
2010-07-19,Algodão,BARREIRAS,Caroço,arroba,"52,84",52.84,Algodão,8
2010-07-19,Algodão,BARREIRAS,Pluma,arroba,"14,50",14.5,Algodão,8
2010-07-20,Algodão,BARREIRAS,Caroço,arroba,"52,84",52.84,Algodão,8
2010-07-20,Algodão,BARREIRAS,Pluma,arroba,"14,50",14.5,Algodão,8
2010-07-21,Algodão,BARREIRAS,Caroço,arroba,"52,84",52.84,Algodão,8
2010-07-21,Algodão,BARREIRAS,Pluma,arroba,"14,50",14.5,Algodão,8
2010-07-22,Algodão,BARREIRAS,Caroço,arroba,"52,84",52.84,Algodão,8
2010-07-22,Algodão,BARREIRAS,Pluma,arroba,"14,50",14.5,Algodão,8
2010-07-23,Algodão,BARREIRAS,Caroço,arroba,"52,84",52.84,Algodão,8
2010-07-23,Algodão,BARREIRAS,Pluma,arroba,"14,50",14.5,Algodão,8
2010-07-26,Algodão,BARREIRAS,Caroço,arroba,"50,60",50.6,Algodão,8
2010-07-26,Algodão,BARREIRAS,Pluma,arroba,"14,50",14.5,Algodão,8
2010-07-27,Algodão,BARREIRAS,Caroço,arroba,"50,60",50.6,Algodão,8
2010-07-27,Algodão,BARREIRAS,Pluma,arroba,"14,50",14.5,Algodão,8
2010-07-28,Algodão,BARREIRAS,Caroço,arroba,"50,60",50.6,Algodão,8
2010-07-28,Algodão,BARREIRAS,Pluma,arroba,"14,50",14.5,Algodão,8
2010-07-29,Algodão,BARREIRAS,Caroço,arroba,"50,60",50.6,Algodão,8
2010-07-29,Algodão,BARREIRAS,Pluma,arroba,"14,50",14.5,Algodão,8
2010-07-30,Algodão,BARREIRAS,Caroço,arroba,"50,60",50.6,Algodão,8
2010-07-30,Algodão,BARREIRAS,Pluma,arroba,"14,50",14.5,Algodão,8
2010-08-02,Algodão,BARREIRAS,Caroço,arroba,"50,60",50.6,Algodão,8
2010-08-02,Algodão,BARREIRAS,Pluma,arroba,"14,50",14.5,Algodão,8
2010-08-03,Algodão,BARREIRAS,Caroço,arroba,"50,60",50.6,Algodão,8
2010-08-03,Algodão,BARREIRAS,Pluma,arroba,"14,50",14.5,Algodão,8
2010-08-04,Algodão,BARREIRAS,Caroço,arroba,"50,93",50.93,Algodão,8
2010-08-04,Algodão,BARREIRAS,Pluma,arroba,"14,50",14.5,Algodão,8
2010-08-05,Algodão,BARREIRAS,Caroço,arroba,"50,93",50.93,Algodão,8
2010-08-05,Algodão,BARREIRAS,Pluma,arroba,"14,50",14.5,Algodão,8
2010-08-06,Algodão,BARREIRAS,Caroço,arroba,"50,93",50.93,Algodão,8
2010-08-06,Algodão,BARREIRAS,Pluma,arroba,"14,50",14.5,Algodão,8
2010-08-09,Algodão,BARREIRAS,Caroço,arroba,"50,93",50.93,Algodão,8
2010-08-09,Algodão,BARREIRAS,Pluma,arroba,"14,50",14.5,Algodão,8
2010-08-10,Algodão,BARREIRAS,Caroço,arroba,"50,09",50.09,Algodão,8
2010-08-10,Algodão,BARREIRAS,Pluma,arroba,"14,50",14.5,Algodão,8
2010-08-11,Algodão,BARREIRAS,Caroço,arroba,"50,09",50.09,Algodão,8
2010-08-11,Algodão,BARREIRAS,Pluma,arroba,"14,50",14.5,Algodão,8
2010-08-12,Algodão,BARREIRAS,Caroço,arroba,"50,09",50.09,Algodão,8
2010-08-12,Algodão,BARREIRAS,Pluma,arroba,"14,50",14.5,Algodão,8
2010-08-13,Algodão,BARREIRAS,Caroço,arroba,"52,00",52.0,Algodão,8
2010-08-13,Algodão,BARREIRAS,Pluma,arroba,"14,50",14.5,Algodão,8
2010-08-16,Algodão,BARREIRAS,Caroço,arroba,"52,80",52.8,Algodão,8
2010-08-16,Algodão,BARREIRAS,Pluma,arroba,"14,50",14.5,Algodão,8
2010-08-17,Algodão,BARREIRAS,Caroço,arroba,"52,80",52.8,Algodão,8
2010-08-17,Algodão,BARREIRAS,Pluma,arroba,"14,50",14.5,Algodão,8
2010-08-18,Algodão,BARREIRAS,Caroço,arroba,"52,80",52.8,Algodão,8
2010-08-18,Algodão,BARREIRAS,Pluma,arroba,"14,50",14.5,Algodão,8
2010-08-19,Algodão,BARREIRAS,Caroço,arroba,"55,00",55.0,Algodão,8
2010-08-19,Algodão,BARREIRAS,Pluma,arroba,"14,50",14.5,Algodão,8
2010-08-20,Algodão,BARREIRAS,Caroço,arroba,"56,05",56.05,Algodão,8
2010-08-20,Algodão,BARREIRAS,Pluma,arroba,"14,50",14.5,Algodão,8
2010-08-23,Algodão,BARREIRAS,Caroço,arroba,"56,38",56.38,Algodão,8
2010-08-23,Algodão,BARREIRAS,Pluma,arroba,"14,50",14.5,Algodão,8
2010-08-24,Algodão,BARREIRAS,Caroço,arroba,"56,95",56.95,Algodão,8
2010-08-24,Algodão,BARREIRAS,Pluma,arroba,"14,50",14.5,Algodão,8
2010-08-25,Algodão,BARREIRAS,Caroço,arroba,"56,95",56.95,Algodão,8
2010-08-25,Algodão,BARREIRAS,Pluma,arroba,"14,50",14.5,Algodão,8
2010-08-26,Algodão,BARREIRAS,Caroço,arroba,"56,98",56.98,Algodão,8
2010-08-26,Algodão,BARREIRAS,Pluma,arroba,"14,50",14.5,Algodão,8
2010-08-27,Algodão,BARREIRAS,Caroço,arroba,"57,07",57.07,Algodão,8
2010-08-27,Algodão,BARREIRAS,Pluma,arroba,"14,50",14.5,Algodão,8
2010-08-30,Algodão,BARREIRAS,Caroço,arroba,"57,07",57.07,Algodão,8
2010-08-30,Algodão,BARREIRAS,Pluma,arroba,"14,50",14.5,Algodão,8
2010-08-31,Algodão,BARREIRAS,Caroço,arroba,"37,02",37.02,Algodão,8
2010-08-31,Algodão,BARREIRAS,Pluma,arroba,"14,50",14.5,Algodão,8
2010-09-01,Algodão,BARREIRAS,Caroço,arroba,"37,02",37.02,Algodão,8
2010-09-01,Algodão,BARREIRAS,Pluma,arroba,"14,50",14.5,Algodão,8
2010-09-02,Algodão,BARREIRAS,Caroço,arroba,"67,00",67.0,Algodão,8
2010-09-02,Algodão,BARREIRAS,Pluma,arroba,"14,50",14.5,Algodão,8
2010-09-03,Algodão,BARREIRAS,Caroço,arroba,"68,00",68.0,Algodão,8
2010-09-03,Algodão,BARREIRAS,Pluma,arroba,"14,50",14.5,Algodão,8
2010-09-08,Algodão,BARREIRAS,Caroço,arroba,"68,00",68.0,Algodão,8
2010-09-08,Algodão,BARREIRAS,Pluma,arroba,"14,50",14.5,Algodão,8
2010-09-09,Algodão,BARREIRAS,Caroço,arroba,"68,00",68.0,Algodão,8
2010-09-09,Algodão,BARREIRAS,Pluma,arroba,"14,50",14.5,Algodão,8
2010-09-10,Algodão,BARREIRAS,Caroço,arroba,"68,00",68.0,Algodão,8
2010-09-10,Algodão,BARREIRAS,Pluma,arroba,"14,50",14.5,Algodão,8
2010-09-13,Algodão,BARREIRAS,Caroço,arroba,"71,58",71.58,Algodão,8
2010-09-13,Algodão,BARREIRAS,Pluma,arroba,"14,50",14.5,Algodão,8
2010-09-14,Algodão,BARREIRAS,Caroço,arroba,"71,58",71.58,Algodão,8
2010-09-14,Algodão,BARREIRAS,Pluma,arroba,"14,50",14.5,Algodão,8
2010-09-15,Algodão,BARREIRAS,Caroço,arroba,"71,72",71.72,Algodão,8
2010-09-15,Algodão,BARREIRAS,Pluma,arroba,"14,50",14.5,Algodão,8
2010-09-16,Algodão,BARREIRAS,Caroço,arroba,"71,72",71.72,Algodão,8
2010-09-16,Algodão,BARREIRAS,Pluma,arroba,"14,50",14.5,Algodão,8
2010-09-17,Algodão,BARREIRAS,Caroço,arroba,"71,72",71.72,Algodão,8
2010-09-17,Algodão,BARREIRAS,Pluma,arroba,"14,50",14.5,Algodão,8
2010-09-20,Algodão,BARREIRAS,Caroço,arroba,"71,72",71.72,Algodão,8
2010-09-20,Algodão,BARREIRAS,Pluma,arroba,"14,50",14.5,Algodão,8
2010-09-21,Algodão,BARREIRAS,Caroço,arroba,"71,02",71.02,Algodão,8
2010-09-21,Algodão,BARREIRAS,Pluma,arroba,"14,50",14.5,Algodão,8
2010-09-22,Algodão,BARREIRAS,Caroço,arroba,"71,02",71.02,Algodão,8
2010-09-22,Algodão,BARREIRAS,Pluma,arroba,"14,50",14.5,Algodão,8
2010-09-23,Algodão,BARREIRAS,Caroço,arroba,"71,02",71.02,Algodão,8
2010-09-23,Algodão,BARREIRAS,Pluma,arroba,"14,50",14.5,Algodão,8
2010-09-24,Algodão,BARREIRAS,Caroço,arroba,"71,78",71.78,Algodão,8
2010-09-24,Algodão,BARREIRAS,Pluma,arroba,"14,50",14.5,Algodão,8
2010-09-27,Algodão,BARREIRAS,Caroço,arroba,"71,72",71.72,Algodão,8
2010-09-27,Algodão,BARREIRAS,Pluma,arroba,"14,50",14.5,Algodão,8
2010-09-28,Algodão,BARREIRAS,Caroço,arroba,"71,72",71.72,Algodão,8
2010-09-28,Algodão,BARREIRAS,Pluma,arroba,"14,50",14.5,Algodão,8
2010-09-29,Algodão,BARREIRAS,Caroço,arroba,"71,72",71.72,Algodão,8
2010-09-29,Algodão,BARREIRAS,Pluma,arroba,"14,50",14.5,Algodão,8
2010-09-30,Algodão,BARREIRAS,Caroço,arroba,"71,72",71.72,Algodão,8
2010-09-30,Algodão,BARREIRAS,Pluma,arroba,"14,50",14.5,Algodão,8
2010-10-01,Algodão,BARREIRAS,Caroço,arroba,"71,72",71.72,Algodão,8
2010-10-01,Algodão,BARREIRAS,Pluma,arroba,"14,50",14.5,Algodão,8
2010-10-04,Algodão,BARREIRAS,Caroço,arroba,"71,72",71.72,Algodão,8
2010-10-04,Algodão,BARREIRAS,Pluma,arroba,"14,50",14.5,Algodão,8
2010-10-05,Algodão,BARREIRAS,Caroço,arroba,"71,72",71.72,Algodão,8
2010-10-05,Algodão,BARREIRAS,Pluma,arroba,"14,50",14.5,Algodão,8
2010-10-06,Algodão,BARREIRAS,Caroço,arroba,"71,72",71.72,Algodão,8
2010-10-06,Algodão,BARREIRAS,Pluma,arroba,"14,50",14.5,Algodão,8
2010-10-07,Algodão,BARREIRAS,Caroço,arroba,"71,72",71.72,Algodão,8
2010-10-07,Algodão,BARREIRAS,Pluma,arroba,"14,50",14.5,Algodão,8
2010-10-08,Algodão,BARREIRAS,Caroço,arroba,"71,72",71.72,Algodão,8
2010-10-08,Algodão,BARREIRAS,Pluma,arroba,"14,50",14.5,Algodão,8
2010-10-13,Algodão,BARREIRAS,Caroço,arroba,"71,72",71.72,Algodão,8
2010-10-13,Algodão,BARREIRAS,Pluma,arroba,"14,50",14.5,Algodão,8
2010-10-14,Algodão,BARREIRAS,Caroço,arroba,"71,72",71.72,Algodão,8
2010-10-14,Algodão,BARREIRAS,Pluma,arroba,"14,50",14.5,Algodão,8
2010-10-15,Algodão,BARREIRAS,Caroço,arroba,"71,72",71.72,Algodão,8
2010-10-15,Algodão,BARREIRAS,Pluma,arroba,"14,50",14.5,Algodão,8
2010-10-18,Algodão,BARREIRAS,Caroço,arroba,"71,72",71.72,Algodão,8
2010-10-18,Algodão,BARREIRAS,Pluma,arroba,"14,50",14.5,Algodão,8
2010-10-19,Algodão,BARREIRAS,Caroço,arroba,"71,72",71.72,Algodão,8
2010-10-19,Algodão,BARREIRAS,Pluma,arroba,"14,50",14.5,Algodão,8
2010-10-20,Algodão,BARREIRAS,Caroço,arroba,"71,72",71.72,Algodão,8
2010-10-20,Algodão,BARREIRAS,Pluma,arroba,"14,50",14.5,Algodão,8
2010-10-21,Algodão,BARREIRAS,Caroço,arroba,"71,72",71.72,Algodão,8
2010-10-21,Algodão,BARREIRAS,Pluma,arroba,"14,50",14.5,Algodão,8
2010-10-22,Algodão,BARREIRAS,Caroço,arroba,"71,72",71.72,Algodão,8
2010-10-22,Algodão,BARREIRAS,Pluma,arroba,"14,50",14.5,Algodão,8
2010-10-25,Algodão,BARREIRAS,Caroço,arroba,"71,28",71.28,Algodão,8
2010-10-25,Algodão,BARREIRAS,Pluma,arroba,"14,50",14.5,Algodão,8
2010-10-26,Algodão,BARREIRAS,Caroço,arroba,"71,28",71.28,Algodão,8
2010-10-26,Algodão,BARREIRAS,Pluma,arroba,"14,50",14.5,Algodão,8
2010-10-27,Algodão,BARREIRAS,Caroço,arroba,"71,28",71.28,Algodão,8
2010-10-27,Algodão,BARREIRAS,Pluma,arroba,"14,50",14.5,Algodão,8
2010-10-28,Algodão,BARREIRAS,Caroço,arroba,"71,28",71.28,Algodão,8
2010-10-28,Algodão,BARREIRAS,Pluma,arroba,"14,50",14.5,Algodão,8
2010-11-03,Algodão,BARREIRAS,Caroço,arroba,"71,75",71.75,Algodão,8
2010-11-03,Algodão,BARREIRAS,Pluma,arroba,"14,50",14.5,Algodão,8
2010-11-04,Algodão,BARREIRAS,Caroço,arroba,"71,78",71.78,Algodão,8
2010-11-04,Algodão,BARREIRAS,Pluma,arroba,"14,50",14.5,Algodão,8
2010-11-05,Algodão,BARREIRAS,Caroço,arroba,"71,78",71.78,Algodão,8
2010-11-05,Algodão,BARREIRAS,Pluma,arroba,"14,50",14.5,Algodão,8
2010-11-08,Algodão,BARREIRAS,Caroço,arroba,"71,78",71.78,Algodão,8
2010-11-08,Algodão,BARREIRAS,Pluma,arroba,"14,50",14.5,Algodão,8
2010-11-09,Algodão,BARREIRAS,Caroço,arroba,"71,78",71.78,Algodão,8
2010-11-09,Algodão,BARREIRAS,Pluma,arroba,"14,50",14.5,Algodão,8
2010-11-10,Algodão,BARREIRAS,Caroço,arroba,"71,78",71.78,Algodão,8
2010-11-10,Algodão,BARREIRAS,Pluma,arroba,"14,50",14.5,Algodão,8
2010-11-11,Algodão,BARREIRAS,Caroço,arroba,"71,78",71.78,Algodão,8
2010-11-11,Algodão,BARREIRAS,Pluma,arroba,"14,50",14.5,Algodão,8
2010-11-12,Algodão,BARREIRAS,Caroço,arroba,"71,05",71.05,Algodão,8
2010-11-12,Algodão,BARREIRAS,Pluma,arroba,"14,50",14.5,Algodão,8
2010-11-16,Algodão,BARREIRAS,Caroço,arroba,"71,05",71.05,Algodão,8
2010-11-16,Algodão,BARREIRAS,Pluma,arroba,"14,50",14.5,Algodão,8
2010-11-17,Algodão,BARREIRAS,Caroço,arroba,"71,05",71.05,Algodão,8
2010-11-17,Algodão,BARREIRAS,Pluma,arroba,"14,50",14.5,Algodão,8
2010-11-18,Algodão,BARREIRAS,Caroço,arroba,"71,05",71.05,Algodão,8
2010-11-18,Algodão,BARREIRAS,Pluma,arroba,"14,50",14.5,Algodão,8
2010-11-19,Algodão,BARREIRAS,Caroço,arroba,"71,05",71.05,Algodão,8
2010-11-19,Algodão,BARREIRAS,Pluma,arroba,"14,50",14.5,Algodão,8
2010-11-22,Algodão,BARREIRAS,Caroço,arroba,"87,50",87.5,Algodão,8
2010-11-22,Algodão,BARREIRAS,Pluma,arroba,"14,50",14.5,Algodão,8
2010-11-23,Algodão,BARREIRAS,Caroço,arroba,"88,62",88.62,Algodão,8
2010-11-23,Algodão,BARREIRAS,Pluma,arroba,"14,50",14.5,Algodão,8
2010-11-24,Algodão,BARREIRAS,Caroço,arroba,"88,62",88.62,Algodão,8
2010-11-24,Algodão,BARREIRAS,Pluma,arroba,"14,50",14.5,Algodão,8
2010-11-25,Algodão,BARREIRAS,Caroço,arroba,"88,62",88.62,Algodão,8
2010-11-25,Algodão,BARREIRAS,Pluma,arroba,"14,50",14.5,Algodão,8
2010-11-26,Algodão,BARREIRAS,Caroço,arroba,"88,62",88.62,Algodão,8
2010-11-26,Algodão,BARREIRAS,Pluma,arroba,"14,50",14.5,Algodão,8
2010-11-29,Algodão,BARREIRAS,Caroço,arroba,"82,90",82.9,Algodão,8
2010-11-29,Algodão,BARREIRAS,Pluma,arroba,"14,50",14.5,Algodão,8
2010-11-30,Algodão,BARREIRAS,Caroço,arroba,"80,52",80.52,Algodão,8
2010-11-30,Algodão,BARREIRAS,Pluma,arroba,"14,50",14.5,Algodão,8
2010-12-01,Algodão,BARREIRAS,Caroço,arroba,"80,52",80.52,Algodão,8
2010-12-01,Algodão,BARREIRAS,Pluma,arroba,"14,50",14.5,Algodão,8
2010-12-02,Algodão,BARREIRAS,Caroço,arroba,"82,59",82.59,Algodão,8
2010-12-02,Algodão,BARREIRAS,Pluma,arroba,"14,50",14.5,Algodão,8
2010-12-03,Algodão,BARREIRAS,Caroço,arroba,"82,59",82.59,Algodão,8
2010-12-03,Algodão,BARREIRAS,Pluma,arroba,"14,50",14.5,Algodão,8
2010-12-06,Algodão,BARREIRAS,Caroço,arroba,"84,58",84.58,Algodão,8
2010-12-06,Algodão,BARREIRAS,Pluma,arroba,"14,50",14.5,Algodão,8
2010-12-07,Algodão,BARREIRAS,Caroço,arroba,"86,63",86.63,Algodão,8
2010-12-07,Algodão,BARREIRAS,Pluma,arroba,"14,50",14.5,Algodão,8
2010-12-09,Algodão,BARREIRAS,Caroço,arroba,"85,50",85.5,Algodão,8
2010-12-09,Algodão,BARREIRAS,Pluma,arroba,"14,50",14.5,Algodão,8
2010-12-10,Algodão,BARREIRAS,Caroço,arroba,"86,57",86.57,Algodão,8
2010-12-10,Algodão,BARREIRAS,Pluma,arroba,"14,50",14.5,Algodão,8
2010-12-13,Algodão,BARREIRAS,Caroço,arroba,"86,57",86.57,Algodão,8
2010-12-13,Algodão,BARREIRAS,Pluma,arroba,"14,50",14.5,Algodão,8
2010-12-14,Algodão,BARREIRAS,Caroço,arroba,"88,57",88.57,Algodão,8
2010-12-14,Algodão,BARREIRAS,Pluma,arroba,"14,50",14.5,Algodão,8
2010-12-15,Algodão,BARREIRAS,Caroço,arroba,"88,67",88.67,Algodão,8
2010-12-15,Algodão,BARREIRAS,Pluma,arroba,"14,50",14.5,Algodão,8
2010-12-16,Algodão,BARREIRAS,Caroço,arroba,"89,00",89.0,Algodão,8
2010-12-16,Algodão,BARREIRAS,Pluma,arroba,"14,50",14.5,Algodão,8
2010-12-17,Algodão,BARREIRAS,Caroço,arroba,"89,00",89.0,Algodão,8
2010-12-17,Algodão,BARREIRAS,Pluma,arroba,"14,50",14.5,Algodão,8
2010-12-20,Algodão,BARREIRAS,Caroço,arroba,"91,98",91.98,Algodão,8
2010-12-20,Algodão,BARREIRAS,Pluma,arroba,"14,50",14.5,Algodão,8
2010-12-21,Algodão,BARREIRAS,Caroço,arroba,"91,98",91.98,Algodão,8
2010-12-21,Algodão,BARREIRAS,Pluma,arroba,"14,50",14.5,Algodão,8
2010-12-22,Algodão,BARREIRAS,Caroço,arroba,"91,72",91.72,Algodão,8
2010-12-22,Algodão,BARREIRAS,Pluma,arroba,"14,50",14.5,Algodão,8
2010-12-23,Algodão,BARREIRAS,Caroço,arroba,"91,58",91.58,Algodão,8
2010-12-23,Algodão,BARREIRAS,Pluma,arroba,"14,50",14.5,Algodão,8
2010-12-27,Algodão,BARREIRAS,Caroço,arroba,"93,50",93.5,Algodão,8
2010-12-27,Algodão,BARREIRAS,Pluma,arroba,"14,50",14.5,Algodão,8
2010-12-28,Algodão,BARREIRAS,Caroço,arroba,"93,50",93.5,Algodão,8
2010-12-28,Algodão,BARREIRAS,Pluma,arroba,"14,50",14.5,Algodão,8
2010-12-30,Algodão,BARREIRAS,Caroço,arroba,"93,50",93.5,Algodão,8
2010-12-30,Algodão,BARREIRAS,Pluma,arroba,"14,50",14.5,Algodão,8
2010-12-31,Algodão,BARREIRAS,Caroço,arroba,"93,50",93.5,Algodão,8
2010-12-31,Algodão,BARREIRAS,Pluma,arroba,"14,50",14.5,Algodão,8
2011-01-03,Algodão,BARREIRAS,Caroço,arroba,"93,50",93.5,Algodão,8
2011-01-03,Algodão,BARREIRAS,Pluma,arroba,"14,50",14.5,Algodão,8
2011-01-04,Algodão,BARREIRAS,Caroço,arroba,"91,50",91.5,Algodão,8
2011-01-04,Algodão,BARREIRAS,Pluma,arroba,"14,50",14.5,Algodão,8
2011-01-05,Algodão,BARREIRAS,Caroço,arroba,"91,50",91.5,Algodão,8
2011-01-05,Algodão,BARREIRAS,Pluma,arroba,"14,50",14.5,Algodão,8
2011-01-06,Algodão,BARREIRAS,Caroço,arroba,"91,50",91.5,Algodão,8
2011-01-06,Algodão,BARREIRAS,Pluma,arroba,"14,50",14.5,Algodão,8
2011-01-07,Algodão,BARREIRAS,Caroço,arroba,"91,97",91.97,Algodão,8
2011-01-07,Algodão,BARREIRAS,Pluma,arroba,"14,50",14.5,Algodão,8
2011-01-10,Algodão,BARREIRAS,Caroço,arroba,"95,38",95.38,Algodão,8
2011-01-10,Algodão,BARREIRAS,Pluma,arroba,"14,50",14.5,Algodão,8
2011-01-11,Algodão,BARREIRAS,Caroço,arroba,"95,38",95.38,Algodão,8
2011-01-11,Algodão,BARREIRAS,Pluma,arroba,"14,50",14.5,Algodão,8
2011-01-12,Algodão,BARREIRAS,Caroço,arroba,"105,19",105.19,Algodão,8
2011-01-12,Algodão,BARREIRAS,Pluma,arroba,"14,50",14.5,Algodão,8
2011-01-13,Algodão,BARREIRAS,Caroço,arroba,"105,98",105.98,Algodão,8
2011-01-13,Algodão,BARREIRAS,Pluma,arroba,"14,50",14.5,Algodão,8
2011-01-14,Algodão,BARREIRAS,Caroço,arroba,"105,98",105.98,Algodão,8
2011-01-14,Algodão,BARREIRAS,Pluma,arroba,"14,50",14.5,Algodão,8
2011-01-17,Algodão,BARREIRAS,Caroço,arroba,"105,98",105.98,Algodão,8
2011-01-17,Algodão,BARREIRAS,Pluma,arroba,"14,50",14.5,Algodão,8
2011-01-18,Algodão,BARREIRAS,Caroço,arroba,"107,50",107.5,Algodão,8
2011-01-18,Algodão,BARREIRAS,Pluma,arroba,"14,50",14.5,Algodão,8
2011-01-19,Algodão,BARREIRAS,Caroço,arroba,"107,14",107.14,Algodão,8
2011-01-19,Algodão,BARREIRAS,Pluma,arroba,"14,50",14.5,Algodão,8
2011-01-20,Algodão,BARREIRAS,Caroço,arroba,"107,58",107.58,Algodão,8
2011-01-20,Algodão,BARREIRAS,Pluma,arroba,"14,50",14.5,Algodão,8
2011-01-21,Algodão,BARREIRAS,Caroço,arroba,"107,90",107.9,Algodão,8
2011-01-21,Algodão,BARREIRAS,Pluma,arroba,"14,50",14.5,Algodão,8
2011-01-24,Algodão,BARREIRAS,Caroço,arroba,"46,59",46.59,Algodão,8
2011-01-24,Algodão,BARREIRAS,Pluma,arroba,"14,50",14.5,Algodão,8
2011-01-25,Algodão,BARREIRAS,Caroço,arroba,Sem cotação,,Algodão,8
2011-01-25,Algodão,BARREIRAS,Pluma,arroba,Sem cotação,,Algodão,8
2011-01-26,Algodão,BARREIRAS,Caroço,arroba,"110,00",110.0,Algodão,8
2011-01-26,Algodão,BARREIRAS,Pluma,arroba,"14,50",14.5,Algodão,8
2011-01-27,Algodão,BARREIRAS,Caroço,arroba,"110,00",110.0,Algodão,8
2011-01-27,Algodão,BARREIRAS,Pluma,arroba,"14,50",14.5,Algodão,8
2011-01-28,Algodão,BARREIRAS,Caroço,arroba,"110,00",110.0,Algodão,8
2011-01-28,Algodão,BARREIRAS,Pluma,arroba,"14,50",14.5,Algodão,8
2011-01-31,Algodão,BARREIRAS,Caroço,arroba,"104,98",104.98,Algodão,8
2011-01-31,Algodão,BARREIRAS,Pluma,arroba,"14,50",14.5,Algodão,8
2011-02-01,Algodão,BARREIRAS,Caroço,arroba,"106,05",106.05,Algodão,8
2011-02-01,Algodão,BARREIRAS,Pluma,arroba,"14,50",14.5,Algodão,8
2011-02-02,Algodão,BARREIRAS,Caroço,arroba,"101,30",101.3,Algodão,8
2011-02-02,Algodão,BARREIRAS,Pluma,arroba,"14,50",14.5,Algodão,8
2011-02-03,Algodão,BARREIRAS,Caroço,arroba,"111,00",111.0,Algodão,8
2011-02-03,Algodão,BARREIRAS,Pluma,arroba,"14,50",14.5,Algodão,8
2011-02-04,Algodão,BARREIRAS,Caroço,arroba,"111,00",111.0,Algodão,8
2011-02-04,Algodão,BARREIRAS,Pluma,arroba,"14,50",14.5,Algodão,8
2011-02-07,Algodão,BARREIRAS,Caroço,arroba,"107,00",107.0,Algodão,8
2011-02-07,Algodão,BARREIRAS,Pluma,arroba,"14,50",14.5,Algodão,8
2011-02-08,Algodão,BARREIRAS,Caroço,arroba,"107,00",107.0,Algodão,8
2011-02-08,Algodão,BARREIRAS,Pluma,arroba,"14,50",14.5,Algodão,8
2011-02-09,Algodão,BARREIRAS,Caroço,arroba,"107,00",107.0,Algodão,8
2011-02-09,Algodão,BARREIRAS,Pluma,arroba,"14,50",14.5,Algodão,8
2011-02-10,Algodão,BARREIRAS,Caroço,arroba,"107,00",107.0,Algodão,8
2011-02-10,Algodão,BARREIRAS,Pluma,arroba,"14,50",14.5,Algodão,8
2011-02-11,Algodão,BARREIRAS,Caroço,arroba,"107,00",107.0,Algodão,8
2011-02-11,Algodão,BARREIRAS,Pluma,arroba,"14,50",14.5,Algodão,8
2011-02-14,Algodão,BARREIRAS,Caroço,arroba,"107,00",107.0,Algodão,8
2011-02-14,Algodão,BARREIRAS,Pluma,arroba,"14,50",14.5,Algodão,8
2011-02-15,Algodão,BARREIRAS,Caroço,arroba,"107,00",107.0,Algodão,8
2011-02-15,Algodão,BARREIRAS,Pluma,arroba,"14,50",14.5,Algodão,8
2011-02-16,Algodão,BARREIRAS,Caroço,arroba,"107,00",107.0,Algodão,8
2011-02-16,Algodão,BARREIRAS,Pluma,arroba,"14,50",14.5,Algodão,8
2011-02-17,Algodão,BARREIRAS,Caroço,arroba,"107,00",107.0,Algodão,8
2011-02-17,Algodão,BARREIRAS,Pluma,arroba,"14,50",14.5,Algodão,8
2011-02-18,Algodão,BARREIRAS,Caroço,arroba,"107,00",107.0,Algodão,8
2011-02-18,Algodão,BARREIRAS,Pluma,arroba,"14,50",14.5,Algodão,8
2011-02-21,Algodão,BARREIRAS,Caroço,arroba,"125,80",125.8,Algodão,8
2011-02-21,Algodão,BARREIRAS,Pluma,arroba,"14,50",14.5,Algodão,8
2011-02-22,Algodão,BARREIRAS,Caroço,arroba,"125,80",125.8,Algodão,8
2011-02-22,Algodão,BARREIRAS,Pluma,arroba,"14,50",14.5,Algodão,8
2011-02-23,Algodão,BARREIRAS,Caroço,arroba,"127,31",127.31,Algodão,8
2011-02-23,Algodão,BARREIRAS,Pluma,arroba,"14,50",14.5,Algodão,8
2011-02-24,Algodão,BARREIRAS,Caroço,arroba,"127,31",127.31,Algodão,8
2011-02-24,Algodão,BARREIRAS,Pluma,arroba,"14,50",14.5,Algodão,8
2011-02-25,Algodão,BARREIRAS,Caroço,arroba,"127,31",127.31,Algodão,8
2011-02-25,Algodão,BARREIRAS,Pluma,arroba,"14,50",14.5,Algodão,8
2011-02-28,Algodão,BARREIRAS,Caroço,arroba,"127,58",127.58,Algodão,8
2011-02-28,Algodão,BARREIRAS,Pluma,arroba,"14,50",14.5,Algodão,8
2011-03-01,Algodão,BARREIRAS,Caroço,arroba,"127,58",127.58,Algodão,8
2011-03-01,Algodão,BARREIRAS,Pluma,arroba,"14,50",14.5,Algodão,8
2011-03-02,Algodão,BARREIRAS,Caroço,arroba,"127,58",127.58,Algodão,8
2011-03-02,Algodão,BARREIRAS,Pluma,arroba,"14,50",14.5,Algodão,8
2011-03-03,Algodão,BARREIRAS,Caroço,arroba,"125,60",125.6,Algodão,8
2011-03-03,Algodão,BARREIRAS,Pluma,arroba,"14,50",14.5,Algodão,8
2011-03-10,Algodão,BARREIRAS,Caroço,arroba,"125,60",125.6,Algodão,8
2011-03-10,Algodão,BARREIRAS,Pluma,arroba,"14,50",14.5,Algodão,8
2011-03-11,Algodão,BARREIRAS,Caroço,arroba,"125,60",125.6,Algodão,8
2011-03-11,Algodão,BARREIRAS,Pluma,arroba,"14,50",14.5,Algodão,8
2011-03-14,Algodão,BARREIRAS,Caroço,arroba,"127,98",127.98,Algodão,8
2011-03-14,Algodão,BARREIRAS,Pluma,arroba,"14,50",14.5,Algodão,8
2011-03-15,Algodão,BARREIRAS,Caroço,arroba,"127,98",127.98,Algodão,8
2011-03-15,Algodão,BARREIRAS,Pluma,arroba,"14,50",14.5,Algodão,8
2011-03-16,Algodão,BARREIRAS,Caroço,arroba,"127,98",127.98,Algodão,8
2011-03-16,Algodão,BARREIRAS,Pluma,arroba,"14,50",14.5,Algodão,8
2011-03-17,Algodão,BARREIRAS,Caroço,arroba,"127,98",127.98,Algodão,8
2011-03-17,Algodão,BARREIRAS,Pluma,arroba,"14,50",14.5,Algodão,8
2011-03-18,Algodão,BARREIRAS,Caroço,arroba,"127,98",127.98,Algodão,8
2011-03-18,Algodão,BARREIRAS,Pluma,arroba,"14,50",14.5,Algodão,8
2011-03-21,Algodão,BARREIRAS,Caroço,arroba,"127,98",127.98,Algodão,8
2011-03-21,Algodão,BARREIRAS,Pluma,arroba,"14,50",14.5,Algodão,8
2011-03-22,Algodão,BARREIRAS,Caroço,arroba,"127,98",127.98,Algodão,8
2011-03-22,Algodão,BARREIRAS,Pluma,arroba,"14,50",14.5,Algodão,8
2011-03-23,Algodão,BARREIRAS,Caroço,arroba,"127,98",127.98,Algodão,8
2011-03-23,Algodão,BARREIRAS,Pluma,arroba,"14,50",14.5,Algodão,8
2011-03-24,Algodão,BARREIRAS,Caroço,arroba,"127,98",127.98,Algodão,8
2011-03-24,Algodão,BARREIRAS,Pluma,arroba,"14,50",14.5,Algodão,8
2011-03-25,Algodão,BARREIRAS,Caroço,arroba,"127,98",127.98,Algodão,8
2011-03-25,Algodão,BARREIRAS,Pluma,arroba,"14,50",14.5,Algodão,8
2011-03-28,Algodão,BARREIRAS,Caroço,arroba,"127,98",127.98,Algodão,8
2011-03-28,Algodão,BARREIRAS,Pluma,arroba,"14,50",14.5,Algodão,8
2011-03-29,Algodão,BARREIRAS,Caroço,arroba,"127,98",127.98,Algodão,8
2011-03-29,Algodão,BARREIRAS,Pluma,arroba,"14,50",14.5,Algodão,8
2011-03-30,Algodão,BARREIRAS,Caroço,arroba,"127,98",127.98,Algodão,8
2011-03-30,Algodão,BARREIRAS,Pluma,arroba,"14,50",14.5,Algodão,8
2011-03-31,Algodão,BARREIRAS,Caroço,arroba,"127,98",127.98,Algodão,8
2011-03-31,Algodão,BARREIRAS,Pluma,arroba,"14,50",14.5,Algodão,8
2011-04-01,Algodão,BARREIRAS,Caroço,arroba,"127,98",127.98,Algodão,8
2011-04-01,Algodão,BARREIRAS,Pluma,arroba,"14,50",14.5,Algodão,8
2011-04-04,Algodão,BARREIRAS,Caroço,arroba,"125,02",125.02,Algodão,8
2011-04-04,Algodão,BARREIRAS,Pluma,arroba,"14,50",14.5,Algodão,8
2011-04-05,Algodão,BARREIRAS,Caroço,arroba,"125,02",125.02,Algodão,8
2011-04-05,Algodão,BARREIRAS,Pluma,arroba,"14,50",14.5,Algodão,8
2011-04-06,Algodão,BARREIRAS,Caroço,arroba,"125,02",125.02,Algodão,8
2011-04-06,Algodão,BARREIRAS,Pluma,arroba,"14,50",14.5,Algodão,8
2011-04-07,Algodão,BARREIRAS,Caroço,arroba,"125,02",125.02,Algodão,8
2011-04-07,Algodão,BARREIRAS,Pluma,arroba,"14,50",14.5,Algodão,8
2011-04-08,Algodão,BARREIRAS,Caroço,arroba,"125,02",125.02,Algodão,8
2011-04-08,Algodão,BARREIRAS,Pluma,arroba,"14,50",14.5,Algodão,8
2011-04-11,Algodão,BARREIRAS,Caroço,arroba,"125,02",125.02,Algodão,8
2011-04-11,Algodão,BARREIRAS,Pluma,arroba,"14,50",14.5,Algodão,8
2011-04-12,Algodão,BARREIRAS,Caroço,arroba,"125,02",125.02,Algodão,8
2011-04-12,Algodão,BARREIRAS,Pluma,arroba,"14,50",14.5,Algodão,8
2011-04-13,Algodão,BARREIRAS,Caroço,arroba,"125,02",125.02,Algodão,8
2011-04-13,Algodão,BARREIRAS,Pluma,arroba,"14,50",14.5,Algodão,8
2011-04-14,Algodão,BARREIRAS,Caroço,arroba,"125,02",125.02,Algodão,8
2011-04-14,Algodão,BARREIRAS,Pluma,arroba,"14,50",14.5,Algodão,8
2011-04-15,Algodão,BARREIRAS,Caroço,arroba,"125,02",125.02,Algodão,8
2011-04-15,Algodão,BARREIRAS,Pluma,arroba,"14,50",14.5,Algodão,8
2011-04-18,Algodão,BARREIRAS,Caroço,arroba,"125,02",125.02,Algodão,8
2011-04-18,Algodão,BARREIRAS,Pluma,arroba,"14,50",14.5,Algodão,8
2011-04-19,Algodão,BARREIRAS,Caroço,arroba,"125,02",125.02,Algodão,8
2011-04-19,Algodão,BARREIRAS,Pluma,arroba,"14,50",14.5,Algodão,8
2011-04-20,Algodão,BARREIRAS,Caroço,arroba,"125,02",125.02,Algodão,8
2011-04-20,Algodão,BARREIRAS,Pluma,arroba,"14,50",14.5,Algodão,8
2011-04-25,Algodão,BARREIRAS,Caroço,arroba,"112,05",112.05,Algodão,8
2011-04-25,Algodão,BARREIRAS,Pluma,arroba,"14,50",14.5,Algodão,8
2011-04-26,Algodão,BARREIRAS,Caroço,arroba,"112,05",112.05,Algodão,8
2011-04-26,Algodão,BARREIRAS,Pluma,arroba,"14,50",14.5,Algodão,8
2011-04-27,Algodão,BARREIRAS,Caroço,arroba,"110,50",110.5,Algodão,8
2011-04-27,Algodão,BARREIRAS,Pluma,arroba,"14,50",14.5,Algodão,8
2011-04-28,Algodão,BARREIRAS,Caroço,arroba,"110,50",110.5,Algodão,8
2011-04-28,Algodão,BARREIRAS,Pluma,arroba,"14,50",14.5,Algodão,8
2011-04-29,Algodão,BARREIRAS,Caroço,arroba,"110,50",110.5,Algodão,8
2011-04-29,Algodão,BARREIRAS,Pluma,arroba,"14,50",14.5,Algodão,8
2011-05-02,Algodão,BARREIRAS,Caroço,arroba,"110,98",110.98,Algodão,8
2011-05-02,Algodão,BARREIRAS,Pluma,arroba,"14,50",14.5,Algodão,8
2011-05-03,Algodão,BARREIRAS,Caroço,arroba,"110,98",110.98,Algodão,8
2011-05-03,Algodão,BARREIRAS,Pluma,arroba,"14,50",14.5,Algodão,8
2011-05-04,Algodão,BARREIRAS,Caroço,arroba,"110,98",110.98,Algodão,8
2011-05-04,Algodão,BARREIRAS,Pluma,arroba,"14,50",14.5,Algodão,8
2011-05-05,Algodão,BARREIRAS,Caroço,arroba,"110,98",110.98,Algodão,8
2011-05-05,Algodão,BARREIRAS,Pluma,arroba,"14,50",14.5,Algodão,8
2011-05-06,Algodão,BARREIRAS,Caroço,arroba,"110,98",110.98,Algodão,8
2011-05-06,Algodão,BARREIRAS,Pluma,arroba,"14,50",14.5,Algodão,8
2011-05-09,Algodão,BARREIRAS,Caroço,arroba,"95,00",95.0,Algodão,8
2011-05-09,Algodão,BARREIRAS,Pluma,arroba,"14,50",14.5,Algodão,8
2011-05-10,Algodão,BARREIRAS,Caroço,arroba,"95,00",95.0,Algodão,8
2011-05-10,Algodão,BARREIRAS,Pluma,arroba,"14,50",14.5,Algodão,8
2011-05-11,Algodão,BARREIRAS,Caroço,arroba,"95,00",95.0,Algodão,8
2011-05-11,Algodão,BARREIRAS,Pluma,arroba,"14,50",14.5,Algodão,8
2011-05-12,Algodão,BARREIRAS,Caroço,arroba,"95,00",95.0,Algodão,8
2011-05-12,Algodão,BARREIRAS,Pluma,arroba,"14,50",14.5,Algodão,8
2011-05-13,Algodão,BARREIRAS,Caroço,arroba,"95,00",95.0,Algodão,8
2011-05-13,Algodão,BARREIRAS,Pluma,arroba,"14,50",14.5,Algodão,8
2011-05-16,Algodão,BARREIRAS,Caroço,arroba,"95,00",95.0,Algodão,8
2011-05-16,Algodão,BARREIRAS,Pluma,arroba,"14,50",14.5,Algodão,8
2011-05-17,Algodão,BARREIRAS,Caroço,arroba,"89,02",89.02,Algodão,8
2011-05-17,Algodão,BARREIRAS,Pluma,arroba,"14,50",14.5,Algodão,8
2011-05-18,Algodão,BARREIRAS,Caroço,arroba,"89,02",89.02,Algodão,8
2011-05-18,Algodão,BARREIRAS,Pluma,arroba,"14,50",14.5,Algodão,8
2011-05-19,Algodão,BARREIRAS,Caroço,arroba,"89,02",89.02,Algodão,8
2011-05-19,Algodão,BARREIRAS,Pluma,arroba,"14,50",14.5,Algodão,8
2011-05-20,Algodão,BARREIRAS,Caroço,arroba,"89,02",89.02,Algodão,8
2011-05-20,Algodão,BARREIRAS,Pluma,arroba,"14,50",14.5,Algodão,8
2011-05-23,Algodão,BARREIRAS,Caroço,arroba,"89,02",89.02,Algodão,8
2011-05-23,Algodão,BARREIRAS,Pluma,arroba,"14,50",14.5,Algodão,8
2011-05-24,Algodão,BARREIRAS,Caroço,arroba,"89,02",89.02,Algodão,8
2011-05-24,Algodão,BARREIRAS,Pluma,arroba,"14,50",14.5,Algodão,8
2011-05-25,Algodão,BARREIRAS,Caroço,arroba,"89,02",89.02,Algodão,8
2011-05-25,Algodão,BARREIRAS,Pluma,arroba,"14,50",14.5,Algodão,8
2011-05-26,Algodão,BARREIRAS,Caroço,arroba,"89,02",89.02,Algodão,8
2011-05-26,Algodão,BARREIRAS,Pluma,arroba,"14,50",14.5,Algodão,8
2011-05-27,Algodão,BARREIRAS,Caroço,arroba,"89,02",89.02,Algodão,8
2011-05-27,Algodão,BARREIRAS,Pluma,arroba,"14,50",14.5,Algodão,8
2011-05-30,Algodão,BARREIRAS,Caroço,arroba,"76,38",76.38,Algodão,8
2011-05-30,Algodão,BARREIRAS,Pluma,arroba,"25,00",25.0,Algodão,8
2011-05-31,Algodão,BARREIRAS,Caroço,arroba,"76,38",76.38,Algodão,8
2011-05-31,Algodão,BARREIRAS,Pluma,arroba,"25,00",25.0,Algodão,8
2011-06-01,Algodão,BARREIRAS,Caroço,arroba,"76,38",76.38,Algodão,8
2011-06-01,Algodão,BARREIRAS,Pluma,arroba,"25,00",25.0,Algodão,8
2011-06-02,Algodão,BARREIRAS,Caroço,arroba,"76,38",76.38,Algodão,8
2011-06-02,Algodão,BARREIRAS,Pluma,arroba,"25,00",25.0,Algodão,8
2011-06-03,Algodão,BARREIRAS,Caroço,arroba,"76,38",76.38,Algodão,8
2011-06-03,Algodão,BARREIRAS,Pluma,arroba,"25,00",25.0,Algodão,8
2011-06-06,Algodão,BARREIRAS,Caroço,arroba,"76,38",76.38,Algodão,8
2011-06-06,Algodão,BARREIRAS,Pluma,arroba,"25,00",25.0,Algodão,8
2011-06-07,Algodão,BARREIRAS,Caroço,arroba,"76,38",76.38,Algodão,8
2011-06-07,Algodão,BARREIRAS,Pluma,arroba,"25,00",25.0,Algodão,8
2011-06-08,Algodão,BARREIRAS,Caroço,arroba,"76,38",76.38,Algodão,8
2011-06-08,Algodão,BARREIRAS,Pluma,arroba,"25,00",25.0,Algodão,8
2011-06-09,Algodão,BARREIRAS,Caroço,arroba,"76,38",76.38,Algodão,8
2011-06-09,Algodão,BARREIRAS,Pluma,arroba,"25,00",25.0,Algodão,8
2011-06-10,Algodão,BARREIRAS,Caroço,arroba,"76,38",76.38,Algodão,8
2011-06-10,Algodão,BARREIRAS,Pluma,arroba,"25,00",25.0,Algodão,8
2011-06-13,Algodão,BARREIRAS,Caroço,arroba,"74,58",74.58,Algodão,8
2011-06-13,Algodão,BARREIRAS,Pluma,arroba,"25,98",25.98,Algodão,8
2011-06-14,Algodão,BARREIRAS,Caroço,arroba,"74,58",74.58,Algodão,8
2011-06-14,Algodão,BARREIRAS,Pluma,arroba,"25,98",25.98,Algodão,8
2011-06-15,Algodão,BARREIRAS,Caroço,arroba,"74,58",74.58,Algodão,8
2011-06-15,Algodão,BARREIRAS,Pluma,arroba,"25,98",25.98,Algodão,8
2011-06-16,Algodão,BARREIRAS,Caroço,arroba,"74,58",74.58,Algodão,8
2011-06-16,Algodão,BARREIRAS,Pluma,arroba,"25,98",25.98,Algodão,8
2011-06-17,Algodão,BARREIRAS,Caroço,arroba,"74,58",74.58,Algodão,8
2011-06-17,Algodão,BARREIRAS,Pluma,arroba,"25,98",25.98,Algodão,8
2011-06-20,Algodão,BARREIRAS,Caroço,arroba,"74,58",74.58,Algodão,8
2011-06-20,Algodão,BARREIRAS,Pluma,arroba,"25,98",25.98,Algodão,8
2011-06-21,Algodão,BARREIRAS,Caroço,arroba,"74,58",74.58,Algodão,8
2011-06-21,Algodão,BARREIRAS,Pluma,arroba,"25,98",25.98,Algodão,8
2011-06-22,Algodão,BARREIRAS,Caroço,arroba,"66,74",66.74,Algodão,8
2011-06-22,Algodão,BARREIRAS,Pluma,arroba,"25,38",25.38,Algodão,8
2011-06-27,Algodão,BARREIRAS,Caroço,arroba,"66,58",66.58,Algodão,8
2011-06-27,Algodão,BARREIRAS,Pluma,arroba,"26,57",26.57,Algodão,8
2011-06-28,Algodão,BARREIRAS,Caroço,arroba,"66,58",66.58,Algodão,8
2011-06-28,Algodão,BARREIRAS,Pluma,arroba,"26,57",26.57,Algodão,8
2011-06-29,Algodão,BARREIRAS,Caroço,arroba,"66,58",66.58,Algodão,8
2011-06-29,Algodão,BARREIRAS,Pluma,arroba,"26,57",26.57,Algodão,8
2011-06-30,Algodão,BARREIRAS,Caroço,arroba,"66,58",66.58,Algodão,8
2011-06-30,Algodão,BARREIRAS,Pluma,arroba,"26,57",26.57,Algodão,8
2011-07-01,Algodão,BARREIRAS,Caroço,arroba,"66,58",66.58,Algodão,8
2011-07-01,Algodão,BARREIRAS,Pluma,arroba,"26,57",26.57,Algodão,8
2011-07-04,Algodão,BARREIRAS,Caroço,arroba,"66,58",66.58,Algodão,8
2011-07-04,Algodão,BARREIRAS,Pluma,arroba,"26,57",26.57,Algodão,8
2011-07-05,Algodão,BARREIRAS,Caroço,arroba,"66,58",66.58,Algodão,8
2011-07-05,Algodão,BARREIRAS,Pluma,arroba,"26,57",26.57,Algodão,8
2011-07-06,Algodão,BARREIRAS,Caroço,arroba,"61,08",61.08,Algodão,8
2011-07-06,Algodão,BARREIRAS,Pluma,arroba,"26,87",26.87,Algodão,8
2011-07-07,Algodão,BARREIRAS,Caroço,arroba,"61,08",61.08,Algodão,8
2011-07-07,Algodão,BARREIRAS,Pluma,arroba,"26,87",26.87,Algodão,8
2011-07-08,Algodão,BARREIRAS,Caroço,arroba,"61,08",61.08,Algodão,8
2011-07-08,Algodão,BARREIRAS,Pluma,arroba,"26,87",26.87,Algodão,8
2011-07-11,Algodão,BARREIRAS,Caroço,arroba,"55,62",55.62,Algodão,8
2011-07-11,Algodão,BARREIRAS,Pluma,arroba,"26,98",26.98,Algodão,8
2011-07-12,Algodão,BARREIRAS,Caroço,arroba,"55,62",55.62,Algodão,8
2011-07-12,Algodão,BARREIRAS,Pluma,arroba,"26,98",26.98,Algodão,8
2011-07-13,Algodão,BARREIRAS,Caroço,arroba,"55,62",55.62,Algodão,8
2011-07-13,Algodão,BARREIRAS,Pluma,arroba,"26,98",26.98,Algodão,8
2011-07-14,Algodão,BARREIRAS,Caroço,arroba,"55,62",55.62,Algodão,8
2011-07-14,Algodão,BARREIRAS,Pluma,arroba,"26,98",26.98,Algodão,8
2011-07-15,Algodão,BARREIRAS,Caroço,arroba,"55,62",55.62,Algodão,8
2011-07-15,Algodão,BARREIRAS,Pluma,arroba,"26,98",26.98,Algodão,8
2011-07-18,Algodão,BARREIRAS,Caroço,arroba,"55,62",55.62,Algodão,8
2011-07-18,Algodão,BARREIRAS,Pluma,arroba,"26,98",26.98,Algodão,8
2011-07-19,Algodão,BARREIRAS,Caroço,arroba,"55,62",55.62,Algodão,8
2011-07-19,Algodão,BARREIRAS,Pluma,arroba,"26,98",26.98,Algodão,8
2011-07-20,Algodão,BARREIRAS,Caroço,arroba,"55,62",55.62,Algodão,8
2011-07-20,Algodão,BARREIRAS,Pluma,arroba,"26,98",26.98,Algodão,8
2011-07-21,Algodão,BARREIRAS,Caroço,arroba,"55,62",55.62,Algodão,8
2011-07-21,Algodão,BARREIRAS,Pluma,arroba,"26,98",26.98,Algodão,8
2011-07-22,Algodão,BARREIRAS,Caroço,arroba,"55,62",55.62,Algodão,8
2011-07-22,Algodão,BARREIRAS,Pluma,arroba,"26,98",26.98,Algodão,8
2011-07-25,Algodão,BARREIRAS,Caroço,arroba,"69,75",69.75,Algodão,8
2011-07-25,Algodão,BARREIRAS,Pluma,arroba,"27,58",27.58,Algodão,8
2011-07-26,Algodão,BARREIRAS,Caroço,arroba,"69,75",69.75,Algodão,8
2011-07-26,Algodão,BARREIRAS,Pluma,arroba,"27,58",27.58,Algodão,8
2011-07-27,Algodão,BARREIRAS,Caroço,arroba,"69,75",69.75,Algodão,8
2011-07-27,Algodão,BARREIRAS,Pluma,arroba,"27,58",27.58,Algodão,8
2011-07-28,Algodão,BARREIRAS,Caroço,arroba,"69,75",69.75,Algodão,8
2011-07-28,Algodão,BARREIRAS,Pluma,arroba,"27,58",27.58,Algodão,8
2011-07-29,Algodão,BARREIRAS,Caroço,arroba,"69,75",69.75,Algodão,8
2011-07-29,Algodão,BARREIRAS,Pluma,arroba,"27,58",27.58,Algodão,8
2011-08-01,Algodão,BARREIRAS,Caroço,arroba,"68,05",68.05,Algodão,8
2011-08-01,Algodão,BARREIRAS,Pluma,arroba,"27,35",27.35,Algodão,8
2011-08-02,Algodão,BARREIRAS,Caroço,arroba,"68,05",68.05,Algodão,8
2011-08-02,Algodão,BARREIRAS,Pluma,arroba,"27,35",27.35,Algodão,8
2011-08-03,Algodão,BARREIRAS,Caroço,arroba,"68,05",68.05,Algodão,8
2011-08-03,Algodão,BARREIRAS,Pluma,arroba,"27,35",27.35,Algodão,8
2011-08-04,Algodão,BARREIRAS,Caroço,arroba,"68,05",68.05,Algodão,8
2011-08-04,Algodão,BARREIRAS,Pluma,arroba,"27,35",27.35,Algodão,8
2011-08-05,Algodão,BARREIRAS,Caroço,arroba,"68,05",68.05,Algodão,8
2011-08-05,Algodão,BARREIRAS,Pluma,arroba,"27,35",27.35,Algodão,8
2011-08-08,Algodão,BARREIRAS,Caroço,arroba,"60,67",60.67,Algodão,8
2011-08-08,Algodão,BARREIRAS,Pluma,arroba,"27,00",27.0,Algodão,8
2011-08-09,Algodão,BARREIRAS,Caroço,arroba,"60,67",60.67,Algodão,8
2011-08-09,Algodão,BARREIRAS,Pluma,arroba,"27,00",27.0,Algodão,8
2011-08-10,Algodão,BARREIRAS,Caroço,arroba,"60,67",60.67,Algodão,8
2011-08-10,Algodão,BARREIRAS,Pluma,arroba,"27,00",27.0,Algodão,8
2011-08-11,Algodão,BARREIRAS,Caroço,arroba,"60,67",60.67,Algodão,8
2011-08-11,Algodão,BARREIRAS,Pluma,arroba,"27,00",27.0,Algodão,8
2011-08-12,Algodão,BARREIRAS,Caroço,arroba,"60,67",60.67,Algodão,8
2011-08-12,Algodão,BARREIRAS,Pluma,arroba,"27,00",27.0,Algodão,8
2011-08-15,Algodão,BARREIRAS,Caroço,arroba,"60,67",60.67,Algodão,8
2011-08-15,Algodão,BARREIRAS,Pluma,arroba,"27,00",27.0,Algodão,8
2011-08-16,Algodão,BARREIRAS,Caroço,arroba,"68,00",68.0,Algodão,8
2011-08-16,Algodão,BARREIRAS,Pluma,arroba,"27,80",27.8,Algodão,8
2011-08-17,Algodão,BARREIRAS,Caroço,arroba,"68,00",68.0,Algodão,8
2011-08-17,Algodão,BARREIRAS,Pluma,arroba,"27,80",27.8,Algodão,8
2011-08-18,Algodão,BARREIRAS,Caroço,arroba,"68,00",68.0,Algodão,8
2011-08-18,Algodão,BARREIRAS,Pluma,arroba,"27,80",27.8,Algodão,8
2011-08-19,Algodão,BARREIRAS,Caroço,arroba,"68,00",68.0,Algodão,8
2011-08-19,Algodão,BARREIRAS,Pluma,arroba,"27,80",27.8,Algodão,8
2011-08-22,Algodão,BARREIRAS,Caroço,arroba,"67,50",67.5,Algodão,8
2011-08-22,Algodão,BARREIRAS,Pluma,arroba,"27,58",27.58,Algodão,8
2011-08-23,Algodão,BARREIRAS,Caroço,arroba,"67,50",67.5,Algodão,8
2011-08-23,Algodão,BARREIRAS,Pluma,arroba,"27,58",27.58,Algodão,8
2011-08-24,Algodão,BARREIRAS,Caroço,arroba,"67,50",67.5,Algodão,8
2011-08-24,Algodão,BARREIRAS,Pluma,arroba,"27,58",27.58,Algodão,8
2011-08-25,Algodão,BARREIRAS,Caroço,arroba,"67,50",67.5,Algodão,8
2011-08-25,Algodão,BARREIRAS,Pluma,arroba,"27,58",27.58,Algodão,8
2011-08-26,Algodão,BARREIRAS,Caroço,arroba,"67,50",67.5,Algodão,8
2011-08-26,Algodão,BARREIRAS,Pluma,arroba,"27,58",27.58,Algodão,8
2011-08-29,Algodão,BARREIRAS,Caroço,arroba,"67,50",67.5,Algodão,8
2011-08-29,Algodão,BARREIRAS,Pluma,arroba,"27,58",27.58,Algodão,8
2011-08-30,Algodão,BARREIRAS,Caroço,arroba,"67,50",67.5,Algodão,8
2011-08-30,Algodão,BARREIRAS,Pluma,arroba,"27,58",27.58,Algodão,8
2011-08-31,Algodão,BARREIRAS,Caroço,arroba,"67,50",67.5,Algodão,8
2011-08-31,Algodão,BARREIRAS,Pluma,arroba,"27,58",27.58,Algodão,8
2011-09-01,Algodão,BARREIRAS,Caroço,arroba,"67,50",67.5,Algodão,8
2011-09-01,Algodão,BARREIRAS,Pluma,arroba,"27,58",27.58,Algodão,8
2011-09-02,Algodão,BARREIRAS,Caroço,arroba,"67,50",67.5,Algodão,8
2011-09-02,Algodão,BARREIRAS,Pluma,arroba,"27,58",27.58,Algodão,8
2011-09-05,Algodão,BARREIRAS,Caroço,arroba,"69,87",69.87,Algodão,8
2011-09-05,Algodão,BARREIRAS,Pluma,arroba,"27,15",27.15,Algodão,8
2011-09-06,Algodão,BARREIRAS,Caroço,arroba,"69,87",69.87,Algodão,8
2011-09-06,Algodão,BARREIRAS,Pluma,arroba,"27,15",27.15,Algodão,8
2011-09-08,Algodão,BARREIRAS,Caroço,arroba,"69,87",69.87,Algodão,8
2011-09-08,Algodão,BARREIRAS,Pluma,arroba,"27,15",27.15,Algodão,8
2011-09-09,Algodão,BARREIRAS,Caroço,arroba,"69,87",69.87,Algodão,8
2011-09-09,Algodão,BARREIRAS,Pluma,arroba,"27,15",27.15,Algodão,8
2011-09-12,Algodão,BARREIRAS,Caroço,arroba,"57,48",57.48,Algodão,8
2011-09-12,Algodão,BARREIRAS,Pluma,arroba,"26,57",26.57,Algodão,8
2011-09-13,Algodão,BARREIRAS,Caroço,arroba,"57,48",57.48,Algodão,8
2011-09-13,Algodão,BARREIRAS,Pluma,arroba,"26,57",26.57,Algodão,8
2011-09-14,Algodão,BARREIRAS,Caroço,arroba,"57,48",57.48,Algodão,8
2011-09-14,Algodão,BARREIRAS,Pluma,arroba,"26,57",26.57,Algodão,8
2011-09-15,Algodão,BARREIRAS,Caroço,arroba,"57,48",57.48,Algodão,8
2011-09-15,Algodão,BARREIRAS,Pluma,arroba,"26,57",26.57,Algodão,8
2011-09-16,Algodão,BARREIRAS,Caroço,arroba,"57,48",57.48,Algodão,8
2011-09-16,Algodão,BARREIRAS,Pluma,arroba,"26,57",26.57,Algodão,8
2011-09-19,Algodão,BARREIRAS,Caroço,arroba,"69,55",69.55,Algodão,8
2011-09-19,Algodão,BARREIRAS,Pluma,arroba,"27,10",27.1,Algodão,8
2011-09-20,Algodão,BARREIRAS,Caroço,arroba,"69,55",69.55,Algodão,8
2011-09-20,Algodão,BARREIRAS,Pluma,arroba,"27,10",27.1,Algodão,8
2011-09-21,Algodão,BARREIRAS,Caroço,arroba,"69,55",69.55,Algodão,8
2011-09-21,Algodão,BARREIRAS,Pluma,arroba,"27,10",27.1,Algodão,8
2011-09-22,Algodão,BARREIRAS,Caroço,arroba,"69,55",69.55,Algodão,8
2011-09-22,Algodão,BARREIRAS,Pluma,arroba,"27,10",27.1,Algodão,8
2011-09-23,Algodão,BARREIRAS,Caroço,arroba,"69,55",69.55,Algodão,8
2011-09-23,Algodão,BARREIRAS,Pluma,arroba,"27,10",27.1,Algodão,8
2011-09-26,Algodão,BARREIRAS,Caroço,arroba,"69,27",69.27,Algodão,8
2011-09-26,Algodão,BARREIRAS,Pluma,arroba,"27,10",27.1,Algodão,8
2011-09-26,Algodão,SALVADOR,Pluma,arroba,"28,15",28.15,Algodão,8
2011-09-27,Algodão,BARREIRAS,Caroço,arroba,"69,27",69.27,Algodão,8
2011-09-27,Algodão,BARREIRAS,Pluma,arroba,"27,10",27.1,Algodão,8
2011-09-27,Algodão,SALVADOR,Pluma,arroba,"28,15",28.15,Algodão,8
2011-09-28,Algodão,BARREIRAS,Caroço,arroba,"69,27",69.27,Algodão,8
2011-09-28,Algodão,BARREIRAS,Pluma,arroba,"27,10",27.1,Algodão,8
2011-09-28,Algodão,SALVADOR,Pluma,arroba,"28,15",28.15,Algodão,8
2011-09-29,Algodão,BARREIRAS,Caroço,arroba,"69,27",69.27,Algodão,8
2011-09-29,Algodão,BARREIRAS,Pluma,arroba,"27,10",27.1,Algodão,8
2011-09-29,Algodão,SALVADOR,Pluma,arroba,"28,15",28.15,Algodão,8
2011-09-30,Algodão,BARREIRAS,Caroço,arroba,"69,27",69.27,Algodão,8
2011-09-30,Algodão,BARREIRAS,Pluma,arroba,"27,10",27.1,Algodão,8
2011-09-30,Algodão,SALVADOR,Pluma,arroba,"28,15",28.15,Algodão,8
2011-10-03,Algodão,BARREIRAS,Pluma,arroba,"28,05",28.05,Algodão,8
2011-10-03,Algodão,BARREIRAS,Pluma,arroba,"70,58",70.58,Algodão,8
2011-10-03,Algodão,SALVADOR,Pluma,arroba,"28,15",28.15,Algodão,8
2011-10-04,Algodão,BARREIRAS,Caroço,arroba,"28,05",28.05,Algodão,8
2011-10-04,Algodão,BARREIRAS,Pluma,arroba,"70,58",70.58,Algodão,8
2011-10-04,Algodão,BARROCAS,Caroço,arroba,"28,15",28.15,Algodão,8
2011-10-05,Algodão,BARREIRAS,Caroço,arroba,"28,05",28.05,Algodão,8
2011-10-05,Algodão,BARREIRAS,Pluma,arroba,"70,58",70.58,Algodão,8
2011-10-05,Algodão,BARROCAS,Caroço,arroba,"28,15",28.15,Algodão,8
2011-10-06,Algodão,BARREIRAS,Caroço,arroba,"28,05",28.05,Algodão,8
2011-10-06,Algodão,BARREIRAS,Pluma,arroba,"70,58",70.58,Algodão,8
2011-10-06,Algodão,BARROCAS,Caroço,arroba,"28,15",28.15,Algodão,8
2011-10-07,Algodão,BARREIRAS,Caroço,arroba,"28,05",28.05,Algodão,8
2011-10-07,Algodão,BARREIRAS,Pluma,arroba,"70,58",70.58,Algodão,8
2011-10-07,Algodão,BARROCAS,Caroço,arroba,"28,15",28.15,Algodão,8
2011-10-10,Algodão,BARREIRAS,Caroço,arroba,"28,70",28.7,Algodão,8
2011-10-10,Algodão,BARREIRAS,Pluma,arroba,"69,05",69.05,Algodão,8
2011-10-11,Algodão,BARREIRAS,Caroço,arroba,"28,70",28.7,Algodão,8
2011-10-11,Algodão,BARREIRAS,Pluma,arroba,"69,05",69.05,Algodão,8
2011-10-13,Algodão,BARREIRAS,Caroço,arroba,"28,70",28.7,Algodão,8
2011-10-13,Algodão,BARREIRAS,Pluma,arroba,"69,05",69.05,Algodão,8
2011-10-14,Algodão,BARREIRAS,Caroço,arroba,"28,70",28.7,Algodão,8
2011-10-14,Algodão,BARREIRAS,Pluma,arroba,"69,05",69.05,Algodão,8
2011-10-17,Algodão,BARREIRAS,Caroço,arroba,"30,35",30.35,Algodão,8
2011-10-17,Algodão,BARREIRAS,Pluma,arroba,"61,03",61.03,Algodão,8
2011-10-18,Algodão,BARREIRAS,Caroço,arroba,"30,35",30.35,Algodão,8
2011-10-18,Algodão,BARREIRAS,Pluma,arroba,"61,03",61.03,Algodão,8
2011-10-19,Algodão,BARREIRAS,Caroço,arroba,"30,35",30.35,Algodão,8
2011-10-19,Algodão,BARREIRAS,Pluma,arroba,"61,03",61.03,Algodão,8
2011-10-20,Algodão,BARREIRAS,Caroço,arroba,"30,35",30.35,Algodão,8
2011-10-20,Algodão,BARREIRAS,Pluma,arroba,"61,03",61.03,Algodão,8
2011-10-21,Algodão,BARREIRAS,Caroço,arroba,"30,35",30.35,Algodão,8
2011-10-21,Algodão,BARREIRAS,Pluma,arroba,"61,03",61.03,Algodão,8
2011-10-24,Algodão,BARREIRAS,Caroço,arroba,"30,35",30.35,Algodão,8
2011-10-24,Algodão,BARREIRAS,Pluma,arroba,"61,03",61.03,Algodão,8
2011-10-25,Algodão,BARREIRAS,Caroço,arroba,"30,35",30.35,Algodão,8
2011-10-25,Algodão,BARREIRAS,Pluma,arroba,"61,03",61.03,Algodão,8
2011-10-26,Algodão,BARREIRAS,Caroço,arroba,"30,35",30.35,Algodão,8
2011-10-26,Algodão,BARREIRAS,Pluma,arroba,"61,03",61.03,Algodão,8
2011-10-27,Algodão,BARREIRAS,Caroço,arroba,"30,35",30.35,Algodão,8
2011-10-27,Algodão,BARREIRAS,Pluma,arroba,"61,03",61.03,Algodão,8
2011-10-31,Algodão,BARREIRAS,Caroço,arroba,"30,35",30.35,Algodão,8
2011-10-31,Algodão,BARREIRAS,Pluma,arroba,"61,03",61.03,Algodão,8
2011-11-01,Algodão,BARREIRAS,Caroço,arroba,"30,35",30.35,Algodão,8
2011-11-01,Algodão,BARREIRAS,Pluma,arroba,"61,03",61.03,Algodão,8
2011-11-03,Algodão,BARREIRAS,Caroço,arroba,"30,35",30.35,Algodão,8
2011-11-03,Algodão,BARREIRAS,Pluma,arroba,"61,03",61.03,Algodão,8
2011-11-04,Algodão,BARREIRAS,Caroço,arroba,"30,35",30.35,Algodão,8
2011-11-04,Algodão,BARREIRAS,Pluma,arroba,"61,03",61.03,Algodão,8
2011-11-08,Algodão,BARREIRAS,Caroço,arroba,"30,35",30.35,Algodão,8
2011-11-08,Algodão,BARREIRAS,Pluma,arroba,"61,03",61.03,Algodão,8
2011-11-09,Algodão,BARREIRAS,Caroço,arroba,"30,30",30.3,Algodão,8
2011-11-09,Algodão,BARREIRAS,Pluma,arroba,"61,00",61.0,Algodão,8
2011-11-10,Algodão,BARREIRAS,Caroço,arroba,"30,30",30.3,Algodão,8
2011-11-10,Algodão,BARREIRAS,Pluma,arroba,"61,00",61.0,Algodão,8
2011-11-11,Algodão,BARREIRAS,Caroço,arroba,"30,30",30.3,Algodão,8
2011-11-11,Algodão,BARREIRAS,Pluma,arroba,"61,00",61.0,Algodão,8
2011-11-16,Algodão,BARREIRAS,Caroço,arroba,"32,49",32.49,Algodão,8
2011-11-16,Algodão,BARREIRAS,Pluma,arroba,"67,00",67.0,Algodão,8
2011-11-17,Algodão,BARREIRAS,Caroço,arroba,"32,49",32.49,Algodão,8
2011-11-17,Algodão,BARREIRAS,Pluma,arroba,"67,00",67.0,Algodão,8
2011-11-18,Algodão,BARREIRAS,Caroço,arroba,"32,49",32.49,Algodão,8
2011-11-18,Algodão,BARREIRAS,Pluma,arroba,"67,00",67.0,Algodão,8
2011-11-21,Algodão,BARREIRAS,Caroço,arroba,"32,50",32.5,Algodão,8
2011-11-21,Algodão,BARREIRAS,Pluma,arroba,"61,02",61.02,Algodão,8
2011-11-22,Algodão,BARREIRAS,Caroço,arroba,"32,50",32.5,Algodão,8
2011-11-22,Algodão,BARREIRAS,Pluma,arroba,"61,02",61.02,Algodão,8
2011-11-23,Algodão,BARREIRAS,Caroço,arroba,"31,50",31.5,Algodão,8
2011-11-23,Algodão,BARREIRAS,Pluma,arroba,"67,05",67.05,Algodão,8
2011-11-24,Algodão,BARREIRAS,Caroço,arroba,"31,50",31.5,Algodão,8
2011-11-24,Algodão,BARREIRAS,Pluma,arroba,"67,05",67.05,Algodão,8
2011-11-25,Algodão,BARREIRAS,Caroço,arroba,"31,50",31.5,Algodão,8
2011-11-25,Algodão,BARREIRAS,Pluma,arroba,"67,05",67.05,Algodão,8
2011-11-28,Algodão,BARREIRAS,Caroço,arroba,"32,50",32.5,Algodão,8
2011-11-28,Algodão,BARREIRAS,Pluma,arroba,"60,59",60.59,Algodão,8
2011-11-29,Algodão,BARREIRAS,Caroço,arroba,"32,50",32.5,Algodão,8
2011-11-29,Algodão,BARREIRAS,Pluma,arroba,"60,59",60.59,Algodão,8
2011-11-30,Algodão,BARREIRAS,Caroço,arroba,"32,50",32.5,Algodão,8
2011-11-30,Algodão,BARREIRAS,Pluma,arroba,"60,59",60.59,Algodão,8
2011-12-01,Algodão,BARREIRAS,Caroço,arroba,"32,50",32.5,Algodão,8
2011-12-01,Algodão,BARREIRAS,Pluma,arroba,"60,59",60.59,Algodão,8
2011-12-02,Algodão,BARREIRAS,Caroço,arroba,"32,50",32.5,Algodão,8
2011-12-02,Algodão,BARREIRAS,Pluma,arroba,"60,59",60.59,Algodão,8
2011-12-05,Algodão,BARREIRAS,Caroço,arroba,"32,50",32.5,Algodão,8
2011-12-05,Algodão,BARREIRAS,Pluma,arroba,"60,59",60.59,Algodão,8
2011-12-06,Algodão,BARREIRAS,Caroço,arroba,"32,50",32.5,Algodão,8
2011-12-06,Algodão,BARREIRAS,Pluma,arroba,"60,59",60.59,Algodão,8
2011-12-07,Algodão,BARREIRAS,Caroço,arroba,"32,50",32.5,Algodão,8
2011-12-07,Algodão,BARREIRAS,Pluma,arroba,"60,59",60.59,Algodão,8
2011-12-12,Algodão,BARREIRAS,Caroço,arroba,"31,25",31.25,Algodão,8
2011-12-12,Algodão,BARREIRAS,Pluma,arroba,"58,97",58.97,Algodão,8
2011-12-13,Algodão,BARREIRAS,Caroço,arroba,"31,25",31.25,Algodão,8
2011-12-13,Algodão,BARREIRAS,Pluma,arroba,"58,97",58.97,Algodão,8
2011-12-14,Algodão,BARREIRAS,Caroço,arroba,"31,25",31.25,Algodão,8
2011-12-14,Algodão,BARREIRAS,Pluma,arroba,"58,97",58.97,Algodão,8
2011-12-15,Algodão,BARREIRAS,Caroço,arroba,"31,25",31.25,Algodão,8
2011-12-15,Algodão,BARREIRAS,Pluma,arroba,"58,97",58.97,Algodão,8
2011-12-16,Algodão,BARREIRAS,Caroço,arroba,"31,25",31.25,Algodão,8
2011-12-16,Algodão,BARREIRAS,Pluma,arroba,"58,97",58.97,Algodão,8
2011-12-19,Algodão,BARREIRAS,Caroço,arroba,"34,00",34.0,Algodão,8
2011-12-19,Algodão,BARREIRAS,Pluma,arroba,"66,38",66.38,Algodão,8
2011-12-20,Algodão,BARREIRAS,Caroço,arroba,"34,00",34.0,Algodão,8
2011-12-20,Algodão,BARREIRAS,Pluma,arroba,"66,38",66.38,Algodão,8
2011-12-21,Algodão,BARREIRAS,Caroço,arroba,"34,00",34.0,Algodão,8
2011-12-21,Algodão,BARREIRAS,Pluma,arroba,"66,38",66.38,Algodão,8
2011-12-22,Algodão,BARREIRAS,Caroço,arroba,"34,00",34.0,Algodão,8
2011-12-22,Algodão,BARREIRAS,Pluma,arroba,"66,38",66.38,Algodão,8
2011-12-23,Algodão,BARREIRAS,Caroço,arroba,"34,00",34.0,Algodão,8
2011-12-23,Algodão,BARREIRAS,Pluma,arroba,"66,38",66.38,Algodão,8
2011-12-26,Algodão,BARREIRAS,Caroço,arroba,"34,00",34.0,Algodão,8
2011-12-26,Algodão,BARREIRAS,Pluma,arroba,"66,38",66.38,Algodão,8
2011-12-27,Algodão,BARREIRAS,Caroço,arroba,"34,00",34.0,Algodão,8
2011-12-27,Algodão,BARREIRAS,Pluma,arroba,"66,38",66.38,Algodão,8
2011-12-28,Algodão,BARREIRAS,Caroço,arroba,"34,00",34.0,Algodão,8
2011-12-28,Algodão,BARREIRAS,Pluma,arroba,"66,38",66.38,Algodão,8
2011-12-29,Algodão,BARREIRAS,Caroço,arroba,"34,00",34.0,Algodão,8
2011-12-29,Algodão,BARREIRAS,Pluma,arroba,"66,38",66.38,Algodão,8
2012-01-02,Algodão,BARREIRAS,Caroço,arroba,"62,03",62.03,Algodão,8
2012-01-02,Algodão,BARREIRAS,Pluma,arroba,"34,02",34.02,Algodão,8
2012-01-03,Algodão,BARREIRAS,Caroço,arroba,"62,00",62.0,Algodão,8
2012-01-03,Algodão,BARREIRAS,Pluma,arroba,"34,00",34.0,Algodão,8
2012-01-04,Algodão,BARREIRAS,Caroço,arroba,"62,03",62.03,Algodão,8
2012-01-04,Algodão,BARREIRAS,Pluma,arroba,"34,02",34.02,Algodão,8
2012-01-05,Algodão,BARREIRAS,Caroço,arroba,"68,02",68.02,Algodão,8
2012-01-05,Algodão,BARREIRAS,Pluma,arroba,"29,50",29.5,Algodão,8
2012-01-06,Algodão,BARREIRAS,Caroço,arroba,"68,02",68.02,Algodão,8
2012-01-06,Algodão,BARREIRAS,Pluma,arroba,"29,50",29.5,Algodão,8
2012-01-09,Algodão,BARREIRAS,Caroço,arroba,"68,02",68.02,Algodão,8
2012-01-09,Algodão,BARREIRAS,Pluma,arroba,"29,50",29.5,Algodão,8
2012-01-10,Algodão,BARREIRAS,Caroço,arroba,"61,50",61.5,Algodão,8
2012-01-10,Algodão,BARREIRAS,Pluma,arroba,"33,50",33.5,Algodão,8
2012-01-11,Algodão,BARREIRAS,Caroço,arroba,"51,91",51.91,Algodão,8
2012-01-11,Algodão,BARREIRAS,Pluma,arroba,"30,00",30.0,Algodão,8
2012-01-12,Algodão,BARREIRAS,Caroço,arroba,"51,91",51.91,Algodão,8
2012-01-12,Algodão,BARREIRAS,Pluma,arroba,"30,00",30.0,Algodão,8
2012-01-13,Algodão,BARREIRAS,Caroço,arroba,"52,68",52.68,Algodão,8
2012-01-13,Algodão,BARREIRAS,Pluma,arroba,"30,27",30.27,Algodão,8
2012-01-16,Algodão,BARREIRAS,Caroço,arroba,"52,68",52.68,Algodão,8
2012-01-16,Algodão,BARREIRAS,Pluma,arroba,"30,27",30.27,Algodão,8
2012-01-17,Algodão,BARREIRAS,Caroço,arroba,"52,50",52.5,Algodão,8
2012-01-17,Algodão,BARREIRAS,Pluma,arroba,"30,00",30.0,Algodão,8
2012-01-18,Algodão,BARREIRAS,Caroço,arroba,"52,20",52.2,Algodão,8
2012-01-18,Algodão,BARREIRAS,Pluma,arroba,"30,10",30.1,Algodão,8
2012-01-19,Algodão,BARREIRAS,Caroço,arroba,"52,00",52.0,Algodão,8
2012-01-19,Algodão,BARREIRAS,Pluma,arroba,"30,00",30.0,Algodão,8
2012-01-20,Algodão,BARREIRAS,Caroço,arroba,"52,00",52.0,Algodão,8
2012-01-20,Algodão,BARREIRAS,Pluma,arroba,"30,00",30.0,Algodão,8
2012-01-23,Algodão,BARREIRAS,Caroço,arroba,"52,50",52.5,Algodão,8
2012-01-23,Algodão,BARREIRAS,Pluma,arroba,"30,00",30.0,Algodão,8
2012-01-24,Algodão,BARREIRAS,Caroço,arroba,"52,00",52.0,Algodão,8
2012-01-24,Algodão,BARREIRAS,Pluma,arroba,"30,50",30.5,Algodão,8
2012-01-25,Algodão,BARREIRAS,Caroço,arroba,"52,80",52.8,Algodão,8
2012-01-25,Algodão,BARREIRAS,Pluma,arroba,"30,00",30.0,Algodão,8
2012-01-26,Algodão,BARREIRAS,Caroço,arroba,"52,50",52.5,Algodão,8
2012-01-26,Algodão,BARREIRAS,Pluma,arroba,"30,00",30.0,Algodão,8
2012-01-27,Algodão,BARREIRAS,Caroço,arroba,"52,90",52.9,Algodão,8
2012-01-27,Algodão,BARREIRAS,Pluma,arroba,"30,00",30.0,Algodão,8
2012-01-30,Algodão,BARREIRAS,Caroço,arroba,"52,90",52.9,Algodão,8
2012-01-30,Algodão,BARREIRAS,Pluma,arroba,"30,00",30.0,Algodão,8
2012-01-31,Algodão,BARREIRAS,Caroço,arroba,"52,70",52.7,Algodão,8
2012-01-31,Algodão,BARREIRAS,Pluma,arroba,"30,00",30.0,Algodão,8
2012-02-01,Algodão,BARREIRAS,Caroço,arroba,"53,00",53.0,Algodão,8
2012-02-01,Algodão,BARREIRAS,Pluma,arroba,"30,00",30.0,Algodão,8
2012-02-02,Algodão,BARREIRAS,Caroço,arroba,"52,85",52.85,Algodão,8
2012-02-02,Algodão,BARREIRAS,Pluma,arroba,"30,50",30.5,Algodão,8
2012-02-03,Algodão,BARREIRAS,Caroço,arroba,"52,70",52.7,Algodão,8
2012-02-03,Algodão,BARREIRAS,Pluma,arroba,"30,00",30.0,Algodão,8
2012-02-08,Algodão,BARREIRAS,Caroço,arroba,"52,89",52.89,Algodão,8
2012-02-08,Algodão,BARREIRAS,Pluma,arroba,"30,57",30.57,Algodão,8
2012-02-09,Algodão,BARREIRAS,Caroço,arroba,"52,89",52.89,Algodão,8
2012-02-09,Algodão,BARREIRAS,Pluma,arroba,"30,57",30.57,Algodão,8
2012-02-10,Algodão,BARREIRAS,Caroço,arroba,"52,89",52.89,Algodão,8
2012-02-10,Algodão,BARREIRAS,Pluma,arroba,"30,57",30.57,Algodão,8
2012-02-13,Algodão,BARREIRAS,Caroço,arroba,"52,89",52.89,Algodão,8
2012-02-13,Algodão,BARREIRAS,Pluma,arroba,"30,57",30.57,Algodão,8
2012-02-14,Algodão,BARREIRAS,Caroço,arroba,"52,90",52.9,Algodão,8
2012-02-14,Algodão,BARREIRAS,Pluma,arroba,"30,50",30.5,Algodão,8
2012-02-15,Algodão,BARREIRAS,Caroço,arroba,"52,90",52.9,Algodão,8
2012-02-15,Algodão,BARREIRAS,Pluma,arroba,"30,50",30.5,Algodão,8
2012-02-16,Algodão,BARREIRAS,Caroço,arroba,"52,90",52.9,Algodão,8
2012-02-16,Algodão,BARREIRAS,Pluma,arroba,"30,50",30.5,Algodão,8
2012-02-23,Algodão,BARREIRAS,Caroço,arroba,"52,90",52.9,Algodão,8
2012-02-23,Algodão,BARREIRAS,Pluma,arroba,"30,50",30.5,Algodão,8
2012-02-24,Algodão,BARREIRAS,Caroço,arroba,"52,90",52.9,Algodão,8
2012-02-24,Algodão,BARREIRAS,Pluma,arroba,"30,50",30.5,Algodão,8
2012-02-27,Algodão,BARREIRAS,Caroço,arroba,"51,32",51.32,Algodão,8
2012-02-27,Algodão,BARREIRAS,Pluma,arroba,"32,20",32.2,Algodão,8
2012-02-28,Algodão,BARREIRAS,Caroço,arroba,"51,32",51.32,Algodão,8
2012-02-28,Algodão,BARREIRAS,Pluma,arroba,"32,20",32.2,Algodão,8
2012-02-29,Algodão,BARREIRAS,Caroço,arroba,"59,60",59.6,Algodão,8
2012-02-29,Algodão,BARREIRAS,Pluma,arroba,"33,40",33.4,Algodão,8
2012-03-01,Algodão,BARREIRAS,Caroço,arroba,"59,60",59.6,Algodão,8
2012-03-01,Algodão,BARREIRAS,Pluma,arroba,"33,40",33.4,Algodão,8
2012-03-02,Algodão,BARREIRAS,Caroço,arroba,"59,60",59.6,Algodão,8
2012-03-02,Algodão,BARREIRAS,Pluma,arroba,"33,40",33.4,Algodão,8
2012-03-05,Algodão,BARREIRAS,Caroço,arroba,"59,60",59.6,Algodão,8
2012-03-05,Algodão,BARREIRAS,Pluma,arroba,"33,40",33.4,Algodão,8
2012-03-06,Algodão,BARREIRAS,Caroço,arroba,"59,60",59.6,Algodão,8
2012-03-06,Algodão,BARREIRAS,Pluma,arroba,"33,40",33.4,Algodão,8
2012-03-07,Algodão,BARREIRAS,Caroço,arroba,"59,60",59.6,Algodão,8
2012-03-07,Algodão,BARREIRAS,Pluma,arroba,"33,40",33.4,Algodão,8
2012-03-08,Algodão,BARREIRAS,Caroço,arroba,"53,80",53.8,Algodão,8
2012-03-08,Algodão,BARREIRAS,Pluma,arroba,"33,50",33.5,Algodão,8
2012-03-09,Algodão,BARREIRAS,Caroço,arroba,"53,80",53.8,Algodão,8
2012-03-09,Algodão,BARREIRAS,Pluma,arroba,"33,50",33.5,Algodão,8
2012-03-12,Algodão,BARREIRAS,Caroço,arroba,"53,80",53.8,Algodão,8
2012-03-12,Algodão,BARREIRAS,Pluma,arroba,"33,50",33.5,Algodão,8
2012-03-13,Algodão,BARREIRAS,Caroço,arroba,"56,00",56.0,Algodão,8
2012-03-13,Algodão,BARREIRAS,Pluma,arroba,"33,84",33.84,Algodão,8
2012-03-14,Algodão,BARREIRAS,Caroço,arroba,"56,00",56.0,Algodão,8
2012-03-14,Algodão,BARREIRAS,Pluma,arroba,"33,84",33.84,Algodão,8
2012-03-15,Algodão,BARREIRAS,Caroço,arroba,"56,00",56.0,Algodão,8
2012-03-15,Algodão,BARREIRAS,Pluma,arroba,"33,84",33.84,Algodão,8
2012-03-16,Algodão,BARREIRAS,Caroço,arroba,"56,00",56.0,Algodão,8
2012-03-16,Algodão,BARREIRAS,Pluma,arroba,"33,84",33.84,Algodão,8
2012-03-19,Algodão,BARREIRAS,Caroço,arroba,"66,59",66.59,Algodão,8
2012-03-19,Algodão,BARREIRAS,Pluma,arroba,"33,20",33.2,Algodão,8
2012-03-20,Algodão,BARREIRAS,Caroço,arroba,"66,59",66.59,Algodão,8
2012-03-20,Algodão,BARREIRAS,Pluma,arroba,"33,20",33.2,Algodão,8
2012-03-21,Algodão,BARREIRAS,Caroço,arroba,"66,59",66.59,Algodão,8
2012-03-21,Algodão,BARREIRAS,Pluma,arroba,"33,20",33.2,Algodão,8
2012-03-22,Algodão,BARREIRAS,Caroço,arroba,"66,59",66.59,Algodão,8
2012-03-22,Algodão,BARREIRAS,Pluma,arroba,"33,20",33.2,Algodão,8
2012-03-23,Algodão,BARREIRAS,Caroço,arroba,"57,38",57.38,Algodão,8
2012-03-23,Algodão,BARREIRAS,Pluma,arroba,"33,50",33.5,Algodão,8
2012-03-26,Algodão,BARREIRAS,Caroço,arroba,"57,38",57.38,Algodão,8
2012-03-26,Algodão,BARREIRAS,Pluma,arroba,"33,50",33.5,Algodão,8
2012-03-27,Algodão,BARREIRAS,Caroço,arroba,"57,38",57.38,Algodão,8
2012-03-27,Algodão,BARREIRAS,Pluma,arroba,"33,50",33.5,Algodão,8
2012-03-28,Algodão,BARREIRAS,Caroço,arroba,"57,38",57.38,Algodão,8
2012-03-28,Algodão,BARREIRAS,Pluma,arroba,"33,50",33.5,Algodão,8
2012-03-29,Algodão,BARREIRAS,Caroço,arroba,"57,38",57.38,Algodão,8
2012-03-29,Algodão,BARREIRAS,Pluma,arroba,"33,50",33.5,Algodão,8
2012-03-30,Algodão,BARREIRAS,Caroço,arroba,"57,38",57.38,Algodão,8
2012-03-30,Algodão,BARREIRAS,Pluma,arroba,"33,50",33.5,Algodão,8
2012-04-02,Algodão,BARREIRAS,Caroço,arroba,"59,60",59.6,Algodão,8
2012-04-02,Algodão,BARREIRAS,Pluma,arroba,"34,05",34.05,Algodão,8
2012-04-03,Algodão,BARREIRAS,Caroço,arroba,"59,60",59.6,Algodão,8
2012-04-03,Algodão,BARREIRAS,Pluma,arroba,"34,05",34.05,Algodão,8
2012-04-04,Algodão,BARREIRAS,Caroço,arroba,"59,60",59.6,Algodão,8
2012-04-04,Algodão,BARREIRAS,Pluma,arroba,"34,05",34.05,Algodão,8
2012-04-05,Algodão,BARREIRAS,Caroço,arroba,"60,98",60.98,Algodão,8
2012-04-05,Algodão,BARREIRAS,Pluma,arroba,"33,57",33.57,Algodão,8
2012-04-09,Algodão,BARREIRAS,Caroço,arroba,"60,98",60.98,Algodão,8
2012-04-09,Algodão,BARREIRAS,Pluma,arroba,"33,57",33.57,Algodão,8
2012-04-10,Algodão,BARREIRAS,Caroço,arroba,"60,98",60.98,Algodão,8
2012-04-10,Algodão,BARREIRAS,Pluma,arroba,"33,57",33.57,Algodão,8
2012-04-11,Algodão,BARREIRAS,Caroço,arroba,"60,98",60.98,Algodão,8
2012-04-11,Algodão,BARREIRAS,Pluma,arroba,"33,57",33.57,Algodão,8
2012-04-12,Algodão,BARREIRAS,Caroço,arroba,"60,98",60.98,Algodão,8
2012-04-12,Algodão,BARREIRAS,Pluma,arroba,"33,57",33.57,Algodão,8
2012-04-13,Algodão,BARREIRAS,Caroço,arroba,"61,38",61.38,Algodão,8
2012-04-13,Algodão,BARREIRAS,Pluma,arroba,"34,55",34.55,Algodão,8
2012-04-16,Algodão,BARREIRAS,Caroço,arroba,"61,38",61.38,Algodão,8
2012-04-16,Algodão,BARREIRAS,Pluma,arroba,"34,55",34.55,Algodão,8
2012-04-17,Algodão,BARREIRAS,Caroço,arroba,"61,38",61.38,Algodão,8
2012-04-17,Algodão,BARREIRAS,Pluma,arroba,"34,55",34.55,Algodão,8
2012-04-18,Algodão,BARREIRAS,Caroço,arroba,"61,38",61.38,Algodão,8
2012-04-18,Algodão,BARREIRAS,Pluma,arroba,"34,55",34.55,Algodão,8
2012-04-19,Algodão,BARREIRAS,Caroço,arroba,"61,38",61.38,Algodão,8
2012-04-19,Algodão,BARREIRAS,Pluma,arroba,"34,55",34.55,Algodão,8
2012-04-20,Algodão,BARREIRAS,Caroço,arroba,"61,38",61.38,Algodão,8
2012-04-20,Algodão,BARREIRAS,Pluma,arroba,"34,55",34.55,Algodão,8
2012-04-23,Algodão,BARREIRAS,Caroço,arroba,"61,05",61.05,Algodão,8
2012-04-23,Algodão,BARREIRAS,Pluma,arroba,"35,08",35.08,Algodão,8
2012-04-24,Algodão,BARREIRAS,Caroço,arroba,"61,05",61.05,Algodão,8
2012-04-24,Algodão,BARREIRAS,Pluma,arroba,"35,08",35.08,Algodão,8
2012-04-25,Algodão,BARREIRAS,Caroço,arroba,"61,05",61.05,Algodão,8
2012-04-25,Algodão,BARREIRAS,Pluma,arroba,"35,08",35.08,Algodão,8
2012-04-26,Algodão,BARREIRAS,Caroço,arroba,"61,05",61.05,Algodão,8
2012-04-26,Algodão,BARREIRAS,Pluma,arroba,"35,08",35.08,Algodão,8
2012-04-27,Algodão,BARREIRAS,Caroço,arroba,"61,05",61.05,Algodão,8
2012-04-27,Algodão,BARREIRAS,Pluma,arroba,"35,08",35.08,Algodão,8
2012-05-02,Algodão,BARREIRAS,Caroço,arroba,"62,50",62.5,Algodão,8
2012-05-02,Algodão,BARREIRAS,Pluma,arroba,"34,98",34.98,Algodão,8
2012-05-03,Algodão,BARREIRAS,Caroço,arroba,"62,50",62.5,Algodão,8
2012-05-03,Algodão,BARREIRAS,Pluma,arroba,"34,98",34.98,Algodão,8
2012-05-04,Algodão,BARREIRAS,Caroço,arroba,"61,50",61.5,Algodão,8
2012-05-04,Algodão,BARREIRAS,Pluma,arroba,"35,29",35.29,Algodão,8
2012-05-07,Algodão,BARREIRAS,Caroço,arroba,"61,50",61.5,Algodão,8
2012-05-07,Algodão,BARREIRAS,Pluma,arroba,"35,29",35.29,Algodão,8
2012-05-08,Algodão,BARREIRAS,Caroço,arroba,"61,50",61.5,Algodão,8
2012-05-08,Algodão,BARREIRAS,Pluma,arroba,"35,29",35.29,Algodão,8
2012-05-09,Algodão,BARREIRAS,Caroço,arroba,"61,50",61.5,Algodão,8
2012-05-09,Algodão,BARREIRAS,Pluma,arroba,"35,29",35.29,Algodão,8
2012-05-10,Algodão,BARREIRAS,Caroço,arroba,"62,90",62.9,Algodão,8
2012-05-10,Algodão,BARREIRAS,Pluma,arroba,"35,20",35.2,Algodão,8
2012-05-11,Algodão,BARREIRAS,Caroço,arroba,"62,38",62.38,Algodão,8
2012-05-11,Algodão,BARREIRAS,Pluma,arroba,"36,20",36.2,Algodão,8
2012-05-14,Algodão,BARREIRAS,Caroço,arroba,"61,40",61.4,Algodão,8
2012-05-14,Algodão,BARREIRAS,Pluma,arroba,"35,50",35.5,Algodão,8
2012-05-15,Algodão,BARREIRAS,Caroço,arroba,"62,53",62.53,Algodão,8
2012-05-15,Algodão,BARREIRAS,Pluma,arroba,"35,58",35.58,Algodão,8
2012-05-16,Algodão,BARREIRAS,Caroço,arroba,"62,53",62.53,Algodão,8
2012-05-16,Algodão,BARREIRAS,Pluma,arroba,"35,58",35.58,Algodão,8
2012-05-17,Algodão,BARREIRAS,Caroço,arroba,"62,53",62.53,Algodão,8
2012-05-17,Algodão,BARREIRAS,Pluma,arroba,"35,58",35.58,Algodão,8
2012-05-18,Algodão,BARREIRAS,Caroço,arroba,"62,53",62.53,Algodão,8
2012-05-18,Algodão,BARREIRAS,Pluma,arroba,"35,58",35.58,Algodão,8
2012-05-21,Algodão,BARREIRAS,Caroço,arroba,"62,53",62.53,Algodão,8
2012-05-21,Algodão,BARREIRAS,Pluma,arroba,"35,58",35.58,Algodão,8
2012-05-22,Algodão,BARREIRAS,Caroço,arroba,"61,40",61.4,Algodão,8
2012-05-22,Algodão,BARREIRAS,Pluma,arroba,"35,50",35.5,Algodão,8
2012-05-23,Algodão,BARREIRAS,Caroço,arroba,"63,41",63.41,Algodão,8
2012-05-23,Algodão,BARREIRAS,Pluma,arroba,"35,80",35.8,Algodão,8
2012-05-24,Algodão,BARREIRAS,Caroço,arroba,"66,48",66.48,Algodão,8
2012-05-24,Algodão,BARREIRAS,Pluma,arroba,"36,50",36.5,Algodão,8
2012-05-25,Algodão,BARREIRAS,Caroço,arroba,"61,20",61.2,Algodão,8
2012-05-25,Algodão,BARREIRAS,Pluma,arroba,"31,90",31.9,Algodão,8
2012-05-28,Algodão,BARREIRAS,Caroço,arroba,"57,00",57.0,Algodão,8
2012-05-28,Algodão,BARREIRAS,Pluma,arroba,"31,20",31.2,Algodão,8
2012-05-29,Algodão,BARREIRAS,Caroço,arroba,"49,99",49.99,Algodão,8
2012-05-29,Algodão,BARREIRAS,Pluma,arroba,"31,20",31.2,Algodão,8
2012-05-30,Algodão,BARREIRAS,Caroço,arroba,"49,50",49.5,Algodão,8
2012-05-30,Algodão,BARREIRAS,Pluma,arroba,"31,05",31.05,Algodão,8
2012-05-31,Algodão,BARREIRAS,Caroço,arroba,"50,35",50.35,Algodão,8
2012-05-31,Algodão,BARREIRAS,Pluma,arroba,"32,20",32.2,Algodão,8
2012-06-01,Algodão,BARREIRAS,Caroço,arroba,"50,25",50.25,Algodão,8
2012-06-01,Algodão,BARREIRAS,Pluma,arroba,"31,48",31.48,Algodão,8
2012-06-04,Algodão,BARREIRAS,Caroço,arroba,"49,85",49.85,Algodão,8
2012-06-04,Algodão,BARREIRAS,Pluma,arroba,"31,10",31.1,Algodão,8
2012-06-05,Algodão,BARREIRAS,Caroço,arroba,"49,85",49.85,Algodão,8
2012-06-05,Algodão,BARREIRAS,Pluma,arroba,"31,10",31.1,Algodão,8
2012-06-06,Algodão,BARREIRAS,Caroço,arroba,"49,85",49.85,Algodão,8
2012-06-06,Algodão,BARREIRAS,Pluma,arroba,"31,10",31.1,Algodão,8
2012-06-11,Algodão,BARREIRAS,Caroço,arroba,"49,99",49.99,Algodão,8
2012-06-11,Algodão,BARREIRAS,Pluma,arroba,"31,20",31.2,Algodão,8
2012-06-12,Algodão,BARREIRAS,Caroço,arroba,"49,99",49.99,Algodão,8
2012-06-12,Algodão,BARREIRAS,Pluma,arroba,"31,20",31.2,Algodão,8
2012-06-13,Algodão,BARREIRAS,Caroço,arroba,"49,99",49.99,Algodão,8
2012-06-13,Algodão,BARREIRAS,Pluma,arroba,"31,20",31.2,Algodão,8
2012-06-14,Algodão,BARREIRAS,Caroço,arroba,"49,99",49.99,Algodão,8
2012-06-14,Algodão,BARREIRAS,Pluma,arroba,"31,20",31.2,Algodão,8
2012-06-15,Algodão,BARREIRAS,Caroço,arroba,"49,99",49.99,Algodão,8
2012-06-15,Algodão,BARREIRAS,Pluma,arroba,"31,20",31.2,Algodão,8
2012-06-18,Algodão,BARREIRAS,Caroço,arroba,"49,99",49.99,Algodão,8
2012-06-18,Algodão,BARREIRAS,Pluma,arroba,"31,20",31.2,Algodão,8
2012-06-19,Algodão,BARREIRAS,Caroço,arroba,"49,99",49.99,Algodão,8
2012-06-19,Algodão,BARREIRAS,Pluma,arroba,"31,20",31.2,Algodão,8
2012-06-20,Algodão,BARREIRAS,Caroço,arroba,"49,99",49.99,Algodão,8
2012-06-20,Algodão,BARREIRAS,Pluma,arroba,"31,20",31.2,Algodão,8
2012-06-21,Algodão,BARREIRAS,Caroço,arroba,"49,99",49.99,Algodão,8
2012-06-21,Algodão,BARREIRAS,Pluma,arroba,"31,20",31.2,Algodão,8
2012-06-22,Algodão,BARREIRAS,Caroço,arroba,"49,99",49.99,Algodão,8
2012-06-22,Algodão,BARREIRAS,Pluma,arroba,"31,20",31.2,Algodão,8
2012-06-25,Algodão,BARREIRAS,Caroço,arroba,"49,99",49.99,Algodão,8
2012-06-25,Algodão,BARREIRAS,Pluma,arroba,"31,20",31.2,Algodão,8
2012-06-26,Algodão,BARREIRAS,Caroço,arroba,"49,99",49.99,Algodão,8
2012-06-26,Algodão,BARREIRAS,Pluma,arroba,"31,20",31.2,Algodão,8
2012-06-27,Algodão,BARREIRAS,Caroço,arroba,"58,13",58.13,Algodão,8
2012-06-27,Algodão,BARREIRAS,Pluma,arroba,"32,50",32.5,Algodão,8
2012-06-28,Algodão,BARREIRAS,Caroço,arroba,"58,13",58.13,Algodão,8
2012-06-28,Algodão,BARREIRAS,Pluma,arroba,"32,50",32.5,Algodão,8
2012-06-29,Algodão,BARREIRAS,Caroço,arroba,"58,13",58.13,Algodão,8
2012-06-29,Algodão,BARREIRAS,Pluma,arroba,"32,50",32.5,Algodão,8
2012-07-03,Algodão,BARREIRAS,Caroço,arroba,"51,38",51.38,Algodão,8
2012-07-03,Algodão,BARREIRAS,Pluma,arroba,"31,00",31.0,Algodão,8
2012-07-04,Algodão,BARREIRAS,Caroço,arroba,"51,38",51.38,Algodão,8
2012-07-04,Algodão,BARREIRAS,Pluma,arroba,"31,00",31.0,Algodão,8
2012-07-05,Algodão,BARREIRAS,Caroço,arroba,"51,38",51.38,Algodão,8
2012-07-05,Algodão,BARREIRAS,Pluma,arroba,"31,00",31.0,Algodão,8
2012-07-06,Algodão,BARREIRAS,Caroço,arroba,"51,38",51.38,Algodão,8
2012-07-06,Algodão,BARREIRAS,Pluma,arroba,"31,00",31.0,Algodão,8
2012-07-09,Algodão,BARREIRAS,Caroço,arroba,"49,50",49.5,Algodão,8
2012-07-09,Algodão,BARREIRAS,Pluma,arroba,"31,00",31.0,Algodão,8
2012-07-10,Algodão,BARREIRAS,Caroço,arroba,"49,50",49.5,Algodão,8
2012-07-10,Algodão,BARREIRAS,Pluma,arroba,"31,00",31.0,Algodão,8
2012-07-11,Algodão,BARREIRAS,Caroço,arroba,"49,50",49.5,Algodão,8
2012-07-11,Algodão,BARREIRAS,Pluma,arroba,"31,00",31.0,Algodão,8
2012-07-12,Algodão,BARREIRAS,Caroço,arroba,"49,50",49.5,Algodão,8
2012-07-12,Algodão,BARREIRAS,Pluma,arroba,"31,00",31.0,Algodão,8
2012-07-13,Algodão,BARREIRAS,Caroço,arroba,"49,50",49.5,Algodão,8
2012-07-13,Algodão,BARREIRAS,Pluma,arroba,"31,00",31.0,Algodão,8
2012-07-16,Algodão,BARREIRAS,Caroço,arroba,"49,98",49.98,Algodão,8
2012-07-16,Algodão,BARREIRAS,Pluma,arroba,"33,80",33.8,Algodão,8
2012-07-17,Algodão,BARREIRAS,Caroço,arroba,"49,98",49.98,Algodão,8
2012-07-17,Algodão,BARREIRAS,Pluma,arroba,"33,80",33.8,Algodão,8
2012-07-18,Algodão,BARREIRAS,Caroço,arroba,"49,98",49.98,Algodão,8
2012-07-18,Algodão,BARREIRAS,Pluma,arroba,"33,80",33.8,Algodão,8
2012-07-19,Algodão,BARREIRAS,Caroço,arroba,"49,98",49.98,Algodão,8
2012-07-19,Algodão,BARREIRAS,Pluma,arroba,"33,80",33.8,Algodão,8
2012-07-20,Algodão,BARREIRAS,Caroço,arroba,"49,98",49.98,Algodão,8
2012-07-20,Algodão,BARREIRAS,Pluma,arroba,"33,80",33.8,Algodão,8
2012-07-23,Algodão,BARREIRAS,Caroço,arroba,"49,98",49.98,Algodão,8
2012-07-23,Algodão,BARREIRAS,Pluma,arroba,"33,80",33.8,Algodão,8
2012-07-24,Algodão,BARREIRAS,Caroço,arroba,"51,49",51.49,Algodão,8
2012-07-24,Algodão,BARREIRAS,Pluma,arroba,"34,05",34.05,Algodão,8
2012-07-25,Algodão,BARREIRAS,Caroço,arroba,"51,49",51.49,Algodão,8
2012-07-25,Algodão,BARREIRAS,Pluma,arroba,"34,05",34.05,Algodão,8
2012-07-26,Algodão,BARREIRAS,Caroço,arroba,"51,49",51.49,Algodão,8
2012-07-26,Algodão,BARREIRAS,Pluma,arroba,"34,05",34.05,Algodão,8
2012-07-27,Algodão,BARREIRAS,Caroço,arroba,"51,49",51.49,Algodão,8
2012-07-27,Algodão,BARREIRAS,Pluma,arroba,"34,05",34.05,Algodão,8
2012-07-30,Algodão,BARREIRAS,Caroço,arroba,"51,49",51.49,Algodão,8
2012-07-30,Algodão,BARREIRAS,Pluma,arroba,"34,05",34.05,Algodão,8
2012-07-31,Algodão,BARREIRAS,Caroço,arroba,"51,49",51.49,Algodão,8
2012-07-31,Algodão,BARREIRAS,Pluma,arroba,"34,05",34.05,Algodão,8
2012-08-01,Algodão,BARREIRAS,Caroço,arroba,"51,49",51.49,Algodão,8
2012-08-01,Algodão,BARREIRAS,Pluma,arroba,"34,05",34.05,Algodão,8
2012-08-02,Algodão,BARREIRAS,Caroço,arroba,"51,49",51.49,Algodão,8
2012-08-02,Algodão,BARREIRAS,Pluma,arroba,"34,05",34.05,Algodão,8
2012-08-03,Algodão,BARREIRAS,Caroço,arroba,"51,49",51.49,Algodão,8
2012-08-03,Algodão,BARREIRAS,Pluma,arroba,"34,05",34.05,Algodão,8
2012-08-06,Algodão,BARREIRAS,Caroço,arroba,"51,49",51.49,Algodão,8
2012-08-06,Algodão,BARREIRAS,Pluma,arroba,"34,05",34.05,Algodão,8
2012-08-07,Algodão,BARREIRAS,Caroço,arroba,"54,50",54.5,Algodão,8
2012-08-07,Algodão,BARREIRAS,Pluma,arroba,"31,50",31.5,Algodão,8
2012-08-08,Algodão,BARREIRAS,Caroço,arroba,"54,50",54.5,Algodão,8
2012-08-08,Algodão,BARREIRAS,Pluma,arroba,"31,50",31.5,Algodão,8
2012-08-09,Algodão,BARREIRAS,Caroço,arroba,"54,50",54.5,Algodão,8
2012-08-09,Algodão,BARREIRAS,Pluma,arroba,"31,50",31.5,Algodão,8
2012-08-10,Algodão,BARREIRAS,Caroço,arroba,"54,50",54.5,Algodão,8
2012-08-10,Algodão,BARREIRAS,Pluma,arroba,"31,50",31.5,Algodão,8
2012-08-13,Algodão,BARREIRAS,Caroço,arroba,"54,50",54.5,Algodão,8
2012-08-13,Algodão,BARREIRAS,Pluma,arroba,"31,50",31.5,Algodão,8
2012-08-14,Algodão,BARREIRAS,Caroço,arroba,"54,50",54.5,Algodão,8
2012-08-14,Algodão,BARREIRAS,Pluma,arroba,"31,50",31.5,Algodão,8
2012-08-15,Algodão,BARREIRAS,Caroço,arroba,"54,50",54.5,Algodão,8
2012-08-15,Algodão,BARREIRAS,Pluma,arroba,"31,50",31.5,Algodão,8
2012-08-16,Algodão,BARREIRAS,Caroço,arroba,"54,50",54.5,Algodão,8
2012-08-16,Algodão,BARREIRAS,Pluma,arroba,"31,50",31.5,Algodão,8
2012-08-17,Algodão,BARREIRAS,Caroço,arroba,"54,50",54.5,Algodão,8
2012-08-17,Algodão,BARREIRAS,Pluma,arroba,"31,50",31.5,Algodão,8
2012-08-20,Algodão,BARREIRAS,Caroço,arroba,"54,50",54.5,Algodão,8
2012-08-20,Algodão,BARREIRAS,Pluma,arroba,"31,50",31.5,Algodão,8
2012-08-21,Algodão,BARREIRAS,Caroço,arroba,"49,58",49.58,Algodão,8
2012-08-21,Algodão,BARREIRAS,Pluma,arroba,"33,52",33.52,Algodão,8
2012-08-22,Algodão,BARREIRAS,Caroço,arroba,"49,58",49.58,Algodão,8
2012-08-22,Algodão,BARREIRAS,Pluma,arroba,"33,52",33.52,Algodão,8
2012-08-23,Algodão,BARREIRAS,Caroço,arroba,"49,58",49.58,Algodão,8
2012-08-23,Algodão,BARREIRAS,Pluma,arroba,"33,52",33.52,Algodão,8
2012-08-24,Algodão,BARREIRAS,Caroço,arroba,"49,58",49.58,Algodão,8
2012-08-24,Algodão,BARREIRAS,Pluma,arroba,"33,52",33.52,Algodão,8
2012-08-27,Algodão,BARREIRAS,Caroço,arroba,"49,58",49.58,Algodão,8
2012-08-27,Algodão,BARREIRAS,Pluma,arroba,"33,52",33.52,Algodão,8
2012-08-28,Algodão,BARREIRAS,Caroço,arroba,"49,58",49.58,Algodão,8
2012-08-28,Algodão,BARREIRAS,Pluma,arroba,"33,52",33.52,Algodão,8
2012-08-29,Algodão,BARREIRAS,Caroço,arroba,"49,58",49.58,Algodão,8
2012-08-29,Algodão,BARREIRAS,Pluma,arroba,"33,52",33.52,Algodão,8
2012-08-30,Algodão,BARREIRAS,Caroço,arroba,"49,58",49.58,Algodão,8
2012-08-30,Algodão,BARREIRAS,Pluma,arroba,"33,52",33.52,Algodão,8
2012-08-31,Algodão,BARREIRAS,Caroço,arroba,"49,58",49.58,Algodão,8
2012-08-31,Algodão,BARREIRAS,Pluma,arroba,"33,52",33.52,Algodão,8
2012-09-03,Algodão,BARREIRAS,Caroço,arroba,"49,58",49.58,Algodão,8
2012-09-03,Algodão,BARREIRAS,Pluma,arroba,"33,52",33.52,Algodão,8
2012-09-04,Algodão,BARREIRAS,Caroço,arroba,"49,58",49.58,Algodão,8
2012-09-04,Algodão,BARREIRAS,Pluma,arroba,"33,52",33.52,Algodão,8
2012-09-05,Algodão,BARREIRAS,Caroço,arroba,"49,58",49.58,Algodão,8
2012-09-05,Algodão,BARREIRAS,Pluma,arroba,"33,52",33.52,Algodão,8
2012-09-06,Algodão,BARREIRAS,Caroço,arroba,"49,58",49.58,Algodão,8
2012-09-06,Algodão,BARREIRAS,Pluma,arroba,"33,52",33.52,Algodão,8
2012-09-10,Algodão,BARREIRAS,Caroço,arroba,"49,58",49.58,Algodão,8
2012-09-10,Algodão,BARREIRAS,Pluma,arroba,"33,52",33.52,Algodão,8
2012-09-11,Algodão,BARREIRAS,Caroço,arroba,"49,58",49.58,Algodão,8
2012-09-11,Algodão,BARREIRAS,Pluma,arroba,"33,52",33.52,Algodão,8
2012-09-12,Algodão,BARREIRAS,Caroço,arroba,"49,60",49.6,Algodão,8
2012-09-12,Algodão,BARREIRAS,Pluma,arroba,"36,58",36.58,Algodão,8
2012-09-13,Algodão,BARREIRAS,Caroço,arroba,"49,60",49.6,Algodão,8
2012-09-13,Algodão,BARREIRAS,Pluma,arroba,"36,58",36.58,Algodão,8
2012-09-14,Algodão,BARREIRAS,Caroço,arroba,"49,60",49.6,Algodão,8
2012-09-14,Algodão,BARREIRAS,Pluma,arroba,"36,58",36.58,Algodão,8
2012-09-17,Algodão,BARREIRAS,Caroço,arroba,"49,60",49.6,Algodão,8
2012-09-17,Algodão,BARREIRAS,Pluma,arroba,"36,58",36.58,Algodão,8
2012-09-18,Algodão,BARREIRAS,Caroço,arroba,"49,60",49.6,Algodão,8
2012-09-18,Algodão,BARREIRAS,Pluma,arroba,"36,58",36.58,Algodão,8
2012-09-19,Algodão,BARREIRAS,Caroço,arroba,"49,60",49.6,Algodão,8
2012-09-19,Algodão,BARREIRAS,Pluma,arroba,"36,58",36.58,Algodão,8
2012-09-20,Algodão,BARREIRAS,Caroço,arroba,"53,60",53.6,Algodão,8
2012-09-20,Algodão,BARREIRAS,Pluma,arroba,"37,20",37.2,Algodão,8
2012-09-21,Algodão,BARREIRAS,Caroço,arroba,"53,60",53.6,Algodão,8
2012-09-21,Algodão,BARREIRAS,Pluma,arroba,"37,20",37.2,Algodão,8
2012-09-24,Algodão,BARREIRAS,Caroço,arroba,"51,38",51.38,Algodão,8
2012-09-24,Algodão,BARREIRAS,Pluma,arroba,"36,90",36.9,Algodão,8
2012-09-25,Algodão,BARREIRAS,Caroço,arroba,"51,38",51.38,Algodão,8
2012-09-25,Algodão,BARREIRAS,Pluma,arroba,"36,90",36.9,Algodão,8
2012-09-26,Algodão,BARREIRAS,Caroço,arroba,"51,38",51.38,Algodão,8
2012-09-26,Algodão,BARREIRAS,Pluma,arroba,"36,90",36.9,Algodão,8
2012-09-27,Algodão,BARREIRAS,Caroço,arroba,"51,38",51.38,Algodão,8
2012-09-27,Algodão,BARREIRAS,Pluma,arroba,"36,90",36.9,Algodão,8
2012-09-28,Algodão,BARREIRAS,Caroço,arroba,"51,38",51.38,Algodão,8
2012-09-28,Algodão,BARREIRAS,Pluma,arroba,"36,90",36.9,Algodão,8
2012-10-01,Algodão,BARREIRAS,Caroço,arroba,"51,38",51.38,Algodão,8
2012-10-01,Algodão,BARREIRAS,Pluma,arroba,"36,90",36.9,Algodão,8
2012-10-02,Algodão,BARREIRAS,Caroço,arroba,"51,38",51.38,Algodão,8
2012-10-02,Algodão,BARREIRAS,Pluma,arroba,"36,90",36.9,Algodão,8
2012-10-03,Algodão,BARREIRAS,Caroço,arroba,"51,38",51.38,Algodão,8
2012-10-03,Algodão,BARREIRAS,Pluma,arroba,"36,90",36.9,Algodão,8
2012-10-04,Algodão,BARREIRAS,Caroço,arroba,"51,38",51.38,Algodão,8
2012-10-04,Algodão,BARREIRAS,Pluma,arroba,"36,90",36.9,Algodão,8
2012-10-05,Algodão,BARREIRAS,Caroço,arroba,"51,38",51.38,Algodão,8
2012-10-05,Algodão,BARREIRAS,Pluma,arroba,"36,90",36.9,Algodão,8
2012-10-08,Algodão,BARREIRAS,Caroço,arroba,"51,38",51.38,Algodão,8
2012-10-08,Algodão,BARREIRAS,Pluma,arroba,"36,90",36.9,Algodão,8
2012-10-09,Algodão,BARREIRAS,Caroço,arroba,"51,38",51.38,Algodão,8
2012-10-09,Algodão,BARREIRAS,Pluma,arroba,"36,90",36.9,Algodão,8
2012-10-10,Algodão,BARREIRAS,Caroço,arroba,"51,08",51.08,Algodão,8
2012-10-10,Algodão,BARREIRAS,Pluma,arroba,"36,70",36.7,Algodão,8
2012-10-11,Algodão,BARREIRAS,Caroço,arroba,"51,08",51.08,Algodão,8
2012-10-11,Algodão,BARREIRAS,Pluma,arroba,"36,70",36.7,Algodão,8
2012-10-15,Algodão,BARREIRAS,Caroço,arroba,"51,08",51.08,Algodão,8
2012-10-15,Algodão,BARREIRAS,Pluma,arroba,"36,70",36.7,Algodão,8
2012-10-16,Algodão,BARREIRAS,Caroço,arroba,"51,08",51.08,Algodão,8
2012-10-16,Algodão,BARREIRAS,Pluma,arroba,"36,70",36.7,Algodão,8
2012-10-17,Algodão,BARREIRAS,Caroço,arroba,"51,08",51.08,Algodão,8
2012-10-17,Algodão,BARREIRAS,Pluma,arroba,"36,70",36.7,Algodão,8
2012-10-18,Algodão,BARREIRAS,Caroço,arroba,"51,08",51.08,Algodão,8
2012-10-18,Algodão,BARREIRAS,Pluma,arroba,"36,70",36.7,Algodão,8
2012-10-19,Algodão,BARREIRAS,Caroço,arroba,"51,08",51.08,Algodão,8
2012-10-19,Algodão,BARREIRAS,Pluma,arroba,"36,70",36.7,Algodão,8
2012-10-22,Algodão,BARREIRAS,Caroço,arroba,"49,60",49.6,Algodão,8
2012-10-22,Algodão,BARREIRAS,Pluma,arroba,"36,70",36.7,Algodão,8
2012-10-23,Algodão,BARREIRAS,Caroço,arroba,"49,60",49.6,Algodão,8
2012-10-23,Algodão,BARREIRAS,Pluma,arroba,"36,70",36.7,Algodão,8
2012-10-24,Algodão,BARREIRAS,Caroço,arroba,"49,60",49.6,Algodão,8
2012-10-24,Algodão,BARREIRAS,Pluma,arroba,"36,70",36.7,Algodão,8
2012-10-25,Algodão,BARREIRAS,Caroço,arroba,"49,60",49.6,Algodão,8
2012-10-25,Algodão,BARREIRAS,Pluma,arroba,"36,70",36.7,Algodão,8
2012-10-26,Algodão,BARREIRAS,Caroço,arroba,"49,60",49.6,Algodão,8
2012-10-26,Algodão,BARREIRAS,Pluma,arroba,"36,70",36.7,Algodão,8
2012-10-29,Algodão,BARREIRAS,Caroço,arroba,"49,60",49.6,Algodão,8
2012-10-29,Algodão,BARREIRAS,Pluma,arroba,"36,70",36.7,Algodão,8
2012-10-30,Algodão,BARREIRAS,Caroço,arroba,"49,60",49.6,Algodão,8
2012-10-30,Algodão,BARREIRAS,Pluma,arroba,"36,70",36.7,Algodão,8
2012-10-31,Algodão,BARREIRAS,Caroço,arroba,"49,60",49.6,Algodão,8
2012-10-31,Algodão,BARREIRAS,Pluma,arroba,"36,70",36.7,Algodão,8
2012-11-01,Algodão,BARREIRAS,Caroço,arroba,"49,60",49.6,Algodão,8
2012-11-01,Algodão,BARREIRAS,Pluma,arroba,"36,70",36.7,Algodão,8
2012-11-05,Algodão,BARREIRAS,Caroço,arroba,"49,60",49.6,Algodão,8
2012-11-05,Algodão,BARREIRAS,Pluma,arroba,"36,70",36.7,Algodão,8
2012-11-06,Algodão,BARREIRAS,Caroço,arroba,"49,60",49.6,Algodão,8
2012-11-06,Algodão,BARREIRAS,Pluma,arroba,"36,70",36.7,Algodão,8
2012-11-07,Algodão,BARREIRAS,Caroço,arroba,"49,60",49.6,Algodão,8
2012-11-07,Algodão,BARREIRAS,Pluma,arroba,"36,70",36.7,Algodão,8
2012-11-08,Algodão,BARREIRAS,Caroço,arroba,"49,60",49.6,Algodão,8
2012-11-08,Algodão,BARREIRAS,Pluma,arroba,"36,70",36.7,Algodão,8
2012-11-09,Algodão,BARREIRAS,Caroço,arroba,"49,60",49.6,Algodão,8
2012-11-09,Algodão,BARREIRAS,Pluma,arroba,"36,70",36.7,Algodão,8
2012-11-12,Algodão,BARREIRAS,Caroço,arroba,"49,60",49.6,Algodão,8
2012-11-12,Algodão,BARREIRAS,Pluma,arroba,"36,70",36.7,Algodão,8
2012-11-13,Algodão,BARREIRAS,Caroço,arroba,"49,60",49.6,Algodão,8
2012-11-13,Algodão,BARREIRAS,Pluma,arroba,"36,70",36.7,Algodão,8
2012-11-14,Algodão,BARREIRAS,Caroço,arroba,"49,60",49.6,Algodão,8
2012-11-14,Algodão,BARREIRAS,Pluma,arroba,"36,70",36.7,Algodão,8
2012-11-19,Algodão,BARREIRAS,Caroço,arroba,"49,60",49.6,Algodão,8
2012-11-19,Algodão,BARREIRAS,Pluma,arroba,"36,70",36.7,Algodão,8
2012-11-20,Algodão,BARREIRAS,Caroço,arroba,"49,60",49.6,Algodão,8
2012-11-20,Algodão,BARREIRAS,Pluma,arroba,"36,70",36.7,Algodão,8
2012-11-21,Algodão,BARREIRAS,Caroço,arroba,"49,60",49.6,Algodão,8
2012-11-21,Algodão,BARREIRAS,Pluma,arroba,"36,70",36.7,Algodão,8
2012-11-22,Algodão,BARREIRAS,Caroço,arroba,"49,60",49.6,Algodão,8
2012-11-22,Algodão,BARREIRAS,Pluma,arroba,"36,70",36.7,Algodão,8
2012-11-23,Algodão,BARREIRAS,Caroço,arroba,"49,60",49.6,Algodão,8
2012-11-23,Algodão,BARREIRAS,Pluma,arroba,"36,70",36.7,Algodão,8
2012-11-26,Algodão,BARREIRAS,Caroço,arroba,"49,60",49.6,Algodão,8
2012-11-26,Algodão,BARREIRAS,Pluma,arroba,"36,70",36.7,Algodão,8
2012-11-27,Algodão,BARREIRAS,Caroço,arroba,"49,95",49.95,Algodão,8
2012-11-27,Algodão,BARREIRAS,Pluma,arroba,"37,00",37.0,Algodão,8
2012-11-28,Algodão,BARREIRAS,Caroço,arroba,"49,95",49.95,Algodão,8
2012-11-28,Algodão,BARREIRAS,Pluma,arroba,"37,00",37.0,Algodão,8
2012-11-29,Algodão,BARREIRAS,Caroço,arroba,"49,95",49.95,Algodão,8
2012-11-29,Algodão,BARREIRAS,Pluma,arroba,"37,00",37.0,Algodão,8
2012-11-30,Algodão,BARREIRAS,Caroço,arroba,"49,95",49.95,Algodão,8
2012-11-30,Algodão,BARREIRAS,Pluma,arroba,"37,00",37.0,Algodão,8
2012-12-03,Algodão,BARREIRAS,Caroço,arroba,"49,80",49.8,Algodão,8
2012-12-03,Algodão,BARREIRAS,Pluma,arroba,"37,50",37.5,Algodão,8
2012-12-04,Algodão,BARREIRAS,Caroço,arroba,"49,85",49.85,Algodão,8
2012-12-04,Algodão,BARREIRAS,Pluma,arroba,"37,50",37.5,Algodão,8
2012-12-05,Algodão,BARREIRAS,Caroço,arroba,"51,05",51.05,Algodão,8
2012-12-05,Algodão,BARREIRAS,Pluma,arroba,"38,20",38.2,Algodão,8
2012-12-06,Algodão,BARREIRAS,Caroço,arroba,"51,05",51.05,Algodão,8
2012-12-06,Algodão,BARREIRAS,Pluma,arroba,"38,20",38.2,Algodão,8
2012-12-07,Algodão,BARREIRAS,Caroço,arroba,"51,05",51.05,Algodão,8
2012-12-07,Algodão,BARREIRAS,Pluma,arroba,"38,20",38.2,Algodão,8
2012-12-10,Algodão,BARREIRAS,Caroço,arroba,"51,05",51.05,Algodão,8
2012-12-10,Algodão,BARREIRAS,Pluma,arroba,"38,20",38.2,Algodão,8
2012-12-11,Algodão,BARREIRAS,Caroço,arroba,"51,05",51.05,Algodão,8
2012-12-11,Algodão,BARREIRAS,Pluma,arroba,"38,20",38.2,Algodão,8
2012-12-12,Algodão,BARREIRAS,Caroço,arroba,"51,05",51.05,Algodão,8
2012-12-12,Algodão,BARREIRAS,Pluma,arroba,"38,20",38.2,Algodão,8
2012-12-13,Algodão,BARREIRAS,Caroço,arroba,"51,05",51.05,Algodão,8
2012-12-13,Algodão,BARREIRAS,Pluma,arroba,"38,20",38.2,Algodão,8
2012-12-14,Algodão,BARREIRAS,Caroço,arroba,"51,05",51.05,Algodão,8
2012-12-14,Algodão,BARREIRAS,Pluma,arroba,"38,20",38.2,Algodão,8
2012-12-17,Algodão,BARREIRAS,Caroço,arroba,"51,05",51.05,Algodão,8
2012-12-17,Algodão,BARREIRAS,Pluma,arroba,"38,20",38.2,Algodão,8
2012-12-18,Algodão,BARREIRAS,Caroço,arroba,"51,05",51.05,Algodão,8
2012-12-18,Algodão,BARREIRAS,Pluma,arroba,"38,20",38.2,Algodão,8
2012-12-19,Algodão,BARREIRAS,Caroço,arroba,"51,05",51.05,Algodão,8
2012-12-19,Algodão,BARREIRAS,Pluma,arroba,"38,20",38.2,Algodão,8
2012-12-20,Algodão,BARREIRAS,Caroço,arroba,"51,05",51.05,Algodão,8
2012-12-20,Algodão,BARREIRAS,Pluma,arroba,"38,20",38.2,Algodão,8
2012-12-21,Algodão,BARREIRAS,Caroço,arroba,"51,05",51.05,Algodão,8
2012-12-21,Algodão,BARREIRAS,Pluma,arroba,"38,20",38.2,Algodão,8
2012-12-26,Algodão,BARREIRAS,Caroço,arroba,"51,05",51.05,Algodão,8
2012-12-26,Algodão,BARREIRAS,Pluma,arroba,"38,20",38.2,Algodão,8
2012-12-27,Algodão,BARREIRAS,Caroço,arroba,"51,05",51.05,Algodão,8
2012-12-27,Algodão,BARREIRAS,Pluma,arroba,"38,20",38.2,Algodão,8
2012-12-28,Algodão,BARREIRAS,Caroço,arroba,"51,05",51.05,Algodão,8
2012-12-28,Algodão,BARREIRAS,Pluma,arroba,"38,20",38.2,Algodão,8
2013-01-02,Algodão,BARREIRAS,Caroço,arroba,"51,05",51.05,Algodão,8
2013-01-02,Algodão,BARREIRAS,Pluma,arroba,"38,20",38.2,Algodão,8
2013-01-03,Algodão,BARREIRAS,Caroço,arroba,"51,05",51.05,Algodão,8
2013-01-03,Algodão,BARREIRAS,Pluma,arroba,"38,20",38.2,Algodão,8
2013-01-04,Algodão,BARREIRAS,Caroço,arroba,"51,05",51.05,Algodão,8
2013-01-04,Algodão,BARREIRAS,Pluma,arroba,"38,20",38.2,Algodão,8
2013-01-07,Algodão,BARREIRAS,Caroço,arroba,"49,93",49.93,Algodão,8
2013-01-07,Algodão,BARREIRAS,Pluma,arroba,"36,70",36.7,Algodão,8
2013-01-08,Algodão,BARREIRAS,Caroço,arroba,"49,93",49.93,Algodão,8
2013-01-08,Algodão,BARREIRAS,Pluma,arroba,"36,70",36.7,Algodão,8
2013-01-09,Algodão,BARREIRAS,Caroço,arroba,"49,93",49.93,Algodão,8
2013-01-09,Algodão,BARREIRAS,Pluma,arroba,"36,70",36.7,Algodão,8
2013-01-10,Algodão,BARREIRAS,Caroço,arroba,"49,93",49.93,Algodão,8
2013-01-10,Algodão,BARREIRAS,Pluma,arroba,"37,80",37.8,Algodão,8
2013-01-11,Algodão,BARREIRAS,Caroço,arroba,"49,93",49.93,Algodão,8
2013-01-11,Algodão,BARREIRAS,Pluma,arroba,"37,80",37.8,Algodão,8
2013-01-14,Algodão,BARREIRAS,Caroço,arroba,"49,93",49.93,Algodão,8
2013-01-14,Algodão,BARREIRAS,Pluma,arroba,"37,69",37.69,Algodão,8
2013-01-15,Algodão,BARREIRAS,Caroço,arroba,"49,93",49.93,Algodão,8
2013-01-15,Algodão,BARREIRAS,Pluma,arroba,"37,69",37.69,Algodão,8
2013-01-16,Algodão,BARREIRAS,Caroço,arroba,"49,93",49.93,Algodão,8
2013-01-16,Algodão,BARREIRAS,Pluma,arroba,"37,69",37.69,Algodão,8
2013-01-17,Algodão,BARREIRAS,Caroço,arroba,"49,93",49.93,Algodão,8
2013-01-17,Algodão,BARREIRAS,Pluma,arroba,"37,69",37.69,Algodão,8
2013-01-18,Algodão,BARREIRAS,Caroço,arroba,"49,93",49.93,Algodão,8
2013-01-18,Algodão,BARREIRAS,Pluma,arroba,"37,69",37.69,Algodão,8
2013-01-21,Algodão,BARREIRAS,Caroço,arroba,"49,93",49.93,Algodão,8
2013-01-21,Algodão,BARREIRAS,Pluma,arroba,"37,71",37.71,Algodão,8
2013-01-22,Algodão,BARREIRAS,Caroço,arroba,"49,93",49.93,Algodão,8
2013-01-22,Algodão,BARREIRAS,Pluma,arroba,"37,71",37.71,Algodão,8
2013-01-23,Algodão,BARREIRAS,Caroço,arroba,"49,93",49.93,Algodão,8
2013-01-23,Algodão,BARREIRAS,Pluma,arroba,"37,71",37.71,Algodão,8
2013-01-24,Algodão,BARREIRAS,Caroço,arroba,"49,93",49.93,Algodão,8
2013-01-24,Algodão,BARREIRAS,Pluma,arroba,"37,71",37.71,Algodão,8
2013-01-25,Algodão,BARREIRAS,Caroço,arroba,"49,93",49.93,Algodão,8
2013-01-25,Algodão,BARREIRAS,Pluma,arroba,"37,71",37.71,Algodão,8
2013-01-28,Algodão,BARREIRAS,Caroço,arroba,"57,37",57.37,Algodão,8
2013-01-28,Algodão,BARREIRAS,Pluma,arroba,"38,71",38.71,Algodão,8
2013-01-29,Algodão,BARREIRAS,Caroço,arroba,"57,37",57.37,Algodão,8
2013-01-29,Algodão,BARREIRAS,Pluma,arroba,"38,71",38.71,Algodão,8
2013-01-30,Algodão,BARREIRAS,Caroço,arroba,"57,37",57.37,Algodão,8
2013-01-30,Algodão,BARREIRAS,Pluma,arroba,"38,71",38.71,Algodão,8
2013-01-31,Algodão,BARREIRAS,Caroço,arroba,"57,37",57.37,Algodão,8
2013-01-31,Algodão,BARREIRAS,Pluma,arroba,"38,71",38.71,Algodão,8
2013-02-01,Algodão,BARREIRAS,Caroço,arroba,"57,37",57.37,Algodão,8
2013-02-01,Algodão,BARREIRAS,Pluma,arroba,"38,71",38.71,Algodão,8
2013-02-04,Algodão,BARREIRAS,Caroço,arroba,"57,37",57.37,Algodão,8
2013-02-04,Algodão,BARREIRAS,Pluma,arroba,"38,71",38.71,Algodão,8
2013-02-05,Algodão,BARREIRAS,Caroço,arroba,"57,37",57.37,Algodão,8
2013-02-05,Algodão,BARREIRAS,Pluma,arroba,"38,71",38.71,Algodão,8
2013-02-06,Algodão,BARREIRAS,Caroço,arroba,"57,70",57.7,Algodão,8
2013-02-06,Algodão,BARREIRAS,Pluma,arroba,"38,75",38.75,Algodão,8
2013-02-07,Algodão,BARREIRAS,Caroço,arroba,"57,70",57.7,Algodão,8
2013-02-07,Algodão,BARREIRAS,Pluma,arroba,"38,75",38.75,Algodão,8
2013-02-14,Algodão,BARREIRAS,Caroço,arroba,"57,70",57.7,Algodão,8
2013-02-14,Algodão,BARREIRAS,Pluma,arroba,"38,75",38.75,Algodão,8
2013-02-15,Algodão,BARREIRAS,Caroço,arroba,"57,70",57.7,Algodão,8
2013-02-15,Algodão,BARREIRAS,Pluma,arroba,"38,75",38.75,Algodão,8
2013-02-18,Algodão,BARREIRAS,Caroço,arroba,"57,70",57.7,Algodão,8
2013-02-18,Algodão,BARREIRAS,Pluma,arroba,"38,75",38.75,Algodão,8
2013-02-19,Algodão,BARREIRAS,Caroço,arroba,"57,70",57.7,Algodão,8
2013-02-19,Algodão,BARREIRAS,Pluma,arroba,"38,75",38.75,Algodão,8
2013-02-20,Algodão,BARREIRAS,Caroço,arroba,"57,70",57.7,Algodão,8
2013-02-20,Algodão,BARREIRAS,Pluma,arroba,"38,75",38.75,Algodão,8
2013-02-21,Algodão,BARREIRAS,Caroço,arroba,"57,70",57.7,Algodão,8
2013-02-21,Algodão,BARREIRAS,Pluma,arroba,"38,75",38.75,Algodão,8
2013-02-22,Algodão,BARREIRAS,Caroço,arroba,"57,37",57.37,Algodão,8
2013-02-22,Algodão,BARREIRAS,Pluma,arroba,"38,71",38.71,Algodão,8
2013-02-25,Algodão,BARREIRAS,Caroço,arroba,"57,37",57.37,Algodão,8
2013-02-25,Algodão,BARREIRAS,Pluma,arroba,"38,71",38.71,Algodão,8
2013-02-26,Algodão,BARREIRAS,Caroço,arroba,"57,37",57.37,Algodão,8
2013-02-26,Algodão,BARREIRAS,Pluma,arroba,"38,71",38.71,Algodão,8
2013-02-27,Algodão,BARREIRAS,Caroço,arroba,"57,37",57.37,Algodão,8
2013-02-27,Algodão,BARREIRAS,Pluma,arroba,"38,71",38.71,Algodão,8
2013-02-28,Algodão,BARREIRAS,Caroço,arroba,"58,76",58.76,Algodão,8
2013-02-28,Algodão,BARREIRAS,Pluma,arroba,"39,00",39.0,Algodão,8
2013-03-01,Algodão,BARREIRAS,Caroço,arroba,"58,76",58.76,Algodão,8
2013-03-01,Algodão,BARREIRAS,Pluma,arroba,"39,00",39.0,Algodão,8
2013-03-04,Algodão,BARREIRAS,Caroço,arroba,"58,76",58.76,Algodão,8
2013-03-04,Algodão,BARREIRAS,Pluma,arroba,"39,00",39.0,Algodão,8
2013-03-05,Algodão,BARREIRAS,Caroço,arroba,"58,76",58.76,Algodão,8
2013-03-05,Algodão,BARREIRAS,Pluma,arroba,"39,00",39.0,Algodão,8
2013-03-06,Algodão,BARREIRAS,Caroço,arroba,"58,76",58.76,Algodão,8
2013-03-06,Algodão,BARREIRAS,Pluma,arroba,"39,00",39.0,Algodão,8
2013-03-07,Algodão,BARREIRAS,Caroço,arroba,"58,76",58.76,Algodão,8
2013-03-07,Algodão,BARREIRAS,Pluma,arroba,"39,00",39.0,Algodão,8
2013-03-08,Algodão,BARREIRAS,Caroço,arroba,"58,76",58.76,Algodão,8
2013-03-08,Algodão,BARREIRAS,Pluma,arroba,"39,00",39.0,Algodão,8
2013-03-11,Algodão,BARREIRAS,Caroço,arroba,"58,76",58.76,Algodão,8
2013-03-11,Algodão,BARREIRAS,Pluma,arroba,"39,00",39.0,Algodão,8
2013-03-12,Algodão,BARREIRAS,Caroço,arroba,"58,76",58.76,Algodão,8
2013-03-12,Algodão,BARREIRAS,Pluma,arroba,"39,00",39.0,Algodão,8
2013-03-13,Algodão,BARREIRAS,Caroço,arroba,"58,76",58.76,Algodão,8
2013-03-13,Algodão,BARREIRAS,Pluma,arroba,"39,00",39.0,Algodão,8
2013-03-14,Algodão,BARREIRAS,Caroço,arroba,"62,83",62.83,Algodão,8
2013-03-14,Algodão,BARREIRAS,Pluma,arroba,"39,95",39.95,Algodão,8
2013-03-15,Algodão,BARREIRAS,Caroço,arroba,"62,83",62.83,Algodão,8
2013-03-15,Algodão,BARREIRAS,Pluma,arroba,"39,95",39.95,Algodão,8
2013-03-18,Algodão,BARREIRAS,Caroço,arroba,"62,83",62.83,Algodão,8
2013-03-18,Algodão,BARREIRAS,Pluma,arroba,"39,80",39.8,Algodão,8
2013-03-19,Algodão,BARREIRAS,Caroço,arroba,"62,83",62.83,Algodão,8
2013-03-19,Algodão,BARREIRAS,Pluma,arroba,"39,80",39.8,Algodão,8
2013-03-20,Algodão,BARREIRAS,Caroço,arroba,"62,83",62.83,Algodão,8
2013-03-20,Algodão,BARREIRAS,Pluma,arroba,"39,80",39.8,Algodão,8
2013-03-21,Algodão,BARREIRAS,Caroço,arroba,"62,83",62.83,Algodão,8
2013-03-21,Algodão,BARREIRAS,Pluma,arroba,"39,80",39.8,Algodão,8
2013-03-22,Algodão,BARREIRAS,Caroço,arroba,"62,83",62.83,Algodão,8
2013-03-22,Algodão,BARREIRAS,Pluma,arroba,"39,80",39.8,Algodão,8
2013-03-25,Algodão,BARREIRAS,Caroço,arroba,"62,83",62.83,Algodão,8
2013-03-25,Algodão,BARREIRAS,Pluma,arroba,"39,80",39.8,Algodão,8
2013-03-26,Algodão,BARREIRAS,Caroço,arroba,"62,83",62.83,Algodão,8
2013-03-26,Algodão,BARREIRAS,Pluma,arroba,"39,80",39.8,Algodão,8
2013-03-27,Algodão,BARREIRAS,Caroço,arroba,"62,83",62.83,Algodão,8
2013-03-27,Algodão,BARREIRAS,Pluma,arroba,"39,80",39.8,Algodão,8
2013-03-28,Algodão,BARREIRAS,Caroço,arroba,"62,83",62.83,Algodão,8
2013-03-28,Algodão,BARREIRAS,Pluma,arroba,"39,80",39.8,Algodão,8
2013-04-01,Algodão,BARREIRAS,Caroço,arroba,"62,83",62.83,Algodão,8
2013-04-01,Algodão,BARREIRAS,Pluma,arroba,"39,80",39.8,Algodão,8
2013-04-02,Algodão,BARREIRAS,Caroço,arroba,"62,83",62.83,Algodão,8
2013-04-02,Algodão,BARREIRAS,Pluma,arroba,"39,80",39.8,Algodão,8
2013-04-03,Algodão,BARREIRAS,Caroço,arroba,"62,83",62.83,Algodão,8
2013-04-03,Algodão,BARREIRAS,Pluma,arroba,"39,80",39.8,Algodão,8
2013-04-04,Algodão,BARREIRAS,Caroço,arroba,"62,83",62.83,Algodão,8
2013-04-04,Algodão,BARREIRAS,Pluma,arroba,"39,80",39.8,Algodão,8
2013-04-05,Algodão,BARREIRAS,Caroço,arroba,"62,83",62.83,Algodão,8
2013-04-05,Algodão,BARREIRAS,Pluma,arroba,"39,80",39.8,Algodão,8
2013-04-08,Algodão,BARREIRAS,Caroço,arroba,"62,83",62.83,Algodão,8
2013-04-08,Algodão,BARREIRAS,Pluma,arroba,"39,80",39.8,Algodão,8
2013-04-09,Algodão,BARREIRAS,Caroço,arroba,"62,83",62.83,Algodão,8
2013-04-09,Algodão,BARREIRAS,Pluma,arroba,"39,80",39.8,Algodão,8
2013-04-10,Algodão,BARREIRAS,Caroço,arroba,"62,83",62.83,Algodão,8
2013-04-10,Algodão,BARREIRAS,Pluma,arroba,"39,80",39.8,Algodão,8
2013-04-11,Algodão,BARREIRAS,Caroço,arroba,"62,83",62.83,Algodão,8
2013-04-11,Algodão,BARREIRAS,Pluma,arroba,"39,80",39.8,Algodão,8
2013-04-12,Algodão,BARREIRAS,Caroço,arroba,"62,83",62.83,Algodão,8
2013-04-12,Algodão,BARREIRAS,Pluma,arroba,"39,80",39.8,Algodão,8
2013-04-15,Algodão,BARREIRAS,Caroço,arroba,"62,83",62.83,Algodão,8
2013-04-15,Algodão,BARREIRAS,Pluma,arroba,"39,80",39.8,Algodão,8
2013-04-16,Algodão,BARREIRAS,Caroço,arroba,"62,83",62.83,Algodão,8
2013-04-16,Algodão,BARREIRAS,Pluma,arroba,"39,80",39.8,Algodão,8
2013-04-17,Algodão,BARREIRAS,Caroço,arroba,"62,83",62.83,Algodão,8
2013-04-17,Algodão,BARREIRAS,Pluma,arroba,"39,80",39.8,Algodão,8
2013-04-18,Algodão,BARREIRAS,Caroço,arroba,"62,83",62.83,Algodão,8
2013-04-18,Algodão,BARREIRAS,Pluma,arroba,"39,80",39.8,Algodão,8
2013-04-19,Algodão,BARREIRAS,Caroço,arroba,"62,83",62.83,Algodão,8
2013-04-19,Algodão,BARREIRAS,Pluma,arroba,"39,80",39.8,Algodão,8
2013-04-22,Algodão,BARREIRAS,Caroço,arroba,"62,83",62.83,Algodão,8
2013-04-22,Algodão,BARREIRAS,Pluma,arroba,"39,80",39.8,Algodão,8
2013-04-23,Algodão,BARREIRAS,Caroço,arroba,"62,83",62.83,Algodão,8
2013-04-23,Algodão,BARREIRAS,Pluma,arroba,"39,80",39.8,Algodão,8
2013-04-24,Algodão,BARREIRAS,Caroço,arroba,"62,83",62.83,Algodão,8
2013-04-24,Algodão,BARREIRAS,Pluma,arroba,"39,80",39.8,Algodão,8
2013-04-25,Algodão,BARREIRAS,Caroço,arroba,"62,83",62.83,Algodão,8
2013-04-25,Algodão,BARREIRAS,Pluma,arroba,"39,80",39.8,Algodão,8
2013-04-26,Algodão,BARREIRAS,Caroço,arroba,"62,83",62.83,Algodão,8
2013-04-26,Algodão,BARREIRAS,Pluma,arroba,"39,80",39.8,Algodão,8
2013-04-29,Algodão,BARREIRAS,Caroço,arroba,"62,83",62.83,Algodão,8
2013-04-29,Algodão,BARREIRAS,Pluma,arroba,"39,80",39.8,Algodão,8
2013-04-30,Algodão,BARREIRAS,Caroço,arroba,"62,83",62.83,Algodão,8
2013-04-30,Algodão,BARREIRAS,Pluma,arroba,"39,80",39.8,Algodão,8
2013-05-02,Algodão,BARREIRAS,Caroço,arroba,"62,83",62.83,Algodão,8
2013-05-02,Algodão,BARREIRAS,Pluma,arroba,"39,80",39.8,Algodão,8
2013-05-03,Algodão,BARREIRAS,Caroço,arroba,"62,83",62.83,Algodão,8
2013-05-03,Algodão,BARREIRAS,Pluma,arroba,"39,80",39.8,Algodão,8
2013-05-06,Algodão,BARREIRAS,Caroço,arroba,"62,83",62.83,Algodão,8
2013-05-06,Algodão,BARREIRAS,Pluma,arroba,"39,80",39.8,Algodão,8
2013-05-07,Algodão,BARREIRAS,Caroço,arroba,"62,83",62.83,Algodão,8
2013-05-07,Algodão,BARREIRAS,Pluma,arroba,"39,80",39.8,Algodão,8
2013-05-08,Algodão,BARREIRAS,Caroço,arroba,"62,83",62.83,Algodão,8
2013-05-08,Algodão,BARREIRAS,Pluma,arroba,"39,80",39.8,Algodão,8
2013-05-09,Algodão,BARREIRAS,Caroço,arroba,"62,83",62.83,Algodão,8
2013-05-09,Algodão,BARREIRAS,Pluma,arroba,"39,80",39.8,Algodão,8
2013-05-10,Algodão,BARREIRAS,Caroço,arroba,"62,83",62.83,Algodão,8
2013-05-10,Algodão,BARREIRAS,Pluma,arroba,"39,80",39.8,Algodão,8
2013-05-13,Algodão,BARREIRAS,Caroço,arroba,"65,50",65.5,Algodão,8
2013-05-13,Algodão,BARREIRAS,Pluma,arroba,"41,55",41.55,Algodão,8
2013-05-14,Algodão,BARREIRAS,Caroço,arroba,"65,50",65.5,Algodão,8
2013-05-14,Algodão,BARREIRAS,Pluma,arroba,"41,55",41.55,Algodão,8
2013-05-15,Algodão,BARREIRAS,Caroço,arroba,"65,50",65.5,Algodão,8
2013-05-15,Algodão,BARREIRAS,Pluma,arroba,"41,55",41.55,Algodão,8
2013-05-16,Algodão,BARREIRAS,Caroço,arroba,"65,50",65.5,Algodão,8
2013-05-16,Algodão,BARREIRAS,Pluma,arroba,"41,55",41.55,Algodão,8
2013-05-17,Algodão,BARREIRAS,Caroço,arroba,"65,50",65.5,Algodão,8
2013-05-17,Algodão,BARREIRAS,Pluma,arroba,"41,55",41.55,Algodão,8
2013-05-20,Algodão,BARREIRAS,Caroço,arroba,"65,50",65.5,Algodão,8
2013-05-20,Algodão,BARREIRAS,Pluma,arroba,"41,55",41.55,Algodão,8
2013-05-21,Algodão,BARREIRAS,Caroço,arroba,"65,50",65.5,Algodão,8
2013-05-21,Algodão,BARREIRAS,Pluma,arroba,"41,55",41.55,Algodão,8
2013-05-22,Algodão,BARREIRAS,Caroço,arroba,"65,50",65.5,Algodão,8
2013-05-22,Algodão,BARREIRAS,Pluma,arroba,"41,55",41.55,Algodão,8
2013-05-23,Algodão,BARREIRAS,Caroço,arroba,"65,50",65.5,Algodão,8
2013-05-23,Algodão,BARREIRAS,Pluma,arroba,"41,55",41.55,Algodão,8
2013-05-24,Algodão,BARREIRAS,Caroço,arroba,"65,50",65.5,Algodão,8
2013-05-24,Algodão,BARREIRAS,Pluma,arroba,"41,55",41.55,Algodão,8
2013-05-27,Algodão,BARREIRAS,Caroço,arroba,"65,24",65.24,Algodão,8
2013-05-27,Algodão,BARREIRAS,Pluma,arroba,"41,47",41.47,Algodão,8
2013-05-28,Algodão,BARREIRAS,Caroço,arroba,"65,24",65.24,Algodão,8
2013-05-28,Algodão,BARREIRAS,Pluma,arroba,"41,47",41.47,Algodão,8
2013-05-29,Algodão,BARREIRAS,Caroço,arroba,"65,24",65.24,Algodão,8
2013-05-29,Algodão,BARREIRAS,Pluma,arroba,"41,47",41.47,Algodão,8
2013-06-03,Algodão,BARREIRAS,Caroço,arroba,"60,00",60.0,Algodão,8
2013-06-03,Algodão,BARREIRAS,Pluma,arroba,"39,67",39.67,Algodão,8
2013-06-04,Algodão,BARREIRAS,Caroço,arroba,"60,00",60.0,Algodão,8
2013-06-04,Algodão,BARREIRAS,Pluma,arroba,"39,67",39.67,Algodão,8
2013-06-05,Algodão,BARREIRAS,Caroço,arroba,"60,00",60.0,Algodão,8
2013-06-05,Algodão,BARREIRAS,Pluma,arroba,"39,67",39.67,Algodão,8
2013-06-06,Algodão,BARREIRAS,Caroço,arroba,"60,00",60.0,Algodão,8
2013-06-06,Algodão,BARREIRAS,Pluma,arroba,"39,67",39.67,Algodão,8
2013-06-07,Algodão,BARREIRAS,Caroço,arroba,"60,00",60.0,Algodão,8
2013-06-07,Algodão,BARREIRAS,Pluma,arroba,"39,67",39.67,Algodão,8
2013-06-10,Algodão,BARREIRAS,Caroço,arroba,"61,00",61.0,Algodão,8
2013-06-10,Algodão,BARREIRAS,Pluma,arroba,"39,97",39.97,Algodão,8
2013-06-11,Algodão,BARREIRAS,Caroço,arroba,"61,00",61.0,Algodão,8
2013-06-11,Algodão,BARREIRAS,Pluma,arroba,"39,97",39.97,Algodão,8
2013-06-12,Algodão,BARREIRAS,Caroço,arroba,"61,00",61.0,Algodão,8
2013-06-12,Algodão,BARREIRAS,Pluma,arroba,"39,97",39.97,Algodão,8
2013-06-13,Algodão,BARREIRAS,Caroço,arroba,"61,00",61.0,Algodão,8
2013-06-13,Algodão,BARREIRAS,Pluma,arroba,"39,97",39.97,Algodão,8
2013-06-14,Algodão,BARREIRAS,Caroço,arroba,"61,00",61.0,Algodão,8
2013-06-14,Algodão,BARREIRAS,Pluma,arroba,"39,97",39.97,Algodão,8
2013-06-17,Algodão,BARREIRAS,Caroço,arroba,"61,00",61.0,Algodão,8
2013-06-17,Algodão,BARREIRAS,Pluma,arroba,"39,97",39.97,Algodão,8
2013-06-18,Algodão,BARREIRAS,Caroço,arroba,"61,00",61.0,Algodão,8
2013-06-18,Algodão,BARREIRAS,Pluma,arroba,"39,97",39.97,Algodão,8
2013-06-19,Algodão,BARREIRAS,Caroço,arroba,"61,00",61.0,Algodão,8
2013-06-19,Algodão,BARREIRAS,Pluma,arroba,"39,97",39.97,Algodão,8
2013-06-25,Algodão,BARREIRAS,Caroço,arroba,"61,00",61.0,Algodão,8
2013-06-25,Algodão,BARREIRAS,Pluma,arroba,"39,97",39.97,Algodão,8
2013-06-26,Algodão,BARREIRAS,Caroço,arroba,"61,00",61.0,Algodão,8
2013-06-26,Algodão,BARREIRAS,Pluma,arroba,"39,97",39.97,Algodão,8
2013-06-27,Algodão,BARREIRAS,Caroço,arroba,"61,00",61.0,Algodão,8
2013-06-27,Algodão,BARREIRAS,Pluma,arroba,"39,97",39.97,Algodão,8
2013-06-28,Algodão,BARREIRAS,Caroço,arroba,"61,00",61.0,Algodão,8
2013-06-28,Algodão,BARREIRAS,Pluma,arroba,"39,97",39.97,Algodão,8
2013-07-01,Algodão,BARREIRAS,Caroço,arroba,"61,00",61.0,Algodão,8
2013-07-01,Algodão,BARREIRAS,Pluma,arroba,"39,97",39.97,Algodão,8
2013-07-03,Algodão,BARREIRAS,Caroço,arroba,"61,00",61.0,Algodão,8
2013-07-03,Algodão,BARREIRAS,Pluma,arroba,"39,97",39.97,Algodão,8
2013-07-04,Algodão,BARREIRAS,Caroço,arroba,"61,00",61.0,Algodão,8
2013-07-04,Algodão,BARREIRAS,Pluma,arroba,"39,97",39.97,Algodão,8
2013-07-05,Algodão,BARREIRAS,Caroço,arroba,"61,00",61.0,Algodão,8
2013-07-05,Algodão,BARREIRAS,Pluma,arroba,"39,97",39.97,Algodão,8
2013-07-08,Algodão,BARREIRAS,Caroço,arroba,"61,00",61.0,Algodão,8
2013-07-08,Algodão,BARREIRAS,Pluma,arroba,"39,97",39.97,Algodão,8
2013-07-09,Algodão,BARREIRAS,Caroço,arroba,"61,00",61.0,Algodão,8
2013-07-09,Algodão,BARREIRAS,Pluma,arroba,"39,97",39.97,Algodão,8
2013-07-10,Algodão,BARREIRAS,Caroço,arroba,"61,00",61.0,Algodão,8
2013-07-10,Algodão,BARREIRAS,Pluma,arroba,"39,97",39.97,Algodão,8
2013-07-11,Algodão,BARREIRAS,Caroço,arroba,"61,00",61.0,Algodão,8
2013-07-11,Algodão,BARREIRAS,Pluma,arroba,"39,97",39.97,Algodão,8
2013-07-12,Algodão,BARREIRAS,Caroço,arroba,"59,00",59.0,Algodão,8
2013-07-12,Algodão,BARREIRAS,Pluma,arroba,Sem cotação,,Algodão,8
2013-07-15,Algodão,BARREIRAS,Caroço,arroba,"59,00",59.0,Algodão,8
2013-07-15,Algodão,BARREIRAS,Pluma,arroba,Sem cotação,,Algodão,8
2013-07-16,Algodão,BARREIRAS,Caroço,arroba,"59,00",59.0,Algodão,8
2013-07-16,Algodão,BARREIRAS,Pluma,arroba,Sem cotação,,Algodão,8
2013-07-17,Algodão,BARREIRAS,Caroço,arroba,"59,00",59.0,Algodão,8
2013-07-17,Algodão,BARREIRAS,Pluma,arroba,Sem cotação,,Algodão,8
2013-07-18,Algodão,BARREIRAS,Caroço,arroba,"75,00",75.0,Algodão,8
2013-07-18,Algodão,BARREIRAS,Pluma,arroba,Sem cotação,,Algodão,8
2013-07-19,Algodão,BARREIRAS,Caroço,arroba,"75,00",75.0,Algodão,8
2013-07-19,Algodão,BARREIRAS,Pluma,arroba,Sem cotação,,Algodão,8
2013-07-22,Algodão,BARREIRAS,Caroço,arroba,"75,00",75.0,Algodão,8
2013-07-22,Algodão,BARREIRAS,Pluma,arroba,Sem cotação,,Algodão,8
2013-07-23,Algodão,BARREIRAS,Caroço,arroba,"75,00",75.0,Algodão,8
2013-07-23,Algodão,BARREIRAS,Pluma,arroba,Sem cotação,,Algodão,8
2013-07-24,Algodão,BARREIRAS,Caroço,arroba,"75,00",75.0,Algodão,8
2013-07-24,Algodão,BARREIRAS,Pluma,arroba,Sem cotação,,Algodão,8
2013-07-25,Algodão,BARREIRAS,Caroço,arroba,"75,00",75.0,Algodão,8
2013-07-25,Algodão,BARREIRAS,Pluma,arroba,Sem cotação,,Algodão,8
2013-07-26,Algodão,BARREIRAS,Caroço,arroba,"75,00",75.0,Algodão,8
2013-07-26,Algodão,BARREIRAS,Pluma,arroba,Sem cotação,,Algodão,8
2013-07-29,Algodão,BARREIRAS,Caroço,arroba,"75,00",75.0,Algodão,8
2013-07-29,Algodão,BARREIRAS,Pluma,arroba,Sem cotação,,Algodão,8
2013-07-30,Algodão,BARREIRAS,Caroço,arroba,"75,00",75.0,Algodão,8
2013-07-30,Algodão,BARREIRAS,Pluma,arroba,Sem cotação,,Algodão,8
2013-07-31,Algodão,BARREIRAS,Caroço,arroba,"75,00",75.0,Algodão,8
2013-07-31,Algodão,BARREIRAS,Pluma,arroba,Sem cotação,,Algodão,8
2013-08-01,Algodão,BARREIRAS,Caroço,arroba,"75,00",75.0,Algodão,8
2013-08-01,Algodão,BARREIRAS,Pluma,arroba,Sem cotação,,Algodão,8
2013-08-02,Algodão,BARREIRAS,Caroço,arroba,"75,00",75.0,Algodão,8
2013-08-02,Algodão,BARREIRAS,Pluma,arroba,Sem cotação,,Algodão,8
2013-08-05,Algodão,BARREIRAS,Caroço,arroba,"75,00",75.0,Algodão,8
2013-08-05,Algodão,BARREIRAS,Pluma,arroba,Sem cotação,,Algodão,8
2013-08-06,Algodão,BARREIRAS,Caroço,arroba,"75,00",75.0,Algodão,8
2013-08-06,Algodão,BARREIRAS,Pluma,arroba,Sem cotação,,Algodão,8
2013-08-07,Algodão,BARREIRAS,Caroço,arroba,"75,00",75.0,Algodão,8
2013-08-07,Algodão,BARREIRAS,Pluma,arroba,Sem cotação,,Algodão,8
2013-08-08,Algodão,BARREIRAS,Caroço,arroba,"75,00",75.0,Algodão,8
2013-08-08,Algodão,BARREIRAS,Pluma,arroba,Sem cotação,,Algodão,8
2013-08-09,Algodão,BARREIRAS,Caroço,arroba,"75,00",75.0,Algodão,8
2013-08-09,Algodão,BARREIRAS,Pluma,arroba,Sem cotação,,Algodão,8
2013-08-12,Algodão,BARREIRAS,Caroço,arroba,"70,00",70.0,Algodão,8
2013-08-12,Algodão,BARREIRAS,Pluma,arroba,Sem cotação,,Algodão,8
2013-08-13,Algodão,BARREIRAS,Caroço,arroba,"70,00",70.0,Algodão,8
2013-08-13,Algodão,BARREIRAS,Pluma,arroba,Sem cotação,,Algodão,8
2013-08-14,Algodão,BARREIRAS,Caroço,arroba,"70,00",70.0,Algodão,8
2013-08-14,Algodão,BARREIRAS,Pluma,arroba,Sem cotação,,Algodão,8
2013-08-15,Algodão,BARREIRAS,Caroço,arroba,"70,00",70.0,Algodão,8
2013-08-15,Algodão,BARREIRAS,Pluma,arroba,Sem cotação,,Algodão,8
2013-08-16,Algodão,BARREIRAS,Caroço,arroba,"70,00",70.0,Algodão,8
2013-08-16,Algodão,BARREIRAS,Pluma,arroba,Sem cotação,,Algodão,8
2013-08-19,Algodão,BARREIRAS,Caroço,arroba,"70,00",70.0,Algodão,8
2013-08-19,Algodão,BARREIRAS,Pluma,arroba,Sem cotação,,Algodão,8
2013-08-20,Algodão,BARREIRAS,Caroço,arroba,"70,00",70.0,Algodão,8
2013-08-20,Algodão,BARREIRAS,Pluma,arroba,Sem cotação,,Algodão,8
2013-08-21,Algodão,BARREIRAS,Caroço,arroba,"70,00",70.0,Algodão,8
2013-08-21,Algodão,BARREIRAS,Pluma,arroba,Sem cotação,,Algodão,8
2013-08-22,Algodão,BARREIRAS,Caroço,arroba,"70,00",70.0,Algodão,8
2013-08-22,Algodão,BARREIRAS,Pluma,arroba,Sem cotação,,Algodão,8
2013-08-23,Algodão,BARREIRAS,Caroço,arroba,"70,00",70.0,Algodão,8
2013-08-23,Algodão,BARREIRAS,Pluma,arroba,Sem cotação,,Algodão,8
2013-08-26,Algodão,BARREIRAS,Caroço,arroba,"70,00",70.0,Algodão,8
2013-08-26,Algodão,BARREIRAS,Pluma,arroba,Sem cotação,,Algodão,8
2013-08-27,Algodão,BARREIRAS,Caroço,arroba,"70,00",70.0,Algodão,8
2013-08-27,Algodão,BARREIRAS,Pluma,arroba,Sem cotação,,Algodão,8
2013-08-28,Algodão,BARREIRAS,Caroço,arroba,"70,00",70.0,Algodão,8
2013-08-28,Algodão,BARREIRAS,Pluma,arroba,Sem cotação,,Algodão,8
2013-08-29,Algodão,BARREIRAS,Caroço,arroba,"70,00",70.0,Algodão,8
2013-08-29,Algodão,BARREIRAS,Pluma,arroba,Sem cotação,,Algodão,8
2013-08-30,Algodão,BARREIRAS,Caroço,arroba,"70,00",70.0,Algodão,8
2013-08-30,Algodão,BARREIRAS,Pluma,arroba,Sem cotação,,Algodão,8
2013-09-02,Algodão,BARREIRAS,Caroço,arroba,"70,00",70.0,Algodão,8
2013-09-02,Algodão,BARREIRAS,Pluma,arroba,Sem cotação,,Algodão,8
2013-09-03,Algodão,BARREIRAS,Caroço,arroba,"70,00",70.0,Algodão,8
2013-09-03,Algodão,BARREIRAS,Pluma,arroba,Sem cotação,,Algodão,8
2013-09-04,Algodão,BARREIRAS,Caroço,arroba,"70,00",70.0,Algodão,8
2013-09-04,Algodão,BARREIRAS,Pluma,arroba,Sem cotação,,Algodão,8
2013-09-05,Algodão,BARREIRAS,Caroço,arroba,"70,00",70.0,Algodão,8
2013-09-05,Algodão,BARREIRAS,Pluma,arroba,Sem cotação,,Algodão,8
2013-09-09,Algodão,BARREIRAS,Caroço,arroba,"69,56",69.56,Algodão,8
2013-09-09,Algodão,BARREIRAS,Pluma,arroba,Sem cotação,,Algodão,8
2013-09-10,Algodão,BARREIRAS,Caroço,arroba,"69,56",69.56,Algodão,8
2013-09-10,Algodão,BARREIRAS,Pluma,arroba,Sem cotação,,Algodão,8
2013-09-11,Algodão,BARREIRAS,Caroço,arroba,"69,56",69.56,Algodão,8
2013-09-11,Algodão,BARREIRAS,Pluma,arroba,Sem cotação,,Algodão,8
2013-09-12,Algodão,BARREIRAS,Caroço,arroba,"69,90",69.9,Algodão,8
2013-09-12,Algodão,BARREIRAS,Pluma,arroba,Sem cotação,,Algodão,8
2013-09-13,Algodão,BARREIRAS,Caroço,arroba,"69,90",69.9,Algodão,8
2013-09-13,Algodão,BARREIRAS,Pluma,arroba,Sem cotação,,Algodão,8
2013-09-16,Algodão,BARREIRAS,Caroço,arroba,"69,90",69.9,Algodão,8
2013-09-16,Algodão,BARREIRAS,Pluma,arroba,Sem cotação,,Algodão,8
2013-09-17,Algodão,BARREIRAS,Caroço,arroba,"69,90",69.9,Algodão,8
2013-09-17,Algodão,BARREIRAS,Pluma,arroba,Sem cotação,,Algodão,8
2013-09-18,Algodão,BARREIRAS,Caroço,arroba,"69,90",69.9,Algodão,8
2013-09-18,Algodão,BARREIRAS,Pluma,arroba,Sem cotação,,Algodão,8
2013-09-19,Algodão,BARREIRAS,Caroço,arroba,"69,90",69.9,Algodão,8
2013-09-19,Algodão,BARREIRAS,Pluma,arroba,Sem cotação,,Algodão,8
2013-09-20,Algodão,BARREIRAS,Caroço,arroba,"69,90",69.9,Algodão,8
2013-09-20,Algodão,BARREIRAS,Pluma,arroba,Sem cotação,,Algodão,8
2013-09-23,Algodão,BARREIRAS,Caroço,arroba,"69,90",69.9,Algodão,8
2013-09-23,Algodão,BARREIRAS,Pluma,arroba,Sem cotação,,Algodão,8
2013-09-24,Algodão,BARREIRAS,Caroço,arroba,"69,90",69.9,Algodão,8
2013-09-24,Algodão,BARREIRAS,Pluma,arroba,Sem cotação,,Algodão,8
2013-09-25,Algodão,BARREIRAS,Caroço,arroba,"69,90",69.9,Algodão,8
2013-09-25,Algodão,BARREIRAS,Pluma,arroba,Sem cotação,,Algodão,8
2013-09-26,Algodão,BARREIRAS,Caroço,arroba,"68,78",68.78,Algodão,8
2013-09-26,Algodão,BARREIRAS,Pluma,arroba,Sem cotação,,Algodão,8
2013-09-27,Algodão,BARREIRAS,Caroço,arroba,"68,78",68.78,Algodão,8
2013-09-27,Algodão,BARREIRAS,Pluma,arroba,Sem cotação,,Algodão,8
2013-09-30,Algodão,BARREIRAS,Caroço,arroba,"68,78",68.78,Algodão,8
2013-09-30,Algodão,BARREIRAS,Pluma,arroba,Sem cotação,,Algodão,8
2013-10-01,Algodão,BARREIRAS,Caroço,arroba,"68,78",68.78,Algodão,8
2013-10-01,Algodão,BARREIRAS,Pluma,arroba,Sem cotação,,Algodão,8
2013-10-02,Algodão,BARREIRAS,Caroço,arroba,"68,78",68.78,Algodão,8
2013-10-02,Algodão,BARREIRAS,Pluma,arroba,Sem cotação,,Algodão,8
2013-10-03,Algodão,BARREIRAS,Caroço,arroba,"69,00",69.0,Algodão,8
2013-10-03,Algodão,BARREIRAS,Pluma,arroba,Sem cotação,,Algodão,8
2013-10-04,Algodão,BARREIRAS,Caroço,arroba,"69,00",69.0,Algodão,8
2013-10-04,Algodão,BARREIRAS,Pluma,arroba,Sem cotação,,Algodão,8
2013-10-07,Algodão,BARREIRAS,Caroço,arroba,"69,00",69.0,Algodão,8
2013-10-07,Algodão,BARREIRAS,Pluma,arroba,Sem cotação,,Algodão,8
2013-10-08,Algodão,BARREIRAS,Caroço,arroba,"69,00",69.0,Algodão,8
2013-10-08,Algodão,BARREIRAS,Pluma,arroba,Sem cotação,,Algodão,8
2013-10-09,Algodão,BARREIRAS,Caroço,arroba,"69,00",69.0,Algodão,8
2013-10-09,Algodão,BARREIRAS,Pluma,arroba,Sem cotação,,Algodão,8
2013-10-10,Algodão,BARREIRAS,Pluma,arroba,Sem cotação,,Algodão,8
2013-10-10,Algodão,BARREIRAS,Pluma,arroba,"69,00",69.0,Algodão,8
2013-10-11,Algodão,BARREIRAS,Caroço,arroba,Sem cotação,,Algodão,8
2013-10-11,Algodão,BARREIRAS,Pluma,arroba,"69,00",69.0,Algodão,8
2013-10-14,Algodão,BARREIRAS,Caroço,arroba,Sem cotação,,Algodão,8
2013-10-14,Algodão,BARREIRAS,Pluma,arroba,"69,00",69.0,Algodão,8
2013-10-15,Algodão,BARREIRAS,Caroço,arroba,Sem cotação,,Algodão,8
2013-10-15,Algodão,BARREIRAS,Pluma,arroba,"69,00",69.0,Algodão,8
2013-10-16,Algodão,BARREIRAS,Caroço,arroba,Sem cotação,,Algodão,8
2013-10-16,Algodão,BARREIRAS,Pluma,arroba,"69,00",69.0,Algodão,8
2013-10-17,Algodão,BARREIRAS,Caroço,arroba,Sem cotação,,Algodão,8
2013-10-17,Algodão,BARREIRAS,Pluma,arroba,"69,00",69.0,Algodão,8
2013-10-18,Algodão,BARREIRAS,Caroço,arroba,Sem cotação,,Algodão,8
2013-10-18,Algodão,BARREIRAS,Pluma,arroba,"69,00",69.0,Algodão,8
2013-10-21,Algodão,BARREIRAS,Caroço,arroba,Sem cotação,,Algodão,8
2013-10-21,Algodão,BARREIRAS,Pluma,arroba,"67,79",67.79,Algodão,8
2013-10-22,Algodão,BARREIRAS,Caroço,arroba,Sem cotação,,Algodão,8
2013-10-22,Algodão,BARREIRAS,Pluma,arroba,"67,79",67.79,Algodão,8
2013-10-23,Algodão,BARREIRAS,Caroço,arroba,Sem cotação,,Algodão,8
2013-10-23,Algodão,BARREIRAS,Pluma,arroba,"67,79",67.79,Algodão,8
2013-10-24,Algodão,BARREIRAS,Caroço,arroba,Sem cotação,,Algodão,8
2013-10-24,Algodão,BARREIRAS,Pluma,arroba,"67,79",67.79,Algodão,8
2013-10-25,Algodão,BARREIRAS,Caroço,arroba,Sem cotação,,Algodão,8
2013-10-25,Algodão,BARREIRAS,Pluma,arroba,"67,79",67.79,Algodão,8
2013-10-29,Algodão,BARREIRAS,Caroço,arroba,Sem cotação,,Algodão,8
2013-10-29,Algodão,BARREIRAS,Pluma,arroba,"67,79",67.79,Algodão,8
2013-10-30,Algodão,BARREIRAS,Caroço,arroba,Sem cotação,,Algodão,8
2013-10-30,Algodão,BARREIRAS,Pluma,arroba,"67,79",67.79,Algodão,8
2013-10-31,Algodão,BARREIRAS,Caroço,arroba,Sem cotação,,Algodão,8
2013-10-31,Algodão,BARREIRAS,Pluma,arroba,"67,79",67.79,Algodão,8
2013-11-01,Algodão,BARREIRAS,Caroço,arroba,Sem cotação,,Algodão,8
2013-11-01,Algodão,BARREIRAS,Pluma,arroba,"67,79",67.79,Algodão,8
2013-11-04,Algodão,BARREIRAS,Caroço,arroba,Sem cotação,,Algodão,8
2013-11-04,Algodão,BARREIRAS,Pluma,arroba,"67,79",67.79,Algodão,8
2013-11-05,Algodão,BARREIRAS,Caroço,arroba,Sem cotação,,Algodão,8
2013-11-05,Algodão,BARREIRAS,Pluma,arroba,"67,79",67.79,Algodão,8
2013-11-06,Algodão,BARREIRAS,Caroço,arroba,Sem cotação,,Algodão,8
2013-11-06,Algodão,BARREIRAS,Pluma,arroba,"67,79",67.79,Algodão,8
2013-11-07,Algodão,BARREIRAS,Caroço,arroba,Sem cotação,,Algodão,8
2013-11-07,Algodão,BARREIRAS,Pluma,arroba,"67,79",67.79,Algodão,8
2013-11-08,Algodão,BARREIRAS,Caroço,arroba,Sem cotação,,Algodão,8
2013-11-08,Algodão,BARREIRAS,Pluma,arroba,"67,79",67.79,Algodão,8
2013-11-11,Algodão,BARREIRAS,Caroço,arroba,Sem cotação,,Algodão,8
2013-11-11,Algodão,BARREIRAS,Pluma,arroba,"67,79",67.79,Algodão,8
2013-11-12,Algodão,BARREIRAS,Caroço,arroba,Sem cotação,,Algodão,8
2013-11-12,Algodão,BARREIRAS,Pluma,arroba,"67,79",67.79,Algodão,8
2013-11-13,Algodão,BARREIRAS,Caroço,arroba,Sem cotação,,Algodão,8
2013-11-13,Algodão,BARREIRAS,Pluma,arroba,"67,79",67.79,Algodão,8
2013-11-14,Algodão,BARREIRAS,Caroço,arroba,Sem cotação,,Algodão,8
2013-11-14,Algodão,BARREIRAS,Pluma,arroba,"67,79",67.79,Algodão,8
2013-11-18,Algodão,BARREIRAS,Caroço,arroba,Sem cotação,,Algodão,8
2013-11-18,Algodão,BARREIRAS,Pluma,arroba,"67,79",67.79,Algodão,8
2013-11-19,Algodão,BARREIRAS,Caroço,arroba,Sem cotação,,Algodão,8
2013-11-19,Algodão,BARREIRAS,Pluma,arroba,"67,46",67.46,Algodão,8
2013-11-20,Algodão,BARREIRAS,Caroço,arroba,Sem cotação,,Algodão,8
2013-11-20,Algodão,BARREIRAS,Pluma,arroba,"67,46",67.46,Algodão,8
2013-11-21,Algodão,BARREIRAS,Caroço,arroba,Sem cotação,,Algodão,8
2013-11-21,Algodão,BARREIRAS,Pluma,arroba,"67,46",67.46,Algodão,8
2013-11-22,Algodão,BARREIRAS,Caroço,arroba,Sem cotação,,Algodão,8
2013-11-22,Algodão,BARREIRAS,Pluma,arroba,"67,46",67.46,Algodão,8
2013-11-25,Algodão,BARREIRAS,Caroço,arroba,Sem cotação,,Algodão,8
2013-11-25,Algodão,BARREIRAS,Pluma,arroba,"67,46",67.46,Algodão,8
2013-11-26,Algodão,BARREIRAS,Caroço,arroba,Sem cotação,,Algodão,8
2013-11-26,Algodão,BARREIRAS,Pluma,arroba,"59,35",59.35,Algodão,8
2013-11-27,Algodão,BARREIRAS,Caroço,arroba,Sem cotação,,Algodão,8
2013-11-27,Algodão,BARREIRAS,Pluma,arroba,"59,35",59.35,Algodão,8
2013-11-28,Algodão,BARREIRAS,Caroço,arroba,Sem cotação,,Algodão,8
2013-11-28,Algodão,BARREIRAS,Pluma,arroba,"59,35",59.35,Algodão,8
2013-11-29,Algodão,BARREIRAS,Caroço,arroba,Sem cotação,,Algodão,8
2013-11-29,Algodão,BARREIRAS,Pluma,arroba,"59,35",59.35,Algodão,8
2013-12-02,Algodão,BARREIRAS,Caroço,arroba,Sem cotação,,Algodão,8
2013-12-02,Algodão,BARREIRAS,Pluma,arroba,"59,35",59.35,Algodão,8
2013-12-03,Algodão,BARREIRAS,Caroço,arroba,Sem cotação,,Algodão,8
2013-12-03,Algodão,BARREIRAS,Pluma,arroba,"59,35",59.35,Algodão,8
2013-12-04,Algodão,BARREIRAS,Caroço,arroba,Sem cotação,,Algodão,8
2013-12-04,Algodão,BARREIRAS,Pluma,arroba,"59,35",59.35,Algodão,8
2013-12-05,Algodão,BARREIRAS,Caroço,arroba,Sem cotação,,Algodão,8
2013-12-05,Algodão,BARREIRAS,Pluma,arroba,"59,35",59.35,Algodão,8
2013-12-06,Algodão,BARREIRAS,Caroço,arroba,Sem cotação,,Algodão,8
2013-12-06,Algodão,BARREIRAS,Pluma,arroba,"59,35",59.35,Algodão,8
2013-12-09,Algodão,BARREIRAS,Caroço,arroba,Sem cotação,,Algodão,8
2013-12-09,Algodão,BARREIRAS,Pluma,arroba,"59,35",59.35,Algodão,8
2013-12-10,Algodão,BARREIRAS,Caroço,arroba,Sem cotação,,Algodão,8
2013-12-10,Algodão,BARREIRAS,Pluma,arroba,"59,35",59.35,Algodão,8
2013-12-11,Algodão,BARREIRAS,Caroço,arroba,Sem cotação,,Algodão,8
2013-12-11,Algodão,BARREIRAS,Pluma,arroba,"59,35",59.35,Algodão,8
2013-12-12,Algodão,BARREIRAS,Caroço,arroba,Sem cotação,,Algodão,8
2013-12-12,Algodão,BARREIRAS,Pluma,arroba,"67,58",67.58,Algodão,8
2013-12-13,Algodão,BARREIRAS,Caroço,arroba,Sem cotação,,Algodão,8
2013-12-13,Algodão,BARREIRAS,Pluma,arroba,"67,58",67.58,Algodão,8
2013-12-16,Algodão,BARREIRAS,Caroço,arroba,Sem cotação,,Algodão,8
2013-12-16,Algodão,BARREIRAS,Pluma,arroba,"67,58",67.58,Algodão,8
2013-12-17,Algodão,BARREIRAS,Caroço,arroba,Sem cotação,,Algodão,8
2013-12-17,Algodão,BARREIRAS,Pluma,arroba,"67,58",67.58,Algodão,8
2013-12-18,Algodão,BARREIRAS,Caroço,arroba,Sem cotação,,Algodão,8
2013-12-18,Algodão,BARREIRAS,Pluma,arroba,"67,58",67.58,Algodão,8
2013-12-19,Algodão,BARREIRAS,Caroço,arroba,Sem cotação,,Algodão,8
2013-12-19,Algodão,BARREIRAS,Pluma,arroba,"67,58",67.58,Algodão,8
2013-12-20,Algodão,BARREIRAS,Caroço,arroba,Sem cotação,,Algodão,8
2013-12-20,Algodão,BARREIRAS,Pluma,arroba,"67,58",67.58,Algodão,8
2013-12-26,Algodão,BARREIRAS,Caroço,arroba,Sem cotação,,Algodão,8
2013-12-26,Algodão,BARREIRAS,Pluma,arroba,"67,58",67.58,Algodão,8
2013-12-27,Algodão,BARREIRAS,Caroço,arroba,Sem cotação,,Algodão,8
2013-12-27,Algodão,BARREIRAS,Pluma,arroba,"67,58",67.58,Algodão,8
2014-01-02,Algodão,BARREIRAS,Caroço,arroba,Sem cotação,,Algodão,8
2014-01-02,Algodão,BARREIRAS,Pluma,arroba,"67,58",67.58,Algodão,8
2014-01-02,Algodão,BARREIRAS,Pluma,cento,"30,00",30.0,Algodão,8
2014-01-03,Algodão,BARREIRAS,Caroço,arroba,Sem cotação,,Algodão,8
2014-01-03,Algodão,BARREIRAS,Pluma,cento,"30,00",30.0,Algodão,8
2014-01-03,Algodão,BARREIRAS,Pluma,arroba,"67,58",67.58,Algodão,8
2014-01-06,Algodão,BARREIRAS,Caroço,arroba,Sem cotação,,Algodão,8
2014-01-06,Algodão,BARREIRAS,Pluma,arroba,"67,58",67.58,Algodão,8
2014-01-06,Algodão,BARREIRAS,Pluma,cento,"30,00",30.0,Algodão,8
2014-01-07,Algodão,BARREIRAS,Caroço,arroba,Sem cotação,,Algodão,8
2014-01-07,Algodão,BARREIRAS,Pluma,cento,"18,00",18.0,Algodão,8
2014-01-07,Algodão,BARREIRAS,Pluma,arroba,"67,58",67.58,Algodão,8
2014-01-08,Algodão,BARREIRAS,Caroço,arroba,Sem cotação,,Algodão,8
2014-01-08,Algodão,BARREIRAS,Pluma,arroba,"67,58",67.58,Algodão,8
2014-01-08,Algodão,BARREIRAS,Pluma,cento,"18,00",18.0,Algodão,8
2014-01-09,Algodão,BARREIRAS,Caroço,arroba,Sem cotação,,Algodão,8
2014-01-09,Algodão,BARREIRAS,Pluma,cento,"18,00",18.0,Algodão,8
2014-01-09,Algodão,BARREIRAS,Pluma,arroba,"67,58",67.58,Algodão,8
2014-01-10,Algodão,BARREIRAS,Caroço,arroba,Sem cotação,,Algodão,8
2014-01-10,Algodão,BARREIRAS,Pluma,arroba,"67,58",67.58,Algodão,8
2014-01-10,Algodão,BARREIRAS,Pluma,cento,"18,00",18.0,Algodão,8
2014-01-13,Algodão,BARREIRAS,Caroço,arroba,Sem cotação,,Algodão,8
2014-01-13,Algodão,BARREIRAS,Pluma,cento,"18,00",18.0,Algodão,8
2014-01-13,Algodão,BARREIRAS,Pluma,arroba,"67,58",67.58,Algodão,8
2014-01-14,Algodão,BARREIRAS,Caroço,arroba,Sem cotação,,Algodão,8
2014-01-14,Algodão,BARREIRAS,Pluma,arroba,"67,58",67.58,Algodão,8
2014-01-14,Algodão,BARREIRAS,Pluma,cento,"18,00",18.0,Algodão,8
2014-01-15,Algodão,BARREIRAS,Caroço,arroba,Sem cotação,,Algodão,8
2014-01-15,Algodão,BARREIRAS,Pluma,cento,"18,00",18.0,Algodão,8
2014-01-15,Algodão,BARREIRAS,Pluma,arroba,"67,58",67.58,Algodão,8
2014-01-16,Algodão,BARREIRAS,Caroço,arroba,Sem cotação,,Algodão,8
2014-01-16,Algodão,BARREIRAS,Pluma,arroba,"67,58",67.58,Algodão,8
2014-01-16,Algodão,BARREIRAS,Pluma,cento,"18,00",18.0,Algodão,8
2014-01-17,Algodão,BARREIRAS,Caroço,arroba,Sem cotação,,Algodão,8
2014-01-17,Algodão,BARREIRAS,Pluma,cento,"18,00",18.0,Algodão,8
2014-01-17,Algodão,BARREIRAS,Pluma,arroba,"67,58",67.58,Algodão,8
2014-01-20,Algodão,BARREIRAS,Caroço,arroba,Sem cotação,,Algodão,8
2014-01-20,Algodão,BARREIRAS,Pluma,arroba,"67,58",67.58,Algodão,8
2014-01-20,Algodão,BARREIRAS,Pluma,cento,"18,00",18.0,Algodão,8
2014-01-21,Algodão,BARREIRAS,Caroço,arroba,Sem cotação,,Algodão,8
2014-01-21,Algodão,BARREIRAS,Pluma,cento,"18,00",18.0,Algodão,8
2014-01-21,Algodão,BARREIRAS,Pluma,arroba,"67,58",67.58,Algodão,8
2014-01-22,Algodão,BARREIRAS,Caroço,arroba,Sem cotação,,Algodão,8
2014-01-22,Algodão,BARREIRAS,Pluma,arroba,"67,58",67.58,Algodão,8
2014-01-22,Algodão,BARREIRAS,Pluma,cento,"18,00",18.0,Algodão,8
2014-01-23,Algodão,BARREIRAS,Caroço,arroba,Sem cotação,,Algodão,8
2014-01-23,Algodão,BARREIRAS,Pluma,cento,"18,00",18.0,Algodão,8
2014-01-23,Algodão,BARREIRAS,Pluma,arroba,"67,58",67.58,Algodão,8
2014-01-24,Algodão,BARREIRAS,Caroço,arroba,Sem cotação,,Algodão,8
2014-01-24,Algodão,BARREIRAS,Pluma,arroba,"67,58",67.58,Algodão,8
2014-01-24,Algodão,BARREIRAS,Pluma,cento,"18,00",18.0,Algodão,8
2014-01-27,Algodão,BARREIRAS,Caroço,arroba,Sem cotação,,Algodão,8
2014-01-27,Algodão,BARREIRAS,Pluma,cento,"18,00",18.0,Algodão,8
2014-01-27,Algodão,BARREIRAS,Pluma,arroba,"70,43",70.43,Algodão,8
2014-01-28,Algodão,BARREIRAS,Caroço,arroba,Sem cotação,,Algodão,8
2014-01-28,Algodão,BARREIRAS,Pluma,arroba,"70,43",70.43,Algodão,8
2014-01-28,Algodão,BARREIRAS,Pluma,cento,"18,00",18.0,Algodão,8
2014-01-29,Algodão,BARREIRAS,Caroço,arroba,Sem cotação,,Algodão,8
2014-01-29,Algodão,BARREIRAS,Pluma,cento,"18,00",18.0,Algodão,8
2014-01-29,Algodão,BARREIRAS,Pluma,arroba,"70,43",70.43,Algodão,8
2014-01-30,Algodão,BARREIRAS,Caroço,arroba,Sem cotação,,Algodão,8
2014-01-30,Algodão,BARREIRAS,Pluma,arroba,"70,43",70.43,Algodão,8
2014-01-30,Algodão,BARREIRAS,Pluma,cento,"18,00",18.0,Algodão,8
2014-01-31,Algodão,BARREIRAS,Caroço,arroba,Sem cotação,,Algodão,8
2014-01-31,Algodão,BARREIRAS,Pluma,cento,"18,00",18.0,Algodão,8
2014-01-31,Algodão,BARREIRAS,Pluma,arroba,"70,43",70.43,Algodão,8
2014-02-03,Algodão,BARREIRAS,Caroço,arroba,Sem cotação,,Algodão,8
2014-02-03,Algodão,BARREIRAS,Pluma,arroba,"73,58",73.58,Algodão,8
2014-02-03,Algodão,BARREIRAS,Pluma,cento,"18,00",18.0,Algodão,8
2014-02-04,Algodão,BARREIRAS,Caroço,arroba,Sem cotação,,Algodão,8
2014-02-04,Algodão,BARREIRAS,Pluma,cento,"18,00",18.0,Algodão,8
2014-02-04,Algodão,BARREIRAS,Pluma,arroba,"73,58",73.58,Algodão,8
2014-02-05,Algodão,BARREIRAS,Caroço,arroba,Sem cotação,,Algodão,8
2014-02-05,Algodão,BARREIRAS,Pluma,arroba,"73,58",73.58,Algodão,8
2014-02-05,Algodão,BARREIRAS,Pluma,cento,"18,00",18.0,Algodão,8
2014-02-06,Algodão,BARREIRAS,Caroço,arroba,Sem cotação,,Algodão,8
2014-02-06,Algodão,BARREIRAS,Pluma,cento,"18,00",18.0,Algodão,8
2014-02-06,Algodão,BARREIRAS,Pluma,arroba,"73,58",73.58,Algodão,8
2014-02-07,Algodão,BARREIRAS,Caroço,arroba,Sem cotação,,Algodão,8
2014-02-07,Algodão,BARREIRAS,Pluma,arroba,"73,58",73.58,Algodão,8
2014-02-07,Algodão,BARREIRAS,Pluma,cento,"18,00",18.0,Algodão,8
2014-02-10,Algodão,BARREIRAS,Caroço,arroba,Sem cotação,,Algodão,8
2014-02-10,Algodão,BARREIRAS,Pluma,cento,"18,00",18.0,Algodão,8
2014-02-10,Algodão,BARREIRAS,Pluma,arroba,"73,58",73.58,Algodão,8
2014-02-11,Algodão,BARREIRAS,Caroço,arroba,Sem cotação,,Algodão,8
2014-02-11,Algodão,BARREIRAS,Pluma,arroba,"73,58",73.58,Algodão,8
2014-02-11,Algodão,BARREIRAS,Pluma,cento,"18,00",18.0,Algodão,8
2014-02-12,Algodão,BARREIRAS,Caroço,arroba,Sem cotação,,Algodão,8
2014-02-12,Algodão,BARREIRAS,Pluma,cento,"18,00",18.0,Algodão,8
2014-02-12,Algodão,BARREIRAS,Pluma,arroba,"73,58",73.58,Algodão,8
2014-02-13,Algodão,BARREIRAS,Caroço,arroba,Sem cotação,,Algodão,8
2014-02-13,Algodão,BARREIRAS,Pluma,arroba,"73,58",73.58,Algodão,8
2014-02-13,Algodão,BARREIRAS,Pluma,cento,"18,00",18.0,Algodão,8
2014-02-14,Algodão,BARREIRAS,Caroço,arroba,Sem cotação,,Algodão,8
2014-02-14,Algodão,BARREIRAS,Pluma,cento,"18,00",18.0,Algodão,8
2014-02-14,Algodão,BARREIRAS,Pluma,arroba,"73,58",73.58,Algodão,8
2014-02-17,Algodão,BARREIRAS,Caroço,arroba,Sem cotação,,Algodão,8
2014-02-17,Algodão,BARREIRAS,Pluma,arroba,"72,75",72.75,Algodão,8
2014-02-17,Algodão,BARREIRAS,Pluma,cento,Sem cotação,,Algodão,8
2014-02-18,Algodão,BARREIRAS,Caroço,arroba,Sem cotação,,Algodão,8
2014-02-18,Algodão,BARREIRAS,Pluma,cento,Sem cotação,,Algodão,8
2014-02-18,Algodão,BARREIRAS,Pluma,arroba,"72,75",72.75,Algodão,8
2014-02-19,Algodão,BARREIRAS,Caroço,arroba,Sem cotação,,Algodão,8
2014-02-19,Algodão,BARREIRAS,Pluma,arroba,"72,75",72.75,Algodão,8
2014-02-19,Algodão,BARREIRAS,Pluma,cento,Sem cotação,,Algodão,8
2014-02-20,Algodão,BARREIRAS,Caroço,arroba,Sem cotação,,Algodão,8
2014-02-20,Algodão,BARREIRAS,Pluma,cento,Sem cotação,,Algodão,8
2014-02-20,Algodão,BARREIRAS,Pluma,arroba,"72,75",72.75,Algodão,8
2014-02-21,Algodão,BARREIRAS,Caroço,arroba,Sem cotação,,Algodão,8
2014-02-21,Algodão,BARREIRAS,Pluma,arroba,"72,75",72.75,Algodão,8
2014-02-21,Algodão,BARREIRAS,Pluma,cento,Sem cotação,,Algodão,8
2014-02-24,Algodão,BARREIRAS,Caroço,arroba,Sem cotação,,Algodão,8
2014-02-24,Algodão,BARREIRAS,Pluma,cento,Sem cotação,,Algodão,8
2014-02-24,Algodão,BARREIRAS,Pluma,arroba,"71,92",71.92,Algodão,8
2014-02-25,Algodão,BARREIRAS,Caroço,arroba,Sem cotação,,Algodão,8
2014-02-25,Algodão,BARREIRAS,Pluma,arroba,"71,92",71.92,Algodão,8
2014-02-25,Algodão,BARREIRAS,Pluma,cento,Sem cotação,,Algodão,8
2014-02-26,Algodão,BARREIRAS,Caroço,arroba,Sem cotação,,Algodão,8
2014-02-26,Algodão,BARREIRAS,Pluma,cento,Sem cotação,,Algodão,8
2014-02-26,Algodão,BARREIRAS,Pluma,arroba,"71,92",71.92,Algodão,8
2014-02-27,Algodão,BARREIRAS,Caroço,arroba,Sem cotação,,Algodão,8
2014-02-27,Algodão,BARREIRAS,Pluma,arroba,"71,92",71.92,Algodão,8
2014-02-27,Algodão,BARREIRAS,Pluma,cento,Sem cotação,,Algodão,8
2014-03-06,Algodão,BARREIRAS,Caroço,arroba,Sem cotação,,Algodão,8
2014-03-06,Algodão,BARREIRAS,Pluma,cento,Sem cotação,,Algodão,8
2014-03-06,Algodão,BARREIRAS,Pluma,arroba,"71,92",71.92,Algodão,8
2014-03-07,Algodão,BARREIRAS,Caroço,arroba,Sem cotação,,Algodão,8
2014-03-07,Algodão,BARREIRAS,Pluma,arroba,"71,92",71.92,Algodão,8
2014-03-07,Algodão,BARREIRAS,Pluma,cento,Sem cotação,,Algodão,8
2014-03-10,Algodão,BARREIRAS,Caroço,arroba,Sem cotação,,Algodão,8
2014-03-10,Algodão,BARREIRAS,Pluma,cento,Sem cotação,,Algodão,8
2014-03-10,Algodão,BARREIRAS,Pluma,arroba,"71,92",71.92,Algodão,8
2014-03-11,Algodão,BARREIRAS,Caroço,arroba,Sem cotação,,Algodão,8
2014-03-11,Algodão,BARREIRAS,Pluma,arroba,"71,92",71.92,Algodão,8
2014-03-11,Algodão,BARREIRAS,Pluma,cento,Sem cotação,,Algodão,8
2014-03-12,Algodão,BARREIRAS,Caroço,arroba,Sem cotação,,Algodão,8
2014-03-12,Algodão,BARREIRAS,Pluma,cento,Sem cotação,,Algodão,8
2014-03-12,Algodão,BARREIRAS,Pluma,arroba,"71,92",71.92,Algodão,8
2014-03-13,Algodão,BARREIRAS,Caroço,arroba,Sem cotação,,Algodão,8
2014-03-13,Algodão,BARREIRAS,Pluma,arroba,"71,92",71.92,Algodão,8
2014-03-13,Algodão,BARREIRAS,Pluma,cento,Sem cotação,,Algodão,8
2014-03-14,Algodão,BARREIRAS,Caroço,arroba,Sem cotação,,Algodão,8
2014-03-14,Algodão,BARREIRAS,Pluma,cento,Sem cotação,,Algodão,8
2014-03-14,Algodão,BARREIRAS,Pluma,arroba,"71,92",71.92,Algodão,8
2014-03-17,Algodão,BARREIRAS,Caroço,arroba,Sem cotação,,Algodão,8
2014-03-17,Algodão,BARREIRAS,Pluma,arroba,"71,92",71.92,Algodão,8
2014-03-17,Algodão,BARREIRAS,Pluma,cento,Sem cotação,,Algodão,8
2014-03-18,Algodão,BARREIRAS,Caroço,arroba,Sem cotação,,Algodão,8
2014-03-18,Algodão,BARREIRAS,Pluma,cento,"37,50",37.5,Algodão,8
2014-03-18,Algodão,BARREIRAS,Pluma,arroba,"71,92",71.92,Algodão,8
2014-03-19,Algodão,BARREIRAS,Caroço,arroba,Sem cotação,,Algodão,8
2014-03-19,Algodão,BARREIRAS,Pluma,arroba,"71,92",71.92,Algodão,8
2014-03-19,Algodão,BARREIRAS,Pluma,cento,"37,50",37.5,Algodão,8
2014-03-20,Algodão,BARREIRAS,Caroço,arroba,Sem cotação,,Algodão,8
2014-03-20,Algodão,BARREIRAS,Pluma,cento,"37,50",37.5,Algodão,8
2014-03-20,Algodão,BARREIRAS,Pluma,arroba,"72,38",72.38,Algodão,8
2014-03-21,Algodão,BARREIRAS,Caroço,arroba,Sem cotação,,Algodão,8
2014-03-21,Algodão,BARREIRAS,Pluma,arroba,"72,38",72.38,Algodão,8
2014-03-21,Algodão,BARREIRAS,Pluma,cento,"37,50",37.5,Algodão,8
2014-03-24,Algodão,BARREIRAS,Caroço,arroba,Sem cotação,,Algodão,8
2014-03-24,Algodão,BARREIRAS,Pluma,cento,"37,50",37.5,Algodão,8
2014-03-24,Algodão,BARREIRAS,Pluma,arroba,"72,38",72.38,Algodão,8
2014-03-25,Algodão,BARREIRAS,Caroço,arroba,Sem cotação,,Algodão,8
2014-03-25,Algodão,BARREIRAS,Pluma,arroba,"72,38",72.38,Algodão,8
2014-03-25,Algodão,BARREIRAS,Pluma,cento,"37,50",37.5,Algodão,8
2014-03-26,Algodão,BARREIRAS,Caroço,arroba,Sem cotação,,Algodão,8
2014-03-26,Algodão,BARREIRAS,Pluma,cento,"37,50",37.5,Algodão,8
2014-03-26,Algodão,BARREIRAS,Pluma,arroba,"72,38",72.38,Algodão,8
2014-03-27,Algodão,BARREIRAS,Caroço,arroba,Sem cotação,,Algodão,8
2014-03-27,Algodão,BARREIRAS,Pluma,arroba,"72,38",72.38,Algodão,8
2014-03-27,Algodão,BARREIRAS,Pluma,cento,"37,50",37.5,Algodão,8
2014-03-28,Algodão,BARREIRAS,Caroço,arroba,Sem cotação,,Algodão,8
2014-03-28,Algodão,BARREIRAS,Pluma,cento,"37,50",37.5,Algodão,8
2014-03-28,Algodão,BARREIRAS,Pluma,arroba,"72,38",72.38,Algodão,8
2014-03-31,Algodão,BARREIRAS,Caroço,arroba,Sem cotação,,Algodão,8
2014-03-31,Algodão,BARREIRAS,Pluma,arroba,"72,38",72.38,Algodão,8
2014-03-31,Algodão,BARREIRAS,Pluma,cento,"37,50",37.5,Algodão,8
2014-04-01,Algodão,BARREIRAS,Caroço,arroba,Sem cotação,,Algodão,8
2014-04-01,Algodão,BARREIRAS,Pluma,cento,"37,50",37.5,Algodão,8
2014-04-01,Algodão,BARREIRAS,Pluma,arroba,"72,38",72.38,Algodão,8
2014-04-02,Algodão,BARREIRAS,Caroço,arroba,Sem cotação,,Algodão,8
2014-04-02,Algodão,BARREIRAS,Pluma,arroba,"72,38",72.38,Algodão,8
2014-04-02,Algodão,BARREIRAS,Pluma,cento,"37,50",37.5,Algodão,8
2014-04-03,Algodão,BARREIRAS,Caroço,arroba,Sem cotação,,Algodão,8
2014-04-03,Algodão,BARREIRAS,Pluma,cento,"37,50",37.5,Algodão,8
2014-04-03,Algodão,BARREIRAS,Pluma,arroba,"72,38",72.38,Algodão,8
2014-04-04,Algodão,BARREIRAS,Caroço,arroba,Sem cotação,,Algodão,8
2014-04-04,Algodão,BARREIRAS,Pluma,arroba,"72,38",72.38,Algodão,8
2014-04-04,Algodão,BARREIRAS,Pluma,cento,"37,50",37.5,Algodão,8
2014-04-07,Algodão,BARREIRAS,Caroço,arroba,Sem cotação,,Algodão,8
2014-04-07,Algodão,BARREIRAS,Pluma,cento,"37,50",37.5,Algodão,8
2014-04-07,Algodão,BARREIRAS,Pluma,arroba,"72,38",72.38,Algodão,8
2014-04-08,Algodão,BARREIRAS,Caroço,arroba,Sem cotação,,Algodão,8
2014-04-08,Algodão,BARREIRAS,Pluma,arroba,"72,38",72.38,Algodão,8
2014-04-08,Algodão,BARREIRAS,Pluma,cento,"37,50",37.5,Algodão,8
2014-04-09,Algodão,BARREIRAS,Caroço,arroba,Sem cotação,,Algodão,8
2014-04-09,Algodão,BARREIRAS,Pluma,cento,"37,50",37.5,Algodão,8
2014-04-09,Algodão,BARREIRAS,Pluma,arroba,"72,38",72.38,Algodão,8
2014-04-10,Algodão,BARREIRAS,Caroço,arroba,Sem cotação,,Algodão,8
2014-04-10,Algodão,BARREIRAS,Pluma,arroba,"72,38",72.38,Algodão,8
2014-04-10,Algodão,BARREIRAS,Pluma,cento,"37,50",37.5,Algodão,8
2014-04-11,Algodão,BARREIRAS,Caroço,arroba,Sem cotação,,Algodão,8
2014-04-11,Algodão,BARREIRAS,Pluma,cento,"37,50",37.5,Algodão,8
2014-04-11,Algodão,BARREIRAS,Pluma,arroba,"72,38",72.38,Algodão,8
2014-04-14,Algodão,BARREIRAS,Caroço,arroba,Sem cotação,,Algodão,8
2014-04-14,Algodão,BARREIRAS,Pluma,arroba,"68,78",68.78,Algodão,8
2014-04-14,Algodão,BARREIRAS,Pluma,cento,"37,50",37.5,Algodão,8
2014-04-15,Algodão,BARREIRAS,Caroço,arroba,Sem cotação,,Algodão,8
2014-04-15,Algodão,BARREIRAS,Pluma,cento,"45,00",45.0,Algodão,8
2014-04-15,Algodão,BARREIRAS,Pluma,arroba,"68,78",68.78,Algodão,8
2014-04-16,Algodão,BARREIRAS,Caroço,arroba,Sem cotação,,Algodão,8
2014-04-16,Algodão,BARREIRAS,Pluma,arroba,"68,78",68.78,Algodão,8
2014-04-16,Algodão,BARREIRAS,Pluma,cento,"45,00",45.0,Algodão,8
2014-04-22,Algodão,BARREIRAS,Caroço,arroba,Sem cotação,,Algodão,8
2014-04-22,Algodão,BARREIRAS,Pluma,cento,"45,00",45.0,Algodão,8
2014-04-22,Algodão,BARREIRAS,Pluma,arroba,"68,65",68.65,Algodão,8
2014-04-23,Algodão,BARREIRAS,Caroço,arroba,Sem cotação,,Algodão,8
2014-04-23,Algodão,BARREIRAS,Pluma,arroba,"68,65",68.65,Algodão,8
2014-04-23,Algodão,BARREIRAS,Pluma,cento,"45,00",45.0,Algodão,8
2014-04-24,Algodão,BARREIRAS,Caroço,arroba,Sem cotação,,Algodão,8
2014-04-24,Algodão,BARREIRAS,Pluma,cento,"45,00",45.0,Algodão,8
2014-04-24,Algodão,BARREIRAS,Pluma,arroba,"68,65",68.65,Algodão,8
2014-04-25,Algodão,BARREIRAS,Caroço,arroba,Sem cotação,,Algodão,8
2014-04-25,Algodão,BARREIRAS,Pluma,arroba,"68,65",68.65,Algodão,8
2014-04-25,Algodão,BARREIRAS,Pluma,cento,"45,00",45.0,Algodão,8
2014-04-28,Algodão,BARREIRAS,Caroço,arroba,Sem cotação,,Algodão,8
2014-04-28,Algodão,BARREIRAS,Pluma,cento,"45,00",45.0,Algodão,8
2014-04-28,Algodão,BARREIRAS,Pluma,arroba,"68,65",68.65,Algodão,8
2014-04-29,Algodão,BARREIRAS,Caroço,arroba,Sem cotação,,Algodão,8
2014-04-29,Algodão,BARREIRAS,Pluma,arroba,"68,65",68.65,Algodão,8
2014-04-29,Algodão,BARREIRAS,Pluma,cento,"45,00",45.0,Algodão,8
2014-04-30,Algodão,BARREIRAS,Caroço,arroba,Sem cotação,,Algodão,8
2014-04-30,Algodão,BARREIRAS,Pluma,cento,"45,00",45.0,Algodão,8
2014-04-30,Algodão,BARREIRAS,Pluma,arroba,"68,65",68.65,Algodão,8
2014-05-05,Algodão,BARREIRAS,Caroço,arroba,Sem cotação,,Algodão,8
2014-05-05,Algodão,BARREIRAS,Pluma,arroba,"68,65",68.65,Algodão,8
2014-05-05,Algodão,BARREIRAS,Pluma,cento,"45,00",45.0,Algodão,8
2014-05-06,Algodão,BARREIRAS,Caroço,arroba,Sem cotação,,Algodão,8
2014-05-06,Algodão,BARREIRAS,Pluma,cento,"35,00",35.0,Algodão,8
2014-05-06,Algodão,BARREIRAS,Pluma,arroba,"68,65",68.65,Algodão,8
2014-05-07,Algodão,BARREIRAS,Caroço,arroba,Sem cotação,,Algodão,8
2014-05-07,Algodão,BARREIRAS,Pluma,arroba,"68,65",68.65,Algodão,8
2014-05-07,Algodão,BARREIRAS,Pluma,cento,"35,00",35.0,Algodão,8
2014-05-08,Algodão,BARREIRAS,Caroço,arroba,Sem cotação,,Algodão,8
2014-05-08,Algodão,BARREIRAS,Pluma,cento,"35,00",35.0,Algodão,8
2014-05-08,Algodão,BARREIRAS,Pluma,arroba,"63,00",63.0,Algodão,8
2014-05-09,Algodão,BARREIRAS,Caroço,arroba,Sem cotação,,Algodão,8
2014-05-09,Algodão,BARREIRAS,Pluma,arroba,"63,00",63.0,Algodão,8
2014-05-09,Algodão,BARREIRAS,Pluma,cento,"35,00",35.0,Algodão,8
2014-05-12,Algodão,BARREIRAS,Caroço,arroba,Sem cotação,,Algodão,8
2014-05-12,Algodão,BARREIRAS,Pluma,cento,"35,00",35.0,Algodão,8
2014-05-12,Algodão,BARREIRAS,Pluma,arroba,"63,00",63.0,Algodão,8
2014-05-13,Algodão,BARREIRAS,Caroço,arroba,Sem cotação,,Algodão,8
2014-05-13,Algodão,BARREIRAS,Pluma,arroba,"63,00",63.0,Algodão,8
2014-05-13,Algodão,BARREIRAS,Pluma,cento,"35,00",35.0,Algodão,8
2014-05-14,Algodão,BARREIRAS,Caroço,arroba,Sem cotação,,Algodão,8
2014-05-14,Algodão,BARREIRAS,Pluma,cento,"35,00",35.0,Algodão,8
2014-05-14,Algodão,BARREIRAS,Pluma,arroba,"63,00",63.0,Algodão,8
2014-05-15,Algodão,BARREIRAS,Caroço,arroba,Sem cotação,,Algodão,8
2014-05-15,Algodão,BARREIRAS,Pluma,arroba,"63,00",63.0,Algodão,8
2014-05-15,Algodão,BARREIRAS,Pluma,cento,"35,00",35.0,Algodão,8
2014-05-16,Algodão,BARREIRAS,Caroço,arroba,Sem cotação,,Algodão,8
2014-05-16,Algodão,BARREIRAS,Pluma,cento,"35,00",35.0,Algodão,8
2014-05-16,Algodão,BARREIRAS,Pluma,arroba,"63,00",63.0,Algodão,8
2014-05-19,Algodão,BARREIRAS,Caroço,arroba,Sem cotação,,Algodão,8
2014-05-19,Algodão,BARREIRAS,Pluma,arroba,"63,00",63.0,Algodão,8
2014-05-19,Algodão,BARREIRAS,Pluma,cento,"35,00",35.0,Algodão,8
2014-05-20,Algodão,BARREIRAS,Caroço,arroba,Sem cotação,,Algodão,8
2014-05-20,Algodão,BARREIRAS,Pluma,cento,"35,00",35.0,Algodão,8
2014-05-20,Algodão,BARREIRAS,Pluma,arroba,"63,00",63.0,Algodão,8
2014-05-21,Algodão,BARREIRAS,Caroço,arroba,Sem cotação,,Algodão,8
2014-05-21,Algodão,BARREIRAS,Pluma,arroba,"63,00",63.0,Algodão,8
2014-05-21,Algodão,BARREIRAS,Pluma,cento,"35,00",35.0,Algodão,8
2014-05-22,Algodão,BARREIRAS,Caroço,arroba,Sem cotação,,Algodão,8
2014-05-22,Algodão,BARREIRAS,Pluma,cento,"35,00",35.0,Algodão,8
2014-05-22,Algodão,BARREIRAS,Pluma,arroba,"63,00",63.0,Algodão,8
2014-05-23,Algodão,BARREIRAS,Caroço,arroba,Sem cotação,,Algodão,8
2014-05-23,Algodão,BARREIRAS,Pluma,arroba,"63,00",63.0,Algodão,8
2014-05-23,Algodão,BARREIRAS,Pluma,cento,"35,00",35.0,Algodão,8
2014-05-26,Algodão,BARREIRAS,Caroço,arroba,Sem cotação,,Algodão,8
2014-05-26,Algodão,BARREIRAS,Pluma,cento,"35,00",35.0,Algodão,8
2014-05-26,Algodão,BARREIRAS,Pluma,arroba,"63,00",63.0,Algodão,8
2014-05-27,Algodão,BARREIRAS,Caroço,arroba,Sem cotação,,Algodão,8
2014-05-27,Algodão,BARREIRAS,Pluma,arroba,"63,33",63.33,Algodão,8
2014-05-27,Algodão,BARREIRAS,Pluma,cento,"35,00",35.0,Algodão,8
2014-05-28,Algodão,BARREIRAS,Caroço,arroba,Sem cotação,,Algodão,8
2014-05-28,Algodão,BARREIRAS,Pluma,cento,"35,00",35.0,Algodão,8
2014-05-28,Algodão,BARREIRAS,Pluma,arroba,"63,33",63.33,Algodão,8
2014-05-29,Algodão,BARREIRAS,Caroço,arroba,Sem cotação,,Algodão,8
2014-05-29,Algodão,BARREIRAS,Pluma,arroba,"63,33",63.33,Algodão,8
2014-05-29,Algodão,BARREIRAS,Pluma,cento,"35,00",35.0,Algodão,8
2014-05-30,Algodão,BARREIRAS,Caroço,arroba,Sem cotação,,Algodão,8
2014-05-30,Algodão,BARREIRAS,Pluma,cento,"35,00",35.0,Algodão,8
2014-05-30,Algodão,BARREIRAS,Pluma,arroba,"63,33",63.33,Algodão,8
2014-06-02,Algodão,BARREIRAS,Caroço,arroba,Sem cotação,,Algodão,8
2014-06-02,Algodão,BARREIRAS,Pluma,arroba,"63,33",63.33,Algodão,8
2014-06-02,Algodão,BARREIRAS,Pluma,cento,"25,00",25.0,Algodão,8
2014-06-03,Algodão,BARREIRAS,Pluma,arroba,"63,33",63.33,Algodão,8
2014-06-03,Algodão,SALVADOR,Pluma,arroba,Sem cotação,,Algodão,8
2014-06-04,Algodão,BARREIRAS,Pluma,arroba,"63,33",63.33,Algodão,8
2014-06-04,Algodão,BARREIRAS,Pluma,cento,"25,00",25.0,Algodão,8
2014-06-04,Algodão,SALVADOR,Pluma,arroba,Sem cotação,,Algodão,8
2014-06-05,Algodão,BARREIRAS,Pluma,cento,"25,00",25.0,Algodão,8
2014-06-05,Algodão,BARREIRAS,Pluma,arroba,"63,33",63.33,Algodão,8
2014-06-05,Algodão,SALVADOR,Pluma,arroba,Sem cotação,,Algodão,8
2014-06-06,Algodão,BARREIRAS,Pluma,arroba,"63,33",63.33,Algodão,8
2014-06-06,Algodão,BARREIRAS,Pluma,cento,"25,00",25.0,Algodão,8
2014-06-06,Algodão,SALVADOR,Pluma,arroba,Sem cotação,,Algodão,8
2014-06-09,Algodão,BARREIRAS,Pluma,cento,"25,00",25.0,Algodão,8
2014-06-09,Algodão,BARREIRAS,Pluma,arroba,"63,33",63.33,Algodão,8
2014-06-09,Algodão,SALVADOR,Pluma,arroba,Sem cotação,,Algodão,8
2014-06-10,Algodão,BARREIRAS,Pluma,arroba,"63,99",63.99,Algodão,8
2014-06-10,Algodão,BARREIRAS,Pluma,cento,"25,00",25.0,Algodão,8
2014-06-10,Algodão,SALVADOR,Pluma,arroba,Sem cotação,,Algodão,8
2014-06-11,Algodão,BARREIRAS,Pluma,cento,"25,00",25.0,Algodão,8
2014-06-11,Algodão,BARREIRAS,Pluma,arroba,"63,99",63.99,Algodão,8
2014-06-11,Algodão,SALVADOR,Pluma,arroba,Sem cotação,,Algodão,8
2014-06-12,Algodão,BARREIRAS,Pluma,arroba,"63,99",63.99,Algodão,8
2014-06-12,Algodão,BARREIRAS,Pluma,cento,"25,00",25.0,Algodão,8
2014-06-12,Algodão,SALVADOR,Pluma,arroba,Sem cotação,,Algodão,8
2014-06-13,Algodão,BARREIRAS,Pluma,cento,"25,00",25.0,Algodão,8
2014-06-13,Algodão,BARREIRAS,Pluma,arroba,"63,99",63.99,Algodão,8
2014-06-13,Algodão,SALVADOR,Pluma,arroba,Sem cotação,,Algodão,8
2014-06-17,Algodão,BARREIRAS,Pluma,arroba,"63,99",63.99,Algodão,8
2014-06-17,Algodão,BARREIRAS,Pluma,cento,"25,00",25.0,Algodão,8
2014-06-17,Algodão,SALVADOR,Pluma,arroba,Sem cotação,,Algodão,8
2014-06-18,Algodão,BARREIRAS,Pluma,cento,"25,00",25.0,Algodão,8
2014-06-18,Algodão,BARREIRAS,Pluma,arroba,"63,99",63.99,Algodão,8
2014-06-18,Algodão,SALVADOR,Pluma,arroba,Sem cotação,,Algodão,8
2014-06-26,Algodão,BARREIRAS,Pluma,arroba,"63,99",63.99,Algodão,8
2014-06-26,Algodão,BARREIRAS,Pluma,cento,"25,00",25.0,Algodão,8
2014-06-26,Algodão,SALVADOR,Pluma,arroba,Sem cotação,,Algodão,8
2014-06-27,Algodão,BARREIRAS,Pluma,cento,"25,00",25.0,Algodão,8
2014-06-27,Algodão,BARREIRAS,Pluma,arroba,"63,99",63.99,Algodão,8
2014-06-27,Algodão,SALVADOR,Pluma,arroba,Sem cotação,,Algodão,8
2014-06-30,Algodão,BARREIRAS,Pluma,arroba,"59,36",59.36,Algodão,8
2014-06-30,Algodão,BARREIRAS,Pluma,cento,"25,00",25.0,Algodão,8
2014-06-30,Algodão,SALVADOR,Pluma,arroba,Sem cotação,,Algodão,8
2014-07-01,Algodão,BARREIRAS,Pluma,cento,"25,00",25.0,Algodão,8
2014-07-01,Algodão,BARREIRAS,Pluma,arroba,"59,36",59.36,Algodão,8
2014-07-01,Algodão,SALVADOR,Pluma,arroba,Sem cotação,,Algodão,8
2014-07-03,Algodão,BARREIRAS,Pluma,arroba,"59,36",59.36,Algodão,8
2014-07-03,Algodão,BARREIRAS,Pluma,cento,"25,00",25.0,Algodão,8
2014-07-03,Algodão,SALVADOR,Pluma,arroba,Sem cotação,,Algodão,8
2014-07-04,Algodão,BARREIRAS,Pluma,cento,"25,00",25.0,Algodão,8
2014-07-04,Algodão,BARREIRAS,Pluma,arroba,"59,36",59.36,Algodão,8
2014-07-04,Algodão,SALVADOR,Pluma,arroba,Sem cotação,,Algodão,8
2014-07-07,Algodão,BARREIRAS,Pluma,arroba,"59,36",59.36,Algodão,8
2014-07-07,Algodão,BARREIRAS,Pluma,cento,"25,00",25.0,Algodão,8
2014-07-07,Algodão,SALVADOR,Pluma,arroba,Sem cotação,,Algodão,8
2014-07-08,Algodão,BARREIRAS,Pluma,cento,"25,00",25.0,Algodão,8
2014-07-08,Algodão,BARREIRAS,Pluma,arroba,"59,36",59.36,Algodão,8
2014-07-08,Algodão,SALVADOR,Pluma,arroba,Sem cotação,,Algodão,8
2014-07-09,Algodão,BARREIRAS,Pluma,arroba,"59,86",59.86,Algodão,8
2014-07-09,Algodão,BARREIRAS,Pluma,cento,"25,00",25.0,Algodão,8
2014-07-09,Algodão,SALVADOR,Pluma,arroba,Sem cotação,,Algodão,8
2014-07-10,Algodão,BARREIRAS,Pluma,cento,"25,00",25.0,Algodão,8
2014-07-10,Algodão,BARREIRAS,Pluma,arroba,"59,86",59.86,Algodão,8
2014-07-10,Algodão,SALVADOR,Pluma,arroba,Sem cotação,,Algodão,8
2014-07-11,Algodão,BARREIRAS,Pluma,arroba,"59,86",59.86,Algodão,8
2014-07-11,Algodão,BARREIRAS,Pluma,cento,"25,00",25.0,Algodão,8
2014-07-11,Algodão,SALVADOR,Pluma,arroba,Sem cotação,,Algodão,8
2014-07-14,Algodão,BARREIRAS,Pluma,cento,"25,00",25.0,Algodão,8
2014-07-14,Algodão,BARREIRAS,Pluma,arroba,"59,86",59.86,Algodão,8
2014-07-14,Algodão,SALVADOR,Pluma,arroba,Sem cotação,,Algodão,8
2014-07-15,Algodão,BARREIRAS,Pluma,arroba,"59,86",59.86,Algodão,8
2014-07-15,Algodão,BARREIRAS,Pluma,cento,"25,00",25.0,Algodão,8
2014-07-15,Algodão,SALVADOR,Pluma,arroba,Sem cotação,,Algodão,8
2014-07-16,Algodão,BARREIRAS,Pluma,cento,"25,00",25.0,Algodão,8
2014-07-16,Algodão,BARREIRAS,Pluma,arroba,"57,87",57.87,Algodão,8
2014-07-16,Algodão,SALVADOR,Pluma,arroba,Sem cotação,,Algodão,8
2014-07-17,Algodão,BARREIRAS,Pluma,arroba,"57,21",57.21,Algodão,8
2014-07-17,Algodão,BARREIRAS,Pluma,cento,"25,00",25.0,Algodão,8
2014-07-17,Algodão,SALVADOR,Pluma,arroba,Sem cotação,,Algodão,8
2014-07-18,Algodão,BARREIRAS,Pluma,cento,"25,00",25.0,Algodão,8
2014-07-18,Algodão,BARREIRAS,Pluma,arroba,"57,21",57.21,Algodão,8
2014-07-18,Algodão,SALVADOR,Pluma,arroba,Sem cotação,,Algodão,8
2014-07-21,Algodão,BARREIRAS,Pluma,arroba,"57,21",57.21,Algodão,8
2014-07-21,Algodão,BARREIRAS,Pluma,cento,"25,00",25.0,Algodão,8
2014-07-21,Algodão,SALVADOR,Pluma,arroba,Sem cotação,,Algodão,8
2014-07-22,Algodão,BARREIRAS,Pluma,cento,"25,00",25.0,Algodão,8
2014-07-22,Algodão,BARREIRAS,Pluma,arroba,"57,21",57.21,Algodão,8
2014-07-22,Algodão,SALVADOR,Pluma,arroba,Sem cotação,,Algodão,8
2014-07-23,Algodão,BARREIRAS,Pluma,arroba,"57,21",57.21,Algodão,8
2014-07-23,Algodão,BARREIRAS,Pluma,cento,"25,00",25.0,Algodão,8
2014-07-23,Algodão,SALVADOR,Pluma,arroba,Sem cotação,,Algodão,8
2014-07-24,Algodão,BARREIRAS,Pluma,cento,"25,00",25.0,Algodão,8
2014-07-24,Algodão,BARREIRAS,Pluma,arroba,"57,21",57.21,Algodão,8
2014-07-24,Algodão,SALVADOR,Pluma,arroba,Sem cotação,,Algodão,8
2014-07-25,Algodão,BARREIRAS,Pluma,arroba,"57,21",57.21,Algodão,8
2014-07-25,Algodão,BARREIRAS,Pluma,cento,"25,00",25.0,Algodão,8
2014-07-25,Algodão,SALVADOR,Pluma,arroba,Sem cotação,,Algodão,8
2014-07-28,Algodão,BARREIRAS,Pluma,cento,"25,00",25.0,Algodão,8
2014-07-28,Algodão,BARREIRAS,Pluma,arroba,"57,21",57.21,Algodão,8
2014-07-28,Algodão,SALVADOR,Pluma,arroba,Sem cotação,,Algodão,8
2014-07-29,Algodão,BARREIRAS,Pluma,arroba,"57,21",57.21,Algodão,8
2014-07-29,Algodão,BARREIRAS,Pluma,cento,"30,00",30.0,Algodão,8
2014-07-29,Algodão,SALVADOR,Pluma,arroba,Sem cotação,,Algodão,8
2014-07-30,Algodão,BARREIRAS,Pluma,cento,"30,00",30.0,Algodão,8
2014-07-30,Algodão,BARREIRAS,Pluma,arroba,"57,21",57.21,Algodão,8
2014-07-30,Algodão,SALVADOR,Pluma,arroba,Sem cotação,,Algodão,8
2014-07-31,Algodão,BARREIRAS,Pluma,arroba,"57,21",57.21,Algodão,8
2014-07-31,Algodão,BARREIRAS,Pluma,cento,"30,00",30.0,Algodão,8
2014-07-31,Algodão,SALVADOR,Pluma,arroba,Sem cotação,,Algodão,8
2014-08-01,Algodão,BARREIRAS,Pluma,cento,"30,00",30.0,Algodão,8
2014-08-01,Algodão,BARREIRAS,Pluma,arroba,"57,21",57.21,Algodão,8
2014-08-01,Algodão,SALVADOR,Pluma,arroba,Sem cotação,,Algodão,8
2014-08-04,Algodão,BARREIRAS,Pluma,arroba,"57,21",57.21,Algodão,8
2014-08-04,Algodão,BARREIRAS,Pluma,cento,"25,00",25.0,Algodão,8
2014-08-04,Algodão,SALVADOR,Pluma,arroba,Sem cotação,,Algodão,8
2014-08-05,Algodão,BARREIRAS,Pluma,cento,"25,00",25.0,Algodão,8
2014-08-05,Algodão,BARREIRAS,Pluma,arroba,"57,21",57.21,Algodão,8
2014-08-05,Algodão,SALVADOR,Pluma,arroba,Sem cotação,,Algodão,8
2014-08-06,Algodão,BARREIRAS,Pluma,arroba,"57,21",57.21,Algodão,8
2014-08-06,Algodão,BARREIRAS,Pluma,cento,"25,00",25.0,Algodão,8
2014-08-06,Algodão,SALVADOR,Pluma,arroba,Sem cotação,,Algodão,8
2014-08-07,Algodão,BARREIRAS,Pluma,cento,"25,00",25.0,Algodão,8
2014-08-07,Algodão,BARREIRAS,Pluma,arroba,"57,21",57.21,Algodão,8
2014-08-07,Algodão,SALVADOR,Pluma,arroba,Sem cotação,,Algodão,8
2014-08-08,Algodão,BARREIRAS,Pluma,arroba,"57,21",57.21,Algodão,8
2014-08-08,Algodão,BARREIRAS,Pluma,cento,"25,00",25.0,Algodão,8
2014-08-08,Algodão,SALVADOR,Pluma,arroba,Sem cotação,,Algodão,8
2014-08-11,Algodão,BARREIRAS,Pluma,cento,"25,00",25.0,Algodão,8
2014-08-11,Algodão,BARREIRAS,Pluma,arroba,"57,21",57.21,Algodão,8
2014-08-11,Algodão,SALVADOR,Pluma,arroba,Sem cotação,,Algodão,8
2014-08-12,Algodão,BARREIRAS,Pluma,arroba,"57,21",57.21,Algodão,8
2014-08-12,Algodão,BARREIRAS,Pluma,cento,"25,00",25.0,Algodão,8
2014-08-12,Algodão,SALVADOR,Pluma,arroba,Sem cotação,,Algodão,8
2014-08-13,Algodão,BARREIRAS,Pluma,cento,"25,00",25.0,Algodão,8
2014-08-13,Algodão,BARREIRAS,Pluma,arroba,"57,21",57.21,Algodão,8
2014-08-13,Algodão,SALVADOR,Pluma,arroba,Sem cotação,,Algodão,8
2014-08-14,Algodão,BARREIRAS,Pluma,arroba,"57,21",57.21,Algodão,8
2014-08-14,Algodão,BARREIRAS,Pluma,cento,"25,00",25.0,Algodão,8
2014-08-14,Algodão,SALVADOR,Pluma,arroba,Sem cotação,,Algodão,8
2014-08-15,Algodão,BARREIRAS,Pluma,cento,"25,00",25.0,Algodão,8
2014-08-15,Algodão,BARREIRAS,Pluma,arroba,"57,21",57.21,Algodão,8
2014-08-15,Algodão,SALVADOR,Pluma,arroba,Sem cotação,,Algodão,8
2014-08-18,Algodão,BARREIRAS,Pluma,arroba,"57,21",57.21,Algodão,8
2014-08-18,Algodão,BARREIRAS,Pluma,cento,"25,00",25.0,Algodão,8
2014-08-18,Algodão,SALVADOR,Pluma,arroba,Sem cotação,,Algodão,8
2014-08-19,Algodão,BARREIRAS,Pluma,cento,"25,00",25.0,Algodão,8
2014-08-19,Algodão,BARREIRAS,Pluma,arroba,"57,21",57.21,Algodão,8
2014-08-19,Algodão,SALVADOR,Pluma,arroba,Sem cotação,,Algodão,8
2014-08-20,Algodão,BARREIRAS,Pluma,arroba,"57,21",57.21,Algodão,8
2014-08-20,Algodão,BARREIRAS,Pluma,cento,"25,00",25.0,Algodão,8
2014-08-20,Algodão,SALVADOR,Pluma,arroba,Sem cotação,,Algodão,8
2014-08-21,Algodão,BARREIRAS,Pluma,cento,"25,00",25.0,Algodão,8
2014-08-21,Algodão,BARREIRAS,Pluma,arroba,"57,21",57.21,Algodão,8
2014-08-21,Algodão,SALVADOR,Pluma,arroba,Sem cotação,,Algodão,8
2014-08-22,Algodão,BARREIRAS,Pluma,arroba,"57,21",57.21,Algodão,8
2014-08-22,Algodão,BARREIRAS,Pluma,cento,"25,00",25.0,Algodão,8
2014-08-22,Algodão,SALVADOR,Pluma,arroba,Sem cotação,,Algodão,8
2014-08-25,Algodão,BARREIRAS,Pluma,cento,"25,00",25.0,Algodão,8
2014-08-25,Algodão,BARREIRAS,Pluma,arroba,"57,21",57.21,Algodão,8
2014-08-25,Algodão,SALVADOR,Pluma,arroba,Sem cotação,,Algodão,8
2014-08-26,Algodão,BARREIRAS,Pluma,arroba,"57,21",57.21,Algodão,8
2014-08-26,Algodão,BARREIRAS,Pluma,cento,"25,00",25.0,Algodão,8
2014-08-26,Algodão,SALVADOR,Pluma,arroba,Sem cotação,,Algodão,8
2014-08-27,Algodão,BARREIRAS,Pluma,cento,"25,00",25.0,Algodão,8
2014-08-27,Algodão,BARREIRAS,Pluma,arroba,"57,21",57.21,Algodão,8
2014-08-27,Algodão,SALVADOR,Pluma,arroba,Sem cotação,,Algodão,8
2014-08-28,Algodão,BARREIRAS,Pluma,arroba,"57,21",57.21,Algodão,8
2014-08-28,Algodão,BARREIRAS,Pluma,cento,"25,00",25.0,Algodão,8
2014-08-28,Algodão,SALVADOR,Pluma,arroba,Sem cotação,,Algodão,8
2014-08-29,Algodão,BARREIRAS,Pluma,cento,"25,00",25.0,Algodão,8
2014-08-29,Algodão,BARREIRAS,Pluma,arroba,"57,21",57.21,Algodão,8
2014-08-29,Algodão,SALVADOR,Pluma,arroba,Sem cotação,,Algodão,8
2014-09-01,Algodão,BARREIRAS,Pluma,arroba,"57,21",57.21,Algodão,8
2014-09-01,Algodão,BARREIRAS,Pluma,cento,"25,00",25.0,Algodão,8
2014-09-01,Algodão,SALVADOR,Pluma,arroba,Sem cotação,,Algodão,8
2014-09-02,Algodão,BARREIRAS,Pluma,cento,"25,00",25.0,Algodão,8
2014-09-02,Algodão,BARREIRAS,Pluma,arroba,"57,21",57.21,Algodão,8
2014-09-02,Algodão,SALVADOR,Pluma,arroba,Sem cotação,,Algodão,8
2014-09-03,Algodão,BARREIRAS,Pluma,arroba,"57,21",57.21,Algodão,8
2014-09-03,Algodão,BARREIRAS,Pluma,cento,"25,00",25.0,Algodão,8
2014-09-03,Algodão,SALVADOR,Pluma,arroba,Sem cotação,,Algodão,8
2014-09-04,Algodão,BARREIRAS,Pluma,cento,"25,00",25.0,Algodão,8
2014-09-04,Algodão,BARREIRAS,Pluma,arroba,"57,21",57.21,Algodão,8
2014-09-04,Algodão,SALVADOR,Pluma,arroba,Sem cotação,,Algodão,8
2014-09-05,Algodão,BARREIRAS,Pluma,arroba,"57,21",57.21,Algodão,8
2014-09-05,Algodão,BARREIRAS,Pluma,cento,"25,00",25.0,Algodão,8
2014-09-05,Algodão,SALVADOR,Pluma,arroba,Sem cotação,,Algodão,8
2014-09-08,Algodão,BARREIRAS,Pluma,cento,"25,00",25.0,Algodão,8
2014-09-08,Algodão,BARREIRAS,Pluma,arroba,"52,91",52.91,Algodão,8
2014-09-08,Algodão,SALVADOR,Pluma,arroba,Sem cotação,,Algodão,8
2014-09-09,Algodão,BARREIRAS,Pluma,arroba,"52,91",52.91,Algodão,8
2014-09-09,Algodão,BARREIRAS,Pluma,cento,"25,00",25.0,Algodão,8
2014-09-09,Algodão,SALVADOR,Pluma,arroba,Sem cotação,,Algodão,8
2014-09-10,Algodão,BARREIRAS,Pluma,cento,"25,00",25.0,Algodão,8
2014-09-10,Algodão,BARREIRAS,Pluma,arroba,"52,91",52.91,Algodão,8
2014-09-10,Algodão,SALVADOR,Pluma,arroba,Sem cotação,,Algodão,8
2014-09-11,Algodão,BARREIRAS,Pluma,arroba,"52,91",52.91,Algodão,8
2014-09-11,Algodão,BARREIRAS,Pluma,cento,"35,00",35.0,Algodão,8
2014-09-11,Algodão,SALVADOR,Pluma,arroba,Sem cotação,,Algodão,8
2014-09-12,Algodão,BARREIRAS,Pluma,cento,"35,00",35.0,Algodão,8
2014-09-12,Algodão,BARREIRAS,Pluma,arroba,"52,91",52.91,Algodão,8
2014-09-12,Algodão,SALVADOR,Pluma,arroba,Sem cotação,,Algodão,8
2014-09-15,Algodão,BARREIRAS,Pluma,arroba,"52,91",52.91,Algodão,8
2014-09-15,Algodão,BARREIRAS,Pluma,cento,"35,00",35.0,Algodão,8
2014-09-15,Algodão,SALVADOR,Pluma,arroba,Sem cotação,,Algodão,8
2014-09-16,Algodão,BARREIRAS,Pluma,cento,"35,00",35.0,Algodão,8
2014-09-16,Algodão,BARREIRAS,Pluma,arroba,"53,24",53.24,Algodão,8
2014-09-16,Algodão,SALVADOR,Pluma,arroba,Sem cotação,,Algodão,8
2014-09-17,Algodão,BARREIRAS,Pluma,arroba,"53,24",53.24,Algodão,8
2014-09-17,Algodão,BARREIRAS,Pluma,cento,"35,00",35.0,Algodão,8
2014-09-17,Algodão,SALVADOR,Pluma,arroba,Sem cotação,,Algodão,8
2014-09-18,Algodão,BARREIRAS,Pluma,cento,"35,00",35.0,Algodão,8
2014-09-18,Algodão,BARREIRAS,Pluma,arroba,"53,24",53.24,Algodão,8
2014-09-18,Algodão,SALVADOR,Pluma,arroba,Sem cotação,,Algodão,8
2014-09-19,Algodão,BARREIRAS,Pluma,arroba,"53,24",53.24,Algodão,8
2014-09-19,Algodão,BARREIRAS,Pluma,cento,"35,00",35.0,Algodão,8
2014-09-19,Algodão,SALVADOR,Pluma,arroba,Sem cotação,,Algodão,8
2014-09-22,Algodão,BARREIRAS,Pluma,cento,"35,00",35.0,Algodão,8
2014-09-22,Algodão,BARREIRAS,Pluma,arroba,"53,24",53.24,Algodão,8
2014-09-22,Algodão,SALVADOR,Pluma,arroba,Sem cotação,,Algodão,8
2014-09-23,Algodão,BARREIRAS,Pluma,arroba,"53,24",53.24,Algodão,8
2014-09-23,Algodão,BARREIRAS,Pluma,cento,"35,00",35.0,Algodão,8
2014-09-23,Algodão,SALVADOR,Pluma,arroba,Sem cotação,,Algodão,8
2014-09-24,Algodão,BARREIRAS,Pluma,cento,"35,00",35.0,Algodão,8
2014-09-24,Algodão,BARREIRAS,Pluma,arroba,"53,24",53.24,Algodão,8
2014-09-24,Algodão,SALVADOR,Pluma,arroba,Sem cotação,,Algodão,8
2014-09-25,Algodão,BARREIRAS,Pluma,arroba,"53,24",53.24,Algodão,8
2014-09-25,Algodão,BARREIRAS,Pluma,cento,"35,00",35.0,Algodão,8
2014-09-25,Algodão,SALVADOR,Pluma,arroba,Sem cotação,,Algodão,8
2014-09-26,Algodão,BARREIRAS,Pluma,cento,"35,00",35.0,Algodão,8
2014-09-26,Algodão,BARREIRAS,Pluma,arroba,"53,24",53.24,Algodão,8
2014-09-26,Algodão,SALVADOR,Pluma,arroba,Sem cotação,,Algodão,8
2014-09-29,Algodão,BARREIRAS,Pluma,arroba,"53,24",53.24,Algodão,8
2014-09-29,Algodão,BARREIRAS,Pluma,cento,"35,00",35.0,Algodão,8
2014-09-29,Algodão,BARROCAS,Caroço,arroba,Sem cotação,,Algodão,8
2014-09-30,Algodão,BARREIRAS,Pluma,cento,"35,00",35.0,Algodão,8
2014-09-30,Algodão,BARREIRAS,Pluma,arroba,"53,24",53.24,Algodão,8
2014-09-30,Algodão,BARROCAS,Caroço,arroba,Sem cotação,,Algodão,8
2014-10-01,Algodão,BARREIRAS,Pluma,arroba,"53,24",53.24,Algodão,8
2014-10-01,Algodão,BARREIRAS,Pluma,cento,"35,00",35.0,Algodão,8
2014-10-01,Algodão,BARROCAS,Caroço,arroba,Sem cotação,,Algodão,8
2014-10-02,Algodão,BARREIRAS,Pluma,cento,"35,00",35.0,Algodão,8
2014-10-02,Algodão,BARREIRAS,Pluma,arroba,"53,24",53.24,Algodão,8
2014-10-02,Algodão,BARROCAS,Caroço,arroba,Sem cotação,,Algodão,8
2014-10-03,Algodão,BARREIRAS,Pluma,arroba,"53,24",53.24,Algodão,8
2014-10-03,Algodão,BARREIRAS,Pluma,cento,"35,00",35.0,Algodão,8
2014-10-03,Algodão,BARROCAS,Caroço,arroba,Sem cotação,,Algodão,8
2014-10-06,Algodão,BARREIRAS,Pluma,cento,"35,00",35.0,Algodão,8
2014-10-06,Algodão,BARREIRAS,Pluma,arroba,"53,24",53.24,Algodão,8
2014-10-06,Algodão,BARROCAS,Caroço,arroba,Sem cotação,,Algodão,8
2014-10-07,Algodão,BARREIRAS,Pluma,arroba,"53,24",53.24,Algodão,8
2014-10-07,Algodão,BARREIRAS,Pluma,cento,"35,00",35.0,Algodão,8
2014-10-07,Algodão,BARROCAS,Caroço,arroba,Sem cotação,,Algodão,8
2014-10-08,Algodão,BARREIRAS,Pluma,cento,"35,00",35.0,Algodão,8
2014-10-08,Algodão,BARREIRAS,Pluma,arroba,"53,24",53.24,Algodão,8
2014-10-08,Algodão,BARROCAS,Caroço,arroba,Sem cotação,,Algodão,8
2014-10-09,Algodão,BARREIRAS,Pluma,arroba,"53,24",53.24,Algodão,8
2014-10-09,Algodão,BARREIRAS,Pluma,cento,"35,00",35.0,Algodão,8
2014-10-09,Algodão,BARROCAS,Caroço,arroba,Sem cotação,,Algodão,8
2014-10-10,Algodão,BARREIRAS,Pluma,cento,"35,00",35.0,Algodão,8
2014-10-10,Algodão,BARREIRAS,Pluma,arroba,"53,24",53.24,Algodão,8
2014-10-10,Algodão,BARROCAS,Caroço,arroba,Sem cotação,,Algodão,8
2014-10-13,Algodão,BARREIRAS,Pluma,arroba,"53,24",53.24,Algodão,8
2014-10-13,Algodão,BARREIRAS,Pluma,cento,"35,00",35.0,Algodão,8
2014-10-13,Algodão,BARROCAS,Caroço,arroba,Sem cotação,,Algodão,8
2014-10-14,Algodão,BARREIRAS,Pluma,cento,"35,00",35.0,Algodão,8
2014-10-14,Algodão,BARREIRAS,Pluma,arroba,"53,24",53.24,Algodão,8
2014-10-14,Algodão,BARROCAS,Caroço,arroba,Sem cotação,,Algodão,8
2014-10-15,Algodão,BARREIRAS,Pluma,arroba,"53,24",53.24,Algodão,8
2014-10-15,Algodão,BARREIRAS,Pluma,cento,"35,00",35.0,Algodão,8
2014-10-15,Algodão,BARROCAS,Caroço,arroba,Sem cotação,,Algodão,8
2014-10-16,Algodão,BARREIRAS,Pluma,cento,"35,00",35.0,Algodão,8
2014-10-16,Algodão,BARREIRAS,Pluma,arroba,"53,24",53.24,Algodão,8
2014-10-16,Algodão,BARROCAS,Caroço,arroba,Sem cotação,,Algodão,8
2014-10-17,Algodão,BARREIRAS,Pluma,arroba,"53,24",53.24,Algodão,8
2014-10-17,Algodão,BARREIRAS,Pluma,cento,"35,00",35.0,Algodão,8
2014-10-17,Algodão,BARROCAS,Caroço,arroba,Sem cotação,,Algodão,8
2014-10-20,Algodão,BARREIRAS,Pluma,cento,"35,00",35.0,Algodão,8
2014-10-20,Algodão,BARREIRAS,Pluma,arroba,"53,24",53.24,Algodão,8
2014-10-20,Algodão,BARROCAS,Caroço,arroba,Sem cotação,,Algodão,8
2014-10-21,Algodão,BARREIRAS,Pluma,arroba,"53,24",53.24,Algodão,8
2014-10-21,Algodão,BARREIRAS,Pluma,cento,"35,00",35.0,Algodão,8
2014-10-21,Algodão,BARROCAS,Caroço,arroba,Sem cotação,,Algodão,8
2014-10-22,Algodão,BARREIRAS,Pluma,cento,"35,00",35.0,Algodão,8
2014-10-22,Algodão,BARREIRAS,Pluma,arroba,"53,24",53.24,Algodão,8
2014-10-22,Algodão,BARROCAS,Caroço,arroba,Sem cotação,,Algodão,8
2014-10-23,Algodão,BARREIRAS,Pluma,arroba,"53,24",53.24,Algodão,8
2014-10-23,Algodão,BARREIRAS,Pluma,cento,"35,00",35.0,Algodão,8
2014-10-23,Algodão,BARROCAS,Caroço,arroba,Sem cotação,,Algodão,8
2014-10-24,Algodão,BARREIRAS,Pluma,cento,"35,00",35.0,Algodão,8
2014-10-24,Algodão,BARREIRAS,Pluma,arroba,"53,24",53.24,Algodão,8
2014-10-24,Algodão,BARROCAS,Caroço,arroba,Sem cotação,,Algodão,8
2014-10-27,Algodão,BARREIRAS,Pluma,arroba,"53,24",53.24,Algodão,8
2014-10-27,Algodão,BARREIRAS,Pluma,cento,"35,00",35.0,Algodão,8
2014-10-27,Algodão,BARROCAS,Caroço,arroba,Sem cotação,,Algodão,8
2014-10-28,Algodão,BARREIRAS,Pluma,cento,"35,00",35.0,Algodão,8
2014-10-28,Algodão,BARREIRAS,Pluma,arroba,"53,24",53.24,Algodão,8
2014-10-28,Algodão,BARROCAS,Caroço,arroba,Sem cotação,,Algodão,8
2014-10-29,Algodão,BARREIRAS,Pluma,arroba,"53,24",53.24,Algodão,8
2014-10-29,Algodão,BARREIRAS,Pluma,cento,"35,00",35.0,Algodão,8
2014-10-29,Algodão,BARROCAS,Caroço,arroba,Sem cotação,,Algodão,8
2014-10-30,Algodão,BARREIRAS,Pluma,cento,"35,00",35.0,Algodão,8
2014-10-30,Algodão,BARREIRAS,Pluma,arroba,"53,24",53.24,Algodão,8
2014-10-30,Algodão,BARROCAS,Caroço,arroba,Sem cotação,,Algodão,8
2014-11-03,Algodão,BARREIRAS,Pluma,arroba,"53,24",53.24,Algodão,8
2014-11-03,Algodão,BARREIRAS,Pluma,cento,"35,00",35.0,Algodão,8
2014-11-03,Algodão,BARROCAS,Caroço,arroba,Sem cotação,,Algodão,8
2014-11-04,Algodão,BARREIRAS,Pluma,cento,"35,00",35.0,Algodão,8
2014-11-04,Algodão,BARREIRAS,Pluma,arroba,"53,24",53.24,Algodão,8
2014-11-04,Algodão,BARROCAS,Caroço,arroba,Sem cotação,,Algodão,8
2014-11-05,Algodão,BARREIRAS,Pluma,arroba,"53,24",53.24,Algodão,8
2014-11-05,Algodão,BARREIRAS,Pluma,cento,"35,00",35.0,Algodão,8
2014-11-05,Algodão,BARROCAS,Caroço,arroba,Sem cotação,,Algodão,8
2014-11-06,Algodão,BARREIRAS,Pluma,cento,"35,00",35.0,Algodão,8
2014-11-06,Algodão,BARREIRAS,Pluma,arroba,"53,24",53.24,Algodão,8
2014-11-06,Algodão,BARROCAS,Caroço,arroba,Sem cotação,,Algodão,8
2014-11-07,Algodão,BARREIRAS,Pluma,arroba,"53,24",53.24,Algodão,8
2014-11-07,Algodão,BARREIRAS,Pluma,cento,"35,00",35.0,Algodão,8
2014-11-07,Algodão,BARROCAS,Caroço,arroba,Sem cotação,,Algodão,8
2014-11-10,Algodão,BARREIRAS,Pluma,cento,"35,00",35.0,Algodão,8
2014-11-10,Algodão,BARREIRAS,Pluma,arroba,"53,24",53.24,Algodão,8
2014-11-10,Algodão,BARROCAS,Caroço,arroba,Sem cotação,,Algodão,8
2014-11-11,Algodão,BARREIRAS,Pluma,arroba,"53,24",53.24,Algodão,8
2014-11-11,Algodão,BARREIRAS,Pluma,cento,"35,00",35.0,Algodão,8
2014-11-11,Algodão,BARROCAS,Caroço,arroba,Sem cotação,,Algodão,8
2014-11-12,Algodão,BARREIRAS,Pluma,cento,"35,00",35.0,Algodão,8
2014-11-12,Algodão,BARREIRAS,Pluma,arroba,"53,24",53.24,Algodão,8
2014-11-12,Algodão,BARROCAS,Caroço,arroba,Sem cotação,,Algodão,8
2014-11-13,Algodão,BARREIRAS,Pluma,arroba,"53,24",53.24,Algodão,8
2014-11-13,Algodão,BARREIRAS,Pluma,cento,"35,00",35.0,Algodão,8
2014-11-13,Algodão,BARROCAS,Caroço,arroba,Sem cotação,,Algodão,8
2014-11-14,Algodão,BARREIRAS,Pluma,cento,"35,00",35.0,Algodão,8
2014-11-14,Algodão,BARREIRAS,Pluma,arroba,"53,24",53.24,Algodão,8
2014-11-14,Algodão,BARROCAS,Caroço,arroba,Sem cotação,,Algodão,8
2014-11-17,Algodão,BARREIRAS,Pluma,arroba,"53,24",53.24,Algodão,8
2014-11-17,Algodão,BARREIRAS,Pluma,cento,"35,00",35.0,Algodão,8
2014-11-17,Algodão,BARROCAS,Caroço,arroba,Sem cotação,,Algodão,8
2014-11-18,Algodão,BARREIRAS,Pluma,cento,"35,00",35.0,Algodão,8
2014-11-18,Algodão,BARREIRAS,Pluma,arroba,"53,24",53.24,Algodão,8
2014-11-18,Algodão,BARROCAS,Caroço,arroba,Sem cotação,,Algodão,8
2014-11-19,Algodão,BARREIRAS,Pluma,arroba,"53,24",53.24,Algodão,8
2014-11-19,Algodão,BARREIRAS,Pluma,cento,"35,00",35.0,Algodão,8
2014-11-19,Algodão,BARROCAS,Caroço,arroba,Sem cotação,,Algodão,8
2014-11-20,Algodão,BARREIRAS,Pluma,cento,"35,00",35.0,Algodão,8
2014-11-20,Algodão,BARREIRAS,Pluma,arroba,"53,24",53.24,Algodão,8
2014-11-20,Algodão,BARROCAS,Caroço,arroba,Sem cotação,,Algodão,8
2014-11-21,Algodão,BARREIRAS,Pluma,arroba,"53,24",53.24,Algodão,8
2014-11-21,Algodão,BARREIRAS,Pluma,cento,"35,00",35.0,Algodão,8
2014-11-21,Algodão,BARROCAS,Caroço,arroba,Sem cotação,,Algodão,8
2014-11-24,Algodão,BARREIRAS,Pluma,cento,"35,00",35.0,Algodão,8
2014-11-24,Algodão,BARREIRAS,Pluma,arroba,"53,24",53.24,Algodão,8
2014-11-24,Algodão,BARROCAS,Caroço,arroba,Sem cotação,,Algodão,8
2014-11-25,Algodão,BARREIRAS,Pluma,arroba,"53,24",53.24,Algodão,8
2014-11-25,Algodão,BARREIRAS,Pluma,cento,"35,00",35.0,Algodão,8
2014-11-25,Algodão,BARROCAS,Caroço,arroba,Sem cotação,,Algodão,8
2014-11-26,Algodão,BARREIRAS,Pluma,cento,"35,00",35.0,Algodão,8
2014-11-26,Algodão,BARREIRAS,Pluma,arroba,"52,91",52.91,Algodão,8
2014-11-26,Algodão,BARROCAS,Caroço,arroba,Sem cotação,,Algodão,8
2014-11-27,Algodão,BARREIRAS,Pluma,arroba,"52,91",52.91,Algodão,8
2014-11-27,Algodão,BARREIRAS,Pluma,cento,"35,00",35.0,Algodão,8
2014-11-27,Algodão,BARROCAS,Caroço,arroba,Sem cotação,,Algodão,8
2014-11-28,Algodão,BARREIRAS,Pluma,cento,"35,00",35.0,Algodão,8
2014-11-28,Algodão,BARREIRAS,Pluma,arroba,"52,91",52.91,Algodão,8
2014-11-28,Algodão,BARROCAS,Caroço,arroba,Sem cotação,,Algodão,8
2014-12-01,Algodão,BARREIRAS,Pluma,arroba,"52,91",52.91,Algodão,8
2014-12-01,Algodão,BARREIRAS,Pluma,cento,"35,00",35.0,Algodão,8
2014-12-01,Algodão,BARROCAS,Caroço,arroba,Sem cotação,,Algodão,8
2014-12-02,Algodão,BARREIRAS,Pluma,cento,"35,00",35.0,Algodão,8
2014-12-02,Algodão,BARREIRAS,Pluma,arroba,"52,91",52.91,Algodão,8
2014-12-02,Algodão,BARROCAS,Caroço,arroba,Sem cotação,,Algodão,8
2014-12-03,Algodão,BARREIRAS,Pluma,arroba,"52,91",52.91,Algodão,8
2014-12-03,Algodão,BARREIRAS,Pluma,cento,"35,00",35.0,Algodão,8
2014-12-03,Algodão,BARROCAS,Caroço,arroba,Sem cotação,,Algodão,8
2014-12-04,Algodão,BARREIRAS,Pluma,cento,"35,00",35.0,Algodão,8
2014-12-04,Algodão,BARREIRAS,Pluma,arroba,"52,91",52.91,Algodão,8
2014-12-04,Algodão,BARROCAS,Caroço,arroba,Sem cotação,,Algodão,8
2014-12-05,Algodão,BARREIRAS,Pluma,arroba,"52,91",52.91,Algodão,8
2014-12-05,Algodão,BARREIRAS,Pluma,cento,"35,00",35.0,Algodão,8
2014-12-05,Algodão,BARROCAS,Caroço,arroba,Sem cotação,,Algodão,8
2014-12-09,Algodão,BARREIRAS,Pluma,cento,"35,00",35.0,Algodão,8
2014-12-09,Algodão,BARREIRAS,Pluma,arroba,"52,91",52.91,Algodão,8
2014-12-09,Algodão,BARROCAS,Caroço,arroba,Sem cotação,,Algodão,8
2014-12-10,Algodão,BARREIRAS,Pluma,arroba,"52,91",52.91,Algodão,8
2014-12-10,Algodão,BARREIRAS,Pluma,cento,"35,00",35.0,Algodão,8
2014-12-10,Algodão,BARROCAS,Caroço,arroba,Sem cotação,,Algodão,8
2014-12-11,Algodão,BARREIRAS,Pluma,cento,"35,00",35.0,Algodão,8
2014-12-11,Algodão,BARREIRAS,Pluma,arroba,"52,91",52.91,Algodão,8
2014-12-11,Algodão,BARROCAS,Caroço,arroba,Sem cotação,,Algodão,8
2014-12-12,Algodão,BARREIRAS,Pluma,arroba,"52,91",52.91,Algodão,8
2014-12-12,Algodão,BARREIRAS,Pluma,cento,"35,00",35.0,Algodão,8
2014-12-12,Algodão,BARROCAS,Caroço,arroba,Sem cotação,,Algodão,8
2014-12-15,Algodão,BARREIRAS,Pluma,cento,"35,00",35.0,Algodão,8
2014-12-15,Algodão,BARREIRAS,Pluma,arroba,"52,91",52.91,Algodão,8
2014-12-15,Algodão,BARROCAS,Caroço,arroba,Sem cotação,,Algodão,8
2014-12-16,Algodão,BARREIRAS,Pluma,arroba,"52,91",52.91,Algodão,8
2014-12-16,Algodão,BARREIRAS,Pluma,cento,"35,00",35.0,Algodão,8
2014-12-16,Algodão,BARROCAS,Caroço,arroba,Sem cotação,,Algodão,8
2014-12-17,Algodão,BARREIRAS,Pluma,cento,"35,00",35.0,Algodão,8
2014-12-17,Algodão,BARREIRAS,Pluma,arroba,"52,91",52.91,Algodão,8
2014-12-17,Algodão,BARROCAS,Caroço,arroba,Sem cotação,,Algodão,8
2014-12-18,Algodão,BARREIRAS,Pluma,arroba,"52,91",52.91,Algodão,8
2014-12-18,Algodão,BARREIRAS,Pluma,cento,"35,00",35.0,Algodão,8
2014-12-18,Algodão,BARROCAS,Caroço,arroba,Sem cotação,,Algodão,8
2014-12-19,Algodão,BARREIRAS,Pluma,cento,"35,00",35.0,Algodão,8
2014-12-19,Algodão,BARREIRAS,Pluma,arroba,"52,91",52.91,Algodão,8
2014-12-19,Algodão,BARROCAS,Caroço,arroba,Sem cotação,,Algodão,8
2014-12-22,Algodão,BARREIRAS,Pluma,arroba,"52,91",52.91,Algodão,8
2014-12-22,Algodão,BARREIRAS,Pluma,cento,"35,00",35.0,Algodão,8
2014-12-22,Algodão,BARROCAS,Caroço,arroba,Sem cotação,,Algodão,8
2014-12-23,Algodão,BARREIRAS,Pluma,cento,"35,00",35.0,Algodão,8
2014-12-23,Algodão,BARREIRAS,Pluma,arroba,"52,91",52.91,Algodão,8
2014-12-23,Algodão,BARROCAS,Caroço,arroba,Sem cotação,,Algodão,8
2014-12-29,Algodão,BARREIRAS,Pluma,arroba,"52,91",52.91,Algodão,8
2014-12-29,Algodão,BARREIRAS,Pluma,cento,"35,00",35.0,Algodão,8
2014-12-29,Algodão,BARROCAS,Caroço,arroba,Sem cotação,,Algodão,8
2014-12-30,Algodão,BARREIRAS,Pluma,cento,"35,00",35.0,Algodão,8
2014-12-30,Algodão,BARREIRAS,Pluma,arroba,"52,91",52.91,Algodão,8
2014-12-30,Algodão,BARROCAS,Caroço,arroba,Sem cotação,,Algodão,8
2015-01-05,Algodão,BARREIRAS,(comum),arroba,"52,91",52.91,Algodão,8
2015-01-05,Algodão,BARREIRAS,Caroço,arroba,Sem cotação,,Algodão,8
2015-01-05,Algodão,BARREIRAS,Pluma,cento,"35,00",35.0,Algodão,8
2015-01-06,Algodão,BARREIRAS,(comum),arroba,"52,91",52.91,Algodão,8
2015-01-06,Algodão,BARREIRAS,Caroço,arroba,Sem cotação,,Algodão,8
2015-01-06,Algodão,BARREIRAS,Pluma,cento,"35,00",35.0,Algodão,8
2015-01-07,Algodão,BARREIRAS,(comum),arroba,"52,91",52.91,Algodão,8
2015-01-07,Algodão,BARREIRAS,Caroço,arroba,Sem cotação,,Algodão,8
2015-01-07,Algodão,BARREIRAS,Pluma,cento,"35,00",35.0,Algodão,8
2015-01-08,Algodão,BARREIRAS,(comum),arroba,"52,91",52.91,Algodão,8
2015-01-08,Algodão,BARREIRAS,Caroço,arroba,Sem cotação,,Algodão,8
2015-01-08,Algodão,BARREIRAS,Pluma,cento,"35,00",35.0,Algodão,8
2015-01-09,Algodão,BARREIRAS,(comum),arroba,"52,91",52.91,Algodão,8
2015-01-09,Algodão,BARREIRAS,Caroço,arroba,Sem cotação,,Algodão,8
2015-01-09,Algodão,BARREIRAS,Pluma,cento,"35,00",35.0,Algodão,8
2015-01-12,Algodão,BARREIRAS,(comum),arroba,"52,91",52.91,Algodão,8
2015-01-12,Algodão,BARREIRAS,Caroço,arroba,Sem cotação,,Algodão,8
2015-01-12,Algodão,BARREIRAS,Pluma,cento,"35,00",35.0,Algodão,8
2015-01-13,Algodão,BARREIRAS,(comum),arroba,"52,91",52.91,Algodão,8
2015-01-13,Algodão,BARREIRAS,Caroço,arroba,Sem cotação,,Algodão,8
2015-01-13,Algodão,BARREIRAS,Pluma,cento,"35,00",35.0,Algodão,8
2015-01-14,Algodão,BARREIRAS,(comum),arroba,"52,91",52.91,Algodão,8
2015-01-14,Algodão,BARREIRAS,Caroço,arroba,Sem cotação,,Algodão,8
2015-01-14,Algodão,BARREIRAS,Pluma,cento,"35,00",35.0,Algodão,8
2015-01-15,Algodão,BARREIRAS,(comum),arroba,"52,91",52.91,Algodão,8
2015-01-15,Algodão,BARREIRAS,Caroço,arroba,Sem cotação,,Algodão,8
2015-01-15,Algodão,BARREIRAS,Pluma,cento,"35,00",35.0,Algodão,8
2015-01-16,Algodão,BARREIRAS,(comum),arroba,"52,91",52.91,Algodão,8
2015-01-16,Algodão,BARREIRAS,Caroço,arroba,Sem cotação,,Algodão,8
2015-01-16,Algodão,BARREIRAS,Pluma,cento,"35,00",35.0,Algodão,8
2015-01-19,Algodão,BARREIRAS,(comum),arroba,"53,41",53.41,Algodão,8
2015-01-19,Algodão,BARREIRAS,Caroço,arroba,Sem cotação,,Algodão,8
2015-01-19,Algodão,BARREIRAS,Pluma,cento,"35,00",35.0,Algodão,8
2015-01-20,Algodão,BARREIRAS,(comum),arroba,"53,41",53.41,Algodão,8
2015-01-20,Algodão,BARREIRAS,Caroço,arroba,Sem cotação,,Algodão,8
2015-01-20,Algodão,BARREIRAS,Pluma,cento,"35,00",35.0,Algodão,8
2015-01-21,Algodão,BARREIRAS,(comum),arroba,"53,41",53.41,Algodão,8
2015-01-21,Algodão,BARREIRAS,Caroço,arroba,Sem cotação,,Algodão,8
2015-01-21,Algodão,BARREIRAS,Pluma,cento,"35,00",35.0,Algodão,8
2015-01-22,Algodão,BARREIRAS,(comum),arroba,"53,41",53.41,Algodão,8
2015-01-22,Algodão,BARREIRAS,Caroço,arroba,Sem cotação,,Algodão,8
2015-01-22,Algodão,BARREIRAS,Pluma,cento,"35,00",35.0,Algodão,8
2015-01-23,Algodão,BARREIRAS,(comum),arroba,"53,41",53.41,Algodão,8
2015-01-23,Algodão,BARREIRAS,Caroço,arroba,Sem cotação,,Algodão,8
2015-01-23,Algodão,BARREIRAS,Pluma,cento,"35,00",35.0,Algodão,8
2015-01-27,Algodão,BARREIRAS,(comum),arroba,"53,41",53.41,Algodão,8
2015-01-27,Algodão,BARREIRAS,Caroço,arroba,Sem cotação,,Algodão,8
2015-01-27,Algodão,BARREIRAS,Pluma,cento,"35,00",35.0,Algodão,8
2015-01-28,Algodão,BARREIRAS,(comum),arroba,"53,41",53.41,Algodão,8
2015-01-28,Algodão,BARREIRAS,Caroço,arroba,Sem cotação,,Algodão,8
2015-01-28,Algodão,BARREIRAS,Pluma,cento,"35,00",35.0,Algodão,8
2015-01-29,Algodão,BARREIRAS,(comum),arroba,"53,41",53.41,Algodão,8
2015-01-29,Algodão,BARREIRAS,Caroço,arroba,Sem cotação,,Algodão,8
2015-01-29,Algodão,BARREIRAS,Pluma,cento,"35,00",35.0,Algodão,8
2015-01-30,Algodão,BARREIRAS,(comum),arroba,"53,41",53.41,Algodão,8
2015-01-30,Algodão,BARREIRAS,Caroço,arroba,Sem cotação,,Algodão,8
2015-01-30,Algodão,BARREIRAS,Pluma,cento,"35,00",35.0,Algodão,8
2015-02-02,Algodão,BARREIRAS,(comum),arroba,"55,06",55.06,Algodão,8
2015-02-02,Algodão,BARREIRAS,Caroço,arroba,Sem cotação,,Algodão,8
2015-02-02,Algodão,BARREIRAS,Pluma,cento,"35,00",35.0,Algodão,8
2015-02-03,Algodão,BARREIRAS,(comum),arroba,"55,06",55.06,Algodão,8
2015-02-03,Algodão,BARREIRAS,Caroço,arroba,Sem cotação,,Algodão,8
2015-02-03,Algodão,BARREIRAS,Pluma,cento,"35,00",35.0,Algodão,8
2015-02-04,Algodão,BARREIRAS,(comum),arroba,"55,06",55.06,Algodão,8
2015-02-04,Algodão,BARREIRAS,Caroço,arroba,Sem cotação,,Algodão,8
2015-02-04,Algodão,BARREIRAS,Pluma,cento,"35,00",35.0,Algodão,8
2015-02-05,Algodão,BARREIRAS,(comum),arroba,"55,06",55.06,Algodão,8
2015-02-05,Algodão,BARREIRAS,Caroço,arroba,Sem cotação,,Algodão,8
2015-02-05,Algodão,BARREIRAS,Pluma,cento,"35,00",35.0,Algodão,8
2015-02-06,Algodão,BARREIRAS,(comum),arroba,"55,06",55.06,Algodão,8
2015-02-06,Algodão,BARREIRAS,Caroço,arroba,Sem cotação,,Algodão,8
2015-02-06,Algodão,BARREIRAS,Pluma,cento,"35,00",35.0,Algodão,8
2015-02-09,Algodão,BARREIRAS,(comum),arroba,"55,06",55.06,Algodão,8
2015-02-09,Algodão,BARREIRAS,Caroço,arroba,Sem cotação,,Algodão,8
2015-02-09,Algodão,BARREIRAS,Pluma,cento,"45,00",45.0,Algodão,8
2015-02-10,Algodão,BARREIRAS,(comum),arroba,"55,06",55.06,Algodão,8
2015-02-10,Algodão,BARREIRAS,Caroço,arroba,Sem cotação,,Algodão,8
2015-02-10,Algodão,BARREIRAS,Pluma,cento,"45,00",45.0,Algodão,8
2015-02-11,Algodão,BARREIRAS,(comum),arroba,"55,06",55.06,Algodão,8
2015-02-11,Algodão,BARREIRAS,Caroço,arroba,Sem cotação,,Algodão,8
2015-02-11,Algodão,BARREIRAS,Pluma,cento,"45,00",45.0,Algodão,8
2015-02-12,Algodão,BARREIRAS,(comum),arroba,"55,06",55.06,Algodão,8
2015-02-12,Algodão,BARREIRAS,Caroço,arroba,Sem cotação,,Algodão,8
2015-02-12,Algodão,BARREIRAS,Pluma,cento,"45,00",45.0,Algodão,8
2015-02-19,Algodão,BARREIRAS,(comum),arroba,"55,06",55.06,Algodão,8
2015-02-19,Algodão,BARREIRAS,Caroço,arroba,Sem cotação,,Algodão,8
2015-02-19,Algodão,BARREIRAS,Pluma,cento,"45,00",45.0,Algodão,8
2015-02-20,Algodão,BARREIRAS,(comum),arroba,"55,06",55.06,Algodão,8
2015-02-20,Algodão,BARREIRAS,Caroço,arroba,Sem cotação,,Algodão,8
2015-02-20,Algodão,BARREIRAS,Pluma,cento,"45,00",45.0,Algodão,8
2015-02-23,Algodão,BARREIRAS,(comum),arroba,"55,06",55.06,Algodão,8
2015-02-23,Algodão,BARREIRAS,Caroço,arroba,Sem cotação,,Algodão,8
2015-02-23,Algodão,BARREIRAS,Pluma,cento,"45,00",45.0,Algodão,8
2015-02-24,Algodão,BARREIRAS,(comum),arroba,"55,06",55.06,Algodão,8
2015-02-24,Algodão,BARREIRAS,Caroço,arroba,Sem cotação,,Algodão,8
2015-02-24,Algodão,BARREIRAS,Pluma,cento,"45,00",45.0,Algodão,8
2015-02-25,Algodão,BARREIRAS,(comum),arroba,"55,06",55.06,Algodão,8
2015-02-25,Algodão,BARREIRAS,Caroço,arroba,Sem cotação,,Algodão,8
2015-02-25,Algodão,BARREIRAS,Pluma,cento,"45,00",45.0,Algodão,8
2015-02-26,Algodão,BARREIRAS,(comum),arroba,"55,06",55.06,Algodão,8
2015-02-26,Algodão,BARREIRAS,Caroço,arroba,Sem cotação,,Algodão,8
2015-02-26,Algodão,BARREIRAS,Pluma,cento,"45,00",45.0,Algodão,8
2015-02-27,Algodão,BARREIRAS,(comum),arroba,"55,06",55.06,Algodão,8
2015-02-27,Algodão,BARREIRAS,Caroço,arroba,Sem cotação,,Algodão,8
2015-02-27,Algodão,BARREIRAS,Pluma,cento,"45,00",45.0,Algodão,8
2015-03-02,Algodão,BARREIRAS,(comum),arroba,"55,06",55.06,Algodão,8
2015-03-02,Algodão,BARREIRAS,Caroço,arroba,Sem cotação,,Algodão,8
2015-03-02,Algodão,BARREIRAS,Pluma,cento,"45,00",45.0,Algodão,8
2015-03-03,Algodão,BARREIRAS,(comum),arroba,"55,06",55.06,Algodão,8
2015-03-03,Algodão,BARREIRAS,Caroço,arroba,Sem cotação,,Algodão,8
2015-03-03,Algodão,BARREIRAS,Pluma,cento,"45,00",45.0,Algodão,8
2015-03-04,Algodão,BARREIRAS,(comum),arroba,"56,21",56.21,Algodão,8
2015-03-04,Algodão,BARREIRAS,Caroço,arroba,Sem cotação,,Algodão,8
2015-03-04,Algodão,BARREIRAS,Pluma,cento,"45,00",45.0,Algodão,8
2015-03-05,Algodão,BARREIRAS,(comum),arroba,"56,21",56.21,Algodão,8
2015-03-05,Algodão,BARREIRAS,Caroço,arroba,Sem cotação,,Algodão,8
2015-03-05,Algodão,BARREIRAS,Pluma,cento,"45,00",45.0,Algodão,8
2015-03-06,Algodão,BARREIRAS,(comum),arroba,"56,21",56.21,Algodão,8
2015-03-06,Algodão,BARREIRAS,Caroço,arroba,Sem cotação,,Algodão,8
2015-03-06,Algodão,BARREIRAS,Pluma,cento,"45,00",45.0,Algodão,8
2015-03-09,Algodão,BARREIRAS,(comum),arroba,"56,21",56.21,Algodão,8
2015-03-09,Algodão,BARREIRAS,Caroço,arroba,Sem cotação,,Algodão,8
2015-03-09,Algodão,BARREIRAS,Pluma,cento,"45,00",45.0,Algodão,8
2015-03-10,Algodão,BARREIRAS,(comum),arroba,"56,87",56.87,Algodão,8
2015-03-10,Algodão,BARREIRAS,Caroço,arroba,Sem cotação,,Algodão,8
2015-03-10,Algodão,BARREIRAS,Pluma,cento,"45,00",45.0,Algodão,8
2015-03-11,Algodão,BARREIRAS,(comum),arroba,"56,87",56.87,Algodão,8
2015-03-11,Algodão,BARREIRAS,Caroço,arroba,Sem cotação,,Algodão,8
2015-03-11,Algodão,BARREIRAS,Pluma,cento,"45,00",45.0,Algodão,8
2015-03-12,Algodão,BARREIRAS,(comum),arroba,Sem cotação,,Algodão,8
2015-03-12,Algodão,BARREIRAS,Pluma,cento,"45,00",45.0,Algodão,8
2015-03-12,Algodão,BARROCAS,Caroço,arroba,"56,87",56.87,Algodão,8
2015-03-13,Algodão,BARREIRAS,(comum),arroba,Sem cotação,,Algodão,8
2015-03-13,Algodão,BARREIRAS,Pluma,cento,"45,00",45.0,Algodão,8
2015-03-13,Algodão,BARROCAS,Caroço,arroba,"56,87",56.87,Algodão,8
2015-03-16,Algodão,BARREIRAS,(comum),arroba,Sem cotação,,Algodão,8
2015-03-16,Algodão,BARREIRAS,Pluma,cento,"45,00",45.0,Algodão,8
2015-03-16,Algodão,BARROCAS,Caroço,arroba,"56,87",56.87,Algodão,8
2015-03-17,Algodão,BARREIRAS,(comum),arroba,Sem cotação,,Algodão,8
2015-03-17,Algodão,BARREIRAS,Pluma,cento,"45,00",45.0,Algodão,8
2015-03-17,Algodão,BARROCAS,Caroço,arroba,"56,87",56.87,Algodão,8
2015-03-18,Algodão,BARREIRAS,(comum),arroba,Sem cotação,,Algodão,8
2015-03-18,Algodão,BARREIRAS,Pluma,cento,"45,00",45.0,Algodão,8
2015-03-18,Algodão,BARROCAS,Caroço,arroba,"56,87",56.87,Algodão,8
2015-03-19,Algodão,BARREIRAS,(comum),arroba,Sem cotação,,Algodão,8
2015-03-19,Algodão,BARREIRAS,Pluma,cento,"45,00",45.0,Algodão,8
2015-03-19,Algodão,BARROCAS,Caroço,arroba,"56,87",56.87,Algodão,8
2015-03-20,Algodão,BARREIRAS,(comum),arroba,Sem cotação,,Algodão,8
2015-03-20,Algodão,BARREIRAS,Pluma,cento,"45,00",45.0,Algodão,8
2015-03-20,Algodão,BARROCAS,Caroço,arroba,"56,87",56.87,Algodão,8
2015-03-23,Algodão,BARREIRAS,(comum),arroba,Sem cotação,,Algodão,8
2015-03-23,Algodão,BARREIRAS,Pluma,cento,"45,00",45.0,Algodão,8
2015-03-23,Algodão,BARROCAS,Caroço,arroba,"56,87",56.87,Algodão,8
2015-03-24,Algodão,BARREIRAS,(comum),arroba,Sem cotação,,Algodão,8
2015-03-24,Algodão,BARREIRAS,Pluma,cento,"45,00",45.0,Algodão,8
2015-03-24,Algodão,BARROCAS,Caroço,arroba,"56,87",56.87,Algodão,8
2015-03-25,Algodão,BARREIRAS,(comum),arroba,Sem cotação,,Algodão,8
2015-03-25,Algodão,BARREIRAS,Pluma,cento,"45,00",45.0,Algodão,8
2015-03-25,Algodão,BARROCAS,Caroço,arroba,"56,87",56.87,Algodão,8
2015-03-26,Algodão,BARREIRAS,(comum),arroba,Sem cotação,,Algodão,8
2015-03-26,Algodão,BARREIRAS,Pluma,cento,"45,00",45.0,Algodão,8
2015-03-26,Algodão,BARROCAS,Caroço,arroba,"56,87",56.87,Algodão,8
2015-03-27,Algodão,BARREIRAS,(comum),arroba,Sem cotação,,Algodão,8
2015-03-27,Algodão,BARREIRAS,Pluma,cento,"45,00",45.0,Algodão,8
2015-03-27,Algodão,BARROCAS,Caroço,arroba,"56,87",56.87,Algodão,8
2015-03-30,Algodão,BARREIRAS,(comum),arroba,Sem cotação,,Algodão,8
2015-03-30,Algodão,BARREIRAS,Pluma,cento,"35,00",35.0,Algodão,8
2015-03-30,Algodão,BARROCAS,Caroço,arroba,"56,87",56.87,Algodão,8
2015-03-31,Algodão,BARREIRAS,(comum),arroba,Sem cotação,,Algodão,8
2015-03-31,Algodão,BARREIRAS,Pluma,cento,"35,00",35.0,Algodão,8
2015-03-31,Algodão,BARROCAS,Caroço,arroba,"56,87",56.87,Algodão,8
2015-04-01,Algodão,BARREIRAS,(comum),arroba,Sem cotação,,Algodão,8
2015-04-01,Algodão,BARREIRAS,Pluma,cento,"35,00",35.0,Algodão,8
2015-04-01,Algodão,BARROCAS,Caroço,arroba,"56,87",56.87,Algodão,8
2015-04-02,Algodão,BARREIRAS,(comum),arroba,Sem cotação,,Algodão,8
2015-04-02,Algodão,BARREIRAS,Pluma,cento,"35,00",35.0,Algodão,8
2015-04-02,Algodão,BARROCAS,Caroço,arroba,"56,87",56.87,Algodão,8
2015-04-06,Algodão,BARREIRAS,(comum),arroba,Sem cotação,,Algodão,8
2015-04-06,Algodão,BARREIRAS,Pluma,cento,"35,00",35.0,Algodão,8
2015-04-06,Algodão,BARROCAS,Caroço,arroba,"66,13",66.13,Algodão,8
2015-04-07,Algodão,BARREIRAS,(comum),arroba,Sem cotação,,Algodão,8
2015-04-07,Algodão,BARREIRAS,Pluma,cento,"35,00",35.0,Algodão,8
2015-04-07,Algodão,BARROCAS,Caroço,arroba,"66,13",66.13,Algodão,8
2015-04-08,Algodão,BARREIRAS,(comum),arroba,Sem cotação,,Algodão,8
2015-04-08,Algodão,BARREIRAS,Pluma,cento,"35,00",35.0,Algodão,8
2015-04-08,Algodão,BARROCAS,Caroço,arroba,"66,13",66.13,Algodão,8
2015-04-09,Algodão,BARREIRAS,(comum),arroba,Sem cotação,,Algodão,8
2015-04-09,Algodão,BARREIRAS,Pluma,cento,"35,00",35.0,Algodão,8
2015-04-09,Algodão,BARROCAS,Caroço,arroba,"66,13",66.13,Algodão,8
2015-04-10,Algodão,BARREIRAS,(comum),arroba,Sem cotação,,Algodão,8
2015-04-10,Algodão,BARREIRAS,Pluma,cento,"35,00",35.0,Algodão,8
2015-04-10,Algodão,BARROCAS,Caroço,arroba,"66,13",66.13,Algodão,8
2015-04-13,Algodão,BARREIRAS,(comum),arroba,Sem cotação,,Algodão,8
2015-04-13,Algodão,BARREIRAS,Pluma,cento,"35,00",35.0,Algodão,8
2015-04-13,Algodão,BARROCAS,Caroço,arroba,"66,13",66.13,Algodão,8
2015-04-14,Algodão,BARREIRAS,(comum),arroba,Sem cotação,,Algodão,8
2015-04-14,Algodão,BARREIRAS,Pluma,cento,"35,00",35.0,Algodão,8
2015-04-14,Algodão,BARROCAS,Caroço,arroba,"66,13",66.13,Algodão,8
2015-04-15,Algodão,BARREIRAS,(comum),arroba,Sem cotação,,Algodão,8
2015-04-15,Algodão,BARREIRAS,Pluma,cento,"35,00",35.0,Algodão,8
2015-04-15,Algodão,BARROCAS,Caroço,arroba,"66,13",66.13,Algodão,8
2015-04-16,Algodão,BARREIRAS,(comum),arroba,Sem cotação,,Algodão,8
2015-04-16,Algodão,BARREIRAS,Pluma,cento,"35,00",35.0,Algodão,8
2015-04-16,Algodão,BARROCAS,Caroço,arroba,"66,13",66.13,Algodão,8
2015-04-17,Algodão,BARREIRAS,(comum),arroba,Sem cotação,,Algodão,8
2015-04-17,Algodão,BARREIRAS,Pluma,cento,"35,00",35.0,Algodão,8
2015-04-17,Algodão,BARROCAS,Caroço,arroba,"66,13",66.13,Algodão,8
2015-04-22,Algodão,BARREIRAS,(comum),arroba,Sem cotação,,Algodão,8
2015-04-22,Algodão,BARREIRAS,Pluma,cento,"35,00",35.0,Algodão,8
2015-04-22,Algodão,BARROCAS,Caroço,arroba,"66,13",66.13,Algodão,8
2015-04-23,Algodão,BARREIRAS,(comum),arroba,Sem cotação,,Algodão,8
2015-04-23,Algodão,BARREIRAS,Pluma,cento,"35,00",35.0,Algodão,8
2015-04-23,Algodão,BARROCAS,Caroço,arroba,"66,13",66.13,Algodão,8
2015-04-24,Algodão,BARREIRAS,(comum),arroba,Sem cotação,,Algodão,8
2015-04-24,Algodão,BARREIRAS,Pluma,cento,"35,00",35.0,Algodão,8
2015-04-24,Algodão,BARROCAS,Caroço,arroba,"66,13",66.13,Algodão,8
2015-04-27,Algodão,BARREIRAS,(comum),arroba,Sem cotação,,Algodão,8
2015-04-27,Algodão,BARREIRAS,Pluma,cento,"35,00",35.0,Algodão,8
2015-04-27,Algodão,BARROCAS,Caroço,arroba,"66,13",66.13,Algodão,8
2015-04-28,Algodão,BARREIRAS,(comum),arroba,Sem cotação,,Algodão,8
2015-04-28,Algodão,BARREIRAS,Pluma,cento,"35,00",35.0,Algodão,8
2015-04-28,Algodão,BARROCAS,Caroço,arroba,"66,13",66.13,Algodão,8
2015-04-29,Algodão,BARREIRAS,(comum),arroba,Sem cotação,,Algodão,8
2015-04-29,Algodão,BARREIRAS,Pluma,cento,"35,00",35.0,Algodão,8
2015-04-29,Algodão,BARROCAS,Caroço,arroba,"66,13",66.13,Algodão,8
2015-04-30,Algodão,BARREIRAS,(comum),arroba,Sem cotação,,Algodão,8
2015-04-30,Algodão,BARREIRAS,Pluma,cento,"35,00",35.0,Algodão,8
2015-04-30,Algodão,BARROCAS,Caroço,arroba,"66,13",66.13,Algodão,8
2015-05-04,Algodão,BARREIRAS,(comum),arroba,Sem cotação,,Algodão,8
2015-05-04,Algodão,BARREIRAS,Pluma,cento,"35,00",35.0,Algodão,8
2015-05-04,Algodão,BARROCAS,Caroço,arroba,"66,13",66.13,Algodão,8
2015-05-05,Algodão,BARREIRAS,(comum),arroba,Sem cotação,,Algodão,8
2015-05-05,Algodão,BARREIRAS,Pluma,cento,"35,00",35.0,Algodão,8
2015-05-05,Algodão,BARROCAS,Caroço,arroba,"66,13",66.13,Algodão,8
2015-05-06,Algodão,BARREIRAS,(comum),arroba,Sem cotação,,Algodão,8
2015-05-06,Algodão,BARREIRAS,Pluma,cento,"35,00",35.0,Algodão,8
2015-05-06,Algodão,BARROCAS,Caroço,arroba,"66,13",66.13,Algodão,8
2015-05-07,Algodão,BARREIRAS,(comum),arroba,Sem cotação,,Algodão,8
2015-05-07,Algodão,BARREIRAS,Pluma,cento,"35,00",35.0,Algodão,8
2015-05-07,Algodão,BARROCAS,Caroço,arroba,"66,13",66.13,Algodão,8
2015-05-08,Algodão,BARREIRAS,(comum),arroba,Sem cotação,,Algodão,8
2015-05-08,Algodão,BARREIRAS,Pluma,cento,"35,00",35.0,Algodão,8
2015-05-08,Algodão,BARROCAS,Caroço,arroba,"66,13",66.13,Algodão,8
2015-05-11,Algodão,BARREIRAS,(comum),arroba,Sem cotação,,Algodão,8
2015-05-11,Algodão,BARREIRAS,Pluma,cento,"35,00",35.0,Algodão,8
2015-05-11,Algodão,BARROCAS,Caroço,arroba,"69,77",69.77,Algodão,8
2015-05-12,Algodão,BARREIRAS,(comum),arroba,Sem cotação,,Algodão,8
2015-05-12,Algodão,BARREIRAS,Pluma,cento,"35,00",35.0,Algodão,8
2015-05-12,Algodão,BARROCAS,Caroço,arroba,"69,77",69.77,Algodão,8
2015-05-13,Algodão,BARREIRAS,(comum),arroba,Sem cotação,,Algodão,8
2015-05-13,Algodão,BARREIRAS,Pluma,cento,"35,00",35.0,Algodão,8
2015-05-13,Algodão,BARROCAS,Caroço,arroba,"69,77",69.77,Algodão,8
2015-05-14,Algodão,BARREIRAS,(comum),arroba,Sem cotação,,Algodão,8
2015-05-14,Algodão,BARREIRAS,Pluma,cento,"35,00",35.0,Algodão,8
2015-05-14,Algodão,BARROCAS,Caroço,arroba,"69,77",69.77,Algodão,8
2015-05-15,Algodão,BARREIRAS,(comum),arroba,Sem cotação,,Algodão,8
2015-05-15,Algodão,BARREIRAS,Pluma,cento,"35,00",35.0,Algodão,8
2015-05-15,Algodão,BARROCAS,Caroço,arroba,"69,77",69.77,Algodão,8
2015-05-18,Algodão,BARREIRAS,(comum),arroba,Sem cotação,,Algodão,8
2015-05-18,Algodão,BARREIRAS,Pluma,cento,"35,00",35.0,Algodão,8
2015-05-18,Algodão,BARROCAS,Caroço,arroba,"69,77",69.77,Algodão,8
2015-05-19,Algodão,BARREIRAS,(comum),arroba,Sem cotação,,Algodão,8
2015-05-19,Algodão,BARREIRAS,Pluma,cento,"35,00",35.0,Algodão,8
2015-05-19,Algodão,BARROCAS,Caroço,arroba,"68,95",68.95,Algodão,8
2015-05-20,Algodão,BARREIRAS,(comum),arroba,Sem cotação,,Algodão,8
2015-05-20,Algodão,BARREIRAS,Pluma,cento,"35,00",35.0,Algodão,8
2015-05-20,Algodão,BARROCAS,Caroço,arroba,"68,95",68.95,Algodão,8
2015-05-21,Algodão,BARREIRAS,(comum),arroba,Sem cotação,,Algodão,8
2015-05-21,Algodão,BARREIRAS,Pluma,cento,"35,00",35.0,Algodão,8
2015-05-21,Algodão,BARROCAS,Caroço,arroba,"68,95",68.95,Algodão,8
2015-05-22,Algodão,BARREIRAS,(comum),arroba,Sem cotação,,Algodão,8
2015-05-22,Algodão,BARREIRAS,Pluma,cento,"35,00",35.0,Algodão,8
2015-05-22,Algodão,BARROCAS,Caroço,arroba,"68,95",68.95,Algodão,8
2015-05-25,Algodão,BARREIRAS,Caroço,arroba,"68,45",68.45,Algodão,8
2015-05-25,Algodão,BARREIRAS,Pluma,cento,"35,00",35.0,Algodão,8
2015-05-25,Algodão,BARROCAS,Caroço,arroba,Sem cotação,,Algodão,8
2015-05-26,Algodão,BARREIRAS,Caroço,arroba,"68,45",68.45,Algodão,8
2015-05-26,Algodão,BARREIRAS,Pluma,cento,"35,00",35.0,Algodão,8
2015-05-26,Algodão,BARROCAS,Caroço,arroba,Sem cotação,,Algodão,8
2015-05-27,Algodão,BARREIRAS,Caroço,arroba,"68,45",68.45,Algodão,8
2015-05-27,Algodão,BARREIRAS,Pluma,cento,"35,00",35.0,Algodão,8
2015-05-27,Algodão,BARROCAS,Caroço,arroba,Sem cotação,,Algodão,8
2015-05-28,Algodão,BARREIRAS,Caroço,arroba,"68,45",68.45,Algodão,8
2015-05-28,Algodão,BARREIRAS,Pluma,cento,"35,00",35.0,Algodão,8
2015-05-28,Algodão,BARROCAS,Caroço,arroba,Sem cotação,,Algodão,8
2015-05-29,Algodão,BARREIRAS,Caroço,arroba,"68,45",68.45,Algodão,8
2015-05-29,Algodão,BARREIRAS,Pluma,cento,"35,00",35.0,Algodão,8
2015-05-29,Algodão,BARROCAS,Caroço,arroba,Sem cotação,,Algodão,8
2015-06-01,Algodão,BARREIRAS,Caroço,arroba,"68,45",68.45,Algodão,8
2015-06-01,Algodão,BARREIRAS,Pluma,cento,"35,00",35.0,Algodão,8
2015-06-01,Algodão,BARROCAS,Caroço,arroba,Sem cotação,,Algodão,8
2015-06-02,Algodão,BARREIRAS,Caroço,arroba,"68,45",68.45,Algodão,8
2015-06-02,Algodão,BARREIRAS,Pluma,cento,"35,00",35.0,Algodão,8
2015-06-02,Algodão,BARROCAS,Caroço,arroba,Sem cotação,,Algodão,8
2015-06-03,Algodão,BARREIRAS,Caroço,arroba,"68,45",68.45,Algodão,8
2015-06-03,Algodão,BARREIRAS,Pluma,cento,"27,00",27.0,Algodão,8
2015-06-03,Algodão,BARROCAS,Caroço,arroba,Sem cotação,,Algodão,8
2015-06-08,Algodão,BARREIRAS,Caroço,arroba,"68,45",68.45,Algodão,8
2015-06-08,Algodão,BARREIRAS,Pluma,cento,"27,00",27.0,Algodão,8
2015-06-08,Algodão,BARROCAS,Caroço,arroba,Sem cotação,,Algodão,8
2015-06-09,Algodão,BARREIRAS,Caroço,arroba,"69,44",69.44,Algodão,8
2015-06-09,Algodão,BARREIRAS,Pluma,cento,"27,00",27.0,Algodão,8
2015-06-09,Algodão,BARROCAS,Caroço,arroba,Sem cotação,,Algodão,8
2015-06-10,Algodão,BARREIRAS,Caroço,arroba,"69,44",69.44,Algodão,8
2015-06-10,Algodão,BARREIRAS,Pluma,cento,"27,00",27.0,Algodão,8
2015-06-10,Algodão,BARROCAS,Caroço,arroba,Sem cotação,,Algodão,8
2015-06-11,Algodão,BARREIRAS,Caroço,arroba,"69,44",69.44,Algodão,8
2015-06-11,Algodão,BARREIRAS,Pluma,cento,"27,00",27.0,Algodão,8
2015-06-11,Algodão,BARROCAS,Caroço,arroba,Sem cotação,,Algodão,8
2015-06-12,Algodão,BARREIRAS,Caroço,arroba,"69,44",69.44,Algodão,8
2015-06-12,Algodão,BARREIRAS,Pluma,cento,"27,00",27.0,Algodão,8
2015-06-12,Algodão,BARROCAS,Caroço,arroba,Sem cotação,,Algodão,8
2015-06-15,Algodão,BARREIRAS,Caroço,arroba,"69,44",69.44,Algodão,8
2015-06-15,Algodão,BARREIRAS,Pluma,cento,"27,00",27.0,Algodão,8
2015-06-15,Algodão,BARROCAS,Caroço,arroba,Sem cotação,,Algodão,8
2015-06-16,Algodão,BARREIRAS,Caroço,arroba,"69,11",69.11,Algodão,8
2015-06-16,Algodão,BARREIRAS,Pluma,cento,"27,00",27.0,Algodão,8
2015-06-16,Algodão,BARROCAS,Caroço,arroba,Sem cotação,,Algodão,8
2015-06-17,Algodão,BARREIRAS,Caroço,arroba,"69,11",69.11,Algodão,8
2015-06-17,Algodão,BARREIRAS,Pluma,cento,"27,00",27.0,Algodão,8
2015-06-17,Algodão,BARROCAS,Caroço,arroba,Sem cotação,,Algodão,8
2015-06-18,Algodão,BARREIRAS,Caroço,arroba,"69,11",69.11,Algodão,8
2015-06-18,Algodão,BARREIRAS,Pluma,cento,"27,00",27.0,Algodão,8
2015-06-18,Algodão,BARROCAS,Caroço,arroba,Sem cotação,,Algodão,8
2015-06-19,Algodão,BARREIRAS,Caroço,arroba,"69,11",69.11,Algodão,8
2015-06-19,Algodão,BARREIRAS,Pluma,cento,"27,00",27.0,Algodão,8
2015-06-19,Algodão,BARROCAS,Caroço,arroba,Sem cotação,,Algodão,8
2015-06-25,Algodão,BARREIRAS,Caroço,arroba,"69,11",69.11,Algodão,8
2015-06-25,Algodão,BARREIRAS,Pluma,cento,"27,00",27.0,Algodão,8
2015-06-25,Algodão,BARROCAS,Caroço,arroba,Sem cotação,,Algodão,8
2015-06-26,Algodão,BARREIRAS,Caroço,arroba,"69,11",69.11,Algodão,8
2015-06-26,Algodão,BARREIRAS,Pluma,cento,"27,00",27.0,Algodão,8
2015-06-26,Algodão,BARROCAS,Caroço,arroba,Sem cotação,,Algodão,8
2015-06-29,Algodão,BARREIRAS,Caroço,arroba,"69,11",69.11,Algodão,8
2015-06-29,Algodão,BARREIRAS,Pluma,cento,"27,00",27.0,Algodão,8
2015-06-29,Algodão,BARROCAS,Caroço,arroba,Sem cotação,,Algodão,8
2015-06-30,Algodão,BARREIRAS,Caroço,arroba,"69,11",69.11,Algodão,8
2015-06-30,Algodão,BARREIRAS,Pluma,cento,"27,00",27.0,Algodão,8
2015-06-30,Algodão,BARROCAS,Caroço,arroba,Sem cotação,,Algodão,8
2015-07-01,Algodão,BARREIRAS,Caroço,arroba,"69,72",69.72,Algodão,8
2015-07-01,Algodão,BARREIRAS,Pluma,cento,"27,00",27.0,Algodão,8
2015-07-01,Algodão,BARROCAS,Caroço,arroba,Sem cotação,,Algodão,8
2015-07-03,Algodão,BARREIRAS,Caroço,arroba,"69,72",69.72,Algodão,8
2015-07-03,Algodão,BARREIRAS,Pluma,cento,"27,00",27.0,Algodão,8
2015-07-03,Algodão,BARROCAS,Caroço,arroba,Sem cotação,,Algodão,8
2015-07-06,Algodão,BARREIRAS,Caroço,arroba,"69,72",69.72,Algodão,8
2015-07-06,Algodão,BARREIRAS,Pluma,cento,"27,00",27.0,Algodão,8
2015-07-06,Algodão,BARROCAS,Caroço,arroba,Sem cotação,,Algodão,8
2015-07-07,Algodão,BARREIRAS,Caroço,arroba,"69,72",69.72,Algodão,8
2015-07-07,Algodão,BARREIRAS,Pluma,cento,"27,00",27.0,Algodão,8
2015-07-07,Algodão,BARROCAS,Caroço,arroba,Sem cotação,,Algodão,8
2015-07-08,Algodão,BARREIRAS,Caroço,arroba,"69,72",69.72,Algodão,8
2015-07-08,Algodão,BARREIRAS,Pluma,cento,"27,00",27.0,Algodão,8
2015-07-08,Algodão,BARROCAS,Caroço,arroba,Sem cotação,,Algodão,8
2015-07-09,Algodão,BARREIRAS,Caroço,arroba,"69,72",69.72,Algodão,8
2015-07-09,Algodão,BARREIRAS,Pluma,cento,"27,00",27.0,Algodão,8
2015-07-09,Algodão,BARROCAS,Caroço,arroba,Sem cotação,,Algodão,8
2015-07-10,Algodão,BARREIRAS,Caroço,arroba,"69,72",69.72,Algodão,8
2015-07-10,Algodão,BARREIRAS,Pluma,cento,"27,00",27.0,Algodão,8
2015-07-10,Algodão,BARROCAS,Caroço,arroba,Sem cotação,,Algodão,8
2015-07-13,Algodão,BARREIRAS,Caroço,arroba,"69,72",69.72,Algodão,8
2015-07-13,Algodão,BARREIRAS,Pluma,cento,"27,00",27.0,Algodão,8
2015-07-13,Algodão,BARROCAS,Caroço,arroba,Sem cotação,,Algodão,8
2015-07-14,Algodão,BARREIRAS,Caroço,arroba,"69,72",69.72,Algodão,8
2015-07-14,Algodão,BARREIRAS,Pluma,cento,"27,00",27.0,Algodão,8
2015-07-14,Algodão,BARROCAS,Caroço,arroba,Sem cotação,,Algodão,8
2015-07-15,Algodão,BARREIRAS,Caroço,arroba,"69,72",69.72,Algodão,8
2015-07-15,Algodão,BARREIRAS,Pluma,cento,"27,00",27.0,Algodão,8
2015-07-15,Algodão,BARROCAS,Caroço,arroba,Sem cotação,,Algodão,8
2015-07-16,Algodão,BARREIRAS,Caroço,arroba,"69,72",69.72,Algodão,8
2015-07-16,Algodão,BARREIRAS,Pluma,cento,"27,00",27.0,Algodão,8
2015-07-16,Algodão,BARROCAS,Caroço,arroba,Sem cotação,,Algodão,8
2015-07-17,Algodão,BARREIRAS,Caroço,arroba,"69,72",69.72,Algodão,8
2015-07-17,Algodão,BARREIRAS,Pluma,cento,"27,00",27.0,Algodão,8
2015-07-17,Algodão,BARROCAS,Caroço,arroba,Sem cotação,,Algodão,8
2015-07-20,Algodão,BARREIRAS,Caroço,arroba,"69,72",69.72,Algodão,8
2015-07-20,Algodão,BARREIRAS,Pluma,cento,"27,00",27.0,Algodão,8
2015-07-20,Algodão,BARROCAS,Caroço,arroba,Sem cotação,,Algodão,8
2015-07-21,Algodão,BARREIRAS,Caroço,arroba,"69,72",69.72,Algodão,8
2015-07-21,Algodão,BARREIRAS,Pluma,cento,"27,00",27.0,Algodão,8
2015-07-21,Algodão,BARROCAS,Caroço,arroba,Sem cotação,,Algodão,8
2015-07-22,Algodão,BARREIRAS,Caroço,arroba,"69,72",69.72,Algodão,8
2015-07-22,Algodão,BARREIRAS,Pluma,cento,"27,00",27.0,Algodão,8
2015-07-22,Algodão,BARROCAS,Caroço,arroba,Sem cotação,,Algodão,8
2015-07-23,Algodão,BARREIRAS,Caroço,arroba,"69,72",69.72,Algodão,8
2015-07-23,Algodão,BARREIRAS,Pluma,cento,"27,00",27.0,Algodão,8
2015-07-23,Algodão,BARROCAS,Caroço,arroba,Sem cotação,,Algodão,8
2015-07-24,Algodão,BARREIRAS,Caroço,arroba,"69,72",69.72,Algodão,8
2015-07-24,Algodão,BARREIRAS,Pluma,cento,"27,00",27.0,Algodão,8
2015-07-24,Algodão,BARROCAS,Caroço,arroba,Sem cotação,,Algodão,8
2015-07-27,Algodão,BARREIRAS,Caroço,arroba,"69,72",69.72,Algodão,8
2015-07-27,Algodão,BARREIRAS,Pluma,cento,"37,50",37.5,Algodão,8
2015-07-27,Algodão,BARROCAS,Caroço,arroba,Sem cotação,,Algodão,8
2015-07-28,Algodão,BARREIRAS,Caroço,arroba,"69,72",69.72,Algodão,8
2015-07-28,Algodão,BARREIRAS,Pluma,cento,"37,50",37.5,Algodão,8
2015-07-28,Algodão,BARROCAS,Caroço,arroba,Sem cotação,,Algodão,8
2015-07-29,Algodão,BARREIRAS,Caroço,arroba,"69,72",69.72,Algodão,8
2015-07-29,Algodão,BARREIRAS,Pluma,cento,"37,50",37.5,Algodão,8
2015-07-29,Algodão,BARROCAS,Caroço,arroba,Sem cotação,,Algodão,8
2015-07-30,Algodão,BARREIRAS,Caroço,arroba,"69,72",69.72,Algodão,8
2015-07-30,Algodão,BARREIRAS,Pluma,cento,"37,50",37.5,Algodão,8
2015-07-30,Algodão,BARROCAS,Caroço,arroba,Sem cotação,,Algodão,8
2015-07-31,Algodão,BARREIRAS,Caroço,arroba,"69,72",69.72,Algodão,8
2015-07-31,Algodão,BARREIRAS,Pluma,cento,"37,50",37.5,Algodão,8
2015-07-31,Algodão,BARROCAS,Caroço,arroba,Sem cotação,,Algodão,8
2015-08-03,Algodão,BARREIRAS,Caroço,arroba,"69,72",69.72,Algodão,8
2015-08-03,Algodão,BARREIRAS,Pluma,cento,"37,50",37.5,Algodão,8
2015-08-03,Algodão,BARROCAS,Caroço,arroba,Sem cotação,,Algodão,8
2015-08-04,Algodão,BARREIRAS,Caroço,arroba,"69,72",69.72,Algodão,8
2015-08-04,Algodão,BARREIRAS,Pluma,cento,"37,50",37.5,Algodão,8
2015-08-04,Algodão,BARROCAS,Caroço,arroba,Sem cotação,,Algodão,8
2015-08-05,Algodão,BARREIRAS,Caroço,arroba,"69,72",69.72,Algodão,8
2015-08-05,Algodão,BARREIRAS,Pluma,cento,"37,50",37.5,Algodão,8
2015-08-05,Algodão,BARROCAS,Caroço,arroba,Sem cotação,,Algodão,8
2015-08-06,Algodão,BARREIRAS,Caroço,arroba,"71,92",71.92,Algodão,8
2015-08-06,Algodão,BARREIRAS,Pluma,cento,"37,50",37.5,Algodão,8
2015-08-06,Algodão,BARROCAS,Caroço,arroba,Sem cotação,,Algodão,8
2015-08-07,Algodão,BARREIRAS,Caroço,arroba,"71,92",71.92,Algodão,8
2015-08-07,Algodão,BARREIRAS,Pluma,cento,"37,50",37.5,Algodão,8
2015-08-07,Algodão,BARROCAS,Caroço,arroba,Sem cotação,,Algodão,8
2015-08-10,Algodão,BARREIRAS,Caroço,arroba,"71,92",71.92,Algodão,8
2015-08-10,Algodão,BARREIRAS,Pluma,cento,"37,50",37.5,Algodão,8
2015-08-10,Algodão,BARROCAS,Caroço,arroba,Sem cotação,,Algodão,8
2015-08-11,Algodão,BARREIRAS,Caroço,arroba,"71,92",71.92,Algodão,8
2015-08-11,Algodão,BARREIRAS,Pluma,cento,"37,50",37.5,Algodão,8
2015-08-11,Algodão,BARROCAS,Caroço,arroba,Sem cotação,,Algodão,8
2015-08-12,Algodão,BARREIRAS,(comum),arroba,"71,92",71.92,Algodão,8
2015-08-12,Algodão,BARROCAS,Caroço,arroba,Sem cotação,,Algodão,8
2015-08-13,Algodão,BARREIRAS,(comum),arroba,"71,92",71.92,Algodão,8
2015-08-13,Algodão,BARREIRAS,Caroço,arroba,Sem cotação,,Algodão,8
2015-08-13,Algodão,BARREIRAS,Pluma,cento,"37,50",37.5,Algodão,8
2015-08-14,Algodão,BARREIRAS,(comum),arroba,"71,92",71.92,Algodão,8
2015-08-14,Algodão,BARREIRAS,Caroço,arroba,Sem cotação,,Algodão,8
2015-08-14,Algodão,BARREIRAS,Pluma,cento,"37,50",37.5,Algodão,8
2015-08-17,Algodão,BARREIRAS,(comum),arroba,"71,92",71.92,Algodão,8
2015-08-17,Algodão,BARREIRAS,Caroço,arroba,Sem cotação,,Algodão,8
2015-08-17,Algodão,BARREIRAS,Pluma,cento,"37,50",37.5,Algodão,8
2015-08-18,Algodão,BARREIRAS,(comum),arroba,"71,92",71.92,Algodão,8
2015-08-18,Algodão,BARREIRAS,Caroço,arroba,Sem cotação,,Algodão,8
2015-08-18,Algodão,BARREIRAS,Pluma,cento,"37,50",37.5,Algodão,8
2015-08-19,Algodão,BARREIRAS,(comum),arroba,"71,92",71.92,Algodão,8
2015-08-19,Algodão,BARREIRAS,Caroço,arroba,Sem cotação,,Algodão,8
2015-08-19,Algodão,BARREIRAS,Pluma,cento,"37,50",37.5,Algodão,8
2015-08-20,Algodão,BARREIRAS,(comum),arroba,"71,92",71.92,Algodão,8
2015-08-20,Algodão,BARREIRAS,Caroço,arroba,Sem cotação,,Algodão,8
2015-08-20,Algodão,BARREIRAS,Pluma,cento,"37,50",37.5,Algodão,8
2015-08-21,Algodão,BARREIRAS,(comum),arroba,"71,92",71.92,Algodão,8
2015-08-21,Algodão,BARREIRAS,Caroço,arroba,Sem cotação,,Algodão,8
2015-08-21,Algodão,BARREIRAS,Pluma,cento,"37,50",37.5,Algodão,8
2015-08-24,Algodão,BARREIRAS,(comum),arroba,"71,92",71.92,Algodão,8
2015-08-24,Algodão,BARREIRAS,Caroço,arroba,Sem cotação,,Algodão,8
2015-08-24,Algodão,BARREIRAS,Pluma,cento,"37,50",37.5,Algodão,8
2015-08-25,Algodão,BARREIRAS,(comum),arroba,"71,92",71.92,Algodão,8
2015-08-25,Algodão,BARREIRAS,Caroço,arroba,Sem cotação,,Algodão,8
2015-08-25,Algodão,BARREIRAS,Pluma,cento,"37,50",37.5,Algodão,8
2015-08-26,Algodão,BARREIRAS,(comum),arroba,"71,92",71.92,Algodão,8
2015-08-26,Algodão,BARREIRAS,Caroço,arroba,Sem cotação,,Algodão,8
2015-08-26,Algodão,BARREIRAS,Pluma,cento,"37,50",37.5,Algodão,8
2015-08-27,Algodão,BARREIRAS,(comum),arroba,"71,92",71.92,Algodão,8
2015-08-27,Algodão,BARREIRAS,Caroço,arroba,Sem cotação,,Algodão,8
2015-08-27,Algodão,BARREIRAS,Pluma,cento,"37,50",37.5,Algodão,8
2015-08-28,Algodão,BARREIRAS,(comum),arroba,"71,92",71.92,Algodão,8
2015-08-28,Algodão,BARREIRAS,Caroço,arroba,Sem cotação,,Algodão,8
2015-08-28,Algodão,BARREIRAS,Pluma,cento,"37,50",37.5,Algodão,8
2015-08-31,Algodão,BARREIRAS,(comum),arroba,"70,00",70.0,Algodão,8
2015-08-31,Algodão,BARREIRAS,Caroço,arroba,Sem cotação,,Algodão,8
2015-08-31,Algodão,BARREIRAS,Pluma,cento,"37,50",37.5,Algodão,8
2015-09-01,Algodão,BARREIRAS,(comum),arroba,"70,00",70.0,Algodão,8
2015-09-01,Algodão,BARREIRAS,Caroço,arroba,Sem cotação,,Algodão,8
2015-09-01,Algodão,BARREIRAS,Pluma,cento,"37,50",37.5,Algodão,8
2015-09-02,Algodão,BARREIRAS,(comum),arroba,"70,00",70.0,Algodão,8
2015-09-02,Algodão,BARREIRAS,Caroço,arroba,Sem cotação,,Algodão,8
2015-09-02,Algodão,BARREIRAS,Pluma,cento,"37,50",37.5,Algodão,8
2015-09-03,Algodão,BARREIRAS,(comum),arroba,"70,00",70.0,Algodão,8
2015-09-03,Algodão,BARREIRAS,Caroço,arroba,Sem cotação,,Algodão,8
2015-09-03,Algodão,BARREIRAS,Pluma,cento,"37,50",37.5,Algodão,8
2015-09-04,Algodão,BARREIRAS,(comum),arroba,"70,00",70.0,Algodão,8
2015-09-04,Algodão,BARREIRAS,Caroço,arroba,Sem cotação,,Algodão,8
2015-09-04,Algodão,BARREIRAS,Pluma,cento,"37,50",37.5,Algodão,8
2015-09-08,Algodão,BARREIRAS,(comum),arroba,"70,00",70.0,Algodão,8
2015-09-08,Algodão,BARREIRAS,Caroço,arroba,Sem cotação,,Algodão,8
2015-09-08,Algodão,BARREIRAS,Pluma,cento,"37,50",37.5,Algodão,8
2015-09-09,Algodão,BARREIRAS,(comum),arroba,"70,00",70.0,Algodão,8
2015-09-09,Algodão,BARREIRAS,Caroço,arroba,Sem cotação,,Algodão,8
2015-09-09,Algodão,BARREIRAS,Pluma,cento,"37,50",37.5,Algodão,8
2015-09-10,Algodão,BARREIRAS,(comum),arroba,"70,00",70.0,Algodão,8
2015-09-10,Algodão,BARREIRAS,Caroço,arroba,Sem cotação,,Algodão,8
2015-09-10,Algodão,BARREIRAS,Pluma,cento,"37,50",37.5,Algodão,8
2015-09-11,Algodão,BARREIRAS,(comum),arroba,"70,00",70.0,Algodão,8
2015-09-11,Algodão,BARREIRAS,Caroço,arroba,Sem cotação,,Algodão,8
2015-09-11,Algodão,BARREIRAS,Pluma,cento,"37,50",37.5,Algodão,8
2015-09-14,Algodão,BARREIRAS,(comum),arroba,"70,00",70.0,Algodão,8
2015-09-14,Algodão,BARREIRAS,Caroço,arroba,Sem cotação,,Algodão,8
2015-09-14,Algodão,BARREIRAS,Pluma,cento,"37,50",37.5,Algodão,8
2015-09-15,Algodão,BARREIRAS,(comum),arroba,"70,00",70.0,Algodão,8
2015-09-15,Algodão,BARREIRAS,Caroço,arroba,Sem cotação,,Algodão,8
2015-09-15,Algodão,BARREIRAS,Pluma,cento,"37,50",37.5,Algodão,8
2015-09-16,Algodão,BARREIRAS,(comum),arroba,"70,00",70.0,Algodão,8
2015-09-16,Algodão,BARREIRAS,Caroço,arroba,Sem cotação,,Algodão,8
2015-09-16,Algodão,BARREIRAS,Pluma,cento,"37,50",37.5,Algodão,8
2015-09-17,Algodão,BARREIRAS,(comum),arroba,"70,00",70.0,Algodão,8
2015-09-17,Algodão,BARREIRAS,Caroço,arroba,Sem cotação,,Algodão,8
2015-09-17,Algodão,BARREIRAS,Pluma,cento,"37,50",37.5,Algodão,8
2015-09-18,Algodão,BARREIRAS,(comum),arroba,"70,00",70.0,Algodão,8
2015-09-18,Algodão,BARREIRAS,Caroço,arroba,Sem cotação,,Algodão,8
2015-09-18,Algodão,BARREIRAS,Pluma,cento,"37,50",37.5,Algodão,8
2015-09-21,Algodão,BARREIRAS,(comum),arroba,"70,00",70.0,Algodão,8
2015-09-21,Algodão,BARREIRAS,Caroço,arroba,Sem cotação,,Algodão,8
2015-09-21,Algodão,BARREIRAS,Pluma,cento,"37,50",37.5,Algodão,8
2015-09-22,Algodão,BARREIRAS,(comum),arroba,"70,00",70.0,Algodão,8
2015-09-22,Algodão,BARREIRAS,Caroço,arroba,Sem cotação,,Algodão,8
2015-09-22,Algodão,BARREIRAS,Pluma,cento,"37,50",37.5,Algodão,8
2015-09-23,Algodão,BARREIRAS,(comum),arroba,"70,00",70.0,Algodão,8
2015-09-23,Algodão,BARREIRAS,Caroço,arroba,Sem cotação,,Algodão,8
2015-09-23,Algodão,BARREIRAS,Pluma,cento,"37,50",37.5,Algodão,8
2015-09-24,Algodão,BARREIRAS,(comum),arroba,"70,00",70.0,Algodão,8
2015-09-24,Algodão,BARREIRAS,Caroço,arroba,Sem cotação,,Algodão,8
2015-09-24,Algodão,BARREIRAS,Pluma,cento,"37,50",37.5,Algodão,8
2015-09-25,Algodão,BARREIRAS,(comum),arroba,"70,00",70.0,Algodão,8
2015-09-25,Algodão,BARREIRAS,Caroço,arroba,Sem cotação,,Algodão,8
2015-09-25,Algodão,BARREIRAS,Pluma,cento,"37,50",37.5,Algodão,8
2015-09-28,Algodão,BARREIRAS,(comum),arroba,"70,00",70.0,Algodão,8
2015-09-28,Algodão,BARREIRAS,Caroço,arroba,Sem cotação,,Algodão,8
2015-09-28,Algodão,BARREIRAS,Pluma,cento,"37,50",37.5,Algodão,8
2015-09-29,Algodão,BARREIRAS,(comum),arroba,"70,00",70.0,Algodão,8
2015-09-29,Algodão,BARREIRAS,Caroço,arroba,Sem cotação,,Algodão,8
2015-09-29,Algodão,BARREIRAS,Pluma,cento,"37,50",37.5,Algodão,8
2015-09-30,Algodão,BARREIRAS,(comum),arroba,"70,00",70.0,Algodão,8
2015-09-30,Algodão,BARREIRAS,Caroço,arroba,Sem cotação,,Algodão,8
2015-09-30,Algodão,BARREIRAS,Pluma,cento,"37,50",37.5,Algodão,8
2015-10-01,Algodão,BARREIRAS,(comum),arroba,"70,00",70.0,Algodão,8
2015-10-01,Algodão,BARREIRAS,Caroço,arroba,Sem cotação,,Algodão,8
2015-10-01,Algodão,BARREIRAS,Pluma,cento,"37,50",37.5,Algodão,8
2015-10-02,Algodão,BARREIRAS,(comum),arroba,"70,00",70.0,Algodão,8
2015-10-02,Algodão,BARREIRAS,Caroço,arroba,Sem cotação,,Algodão,8
2015-10-02,Algodão,BARREIRAS,Pluma,cento,"37,50",37.5,Algodão,8
2015-10-05,Algodão,BARREIRAS,(comum),arroba,"70,00",70.0,Algodão,8
2015-10-05,Algodão,BARREIRAS,Caroço,arroba,Sem cotação,,Algodão,8
2015-10-05,Algodão,BARREIRAS,Pluma,cento,"37,50",37.5,Algodão,8
2015-10-06,Algodão,BARREIRAS,(comum),arroba,"70,00",70.0,Algodão,8
2015-10-06,Algodão,BARREIRAS,Caroço,arroba,Sem cotação,,Algodão,8
2015-10-06,Algodão,BARREIRAS,Pluma,cento,"37,50",37.5,Algodão,8
2015-10-07,Algodão,BARREIRAS,(comum),arroba,"70,00",70.0,Algodão,8
2015-10-07,Algodão,BARREIRAS,Caroço,arroba,Sem cotação,,Algodão,8
2015-10-07,Algodão,BARREIRAS,Pluma,cento,"37,50",37.5,Algodão,8
2015-10-08,Algodão,BARREIRAS,(comum),arroba,"76,05",76.05,Algodão,8
2015-10-08,Algodão,BARREIRAS,Caroço,arroba,Sem cotação,,Algodão,8
2015-10-08,Algodão,BARREIRAS,Pluma,cento,"37,50",37.5,Algodão,8
2015-10-09,Algodão,BARREIRAS,(comum),arroba,"76,05",76.05,Algodão,8
2015-10-09,Algodão,BARREIRAS,Caroço,arroba,Sem cotação,,Algodão,8
2015-10-09,Algodão,BARREIRAS,Pluma,cento,"37,50",37.5,Algodão,8
2015-10-13,Algodão,BARREIRAS,(comum),arroba,"76,05",76.05,Algodão,8
2015-10-13,Algodão,BARREIRAS,Caroço,arroba,Sem cotação,,Algodão,8
2015-10-13,Algodão,BARREIRAS,Pluma,cento,"37,50",37.5,Algodão,8
2015-10-14,Algodão,BARREIRAS,(comum),arroba,"76,05",76.05,Algodão,8
2015-10-14,Algodão,BARREIRAS,Caroço,arroba,Sem cotação,,Algodão,8
2015-10-14,Algodão,BARREIRAS,Pluma,cento,"37,50",37.5,Algodão,8
2015-10-15,Algodão,BARREIRAS,(comum),arroba,"76,05",76.05,Algodão,8
2015-10-15,Algodão,BARREIRAS,Caroço,arroba,Sem cotação,,Algodão,8
2015-10-15,Algodão,BARREIRAS,Pluma,cento,"35,00",35.0,Algodão,8
2015-10-16,Algodão,BARREIRAS,(comum),arroba,"76,05",76.05,Algodão,8
2015-10-16,Algodão,BARREIRAS,Caroço,arroba,Sem cotação,,Algodão,8
2015-10-16,Algodão,BARREIRAS,Pluma,cento,"35,00",35.0,Algodão,8
2015-10-19,Algodão,BARREIRAS,(comum),arroba,"76,05",76.05,Algodão,8
2015-10-19,Algodão,BARREIRAS,Caroço,arroba,Sem cotação,,Algodão,8
2015-10-19,Algodão,BARREIRAS,Pluma,cento,"35,00",35.0,Algodão,8
2015-10-20,Algodão,BARREIRAS,(comum),arroba,"76,05",76.05,Algodão,8
2015-10-20,Algodão,BARREIRAS,Caroço,arroba,Sem cotação,,Algodão,8
2015-10-20,Algodão,BARREIRAS,Pluma,cento,"35,00",35.0,Algodão,8
2015-10-21,Algodão,BARREIRAS,(comum),arroba,"76,05",76.05,Algodão,8
2015-10-21,Algodão,BARREIRAS,Caroço,arroba,Sem cotação,,Algodão,8
2015-10-21,Algodão,BARREIRAS,Pluma,cento,"35,00",35.0,Algodão,8
2015-10-22,Algodão,BARREIRAS,(comum),arroba,"76,05",76.05,Algodão,8
2015-10-22,Algodão,BARREIRAS,Caroço,arroba,Sem cotação,,Algodão,8
2015-10-22,Algodão,BARREIRAS,Pluma,cento,"35,00",35.0,Algodão,8
2015-10-23,Algodão,BARREIRAS,Caroço,arroba,Sem cotação,,Algodão,8
2015-10-23,Algodão,BARROCAS,Caroço,arroba,"76,05",76.05,Algodão,8
2015-10-26,Algodão,BARREIRAS,(comum),arroba,Sem cotação,,Algodão,8
2015-10-26,Algodão,BARREIRAS,Pluma,cento,"35,00",35.0,Algodão,8
2015-10-26,Algodão,BARROCAS,Caroço,arroba,"76,05",76.05,Algodão,8
2015-10-27,Algodão,BARREIRAS,(comum),arroba,Sem cotação,,Algodão,8
2015-10-27,Algodão,BARREIRAS,Pluma,cento,"35,00",35.0,Algodão,8
2015-10-27,Algodão,BARROCAS,Caroço,arroba,"76,05",76.05,Algodão,8
2015-10-28,Algodão,BARREIRAS,(comum),arroba,Sem cotação,,Algodão,8
2015-10-28,Algodão,BARREIRAS,Pluma,cento,"35,00",35.0,Algodão,8
2015-10-28,Algodão,BARROCAS,Caroço,arroba,"76,05",76.05,Algodão,8
2015-10-29,Algodão,BARREIRAS,(comum),arroba,Sem cotação,,Algodão,8
2015-10-29,Algodão,BARREIRAS,Pluma,cento,"35,00",35.0,Algodão,8
2015-10-29,Algodão,BARROCAS,Caroço,arroba,"76,05",76.05,Algodão,8
2015-11-03,Algodão,BARREIRAS,(comum),arroba,Sem cotação,,Algodão,8
2015-11-03,Algodão,BARREIRAS,Pluma,cento,"35,00",35.0,Algodão,8
2015-11-03,Algodão,BARROCAS,Caroço,arroba,"76,05",76.05,Algodão,8
2015-11-04,Algodão,BARREIRAS,(comum),arroba,Sem cotação,,Algodão,8
2015-11-04,Algodão,BARREIRAS,Pluma,cento,"35,00",35.0,Algodão,8
2015-11-04,Algodão,BARROCAS,Caroço,arroba,"76,05",76.05,Algodão,8
2015-11-05,Algodão,BARREIRAS,(comum),arroba,Sem cotação,,Algodão,8
2015-11-05,Algodão,BARREIRAS,Pluma,cento,"35,00",35.0,Algodão,8
2015-11-05,Algodão,BARROCAS,Caroço,arroba,"76,05",76.05,Algodão,8
2015-11-06,Algodão,BARREIRAS,(comum),arroba,Sem cotação,,Algodão,8
2015-11-06,Algodão,BARREIRAS,Pluma,cento,"35,00",35.0,Algodão,8
2015-11-06,Algodão,BARROCAS,Caroço,arroba,"76,05",76.05,Algodão,8
2015-11-09,Algodão,BARREIRAS,(comum),arroba,Sem cotação,,Algodão,8
2015-11-09,Algodão,BARREIRAS,Pluma,cento,"35,00",35.0,Algodão,8
2015-11-09,Algodão,BARROCAS,Caroço,arroba,"76,72",76.72,Algodão,8
2015-11-10,Algodão,BARREIRAS,(comum),arroba,Sem cotação,,Algodão,8
2015-11-10,Algodão,BARREIRAS,Pluma,cento,"35,00",35.0,Algodão,8
2015-11-10,Algodão,BARROCAS,Caroço,arroba,"76,72",76.72,Algodão,8
2015-11-11,Algodão,BARREIRAS,(comum),arroba,Sem cotação,,Algodão,8
2015-11-11,Algodão,BARREIRAS,Pluma,cento,"35,00",35.0,Algodão,8
2015-11-11,Algodão,BARROCAS,Caroço,arroba,"76,72",76.72,Algodão,8
2015-11-12,Algodão,BARREIRAS,(comum),arroba,Sem cotação,,Algodão,8
2015-11-12,Algodão,BARREIRAS,Pluma,cento,"35,00",35.0,Algodão,8
2015-11-12,Algodão,BARROCAS,Caroço,arroba,"76,72",76.72,Algodão,8
2015-11-13,Algodão,BARREIRAS,(comum),arroba,Sem cotação,,Algodão,8
2015-11-13,Algodão,BARREIRAS,Pluma,cento,"35,00",35.0,Algodão,8
2015-11-13,Algodão,BARROCAS,Caroço,arroba,"76,72",76.72,Algodão,8
2015-11-16,Algodão,BARREIRAS,(comum),arroba,Sem cotação,,Algodão,8
2015-11-16,Algodão,BARREIRAS,Pluma,cento,"35,00",35.0,Algodão,8
2015-11-16,Algodão,BARROCAS,Caroço,arroba,"76,72",76.72,Algodão,8
2015-11-17,Algodão,BARREIRAS,(comum),arroba,Sem cotação,,Algodão,8
2015-11-17,Algodão,BARREIRAS,Pluma,cento,"35,00",35.0,Algodão,8
2015-11-17,Algodão,BARROCAS,Caroço,arroba,"76,72",76.72,Algodão,8
2015-11-18,Algodão,BARREIRAS,(comum),arroba,Sem cotação,,Algodão,8
2015-11-18,Algodão,BARREIRAS,Pluma,cento,"35,00",35.0,Algodão,8
2015-11-18,Algodão,BARROCAS,Caroço,arroba,"76,72",76.72,Algodão,8
2015-11-19,Algodão,BARREIRAS,(comum),arroba,Sem cotação,,Algodão,8
2015-11-19,Algodão,BARREIRAS,Pluma,cento,"35,00",35.0,Algodão,8
2015-11-19,Algodão,BARROCAS,Caroço,arroba,"76,72",76.72,Algodão,8
2015-11-20,Algodão,BARREIRAS,(comum),arroba,Sem cotação,,Algodão,8
2015-11-20,Algodão,BARREIRAS,Pluma,cento,"35,00",35.0,Algodão,8
2015-11-20,Algodão,BARROCAS,Caroço,arroba,"76,72",76.72,Algodão,8
2015-11-23,Algodão,BARREIRAS,(comum),arroba,Sem cotação,,Algodão,8
2015-11-23,Algodão,BARREIRAS,Pluma,cento,"35,00",35.0,Algodão,8
2015-11-23,Algodão,BARROCAS,Caroço,arroba,"76,72",76.72,Algodão,8
2015-11-24,Algodão,BARREIRAS,(comum),arroba,Sem cotação,,Algodão,8
2015-11-24,Algodão,BARREIRAS,Pluma,cento,"35,00",35.0,Algodão,8
2015-11-24,Algodão,BARROCAS,Caroço,arroba,"76,72",76.72,Algodão,8
2015-11-25,Algodão,BARREIRAS,(comum),arroba,Sem cotação,,Algodão,8
2015-11-25,Algodão,BARREIRAS,Pluma,cento,"35,00",35.0,Algodão,8
2015-11-25,Algodão,BARROCAS,Caroço,arroba,"76,72",76.72,Algodão,8
2015-11-26,Algodão,BARREIRAS,(comum),arroba,Sem cotação,,Algodão,8
2015-11-26,Algodão,BARREIRAS,Pluma,cento,"35,00",35.0,Algodão,8
2015-11-26,Algodão,BARROCAS,Caroço,arroba,"76,72",76.72,Algodão,8
2015-11-27,Algodão,BARREIRAS,(comum),arroba,Sem cotação,,Algodão,8
2015-11-27,Algodão,BARREIRAS,Pluma,cento,"35,00",35.0,Algodão,8
2015-11-27,Algodão,BARROCAS,Caroço,arroba,"76,72",76.72,Algodão,8
2015-11-30,Algodão,BARREIRAS,(comum),arroba,Sem cotação,,Algodão,8
2015-11-30,Algodão,BARREIRAS,Pluma,cento,"35,00",35.0,Algodão,8
2015-11-30,Algodão,BARROCAS,Caroço,arroba,"76,72",76.72,Algodão,8
2015-12-01,Algodão,BARREIRAS,(comum),arroba,Sem cotação,,Algodão,8
2015-12-01,Algodão,BARREIRAS,Pluma,cento,"35,00",35.0,Algodão,8
2015-12-01,Algodão,BARROCAS,Caroço,arroba,"76,72",76.72,Algodão,8
2015-12-02,Algodão,BARREIRAS,(comum),arroba,Sem cotação,,Algodão,8
2015-12-02,Algodão,BARREIRAS,Pluma,cento,"35,00",35.0,Algodão,8
2015-12-02,Algodão,BARROCAS,Caroço,arroba,"76,72",76.72,Algodão,8
2015-12-03,Algodão,BARREIRAS,(comum),arroba,Sem cotação,,Algodão,8
2015-12-03,Algodão,BARREIRAS,Pluma,cento,"35,00",35.0,Algodão,8
2015-12-03,Algodão,BARROCAS,Caroço,arroba,"76,72",76.72,Algodão,8
2015-12-04,Algodão,BARREIRAS,(comum),arroba,Sem cotação,,Algodão,8
2015-12-04,Algodão,BARREIRAS,Pluma,cento,"35,00",35.0,Algodão,8
2015-12-04,Algodão,BARROCAS,Caroço,arroba,"76,72",76.72,Algodão,8
2015-12-07,Algodão,BARREIRAS,(comum),arroba,Sem cotação,,Algodão,8
2015-12-07,Algodão,BARREIRAS,Pluma,cento,"35,00",35.0,Algodão,8
2015-12-07,Algodão,BARROCAS,Caroço,arroba,"77,71",77.71,Algodão,8
2015-12-09,Algodão,BARREIRAS,(comum),arroba,Sem cotação,,Algodão,8
2015-12-09,Algodão,BARREIRAS,Pluma,cento,"35,00",35.0,Algodão,8
2015-12-09,Algodão,BARROCAS,Caroço,arroba,"77,71",77.71,Algodão,8
2015-12-10,Algodão,BARREIRAS,(comum),arroba,Sem cotação,,Algodão,8
2015-12-10,Algodão,BARREIRAS,Pluma,cento,"35,00",35.0,Algodão,8
2015-12-10,Algodão,BARROCAS,Caroço,arroba,"77,71",77.71,Algodão,8
2015-12-11,Algodão,BARREIRAS,(comum),arroba,Sem cotação,,Algodão,8
2015-12-11,Algodão,BARREIRAS,Pluma,cento,"35,00",35.0,Algodão,8
2015-12-11,Algodão,BARROCAS,Caroço,arroba,"77,71",77.71,Algodão,8
2015-12-14,Algodão,BARREIRAS,(comum),arroba,Sem cotação,,Algodão,8
2015-12-14,Algodão,BARREIRAS,Pluma,cento,"35,00",35.0,Algodão,8
2015-12-14,Algodão,BARROCAS,Caroço,arroba,"77,71",77.71,Algodão,8
2015-12-15,Algodão,BARREIRAS,(comum),arroba,Sem cotação,,Algodão,8
2015-12-15,Algodão,BARREIRAS,Pluma,cento,"35,00",35.0,Algodão,8
2015-12-15,Algodão,BARROCAS,Caroço,arroba,"77,71",77.71,Algodão,8
2015-12-16,Algodão,BARREIRAS,(comum),arroba,Sem cotação,,Algodão,8
2015-12-16,Algodão,BARREIRAS,Pluma,cento,"35,00",35.0,Algodão,8
2015-12-16,Algodão,BARROCAS,Caroço,arroba,"77,71",77.71,Algodão,8
2015-12-17,Algodão,BARREIRAS,(comum),arroba,Sem cotação,,Algodão,8
2015-12-17,Algodão,BARREIRAS,Pluma,cento,"35,00",35.0,Algodão,8
2015-12-17,Algodão,BARROCAS,Caroço,arroba,"77,71",77.71,Algodão,8
2015-12-18,Algodão,BARREIRAS,(comum),arroba,Sem cotação,,Algodão,8
2015-12-18,Algodão,BARREIRAS,Pluma,cento,"35,00",35.0,Algodão,8
2015-12-18,Algodão,BARROCAS,Caroço,arroba,"77,71",77.71,Algodão,8
2015-12-21,Algodão,BARREIRAS,(comum),arroba,Sem cotação,,Algodão,8
2015-12-21,Algodão,BARREIRAS,Pluma,cento,"35,00",35.0,Algodão,8
2015-12-21,Algodão,BARROCAS,Caroço,arroba,"77,71",77.71,Algodão,8
2015-12-22,Algodão,BARREIRAS,(comum),arroba,Sem cotação,,Algodão,8
2015-12-22,Algodão,BARREIRAS,Pluma,cento,"35,00",35.0,Algodão,8
2015-12-22,Algodão,BARROCAS,Caroço,arroba,"77,71",77.71,Algodão,8
2015-12-23,Algodão,BARREIRAS,(comum),arroba,Sem cotação,,Algodão,8
2015-12-23,Algodão,BARREIRAS,Pluma,cento,"35,00",35.0,Algodão,8
2015-12-23,Algodão,BARROCAS,Caroço,arroba,"77,71",77.71,Algodão,8
2015-12-24,Algodão,BARREIRAS,(comum),arroba,Sem cotação,,Algodão,8
2015-12-24,Algodão,BARREIRAS,Pluma,cento,"35,00",35.0,Algodão,8
2015-12-24,Algodão,BARROCAS,Caroço,arroba,"76,72",76.72,Algodão,8
2015-12-25,Algodão,BARREIRAS,(comum),arroba,Sem cotação,,Algodão,8
2015-12-25,Algodão,BARREIRAS,Pluma,cento,"35,00",35.0,Algodão,8
2015-12-25,Algodão,BARROCAS,Caroço,arroba,"76,72",76.72,Algodão,8
2015-12-28,Algodão,BARREIRAS,(comum),arroba,Sem cotação,,Algodão,8
2015-12-28,Algodão,BARREIRAS,Pluma,cento,"35,00",35.0,Algodão,8
2015-12-28,Algodão,BARROCAS,Caroço,arroba,"77,71",77.71,Algodão,8
2015-12-29,Algodão,BARREIRAS,(comum),arroba,Sem cotação,,Algodão,8
2015-12-29,Algodão,BARREIRAS,Pluma,cento,"35,00",35.0,Algodão,8
2015-12-29,Algodão,BARROCAS,Caroço,arroba,"77,71",77.71,Algodão,8
2015-12-30,Algodão,BARREIRAS,(comum),arroba,Sem cotação,,Algodão,8
2015-12-30,Algodão,BARREIRAS,Pluma,cento,"35,00",35.0,Algodão,8
2015-12-30,Algodão,BARROCAS,Caroço,arroba,"76,72",76.72,Algodão,8
2016-03-01,Algodão,BARREIRAS,Pluma,arroba,"82,70",82.7,Algodão,8
2016-03-02,Algodão,BARREIRAS,Pluma,arroba,"82,70",82.7,Algodão,8
2016-03-03,Algodão,BARREIRAS,Pluma,arroba,"82,70",82.7,Algodão,8
2016-03-04,Algodão,BARREIRAS,Pluma,arroba,"82,70",82.7,Algodão,8
2016-03-16,Algodão,BARREIRAS,Pluma,arroba,"82,70",82.7,Algodão,8
2016-03-17,Algodão,BARREIRAS,Pluma,arroba,"82,70",82.7,Algodão,8
2016-03-18,Algodão,BARREIRAS,Caroço,arroba,Sem cotação,,Algodão,8
2016-03-18,Algodão,BARREIRAS,Pluma,cento,"82,70",82.7,Algodão,8
2016-03-21,Algodão,BARREIRAS,Caroço,arroba,Sem cotação,,Algodão,8
2016-03-21,Algodão,BARREIRAS,Pluma,cento,"82,70",82.7,Algodão,8
2016-03-22,Algodão,BARREIRAS,Caroço,arroba,Sem cotação,,Algodão,8
2016-03-22,Algodão,BARREIRAS,Pluma,cento,"82,70",82.7,Algodão,8
2016-03-23,Algodão,BARREIRAS,Caroço,arroba,Sem cotação,,Algodão,8
2016-03-23,Algodão,BARREIRAS,Pluma,cento,"82,70",82.7,Algodão,8
2016-03-28,Algodão,BARREIRAS,Caroço,arroba,Sem cotação,,Algodão,8
2016-03-28,Algodão,BARREIRAS,Pluma,cento,"82,70",82.7,Algodão,8
2016-03-29,Algodão,BARREIRAS,Caroço,arroba,Sem cotação,,Algodão,8
2016-03-29,Algodão,BARREIRAS,Pluma,cento,"82,70",82.7,Algodão,8
2016-03-30,Algodão,BARREIRAS,Caroço,arroba,Sem cotação,,Algodão,8
2016-03-30,Algodão,BARREIRAS,Pluma,cento,"82,70",82.7,Algodão,8
2016-03-31,Algodão,BARREIRAS,Caroço,arroba,Sem cotação,,Algodão,8
2016-03-31,Algodão,BARREIRAS,Pluma,cento,"82,70",82.7,Algodão,8
2016-04-01,Algodão,BARREIRAS,Caroço,arroba,Sem cotação,,Algodão,8
2016-04-01,Algodão,BARREIRAS,Pluma,cento,"82,70",82.7,Algodão,8
2016-04-02,Algodão,BARREIRAS,Caroço,arroba,Sem cotação,,Algodão,8
2016-04-02,Algodão,BARREIRAS,Pluma,cento,"82,70",82.7,Algodão,8
2016-04-06,Algodão,BARREIRAS,Caroço,arroba,Sem cotação,,Algodão,8
2016-04-06,Algodão,BARREIRAS,Pluma,cento,"82,70",82.7,Algodão,8
2016-04-07,Algodão,BARREIRAS,Caroço,arroba,Sem cotação,,Algodão,8
2016-04-07,Algodão,BARREIRAS,Pluma,cento,"82,70",82.7,Algodão,8
2016-04-08,Algodão,BARREIRAS,Caroço,arroba,Sem cotação,,Algodão,8
2016-04-08,Algodão,BARREIRAS,Pluma,cento,"82,70",82.7,Algodão,8
2016-04-11,Algodão,BARREIRAS,Caroço,arroba,Sem cotação,,Algodão,8
2016-04-11,Algodão,BARREIRAS,Pluma,cento,"82,70",82.7,Algodão,8
2016-04-12,Algodão,BARREIRAS,Caroço,arroba,Sem cotação,,Algodão,8
2016-04-12,Algodão,BARREIRAS,Pluma,cento,"82,70",82.7,Algodão,8
2016-04-13,Algodão,BARREIRAS,Caroço,arroba,Sem cotação,,Algodão,8
2016-04-13,Algodão,BARREIRAS,Pluma,cento,"82,70",82.7,Algodão,8
2016-04-14,Algodão,BARREIRAS,Caroço,arroba,Sem cotação,,Algodão,8
2016-04-14,Algodão,BARREIRAS,Pluma,cento,"82,70",82.7,Algodão,8
2016-04-15,Algodão,BARREIRAS,Caroço,arroba,Sem cotação,,Algodão,8
2016-04-15,Algodão,BARREIRAS,Pluma,cento,"82,70",82.7,Algodão,8
2016-04-18,Algodão,BARREIRAS,Caroço,arroba,Sem cotação,,Algodão,8
2016-04-18,Algodão,BARREIRAS,Pluma,cento,"82,70",82.7,Algodão,8
2016-04-19,Algodão,BARREIRAS,Caroço,arroba,Sem cotação,,Algodão,8
2016-04-19,Algodão,BARREIRAS,Pluma,cento,"82,70",82.7,Algodão,8
2016-04-20,Algodão,BARREIRAS,Caroço,arroba,Sem cotação,,Algodão,8
2016-04-20,Algodão,BARREIRAS,Pluma,cento,"82,70",82.7,Algodão,8
2016-04-25,Algodão,BARREIRAS,Caroço,arroba,Sem cotação,,Algodão,8
2016-04-25,Algodão,BARREIRAS,Pluma,cento,"82,70",82.7,Algodão,8
2016-04-26,Algodão,BARREIRAS,Caroço,arroba,Sem cotação,,Algodão,8
2016-04-26,Algodão,BARREIRAS,Pluma,cento,"82,70",82.7,Algodão,8
2016-04-27,Algodão,BARREIRAS,Caroço,arroba,Sem cotação,,Algodão,8
2016-04-27,Algodão,BARREIRAS,Pluma,cento,"82,70",82.7,Algodão,8
2016-04-28,Algodão,BARREIRAS,Caroço,arroba,Sem cotação,,Algodão,8
2016-04-28,Algodão,BARREIRAS,Pluma,cento,"82,70",82.7,Algodão,8
2016-04-29,Algodão,BARREIRAS,Caroço,arroba,Sem cotação,,Algodão,8
2016-04-29,Algodão,BARREIRAS,Pluma,cento,"82,70",82.7,Algodão,8
2016-05-02,Algodão,BARREIRAS,Caroço,arroba,Sem cotação,,Algodão,8
2016-05-02,Algodão,BARREIRAS,Pluma,cento,"82,70",82.7,Algodão,8
2016-05-03,Algodão,BARREIRAS,Caroço,arroba,Sem cotação,,Algodão,8
2016-05-03,Algodão,BARREIRAS,Pluma,cento,"82,70",82.7,Algodão,8
2016-05-04,Algodão,BARREIRAS,Caroço,arroba,Sem cotação,,Algodão,8
2016-05-04,Algodão,BARREIRAS,Pluma,cento,"82,70",82.7,Algodão,8
2016-05-05,Algodão,BARREIRAS,Caroço,arroba,Sem cotação,,Algodão,8
2016-05-05,Algodão,BARREIRAS,Pluma,cento,"84,32",84.32,Algodão,8
2016-05-06,Algodão,BARREIRAS,Caroço,arroba,Sem cotação,,Algodão,8
2016-05-06,Algodão,BARREIRAS,Pluma,cento,"84,32",84.32,Algodão,8
2016-05-09,Algodão,BARREIRAS,Caroço,arroba,Sem cotação,,Algodão,8
2016-05-09,Algodão,BARREIRAS,Pluma,cento,"84,32",84.32,Algodão,8
2016-05-10,Algodão,BARREIRAS,Caroço,arroba,Sem cotação,,Algodão,8
2016-05-10,Algodão,BARREIRAS,Pluma,cento,"84,32",84.32,Algodão,8
2016-05-11,Algodão,BARREIRAS,Caroço,arroba,Sem cotação,,Algodão,8
2016-05-11,Algodão,BARREIRAS,Pluma,cento,"84,32",84.32,Algodão,8
2016-05-12,Algodão,BARREIRAS,Caroço,arroba,Sem cotação,,Algodão,8
2016-05-12,Algodão,BARREIRAS,Pluma,cento,"84,32",84.32,Algodão,8
2016-05-13,Algodão,BARREIRAS,Caroço,arroba,Sem cotação,,Algodão,8
2016-05-13,Algodão,BARREIRAS,Pluma,cento,"84,32",84.32,Algodão,8
2016-05-16,Algodão,BARREIRAS,Caroço,arroba,Sem cotação,,Algodão,8
2016-05-16,Algodão,BARREIRAS,Pluma,cento,"73,80",73.8,Algodão,8
2016-05-17,Algodão,BARREIRAS,Caroço,arroba,Sem cotação,,Algodão,8
2016-05-17,Algodão,BARREIRAS,Pluma,cento,"73,80",73.8,Algodão,8
2016-05-18,Algodão,BARREIRAS,Caroço,arroba,Sem cotação,,Algodão,8
2016-05-18,Algodão,BARREIRAS,Pluma,cento,"73,80",73.8,Algodão,8
2016-05-19,Algodão,BARREIRAS,Caroço,arroba,Sem cotação,,Algodão,8
2016-05-19,Algodão,BARREIRAS,Pluma,cento,"73,80",73.8,Algodão,8
2016-05-20,Algodão,BARREIRAS,Caroço,arroba,Sem cotação,,Algodão,8
2016-05-20,Algodão,BARREIRAS,Pluma,cento,"73,80",73.8,Algodão,8
2016-05-23,Algodão,BARREIRAS,Caroço,arroba,Sem cotação,,Algodão,8
2016-05-23,Algodão,BARREIRAS,Pluma,cento,"73,80",73.8,Algodão,8
2016-05-24,Algodão,BARREIRAS,Caroço,arroba,Sem cotação,,Algodão,8
2016-05-24,Algodão,BARREIRAS,Pluma,cento,"73,80",73.8,Algodão,8
2016-05-25,Algodão,BARREIRAS,Caroço,arroba,Sem cotação,,Algodão,8
2016-05-25,Algodão,BARREIRAS,Pluma,cento,"73,80",73.8,Algodão,8
2016-05-30,Algodão,BARREIRAS,Caroço,arroba,Sem cotação,,Algodão,8
2016-05-30,Algodão,BARREIRAS,Pluma,cento,"86,75",86.75,Algodão,8
2016-05-31,Algodão,BARREIRAS,Caroço,arroba,Sem cotação,,Algodão,8
2016-05-31,Algodão,BARREIRAS,Pluma,cento,"86,75",86.75,Algodão,8
2016-06-01,Algodão,BARREIRAS,Caroço,arroba,Sem cotação,,Algodão,8
2016-06-01,Algodão,BARREIRAS,Pluma,cento,"86,75",86.75,Algodão,8
2017-01-02,Algodão,BARREIRAS,Caroço,arroba,Sem cotação,,Algodão,8
2017-01-02,Algodão,BARREIRAS,Pluma,cento,"88,27",88.27,Algodão,8
2017-01-03,Algodão,BARREIRAS,Caroço,arroba,Sem cotação,,Algodão,8
2017-01-03,Algodão,BARREIRAS,Pluma,cento,"88,27",88.27,Algodão,8
2017-01-04,Algodão,BARREIRAS,Caroço,arroba,Sem cotação,,Algodão,8
2017-01-04,Algodão,BARREIRAS,Pluma,cento,"88,27",88.27,Algodão,8
2017-01-05,Algodão,BARREIRAS,Caroço,arroba,Sem cotação,,Algodão,8
2017-01-05,Algodão,BARREIRAS,Pluma,cento,"88,27",88.27,Algodão,8
2017-01-06,Algodão,BARREIRAS,Caroço,arroba,Sem cotação,,Algodão,8
2017-01-06,Algodão,BARREIRAS,Pluma,cento,"88,27",88.27,Algodão,8
2017-01-09,Algodão,BARREIRAS,Caroço,arroba,Sem cotação,,Algodão,8
2017-01-09,Algodão,BARREIRAS,Pluma,cento,"88,27",88.27,Algodão,8
2017-01-10,Algodão,BARREIRAS,Caroço,arroba,Sem cotação,,Algodão,8
2017-01-10,Algodão,BARREIRAS,Pluma,cento,"89,78",89.78,Algodão,8
2017-01-11,Algodão,BARREIRAS,Caroço,arroba,Sem cotação,,Algodão,8
2017-01-11,Algodão,BARREIRAS,Pluma,cento,"89,78",89.78,Algodão,8
2017-01-12,Algodão,BARREIRAS,Caroço,arroba,Sem cotação,,Algodão,8
2017-01-12,Algodão,BARREIRAS,Pluma,cento,"89,78",89.78,Algodão,8
2017-01-13,Algodão,BARREIRAS,Caroço,arroba,Sem cotação,,Algodão,8
2017-01-13,Algodão,BARREIRAS,Pluma,cento,"89,78",89.78,Algodão,8
2017-01-16,Algodão,BARREIRAS,Caroço,arroba,Sem cotação,,Algodão,8
2017-01-16,Algodão,BARREIRAS,Pluma,cento,"89,78",89.78,Algodão,8
2017-01-17,Algodão,BARREIRAS,Caroço,arroba,Sem cotação,,Algodão,8
2017-01-17,Algodão,BARREIRAS,Pluma,cento,"89,78",89.78,Algodão,8
2017-01-18,Algodão,BARREIRAS,Caroço,arroba,Sem cotação,,Algodão,8
2017-01-18,Algodão,BARREIRAS,Pluma,arroba,"107,00",107.0,Algodão,8
2017-01-19,Algodão,BARREIRAS,Caroço,arroba,Sem cotação,,Algodão,8
2017-01-19,Algodão,BARREIRAS,Pluma,arroba,"107,00",107.0,Algodão,8
2017-01-20,Algodão,BARREIRAS,Caroço,arroba,Sem cotação,,Algodão,8
2017-01-20,Algodão,BARREIRAS,Pluma,arroba,"107,00",107.0,Algodão,8
2017-01-23,Algodão,BARREIRAS,Caroço,arroba,Sem cotação,,Algodão,8
2017-01-23,Algodão,BARREIRAS,Pluma,arroba,"107,00",107.0,Algodão,8
2017-01-24,Algodão,BARREIRAS,Caroço,arroba,Sem cotação,,Algodão,8
2017-01-24,Algodão,BARREIRAS,Pluma,arroba,"107,00",107.0,Algodão,8
2017-01-25,Algodão,BARREIRAS,Caroço,arroba,Sem cotação,,Algodão,8
2017-01-25,Algodão,BARREIRAS,Pluma,arroba,"107,00",107.0,Algodão,8
2017-01-26,Algodão,BARREIRAS,Caroço,arroba,Sem cotação,,Algodão,8
2017-01-26,Algodão,BARREIRAS,Pluma,arroba,"107,00",107.0,Algodão,8
2017-01-27,Algodão,BARREIRAS,Caroço,arroba,Sem cotação,,Algodão,8
2017-01-27,Algodão,BARREIRAS,Pluma,arroba,"107,00",107.0,Algodão,8
2017-01-30,Algodão,BARREIRAS,Caroço,arroba,Sem cotação,,Algodão,8
2017-01-30,Algodão,BARREIRAS,Pluma,arroba,"107,00",107.0,Algodão,8
2017-02-01,Algodão,BARREIRAS,Caroço,arroba,Sem cotação,,Algodão,8
2017-02-01,Algodão,BARREIRAS,Pluma,arroba,"107,00",107.0,Algodão,8
2017-02-02,Algodão,BARREIRAS,Caroço,arroba,Sem cotação,,Algodão,8
2017-02-02,Algodão,BARREIRAS,Pluma,arroba,"107,00",107.0,Algodão,8
2017-02-03,Algodão,BARREIRAS,Caroço,arroba,Sem cotação,,Algodão,8
2017-02-03,Algodão,BARREIRAS,Pluma,arroba,"91,80",91.8,Algodão,8
2017-02-06,Algodão,BARREIRAS,Caroço,arroba,Sem cotação,,Algodão,8
2017-02-06,Algodão,BARREIRAS,Pluma,arroba,"91,80",91.8,Algodão,8
2017-02-07,Algodão,BARREIRAS,Caroço,arroba,Sem cotação,,Algodão,8
2017-02-07,Algodão,BARREIRAS,Pluma,arroba,"91,80",91.8,Algodão,8
2017-02-08,Algodão,BARREIRAS,Caroço,arroba,Sem cotação,,Algodão,8
2017-02-08,Algodão,BARREIRAS,Pluma,arroba,"91,80",91.8,Algodão,8
2017-02-09,Algodão,BARREIRAS,Caroço,arroba,Sem cotação,,Algodão,8
2017-02-09,Algodão,BARREIRAS,Pluma,arroba,"91,80",91.8,Algodão,8
2017-02-10,Algodão,BARREIRAS,Caroço,arroba,Sem cotação,,Algodão,8
2017-02-10,Algodão,BARREIRAS,Pluma,arroba,"107,00",107.0,Algodão,8
2017-02-13,Algodão,BARREIRAS,Caroço,arroba,Sem cotação,,Algodão,8
2017-02-13,Algodão,BARREIRAS,Pluma,arroba,"91,80",91.8,Algodão,8
2017-02-14,Algodão,BARREIRAS,Caroço,arroba,Sem cotação,,Algodão,8
2017-02-14,Algodão,BARREIRAS,Pluma,arroba,"90,79",90.79,Algodão,8
2017-02-15,Algodão,BARREIRAS,Caroço,arroba,Sem cotação,,Algodão,8
2017-02-15,Algodão,BARREIRAS,Pluma,arroba,"90,79",90.79,Algodão,8
2017-02-16,Algodão,BARREIRAS,Caroço,arroba,Sem cotação,,Algodão,8
2017-02-16,Algodão,BARREIRAS,Pluma,arroba,"90,79",90.79,Algodão,8
2017-02-17,Algodão,BARREIRAS,Caroço,arroba,Sem cotação,,Algodão,8
2017-02-17,Algodão,BARREIRAS,Pluma,arroba,"90,79",90.79,Algodão,8
2017-02-20,Algodão,BARREIRAS,Caroço,arroba,Sem cotação,,Algodão,8
2017-02-20,Algodão,BARREIRAS,Pluma,arroba,"90,79",90.79,Algodão,8
2017-02-21,Algodão,BARREIRAS,Caroço,arroba,Sem cotação,,Algodão,8
2017-02-21,Algodão,BARREIRAS,Pluma,arroba,"90,79",90.79,Algodão,8
2017-02-22,Algodão,BARREIRAS,Caroço,arroba,Sem cotação,,Algodão,8
2017-02-22,Algodão,BARREIRAS,Pluma,arroba,"90,79",90.79,Algodão,8
2017-02-23,Algodão,BARREIRAS,Caroço,arroba,Sem cotação,,Algodão,8
2017-02-23,Algodão,BARREIRAS,Pluma,arroba,"90,79",90.79,Algodão,8
2017-03-02,Algodão,BARREIRAS,Caroço,arroba,Sem cotação,,Algodão,8
2017-03-02,Algodão,BARREIRAS,Pluma,arroba,"90,29",90.29,Algodão,8
2017-03-03,Algodão,BARREIRAS,Caroço,arroba,Sem cotação,,Algodão,8
2017-03-03,Algodão,BARREIRAS,Pluma,arroba,"90,29",90.29,Algodão,8
2017-03-06,Algodão,BARREIRAS,Caroço,arroba,Sem cotação,,Algodão,8
2017-03-06,Algodão,BARREIRAS,Pluma,arroba,"90,29",90.29,Algodão,8
2017-03-07,Algodão,BARREIRAS,Caroço,arroba,Sem cotação,,Algodão,8
2017-03-07,Algodão,BARREIRAS,Pluma,arroba,"90,29",90.29,Algodão,8
2017-03-08,Algodão,BARREIRAS,Caroço,arroba,Sem cotação,,Algodão,8
2017-03-08,Algodão,BARREIRAS,Pluma,arroba,"90,29",90.29,Algodão,8
2017-03-09,Algodão,BARREIRAS,Caroço,arroba,Sem cotação,,Algodão,8
2017-03-09,Algodão,BARREIRAS,Pluma,arroba,"90,29",90.29,Algodão,8
2017-03-10,Algodão,BARREIRAS,Caroço,arroba,Sem cotação,,Algodão,8
2017-03-10,Algodão,BARREIRAS,Pluma,arroba,"90,29",90.29,Algodão,8
2017-03-13,Algodão,BARREIRAS,Caroço,arroba,Sem cotação,,Algodão,8
2017-03-13,Algodão,BARREIRAS,Pluma,arroba,"90,29",90.29,Algodão,8
2017-03-14,Algodão,BARREIRAS,Caroço,arroba,Sem cotação,,Algodão,8
2017-03-14,Algodão,BARREIRAS,Pluma,arroba,"90,29",90.29,Algodão,8
2017-03-15,Algodão,BARREIRAS,Caroço,arroba,Sem cotação,,Algodão,8
2017-03-15,Algodão,BARREIRAS,Pluma,arroba,"90,29",90.29,Algodão,8
2017-03-16,Algodão,BARREIRAS,Caroço,arroba,Sem cotação,,Algodão,8
2017-03-16,Algodão,BARREIRAS,Pluma,arroba,"90,96",90.96,Algodão,8
2017-03-17,Algodão,BARREIRAS,Caroço,arroba,Sem cotação,,Algodão,8
2017-03-17,Algodão,BARREIRAS,Pluma,arroba,"90,96",90.96,Algodão,8
2017-03-20,Algodão,BARREIRAS,Caroço,arroba,Sem cotação,,Algodão,8
2017-03-20,Algodão,BARREIRAS,Pluma,arroba,"90,96",90.96,Algodão,8
2017-03-21,Algodão,BARREIRAS,Caroço,arroba,Sem cotação,,Algodão,8
2017-03-21,Algodão,BARREIRAS,Pluma,arroba,"89,28",89.28,Algodão,8
2017-03-22,Algodão,BARREIRAS,Caroço,arroba,Sem cotação,,Algodão,8
2017-03-22,Algodão,BARREIRAS,Pluma,arroba,"89,28",89.28,Algodão,8
2017-03-23,Algodão,BARREIRAS,Caroço,arroba,Sem cotação,,Algodão,8
2017-03-23,Algodão,BARREIRAS,Pluma,arroba,"89,28",89.28,Algodão,8
2017-03-24,Algodão,BARREIRAS,Caroço,arroba,Sem cotação,,Algodão,8
2017-03-24,Algodão,BARREIRAS,Pluma,arroba,"89,28",89.28,Algodão,8
2017-03-27,Algodão,BARREIRAS,Caroço,arroba,Sem cotação,,Algodão,8
2017-03-27,Algodão,BARREIRAS,Pluma,arroba,"89,28",89.28,Algodão,8
2017-03-28,Algodão,BARREIRAS,Caroço,arroba,Sem cotação,,Algodão,8
2017-03-28,Algodão,BARREIRAS,Pluma,arroba,"89,28",89.28,Algodão,8
2017-03-29,Algodão,BARREIRAS,Caroço,arroba,Sem cotação,,Algodão,8
2017-03-29,Algodão,BARREIRAS,Pluma,arroba,"89,28",89.28,Algodão,8
2017-03-30,Algodão,BARREIRAS,Caroço,arroba,Sem cotação,,Algodão,8
2017-03-30,Algodão,BARREIRAS,Pluma,arroba,"89,28",89.28,Algodão,8
2017-03-31,Algodão,BARREIRAS,Caroço,arroba,Sem cotação,,Algodão,8
2017-03-31,Algodão,BARREIRAS,Pluma,arroba,"89,28",89.28,Algodão,8
2017-04-03,Algodão,BARREIRAS,Caroço,arroba,Sem cotação,,Algodão,8
2017-04-03,Algodão,BARREIRAS,Pluma,arroba,"89,28",89.28,Algodão,8
2017-04-04,Algodão,BARREIRAS,Caroço,arroba,Sem cotação,,Algodão,8
2017-04-04,Algodão,BARREIRAS,Pluma,arroba,"89,28",89.28,Algodão,8
2017-04-05,Algodão,BARREIRAS,Caroço,arroba,Sem cotação,,Algodão,8
2017-04-05,Algodão,BARREIRAS,Pluma,arroba,"89,28",89.28,Algodão,8
2017-04-06,Algodão,BARREIRAS,Caroço,arroba,Sem cotação,,Algodão,8
2017-04-06,Algodão,BARREIRAS,Pluma,arroba,"89,28",89.28,Algodão,8
2017-04-07,Algodão,BARREIRAS,Caroço,arroba,Sem cotação,,Algodão,8
2017-04-07,Algodão,BARREIRAS,Pluma,arroba,"89,28",89.28,Algodão,8
2017-04-10,Algodão,BARREIRAS,Caroço,arroba,Sem cotação,,Algodão,8
2017-04-10,Algodão,BARREIRAS,Pluma,arroba,"89,28",89.28,Algodão,8
2017-04-11,Algodão,BARREIRAS,Caroço,arroba,Sem cotação,,Algodão,8
2017-04-11,Algodão,BARREIRAS,Pluma,arroba,"89,28",89.28,Algodão,8
2017-04-12,Algodão,BARREIRAS,Caroço,arroba,Sem cotação,,Algodão,8
2017-04-12,Algodão,BARREIRAS,Pluma,arroba,"89,28",89.28,Algodão,8
2017-04-13,Algodão,BARREIRAS,Caroço,arroba,Sem cotação,,Algodão,8
2017-04-13,Algodão,BARREIRAS,Pluma,arroba,"89,28",89.28,Algodão,8
2017-04-18,Algodão,BARREIRAS,Caroço,arroba,Sem cotação,,Algodão,8
2017-04-18,Algodão,BARREIRAS,Pluma,arroba,"89,28",89.28,Algodão,8
2017-04-19,Algodão,BARREIRAS,Caroço,arroba,Sem cotação,,Algodão,8
2017-04-19,Algodão,BARREIRAS,Pluma,arroba,"89,28",89.28,Algodão,8
2017-04-20,Algodão,BARREIRAS,Caroço,arroba,Sem cotação,,Algodão,8
2017-04-20,Algodão,BARREIRAS,Pluma,arroba,"89,28",89.28,Algodão,8
2017-04-24,Algodão,BARREIRAS,Caroço,arroba,Sem cotação,,Algodão,8
2017-04-24,Algodão,BARREIRAS,Pluma,arroba,"89,28",89.28,Algodão,8
2017-04-25,Algodão,BARREIRAS,Caroço,arroba,Sem cotação,,Algodão,8
2017-04-25,Algodão,BARREIRAS,Pluma,arroba,"89,28",89.28,Algodão,8
2017-04-26,Algodão,BARREIRAS,Caroço,arroba,Sem cotação,,Algodão,8
2017-04-26,Algodão,BARREIRAS,Pluma,arroba,"89,28",89.28,Algodão,8
2017-04-27,Algodão,BARREIRAS,Caroço,arroba,Sem cotação,,Algodão,8
2017-04-27,Algodão,BARREIRAS,Pluma,arroba,"89,28",89.28,Algodão,8
2017-05-02,Algodão,BARREIRAS,Caroço,arroba,Sem cotação,,Algodão,8
2017-05-02,Algodão,BARREIRAS,Pluma,arroba,"89,28",89.28,Algodão,8
2017-05-03,Algodão,BARREIRAS,Caroço,arroba,Sem cotação,,Algodão,8
2017-05-03,Algodão,BARREIRAS,Pluma,arroba,"89,28",89.28,Algodão,8
2017-05-04,Algodão,BARREIRAS,Caroço,arroba,Sem cotação,,Algodão,8
2017-05-04,Algodão,BARREIRAS,Pluma,arroba,"89,28",89.28,Algodão,8
2017-05-05,Algodão,BARREIRAS,Caroço,arroba,Sem cotação,,Algodão,8
2017-05-05,Algodão,BARREIRAS,Pluma,arroba,"89,28",89.28,Algodão,8
2017-05-08,Algodão,BARREIRAS,Caroço,arroba,Sem cotação,,Algodão,8
2017-05-08,Algodão,BARREIRAS,Pluma,arroba,"89,28",89.28,Algodão,8
2017-05-09,Algodão,BARREIRAS,Caroço,arroba,Sem cotação,,Algodão,8
2017-05-09,Algodão,BARREIRAS,Pluma,arroba,"89,28",89.28,Algodão,8
2017-05-10,Algodão,BARREIRAS,Caroço,arroba,Sem cotação,,Algodão,8
2017-05-10,Algodão,BARREIRAS,Pluma,arroba,"89,28",89.28,Algodão,8
2017-05-11,Algodão,BARREIRAS,Caroço,arroba,Sem cotação,,Algodão,8
2017-05-11,Algodão,BARREIRAS,Pluma,arroba,"89,28",89.28,Algodão,8
2017-05-12,Algodão,BARREIRAS,Caroço,arroba,Sem cotação,,Algodão,8
2017-05-12,Algodão,BARREIRAS,Pluma,arroba,"89,28",89.28,Algodão,8
2017-05-15,Algodão,BARREIRAS,Caroço,arroba,Sem cotação,,Algodão,8
2017-05-15,Algodão,BARREIRAS,Pluma,arroba,"89,28",89.28,Algodão,8
2017-05-16,Algodão,BARREIRAS,Caroço,arroba,Sem cotação,,Algodão,8
2017-05-16,Algodão,BARREIRAS,Pluma,arroba,"89,28",89.28,Algodão,8
2017-05-17,Algodão,BARREIRAS,Caroço,arroba,Sem cotação,,Algodão,8
2017-05-17,Algodão,BARREIRAS,Pluma,arroba,"89,28",89.28,Algodão,8
2017-05-18,Algodão,BARREIRAS,Caroço,arroba,Sem cotação,,Algodão,8
2017-05-18,Algodão,BARREIRAS,Pluma,arroba,"89,28",89.28,Algodão,8
2017-05-19,Algodão,BARREIRAS,Caroço,arroba,Sem cotação,,Algodão,8
2017-05-19,Algodão,BARREIRAS,Pluma,arroba,"89,28",89.28,Algodão,8
2017-05-22,Algodão,BARREIRAS,Caroço,arroba,Sem cotação,,Algodão,8
2017-05-22,Algodão,BARREIRAS,Pluma,arroba,"89,28",89.28,Algodão,8
2017-05-23,Algodão,BARREIRAS,Caroço,arroba,Sem cotação,,Algodão,8
2017-05-23,Algodão,BARREIRAS,Pluma,arroba,"89,28",89.28,Algodão,8
2017-05-24,Algodão,BARREIRAS,Caroço,arroba,Sem cotação,,Algodão,8
2017-05-24,Algodão,BARREIRAS,Pluma,arroba,"89,28",89.28,Algodão,8
2017-05-25,Algodão,BARREIRAS,Caroço,arroba,Sem cotação,,Algodão,8
2017-05-25,Algodão,BARREIRAS,Pluma,arroba,"89,28",89.28,Algodão,8
2017-05-26,Algodão,BARREIRAS,Caroço,arroba,Sem cotação,,Algodão,8
2017-05-26,Algodão,BARREIRAS,Pluma,arroba,"89,28",89.28,Algodão,8
2017-05-29,Algodão,BARREIRAS,Caroço,arroba,Sem cotação,,Algodão,8
2017-05-29,Algodão,BARREIRAS,Pluma,arroba,"89,28",89.28,Algodão,8
2017-05-30,Algodão,BARREIRAS,Caroço,arroba,Sem cotação,,Algodão,8
2017-05-30,Algodão,BARREIRAS,Pluma,arroba,"89,28",89.28,Algodão,8
2017-05-31,Algodão,BARREIRAS,Caroço,arroba,Sem cotação,,Algodão,8
2017-05-31,Algodão,BARREIRAS,Pluma,arroba,"89,28",89.28,Algodão,8
2017-06-01,Algodão,BARREIRAS,Caroço,arroba,Sem cotação,,Algodão,8
2017-06-01,Algodão,BARREIRAS,Pluma,arroba,"89,28",89.28,Algodão,8
2017-06-02,Algodão,BARREIRAS,Caroço,arroba,Sem cotação,,Algodão,8
2017-06-02,Algodão,BARREIRAS,Pluma,arroba,"89,28",89.28,Algodão,8
2017-06-05,Algodão,BARREIRAS,Caroço,arroba,Sem cotação,,Algodão,8
2017-06-05,Algodão,BARREIRAS,Pluma,arroba,"89,28",89.28,Algodão,8
2017-06-06,Algodão,BARREIRAS,Caroço,arroba,Sem cotação,,Algodão,8
2017-06-06,Algodão,BARREIRAS,Pluma,arroba,"89,28",89.28,Algodão,8
2017-06-07,Algodão,BARREIRAS,Caroço,arroba,Sem cotação,,Algodão,8
2017-06-07,Algodão,BARREIRAS,Pluma,arroba,"89,28",89.28,Algodão,8
2017-06-08,Algodão,BARREIRAS,Caroço,arroba,Sem cotação,,Algodão,8
2017-06-08,Algodão,BARREIRAS,Pluma,arroba,"89,28",89.28,Algodão,8
2017-06-09,Algodão,BARREIRAS,Caroço,arroba,Sem cotação,,Algodão,8
2017-06-09,Algodão,BARREIRAS,Pluma,arroba,"89,28",89.28,Algodão,8
2017-06-12,Algodão,BARREIRAS,Caroço,arroba,Sem cotação,,Algodão,8
2017-06-12,Algodão,BARREIRAS,Pluma,arroba,"95,01",95.01,Algodão,8
2017-06-13,Algodão,BARREIRAS,Caroço,arroba,Sem cotação,,Algodão,8
2017-06-13,Algodão,BARREIRAS,Pluma,arroba,"95,01",95.01,Algodão,8
2017-06-14,Algodão,BARREIRAS,Caroço,arroba,Sem cotação,,Algodão,8
2017-06-14,Algodão,BARREIRAS,Pluma,arroba,"95,01",95.01,Algodão,8
2017-06-19,Algodão,BARREIRAS,Caroço,arroba,Sem cotação,,Algodão,8
2017-06-19,Algodão,BARREIRAS,Pluma,arroba,"95,01",95.01,Algodão,8
2017-06-20,Algodão,BARREIRAS,Caroço,arroba,Sem cotação,,Algodão,8
2017-06-20,Algodão,BARREIRAS,Pluma,arroba,"95,01",95.01,Algodão,8
2017-06-21,Algodão,BARREIRAS,Caroço,arroba,Sem cotação,,Algodão,8
2017-06-21,Algodão,BARREIRAS,Pluma,arroba,"95,01",95.01,Algodão,8
2017-06-22,Algodão,BARREIRAS,Caroço,arroba,Sem cotação,,Algodão,8
2017-06-22,Algodão,BARREIRAS,Pluma,arroba,"95,01",95.01,Algodão,8
2017-06-26,Algodão,BARREIRAS,Caroço,arroba,Sem cotação,,Algodão,8
2017-06-26,Algodão,BARREIRAS,Pluma,arroba,"95,01",95.01,Algodão,8
2017-06-27,Algodão,BARREIRAS,Caroço,arroba,Sem cotação,,Algodão,8
2017-06-27,Algodão,BARREIRAS,Pluma,arroba,"95,01",95.01,Algodão,8
2017-06-28,Algodão,BARREIRAS,Caroço,arroba,Sem cotação,,Algodão,8
2017-06-28,Algodão,BARREIRAS,Pluma,arroba,"95,01",95.01,Algodão,8
2017-06-29,Algodão,BARREIRAS,Caroço,arroba,Sem cotação,,Algodão,8
2017-06-29,Algodão,BARREIRAS,Pluma,arroba,"87,59",87.59,Algodão,8
2017-06-30,Algodão,BARREIRAS,Caroço,arroba,Sem cotação,,Algodão,8
2017-06-30,Algodão,BARREIRAS,Pluma,arroba,"87,59",87.59,Algodão,8
2017-07-03,Algodão,BARREIRAS,Caroço,arroba,Sem cotação,,Algodão,8
2017-07-03,Algodão,BARREIRAS,Pluma,arroba,"87,59",87.59,Algodão,8
2017-07-04,Algodão,BARREIRAS,Caroço,arroba,Sem cotação,,Algodão,8
2017-07-04,Algodão,BARREIRAS,Pluma,arroba,"87,59",87.59,Algodão,8
2017-07-05,Algodão,BARREIRAS,Caroço,arroba,Sem cotação,,Algodão,8
2017-07-05,Algodão,BARREIRAS,Pluma,arroba,"87,59",87.59,Algodão,8
2017-07-06,Algodão,BARREIRAS,Caroço,arroba,Sem cotação,,Algodão,8
2017-07-06,Algodão,BARREIRAS,Pluma,arroba,"84,23",84.23,Algodão,8
2017-07-07,Algodão,BARREIRAS,Caroço,arroba,Sem cotação,,Algodão,8
2017-07-07,Algodão,BARREIRAS,Pluma,arroba,"84,23",84.23,Algodão,8
2017-07-10,Algodão,BARREIRAS,Caroço,arroba,Sem cotação,,Algodão,8
2017-07-10,Algodão,BARREIRAS,Pluma,arroba,"84,23",84.23,Algodão,8
2017-07-11,Algodão,BARREIRAS,Caroço,arroba,Sem cotação,,Algodão,8
2017-07-11,Algodão,BARREIRAS,Pluma,arroba,"84,23",84.23,Algodão,8
2017-07-12,Algodão,BARREIRAS,Caroço,arroba,Sem cotação,,Algodão,8
2017-07-12,Algodão,BARREIRAS,Pluma,arroba,"84,23",84.23,Algodão,8
2017-07-13,Algodão,BARREIRAS,Caroço,arroba,Sem cotação,,Algodão,8
2017-07-13,Algodão,BARREIRAS,Pluma,arroba,"87,88",87.88,Algodão,8
2017-07-14,Algodão,BARREIRAS,Caroço,arroba,Sem cotação,,Algodão,8
2017-07-14,Algodão,BARREIRAS,Pluma,arroba,"87,88",87.88,Algodão,8
2017-07-17,Algodão,BARREIRAS,Caroço,arroba,Sem cotação,,Algodão,8
2017-07-17,Algodão,BARREIRAS,Pluma,arroba,"87,88",87.88,Algodão,8
2017-07-18,Algodão,BARREIRAS,Caroço,arroba,Sem cotação,,Algodão,8
2017-07-18,Algodão,BARREIRAS,Pluma,arroba,"87,88",87.88,Algodão,8
2017-07-19,Algodão,BARREIRAS,Caroço,arroba,Sem cotação,,Algodão,8
2017-07-19,Algodão,BARREIRAS,Pluma,arroba,"87,88",87.88,Algodão,8
2017-07-20,Algodão,BARREIRAS,Caroço,arroba,Sem cotação,,Algodão,8
2017-07-20,Algodão,BARREIRAS,Pluma,arroba,"87,88",87.88,Algodão,8
2017-07-21,Algodão,BARREIRAS,Caroço,arroba,Sem cotação,,Algodão,8
2017-07-21,Algodão,BARREIRAS,Pluma,arroba,"87,88",87.88,Algodão,8
2017-07-24,Algodão,BARREIRAS,Caroço,arroba,Sem cotação,,Algodão,8
2017-07-24,Algodão,BARREIRAS,Pluma,arroba,"87,88",87.88,Algodão,8
2017-07-25,Algodão,BARREIRAS,Caroço,arroba,Sem cotação,,Algodão,8
2017-07-25,Algodão,BARREIRAS,Pluma,arroba,"87,88",87.88,Algodão,8
2017-07-26,Algodão,BARREIRAS,Caroço,arroba,Sem cotação,,Algodão,8
2017-07-26,Algodão,BARREIRAS,Pluma,arroba,"87,88",87.88,Algodão,8
2017-07-27,Algodão,BARREIRAS,Caroço,arroba,Sem cotação,,Algodão,8
2017-07-27,Algodão,BARREIRAS,Pluma,arroba,"87,88",87.88,Algodão,8
2017-07-28,Algodão,BARREIRAS,Caroço,arroba,Sem cotação,,Algodão,8
2017-07-28,Algodão,BARREIRAS,Pluma,arroba,"87,88",87.88,Algodão,8
2017-07-31,Algodão,BARREIRAS,Caroço,arroba,Sem cotação,,Algodão,8
2017-07-31,Algodão,BARREIRAS,Pluma,arroba,"87,88",87.88,Algodão,8
2017-08-01,Algodão,BARREIRAS,Caroço,arroba,Sem cotação,,Algodão,8
2017-08-01,Algodão,BARREIRAS,Pluma,arroba,"87,88",87.88,Algodão,8
2017-08-02,Algodão,BARREIRAS,Caroço,arroba,Sem cotação,,Algodão,8
2017-08-02,Algodão,BARREIRAS,Pluma,arroba,"87,88",87.88,Algodão,8
2017-08-03,Algodão,BARREIRAS,Caroço,arroba,Sem cotação,,Algodão,8
2017-08-03,Algodão,BARREIRAS,Pluma,arroba,"87,88",87.88,Algodão,8
2017-08-04,Algodão,BARREIRAS,Caroço,arroba,Sem cotação,,Algodão,8
2017-08-04,Algodão,BARREIRAS,Pluma,arroba,"87,88",87.88,Algodão,8
2017-08-07,Algodão,BARREIRAS,Caroço,arroba,Sem cotação,,Algodão,8
2017-08-07,Algodão,BARREIRAS,Pluma,arroba,"87,88",87.88,Algodão,8
2017-08-08,Algodão,BARREIRAS,Caroço,arroba,Sem cotação,,Algodão,8
2017-08-08,Algodão,BARREIRAS,Pluma,arroba,"87,88",87.88,Algodão,8
2017-08-09,Algodão,BARREIRAS,Caroço,arroba,Sem cotação,,Algodão,8
2017-08-09,Algodão,BARREIRAS,Pluma,arroba,"87,88",87.88,Algodão,8
2017-08-10,Algodão,BARREIRAS,Caroço,arroba,Sem cotação,,Algodão,8
2017-08-10,Algodão,BARREIRAS,Pluma,arroba,"87,88",87.88,Algodão,8
2017-08-11,Algodão,BARREIRAS,Caroço,arroba,Sem cotação,,Algodão,8
2017-08-11,Algodão,BARREIRAS,Pluma,arroba,"87,88",87.88,Algodão,8
2017-08-14,Algodão,BARREIRAS,Caroço,arroba,Sem cotação,,Algodão,8
2017-08-14,Algodão,BARREIRAS,Pluma,arroba,"87,88",87.88,Algodão,8
2017-08-15,Algodão,BARREIRAS,Caroço,arroba,Sem cotação,,Algodão,8
2017-08-15,Algodão,BARREIRAS,Pluma,arroba,"87,88",87.88,Algodão,8
2017-08-16,Algodão,BARREIRAS,Caroço,arroba,Sem cotação,,Algodão,8
2017-08-16,Algodão,BARREIRAS,Pluma,arroba,"87,88",87.88,Algodão,8
2017-08-17,Algodão,BARREIRAS,Caroço,arroba,Sem cotação,,Algodão,8
2017-08-17,Algodão,BARREIRAS,Pluma,arroba,"87,88",87.88,Algodão,8
2017-08-18,Algodão,BARREIRAS,Caroço,arroba,Sem cotação,,Algodão,8
2017-08-18,Algodão,BARREIRAS,Pluma,arroba,"87,88",87.88,Algodão,8
2017-08-21,Algodão,BARREIRAS,Caroço,arroba,Sem cotação,,Algodão,8
2017-08-21,Algodão,BARREIRAS,Pluma,arroba,"87,88",87.88,Algodão,8
2017-08-22,Algodão,BARREIRAS,Caroço,arroba,Sem cotação,,Algodão,8
2017-08-22,Algodão,BARREIRAS,Pluma,arroba,"87,88",87.88,Algodão,8
2017-08-23,Algodão,BARREIRAS,Caroço,arroba,Sem cotação,,Algodão,8
2017-08-23,Algodão,BARREIRAS,Pluma,arroba,"87,88",87.88,Algodão,8
2017-08-24,Algodão,BARREIRAS,Caroço,arroba,Sem cotação,,Algodão,8
2017-08-24,Algodão,BARREIRAS,Pluma,arroba,"87,88",87.88,Algodão,8
2017-08-25,Algodão,BARREIRAS,Caroço,arroba,Sem cotação,,Algodão,8
2017-08-25,Algodão,BARREIRAS,Pluma,arroba,"87,88",87.88,Algodão,8
2017-08-28,Algodão,BARREIRAS,Caroço,arroba,Sem cotação,,Algodão,8
2017-08-28,Algodão,BARREIRAS,Pluma,arroba,"87,88",87.88,Algodão,8
2017-08-29,Algodão,BARREIRAS,Caroço,arroba,Sem cotação,,Algodão,8
2017-08-29,Algodão,BARREIRAS,Pluma,arroba,"81,53",81.53,Algodão,8
2017-08-30,Algodão,BARREIRAS,Caroço,arroba,Sem cotação,,Algodão,8
2017-08-30,Algodão,BARREIRAS,Pluma,arroba,"81,53",81.53,Algodão,8
2017-08-31,Algodão,BARREIRAS,Caroço,arroba,Sem cotação,,Algodão,8
2017-08-31,Algodão,BARREIRAS,Pluma,arroba,"81,53",81.53,Algodão,8
2017-09-01,Algodão,BARREIRAS,Caroço,arroba,Sem cotação,,Algodão,8
2017-09-01,Algodão,BARREIRAS,Pluma,arroba,"81,53",81.53,Algodão,8
2017-09-04,Algodão,BARREIRAS,Caroço,arroba,Sem cotação,,Algodão,8
2017-09-04,Algodão,BARREIRAS,Pluma,arroba,"81,53",81.53,Algodão,8
2017-09-05,Algodão,BARREIRAS,Caroço,arroba,Sem cotação,,Algodão,8
2017-09-05,Algodão,BARREIRAS,Pluma,arroba,"81,53",81.53,Algodão,8
2017-09-06,Algodão,BARREIRAS,Caroço,arroba,Sem cotação,,Algodão,8
2017-09-06,Algodão,BARREIRAS,Pluma,arroba,"81,53",81.53,Algodão,8
2017-09-11,Algodão,BARREIRAS,Caroço,arroba,Sem cotação,,Algodão,8
2017-09-11,Algodão,BARREIRAS,Pluma,arroba,"81,53",81.53,Algodão,8
2017-09-12,Algodão,BARREIRAS,Caroço,arroba,Sem cotação,,Algodão,8
2017-09-12,Algodão,BARREIRAS,Pluma,arroba,"81,53",81.53,Algodão,8
2017-09-13,Algodão,BARREIRAS,Caroço,arroba,Sem cotação,,Algodão,8
2017-09-13,Algodão,BARREIRAS,Pluma,arroba,"81,53",81.53,Algodão,8
2017-09-14,Algodão,BARREIRAS,Caroço,arroba,Sem cotação,,Algodão,8
2017-09-14,Algodão,BARREIRAS,Pluma,arroba,"81,53",81.53,Algodão,8
2017-09-15,Algodão,BARREIRAS,Caroço,arroba,Sem cotação,,Algodão,8
2017-09-15,Algodão,BARREIRAS,Pluma,arroba,"81,53",81.53,Algodão,8
2017-09-18,Algodão,BARREIRAS,Caroço,arroba,Sem cotação,,Algodão,8
2017-09-18,Algodão,BARREIRAS,Pluma,arroba,"81,53",81.53,Algodão,8
2017-09-19,Algodão,BARREIRAS,Caroço,arroba,Sem cotação,,Algodão,8
2017-09-19,Algodão,BARREIRAS,Pluma,arroba,"81,53",81.53,Algodão,8
2017-09-20,Algodão,BARREIRAS,Caroço,arroba,Sem cotação,,Algodão,8
2017-09-20,Algodão,BARREIRAS,Pluma,arroba,"81,53",81.53,Algodão,8
2017-09-21,Algodão,BARREIRAS,Caroço,arroba,Sem cotação,,Algodão,8
2017-09-21,Algodão,BARREIRAS,Pluma,arroba,"81,53",81.53,Algodão,8
2017-09-22,Algodão,BARREIRAS,Caroço,arroba,Sem cotação,,Algodão,8
2017-09-22,Algodão,BARREIRAS,Pluma,arroba,"81,53",81.53,Algodão,8
2017-09-25,Algodão,BARREIRAS,Caroço,arroba,Sem cotação,,Algodão,8
2017-09-25,Algodão,BARREIRAS,Pluma,arroba,"80,69",80.69,Algodão,8
2017-09-26,Algodão,BARREIRAS,Caroço,arroba,Sem cotação,,Algodão,8
2017-09-26,Algodão,BARREIRAS,Pluma,arroba,"80,69",80.69,Algodão,8
2017-09-27,Algodão,BARREIRAS,Caroço,arroba,Sem cotação,,Algodão,8
2017-09-27,Algodão,BARREIRAS,Pluma,arroba,"80,69",80.69,Algodão,8
2017-09-28,Algodão,BARREIRAS,Caroço,arroba,Sem cotação,,Algodão,8
2017-09-28,Algodão,BARREIRAS,Pluma,arroba,"80,69",80.69,Algodão,8
2017-09-29,Algodão,BARREIRAS,Caroço,arroba,Sem cotação,,Algodão,8
2017-09-29,Algodão,BARREIRAS,Pluma,arroba,"80,69",80.69,Algodão,8
2017-10-02,Algodão,BARREIRAS,Caroço,arroba,Sem cotação,,Algodão,8
2017-10-02,Algodão,BARREIRAS,Pluma,arroba,"80,69",80.69,Algodão,8
2017-10-03,Algodão,BARREIRAS,Caroço,arroba,Sem cotação,,Algodão,8
2017-10-03,Algodão,BARREIRAS,Pluma,arroba,"80,69",80.69,Algodão,8
2017-10-04,Algodão,BARREIRAS,Caroço,arroba,Sem cotação,,Algodão,8
2017-10-04,Algodão,BARREIRAS,Pluma,arroba,"80,69",80.69,Algodão,8
2017-10-05,Algodão,BARREIRAS,Caroço,arroba,Sem cotação,,Algodão,8
2017-10-05,Algodão,BARREIRAS,Pluma,arroba,"80,69",80.69,Algodão,8
2017-10-06,Algodão,BARREIRAS,Caroço,arroba,Sem cotação,,Algodão,8
2017-10-06,Algodão,BARREIRAS,Pluma,arroba,"80,69",80.69,Algodão,8
2017-10-09,Algodão,BARREIRAS,Caroço,arroba,Sem cotação,,Algodão,8
2017-10-09,Algodão,BARREIRAS,Pluma,arroba,"80,69",80.69,Algodão,8
2017-10-10,Algodão,BARREIRAS,Caroço,arroba,Sem cotação,,Algodão,8
2017-10-10,Algodão,BARREIRAS,Pluma,arroba,"80,69",80.69,Algodão,8
2017-10-11,Algodão,BARREIRAS,Caroço,arroba,Sem cotação,,Algodão,8
2017-10-11,Algodão,BARREIRAS,Pluma,arroba,"80,69",80.69,Algodão,8
2017-10-16,Algodão,BARREIRAS,Caroço,arroba,Sem cotação,,Algodão,8
2017-10-16,Algodão,BARREIRAS,Pluma,arroba,"80,69",80.69,Algodão,8
2017-10-17,Algodão,BARREIRAS,Caroço,arroba,Sem cotação,,Algodão,8
2017-10-17,Algodão,BARREIRAS,Pluma,arroba,"80,69",80.69,Algodão,8
2017-10-18,Algodão,BARREIRAS,Caroço,arroba,Sem cotação,,Algodão,8
2017-10-18,Algodão,BARREIRAS,Pluma,arroba,"80,69",80.69,Algodão,8
2017-10-19,Algodão,BARREIRAS,Caroço,arroba,Sem cotação,,Algodão,8
2017-10-19,Algodão,BARREIRAS,Pluma,arroba,"80,69",80.69,Algodão,8
2017-10-20,Algodão,BARREIRAS,Caroço,arroba,Sem cotação,,Algodão,8
2017-10-20,Algodão,BARREIRAS,Pluma,arroba,"80,69",80.69,Algodão,8
2017-10-23,Algodão,BARREIRAS,Caroço,arroba,Sem cotação,,Algodão,8
2017-10-23,Algodão,BARREIRAS,Pluma,arroba,"80,69",80.69,Algodão,8
2017-10-24,Algodão,BARREIRAS,Caroço,arroba,Sem cotação,,Algodão,8
2017-10-24,Algodão,BARREIRAS,Pluma,arroba,"80,69",80.69,Algodão,8
2017-10-25,Algodão,BARREIRAS,Caroço,arroba,Sem cotação,,Algodão,8
2017-10-25,Algodão,BARREIRAS,Pluma,arroba,"80,69",80.69,Algodão,8
2017-10-26,Algodão,BARREIRAS,Caroço,arroba,Sem cotação,,Algodão,8
2017-10-26,Algodão,BARREIRAS,Pluma,arroba,"80,69",80.69,Algodão,8
2017-10-27,Algodão,BARREIRAS,Caroço,arroba,Sem cotação,,Algodão,8
2017-10-27,Algodão,BARREIRAS,Pluma,arroba,"80,69",80.69,Algodão,8
2017-10-30,Algodão,BARREIRAS,Caroço,arroba,Sem cotação,,Algodão,8
2017-10-30,Algodão,BARREIRAS,Pluma,arroba,"80,69",80.69,Algodão,8
2017-10-31,Algodão,BARREIRAS,Caroço,arroba,Sem cotação,,Algodão,8
2017-10-31,Algodão,BARREIRAS,Pluma,arroba,"80,69",80.69,Algodão,8
2017-11-01,Algodão,BARREIRAS,Caroço,arroba,Sem cotação,,Algodão,8
2017-11-01,Algodão,BARREIRAS,Pluma,arroba,"80,69",80.69,Algodão,8
2017-11-06,Algodão,BARREIRAS,Caroço,arroba,Sem cotação,,Algodão,8
2017-11-06,Algodão,BARREIRAS,Pluma,arroba,"80,69",80.69,Algodão,8
2017-11-07,Algodão,BARREIRAS,Caroço,arroba,Sem cotação,,Algodão,8
2017-11-07,Algodão,BARREIRAS,Pluma,arroba,"81,19",81.19,Algodão,8
2017-11-08,Algodão,BARREIRAS,Caroço,arroba,Sem cotação,,Algodão,8
2017-11-08,Algodão,BARREIRAS,Pluma,arroba,"81,19",81.19,Algodão,8
2017-11-09,Algodão,BARREIRAS,Caroço,arroba,Sem cotação,,Algodão,8
2017-11-09,Algodão,BARREIRAS,Pluma,arroba,"81,19",81.19,Algodão,8
2017-11-10,Algodão,BARREIRAS,Caroço,arroba,Sem cotação,,Algodão,8
2017-11-10,Algodão,BARREIRAS,Pluma,arroba,"81,19",81.19,Algodão,8
2017-11-13,Algodão,BARREIRAS,Caroço,arroba,Sem cotação,,Algodão,8
2017-11-13,Algodão,BARREIRAS,Pluma,arroba,"81,19",81.19,Algodão,8
2017-11-14,Algodão,BARREIRAS,Caroço,arroba,Sem cotação,,Algodão,8
2017-11-14,Algodão,BARREIRAS,Pluma,arroba,"81,19",81.19,Algodão,8
2017-11-16,Algodão,BARREIRAS,Caroço,arroba,Sem cotação,,Algodão,8
2017-11-16,Algodão,BARREIRAS,Pluma,arroba,"81,19",81.19,Algodão,8
2017-11-17,Algodão,BARREIRAS,Caroço,arroba,Sem cotação,,Algodão,8
2017-11-17,Algodão,BARREIRAS,Pluma,arroba,"81,19",81.19,Algodão,8
2017-11-20,Algodão,BARREIRAS,Caroço,arroba,Sem cotação,,Algodão,8
2017-11-20,Algodão,BARREIRAS,Pluma,arroba,"81,37",81.37,Algodão,8
2017-11-21,Algodão,BARREIRAS,Caroço,arroba,Sem cotação,,Algodão,8
2017-11-21,Algodão,BARREIRAS,Pluma,arroba,"81,37",81.37,Algodão,8
2017-11-22,Algodão,BARREIRAS,Caroço,arroba,Sem cotação,,Algodão,8
2017-11-22,Algodão,BARREIRAS,Pluma,arroba,"81,37",81.37,Algodão,8
2017-11-23,Algodão,BARREIRAS,Caroço,arroba,Sem cotação,,Algodão,8
2017-11-23,Algodão,BARREIRAS,Pluma,arroba,"81,37",81.37,Algodão,8
2017-11-24,Algodão,BARREIRAS,Caroço,arroba,Sem cotação,,Algodão,8
2017-11-24,Algodão,BARREIRAS,Pluma,arroba,"81,37",81.37,Algodão,8
2017-11-27,Algodão,BARREIRAS,Caroço,arroba,Sem cotação,,Algodão,8
2017-11-27,Algodão,BARREIRAS,Pluma,arroba,"81,37",81.37,Algodão,8
2017-11-28,Algodão,BARREIRAS,Caroço,arroba,Sem cotação,,Algodão,8
2017-11-28,Algodão,BARREIRAS,Pluma,arroba,"81,37",81.37,Algodão,8
2017-11-29,Algodão,BARREIRAS,Caroço,arroba,Sem cotação,,Algodão,8
2017-11-29,Algodão,BARREIRAS,Pluma,arroba,"81,37",81.37,Algodão,8
2017-11-30,Algodão,BARREIRAS,Caroço,arroba,Sem cotação,,Algodão,8
2017-11-30,Algodão,BARREIRAS,Pluma,arroba,"81,37",81.37,Algodão,8
2017-12-01,Algodão,BARREIRAS,Caroço,arroba,Sem cotação,,Algodão,8
2017-12-01,Algodão,BARREIRAS,Pluma,arroba,"81,37",81.37,Algodão,8
2017-12-04,Algodão,BARREIRAS,Caroço,arroba,Sem cotação,,Algodão,8
2017-12-04,Algodão,BARREIRAS,Pluma,arroba,"79,17",79.17,Algodão,8
2017-12-05,Algodão,BARREIRAS,Caroço,arroba,Sem cotação,,Algodão,8
2017-12-05,Algodão,BARREIRAS,Pluma,arroba,"79,17",79.17,Algodão,8
2017-12-06,Algodão,BARREIRAS,Caroço,arroba,Sem cotação,,Algodão,8
2017-12-06,Algodão,BARREIRAS,Pluma,arroba,"79,17",79.17,Algodão,8
2017-12-07,Algodão,BARREIRAS,Caroço,arroba,Sem cotação,,Algodão,8
2017-12-07,Algodão,BARREIRAS,Pluma,arroba,"79,17",79.17,Algodão,8
2017-12-11,Algodão,BARREIRAS,Caroço,arroba,Sem cotação,,Algodão,8
2017-12-11,Algodão,BARREIRAS,Pluma,arroba,"79,17",79.17,Algodão,8
2017-12-12,Algodão,BARREIRAS,Caroço,arroba,Sem cotação,,Algodão,8
2017-12-12,Algodão,BARREIRAS,Pluma,arroba,"79,17",79.17,Algodão,8
2017-12-13,Algodão,BARREIRAS,Caroço,arroba,Sem cotação,,Algodão,8
2017-12-13,Algodão,BARREIRAS,Pluma,arroba,"79,17",79.17,Algodão,8
2017-12-14,Algodão,BARREIRAS,Caroço,arroba,Sem cotação,,Algodão,8
2017-12-14,Algodão,BARREIRAS,Pluma,arroba,"79,17",79.17,Algodão,8
2017-12-15,Algodão,BARREIRAS,Caroço,arroba,Sem cotação,,Algodão,8
2017-12-15,Algodão,BARREIRAS,Pluma,arroba,"79,17",79.17,Algodão,8
2017-12-18,Algodão,BARREIRAS,Caroço,arroba,Sem cotação,,Algodão,8
2017-12-18,Algodão,BARREIRAS,Pluma,arroba,"79,17",79.17,Algodão,8
2017-12-19,Algodão,BARREIRAS,Caroço,arroba,Sem cotação,,Algodão,8
2017-12-19,Algodão,BARREIRAS,Pluma,arroba,"79,17",79.17,Algodão,8
2017-12-20,Algodão,BARREIRAS,Caroço,arroba,Sem cotação,,Algodão,8
2017-12-20,Algodão,BARREIRAS,Pluma,arroba,"79,17",79.17,Algodão,8
2017-12-21,Algodão,BARREIRAS,Caroço,arroba,Sem cotação,,Algodão,8
2017-12-21,Algodão,BARREIRAS,Pluma,arroba,"79,17",79.17,Algodão,8
2017-12-22,Algodão,BARREIRAS,Caroço,arroba,Sem cotação,,Algodão,8
2017-12-22,Algodão,BARREIRAS,Pluma,arroba,"79,17",79.17,Algodão,8
2017-12-26,Algodão,BARREIRAS,Caroço,arroba,Sem cotação,,Algodão,8
2017-12-26,Algodão,BARREIRAS,Pluma,arroba,"79,17",79.17,Algodão,8
2017-12-27,Algodão,BARREIRAS,Caroço,arroba,Sem cotação,,Algodão,8
2017-12-27,Algodão,BARREIRAS,Pluma,arroba,"79,17",79.17,Algodão,8
2017-12-28,Algodão,BARREIRAS,Caroço,arroba,Sem cotação,,Algodão,8
2017-12-28,Algodão,BARREIRAS,Pluma,arroba,"79,17",79.17,Algodão,8
2017-12-29,Algodão,BARREIRAS,Caroço,arroba,Sem cotação,,Algodão,8
2017-12-29,Algodão,BARREIRAS,Pluma,arroba,"79,17",79.17,Algodão,8
2018-01-02,Algodão,BARREIRAS,Caroço,arroba,Sem cotação,,Algodão,8
2018-01-02,Algodão,BARREIRAS,Pluma,arroba,"79,17",79.17,Algodão,8
2018-01-03,Algodão,BARREIRAS,Caroço,arroba,Sem cotação,,Algodão,8
2018-01-03,Algodão,BARREIRAS,Pluma,arroba,"79,17",79.17,Algodão,8
2018-01-04,Algodão,BARREIRAS,Caroço,arroba,Sem cotação,,Algodão,8
2018-01-04,Algodão,BARREIRAS,Pluma,arroba,"79,17",79.17,Algodão,8
2018-01-05,Algodão,BARREIRAS,Caroço,arroba,Sem cotação,,Algodão,8
2018-01-05,Algodão,BARREIRAS,Pluma,arroba,"79,17",79.17,Algodão,8
2018-01-08,Algodão,BARREIRAS,Caroço,arroba,Sem cotação,,Algodão,8
2018-01-08,Algodão,BARREIRAS,Pluma,arroba,"83,55",83.55,Algodão,8
2018-01-09,Algodão,BARREIRAS,Caroço,arroba,Sem cotação,,Algodão,8
2018-01-09,Algodão,BARREIRAS,Pluma,arroba,"83,55",83.55,Algodão,8
2018-01-10,Algodão,BARREIRAS,Caroço,arroba,Sem cotação,,Algodão,8
2018-01-10,Algodão,BARREIRAS,Pluma,arroba,"83,55",83.55,Algodão,8
2018-01-11,Algodão,BARREIRAS,Caroço,arroba,Sem cotação,,Algodão,8
2018-01-11,Algodão,BARREIRAS,Pluma,arroba,"83,55",83.55,Algodão,8
2018-01-12,Algodão,BARREIRAS,Caroço,arroba,Sem cotação,,Algodão,8
2018-01-12,Algodão,BARREIRAS,Pluma,arroba,"83,55",83.55,Algodão,8
2018-01-15,Algodão,BARREIRAS,Caroço,arroba,Sem cotação,,Algodão,8
2018-01-15,Algodão,BARREIRAS,Pluma,arroba,"83,55",83.55,Algodão,8
2018-01-16,Algodão,BARREIRAS,Caroço,arroba,Sem cotação,,Algodão,8
2018-01-16,Algodão,BARREIRAS,Pluma,arroba,"83,55",83.55,Algodão,8
2018-01-17,Algodão,BARREIRAS,Caroço,arroba,Sem cotação,,Algodão,8
2018-01-17,Algodão,BARREIRAS,Pluma,arroba,"83,55",83.55,Algodão,8
2018-01-18,Algodão,BARREIRAS,Caroço,arroba,Sem cotação,,Algodão,8
2018-01-18,Algodão,BARREIRAS,Pluma,arroba,"83,55",83.55,Algodão,8
2018-01-19,Algodão,BARREIRAS,Caroço,arroba,Sem cotação,,Algodão,8
2018-01-19,Algodão,BARREIRAS,Pluma,arroba,"83,55",83.55,Algodão,8
2018-01-22,Algodão,BARREIRAS,Caroço,arroba,Sem cotação,,Algodão,8
2018-01-22,Algodão,BARREIRAS,Pluma,arroba,"83,55",83.55,Algodão,8
2018-01-23,Algodão,BARREIRAS,Caroço,arroba,Sem cotação,,Algodão,8
2018-01-23,Algodão,BARREIRAS,Pluma,arroba,"83,55",83.55,Algodão,8
2018-01-24,Algodão,BARREIRAS,Caroço,arroba,Sem cotação,,Algodão,8
2018-01-24,Algodão,BARREIRAS,Pluma,arroba,"83,55",83.55,Algodão,8
2018-01-25,Algodão,BARREIRAS,Caroço,arroba,Sem cotação,,Algodão,8
2018-01-25,Algodão,BARREIRAS,Pluma,arroba,"83,55",83.55,Algodão,8
2018-01-26,Algodão,BARREIRAS,Caroço,arroba,Sem cotação,,Algodão,8
2018-01-26,Algodão,BARREIRAS,Pluma,arroba,"83,55",83.55,Algodão,8
2018-01-29,Algodão,BARREIRAS,Caroço,arroba,Sem cotação,,Algodão,8
2018-01-29,Algodão,BARREIRAS,Pluma,arroba,"83,55",83.55,Algodão,8
2018-01-30,Algodão,BARREIRAS,Caroço,arroba,Sem cotação,,Algodão,8
2018-01-30,Algodão,BARREIRAS,Pluma,arroba,"83,55",83.55,Algodão,8
2018-01-31,Algodão,BARREIRAS,Caroço,arroba,Sem cotação,,Algodão,8
2018-01-31,Algodão,BARREIRAS,Pluma,arroba,"83,55",83.55,Algodão,8
2018-02-01,Algodão,BARREIRAS,Caroço,arroba,Sem cotação,,Algodão,8
2018-02-01,Algodão,BARREIRAS,Pluma,arroba,"83,55",83.55,Algodão,8
2018-02-02,Algodão,BARREIRAS,Caroço,arroba,Sem cotação,,Algodão,8
2018-02-02,Algodão,BARREIRAS,Pluma,arroba,"83,55",83.55,Algodão,8
2018-02-05,Algodão,BARREIRAS,Caroço,arroba,Sem cotação,,Algodão,8
2018-02-05,Algodão,BARREIRAS,Pluma,arroba,"91,43",91.43,Algodão,8
2018-02-06,Algodão,BARREIRAS,Caroço,arroba,Sem cotação,,Algodão,8
2018-02-06,Algodão,BARREIRAS,Pluma,arroba,"91,43",91.43,Algodão,8
2018-02-07,Algodão,BARREIRAS,Caroço,arroba,Sem cotação,,Algodão,8
2018-02-07,Algodão,BARREIRAS,Pluma,arroba,"91,43",91.43,Algodão,8
2018-02-08,Algodão,BARREIRAS,Caroço,arroba,Sem cotação,,Algodão,8
2018-02-08,Algodão,BARREIRAS,Pluma,arroba,"91,43",91.43,Algodão,8
2018-02-15,Algodão,BARREIRAS,Caroço,arroba,Sem cotação,,Algodão,8
2018-02-15,Algodão,BARREIRAS,Pluma,arroba,"91,43",91.43,Algodão,8
2018-02-16,Algodão,BARREIRAS,Caroço,arroba,Sem cotação,,Algodão,8
2018-02-16,Algodão,BARREIRAS,Pluma,arroba,"91,43",91.43,Algodão,8
2018-02-19,Algodão,BARREIRAS,Caroço,arroba,Sem cotação,,Algodão,8
2018-02-19,Algodão,BARREIRAS,Pluma,arroba,"91,43",91.43,Algodão,8
2018-02-20,Algodão,BARREIRAS,Caroço,arroba,Sem cotação,,Algodão,8
2018-02-20,Algodão,BARREIRAS,Pluma,arroba,"91,43",91.43,Algodão,8
2018-02-21,Algodão,BARREIRAS,Caroço,arroba,Sem cotação,,Algodão,8
2018-02-21,Algodão,BARREIRAS,Pluma,arroba,"91,43",91.43,Algodão,8
2018-02-22,Algodão,BARREIRAS,Caroço,arroba,Sem cotação,,Algodão,8
2018-02-22,Algodão,BARREIRAS,Pluma,arroba,"91,43",91.43,Algodão,8
2018-02-23,Algodão,BARREIRAS,Caroço,arroba,Sem cotação,,Algodão,8
2018-02-23,Algodão,BARREIRAS,Pluma,arroba,"91,43",91.43,Algodão,8
2018-02-26,Algodão,BARREIRAS,Caroço,arroba,Sem cotação,,Algodão,8
2018-02-26,Algodão,BARREIRAS,Pluma,arroba,"91,43",91.43,Algodão,8
2018-02-27,Algodão,BARREIRAS,Caroço,arroba,Sem cotação,,Algodão,8
2018-02-27,Algodão,BARREIRAS,Pluma,arroba,"91,77",91.77,Algodão,8
2018-02-28,Algodão,BARREIRAS,Caroço,arroba,Sem cotação,,Algodão,8
2018-02-28,Algodão,BARREIRAS,Pluma,arroba,"91,77",91.77,Algodão,8
2018-03-01,Algodão,BARREIRAS,Caroço,arroba,Sem cotação,,Algodão,8
2018-03-01,Algodão,BARREIRAS,Pluma,arroba,"91,77",91.77,Algodão,8
2018-03-02,Algodão,BARREIRAS,Caroço,arroba,Sem cotação,,Algodão,8
2018-03-02,Algodão,BARREIRAS,Pluma,arroba,"91,77",91.77,Algodão,8
2018-03-05,Algodão,BARREIRAS,Caroço,arroba,Sem cotação,,Algodão,8
2018-03-05,Algodão,BARREIRAS,Pluma,arroba,"91,77",91.77,Algodão,8
2018-03-06,Algodão,BARREIRAS,Caroço,arroba,Sem cotação,,Algodão,8
2018-03-06,Algodão,BARREIRAS,Pluma,arroba,"91,77",91.77,Algodão,8
2018-03-07,Algodão,BARREIRAS,Caroço,arroba,Sem cotação,,Algodão,8
2018-03-07,Algodão,BARREIRAS,Pluma,arroba,"91,77",91.77,Algodão,8
2018-03-08,Algodão,BARREIRAS,Caroço,arroba,Sem cotação,,Algodão,8
2018-03-08,Algodão,BARREIRAS,Pluma,arroba,"91,77",91.77,Algodão,8
2018-03-09,Algodão,BARREIRAS,Caroço,arroba,Sem cotação,,Algodão,8
2018-03-09,Algodão,BARREIRAS,Pluma,arroba,"91,77",91.77,Algodão,8
2018-03-12,Algodão,BARREIRAS,Caroço,arroba,Sem cotação,,Algodão,8
2018-03-12,Algodão,BARREIRAS,Pluma,arroba,"91,77",91.77,Algodão,8
2018-03-13,Algodão,BARREIRAS,Caroço,arroba,Sem cotação,,Algodão,8
2018-03-13,Algodão,BARREIRAS,Pluma,arroba,"91,77",91.77,Algodão,8
2018-03-14,Algodão,BARREIRAS,Caroço,arroba,Sem cotação,,Algodão,8
2018-03-14,Algodão,BARREIRAS,Pluma,arroba,"91,77",91.77,Algodão,8
2018-03-15,Algodão,BARREIRAS,Caroço,arroba,Sem cotação,,Algodão,8
2018-03-15,Algodão,BARREIRAS,Pluma,arroba,"91,77",91.77,Algodão,8
2018-03-16,Algodão,BARREIRAS,Caroço,arroba,Sem cotação,,Algodão,8
2018-03-16,Algodão,BARREIRAS,Pluma,arroba,"91,77",91.77,Algodão,8
2018-03-19,Algodão,BARREIRAS,Caroço,arroba,Sem cotação,,Algodão,8
2018-03-19,Algodão,BARREIRAS,Pluma,arroba,"91,77",91.77,Algodão,8
2018-03-20,Algodão,BARREIRAS,Caroço,arroba,Sem cotação,,Algodão,8
2018-03-20,Algodão,BARREIRAS,Pluma,arroba,"91,77",91.77,Algodão,8
2018-03-21,Algodão,BARREIRAS,Caroço,arroba,Sem cotação,,Algodão,8
2018-03-21,Algodão,BARREIRAS,Pluma,arroba,"91,77",91.77,Algodão,8
2018-03-22,Algodão,BARREIRAS,Caroço,arroba,Sem cotação,,Algodão,8
2018-03-22,Algodão,BARREIRAS,Pluma,arroba,"91,77",91.77,Algodão,8
2018-03-23,Algodão,BARREIRAS,Caroço,arroba,Sem cotação,,Algodão,8
2018-03-23,Algodão,BARREIRAS,Pluma,arroba,"91,77",91.77,Algodão,8
2018-03-26,Algodão,BARREIRAS,Caroço,arroba,Sem cotação,,Algodão,8
2018-03-26,Algodão,BARREIRAS,Pluma,arroba,"91,77",91.77,Algodão,8
2018-03-27,Algodão,BARREIRAS,Caroço,arroba,Sem cotação,,Algodão,8
2018-03-27,Algodão,BARREIRAS,Pluma,arroba,"91,77",91.77,Algodão,8
2018-03-28,Algodão,BARREIRAS,Caroço,arroba,Sem cotação,,Algodão,8
2018-03-28,Algodão,BARREIRAS,Pluma,arroba,"91,77",91.77,Algodão,8
2018-03-29,Algodão,BARREIRAS,Caroço,arroba,Sem cotação,,Algodão,8
2018-03-29,Algodão,BARREIRAS,Pluma,arroba,"91,77",91.77,Algodão,8
2018-04-02,Algodão,BARREIRAS,Caroço,arroba,Sem cotação,,Algodão,8
2018-04-02,Algodão,BARREIRAS,Pluma,arroba,"91,77",91.77,Algodão,8
2018-04-03,Algodão,BARREIRAS,Caroço,arroba,Sem cotação,,Algodão,8
2018-04-03,Algodão,BARREIRAS,Pluma,arroba,"91,77",91.77,Algodão,8
2018-04-04,Algodão,BARREIRAS,Caroço,arroba,Sem cotação,,Algodão,8
2018-04-04,Algodão,BARREIRAS,Pluma,arroba,"91,77",91.77,Algodão,8
2018-04-05,Algodão,BARREIRAS,Caroço,arroba,Sem cotação,,Algodão,8
2018-04-05,Algodão,BARREIRAS,Pluma,arroba,"91,77",91.77,Algodão,8
2018-04-06,Algodão,BARREIRAS,Caroço,arroba,Sem cotação,,Algodão,8
2018-04-06,Algodão,BARREIRAS,Pluma,arroba,"91,77",91.77,Algodão,8
2018-04-09,Algodão,BARREIRAS,Caroço,arroba,Sem cotação,,Algodão,8
2018-04-09,Algodão,BARREIRAS,Pluma,arroba,"91,77",91.77,Algodão,8
2018-04-10,Algodão,BARREIRAS,Caroço,arroba,Sem cotação,,Algodão,8
2018-04-10,Algodão,BARREIRAS,Pluma,arroba,"91,77",91.77,Algodão,8
2018-04-11,Algodão,BARREIRAS,Caroço,arroba,Sem cotação,,Algodão,8
2018-04-11,Algodão,BARREIRAS,Pluma,arroba,"91,77",91.77,Algodão,8
2018-04-12,Algodão,BARREIRAS,Caroço,arroba,Sem cotação,,Algodão,8
2018-04-12,Algodão,BARREIRAS,Pluma,arroba,"91,77",91.77,Algodão,8
2018-04-13,Algodão,BARREIRAS,Caroço,arroba,Sem cotação,,Algodão,8
2018-04-13,Algodão,BARREIRAS,Pluma,arroba,"91,77",91.77,Algodão,8
2018-04-16,Algodão,BARREIRAS,Caroço,arroba,Sem cotação,,Algodão,8
2018-04-16,Algodão,BARREIRAS,Pluma,arroba,"91,77",91.77,Algodão,8
2018-04-17,Algodão,BARREIRAS,Caroço,arroba,Sem cotação,,Algodão,8
2018-04-17,Algodão,BARREIRAS,Pluma,arroba,"91,77",91.77,Algodão,8
2018-04-18,Algodão,BARREIRAS,Caroço,arroba,Sem cotação,,Algodão,8
2018-04-18,Algodão,BARREIRAS,Pluma,arroba,"99,93",99.93,Algodão,8
2018-04-19,Algodão,BARREIRAS,Caroço,arroba,Sem cotação,,Algodão,8
2018-04-19,Algodão,BARREIRAS,Pluma,arroba,"99,93",99.93,Algodão,8
2018-04-20,Algodão,BARREIRAS,Caroço,arroba,Sem cotação,,Algodão,8
2018-04-20,Algodão,BARREIRAS,Pluma,arroba,"99,93",99.93,Algodão,8
2018-04-23,Algodão,BARREIRAS,Caroço,arroba,Sem cotação,,Algodão,8
2018-04-23,Algodão,BARREIRAS,Pluma,arroba,"99,93",99.93,Algodão,8
2018-04-24,Algodão,BARREIRAS,Caroço,arroba,Sem cotação,,Algodão,8
2018-04-24,Algodão,BARREIRAS,Pluma,arroba,"99,93",99.93,Algodão,8
2018-04-25,Algodão,BARREIRAS,Caroço,arroba,Sem cotação,,Algodão,8
2018-04-25,Algodão,BARREIRAS,Pluma,arroba,"99,93",99.93,Algodão,8
2018-04-26,Algodão,BARREIRAS,Caroço,arroba,Sem cotação,,Algodão,8
2018-04-26,Algodão,BARREIRAS,Pluma,arroba,"99,93",99.93,Algodão,8
2018-04-27,Algodão,BARREIRAS,Caroço,arroba,Sem cotação,,Algodão,8
2018-04-27,Algodão,BARREIRAS,Pluma,arroba,"99,93",99.93,Algodão,8
2018-05-02,Algodão,BARREIRAS,Caroço,arroba,Sem cotação,,Algodão,8
2018-05-02,Algodão,BARREIRAS,Pluma,arroba,"99,93",99.93,Algodão,8
2018-05-03,Algodão,BARREIRAS,Caroço,arroba,Sem cotação,,Algodão,8
2018-05-03,Algodão,BARREIRAS,Pluma,arroba,"99,93",99.93,Algodão,8
2018-05-04,Algodão,BARREIRAS,Caroço,arroba,Sem cotação,,Algodão,8
2018-05-04,Algodão,BARREIRAS,Pluma,arroba,"99,93",99.93,Algodão,8
2018-05-07,Algodão,BARREIRAS,Caroço,arroba,Sem cotação,,Algodão,8
2018-05-07,Algodão,BARREIRAS,Pluma,arroba,"99,93",99.93,Algodão,8
2018-05-08,Algodão,BARREIRAS,Caroço,arroba,Sem cotação,,Algodão,8
2018-05-08,Algodão,BARREIRAS,Pluma,arroba,"99,93",99.93,Algodão,8
2018-05-09,Algodão,BARREIRAS,Caroço,arroba,Sem cotação,,Algodão,8
2018-05-09,Algodão,BARREIRAS,Pluma,arroba,"107,92",107.92,Algodão,8
2018-05-10,Algodão,BARREIRAS,Caroço,arroba,Sem cotação,,Algodão,8
2018-05-10,Algodão,BARREIRAS,Pluma,arroba,"107,92",107.92,Algodão,8
2018-05-11,Algodão,BARREIRAS,Caroço,arroba,Sem cotação,,Algodão,8
2018-05-11,Algodão,BARREIRAS,Pluma,arroba,"107,92",107.92,Algodão,8
2018-05-14,Algodão,BARREIRAS,Caroço,arroba,Sem cotação,,Algodão,8
2018-05-14,Algodão,BARREIRAS,Pluma,arroba,"107,92",107.92,Algodão,8
2018-05-15,Algodão,BARREIRAS,Caroço,arroba,Sem cotação,,Algodão,8
2018-05-15,Algodão,BARREIRAS,Pluma,arroba,"107,92",107.92,Algodão,8
2018-05-16,Algodão,BARREIRAS,Caroço,arroba,Sem cotação,,Algodão,8
2018-05-16,Algodão,BARREIRAS,Pluma,arroba,"110,47",110.47,Algodão,8
2018-05-17,Algodão,BARREIRAS,Caroço,arroba,Sem cotação,,Algodão,8
2018-05-17,Algodão,BARREIRAS,Pluma,arroba,"110,47",110.47,Algodão,8
2018-05-18,Algodão,BARREIRAS,Caroço,arroba,Sem cotação,,Algodão,8
2018-05-18,Algodão,BARREIRAS,Pluma,arroba,"110,47",110.47,Algodão,8
2018-05-21,Algodão,BARREIRAS,Caroço,arroba,Sem cotação,,Algodão,8
2018-05-21,Algodão,BARREIRAS,Pluma,arroba,"111,66",111.66,Algodão,8
2018-05-22,Algodão,BARREIRAS,Caroço,arroba,Sem cotação,,Algodão,8
2018-05-22,Algodão,BARREIRAS,Pluma,arroba,"111,66",111.66,Algodão,8
2018-05-23,Algodão,BARREIRAS,Caroço,arroba,Sem cotação,,Algodão,8
2018-05-23,Algodão,BARREIRAS,Pluma,arroba,"111,66",111.66,Algodão,8
2018-05-24,Algodão,BARREIRAS,Caroço,arroba,Sem cotação,,Algodão,8
2018-05-24,Algodão,BARREIRAS,Pluma,arroba,"111,66",111.66,Algodão,8
2018-05-25,Algodão,BARREIRAS,Caroço,arroba,Sem cotação,,Algodão,8
2018-05-25,Algodão,BARREIRAS,Pluma,arroba,"111,66",111.66,Algodão,8
2018-05-28,Algodão,BARREIRAS,Caroço,arroba,Sem cotação,,Algodão,8
2018-05-28,Algodão,BARREIRAS,Pluma,arroba,"111,66",111.66,Algodão,8
2018-05-29,Algodão,BARREIRAS,Caroço,arroba,Sem cotação,,Algodão,8
2018-05-29,Algodão,BARREIRAS,Pluma,arroba,"111,66",111.66,Algodão,8
2018-05-30,Algodão,BARREIRAS,Caroço,arroba,Sem cotação,,Algodão,8
2018-05-30,Algodão,BARREIRAS,Pluma,arroba,"112,17",112.17,Algodão,8
2018-06-04,Algodão,BARREIRAS,Caroço,arroba,Sem cotação,,Algodão,8
2018-06-04,Algodão,BARREIRAS,Pluma,arroba,"112,17",112.17,Algodão,8
2018-06-05,Algodão,BARREIRAS,Caroço,arroba,Sem cotação,,Algodão,8
2018-06-05,Algodão,BARREIRAS,Pluma,arroba,"112,17",112.17,Algodão,8
2018-06-06,Algodão,BARREIRAS,Caroço,arroba,Sem cotação,,Algodão,8
2018-06-06,Algodão,BARREIRAS,Pluma,arroba,"112,17",112.17,Algodão,8
2018-06-07,Algodão,BARREIRAS,Caroço,arroba,Sem cotação,,Algodão,8
2018-06-07,Algodão,BARREIRAS,Pluma,arroba,"112,17",112.17,Algodão,8
2018-06-08,Algodão,BARREIRAS,Caroço,arroba,Sem cotação,,Algodão,8
2018-06-08,Algodão,BARREIRAS,Pluma,arroba,"112,17",112.17,Algodão,8
2018-06-11,Algodão,BARREIRAS,Caroço,arroba,Sem cotação,,Algodão,8
2018-06-11,Algodão,BARREIRAS,Pluma,arroba,"112,17",112.17,Algodão,8
2018-06-12,Algodão,BARREIRAS,Caroço,arroba,Sem cotação,,Algodão,8
2018-06-12,Algodão,BARREIRAS,Pluma,arroba,"115,57",115.57,Algodão,8
2018-06-13,Algodão,BARREIRAS,Caroço,arroba,Sem cotação,,Algodão,8
2018-06-13,Algodão,BARREIRAS,Pluma,arroba,"115,57",115.57,Algodão,8
2018-06-14,Algodão,BARREIRAS,Caroço,arroba,Sem cotação,,Algodão,8
2018-06-14,Algodão,BARREIRAS,Pluma,arroba,"115,57",115.57,Algodão,8
2018-06-15,Algodão,BARREIRAS,Caroço,arroba,Sem cotação,,Algodão,8
2018-06-15,Algodão,BARREIRAS,Pluma,arroba,"115,57",115.57,Algodão,8
2018-06-18,Algodão,BARREIRAS,Caroço,arroba,Sem cotação,,Algodão,8
2018-06-18,Algodão,BARREIRAS,Pluma,arroba,"115,57",115.57,Algodão,8
2018-06-19,Algodão,BARREIRAS,Caroço,arroba,Sem cotação,,Algodão,8
2018-06-19,Algodão,BARREIRAS,Pluma,arroba,"115,57",115.57,Algodão,8
2018-06-20,Algodão,BARREIRAS,Caroço,arroba,Sem cotação,,Algodão,8
2018-06-20,Algodão,BARREIRAS,Pluma,arroba,"110,13",110.13,Algodão,8
2018-06-21,Algodão,BARREIRAS,Caroço,arroba,Sem cotação,,Algodão,8
2018-06-21,Algodão,BARREIRAS,Pluma,arroba,"110,13",110.13,Algodão,8
2018-06-25,Algodão,BARREIRAS,Caroço,arroba,Sem cotação,,Algodão,8
2018-06-25,Algodão,BARREIRAS,Pluma,arroba,"114,38",114.38,Algodão,8
2018-06-26,Algodão,BARREIRAS,Caroço,arroba,Sem cotação,,Algodão,8
2018-06-26,Algodão,BARREIRAS,Pluma,arroba,"114,38",114.38,Algodão,8
2018-06-27,Algodão,BARREIRAS,Caroço,arroba,Sem cotação,,Algodão,8
2018-06-27,Algodão,BARREIRAS,Pluma,arroba,"114,38",114.38,Algodão,8
2018-06-28,Algodão,BARREIRAS,Caroço,arroba,Sem cotação,,Algodão,8
2018-06-28,Algodão,BARREIRAS,Pluma,arroba,"114,38",114.38,Algodão,8
2018-06-29,Algodão,BARREIRAS,Caroço,arroba,Sem cotação,,Algodão,8
2018-06-29,Algodão,BARREIRAS,Pluma,arroba,"114,38",114.38,Algodão,8
2018-07-03,Algodão,BARREIRAS,Caroço,arroba,Sem cotação,,Algodão,8
2018-07-03,Algodão,BARREIRAS,Pluma,arroba,"111,32",111.32,Algodão,8
2018-07-04,Algodão,BARREIRAS,Caroço,arroba,Sem cotação,,Algodão,8
2018-07-04,Algodão,BARREIRAS,Pluma,arroba,"108,77",108.77,Algodão,8
2018-07-05,Algodão,BARREIRAS,Caroço,arroba,Sem cotação,,Algodão,8
2018-07-05,Algodão,BARREIRAS,Pluma,arroba,"108,77",108.77,Algodão,8
2018-07-06,Algodão,BARREIRAS,Caroço,arroba,Sem cotação,,Algodão,8
2018-07-06,Algodão,BARREIRAS,Pluma,arroba,"108,77",108.77,Algodão,8
2018-07-09,Algodão,BARREIRAS,Caroço,arroba,Sem cotação,,Algodão,8
2018-07-09,Algodão,BARREIRAS,Pluma,arroba,"108,77",108.77,Algodão,8
2018-07-10,Algodão,BARREIRAS,Caroço,arroba,Sem cotação,,Algodão,8
2018-07-10,Algodão,BARREIRAS,Pluma,arroba,"110,17",110.17,Algodão,8
2018-07-11,Algodão,BARREIRAS,Caroço,arroba,Sem cotação,,Algodão,8
2018-07-11,Algodão,BARREIRAS,Pluma,arroba,"110,17",110.17,Algodão,8
2018-07-12,Algodão,BARREIRAS,Caroço,arroba,Sem cotação,,Algodão,8
2018-07-12,Algodão,BARREIRAS,Pluma,arroba,"112,17",112.17,Algodão,8
2018-07-13,Algodão,BARREIRAS,Caroço,arroba,Sem cotação,,Algodão,8
2018-07-13,Algodão,BARREIRAS,Pluma,arroba,"112,17",112.17,Algodão,8
2018-07-16,Algodão,BARREIRAS,Caroço,arroba,Sem cotação,,Algodão,8
2018-07-16,Algodão,BARREIRAS,Pluma,arroba,"112,17",112.17,Algodão,8
2018-07-17,Algodão,BARREIRAS,Caroço,arroba,Sem cotação,,Algodão,8
2018-07-17,Algodão,BARREIRAS,Pluma,arroba,"107,92",107.92,Algodão,8
2018-07-18,Algodão,BARREIRAS,Caroço,arroba,Sem cotação,,Algodão,8
2018-07-18,Algodão,BARREIRAS,Pluma,arroba,"103,67",103.67,Algodão,8
2018-07-19,Algodão,BARREIRAS,Caroço,arroba,Sem cotação,,Algodão,8
2018-07-19,Algodão,BARREIRAS,Pluma,arroba,"113,87",113.87,Algodão,8
2018-07-20,Algodão,BARREIRAS,Caroço,arroba,Sem cotação,,Algodão,8
2018-07-20,Algodão,BARREIRAS,Pluma,arroba,"107,92",107.92,Algodão,8
2018-07-23,Algodão,BARREIRAS,Caroço,arroba,Sem cotação,,Algodão,8
2018-07-23,Algodão,BARREIRAS,Pluma,arroba,"107,92",107.92,Algodão,8
2018-07-24,Algodão,BARREIRAS,Caroço,arroba,Sem cotação,,Algodão,8
2018-07-24,Algodão,BARREIRAS,Pluma,arroba,"107,92",107.92,Algodão,8
2018-07-25,Algodão,BARREIRAS,Caroço,arroba,Sem cotação,,Algodão,8
2018-07-25,Algodão,BARREIRAS,Pluma,arroba,"107,92",107.92,Algodão,8
2018-07-26,Algodão,BARREIRAS,Caroço,arroba,Sem cotação,,Algodão,8
2018-07-26,Algodão,BARREIRAS,Pluma,arroba,"107,92",107.92,Algodão,8
2018-07-27,Algodão,BARREIRAS,Caroço,arroba,Sem cotação,,Algodão,8
2018-07-27,Algodão,BARREIRAS,Pluma,arroba,"107,92",107.92,Algodão,8
2018-07-30,Algodão,BARREIRAS,Caroço,arroba,Sem cotação,,Algodão,8
2018-07-30,Algodão,BARREIRAS,Pluma,arroba,"107,92",107.92,Algodão,8
2018-07-31,Algodão,BARREIRAS,Caroço,arroba,Sem cotação,,Algodão,8
2018-07-31,Algodão,BARREIRAS,Pluma,arroba,"107,92",107.92,Algodão,8
2018-08-01,Algodão,BARREIRAS,Caroço,arroba,Sem cotação,,Algodão,8
2018-08-01,Algodão,BARREIRAS,Pluma,arroba,"107,58",107.58,Algodão,8
2018-08-02,Algodão,BARREIRAS,Caroço,arroba,Sem cotação,,Algodão,8
2018-08-02,Algodão,BARREIRAS,Pluma,arroba,"101,29",101.29,Algodão,8
2018-08-03,Algodão,BARREIRAS,Caroço,arroba,Sem cotação,,Algodão,8
2018-08-03,Algodão,BARREIRAS,Pluma,arroba,"101,29",101.29,Algodão,8
2018-08-06,Algodão,BARREIRAS,Caroço,arroba,Sem cotação,,Algodão,8
2018-08-06,Algodão,BARREIRAS,Pluma,arroba,"101,29",101.29,Algodão,8
2018-08-07,Algodão,BARREIRAS,Caroço,arroba,Sem cotação,,Algodão,8
2018-08-07,Algodão,BARREIRAS,Pluma,arroba,"107,07",107.07,Algodão,8
2018-08-08,Algodão,BARREIRAS,Caroço,arroba,Sem cotação,,Algodão,8
2018-08-08,Algodão,BARREIRAS,Pluma,arroba,"107,07",107.07,Algodão,8
2018-08-09,Algodão,BARREIRAS,Caroço,arroba,Sem cotação,,Algodão,8
2018-08-09,Algodão,BARREIRAS,Pluma,arroba,"107,07",107.07,Algodão,8
2018-08-10,Algodão,BARREIRAS,Caroço,arroba,Sem cotação,,Algodão,8
2018-08-10,Algodão,BARREIRAS,Pluma,arroba,"107,07",107.07,Algodão,8
2018-08-13,Algodão,BARREIRAS,Caroço,arroba,Sem cotação,,Algodão,8
2018-08-13,Algodão,BARREIRAS,Pluma,arroba,"107,07",107.07,Algodão,8
2018-08-14,Algodão,BARREIRAS,Caroço,arroba,Sem cotação,,Algodão,8
2018-08-14,Algodão,BARREIRAS,Pluma,arroba,"107,07",107.07,Algodão,8
2018-08-15,Algodão,BARREIRAS,Caroço,arroba,Sem cotação,,Algodão,8
2018-08-15,Algodão,BARREIRAS,Pluma,arroba,"103,67",103.67,Algodão,8
2018-08-16,Algodão,BARREIRAS,Caroço,arroba,Sem cotação,,Algodão,8
2018-08-16,Algodão,BARREIRAS,Pluma,arroba,"103,67",103.67,Algodão,8
2018-08-17,Algodão,BARREIRAS,Caroço,arroba,Sem cotação,,Algodão,8
2018-08-17,Algodão,BARREIRAS,Pluma,arroba,"103,67",103.67,Algodão,8
2018-08-20,Algodão,BARREIRAS,Caroço,arroba,Sem cotação,,Algodão,8
2018-08-20,Algodão,BARREIRAS,Pluma,arroba,"107,07",107.07,Algodão,8
2018-08-21,Algodão,BARREIRAS,Caroço,arroba,Sem cotação,,Algodão,8
2018-08-21,Algodão,BARREIRAS,Pluma,arroba,"107,07",107.07,Algodão,8
2018-08-22,Algodão,BARREIRAS,Caroço,arroba,Sem cotação,,Algodão,8
2018-08-22,Algodão,BARREIRAS,Pluma,arroba,"107,07",107.07,Algodão,8
2018-08-23,Algodão,BARREIRAS,Caroço,arroba,Sem cotação,,Algodão,8
2018-08-23,Algodão,BARREIRAS,Pluma,arroba,"107,07",107.07,Algodão,8
2018-08-24,Algodão,BARREIRAS,Caroço,arroba,Sem cotação,,Algodão,8
2018-08-24,Algodão,BARREIRAS,Pluma,arroba,"107,07",107.07,Algodão,8
2018-08-27,Algodão,BARREIRAS,Caroço,arroba,Sem cotação,,Algodão,8
2018-08-27,Algodão,BARREIRAS,Pluma,arroba,"107,07",107.07,Algodão,8
2018-08-28,Algodão,BARREIRAS,Caroço,arroba,Sem cotação,,Algodão,8
2018-08-28,Algodão,BARREIRAS,Pluma,arroba,"107,07",107.07,Algodão,8
2018-08-29,Algodão,BARREIRAS,Caroço,arroba,Sem cotação,,Algodão,8
2018-08-29,Algodão,BARREIRAS,Pluma,arroba,"107,07",107.07,Algodão,8
2018-08-30,Algodão,BARREIRAS,Caroço,arroba,Sem cotação,,Algodão,8
2018-08-30,Algodão,BARREIRAS,Pluma,arroba,"107,07",107.07,Algodão,8
2018-08-31,Algodão,BARREIRAS,Caroço,arroba,Sem cotação,,Algodão,8
2018-08-31,Algodão,BARREIRAS,Pluma,arroba,"107,07",107.07,Algodão,8
2018-09-03,Algodão,BARREIRAS,Caroço,arroba,Sem cotação,,Algodão,8
2018-09-03,Algodão,BARREIRAS,Pluma,arroba,"107,07",107.07,Algodão,8
2018-09-04,Algodão,BARREIRAS,Caroço,arroba,Sem cotação,,Algodão,8
2018-09-04,Algodão,BARREIRAS,Pluma,arroba,"107,07",107.07,Algodão,8
2018-09-05,Algodão,BARREIRAS,Caroço,arroba,Sem cotação,,Algodão,8
2018-09-05,Algodão,BARREIRAS,Pluma,arroba,"107,07",107.07,Algodão,8
2018-09-06,Algodão,BARREIRAS,Caroço,arroba,Sem cotação,,Algodão,8
2018-09-06,Algodão,BARREIRAS,Pluma,arroba,"107,07",107.07,Algodão,8
2018-09-10,Algodão,BARREIRAS,Caroço,arroba,Sem cotação,,Algodão,8
2018-09-10,Algodão,BARREIRAS,Pluma,arroba,"105,37",105.37,Algodão,8
2018-09-11,Algodão,BARREIRAS,Caroço,arroba,Sem cotação,,Algodão,8
2018-09-11,Algodão,BARREIRAS,Pluma,arroba,"105,37",105.37,Algodão,8
2018-09-12,Algodão,BARREIRAS,Caroço,arroba,Sem cotação,,Algodão,8
2018-09-12,Algodão,BARREIRAS,Pluma,arroba,"105,37",105.37,Algodão,8
2018-09-13,Algodão,BARREIRAS,Caroço,arroba,Sem cotação,,Algodão,8
2018-09-13,Algodão,BARREIRAS,Pluma,arroba,"101,97",101.97,Algodão,8
2018-09-14,Algodão,BARREIRAS,Caroço,arroba,Sem cotação,,Algodão,8
2018-09-14,Algodão,BARREIRAS,Pluma,arroba,"101,97",101.97,Algodão,8
2018-09-17,Algodão,BARREIRAS,Caroço,arroba,Sem cotação,,Algodão,8
2018-09-17,Algodão,BARREIRAS,Pluma,arroba,"101,97",101.97,Algodão,8
2018-09-18,Algodão,BARREIRAS,Caroço,arroba,Sem cotação,,Algodão,8
2018-09-18,Algodão,BARREIRAS,Pluma,arroba,"103,67",103.67,Algodão,8
2018-09-19,Algodão,BARREIRAS,Caroço,arroba,Sem cotação,,Algodão,8
2018-09-19,Algodão,BARREIRAS,Pluma,arroba,"103,67",103.67,Algodão,8
2018-09-20,Algodão,BARREIRAS,Caroço,arroba,Sem cotação,,Algodão,8
2018-09-20,Algodão,BARREIRAS,Pluma,arroba,"103,67",103.67,Algodão,8
2018-09-21,Algodão,BARREIRAS,Caroço,arroba,Sem cotação,,Algodão,8
2018-09-21,Algodão,BARREIRAS,Pluma,arroba,"89,28",89.28,Algodão,8
2018-09-24,Algodão,BARREIRAS,Caroço,arroba,Sem cotação,,Algodão,8
2018-09-24,Algodão,BARREIRAS,Pluma,arroba,"89,28",89.28,Algodão,8
2018-09-25,Algodão,BARREIRAS,Caroço,arroba,Sem cotação,,Algodão,8
2018-09-25,Algodão,BARREIRAS,Pluma,arroba,"89,28",89.28,Algodão,8
2018-09-26,Algodão,BARREIRAS,Caroço,arroba,Sem cotação,,Algodão,8
2018-09-26,Algodão,BARREIRAS,Pluma,arroba,"89,28",89.28,Algodão,8
2018-09-27,Algodão,BARREIRAS,Caroço,arroba,Sem cotação,,Algodão,8
2018-09-27,Algodão,BARREIRAS,Pluma,arroba,"89,28",89.28,Algodão,8
2018-09-28,Algodão,BARREIRAS,Caroço,arroba,Sem cotação,,Algodão,8
2018-09-28,Algodão,BARREIRAS,Pluma,arroba,"89,28",89.28,Algodão,8
2018-10-01,Algodão,BARREIRAS,Caroço,arroba,Sem cotação,,Algodão,8
2018-10-01,Algodão,BARREIRAS,Pluma,arroba,"89,28",89.28,Algodão,8
2018-10-02,Algodão,BARREIRAS,Caroço,arroba,Sem cotação,,Algodão,8
2018-10-02,Algodão,BARREIRAS,Pluma,arroba,"89,28",89.28,Algodão,8
2018-10-03,Algodão,BARREIRAS,Caroço,arroba,Sem cotação,,Algodão,8
2018-10-03,Algodão,BARREIRAS,Pluma,arroba,"89,28",89.28,Algodão,8
2018-10-04,Algodão,BARREIRAS,Caroço,arroba,Sem cotação,,Algodão,8
2018-10-04,Algodão,BARREIRAS,Pluma,arroba,"89,28",89.28,Algodão,8
2018-10-05,Algodão,BARREIRAS,Caroço,arroba,Sem cotação,,Algodão,8
2018-10-05,Algodão,BARREIRAS,Pluma,arroba,"89,28",89.28,Algodão,8
2018-10-08,Algodão,BARREIRAS,Caroço,arroba,Sem cotação,,Algodão,8
2018-10-08,Algodão,BARREIRAS,Pluma,arroba,"89,28",89.28,Algodão,8
2018-10-09,Algodão,BARREIRAS,Caroço,arroba,Sem cotação,,Algodão,8
2018-10-09,Algodão,BARREIRAS,Pluma,arroba,"89,28",89.28,Algodão,8
2018-10-10,Algodão,BARREIRAS,Caroço,arroba,Sem cotação,,Algodão,8
2018-10-10,Algodão,BARREIRAS,Pluma,arroba,"89,28",89.28,Algodão,8
2018-10-11,Algodão,BARREIRAS,Caroço,arroba,Sem cotação,,Algodão,8
2018-10-11,Algodão,BARREIRAS,Pluma,arroba,"89,28",89.28,Algodão,8
2018-10-15,Algodão,BARREIRAS,Caroço,arroba,Sem cotação,,Algodão,8
2018-10-15,Algodão,BARREIRAS,Pluma,arroba,"89,28",89.28,Algodão,8
2018-10-16,Algodão,BARREIRAS,Caroço,arroba,Sem cotação,,Algodão,8
2018-10-16,Algodão,BARREIRAS,Pluma,arroba,"89,28",89.28,Algodão,8
2018-10-17,Algodão,BARREIRAS,Caroço,arroba,Sem cotação,,Algodão,8
2018-10-17,Algodão,BARREIRAS,Pluma,arroba,"89,28",89.28,Algodão,8
2018-10-18,Algodão,BARREIRAS,Caroço,arroba,Sem cotação,,Algodão,8
2018-10-18,Algodão,BARREIRAS,Pluma,arroba,"89,28",89.28,Algodão,8
2018-10-19,Algodão,BARREIRAS,Caroço,arroba,Sem cotação,,Algodão,8
2018-10-19,Algodão,BARREIRAS,Pluma,arroba,"89,28",89.28,Algodão,8
2018-10-22,Algodão,BARREIRAS,Caroço,arroba,Sem cotação,,Algodão,8
2018-10-22,Algodão,BARREIRAS,Pluma,arroba,"89,28",89.28,Algodão,8
2018-10-23,Algodão,BARREIRAS,Caroço,arroba,Sem cotação,,Algodão,8
2018-10-23,Algodão,BARREIRAS,Pluma,arroba,"89,28",89.28,Algodão,8
2018-10-24,Algodão,BARREIRAS,Caroço,arroba,Sem cotação,,Algodão,8
2018-10-24,Algodão,BARREIRAS,Pluma,arroba,"89,28",89.28,Algodão,8
2018-10-25,Algodão,BARREIRAS,Caroço,arroba,Sem cotação,,Algodão,8
2018-10-25,Algodão,BARREIRAS,Pluma,arroba,"89,28",89.28,Algodão,8
2018-10-26,Algodão,BARREIRAS,Caroço,arroba,Sem cotação,,Algodão,8
2018-10-26,Algodão,BARREIRAS,Pluma,arroba,"89,28",89.28,Algodão,8
2018-10-29,Algodão,BARREIRAS,Caroço,arroba,Sem cotação,,Algodão,8
2018-10-29,Algodão,BARREIRAS,Pluma,arroba,"89,28",89.28,Algodão,8
2018-10-30,Algodão,BARREIRAS,Caroço,arroba,Sem cotação,,Algodão,8
2018-10-30,Algodão,BARREIRAS,Pluma,arroba,"89,28",89.28,Algodão,8
2018-10-31,Algodão,BARREIRAS,Caroço,arroba,Sem cotação,,Algodão,8
2018-10-31,Algodão,BARREIRAS,Pluma,arroba,"89,28",89.28,Algodão,8
2018-11-01,Algodão,BARREIRAS,Caroço,arroba,Sem cotação,,Algodão,8
2018-11-01,Algodão,BARREIRAS,Pluma,arroba,"89,28",89.28,Algodão,8
2018-11-05,Algodão,BARREIRAS,Caroço,arroba,Sem cotação,,Algodão,8
2018-11-05,Algodão,BARREIRAS,Pluma,arroba,"89,28",89.28,Algodão,8
2018-11-06,Algodão,BARREIRAS,Caroço,arroba,Sem cotação,,Algodão,8
2018-11-06,Algodão,BARREIRAS,Pluma,arroba,"89,28",89.28,Algodão,8
2018-11-07,Algodão,BARREIRAS,Caroço,arroba,Sem cotação,,Algodão,8
2018-11-07,Algodão,BARREIRAS,Pluma,arroba,"89,28",89.28,Algodão,8
2018-11-08,Algodão,BARREIRAS,Caroço,arroba,Sem cotação,,Algodão,8
2018-11-08,Algodão,BARREIRAS,Pluma,arroba,"89,28",89.28,Algodão,8
2018-11-09,Algodão,BARREIRAS,Caroço,arroba,Sem cotação,,Algodão,8
2018-11-09,Algodão,BARREIRAS,Pluma,arroba,"89,28",89.28,Algodão,8
2018-11-12,Algodão,BARREIRAS,Caroço,arroba,Sem cotação,,Algodão,8
2018-11-12,Algodão,BARREIRAS,Pluma,arroba,"89,28",89.28,Algodão,8
2018-11-13,Algodão,BARREIRAS,Caroço,arroba,Sem cotação,,Algodão,8
2018-11-13,Algodão,BARREIRAS,Pluma,arroba,"89,28",89.28,Algodão,8
2018-11-14,Algodão,BARREIRAS,Caroço,arroba,Sem cotação,,Algodão,8
2018-11-14,Algodão,BARREIRAS,Pluma,arroba,"89,28",89.28,Algodão,8
2018-11-19,Algodão,BARREIRAS,Caroço,arroba,Sem cotação,,Algodão,8
2018-11-19,Algodão,BARREIRAS,Pluma,arroba,"89,28",89.28,Algodão,8
2018-11-20,Algodão,BARREIRAS,Caroço,arroba,Sem cotação,,Algodão,8
2018-11-20,Algodão,BARREIRAS,Pluma,arroba,"89,28",89.28,Algodão,8
2018-11-21,Algodão,BARREIRAS,Caroço,arroba,Sem cotação,,Algodão,8
2018-11-21,Algodão,BARREIRAS,Pluma,arroba,"89,28",89.28,Algodão,8
2018-11-22,Algodão,BARREIRAS,Caroço,arroba,Sem cotação,,Algodão,8
2018-11-22,Algodão,BARREIRAS,Pluma,arroba,"89,28",89.28,Algodão,8
2018-11-23,Algodão,BARREIRAS,Caroço,arroba,Sem cotação,,Algodão,8
2018-11-23,Algodão,BARREIRAS,Pluma,arroba,"89,28",89.28,Algodão,8
2018-11-26,Algodão,BARREIRAS,Caroço,arroba,Sem cotação,,Algodão,8
2018-11-26,Algodão,BARREIRAS,Pluma,arroba,"89,28",89.28,Algodão,8
2018-11-27,Algodão,BARREIRAS,Caroço,arroba,Sem cotação,,Algodão,8
2018-11-27,Algodão,BARREIRAS,Pluma,arroba,"89,28",89.28,Algodão,8
2018-11-28,Algodão,BARREIRAS,Caroço,arroba,Sem cotação,,Algodão,8
2018-11-28,Algodão,BARREIRAS,Pluma,arroba,"89,28",89.28,Algodão,8
2018-11-29,Algodão,BARREIRAS,Caroço,arroba,Sem cotação,,Algodão,8
2018-11-29,Algodão,BARREIRAS,Pluma,arroba,"89,28",89.28,Algodão,8
2018-11-30,Algodão,BARREIRAS,Caroço,arroba,Sem cotação,,Algodão,8
2018-11-30,Algodão,BARREIRAS,Pluma,arroba,"89,28",89.28,Algodão,8
2018-12-03,Algodão,BARREIRAS,Caroço,arroba,Sem cotação,,Algodão,8
2018-12-03,Algodão,BARREIRAS,Pluma,arroba,"89,28",89.28,Algodão,8
2018-12-04,Algodão,BARREIRAS,Caroço,arroba,Sem cotação,,Algodão,8
2018-12-04,Algodão,BARREIRAS,Pluma,arroba,"89,28",89.28,Algodão,8
2018-12-05,Algodão,BARREIRAS,Caroço,arroba,Sem cotação,,Algodão,8
2018-12-05,Algodão,BARREIRAS,Pluma,arroba,"89,28",89.28,Algodão,8
2018-12-06,Algodão,BARREIRAS,Caroço,arroba,Sem cotação,,Algodão,8
2018-12-06,Algodão,BARREIRAS,Pluma,arroba,"89,28",89.28,Algodão,8
2018-12-07,Algodão,BARREIRAS,Caroço,arroba,Sem cotação,,Algodão,8
2018-12-07,Algodão,BARREIRAS,Pluma,arroba,"89,28",89.28,Algodão,8
2018-12-10,Algodão,BARREIRAS,Caroço,arroba,Sem cotação,,Algodão,8
2018-12-10,Algodão,BARREIRAS,Pluma,arroba,"89,28",89.28,Algodão,8
2018-12-11,Algodão,BARREIRAS,Caroço,arroba,Sem cotação,,Algodão,8
2018-12-11,Algodão,BARREIRAS,Pluma,arroba,"89,28",89.28,Algodão,8
2018-12-12,Algodão,BARREIRAS,Caroço,arroba,Sem cotação,,Algodão,8
2018-12-12,Algodão,BARREIRAS,Pluma,arroba,"89,28",89.28,Algodão,8
2018-12-13,Algodão,BARREIRAS,Caroço,arroba,Sem cotação,,Algodão,8
2018-12-13,Algodão,BARREIRAS,Pluma,arroba,"89,28",89.28,Algodão,8
2018-12-14,Algodão,BARREIRAS,Caroço,arroba,Sem cotação,,Algodão,8
2018-12-14,Algodão,BARREIRAS,Pluma,arroba,"89,28",89.28,Algodão,8
2018-12-17,Algodão,BARREIRAS,Caroço,arroba,Sem cotação,,Algodão,8
2018-12-17,Algodão,BARREIRAS,Pluma,arroba,"89,28",89.28,Algodão,8
2018-12-18,Algodão,BARREIRAS,Caroço,arroba,Sem cotação,,Algodão,8
2018-12-18,Algodão,BARREIRAS,Pluma,arroba,"89,28",89.28,Algodão,8
2018-12-19,Algodão,BARREIRAS,Caroço,arroba,Sem cotação,,Algodão,8
2018-12-19,Algodão,BARREIRAS,Pluma,arroba,"89,28",89.28,Algodão,8
2018-12-20,Algodão,BARREIRAS,Caroço,arroba,Sem cotação,,Algodão,8
2018-12-20,Algodão,BARREIRAS,Pluma,arroba,"89,28",89.28,Algodão,8
2018-12-21,Algodão,BARREIRAS,Caroço,arroba,Sem cotação,,Algodão,8
2018-12-21,Algodão,BARREIRAS,Pluma,arroba,"89,28",89.28,Algodão,8
2018-12-26,Algodão,BARREIRAS,Caroço,arroba,Sem cotação,,Algodão,8
2018-12-26,Algodão,BARREIRAS,Pluma,arroba,"89,28",89.28,Algodão,8
2018-12-27,Algodão,BARREIRAS,Caroço,arroba,Sem cotação,,Algodão,8
2018-12-27,Algodão,BARREIRAS,Pluma,arroba,"89,28",89.28,Algodão,8
2018-12-28,Algodão,BARREIRAS,Caroço,arroba,Sem cotação,,Algodão,8
2018-12-28,Algodão,BARREIRAS,Pluma,arroba,"89,28",89.28,Algodão,8
2019-01-02,Algodão,BARREIRAS,Caroço,arroba,Sem cotação,,Algodão,8
2019-01-02,Algodão,BARREIRAS,Pluma,arroba,"89,28",89.28,Algodão,8
2019-01-03,Algodão,BARREIRAS,Caroço,arroba,Sem cotação,,Algodão,8
2019-01-03,Algodão,BARREIRAS,Pluma,arroba,"89,28",89.28,Algodão,8
2019-01-04,Algodão,BARREIRAS,Caroço,arroba,Sem cotação,,Algodão,8
2019-01-04,Algodão,BARREIRAS,Pluma,arroba,"89,28",89.28,Algodão,8
2019-01-07,Algodão,BARREIRAS,Caroço,arroba,Sem cotação,,Algodão,8
2019-01-07,Algodão,BARREIRAS,Pluma,arroba,"89,28",89.28,Algodão,8
2019-01-08,Algodão,BARREIRAS,Caroço,arroba,Sem cotação,,Algodão,8
2019-01-08,Algodão,BARREIRAS,Pluma,arroba,"89,28",89.28,Algodão,8
2019-01-09,Algodão,BARREIRAS,Caroço,arroba,Sem cotação,,Algodão,8
2019-01-09,Algodão,BARREIRAS,Pluma,arroba,"89,28",89.28,Algodão,8
2019-01-10,Algodão,BARREIRAS,Caroço,arroba,Sem cotação,,Algodão,8
2019-01-10,Algodão,BARREIRAS,Pluma,arroba,"89,28",89.28,Algodão,8
2019-01-11,Algodão,BARREIRAS,Caroço,arroba,Sem cotação,,Algodão,8
2019-01-11,Algodão,BARREIRAS,Pluma,arroba,"89,28",89.28,Algodão,8
2019-01-14,Algodão,BARREIRAS,Caroço,arroba,Sem cotação,,Algodão,8
2019-01-14,Algodão,BARREIRAS,Pluma,arroba,"89,28",89.28,Algodão,8
2019-01-15,Algodão,BARREIRAS,Caroço,arroba,Sem cotação,,Algodão,8
2019-01-15,Algodão,BARREIRAS,Pluma,arroba,"89,28",89.28,Algodão,8
2019-01-16,Algodão,BARREIRAS,Caroço,arroba,Sem cotação,,Algodão,8
2019-01-16,Algodão,BARREIRAS,Pluma,arroba,"89,28",89.28,Algodão,8
2019-01-18,Algodão,BARREIRAS,Caroço,arroba,Sem cotação,,Algodão,8
2019-01-18,Algodão,BARREIRAS,Pluma,arroba,"89,28",89.28,Algodão,8
2019-01-21,Algodão,BARREIRAS,Caroço,arroba,Sem cotação,,Algodão,8
2019-01-21,Algodão,BARREIRAS,Pluma,arroba,"89,28",89.28,Algodão,8
2019-01-22,Algodão,BARREIRAS,Caroço,arroba,Sem cotação,,Algodão,8
2019-01-22,Algodão,BARREIRAS,Pluma,arroba,"89,28",89.28,Algodão,8
2019-01-23,Algodão,BARREIRAS,Caroço,arroba,Sem cotação,,Algodão,8
2019-01-23,Algodão,BARREIRAS,Pluma,arroba,"89,28",89.28,Algodão,8
2019-01-24,Algodão,BARREIRAS,Caroço,arroba,Sem cotação,,Algodão,8
2019-01-24,Algodão,BARREIRAS,Pluma,arroba,"89,28",89.28,Algodão,8
2019-01-25,Algodão,BARREIRAS,Caroço,arroba,Sem cotação,,Algodão,8
2019-01-25,Algodão,BARREIRAS,Pluma,arroba,"89,28",89.28,Algodão,8
2019-01-28,Algodão,BARREIRAS,Caroço,arroba,Sem cotação,,Algodão,8
2019-01-28,Algodão,BARREIRAS,Pluma,arroba,"89,28",89.28,Algodão,8
2019-01-29,Algodão,BARREIRAS,Caroço,arroba,Sem cotação,,Algodão,8
2019-01-29,Algodão,BARREIRAS,Pluma,arroba,"89,28",89.28,Algodão,8
2019-01-30,Algodão,BARREIRAS,Caroço,arroba,Sem cotação,,Algodão,8
2019-01-30,Algodão,BARREIRAS,Pluma,arroba,"89,28",89.28,Algodão,8
2019-01-31,Algodão,BARREIRAS,Caroço,arroba,Sem cotação,,Algodão,8
2019-01-31,Algodão,BARREIRAS,Pluma,arroba,"89,28",89.28,Algodão,8
2019-02-01,Algodão,BARREIRAS,Caroço,arroba,Sem cotação,,Algodão,8
2019-02-01,Algodão,BARREIRAS,Pluma,arroba,"89,28",89.28,Algodão,8
2019-02-04,Algodão,BARREIRAS,Caroço,arroba,Sem cotação,,Algodão,8
2019-02-04,Algodão,BARREIRAS,Pluma,arroba,"89,28",89.28,Algodão,8
2019-02-05,Algodão,BARREIRAS,Caroço,arroba,Sem cotação,,Algodão,8
2019-02-05,Algodão,BARREIRAS,Pluma,arroba,"89,28",89.28,Algodão,8
2019-02-06,Algodão,BARREIRAS,Caroço,arroba,Sem cotação,,Algodão,8
2019-02-06,Algodão,BARREIRAS,Pluma,arroba,"89,28",89.28,Algodão,8
2019-02-07,Algodão,BARREIRAS,Caroço,arroba,Sem cotação,,Algodão,8
2019-02-07,Algodão,BARREIRAS,Pluma,arroba,"89,28",89.28,Algodão,8
2019-02-08,Algodão,BARREIRAS,Caroço,arroba,Sem cotação,,Algodão,8
2019-02-08,Algodão,BARREIRAS,Pluma,arroba,"89,28",89.28,Algodão,8
2019-02-11,Algodão,BARREIRAS,Caroço,arroba,Sem cotação,,Algodão,8
2019-02-11,Algodão,BARREIRAS,Pluma,arroba,"89,28",89.28,Algodão,8
2019-02-12,Algodão,BARREIRAS,Caroço,arroba,Sem cotação,,Algodão,8
2019-02-12,Algodão,BARREIRAS,Pluma,arroba,"89,28",89.28,Algodão,8
2019-02-13,Algodão,BARREIRAS,Caroço,arroba,Sem cotação,,Algodão,8
2019-02-13,Algodão,BARREIRAS,Pluma,arroba,"89,28",89.28,Algodão,8
2019-02-14,Algodão,BARREIRAS,Caroço,arroba,Sem cotação,,Algodão,8
2019-02-14,Algodão,BARREIRAS,Pluma,arroba,"89,28",89.28,Algodão,8
2019-02-15,Algodão,BARREIRAS,Caroço,arroba,Sem cotação,,Algodão,8
2019-02-15,Algodão,BARREIRAS,Pluma,arroba,"89,28",89.28,Algodão,8
2019-02-18,Algodão,BARREIRAS,Caroço,arroba,Sem cotação,,Algodão,8
2019-02-18,Algodão,BARREIRAS,Pluma,arroba,"89,28",89.28,Algodão,8
2019-02-19,Algodão,BARREIRAS,Caroço,arroba,Sem cotação,,Algodão,8
2019-02-19,Algodão,BARREIRAS,Pluma,arroba,"89,28",89.28,Algodão,8
2019-02-20,Algodão,BARREIRAS,Caroço,arroba,Sem cotação,,Algodão,8
2019-02-20,Algodão,BARREIRAS,Pluma,arroba,"89,28",89.28,Algodão,8
2019-02-21,Algodão,BARREIRAS,Caroço,arroba,Sem cotação,,Algodão,8
2019-02-21,Algodão,BARREIRAS,Pluma,arroba,"89,28",89.28,Algodão,8
2019-02-22,Algodão,BARREIRAS,Caroço,arroba,Sem cotação,,Algodão,8
2019-02-22,Algodão,BARREIRAS,Pluma,arroba,"89,28",89.28,Algodão,8
2019-02-25,Algodão,BARREIRAS,Caroço,arroba,Sem cotação,,Algodão,8
2019-02-25,Algodão,BARREIRAS,Pluma,arroba,"89,28",89.28,Algodão,8
2019-02-26,Algodão,BARREIRAS,Caroço,arroba,Sem cotação,,Algodão,8
2019-02-26,Algodão,BARREIRAS,Pluma,arroba,"89,28",89.28,Algodão,8
2019-02-27,Algodão,BARREIRAS,Caroço,arroba,Sem cotação,,Algodão,8
2019-02-27,Algodão,BARREIRAS,Pluma,arroba,"89,28",89.28,Algodão,8
2019-02-28,Algodão,BARREIRAS,Caroço,arroba,Sem cotação,,Algodão,8
2019-02-28,Algodão,BARREIRAS,Pluma,arroba,"89,28",89.28,Algodão,8
2019-03-07,Algodão,BARREIRAS,Caroço,arroba,Sem cotação,,Algodão,8
2019-03-07,Algodão,BARREIRAS,Pluma,arroba,"89,28",89.28,Algodão,8
2019-03-08,Algodão,BARREIRAS,Caroço,arroba,Sem cotação,,Algodão,8
2019-03-08,Algodão,BARREIRAS,Pluma,arroba,"89,28",89.28,Algodão,8
2019-03-11,Algodão,BARREIRAS,Caroço,arroba,Sem cotação,,Algodão,8
2019-03-11,Algodão,BARREIRAS,Pluma,arroba,"89,28",89.28,Algodão,8
2019-03-12,Algodão,BARREIRAS,Caroço,arroba,Sem cotação,,Algodão,8
2019-03-12,Algodão,BARREIRAS,Pluma,arroba,"89,28",89.28,Algodão,8
2019-03-13,Algodão,BARREIRAS,Caroço,arroba,Sem cotação,,Algodão,8
2019-03-13,Algodão,BARREIRAS,Pluma,arroba,"89,28",89.28,Algodão,8
2019-03-14,Algodão,BARREIRAS,Caroço,arroba,Sem cotação,,Algodão,8
2019-03-14,Algodão,BARREIRAS,Pluma,arroba,"89,28",89.28,Algodão,8
2019-03-15,Algodão,BARREIRAS,Caroço,arroba,Sem cotação,,Algodão,8
2019-03-15,Algodão,BARREIRAS,Pluma,arroba,"95,15",95.15,Algodão,8
2019-03-18,Algodão,BARREIRAS,Caroço,arroba,Sem cotação,,Algodão,8
2019-03-18,Algodão,BARREIRAS,Pluma,arroba,"95,17",95.17,Algodão,8
2019-03-19,Algodão,BARREIRAS,Caroço,arroba,Sem cotação,,Algodão,8
2019-03-19,Algodão,BARREIRAS,Pluma,arroba,"95,17",95.17,Algodão,8
2019-03-20,Algodão,BARREIRAS,Caroço,arroba,Sem cotação,,Algodão,8
2019-03-20,Algodão,BARREIRAS,Pluma,arroba,"95,17",95.17,Algodão,8
2019-03-21,Algodão,BARREIRAS,Caroço,arroba,Sem cotação,,Algodão,8
2019-03-21,Algodão,BARREIRAS,Pluma,arroba,"95,17",95.17,Algodão,8
2019-03-22,Algodão,BARREIRAS,Caroço,arroba,Sem cotação,,Algodão,8
2019-03-22,Algodão,BARREIRAS,Pluma,arroba,"91,17",91.17,Algodão,8
2019-03-25,Algodão,BARREIRAS,Caroço,arroba,Sem cotação,,Algodão,8
2019-03-25,Algodão,BARREIRAS,Pluma,arroba,"92,45",92.45,Algodão,8
2019-03-26,Algodão,BARREIRAS,Caroço,arroba,Sem cotação,,Algodão,8
2019-03-26,Algodão,BARREIRAS,Pluma,arroba,"92,45",92.45,Algodão,8
2019-03-27,Algodão,BARREIRAS,Caroço,arroba,Sem cotação,,Algodão,8
2019-03-27,Algodão,BARREIRAS,Pluma,arroba,"92,45",92.45,Algodão,8
2019-03-28,Algodão,BARREIRAS,Caroço,arroba,Sem cotação,,Algodão,8
2019-03-28,Algodão,BARREIRAS,Pluma,arroba,"92,45",92.45,Algodão,8
2019-03-29,Algodão,BARREIRAS,Caroço,arroba,Sem cotação,,Algodão,8
2019-03-29,Algodão,BARREIRAS,Pluma,arroba,"92,45",92.45,Algodão,8
2019-04-01,Algodão,BARREIRAS,Caroço,arroba,Sem cotação,,Algodão,8
2019-04-01,Algodão,BARREIRAS,Pluma,arroba,"92,45",92.45,Algodão,8
2019-04-02,Algodão,BARREIRAS,Caroço,arroba,Sem cotação,,Algodão,8
2019-04-02,Algodão,BARREIRAS,Pluma,arroba,"92,45",92.45,Algodão,8
2019-04-03,Algodão,BARREIRAS,Caroço,arroba,Sem cotação,,Algodão,8
2019-04-03,Algodão,BARREIRAS,Pluma,arroba,"95,17",95.17,Algodão,8
2019-04-04,Algodão,BARREIRAS,Caroço,arroba,Sem cotação,,Algodão,8
2019-04-04,Algodão,BARREIRAS,Pluma,arroba,"95,17",95.17,Algodão,8
2019-04-05,Algodão,BARREIRAS,Caroço,arroba,Sem cotação,,Algodão,8
2019-04-05,Algodão,BARREIRAS,Pluma,arroba,"95,17",95.17,Algodão,8
2019-04-08,Algodão,BARREIRAS,Caroço,arroba,Sem cotação,,Algodão,8
2019-04-08,Algodão,BARREIRAS,Pluma,arroba,"95,17",95.17,Algodão,8
2019-04-09,Algodão,BARREIRAS,Caroço,arroba,Sem cotação,,Algodão,8
2019-04-09,Algodão,BARREIRAS,Pluma,arroba,"100,27",100.27,Algodão,8
2019-04-10,Algodão,BARREIRAS,Caroço,arroba,Sem cotação,,Algodão,8
2019-04-10,Algodão,BARREIRAS,Pluma,arroba,"100,27",100.27,Algodão,8
2019-04-11,Algodão,BARREIRAS,Caroço,arroba,Sem cotação,,Algodão,8
2019-04-11,Algodão,BARREIRAS,Pluma,arroba,"100,27",100.27,Algodão,8
2019-04-12,Algodão,BARREIRAS,Caroço,arroba,Sem cotação,,Algodão,8
2019-04-12,Algodão,BARREIRAS,Pluma,arroba,"94,49",94.49,Algodão,8
2019-04-15,Algodão,BARREIRAS,Caroço,arroba,Sem cotação,,Algodão,8
2019-04-15,Algodão,BARREIRAS,Pluma,arroba,"94,49",94.49,Algodão,8
2019-04-16,Algodão,BARREIRAS,Caroço,arroba,Sem cotação,,Algodão,8
2019-04-16,Algodão,BARREIRAS,Pluma,arroba,"94,49",94.49,Algodão,8
2019-04-17,Algodão,BARREIRAS,Caroço,arroba,Sem cotação,,Algodão,8
2019-04-17,Algodão,BARREIRAS,Pluma,arroba,"99,25",99.25,Algodão,8
2019-04-18,Algodão,BARREIRAS,Caroço,arroba,Sem cotação,,Algodão,8
2019-04-18,Algodão,BARREIRAS,Pluma,arroba,"99,25",99.25,Algodão,8
2019-04-22,Algodão,BARREIRAS,Caroço,arroba,Sem cotação,,Algodão,8
2019-04-22,Algodão,BARREIRAS,Pluma,arroba,"99,25",99.25,Algodão,8
2019-04-23,Algodão,BARREIRAS,Caroço,arroba,Sem cotação,,Algodão,8
2019-04-23,Algodão,BARREIRAS,Pluma,arroba,"99,25",99.25,Algodão,8
2019-04-24,Algodão,BARREIRAS,Caroço,arroba,Sem cotação,,Algodão,8
2019-04-24,Algodão,BARREIRAS,Pluma,arroba,"99,25",99.25,Algodão,8
2019-04-25,Algodão,BARREIRAS,Caroço,arroba,Sem cotação,,Algodão,8
2019-04-25,Algodão,BARREIRAS,Pluma,arroba,"99,25",99.25,Algodão,8
2019-04-26,Algodão,BARREIRAS,Caroço,arroba,Sem cotação,,Algodão,8
2019-04-26,Algodão,BARREIRAS,Pluma,arroba,"99,25",99.25,Algodão,8
2019-04-29,Algodão,BARREIRAS,Caroço,arroba,Sem cotação,,Algodão,8
2019-04-29,Algodão,BARREIRAS,Pluma,arroba,"99,25",99.25,Algodão,8
2019-04-30,Algodão,BARREIRAS,Caroço,arroba,Sem cotação,,Algodão,8
2019-04-30,Algodão,BARREIRAS,Pluma,arroba,"99,25",99.25,Algodão,8
2019-05-02,Algodão,BARREIRAS,Caroço,arroba,Sem cotação,,Algodão,8
2019-05-02,Algodão,BARREIRAS,Pluma,arroba,"100,27",100.27,Algodão,8
2019-05-03,Algodão,BARREIRAS,Caroço,arroba,Sem cotação,,Algodão,8
2019-05-03,Algodão,BARREIRAS,Pluma,arroba,"100,27",100.27,Algodão,8
2019-05-06,Algodão,BARREIRAS,Caroço,arroba,Sem cotação,,Algodão,8
2019-05-06,Algodão,BARREIRAS,Pluma,arroba,"100,27",100.27,Algodão,8
2019-05-07,Algodão,BARREIRAS,Caroço,arroba,Sem cotação,,Algodão,8
2019-05-07,Algodão,BARREIRAS,Pluma,arroba,"100,27",100.27,Algodão,8
2019-05-08,Algodão,BARREIRAS,Caroço,arroba,Sem cotação,,Algodão,8
2019-05-08,Algodão,BARREIRAS,Pluma,arroba,"100,27",100.27,Algodão,8
2019-05-09,Algodão,BARREIRAS,Caroço,arroba,Sem cotação,,Algodão,8
2019-05-09,Algodão,BARREIRAS,Pluma,arroba,"100,27",100.27,Algodão,8
2019-05-10,Algodão,BARREIRAS,Caroço,arroba,Sem cotação,,Algodão,8
2019-05-10,Algodão,BARREIRAS,Pluma,arroba,"100,27",100.27,Algodão,8
2019-05-13,Algodão,BARREIRAS,Caroço,arroba,Sem cotação,,Algodão,8
2019-05-13,Algodão,BARREIRAS,Pluma,arroba,"100,27",100.27,Algodão,8
2019-05-14,Algodão,BARREIRAS,Caroço,arroba,Sem cotação,,Algodão,8
2019-05-14,Algodão,BARREIRAS,Pluma,arroba,"100,27",100.27,Algodão,8
2019-05-15,Algodão,BARREIRAS,Caroço,arroba,Sem cotação,,Algodão,8
2019-05-15,Algodão,BARREIRAS,Pluma,arroba,"100,27",100.27,Algodão,8
2019-05-16,Algodão,BARREIRAS,Caroço,arroba,Sem cotação,,Algodão,8
2019-05-16,Algodão,BARREIRAS,Pluma,arroba,"100,27",100.27,Algodão,8
2019-05-17,Algodão,BARREIRAS,Caroço,arroba,Sem cotação,,Algodão,8
2019-05-17,Algodão,BARREIRAS,Pluma,arroba,"100,27",100.27,Algodão,8
2019-05-20,Algodão,BARREIRAS,Caroço,arroba,Sem cotação,,Algodão,8
2019-05-20,Algodão,BARREIRAS,Pluma,arroba,"100,27",100.27,Algodão,8
2019-05-21,Algodão,BARREIRAS,Caroço,arroba,Sem cotação,,Algodão,8
2019-05-21,Algodão,BARREIRAS,Pluma,arroba,"100,27",100.27,Algodão,8
2019-05-22,Algodão,BARREIRAS,Caroço,arroba,Sem cotação,,Algodão,8
2019-05-22,Algodão,BARREIRAS,Pluma,arroba,"100,27",100.27,Algodão,8
2019-05-23,Algodão,BARREIRAS,Caroço,arroba,Sem cotação,,Algodão,8
2019-05-23,Algodão,BARREIRAS,Pluma,arroba,"100,27",100.27,Algodão,8
2019-05-24,Algodão,BARREIRAS,Caroço,arroba,Sem cotação,,Algodão,8
2019-05-24,Algodão,BARREIRAS,Pluma,arroba,"100,27",100.27,Algodão,8
2019-05-27,Algodão,BARREIRAS,Caroço,arroba,Sem cotação,,Algodão,8
2019-05-27,Algodão,BARREIRAS,Pluma,arroba,"100,27",100.27,Algodão,8
2019-05-28,Algodão,BARREIRAS,Caroço,arroba,Sem cotação,,Algodão,8
2019-05-28,Algodão,BARREIRAS,Pluma,arroba,"100,27",100.27,Algodão,8
2019-05-29,Algodão,BARREIRAS,Caroço,arroba,Sem cotação,,Algodão,8
2019-05-29,Algodão,BARREIRAS,Pluma,arroba,"100,27",100.27,Algodão,8
2019-05-30,Algodão,BARREIRAS,Caroço,arroba,Sem cotação,,Algodão,8
2019-05-30,Algodão,BARREIRAS,Pluma,arroba,"100,27",100.27,Algodão,8
2019-06-03,Algodão,BARREIRAS,Caroço,arroba,Sem cotação,,Algodão,8
2019-06-03,Algodão,BARREIRAS,Pluma,arroba,"93,47",93.47,Algodão,8
2019-06-04,Algodão,BARREIRAS,Caroço,arroba,Sem cotação,,Algodão,8
2019-06-04,Algodão,BARREIRAS,Pluma,arroba,"93,47",93.47,Algodão,8
2019-06-05,Algodão,BARREIRAS,Caroço,arroba,Sem cotação,,Algodão,8
2019-06-05,Algodão,BARREIRAS,Pluma,arroba,"93,47",93.47,Algodão,8
2019-06-06,Algodão,BARREIRAS,Caroço,arroba,Sem cotação,,Algodão,8
2019-06-06,Algodão,BARREIRAS,Pluma,arroba,"93,47",93.47,Algodão,8
2019-06-07,Algodão,BARREIRAS,Caroço,arroba,Sem cotação,,Algodão,8
2019-06-07,Algodão,BARREIRAS,Pluma,arroba,"93,47",93.47,Algodão,8
2019-06-10,Algodão,BARREIRAS,Caroço,arroba,Sem cotação,,Algodão,8
2019-06-10,Algodão,BARREIRAS,Pluma,arroba,"93,47",93.47,Algodão,8
2019-06-11,Algodão,BARREIRAS,Caroço,arroba,Sem cotação,,Algodão,8
2019-06-11,Algodão,BARREIRAS,Pluma,arroba,"93,47",93.47,Algodão,8
2019-06-12,Algodão,BARREIRAS,Caroço,arroba,Sem cotação,,Algodão,8
2019-06-12,Algodão,BARREIRAS,Pluma,arroba,"88,37",88.37,Algodão,8
2019-06-13,Algodão,BARREIRAS,Caroço,arroba,Sem cotação,,Algodão,8
2019-06-13,Algodão,BARREIRAS,Pluma,arroba,"88,37",88.37,Algodão,8
2019-06-17,Algodão,BARREIRAS,Caroço,arroba,Sem cotação,,Algodão,8
2019-06-17,Algodão,BARREIRAS,Pluma,arroba,"88,37",88.37,Algodão,8
2019-06-18,Algodão,BARREIRAS,Caroço,arroba,Sem cotação,,Algodão,8
2019-06-18,Algodão,BARREIRAS,Pluma,arroba,"88,37",88.37,Algodão,8
2019-06-19,Algodão,BARREIRAS,Caroço,arroba,Sem cotação,,Algodão,8
2019-06-19,Algodão,BARREIRAS,Pluma,arroba,"88,37",88.37,Algodão,8
2019-06-25,Algodão,BARREIRAS,Caroço,arroba,Sem cotação,,Algodão,8
2019-06-25,Algodão,BARREIRAS,Pluma,arroba,"88,37",88.37,Algodão,8
2019-06-26,Algodão,BARREIRAS,Caroço,arroba,Sem cotação,,Algodão,8
2019-06-26,Algodão,BARREIRAS,Pluma,arroba,"88,37",88.37,Algodão,8
2019-06-27,Algodão,BARREIRAS,Caroço,arroba,Sem cotação,,Algodão,8
2019-06-27,Algodão,BARREIRAS,Pluma,arroba,"88,37",88.37,Algodão,8
2019-06-28,Algodão,BARREIRAS,Caroço,arroba,Sem cotação,,Algodão,8
2019-06-28,Algodão,BARREIRAS,Pluma,arroba,"88,37",88.37,Algodão,8
2019-07-03,Algodão,BARREIRAS,Caroço,arroba,Sem cotação,,Algodão,8
2019-07-03,Algodão,BARREIRAS,Pluma,arroba,"88,37",88.37,Algodão,8
2019-07-04,Algodão,BARREIRAS,Caroço,arroba,Sem cotação,,Algodão,8
2019-07-04,Algodão,BARREIRAS,Pluma,arroba,"88,37",88.37,Algodão,8
2019-07-05,Algodão,BARREIRAS,Caroço,arroba,Sem cotação,,Algodão,8
2019-07-05,Algodão,BARREIRAS,Pluma,arroba,"88,37",88.37,Algodão,8
2019-07-08,Algodão,BARREIRAS,Caroço,arroba,Sem cotação,,Algodão,8
2019-07-08,Algodão,BARREIRAS,Pluma,arroba,"88,37",88.37,Algodão,8
2019-07-09,Algodão,BARREIRAS,Caroço,arroba,Sem cotação,,Algodão,8
2019-07-09,Algodão,BARREIRAS,Pluma,arroba,"88,37",88.37,Algodão,8
2019-07-10,Algodão,BARREIRAS,Caroço,arroba,Sem cotação,,Algodão,8
2019-07-10,Algodão,BARREIRAS,Pluma,arroba,"88,37",88.37,Algodão,8
2019-07-11,Algodão,BARREIRAS,Caroço,arroba,Sem cotação,,Algodão,8
2019-07-11,Algodão,BARREIRAS,Pluma,arroba,"88,37",88.37,Algodão,8
2019-07-12,Algodão,BARREIRAS,Caroço,arroba,Sem cotação,,Algodão,8
2019-07-12,Algodão,BARREIRAS,Pluma,arroba,"88,37",88.37,Algodão,8
2019-07-15,Algodão,BARREIRAS,Caroço,arroba,Sem cotação,,Algodão,8
2019-07-15,Algodão,BARREIRAS,Pluma,arroba,"88,37",88.37,Algodão,8
2019-07-16,Algodão,BARREIRAS,Caroço,arroba,Sem cotação,,Algodão,8
2019-07-16,Algodão,BARREIRAS,Pluma,arroba,"88,37",88.37,Algodão,8
2019-07-17,Algodão,BARREIRAS,Caroço,arroba,Sem cotação,,Algodão,8
2019-07-17,Algodão,BARREIRAS,Pluma,arroba,"88,37",88.37,Algodão,8
2019-07-18,Algodão,BARREIRAS,Caroço,arroba,Sem cotação,,Algodão,8
2019-07-18,Algodão,BARREIRAS,Pluma,arroba,"83,28",83.28,Algodão,8
2019-07-19,Algodão,BARREIRAS,Caroço,arroba,Sem cotação,,Algodão,8
2019-07-19,Algodão,BARREIRAS,Pluma,arroba,"83,28",83.28,Algodão,8
2019-07-22,Algodão,BARREIRAS,Caroço,arroba,Sem cotação,,Algodão,8
2019-07-22,Algodão,BARREIRAS,Pluma,arroba,"83,28",83.28,Algodão,8
2019-07-23,Algodão,BARREIRAS,Caroço,arroba,Sem cotação,,Algodão,8
2019-07-23,Algodão,BARREIRAS,Pluma,arroba,"83,28",83.28,Algodão,8
2019-07-24,Algodão,BARREIRAS,Caroço,arroba,Sem cotação,,Algodão,8
2019-07-24,Algodão,BARREIRAS,Pluma,arroba,"83,28",83.28,Algodão,8
2019-07-25,Algodão,BARREIRAS,Caroço,arroba,Sem cotação,,Algodão,8
2019-07-25,Algodão,BARREIRAS,Pluma,arroba,"83,28",83.28,Algodão,8
2019-07-26,Algodão,BARREIRAS,Caroço,arroba,Sem cotação,,Algodão,8
2019-07-26,Algodão,BARREIRAS,Pluma,arroba,"83,28",83.28,Algodão,8
2019-07-29,Algodão,BARREIRAS,Caroço,arroba,Sem cotação,,Algodão,8
2019-07-29,Algodão,BARREIRAS,Pluma,arroba,"83,28",83.28,Algodão,8
2019-07-30,Algodão,BARREIRAS,Caroço,arroba,Sem cotação,,Algodão,8
2019-07-30,Algodão,BARREIRAS,Pluma,arroba,"84,28",84.28,Algodão,8
2019-07-31,Algodão,BARREIRAS,Caroço,arroba,Sem cotação,,Algodão,8
2019-07-31,Algodão,BARREIRAS,Pluma,arroba,"84,28",84.28,Algodão,8
2019-08-01,Algodão,BARREIRAS,Caroço,arroba,Sem cotação,,Algodão,8
2019-08-01,Algodão,BARREIRAS,Pluma,arroba,"84,28",84.28,Algodão,8
2019-08-02,Algodão,BARREIRAS,Caroço,arroba,Sem cotação,,Algodão,8
2019-08-02,Algodão,BARREIRAS,Pluma,arroba,"85,31",85.31,Algodão,8
2019-08-05,Algodão,BARREIRAS,Caroço,arroba,Sem cotação,,Algodão,8
2019-08-05,Algodão,BARREIRAS,Pluma,arroba,"85,31",85.31,Algodão,8
2019-08-06,Algodão,BARREIRAS,Caroço,arroba,Sem cotação,,Algodão,8
2019-08-06,Algodão,BARREIRAS,Pluma,arroba,"85,31",85.31,Algodão,8
2019-08-07,Algodão,BARREIRAS,Caroço,arroba,Sem cotação,,Algodão,8
2019-08-07,Algodão,BARREIRAS,Pluma,arroba,"83,96",83.96,Algodão,8
2019-08-08,Algodão,BARREIRAS,Caroço,arroba,Sem cotação,,Algodão,8
2019-08-08,Algodão,BARREIRAS,Pluma,arroba,"83,96",83.96,Algodão,8
2019-08-09,Algodão,BARREIRAS,Caroço,arroba,Sem cotação,,Algodão,8
2019-08-09,Algodão,BARREIRAS,Pluma,arroba,"83,96",83.96,Algodão,8
2019-08-12,Algodão,BARREIRAS,Caroço,arroba,Sem cotação,,Algodão,8
2019-08-12,Algodão,BARREIRAS,Pluma,arroba,"83,96",83.96,Algodão,8
2019-08-13,Algodão,BARREIRAS,Caroço,arroba,Sem cotação,,Algodão,8
2019-08-13,Algodão,BARREIRAS,Pluma,arroba,"84,30",84.3,Algodão,8
2019-08-14,Algodão,BARREIRAS,Caroço,arroba,Sem cotação,,Algodão,8
2019-08-14,Algodão,BARREIRAS,Pluma,arroba,"84,30",84.3,Algodão,8
2019-08-15,Algodão,BARREIRAS,Caroço,arroba,Sem cotação,,Algodão,8
2019-08-15,Algodão,BARREIRAS,Pluma,arroba,"84,30",84.3,Algodão,8
2019-08-16,Algodão,BARREIRAS,Caroço,arroba,Sem cotação,,Algodão,8
2019-08-16,Algodão,BARREIRAS,Pluma,arroba,"84,30",84.3,Algodão,8
2019-08-19,Algodão,BARREIRAS,Caroço,arroba,Sem cotação,,Algodão,8
2019-08-19,Algodão,BARREIRAS,Pluma,arroba,"84,30",84.3,Algodão,8
2019-08-20,Algodão,BARREIRAS,Caroço,arroba,Sem cotação,,Algodão,8
2019-08-20,Algodão,BARREIRAS,Pluma,arroba,"81,78",81.78,Algodão,8
2019-08-21,Algodão,BARREIRAS,Caroço,arroba,Sem cotação,,Algodão,8
2019-08-21,Algodão,BARREIRAS,Pluma,arroba,"81,58",81.58,Algodão,8
2019-08-22,Algodão,BARREIRAS,Caroço,arroba,Sem cotação,,Algodão,8
2019-08-22,Algodão,BARREIRAS,Pluma,arroba,"81,58",81.58,Algodão,8
2019-08-23,Algodão,BARREIRAS,Caroço,arroba,Sem cotação,,Algodão,8
2019-08-23,Algodão,BARREIRAS,Pluma,arroba,"81,58",81.58,Algodão,8
2019-08-26,Algodão,BARREIRAS,Caroço,arroba,Sem cotação,,Algodão,8
2019-08-26,Algodão,BARREIRAS,Pluma,arroba,"81,58",81.58,Algodão,8
2019-08-27,Algodão,BARREIRAS,Caroço,arroba,Sem cotação,,Algodão,8
2019-08-27,Algodão,BARREIRAS,Pluma,arroba,"81,58",81.58,Algodão,8
2019-08-28,Algodão,BARREIRAS,Caroço,arroba,Sem cotação,,Algodão,8
2019-08-28,Algodão,BARREIRAS,Pluma,arroba,"81,58",81.58,Algodão,8
2019-08-29,Algodão,BARREIRAS,Caroço,arroba,Sem cotação,,Algodão,8
2019-08-29,Algodão,BARREIRAS,Pluma,arroba,"81,58",81.58,Algodão,8
2019-08-30,Algodão,BARREIRAS,Caroço,arroba,Sem cotação,,Algodão,8
2019-08-30,Algodão,BARREIRAS,Pluma,arroba,"81,58",81.58,Algodão,8
2019-09-02,Algodão,BARREIRAS,Caroço,arroba,Sem cotação,,Algodão,8
2019-09-02,Algodão,BARREIRAS,Pluma,arroba,"81,58",81.58,Algodão,8
2019-09-03,Algodão,BARREIRAS,Caroço,arroba,Sem cotação,,Algodão,8
2019-09-03,Algodão,BARREIRAS,Pluma,arroba,"81,58",81.58,Algodão,8
2019-09-04,Algodão,BARREIRAS,Caroço,arroba,Sem cotação,,Algodão,8
2019-09-04,Algodão,BARREIRAS,Pluma,arroba,"72,06",72.06,Algodão,8
2019-09-05,Algodão,BARREIRAS,Caroço,arroba,Sem cotação,,Algodão,8
2019-09-05,Algodão,BARREIRAS,Pluma,arroba,"72,06",72.06,Algodão,8
2019-09-06,Algodão,BARREIRAS,Caroço,arroba,Sem cotação,,Algodão,8
2019-09-06,Algodão,BARREIRAS,Pluma,arroba,"72,00",72.0,Algodão,8
2019-09-09,Algodão,BARREIRAS,Caroço,arroba,Sem cotação,,Algodão,8
2019-09-09,Algodão,BARREIRAS,Pluma,arroba,"72,00",72.0,Algodão,8
2019-09-10,Algodão,BARREIRAS,Caroço,arroba,Sem cotação,,Algodão,8
2019-09-10,Algodão,BARREIRAS,Pluma,arroba,"72,00",72.0,Algodão,8
2019-09-11,Algodão,BARREIRAS,Caroço,arroba,Sem cotação,,Algodão,8
2019-09-11,Algodão,BARREIRAS,Pluma,arroba,"72,00",72.0,Algodão,8
2019-09-12,Algodão,BARREIRAS,Caroço,arroba,Sem cotação,,Algodão,8
2019-09-12,Algodão,BARREIRAS,Pluma,arroba,"79,88",79.88,Algodão,8
2019-09-13,Algodão,BARREIRAS,Caroço,arroba,Sem cotação,,Algodão,8
2019-09-13,Algodão,BARREIRAS,Pluma,arroba,"79,88",79.88,Algodão,8
2019-09-16,Algodão,BARREIRAS,Caroço,arroba,Sem cotação,,Algodão,8
2019-09-16,Algodão,BARREIRAS,Pluma,arroba,"79,88",79.88,Algodão,8
2019-09-17,Algodão,BARREIRAS,Caroço,arroba,Sem cotação,,Algodão,8
2019-09-17,Algodão,BARREIRAS,Pluma,arroba,"84,98",84.98,Algodão,8
2019-09-18,Algodão,BARREIRAS,Caroço,arroba,Sem cotação,,Algodão,8
2019-09-18,Algodão,BARREIRAS,Pluma,arroba,"84,98",84.98,Algodão,8
2019-09-19,Algodão,BARREIRAS,Caroço,arroba,Sem cotação,,Algodão,8
2019-09-19,Algodão,BARREIRAS,Pluma,arroba,"84,98",84.98,Algodão,8
2019-09-20,Algodão,BARREIRAS,Caroço,arroba,Sem cotação,,Algodão,8
2019-09-20,Algodão,BARREIRAS,Pluma,arroba,"84,98",84.98,Algodão,8
2019-09-23,Algodão,BARREIRAS,Caroço,arroba,Sem cotação,,Algodão,8
2019-09-23,Algodão,BARREIRAS,Pluma,arroba,"84,98",84.98,Algodão,8
2019-09-24,Algodão,BARREIRAS,Caroço,arroba,Sem cotação,,Algodão,8
2019-09-24,Algodão,BARREIRAS,Pluma,arroba,"84,98",84.98,Algodão,8
2019-09-25,Algodão,BARREIRAS,Caroço,arroba,Sem cotação,,Algodão,8
2019-09-25,Algodão,BARREIRAS,Pluma,arroba,"84,98",84.98,Algodão,8
2019-09-26,Algodão,BARREIRAS,Caroço,arroba,Sem cotação,,Algodão,8
2019-09-26,Algodão,BARREIRAS,Pluma,arroba,"84,98",84.98,Algodão,8
2019-09-27,Algodão,BARREIRAS,Caroço,arroba,Sem cotação,,Algodão,8
2019-09-27,Algodão,BARREIRAS,Pluma,arroba,"84,98",84.98,Algodão,8
2019-09-30,Algodão,BARREIRAS,Caroço,arroba,Sem cotação,,Algodão,8
2019-09-30,Algodão,BARREIRAS,Pluma,arroba,"83,28",83.28,Algodão,8
2019-10-01,Algodão,BARREIRAS,Caroço,arroba,Sem cotação,,Algodão,8
2019-10-01,Algodão,BARREIRAS,Pluma,arroba,"83,28",83.28,Algodão,8
2019-10-02,Algodão,BARREIRAS,Caroço,arroba,Sem cotação,,Algodão,8
2019-10-02,Algodão,BARREIRAS,Pluma,arroba,"83,28",83.28,Algodão,8
2019-10-03,Algodão,BARREIRAS,Caroço,arroba,Sem cotação,,Algodão,8
2019-10-03,Algodão,BARREIRAS,Pluma,arroba,"83,28",83.28,Algodão,8
2019-10-04,Algodão,BARREIRAS,Caroço,arroba,Sem cotação,,Algodão,8
2019-10-04,Algodão,BARREIRAS,Pluma,arroba,"83,28",83.28,Algodão,8
2019-10-07,Algodão,BARREIRAS,Caroço,arroba,Sem cotação,,Algodão,8
2019-10-07,Algodão,BARREIRAS,Pluma,arroba,"83,28",83.28,Algodão,8
2019-10-08,Algodão,BARREIRAS,Caroço,arroba,Sem cotação,,Algodão,8
2019-10-08,Algodão,BARREIRAS,Pluma,arroba,"83,28",83.28,Algodão,8
2019-10-09,Algodão,BARREIRAS,Caroço,arroba,Sem cotação,,Algodão,8
2019-10-09,Algodão,BARREIRAS,Pluma,arroba,"84,98",84.98,Algodão,8
2019-10-10,Algodão,BARREIRAS,Caroço,arroba,Sem cotação,,Algodão,8
2019-10-10,Algodão,BARREIRAS,Pluma,arroba,"84,98",84.98,Algodão,8
2019-10-11,Algodão,BARREIRAS,Caroço,arroba,Sem cotação,,Algodão,8
2019-10-11,Algodão,BARREIRAS,Pluma,arroba,"84,98",84.98,Algodão,8
2019-10-14,Algodão,BARREIRAS,Caroço,arroba,Sem cotação,,Algodão,8
2019-10-14,Algodão,BARREIRAS,Pluma,arroba,"84,98",84.98,Algodão,8
2019-10-15,Algodão,BARREIRAS,Caroço,arroba,Sem cotação,,Algodão,8
2019-10-15,Algodão,BARREIRAS,Pluma,arroba,"84,98",84.98,Algodão,8
2019-10-16,Algodão,BARREIRAS,Caroço,arroba,Sem cotação,,Algodão,8
2019-10-16,Algodão,BARREIRAS,Pluma,arroba,"84,98",84.98,Algodão,8
2019-10-17,Algodão,BARREIRAS,Caroço,arroba,Sem cotação,,Algodão,8
2019-10-17,Algodão,BARREIRAS,Pluma,arroba,"84,98",84.98,Algodão,8
2019-10-18,Algodão,BARREIRAS,Caroço,arroba,Sem cotação,,Algodão,8
2019-10-18,Algodão,BARREIRAS,Pluma,arroba,"84,98",84.98,Algodão,8
2019-10-21,Algodão,BARREIRAS,Caroço,arroba,Sem cotação,,Algodão,8
2019-10-21,Algodão,BARREIRAS,Pluma,arroba,"84,98",84.98,Algodão,8
2019-10-22,Algodão,BARREIRAS,Caroço,arroba,Sem cotação,,Algodão,8
2019-10-22,Algodão,BARREIRAS,Pluma,arroba,"79,98",79.98,Algodão,8
2019-10-23,Algodão,BARREIRAS,Caroço,arroba,Sem cotação,,Algodão,8
2019-10-23,Algodão,BARREIRAS,Pluma,arroba,"84,98",84.98,Algodão,8
2019-10-24,Algodão,BARREIRAS,Caroço,arroba,Sem cotação,,Algodão,8
2019-10-24,Algodão,BARREIRAS,Pluma,arroba,"84,98",84.98,Algodão,8
2019-10-25,Algodão,BARREIRAS,Caroço,arroba,Sem cotação,,Algodão,8
2019-10-25,Algodão,BARREIRAS,Pluma,arroba,"84,98",84.98,Algodão,8
2019-10-29,Algodão,BARREIRAS,Caroço,arroba,Sem cotação,,Algodão,8
2019-10-29,Algodão,BARREIRAS,Pluma,arroba,"84,98",84.98,Algodão,8
2019-10-30,Algodão,BARREIRAS,Caroço,arroba,Sem cotação,,Algodão,8
2019-10-30,Algodão,BARREIRAS,Pluma,arroba,"84,98",84.98,Algodão,8
2019-10-31,Algodão,BARREIRAS,Caroço,arroba,Sem cotação,,Algodão,8
2019-10-31,Algodão,BARREIRAS,Pluma,arroba,"88,37",88.37,Algodão,8
2019-11-01,Algodão,BARREIRAS,Caroço,arroba,Sem cotação,,Algodão,8
2019-11-01,Algodão,BARREIRAS,Pluma,arroba,"88,37",88.37,Algodão,8
2019-11-04,Algodão,BARREIRAS,Caroço,arroba,Sem cotação,,Algodão,8
2019-11-04,Algodão,BARREIRAS,Pluma,arroba,"88,37",88.37,Algodão,8
2019-11-05,Algodão,BARREIRAS,Caroço,arroba,Sem cotação,,Algodão,8
2019-11-05,Algodão,BARREIRAS,Pluma,arroba,"88,37",88.37,Algodão,8
2019-11-06,Algodão,BARREIRAS,Caroço,arroba,Sem cotação,,Algodão,8
2019-11-06,Algodão,BARREIRAS,Pluma,arroba,"88,37",88.37,Algodão,8
2019-11-07,Algodão,BARREIRAS,Caroço,arroba,Sem cotação,,Algodão,8
2019-11-07,Algodão,BARREIRAS,Pluma,arroba,"88,37",88.37,Algodão,8
2019-11-08,Algodão,BARREIRAS,Caroço,arroba,Sem cotação,,Algodão,8
2019-11-08,Algodão,BARREIRAS,Pluma,arroba,"88,37",88.37,Algodão,8
2019-11-11,Algodão,BARREIRAS,Caroço,arroba,Sem cotação,,Algodão,8
2019-11-11,Algodão,BARREIRAS,Pluma,arroba,"88,37",88.37,Algodão,8
2019-11-12,Algodão,BARREIRAS,Caroço,arroba,Sem cotação,,Algodão,8
2019-11-12,Algodão,BARREIRAS,Pluma,arroba,"91,77",91.77,Algodão,8
2019-11-13,Algodão,BARREIRAS,Caroço,arroba,Sem cotação,,Algodão,8
2019-11-13,Algodão,BARREIRAS,Pluma,arroba,"91,77",91.77,Algodão,8
2019-11-14,Algodão,BARREIRAS,Caroço,arroba,Sem cotação,,Algodão,8
2019-11-14,Algodão,BARREIRAS,Pluma,arroba,"91,77",91.77,Algodão,8
2019-11-18,Algodão,BARREIRAS,Caroço,arroba,Sem cotação,,Algodão,8
2019-11-18,Algodão,BARREIRAS,Pluma,arroba,"91,77",91.77,Algodão,8
2019-11-19,Algodão,BARREIRAS,Caroço,arroba,Sem cotação,,Algodão,8
2019-11-19,Algodão,BARREIRAS,Pluma,arroba,"91,77",91.77,Algodão,8
2019-11-20,Algodão,BARREIRAS,Caroço,arroba,Sem cotação,,Algodão,8
2019-11-20,Algodão,BARREIRAS,Pluma,arroba,"91,77",91.77,Algodão,8
2019-11-21,Algodão,BARREIRAS,Caroço,arroba,Sem cotação,,Algodão,8
2019-11-21,Algodão,BARREIRAS,Pluma,arroba,"91,77",91.77,Algodão,8
2019-11-22,Algodão,BARREIRAS,Caroço,arroba,Sem cotação,,Algodão,8
2019-11-22,Algodão,BARREIRAS,Pluma,arroba,"91,77",91.77,Algodão,8
2019-11-25,Algodão,BARREIRAS,Caroço,arroba,Sem cotação,,Algodão,8
2019-11-25,Algodão,BARREIRAS,Pluma,arroba,"91,77",91.77,Algodão,8
2019-11-26,Algodão,BARREIRAS,Caroço,arroba,Sem cotação,,Algodão,8
2019-11-26,Algodão,BARREIRAS,Pluma,arroba,"91,77",91.77,Algodão,8
2019-11-27,Algodão,BARREIRAS,Caroço,arroba,Sem cotação,,Algodão,8
2019-11-27,Algodão,BARREIRAS,Pluma,arroba,"91,77",91.77,Algodão,8
2019-11-28,Algodão,BARREIRAS,Caroço,arroba,Sem cotação,,Algodão,8
2019-11-28,Algodão,BARREIRAS,Pluma,arroba,"90,07",90.07,Algodão,8
2019-11-29,Algodão,BARREIRAS,Caroço,arroba,Sem cotação,,Algodão,8
2019-11-29,Algodão,BARREIRAS,Pluma,arroba,"90,07",90.07,Algodão,8
2019-12-02,Algodão,BARREIRAS,Caroço,arroba,Sem cotação,,Algodão,8
2019-12-02,Algodão,BARREIRAS,Pluma,arroba,"90,07",90.07,Algodão,8
2019-12-03,Algodão,BARREIRAS,Caroço,arroba,Sem cotação,,Algodão,8
2019-12-03,Algodão,BARREIRAS,Pluma,arroba,"90,07",90.07,Algodão,8
2019-12-04,Algodão,BARREIRAS,Caroço,arroba,Sem cotação,,Algodão,8
2019-12-04,Algodão,BARREIRAS,Pluma,arroba,"95,17",95.17,Algodão,8
2019-12-05,Algodão,BARREIRAS,Caroço,arroba,Sem cotação,,Algodão,8
2019-12-05,Algodão,BARREIRAS,Pluma,arroba,"95,17",95.17,Algodão,8
2019-12-06,Algodão,BARREIRAS,Caroço,arroba,Sem cotação,,Algodão,8
2019-12-06,Algodão,BARREIRAS,Pluma,arroba,"95,17",95.17,Algodão,8
2019-12-09,Algodão,BARREIRAS,Caroço,arroba,Sem cotação,,Algodão,8
2019-12-09,Algodão,BARREIRAS,Pluma,arroba,"90,07",90.07,Algodão,8
2019-12-10,Algodão,BARREIRAS,Caroço,arroba,Sem cotação,,Algodão,8
2019-12-10,Algodão,BARREIRAS,Pluma,arroba,"94,15",94.15,Algodão,8
2019-12-11,Algodão,BARREIRAS,Caroço,arroba,Sem cotação,,Algodão,8
2019-12-11,Algodão,BARREIRAS,Pluma,arroba,"94,15",94.15,Algodão,8
2019-12-12,Algodão,BARREIRAS,Caroço,arroba,Sem cotação,,Algodão,8
2019-12-12,Algodão,BARREIRAS,Pluma,arroba,"94,15",94.15,Algodão,8
2019-12-13,Algodão,BARREIRAS,Caroço,arroba,Sem cotação,,Algodão,8
2019-12-13,Algodão,BARREIRAS,Pluma,arroba,"94,15",94.15,Algodão,8
2019-12-16,Algodão,BARREIRAS,Caroço,arroba,Sem cotação,,Algodão,8
2019-12-16,Algodão,BARREIRAS,Pluma,arroba,"94,15",94.15,Algodão,8
2019-12-17,Algodão,BARREIRAS,Caroço,arroba,Sem cotação,,Algodão,8
2019-12-17,Algodão,BARREIRAS,Pluma,arroba,"94,15",94.15,Algodão,8
2019-12-18,Algodão,BARREIRAS,Caroço,arroba,Sem cotação,,Algodão,8
2019-12-18,Algodão,BARREIRAS,Pluma,arroba,"94,15",94.15,Algodão,8
2019-12-19,Algodão,BARREIRAS,Caroço,arroba,Sem cotação,,Algodão,8
2019-12-19,Algodão,BARREIRAS,Pluma,arroba,"90,07",90.07,Algodão,8
2019-12-20,Algodão,BARREIRAS,Caroço,arroba,Sem cotação,,Algodão,8
2019-12-20,Algodão,BARREIRAS,Pluma,arroba,"90,07",90.07,Algodão,8
2019-12-26,Algodão,BARREIRAS,Caroço,arroba,Sem cotação,,Algodão,8
2019-12-26,Algodão,BARREIRAS,Pluma,arroba,"84,98",84.98,Algodão,8
2019-12-27,Algodão,BARREIRAS,Caroço,arroba,Sem cotação,,Algodão,8
2019-12-27,Algodão,BARREIRAS,Pluma,arroba,"84,98",84.98,Algodão,8
2020-01-02,Algodão,BARREIRAS,Caroço,arroba,Sem cotação,,Algodão,8
2020-01-02,Algodão,BARREIRAS,Pluma,arroba,"84,98",84.98,Algodão,8
2020-01-03,Algodão,BARREIRAS,Caroço,arroba,Sem cotação,,Algodão,8
2020-01-03,Algodão,BARREIRAS,Pluma,arroba,"84,98",84.98,Algodão,8
2020-01-06,Algodão,BARREIRAS,Caroço,arroba,Sem cotação,,Algodão,8
2020-01-06,Algodão,BARREIRAS,Pluma,arroba,"84,98",84.98,Algodão,8
2020-01-07,Algodão,BARREIRAS,Caroço,arroba,Sem cotação,,Algodão,8
2020-01-07,Algodão,BARREIRAS,Pluma,arroba,"84,98",84.98,Algodão,8
2020-01-08,Algodão,BARREIRAS,Caroço,arroba,Sem cotação,,Algodão,8
2020-01-08,Algodão,BARREIRAS,Pluma,arroba,"84,98",84.98,Algodão,8
2020-01-09,Algodão,BARREIRAS,Caroço,arroba,Sem cotação,,Algodão,8
2020-01-09,Algodão,BARREIRAS,Pluma,arroba,"84,98",84.98,Algodão,8
2020-01-10,Algodão,BARREIRAS,Caroço,arroba,Sem cotação,,Algodão,8
2020-01-10,Algodão,BARREIRAS,Pluma,arroba,"84,98",84.98,Algodão,8
2020-01-13,Algodão,BARREIRAS,Caroço,arroba,Sem cotação,,Algodão,8
2020-01-13,Algodão,BARREIRAS,Pluma,arroba,"86,98",86.98,Algodão,8
2020-01-14,Algodão,BARREIRAS,Caroço,arroba,Sem cotação,,Algodão,8
2020-01-14,Algodão,BARREIRAS,Pluma,arroba,"86,98",86.98,Algodão,8
2020-01-15,Algodão,BARREIRAS,Caroço,arroba,Sem cotação,,Algodão,8
2020-01-15,Algodão,BARREIRAS,Pluma,arroba,"86,98",86.98,Algodão,8
2020-01-17,Algodão,BARREIRAS,Caroço,arroba,Sem cotação,,Algodão,8
2020-01-17,Algodão,BARREIRAS,Pluma,arroba,"86,98",86.98,Algodão,8
2020-01-20,Algodão,BARREIRAS,Caroço,arroba,Sem cotação,,Algodão,8
2020-01-20,Algodão,BARREIRAS,Pluma,arroba,"90,07",90.07,Algodão,8
2020-01-21,Algodão,BARREIRAS,Caroço,arroba,Sem cotação,,Algodão,8
2020-01-21,Algodão,BARREIRAS,Pluma,arroba,"91,26",91.26,Algodão,8
2020-01-22,Algodão,BARREIRAS,Caroço,arroba,Sem cotação,,Algodão,8
2020-01-22,Algodão,BARREIRAS,Pluma,arroba,"91,26",91.26,Algodão,8
2020-01-23,Algodão,BARREIRAS,Caroço,arroba,Sem cotação,,Algodão,8
2020-01-23,Algodão,BARREIRAS,Pluma,arroba,"90,92",90.92,Algodão,8
2020-01-24,Algodão,BARREIRAS,Caroço,arroba,Sem cotação,,Algodão,8
2020-01-24,Algodão,BARREIRAS,Pluma,arroba,"90,92",90.92,Algodão,8
2020-01-27,Algodão,BARREIRAS,Caroço,arroba,Sem cotação,,Algodão,8
2020-01-27,Algodão,BARREIRAS,Pluma,arroba,"90,92",90.92,Algodão,8
2020-01-28,Algodão,BARREIRAS,Caroço,arroba,Sem cotação,,Algodão,8
2020-01-28,Algodão,BARREIRAS,Pluma,arroba,"94,32",94.32,Algodão,8
2020-01-29,Algodão,BARREIRAS,Caroço,arroba,Sem cotação,,Algodão,8
2020-01-29,Algodão,BARREIRAS,Pluma,arroba,"94,32",94.32,Algodão,8
2020-01-30,Algodão,BARREIRAS,Caroço,arroba,Sem cotação,,Algodão,8
2020-01-30,Algodão,BARREIRAS,Pluma,arroba,"94,66",94.66,Algodão,8
2020-01-31,Algodão,BARREIRAS,Caroço,arroba,Sem cotação,,Algodão,8
2020-01-31,Algodão,BARREIRAS,Pluma,arroba,"94,66",94.66,Algodão,8
2020-02-03,Algodão,BARREIRAS,Caroço,arroba,Sem cotação,,Algodão,8
2020-02-03,Algodão,BARREIRAS,Pluma,arroba,"94,66",94.66,Algodão,8
2020-02-04,Algodão,BARREIRAS,Caroço,arroba,Sem cotação,,Algodão,8
2020-02-04,Algodão,BARREIRAS,Pluma,arroba,"98,06",98.06,Algodão,8
2020-02-05,Algodão,BARREIRAS,Caroço,arroba,Sem cotação,,Algodão,8
2020-02-05,Algodão,BARREIRAS,Pluma,arroba,"98,06",98.06,Algodão,8
2020-02-06,Algodão,BARREIRAS,Caroço,arroba,Sem cotação,,Algodão,8
2020-02-06,Algodão,BARREIRAS,Pluma,arroba,"98,06",98.06,Algodão,8
2020-02-07,Algodão,BARREIRAS,Caroço,arroba,Sem cotação,,Algodão,8
2020-02-07,Algodão,BARREIRAS,Pluma,arroba,"94,66",94.66,Algodão,8
2020-02-10,Algodão,BARREIRAS,Caroço,arroba,Sem cotação,,Algodão,8
2020-02-10,Algodão,BARREIRAS,Pluma,arroba,"96,02",96.02,Algodão,8
2020-02-11,Algodão,BARREIRAS,Caroço,arroba,Sem cotação,,Algodão,8
2020-02-11,Algodão,BARREIRAS,Pluma,arroba,"96,02",96.02,Algodão,8
2020-02-12,Algodão,BARREIRAS,Caroço,arroba,Sem cotação,,Algodão,8
2020-02-12,Algodão,BARREIRAS,Pluma,arroba,"96,02",96.02,Algodão,8
2020-02-13,Algodão,BARREIRAS,Caroço,arroba,Sem cotação,,Algodão,8
2020-02-13,Algodão,BARREIRAS,Pluma,arroba,"95,68",95.68,Algodão,8
2020-02-14,Algodão,BARREIRAS,Caroço,arroba,Sem cotação,,Algodão,8
2020-02-14,Algodão,BARREIRAS,Pluma,arroba,"95,68",95.68,Algodão,8
2020-02-17,Algodão,BARREIRAS,Caroço,arroba,Sem cotação,,Algodão,8
2020-02-17,Algodão,BARREIRAS,Pluma,arroba,"95,68",95.68,Algodão,8
2020-02-18,Algodão,BARREIRAS,Caroço,arroba,Sem cotação,,Algodão,8
2020-02-18,Algodão,BARREIRAS,Pluma,arroba,"95,68",95.68,Algodão,8
2020-02-19,Algodão,BARREIRAS,Caroço,arroba,Sem cotação,,Algodão,8
2020-02-19,Algodão,BARREIRAS,Pluma,arroba,"95,68",95.68,Algodão,8
2020-02-20,Algodão,BARREIRAS,Caroço,arroba,Sem cotação,,Algodão,8
2020-02-20,Algodão,BARREIRAS,Pluma,arroba,"97,89",97.89,Algodão,8
2020-02-27,Algodão,BARREIRAS,Caroço,arroba,Sem cotação,,Algodão,8
2020-02-27,Algodão,BARREIRAS,Pluma,arroba,"97,89",97.89,Algodão,8
2020-02-28,Algodão,BARREIRAS,Caroço,arroba,Sem cotação,,Algodão,8
2020-02-28,Algodão,BARREIRAS,Pluma,arroba,"94,83",94.83,Algodão,8
2020-03-02,Algodão,BARREIRAS,Caroço,arroba,Sem cotação,,Algodão,8
2020-03-02,Algodão,BARREIRAS,Pluma,arroba,"94,83",94.83,Algodão,8
2020-03-03,Algodão,BARREIRAS,Caroço,arroba,Sem cotação,,Algodão,8
2020-03-03,Algodão,BARREIRAS,Pluma,arroba,"93,98",93.98,Algodão,8
2020-03-04,Algodão,BARREIRAS,Caroço,arroba,Sem cotação,,Algodão,8
2020-03-04,Algodão,BARREIRAS,Pluma,arroba,"97,38",97.38,Algodão,8
2020-03-05,Algodão,BARREIRAS,Caroço,arroba,Sem cotação,,Algodão,8
2020-03-05,Algodão,BARREIRAS,Pluma,arroba,"96,02",96.02,Algodão,8
2020-03-06,Algodão,BARREIRAS,Caroço,arroba,Sem cotação,,Algodão,8
2020-03-06,Algodão,BARREIRAS,Pluma,arroba,"96,53",96.53,Algodão,8
2020-03-09,Algodão,BARREIRAS,Caroço,arroba,Sem cotação,,Algodão,8
2020-03-09,Algodão,BARREIRAS,Pluma,arroba,"95,17",95.17,Algodão,8
2020-03-10,Algodão,BARREIRAS,Caroço,arroba,Sem cotação,,Algodão,8
2020-03-10,Algodão,BARREIRAS,Pluma,arroba,"95,17",95.17,Algodão,8
2020-03-11,Algodão,BARREIRAS,Caroço,arroba,Sem cotação,,Algodão,8
2020-03-11,Algodão,BARREIRAS,Pluma,arroba,"95,17",95.17,Algodão,8
2020-03-12,Algodão,BARREIRAS,Caroço,arroba,Sem cotação,,Algodão,8
2020-03-12,Algodão,BARREIRAS,Pluma,arroba,"95,17",95.17,Algodão,8
2020-03-13,Algodão,BARREIRAS,Caroço,arroba,Sem cotação,,Algodão,8
2020-03-13,Algodão,BARREIRAS,Pluma,arroba,"95,17",95.17,Algodão,8
2020-03-16,Algodão,BARREIRAS,Caroço,arroba,Sem cotação,,Algodão,8
2020-03-16,Algodão,BARREIRAS,Pluma,arroba,"99,08",99.08,Algodão,8
2020-03-17,Algodão,BARREIRAS,Caroço,arroba,Sem cotação,,Algodão,8
2020-03-17,Algodão,BARREIRAS,Pluma,arroba,"99,08",99.08,Algodão,8
2020-03-18,Algodão,BARREIRAS,Caroço,arroba,Sem cotação,,Algodão,8
2020-03-18,Algodão,BARREIRAS,Pluma,arroba,"99,08",99.08,Algodão,8
2020-03-19,Algodão,BARREIRAS,Caroço,arroba,Sem cotação,,Algodão,8
2020-03-19,Algodão,BARREIRAS,Pluma,arroba,"99,08",99.08,Algodão,8
2020-03-20,Algodão,BARREIRAS,Caroço,arroba,Sem cotação,,Algodão,8
2020-03-20,Algodão,BARREIRAS,Pluma,arroba,"99,08",99.08,Algodão,8
2020-03-23,Algodão,BARREIRAS,Caroço,arroba,Sem cotação,,Algodão,8
2020-03-23,Algodão,BARREIRAS,Pluma,arroba,"99,08",99.08,Algodão,8
2020-03-24,Algodão,BARREIRAS,Caroço,arroba,Sem cotação,,Algodão,8
2020-03-24,Algodão,BARREIRAS,Pluma,arroba,"99,08",99.08,Algodão,8
2020-03-25,Algodão,BARREIRAS,Caroço,arroba,Sem cotação,,Algodão,8
2020-03-25,Algodão,BARREIRAS,Pluma,arroba,"99,08",99.08,Algodão,8
2020-03-26,Algodão,BARREIRAS,Caroço,arroba,Sem cotação,,Algodão,8
2020-03-26,Algodão,BARREIRAS,Pluma,arroba,"99,08",99.08,Algodão,8
2020-03-27,Algodão,BARREIRAS,Caroço,arroba,Sem cotação,,Algodão,8
2020-03-27,Algodão,BARREIRAS,Pluma,arroba,"99,08",99.08,Algodão,8
2020-03-30,Algodão,BARREIRAS,Caroço,arroba,Sem cotação,,Algodão,8
2020-03-30,Algodão,BARREIRAS,Pluma,arroba,"100,61",100.61,Algodão,8
2020-03-31,Algodão,BARREIRAS,Caroço,arroba,Sem cotação,,Algodão,8
2020-03-31,Algodão,BARREIRAS,Pluma,arroba,"100,61",100.61,Algodão,8
2020-04-01,Algodão,BARREIRAS,Caroço,arroba,Sem cotação,,Algodão,8
2020-04-01,Algodão,BARREIRAS,Pluma,arroba,"100,61",100.61,Algodão,8
2020-04-02,Algodão,BARREIRAS,Caroço,arroba,Sem cotação,,Algodão,8
2020-04-02,Algodão,BARREIRAS,Pluma,arroba,"100,61",100.61,Algodão,8
2020-04-03,Algodão,BARREIRAS,Caroço,arroba,Sem cotação,,Algodão,8
2020-04-03,Algodão,BARREIRAS,Pluma,arroba,"100,61",100.61,Algodão,8
2020-04-06,Algodão,BARREIRAS,Caroço,arroba,Sem cotação,,Algodão,8
2020-04-06,Algodão,BARREIRAS,Pluma,arroba,"100,61",100.61,Algodão,8
2020-04-07,Algodão,BARREIRAS,Caroço,arroba,Sem cotação,,Algodão,8
2020-04-07,Algodão,BARREIRAS,Pluma,arroba,"100,61",100.61,Algodão,8
2020-04-08,Algodão,BARREIRAS,Caroço,arroba,Sem cotação,,Algodão,8
2020-04-08,Algodão,BARREIRAS,Pluma,arroba,"100,61",100.61,Algodão,8
2020-04-09,Algodão,BARREIRAS,Caroço,arroba,Sem cotação,,Algodão,8
2020-04-09,Algodão,BARREIRAS,Pluma,arroba,"100,61",100.61,Algodão,8
2020-04-14,Algodão,BARREIRAS,Caroço,arroba,Sem cotação,,Algodão,8
2020-04-14,Algodão,BARREIRAS,Pluma,arroba,"100,61",100.61,Algodão,8
2020-04-15,Algodão,BARREIRAS,Caroço,arroba,Sem cotação,,Algodão,8
2020-04-15,Algodão,BARREIRAS,Pluma,arroba,"100,61",100.61,Algodão,8
2020-04-16,Algodão,BARREIRAS,Caroço,arroba,Sem cotação,,Algodão,8
2020-04-16,Algodão,BARREIRAS,Pluma,arroba,"100,61",100.61,Algodão,8
2020-04-17,Algodão,BARREIRAS,Caroço,arroba,Sem cotação,,Algodão,8
2020-04-17,Algodão,BARREIRAS,Pluma,arroba,"100,61",100.61,Algodão,8
2020-04-20,Algodão,BARREIRAS,Caroço,arroba,Sem cotação,,Algodão,8
2020-04-20,Algodão,BARREIRAS,Pluma,arroba,"100,61",100.61,Algodão,8
2020-04-22,Algodão,BARREIRAS,Caroço,arroba,Sem cotação,,Algodão,8
2020-04-22,Algodão,BARREIRAS,Pluma,arroba,"100,61",100.61,Algodão,8
2020-04-23,Algodão,BARREIRAS,Caroço,arroba,Sem cotação,,Algodão,8
2020-04-23,Algodão,BARREIRAS,Pluma,arroba,"100,61",100.61,Algodão,8
2020-04-24,Algodão,BARREIRAS,Caroço,arroba,Sem cotação,,Algodão,8
2020-04-24,Algodão,BARREIRAS,Pluma,arroba,"100,61",100.61,Algodão,8
2020-04-27,Algodão,BARREIRAS,Caroço,arroba,Sem cotação,,Algodão,8
2020-04-27,Algodão,BARREIRAS,Pluma,arroba,"100,61",100.61,Algodão,8
2020-04-28,Algodão,BARREIRAS,Caroço,arroba,Sem cotação,,Algodão,8
2020-04-28,Algodão,BARREIRAS,Pluma,arroba,"100,61",100.61,Algodão,8
2020-04-29,Algodão,BARREIRAS,Caroço,arroba,Sem cotação,,Algodão,8
2020-04-29,Algodão,BARREIRAS,Pluma,arroba,"100,61",100.61,Algodão,8
2020-04-30,Algodão,BARREIRAS,Caroço,arroba,Sem cotação,,Algodão,8
2020-04-30,Algodão,BARREIRAS,Pluma,arroba,"100,61",100.61,Algodão,8
2020-05-04,Algodão,BARREIRAS,Caroço,arroba,Sem cotação,,Algodão,8
2020-05-04,Algodão,BARREIRAS,Pluma,arroba,"100,61",100.61,Algodão,8
2020-05-05,Algodão,BARREIRAS,Caroço,arroba,Sem cotação,,Algodão,8
2020-05-05,Algodão,BARREIRAS,Pluma,arroba,"100,61",100.61,Algodão,8
2020-05-06,Algodão,BARREIRAS,Caroço,arroba,Sem cotação,,Algodão,8
2020-05-06,Algodão,BARREIRAS,Pluma,arroba,"100,61",100.61,Algodão,8
2020-05-07,Algodão,BARREIRAS,Caroço,arroba,Sem cotação,,Algodão,8
2020-05-07,Algodão,BARREIRAS,Pluma,arroba,"100,61",100.61,Algodão,8
2020-05-08,Algodão,BARREIRAS,Caroço,arroba,Sem cotação,,Algodão,8
2020-05-08,Algodão,BARREIRAS,Pluma,arroba,"100,61",100.61,Algodão,8
2020-05-11,Algodão,BARREIRAS,Caroço,arroba,Sem cotação,,Algodão,8
2020-05-11,Algodão,BARREIRAS,Pluma,arroba,"96,36",96.36,Algodão,8
2020-05-12,Algodão,BARREIRAS,Caroço,arroba,Sem cotação,,Algodão,8
2020-05-12,Algodão,BARREIRAS,Pluma,arroba,"96,36",96.36,Algodão,8
2020-05-13,Algodão,BARREIRAS,Caroço,arroba,Sem cotação,,Algodão,8
2020-05-13,Algodão,BARREIRAS,Pluma,arroba,"96,36",96.36,Algodão,8
2020-05-14,Algodão,BARREIRAS,Caroço,arroba,Sem cotação,,Algodão,8
2020-05-14,Algodão,BARREIRAS,Pluma,arroba,"96,36",96.36,Algodão,8
2020-05-15,Algodão,BARREIRAS,Caroço,arroba,Sem cotação,,Algodão,8
2020-05-15,Algodão,BARREIRAS,Pluma,arroba,"96,36",96.36,Algodão,8
2020-05-18,Algodão,BARREIRAS,Caroço,arroba,Sem cotação,,Algodão,8
2020-05-18,Algodão,BARREIRAS,Pluma,arroba,"96,36",96.36,Algodão,8
2020-05-19,Algodão,BARREIRAS,Caroço,arroba,Sem cotação,,Algodão,8
2020-05-19,Algodão,BARREIRAS,Pluma,arroba,"96,36",96.36,Algodão,8
2020-05-20,Algodão,BARREIRAS,Caroço,arroba,Sem cotação,,Algodão,8
2020-05-20,Algodão,BARREIRAS,Pluma,arroba,"96,36",96.36,Algodão,8
2020-05-21,Algodão,BARREIRAS,Caroço,arroba,Sem cotação,,Algodão,8
2020-05-21,Algodão,BARREIRAS,Pluma,arroba,"96,36",96.36,Algodão,8
2020-05-22,Algodão,BARREIRAS,Caroço,arroba,Sem cotação,,Algodão,8
2020-05-22,Algodão,BARREIRAS,Pluma,arroba,"96,36",96.36,Algodão,8
2020-06-01,Algodão,BARREIRAS,Caroço,arroba,Sem cotação,,Algodão,8
2020-06-01,Algodão,BARREIRAS,Pluma,arroba,"96,36",96.36,Algodão,8
2020-06-02,Algodão,BARREIRAS,Caroço,arroba,Sem cotação,,Algodão,8
2020-06-02,Algodão,BARREIRAS,Pluma,arroba,"96,36",96.36,Algodão,8
2020-06-03,Algodão,BARREIRAS,Caroço,arroba,Sem cotação,,Algodão,8
2020-06-03,Algodão,BARREIRAS,Pluma,arroba,"96,36",96.36,Algodão,8
2020-06-04,Algodão,BARREIRAS,Caroço,arroba,Sem cotação,,Algodão,8
2020-06-04,Algodão,BARREIRAS,Pluma,arroba,"96,36",96.36,Algodão,8
2020-06-05,Algodão,BARREIRAS,Caroço,arroba,Sem cotação,,Algodão,8
2020-06-05,Algodão,BARREIRAS,Pluma,arroba,"96,36",96.36,Algodão,8
2020-06-08,Algodão,BARREIRAS,Caroço,arroba,Sem cotação,,Algodão,8
2020-06-08,Algodão,BARREIRAS,Pluma,arroba,"96,36",96.36,Algodão,8
2020-06-09,Algodão,BARREIRAS,Caroço,arroba,Sem cotação,,Algodão,8
2020-06-09,Algodão,BARREIRAS,Pluma,arroba,"96,36",96.36,Algodão,8
2020-06-10,Algodão,BARREIRAS,Caroço,arroba,Sem cotação,,Algodão,8
2020-06-10,Algodão,BARREIRAS,Pluma,arroba,"96,36",96.36,Algodão,8
2020-06-12,Algodão,BARREIRAS,Caroço,arroba,Sem cotação,,Algodão,8
2020-06-12,Algodão,BARREIRAS,Pluma,arroba,"96,36",96.36,Algodão,8
2020-06-15,Algodão,BARREIRAS,Caroço,arroba,Sem cotação,,Algodão,8
2020-06-15,Algodão,BARREIRAS,Pluma,arroba,"96,36",96.36,Algodão,8
2020-06-16,Algodão,BARREIRAS,Caroço,arroba,Sem cotação,,Algodão,8
2020-06-16,Algodão,BARREIRAS,Pluma,arroba,"96,36",96.36,Algodão,8
2020-06-17,Algodão,BARREIRAS,Caroço,arroba,Sem cotação,,Algodão,8
2020-06-17,Algodão,BARREIRAS,Pluma,arroba,"96,36",96.36,Algodão,8
2020-06-18,Algodão,BARREIRAS,Caroço,arroba,Sem cotação,,Algodão,8
2020-06-18,Algodão,BARREIRAS,Pluma,arroba,"96,36",96.36,Algodão,8
2020-06-19,Algodão,BARREIRAS,Caroço,arroba,Sem cotação,,Algodão,8
2020-06-19,Algodão,BARREIRAS,Pluma,arroba,"96,36",96.36,Algodão,8
2020-06-22,Algodão,BARREIRAS,Caroço,arroba,Sem cotação,,Algodão,8
2020-06-22,Algodão,BARREIRAS,Pluma,arroba,"96,36",96.36,Algodão,8
2020-06-23,Algodão,BARREIRAS,Caroço,arroba,Sem cotação,,Algodão,8
2020-06-23,Algodão,BARREIRAS,Pluma,arroba,"96,36",96.36,Algodão,8
2020-06-24,Algodão,BARREIRAS,Caroço,arroba,Sem cotação,,Algodão,8
2020-06-24,Algodão,BARREIRAS,Pluma,arroba,"96,36",96.36,Algodão,8
2020-06-25,Algodão,BARREIRAS,Caroço,arroba,Sem cotação,,Algodão,8
2020-06-25,Algodão,BARREIRAS,Pluma,arroba,"96,36",96.36,Algodão,8
2020-06-26,Algodão,BARREIRAS,Caroço,arroba,Sem cotação,,Algodão,8
2020-06-26,Algodão,BARREIRAS,Pluma,arroba,"96,36",96.36,Algodão,8
2020-06-29,Algodão,BARREIRAS,Caroço,arroba,Sem cotação,,Algodão,8
2020-06-29,Algodão,BARREIRAS,Pluma,arroba,"96,36",96.36,Algodão,8
2020-06-30,Algodão,BARREIRAS,Caroço,arroba,Sem cotação,,Algodão,8
2020-06-30,Algodão,BARREIRAS,Pluma,arroba,"96,36",96.36,Algodão,8
2020-07-01,Algodão,BARREIRAS,Caroço,arroba,Sem cotação,,Algodão,8
2020-07-01,Algodão,BARREIRAS,Pluma,arroba,"96,36",96.36,Algodão,8
2020-07-02,Algodão,BARREIRAS,Caroço,arroba,Sem cotação,,Algodão,8
2020-07-02,Algodão,BARREIRAS,Pluma,arroba,"96,36",96.36,Algodão,8
2020-07-03,Algodão,BARREIRAS,Caroço,arroba,Sem cotação,,Algodão,8
2020-07-03,Algodão,BARREIRAS,Pluma,arroba,"96,36",96.36,Algodão,8
2020-07-06,Algodão,BARREIRAS,Caroço,arroba,Sem cotação,,Algodão,8
2020-07-06,Algodão,BARREIRAS,Pluma,arroba,"96,36",96.36,Algodão,8
2020-07-07,Algodão,BARREIRAS,Caroço,arroba,Sem cotação,,Algodão,8
2020-07-07,Algodão,BARREIRAS,Pluma,arroba,"93,47",93.47,Algodão,8
2020-07-08,Algodão,BARREIRAS,Caroço,arroba,Sem cotação,,Algodão,8
2020-07-08,Algodão,BARREIRAS,Pluma,arroba,"93,47",93.47,Algodão,8
2020-07-09,Algodão,BARREIRAS,Caroço,arroba,Sem cotação,,Algodão,8
2020-07-09,Algodão,BARREIRAS,Pluma,arroba,"93,47",93.47,Algodão,8
2020-07-10,Algodão,BARREIRAS,Caroço,arroba,Sem cotação,,Algodão,8
2020-07-10,Algodão,BARREIRAS,Pluma,arroba,"93,47",93.47,Algodão,8
2020-07-13,Algodão,BARREIRAS,Caroço,arroba,Sem cotação,,Algodão,8
2020-07-13,Algodão,BARREIRAS,Pluma,arroba,"93,47",93.47,Algodão,8
2020-07-14,Algodão,BARREIRAS,Caroço,arroba,Sem cotação,,Algodão,8
2020-07-14,Algodão,BARREIRAS,Pluma,arroba,"93,47",93.47,Algodão,8
2020-07-15,Algodão,BARREIRAS,Caroço,arroba,Sem cotação,,Algodão,8
2020-07-15,Algodão,BARREIRAS,Pluma,arroba,"93,47",93.47,Algodão,8
2020-07-16,Algodão,BARREIRAS,Caroço,arroba,Sem cotação,,Algodão,8
2020-07-16,Algodão,BARREIRAS,Pluma,arroba,"93,47",93.47,Algodão,8
2020-07-17,Algodão,BARREIRAS,Caroço,arroba,Sem cotação,,Algodão,8
2020-07-17,Algodão,BARREIRAS,Pluma,arroba,"93,47",93.47,Algodão,8
2020-07-20,Algodão,BARREIRAS,Caroço,arroba,Sem cotação,,Algodão,8
2020-07-20,Algodão,BARREIRAS,Pluma,arroba,"93,47",93.47,Algodão,8
2020-07-21,Algodão,BARREIRAS,Caroço,arroba,Sem cotação,,Algodão,8
2020-07-21,Algodão,BARREIRAS,Pluma,arroba,"93,47",93.47,Algodão,8
2020-07-22,Algodão,BARREIRAS,Caroço,arroba,Sem cotação,,Algodão,8
2020-07-22,Algodão,BARREIRAS,Pluma,arroba,"93,47",93.47,Algodão,8
2020-07-23,Algodão,BARREIRAS,Caroço,arroba,Sem cotação,,Algodão,8
2020-07-23,Algodão,BARREIRAS,Pluma,arroba,"93,47",93.47,Algodão,8
2020-07-24,Algodão,BARREIRAS,Caroço,arroba,Sem cotação,,Algodão,8
2020-07-24,Algodão,BARREIRAS,Pluma,arroba,"93,47",93.47,Algodão,8
2020-07-27,Algodão,BARREIRAS,Caroço,arroba,Sem cotação,,Algodão,8
2020-07-27,Algodão,BARREIRAS,Pluma,arroba,"93,47",93.47,Algodão,8
2020-07-28,Algodão,BARREIRAS,Caroço,arroba,Sem cotação,,Algodão,8
2020-07-28,Algodão,BARREIRAS,Pluma,arroba,"93,47",93.47,Algodão,8
2020-07-29,Algodão,BARREIRAS,Caroço,arroba,Sem cotação,,Algodão,8
2020-07-29,Algodão,BARREIRAS,Pluma,arroba,"93,47",93.47,Algodão,8
2020-07-30,Algodão,BARREIRAS,Caroço,arroba,Sem cotação,,Algodão,8
2020-07-30,Algodão,BARREIRAS,Pluma,arroba,"93,47",93.47,Algodão,8
2020-07-31,Algodão,BARREIRAS,Caroço,arroba,Sem cotação,,Algodão,8
2020-07-31,Algodão,BARREIRAS,Pluma,arroba,"93,47",93.47,Algodão,8
2020-08-03,Algodão,BARREIRAS,Caroço,arroba,Sem cotação,,Algodão,8
2020-08-03,Algodão,BARREIRAS,Pluma,arroba,"93,47",93.47,Algodão,8
2020-08-04,Algodão,BARREIRAS,Caroço,arroba,Sem cotação,,Algodão,8
2020-08-04,Algodão,BARREIRAS,Pluma,arroba,"93,47",93.47,Algodão,8
2020-08-05,Algodão,BARREIRAS,Caroço,arroba,Sem cotação,,Algodão,8
2020-08-05,Algodão,BARREIRAS,Pluma,arroba,"93,47",93.47,Algodão,8
2020-08-06,Algodão,BARREIRAS,Caroço,arroba,Sem cotação,,Algodão,8
2020-08-06,Algodão,BARREIRAS,Pluma,arroba,"93,47",93.47,Algodão,8
2020-08-07,Algodão,BARREIRAS,Caroço,arroba,Sem cotação,,Algodão,8
2020-08-07,Algodão,BARREIRAS,Pluma,arroba,"93,47",93.47,Algodão,8
2020-08-10,Algodão,BARREIRAS,Caroço,arroba,Sem cotação,,Algodão,8
2020-08-10,Algodão,BARREIRAS,Pluma,arroba,"93,47",93.47,Algodão,8
2020-08-11,Algodão,BARREIRAS,Caroço,arroba,Sem cotação,,Algodão,8
2020-08-11,Algodão,BARREIRAS,Pluma,arroba,"93,47",93.47,Algodão,8
2020-08-12,Algodão,BARREIRAS,Caroço,arroba,Sem cotação,,Algodão,8
2020-08-12,Algodão,BARREIRAS,Pluma,arroba,"93,47",93.47,Algodão,8
2020-08-13,Algodão,BARREIRAS,Caroço,arroba,Sem cotação,,Algodão,8
2020-08-13,Algodão,BARREIRAS,Pluma,arroba,"93,47",93.47,Algodão,8
2020-08-14,Algodão,BARREIRAS,Caroço,arroba,Sem cotação,,Algodão,8
2020-08-14,Algodão,BARREIRAS,Pluma,arroba,"101,97",101.97,Algodão,8
2020-08-17,Algodão,BARREIRAS,Caroço,arroba,Sem cotação,,Algodão,8
2020-08-17,Algodão,BARREIRAS,Pluma,arroba,"101,97",101.97,Algodão,8
2020-08-18,Algodão,BARREIRAS,Caroço,arroba,Sem cotação,,Algodão,8
2020-08-18,Algodão,BARREIRAS,Pluma,arroba,"101,97",101.97,Algodão,8
2020-08-19,Algodão,BARREIRAS,Caroço,arroba,Sem cotação,,Algodão,8
2020-08-19,Algodão,BARREIRAS,Pluma,arroba,"101,97",101.97,Algodão,8
2020-08-20,Algodão,BARREIRAS,Caroço,arroba,Sem cotação,,Algodão,8
2020-08-20,Algodão,BARREIRAS,Pluma,arroba,"101,97",101.97,Algodão,8
2020-08-21,Algodão,BARREIRAS,Caroço,arroba,Sem cotação,,Algodão,8
2020-08-21,Algodão,BARREIRAS,Pluma,arroba,"101,97",101.97,Algodão,8
2020-08-24,Algodão,BARREIRAS,Caroço,arroba,Sem cotação,,Algodão,8
2020-08-24,Algodão,BARREIRAS,Pluma,arroba,"101,97",101.97,Algodão,8
2020-08-25,Algodão,BARREIRAS,Caroço,arroba,Sem cotação,,Algodão,8
2020-08-25,Algodão,BARREIRAS,Pluma,arroba,"101,97",101.97,Algodão,8
2020-08-26,Algodão,BARREIRAS,Caroço,arroba,Sem cotação,,Algodão,8
2020-08-26,Algodão,BARREIRAS,Pluma,arroba,"105,37",105.37,Algodão,8
2020-08-27,Algodão,BARREIRAS,Caroço,arroba,Sem cotação,,Algodão,8
2020-08-27,Algodão,BARREIRAS,Pluma,arroba,"105,37",105.37,Algodão,8
2020-08-28,Algodão,BARREIRAS,Caroço,arroba,Sem cotação,,Algodão,8
2020-08-28,Algodão,BARREIRAS,Pluma,arroba,"105,37",105.37,Algodão,8
2020-08-31,Algodão,BARREIRAS,Caroço,arroba,Sem cotação,,Algodão,8
2020-08-31,Algodão,BARREIRAS,Pluma,arroba,"105,37",105.37,Algodão,8
2020-09-01,Algodão,BARREIRAS,Caroço,arroba,Sem cotação,,Algodão,8
2020-09-01,Algodão,BARREIRAS,Pluma,arroba,"114,69",114.69,Algodão,8
2020-09-02,Algodão,BARREIRAS,Caroço,arroba,Sem cotação,,Algodão,8
2020-09-02,Algodão,BARREIRAS,Pluma,arroba,"114,69",114.69,Algodão,8
2020-09-03,Algodão,BARREIRAS,Caroço,arroba,Sem cotação,,Algodão,8
2020-09-03,Algodão,BARREIRAS,Pluma,arroba,"108,77",108.77,Algodão,8
2020-09-04,Algodão,BARREIRAS,Caroço,arroba,Sem cotação,,Algodão,8
2020-09-04,Algodão,BARREIRAS,Pluma,arroba,"108,77",108.77,Algodão,8
2020-09-08,Algodão,BARREIRAS,Caroço,arroba,Sem cotação,,Algodão,8
2020-09-08,Algodão,BARREIRAS,Pluma,arroba,"107,92",107.92,Algodão,8
2020-09-09,Algodão,BARREIRAS,Caroço,arroba,Sem cotação,,Algodão,8
2020-09-09,Algodão,BARREIRAS,Pluma,arroba,"107,92",107.92,Algodão,8
2020-09-10,Algodão,BARREIRAS,Caroço,arroba,Sem cotação,,Algodão,8
2020-09-10,Algodão,BARREIRAS,Pluma,arroba,"107,92",107.92,Algodão,8
2020-09-11,Algodão,BARREIRAS,Caroço,arroba,Sem cotação,,Algodão,8
2020-09-11,Algodão,BARREIRAS,Pluma,arroba,"107,92",107.92,Algodão,8
2020-09-14,Algodão,BARREIRAS,Caroço,arroba,Sem cotação,,Algodão,8
2020-09-14,Algodão,BARREIRAS,Pluma,arroba,"107,92",107.92,Algodão,8
2020-09-15,Algodão,BARREIRAS,Caroço,arroba,Sem cotação,,Algodão,8
2020-09-15,Algodão,BARREIRAS,Pluma,arroba,"107,92",107.92,Algodão,8
2020-09-16,Algodão,BARREIRAS,Caroço,arroba,Sem cotação,,Algodão,8
2020-09-16,Algodão,BARREIRAS,Pluma,arroba,"108,67",108.67,Algodão,8
2020-09-17,Algodão,BARREIRAS,Caroço,arroba,Sem cotação,,Algodão,8
2020-09-17,Algodão,BARREIRAS,Pluma,arroba,"108,67",108.67,Algodão,8
2020-09-18,Algodão,BARREIRAS,Caroço,arroba,Sem cotação,,Algodão,8
2020-09-18,Algodão,BARREIRAS,Pluma,arroba,"108,67",108.67,Algodão,8
2020-09-21,Algodão,BARREIRAS,Caroço,arroba,Sem cotação,,Algodão,8
2020-09-21,Algodão,BARREIRAS,Pluma,arroba,"108,67",108.67,Algodão,8
2020-09-22,Algodão,BARREIRAS,Caroço,arroba,Sem cotação,,Algodão,8
2020-09-22,Algodão,BARREIRAS,Pluma,arroba,"108,67",108.67,Algodão,8
2020-09-23,Algodão,BARREIRAS,Caroço,arroba,Sem cotação,,Algodão,8
2020-09-23,Algodão,BARREIRAS,Pluma,arroba,"108,67",108.67,Algodão,8
2020-09-24,Algodão,BARREIRAS,Caroço,arroba,Sem cotação,,Algodão,8
2020-09-24,Algodão,BARREIRAS,Pluma,arroba,"108,67",108.67,Algodão,8
2020-09-25,Algodão,BARREIRAS,Caroço,arroba,Sem cotação,,Algodão,8
2020-09-25,Algodão,BARREIRAS,Pluma,arroba,"108,67",108.67,Algodão,8
2020-09-28,Algodão,BARREIRAS,Caroço,arroba,Sem cotação,,Algodão,8
2020-09-28,Algodão,BARREIRAS,Pluma,arroba,"107,92",107.92,Algodão,8
2020-09-29,Algodão,BARREIRAS,Caroço,arroba,Sem cotação,,Algodão,8
2020-09-29,Algodão,BARREIRAS,Pluma,arroba,"107,92",107.92,Algodão,8
2020-09-30,Algodão,BARREIRAS,Caroço,arroba,Sem cotação,,Algodão,8
2020-09-30,Algodão,BARREIRAS,Pluma,arroba,"107,92",107.92,Algodão,8
2020-10-01,Algodão,BARREIRAS,Caroço,arroba,Sem cotação,,Algodão,8
2020-10-01,Algodão,BARREIRAS,Pluma,arroba,"107,92",107.92,Algodão,8
2020-10-02,Algodão,BARREIRAS,Caroço,arroba,Sem cotação,,Algodão,8
2020-10-02,Algodão,BARREIRAS,Pluma,arroba,"107,92",107.92,Algodão,8
2020-10-05,Algodão,BARREIRAS,Caroço,arroba,Sem cotação,,Algodão,8
2020-10-05,Algodão,BARREIRAS,Pluma,arroba,"107,92",107.92,Algodão,8
2020-10-06,Algodão,BARREIRAS,Caroço,arroba,Sem cotação,,Algodão,8
2020-10-06,Algodão,BARREIRAS,Pluma,arroba,"107,92",107.92,Algodão,8
2020-10-07,Algodão,BARREIRAS,Caroço,arroba,Sem cotação,,Algodão,8
2020-10-07,Algodão,BARREIRAS,Pluma,arroba,"107,92",107.92,Algodão,8
2020-10-08,Algodão,BARREIRAS,Caroço,arroba,Sem cotação,,Algodão,8
2020-10-08,Algodão,BARREIRAS,Pluma,arroba,"107,92",107.92,Algodão,8
2020-10-09,Algodão,BARREIRAS,Caroço,arroba,Sem cotação,,Algodão,8
2020-10-09,Algodão,BARREIRAS,Pluma,arroba,"107,07",107.07,Algodão,8
2020-10-13,Algodão,BARREIRAS,Caroço,arroba,Sem cotação,,Algodão,8
2020-10-13,Algodão,BARREIRAS,Pluma,arroba,"107,07",107.07,Algodão,8
2020-10-14,Algodão,BARREIRAS,Caroço,arroba,Sem cotação,,Algodão,8
2020-10-14,Algodão,BARREIRAS,Pluma,arroba,"107,07",107.07,Algodão,8
2020-10-15,Algodão,BARREIRAS,Caroço,arroba,Sem cotação,,Algodão,8
2020-10-15,Algodão,BARREIRAS,Pluma,arroba,"108,07",108.07,Algodão,8
2020-10-16,Algodão,BARREIRAS,Caroço,arroba,Sem cotação,,Algodão,8
2020-10-16,Algodão,BARREIRAS,Pluma,arroba,"108,07",108.07,Algodão,8
2020-10-19,Algodão,BARREIRAS,Caroço,arroba,Sem cotação,,Algodão,8
2020-10-19,Algodão,BARREIRAS,Pluma,arroba,"113,02",113.02,Algodão,8
2020-10-20,Algodão,BARREIRAS,Caroço,arroba,Sem cotação,,Algodão,8
2020-10-20,Algodão,BARREIRAS,Pluma,arroba,"113,02",113.02,Algodão,8
2020-10-21,Algodão,BARREIRAS,Caroço,arroba,Sem cotação,,Algodão,8
2020-10-21,Algodão,BARREIRAS,Pluma,arroba,"113,02",113.02,Algodão,8
2020-10-22,Algodão,BARREIRAS,Caroço,arroba,Sem cotação,,Algodão,8
2020-10-22,Algodão,BARREIRAS,Pluma,arroba,"116,42",116.42,Algodão,8
2020-10-23,Algodão,BARREIRAS,Caroço,arroba,Sem cotação,,Algodão,8
2020-10-23,Algodão,BARREIRAS,Pluma,arroba,"116,42",116.42,Algodão,8
2020-10-26,Algodão,BARREIRAS,Caroço,arroba,Sem cotação,,Algodão,8
2020-10-26,Algodão,BARREIRAS,Pluma,arroba,"117,27",117.27,Algodão,8
2020-10-27,Algodão,BARREIRAS,Caroço,arroba,Sem cotação,,Algodão,8
2020-10-27,Algodão,BARREIRAS,Pluma,arroba,"117,27",117.27,Algodão,8
2020-10-28,Algodão,BARREIRAS,Caroço,arroba,Sem cotação,,Algodão,8
2020-10-28,Algodão,BARREIRAS,Pluma,arroba,"117,27",117.27,Algodão,8
2020-10-29,Algodão,BARREIRAS,Caroço,arroba,Sem cotação,,Algodão,8
2020-10-29,Algodão,BARREIRAS,Pluma,arroba,"117,27",117.27,Algodão,8
2020-11-03,Algodão,BARREIRAS,Caroço,arroba,Sem cotação,,Algodão,8
2020-11-03,Algodão,BARREIRAS,Pluma,arroba,"117,27",117.27,Algodão,8
2020-11-04,Algodão,BARREIRAS,Caroço,arroba,Sem cotação,,Algodão,8
2020-11-04,Algodão,BARREIRAS,Pluma,arroba,"117,27",117.27,Algodão,8
2020-11-05,Algodão,BARREIRAS,Caroço,arroba,Sem cotação,,Algodão,8
2020-11-05,Algodão,BARREIRAS,Pluma,arroba,"117,27",117.27,Algodão,8
2020-11-06,Algodão,BARREIRAS,Caroço,arroba,Sem cotação,,Algodão,8
2020-11-06,Algodão,BARREIRAS,Pluma,arroba,"117,27",117.27,Algodão,8
2020-11-09,Algodão,BARREIRAS,Caroço,arroba,Sem cotação,,Algodão,8
2020-11-09,Algodão,BARREIRAS,Pluma,arroba,"117,27",117.27,Algodão,8
2020-11-10,Algodão,BARREIRAS,Caroço,arroba,Sem cotação,,Algodão,8
2020-11-10,Algodão,BARREIRAS,Pluma,arroba,"130,86",130.86,Algodão,8
2020-11-11,Algodão,BARREIRAS,Caroço,arroba,Sem cotação,,Algodão,8
2020-11-11,Algodão,BARREIRAS,Pluma,arroba,"130,86",130.86,Algodão,8
2020-11-12,Algodão,BARREIRAS,Caroço,arroba,Sem cotação,,Algodão,8
2020-11-12,Algodão,BARREIRAS,Pluma,arroba,"124,06",124.06,Algodão,8
2020-11-13,Algodão,BARREIRAS,Caroço,arroba,Sem cotação,,Algodão,8
2020-11-13,Algodão,BARREIRAS,Pluma,arroba,"124,06",124.06,Algodão,8
2020-11-16,Algodão,BARREIRAS,Caroço,arroba,Sem cotação,,Algodão,8
2020-11-16,Algodão,BARREIRAS,Pluma,arroba,"124,00",124.0,Algodão,8
2020-11-17,Algodão,BARREIRAS,Caroço,arroba,"1.275,00",1275.0,Algodão,8
2020-11-17,Algodão,BARREIRAS,Pluma,arroba,"124,00",124.0,Algodão,8
2020-11-18,Algodão,BARREIRAS,Caroço,arroba,"1.275,00",1275.0,Algodão,8
2020-11-18,Algodão,BARREIRAS,Pluma,arroba,"124,00",124.0,Algodão,8
2020-11-19,Algodão,BARREIRAS,Caroço,arroba,"1.275,00",1275.0,Algodão,8
2020-11-19,Algodão,BARREIRAS,Pluma,arroba,"124,00",124.0,Algodão,8
2020-11-20,Algodão,BARREIRAS,Caroço,arroba,"1.300,00",1300.0,Algodão,8
2020-11-20,Algodão,BARREIRAS,Pluma,arroba,"124,06",124.06,Algodão,8
2020-11-23,Algodão,BARREIRAS,Caroço,arroba,"1.295,00",1295.0,Algodão,8
2020-11-23,Algodão,BARREIRAS,Pluma,arroba,"124,06",124.06,Algodão,8
2020-11-24,Algodão,BARREIRAS,Caroço,arroba,"1.295,00",1295.0,Algodão,8
2020-11-24,Algodão,BARREIRAS,Pluma,arroba,"129,16",129.16,Algodão,8
2020-11-25,Algodão,BARREIRAS,Caroço,arroba,"1.295,00",1295.0,Algodão,8
2020-11-25,Algodão,BARREIRAS,Pluma,arroba,"129,16",129.16,Algodão,8
2020-11-26,Algodão,BARREIRAS,Caroço,arroba,"1.295,00",1295.0,Algodão,8
2020-11-26,Algodão,BARREIRAS,Pluma,arroba,"129,16",129.16,Algodão,8
2020-11-27,Algodão,BARREIRAS,Caroço,arroba,"1.295,00",1295.0,Algodão,8
2020-11-27,Algodão,BARREIRAS,Pluma,arroba,"129,16",129.16,Algodão,8
2020-11-30,Algodão,BARREIRAS,Caroço,arroba,"1.295,00",1295.0,Algodão,8
2020-11-30,Algodão,BARREIRAS,Pluma,arroba,"129,16",129.16,Algodão,8
2020-12-01,Algodão,BARREIRAS,Caroço,arroba,"1.295,00",1295.0,Algodão,8
2020-12-01,Algodão,BARREIRAS,Pluma,arroba,"129,16",129.16,Algodão,8
2020-12-02,Algodão,BARREIRAS,Caroço,arroba,"1.295,00",1295.0,Algodão,8
2020-12-02,Algodão,BARREIRAS,Pluma,arroba,"129,16",129.16,Algodão,8
2020-12-03,Algodão,BARREIRAS,Caroço,arroba,"1.295,00",1295.0,Algodão,8
2020-12-03,Algodão,BARREIRAS,Pluma,arroba,"129,16",129.16,Algodão,8
2020-12-04,Algodão,BARREIRAS,Caroço,arroba,"1.295,00",1295.0,Algodão,8
2020-12-04,Algodão,BARREIRAS,Pluma,arroba,"129,16",129.16,Algodão,8
2020-12-07,Algodão,BARREIRAS,Caroço,arroba,"1.295,00",1295.0,Algodão,8
2020-12-07,Algodão,BARREIRAS,Pluma,arroba,"129,16",129.16,Algodão,8
2020-12-08,Algodão,BARREIRAS,Caroço,arroba,"1.295,00",1295.0,Algodão,8
2020-12-08,Algodão,BARREIRAS,Pluma,arroba,"129,16",129.16,Algodão,8
2020-12-09,Algodão,BARREIRAS,Caroço,arroba,"1.295,00",1295.0,Algodão,8
2020-12-09,Algodão,BARREIRAS,Pluma,arroba,"129,16",129.16,Algodão,8
2020-12-10,Algodão,BARREIRAS,Caroço,arroba,"1.295,00",1295.0,Algodão,8
2020-12-10,Algodão,BARREIRAS,Pluma,arroba,"129,16",129.16,Algodão,8
2020-12-11,Algodão,BARREIRAS,Caroço,arroba,"1.295,00",1295.0,Algodão,8
2020-12-11,Algodão,BARREIRAS,Pluma,arroba,"129,16",129.16,Algodão,8
2020-12-14,Algodão,BARREIRAS,Caroço,arroba,"1.295,00",1295.0,Algodão,8
2020-12-14,Algodão,BARREIRAS,Pluma,arroba,"129,16",129.16,Algodão,8
2020-12-15,Algodão,BARREIRAS,Caroço,arroba,"1.295,00",1295.0,Algodão,8
2020-12-15,Algodão,BARREIRAS,Pluma,arroba,"129,16",129.16,Algodão,8
2020-12-16,Algodão,BARREIRAS,Caroço,arroba,"1.295,00",1295.0,Algodão,8
2020-12-16,Algodão,BARREIRAS,Pluma,arroba,"129,16",129.16,Algodão,8
2020-12-17,Algodão,BARREIRAS,Caroço,arroba,"1.295,00",1295.0,Algodão,8
2020-12-17,Algodão,BARREIRAS,Pluma,arroba,"129,16",129.16,Algodão,8
2020-12-18,Algodão,BARREIRAS,Caroço,arroba,"1.295,00",1295.0,Algodão,8
2020-12-18,Algodão,BARREIRAS,Pluma,arroba,"129,16",129.16,Algodão,8
2020-12-21,Algodão,BARREIRAS,Caroço,arroba,"1.295,00",1295.0,Algodão,8
2020-12-21,Algodão,BARREIRAS,Pluma,arroba,"129,16",129.16,Algodão,8
2020-12-22,Algodão,BARREIRAS,Caroço,arroba,"1.295,00",1295.0,Algodão,8
2020-12-22,Algodão,BARREIRAS,Pluma,arroba,"129,16",129.16,Algodão,8
2020-12-23,Algodão,BARREIRAS,Caroço,arroba,"1.295,00",1295.0,Algodão,8
2020-12-23,Algodão,BARREIRAS,Pluma,arroba,"129,16",129.16,Algodão,8
2020-12-28,Algodão,BARREIRAS,Caroço,arroba,"1.350,00",1350.0,Algodão,8
2020-12-28,Algodão,BARREIRAS,Pluma,arroba,"132,56",132.56,Algodão,8
2020-12-29,Algodão,BARREIRAS,Caroço,arroba,"1.350,00",1350.0,Algodão,8
2020-12-29,Algodão,BARREIRAS,Pluma,arroba,"132,56",132.56,Algodão,8
2020-12-30,Algodão,BARREIRAS,Caroço,arroba,"1.350,00",1350.0,Algodão,8
2020-12-30,Algodão,BARREIRAS,Pluma,arroba,"132,56",132.56,Algodão,8
2021-01-04,Algodão,BARREIRAS,Caroço,arroba,"1.350,00",1350.0,Algodão,8
2021-01-04,Algodão,BARREIRAS,Pluma,arroba,"132,56",132.56,Algodão,8
2021-01-05,Algodão,BARREIRAS,Caroço,arroba,"1.350,00",1350.0,Algodão,8
2021-01-05,Algodão,BARREIRAS,Pluma,arroba,"132,56",132.56,Algodão,8
2021-01-06,Algodão,BARREIRAS,Caroço,arroba,"1.350,00",1350.0,Algodão,8
2021-01-06,Algodão,BARREIRAS,Pluma,arroba,"132,56",132.56,Algodão,8
2021-01-07,Algodão,BARREIRAS,Caroço,arroba,"1.350,00",1350.0,Algodão,8
2021-01-07,Algodão,BARREIRAS,Pluma,arroba,"132,56",132.56,Algodão,8
2021-01-08,Algodão,BARREIRAS,Caroço,arroba,"1.375,00",1375.0,Algodão,8
2021-01-08,Algodão,BARREIRAS,Pluma,arroba,"132,56",132.56,Algodão,8
2021-01-12,Algodão,BARREIRAS,Caroço,arroba,"1.375,00",1375.0,Algodão,8
2021-01-12,Algodão,BARREIRAS,Pluma,arroba,"132,56",132.56,Algodão,8
2021-01-13,Algodão,BARREIRAS,Caroço,arroba,"1.375,00",1375.0,Algodão,8
2021-01-13,Algodão,BARREIRAS,Pluma,arroba,"132,56",132.56,Algodão,8
2021-01-14,Algodão,BARREIRAS,Caroço,arroba,"1.375,00",1375.0,Algodão,8
2021-01-14,Algodão,BARREIRAS,Pluma,arroba,"149,56",149.56,Algodão,8
2021-01-15,Algodão,BARREIRAS,Caroço,arroba,"1.375,00",1375.0,Algodão,8
2021-01-15,Algodão,BARREIRAS,Pluma,arroba,"149,56",149.56,Algodão,8
2021-01-18,Algodão,BARREIRAS,Caroço,arroba,"1.375,00",1375.0,Algodão,8
2021-01-18,Algodão,BARREIRAS,Pluma,arroba,"149,56",149.56,Algodão,8
2021-01-19,Algodão,BARREIRAS,Caroço,arroba,"1.425,00",1425.0,Algodão,8
2021-01-19,Algodão,BARREIRAS,Pluma,arroba,"152,96",152.96,Algodão,8
2021-01-20,Algodão,BARREIRAS,Caroço,arroba,"1.425,00",1425.0,Algodão,8
2021-01-20,Algodão,BARREIRAS,Pluma,arroba,"152,96",152.96,Algodão,8
2021-01-21,Algodão,BARREIRAS,Caroço,arroba,"1.425,00",1425.0,Algodão,8
2021-01-21,Algodão,BARREIRAS,Pluma,arroba,"152,96",152.96,Algodão,8
2021-01-22,Algodão,BARREIRAS,Caroço,arroba,"1.425,00",1425.0,Algodão,8
2021-01-22,Algodão,BARREIRAS,Pluma,arroba,"152,96",152.96,Algodão,8
2021-01-25,Algodão,BARREIRAS,Caroço,arroba,"1.425,00",1425.0,Algodão,8
2021-01-25,Algodão,BARREIRAS,Pluma,arroba,"152,96",152.96,Algodão,8
2021-01-26,Algodão,BARREIRAS,Caroço,arroba,"1.425,00",1425.0,Algodão,8
2021-01-26,Algodão,BARREIRAS,Pluma,arroba,"152,96",152.96,Algodão,8
2021-01-27,Algodão,BARREIRAS,Caroço,arroba,"1.425,00",1425.0,Algodão,8
2021-01-27,Algodão,BARREIRAS,Pluma,arroba,"152,96",152.96,Algodão,8
2021-01-28,Algodão,BARREIRAS,Caroço,arroba,"1.425,00",1425.0,Algodão,8
2021-01-28,Algodão,BARREIRAS,Pluma,arroba,"152,96",152.96,Algodão,8
2021-01-29,Algodão,BARREIRAS,Caroço,arroba,"1.425,00",1425.0,Algodão,8
2021-01-29,Algodão,BARREIRAS,Pluma,arroba,"155,67",155.67,Algodão,8
2021-02-01,Algodão,BARREIRAS,Caroço,arroba,"1.425,00",1425.0,Algodão,8
2021-02-01,Algodão,BARREIRAS,Pluma,arroba,"155,67",155.67,Algodão,8
2021-02-02,Algodão,BARREIRAS,Caroço,arroba,"1.425,00",1425.0,Algodão,8
2021-02-02,Algodão,BARREIRAS,Pluma,arroba,"155,67",155.67,Algodão,8
2021-02-03,Algodão,BARREIRAS,Caroço,arroba,"1.750,00",1750.0,Algodão,8
2021-02-03,Algodão,BARREIRAS,Pluma,arroba,"155,67",155.67,Algodão,8
2021-02-04,Algodão,BARREIRAS,Caroço,arroba,"1.700,00",1700.0,Algodão,8
2021-02-04,Algodão,BARREIRAS,Pluma,arroba,"155,67",155.67,Algodão,8
2021-02-05,Algodão,BARREIRAS,Caroço,arroba,"1.700,00",1700.0,Algodão,8
2021-02-05,Algodão,BARREIRAS,Pluma,arroba,"155,67",155.67,Algodão,8
2021-02-08,Algodão,BARREIRAS,Caroço,arroba,"1.700,00",1700.0,Algodão,8
2021-02-08,Algodão,BARREIRAS,Pluma,arroba,"155,67",155.67,Algodão,8
2021-02-09,Algodão,BARREIRAS,Caroço,arroba,"1.700,00",1700.0,Algodão,8
2021-02-09,Algodão,BARREIRAS,Pluma,arroba,"155,67",155.67,Algodão,8
2021-02-10,Algodão,BARREIRAS,Caroço,arroba,"1.700,00",1700.0,Algodão,8
2021-02-10,Algodão,BARREIRAS,Pluma,arroba,"155,67",155.67,Algodão,8
2021-02-11,Algodão,BARREIRAS,Caroço,arroba,"1.700,00",1700.0,Algodão,8
2021-02-11,Algodão,BARREIRAS,Pluma,arroba,"155,67",155.67,Algodão,8
2021-02-16,Algodão,BARREIRAS,Caroço,arroba,"1.700,00",1700.0,Algodão,8
2021-02-16,Algodão,BARREIRAS,Pluma,arroba,"155,67",155.67,Algodão,8
2021-02-17,Algodão,BARREIRAS,Caroço,arroba,"1.700,00",1700.0,Algodão,8
2021-02-17,Algodão,BARREIRAS,Pluma,arroba,"155,67",155.67,Algodão,8
2021-02-18,Algodão,BARREIRAS,Caroço,arroba,"1.700,00",1700.0,Algodão,8
2021-02-18,Algodão,BARREIRAS,Pluma,arroba,"164,85",164.85,Algodão,8
2021-02-19,Algodão,BARREIRAS,Caroço,arroba,"1.700,00",1700.0,Algodão,8
2021-02-19,Algodão,BARREIRAS,Pluma,arroba,"164,85",164.85,Algodão,8
2021-02-22,Algodão,BARREIRAS,Caroço,arroba,"1.700,00",1700.0,Algodão,8
2021-02-22,Algodão,BARREIRAS,Pluma,arroba,"164,85",164.85,Algodão,8
2021-02-23,Algodão,BARREIRAS,Caroço,arroba,"1.700,00",1700.0,Algodão,8
2021-02-23,Algodão,BARREIRAS,Pluma,arroba,"169,95",169.95,Algodão,8
2021-02-24,Algodão,BARREIRAS,Caroço,arroba,"1.700,00",1700.0,Algodão,8
2021-02-24,Algodão,BARREIRAS,Pluma,arroba,"169,95",169.95,Algodão,8
2021-02-25,Algodão,BARREIRAS,Caroço,arroba,"1.700,00",1700.0,Algodão,8
2021-02-25,Algodão,BARREIRAS,Pluma,arroba,"169,95",169.95,Algodão,8
2021-02-26,Algodão,BARREIRAS,Caroço,arroba,"1.700,00",1700.0,Algodão,8
2021-02-26,Algodão,BARREIRAS,Pluma,arroba,"169,95",169.95,Algodão,8
2021-03-01,Algodão,BARREIRAS,Caroço,arroba,"1.700,00",1700.0,Algodão,8
2021-03-01,Algodão,BARREIRAS,Pluma,arroba,"169,95",169.95,Algodão,8
2021-03-02,Algodão,BARREIRAS,Caroço,arroba,"1.700,00",1700.0,Algodão,8
2021-03-02,Algodão,BARREIRAS,Pluma,arroba,"175,05",175.05,Algodão,8
2021-03-03,Algodão,BARREIRAS,Caroço,arroba,"1.700,00",1700.0,Algodão,8
2021-03-03,Algodão,BARREIRAS,Pluma,arroba,"175,05",175.05,Algodão,8
2021-03-04,Algodão,BARREIRAS,Caroço,arroba,"1.700,00",1700.0,Algodão,8
2021-03-04,Algodão,BARREIRAS,Pluma,arroba,"175,05",175.05,Algodão,8
2021-03-05,Algodão,BARREIRAS,Caroço,arroba,"1.700,00",1700.0,Algodão,8
2021-03-05,Algodão,BARREIRAS,Pluma,arroba,"175,05",175.05,Algodão,8
2021-03-08,Algodão,BARREIRAS,Caroço,arroba,"1.700,00",1700.0,Algodão,8
2021-03-08,Algodão,BARREIRAS,Pluma,arroba,"175,05",175.05,Algodão,8
2021-03-09,Algodão,BARREIRAS,Caroço,arroba,"1.700,00",1700.0,Algodão,8
2021-03-09,Algodão,BARREIRAS,Pluma,arroba,"175,05",175.05,Algodão,8
2021-03-10,Algodão,BARREIRAS,Caroço,arroba,"1.700,00",1700.0,Algodão,8
2021-03-10,Algodão,BARREIRAS,Pluma,arroba,"175,05",175.05,Algodão,8
2021-03-11,Algodão,BARREIRAS,Caroço,arroba,"1.700,00",1700.0,Algodão,8
2021-03-11,Algodão,BARREIRAS,Pluma,arroba,"175,05",175.05,Algodão,8
2021-03-12,Algodão,BARREIRAS,Caroço,arroba,"1.700,00",1700.0,Algodão,8
2021-03-12,Algodão,BARREIRAS,Pluma,arroba,"175,05",175.05,Algodão,8
2021-03-15,Algodão,BARREIRAS,Caroço,arroba,"1.700,00",1700.0,Algodão,8
2021-03-15,Algodão,BARREIRAS,Pluma,arroba,"175,05",175.05,Algodão,8
2021-03-16,Algodão,BARREIRAS,Caroço,arroba,"1.700,00",1700.0,Algodão,8
2021-03-16,Algodão,BARREIRAS,Pluma,arroba,"169,95",169.95,Algodão,8
2021-03-17,Algodão,BARREIRAS,Caroço,arroba,"1.700,00",1700.0,Algodão,8
2021-03-17,Algodão,BARREIRAS,Pluma,arroba,"169,95",169.95,Algodão,8
2021-03-18,Algodão,BARREIRAS,Caroço,arroba,"1.700,00",1700.0,Algodão,8
2021-03-18,Algodão,BARREIRAS,Pluma,arroba,"169,95",169.95,Algodão,8
2021-03-19,Algodão,BARREIRAS,Caroço,arroba,"1.750,00",1750.0,Algodão,8
2021-03-19,Algodão,BARREIRAS,Pluma,arroba,"169,95",169.95,Algodão,8
2021-03-22,Algodão,BARREIRAS,Caroço,arroba,"1.750,00",1750.0,Algodão,8
2021-03-22,Algodão,BARREIRAS,Pluma,arroba,"169,95",169.95,Algodão,8
2021-03-23,Algodão,BARREIRAS,Caroço,arroba,"1.750,00",1750.0,Algodão,8
2021-03-23,Algodão,BARREIRAS,Pluma,arroba,"169,95",169.95,Algodão,8
2021-03-24,Algodão,BARREIRAS,Caroço,arroba,"1.750,00",1750.0,Algodão,8
2021-03-24,Algodão,BARREIRAS,Pluma,arroba,"169,95",169.95,Algodão,8
2021-03-25,Algodão,BARREIRAS,Caroço,arroba,"1.850,00",1850.0,Algodão,8
2021-03-25,Algodão,BARREIRAS,Pluma,arroba,"163,15",163.15,Algodão,8
2021-03-26,Algodão,BARREIRAS,Caroço,arroba,"1.850,00",1850.0,Algodão,8
2021-03-26,Algodão,BARREIRAS,Pluma,arroba,"163,15",163.15,Algodão,8
2021-03-29,Algodão,BARREIRAS,Caroço,arroba,"1.850,00",1850.0,Algodão,8
2021-03-29,Algodão,BARREIRAS,Pluma,arroba,"163,15",163.15,Algodão,8
2021-03-30,Algodão,BARREIRAS,Caroço,arroba,"1.850,00",1850.0,Algodão,8
2021-03-30,Algodão,BARREIRAS,Pluma,arroba,"163,15",163.15,Algodão,8
2021-03-31,Algodão,BARREIRAS,Caroço,arroba,"1.800,00",1800.0,Algodão,8
2021-03-31,Algodão,BARREIRAS,Pluma,arroba,"163,15",163.15,Algodão,8
2021-04-05,Algodão,BARREIRAS,Caroço,arroba,"1.800,00",1800.0,Algodão,8
2021-04-05,Algodão,BARREIRAS,Pluma,arroba,"163,15",163.15,Algodão,8
2021-04-06,Algodão,BARREIRAS,Caroço,arroba,"1.800,00",1800.0,Algodão,8
2021-04-06,Algodão,BARREIRAS,Pluma,arroba,"163,15",163.15,Algodão,8
2021-04-07,Algodão,BARREIRAS,Caroço,arroba,"1.800,00",1800.0,Algodão,8
2021-04-07,Algodão,BARREIRAS,Pluma,arroba,"163,15",163.15,Algodão,8
2021-04-08,Algodão,BARREIRAS,Caroço,arroba,"1.800,00",1800.0,Algodão,8
2021-04-08,Algodão,BARREIRAS,Pluma,arroba,"164,85",164.85,Algodão,8
2021-04-09,Algodão,BARREIRAS,Caroço,arroba,"1.800,00",1800.0,Algodão,8
2021-04-09,Algodão,BARREIRAS,Pluma,arroba,"164,85",164.85,Algodão,8
2021-04-12,Algodão,BARREIRAS,Caroço,arroba,"1.800,00",1800.0,Algodão,8
2021-04-12,Algodão,BARREIRAS,Pluma,arroba,"164,85",164.85,Algodão,8
2021-04-13,Algodão,BARREIRAS,Caroço,arroba,"1.900,00",1900.0,Algodão,8
2021-04-13,Algodão,BARREIRAS,Pluma,arroba,"164,85",164.85,Algodão,8
2021-04-14,Algodão,BARREIRAS,Caroço,arroba,"1.900,00",1900.0,Algodão,8
2021-04-14,Algodão,BARREIRAS,Pluma,arroba,"164,85",164.85,Algodão,8
2021-04-15,Algodão,BARREIRAS,Caroço,arroba,"1.900,00",1900.0,Algodão,8
2021-04-15,Algodão,BARREIRAS,Pluma,arroba,"164,85",164.85,Algodão,8
2021-04-16,Algodão,BARREIRAS,Caroço,arroba,"1.900,00",1900.0,Algodão,8
2021-04-16,Algodão,BARREIRAS,Pluma,arroba,"164,85",164.85,Algodão,8
2021-04-19,Algodão,BARREIRAS,Caroço,arroba,"2.000,00",2000.0,Algodão,8
2021-04-19,Algodão,BARREIRAS,Pluma,arroba,"164,85",164.85,Algodão,8
2021-04-20,Algodão,BARREIRAS,Caroço,arroba,"2.000,00",2000.0,Algodão,8
2021-04-20,Algodão,BARREIRAS,Pluma,arroba,"171,65",171.65,Algodão,8
2021-04-22,Algodão,BARREIRAS,Caroço,arroba,"2.000,00",2000.0,Algodão,8
2021-04-22,Algodão,BARREIRAS,Pluma,arroba,"171,65",171.65,Algodão,8
2021-04-23,Algodão,BARREIRAS,Caroço,arroba,"2.000,00",2000.0,Algodão,8
2021-04-23,Algodão,BARREIRAS,Pluma,arroba,"171,65",171.65,Algodão,8
2021-04-26,Algodão,BARREIRAS,Caroço,arroba,"2.000,00",2000.0,Algodão,8
2021-04-26,Algodão,BARREIRAS,Pluma,arroba,"171,65",171.65,Algodão,8
2021-04-27,Algodão,BARREIRAS,Caroço,arroba,"2.000,00",2000.0,Algodão,8
2021-04-27,Algodão,BARREIRAS,Pluma,arroba,"171,65",171.65,Algodão,8
2021-04-28,Algodão,BARREIRAS,Caroço,arroba,"2.000,00",2000.0,Algodão,8
2021-04-28,Algodão,BARREIRAS,Pluma,arroba,"171,65",171.65,Algodão,8
2021-04-29,Algodão,BARREIRAS,Caroço,arroba,"2.000,00",2000.0,Algodão,8
2021-04-29,Algodão,BARREIRAS,Pluma,arroba,"171,65",171.65,Algodão,8
2021-04-30,Algodão,BARREIRAS,Caroço,arroba,"2.000,00",2000.0,Algodão,8
2021-04-30,Algodão,BARREIRAS,Pluma,arroba,"171,65",171.65,Algodão,8
2021-05-03,Algodão,BARREIRAS,Caroço,arroba,"2.100,00",2100.0,Algodão,8
2021-05-03,Algodão,BARREIRAS,Pluma,arroba,"171,65",171.65,Algodão,8
2021-05-04,Algodão,BARREIRAS,Caroço,arroba,"2.100,00",2100.0,Algodão,8
2021-05-04,Algodão,BARREIRAS,Pluma,arroba,"171,65",171.65,Algodão,8
2021-05-05,Algodão,BARREIRAS,Caroço,arroba,"2.100,00",2100.0,Algodão,8
2021-05-05,Algodão,BARREIRAS,Pluma,arroba,"173,35",173.35,Algodão,8
2021-05-06,Algodão,BARREIRAS,Caroço,arroba,"2.100,00",2100.0,Algodão,8
2021-05-06,Algodão,BARREIRAS,Pluma,arroba,"173,35",173.35,Algodão,8
2021-05-07,Algodão,BARREIRAS,Caroço,arroba,"2.100,00",2100.0,Algodão,8
2021-05-07,Algodão,BARREIRAS,Pluma,arroba,"173,35",173.35,Algodão,8
2021-05-10,Algodão,BARREIRAS,Caroço,arroba,"2.100,00",2100.0,Algodão,8
2021-05-10,Algodão,BARREIRAS,Pluma,arroba,"173,35",173.35,Algodão,8
2021-05-11,Algodão,BARREIRAS,Caroço,arroba,"2.100,00",2100.0,Algodão,8
2021-05-11,Algodão,BARREIRAS,Pluma,arroba,"173,35",173.35,Algodão,8
2021-05-12,Algodão,BARREIRAS,Caroço,arroba,"2.100,00",2100.0,Algodão,8
2021-05-12,Algodão,BARREIRAS,Pluma,arroba,"173,35",173.35,Algodão,8
2021-05-13,Algodão,BARREIRAS,Caroço,arroba,"2.100,00",2100.0,Algodão,8
2021-05-13,Algodão,BARREIRAS,Pluma,arroba,"173,35",173.35,Algodão,8
2021-05-14,Algodão,BARREIRAS,Caroço,arroba,"2.100,00",2100.0,Algodão,8
2021-05-14,Algodão,BARREIRAS,Pluma,arroba,"175,05",175.05,Algodão,8
2021-05-17,Algodão,BARREIRAS,Caroço,arroba,"2.100,00",2100.0,Algodão,8
2021-05-17,Algodão,BARREIRAS,Pluma,arroba,"175,05",175.05,Algodão,8
2021-05-18,Algodão,BARREIRAS,Caroço,arroba,"2.100,00",2100.0,Algodão,8
2021-05-18,Algodão,BARREIRAS,Pluma,arroba,"175,05",175.05,Algodão,8
2021-05-19,Algodão,BARREIRAS,Caroço,arroba,"2.100,00",2100.0,Algodão,8
2021-05-19,Algodão,BARREIRAS,Pluma,arroba,"175,05",175.05,Algodão,8
2021-05-20,Algodão,BARREIRAS,Caroço,arroba,"2.100,00",2100.0,Algodão,8
2021-05-20,Algodão,BARREIRAS,Pluma,arroba,"173,35",173.35,Algodão,8
2021-05-21,Algodão,BARREIRAS,Caroço,arroba,"2.100,00",2100.0,Algodão,8
2021-05-21,Algodão,BARREIRAS,Pluma,arroba,"173,35",173.35,Algodão,8
2021-05-24,Algodão,BARREIRAS,Caroço,arroba,"2.100,00",2100.0,Algodão,8
2021-05-24,Algodão,BARREIRAS,Pluma,arroba,"173,35",173.35,Algodão,8
2021-05-25,Algodão,BARREIRAS,Caroço,arroba,"2.100,00",2100.0,Algodão,8
2021-05-25,Algodão,BARREIRAS,Pluma,arroba,"173,35",173.35,Algodão,8
2021-05-26,Algodão,BARREIRAS,Caroço,arroba,"2.100,00",2100.0,Algodão,8
2021-05-26,Algodão,BARREIRAS,Pluma,arroba,"173,35",173.35,Algodão,8
2021-05-27,Algodão,BARREIRAS,Caroço,arroba,"2.100,00",2100.0,Algodão,8
2021-05-27,Algodão,BARREIRAS,Pluma,arroba,"173,35",173.35,Algodão,8
2021-05-28,Algodão,BARREIRAS,Caroço,arroba,"2.100,00",2100.0,Algodão,8
2021-05-28,Algodão,BARREIRAS,Pluma,arroba,"173,35",173.35,Algodão,8
2021-05-31,Algodão,BARREIRAS,Caroço,arroba,"2.100,00",2100.0,Algodão,8
2021-05-31,Algodão,BARREIRAS,Pluma,arroba,"173,35",173.35,Algodão,8
2021-06-01,Algodão,BARREIRAS,Caroço,arroba,"2.100,00",2100.0,Algodão,8
2021-06-01,Algodão,BARREIRAS,Pluma,arroba,"173,35",173.35,Algodão,8
2021-06-02,Algodão,BARREIRAS,Caroço,arroba,"2.100,00",2100.0,Algodão,8
2021-06-02,Algodão,BARREIRAS,Pluma,arroba,"173,35",173.35,Algodão,8
2021-06-04,Algodão,BARREIRAS,Caroço,arroba,"2.100,00",2100.0,Algodão,8
2021-06-04,Algodão,BARREIRAS,Pluma,arroba,"173,35",173.35,Algodão,8
2021-06-07,Algodão,BARREIRAS,Caroço,arroba,"2.100,00",2100.0,Algodão,8
2021-06-07,Algodão,BARREIRAS,Pluma,arroba,"173,35",173.35,Algodão,8
2021-06-08,Algodão,BARREIRAS,Caroço,arroba,"2.100,00",2100.0,Algodão,8
2021-06-08,Algodão,BARREIRAS,Pluma,arroba,"173,35",173.35,Algodão,8
2021-06-09,Algodão,BARREIRAS,Caroço,arroba,"2.100,00",2100.0,Algodão,8
2021-06-09,Algodão,BARREIRAS,Pluma,arroba,"173,35",173.35,Algodão,8
2021-06-10,Algodão,BARREIRAS,Caroço,arroba,"2.100,00",2100.0,Algodão,8
2021-06-10,Algodão,BARREIRAS,Pluma,arroba,"173,35",173.35,Algodão,8
2021-06-11,Algodão,BARREIRAS,Caroço,arroba,"2.100,00",2100.0,Algodão,8
2021-06-11,Algodão,BARREIRAS,Pluma,arroba,"173,35",173.35,Algodão,8
2021-06-14,Algodão,BARREIRAS,Caroço,arroba,"2.100,00",2100.0,Algodão,8
2021-06-14,Algodão,BARREIRAS,Pluma,arroba,"173,35",173.35,Algodão,8
2021-06-15,Algodão,BARREIRAS,Caroço,arroba,"2.100,00",2100.0,Algodão,8
2021-06-15,Algodão,BARREIRAS,Pluma,arroba,"173,35",173.35,Algodão,8
2021-06-16,Algodão,BARREIRAS,Caroço,arroba,"2.100,00",2100.0,Algodão,8
2021-06-16,Algodão,BARREIRAS,Pluma,arroba,"169,27",169.27,Algodão,8
2021-06-17,Algodão,BARREIRAS,Caroço,arroba,"2.100,00",2100.0,Algodão,8
2021-06-17,Algodão,BARREIRAS,Pluma,arroba,"169,27",169.27,Algodão,8
2021-06-18,Algodão,BARREIRAS,Caroço,arroba,"2.100,00",2100.0,Algodão,8
2021-06-18,Algodão,BARREIRAS,Pluma,arroba,"169,27",169.27,Algodão,8
2021-06-21,Algodão,BARREIRAS,Caroço,arroba,"2.100,00",2100.0,Algodão,8
2021-06-21,Algodão,BARREIRAS,Pluma,arroba,"169,27",169.27,Algodão,8
2021-06-22,Algodão,BARREIRAS,Caroço,arroba,"2.100,00",2100.0,Algodão,8
2021-06-22,Algodão,BARREIRAS,Pluma,arroba,"169,27",169.27,Algodão,8
2021-06-23,Algodão,BARREIRAS,Caroço,arroba,"2.100,00",2100.0,Algodão,8
2021-06-23,Algodão,BARREIRAS,Pluma,arroba,"169,27",169.27,Algodão,8
2021-06-25,Algodão,BARREIRAS,Caroço,arroba,"2.100,00",2100.0,Algodão,8
2021-06-25,Algodão,BARREIRAS,Pluma,arroba,"169,27",169.27,Algodão,8
2021-06-28,Algodão,BARREIRAS,Caroço,arroba,"2.100,00",2100.0,Algodão,8
2021-06-28,Algodão,BARREIRAS,Pluma,arroba,"169,27",169.27,Algodão,8
2021-06-29,Algodão,BARREIRAS,Caroço,arroba,"2.100,00",2100.0,Algodão,8
2021-06-29,Algodão,BARREIRAS,Pluma,arroba,"169,27",169.27,Algodão,8
2021-06-30,Algodão,BARREIRAS,Caroço,arroba,"2.100,00",2100.0,Algodão,8
2021-06-30,Algodão,BARREIRAS,Pluma,arroba,"169,27",169.27,Algodão,8
2021-07-01,Algodão,BARREIRAS,Caroço,arroba,"2.100,00",2100.0,Algodão,8
2021-07-01,Algodão,BARREIRAS,Pluma,arroba,"169,27",169.27,Algodão,8
2021-07-05,Algodão,BARREIRAS,Caroço,arroba,"2.100,00",2100.0,Algodão,8
2021-07-05,Algodão,BARREIRAS,Pluma,arroba,"169,27",169.27,Algodão,8
2021-07-06,Algodão,BARREIRAS,Caroço,arroba,"2.100,00",2100.0,Algodão,8
2021-07-06,Algodão,BARREIRAS,Pluma,arroba,"169,27",169.27,Algodão,8
2021-07-07,Algodão,BARREIRAS,Caroço,arroba,"1.800,00",1800.0,Algodão,8
2021-07-07,Algodão,BARREIRAS,Pluma,arroba,"169,27",169.27,Algodão,8
2021-07-08,Algodão,BARREIRAS,Caroço,arroba,"1.800,00",1800.0,Algodão,8
2021-07-08,Algodão,BARREIRAS,Pluma,arroba,"169,27",169.27,Algodão,8
2021-07-12,Algodão,BARREIRAS,Caroço,arroba,"1.800,00",1800.0,Algodão,8
2021-07-12,Algodão,BARREIRAS,Pluma,arroba,"169,27",169.27,Algodão,8
2021-07-13,Algodão,BARREIRAS,Caroço,arroba,"1.800,00",1800.0,Algodão,8
2021-07-13,Algodão,BARREIRAS,Pluma,arroba,"169,27",169.27,Algodão,8
2021-07-14,Algodão,BARREIRAS,Caroço,arroba,"1.800,00",1800.0,Algodão,8
2021-07-14,Algodão,BARREIRAS,Pluma,arroba,"169,27",169.27,Algodão,8
2021-07-15,Algodão,BARREIRAS,Caroço,arroba,"1.800,00",1800.0,Algodão,8
2021-07-15,Algodão,BARREIRAS,Pluma,arroba,"169,27",169.27,Algodão,8
2021-07-16,Algodão,BARREIRAS,Caroço,arroba,"1.750,00",1750.0,Algodão,8
2021-07-16,Algodão,BARREIRAS,Pluma,arroba,"169,95",169.95,Algodão,8
2021-07-19,Algodão,BARREIRAS,Caroço,arroba,"1.750,00",1750.0,Algodão,8
2021-07-19,Algodão,BARREIRAS,Pluma,arroba,"169,95",169.95,Algodão,8
2021-07-20,Algodão,BARREIRAS,Caroço,arroba,"1.750,00",1750.0,Algodão,8
2021-07-20,Algodão,BARREIRAS,Pluma,arroba,"169,95",169.95,Algodão,8
2021-07-21,Algodão,BARREIRAS,Caroço,arroba,"1.750,00",1750.0,Algodão,8
2021-07-21,Algodão,BARREIRAS,Pluma,arroba,"169,95",169.95,Algodão,8
2021-07-22,Algodão,BARREIRAS,Caroço,arroba,"1.750,00",1750.0,Algodão,8
2021-07-22,Algodão,BARREIRAS,Pluma,arroba,"169,95",169.95,Algodão,8
2021-07-23,Algodão,BARREIRAS,Caroço,arroba,"1.750,00",1750.0,Algodão,8
2021-07-23,Algodão,BARREIRAS,Pluma,arroba,"171,65",171.65,Algodão,8
2021-07-26,Algodão,BARREIRAS,Caroço,arroba,"1.750,00",1750.0,Algodão,8
2021-07-26,Algodão,BARREIRAS,Pluma,arroba,"171,65",171.65,Algodão,8
2021-07-27,Algodão,BARREIRAS,Caroço,arroba,"1.750,00",1750.0,Algodão,8
2021-07-27,Algodão,BARREIRAS,Pluma,arroba,"171,65",171.65,Algodão,8
2021-07-28,Algodão,BARREIRAS,Caroço,arroba,"1.775,00",1775.0,Algodão,8
2021-07-28,Algodão,BARREIRAS,Pluma,arroba,"171,65",171.65,Algodão,8
2021-07-29,Algodão,BARREIRAS,Caroço,arroba,"1.775,00",1775.0,Algodão,8
2021-07-29,Algodão,BARREIRAS,Pluma,arroba,"171,65",171.65,Algodão,8
2021-07-30,Algodão,BARREIRAS,Caroço,arroba,"1.775,00",1775.0,Algodão,8
2021-07-30,Algodão,BARREIRAS,Pluma,arroba,"171,65",171.65,Algodão,8
2021-08-02,Algodão,BARREIRAS,Caroço,arroba,"1.775,00",1775.0,Algodão,8
2021-08-02,Algodão,BARREIRAS,Pluma,arroba,"171,65",171.65,Algodão,8
2021-08-03,Algodão,BARREIRAS,Caroço,arroba,"1.775,00",1775.0,Algodão,8
2021-08-03,Algodão,BARREIRAS,Pluma,arroba,"171,65",171.65,Algodão,8
2021-08-04,Algodão,BARREIRAS,Caroço,arroba,"1.800,00",1800.0,Algodão,8
2021-08-04,Algodão,BARREIRAS,Pluma,arroba,"171,65",171.65,Algodão,8
2021-08-05,Algodão,BARREIRAS,Caroço,arroba,"1.800,00",1800.0,Algodão,8
2021-08-05,Algodão,BARREIRAS,Pluma,arroba,"171,65",171.65,Algodão,8
2021-08-06,Algodão,BARREIRAS,Caroço,arroba,"1.800,00",1800.0,Algodão,8
2021-08-06,Algodão,BARREIRAS,Pluma,arroba,"171,65",171.65,Algodão,8
2021-08-09,Algodão,BARREIRAS,Caroço,arroba,"1.800,00",1800.0,Algodão,8
2021-08-09,Algodão,BARREIRAS,Pluma,arroba,"171,65",171.65,Algodão,8
2021-08-10,Algodão,BARREIRAS,Caroço,arroba,"1.800,00",1800.0,Algodão,8
2021-08-10,Algodão,BARREIRAS,Pluma,arroba,"171,65",171.65,Algodão,8
2021-08-11,Algodão,BARREIRAS,Caroço,arroba,"1.800,00",1800.0,Algodão,8
2021-08-11,Algodão,BARREIRAS,Pluma,arroba,"171,65",171.65,Algodão,8
2021-08-12,Algodão,BARREIRAS,Caroço,arroba,"1.800,00",1800.0,Algodão,8
2021-08-12,Algodão,BARREIRAS,Pluma,arroba,"171,65",171.65,Algodão,8
2021-08-13,Algodão,BARREIRAS,Caroço,arroba,"1.800,00",1800.0,Algodão,8
2021-08-13,Algodão,BARREIRAS,Pluma,arroba,"171,65",171.65,Algodão,8
2021-08-16,Algodão,BARREIRAS,Caroço,arroba,"1.800,00",1800.0,Algodão,8
2021-08-16,Algodão,BARREIRAS,Pluma,arroba,"171,65",171.65,Algodão,8
2021-08-17,Algodão,BARREIRAS,Caroço,arroba,"1.800,00",1800.0,Algodão,8
2021-08-17,Algodão,BARREIRAS,Pluma,arroba,"171,65",171.65,Algodão,8
2021-08-18,Algodão,BARREIRAS,Caroço,arroba,"1.800,00",1800.0,Algodão,8
2021-08-18,Algodão,BARREIRAS,Pluma,arroba,"171,65",171.65,Algodão,8
2021-08-19,Algodão,BARREIRAS,Caroço,arroba,"1.800,00",1800.0,Algodão,8
2021-08-19,Algodão,BARREIRAS,Pluma,arroba,"171,65",171.65,Algodão,8
2021-08-20,Algodão,BARREIRAS,Caroço,arroba,"1.800,00",1800.0,Algodão,8
2021-08-20,Algodão,BARREIRAS,Pluma,arroba,"171,65",171.65,Algodão,8
2021-08-23,Algodão,BARREIRAS,Caroço,arroba,"1.800,00",1800.0,Algodão,8
2021-08-23,Algodão,BARREIRAS,Pluma,arroba,"171,65",171.65,Algodão,8
2021-08-24,Algodão,BARREIRAS,Caroço,arroba,"1.800,00",1800.0,Algodão,8
2021-08-24,Algodão,BARREIRAS,Pluma,arroba,"171,65",171.65,Algodão,8
2021-08-25,Algodão,BARREIRAS,Caroço,arroba,"1.800,00",1800.0,Algodão,8
2021-08-25,Algodão,BARREIRAS,Pluma,arroba,"171,65",171.65,Algodão,8
2021-08-26,Algodão,BARREIRAS,Caroço,arroba,"1.800,00",1800.0,Algodão,8
2021-08-26,Algodão,BARREIRAS,Pluma,arroba,"171,65",171.65,Algodão,8
2021-08-27,Algodão,BARREIRAS,Caroço,arroba,"1.800,00",1800.0,Algodão,8
2021-08-27,Algodão,BARREIRAS,Pluma,arroba,"171,65",171.65,Algodão,8
2021-08-30,Algodão,BARREIRAS,Caroço,arroba,"1.800,00",1800.0,Algodão,8
2021-08-30,Algodão,BARREIRAS,Pluma,arroba,"171,65",171.65,Algodão,8
2021-08-31,Algodão,BARREIRAS,Caroço,arroba,"1.800,00",1800.0,Algodão,8
2021-08-31,Algodão,BARREIRAS,Pluma,arroba,"171,65",171.65,Algodão,8
2021-09-01,Algodão,BARREIRAS,Caroço,arroba,"1.800,00",1800.0,Algodão,8
2021-09-01,Algodão,BARREIRAS,Pluma,arroba,"171,65",171.65,Algodão,8
2021-09-02,Algodão,BARREIRAS,Caroço,arroba,"1.800,00",1800.0,Algodão,8
2021-09-02,Algodão,BARREIRAS,Pluma,arroba,"171,65",171.65,Algodão,8
2021-09-03,Algodão,BARREIRAS,Caroço,arroba,"1.800,00",1800.0,Algodão,8
2021-09-03,Algodão,BARREIRAS,Pluma,arroba,"171,65",171.65,Algodão,8
2021-09-06,Algodão,BARREIRAS,Caroço,arroba,"1.800,00",1800.0,Algodão,8
2021-09-06,Algodão,BARREIRAS,Pluma,arroba,"171,65",171.65,Algodão,8
2021-09-08,Algodão,BARREIRAS,Caroço,arroba,"1.800,00",1800.0,Algodão,8
2021-09-08,Algodão,BARREIRAS,Pluma,arroba,"171,65",171.65,Algodão,8
2021-09-09,Algodão,BARREIRAS,Caroço,arroba,"1.800,00",1800.0,Algodão,8
2021-09-09,Algodão,BARREIRAS,Pluma,arroba,"171,65",171.65,Algodão,8
2021-09-10,Algodão,BARREIRAS,Caroço,arroba,"1.800,00",1800.0,Algodão,8
2021-09-10,Algodão,BARREIRAS,Pluma,arroba,"171,65",171.65,Algodão,8
2021-09-13,Algodão,BARREIRAS,Caroço,arroba,"1.800,00",1800.0,Algodão,8
2021-09-13,Algodão,BARREIRAS,Pluma,arroba,"171,65",171.65,Algodão,8
2021-09-14,Algodão,BARREIRAS,Caroço,arroba,"1.800,00",1800.0,Algodão,8
2021-09-14,Algodão,BARREIRAS,Pluma,arroba,"171,65",171.65,Algodão,8
2021-09-15,Algodão,BARREIRAS,Caroço,arroba,"1.800,00",1800.0,Algodão,8
2021-09-15,Algodão,BARREIRAS,Pluma,arroba,"171,65",171.65,Algodão,8
2021-09-16,Algodão,BARREIRAS,Caroço,arroba,"1.800,00",1800.0,Algodão,8
2021-09-16,Algodão,BARREIRAS,Pluma,arroba,"171,65",171.65,Algodão,8
2021-09-17,Algodão,BARREIRAS,Caroço,arroba,"1.800,00",1800.0,Algodão,8
2021-09-17,Algodão,BARREIRAS,Pluma,arroba,"171,65",171.65,Algodão,8
2021-09-20,Algodão,BARREIRAS,Caroço,arroba,"1.800,00",1800.0,Algodão,8
2021-09-20,Algodão,BARREIRAS,Pluma,arroba,"171,65",171.65,Algodão,8
2021-09-21,Algodão,BARREIRAS,Caroço,arroba,"1.800,00",1800.0,Algodão,8
2021-09-21,Algodão,BARREIRAS,Pluma,arroba,"171,65",171.65,Algodão,8
2021-09-22,Algodão,BARREIRAS,Caroço,arroba,"1.800,00",1800.0,Algodão,8
2021-09-22,Algodão,BARREIRAS,Pluma,arroba,"171,65",171.65,Algodão,8
2021-09-23,Algodão,BARREIRAS,Caroço,arroba,"1.800,00",1800.0,Algodão,8
2021-09-23,Algodão,BARREIRAS,Pluma,arroba,"171,65",171.65,Algodão,8
2021-09-24,Algodão,BARREIRAS,Caroço,arroba,"1.800,00",1800.0,Algodão,8
2021-09-24,Algodão,BARREIRAS,Pluma,arroba,"171,65",171.65,Algodão,8
2021-09-27,Algodão,BARREIRAS,Caroço,arroba,"1.800,00",1800.0,Algodão,8
2021-09-27,Algodão,BARREIRAS,Pluma,arroba,"171,65",171.65,Algodão,8
2021-09-28,Algodão,BARREIRAS,Caroço,arroba,"1.800,00",1800.0,Algodão,8
2021-09-28,Algodão,BARREIRAS,Pluma,arroba,"171,65",171.65,Algodão,8
2021-09-29,Algodão,BARREIRAS,Caroço,arroba,"1.800,00",1800.0,Algodão,8
2021-09-29,Algodão,BARREIRAS,Pluma,arroba,"171,65",171.65,Algodão,8
2021-09-30,Algodão,BARREIRAS,Caroço,arroba,"1.800,00",1800.0,Algodão,8
2021-09-30,Algodão,BARREIRAS,Pluma,arroba,"171,65",171.65,Algodão,8
2021-10-01,Algodão,BARREIRAS,Caroço,arroba,"1.800,00",1800.0,Algodão,8
2021-10-01,Algodão,BARREIRAS,Pluma,arroba,"171,65",171.65,Algodão,8
2021-10-04,Algodão,BARREIRAS,Caroço,arroba,"1.800,00",1800.0,Algodão,8
2021-10-04,Algodão,BARREIRAS,Pluma,arroba,"171,65",171.65,Algodão,8
2021-10-05,Algodão,BARREIRAS,Caroço,arroba,"1.800,00",1800.0,Algodão,8
2021-10-05,Algodão,BARREIRAS,Pluma,arroba,"171,65",171.65,Algodão,8
2021-10-06,Algodão,BARREIRAS,Caroço,arroba,"1.800,00",1800.0,Algodão,8
2021-10-06,Algodão,BARREIRAS,Pluma,arroba,"171,65",171.65,Algodão,8
2021-10-07,Algodão,BARREIRAS,Caroço,arroba,"1.800,00",1800.0,Algodão,8
2021-10-07,Algodão,BARREIRAS,Pluma,arroba,"171,65",171.65,Algodão,8
2021-10-08,Algodão,BARREIRAS,Caroço,arroba,"1.800,00",1800.0,Algodão,8
2021-10-08,Algodão,BARREIRAS,Pluma,arroba,"171,65",171.65,Algodão,8
2021-10-13,Algodão,BARREIRAS,Caroço,arroba,"1.800,00",1800.0,Algodão,8
2021-10-13,Algodão,BARREIRAS,Pluma,arroba,"171,65",171.65,Algodão,8
2021-10-14,Algodão,BARREIRAS,Caroço,arroba,"1.800,00",1800.0,Algodão,8
2021-10-14,Algodão,BARREIRAS,Pluma,arroba,"171,65",171.65,Algodão,8
2021-10-15,Algodão,BARREIRAS,Caroço,arroba,"1.800,00",1800.0,Algodão,8
2021-10-15,Algodão,BARREIRAS,Pluma,arroba,"171,65",171.65,Algodão,8
2021-10-18,Algodão,BARREIRAS,Caroço,arroba,"1.800,00",1800.0,Algodão,8
2021-10-18,Algodão,BARREIRAS,Pluma,arroba,"171,65",171.65,Algodão,8
2021-10-19,Algodão,BARREIRAS,Caroço,arroba,"1.800,00",1800.0,Algodão,8
2021-10-19,Algodão,BARREIRAS,Pluma,arroba,"171,65",171.65,Algodão,8
2021-10-20,Algodão,BARREIRAS,Caroço,arroba,"1.800,00",1800.0,Algodão,8
2021-10-20,Algodão,BARREIRAS,Pluma,arroba,"171,65",171.65,Algodão,8
2021-10-21,Algodão,BARREIRAS,Caroço,arroba,"1.800,00",1800.0,Algodão,8
2021-10-21,Algodão,BARREIRAS,Pluma,arroba,"171,65",171.65,Algodão,8
2021-10-22,Algodão,BARREIRAS,Caroço,arroba,"1.800,00",1800.0,Algodão,8
2021-10-22,Algodão,BARREIRAS,Pluma,arroba,"171,65",171.65,Algodão,8
2021-10-25,Algodão,BARREIRAS,Caroço,arroba,"1.800,00",1800.0,Algodão,8
2021-10-25,Algodão,BARREIRAS,Pluma,arroba,"171,65",171.65,Algodão,8
2021-10-26,Algodão,BARREIRAS,Caroço,arroba,"1.800,00",1800.0,Algodão,8
2021-10-26,Algodão,BARREIRAS,Pluma,arroba,"171,65",171.65,Algodão,8
2021-10-27,Algodão,BARREIRAS,Caroço,arroba,"1.800,00",1800.0,Algodão,8
2021-10-27,Algodão,BARREIRAS,Pluma,arroba,"171,65",171.65,Algodão,8
2021-10-28,Algodão,BARREIRAS,Caroço,arroba,"1.800,00",1800.0,Algodão,8
2021-10-28,Algodão,BARREIRAS,Pluma,arroba,"171,65",171.65,Algodão,8
2021-10-29,Algodão,BARREIRAS,Caroço,arroba,"1.800,00",1800.0,Algodão,8
2021-10-29,Algodão,BARREIRAS,Pluma,arroba,"171,65",171.65,Algodão,8
2021-11-03,Algodão,BARREIRAS,Caroço,arroba,"1.800,00",1800.0,Algodão,8
2021-11-03,Algodão,BARREIRAS,Pluma,arroba,"171,65",171.65,Algodão,8
2021-11-04,Algodão,BARREIRAS,Caroço,arroba,"1.800,00",1800.0,Algodão,8
2021-11-04,Algodão,BARREIRAS,Pluma,arroba,"171,65",171.65,Algodão,8
2021-11-05,Algodão,BARREIRAS,Caroço,arroba,"1.800,00",1800.0,Algodão,8
2021-11-05,Algodão,BARREIRAS,Pluma,arroba,"171,65",171.65,Algodão,8
2021-11-08,Algodão,BARREIRAS,Caroço,arroba,"1.800,00",1800.0,Algodão,8
2021-11-08,Algodão,BARREIRAS,Pluma,arroba,"179,40",179.4,Algodão,8
2021-11-09,Algodão,BARREIRAS,Caroço,arroba,"1.800,00",1800.0,Algodão,8
2021-11-09,Algodão,BARREIRAS,Pluma,arroba,"179,40",179.4,Algodão,8
2021-11-10,Algodão,BARREIRAS,Caroço,arroba,"1.800,00",1800.0,Algodão,8
2021-11-10,Algodão,BARREIRAS,Pluma,arroba,"179,40",179.4,Algodão,8
2021-11-11,Algodão,BARREIRAS,Caroço,arroba,"1.800,00",1800.0,Algodão,8
2021-11-11,Algodão,BARREIRAS,Pluma,arroba,"189,50",189.5,Algodão,8
2021-11-12,Algodão,BARREIRAS,Caroço,arroba,"1.800,00",1800.0,Algodão,8
2021-11-12,Algodão,BARREIRAS,Pluma,arroba,"189,00",189.0,Algodão,8
2021-11-16,Algodão,BARREIRAS,Caroço,arroba,"1.800,00",1800.0,Algodão,8
2021-11-16,Algodão,BARREIRAS,Pluma,arroba,"189,00",189.0,Algodão,8
2021-11-17,Algodão,BARREIRAS,Caroço,arroba,"1.800,00",1800.0,Algodão,8
2021-11-17,Algodão,BARREIRAS,Pluma,arroba,"191,00",191.0,Algodão,8
2021-11-18,Algodão,BARREIRAS,Caroço,arroba,"1.800,00",1800.0,Algodão,8
2021-11-18,Algodão,BARREIRAS,Pluma,arroba,"191,00",191.0,Algodão,8
2021-11-19,Algodão,BARREIRAS,Caroço,arroba,"1.800,00",1800.0,Algodão,8
2021-11-19,Algodão,BARREIRAS,Pluma,arroba,"191,00",191.0,Algodão,8
2021-11-20,Algodão,BARREIRAS,Caroço,arroba,"1.800,00",1800.0,Algodão,8
2021-11-20,Algodão,BARREIRAS,Pluma,arroba,"195,00",195.0,Algodão,8
2021-11-22,Algodão,BARREIRAS,Caroço,arroba,"1.800,00",1800.0,Algodão,8
2021-11-22,Algodão,BARREIRAS,Pluma,arroba,"191,00",191.0,Algodão,8
2021-11-23,Algodão,BARREIRAS,Caroço,arroba,"1.800,00",1800.0,Algodão,8
2021-11-23,Algodão,BARREIRAS,Pluma,arroba,"195,00",195.0,Algodão,8
2021-11-24,Algodão,BARREIRAS,Caroço,arroba,"1.800,00",1800.0,Algodão,8
2021-11-24,Algodão,BARREIRAS,Pluma,arroba,"195,00",195.0,Algodão,8
2021-11-25,Algodão,BARREIRAS,Caroço,arroba,"1.800,00",1800.0,Algodão,8
2021-11-25,Algodão,BARREIRAS,Pluma,arroba,"195,00",195.0,Algodão,8
2021-11-26,Algodão,BARREIRAS,Caroço,arroba,"1.800,00",1800.0,Algodão,8
2021-11-26,Algodão,BARREIRAS,Pluma,arroba,"195,00",195.0,Algodão,8
2021-11-29,Algodão,BARREIRAS,Caroço,arroba,"1.800,00",1800.0,Algodão,8
2021-11-29,Algodão,BARREIRAS,Pluma,arroba,"195,00",195.0,Algodão,8
2021-11-30,Algodão,BARREIRAS,Caroço,arroba,"1.800,00",1800.0,Algodão,8
2021-11-30,Algodão,BARREIRAS,Pluma,arroba,"195,00",195.0,Algodão,8
2021-12-01,Algodão,BARREIRAS,Caroço,arroba,"1.800,00",1800.0,Algodão,8
2021-12-01,Algodão,BARREIRAS,Pluma,arroba,"195,00",195.0,Algodão,8
2021-12-02,Algodão,BARREIRAS,Caroço,arroba,"1.800,00",1800.0,Algodão,8
2021-12-02,Algodão,BARREIRAS,Pluma,arroba,"195,00",195.0,Algodão,8
2021-12-03,Algodão,BARREIRAS,Caroço,arroba,"1.800,00",1800.0,Algodão,8
2021-12-03,Algodão,BARREIRAS,Pluma,arroba,"195,00",195.0,Algodão,8
2021-12-06,Algodão,BARREIRAS,Caroço,arroba,"1.800,00",1800.0,Algodão,8
2021-12-06,Algodão,BARREIRAS,Pluma,arroba,"195,00",195.0,Algodão,8
2021-12-07,Algodão,BARREIRAS,Caroço,arroba,"1.800,00",1800.0,Algodão,8
2021-12-07,Algodão,BARREIRAS,Pluma,arroba,"195,00",195.0,Algodão,8
2021-12-09,Algodão,BARREIRAS,Caroço,arroba,"1.825,00",1825.0,Algodão,8
2021-12-09,Algodão,BARREIRAS,Pluma,arroba,"189,00",189.0,Algodão,8
2021-12-10,Algodão,BARREIRAS,Caroço,arroba,"1.825,00",1825.0,Algodão,8
2021-12-10,Algodão,BARREIRAS,Pluma,arroba,"189,00",189.0,Algodão,8
2021-12-13,Algodão,BARREIRAS,Caroço,arroba,"1.825,00",1825.0,Algodão,8
2021-12-13,Algodão,BARREIRAS,Pluma,arroba,"189,00",189.0,Algodão,8
2021-12-14,Algodão,BARREIRAS,Caroço,arroba,"1.825,00",1825.0,Algodão,8
2021-12-14,Algodão,BARREIRAS,Pluma,arroba,"189,00",189.0,Algodão,8
2021-12-15,Algodão,BARREIRAS,Caroço,arroba,"1.825,00",1825.0,Algodão,8
2021-12-15,Algodão,BARREIRAS,Pluma,arroba,"189,00",189.0,Algodão,8
2021-12-16,Algodão,BARREIRAS,Caroço,arroba,"1.825,00",1825.0,Algodão,8
2021-12-16,Algodão,BARREIRAS,Pluma,arroba,"189,00",189.0,Algodão,8
2021-12-17,Algodão,BARREIRAS,Caroço,arroba,"1.825,00",1825.0,Algodão,8
2021-12-17,Algodão,BARREIRAS,Pluma,arroba,"189,00",189.0,Algodão,8
2021-12-20,Algodão,BARREIRAS,Caroço,arroba,"1.825,00",1825.0,Algodão,8
2021-12-20,Algodão,BARREIRAS,Pluma,arroba,"189,00",189.0,Algodão,8
2021-12-21,Algodão,BARREIRAS,Caroço,arroba,"1.825,00",1825.0,Algodão,8
2021-12-21,Algodão,BARREIRAS,Pluma,arroba,"203,50",203.5,Algodão,8
2021-12-22,Algodão,BARREIRAS,Caroço,arroba,"1.825,00",1825.0,Algodão,8
2021-12-22,Algodão,BARREIRAS,Pluma,arroba,"203,50",203.5,Algodão,8
2021-12-23,Algodão,BARREIRAS,Caroço,arroba,"1.825,00",1825.0,Algodão,8
2021-12-23,Algodão,BARREIRAS,Pluma,arroba,"203,50",203.5,Algodão,8
2021-12-27,Algodão,BARREIRAS,Caroço,arroba,"1.825,00",1825.0,Algodão,8
2021-12-27,Algodão,BARREIRAS,Pluma,arroba,"203,50",203.5,Algodão,8
2021-12-28,Algodão,BARREIRAS,Caroço,arroba,"1.825,00",1825.0,Algodão,8
2021-12-28,Algodão,BARREIRAS,Pluma,arroba,"203,50",203.5,Algodão,8
2021-12-29,Algodão,BARREIRAS,Caroço,arroba,"1.825,00",1825.0,Algodão,8
2021-12-29,Algodão,BARREIRAS,Pluma,arroba,"203,50",203.5,Algodão,8
2022-01-03,Algodão,BARREIRAS,Caroço,arroba,"1.825,00",1825.0,Algodão,8
2022-01-03,Algodão,BARREIRAS,Pluma,arroba,"203,50",203.5,Algodão,8
2022-01-04,Algodão,BARREIRAS,Caroço,arroba,"1.825,00",1825.0,Algodão,8
2022-01-04,Algodão,BARREIRAS,Pluma,arroba,"203,50",203.5,Algodão,8
2022-01-05,Algodão,BARREIRAS,Caroço,arroba,"1.825,00",1825.0,Algodão,8
2022-01-05,Algodão,BARREIRAS,Pluma,arroba,"203,50",203.5,Algodão,8
2022-01-06,Algodão,BARREIRAS,Caroço,arroba,"1.825,00",1825.0,Algodão,8
2022-01-06,Algodão,BARREIRAS,Pluma,arroba,"203,50",203.5,Algodão,8
2022-01-07,Algodão,BARREIRAS,Caroço,arroba,"1.825,00",1825.0,Algodão,8
2022-01-07,Algodão,BARREIRAS,Pluma,arroba,"203,50",203.5,Algodão,8
2022-01-10,Algodão,BARREIRAS,Caroço,arroba,"1.825,00",1825.0,Algodão,8
2022-01-10,Algodão,BARREIRAS,Pluma,arroba,"203,50",203.5,Algodão,8
2022-01-11,Algodão,BARREIRAS,Caroço,arroba,"1.825,00",1825.0,Algodão,8
2022-01-11,Algodão,BARREIRAS,Pluma,arroba,"198,00",198.0,Algodão,8
2022-01-12,Algodão,BARREIRAS,Caroço,arroba,"1.825,00",1825.0,Algodão,8
2022-01-12,Algodão,BARREIRAS,Pluma,arroba,"198,00",198.0,Algodão,8
2022-01-13,Algodão,BARREIRAS,Caroço,arroba,"1.825,00",1825.0,Algodão,8
2022-01-13,Algodão,BARREIRAS,Pluma,arroba,"198,00",198.0,Algodão,8
2022-01-14,Algodão,BARREIRAS,Caroço,arroba,"1.825,00",1825.0,Algodão,8
2022-01-14,Algodão,BARREIRAS,Pluma,arroba,"198,00",198.0,Algodão,8
2022-01-17,Algodão,BARREIRAS,Caroço,arroba,"1.825,00",1825.0,Algodão,8
2022-01-17,Algodão,BARREIRAS,Pluma,arroba,"198,00",198.0,Algodão,8
2022-01-18,Algodão,BARREIRAS,Caroço,arroba,"1.825,00",1825.0,Algodão,8
2022-01-18,Algodão,BARREIRAS,Pluma,arroba,"198,00",198.0,Algodão,8
2022-01-19,Algodão,BARREIRAS,Caroço,arroba,"1.825,00",1825.0,Algodão,8
2022-01-19,Algodão,BARREIRAS,Pluma,arroba,"201,00",201.0,Algodão,8
2022-01-20,Algodão,BARREIRAS,Caroço,arroba,"1.825,00",1825.0,Algodão,8
2022-01-20,Algodão,BARREIRAS,Pluma,arroba,"201,00",201.0,Algodão,8
2022-01-21,Algodão,BARREIRAS,Caroço,arroba,"1.825,00",1825.0,Algodão,8
2022-01-21,Algodão,BARREIRAS,Pluma,arroba,"201,00",201.0,Algodão,8
2022-01-24,Algodão,BARREIRAS,Caroço,arroba,"1.825,00",1825.0,Algodão,8
2022-01-24,Algodão,BARREIRAS,Pluma,arroba,"201,00",201.0,Algodão,8
2022-01-25,Algodão,BARREIRAS,Caroço,arroba,"1.825,00",1825.0,Algodão,8
2022-01-25,Algodão,BARREIRAS,Pluma,arroba,"201,00",201.0,Algodão,8
2022-01-26,Algodão,BARREIRAS,Caroço,arroba,"1.825,00",1825.0,Algodão,8
2022-01-26,Algodão,BARREIRAS,Pluma,arroba,"201,00",201.0,Algodão,8
2022-01-27,Algodão,BARREIRAS,Caroço,arroba,"1.825,00",1825.0,Algodão,8
2022-01-27,Algodão,BARREIRAS,Pluma,arroba,"201,00",201.0,Algodão,8
2022-01-28,Algodão,BARREIRAS,Caroço,arroba,"1.825,00",1825.0,Algodão,8
2022-01-28,Algodão,BARREIRAS,Pluma,arroba,"186,00",186.0,Algodão,8
2022-01-31,Algodão,BARREIRAS,Caroço,arroba,"1.825,00",1825.0,Algodão,8
2022-01-31,Algodão,BARREIRAS,Pluma,arroba,"210,00",210.0,Algodão,8
2022-02-01,Algodão,BARREIRAS,Caroço,arroba,"1.825,00",1825.0,Algodão,8
2022-02-01,Algodão,BARREIRAS,Pluma,arroba,"210,00",210.0,Algodão,8
2022-02-02,Algodão,BARREIRAS,Caroço,arroba,"1.825,00",1825.0,Algodão,8
2022-02-02,Algodão,BARREIRAS,Pluma,arroba,"210,00",210.0,Algodão,8
2022-02-03,Algodão,BARREIRAS,Caroço,arroba,"1.825,00",1825.0,Algodão,8
2022-02-03,Algodão,BARREIRAS,Pluma,arroba,"210,00",210.0,Algodão,8
2022-02-04,Algodão,BARREIRAS,Caroço,arroba,"1.825,00",1825.0,Algodão,8
2022-02-04,Algodão,BARREIRAS,Pluma,arroba,"210,00",210.0,Algodão,8
2022-02-07,Algodão,BARREIRAS,Caroço,arroba,"1.825,00",1825.0,Algodão,8
2022-02-07,Algodão,BARREIRAS,Pluma,arroba,"211,50",211.5,Algodão,8
2022-02-08,Algodão,BARREIRAS,Caroço,arroba,"1.825,00",1825.0,Algodão,8
2022-02-08,Algodão,BARREIRAS,Pluma,arroba,"211,50",211.5,Algodão,8
2022-02-09,Algodão,BARREIRAS,Caroço,arroba,"1.825,00",1825.0,Algodão,8
2022-02-09,Algodão,BARREIRAS,Pluma,arroba,"211,50",211.5,Algodão,8
2022-02-10,Algodão,BARREIRAS,Caroço,arroba,"1.825,00",1825.0,Algodão,8
2022-02-10,Algodão,BARREIRAS,Pluma,arroba,"211,50",211.5,Algodão,8
2022-02-11,Algodão,BARREIRAS,Caroço,arroba,"1.825,00",1825.0,Algodão,8
2022-02-11,Algodão,BARREIRAS,Pluma,arroba,"211,50",211.5,Algodão,8
2022-02-14,Algodão,BARREIRAS,Caroço,arroba,"1.825,00",1825.0,Algodão,8
2022-02-14,Algodão,BARREIRAS,Pluma,arroba,"198,00",198.0,Algodão,8
2022-02-15,Algodão,BARREIRAS,Caroço,arroba,"1.825,00",1825.0,Algodão,8
2022-02-15,Algodão,BARREIRAS,Pluma,arroba,"198,00",198.0,Algodão,8
2022-02-16,Algodão,BARREIRAS,Caroço,arroba,"1.825,00",1825.0,Algodão,8
2022-02-16,Algodão,BARREIRAS,Pluma,arroba,"205,50",205.5,Algodão,8
2022-02-17,Algodão,BARREIRAS,Caroço,arroba,"1.825,00",1825.0,Algodão,8
2022-02-17,Algodão,BARREIRAS,Pluma,arroba,"203,40",203.4,Algodão,8
2022-02-18,Algodão,BARREIRAS,Caroço,arroba,"1.825,00",1825.0,Algodão,8
2022-02-18,Algodão,BARREIRAS,Pluma,arroba,"203,40",203.4,Algodão,8
2022-02-21,Algodão,BARREIRAS,Caroço,arroba,"1.825,00",1825.0,Algodão,8
2022-02-21,Algodão,BARREIRAS,Pluma,arroba,"203,40",203.4,Algodão,8
2022-02-22,Algodão,BARREIRAS,Caroço,arroba,"1.825,00",1825.0,Algodão,8
2022-02-22,Algodão,BARREIRAS,Pluma,arroba,"203,40",203.4,Algodão,8
2022-02-23,Algodão,BARREIRAS,Caroço,arroba,"1.825,00",1825.0,Algodão,8
2022-02-23,Algodão,BARREIRAS,Pluma,arroba,"205,50",205.5,Algodão,8
2022-02-24,Algodão,BARREIRAS,Caroço,arroba,"1.825,00",1825.0,Algodão,8
2022-02-24,Algodão,BARREIRAS,Pluma,arroba,"203,40",203.4,Algodão,8
2022-02-25,Algodão,BARREIRAS,Caroço,arroba,"1.825,00",1825.0,Algodão,8
2022-02-25,Algodão,BARREIRAS,Pluma,arroba,"203,40",203.4,Algodão,8
2022-02-28,Algodão,BARREIRAS,Caroço,arroba,"1.825,00",1825.0,Algodão,8
2022-02-28,Algodão,BARREIRAS,Pluma,arroba,"203,40",203.4,Algodão,8
2022-03-01,Algodão,BARREIRAS,Caroço,arroba,"1.825,00",1825.0,Algodão,8
2022-03-01,Algodão,BARREIRAS,Pluma,arroba,"203,40",203.4,Algodão,8
2022-03-02,Algodão,BARREIRAS,Caroço,arroba,"1.825,00",1825.0,Algodão,8
2022-03-02,Algodão,BARREIRAS,Pluma,arroba,"203,40",203.4,Algodão,8
2022-03-03,Algodão,BARREIRAS,Caroço,arroba,"1.825,00",1825.0,Algodão,8
2022-03-03,Algodão,BARREIRAS,Pluma,arroba,"203,40",203.4,Algodão,8
2022-03-04,Algodão,BARREIRAS,Caroço,arroba,"1.825,00",1825.0,Algodão,8
2022-03-04,Algodão,BARREIRAS,Pluma,arroba,"203,40",203.4,Algodão,8
2022-03-07,Algodão,BARREIRAS,Caroço,arroba,"1.825,00",1825.0,Algodão,8
2022-03-07,Algodão,BARREIRAS,Pluma,arroba,"204,00",204.0,Algodão,8
2022-03-08,Algodão,BARREIRAS,Caroço,arroba,"1.825,00",1825.0,Algodão,8
2022-03-08,Algodão,BARREIRAS,Pluma,arroba,"204,00",204.0,Algodão,8
2022-03-09,Algodão,BARREIRAS,Caroço,arroba,Sem cotação,,Algodão,8
2022-03-09,Algodão,BARREIRAS,Pluma,arroba,"198,00",198.0,Algodão,8
2022-03-10,Algodão,BARREIRAS,Caroço,arroba,Sem cotação,,Algodão,8
2022-03-10,Algodão,BARREIRAS,Pluma,arroba,"198,00",198.0,Algodão,8
2022-03-11,Algodão,BARREIRAS,Caroço,arroba,Sem cotação,,Algodão,8
2022-03-11,Algodão,BARREIRAS,Pluma,arroba,"198,00",198.0,Algodão,8
2022-03-14,Algodão,BARREIRAS,Caroço,arroba,Sem cotação,,Algodão,8
2022-03-14,Algodão,BARREIRAS,Pluma,arroba,"198,00",198.0,Algodão,8
2022-03-15,Algodão,BARREIRAS,Caroço,arroba,Sem cotação,,Algodão,8
2022-03-15,Algodão,BARREIRAS,Pluma,arroba,"198,00",198.0,Algodão,8
2022-03-16,Algodão,BARREIRAS,Caroço,arroba,Sem cotação,,Algodão,8
2022-03-16,Algodão,BARREIRAS,Pluma,arroba,"204,00",204.0,Algodão,8
2022-03-17,Algodão,BARREIRAS,Caroço,arroba,Sem cotação,,Algodão,8
2022-03-17,Algodão,BARREIRAS,Pluma,arroba,"204,00",204.0,Algodão,8
2022-03-18,Algodão,BARREIRAS,Caroço,arroba,Sem cotação,,Algodão,8
2022-03-18,Algodão,BARREIRAS,Pluma,arroba,"204,00",204.0,Algodão,8
2022-03-21,Algodão,BARREIRAS,Caroço,arroba,"1.825,00",1825.0,Algodão,8
2022-03-21,Algodão,BARREIRAS,Pluma,arroba,"216,00",216.0,Algodão,8
2022-03-22,Algodão,BARREIRAS,Caroço,arroba,"1.825,00",1825.0,Algodão,8
2022-03-22,Algodão,BARREIRAS,Pluma,arroba,"216,00",216.0,Algodão,8
2022-03-23,Algodão,BARREIRAS,Caroço,arroba,"1.825,00",1825.0,Algodão,8
2022-03-23,Algodão,BARREIRAS,Pluma,arroba,"210,00",210.0,Algodão,8
2022-03-24,Algodão,BARREIRAS,Caroço,arroba,"1.825,00",1825.0,Algodão,8
2022-03-24,Algodão,BARREIRAS,Pluma,arroba,"210,00",210.0,Algodão,8
2022-03-25,Algodão,BARREIRAS,Caroço,arroba,"1.825,00",1825.0,Algodão,8
2022-03-25,Algodão,BARREIRAS,Pluma,arroba,"210,00",210.0,Algodão,8
2022-03-28,Algodão,BARREIRAS,Caroço,arroba,"1.825,00",1825.0,Algodão,8
2022-03-28,Algodão,BARREIRAS,Pluma,arroba,"210,00",210.0,Algodão,8
2022-03-29,Algodão,BARREIRAS,Caroço,arroba,"1.825,00",1825.0,Algodão,8
2022-03-29,Algodão,BARREIRAS,Pluma,arroba,"210,00",210.0,Algodão,8
2022-03-30,Algodão,BARREIRAS,Caroço,arroba,"1.825,00",1825.0,Algodão,8
2022-03-30,Algodão,BARREIRAS,Pluma,arroba,"214,50",214.5,Algodão,8
2022-03-31,Algodão,BARREIRAS,Caroço,arroba,"1.825,00",1825.0,Algodão,8
2022-03-31,Algodão,BARREIRAS,Pluma,arroba,"214,50",214.5,Algodão,8
2022-04-01,Algodão,BARREIRAS,Caroço,arroba,"1.825,00",1825.0,Algodão,8
2022-04-01,Algodão,BARREIRAS,Pluma,arroba,"214,50",214.5,Algodão,8
2022-04-04,Algodão,BARREIRAS,Caroço,arroba,"1.825,00",1825.0,Algodão,8
2022-04-04,Algodão,BARREIRAS,Pluma,arroba,"219,00",219.0,Algodão,8
2022-04-05,Algodão,BARREIRAS,Caroço,arroba,"1.825,00",1825.0,Algodão,8
2022-04-05,Algodão,BARREIRAS,Pluma,arroba,"219,00",219.0,Algodão,8
2022-04-06,Algodão,BARREIRAS,Caroço,arroba,"1.825,00",1825.0,Algodão,8
2022-04-06,Algodão,BARREIRAS,Pluma,arroba,"219,00",219.0,Algodão,8
2022-04-07,Algodão,BARREIRAS,Caroço,arroba,"1.825,00",1825.0,Algodão,8
2022-04-07,Algodão,BARREIRAS,Pluma,arroba,"222,00",222.0,Algodão,8
2022-04-08,Algodão,BARREIRAS,Caroço,arroba,"1.825,00",1825.0,Algodão,8
2022-04-08,Algodão,BARREIRAS,Pluma,arroba,"222,00",222.0,Algodão,8
2022-04-11,Algodão,BARREIRAS,Caroço,arroba,"1.825,00",1825.0,Algodão,8
2022-04-11,Algodão,BARREIRAS,Pluma,arroba,"219,00",219.0,Algodão,8
2022-04-12,Algodão,BARREIRAS,Caroço,arroba,"1.825,00",1825.0,Algodão,8
2022-04-12,Algodão,BARREIRAS,Pluma,arroba,"219,00",219.0,Algodão,8
2022-04-13,Algodão,BARREIRAS,Caroço,arroba,"1.825,00",1825.0,Algodão,8
2022-04-13,Algodão,BARREIRAS,Pluma,arroba,"214,50",214.5,Algodão,8
2022-04-14,Algodão,BARREIRAS,Caroço,arroba,"1.825,00",1825.0,Algodão,8
2022-04-14,Algodão,BARREIRAS,Pluma,arroba,"214,50",214.5,Algodão,8
2022-04-18,Algodão,BARREIRAS,Caroço,arroba,"1.825,00",1825.0,Algodão,8
2022-04-18,Algodão,BARREIRAS,Pluma,arroba,"214,50",214.5,Algodão,8
2022-04-19,Algodão,BARREIRAS,Caroço,arroba,"1.825,00",1825.0,Algodão,8
2022-04-19,Algodão,BARREIRAS,Pluma,arroba,"228,00",228.0,Algodão,8
2022-04-20,Algodão,BARREIRAS,Caroço,arroba,"1.825,00",1825.0,Algodão,8
2022-04-20,Algodão,BARREIRAS,Pluma,arroba,"217,50",217.5,Algodão,8
2022-04-22,Algodão,BARREIRAS,Caroço,arroba,"1.825,00",1825.0,Algodão,8
2022-04-22,Algodão,BARREIRAS,Pluma,arroba,"217,50",217.5,Algodão,8
2022-04-25,Algodão,BARREIRAS,Caroço,arroba,"1.825,00",1825.0,Algodão,8
2022-04-25,Algodão,BARREIRAS,Pluma,arroba,"217,50",217.5,Algodão,8
2022-04-26,Algodão,BARREIRAS,Caroço,arroba,"1.825,00",1825.0,Algodão,8
2022-04-26,Algodão,BARREIRAS,Pluma,arroba,"217,50",217.5,Algodão,8
2022-04-27,Algodão,BARREIRAS,Caroço,arroba,"1.825,00",1825.0,Algodão,8
2022-04-27,Algodão,BARREIRAS,Pluma,arroba,"217,50",217.5,Algodão,8
2022-04-28,Algodão,BARREIRAS,Caroço,arroba,"1.825,00",1825.0,Algodão,8
2022-04-28,Algodão,BARREIRAS,Pluma,arroba,"217,50",217.5,Algodão,8
2022-04-29,Algodão,BARREIRAS,Caroço,arroba,"1.825,00",1825.0,Algodão,8
2022-04-29,Algodão,BARREIRAS,Pluma,arroba,"217,50",217.5,Algodão,8
2022-05-02,Algodão,BARREIRAS,Caroço,arroba,"1.825,00",1825.0,Algodão,8
2022-05-02,Algodão,BARREIRAS,Pluma,arroba,"217,50",217.5,Algodão,8
2022-05-03,Algodão,BARREIRAS,Caroço,arroba,"1.825,00",1825.0,Algodão,8
2022-05-03,Algodão,BARREIRAS,Pluma,arroba,"217,50",217.5,Algodão,8
2022-05-04,Algodão,BARREIRAS,Caroço,arroba,"1.825,00",1825.0,Algodão,8
2022-05-04,Algodão,BARREIRAS,Pluma,arroba,"217,50",217.5,Algodão,8
2022-05-05,Algodão,BARREIRAS,Caroço,arroba,"1.825,00",1825.0,Algodão,8
2022-05-05,Algodão,BARREIRAS,Pluma,arroba,"217,50",217.5,Algodão,8
2022-05-06,Algodão,BARREIRAS,Caroço,arroba,"1.825,00",1825.0,Algodão,8
2022-05-06,Algodão,BARREIRAS,Pluma,arroba,"217,50",217.5,Algodão,8
2022-05-09,Algodão,BARREIRAS,Caroço,arroba,"1.825,00",1825.0,Algodão,8
2022-05-09,Algodão,BARREIRAS,Pluma,arroba,"228,00",228.0,Algodão,8
2022-05-10,Algodão,BARREIRAS,Caroço,arroba,"1.825,00",1825.0,Algodão,8
2022-05-10,Algodão,BARREIRAS,Pluma,arroba,"232,50",232.5,Algodão,8
2022-05-11,Algodão,BARREIRAS,Caroço,arroba,"1.825,00",1825.0,Algodão,8
2022-05-11,Algodão,BARREIRAS,Pluma,arroba,"232,50",232.5,Algodão,8
2022-05-12,Algodão,BARREIRAS,Caroço,arroba,"1.825,00",1825.0,Algodão,8
2022-05-12,Algodão,BARREIRAS,Pluma,arroba,"229,50",229.5,Algodão,8
2022-05-13,Algodão,BARREIRAS,Caroço,arroba,"1.825,00",1825.0,Algodão,8
2022-05-13,Algodão,BARREIRAS,Pluma,arroba,"229,50",229.5,Algodão,8
2022-05-16,Algodão,BARREIRAS,Caroço,arroba,"1.825,00",1825.0,Algodão,8
2022-05-16,Algodão,BARREIRAS,Pluma,arroba,"229,50",229.5,Algodão,8
2022-05-17,Algodão,BARREIRAS,Caroço,arroba,"1.825,00",1825.0,Algodão,8
2022-05-17,Algodão,BARREIRAS,Pluma,arroba,"225,00",225.0,Algodão,8
2022-05-18,Algodão,BARREIRAS,Caroço,arroba,"1.825,00",1825.0,Algodão,8
2022-05-18,Algodão,BARREIRAS,Pluma,arroba,"225,00",225.0,Algodão,8
2022-05-19,Algodão,BARREIRAS,Caroço,arroba,"1.825,00",1825.0,Algodão,8
2022-05-19,Algodão,BARREIRAS,Pluma,arroba,"228,00",228.0,Algodão,8
2022-05-20,Algodão,BARREIRAS,Caroço,arroba,"1.825,00",1825.0,Algodão,8
2022-05-20,Algodão,BARREIRAS,Pluma,arroba,"228,00",228.0,Algodão,8
2022-05-23,Algodão,BARREIRAS,Caroço,arroba,"1.825,00",1825.0,Algodão,8
2022-05-23,Algodão,BARREIRAS,Pluma,arroba,"228,00",228.0,Algodão,8
2022-05-24,Algodão,BARREIRAS,Caroço,arroba,"1.825,00",1825.0,Algodão,8
2022-05-24,Algodão,BARREIRAS,Pluma,arroba,"228,00",228.0,Algodão,8
2022-05-25,Algodão,BARREIRAS,Caroço,arroba,"1.825,00",1825.0,Algodão,8
2022-05-25,Algodão,BARREIRAS,Pluma,arroba,"228,00",228.0,Algodão,8
2022-05-26,Algodão,BARREIRAS,Caroço,arroba,"1.825,00",1825.0,Algodão,8
2022-05-26,Algodão,BARREIRAS,Pluma,arroba,"228,00",228.0,Algodão,8
2022-05-27,Algodão,BARREIRAS,Caroço,arroba,"1.825,00",1825.0,Algodão,8
2022-05-27,Algodão,BARREIRAS,Pluma,arroba,"228,00",228.0,Algodão,8
2022-05-30,Algodão,BARREIRAS,Caroço,arroba,"1.825,00",1825.0,Algodão,8
2022-05-30,Algodão,BARREIRAS,Pluma,arroba,"228,00",228.0,Algodão,8
2022-05-31,Algodão,BARREIRAS,Caroço,arroba,"1.825,00",1825.0,Algodão,8
2022-05-31,Algodão,BARREIRAS,Pluma,arroba,"228,00",228.0,Algodão,8
2022-06-01,Algodão,BARREIRAS,Caroço,arroba,"1.825,00",1825.0,Algodão,8
2022-06-01,Algodão,BARREIRAS,Pluma,arroba,"228,00",228.0,Algodão,8
2022-06-02,Algodão,BARREIRAS,Caroço,arroba,"1.825,00",1825.0,Algodão,8
2022-06-02,Algodão,BARREIRAS,Pluma,arroba,"229,50",229.5,Algodão,8
2022-06-03,Algodão,BARREIRAS,Caroço,arroba,"1.825,00",1825.0,Algodão,8
2022-06-03,Algodão,BARREIRAS,Pluma,arroba,"229,50",229.5,Algodão,8
2022-06-06,Algodão,BARREIRAS,Caroço,arroba,"1.825,00",1825.0,Algodão,8
2022-06-06,Algodão,BARREIRAS,Pluma,arroba,"234,00",234.0,Algodão,8
2022-06-07,Algodão,BARREIRAS,Caroço,arroba,"1.825,00",1825.0,Algodão,8
2022-06-07,Algodão,BARREIRAS,Pluma,arroba,"206,00",206.0,Algodão,8
2022-06-08,Algodão,BARREIRAS,Caroço,arroba,"1.825,00",1825.0,Algodão,8
2022-06-08,Algodão,BARREIRAS,Pluma,arroba,"222,00",222.0,Algodão,8
2022-06-09,Algodão,BARREIRAS,Caroço,arroba,"1.825,00",1825.0,Algodão,8
2022-06-09,Algodão,BARREIRAS,Pluma,arroba,"222,00",222.0,Algodão,8
2022-06-10,Algodão,BARREIRAS,Caroço,arroba,"1.825,00",1825.0,Algodão,8
2022-06-10,Algodão,BARREIRAS,Pluma,arroba,"222,00",222.0,Algodão,8
2022-06-13,Algodão,BARREIRAS,Caroço,arroba,"1.825,00",1825.0,Algodão,8
2022-06-13,Algodão,BARREIRAS,Pluma,arroba,"222,00",222.0,Algodão,8
2022-06-14,Algodão,BARREIRAS,Caroço,arroba,"1.825,00",1825.0,Algodão,8
2022-06-14,Algodão,BARREIRAS,Pluma,arroba,"222,00",222.0,Algodão,8
2022-06-15,Algodão,BARREIRAS,Caroço,arroba,"1.825,00",1825.0,Algodão,8
2022-06-15,Algodão,BARREIRAS,Pluma,arroba,"222,00",222.0,Algodão,8
2022-06-20,Algodão,BARREIRAS,Caroço,arroba,"1.825,00",1825.0,Algodão,8
2022-06-20,Algodão,BARREIRAS,Pluma,arroba,"222,00",222.0,Algodão,8
2022-06-21,Algodão,BARREIRAS,Caroço,arroba,"1.825,00",1825.0,Algodão,8
2022-06-21,Algodão,BARREIRAS,Pluma,arroba,"222,00",222.0,Algodão,8
2022-06-22,Algodão,BARREIRAS,Caroço,arroba,"1.825,00",1825.0,Algodão,8
2022-06-22,Algodão,BARREIRAS,Pluma,arroba,"210,00",210.0,Algodão,8
2022-06-27,Algodão,BARREIRAS,Caroço,arroba,"1.825,00",1825.0,Algodão,8
2022-06-27,Algodão,BARREIRAS,Pluma,arroba,"210,00",210.0,Algodão,8
2022-06-28,Algodão,BARREIRAS,Caroço,arroba,"1.825,00",1825.0,Algodão,8
2022-06-28,Algodão,BARREIRAS,Pluma,arroba,"174,00",174.0,Algodão,8
2022-06-29,Algodão,BARREIRAS,Caroço,arroba,"1.825,00",1825.0,Algodão,8
2022-06-29,Algodão,BARREIRAS,Pluma,arroba,"174,00",174.0,Algodão,8
2022-06-30,Algodão,BARREIRAS,Caroço,arroba,"1.825,00",1825.0,Algodão,8
2022-06-30,Algodão,BARREIRAS,Pluma,arroba,"174,00",174.0,Algodão,8
2022-07-01,Algodão,BARREIRAS,Caroço,arroba,"1.825,00",1825.0,Algodão,8
2022-07-01,Algodão,BARREIRAS,Pluma,arroba,"189,00",189.0,Algodão,8
2022-07-04,Algodão,BARREIRAS,Caroço,arroba,"1.825,00",1825.0,Algodão,8
2022-07-04,Algodão,BARREIRAS,Pluma,arroba,"189,00",189.0,Algodão,8
2022-07-05,Algodão,BARREIRAS,Caroço,arroba,"1.825,00",1825.0,Algodão,8
2022-07-05,Algodão,BARREIRAS,Pluma,arroba,"189,00",189.0,Algodão,8
2022-07-06,Algodão,BARREIRAS,Caroço,arroba,"1.825,00",1825.0,Algodão,8
2022-07-06,Algodão,BARREIRAS,Pluma,arroba,"189,00",189.0,Algodão,8
2022-07-07,Algodão,BARREIRAS,Caroço,arroba,"1.825,00",1825.0,Algodão,8
2022-07-07,Algodão,BARREIRAS,Pluma,arroba,"189,00",189.0,Algodão,8
2022-07-08,Algodão,BARREIRAS,Caroço,arroba,"1.825,00",1825.0,Algodão,8
2022-07-08,Algodão,BARREIRAS,Pluma,arroba,"189,00",189.0,Algodão,8
2022-07-11,Algodão,BARREIRAS,Caroço,arroba,"1.825,00",1825.0,Algodão,8
2022-07-11,Algodão,BARREIRAS,Pluma,arroba,"189,00",189.0,Algodão,8
2022-07-12,Algodão,BARREIRAS,Caroço,arroba,"1.825,00",1825.0,Algodão,8
2022-07-12,Algodão,BARREIRAS,Pluma,arroba,"168,00",168.0,Algodão,8
2022-07-13,Algodão,BARREIRAS,Caroço,arroba,"1.825,00",1825.0,Algodão,8
2022-07-13,Algodão,BARREIRAS,Pluma,arroba,"168,00",168.0,Algodão,8
2022-07-14,Algodão,BARREIRAS,Caroço,arroba,"1.825,00",1825.0,Algodão,8
2022-07-14,Algodão,BARREIRAS,Pluma,arroba,"168,00",168.0,Algodão,8
2022-07-15,Algodão,BARREIRAS,Caroço,arroba,"1.825,00",1825.0,Algodão,8
2022-07-15,Algodão,BARREIRAS,Pluma,arroba,"168,00",168.0,Algodão,8
2022-07-18,Algodão,BARREIRAS,Caroço,arroba,"1.825,00",1825.0,Algodão,8
2022-07-18,Algodão,BARREIRAS,Pluma,arroba,"162,00",162.0,Algodão,8
2022-07-19,Algodão,BARREIRAS,Caroço,arroba,"1.825,00",1825.0,Algodão,8
2022-07-19,Algodão,BARREIRAS,Pluma,arroba,"162,00",162.0,Algodão,8
2022-07-20,Algodão,BARREIRAS,Caroço,arroba,"1.825,00",1825.0,Algodão,8
2022-07-20,Algodão,BARREIRAS,Pluma,arroba,"162,00",162.0,Algodão,8
2022-07-21,Algodão,BARREIRAS,Caroço,arroba,"1.825,00",1825.0,Algodão,8
2022-07-21,Algodão,BARREIRAS,Pluma,arroba,"172,50",172.5,Algodão,8
2022-07-22,Algodão,BARREIRAS,Caroço,arroba,"1.825,00",1825.0,Algodão,8
2022-07-22,Algodão,BARREIRAS,Pluma,arroba,"172,50",172.5,Algodão,8
2022-07-25,Algodão,BARREIRAS,Caroço,arroba,"1.825,00",1825.0,Algodão,8
2022-07-25,Algodão,BARREIRAS,Pluma,arroba,"172,50",172.5,Algodão,8
2022-07-26,Algodão,BARREIRAS,Caroço,arroba,"1.825,00",1825.0,Algodão,8
2022-07-26,Algodão,BARREIRAS,Pluma,arroba,"172,50",172.5,Algodão,8
2022-07-27,Algodão,BARREIRAS,Caroço,arroba,"1.825,00",1825.0,Algodão,8
2022-07-27,Algodão,BARREIRAS,Pluma,arroba,"172,50",172.5,Algodão,8
2022-07-28,Algodão,BARREIRAS,Caroço,arroba,"1.825,00",1825.0,Algodão,8
2022-07-28,Algodão,BARREIRAS,Pluma,arroba,"172,50",172.5,Algodão,8
2022-07-29,Algodão,BARREIRAS,Caroço,arroba,"1.825,00",1825.0,Algodão,8
2022-07-29,Algodão,BARREIRAS,Pluma,arroba,"172,50",172.5,Algodão,8
2022-08-01,Algodão,BARREIRAS,Caroço,arroba,"1.825,00",1825.0,Algodão,8
2022-08-01,Algodão,BARREIRAS,Pluma,arroba,"172,50",172.5,Algodão,8
2022-08-02,Algodão,BARREIRAS,Caroço,arroba,"1.825,00",1825.0,Algodão,8
2022-08-02,Algodão,BARREIRAS,Pluma,arroba,"172,50",172.5,Algodão,8
2022-08-03,Algodão,BARREIRAS,Caroço,arroba,"1.825,00",1825.0,Algodão,8
2022-08-03,Algodão,BARREIRAS,Pluma,arroba,"172,50",172.5,Algodão,8
2022-08-04,Algodão,BARREIRAS,Caroço,arroba,"1.825,00",1825.0,Algodão,8
2022-08-04,Algodão,BARREIRAS,Pluma,arroba,"172,50",172.5,Algodão,8
2022-08-05,Algodão,BARREIRAS,Caroço,arroba,"1.825,00",1825.0,Algodão,8
2022-08-05,Algodão,BARREIRAS,Pluma,arroba,"162,00",162.0,Algodão,8
2022-08-08,Algodão,BARREIRAS,Caroço,arroba,"1.825,00",1825.0,Algodão,8
2022-08-08,Algodão,BARREIRAS,Pluma,arroba,"162,00",162.0,Algodão,8
2022-08-09,Algodão,BARREIRAS,Caroço,arroba,"1.825,00",1825.0,Algodão,8
2022-08-09,Algodão,BARREIRAS,Pluma,arroba,"168,00",168.0,Algodão,8
2022-08-10,Algodão,BARREIRAS,Caroço,arroba,"1.825,00",1825.0,Algodão,8
2022-08-10,Algodão,BARREIRAS,Pluma,arroba,"168,00",168.0,Algodão,8
2022-08-11,Algodão,BARREIRAS,Caroço,arroba,"1.825,00",1825.0,Algodão,8
2022-08-11,Algodão,BARREIRAS,Pluma,arroba,"168,00",168.0,Algodão,8
2022-08-12,Algodão,BARREIRAS,Caroço,arroba,"1.825,00",1825.0,Algodão,8
2022-08-12,Algodão,BARREIRAS,Pluma,arroba,"168,00",168.0,Algodão,8
2022-08-15,Algodão,BARREIRAS,Caroço,arroba,"1.825,00",1825.0,Algodão,8
2022-08-15,Algodão,BARREIRAS,Pluma,arroba,"168,00",168.0,Algodão,8
2022-08-16,Algodão,BARREIRAS,Caroço,arroba,"1.825,00",1825.0,Algodão,8
2022-08-16,Algodão,BARREIRAS,Pluma,arroba,"168,00",168.0,Algodão,8
2022-08-17,Algodão,BARREIRAS,Caroço,arroba,"1.825,00",1825.0,Algodão,8
2022-08-17,Algodão,BARREIRAS,Pluma,arroba,"186,00",186.0,Algodão,8
2022-08-18,Algodão,BARREIRAS,Caroço,arroba,"1.825,00",1825.0,Algodão,8
2022-08-18,Algodão,BARREIRAS,Pluma,arroba,"186,00",186.0,Algodão,8
2022-08-19,Algodão,BARREIRAS,Caroço,arroba,"1.825,00",1825.0,Algodão,8
2022-08-19,Algodão,BARREIRAS,Pluma,arroba,"186,00",186.0,Algodão,8
2022-08-22,Algodão,BARREIRAS,Caroço,arroba,"1.825,00",1825.0,Algodão,8
2022-08-22,Algodão,BARREIRAS,Pluma,arroba,"186,00",186.0,Algodão,8
2022-08-23,Algodão,BARREIRAS,Caroço,arroba,"1.825,00",1825.0,Algodão,8
2022-08-23,Algodão,BARREIRAS,Pluma,arroba,"208,20",208.2,Algodão,8
2022-08-24,Algodão,BARREIRAS,Caroço,arroba,"1.825,00",1825.0,Algodão,8
2022-08-24,Algodão,BARREIRAS,Pluma,arroba,"208,20",208.2,Algodão,8
2022-08-25,Algodão,BARREIRAS,Caroço,arroba,"1.825,00",1825.0,Algodão,8
2022-08-25,Algodão,BARREIRAS,Pluma,arroba,"208,20",208.2,Algodão,8
2022-08-26,Algodão,BARREIRAS,Caroço,arroba,"1.825,00",1825.0,Algodão,8
2022-08-26,Algodão,BARREIRAS,Pluma,arroba,"208,00",208.0,Algodão,8
2022-08-29,Algodão,BARREIRAS,Caroço,arroba,"1.825,00",1825.0,Algodão,8
2022-08-29,Algodão,BARREIRAS,Pluma,arroba,"208,00",208.0,Algodão,8
2022-08-30,Algodão,BARREIRAS,Caroço,arroba,"1.825,00",1825.0,Algodão,8
2022-08-30,Algodão,BARREIRAS,Pluma,arroba,"206,00",206.0,Algodão,8
2022-08-31,Algodão,BARREIRAS,Caroço,arroba,"1.825,00",1825.0,Algodão,8
2022-08-31,Algodão,BARREIRAS,Pluma,arroba,"206,00",206.0,Algodão,8
2022-09-01,Algodão,BARREIRAS,Caroço,arroba,"1.825,00",1825.0,Algodão,8
2022-09-01,Algodão,BARREIRAS,Pluma,arroba,"206,00",206.0,Algodão,8
2022-09-02,Algodão,BARREIRAS,Caroço,arroba,"1.825,00",1825.0,Algodão,8
2022-09-02,Algodão,BARREIRAS,Pluma,arroba,"206,00",206.0,Algodão,8
2022-09-05,Algodão,BARREIRAS,Caroço,arroba,"1.825,00",1825.0,Algodão,8
2022-09-05,Algodão,BARREIRAS,Pluma,arroba,"206,00",206.0,Algodão,8
2022-09-06,Algodão,BARREIRAS,Caroço,arroba,"1.825,00",1825.0,Algodão,8
2022-09-06,Algodão,BARREIRAS,Pluma,arroba,"198,00",198.0,Algodão,8
2022-09-08,Algodão,BARREIRAS,Caroço,arroba,"1.825,00",1825.0,Algodão,8
2022-09-08,Algodão,BARREIRAS,Pluma,arroba,"192,00",192.0,Algodão,8
2022-09-09,Algodão,BARREIRAS,Caroço,arroba,"1.825,00",1825.0,Algodão,8
2022-09-09,Algodão,BARREIRAS,Pluma,arroba,"192,90",192.9,Algodão,8
2022-09-12,Algodão,BARREIRAS,Caroço,arroba,"1.825,00",1825.0,Algodão,8
2022-09-12,Algodão,BARREIRAS,Pluma,arroba,"185,40",185.4,Algodão,8
2022-09-13,Algodão,BARREIRAS,Caroço,arroba,"1.825,00",1825.0,Algodão,8
2022-09-13,Algodão,BARREIRAS,Pluma,arroba,"185,40",185.4,Algodão,8
2022-09-14,Algodão,BARREIRAS,Caroço,arroba,"1.825,00",1825.0,Algodão,8
2022-09-14,Algodão,BARREIRAS,Pluma,arroba,"185,40",185.4,Algodão,8
2022-09-16,Algodão,BARREIRAS,Caroço,arroba,"1.825,00",1825.0,Algodão,8
2022-09-16,Algodão,BARREIRAS,Pluma,arroba,"185,40",185.4,Algodão,8
2022-09-19,Algodão,BARREIRAS,Caroço,arroba,"1.825,00",1825.0,Algodão,8
2022-09-19,Algodão,BARREIRAS,Pluma,arroba,"185,40",185.4,Algodão,8
2022-09-20,Algodão,BARREIRAS,Caroço,arroba,"1.825,00",1825.0,Algodão,8
2022-09-20,Algodão,BARREIRAS,Pluma,arroba,"185,40",185.4,Algodão,8
2022-09-21,Algodão,BARREIRAS,Caroço,arroba,"1.825,00",1825.0,Algodão,8
2022-09-21,Algodão,BARREIRAS,Pluma,arroba,"185,40",185.4,Algodão,8
2022-09-22,Algodão,BARREIRAS,Caroço,arroba,"1.825,00",1825.0,Algodão,8
2022-09-22,Algodão,BARREIRAS,Pluma,arroba,"171,00",171.0,Algodão,8
2022-09-23,Algodão,BARREIRAS,Caroço,arroba,"1.825,00",1825.0,Algodão,8
2022-09-23,Algodão,BARREIRAS,Pluma,arroba,"171,00",171.0,Algodão,8
2022-09-28,Algodão,BARREIRAS,Caroço,arroba,"1.825,00",1825.0,Algodão,8
2022-09-28,Algodão,BARREIRAS,Pluma,arroba,"175,50",175.5,Algodão,8
2022-09-29,Algodão,BARREIRAS,Caroço,arroba,"1.825,00",1825.0,Algodão,8
2022-09-29,Algodão,BARREIRAS,Pluma,arroba,"175,50",175.5,Algodão,8
2022-09-30,Algodão,BARREIRAS,Caroço,arroba,"1.825,00",1825.0,Algodão,8
2022-09-30,Algodão,BARREIRAS,Pluma,arroba,"175,50",175.5,Algodão,8
2022-10-03,Algodão,BARREIRAS,Caroço,arroba,"1.825,00",1825.0,Algodão,8
2022-10-03,Algodão,BARREIRAS,Pluma,arroba,"156,00",156.0,Algodão,8
2022-10-04,Algodão,BARREIRAS,Caroço,arroba,"1.825,00",1825.0,Algodão,8
2022-10-04,Algodão,BARREIRAS,Pluma,arroba,"162,00",162.0,Algodão,8
2022-10-05,Algodão,BARREIRAS,Caroço,arroba,"1.825,00",1825.0,Algodão,8
2022-10-05,Algodão,BARREIRAS,Pluma,arroba,"162,00",162.0,Algodão,8
2022-10-06,Algodão,BARREIRAS,Caroço,arroba,"1.825,00",1825.0,Algodão,8
2022-10-06,Algodão,BARREIRAS,Pluma,arroba,"162,00",162.0,Algodão,8
2022-10-07,Algodão,BARREIRAS,Caroço,arroba,"1.825,00",1825.0,Algodão,8
2022-10-07,Algodão,BARREIRAS,Pluma,arroba,"162,00",162.0,Algodão,8
2022-10-10,Algodão,BARREIRAS,Caroço,arroba,"1.825,00",1825.0,Algodão,8
2022-10-10,Algodão,BARREIRAS,Pluma,arroba,"162,00",162.0,Algodão,8
2022-10-11,Algodão,BARREIRAS,Caroço,arroba,"1.825,00",1825.0,Algodão,8
2022-10-11,Algodão,BARREIRAS,Pluma,arroba,"162,00",162.0,Algodão,8
2022-10-13,Algodão,BARREIRAS,Caroço,arroba,"1.825,00",1825.0,Algodão,8
2022-10-13,Algodão,BARREIRAS,Pluma,arroba,"157,50",157.5,Algodão,8
2022-10-14,Algodão,BARREIRAS,Caroço,arroba,"1.825,00",1825.0,Algodão,8
2022-10-14,Algodão,BARREIRAS,Pluma,arroba,"157,50",157.5,Algodão,8
2022-10-17,Algodão,BARREIRAS,Caroço,arroba,"1.825,00",1825.0,Algodão,8
2022-10-17,Algodão,BARREIRAS,Pluma,arroba,"157,50",157.5,Algodão,8
2022-10-18,Algodão,BARREIRAS,Caroço,arroba,"1.825,00",1825.0,Algodão,8
2022-10-18,Algodão,BARREIRAS,Pluma,arroba,"153,00",153.0,Algodão,8
2022-10-19,Algodão,BARREIRAS,Caroço,arroba,"1.825,00",1825.0,Algodão,8
2022-10-19,Algodão,BARREIRAS,Pluma,arroba,"153,00",153.0,Algodão,8
2022-10-20,Algodão,BARREIRAS,Caroço,arroba,"1.750,00",1750.0,Algodão,8
2022-10-20,Algodão,BARREIRAS,Pluma,arroba,"153,00",153.0,Algodão,8
2022-10-21,Algodão,BARREIRAS,Caroço,arroba,"1.750,00",1750.0,Algodão,8
2022-10-21,Algodão,BARREIRAS,Pluma,arroba,"150,00",150.0,Algodão,8
2022-10-24,Algodão,BARREIRAS,Caroço,arroba,"1.750,00",1750.0,Algodão,8
2022-10-24,Algodão,BARREIRAS,Pluma,arroba,"150,00",150.0,Algodão,8
2022-10-25,Algodão,BARREIRAS,Caroço,arroba,"1.750,00",1750.0,Algodão,8
2022-10-25,Algodão,BARREIRAS,Pluma,arroba,"150,00",150.0,Algodão,8
2022-10-26,Algodão,BARREIRAS,Caroço,arroba,"1.750,00",1750.0,Algodão,8
2022-10-26,Algodão,BARREIRAS,Pluma,arroba,"150,00",150.0,Algodão,8
2022-10-27,Algodão,BARREIRAS,Caroço,arroba,"1.750,00",1750.0,Algodão,8
2022-10-27,Algodão,BARREIRAS,Pluma,arroba,"150,00",150.0,Algodão,8
2022-10-28,Algodão,BARREIRAS,Caroço,arroba,"1.750,00",1750.0,Algodão,8
2022-10-28,Algodão,BARREIRAS,Pluma,arroba,"150,00",150.0,Algodão,8
2022-10-31,Algodão,BARREIRAS,Caroço,arroba,"1.750,00",1750.0,Algodão,8
2022-10-31,Algodão,BARREIRAS,Pluma,arroba,"132,00",132.0,Algodão,8
2022-11-01,Algodão,BARREIRAS,Caroço,arroba,"1.650,00",1650.0,Algodão,8
2022-11-01,Algodão,BARREIRAS,Pluma,arroba,"132,00",132.0,Algodão,8
2022-11-03,Algodão,BARREIRAS,Caroço,arroba,"1.650,00",1650.0,Algodão,8
2022-11-03,Algodão,BARREIRAS,Pluma,arroba,"132,00",132.0,Algodão,8
2022-11-04,Algodão,BARREIRAS,Caroço,arroba,"1.650,00",1650.0,Algodão,8
2022-11-04,Algodão,BARREIRAS,Pluma,arroba,"132,00",132.0,Algodão,8
2022-11-07,Algodão,BARREIRAS,Caroço,arroba,"1.650,00",1650.0,Algodão,8
2022-11-07,Algodão,BARREIRAS,Pluma,arroba,"132,00",132.0,Algodão,8
2022-11-08,Algodão,BARREIRAS,Caroço,arroba,"1.650,00",1650.0,Algodão,8
2022-11-08,Algodão,BARREIRAS,Pluma,arroba,"132,00",132.0,Algodão,8
2022-11-09,Algodão,BARREIRAS,Caroço,arroba,"1.650,00",1650.0,Algodão,8
2022-11-09,Algodão,BARREIRAS,Pluma,arroba,"132,00",132.0,Algodão,8
2022-11-10,Algodão,BARREIRAS,Caroço,arroba,"1.650,00",1650.0,Algodão,8
2022-11-10,Algodão,BARREIRAS,Pluma,arroba,"132,00",132.0,Algodão,8
2022-11-16,Algodão,BARREIRAS,Caroço,arroba,"1.650,00",1650.0,Algodão,8
2022-11-16,Algodão,BARREIRAS,Pluma,arroba,"132,00",132.0,Algodão,8
2022-11-17,Algodão,BARREIRAS,Caroço,arroba,"1.650,00",1650.0,Algodão,8
2022-11-17,Algodão,BARREIRAS,Pluma,arroba,"132,00",132.0,Algodão,8
2022-11-18,Algodão,BARREIRAS,Caroço,arroba,"1.650,00",1650.0,Algodão,8
2022-11-18,Algodão,BARREIRAS,Pluma,arroba,"132,00",132.0,Algodão,8
2022-11-21,Algodão,BARREIRAS,Caroço,arroba,"1.650,00",1650.0,Algodão,8
2022-11-21,Algodão,BARREIRAS,Pluma,arroba,"132,00",132.0,Algodão,8
2022-11-22,Algodão,BARREIRAS,Caroço,arroba,"1.650,00",1650.0,Algodão,8
2022-11-22,Algodão,BARREIRAS,Pluma,arroba,"153,00",153.0,Algodão,8
2022-11-23,Algodão,BARREIRAS,Caroço,arroba,"1.650,00",1650.0,Algodão,8
2022-11-23,Algodão,BARREIRAS,Pluma,arroba,"156,00",156.0,Algodão,8
2022-11-24,Algodão,BARREIRAS,Caroço,arroba,"1.650,00",1650.0,Algodão,8
2022-11-24,Algodão,BARREIRAS,Pluma,arroba,"156,00",156.0,Algodão,8
2022-11-25,Algodão,BARREIRAS,Caroço,arroba,"1.650,00",1650.0,Algodão,8
2022-11-25,Algodão,BARREIRAS,Pluma,arroba,"156,00",156.0,Algodão,8
2022-11-28,Algodão,BARREIRAS,Caroço,arroba,"1.650,00",1650.0,Algodão,8
2022-11-28,Algodão,BARREIRAS,Pluma,arroba,"156,00",156.0,Algodão,8
2022-11-29,Algodão,BARREIRAS,Caroço,arroba,"1.650,00",1650.0,Algodão,8
2022-11-29,Algodão,BARREIRAS,Pluma,arroba,"156,00",156.0,Algodão,8
2022-11-30,Algodão,BARREIRAS,Caroço,arroba,"1.650,00",1650.0,Algodão,8
2022-11-30,Algodão,BARREIRAS,Pluma,arroba,"144,00",144.0,Algodão,8
2022-12-01,Algodão,BARREIRAS,Caroço,arroba,"1.650,00",1650.0,Algodão,8
2022-12-01,Algodão,BARREIRAS,Pluma,arroba,"144,00",144.0,Algodão,8
2022-12-02,Algodão,BARREIRAS,Caroço,arroba,"1.650,00",1650.0,Algodão,8
2022-12-02,Algodão,BARREIRAS,Pluma,arroba,"144,00",144.0,Algodão,8
2022-12-03,Algodão,BARREIRAS,Caroço,arroba,"1.650,00",1650.0,Algodão,8
2022-12-03,Algodão,BARREIRAS,Pluma,arroba,"144,00",144.0,Algodão,8
2022-12-05,Algodão,BARREIRAS,Caroço,arroba,"1.650,00",1650.0,Algodão,8
2022-12-05,Algodão,BARREIRAS,Pluma,arroba,"159,00",159.0,Algodão,8
2022-12-06,Algodão,BARREIRAS,Caroço,arroba,"1.650,00",1650.0,Algodão,8
2022-12-06,Algodão,BARREIRAS,Pluma,arroba,"159,00",159.0,Algodão,8
2022-12-07,Algodão,BARREIRAS,Caroço,arroba,"1.650,00",1650.0,Algodão,8
2022-12-07,Algodão,BARREIRAS,Pluma,arroba,"159,00",159.0,Algodão,8
2022-12-12,Algodão,BARREIRAS,Caroço,arroba,"1.650,00",1650.0,Algodão,8
2022-12-12,Algodão,BARREIRAS,Pluma,arroba,"154,20",154.2,Algodão,8
2022-12-13,Algodão,BARREIRAS,Caroço,arroba,"1.650,00",1650.0,Algodão,8
2022-12-13,Algodão,BARREIRAS,Pluma,arroba,"154,20",154.2,Algodão,8
2022-12-14,Algodão,BARREIRAS,Caroço,arroba,"1.650,00",1650.0,Algodão,8
2022-12-14,Algodão,BARREIRAS,Pluma,arroba,"154,20",154.2,Algodão,8
2022-12-15,Algodão,BARREIRAS,Caroço,arroba,"1.650,00",1650.0,Algodão,8
2022-12-15,Algodão,BARREIRAS,Pluma,arroba,"154,20",154.2,Algodão,8
2022-12-16,Algodão,BARREIRAS,Caroço,arroba,"1.650,00",1650.0,Algodão,8
2022-12-16,Algodão,BARREIRAS,Pluma,arroba,"154,20",154.2,Algodão,8
2022-12-19,Algodão,BARREIRAS,Caroço,arroba,"1.650,00",1650.0,Algodão,8
2022-12-19,Algodão,BARREIRAS,Pluma,arroba,"154,20",154.2,Algodão,8
2022-12-20,Algodão,BARREIRAS,Caroço,arroba,"1.650,00",1650.0,Algodão,8
2022-12-20,Algodão,BARREIRAS,Pluma,arroba,"154,20",154.2,Algodão,8
2022-12-21,Algodão,BARREIRAS,Caroço,arroba,"1.650,00",1650.0,Algodão,8
2022-12-21,Algodão,BARREIRAS,Pluma,arroba,"154,20",154.2,Algodão,8
2022-12-22,Algodão,BARREIRAS,Caroço,arroba,"1.650,00",1650.0,Algodão,8
2022-12-22,Algodão,BARREIRAS,Pluma,arroba,"154,20",154.2,Algodão,8
2022-12-23,Algodão,BARREIRAS,Caroço,arroba,"1.650,00",1650.0,Algodão,8
2022-12-23,Algodão,BARREIRAS,Pluma,arroba,"165,00",165.0,Algodão,8
2022-12-26,Algodão,BARREIRAS,Caroço,arroba,"1.650,00",1650.0,Algodão,8
2022-12-26,Algodão,BARREIRAS,Pluma,arroba,"165,00",165.0,Algodão,8
2022-12-27,Algodão,BARREIRAS,Caroço,arroba,"1.650,00",1650.0,Algodão,8
2022-12-27,Algodão,BARREIRAS,Pluma,arroba,"165,00",165.0,Algodão,8
2022-12-28,Algodão,BARREIRAS,Caroço,arroba,"1.650,00",1650.0,Algodão,8
2022-12-28,Algodão,BARREIRAS,Pluma,arroba,"165,00",165.0,Algodão,8
2022-12-29,Algodão,BARREIRAS,Caroço,arroba,"1.650,00",1650.0,Algodão,8
2022-12-29,Algodão,BARREIRAS,Pluma,arroba,"165,00",165.0,Algodão,8
2022-12-30,Algodão,BARREIRAS,Caroço,arroba,"1.650,00",1650.0,Algodão,8
2022-12-30,Algodão,BARREIRAS,Pluma,arroba,"165,00",165.0,Algodão,8
2023-01-02,Algodão,BARREIRAS,Caroço,arroba,"1.650,00",1650.0,Algodão,8
2023-01-02,Algodão,BARREIRAS,Pluma,arroba,"165,00",165.0,Algodão,8
2023-01-03,Algodão,BARREIRAS,Caroço,arroba,"1.650,00",1650.0,Algodão,8
2023-01-03,Algodão,BARREIRAS,Pluma,arroba,"165,00",165.0,Algodão,8
2023-01-04,Algodão,BARREIRAS,Caroço,arroba,"1.650,00",1650.0,Algodão,8
2023-01-04,Algodão,BARREIRAS,Pluma,arroba,"165,00",165.0,Algodão,8
2023-01-05,Algodão,BARREIRAS,Caroço,arroba,"1.650,00",1650.0,Algodão,8
2023-01-05,Algodão,BARREIRAS,Pluma,arroba,"165,00",165.0,Algodão,8
2023-01-06,Algodão,BARREIRAS,Caroço,arroba,"1.650,00",1650.0,Algodão,8
2023-01-06,Algodão,BARREIRAS,Pluma,arroba,"165,00",165.0,Algodão,8
2023-01-09,Algodão,BARREIRAS,Caroço,arroba,"1.650,00",1650.0,Algodão,8
2023-01-09,Algodão,BARREIRAS,Pluma,arroba,"166,50",166.5,Algodão,8
2023-01-10,Algodão,BARREIRAS,Caroço,arroba,"1.650,00",1650.0,Algodão,8
2023-01-10,Algodão,BARREIRAS,Pluma,arroba,"166,50",166.5,Algodão,8
2023-01-11,Algodão,BARREIRAS,Caroço,arroba,"1.650,00",1650.0,Algodão,8
2023-01-11,Algodão,BARREIRAS,Pluma,arroba,"166,50",166.5,Algodão,8
2023-01-12,Algodão,BARREIRAS,Caroço,arroba,"1.650,00",1650.0,Algodão,8
2023-01-12,Algodão,BARREIRAS,Pluma,arroba,"166,50",166.5,Algodão,8
2023-01-13,Algodão,BARREIRAS,Caroço,arroba,"1.650,00",1650.0,Algodão,8
2023-01-13,Algodão,BARREIRAS,Pluma,arroba,"168,00",168.0,Algodão,8
2023-01-16,Algodão,BARREIRAS,Caroço,arroba,"1.650,00",1650.0,Algodão,8
2023-01-16,Algodão,BARREIRAS,Pluma,arroba,"168,00",168.0,Algodão,8
2023-01-17,Algodão,BARREIRAS,Caroço,arroba,"1.650,00",1650.0,Algodão,8
2023-01-17,Algodão,BARREIRAS,Pluma,arroba,"168,00",168.0,Algodão,8
2023-01-18,Algodão,BARREIRAS,Caroço,arroba,"1.650,00",1650.0,Algodão,8
2023-01-18,Algodão,BARREIRAS,Pluma,arroba,"168,00",168.0,Algodão,8
2023-01-19,Algodão,BARREIRAS,Caroço,arroba,"1.650,00",1650.0,Algodão,8
2023-01-19,Algodão,BARREIRAS,Pluma,arroba,"168,00",168.0,Algodão,8
2023-01-20,Algodão,BARREIRAS,Caroço,arroba,"1.650,00",1650.0,Algodão,8
2023-01-20,Algodão,BARREIRAS,Pluma,arroba,"164,70",164.7,Algodão,8
2023-01-23,Algodão,BARREIRAS,Caroço,arroba,"1.650,00",1650.0,Algodão,8
2023-01-23,Algodão,BARREIRAS,Pluma,arroba,"164,70",164.7,Algodão,8
2023-01-24,Algodão,BARREIRAS,Caroço,arroba,"1.650,00",1650.0,Algodão,8
2023-01-24,Algodão,BARREIRAS,Pluma,arroba,"164,70",164.7,Algodão,8
2023-01-25,Algodão,BARREIRAS,Caroço,arroba,"1.650,00",1650.0,Algodão,8
2023-01-25,Algodão,BARREIRAS,Pluma,arroba,"164,70",164.7,Algodão,8
2023-01-26,Algodão,BARREIRAS,Caroço,arroba,"1.650,00",1650.0,Algodão,8
2023-01-26,Algodão,BARREIRAS,Pluma,arroba,"164,70",164.7,Algodão,8
2023-01-27,Algodão,BARREIRAS,Caroço,arroba,"1.650,00",1650.0,Algodão,8
2023-01-27,Algodão,BARREIRAS,Pluma,arroba,"164,70",164.7,Algodão,8
2023-01-30,Algodão,BARREIRAS,Caroço,arroba,"1.650,00",1650.0,Algodão,8
2023-01-30,Algodão,BARREIRAS,Pluma,arroba,"164,70",164.7,Algodão,8
2023-01-31,Algodão,BARREIRAS,Caroço,arroba,"1.650,00",1650.0,Algodão,8
2023-01-31,Algodão,BARREIRAS,Pluma,arroba,"163,50",163.5,Algodão,8
2023-02-01,Algodão,BARREIRAS,Caroço,arroba,"1.650,00",1650.0,Algodão,8
2023-02-01,Algodão,BARREIRAS,Pluma,arroba,"157,50",157.5,Algodão,8
2023-02-02,Algodão,BARREIRAS,Caroço,arroba,"1.650,00",1650.0,Algodão,8
2023-02-02,Algodão,BARREIRAS,Pluma,arroba,"157,50",157.5,Algodão,8
2023-02-03,Algodão,BARREIRAS,Caroço,arroba,"1.650,00",1650.0,Algodão,8
2023-02-03,Algodão,BARREIRAS,Pluma,arroba,"157,50",157.5,Algodão,8
2023-02-06,Algodão,BARREIRAS,Caroço,arroba,"1.650,00",1650.0,Algodão,8
2023-02-06,Algodão,BARREIRAS,Pluma,arroba,"157,50",157.5,Algodão,8
2023-02-07,Algodão,BARREIRAS,Caroço,arroba,"1.650,00",1650.0,Algodão,8
2023-02-07,Algodão,BARREIRAS,Pluma,arroba,"157,50",157.5,Algodão,8
2023-02-08,Algodão,BARREIRAS,Caroço,arroba,"1.650,00",1650.0,Algodão,8
2023-02-08,Algodão,BARREIRAS,Pluma,arroba,"157,50",157.5,Algodão,8
2023-02-09,Algodão,BARREIRAS,Caroço,arroba,"1.650,00",1650.0,Algodão,8
2023-02-09,Algodão,BARREIRAS,Pluma,arroba,"157,50",157.5,Algodão,8
2023-02-10,Algodão,BARREIRAS,Caroço,arroba,"1.650,00",1650.0,Algodão,8
2023-02-10,Algodão,BARREIRAS,Pluma,arroba,"157,50",157.5,Algodão,8
2023-02-13,Algodão,BARREIRAS,Caroço,arroba,"1.650,00",1650.0,Algodão,8
2023-02-13,Algodão,BARREIRAS,Pluma,arroba,"157,50",157.5,Algodão,8
2023-02-14,Algodão,BARREIRAS,Caroço,arroba,"1.650,00",1650.0,Algodão,8
2023-02-14,Algodão,BARREIRAS,Pluma,arroba,"157,50",157.5,Algodão,8
2023-02-15,Algodão,BARREIRAS,Caroço,arroba,"1.650,00",1650.0,Algodão,8
2023-02-15,Algodão,BARREIRAS,Pluma,arroba,"157,50",157.5,Algodão,8
2023-02-16,Algodão,BARREIRAS,Caroço,arroba,"1.650,00",1650.0,Algodão,8
2023-02-16,Algodão,BARREIRAS,Pluma,arroba,"157,50",157.5,Algodão,8
2023-02-23,Algodão,BARREIRAS,Caroço,arroba,"1.650,00",1650.0,Algodão,8
2023-02-23,Algodão,BARREIRAS,Pluma,arroba,"157,50",157.5,Algodão,8
2023-02-24,Algodão,BARREIRAS,Caroço,arroba,"1.650,00",1650.0,Algodão,8
2023-02-24,Algodão,BARREIRAS,Pluma,arroba,"157,50",157.5,Algodão,8
2023-02-27,Algodão,BARREIRAS,Caroço,arroba,"1.650,00",1650.0,Algodão,8
2023-02-27,Algodão,BARREIRAS,Pluma,arroba,"157,50",157.5,Algodão,8
2023-02-28,Algodão,BARREIRAS,Caroço,arroba,"1.650,00",1650.0,Algodão,8
2023-02-28,Algodão,BARREIRAS,Pluma,arroba,"157,50",157.5,Algodão,8
2023-03-01,Algodão,BARREIRAS,Caroço,arroba,"1.650,00",1650.0,Algodão,8
2023-03-01,Algodão,BARREIRAS,Pluma,arroba,"157,50",157.5,Algodão,8
2023-03-02,Algodão,BARREIRAS,Caroço,arroba,"1.650,00",1650.0,Algodão,8
2023-03-02,Algodão,BARREIRAS,Pluma,arroba,"157,50",157.5,Algodão,8
2023-03-03,Algodão,BARREIRAS,Caroço,arroba,"1.650,00",1650.0,Algodão,8
2023-03-03,Algodão,BARREIRAS,Pluma,arroba,"157,50",157.5,Algodão,8
2023-03-06,Algodão,BARREIRAS,Caroço,arroba,"1.650,00",1650.0,Algodão,8
2023-03-06,Algodão,BARREIRAS,Pluma,arroba,"157,50",157.5,Algodão,8
2023-03-07,Algodão,BARREIRAS,Caroço,arroba,"1.650,00",1650.0,Algodão,8
2023-03-07,Algodão,BARREIRAS,Pluma,arroba,"157,50",157.5,Algodão,8
2023-03-08,Algodão,BARREIRAS,Caroço,arroba,"1.650,00",1650.0,Algodão,8
2023-03-08,Algodão,BARREIRAS,Pluma,arroba,"157,50",157.5,Algodão,8
2023-03-09,Algodão,BARREIRAS,Caroço,arroba,"1.650,00",1650.0,Algodão,8
2023-03-09,Algodão,BARREIRAS,Pluma,arroba,"157,50",157.5,Algodão,8
2023-03-10,Algodão,BARREIRAS,Caroço,arroba,"1.650,00",1650.0,Algodão,8
2023-03-10,Algodão,BARREIRAS,Pluma,arroba,"157,50",157.5,Algodão,8
2023-03-13,Algodão,BARREIRAS,Caroço,arroba,"1.650,00",1650.0,Algodão,8
2023-03-13,Algodão,BARREIRAS,Pluma,arroba,"157,50",157.5,Algodão,8
2023-03-14,Algodão,BARREIRAS,Caroço,arroba,"1.650,00",1650.0,Algodão,8
2023-03-14,Algodão,BARREIRAS,Pluma,arroba,"157,50",157.5,Algodão,8
2023-03-15,Algodão,BARREIRAS,Caroço,arroba,"1.650,00",1650.0,Algodão,8
2023-03-15,Algodão,BARREIRAS,Pluma,arroba,"157,50",157.5,Algodão,8
2023-03-16,Algodão,BARREIRAS,Caroço,arroba,"1.650,00",1650.0,Algodão,8
2023-03-16,Algodão,BARREIRAS,Pluma,arroba,"157,50",157.5,Algodão,8
2023-03-17,Algodão,BARREIRAS,Caroço,arroba,"1.650,00",1650.0,Algodão,8
2023-03-17,Algodão,BARREIRAS,Pluma,arroba,"157,50",157.5,Algodão,8
2023-03-20,Algodão,BARREIRAS,Caroço,arroba,"1.650,00",1650.0,Algodão,8
2023-03-20,Algodão,BARREIRAS,Pluma,arroba,"157,50",157.5,Algodão,8
2023-03-21,Algodão,BARREIRAS,Caroço,arroba,"1.625,00",1625.0,Algodão,8
2023-03-21,Algodão,BARREIRAS,Pluma,arroba,"157,00",157.0,Algodão,8
2023-03-22,Algodão,BARREIRAS,Caroço,arroba,"1.565,00",1565.0,Algodão,8
2023-03-22,Algodão,BARREIRAS,Pluma,arroba,"157,50",157.5,Algodão,8
2023-03-23,Algodão,BARREIRAS,Caroço,arroba,"1.565,00",1565.0,Algodão,8
2023-03-23,Algodão,BARREIRAS,Pluma,arroba,"157,50",157.5,Algodão,8
2023-03-24,Algodão,BARREIRAS,Caroço,arroba,"1.565,00",1565.0,Algodão,8
2023-03-24,Algodão,BARREIRAS,Pluma,arroba,"157,50",157.5,Algodão,8
2023-03-27,Algodão,BARREIRAS,Caroço,arroba,"1.565,00",1565.0,Algodão,8
2023-03-27,Algodão,BARREIRAS,Pluma,arroba,"157,50",157.5,Algodão,8
2023-03-28,Algodão,BARREIRAS,Caroço,arroba,"1.565,00",1565.0,Algodão,8
2023-03-28,Algodão,BARREIRAS,Pluma,arroba,"157,50",157.5,Algodão,8
2023-03-29,Algodão,BARREIRAS,Caroço,arroba,"1.565,00",1565.0,Algodão,8
2023-03-29,Algodão,BARREIRAS,Pluma,arroba,"157,50",157.5,Algodão,8
2023-03-30,Algodão,BARREIRAS,Caroço,arroba,"1.565,00",1565.0,Algodão,8
2023-03-30,Algodão,BARREIRAS,Pluma,arroba,"157,50",157.5,Algodão,8
2023-03-31,Algodão,BARREIRAS,Caroço,arroba,"1.565,00",1565.0,Algodão,8
2023-03-31,Algodão,BARREIRAS,Pluma,arroba,"157,50",157.5,Algodão,8
2023-04-03,Algodão,BARREIRAS,Caroço,arroba,"1.565,00",1565.0,Algodão,8
2023-04-03,Algodão,BARREIRAS,Pluma,arroba,"157,50",157.5,Algodão,8
2023-04-04,Algodão,BARREIRAS,Caroço,arroba,"1.565,00",1565.0,Algodão,8
2023-04-04,Algodão,BARREIRAS,Pluma,arroba,"157,50",157.5,Algodão,8
2023-04-05,Algodão,BARREIRAS,Caroço,arroba,"1.565,00",1565.0,Algodão,8
2023-04-05,Algodão,BARREIRAS,Pluma,arroba,"157,50",157.5,Algodão,8
2023-04-06,Algodão,BARREIRAS,Caroço,arroba,"1.565,00",1565.0,Algodão,8
2023-04-06,Algodão,BARREIRAS,Pluma,arroba,"157,50",157.5,Algodão,8
2023-04-10,Algodão,BARREIRAS,Caroço,arroba,"1.565,00",1565.0,Algodão,8
2023-04-10,Algodão,BARREIRAS,Pluma,arroba,"157,50",157.5,Algodão,8
2023-04-11,Algodão,BARREIRAS,Caroço,arroba,"1.565,00",1565.0,Algodão,8
2023-04-11,Algodão,BARREIRAS,Pluma,arroba,"157,50",157.5,Algodão,8
2023-04-12,Algodão,BARREIRAS,Caroço,arroba,"1.565,00",1565.0,Algodão,8
2023-04-12,Algodão,BARREIRAS,Pluma,arroba,"157,50",157.5,Algodão,8
2023-04-13,Algodão,BARREIRAS,Caroço,arroba,"1.565,00",1565.0,Algodão,8
2023-04-13,Algodão,BARREIRAS,Pluma,arroba,"157,50",157.5,Algodão,8
2023-04-14,Algodão,BARREIRAS,Caroço,arroba,"1.565,00",1565.0,Algodão,8
2023-04-14,Algodão,BARREIRAS,Pluma,arroba,"157,50",157.5,Algodão,8
2023-04-17,Algodão,BARREIRAS,Caroço,arroba,"1.565,00",1565.0,Algodão,8
2023-04-17,Algodão,BARREIRAS,Pluma,arroba,"157,50",157.5,Algodão,8
2023-04-18,Algodão,BARREIRAS,Caroço,arroba,"1.565,00",1565.0,Algodão,8
2023-04-18,Algodão,BARREIRAS,Pluma,arroba,"157,50",157.5,Algodão,8
2023-04-19,Algodão,BARREIRAS,Caroço,arroba,"1.565,00",1565.0,Algodão,8
2023-04-19,Algodão,BARREIRAS,Pluma,arroba,"157,50",157.5,Algodão,8
2023-04-20,Algodão,BARREIRAS,Caroço,arroba,"1.565,00",1565.0,Algodão,8
2023-04-20,Algodão,BARREIRAS,Pluma,arroba,"157,50",157.5,Algodão,8
2023-04-24,Algodão,BARREIRAS,Caroço,arroba,"1.565,00",1565.0,Algodão,8
2023-04-24,Algodão,BARREIRAS,Pluma,arroba,"157,50",157.5,Algodão,8
2023-04-25,Algodão,BARREIRAS,Caroço,arroba,"1.565,00",1565.0,Algodão,8
2023-04-25,Algodão,BARREIRAS,Pluma,arroba,"157,50",157.5,Algodão,8
2023-04-26,Algodão,BARREIRAS,Caroço,arroba,"1.565,00",1565.0,Algodão,8
2023-04-26,Algodão,BARREIRAS,Pluma,arroba,"157,50",157.5,Algodão,8
2023-04-27,Algodão,BARREIRAS,Caroço,arroba,"1.565,00",1565.0,Algodão,8
2023-04-27,Algodão,BARREIRAS,Pluma,arroba,"157,50",157.5,Algodão,8
2023-04-28,Algodão,BARREIRAS,Caroço,arroba,"1.565,00",1565.0,Algodão,8
2023-04-28,Algodão,BARREIRAS,Pluma,arroba,"157,50",157.5,Algodão,8
2023-05-02,Algodão,BARREIRAS,Caroço,arroba,"1.565,00",1565.0,Algodão,8
2023-05-02,Algodão,BARREIRAS,Pluma,arroba,"157,50",157.5,Algodão,8
2023-05-03,Algodão,BARREIRAS,Caroço,arroba,"1.565,00",1565.0,Algodão,8
2023-05-03,Algodão,BARREIRAS,Pluma,arroba,"157,50",157.5,Algodão,8
2023-05-04,Algodão,BARREIRAS,Caroço,arroba,"1.540,00",1540.0,Algodão,8
2023-05-04,Algodão,BARREIRAS,Pluma,arroba,"157,50",157.5,Algodão,8
2023-05-05,Algodão,BARREIRAS,Caroço,arroba,"1.540,00",1540.0,Algodão,8
2023-05-05,Algodão,BARREIRAS,Pluma,arroba,"157,50",157.5,Algodão,8
2023-05-08,Algodão,BARREIRAS,Caroço,arroba,"1.540,00",1540.0,Algodão,8
2023-05-08,Algodão,BARREIRAS,Pluma,arroba,"157,50",157.5,Algodão,8
2023-05-09,Algodão,BARREIRAS,Caroço,arroba,"1.540,00",1540.0,Algodão,8
2023-05-09,Algodão,BARREIRAS,Pluma,arroba,"157,50",157.5,Algodão,8
2023-05-10,Algodão,BARREIRAS,Caroço,arroba,"1.540,00",1540.0,Algodão,8
2023-05-10,Algodão,BARREIRAS,Pluma,arroba,"157,50",157.5,Algodão,8
2023-05-11,Algodão,BARREIRAS,Caroço,arroba,"1.540,00",1540.0,Algodão,8
2023-05-11,Algodão,BARREIRAS,Pluma,arroba,"157,50",157.5,Algodão,8
2023-05-12,Algodão,BARREIRAS,Caroço,arroba,"1.540,00",1540.0,Algodão,8
2023-05-12,Algodão,BARREIRAS,Pluma,arroba,"157,50",157.5,Algodão,8
2023-05-15,Algodão,BARREIRAS,Caroço,arroba,"1.540,00",1540.0,Algodão,8
2023-05-15,Algodão,BARREIRAS,Pluma,arroba,"157,50",157.5,Algodão,8
2023-05-16,Algodão,BARREIRAS,Caroço,arroba,"1.400,00",1400.0,Algodão,8
2023-05-16,Algodão,BARREIRAS,Pluma,arroba,"157,50",157.5,Algodão,8
2023-05-17,Algodão,BARREIRAS,Caroço,arroba,"1.400,00",1400.0,Algodão,8
2023-05-17,Algodão,BARREIRAS,Pluma,arroba,"157,50",157.5,Algodão,8
2023-05-18,Algodão,BARREIRAS,Caroço,arroba,"1.400,00",1400.0,Algodão,8
2023-05-18,Algodão,BARREIRAS,Pluma,arroba,"157,50",157.5,Algodão,8
2023-05-19,Algodão,BARREIRAS,Caroço,arroba,"1.400,00",1400.0,Algodão,8
2023-05-19,Algodão,BARREIRAS,Pluma,arroba,"157,50",157.5,Algodão,8
2023-05-22,Algodão,BARREIRAS,Caroço,arroba,"1.390,00",1390.0,Algodão,8
2023-05-22,Algodão,BARREIRAS,Pluma,arroba,"157,50",157.5,Algodão,8
2023-05-23,Algodão,BARREIRAS,Caroço,arroba,"1.390,00",1390.0,Algodão,8
2023-05-23,Algodão,BARREIRAS,Pluma,arroba,"157,50",157.5,Algodão,8
2023-05-24,Algodão,BARREIRAS,Caroço,arroba,"1.390,00",1390.0,Algodão,8
2023-05-24,Algodão,BARREIRAS,Pluma,arroba,"157,50",157.5,Algodão,8
2023-05-25,Algodão,BARREIRAS,Caroço,arroba,"1.390,00",1390.0,Algodão,8
2023-05-25,Algodão,BARREIRAS,Pluma,arroba,"157,50",157.5,Algodão,8
2023-05-26,Algodão,BARREIRAS,Caroço,arroba,"1.390,00",1390.0,Algodão,8
2023-05-26,Algodão,BARREIRAS,Pluma,arroba,"157,50",157.5,Algodão,8
2023-05-29,Algodão,BARREIRAS,Caroço,arroba,"1.390,00",1390.0,Algodão,8
2023-05-29,Algodão,BARREIRAS,Pluma,arroba,"157,50",157.5,Algodão,8
2023-05-30,Algodão,BARREIRAS,Caroço,arroba,"1.390,00",1390.0,Algodão,8
2023-05-30,Algodão,BARREIRAS,Pluma,arroba,"157,50",157.5,Algodão,8
2023-05-31,Algodão,BARREIRAS,Caroço,arroba,"1.375,00",1375.0,Algodão,8
2023-05-31,Algodão,BARREIRAS,Pluma,arroba,"157,50",157.5,Algodão,8
2023-06-02,Algodão,BARREIRAS,Caroço,arroba,"1.375,00",1375.0,Algodão,8
2023-06-02,Algodão,BARREIRAS,Pluma,arroba,"157,50",157.5,Algodão,8
2023-06-05,Algodão,BARREIRAS,Caroço,arroba,"1.375,00",1375.0,Algodão,8
2023-06-05,Algodão,BARREIRAS,Pluma,arroba,"157,50",157.5,Algodão,8
2023-06-06,Algodão,BARREIRAS,Caroço,arroba,"1.375,00",1375.0,Algodão,8
2023-06-06,Algodão,BARREIRAS,Pluma,arroba,"157,50",157.5,Algodão,8
2023-06-07,Algodão,BARREIRAS,Caroço,arroba,"1.350,00",1350.0,Algodão,8
2023-06-07,Algodão,BARREIRAS,Pluma,arroba,"157,50",157.5,Algodão,8
2023-06-09,Algodão,BARREIRAS,Caroço,arroba,"1.350,00",1350.0,Algodão,8
2023-06-09,Algodão,BARREIRAS,Pluma,arroba,"157,50",157.5,Algodão,8
2023-06-12,Algodão,BARREIRAS,Caroço,arroba,"1.350,00",1350.0,Algodão,8
2023-06-12,Algodão,BARREIRAS,Pluma,arroba,"157,50",157.5,Algodão,8
2023-06-13,Algodão,BARREIRAS,Caroço,arroba,"1.350,00",1350.0,Algodão,8
2023-06-13,Algodão,BARREIRAS,Pluma,arroba,"157,50",157.5,Algodão,8
2023-06-14,Algodão,BARREIRAS,Caroço,arroba,"1.350,00",1350.0,Algodão,8
2023-06-14,Algodão,BARREIRAS,Pluma,arroba,"157,50",157.5,Algodão,8
2023-06-15,Algodão,BARREIRAS,Caroço,arroba,"1.350,00",1350.0,Algodão,8
2023-06-15,Algodão,BARREIRAS,Pluma,arroba,"157,50",157.5,Algodão,8
2023-06-16,Algodão,BARREIRAS,Caroço,arroba,"1.350,00",1350.0,Algodão,8
2023-06-16,Algodão,BARREIRAS,Pluma,arroba,"157,50",157.5,Algodão,8
2023-06-19,Algodão,BARREIRAS,Caroço,arroba,"1.350,00",1350.0,Algodão,8
2023-06-19,Algodão,BARREIRAS,Caroço,arroba,"1.309,00",1309.0,Algodão,8
2023-06-19,Algodão,BARREIRAS,Pluma,arroba,"157,50",157.5,Algodão,8
2023-06-20,Algodão,BARREIRAS,Caroço,arroba,"1.350,00",1350.0,Algodão,8
2023-06-20,Algodão,BARREIRAS,Pluma,arroba,"157,50",157.5,Algodão,8
2023-06-21,Algodão,BARREIRAS,Caroço,arroba,"1.350,00",1350.0,Algodão,8
2023-06-21,Algodão,BARREIRAS,Pluma,arroba,"157,50",157.5,Algodão,8
2023-06-22,Algodão,BARREIRAS,Caroço,arroba,"1.350,00",1350.0,Algodão,8
2023-06-22,Algodão,BARREIRAS,Pluma,arroba,"157,50",157.5,Algodão,8
2023-06-26,Algodão,BARREIRAS,Caroço,arroba,"1.350,00",1350.0,Algodão,8
2023-06-26,Algodão,BARREIRAS,Pluma,arroba,"157,50",157.5,Algodão,8
2023-06-27,Algodão,BARREIRAS,Caroço,arroba,"1.250,00",1250.0,Algodão,8
2023-06-27,Algodão,BARREIRAS,Pluma,arroba,"157,50",157.5,Algodão,8
2023-06-28,Algodão,BARREIRAS,Caroço,arroba,"1.200,00",1200.0,Algodão,8
2023-06-28,Algodão,BARREIRAS,Pluma,arroba,"157,50",157.5,Algodão,8
2023-06-29,Algodão,BARREIRAS,Caroço,arroba,"1.200,00",1200.0,Algodão,8
2023-06-29,Algodão,BARREIRAS,Pluma,arroba,"157,50",157.5,Algodão,8
2023-06-30,Algodão,BARREIRAS,Caroço,arroba,"1.200,00",1200.0,Algodão,8
2023-06-30,Algodão,BARREIRAS,Pluma,arroba,"157,50",157.5,Algodão,8
2023-07-03,Algodão,BARREIRAS,Caroço,arroba,"1.200,00",1200.0,Algodão,8
2023-07-03,Algodão,BARREIRAS,Pluma,arroba,"157,50",157.5,Algodão,8
2023-07-04,Algodão,BARREIRAS,Caroço,arroba,"1.200,00",1200.0,Algodão,8
2023-07-04,Algodão,BARREIRAS,Pluma,arroba,"130,00",130.0,Algodão,8
2023-07-05,Algodão,BARREIRAS,Caroço,arroba,"1.200,00",1200.0,Algodão,8
2023-07-05,Algodão,BARREIRAS,Pluma,arroba,"130,00",130.0,Algodão,8
2023-07-06,Algodão,BARREIRAS,Caroço,arroba,"1.200,00",1200.0,Algodão,8
2023-07-06,Algodão,BARREIRAS,Pluma,arroba,"125,00",125.0,Algodão,8
2023-07-07,Algodão,BARREIRAS,Caroço,arroba,"1.100,00",1100.0,Algodão,8
2023-07-07,Algodão,BARREIRAS,Pluma,arroba,"127,00",127.0,Algodão,8
2023-07-10,Algodão,BARREIRAS,Caroço,arroba,"1.100,00",1100.0,Algodão,8
2023-07-10,Algodão,BARREIRAS,Pluma,arroba,"127,00",127.0,Algodão,8
2023-07-11,Algodão,BARREIRAS,Caroço,arroba,"1.100,00",1100.0,Algodão,8
2023-07-11,Algodão,BARREIRAS,Pluma,arroba,"129,00",129.0,Algodão,8
2023-07-12,Algodão,BARREIRAS,Caroço,arroba,"1.100,00",1100.0,Algodão,8
2023-07-12,Algodão,BARREIRAS,Pluma,arroba,"129,00",129.0,Algodão,8
2023-07-13,Algodão,BARREIRAS,Caroço,arroba,"1.100,00",1100.0,Algodão,8
2023-07-13,Algodão,BARREIRAS,Pluma,arroba,"127,00",127.0,Algodão,8
2023-07-14,Algodão,BARREIRAS,Caroço,arroba,"1.100,00",1100.0,Algodão,8
2023-07-14,Algodão,BARREIRAS,Pluma,arroba,"127,00",127.0,Algodão,8
2023-07-17,Algodão,BARREIRAS,Caroço,arroba,"1.100,00",1100.0,Algodão,8
2023-07-17,Algodão,BARREIRAS,Pluma,arroba,"125,84",125.84,Algodão,8
2023-07-18,Algodão,BARREIRAS,Caroço,arroba,"1.100,00",1100.0,Algodão,8
2023-07-18,Algodão,BARREIRAS,Pluma,arroba,"125,51",125.51,Algodão,8
2023-07-19,Algodão,BARREIRAS,Caroço,arroba,"1.100,00",1100.0,Algodão,8
2023-07-19,Algodão,BARREIRAS,Pluma,arroba,"125,51",125.51,Algodão,8
2023-07-20,Algodão,BARREIRAS,Caroço,arroba,"1.100,00",1100.0,Algodão,8
2023-07-20,Algodão,BARREIRAS,Pluma,arroba,"125,79",125.79,Algodão,8
2023-07-21,Algodão,BARREIRAS,Caroço,arroba,"1.100,00",1100.0,Algodão,8
2023-07-21,Algodão,BARREIRAS,Pluma,arroba,"126,74",126.74,Algodão,8
2023-07-24,Algodão,BARREIRAS,Caroço,arroba,"1.100,00",1100.0,Algodão,8
2023-07-24,Algodão,BARREIRAS,Pluma,arroba,"127,94",127.94,Algodão,8
2023-07-25,Algodão,BARREIRAS,Caroço,arroba,"1.100,00",1100.0,Algodão,8
2023-07-25,Algodão,BARREIRAS,Pluma,arroba,"127,94",127.94,Algodão,8
2023-07-26,Algodão,BARREIRAS,Caroço,arroba,"1.100,00",1100.0,Algodão,8
2023-07-26,Algodão,BARREIRAS,Pluma,arroba,"127,94",127.94,Algodão,8
2023-07-27,Algodão,BARREIRAS,Caroço,arroba,"1.100,00",1100.0,Algodão,8
2023-07-27,Algodão,BARREIRAS,Pluma,arroba,"129,24",129.24,Algodão,8
2023-07-28,Algodão,BARREIRAS,Caroço,arroba,"1.100,00",1100.0,Algodão,8
2023-07-28,Algodão,BARREIRAS,Pluma,arroba,"129,24",129.24,Algodão,8
2023-07-31,Algodão,BARREIRAS,Caroço,arroba,"1.100,00",1100.0,Algodão,8
2023-07-31,Algodão,BARREIRAS,Pluma,arroba,"131,20",131.2,Algodão,8
2023-08-01,Algodão,BARREIRAS,Caroço,arroba,"1.100,00",1100.0,Algodão,8
2023-08-01,Algodão,BARREIRAS,Pluma,arroba,"130,29",130.29,Algodão,8
2023-08-02,Algodão,BARREIRAS,Caroço,arroba,"1.100,00",1100.0,Algodão,8
2023-08-02,Algodão,BARREIRAS,Pluma,arroba,"130,20",130.2,Algodão,8
2023-08-03,Algodão,BARREIRAS,Caroço,arroba,"1.100,00",1100.0,Algodão,8
2023-08-03,Algodão,BARREIRAS,Pluma,arroba,"130,20",130.2,Algodão,8
2023-08-04,Algodão,BARREIRAS,Caroço,arroba,"1.100,00",1100.0,Algodão,8
2023-08-04,Algodão,BARREIRAS,Pluma,arroba,"130,44",130.44,Algodão,8
2023-08-08,Algodão,BARREIRAS,Caroço,arroba,"1.100,00",1100.0,Algodão,8
2023-08-08,Algodão,BARREIRAS,Pluma,arroba,"130,77",130.77,Algodão,8
2023-08-09,Algodão,BARREIRAS,Caroço,arroba,"1.100,00",1100.0,Algodão,8
2023-08-09,Algodão,BARREIRAS,Pluma,arroba,"130,64",130.64,Algodão,8
2023-08-10,Algodão,BARREIRAS,Caroço,arroba,"1.100,00",1100.0,Algodão,8
2023-08-10,Algodão,BARREIRAS,Pluma,arroba,"130,64",130.64,Algodão,8
2023-08-11,Algodão,BARREIRAS,Caroço,arroba,"1.100,00",1100.0,Algodão,8
2023-08-11,Algodão,BARREIRAS,Pluma,arroba,"133,21",133.21,Algodão,8
2023-08-14,Algodão,BARREIRAS,Caroço,arroba,"1.100,00",1100.0,Algodão,8
2023-08-14,Algodão,BARREIRAS,Pluma,arroba,"133,60",133.6,Algodão,8
2023-08-15,Algodão,BARREIRAS,Caroço,arroba,"1.050,00",1050.0,Algodão,8
2023-08-15,Algodão,BARREIRAS,Pluma,arroba,"133,40",133.4,Algodão,8
2023-08-16,Algodão,BARREIRAS,Caroço,arroba,"1.050,00",1050.0,Algodão,8
2023-08-16,Algodão,BARREIRAS,Pluma,arroba,"133,40",133.4,Algodão,8
2023-08-17,Algodão,BARREIRAS,Caroço,arroba,"1.050,00",1050.0,Algodão,8
2023-08-17,Algodão,BARREIRAS,Pluma,arroba,"135,52",135.52,Algodão,8
2023-08-18,Algodão,BARREIRAS,Caroço,arroba,"1.050,00",1050.0,Algodão,8
2023-08-18,Algodão,BARREIRAS,Pluma,arroba,"134,47",134.47,Algodão,8
2023-08-21,Algodão,BARREIRAS,Caroço,arroba,"1.000,00",1000.0,Algodão,8
2023-08-21,Algodão,BARREIRAS,Pluma,arroba,"132,22",132.22,Algodão,8
2023-08-22,Algodão,BARREIRAS,Caroço,arroba,"1.000,00",1000.0,Algodão,8
2023-08-22,Algodão,BARREIRAS,Pluma,arroba,"133,22",133.22,Algodão,8
2023-08-23,Algodão,BARREIRAS,Caroço,arroba,"1.000,00",1000.0,Algodão,8
2023-08-23,Algodão,BARREIRAS,Pluma,arroba,"133,22",133.22,Algodão,8
2023-08-24,Algodão,BARREIRAS,Caroço,arroba,"1.000,00",1000.0,Algodão,8
2023-08-24,Algodão,BARREIRAS,Pluma,arroba,"132,76",132.76,Algodão,8
2023-08-25,Algodão,BARREIRAS,Caroço,arroba,"1.000,00",1000.0,Algodão,8
2023-08-25,Algodão,BARREIRAS,Pluma,arroba,"132,40",132.4,Algodão,8
2023-08-28,Algodão,BARREIRAS,Caroço,arroba,"1.000,00",1000.0,Algodão,8
2023-08-28,Algodão,BARREIRAS,Pluma,arroba,"132,44",132.44,Algodão,8
2023-08-29,Algodão,BARREIRAS,Caroço,arroba,"1.000,00",1000.0,Algodão,8
2023-08-29,Algodão,BARREIRAS,Pluma,arroba,"132,44",132.44,Algodão,8
2023-08-30,Algodão,BARREIRAS,Caroço,arroba,"1.000,00",1000.0,Algodão,8
2023-08-30,Algodão,BARREIRAS,Pluma,arroba,"132,44",132.44,Algodão,8
2023-08-31,Algodão,BARRA DO CHOCA,Cacho,(U$$),"R$ 850,00",850.0,Algodão,8
2023-08-31,Algodão,BARRA DO CHOCA,Pacovan,(U$$),"R$ 135,40",135.4,Algodão,8
2023-08-31,Algodão,BARREIRAS,Caroço,tonelada,"1.620,00",1620.0,Algodão,8
2023-08-31,Algodão,BARREIRAS,Pluma,arroba,"138,33",138.33,Algodão,8
2023-09-01,Algodão,BARREIRAS,Caroço,arroba,"1.000,00",1000.0,Algodão,8
2023-09-01,Algodão,BARREIRAS,Pluma,arroba,"133,06",133.06,Algodão,8
2023-09-04,Algodão,BARREIRAS,Caroço,arroba,"1.000,00",1000.0,Algodão,8
2023-09-04,Algodão,BARREIRAS,Pluma,arroba,"133,06",133.06,Algodão,8
2023-09-05,Algodão,BARREIRAS,Caroço,arroba,"1.000,00",1000.0,Algodão,8
2023-09-05,Algodão,BARREIRAS,Pluma,arroba,"134,69",134.69,Algodão,8
2023-09-06,Algodão,BARREIRAS,Caroço,arroba,"1.000,00",1000.0,Algodão,8
2023-09-06,Algodão,BARREIRAS,Pluma,arroba,"135,34",135.34,Algodão,8
2023-09-08,Algodão,BARREIRAS,Caroço,arroba,"1.100,00",1100.0,Algodão,8
2023-09-08,Algodão,BARREIRAS,Pluma,arroba,"135,34",135.34,Algodão,8
2023-09-11,Algodão,BARREIRAS,Caroço,arroba,"1.100,00",1100.0,Algodão,8
2023-09-11,Algodão,BARREIRAS,Pluma,arroba,"135,04",135.04,Algodão,8
2023-09-12,Algodão,BARREIRAS,Caroço,arroba,"1.100,00",1100.0,Algodão,8
2023-09-12,Algodão,BARREIRAS,Pluma,arroba,"136,58",136.58,Algodão,8
2023-09-13,Algodão,BARREIRAS,Caroço,arroba,"1.100,00",1100.0,Algodão,8
2023-09-13,Algodão,BARREIRAS,Pluma,arroba,"135,68",135.68,Algodão,8
2023-09-14,Algodão,BARREIRAS,Caroço,arroba,"1.100,00",1100.0,Algodão,8
2023-09-14,Algodão,BARREIRAS,Pluma,arroba,"135,68",135.68,Algodão,8
2023-09-15,Algodão,BARREIRAS,Caroço,arroba,"1.100,00",1100.0,Algodão,8
2023-09-15,Algodão,BARREIRAS,Pluma,arroba,"134,17",134.17,Algodão,8
2023-09-18,Algodão,BARREIRAS,Caroço,arroba,"1.100,00",1100.0,Algodão,8
2023-09-18,Algodão,BARREIRAS,Pluma,arroba,"133,20",133.2,Algodão,8
2023-09-19,Algodão,BARREIRAS,Caroço,arroba,"1.100,00",1100.0,Algodão,8
2023-09-19,Algodão,BARREIRAS,Pluma,arroba,"131,80",131.8,Algodão,8
2023-09-20,Algodão,BARREIRAS,Caroço,arroba,"1.100,00",1100.0,Algodão,8
2023-09-20,Algodão,BARREIRAS,Pluma,arroba,"132,66",132.66,Algodão,8
2023-09-21,Algodão,BARREIRAS,Caroço,arroba,"1.100,00",1100.0,Algodão,8
2023-09-21,Algodão,BARREIRAS,Pluma,arroba,"130,44",130.44,Algodão,8
2023-09-22,Algodão,BARREIRAS,Caroço,arroba,"1.100,00",1100.0,Algodão,8
2023-09-22,Algodão,BARREIRAS,Pluma,arroba,"130,36",130.36,Algodão,8
2023-09-25,Algodão,BARREIRAS,Caroço,arroba,"1.100,00",1100.0,Algodão,8
2023-09-25,Algodão,BARREIRAS,Pluma,arroba,"130,36",130.36,Algodão,8
2023-09-26,Algodão,BARREIRAS,Caroço,arroba,"1.100,00",1100.0,Algodão,8
2023-09-26,Algodão,BARREIRAS,Pluma,arroba,"130,36",130.36,Algodão,8
2023-09-27,Algodão,BARREIRAS,Caroço,arroba,"1.050,00",1050.0,Algodão,8
2023-09-27,Algodão,BARREIRAS,Pluma,arroba,"130,36",130.36,Algodão,8
2023-09-28,Algodão,BARREIRAS,Caroço,arroba,"1.050,00",1050.0,Algodão,8
2023-09-28,Algodão,BARREIRAS,Pluma,arroba,"130,36",130.36,Algodão,8
2023-09-29,Algodão,BARREIRAS,Caroço,arroba,"1.050,00",1050.0,Algodão,8
2023-09-29,Algodão,BARREIRAS,Pluma,arroba,"130,36",130.36,Algodão,8
2023-10-02,Algodão,BARREIRAS,Caroço,arroba,"1.050,00",1050.0,Algodão,8
2023-10-02,Algodão,BARREIRAS,Pluma,arroba,"130,36",130.36,Algodão,8
2023-10-03,Algodão,BARREIRAS,Caroço,arroba,"1.050,00",1050.0,Algodão,8
2023-10-03,Algodão,BARREIRAS,Pluma,arroba,"130,36",130.36,Algodão,8
2023-10-04,Algodão,BARREIRAS,Caroço,arroba,"1.050,00",1050.0,Algodão,8
2023-10-04,Algodão,BARREIRAS,Pluma,arroba,"130,36",130.36,Algodão,8
2023-10-05,Algodão,BARREIRAS,Caroço,arroba,"1.050,00",1050.0,Algodão,8
2023-10-05,Algodão,BARREIRAS,Pluma,arroba,"130,36",130.36,Algodão,8
2023-10-06,Algodão,BARREIRAS,Caroço,arroba,"1.050,00",1050.0,Algodão,8
2023-10-06,Algodão,BARREIRAS,Pluma,arroba,"130,36",130.36,Algodão,8
2023-10-09,Algodão,BARREIRAS,Caroço,arroba,"1.050,00",1050.0,Algodão,8
2023-10-09,Algodão,BARREIRAS,Pluma,arroba,"130,36",130.36,Algodão,8
2023-10-10,Algodão,BARREIRAS,Caroço,arroba,"1.050,00",1050.0,Algodão,8
2023-10-10,Algodão,BARREIRAS,Pluma,arroba,"130,36",130.36,Algodão,8
2023-10-11,Algodão,BARREIRAS,Caroço,arroba,"1.050,00",1050.0,Algodão,8
2023-10-11,Algodão,BARREIRAS,Pluma,arroba,"130,36",130.36,Algodão,8
2023-10-16,Algodão,BARREIRAS,Caroço,arroba,"1.050,00",1050.0,Algodão,8
2023-10-16,Algodão,BARREIRAS,Pluma,arroba,"130,36",130.36,Algodão,8
2023-10-17,Algodão,BARREIRAS,Caroço,arroba,"1.050,00",1050.0,Algodão,8
2023-10-17,Algodão,BARREIRAS,Pluma,arroba,"130,36",130.36,Algodão,8
2023-10-18,Algodão,BARREIRAS,Caroço,arroba,"1.050,00",1050.0,Algodão,8
2023-10-18,Algodão,BARREIRAS,Pluma,arroba,"130,36",130.36,Algodão,8
2023-10-19,Algodão,BARREIRAS,Caroço,arroba,"1.050,00",1050.0,Algodão,8
2023-10-19,Algodão,BARREIRAS,Pluma,arroba,"130,36",130.36,Algodão,8
2023-10-20,Algodão,BARREIRAS,Caroço,arroba,"1.050,00",1050.0,Algodão,8
2023-10-20,Algodão,BARREIRAS,Pluma,arroba,"130,36",130.36,Algodão,8
2023-10-23,Algodão,BARREIRAS,Caroço,arroba,"1.050,00",1050.0,Algodão,8
2023-10-23,Algodão,BARREIRAS,Pluma,arroba,"130,36",130.36,Algodão,8
2023-10-24,Algodão,BARREIRAS,Caroço,arroba,"1.050,00",1050.0,Algodão,8
2023-10-24,Algodão,BARREIRAS,Pluma,arroba,"130,36",130.36,Algodão,8
2023-10-25,Algodão,BARREIRAS,Caroço,arroba,"1.050,00",1050.0,Algodão,8
2023-10-25,Algodão,BARREIRAS,Pluma,arroba,"130,36",130.36,Algodão,8
2023-10-26,Algodão,BARREIRAS,Caroço,arroba,"1.050,00",1050.0,Algodão,8
2023-10-26,Algodão,BARREIRAS,Pluma,arroba,"130,36",130.36,Algodão,8
2023-10-27,Algodão,BARREIRAS,Caroço,arroba,"1.050,00",1050.0,Algodão,8
2023-10-27,Algodão,BARREIRAS,Pluma,arroba,"130,36",130.36,Algodão,8
2023-10-30,Algodão,BARREIRAS,Caroço,arroba,"1.050,00",1050.0,Algodão,8
2023-10-30,Algodão,BARREIRAS,Pluma,arroba,"130,36",130.36,Algodão,8
2023-10-31,Algodão,BARREIRAS,Caroço,arroba,"1.050,00",1050.0,Algodão,8
2023-10-31,Algodão,BARREIRAS,Pluma,arroba,"130,36",130.36,Algodão,8
2023-11-01,Algodão,BARREIRAS,Caroço,arroba,"1.050,00",1050.0,Algodão,8
2023-11-01,Algodão,BARREIRAS,Pluma,arroba,"130,36",130.36,Algodão,8
2023-11-03,Algodão,BARREIRAS,Caroço,arroba,"1.050,00",1050.0,Algodão,8
2023-11-03,Algodão,BARREIRAS,Pluma,arroba,"130,36",130.36,Algodão,8
2023-11-06,Algodão,BARREIRAS,Caroço,arroba,"1.050,00",1050.0,Algodão,8
2023-11-06,Algodão,BARREIRAS,Pluma,arroba,"130,36",130.36,Algodão,8
2023-11-07,Algodão,BARREIRAS,Caroço,arroba,"1.050,00",1050.0,Algodão,8
2023-11-07,Algodão,BARREIRAS,Pluma,arroba,"130,36",130.36,Algodão,8
2023-11-08,Algodão,BARREIRAS,Caroço,arroba,"1.050,00",1050.0,Algodão,8
2023-11-08,Algodão,BARREIRAS,Pluma,arroba,"130,36",130.36,Algodão,8
2023-11-09,Algodão,BARREIRAS,Caroço,arroba,"1.050,00",1050.0,Algodão,8
2023-11-09,Algodão,BARREIRAS,Pluma,arroba,"130,36",130.36,Algodão,8
2023-11-10,Algodão,BARREIRAS,Caroço,arroba,"1.050,00",1050.0,Algodão,8
2023-11-10,Algodão,BARREIRAS,Pluma,arroba,"130,36",130.36,Algodão,8
2023-11-13,Algodão,BARREIRAS,Caroço,arroba,"1.050,00",1050.0,Algodão,8
2023-11-13,Algodão,BARREIRAS,Pluma,arroba,"130,36",130.36,Algodão,8
2023-11-14,Algodão,BARREIRAS,Caroço,arroba,"1.050,00",1050.0,Algodão,8
2023-11-14,Algodão,BARREIRAS,Pluma,arroba,"130,36",130.36,Algodão,8
2023-11-16,Algodão,BARREIRAS,Caroço,arroba,"1.050,00",1050.0,Algodão,8
2023-11-16,Algodão,BARREIRAS,Pluma,arroba,"130,36",130.36,Algodão,8
2023-11-17,Algodão,BARREIRAS,Caroço,arroba,"1.050,00",1050.0,Algodão,8
2023-11-17,Algodão,BARREIRAS,Pluma,arroba,"130,36",130.36,Algodão,8
2023-11-20,Algodão,BARREIRAS,Caroço,arroba,"1.050,00",1050.0,Algodão,8
2023-11-20,Algodão,BARREIRAS,Pluma,arroba,"130,36",130.36,Algodão,8
2023-11-21,Algodão,BARREIRAS,Caroço,arroba,"1.050,00",1050.0,Algodão,8
2023-11-21,Algodão,BARREIRAS,Pluma,arroba,"130,36",130.36,Algodão,8
2023-11-22,Algodão,BARREIRAS,Caroço,arroba,"1.050,00",1050.0,Algodão,8
2023-11-22,Algodão,BARREIRAS,Pluma,arroba,"130,36",130.36,Algodão,8
2023-11-23,Algodão,BARREIRAS,Caroço,arroba,"1.050,00",1050.0,Algodão,8
2023-11-23,Algodão,BARREIRAS,Pluma,arroba,"130,36",130.36,Algodão,8
2023-11-24,Algodão,BARREIRAS,Caroço,arroba,"1.050,00",1050.0,Algodão,8
2023-11-24,Algodão,BARREIRAS,Pluma,arroba,"130,36",130.36,Algodão,8
2023-11-27,Algodão,BARREIRAS,Caroço,arroba,"1.050,00",1050.0,Algodão,8
2023-11-27,Algodão,BARREIRAS,Pluma,arroba,"130,36",130.36,Algodão,8
2023-11-28,Algodão,BARREIRAS,Caroço,arroba,"1.050,00",1050.0,Algodão,8
2023-11-28,Algodão,BARREIRAS,Pluma,arroba,"130,36",130.36,Algodão,8
2023-11-29,Algodão,BARREIRAS,Caroço,arroba,"1.050,00",1050.0,Algodão,8
2023-11-29,Algodão,BARREIRAS,Pluma,arroba,"130,36",130.36,Algodão,8
2023-11-30,Algodão,BARREIRAS,Caroço,arroba,"1.050,00",1050.0,Algodão,8
2023-11-30,Algodão,BARREIRAS,Pluma,arroba,"130,36",130.36,Algodão,8
2023-12-01,Algodão,BARREIRAS,Caroço,arroba,"1.050,00",1050.0,Algodão,8
2023-12-01,Algodão,BARREIRAS,Pluma,arroba,"130,36",130.36,Algodão,8
2023-12-04,Algodão,BARREIRAS,Caroço,arroba,"1.050,00",1050.0,Algodão,8
2023-12-04,Algodão,BARREIRAS,Pluma,arroba,"130,36",130.36,Algodão,8
2023-12-05,Algodão,BARREIRAS,Caroço,arroba,"1.050,00",1050.0,Algodão,8
2023-12-05,Algodão,BARREIRAS,Pluma,arroba,"130,36",130.36,Algodão,8
2023-12-06,Algodão,BARREIRAS,Caroço,arroba,"1.350,00",1350.0,Algodão,8
2023-12-06,Algodão,BARREIRAS,Pluma,arroba,"130,36",130.36,Algodão,8
2023-12-07,Algodão,BARREIRAS,Caroço,arroba,"1.400,00",1400.0,Algodão,8
2023-12-07,Algodão,BARREIRAS,Pluma,arroba,"130,36",130.36,Algodão,8
2023-12-11,Algodão,BARREIRAS,Caroço,arroba,"1.400,00",1400.0,Algodão,8
2023-12-11,Algodão,BARREIRAS,Pluma,arroba,"130,36",130.36,Algodão,8
2023-12-12,Algodão,BARREIRAS,Caroço,arroba,"1.400,00",1400.0,Algodão,8
2023-12-12,Algodão,BARREIRAS,Pluma,arroba,"130,36",130.36,Algodão,8
2023-12-13,Algodão,BARREIRAS,Caroço,arroba,"1.400,00",1400.0,Algodão,8
2023-12-13,Algodão,BARREIRAS,Pluma,arroba,"130,36",130.36,Algodão,8
2023-12-14,Algodão,BARREIRAS,Caroço,arroba,"1.400,00",1400.0,Algodão,8
2023-12-14,Algodão,BARREIRAS,Pluma,arroba,"130,36",130.36,Algodão,8
2023-12-15,Algodão,BARREIRAS,Caroço,arroba,"1.400,00",1400.0,Algodão,8
2023-12-15,Algodão,BARREIRAS,Pluma,arroba,"130,36",130.36,Algodão,8
2023-12-18,Algodão,BARREIRAS,Caroço,arroba,"1.400,00",1400.0,Algodão,8
2023-12-18,Algodão,BARREIRAS,Pluma,arroba,"130,36",130.36,Algodão,8
2023-12-19,Algodão,BARREIRAS,Caroço,arroba,"1.400,00",1400.0,Algodão,8
2023-12-19,Algodão,BARREIRAS,Pluma,arroba,"130,36",130.36,Algodão,8
2023-12-20,Algodão,BARREIRAS,Caroço,arroba,"1.400,00",1400.0,Algodão,8
2023-12-20,Algodão,BARREIRAS,Pluma,arroba,"130,36",130.36,Algodão,8
2023-12-21,Algodão,BARREIRAS,Caroço,arroba,"1.400,00",1400.0,Algodão,8
2023-12-21,Algodão,BARREIRAS,Pluma,arroba,"130,36",130.36,Algodão,8
2023-12-22,Algodão,BARREIRAS,Caroço,arroba,"1.400,00",1400.0,Algodão,8
2023-12-22,Algodão,BARREIRAS,Pluma,arroba,"130,36",130.36,Algodão,8
2023-12-26,Algodão,BARREIRAS,Caroço,arroba,"1.400,00",1400.0,Algodão,8
2023-12-26,Algodão,BARREIRAS,Pluma,arroba,"130,36",130.36,Algodão,8
2023-12-27,Algodão,BARREIRAS,Caroço,arroba,"1.400,00",1400.0,Algodão,8
2023-12-27,Algodão,BARREIRAS,Pluma,arroba,"130,36",130.36,Algodão,8
2023-12-28,Algodão,BARREIRAS,Caroço,arroba,"1.450,00",1450.0,Algodão,8
2023-12-28,Algodão,BARREIRAS,Pluma,arroba,"130,36",130.36,Algodão,8
2023-12-29,Algodão,BARREIRAS,Caroço,arroba,"1.500,00",1500.0,Algodão,8
2023-12-29,Algodão,BARREIRAS,Pluma,arroba,"130,36",130.36,Algodão,8
2024-01-02,Algodão,BARREIRAS,Caroço,arroba,"1.500,00",1500.0,Algodão,8
2024-01-02,Algodão,BARREIRAS,Pluma,arroba,"130,36",130.36,Algodão,8
2024-01-03,Algodão,BARREIRAS,Caroço,arroba,"1.500,00",1500.0,Algodão,8
2024-01-03,Algodão,BARREIRAS,Pluma,arroba,"130,36",130.36,Algodão,8
2024-01-04,Algodão,BARREIRAS,Caroço,arroba,"1.500,00",1500.0,Algodão,8
2024-01-04,Algodão,BARREIRAS,Pluma,arroba,"130,36",130.36,Algodão,8
2024-01-05,Algodão,BARREIRAS,Caroço,arroba,"1.550,00",1550.0,Algodão,8
2024-01-05,Algodão,BARREIRAS,Pluma,arroba,"130,36",130.36,Algodão,8
2024-01-08,Algodão,BARREIRAS,Caroço,arroba,"1.550,00",1550.0,Algodão,8
2024-01-08,Algodão,BARREIRAS,Pluma,arroba,"130,36",130.36,Algodão,8
2024-01-09,Algodão,BARREIRAS,Caroço,arroba,"1.550,00",1550.0,Algodão,8
2024-01-09,Algodão,BARREIRAS,Pluma,arroba,"130,36",130.36,Algodão,8
2024-01-10,Algodão,BARREIRAS,Caroço,arroba,"1.550,00",1550.0,Algodão,8
2024-01-10,Algodão,BARREIRAS,Pluma,arroba,"130,36",130.36,Algodão,8
2024-01-11,Algodão,BARREIRAS,Caroço,arroba,"1.550,00",1550.0,Algodão,8
2024-01-11,Algodão,BARREIRAS,Pluma,arroba,"130,36",130.36,Algodão,8
2024-01-12,Algodão,BARREIRAS,Caroço,arroba,"1.500,00",1500.0,Algodão,8
2024-01-12,Algodão,BARREIRAS,Pluma,arroba,"130,36",130.36,Algodão,8
2024-01-15,Algodão,BARREIRAS,Caroço,arroba,"1.500,00",1500.0,Algodão,8
2024-01-15,Algodão,BARREIRAS,Pluma,arroba,"130,36",130.36,Algodão,8
2024-01-16,Algodão,BARREIRAS,Caroço,arroba,"1.500,00",1500.0,Algodão,8
2024-01-16,Algodão,BARREIRAS,Pluma,arroba,"130,36",130.36,Algodão,8
2024-01-17,Algodão,BARREIRAS,Caroço,arroba,"1.500,00",1500.0,Algodão,8
2024-01-17,Algodão,BARREIRAS,Pluma,arroba,"130,36",130.36,Algodão,8
2024-01-18,Algodão,BARREIRAS,Caroço,arroba,"1.500,00",1500.0,Algodão,8
2024-01-18,Algodão,BARREIRAS,Pluma,arroba,"130,36",130.36,Algodão,8
2024-01-19,Algodão,BARREIRAS,Caroço,arroba,"1.500,00",1500.0,Algodão,8
2024-01-19,Algodão,BARREIRAS,Pluma,arroba,"130,36",130.36,Algodão,8
2024-01-22,Algodão,BARREIRAS,Caroço,arroba,"1.500,00",1500.0,Algodão,8
2024-01-22,Algodão,BARREIRAS,Pluma,arroba,"130,36",130.36,Algodão,8
2024-01-23,Algodão,BARREIRAS,Caroço,arroba,"1.400,00",1400.0,Algodão,8
2024-01-23,Algodão,BARREIRAS,Pluma,arroba,"130,36",130.36,Algodão,8
2024-01-24,Algodão,BARREIRAS,Caroço,arroba,"1.400,00",1400.0,Algodão,8
2024-01-24,Algodão,BARREIRAS,Pluma,arroba,"130,36",130.36,Algodão,8
2024-01-25,Algodão,BARREIRAS,Caroço,arroba,"1.400,00",1400.0,Algodão,8
2024-01-25,Algodão,BARREIRAS,Pluma,arroba,"130,36",130.36,Algodão,8
2024-01-26,Algodão,BARREIRAS,Caroço,arroba,"1.400,00",1400.0,Algodão,8
2024-01-26,Algodão,BARREIRAS,Pluma,arroba,"130,36",130.36,Algodão,8
2024-01-29,Algodão,BARREIRAS,Caroço,arroba,"1.400,00",1400.0,Algodão,8
2024-01-29,Algodão,BARREIRAS,Pluma,arroba,"130,36",130.36,Algodão,8
2024-01-30,Algodão,BARREIRAS,Caroço,arroba,"1.400,00",1400.0,Algodão,8
2024-01-30,Algodão,BARREIRAS,Pluma,arroba,"130,36",130.36,Algodão,8
2024-01-31,Algodão,BARREIRAS,Caroço,arroba,"1.350,00",1350.0,Algodão,8
2024-01-31,Algodão,BARREIRAS,Pluma,arroba,"130,36",130.36,Algodão,8
2024-02-01,Algodão,BARREIRAS,Caroço,arroba,"1.350,00",1350.0,Algodão,8
2024-02-01,Algodão,BARREIRAS,Pluma,arroba,"130,36",130.36,Algodão,8
2024-02-02,Algodão,BARREIRAS,Caroço,arroba,"1.350,00",1350.0,Algodão,8
2024-02-02,Algodão,BARREIRAS,Pluma,arroba,"130,36",130.36,Algodão,8
2024-02-05,Algodão,BARREIRAS,Caroço,arroba,"1.350,00",1350.0,Algodão,8
2024-02-05,Algodão,BARREIRAS,Pluma,arroba,"130,36",130.36,Algodão,8
2024-02-06,Algodão,BARREIRAS,Caroço,arroba,"1.350,00",1350.0,Algodão,8
2024-02-06,Algodão,BARREIRAS,Pluma,arroba,"130,36",130.36,Algodão,8
2024-02-07,Algodão,BARREIRAS,Caroço,arroba,"1.250,00",1250.0,Algodão,8
2024-02-07,Algodão,BARREIRAS,Pluma,arroba,"130,36",130.36,Algodão,8
2024-02-08,Algodão,BARREIRAS,Caroço,arroba,"1.250,00",1250.0,Algodão,8
2024-02-08,Algodão,BARREIRAS,Pluma,arroba,"130,36",130.36,Algodão,8
2024-02-15,Algodão,BARREIRAS,Caroço,arroba,"1.250,00",1250.0,Algodão,8
2024-02-15,Algodão,BARREIRAS,Pluma,arroba,"130,36",130.36,Algodão,8
2024-02-16,Algodão,BARREIRAS,Caroço,arroba,"1.250,00",1250.0,Algodão,8
2024-02-16,Algodão,BARREIRAS,Pluma,arroba,"130,36",130.36,Algodão,8
2024-02-19,Algodão,BARREIRAS,Caroço,arroba,"1.250,00",1250.0,Algodão,8
2024-02-19,Algodão,BARREIRAS,Pluma,arroba,"130,36",130.36,Algodão,8
2024-02-20,Algodão,BARREIRAS,Caroço,arroba,"1.250,00",1250.0,Algodão,8
2024-02-20,Algodão,BARREIRAS,Pluma,arroba,"130,36",130.36,Algodão,8
2024-02-21,Algodão,BARREIRAS,Caroço,arroba,"1.250,00",1250.0,Algodão,8
2024-02-21,Algodão,BARREIRAS,Pluma,arroba,"130,36",130.36,Algodão,8
2024-02-22,Algodão,BARREIRAS,Caroço,arroba,"1.250,00",1250.0,Algodão,8
2024-02-22,Algodão,BARREIRAS,Pluma,arroba,"130,36",130.36,Algodão,8
2024-02-23,Algodão,BARREIRAS,Caroço,arroba,"1.250,00",1250.0,Algodão,8
2024-02-23,Algodão,BARREIRAS,Pluma,arroba,"130,36",130.36,Algodão,8
2024-02-26,Algodão,BARREIRAS,Caroço,arroba,"1.250,00",1250.0,Algodão,8
2024-02-26,Algodão,BARREIRAS,Pluma,arroba,"130,36",130.36,Algodão,8
2024-02-27,Algodão,BARREIRAS,Caroço,arroba,"1.250,00",1250.0,Algodão,8
2024-02-27,Algodão,BARREIRAS,Pluma,arroba,"130,36",130.36,Algodão,8
2024-02-28,Algodão,BARREIRAS,Caroço,arroba,"1.250,00",1250.0,Algodão,8
2024-02-28,Algodão,BARREIRAS,Pluma,arroba,"130,36",130.36,Algodão,8
2024-02-29,Algodão,BARREIRAS,Caroço,arroba,"1.250,00",1250.0,Algodão,8
2024-02-29,Algodão,BARREIRAS,Pluma,arroba,"130,36",130.36,Algodão,8
2024-03-01,Algodão,BARREIRAS,Caroço,arroba,"1.250,00",1250.0,Algodão,8
2024-03-01,Algodão,BARREIRAS,Pluma,arroba,"130,36",130.36,Algodão,8
2024-03-04,Algodão,BARREIRAS,Caroço,arroba,"1.250,00",1250.0,Algodão,8
2024-03-04,Algodão,BARREIRAS,Pluma,arroba,"130,36",130.36,Algodão,8
2024-03-05,Algodão,BARREIRAS,Caroço,arroba,"1.250,00",1250.0,Algodão,8
2024-03-05,Algodão,BARREIRAS,Pluma,arroba,"130,36",130.36,Algodão,8
2024-03-06,Algodão,BARREIRAS,Caroço,arroba,"1.200,00",1200.0,Algodão,8
2024-03-06,Algodão,BARREIRAS,Pluma,arroba,"130,36",130.36,Algodão,8
2024-03-07,Algodão,BARREIRAS,Caroço,arroba,"1.200,00",1200.0,Algodão,8
2024-03-07,Algodão,BARREIRAS,Pluma,arroba,"130,36",130.36,Algodão,8
2024-03-08,Algodão,BARREIRAS,Caroço,arroba,"1.200,00",1200.0,Algodão,8
2024-03-08,Algodão,BARREIRAS,Pluma,arroba,"130,36",130.36,Algodão,8
2024-03-11,Algodão,BARREIRAS,Caroço,arroba,"1.200,00",1200.0,Algodão,8
2024-03-11,Algodão,BARREIRAS,Pluma,arroba,"130,36",130.36,Algodão,8
2024-03-12,Algodão,BARREIRAS,Caroço,arroba,"1.200,00",1200.0,Algodão,8
2024-03-12,Algodão,BARREIRAS,Pluma,arroba,"130,36",130.36,Algodão,8
2024-03-13,Algodão,BARREIRAS,Caroço,arroba,"1.200,00",1200.0,Algodão,8
2024-03-13,Algodão,BARREIRAS,Pluma,arroba,"130,36",130.36,Algodão,8
2024-03-14,Algodão,BARREIRAS,Caroço,arroba,"1.200,00",1200.0,Algodão,8
2024-03-14,Algodão,BARREIRAS,Pluma,arroba,"130,36",130.36,Algodão,8
2024-03-15,Algodão,BARREIRAS,Caroço,arroba,"1.200,00",1200.0,Algodão,8
2024-03-15,Algodão,BARREIRAS,Pluma,arroba,"130,36",130.36,Algodão,8
2024-03-18,Algodão,BARREIRAS,Caroço,arroba,"1.200,00",1200.0,Algodão,8
2024-03-18,Algodão,BARREIRAS,Pluma,arroba,"130,36",130.36,Algodão,8
2024-03-19,Algodão,BARREIRAS,Caroço,arroba,"1.200,00",1200.0,Algodão,8
2024-03-19,Algodão,BARREIRAS,Pluma,arroba,"130,36",130.36,Algodão,8
2024-03-20,Algodão,BARREIRAS,Caroço,arroba,"1.200,00",1200.0,Algodão,8
2024-03-20,Algodão,BARREIRAS,Pluma,arroba,"130,36",130.36,Algodão,8
2024-03-21,Algodão,BARREIRAS,Caroço,arroba,"1.200,00",1200.0,Algodão,8
2024-03-21,Algodão,BARREIRAS,Pluma,arroba,"130,36",130.36,Algodão,8
2024-03-22,Algodão,BARREIRAS,Caroço,arroba,"1.200,00",1200.0,Algodão,8
2024-03-22,Algodão,BARREIRAS,Pluma,arroba,"130,36",130.36,Algodão,8
2024-03-24,Algodão,BARREIRAS,Caroço,arroba,"1.200,00",1200.0,Algodão,8
2024-03-24,Algodão,BARREIRAS,Pluma,arroba,"130,36",130.36,Algodão,8
2024-03-25,Algodão,BARREIRAS,Caroço,arroba,"1.200,00",1200.0,Algodão,8
2024-03-25,Algodão,BARREIRAS,Pluma,arroba,"130,36",130.36,Algodão,8
2024-03-26,Algodão,BARREIRAS,Caroço,arroba,"1.200,00",1200.0,Algodão,8
2024-03-26,Algodão,BARREIRAS,Pluma,arroba,"130,36",130.36,Algodão,8
2024-03-27,Algodão,BARREIRAS,Caroço,arroba,"1.200,00",1200.0,Algodão,8
2024-03-27,Algodão,BARREIRAS,Pluma,arroba,"130,36",130.36,Algodão,8
2024-03-28,Algodão,BARREIRAS,Caroço,arroba,"1.200,00",1200.0,Algodão,8
2024-03-28,Algodão,BARREIRAS,Pluma,arroba,"130,36",130.36,Algodão,8
2024-04-01,Algodão,BARREIRAS,Caroço,arroba,"1.200,00",1200.0,Algodão,8
2024-04-01,Algodão,BARREIRAS,Pluma,arroba,"130,36",130.36,Algodão,8
2024-04-02,Algodão,BARREIRAS,Caroço,arroba,"1.200,00",1200.0,Algodão,8
2024-04-02,Algodão,BARREIRAS,Pluma,arroba,"130,36",130.36,Algodão,8
2024-04-03,Algodão,BARREIRAS,Caroço,arroba,"1.200,00",1200.0,Algodão,8
2024-04-03,Algodão,BARREIRAS,Pluma,arroba,"130,36",130.36,Algodão,8
2024-04-04,Algodão,BARREIRAS,Caroço,arroba,"1.200,00",1200.0,Algodão,8
2024-04-04,Algodão,BARREIRAS,Pluma,arroba,"130,36",130.36,Algodão,8
2024-04-05,Algodão,BARREIRAS,Caroço,arroba,"1.200,00",1200.0,Algodão,8
2024-04-05,Algodão,BARREIRAS,Pluma,arroba,"130,36",130.36,Algodão,8
2024-04-08,Algodão,BARREIRAS,Caroço,arroba,"1.025,00",1025.0,Algodão,8
2024-04-08,Algodão,BARREIRAS,Pluma,arroba,"130,00",130.0,Algodão,8
2024-04-09,Algodão,BARREIRAS,Caroço,arroba,"1.025,00",1025.0,Algodão,8
2024-04-09,Algodão,BARREIRAS,Pluma,arroba,"130,36",130.36,Algodão,8
2024-04-10,Algodão,BARREIRAS,Caroço,arroba,"1.025,00",1025.0,Algodão,8
2024-04-10,Algodão,BARREIRAS,Pluma,arroba,"130,36",130.36,Algodão,8
2024-04-11,Algodão,BARREIRAS,Caroço,arroba,"1.025,00",1025.0,Algodão,8
2024-04-11,Algodão,BARREIRAS,Pluma,arroba,"130,36",130.36,Algodão,8
2024-04-12,Algodão,BARREIRAS,Caroço,arroba,"1.025,00",1025.0,Algodão,8
2024-04-12,Algodão,BARREIRAS,Pluma,arroba,"130,36",130.36,Algodão,8
2024-04-15,Algodão,BARREIRAS,Caroço,arroba,"1.025,00",1025.0,Algodão,8
2024-04-15,Algodão,BARREIRAS,Pluma,arroba,"130,36",130.36,Algodão,8
2024-04-16,Algodão,BARREIRAS,Caroço,arroba,"1.025,00",1025.0,Algodão,8
2024-04-16,Algodão,BARREIRAS,Pluma,arroba,"130,36",130.36,Algodão,8
2024-04-17,Algodão,BARREIRAS,Caroço,arroba,"1.025,00",1025.0,Algodão,8
2024-04-17,Algodão,BARREIRAS,Pluma,arroba,"130,36",130.36,Algodão,8
2024-04-18,Algodão,BARREIRAS,Caroço,arroba,"1.025,00",1025.0,Algodão,8
2024-04-18,Algodão,BARREIRAS,Pluma,arroba,"130,36",130.36,Algodão,8
2024-04-19,Algodão,BARREIRAS,Caroço,arroba,"1.025,00",1025.0,Algodão,8
2024-04-19,Algodão,BARREIRAS,Pluma,arroba,"130,36",130.36,Algodão,8
2024-04-22,Algodão,BARREIRAS,Caroço,arroba,"1.025,00",1025.0,Algodão,8
2024-04-22,Algodão,BARREIRAS,Pluma,arroba,"130,36",130.36,Algodão,8
2024-04-23,Algodão,BARREIRAS,Caroço,arroba,"1.025,00",1025.0,Algodão,8
2024-04-23,Algodão,BARREIRAS,Pluma,arroba,"130,36",130.36,Algodão,8
2024-04-24,Algodão,BARREIRAS,Caroço,arroba,"1.025,00",1025.0,Algodão,8
2024-04-24,Algodão,BARREIRAS,Pluma,arroba,"130,36",130.36,Algodão,8
2024-04-25,Algodão,BARREIRAS,Caroço,arroba,"1.025,00",1025.0,Algodão,8
2024-04-25,Algodão,BARREIRAS,Pluma,arroba,"130,36",130.36,Algodão,8
2024-04-26,Algodão,BARREIRAS,Caroço,arroba,"1.025,00",1025.0,Algodão,8
2024-04-26,Algodão,BARREIRAS,Pluma,arroba,"130,36",130.36,Algodão,8
2024-04-29,Algodão,BARREIRAS,Caroço,arroba,"1.025,00",1025.0,Algodão,8
2024-04-29,Algodão,BARREIRAS,Pluma,arroba,"130,36",130.36,Algodão,8
2024-04-30,Algodão,BARREIRAS,Caroço,arroba,"1.025,00",1025.0,Algodão,8
2024-04-30,Algodão,BARREIRAS,Pluma,arroba,"130,36",130.36,Algodão,8
2024-05-02,Algodão,BARREIRAS,Caroço,arroba,"1.025,00",1025.0,Algodão,8
2024-05-02,Algodão,BARREIRAS,Pluma,arroba,"130,36",130.36,Algodão,8
2024-05-03,Algodão,BARREIRAS,Caroço,arroba,"1.025,00",1025.0,Algodão,8
2024-05-03,Algodão,BARREIRAS,Pluma,arroba,"130,36",130.36,Algodão,8
2024-05-06,Algodão,BARREIRAS,Caroço,arroba,"900,00",900.0,Algodão,8
2024-05-06,Algodão,BARREIRAS,Pluma,arroba,"130,36",130.36,Algodão,8
2024-05-07,Algodão,BARREIRAS,Caroço,arroba,"900,00",900.0,Algodão,8
2024-05-07,Algodão,BARREIRAS,Pluma,arroba,"130,36",130.36,Algodão,8
2024-05-08,Algodão,BARREIRAS,Caroço,arroba,"900,00",900.0,Algodão,8
2024-05-08,Algodão,BARREIRAS,Pluma,arroba,"130,36",130.36,Algodão,8
2024-05-09,Algodão,BARREIRAS,Caroço,arroba,"900,00",900.0,Algodão,8
2024-05-09,Algodão,BARREIRAS,Pluma,arroba,"130,36",130.36,Algodão,8
2024-05-10,Algodão,BARREIRAS,Caroço,arroba,"850,00",850.0,Algodão,8
2024-05-10,Algodão,BARREIRAS,Pluma,arroba,"130,36",130.36,Algodão,8
2024-05-13,Algodão,BARREIRAS,Caroço,arroba,"850,00",850.0,Algodão,8
2024-05-13,Algodão,BARREIRAS,Pluma,arroba,"130,36",130.36,Algodão,8
2024-05-14,Algodão,BARREIRAS,Caroço,arroba,"850,00",850.0,Algodão,8
2024-05-14,Algodão,BARREIRAS,Pluma,arroba,"130,36",130.36,Algodão,8
2024-05-15,Algodão,BARREIRAS,Caroço,arroba,"850,00",850.0,Algodão,8
2024-05-15,Algodão,BARREIRAS,Pluma,arroba,"130,36",130.36,Algodão,8
2024-05-16,Algodão,BARREIRAS,Caroço,arroba,"850,00",850.0,Algodão,8
2024-05-16,Algodão,BARREIRAS,Pluma,arroba,"130,36",130.36,Algodão,8
2024-05-17,Algodão,BARREIRAS,Caroço,arroba,"850,00",850.0,Algodão,8
2024-05-17,Algodão,BARREIRAS,Pluma,arroba,"130,36",130.36,Algodão,8
2024-05-20,Algodão,BARREIRAS,Caroço,arroba,"850,00",850.0,Algodão,8
2024-05-20,Algodão,BARREIRAS,Pluma,arroba,"130,36",130.36,Algodão,8
2024-05-21,Algodão,BARREIRAS,Caroço,arroba,"850,00",850.0,Algodão,8
2024-05-21,Algodão,BARREIRAS,Pluma,arroba,"130,36",130.36,Algodão,8
2024-05-22,Algodão,BARREIRAS,Caroço,arroba,"850,00",850.0,Algodão,8
2024-05-22,Algodão,BARREIRAS,Pluma,arroba,"130,36",130.36,Algodão,8
2024-05-23,Algodão,BARREIRAS,Caroço,arroba,"850,00",850.0,Algodão,8
2024-05-23,Algodão,BARREIRAS,Pluma,arroba,"130,36",130.36,Algodão,8
2024-05-24,Algodão,BARREIRAS,Caroço,arroba,"850,00",850.0,Algodão,8
2024-05-24,Algodão,BARREIRAS,Pluma,arroba,"130,36",130.36,Algodão,8
2024-05-27,Algodão,BARREIRAS,Caroço,arroba,"850,00",850.0,Algodão,8
2024-05-27,Algodão,BARREIRAS,Pluma,arroba,"130,36",130.36,Algodão,8
2024-05-28,Algodão,BARREIRAS,Caroço,arroba,"850,00",850.0,Algodão,8
2024-05-28,Algodão,BARREIRAS,Pluma,arroba,"130,36",130.36,Algodão,8
2024-05-29,Algodão,BARREIRAS,Caroço,arroba,"850,00",850.0,Algodão,8
2024-05-29,Algodão,BARREIRAS,Pluma,arroba,"130,36",130.36,Algodão,8
2024-06-03,Algodão,BARREIRAS,Caroço,arroba,"850,00",850.0,Algodão,8
2024-06-03,Algodão,BARREIRAS,Pluma,arroba,"130,36",130.36,Algodão,8
2024-06-04,Algodão,BARREIRAS,Caroço,arroba,"850,00",850.0,Algodão,8
2024-06-04,Algodão,BARREIRAS,Pluma,arroba,"130,36",130.36,Algodão,8
2024-06-05,Algodão,BARREIRAS,Caroço,arroba,"850,00",850.0,Algodão,8
2024-06-05,Algodão,BARREIRAS,Pluma,arroba,"130,36",130.36,Algodão,8
2024-06-06,Algodão,BARREIRAS,Caroço,arroba,"850,00",850.0,Algodão,8
2024-06-06,Algodão,BARREIRAS,Pluma,arroba,"130,36",130.36,Algodão,8
2024-06-07,Algodão,BARREIRAS,Caroço,arroba,"850,00",850.0,Algodão,8
2024-06-07,Algodão,BARREIRAS,Pluma,arroba,"130,36",130.36,Algodão,8
2024-06-08,Algodão,BARREIRAS,Caroço,arroba,"850,00",850.0,Algodão,8
2024-06-08,Algodão,BARREIRAS,Pluma,arroba,"130,36",130.36,Algodão,8
2024-06-10,Algodão,BARREIRAS,Caroço,arroba,"850,00",850.0,Algodão,8
2024-06-10,Algodão,BARREIRAS,Pluma,arroba,"130,36",130.36,Algodão,8
2024-06-11,Algodão,BARREIRAS,Caroço,arroba,"850,00",850.0,Algodão,8
2024-06-11,Algodão,BARREIRAS,Pluma,arroba,"130,36",130.36,Algodão,8
2024-06-12,Algodão,BARREIRAS,Caroço,arroba,"850,00",850.0,Algodão,8
2024-06-12,Algodão,BARREIRAS,Pluma,arroba,"130,36",130.36,Algodão,8
2024-06-13,Algodão,BARREIRAS,Caroço,arroba,"850,00",850.0,Algodão,8
2024-06-13,Algodão,BARREIRAS,Pluma,arroba,"130,36",130.36,Algodão,8
2024-06-14,Algodão,BARREIRAS,Caroço,arroba,"850,00",850.0,Algodão,8
2024-06-14,Algodão,BARREIRAS,Pluma,arroba,"130,36",130.36,Algodão,8
2024-06-17,Algodão,BARREIRAS,Caroço,arroba,"850,00",850.0,Algodão,8
2024-06-17,Algodão,BARREIRAS,Pluma,arroba,"130,36",130.36,Algodão,8
2024-06-18,Algodão,BARREIRAS,Caroço,arroba,"850,00",850.0,Algodão,8
2024-06-18,Algodão,BARREIRAS,Pluma,arroba,"130,36",130.36,Algodão,8
2024-06-19,Algodão,BARREIRAS,Caroço,arroba,"850,00",850.0,Algodão,8
2024-06-19,Algodão,BARREIRAS,Pluma,arroba,"130,36",130.36,Algodão,8
2024-06-20,Algodão,BARREIRAS,Caroço,arroba,"850,00",850.0,Algodão,8
2024-06-20,Algodão,BARREIRAS,Pluma,arroba,"130,36",130.36,Algodão,8
2024-06-25,Algodão,BARREIRAS,Caroço,arroba,"850,00",850.0,Algodão,8
2024-06-25,Algodão,BARREIRAS,Pluma,arroba,"130,36",130.36,Algodão,8
2024-06-26,Algodão,BARREIRAS,Caroço,arroba,"850,00",850.0,Algodão,8
2024-06-26,Algodão,BARREIRAS,Pluma,arroba,"130,36",130.36,Algodão,8
2024-06-27,Algodão,BARREIRAS,Caroço,arroba,"850,00",850.0,Algodão,8
2024-06-27,Algodão,BARREIRAS,Pluma,arroba,"130,36",130.36,Algodão,8
2024-06-28,Algodão,BARREIRAS,Caroço,arroba,"850,00",850.0,Algodão,8
2024-06-28,Algodão,BARREIRAS,Pluma,arroba,"130,36",130.36,Algodão,8
2024-07-01,Algodão,BARREIRAS,Caroço,arroba,"850,00",850.0,Algodão,8
2024-07-01,Algodão,BARREIRAS,Pluma,arroba,"130,36",130.36,Algodão,8
2024-07-03,Algodão,BARREIRAS,Caroço,arroba,"850,00",850.0,Algodão,8
2024-07-03,Algodão,BARREIRAS,Pluma,arroba,"130,36",130.36,Algodão,8
2024-07-04,Algodão,BARREIRAS,Caroço,arroba,"850,00",850.0,Algodão,8
2024-07-04,Algodão,BARREIRAS,Pluma,arroba,"130,36",130.36,Algodão,8
2024-07-05,Algodão,BARREIRAS,Caroço,arroba,"850,00",850.0,Algodão,8
2024-07-05,Algodão,BARREIRAS,Pluma,arroba,"130,36",130.36,Algodão,8
2024-07-08,Algodão,BARREIRAS,Caroço,arroba,"850,00",850.0,Algodão,8
2024-07-08,Algodão,BARREIRAS,Pluma,arroba,"130,36",130.36,Algodão,8
2024-07-09,Algodão,BARREIRAS,Caroço,arroba,"850,00",850.0,Algodão,8
2024-07-09,Algodão,BARREIRAS,Pluma,arroba,"130,36",130.36,Algodão,8
2024-07-10,Algodão,BARREIRAS,Caroço,arroba,"850,00",850.0,Algodão,8
2024-07-10,Algodão,BARREIRAS,Pluma,arroba,"130,36",130.36,Algodão,8
2024-07-11,Algodão,BARREIRAS,Caroço,arroba,"850,00",850.0,Algodão,8
2024-07-11,Algodão,BARREIRAS,Pluma,arroba,"130,36",130.36,Algodão,8
2024-07-12,Algodão,BARREIRAS,Caroço,arroba,"850,00",850.0,Algodão,8
2024-07-12,Algodão,BARREIRAS,Pluma,arroba,"130,36",130.36,Algodão,8
2024-07-15,Algodão,BARREIRAS,Caroço,arroba,"850,00",850.0,Algodão,8
2024-07-15,Algodão,BARREIRAS,Pluma,arroba,"130,36",130.36,Algodão,8
2024-07-16,Algodão,BARREIRAS,Caroço,arroba,"850,00",850.0,Algodão,8
2024-07-16,Algodão,BARREIRAS,Pluma,arroba,"130,36",130.36,Algodão,8
2024-07-17,Algodão,BARREIRAS,Caroço,arroba,"850,00",850.0,Algodão,8
2024-07-17,Algodão,BARREIRAS,Pluma,arroba,"130,36",130.36,Algodão,8
2024-07-18,Algodão,BARREIRAS,Caroço,arroba,"850,00",850.0,Algodão,8
2024-07-18,Algodão,BARREIRAS,Pluma,arroba,"137,50",137.5,Algodão,8
2024-07-19,Algodão,BARREIRAS,Caroço,arroba,"851,67",851.67,Algodão,8
2024-07-19,Algodão,BARREIRAS,Pluma,arroba,"141,60",141.6,Algodão,8
2024-07-22,Algodão,BARREIRAS,Caroço,arroba,"851,67",851.67,Algodão,8
2024-07-22,Algodão,BARREIRAS,Pluma,arroba,"136,27",136.27,Algodão,8
2024-07-23,Algodão,BARREIRAS,Caroço,arroba,"850,00",850.0,Algodão,8
2024-07-23,Algodão,BARREIRAS,Pluma,arroba,"137,06",137.06,Algodão,8
2024-07-24,Algodão,BARREIRAS,Caroço,arroba,"850,00",850.0,Algodão,8
2024-07-24,Algodão,BARREIRAS,Pluma,arroba,"136,06",136.06,Algodão,8
2024-07-25,Algodão,BARREIRAS,Caroço,arroba,"850,00",850.0,Algodão,8
2024-07-25,Algodão,BARREIRAS,Pluma,arroba,"135,40",135.4,Algodão,8
2024-07-26,Algodão,BARREIRAS,Caroço,arroba,"850,00",850.0,Algodão,8
2024-07-26,Algodão,BARREIRAS,Pluma,arroba,"135,40",135.4,Algodão,8
2024-07-29,Algodão,BARREIRAS,Caroço,arroba,"850,00",850.0,Algodão,8
2024-07-29,Algodão,BARREIRAS,Pluma,arroba,"135,73",135.73,Algodão,8
2024-07-30,Algodão,BARREIRAS,Caroço,arroba,"850,00",850.0,Algodão,8
2024-07-30,Algodão,BARREIRAS,Pluma,arroba,"136,06",136.06,Algodão,8
2024-07-31,Algodão,BARREIRAS,Caroço,arroba,"850,00",850.0,Algodão,8
2024-07-31,Algodão,BARREIRAS,Pluma,arroba,"136,40",136.4,Algodão,8
2024-08-01,Algodão,BARREIRAS,Caroço,arroba,"850,00",850.0,Algodão,8
2024-08-01,Algodão,BARREIRAS,Pluma,arroba,"136,40",136.4,Algodão,8
2024-08-02,Algodão,BARREIRAS,Caroço,arroba,"850,00",850.0,Algodão,8
2024-08-02,Algodão,BARREIRAS,Pluma,arroba,"137,06",137.06,Algodão,8
2024-08-05,Algodão,BARREIRAS,Caroço,arroba,"850,00",850.0,Algodão,8
2024-08-05,Algodão,BARREIRAS,Pluma,arroba,"137,06",137.06,Algodão,8
2024-08-06,Algodão,BARREIRAS,Caroço,arroba,"850,00",850.0,Algodão,8
2024-08-06,Algodão,BARREIRAS,Pluma,arroba,"137,73",137.73,Algodão,8
2024-08-07,Algodão,BARREIRAS,Caroço,arroba,"846,67",846.67,Algodão,8
2024-08-07,Algodão,BARREIRAS,Pluma,arroba,"137,73",137.73,Algodão,8
2024-08-08,Algodão,BARREIRAS,Caroço,arroba,"846,67",846.67,Algodão,8
2024-08-08,Algodão,BARREIRAS,Pluma,arroba,"138,73",138.73,Algodão,8
2024-08-09,Algodão,BARREIRAS,Caroço,arroba,"846,67",846.67,Algodão,8
2024-08-09,Algodão,BARREIRAS,Pluma,arroba,"139,73",139.73,Algodão,8
2024-08-12,Algodão,BARREIRAS,Caroço,arroba,"846,67",846.67,Algodão,8
2024-08-12,Algodão,BARREIRAS,Pluma,arroba,"139,73",139.73,Algodão,8
2024-08-13,Algodão,BARREIRAS,Caroço,arroba,"843,33",843.33,Algodão,8
2024-08-13,Algodão,BARREIRAS,Pluma,arroba,"137,33",137.33,Algodão,8
2024-08-14,Algodão,BARREIRAS,Caroço,arroba,"846,67",846.67,Algodão,8
2024-08-14,Algodão,BARREIRAS,Pluma,arroba,"137,67",137.67,Algodão,8
2024-08-15,Algodão,BARREIRAS,Caroço,arroba,"843,33",843.33,Algodão,8
2024-08-15,Algodão,BARREIRAS,Pluma,arroba,"138,33",138.33,Algodão,8
2024-08-16,Algodão,BARREIRAS,Caroço,arroba,"843,33",843.33,Algodão,8
2024-08-16,Algodão,BARREIRAS,Pluma,arroba,"138,33",138.33,Algodão,8
2024-08-19,Algodão,BARREIRAS,Caroço,arroba,"843,33",843.33,Algodão,8
2024-08-19,Algodão,BARREIRAS,Pluma,arroba,"137,67",137.67,Algodão,8
2024-08-20,Algodão,BARREIRAS,Caroço,arroba,"843,33",843.33,Algodão,8
2024-08-20,Algodão,BARREIRAS,Pluma,arroba,"137,67",137.67,Algodão,8
2024-08-21,Algodão,BARREIRAS,Caroço,arroba,"843,33",843.33,Algodão,8
2024-08-21,Algodão,BARREIRAS,Pluma,arroba,"137,67",137.67,Algodão,8
2024-08-22,Algodão,BARREIRAS,Caroço,arroba,"843,33",843.33,Algodão,8
2024-08-22,Algodão,BARREIRAS,Pluma,arroba,"137,67",137.67,Algodão,8
2024-08-23,Algodão,BARREIRAS,Caroço,arroba,"843,33",843.33,Algodão,8
2024-08-23,Algodão,BARREIRAS,Pluma,arroba,"137,67",137.67,Algodão,8
2024-08-26,Algodão,BARREIRAS,Caroço,arroba,"826,67",826.67,Algodão,8
2024-08-26,Algodão,BARREIRAS,Pluma,arroba,"137,67",137.67,Algodão,8
2024-08-27,Algodão,BARREIRAS,Caroço,arroba,"826,67",826.67,Algodão,8
2024-08-27,Algodão,BARREIRAS,Pluma,arroba,"137,67",137.67,Algodão,8
2024-08-28,Algodão,BARREIRAS,Caroço,arroba,"826,67",826.67,Algodão,8
2024-08-28,Algodão,BARREIRAS,Pluma,arroba,"137,67",137.67,Algodão,8
2024-08-29,Algodão,BARREIRAS,Caroço,arroba,"810,00",810.0,Algodão,8
2024-08-29,Algodão,BARREIRAS,Pluma,arroba,"138,00",138.0,Algodão,8
2024-08-30,Algodão,BARREIRAS,Caroço,arroba,"810,00",810.0,Algodão,8
2024-08-30,Algodão,BARREIRAS,Pluma,arroba,"138,00",138.0,Algodão,8
2024-09-02,Algodão,BARREIRAS,Caroço,arroba,"810,00",810.0,Algodão,8
2024-09-02,Algodão,BARREIRAS,Pluma,arroba,"138,00",138.0,Algodão,8
2024-09-03,Algodão,BARREIRAS,Caroço,arroba,"810,00",810.0,Algodão,8
2024-09-03,Algodão,BARREIRAS,Pluma,arroba,"137,33",137.33,Algodão,8
2024-09-04,Algodão,BARREIRAS,Caroço,arroba,"810,00",810.0,Algodão,8
2024-09-04,Algodão,BARREIRAS,Pluma,arroba,"137,33",137.33,Algodão,8
2024-09-05,Algodão,BARREIRAS,Caroço,arroba,"810,00",810.0,Algodão,8
2024-09-05,Algodão,BARREIRAS,Pluma,arroba,"137,33",137.33,Algodão,8
2024-09-06,Algodão,BARREIRAS,Caroço,arroba,"810,00",810.0,Algodão,8
2024-09-06,Algodão,BARREIRAS,Pluma,arroba,"137,33",137.33,Algodão,8
2024-09-09,Algodão,BARREIRAS,Caroço,arroba,"810,00",810.0,Algodão,8
2024-09-09,Algodão,BARREIRAS,Pluma,arroba,"137,33",137.33,Algodão,8
2024-09-10,Algodão,BARREIRAS,Caroço,arroba,"810,00",810.0,Algodão,8
2024-09-10,Algodão,BARREIRAS,Pluma,arroba,"137,33",137.33,Algodão,8
2024-09-11,Algodão,BARREIRAS,Caroço,arroba,"793,33",793.33,Algodão,8
2024-09-11,Algodão,BARREIRAS,Pluma,arroba,"138,00",138.0,Algodão,8
2024-09-12,Algodão,BARREIRAS,Caroço,arroba,"793,33",793.33,Algodão,8
2024-09-12,Algodão,BARREIRAS,Pluma,arroba,"138,00",138.0,Algodão,8
2024-09-13,Algodão,BARREIRAS,Caroço,arroba,"793,33",793.33,Algodão,8
2024-09-13,Algodão,BARREIRAS,Pluma,arroba,"138,00",138.0,Algodão,8
2024-09-16,Algodão,BARREIRAS,Caroço,arroba,"800,00",800.0,Algodão,8
2024-09-16,Algodão,BARREIRAS,Pluma,arroba,"138,67",138.67,Algodão,8
2024-09-17,Algodão,BARREIRAS,Caroço,arroba,"800,00",800.0,Algodão,8
2024-09-17,Algodão,BARREIRAS,Pluma,arroba,"138,67",138.67,Algodão,8
2024-09-18,Algodão,BARREIRAS,Caroço,arroba,"800,00",800.0,Algodão,8
2024-09-18,Algodão,BARREIRAS,Pluma,arroba,"138,67",138.67,Algodão,8
2024-09-19,Algodão,BARREIRAS,Caroço,arroba,"800,00",800.0,Algodão,8
2024-09-19,Algodão,BARREIRAS,Pluma,arroba,"138,00",138.0,Algodão,8
2024-09-20,Algodão,BARREIRAS,Caroço,arroba,"800,00",800.0,Algodão,8
2024-09-20,Algodão,BARREIRAS,Pluma,arroba,"138,00",138.0,Algodão,8
2024-09-23,Algodão,BARREIRAS,Caroço,arroba,"800,00",800.0,Algodão,8
2024-09-23,Algodão,BARREIRAS,Pluma,arroba,"138,67",138.67,Algodão,8
2024-09-24,Algodão,BARREIRAS,Caroço,arroba,"800,00",800.0,Algodão,8
2024-09-24,Algodão,BARREIRAS,Pluma,arroba,"138,67",138.67,Algodão,8
2024-09-25,Algodão,BARREIRAS,Caroço,arroba,"800,00",800.0,Algodão,8
2024-09-25,Algodão,BARREIRAS,Pluma,arroba,"138,33",138.33,Algodão,8
2024-09-26,Algodão,BARREIRAS,Caroço,arroba,"800,00",800.0,Algodão,8
2024-09-26,Algodão,BARREIRAS,Pluma,arroba,"138,33",138.33,Algodão,8
2024-09-27,Algodão,BARREIRAS,Caroço,arroba,"800,00",800.0,Algodão,8
2024-09-27,Algodão,BARREIRAS,Pluma,arroba,"138,33",138.33,Algodão,8
2024-09-30,Algodão,BARREIRAS,Caroço,arroba,"800,00",800.0,Algodão,8
2024-09-30,Algodão,BARREIRAS,Pluma,arroba,"139,00",139.0,Algodão,8
2024-10-01,Algodão,BARREIRAS,Caroço,arroba,"800,00",800.0,Algodão,8
2024-10-01,Algodão,BARREIRAS,Pluma,arroba,"139,00",139.0,Algodão,8
2024-10-02,Algodão,BARREIRAS,Caroço,arroba,"800,00",800.0,Algodão,8
2024-10-02,Algodão,BARREIRAS,Pluma,arroba,"138,67",138.67,Algodão,8
2024-10-03,Algodão,BARREIRAS,Caroço,arroba,"800,00",800.0,Algodão,8
2024-10-03,Algodão,BARREIRAS,Pluma,arroba,"138,67",138.67,Algodão,8
2024-10-04,Algodão,BARREIRAS,Caroço,arroba,"800,00",800.0,Algodão,8
2024-10-04,Algodão,BARREIRAS,Pluma,arroba,"138,67",138.67,Algodão,8
2024-10-07,Algodão,BARREIRAS,Caroço,arroba,"800,00",800.0,Algodão,8
2024-10-07,Algodão,BARREIRAS,Pluma,arroba,"139,67",139.67,Algodão,8
2024-10-08,Algodão,BARREIRAS,Caroço,arroba,"800,00",800.0,Algodão,8
2024-10-08,Algodão,BARREIRAS,Pluma,arroba,"139,67",139.67,Algodão,8
2024-10-09,Algodão,BARREIRAS,Caroço,arroba,"800,00",800.0,Algodão,8
2024-10-09,Algodão,BARREIRAS,Pluma,arroba,"139,33",139.33,Algodão,8
2024-10-10,Algodão,BARREIRAS,Caroço,arroba,"800,00",800.0,Algodão,8
2024-10-10,Algodão,BARREIRAS,Pluma,arroba,"139,33",139.33,Algodão,8
2024-10-11,Algodão,BARREIRAS,Caroço,arroba,"800,00",800.0,Algodão,8
2024-10-11,Algodão,BARREIRAS,Pluma,arroba,"139,33",139.33,Algodão,8
2024-10-14,Algodão,BARREIRAS,Caroço,arroba,"800,00",800.0,Algodão,8
2024-10-14,Algodão,BARREIRAS,Pluma,arroba,"139,33",139.33,Algodão,8
2024-10-15,Algodão,BARREIRAS,Caroço,arroba,"800,00",800.0,Algodão,8
2024-10-15,Algodão,BARREIRAS,Pluma,arroba,"139,33",139.33,Algodão,8
2024-10-16,Algodão,BARREIRAS,Caroço,arroba,"800,00",800.0,Algodão,8
2024-10-16,Algodão,BARREIRAS,Pluma,arroba,"139,33",139.33,Algodão,8
2024-10-17,Algodão,BARREIRAS,Caroço,arroba,"800,00",800.0,Algodão,8
2024-10-17,Algodão,BARREIRAS,Pluma,arroba,"139,33",139.33,Algodão,8
2024-10-18,Algodão,BARREIRAS,Caroço,arroba,"800,00",800.0,Algodão,8
2024-10-18,Algodão,BARREIRAS,Pluma,arroba,"139,33",139.33,Algodão,8
2024-10-21,Algodão,BARREIRAS,Caroço,arroba,"800,00",800.0,Algodão,8
2024-10-21,Algodão,BARREIRAS,Pluma,arroba,"138,67",138.67,Algodão,8
2024-10-22,Algodão,BARREIRAS,Caroço,arroba,"800,00",800.0,Algodão,8
2024-10-22,Algodão,BARREIRAS,Pluma,arroba,"138,67",138.67,Algodão,8
2024-10-23,Algodão,BARREIRAS,Caroço,arroba,"800,00",800.0,Algodão,8
2024-10-23,Algodão,BARREIRAS,Pluma,arroba,"138,67",138.67,Algodão,8
2024-10-24,Algodão,BARREIRAS,Caroço,arroba,"800,00",800.0,Algodão,8
2024-10-24,Algodão,BARREIRAS,Pluma,arroba,"139,00",139.0,Algodão,8
2024-10-25,Algodão,BARREIRAS,Caroço,arroba,"833,33",833.33,Algodão,8
2024-10-25,Algodão,BARREIRAS,Pluma,arroba,"138,33",138.33,Algodão,8
2024-10-29,Algodão,BARREIRAS,Caroço,arroba,"833,33",833.33,Algodão,8
2024-10-29,Algodão,BARREIRAS,Pluma,arroba,"138,00",138.0,Algodão,8
2024-10-30,Algodão,BARREIRAS,Caroço,arroba,"833,33",833.33,Algodão,8
2024-10-30,Algodão,BARREIRAS,Pluma,arroba,"138,33",138.33,Algodão,8
2024-10-31,Algodão,BARREIRAS,Caroço,arroba,"833,33",833.33,Algodão,8
2024-10-31,Algodão,BARREIRAS,Pluma,arroba,"138,33",138.33,Algodão,8
2024-11-01,Algodão,BARREIRAS,Caroço,arroba,"833,33",833.33,Algodão,8
2024-11-01,Algodão,BARREIRAS,Pluma,arroba,"138,33",138.33,Algodão,8
2024-11-04,Algodão,BARREIRAS,Caroço,arroba,"850,00",850.0,Algodão,8
2024-11-04,Algodão,BARREIRAS,Pluma,arroba,"137,67",137.67,Algodão,8
2024-11-05,Algodão,BARREIRAS,Caroço,arroba,"850,00",850.0,Algodão,8
2024-11-05,Algodão,BARREIRAS,Pluma,arroba,"137,67",137.67,Algodão,8
2024-11-06,Algodão,BARREIRAS,Caroço,arroba,"850,00",850.0,Algodão,8
2024-11-06,Algodão,BARREIRAS,Pluma,arroba,"137,67",137.67,Algodão,8
2024-11-07,Algodão,BARREIRAS,Caroço,arroba,"866,67",866.67,Algodão,8
2024-11-07,Algodão,BARREIRAS,Pluma,arroba,"137,00",137.0,Algodão,8
2024-11-08,Algodão,BARREIRAS,Caroço,arroba,"950,00",950.0,Algodão,8
2024-11-08,Algodão,BARREIRAS,Pluma,arroba,"137,00",137.0,Algodão,8
2024-11-11,Algodão,BARREIRAS,Caroço,arroba,"950,00",950.0,Algodão,8
2024-11-11,Algodão,BARREIRAS,Pluma,arroba,"137,67",137.67,Algodão,8
2024-11-12,Algodão,BARREIRAS,Caroço,arroba,"1.030,00",1030.0,Algodão,8
2024-11-12,Algodão,BARREIRAS,Pluma,arroba,"137,67",137.67,Algodão,8
2024-11-13,Algodão,BARREIRAS,Caroço,arroba,"1.030,00",1030.0,Algodão,8
2024-11-13,Algodão,BARREIRAS,Pluma,arroba,"137,67",137.67,Algodão,8
2024-11-14,Algodão,BARREIRAS,Caroço,arroba,"1.070,00",1070.0,Algodão,8
2024-11-14,Algodão,BARREIRAS,Pluma,arroba,"137,67",137.67,Algodão,8
2024-11-18,Algodão,BARREIRAS,Caroço,arroba,"1.070,00",1070.0,Algodão,8
2024-11-18,Algodão,BARREIRAS,Pluma,arroba,"137,33",137.33,Algodão,8
2024-11-19,Algodão,BARREIRAS,Caroço,arroba,"1.070,00",1070.0,Algodão,8
2024-11-19,Algodão,BARREIRAS,Pluma,arroba,"137,00",137.0,Algodão,8
2024-11-21,Algodão,BARREIRAS,Caroço,arroba,"1.150,00",1150.0,Algodão,8
2024-11-21,Algodão,BARREIRAS,Pluma,arroba,"137,00",137.0,Algodão,8
2024-11-22,Algodão,BARREIRAS,Caroço,arroba,"1.150,00",1150.0,Algodão,8
2024-11-22,Algodão,BARREIRAS,Pluma,arroba,"137,00",137.0,Algodão,8
2024-11-25,Algodão,BARREIRAS,Caroço,arroba,"1.150,00",1150.0,Algodão,8
2024-11-25,Algodão,BARREIRAS,Pluma,arroba,"138,00",138.0,Algodão,8
2024-11-26,Algodão,BARREIRAS,Caroço,arroba,"1.150,00",1150.0,Algodão,8
2024-11-26,Algodão,BARREIRAS,Pluma,arroba,"138,00",138.0,Algodão,8
2024-11-27,Algodão,BARREIRAS,Caroço,arroba,"1.270,00",1270.0,Algodão,8
2024-11-27,Algodão,BARREIRAS,Pluma,arroba,"137,33",137.33,Algodão,8
2024-11-28,Algodão,BARREIRAS,Caroço,arroba,"1.270,00",1270.0,Algodão,8
2024-11-28,Algodão,BARREIRAS,Pluma,arroba,"137,33",137.33,Algodão,8
2024-11-29,Algodão,BARREIRAS,Caroço,arroba,"1.280,00",1280.0,Algodão,8
2024-11-29,Algodão,BARREIRAS,Pluma,arroba,"137,00",137.0,Algodão,8
2024-12-02,Algodão,BARREIRAS,Caroço,arroba,"1.280,00",1280.0,Algodão,8
2024-12-02,Algodão,BARREIRAS,Pluma,arroba,"137,00",137.0,Algodão,8
2024-12-03,Algodão,BARREIRAS,Caroço,arroba,"1.320,00",1320.0,Algodão,8
2024-12-03,Algodão,BARREIRAS,Pluma,arroba,"137,00",137.0,Algodão,8
2024-12-04,Algodão,BARREIRAS,Caroço,arroba,"1.320,00",1320.0,Algodão,8
2024-12-04,Algodão,BARREIRAS,Pluma,arroba,"136,67",136.67,Algodão,8
2024-12-05,Algodão,BARREIRAS,Caroço,arroba,"1.320,00",1320.0,Algodão,8
2024-12-05,Algodão,BARREIRAS,Pluma,arroba,"139,00",139.0,Algodão,8
2024-12-06,Algodão,BARREIRAS,Caroço,arroba,"1.370,00",1370.0,Algodão,8
2024-12-06,Algodão,BARREIRAS,Pluma,arroba,"139,00",139.0,Algodão,8
2024-12-09,Algodão,BARREIRAS,Caroço,arroba,"1.350,00",1350.0,Algodão,8
2024-12-09,Algodão,BARREIRAS,Pluma,arroba,"139,33",139.33,Algodão,8
2024-12-10,Algodão,BARREIRAS,Caroço,arroba,"1.350,00",1350.0,Algodão,8
2024-12-10,Algodão,BARREIRAS,Pluma,arroba,"139,33",139.33,Algodão,8
2024-12-11,Algodão,BARREIRAS,Caroço,arroba,"1.350,00",1350.0,Algodão,8
2024-12-11,Algodão,BARREIRAS,Pluma,arroba,"138,67",138.67,Algodão,8
2024-12-12,Algodão,BARREIRAS,Caroço,arroba,"1.350,00",1350.0,Algodão,8
2024-12-12,Algodão,BARREIRAS,Pluma,arroba,"138,67",138.67,Algodão,8
2024-12-13,Algodão,BARREIRAS,Caroço,arroba,"1.350,00",1350.0,Algodão,8
2024-12-13,Algodão,BARREIRAS,Pluma,arroba,"138,67",138.67,Algodão,8
2024-12-16,Algodão,BARREIRAS,Caroço,arroba,"1.350,00",1350.0,Algodão,8
2024-12-16,Algodão,BARREIRAS,Pluma,arroba,"139,00",139.0,Algodão,8
2024-12-17,Algodão,BARREIRAS,Caroço,arroba,"1.350,00",1350.0,Algodão,8
2024-12-17,Algodão,BARREIRAS,Pluma,arroba,"139,00",139.0,Algodão,8
2024-12-18,Algodão,BARREIRAS,Caroço,arroba,"1.350,00",1350.0,Algodão,8
2024-12-18,Algodão,BARREIRAS,Pluma,arroba,"138,67",138.67,Algodão,8
2024-12-19,Algodão,BARREIRAS,Caroço,arroba,"1.350,00",1350.0,Algodão,8
2024-12-19,Algodão,BARREIRAS,Caroço,tonelada,"1.350,00",1350.0,Algodão,8
2024-12-19,Algodão,BARREIRAS,Pluma,arroba,"138,67",138.67,Algodão,8
2024-12-20,Algodão,BARREIRAS,Caroço,arroba,"1.350,00",1350.0,Algodão,8
2024-12-20,Algodão,BARREIRAS,Caroço,tonelada,"1.350,00",1350.0,Algodão,8
2024-12-20,Algodão,BARREIRAS,Pluma,arroba,"138,67",138.67,Algodão,8
2024-12-26,Algodão,BARREIRAS,Caroço,tonelada,"1.360,00",1360.0,Algodão,8
2024-12-26,Algodão,BARREIRAS,Pluma,arroba,"138,00",138.0,Algodão,8
2024-12-27,Algodão,BARREIRAS,Caroço,tonelada,"1.360,00",1360.0,Algodão,8
2024-12-27,Algodão,BARREIRAS,Pluma,arroba,"138,00",138.0,Algodão,8
2025-01-02,Algodão,BARREIRAS,Caroço,tonelada,"1.360,00",1360.0,Algodão,8
2025-01-02,Algodão,BARREIRAS,Pluma,arroba,"138,00",138.0,Algodão,8
2025-01-03,Algodão,BARREIRAS,Caroço,tonelada,"1.350,00",1350.0,Algodão,8
2025-01-03,Algodão,BARREIRAS,Pluma,arroba,"138,33",138.33,Algodão,8
2025-01-06,Algodão,BARREIRAS,Caroço,tonelada,"1.350,00",1350.0,Algodão,8
2025-01-06,Algodão,BARREIRAS,Pluma,arroba,"138,33",138.33,Algodão,8
2025-01-07,Algodão,BARREIRAS,Caroço,tonelada,"1.350,00",1350.0,Algodão,8
2025-01-07,Algodão,BARREIRAS,Pluma,arroba,"139,00",139.0,Algodão,8
2025-01-08,Algodão,BARREIRAS,Caroço,tonelada,"1.340,00",1340.0,Algodão,8
2025-01-08,Algodão,BARREIRAS,Pluma,arroba,"139,33",139.33,Algodão,8
2025-01-09,Algodão,BARREIRAS,Caroço,tonelada,"1.340,00",1340.0,Algodão,8
2025-01-09,Algodão,BARREIRAS,Pluma,arroba,"139,33",139.33,Algodão,8
2025-01-10,Algodão,BARREIRAS,Caroço,tonelada,"1.340,00",1340.0,Algodão,8
2025-01-10,Algodão,BARREIRAS,Pluma,arroba,"139,33",139.33,Algodão,8
2025-01-13,Algodão,BARREIRAS,Caroço,tonelada,"1.350,00",1350.0,Algodão,8
2025-01-13,Algodão,BARREIRAS,Pluma,arroba,"139,33",139.33,Algodão,8
2025-01-14,Algodão,BARREIRAS,Caroço,tonelada,"1.350,00",1350.0,Algodão,8
2025-01-14,Algodão,BARREIRAS,Pluma,arroba,"139,33",139.33,Algodão,8
2025-01-15,Algodão,BARREIRAS,Caroço,tonelada,"1.350,00",1350.0,Algodão,8
2025-01-15,Algodão,BARREIRAS,Pluma,arroba,"139,00",139.0,Algodão,8
2025-01-16,Algodão,BARREIRAS,Caroço,tonelada,"1.350,00",1350.0,Algodão,8
2025-01-16,Algodão,BARREIRAS,Pluma,arroba,"139,00",139.0,Algodão,8
2025-01-17,Algodão,BARREIRAS,Caroço,tonelada,"1.390,00",1390.0,Algodão,8
2025-01-17,Algodão,BARREIRAS,Pluma,arroba,"138,67",138.67,Algodão,8
2025-01-20,Algodão,BARREIRAS,Caroço,tonelada,"1.400,00",1400.0,Algodão,8
2025-01-20,Algodão,BARREIRAS,Pluma,arroba,"138,67",138.67,Algodão,8
2025-01-21,Algodão,BARREIRAS,Caroço,tonelada,"1.400,00",1400.0,Algodão,8
2025-01-21,Algodão,BARREIRAS,Pluma,arroba,"138,00",138.0,Algodão,8
2025-01-22,Algodão,BARREIRAS,Caroço,tonelada,"1.400,00",1400.0,Algodão,8
2025-01-22,Algodão,BARREIRAS,Pluma,arroba,"138,00",138.0,Algodão,8
2025-01-23,Algodão,BARREIRAS,Caroço,tonelada,"1.400,00",1400.0,Algodão,8
2025-01-23,Algodão,BARREIRAS,Pluma,arroba,"138,00",138.0,Algodão,8
2025-01-24,Algodão,BARREIRAS,Caroço,tonelada,"1.400,00",1400.0,Algodão,8
2025-01-24,Algodão,BARREIRAS,Pluma,arroba,"138,00",138.0,Algodão,8
2025-01-27,Algodão,BARREIRAS,Caroço,tonelada,"1.400,00",1400.0,Algodão,8
2025-01-27,Algodão,BARREIRAS,Pluma,arroba,"138,00",138.0,Algodão,8
2025-01-28,Algodão,BARREIRAS,Caroço,tonelada,"1.400,00",1400.0,Algodão,8
2025-01-28,Algodão,BARREIRAS,Pluma,arroba,"138,00",138.0,Algodão,8
2025-01-29,Algodão,BARREIRAS,Caroço,tonelada,"1.400,00",1400.0,Algodão,8
2025-01-29,Algodão,BARREIRAS,Pluma,arroba,"138,67",138.67,Algodão,8
2025-01-30,Algodão,BARREIRAS,Caroço,tonelada,"1.400,00",1400.0,Algodão,8
2025-01-30,Algodão,BARREIRAS,Pluma,arroba,"138,67",138.67,Algodão,8
2025-01-31,Algodão,BARREIRAS,Caroço,tonelada,"1.400,00",1400.0,Algodão,8
2025-01-31,Algodão,BARREIRAS,Pluma,arroba,"138,67",138.67,Algodão,8
2025-02-03,Algodão,BARREIRAS,Caroço,tonelada,"1.400,00",1400.0,Algodão,8
2025-02-03,Algodão,BARREIRAS,Pluma,arroba,"138,67",138.67,Algodão,8
2025-02-04,Algodão,BARREIRAS,Caroço,tonelada,"1.400,00",1400.0,Algodão,8
2025-02-04,Algodão,BARREIRAS,Pluma,arroba,"138,67",138.67,Algodão,8
2025-02-05,Algodão,BARREIRAS,Caroço,tonelada,"1.400,00",1400.0,Algodão,8
2025-02-05,Algodão,BARREIRAS,Pluma,arroba,"138,00",138.0,Algodão,8
2025-02-06,Algodão,BARREIRAS,Caroço,tonelada,"1.390,00",1390.0,Algodão,8
2025-02-06,Algodão,BARREIRAS,Pluma,arroba,"138,67",138.67,Algodão,8
2025-02-07,Algodão,BARREIRAS,Caroço,tonelada,"1.390,00",1390.0,Algodão,8
2025-02-07,Algodão,BARREIRAS,Pluma,arroba,"138,67",138.67,Algodão,8
2025-02-10,Algodão,BARREIRAS,Caroço,tonelada,"1.390,00",1390.0,Algodão,8
2025-02-10,Algodão,BARREIRAS,Pluma,arroba,"138,67",138.67,Algodão,8
2025-02-11,Algodão,BARREIRAS,Caroço,tonelada,"1.400,00",1400.0,Algodão,8
2025-02-11,Algodão,BARREIRAS,Pluma,arroba,"138,00",138.0,Algodão,8
2025-02-12,Algodão,BARREIRAS,Caroço,tonelada,"1.400,00",1400.0,Algodão,8
2025-02-12,Algodão,BARREIRAS,Pluma,arroba,"138,00",138.0,Algodão,8
2025-02-13,Algodão,BARREIRAS,Caroço,tonelada,"1.420,00",1420.0,Algodão,8
2025-02-13,Algodão,BARREIRAS,Pluma,arroba,"138,33",138.33,Algodão,8
2025-02-14,Algodão,BARREIRAS,Caroço,tonelada,"1.420,00",1420.0,Algodão,8
2025-02-14,Algodão,BARREIRAS,Pluma,arroba,"138,33",138.33,Algodão,8
2025-02-17,Algodão,BARREIRAS,Caroço,tonelada,"1.420,00",1420.0,Algodão,8
2025-02-17,Algodão,BARREIRAS,Pluma,arroba,"138,67",138.67,Algodão,8
2025-02-18,Algodão,BARREIRAS,Caroço,tonelada,"1.420,00",1420.0,Algodão,8
2025-02-18,Algodão,BARREIRAS,Pluma,arroba,"138,67",138.67,Algodão,8
2025-02-19,Algodão,BARREIRAS,Caroço,tonelada,"1.420,00",1420.0,Algodão,8
2025-02-19,Algodão,BARREIRAS,Pluma,arroba,"139,00",139.0,Algodão,8
2025-02-20,Algodão,BARREIRAS,Caroço,tonelada,"1.420,00",1420.0,Algodão,8
2025-02-20,Algodão,BARREIRAS,Pluma,arroba,"139,00",139.0,Algodão,8
2025-02-21,Algodão,BARREIRAS,Caroço,tonelada,"1.420,00",1420.0,Algodão,8
2025-02-21,Algodão,BARREIRAS,Pluma,arroba,"139,00",139.0,Algodão,8
2025-02-24,Algodão,BARREIRAS,Caroço,tonelada,"1.420,00",1420.0,Algodão,8
2025-02-24,Algodão,BARREIRAS,Pluma,arroba,"139,00",139.0,Algodão,8
2025-02-25,Algodão,BARREIRAS,Caroço,tonelada,"1.420,00",1420.0,Algodão,8
2025-02-25,Algodão,BARREIRAS,Pluma,arroba,"139,00",139.0,Algodão,8
2025-02-26,Algodão,BARREIRAS,Caroço,tonelada,"1.420,00",1420.0,Algodão,8
2025-02-26,Algodão,BARREIRAS,Pluma,arroba,"139,00",139.0,Algodão,8
2025-02-27,Algodão,BARREIRAS,Caroço,tonelada,"1.420,00",1420.0,Algodão,8
2025-02-27,Algodão,BARREIRAS,Pluma,arroba,"139,00",139.0,Algodão,8
2025-02-28,Algodão,BARREIRAS,Caroço,tonelada,"1.430,00",1430.0,Algodão,8
2025-02-28,Algodão,BARREIRAS,Pluma,arroba,"140,33",140.33,Algodão,8
2025-03-06,Algodão,BARREIRAS,Caroço,tonelada,"1.420,00",1420.0,Algodão,8
2025-03-06,Algodão,BARREIRAS,Pluma,arroba,"139,00",139.0,Algodão,8
2025-03-07,Algodão,BARREIRAS,Caroço,tonelada,"1.430,00",1430.0,Algodão,8
2025-03-07,Algodão,BARREIRAS,Pluma,arroba,"140,67",140.67,Algodão,8
2025-03-10,Algodão,BARREIRAS,Caroço,tonelada,"1.430,00",1430.0,Algodão,8
2025-03-10,Algodão,BARREIRAS,Pluma,arroba,"140,67",140.67,Algodão,8
2025-03-11,Algodão,BARREIRAS,Caroço,tonelada,"1.430,00",1430.0,Algodão,8
2025-03-11,Algodão,BARREIRAS,Pluma,arroba,"140,67",140.67,Algodão,8
2025-03-12,Algodão,BARREIRAS,Caroço,tonelada,"1.420,00",1420.0,Algodão,8
2025-03-12,Algodão,BARREIRAS,Pluma,arroba,"140,67",140.67,Algodão,8
2025-03-13,Algodão,BARREIRAS,Caroço,tonelada,"1.420,00",1420.0,Algodão,8
2025-03-13,Algodão,BARREIRAS,Pluma,arroba,"141,33",141.33,Algodão,8
2025-03-14,Algodão,BARREIRAS,Caroço,tonelada,"1.440,00",1440.0,Algodão,8
2025-03-14,Algodão,BARREIRAS,Pluma,arroba,"141,33",141.33,Algodão,8
2025-03-17,Algodão,BARREIRAS,Caroço,tonelada,"1.440,00",1440.0,Algodão,8
2025-03-17,Algodão,BARREIRAS,Pluma,arroba,"141,33",141.33,Algodão,8
2025-03-18,Algodão,BARREIRAS,Caroço,tonelada,"1.440,00",1440.0,Algodão,8
2025-03-18,Algodão,BARREIRAS,Pluma,arroba,"141,67",141.67,Algodão,8
2025-03-19,Algodão,BARREIRAS,Caroço,tonelada,"1.440,00",1440.0,Algodão,8
2025-03-19,Algodão,BARREIRAS,Pluma,arroba,"141,67",141.67,Algodão,8
2025-03-20,Algodão,BARREIRAS,Caroço,tonelada,"1.440,00",1440.0,Algodão,8
2025-03-20,Algodão,BARREIRAS,Pluma,arroba,"142,00",142.0,Algodão,8
2025-03-21,Algodão,BARREIRAS,Caroço,tonelada,"1.460,00",1460.0,Algodão,8
2025-03-21,Algodão,BARREIRAS,Pluma,arroba,"142,00",142.0,Algodão,8
2025-03-24,Algodão,BARREIRAS,Caroço,tonelada,"1.510,00",1510.0,Algodão,8
2025-03-24,Algodão,BARREIRAS,Pluma,arroba,"142,00",142.0,Algodão,8
2025-03-25,Algodão,BARREIRAS,Caroço,tonelada,"1.510,00",1510.0,Algodão,8
2025-03-25,Algodão,BARREIRAS,Pluma,arroba,"142,00",142.0,Algodão,8
2025-03-26,Algodão,BARREIRAS,Caroço,tonelada,"1.600,00",1600.0,Algodão,8
2025-03-26,Algodão,BARREIRAS,Pluma,arroba,"138,33",138.33,Algodão,8
2025-03-27,Algodão,BARREIRAS,Caroço,tonelada,"1.620,00",1620.0,Algodão,8
2025-03-27,Algodão,BARREIRAS,Pluma,arroba,"138,33",138.33,Algodão,8
2025-03-28,Algodão,BARREIRAS,Caroço,tonelada,"1.620,00",1620.0,Algodão,8
2025-03-28,Algodão,BARREIRAS,Pluma,arroba,"138,33",138.33,Algodão,8
2025-03-31,Algodão,BARREIRAS,Caroço,tonelada,"1.620,00",1620.0,Algodão,8
2025-03-31,Algodão,BARREIRAS,Pluma,arroba,"138,33",138.33,Algodão,8
2025-04-01,Algodão,BARREIRAS,Caroço,tonelada,"1.650,00",1650.0,Algodão,8
2025-04-01,Algodão,BARREIRAS,Pluma,arroba,"137,33",137.33,Algodão,8
2025-04-02,Algodão,BARREIRAS,Caroço,tonelada,"1.650,00",1650.0,Algodão,8
2025-04-02,Algodão,BARREIRAS,Pluma,arroba,"137,33",137.33,Algodão,8
2025-04-03,Algodão,BARREIRAS,Caroço,tonelada,"1.650,00",1650.0,Algodão,8
2025-04-03,Algodão,BARREIRAS,Pluma,arroba,"137,67",137.67,Algodão,8
2025-04-04,Algodão,BARREIRAS,Caroço,tonelada,"1.650,00",1650.0,Algodão,8
2025-04-04,Algodão,BARREIRAS,Pluma,arroba,"137,67",137.67,Algodão,8
2025-04-07,Algodão,BARREIRAS,Caroço,tonelada,"1.650,00",1650.0,Algodão,8
2025-04-07,Algodão,BARREIRAS,Pluma,arroba,"137,67",137.67,Algodão,8
2025-04-08,Algodão,BARREIRAS,Caroço,tonelada,"1.650,00",1650.0,Algodão,8
2025-04-08,Algodão,BARREIRAS,Pluma,arroba,"136,33",136.33,Algodão,8
2025-04-09,Algodão,BARREIRAS,Caroço,tonelada,"1.650,00",1650.0,Algodão,8
2025-04-09,Algodão,BARREIRAS,Pluma,arroba,"136,33",136.33,Algodão,8
2025-04-10,Algodão,BARREIRAS,Caroço,tonelada,"1.680,00",1680.0,Algodão,8
2025-04-10,Algodão,BARREIRAS,Pluma,arroba,"136,67",136.67,Algodão,8
2025-04-11,Algodão,BARREIRAS,Caroço,tonelada,"1.680,00",1680.0,Algodão,8
2025-04-11,Algodão,BARREIRAS,Pluma,arroba,"136,67",136.67,Algodão,8
2025-04-14,Algodão,BARREIRAS,Caroço,tonelada,"1.680,00",1680.0,Algodão,8
2025-04-14,Algodão,BARREIRAS,Pluma,arroba,"136,00",136.0,Algodão,8
2025-04-15,Algodão,BARREIRAS,Caroço,tonelada,"1.680,00",1680.0,Algodão,8
2025-04-15,Algodão,BARREIRAS,Pluma,arroba,"135,67",135.67,Algodão,8
2025-04-16,Algodão,BARREIRAS,Caroço,tonelada,"1.680,00",1680.0,Algodão,8
2025-04-16,Algodão,BARREIRAS,Pluma,arroba,"135,67",135.67,Algodão,8
2025-04-17,Algodão,BARREIRAS,Caroço,tonelada,"1.680,00",1680.0,Algodão,8
2025-04-17,Algodão,BARREIRAS,Pluma,arroba,"135,67",135.67,Algodão,8
2025-04-22,Algodão,BARREIRAS,Caroço,tonelada,"1.680,00",1680.0,Algodão,8
2025-04-22,Algodão,BARREIRAS,Pluma,arroba,"135,67",135.67,Algodão,8
2025-04-23,Algodão,BARREIRAS,Caroço,tonelada,"1.720,00",1720.0,Algodão,8
2025-04-23,Algodão,BARREIRAS,Pluma,arroba,"136,00",136.0,Algodão,8
2025-04-24,Algodão,BARREIRAS,Caroço,tonelada,"1.720,00",1720.0,Algodão,8
2025-04-24,Algodão,BARREIRAS,Pluma,arroba,"136,00",136.0,Algodão,8
2025-04-25,Algodão,BARREIRAS,Caroço,tonelada,"1.720,00",1720.0,Algodão,8
2025-04-25,Algodão,BARREIRAS,Pluma,arroba,"136,00",136.0,Algodão,8
2025-04-28,Algodão,BARREIRAS,Caroço,tonelada,"1.720,00",1720.0,Algodão,8
2025-04-28,Algodão,BARREIRAS,Pluma,arroba,"136,67",136.67,Algodão,8
2025-04-29,Algodão,BARREIRAS,Caroço,tonelada,"1.720,00",1720.0,Algodão,8
2025-04-29,Algodão,BARREIRAS,Pluma,arroba,"135,33",135.33,Algodão,8
2025-04-30,Algodão,BARREIRAS,Caroço,tonelada,"1.720,00",1720.0,Algodão,8
2025-04-30,Algodão,BARREIRAS,Pluma,arroba,"135,33",135.33,Algodão,8
2025-05-02,Algodão,BARREIRAS,Caroço,tonelada,"1.720,00",1720.0,Algodão,8
2025-05-02,Algodão,BARREIRAS,Pluma,arroba,"135,33",135.33,Algodão,8
2025-05-05,Algodão,BARREIRAS,Caroço,tonelada,"1.720,00",1720.0,Algodão,8
2025-05-05,Algodão,BARREIRAS,Pluma,arroba,"135,33",135.33,Algodão,8
2025-05-06,Algodão,BARREIRAS,Caroço,tonelada,"1.720,00",1720.0,Algodão,8
2025-05-06,Algodão,BARREIRAS,Pluma,arroba,"135,33",135.33,Algodão,8
2025-05-07,Algodão,BARREIRAS,Caroço,tonelada,"1.720,00",1720.0,Algodão,8
2025-05-07,Algodão,BARREIRAS,Pluma,arroba,"135,67",135.67,Algodão,8
2025-05-08,Algodão,BARREIRAS,Caroço,tonelada,"1.720,00",1720.0,Algodão,8
2025-05-08,Algodão,BARREIRAS,Pluma,arroba,"135,67",135.67,Algodão,8
2025-05-09,Algodão,BARREIRAS,Caroço,tonelada,"1.720,00",1720.0,Algodão,8
2025-05-09,Algodão,BARREIRAS,Pluma,arroba,"135,67",135.67,Algodão,8
2025-05-12,Algodão,BARREIRAS,Caroço,tonelada,"1.720,00",1720.0,Algodão,8
2025-05-12,Algodão,BARREIRAS,Pluma,arroba,"135,67",135.67,Algodão,8
2025-05-13,Algodão,BARREIRAS,Caroço,tonelada,"1.720,00",1720.0,Algodão,8
2025-05-13,Algodão,BARREIRAS,Pluma,arroba,"135,67",135.67,Algodão,8
2025-05-14,Algodão,BARREIRAS,Caroço,tonelada,"1.720,00",1720.0,Algodão,8
2025-05-14,Algodão,BARREIRAS,Pluma,arroba,"135,33",135.33,Algodão,8
2025-05-15,Algodão,BARREIRAS,Caroço,tonelada,"1.720,00",1720.0,Algodão,8
2025-05-15,Algodão,BARREIRAS,Pluma,arroba,"135,33",135.33,Algodão,8
2025-05-16,Algodão,BARREIRAS,Caroço,tonelada,"1.720,00",1720.0,Algodão,8
2025-05-16,Algodão,BARREIRAS,Pluma,arroba,"135,33",135.33,Algodão,8
2025-05-19,Algodão,BARREIRAS,Caroço,tonelada,"1.720,00",1720.0,Algodão,8
2025-05-19,Algodão,BARREIRAS,Pluma,arroba,"135,33",135.33,Algodão,8
2025-05-20,Algodão,BARREIRAS,Caroço,tonelada,"1.720,00",1720.0,Algodão,8
2025-05-20,Algodão,BARREIRAS,Pluma,arroba,"135,33",135.33,Algodão,8
2025-05-21,Algodão,BARREIRAS,Caroço,tonelada,"1.720,00",1720.0,Algodão,8
2025-05-21,Algodão,BARREIRAS,Pluma,arroba,"135,67",135.67,Algodão,8
2025-05-22,Algodão,BARREIRAS,Caroço,tonelada,"1.720,00",1720.0,Algodão,8
2025-05-22,Algodão,BARREIRAS,Pluma,arroba,"135,67",135.67,Algodão,8
2025-05-23,Algodão,BARREIRAS,Caroço,tonelada,"1.720,00",1720.0,Algodão,8
2025-05-23,Algodão,BARREIRAS,Pluma,arroba,"116,63",116.63,Algodão,8
2025-05-26,Algodão,BARREIRAS,Caroço,tonelada,"1.680,00",1680.0,Algodão,8
2025-05-26,Algodão,BARREIRAS,Pluma,arroba,"135,67",135.67,Algodão,8
2025-05-27,Algodão,BARREIRAS,Caroço,tonelada,"1.680,00",1680.0,Algodão,8
2025-05-27,Algodão,BARREIRAS,Pluma,arroba,"135,67",135.67,Algodão,8
2025-05-28,Algodão,BARREIRAS,Caroço,tonelada,"1.620,00",1620.0,Algodão,8
2025-05-28,Algodão,BARREIRAS,Pluma,arroba,"136,00",136.0,Algodão,8
2025-05-29,Algodão,BARREIRAS,Caroço,tonelada,"1.620,00",1620.0,Algodão,8
2025-05-29,Algodão,BARREIRAS,Pluma,arroba,"136,00",136.0,Algodão,8
2025-05-30,Algodão,BARREIRAS,Caroço,tonelada,"1.620,00",1620.0,Algodão,8
2025-05-30,Algodão,BARREIRAS,Pluma,arroba,"135,33",135.33,Algodão,8
2025-06-02,Algodão,BARREIRAS,Caroço,tonelada,"1.620,00",1620.0,Algodão,8
2025-06-02,Algodão,BARREIRAS,Pluma,arroba,"135,33",135.33,Algodão,8
2025-06-03,Algodão,BARREIRAS,Caroço,tonelada,"1.600,00",1600.0,Algodão,8
2025-06-03,Algodão,BARREIRAS,Pluma,arroba,"135,33",135.33,Algodão,8
2025-06-04,Algodão,BARREIRAS,Caroço,tonelada,"1.600,00",1600.0,Algodão,8
2025-06-04,Algodão,BARREIRAS,Pluma,arroba,"135,67",135.67,Algodão,8
2025-06-05,Algodão,BARREIRAS,Caroço,tonelada,"1.630,00",1630.0,Algodão,8
2025-06-05,Algodão,BARREIRAS,Pluma,arroba,"135,67",135.67,Algodão,8
2025-06-06,Algodão,BARREIRAS,Caroço,tonelada,"1.630,00",1630.0,Algodão,8
2025-06-06,Algodão,BARREIRAS,Pluma,arroba,"135,67",135.67,Algodão,8
2025-06-09,Algodão,BARREIRAS,Caroço,tonelada,"1.630,00",1630.0,Algodão,8
2025-06-09,Algodão,BARREIRAS,Pluma,arroba,"136,00",136.0,Algodão,8
2025-06-10,Algodão,BARREIRAS,Caroço,tonelada,"1.630,00",1630.0,Algodão,8
2025-06-10,Algodão,BARREIRAS,Pluma,arroba,"136,00",136.0,Algodão,8
2025-06-11,Algodão,BARREIRAS,Caroço,tonelada,"1.630,00",1630.0,Algodão,8
2025-06-11,Algodão,BARREIRAS,Pluma,arroba,"136,00",136.0,Algodão,8
2025-06-12,Algodão,BARREIRAS,Caroço,tonelada,"1.630,00",1630.0,Algodão,8
2025-06-12,Algodão,BARREIRAS,Pluma,arroba,"136,33",136.33,Algodão,8
2025-06-13,Algodão,BARREIRAS,Caroço,tonelada,"1.630,00",1630.0,Algodão,8
2025-06-13,Algodão,BARREIRAS,Pluma,arroba,"136,00",136.0,Algodão,8
2025-06-16,Algodão,BARREIRAS,Caroço,tonelada,"1.630,00",1630.0,Algodão,8
2025-06-16,Algodão,BARREIRAS,Pluma,arroba,"136,00",136.0,Algodão,8
2025-06-17,Algodão,BARREIRAS,Caroço,tonelada,"1.630,00",1630.0,Algodão,8
2025-06-17,Algodão,BARREIRAS,Pluma,arroba,"136,00",136.0,Algodão,8
2025-06-18,Algodão,BARREIRAS,Caroço,tonelada,"1.630,00",1630.0,Algodão,8
2025-06-18,Algodão,BARREIRAS,Pluma,arroba,"135,67",135.67,Algodão,8
2025-06-25,Algodão,BARREIRAS,Caroço,tonelada,"1.600,00",1600.0,Algodão,8
2025-06-25,Algodão,BARREIRAS,Pluma,arroba,"135,33",135.33,Algodão,8
2025-06-26,Algodão,BARREIRAS,Caroço,tonelada,"1.600,00",1600.0,Algodão,8
2025-06-26,Algodão,BARREIRAS,Pluma,arroba,"135,33",135.33,Algodão,8
2025-06-27,Algodão,BARREIRAS,Caroço,tonelada,"1.600,00",1600.0,Algodão,8
2025-06-27,Algodão,BARREIRAS,Pluma,arroba,"135,67",135.67,Algodão,8
2025-06-30,Algodão,BARREIRAS,Caroço,tonelada,"1.600,00",1600.0,Algodão,8
2025-06-30,Algodão,BARREIRAS,Pluma,arroba,"135,67",135.67,Algodão,8
2025-07-01,Algodão,BARREIRAS,Caroço,tonelada,"1.600,00",1600.0,Algodão,8
2025-07-01,Algodão,BARREIRAS,Pluma,arroba,"135,67",135.67,Algodão,8
2025-07-03,Algodão,BARREIRAS,Caroço,tonelada,"1.600,00",1600.0,Algodão,8
2025-07-03,Algodão,BARREIRAS,Pluma,arroba,"135,67",135.67,Algodão,8
2025-07-04,Algodão,BARREIRAS,Caroço,tonelada,"1.600,00",1600.0,Algodão,8
2025-07-04,Algodão,BARREIRAS,Pluma,arroba,"135,67",135.67,Algodão,8
2025-07-07,Algodão,BARREIRAS,Caroço,tonelada,"1.600,00",1600.0,Algodão,8
2025-07-07,Algodão,BARREIRAS,Pluma,arroba,"135,67",135.67,Algodão,8
2025-07-08,Algodão,BARREIRAS,Caroço,tonelada,"1.500,00",1500.0,Algodão,8
2025-07-08,Algodão,BARREIRAS,Pluma,arroba,"135,33",135.33,Algodão,8
2025-07-09,Algodão,BARREIRAS,Caroço,tonelada,"1.500,00",1500.0,Algodão,8
2025-07-09,Algodão,BARREIRAS,Pluma,arroba,"135,33",135.33,Algodão,8
2025-07-10,Algodão,BARREIRAS,Caroço,tonelada,"1.500,00",1500.0,Algodão,8
2025-07-10,Algodão,BARREIRAS,Pluma,arroba,"135,00",135.0,Algodão,8
2025-07-11,Algodão,BARREIRAS,Caroço,tonelada,"1.500,00",1500.0,Algodão,8
2025-07-11,Algodão,BARREIRAS,Pluma,arroba,"135,00",135.0,Algodão,8
2025-07-14,Algodão,BARREIRAS,Caroço,tonelada,"1.450,00",1450.0,Algodão,8
2025-07-14,Algodão,BARREIRAS,Pluma,arroba,"135,00",135.0,Algodão,8
2025-07-15,Algodão,BARREIRAS,Caroço,tonelada,"1.417,00",1417.0,Algodão,8
2025-07-15,Algodão,BARREIRAS,Pluma,arroba,"135,00",135.0,Algodão,8
2025-07-16,Algodão,BARREIRAS,Caroço,tonelada,"1.383,00",1383.0,Algodão,8
2025-07-16,Algodão,BARREIRAS,Pluma,arroba,"135,00",135.0,Algodão,8
2025-07-17,Algodão,BARREIRAS,Caroço,tonelada,"1.317,00",1317.0,Algodão,8
2025-07-17,Algodão,BARREIRAS,Pluma,arroba,"135,33",135.33,Algodão,8
2025-07-18,Algodão,BARREIRAS,Caroço,tonelada,"1.317,00",1317.0,Algodão,8
2025-07-18,Algodão,BARREIRAS,Pluma,arroba,"135,33",135.33,Algodão,8
2025-07-21,Algodão,BARREIRAS,Caroço,tonelada,"1.317,00",1317.0,Algodão,8
2025-07-21,Algodão,BARREIRAS,Pluma,arroba,"135,33",135.33,Algodão,8
2025-07-22,Algodão,BARREIRAS,Caroço,tonelada,"1.317,00",1317.0,Algodão,8
2025-07-22,Algodão,BARREIRAS,Pluma,arroba,"135,33",135.33,Algodão,8
2025-07-23,Algodão,BARREIRAS,Caroço,tonelada,"1.283,00",1283.0,Algodão,8
2025-07-23,Algodão,BARREIRAS,Pluma,arroba,"135,33",135.33,Algodão,8
2025-07-24,Algodão,BARREIRAS,Caroço,tonelada,"1.283,00",1283.0,Algodão,8
2025-07-24,Algodão,BARREIRAS,Pluma,arroba,"135,33",135.33,Algodão,8
2025-07-25,Algodão,BARREIRAS,Caroço,tonelada,"1.283,00",1283.0,Algodão,8
2025-07-25,Algodão,BARREIRAS,Pluma,arroba,"135,00",135.0,Algodão,8
2025-07-28,Algodão,BARREIRAS,Caroço,tonelada,"1.283,00",1283.0,Algodão,8
2025-07-28,Algodão,BARREIRAS,Pluma,arroba,"135,00",135.0,Algodão,8
2025-07-29,Algodão,BARREIRAS,Caroço,tonelada,"1.283,00",1283.0,Algodão,8
2025-07-29,Algodão,BARREIRAS,Pluma,arroba,"135,00",135.0,Algodão,8
2025-07-30,Algodão,BARREIRAS,Caroço,tonelada,"1.100,00",1100.0,Algodão,8
2025-07-30,Algodão,BARREIRAS,Pluma,arroba,"135,00",135.0,Algodão,8
2025-07-31,Algodão,BARREIRAS,Caroço,tonelada,"1.100,00",1100.0,Algodão,8
2025-07-31,Algodão,BARREIRAS,Pluma,arroba,"135,00",135.0,Algodão,8
2025-08-01,Algodão,BARREIRAS,Caroço,tonelada,"1.100,00",1100.0,Algodão,8
2025-08-01,Algodão,BARREIRAS,Pluma,arroba,"135,00",135.0,Algodão,8
2025-08-04,Algodão,BARREIRAS,Caroço,tonelada,"1.100,00",1100.0,Algodão,8
2025-08-04,Algodão,BARREIRAS,Pluma,arroba,"135,00",135.0,Algodão,8
2025-08-05,Algodão,BARREIRAS,Caroço,tonelada,"1.100,00",1100.0,Algodão,8
2025-08-05,Algodão,BARREIRAS,Pluma,arroba,"135,00",135.0,Algodão,8
2025-08-06,Algodão,BARREIRAS,Caroço,tonelada,"1.100,00",1100.0,Algodão,8
2025-08-06,Algodão,BARREIRAS,Pluma,arroba,"135,00",135.0,Algodão,8
2025-08-07,Algodão,BARREIRAS,Caroço,tonelada,"1.100,00",1100.0,Algodão,8
2025-08-07,Algodão,BARREIRAS,Pluma,arroba,"135,00",135.0,Algodão,8
2025-08-08,Algodão,BARREIRAS,Caroço,tonelada,"1.100,00",1100.0,Algodão,8
2025-08-08,Algodão,BARREIRAS,Pluma,arroba,"135,00",135.0,Algodão,8
2025-08-11,Algodão,BARREIRAS,Caroço,tonelada,"1.100,00",1100.0,Algodão,8
2025-08-11,Algodão,BARREIRAS,Pluma,arroba,"135,33",135.33,Algodão,8
2025-08-12,Algodão,BARREIRAS,Caroço,tonelada,"1.100,00",1100.0,Algodão,8
2025-08-12,Algodão,BARREIRAS,Pluma,arroba,"135,33",135.33,Algodão,8
2025-08-13,Algodão,BARREIRAS,Caroço,tonelada,"1.100,00",1100.0,Algodão,8
2025-08-13,Algodão,BARREIRAS,Pluma,arroba,"135,33",135.33,Algodão,8
2025-08-14,Algodão,BARREIRAS,Caroço,tonelada,"1.100,00",1100.0,Algodão,8
2025-08-14,Algodão,BARREIRAS,Pluma,arroba,"135,00",135.0,Algodão,8
2025-08-15,Algodão,BARREIRAS,Caroço,tonelada,"1.100,00",1100.0,Algodão,8
2025-08-15,Algodão,BARREIRAS,Pluma,arroba,"135,00",135.0,Algodão,8
2025-08-18,Algodão,BARREIRAS,Caroço,tonelada,"1.100,00",1100.0,Algodão,8
2025-08-18,Algodão,BARREIRAS,Pluma,arroba,"135,67",135.67,Algodão,8
2025-08-19,Algodão,BARREIRAS,Caroço,tonelada,"1.100,00",1100.0,Algodão,8
2025-08-19,Algodão,BARREIRAS,Pluma,arroba,"135,67",135.67,Algodão,8
2025-08-20,Algodão,BARREIRAS,Caroço,tonelada,"1.100,00",1100.0,Algodão,8
2025-08-20,Algodão,BARREIRAS,Pluma,arroba,"135,67",135.67,Algodão,8
2025-08-21,Algodão,BARREIRAS,Caroço,tonelada,"1.100,00",1100.0,Algodão,8
2025-08-21,Algodão,BARREIRAS,Pluma,arroba,"135,67",135.67,Algodão,8
2025-08-22,Algodão,BARREIRAS,Caroço,tonelada,"1.100,00",1100.0,Algodão,8
2025-08-22,Algodão,BARREIRAS,Pluma,arroba,"135,67",135.67,Algodão,8
2025-08-25,Algodão,BARREIRAS,Caroço,tonelada,"1.100,00",1100.0,Algodão,8
2025-08-25,Algodão,BARREIRAS,Pluma,arroba,"135,67",135.67,Algodão,8
2025-08-26,Algodão,BARREIRAS,Caroço,tonelada,"1.100,00",1100.0,Algodão,8
2025-08-26,Algodão,BARREIRAS,Pluma,arroba,"135,67",135.67,Algodão,8
2025-08-27,Algodão,BARREIRAS,Caroço,tonelada,"1.217,00",1217.0,Algodão,8
2025-08-27,Algodão,BARREIRAS,Pluma,arroba,"135,67",135.67,Algodão,8
2025-08-28,Algodão,BARREIRAS,Caroço,tonelada,"1.217,00",1217.0,Algodão,8
2025-08-28,Algodão,BARREIRAS,Pluma,arroba,"136,00",136.0,Algodão,8
2025-08-29,Algodão,BARREIRAS,Caroço,tonelada,"1.217,00",1217.0,Algodão,8
2025-08-29,Algodão,BARREIRAS,Pluma,arroba,"136,00",136.0,Algodão,8
2025-09-01,Algodão,BARREIRAS,Caroço,tonelada,"1.267,00",1267.0,Algodão,8
2025-09-01,Algodão,BARREIRAS,Pluma,arroba,"136,00",136.0,Algodão,8
2025-09-02,Algodão,BARREIRAS,Caroço,tonelada,"1.317,00",1317.0,Algodão,8
2025-09-02,Algodão,BARREIRAS,Pluma,arroba,"136,00",136.0,Algodão,8
2025-09-03,Algodão,BARREIRAS,Caroço,tonelada,"1.317,00",1317.0,Algodão,8
2025-09-03,Algodão,BARREIRAS,Pluma,arroba,"136,00",136.0,Algodão,8
2025-09-04,Algodão,BARREIRAS,Caroço,tonelada,"1.383,00",1383.0,Algodão,8
2025-09-04,Algodão,BARREIRAS,Pluma,arroba,"136,00",136.0,Algodão,8
2025-09-05,Algodão,BARREIRAS,Caroço,tonelada,"1.383,00",1383.0,Algodão,8
2025-09-05,Algodão,BARREIRAS,Pluma,arroba,"136,00",136.0,Algodão,8
2025-09-08,Algodão,BARREIRAS,Caroço,tonelada,"1.383,00",1383.0,Algodão,8
2025-09-08,Algodão,BARREIRAS,Pluma,arroba,"135,67",135.67,Algodão,8
2025-09-09,Algodão,BARREIRAS,Caroço,tonelada,"1.450,00",1450.0,Algodão,8
2025-09-09,Algodão,BARREIRAS,Pluma,arroba,"135,67",135.67,Algodão,8
2025-09-10,Algodão,BARREIRAS,Caroço,tonelada,"1.450,00",1450.0,Algodão,8
2025-09-10,Algodão,BARREIRAS,Pluma,arroba,"135,67",135.67,Algodão,8
2025-09-11,Algodão,BARREIRAS,Caroço,tonelada,"1.450,00",1450.0,Algodão,8
2025-09-11,Algodão,BARREIRAS,Pluma,arroba,"135,67",135.67,Algodão,8
2025-09-12,Algodão,BARREIRAS,Caroço,tonelada,"1.450,00",1450.0,Algodão,8
2025-09-12,Algodão,BARREIRAS,Pluma,arroba,"135,67",135.67,Algodão,8
2025-09-15,Algodão,BARREIRAS,Caroço,tonelada,"1.450,00",1450.0,Algodão,8
2025-09-15,Algodão,BARREIRAS,Pluma,arroba,"135,67",135.67,Algodão,8
2025-09-16,Algodão,BARREIRAS,Caroço,tonelada,"1.450,00",1450.0,Algodão,8
2025-09-16,Algodão,BARREIRAS,Pluma,arroba,"135,00",135.0,Algodão,8
2025-09-17,Algodão,BARREIRAS,Caroço,tonelada,"1.450,00",1450.0,Algodão,8
2025-09-17,Algodão,BARREIRAS,Pluma,arroba,"135,00",135.0,Algodão,8
2025-09-18,Algodão,BARREIRAS,Caroço,tonelada,"1.450,00",1450.0,Algodão,8
2025-09-18,Algodão,BARREIRAS,Pluma,arroba,"135,00",135.0,Algodão,8
2025-09-19,Algodão,BARREIRAS,Caroço,tonelada,"1.450,00",1450.0,Algodão,8
2025-09-19,Algodão,BARREIRAS,Pluma,arroba,"135,00",135.0,Algodão,8
2025-09-22,Algodão,BARREIRAS,Caroço,tonelada,"1.450,00",1450.0,Algodão,8
2025-09-22,Algodão,BARREIRAS,Pluma,arroba,"135,00",135.0,Algodão,8
2025-09-23,Algodão,BARREIRAS,Caroço,tonelada,"1.450,00",1450.0,Algodão,8
2025-09-23,Algodão,BARREIRAS,Pluma,arroba,"135,00",135.0,Algodão,8
2025-09-24,Algodão,BARREIRAS,Caroço,tonelada,"1.450,00",1450.0,Algodão,8
2025-09-24,Algodão,BARREIRAS,Pluma,arroba,"135,00",135.0,Algodão,8
2025-09-25,Algodão,BARREIRAS,Caroço,tonelada,"1.450,00",1450.0,Algodão,8
2025-09-25,Algodão,BARREIRAS,Pluma,arroba,"135,00",135.0,Algodão,8
2025-09-26,Algodão,BARREIRAS,Caroço,tonelada,"1.450,00",1450.0,Algodão,8
2025-09-26,Algodão,BARREIRAS,Pluma,arroba,"135,00",135.0,Algodão,8
2025-09-29,Algodão,BARREIRAS,Caroço,tonelada,"1.400,00",1400.0,Algodão,8
2025-09-29,Algodão,BARREIRAS,Pluma,arroba,"135,00",135.0,Algodão,8
2025-09-30,Algodão,BARREIRAS,Caroço,tonelada,"1.417,00",1417.0,Algodão,8
2025-09-30,Algodão,BARREIRAS,Pluma,arroba,"135,33",135.33,Algodão,8
2025-10-01,Algodão,BARREIRAS,Caroço,tonelada,"1.417,00",1417.0,Algodão,8
2025-10-01,Algodão,BARREIRAS,Pluma,arroba,"135,33",135.33,Algodão,8
2025-10-02,Algodão,BARREIRAS,Caroço,tonelada,"1.417,00",1417.0,Algodão,8
2025-10-02,Algodão,BARREIRAS,Pluma,arroba,"135,33",135.33,Algodão,8
2025-10-03,Algodão,BARREIRAS,Caroço,tonelada,"1.417,00",1417.0,Algodão,8
2025-10-03,Algodão,BARREIRAS,Pluma,arroba,"135,67",135.67,Algodão,8
2025-10-06,Algodão,BARREIRAS,Caroço,tonelada,"1.417,00",1417.0,Algodão,8
2025-10-06,Algodão,BARREIRAS,Pluma,arroba,"135,67",135.67,Algodão,8
2025-10-07,Algodão,BARREIRAS,Caroço,tonelada,"1.417,00",1417.0,Algodão,8
2025-10-07,Algodão,BARREIRAS,Pluma,arroba,"135,67",135.67,Algodão,8
2025-10-08,Algodão,BARREIRAS,Caroço,tonelada,"1.383,00",1383.0,Algodão,8
2025-10-08,Algodão,BARREIRAS,Pluma,arroba,"135,67",135.67,Algodão,8
2025-10-09,Algodão,BARREIRAS,Caroço,tonelada,"1.383,00",1383.0,Algodão,8
2025-10-09,Algodão,BARREIRAS,Pluma,arroba,"135,67",135.67,Algodão,8
2025-10-10,Algodão,BARREIRAS,Caroço,tonelada,"1.383,00",1383.0,Algodão,8
2025-10-10,Algodão,BARREIRAS,Pluma,arroba,"135,67",135.67,Algodão,8
2025-10-13,Algodão,BARREIRAS,Caroço,tonelada,"1.383,00",1383.0,Algodão,8
2025-10-13,Algodão,BARREIRAS,Pluma,arroba,"135,67",135.67,Algodão,8
2025-10-14,Algodão,BARREIRAS,Caroço,tonelada,"1.383,00",1383.0,Algodão,8
2025-10-14,Algodão,BARREIRAS,Pluma,arroba,"135,67",135.67,Algodão,8
2025-10-15,Algodão,BARREIRAS,Caroço,tonelada,"1.383,00",1383.0,Algodão,8
2025-10-15,Algodão,BARREIRAS,Pluma,arroba,"135,67",135.67,Algodão,8
2025-10-16,Algodão,BARREIRAS,Caroço,tonelada,"1.383,00",1383.0,Algodão,8
2025-10-16,Algodão,BARREIRAS,Pluma,arroba,"135,67",135.67,Algodão,8
2025-10-17,Algodão,BARREIRAS,Caroço,tonelada,"1.383,00",1383.0,Algodão,8
2025-10-17,Algodão,BARREIRAS,Pluma,arroba,"135,67",135.67,Algodão,8
2025-10-20,Algodão,BARREIRAS,Caroço,tonelada,"1.383,00",1383.0,Algodão,8
2025-10-20,Algodão,BARREIRAS,Pluma,arroba,"135,67",135.67,Algodão,8
2025-10-21,Algodão,BARREIRAS,Caroço,tonelada,"1.383,00",1383.0,Algodão,8
2025-10-21,Algodão,BARREIRAS,Pluma,arroba,"135,67",135.67,Algodão,8
2025-10-22,Algodão,BARREIRAS,Caroço,tonelada,"1.367,00",1367.0,Algodão,8
2025-10-22,Algodão,BARREIRAS,Pluma,arroba,"135,33",135.33,Algodão,8
2025-10-23,Algodão,BARREIRAS,Caroço,tonelada,"1.367,00",1367.0,Algodão,8
2025-10-23,Algodão,BARREIRAS,Pluma,arroba,"135,33",135.33,Algodão,8
2025-10-24,Algodão,BARREIRAS,Caroço,tonelada,"1.317,00",1317.0,Algodão,8
2025-10-24,Algodão,BARREIRAS,Pluma,arroba,"135,33",135.33,Algodão,8
2025-10-28,Algodão,BARREIRAS,Caroço,tonelada,"1.317,00",1317.0,Algodão,8
2025-10-28,Algodão,BARREIRAS,Pluma,arroba,"135,33",135.33,Algodão,8
2025-10-29,Algodão,BARREIRAS,Caroço,tonelada,"1.317,00",1317.0,Algodão,8
2025-10-29,Algodão,BARREIRAS,Pluma,arroba,"135,33",135.33,Algodão,8
2025-10-30,Algodão,BARREIRAS,Caroço,tonelada,"1.317,00",1317.0,Algodão,8
2025-10-30,Algodão,BARREIRAS,Pluma,arroba,"135,67",135.67,Algodão,8
2025-10-31,Algodão,BARREIRAS,Caroço,tonelada,"1.317,00",1317.0,Algodão,8
2025-10-31,Algodão,BARREIRAS,Pluma,arroba,"135,67",135.67,Algodão,8
2025-11-03,Algodão,BARREIRAS,Caroço,tonelada,"1.317,00",1317.0,Algodão,8
2025-11-03,Algodão,BARREIRAS,Pluma,arroba,"135,67",135.67,Algodão,8
2025-11-04,Algodão,BARREIRAS,Caroço,tonelada,"1.250,00",1250.0,Algodão,8
2025-11-04,Algodão,BARREIRAS,Pluma,arroba,"135,33",135.33,Algodão,8
2025-11-05,Algodão,BARREIRAS,Caroço,tonelada,"1.250,00",1250.0,Algodão,8
2025-11-05,Algodão,BARREIRAS,Pluma,arroba,"135,33",135.33,Algodão,8
2025-11-06,Algodão,BARREIRAS,Caroço,tonelada,"1.250,00",1250.0,Algodão,8
2025-11-06,Algodão,BARREIRAS,Pluma,arroba,"135,33",135.33,Algodão,8
2025-11-07,Algodão,BARREIRAS,Caroço,tonelada,"1.250,00",1250.0,Algodão,8
2025-11-07,Algodão,BARREIRAS,Pluma,arroba,"135,33",135.33,Algodão,8
2025-11-10,Algodão,BARREIRAS,Caroço,tonelada,"1.250,00",1250.0,Algodão,8
2025-11-10,Algodão,BARREIRAS,Pluma,arroba,"135,33",135.33,Algodão,8
2025-11-11,Algodão,BARREIRAS,Caroço,tonelada,"1.250,00",1250.0,Algodão,8
2025-11-11,Algodão,BARREIRAS,Pluma,arroba,"135,33",135.33,Algodão,8
2025-11-12,Algodão,BARREIRAS,Caroço,tonelada,"1.250,00",1250.0,Algodão,8
2025-11-12,Algodão,BARREIRAS,Pluma,arroba,"135,33",135.33,Algodão,8
2025-11-13,Algodão,BARREIRAS,Caroço,tonelada,"1.283,00",1283.0,Algodão,8
2025-11-13,Algodão,BARREIRAS,Pluma,arroba,"135,33",135.33,Algodão,8
2025-11-14,Algodão,BARREIRAS,Caroço,tonelada,"1.283,00",1283.0,Algodão,8
2025-11-14,Algodão,BARREIRAS,Pluma,arroba,"135,33",135.33,Algodão,8
2025-11-17,Algodão,BARREIRAS,Caroço,tonelada,"1.283,00",1283.0,Algodão,8
2025-11-17,Algodão,BARREIRAS,Pluma,arroba,"135,33",135.33,Algodão,8
2025-11-18,Algodão,BARREIRAS,Caroço,tonelada,"1.283,00",1283.0,Algodão,8
2025-11-18,Algodão,BARREIRAS,Pluma,arroba,"135,33",135.33,Algodão,8
2025-11-19,Algodão,BARREIRAS,Caroço,tonelada,"1.283,00",1283.0,Algodão,8
2025-11-19,Algodão,BARREIRAS,Pluma,arroba,"135,33",135.33,Algodão,8
2025-11-24,Algodão,BARREIRAS,Caroço,tonelada,"1.283,00",1283.0,Algodão,8
2025-11-24,Algodão,BARREIRAS,Pluma,arroba,"135,33",135.33,Algodão,8
2025-11-25,Algodão,BARREIRAS,Caroço,tonelada,"1.283,00",1283.0,Algodão,8
2025-11-25,Algodão,BARREIRAS,Pluma,arroba,"135,33",135.33,Algodão,8
2025-11-26,Algodão,BARREIRAS,Caroço,tonelada,"1.283,00",1283.0,Algodão,8
2025-11-26,Algodão,BARREIRAS,Pluma,arroba,"135,33",135.33,Algodão,8
2025-11-27,Algodão,BARREIRAS,Caroço,tonelada,"1.283,00",1283.0,Algodão,8
2025-11-27,Algodão,BARREIRAS,Pluma,arroba,"135,33",135.33,Algodão,8
2025-11-28,Algodão,BARREIRAS,Caroço,tonelada,"1.283,00",1283.0,Algodão,8
2025-11-28,Algodão,BARREIRAS,Pluma,arroba,"112,00",112.0,Algodão,8
2025-12-01,Algodão,BARREIRAS,Caroço,tonelada,"1.283,00",1283.0,Algodão,8
2025-12-01,Algodão,BARREIRAS,Pluma,arroba,"112,00",112.0,Algodão,8
2025-12-02,Algodão,BARREIRAS,Caroço,tonelada,"1.283,00",1283.0,Algodão,8
2025-12-02,Algodão,BARREIRAS,Pluma,arroba,"112,00",112.0,Algodão,8
2025-12-03,Algodão,BARREIRAS,Caroço,tonelada,"1.283,00",1283.0,Algodão,8
2025-12-03,Algodão,BARREIRAS,Pluma,arroba,"112,00",112.0,Algodão,8
2025-12-04,Algodão,BARREIRAS,Caroço,tonelada,"1.283,00",1283.0,Algodão,8
2025-12-04,Algodão,BARREIRAS,Pluma,arroba,"112,00",112.0,Algodão,8
2025-12-05,Algodão,BARREIRAS,Caroço,tonelada,"1.233,00",1233.0,Algodão,8
2025-12-05,Algodão,BARREIRAS,Pluma,arroba,"113,67",113.67,Algodão,8
2025-12-09,Algodão,BARREIRAS,Caroço,tonelada,"1.233,00",1233.0,Algodão,8
2025-12-09,Algodão,BARREIRAS,Pluma,arroba,"113,67",113.67,Algodão,8
2025-12-10,Algodão,BARREIRAS,Caroço,tonelada,"1.233,00",1233.0,Algodão,8
2025-12-10,Algodão,BARREIRAS,Pluma,arroba,"114,00",114.0,Algodão,8
2025-12-11,Algodão,BARREIRAS,Caroço,tonelada,"1.233,00",1233.0,Algodão,8
2025-12-11,Algodão,BARREIRAS,Pluma,arroba,"114,00",114.0,Algodão,8
2025-12-12,Algodão,BARREIRAS,Caroço,tonelada,"1.233,00",1233.0,Algodão,8
2025-12-12,Algodão,BARREIRAS,Pluma,arroba,"115,33",115.33,Algodão,8
2025-12-15,Algodão,BARREIRAS,Caroço,tonelada,"1.233,00",1233.0,Algodão,8
2025-12-15,Algodão,BARREIRAS,Pluma,arroba,"115,33",115.33,Algodão,8
2025-12-16,Algodão,BARREIRAS,Caroço,tonelada,"1.250,00",1250.0,Algodão,8
2025-12-16,Algodão,BARREIRAS,Pluma,arroba,"115,33",115.33,Algodão,8
2025-12-17,Algodão,BARREIRAS,Caroço,tonelada,"1.250,00",1250.0,Algodão,8
2025-12-17,Algodão,BARREIRAS,Pluma,arroba,"115,33",115.33,Algodão,8
2025-12-18,Algodão,BARREIRAS,Caroço,tonelada,"1.250,00",1250.0,Algodão,8
2025-12-18,Algodão,BARREIRAS,Pluma,arroba,"115,33",115.33,Algodão,8
2025-12-19,Algodão,BARREIRAS,Caroço,tonelada,"1.250,00",1250.0,Algodão,8
2025-12-19,Algodão,BARREIRAS,Pluma,arroba,"115,33",115.33,Algodão,8
2025-12-22,Algodão,BARREIRAS,Caroço,tonelada,"1.250,00",1250.0,Algodão,8
2025-12-22,Algodão,BARREIRAS,Pluma,arroba,"115,67",115.67,Algodão,8
2025-12-23,Algodão,BARREIRAS,Caroço,tonelada,"1.250,00",1250.0,Algodão,8
2025-12-23,Algodão,BARREIRAS,Pluma,arroba,"115,67",115.67,Algodão,8
2025-12-29,Algodão,BARREIRAS,Caroço,tonelada,"1.250,00",1250.0,Algodão,8
2025-12-29,Algodão,BARREIRAS,Pluma,arroba,"115,67",115.67,Algodão,8
2025-12-30,Algodão,BARREIRAS,Caroço,tonelada,"1.250,00",1250.0,Algodão,8
2025-12-30,Algodão,BARREIRAS,Pluma,arroba,"115,67",115.67,Algodão,8
2026-01-05,Algodão,BARREIRAS,Caroço,tonelada,"1.250,00",1250.0,Algodão,8
2026-01-05,Algodão,BARREIRAS,Pluma,arroba,"115,67",115.67,Algodão,8
2026-01-06,Algodão,BARREIRAS,Caroço,tonelada,"1.250,00",1250.0,Algodão,8
2026-01-06,Algodão,BARREIRAS,Pluma,arroba,"115,67",115.67,Algodão,8
2026-01-07,Algodão,BARREIRAS,Caroço,tonelada,"1.250,00",1250.0,Algodão,8
2026-01-07,Algodão,BARREIRAS,Pluma,arroba,"115,67",115.67,Algodão,8
2026-01-08,Algodão,BARREIRAS,Caroço,tonelada,"1.250,00",1250.0,Algodão,8
2026-01-08,Algodão,BARREIRAS,Pluma,arroba,"116,33",116.33,Algodão,8
2026-01-09,Algodão,BARREIRAS,Caroço,tonelada,"1.250,00",1250.0,Algodão,8
2026-01-09,Algodão,BARREIRAS,Pluma,arroba,"116,33",116.33,Algodão,8
2026-01-12,Algodão,BARREIRAS,Caroço,tonelada,"1.250,00",1250.0,Algodão,8
2026-01-12,Algodão,BARREIRAS,Pluma,arroba,"116,33",116.33,Algodão,8
2026-01-13,Algodão,BARREIRAS,Caroço,tonelada,"1.267,00",1267.0,Algodão,8
2026-01-13,Algodão,BARREIRAS,Pluma,arroba,"116,67",116.67,Algodão,8
2026-01-14,Algodão,BARREIRAS,Caroço,tonelada,"1.267,00",1267.0,Algodão,8
2026-01-14,Algodão,BARREIRAS,Pluma,arroba,"116,00",116.0,Algodão,8
2026-01-15,Algodão,BARREIRAS,Caroço,tonelada,"1.267,00",1267.0,Algodão,8
2026-01-15,Algodão,BARREIRAS,Pluma,arroba,"116,00",116.0,Algodão,8
2026-01-16,Algodão,BARREIRAS,Caroço,tonelada,"1.267,00",1267.0,Algodão,8
2026-01-16,Algodão,BARREIRAS,Pluma,arroba,"116,00",116.0,Algodão,8
2026-01-19,Algodão,BARREIRAS,Caroço,tonelada,"1.267,00",1267.0,Algodão,8
2026-01-19,Algodão,BARREIRAS,Pluma,arroba,"116,00",116.0,Algodão,8
2026-01-20,Algodão,BARREIRAS,Caroço,tonelada,"1.266,67",1266.67,Algodão,8
2026-01-20,Algodão,BARREIRAS,Pluma,arroba,"116,00",116.0,Algodão,8
2026-01-21,Algodão,BARREIRAS,Caroço,tonelada,"1.266,67",1266.67,Algodão,8
2026-01-21,Algodão,BARREIRAS,Pluma,arroba,"116,00",116.0,Algodão,8
