date,product,market,type,unit,price_raw,price,source_product_label,source_product_value
2001-12-14,Café Conillon,EUNAPOLIS,Tipo 7,sc 60 kg,"45,00",45.0,Café Conillon,10
2001-12-14,Café Conillon,EUNAPOLIS,Tipo 7/8,sc 60 kg,"43,00",43.0,Café Conillon,10
2002-01-02,Café Conillon,EUNAPOLIS,Tipo 7,sc 60 kg,"40,00",40.0,Café Conillon,10
2002-01-03,Café Conillon,EUNAPOLIS,Tipo 7,sc 60 kg,"40,00",40.0,Café Conillon,10
2002-01-04,Café Conillon,EUNAPOLIS,Tipo 7,sc 60 kg,"40,00",40.0,Café Conillon,10
2002-01-07,Café Conillon,EUNAPOLIS,Tipo 7,sc 60 kg,"40,00",40.0,Café Conillon,10
2002-01-08,Café Conillon,EUNAPOLIS,Tipo 7,sc 60 kg,"40,00",40.0,Café Conillon,10
2002-01-09,Café Conillon,EUNAPOLIS,Tipo 7,sc 60 kg,"40,00",40.0,Café Conillon,10
2002-01-10,Café Conillon,EUNAPOLIS,Tipo 7,sc 60 kg,"40,00",40.0,Café Conillon,10
2002-01-11,Café Conillon,EUNAPOLIS,Tipo 7,sc 60 kg,"43,00",43.0,Café Conillon,10
2002-01-11,Café Conillon,EUNAPOLIS,Tipo 7/8,sc 60 kg,"45,00",45.0,Café Conillon,10
2002-01-14,Café Conillon,EUNAPOLIS,Tipo 7,sc 60 kg,"43,00",43.0,Café Conillon,10
2002-01-14,Café Conillon,EUNAPOLIS,Tipo 7/8,sc 60 kg,"45,00",45.0,Café Conillon,10
2002-01-15,Café Conillon,EUNAPOLIS,Tipo 7,sc 60 kg,"43,00",43.0,Café Conillon,10
2002-01-15,Café Conillon,EUNAPOLIS,Tipo 7/8,sc 60 kg,"45,00",45.0,Café Conillon,10
2002-01-16,Café Conillon,EUNAPOLIS,Tipo 7,sc 60 kg,"43,00",43.0,Café Conillon,10
2002-01-16,Café Conillon,EUNAPOLIS,Tipo 7/8,sc 60 kg,"45,00",45.0,Café Conillon,10
2002-01-17,Café Conillon,EUNAPOLIS,Tipo 7,sc 60 kg,"43,00",43.0,Café Conillon,10
2002-01-17,Café Conillon,EUNAPOLIS,Tipo 7/8,sc 60 kg,"45,00",45.0,Café Conillon,10
2002-01-18,Café Conillon,EUNAPOLIS,Tipo 7,sc 60 kg,"43,00",43.0,Café Conillon,10
2002-01-18,Café Conillon,EUNAPOLIS,Tipo 7/8,sc 60 kg,"45,00",45.0,Café Conillon,10
2002-01-21,Café Conillon,EUNAPOLIS,Tipo 7,sc 60 kg,"43,00",43.0,Café Conillon,10
2002-01-21,Café Conillon,EUNAPOLIS,Tipo 7/8,sc 60 kg,"45,00",45.0,Café Conillon,10
2002-01-22,Café Conillon,EUNAPOLIS,Tipo 7,sc 60 kg,"43,00",43.0,Café Conillon,10
2002-01-22,Café Conillon,EUNAPOLIS,Tipo 7/8,sc 60 kg,"45,00",45.0,Café Conillon,10
2002-01-23,Café Conillon,EUNAPOLIS,Tipo 7,sc 60 kg,"43,00",43.0,Café Conillon,10
2002-01-23,Café Conillon,EUNAPOLIS,Tipo 7/8,sc 60 kg,"45,00",45.0,Café Conillon,10
2002-01-24,Café Conillon,EUNAPOLIS,Tipo 7,sc 60 kg,"43,00",43.0,Café Conillon,10
2002-01-24,Café Conillon,EUNAPOLIS,Tipo 7/8,sc 60 kg,"45,00",45.0,Café Conillon,10
2002-01-25,Café Conillon,EUNAPOLIS,Tipo 7,sc 60 kg,"43,00",43.0,Café Conillon,10
2002-01-25,Café Conillon,EUNAPOLIS,Tipo 7/8,sc 60 kg,"45,00",45.0,Café Conillon,10
2002-01-28,Café Conillon,EUNAPOLIS,Tipo 7,sc 60 kg,"43,00",43.0,Café Conillon,10
2002-01-28,Café Conillon,EUNAPOLIS,Tipo 7/8,sc 60 kg,"45,00",45.0,Café Conillon,10
2002-01-29,Café Conillon,EUNAPOLIS,Tipo 7,sc 60 kg,"43,00",43.0,Café Conillon,10
2002-01-29,Café Conillon,EUNAPOLIS,Tipo 7/8,sc 60 kg,"45,00",45.0,Café Conillon,10
2002-01-30,Café Conillon,EUNAPOLIS,Tipo 7,sc 60 kg,"43,00",43.0,Café Conillon,10
2002-01-30,Café Conillon,EUNAPOLIS,Tipo 7/8,sc 60 kg,"45,00",45.0,Café Conillon,10
2002-01-31,Café Conillon,EUNAPOLIS,Tipo 7,sc 60 kg,"43,00",43.0,Café Conillon,10
2002-01-31,Café Conillon,EUNAPOLIS,Tipo 7/8,sc 60 kg,"45,00",45.0,Café Conillon,10
2002-02-01,Café Conillon,EUNAPOLIS,Tipo 7,sc 60 kg,"43,00",43.0,Café Conillon,10
2002-02-01,Café Conillon,EUNAPOLIS,Tipo 7/8,sc 60 kg,"45,00",45.0,Café Conillon,10
2002-02-04,Café Conillon,EUNAPOLIS,Tipo 7,sc 60 kg,"43,00",43.0,Café Conillon,10
2002-02-04,Café Conillon,EUNAPOLIS,Tipo 7/8,sc 60 kg,"45,00",45.0,Café Conillon,10
2002-02-05,Café Conillon,EUNAPOLIS,Tipo 7,sc 60 kg,"43,00",43.0,Café Conillon,10
2002-02-05,Café Conillon,EUNAPOLIS,Tipo 7/8,sc 60 kg,"45,00",45.0,Café Conillon,10
2002-02-06,Café Conillon,EUNAPOLIS,Tipo 7,sc 60 kg,"41,00",41.0,Café Conillon,10
2002-02-06,Café Conillon,EUNAPOLIS,Tipo 7/8,sc 60 kg,"43,00",43.0,Café Conillon,10
2002-02-07,Café Conillon,EUNAPOLIS,Tipo 7,sc 60 kg,"41,00",41.0,Café Conillon,10
2002-02-07,Café Conillon,EUNAPOLIS,Tipo 7/8,sc 60 kg,"43,00",43.0,Café Conillon,10
2002-02-08,Café Conillon,EUNAPOLIS,Tipo 7,sc 60 kg,"41,00",41.0,Café Conillon,10
2002-02-08,Café Conillon,EUNAPOLIS,Tipo 7/8,sc 60 kg,"43,00",43.0,Café Conillon,10
2002-02-11,Café Conillon,EUNAPOLIS,Tipo 7,sc 60 kg,"41,00",41.0,Café Conillon,10
2002-02-11,Café Conillon,EUNAPOLIS,Tipo 7/8,sc 60 kg,"43,00",43.0,Café Conillon,10
2002-02-12,Café Conillon,EUNAPOLIS,Tipo 7,sc 60 kg,"41,00",41.0,Café Conillon,10
2002-02-12,Café Conillon,EUNAPOLIS,Tipo 7/8,sc 60 kg,"43,00",43.0,Café Conillon,10
2002-02-13,Café Conillon,EUNAPOLIS,Tipo 7,sc 60 kg,"41,00",41.0,Café Conillon,10
2002-02-13,Café Conillon,EUNAPOLIS,Tipo 7/8,sc 60 kg,"43,00",43.0,Café Conillon,10
2002-02-14,Café Conillon,EUNAPOLIS,Tipo 7,sc 60 kg,"41,00",41.0,Café Conillon,10
2002-02-14,Café Conillon,EUNAPOLIS,Tipo 7/8,sc 60 kg,"43,00",43.0,Café Conillon,10
2002-02-15,Café Conillon,EUNAPOLIS,Tipo 7,sc 60 kg,"41,00",41.0,Café Conillon,10
2002-02-15,Café Conillon,EUNAPOLIS,Tipo 7/8,sc 60 kg,"43,00",43.0,Café Conillon,10
2002-02-18,Café Conillon,EUNAPOLIS,Tipo 7,sc 60 kg,"41,00",41.0,Café Conillon,10
2002-02-18,Café Conillon,EUNAPOLIS,Tipo 7/8,sc 60 kg,"43,00",43.0,Café Conillon,10
2002-02-19,Café Conillon,EUNAPOLIS,Tipo 7,sc 60 kg,"41,00",41.0,Café Conillon,10
2002-02-19,Café Conillon,EUNAPOLIS,Tipo 7/8,sc 60 kg,"43,00",43.0,Café Conillon,10
2002-02-20,Café Conillon,EUNAPOLIS,Tipo 7,sc 60 kg,"41,00",41.0,Café Conillon,10
2002-02-20,Café Conillon,EUNAPOLIS,Tipo 7/8,sc 60 kg,"43,00",43.0,Café Conillon,10
2002-02-21,Café Conillon,EUNAPOLIS,Tipo 7,sc 60 kg,"41,00",41.0,Café Conillon,10
2002-02-21,Café Conillon,EUNAPOLIS,Tipo 7/8,sc 60 kg,"43,00",43.0,Café Conillon,10
2002-02-22,Café Conillon,EUNAPOLIS,Tipo 7,sc 60 kg,"42,00",42.0,Café Conillon,10
2002-02-22,Café Conillon,EUNAPOLIS,Tipo 7/8,sc 60 kg,"44,00",44.0,Café Conillon,10
2002-02-25,Café Conillon,EUNAPOLIS,Tipo 7,sc 60 kg,"42,00",42.0,Café Conillon,10
2002-02-25,Café Conillon,EUNAPOLIS,Tipo 7/8,sc 60 kg,"44,00",44.0,Café Conillon,10
2002-02-26,Café Conillon,EUNAPOLIS,Tipo 7,sc 60 kg,"42,00",42.0,Café Conillon,10
2002-02-26,Café Conillon,EUNAPOLIS,Tipo 7/8,sc 60 kg,"44,00",44.0,Café Conillon,10
2002-02-27,Café Conillon,EUNAPOLIS,Tipo 7,sc 60 kg,"42,00",42.0,Café Conillon,10
2002-02-27,Café Conillon,EUNAPOLIS,Tipo 7/8,sc 60 kg,"44,00",44.0,Café Conillon,10
2002-02-28,Café Conillon,EUNAPOLIS,Tipo 7,sc 60 kg,"42,00",42.0,Café Conillon,10
2002-02-28,Café Conillon,EUNAPOLIS,Tipo 7/8,sc 60 kg,"44,00",44.0,Café Conillon,10
2002-03-01,Café Conillon,EUNAPOLIS,Tipo 7,sc 60 kg,"42,00",42.0,Café Conillon,10
2002-03-01,Café Conillon,EUNAPOLIS,Tipo 7/8,sc 60 kg,"44,00",44.0,Café Conillon,10
2002-03-04,Café Conillon,EUNAPOLIS,Tipo 7,sc 60 kg,"42,00",42.0,Café Conillon,10
2002-03-04,Café Conillon,EUNAPOLIS,Tipo 7/8,sc 60 kg,"44,00",44.0,Café Conillon,10
2002-03-05,Café Conillon,EUNAPOLIS,Tipo 7,sc 60 kg,"42,00",42.0,Café Conillon,10
2002-03-05,Café Conillon,EUNAPOLIS,Tipo 7/8,sc 60 kg,"44,00",44.0,Café Conillon,10
2002-03-06,Café Conillon,EUNAPOLIS,Tipo 7,sc 60 kg,"43,00",43.0,Café Conillon,10
2002-03-06,Café Conillon,EUNAPOLIS,Tipo 7/8,sc 60 kg,"45,00",45.0,Café Conillon,10
2002-03-07,Café Conillon,EUNAPOLIS,Tipo 7,sc 60 kg,"43,00",43.0,Café Conillon,10
2002-03-07,Café Conillon,EUNAPOLIS,Tipo 7/8,sc 60 kg,"45,00",45.0,Café Conillon,10
2002-03-08,Café Conillon,EUNAPOLIS,Tipo 7,sc 60 kg,"45,00",45.0,Café Conillon,10
2002-03-08,Café Conillon,EUNAPOLIS,Tipo 7/8,sc 60 kg,"47,00",47.0,Café Conillon,10
2002-03-11,Café Conillon,EUNAPOLIS,Tipo 7,sc 60 kg,"48,00",48.0,Café Conillon,10
2002-03-11,Café Conillon,EUNAPOLIS,Tipo 7/8,sc 60 kg,"50,00",50.0,Café Conillon,10
2002-03-12,Café Conillon,EUNAPOLIS,Tipo 7,sc 60 kg,"48,00",48.0,Café Conillon,10
2002-03-12,Café Conillon,EUNAPOLIS,Tipo 7/8,sc 60 kg,"50,00",50.0,Café Conillon,10
2002-03-13,Café Conillon,EUNAPOLIS,Tipo 7,sc 60 kg,"46,00",46.0,Café Conillon,10
2002-03-13,Café Conillon,EUNAPOLIS,Tipo 7/8,sc 60 kg,"48,00",48.0,Café Conillon,10
2002-03-14,Café Conillon,EUNAPOLIS,Tipo 7,sc 60 kg,"46,00",46.0,Café Conillon,10
2002-03-14,Café Conillon,EUNAPOLIS,Tipo 7/8,sc 60 kg,"48,00",48.0,Café Conillon,10
2002-03-15,Café Conillon,EUNAPOLIS,Tipo 7,sc 60 kg,"45,00",45.0,Café Conillon,10
2002-03-15,Café Conillon,EUNAPOLIS,Tipo 7/8,sc 60 kg,"47,00",47.0,Café Conillon,10
2002-03-18,Café Conillon,EUNAPOLIS,Tipo 7,sc 60 kg,"43,00",43.0,Café Conillon,10
2002-03-18,Café Conillon,EUNAPOLIS,Tipo 7/8,sc 60 kg,"45,00",45.0,Café Conillon,10
2002-03-19,Café Conillon,EUNAPOLIS,Tipo 7,sc 60 kg,"43,00",43.0,Café Conillon,10
2002-03-19,Café Conillon,EUNAPOLIS,Tipo 7/8,sc 60 kg,"45,00",45.0,Café Conillon,10
2002-03-20,Café Conillon,EUNAPOLIS,Tipo 7,sc 60 kg,"48,00",48.0,Café Conillon,10
2002-03-20,Café Conillon,EUNAPOLIS,Tipo 7/8,sc 60 kg,"50,00",50.0,Café Conillon,10
2002-03-21,Café Conillon,EUNAPOLIS,Tipo 7,sc 60 kg,"48,00",48.0,Café Conillon,10
2002-03-21,Café Conillon,EUNAPOLIS,Tipo 7/8,sc 60 kg,"50,00",50.0,Café Conillon,10
2002-03-22,Café Conillon,EUNAPOLIS,Tipo 7,sc 60 kg,"48,00",48.0,Café Conillon,10
2002-03-22,Café Conillon,EUNAPOLIS,Tipo 7/8,sc 60 kg,"50,00",50.0,Café Conillon,10
2002-03-25,Café Conillon,EUNAPOLIS,Tipo 7,sc 60 kg,"48,00",48.0,Café Conillon,10
2002-03-25,Café Conillon,EUNAPOLIS,Tipo 7/8,sc 60 kg,"50,00",50.0,Café Conillon,10
2002-03-26,Café Conillon,EUNAPOLIS,Tipo 7,sc 60 kg,"48,00",48.0,Café Conillon,10
2002-03-26,Café Conillon,EUNAPOLIS,Tipo 7/8,sc 60 kg,"50,00",50.0,Café Conillon,10
2002-03-27,Café Conillon,EUNAPOLIS,Tipo 7,sc 60 kg,"48,00",48.0,Café Conillon,10
2002-03-27,Café Conillon,EUNAPOLIS,Tipo 7/8,sc 60 kg,"50,00",50.0,Café Conillon,10
2002-03-28,Café Conillon,EUNAPOLIS,Tipo 7,sc 60 kg,"48,00",48.0,Café Conillon,10
2002-03-28,Café Conillon,EUNAPOLIS,Tipo 7/8,sc 60 kg,"50,00",50.0,Café Conillon,10
2002-03-29,Café Conillon,EUNAPOLIS,Tipo 7,sc 60 kg,"48,00",48.0,Café Conillon,10
2002-03-29,Café Conillon,EUNAPOLIS,Tipo 7/8,sc 60 kg,"50,00",50.0,Café Conillon,10
2002-04-01,Café Conillon,EUNAPOLIS,Tipo 7,sc 60 kg,"51,00",51.0,Café Conillon,10
2002-04-01,Café Conillon,EUNAPOLIS,Tipo 7/8,sc 60 kg,"53,00",53.0,Café Conillon,10
2002-04-02,Café Conillon,EUNAPOLIS,Tipo 7,sc 60 kg,"51,00",51.0,Café Conillon,10
2002-04-02,Café Conillon,EUNAPOLIS,Tipo 7/8,sc 60 kg,"53,00",53.0,Café Conillon,10
2002-04-03,Café Conillon,EUNAPOLIS,Tipo 7,sc 60 kg,"51,00",51.0,Café Conillon,10
2002-04-03,Café Conillon,EUNAPOLIS,Tipo 7/8,sc 60 kg,"53,00",53.0,Café Conillon,10
2002-04-04,Café Conillon,EUNAPOLIS,Tipo 7,sc 60 kg,"51,00",51.0,Café Conillon,10
2002-04-04,Café Conillon,EUNAPOLIS,Tipo 7/8,sc 60 kg,"53,00",53.0,Café Conillon,10
2002-04-05,Café Conillon,EUNAPOLIS,Tipo 7,sc 60 kg,"50,00",50.0,Café Conillon,10
2002-04-05,Café Conillon,EUNAPOLIS,Tipo 7/8,sc 60 kg,"52,00",52.0,Café Conillon,10
2002-04-08,Café Conillon,EUNAPOLIS,Tipo 7,sc 60 kg,"50,00",50.0,Café Conillon,10
2002-04-08,Café Conillon,EUNAPOLIS,Tipo 7/8,sc 60 kg,"52,00",52.0,Café Conillon,10
2002-04-09,Café Conillon,EUNAPOLIS,Tipo 7,sc 60 kg,"50,00",50.0,Café Conillon,10
2002-04-09,Café Conillon,EUNAPOLIS,Tipo 7/8,sc 60 kg,"52,00",52.0,Café Conillon,10
2002-04-10,Café Conillon,EUNAPOLIS,Tipo 7,sc 60 kg,"50,00",50.0,Café Conillon,10
2002-04-10,Café Conillon,EUNAPOLIS,Tipo 7/8,sc 60 kg,"52,00",52.0,Café Conillon,10
2002-04-11,Café Conillon,EUNAPOLIS,Tipo 7,sc 60 kg,"50,00",50.0,Café Conillon,10
2002-04-11,Café Conillon,EUNAPOLIS,Tipo 7/8,sc 60 kg,"52,00",52.0,Café Conillon,10
2002-04-12,Café Conillon,EUNAPOLIS,Tipo 7,sc 60 kg,"50,00",50.0,Café Conillon,10
2002-04-12,Café Conillon,EUNAPOLIS,Tipo 7/8,sc 60 kg,"52,00",52.0,Café Conillon,10
2002-04-15,Café Conillon,EUNAPOLIS,Tipo 7,sc 60 kg,"48,00",48.0,Café Conillon,10
2002-04-15,Café Conillon,EUNAPOLIS,Tipo 7/8,sc 60 kg,"50,00",50.0,Café Conillon,10
2002-04-16,Café Conillon,EUNAPOLIS,Tipo 7,sc 60 kg,"48,00",48.0,Café Conillon,10
2002-04-16,Café Conillon,EUNAPOLIS,Tipo 7/8,sc 60 kg,"50,00",50.0,Café Conillon,10
2002-04-17,Café Conillon,EUNAPOLIS,Tipo 7,sc 60 kg,"48,00",48.0,Café Conillon,10
2002-04-17,Café Conillon,EUNAPOLIS,Tipo 7/8,sc 60 kg,"50,00",50.0,Café Conillon,10
2002-04-18,Café Conillon,EUNAPOLIS,Tipo 7,sc 60 kg,"48,00",48.0,Café Conillon,10
2002-04-18,Café Conillon,EUNAPOLIS,Tipo 7/8,sc 60 kg,"50,00",50.0,Café Conillon,10
2002-04-19,Café Conillon,EUNAPOLIS,Tipo 7,sc 60 kg,"48,00",48.0,Café Conillon,10
2002-04-19,Café Conillon,EUNAPOLIS,Tipo 7/8,sc 60 kg,"50,00",50.0,Café Conillon,10
2002-04-22,Café Conillon,EUNAPOLIS,Tipo 7,sc 60 kg,"48,00",48.0,Café Conillon,10
2002-04-22,Café Conillon,EUNAPOLIS,Tipo 7/8,sc 60 kg,"50,00",50.0,Café Conillon,10
2002-04-23,Café Conillon,EUNAPOLIS,Tipo 7,sc 60 kg,"48,00",48.0,Café Conillon,10
2002-04-23,Café Conillon,EUNAPOLIS,Tipo 7/8,sc 60 kg,"50,00",50.0,Café Conillon,10
2002-04-24,Café Conillon,EUNAPOLIS,Tipo 7,sc 60 kg,"48,00",48.0,Café Conillon,10
2002-04-24,Café Conillon,EUNAPOLIS,Tipo 7/8,sc 60 kg,"50,00",50.0,Café Conillon,10
2002-04-25,Café Conillon,EUNAPOLIS,Tipo 7,sc 60 kg,"48,00",48.0,Café Conillon,10
2002-04-25,Café Conillon,EUNAPOLIS,Tipo 7/8,sc 60 kg,"50,00",50.0,Café Conillon,10
2002-04-26,Café Conillon,EUNAPOLIS,Tipo 7,sc 60 kg,"48,00",48.0,Café Conillon,10
2002-04-26,Café Conillon,EUNAPOLIS,Tipo 7/8,sc 60 kg,"50,00",50.0,Café Conillon,10
2002-04-29,Café Conillon,EUNAPOLIS,Tipo 7,sc 60 kg,"48,00",48.0,Café Conillon,10
2002-04-29,Café Conillon,EUNAPOLIS,Tipo 7/8,sc 60 kg,"50,00",50.0,Café Conillon,10
2002-04-30,Café Conillon,EUNAPOLIS,Tipo 7,sc 60 kg,"48,00",48.0,Café Conillon,10
2002-04-30,Café Conillon,EUNAPOLIS,Tipo 7/8,sc 60 kg,"50,00",50.0,Café Conillon,10
2002-05-01,Café Conillon,EUNAPOLIS,Tipo 7,sc 60 kg,"48,00",48.0,Café Conillon,10
2002-05-01,Café Conillon,EUNAPOLIS,Tipo 7/8,sc 60 kg,"50,00",50.0,Café Conillon,10
2002-05-02,Café Conillon,EUNAPOLIS,Tipo 7,sc 60 kg,"48,00",48.0,Café Conillon,10
2002-05-02,Café Conillon,EUNAPOLIS,Tipo 7/8,sc 60 kg,"50,00",50.0,Café Conillon,10
2002-05-03,Café Conillon,EUNAPOLIS,Tipo 7,sc 60 kg,"48,00",48.0,Café Conillon,10
2002-05-03,Café Conillon,EUNAPOLIS,Tipo 7/8,sc 60 kg,"50,00",50.0,Café Conillon,10
2002-05-06,Café Conillon,EUNAPOLIS,Tipo 7,sc 60 kg,"48,00",48.0,Café Conillon,10
2002-05-06,Café Conillon,EUNAPOLIS,Tipo 7/8,sc 60 kg,"50,00",50.0,Café Conillon,10
2002-05-07,Café Conillon,EUNAPOLIS,Tipo 7,sc 60 kg,"48,00",48.0,Café Conillon,10
2002-05-07,Café Conillon,EUNAPOLIS,Tipo 7/8,sc 60 kg,"50,00",50.0,Café Conillon,10
2002-05-08,Café Conillon,EUNAPOLIS,Tipo 7,sc 60 kg,"48,00",48.0,Café Conillon,10
2002-05-08,Café Conillon,EUNAPOLIS,Tipo 7/8,sc 60 kg,"50,00",50.0,Café Conillon,10
2002-05-09,Café Conillon,EUNAPOLIS,Tipo 7,sc 60 kg,"48,00",48.0,Café Conillon,10
2002-05-09,Café Conillon,EUNAPOLIS,Tipo 7/8,sc 60 kg,"50,00",50.0,Café Conillon,10
2002-05-10,Café Conillon,EUNAPOLIS,Tipo 7,sc 60 kg,"50,00",50.0,Café Conillon,10
2002-05-10,Café Conillon,EUNAPOLIS,Tipo 7/8,sc 60 kg,"52,00",52.0,Café Conillon,10
2002-05-13,Café Conillon,EUNAPOLIS,Tipo 7,sc 60 kg,"50,00",50.0,Café Conillon,10
2002-05-13,Café Conillon,EUNAPOLIS,Tipo 7/8,sc 60 kg,"52,00",52.0,Café Conillon,10
2002-05-14,Café Conillon,EUNAPOLIS,Tipo 7,sc 60 kg,"50,00",50.0,Café Conillon,10
2002-05-14,Café Conillon,EUNAPOLIS,Tipo 7/8,sc 60 kg,"52,00",52.0,Café Conillon,10
2002-05-15,Café Conillon,EUNAPOLIS,Tipo 7,sc 60 kg,"50,00",50.0,Café Conillon,10
2002-05-15,Café Conillon,EUNAPOLIS,Tipo 7/8,sc 60 kg,"52,00",52.0,Café Conillon,10
2002-05-16,Café Conillon,EUNAPOLIS,Tipo 7,sc 60 kg,"50,00",50.0,Café Conillon,10
2002-05-16,Café Conillon,EUNAPOLIS,Tipo 7/8,sc 60 kg,"52,00",52.0,Café Conillon,10
2002-05-17,Café Conillon,EUNAPOLIS,Tipo 7,sc 60 kg,"50,00",50.0,Café Conillon,10
2002-05-17,Café Conillon,EUNAPOLIS,Tipo 7/8,sc 60 kg,"52,00",52.0,Café Conillon,10
2002-05-20,Café Conillon,EUNAPOLIS,Tipo 7,sc 60 kg,"50,00",50.0,Café Conillon,10
2002-05-20,Café Conillon,EUNAPOLIS,Tipo 7/8,sc 60 kg,"52,00",52.0,Café Conillon,10
2002-05-21,Café Conillon,EUNAPOLIS,Tipo 7,sc 60 kg,"50,00",50.0,Café Conillon,10
2002-05-21,Café Conillon,EUNAPOLIS,Tipo 7/8,sc 60 kg,"52,00",52.0,Café Conillon,10
2002-05-22,Café Conillon,EUNAPOLIS,Tipo 7,sc 60 kg,"50,00",50.0,Café Conillon,10
2002-05-22,Café Conillon,EUNAPOLIS,Tipo 7/8,sc 60 kg,"52,00",52.0,Café Conillon,10
2002-05-23,Café Conillon,EUNAPOLIS,Tipo 7,sc 60 kg,"50,00",50.0,Café Conillon,10
2002-05-23,Café Conillon,EUNAPOLIS,Tipo 7/8,sc 60 kg,"52,00",52.0,Café Conillon,10
2002-05-24,Café Conillon,EUNAPOLIS,Tipo 7,sc 60 kg,"53,00",53.0,Café Conillon,10
2002-05-24,Café Conillon,EUNAPOLIS,Tipo 7/8,sc 60 kg,"55,00",55.0,Café Conillon,10
2002-05-27,Café Conillon,EUNAPOLIS,Tipo 7,sc 60 kg,"53,00",53.0,Café Conillon,10
2002-05-27,Café Conillon,EUNAPOLIS,Tipo 7/8,sc 60 kg,"55,00",55.0,Café Conillon,10
2002-05-28,Café Conillon,EUNAPOLIS,Tipo 7,sc 60 kg,"53,00",53.0,Café Conillon,10
2002-05-28,Café Conillon,EUNAPOLIS,Tipo 7/8,sc 60 kg,"55,00",55.0,Café Conillon,10
2002-05-29,Café Conillon,EUNAPOLIS,Tipo 7,sc 60 kg,"53,00",53.0,Café Conillon,10
2002-05-29,Café Conillon,EUNAPOLIS,Tipo 7/8,sc 60 kg,"55,00",55.0,Café Conillon,10
2002-05-30,Café Conillon,EUNAPOLIS,Tipo 7,sc 60 kg,"53,00",53.0,Café Conillon,10
2002-05-30,Café Conillon,EUNAPOLIS,Tipo 7/8,sc 60 kg,"55,00",55.0,Café Conillon,10
2002-05-31,Café Conillon,EUNAPOLIS,Tipo 7,sc 60 kg,"53,00",53.0,Café Conillon,10
2002-05-31,Café Conillon,EUNAPOLIS,Tipo 7/8,sc 60 kg,"55,00",55.0,Café Conillon,10
2002-06-03,Café Conillon,EUNAPOLIS,Tipo 7,sc 60 kg,"53,00",53.0,Café Conillon,10
2002-06-03,Café Conillon,EUNAPOLIS,Tipo 7/8,sc 60 kg,"55,00",55.0,Café Conillon,10
2002-06-04,Café Conillon,EUNAPOLIS,Tipo 7,sc 60 kg,"53,00",53.0,Café Conillon,10
2002-06-04,Café Conillon,EUNAPOLIS,Tipo 7/8,sc 60 kg,"55,00",55.0,Café Conillon,10
2002-06-05,Café Conillon,EUNAPOLIS,Tipo 7,sc 60 kg,"53,00",53.0,Café Conillon,10
2002-06-05,Café Conillon,EUNAPOLIS,Tipo 7/8,sc 60 kg,"55,00",55.0,Café Conillon,10
2002-06-06,Café Conillon,EUNAPOLIS,Tipo 7,sc 60 kg,"53,00",53.0,Café Conillon,10
2002-06-06,Café Conillon,EUNAPOLIS,Tipo 7/8,sc 60 kg,"55,00",55.0,Café Conillon,10
2002-06-07,Café Conillon,EUNAPOLIS,Tipo 7,sc 60 kg,"54,00",54.0,Café Conillon,10
2002-06-07,Café Conillon,EUNAPOLIS,Tipo 7/8,sc 60 kg,"56,00",56.0,Café Conillon,10
2002-06-10,Café Conillon,EUNAPOLIS,Tipo 7,sc 60 kg,"54,00",54.0,Café Conillon,10
2002-06-10,Café Conillon,EUNAPOLIS,Tipo 7/8,sc 60 kg,"56,00",56.0,Café Conillon,10
2002-06-11,Café Conillon,EUNAPOLIS,Tipo 7,sc 60 kg,"54,00",54.0,Café Conillon,10
2002-06-11,Café Conillon,EUNAPOLIS,Tipo 7/8,sc 60 kg,"56,00",56.0,Café Conillon,10
2002-06-12,Café Conillon,EUNAPOLIS,Tipo 7,sc 60 kg,"54,00",54.0,Café Conillon,10
2002-06-12,Café Conillon,EUNAPOLIS,Tipo 7/8,sc 60 kg,"56,00",56.0,Café Conillon,10
2002-06-13,Café Conillon,EUNAPOLIS,Tipo 7,sc 60 kg,"56,00",56.0,Café Conillon,10
2002-06-13,Café Conillon,EUNAPOLIS,Tipo 7/8,sc 60 kg,"58,00",58.0,Café Conillon,10
2002-06-14,Café Conillon,EUNAPOLIS,Tipo 7,sc 60 kg,"56,00",56.0,Café Conillon,10
2002-06-14,Café Conillon,EUNAPOLIS,Tipo 7/8,sc 60 kg,"58,00",58.0,Café Conillon,10
2002-06-17,Café Conillon,EUNAPOLIS,Tipo 7,sc 60 kg,"56,00",56.0,Café Conillon,10
2002-06-17,Café Conillon,EUNAPOLIS,Tipo 7/8,sc 60 kg,"58,00",58.0,Café Conillon,10
2002-06-18,Café Conillon,EUNAPOLIS,Tipo 7,sc 60 kg,"56,00",56.0,Café Conillon,10
2002-06-18,Café Conillon,EUNAPOLIS,Tipo 7/8,sc 60 kg,"58,00",58.0,Café Conillon,10
2002-06-19,Café Conillon,EUNAPOLIS,Tipo 7,sc 60 kg,"56,00",56.0,Café Conillon,10
2002-06-19,Café Conillon,EUNAPOLIS,Tipo 7/8,sc 60 kg,"58,00",58.0,Café Conillon,10
2002-06-20,Café Conillon,EUNAPOLIS,Tipo 7,sc 60 kg,"56,00",56.0,Café Conillon,10
2002-06-20,Café Conillon,EUNAPOLIS,Tipo 7/8,sc 60 kg,"58,00",58.0,Café Conillon,10
2002-06-21,Café Conillon,EUNAPOLIS,Tipo 7,sc 60 kg,"56,00",56.0,Café Conillon,10
2002-06-21,Café Conillon,EUNAPOLIS,Tipo 7/8,sc 60 kg,"58,00",58.0,Café Conillon,10
2002-06-24,Café Conillon,EUNAPOLIS,Tipo 7,sc 60 kg,"56,00",56.0,Café Conillon,10
2002-06-24,Café Conillon,EUNAPOLIS,Tipo 7/8,sc 60 kg,"58,00",58.0,Café Conillon,10
2002-06-25,Café Conillon,EUNAPOLIS,Tipo 7,sc 60 kg,"56,00",56.0,Café Conillon,10
2002-06-25,Café Conillon,EUNAPOLIS,Tipo 7/8,sc 60 kg,"58,00",58.0,Café Conillon,10
2002-06-26,Café Conillon,EUNAPOLIS,Tipo 7,sc 60 kg,"56,00",56.0,Café Conillon,10
2002-06-26,Café Conillon,EUNAPOLIS,Tipo 7/8,sc 60 kg,"58,00",58.0,Café Conillon,10
2002-06-27,Café Conillon,EUNAPOLIS,Tipo 7,sc 60 kg,"56,00",56.0,Café Conillon,10
2002-06-27,Café Conillon,EUNAPOLIS,Tipo 7/8,sc 60 kg,"58,00",58.0,Café Conillon,10
2002-06-28,Café Conillon,EUNAPOLIS,Tipo 7,sc 60 kg,"56,00",56.0,Café Conillon,10
2002-06-28,Café Conillon,EUNAPOLIS,Tipo 7/8,sc 60 kg,"58,00",58.0,Café Conillon,10
2002-07-01,Café Conillon,EUNAPOLIS,Tipo 7,sc 60 kg,"56,00",56.0,Café Conillon,10
2002-07-01,Café Conillon,EUNAPOLIS,Tipo 7/8,sc 60 kg,"58,00",58.0,Café Conillon,10
2002-07-02,Café Conillon,EUNAPOLIS,Tipo 7,sc 60 kg,"56,00",56.0,Café Conillon,10
2002-07-02,Café Conillon,EUNAPOLIS,Tipo 7/8,sc 60 kg,"58,00",58.0,Café Conillon,10
2002-07-03,Café Conillon,EUNAPOLIS,Tipo 7,sc 60 kg,"60,00",60.0,Café Conillon,10
2002-07-03,Café Conillon,EUNAPOLIS,Tipo 7/8,sc 60 kg,"62,00",62.0,Café Conillon,10
2002-07-04,Café Conillon,EUNAPOLIS,Tipo 7,sc 60 kg,"60,00",60.0,Café Conillon,10
2002-07-04,Café Conillon,EUNAPOLIS,Tipo 7/8,sc 60 kg,"62,00",62.0,Café Conillon,10
2002-07-05,Café Conillon,EUNAPOLIS,Tipo 7,sc 60 kg,"60,00",60.0,Café Conillon,10
2002-07-05,Café Conillon,EUNAPOLIS,Tipo 7/8,sc 60 kg,"62,00",62.0,Café Conillon,10
2002-07-08,Café Conillon,EUNAPOLIS,Tipo 7,sc 60 kg,"60,00",60.0,Café Conillon,10
2002-07-08,Café Conillon,EUNAPOLIS,Tipo 7/8,sc 60 kg,"62,00",62.0,Café Conillon,10
2002-07-09,Café Conillon,EUNAPOLIS,Tipo 7,sc 60 kg,"60,00",60.0,Café Conillon,10
2002-07-09,Café Conillon,EUNAPOLIS,Tipo 7/8,sc 60 kg,"62,00",62.0,Café Conillon,10
2002-07-10,Café Conillon,EUNAPOLIS,Tipo 7,sc 60 kg,"60,00",60.0,Café Conillon,10
2002-07-10,Café Conillon,EUNAPOLIS,Tipo 7/8,sc 60 kg,"62,00",62.0,Café Conillon,10
2002-07-11,Café Conillon,EUNAPOLIS,Tipo 7,sc 60 kg,"60,00",60.0,Café Conillon,10
2002-07-11,Café Conillon,EUNAPOLIS,Tipo 7/8,sc 60 kg,"62,00",62.0,Café Conillon,10
2002-07-12,Café Conillon,EUNAPOLIS,Tipo 7,sc 60 kg,"61,00",61.0,Café Conillon,10
2002-07-12,Café Conillon,EUNAPOLIS,Tipo 7/8,sc 60 kg,"63,00",63.0,Café Conillon,10
2002-07-15,Café Conillon,EUNAPOLIS,Tipo 7,sc 60 kg,"61,00",61.0,Café Conillon,10
2002-07-15,Café Conillon,EUNAPOLIS,Tipo 7/8,sc 60 kg,"63,00",63.0,Café Conillon,10
2002-07-16,Café Conillon,EUNAPOLIS,Tipo 7,sc 60 kg,"61,00",61.0,Café Conillon,10
2002-07-16,Café Conillon,EUNAPOLIS,Tipo 7/8,sc 60 kg,"63,00",63.0,Café Conillon,10
2002-07-17,Café Conillon,EUNAPOLIS,Tipo 7,sc 60 kg,"61,00",61.0,Café Conillon,10
2002-07-17,Café Conillon,EUNAPOLIS,Tipo 7/8,sc 60 kg,"63,00",63.0,Café Conillon,10
2002-07-18,Café Conillon,EUNAPOLIS,Tipo 7,sc 60 kg,"61,00",61.0,Café Conillon,10
2002-07-18,Café Conillon,EUNAPOLIS,Tipo 7/8,sc 60 kg,"63,00",63.0,Café Conillon,10
2002-07-19,Café Conillon,EUNAPOLIS,Tipo 7,sc 60 kg,"62,00",62.0,Café Conillon,10
2002-07-19,Café Conillon,EUNAPOLIS,Tipo 7/8,sc 60 kg,"64,00",64.0,Café Conillon,10
2002-07-22,Café Conillon,EUNAPOLIS,Tipo 7,sc 60 kg,"62,00",62.0,Café Conillon,10
2002-07-22,Café Conillon,EUNAPOLIS,Tipo 7/8,sc 60 kg,"64,00",64.0,Café Conillon,10
2002-07-23,Café Conillon,EUNAPOLIS,Tipo 7,sc 60 kg,"62,00",62.0,Café Conillon,10
2002-07-23,Café Conillon,EUNAPOLIS,Tipo 7/8,sc 60 kg,"64,00",64.0,Café Conillon,10
2002-07-24,Café Conillon,EUNAPOLIS,Tipo 7,sc 60 kg,"62,00",62.0,Café Conillon,10
2002-07-24,Café Conillon,EUNAPOLIS,Tipo 7/8,sc 60 kg,"64,00",64.0,Café Conillon,10
2002-07-25,Café Conillon,EUNAPOLIS,Tipo 7,sc 60 kg,"62,00",62.0,Café Conillon,10
2002-07-25,Café Conillon,EUNAPOLIS,Tipo 7/8,sc 60 kg,"64,00",64.0,Café Conillon,10
2002-07-26,Café Conillon,EUNAPOLIS,Tipo 7,sc 60 kg,"62,00",62.0,Café Conillon,10
2002-07-26,Café Conillon,EUNAPOLIS,Tipo 7/8,sc 60 kg,"64,00",64.0,Café Conillon,10
2002-07-29,Café Conillon,EUNAPOLIS,Tipo 7,sc 60 kg,"62,00",62.0,Café Conillon,10
2002-07-29,Café Conillon,EUNAPOLIS,Tipo 7/8,sc 60 kg,"64,00",64.0,Café Conillon,10
2002-07-30,Café Conillon,EUNAPOLIS,Tipo 7,sc 60 kg,"62,00",62.0,Café Conillon,10
2002-07-30,Café Conillon,EUNAPOLIS,Tipo 7/8,sc 60 kg,"64,00",64.0,Café Conillon,10
2002-07-31,Café Conillon,EUNAPOLIS,Tipo 7,sc 60 kg,"62,00",62.0,Café Conillon,10
2002-07-31,Café Conillon,EUNAPOLIS,Tipo 7/8,sc 60 kg,"64,00",64.0,Café Conillon,10
2002-08-01,Café Conillon,EUNAPOLIS,Tipo 7,sc 60 kg,"62,00",62.0,Café Conillon,10
2002-08-01,Café Conillon,EUNAPOLIS,Tipo 7/8,sc 60 kg,"64,00",64.0,Café Conillon,10
2002-08-02,Café Conillon,EUNAPOLIS,Tipo 7,sc 60 kg,"62,00",62.0,Café Conillon,10
2002-08-02,Café Conillon,EUNAPOLIS,Tipo 7/8,sc 60 kg,"64,00",64.0,Café Conillon,10
2002-08-05,Café Conillon,EUNAPOLIS,Tipo 7,sc 60 kg,"62,00",62.0,Café Conillon,10
2002-08-05,Café Conillon,EUNAPOLIS,Tipo 7/8,sc 60 kg,"64,00",64.0,Café Conillon,10
2002-08-06,Café Conillon,EUNAPOLIS,Tipo 7,sc 60 kg,"62,00",62.0,Café Conillon,10
2002-08-06,Café Conillon,EUNAPOLIS,Tipo 7/8,sc 60 kg,"64,00",64.0,Café Conillon,10
2002-08-07,Café Conillon,EUNAPOLIS,Tipo 7,sc 60 kg,"62,00",62.0,Café Conillon,10
2002-08-07,Café Conillon,EUNAPOLIS,Tipo 7/8,sc 60 kg,"64,00",64.0,Café Conillon,10
2002-08-08,Café Conillon,EUNAPOLIS,Tipo 7,sc 60 kg,"62,00",62.0,Café Conillon,10
2002-08-08,Café Conillon,EUNAPOLIS,Tipo 7/8,sc 60 kg,"64,00",64.0,Café Conillon,10
2002-08-09,Café Conillon,EUNAPOLIS,Tipo 7,sc 60 kg,"62,00",62.0,Café Conillon,10
2002-08-09,Café Conillon,EUNAPOLIS,Tipo 7/8,sc 60 kg,"64,00",64.0,Café Conillon,10
2002-08-12,Café Conillon,EUNAPOLIS,Tipo 7,sc 60 kg,"62,00",62.0,Café Conillon,10
2002-08-12,Café Conillon,EUNAPOLIS,Tipo 7/8,sc 60 kg,"64,00",64.0,Café Conillon,10
2002-08-13,Café Conillon,EUNAPOLIS,Tipo 7,sc 60 kg,"62,00",62.0,Café Conillon,10
2002-08-13,Café Conillon,EUNAPOLIS,Tipo 7/8,sc 60 kg,"64,00",64.0,Café Conillon,10
2002-08-14,Café Conillon,EUNAPOLIS,Tipo 7,sc 60 kg,"62,00",62.0,Café Conillon,10
2002-08-14,Café Conillon,EUNAPOLIS,Tipo 7/8,sc 60 kg,"64,00",64.0,Café Conillon,10
2002-08-15,Café Conillon,EUNAPOLIS,Tipo 7,sc 60 kg,"62,00",62.0,Café Conillon,10
2002-08-15,Café Conillon,EUNAPOLIS,Tipo 7/8,sc 60 kg,"64,00",64.0,Café Conillon,10
2002-08-16,Café Conillon,EUNAPOLIS,Tipo 7,sc 60 kg,"61,00",61.0,Café Conillon,10
2002-08-16,Café Conillon,EUNAPOLIS,Tipo 7/8,sc 60 kg,"63,00",63.0,Café Conillon,10
2002-08-19,Café Conillon,EUNAPOLIS,Tipo 7,sc 60 kg,"61,00",61.0,Café Conillon,10
2002-08-19,Café Conillon,EUNAPOLIS,Tipo 7/8,sc 60 kg,"63,00",63.0,Café Conillon,10
2002-08-20,Café Conillon,EUNAPOLIS,Tipo 7,sc 60 kg,"61,00",61.0,Café Conillon,10
2002-08-20,Café Conillon,EUNAPOLIS,Tipo 7/8,sc 60 kg,"63,00",63.0,Café Conillon,10
2002-08-21,Café Conillon,EUNAPOLIS,Tipo 7,sc 60 kg,"61,00",61.0,Café Conillon,10
2002-08-21,Café Conillon,EUNAPOLIS,Tipo 7/8,sc 60 kg,"63,00",63.0,Café Conillon,10
2002-08-22,Café Conillon,EUNAPOLIS,Tipo 7,sc 60 kg,"61,00",61.0,Café Conillon,10
2002-08-22,Café Conillon,EUNAPOLIS,Tipo 7/8,sc 60 kg,"63,00",63.0,Café Conillon,10
2002-08-23,Café Conillon,EUNAPOLIS,Tipo 7,sc 60 kg,"63,00",63.0,Café Conillon,10
2002-08-23,Café Conillon,EUNAPOLIS,Tipo 7/8,sc 60 kg,"65,00",65.0,Café Conillon,10
2002-08-26,Café Conillon,EUNAPOLIS,Tipo 7,sc 60 kg,"63,00",63.0,Café Conillon,10
2002-08-26,Café Conillon,EUNAPOLIS,Tipo 7/8,sc 60 kg,"65,00",65.0,Café Conillon,10
2002-08-27,Café Conillon,EUNAPOLIS,Tipo 7,sc 60 kg,"63,00",63.0,Café Conillon,10
2002-08-27,Café Conillon,EUNAPOLIS,Tipo 7/8,sc 60 kg,"65,00",65.0,Café Conillon,10
2002-08-28,Café Conillon,EUNAPOLIS,Tipo 7,sc 60 kg,"66,00",66.0,Café Conillon,10
2002-08-28,Café Conillon,EUNAPOLIS,Tipo 7/8,sc 60 kg,"68,00",68.0,Café Conillon,10
2002-08-29,Café Conillon,EUNAPOLIS,Tipo 7,sc 60 kg,"66,00",66.0,Café Conillon,10
2002-08-29,Café Conillon,EUNAPOLIS,Tipo 7/8,sc 60 kg,"68,00",68.0,Café Conillon,10
2002-08-30,Café Conillon,EUNAPOLIS,Tipo 7,sc 60 kg,"66,00",66.0,Café Conillon,10
2002-08-30,Café Conillon,EUNAPOLIS,Tipo 7/8,sc 60 kg,"68,00",68.0,Café Conillon,10
2002-09-02,Café Conillon,EUNAPOLIS,Tipo 7,sc 60 kg,"66,00",66.0,Café Conillon,10
2002-09-02,Café Conillon,EUNAPOLIS,Tipo 7/8,sc 60 kg,"68,00",68.0,Café Conillon,10
2002-09-03,Café Conillon,EUNAPOLIS,Tipo 7,sc 60 kg,"66,00",66.0,Café Conillon,10
2002-09-03,Café Conillon,EUNAPOLIS,Tipo 7/8,sc 60 kg,"68,00",68.0,Café Conillon,10
2002-09-04,Café Conillon,EUNAPOLIS,Tipo 7,sc 60 kg,"66,00",66.0,Café Conillon,10
2002-09-04,Café Conillon,EUNAPOLIS,Tipo 7/8,sc 60 kg,"68,00",68.0,Café Conillon,10
2002-09-05,Café Conillon,EUNAPOLIS,Tipo 7,sc 60 kg,"66,00",66.0,Café Conillon,10
2002-09-05,Café Conillon,EUNAPOLIS,Tipo 7/8,sc 60 kg,"68,00",68.0,Café Conillon,10
2002-09-06,Café Conillon,EUNAPOLIS,Tipo 7,sc 60 kg,"66,00",66.0,Café Conillon,10
2002-09-06,Café Conillon,EUNAPOLIS,Tipo 7/8,sc 60 kg,"68,00",68.0,Café Conillon,10
2002-09-09,Café Conillon,EUNAPOLIS,Tipo 7,sc 60 kg,"66,00",66.0,Café Conillon,10
2002-09-09,Café Conillon,EUNAPOLIS,Tipo 7/8,sc 60 kg,"68,00",68.0,Café Conillon,10
2002-09-10,Café Conillon,EUNAPOLIS,Tipo 7,sc 60 kg,"66,00",66.0,Café Conillon,10
2002-09-10,Café Conillon,EUNAPOLIS,Tipo 7/8,sc 60 kg,"68,00",68.0,Café Conillon,10
2002-09-11,Café Conillon,EUNAPOLIS,Tipo 7,sc 60 kg,"78,00",78.0,Café Conillon,10
2002-09-11,Café Conillon,EUNAPOLIS,Tipo 7/8,sc 60 kg,"80,00",80.0,Café Conillon,10
2002-09-12,Café Conillon,EUNAPOLIS,Tipo 7,sc 60 kg,"78,00",78.0,Café Conillon,10
2002-09-12,Café Conillon,EUNAPOLIS,Tipo 7/8,sc 60 kg,"80,00",80.0,Café Conillon,10
2002-09-13,Café Conillon,EUNAPOLIS,Tipo 7,sc 60 kg,"83,00",83.0,Café Conillon,10
2002-09-13,Café Conillon,EUNAPOLIS,Tipo 7/8,sc 60 kg,"85,00",85.0,Café Conillon,10
2002-09-16,Café Conillon,EUNAPOLIS,Tipo 7,sc 60 kg,"88,00",88.0,Café Conillon,10
2002-09-16,Café Conillon,EUNAPOLIS,Tipo 7/8,sc 60 kg,"90,00",90.0,Café Conillon,10
2002-09-17,Café Conillon,EUNAPOLIS,Tipo 7,sc 60 kg,"88,00",88.0,Café Conillon,10
2002-09-17,Café Conillon,EUNAPOLIS,Tipo 7/8,sc 60 kg,"90,00",90.0,Café Conillon,10
2002-09-18,Café Conillon,EUNAPOLIS,Tipo 7,sc 60 kg,"88,00",88.0,Café Conillon,10
2002-09-18,Café Conillon,EUNAPOLIS,Tipo 7/8,sc 60 kg,"90,00",90.0,Café Conillon,10
2002-09-19,Café Conillon,EUNAPOLIS,Tipo 7,sc 60 kg,"88,00",88.0,Café Conillon,10
2002-09-19,Café Conillon,EUNAPOLIS,Tipo 7/8,sc 60 kg,"90,00",90.0,Café Conillon,10
2002-09-20,Café Conillon,EUNAPOLIS,Tipo 7,sc 60 kg,"83,00",83.0,Café Conillon,10
2002-09-20,Café Conillon,EUNAPOLIS,Tipo 7/8,sc 60 kg,"85,00",85.0,Café Conillon,10
2002-09-23,Café Conillon,EUNAPOLIS,Tipo 7,sc 60 kg,"83,00",83.0,Café Conillon,10
2002-09-23,Café Conillon,EUNAPOLIS,Tipo 7/8,sc 60 kg,"85,00",85.0,Café Conillon,10
2002-09-24,Café Conillon,EUNAPOLIS,Tipo 7,sc 60 kg,"83,00",83.0,Café Conillon,10
2002-09-24,Café Conillon,EUNAPOLIS,Tipo 7/8,sc 60 kg,"85,00",85.0,Café Conillon,10
2002-09-25,Café Conillon,EUNAPOLIS,Tipo 7,sc 60 kg,"83,00",83.0,Café Conillon,10
2002-09-25,Café Conillon,EUNAPOLIS,Tipo 7/8,sc 60 kg,"85,00",85.0,Café Conillon,10
2002-09-26,Café Conillon,EUNAPOLIS,Tipo 7,sc 60 kg,"83,00",83.0,Café Conillon,10
2002-09-26,Café Conillon,EUNAPOLIS,Tipo 7/8,sc 60 kg,"85,00",85.0,Café Conillon,10
2002-09-27,Café Conillon,EUNAPOLIS,Tipo 7,sc 60 kg,"88,00",88.0,Café Conillon,10
2002-09-27,Café Conillon,EUNAPOLIS,Tipo 7/8,sc 60 kg,"90,00",90.0,Café Conillon,10
2002-09-30,Café Conillon,EUNAPOLIS,Tipo 7,sc 60 kg,"88,00",88.0,Café Conillon,10
2002-09-30,Café Conillon,EUNAPOLIS,Tipo 7/8,sc 60 kg,"90,00",90.0,Café Conillon,10
2002-10-01,Café Conillon,EUNAPOLIS,Tipo 7,sc 60 kg,"93,00",93.0,Café Conillon,10
2002-10-01,Café Conillon,EUNAPOLIS,Tipo 7/8,sc 60 kg,"95,00",95.0,Café Conillon,10
2002-10-02,Café Conillon,EUNAPOLIS,Tipo 7,sc 60 kg,"91,00",91.0,Café Conillon,10
2002-10-02,Café Conillon,EUNAPOLIS,Tipo 7/8,sc 60 kg,"93,00",93.0,Café Conillon,10
2002-10-03,Café Conillon,EUNAPOLIS,Tipo 7,sc 60 kg,"91,00",91.0,Café Conillon,10
2002-10-03,Café Conillon,EUNAPOLIS,Tipo 7/8,sc 60 kg,"93,00",93.0,Café Conillon,10
2002-10-04,Café Conillon,EUNAPOLIS,Tipo 7,sc 60 kg,"91,00",91.0,Café Conillon,10
2002-10-04,Café Conillon,EUNAPOLIS,Tipo 7/8,sc 60 kg,"93,00",93.0,Café Conillon,10
2002-10-07,Café Conillon,EUNAPOLIS,Tipo 7,sc 60 kg,"88,00",88.0,Café Conillon,10
2002-10-07,Café Conillon,EUNAPOLIS,Tipo 7/8,sc 60 kg,"90,00",90.0,Café Conillon,10
2002-10-08,Café Conillon,EUNAPOLIS,Tipo 7,sc 60 kg,"88,00",88.0,Café Conillon,10
2002-10-08,Café Conillon,EUNAPOLIS,Tipo 7/8,sc 60 kg,"90,00",90.0,Café Conillon,10
2002-10-09,Café Conillon,EUNAPOLIS,Tipo 7,sc 60 kg,"88,00",88.0,Café Conillon,10
2002-10-09,Café Conillon,EUNAPOLIS,Tipo 7/8,sc 60 kg,"90,00",90.0,Café Conillon,10
2002-10-10,Café Conillon,EUNAPOLIS,Tipo 7,sc 60 kg,"88,00",88.0,Café Conillon,10
2002-10-10,Café Conillon,EUNAPOLIS,Tipo 7/8,sc 60 kg,"90,00",90.0,Café Conillon,10
2002-10-11,Café Conillon,EUNAPOLIS,Tipo 7,sc 60 kg,"93,00",93.0,Café Conillon,10
2002-10-11,Café Conillon,EUNAPOLIS,Tipo 7/8,sc 60 kg,"95,00",95.0,Café Conillon,10
2002-10-14,Café Conillon,EUNAPOLIS,Tipo 7,sc 60 kg,"98,00",98.0,Café Conillon,10
2002-10-14,Café Conillon,EUNAPOLIS,Tipo 7/8,sc 60 kg,"100,00",100.0,Café Conillon,10
2002-10-15,Café Conillon,EUNAPOLIS,Tipo 7,sc 60 kg,"98,00",98.0,Café Conillon,10
2002-10-15,Café Conillon,EUNAPOLIS,Tipo 7/8,sc 60 kg,"100,00",100.0,Café Conillon,10
2002-10-16,Café Conillon,EUNAPOLIS,Tipo 7,sc 60 kg,"100,00",100.0,Café Conillon,10
2002-10-16,Café Conillon,EUNAPOLIS,Tipo 7/8,sc 60 kg,"102,00",102.0,Café Conillon,10
2002-10-17,Café Conillon,EUNAPOLIS,Tipo 7,sc 60 kg,"100,00",100.0,Café Conillon,10
2002-10-17,Café Conillon,EUNAPOLIS,Tipo 7/8,sc 60 kg,"102,00",102.0,Café Conillon,10
2002-10-18,Café Conillon,EUNAPOLIS,Tipo 7,sc 60 kg,"100,00",100.0,Café Conillon,10
2002-10-18,Café Conillon,EUNAPOLIS,Tipo 7/8,sc 60 kg,"102,00",102.0,Café Conillon,10
2002-10-21,Café Conillon,EUNAPOLIS,Tipo 7,sc 60 kg,"100,00",100.0,Café Conillon,10
2002-10-21,Café Conillon,EUNAPOLIS,Tipo 7/8,sc 60 kg,"102,00",102.0,Café Conillon,10
2002-10-22,Café Conillon,EUNAPOLIS,Tipo 7,sc 60 kg,"103,00",103.0,Café Conillon,10
2002-10-22,Café Conillon,EUNAPOLIS,Tipo 7/8,sc 60 kg,"105,00",105.0,Café Conillon,10
2002-10-23,Café Conillon,EUNAPOLIS,Tipo 7,sc 60 kg,"103,00",103.0,Café Conillon,10
2002-10-23,Café Conillon,EUNAPOLIS,Tipo 7/8,sc 60 kg,"105,00",105.0,Café Conillon,10
2002-10-24,Café Conillon,EUNAPOLIS,Tipo 7,sc 60 kg,"103,00",103.0,Café Conillon,10
2002-10-24,Café Conillon,EUNAPOLIS,Tipo 7/8,sc 60 kg,"105,00",105.0,Café Conillon,10
2002-10-25,Café Conillon,EUNAPOLIS,Tipo 7,sc 60 kg,"106,00",106.0,Café Conillon,10
2002-10-25,Café Conillon,EUNAPOLIS,Tipo 7/8,sc 60 kg,"108,00",108.0,Café Conillon,10
2002-10-28,Café Conillon,EUNAPOLIS,Tipo 7,sc 60 kg,"106,00",106.0,Café Conillon,10
2002-10-28,Café Conillon,EUNAPOLIS,Tipo 7/8,sc 60 kg,"108,00",108.0,Café Conillon,10
2002-10-29,Café Conillon,EUNAPOLIS,Tipo 7,sc 60 kg,"106,00",106.0,Café Conillon,10
2002-10-29,Café Conillon,EUNAPOLIS,Tipo 7/8,sc 60 kg,"108,00",108.0,Café Conillon,10
2002-10-30,Café Conillon,EUNAPOLIS,Tipo 7,sc 60 kg,"103,00",103.0,Café Conillon,10
2002-10-30,Café Conillon,EUNAPOLIS,Tipo 7/8,sc 60 kg,"105,00",105.0,Café Conillon,10
2002-10-31,Café Conillon,EUNAPOLIS,Tipo 7,sc 60 kg,"103,00",103.0,Café Conillon,10
2002-10-31,Café Conillon,EUNAPOLIS,Tipo 7/8,sc 60 kg,"105,00",105.0,Café Conillon,10
2002-11-01,Café Conillon,EUNAPOLIS,Tipo 7,sc 60 kg,"103,00",103.0,Café Conillon,10
2002-11-01,Café Conillon,EUNAPOLIS,Tipo 7/8,sc 60 kg,"105,00",105.0,Café Conillon,10
2002-11-04,Café Conillon,EUNAPOLIS,Tipo 7,sc 60 kg,"103,00",103.0,Café Conillon,10
2002-11-04,Café Conillon,EUNAPOLIS,Tipo 7/8,sc 60 kg,"105,00",105.0,Café Conillon,10
2002-11-05,Café Conillon,EUNAPOLIS,Tipo 7,sc 60 kg,"103,00",103.0,Café Conillon,10
2002-11-05,Café Conillon,EUNAPOLIS,Tipo 7/8,sc 60 kg,"105,00",105.0,Café Conillon,10
2002-11-06,Café Conillon,EUNAPOLIS,Tipo 7,sc 60 kg,"103,00",103.0,Café Conillon,10
2002-11-06,Café Conillon,EUNAPOLIS,Tipo 7/8,sc 60 kg,"105,00",105.0,Café Conillon,10
2002-11-07,Café Conillon,EUNAPOLIS,Tipo 7,sc 60 kg,"103,00",103.0,Café Conillon,10
2002-11-07,Café Conillon,EUNAPOLIS,Tipo 7/8,sc 60 kg,"105,00",105.0,Café Conillon,10
2002-11-08,Café Conillon,EUNAPOLIS,Tipo 7,sc 60 kg,"108,00",108.0,Café Conillon,10
2002-11-08,Café Conillon,EUNAPOLIS,Tipo 7/8,sc 60 kg,"110,00",110.0,Café Conillon,10
2002-11-11,Café Conillon,EUNAPOLIS,Tipo 7,sc 60 kg,"108,00",108.0,Café Conillon,10
2002-11-11,Café Conillon,EUNAPOLIS,Tipo 7/8,sc 60 kg,"110,00",110.0,Café Conillon,10
2002-11-12,Café Conillon,EUNAPOLIS,Tipo 7,sc 60 kg,"108,00",108.0,Café Conillon,10
2002-11-12,Café Conillon,EUNAPOLIS,Tipo 7/8,sc 60 kg,"110,00",110.0,Café Conillon,10
2002-11-13,Café Conillon,EUNAPOLIS,Tipo 7,sc 60 kg,"108,00",108.0,Café Conillon,10
2002-11-13,Café Conillon,EUNAPOLIS,Tipo 7/8,sc 60 kg,"110,00",110.0,Café Conillon,10
2002-11-14,Café Conillon,EUNAPOLIS,Tipo 7,sc 60 kg,"108,00",108.0,Café Conillon,10
2002-11-14,Café Conillon,EUNAPOLIS,Tipo 7/8,sc 60 kg,"110,00",110.0,Café Conillon,10
2002-11-15,Café Conillon,EUNAPOLIS,Tipo 7,sc 60 kg,"108,00",108.0,Café Conillon,10
2002-11-15,Café Conillon,EUNAPOLIS,Tipo 7/8,sc 60 kg,"110,00",110.0,Café Conillon,10
2002-11-18,Café Conillon,EUNAPOLIS,Tipo 7,sc 60 kg,"123,00",123.0,Café Conillon,10
2002-11-18,Café Conillon,EUNAPOLIS,Tipo 7/8,sc 60 kg,"125,00",125.0,Café Conillon,10
2002-11-19,Café Conillon,EUNAPOLIS,Tipo 7,sc 60 kg,"123,00",123.0,Café Conillon,10
2002-11-19,Café Conillon,EUNAPOLIS,Tipo 7/8,sc 60 kg,"125,00",125.0,Café Conillon,10
2002-11-20,Café Conillon,EUNAPOLIS,Tipo 7,sc 60 kg,"123,00",123.0,Café Conillon,10
2002-11-20,Café Conillon,EUNAPOLIS,Tipo 7/8,sc 60 kg,"125,00",125.0,Café Conillon,10
2002-11-21,Café Conillon,EUNAPOLIS,Tipo 7,sc 60 kg,"126,00",126.0,Café Conillon,10
2002-11-21,Café Conillon,EUNAPOLIS,Tipo 7/8,sc 60 kg,"128,00",128.0,Café Conillon,10
2002-11-22,Café Conillon,EUNAPOLIS,Tipo 7,sc 60 kg,"126,00",126.0,Café Conillon,10
2002-11-22,Café Conillon,EUNAPOLIS,Tipo 7/8,sc 60 kg,"128,00",128.0,Café Conillon,10
2002-11-25,Café Conillon,EUNAPOLIS,Tipo 7,sc 60 kg,"126,00",126.0,Café Conillon,10
2002-11-25,Café Conillon,EUNAPOLIS,Tipo 7/8,sc 60 kg,"128,00",128.0,Café Conillon,10
2002-11-26,Café Conillon,EUNAPOLIS,Tipo 7,sc 60 kg,"126,00",126.0,Café Conillon,10
2002-11-26,Café Conillon,EUNAPOLIS,Tipo 7/8,sc 60 kg,"128,00",128.0,Café Conillon,10
2002-11-27,Café Conillon,EUNAPOLIS,Tipo 7,sc 60 kg,"126,00",126.0,Café Conillon,10
2002-11-27,Café Conillon,EUNAPOLIS,Tipo 7/8,sc 60 kg,"128,00",128.0,Café Conillon,10
2002-11-28,Café Conillon,EUNAPOLIS,Tipo 7,sc 60 kg,"126,00",126.0,Café Conillon,10
2002-11-28,Café Conillon,EUNAPOLIS,Tipo 7/8,sc 60 kg,"128,00",128.0,Café Conillon,10
2002-11-29,Café Conillon,EUNAPOLIS,Tipo 7,sc 60 kg,"126,00",126.0,Café Conillon,10
2002-11-29,Café Conillon,EUNAPOLIS,Tipo 7/8,sc 60 kg,"128,00",128.0,Café Conillon,10
2002-12-02,Café Conillon,EUNAPOLIS,Tipo 7,sc 60 kg,"126,00",126.0,Café Conillon,10
2002-12-02,Café Conillon,EUNAPOLIS,Tipo 7/8,sc 60 kg,"128,00",128.0,Café Conillon,10
2002-12-03,Café Conillon,EUNAPOLIS,Tipo 7,sc 60 kg,"126,00",126.0,Café Conillon,10
2002-12-03,Café Conillon,EUNAPOLIS,Tipo 7/8,sc 60 kg,"128,00",128.0,Café Conillon,10
2002-12-04,Café Conillon,EUNAPOLIS,Tipo 7,sc 60 kg,"126,00",126.0,Café Conillon,10
2002-12-04,Café Conillon,EUNAPOLIS,Tipo 7/8,sc 60 kg,"128,00",128.0,Café Conillon,10
2002-12-05,Café Conillon,EUNAPOLIS,Tipo 7,sc 60 kg,"133,00",133.0,Café Conillon,10
2002-12-05,Café Conillon,EUNAPOLIS,Tipo 7/8,sc 60 kg,"135,00",135.0,Café Conillon,10
2002-12-06,Café Conillon,EUNAPOLIS,Tipo 7,sc 60 kg,"136,00",136.0,Café Conillon,10
2002-12-06,Café Conillon,EUNAPOLIS,Tipo 7/8,sc 60 kg,"138,00",138.0,Café Conillon,10
2002-12-09,Café Conillon,EUNAPOLIS,Tipo 7,sc 60 kg,"133,00",133.0,Café Conillon,10
2002-12-09,Café Conillon,EUNAPOLIS,Tipo 7/8,sc 60 kg,"135,00",135.0,Café Conillon,10
2002-12-10,Café Conillon,EUNAPOLIS,Tipo 7,sc 60 kg,"133,00",133.0,Café Conillon,10
2002-12-10,Café Conillon,EUNAPOLIS,Tipo 7/8,sc 60 kg,"135,00",135.0,Café Conillon,10
2002-12-11,Café Conillon,EUNAPOLIS,Tipo 7,sc 60 kg,"133,00",133.0,Café Conillon,10
2002-12-11,Café Conillon,EUNAPOLIS,Tipo 7/8,sc 60 kg,"135,00",135.0,Café Conillon,10
2002-12-12,Café Conillon,EUNAPOLIS,Tipo 7,sc 60 kg,"133,00",133.0,Café Conillon,10
2002-12-12,Café Conillon,EUNAPOLIS,Tipo 7/8,sc 60 kg,"135,00",135.0,Café Conillon,10
2002-12-13,Café Conillon,EUNAPOLIS,Tipo 7,sc 60 kg,"126,00",126.0,Café Conillon,10
2002-12-13,Café Conillon,EUNAPOLIS,Tipo 7/8,sc 60 kg,"128,00",128.0,Café Conillon,10
2002-12-16,Café Conillon,EUNAPOLIS,Tipo 7,sc 60 kg,"126,00",126.0,Café Conillon,10
2002-12-16,Café Conillon,EUNAPOLIS,Tipo 7/8,sc 60 kg,"128,00",128.0,Café Conillon,10
2002-12-17,Café Conillon,EUNAPOLIS,Tipo 7,sc 60 kg,"126,00",126.0,Café Conillon,10
2002-12-17,Café Conillon,EUNAPOLIS,Tipo 7/8,sc 60 kg,"128,00",128.0,Café Conillon,10
2002-12-18,Café Conillon,EUNAPOLIS,Tipo 7,sc 60 kg,"130,00",130.0,Café Conillon,10
2002-12-18,Café Conillon,EUNAPOLIS,Tipo 7/8,sc 60 kg,"132,00",132.0,Café Conillon,10
2002-12-19,Café Conillon,EUNAPOLIS,Tipo 7,sc 60 kg,"130,00",130.0,Café Conillon,10
2002-12-19,Café Conillon,EUNAPOLIS,Tipo 7/8,sc 60 kg,"132,00",132.0,Café Conillon,10
2002-12-20,Café Conillon,EUNAPOLIS,Tipo 7,sc 60 kg,"133,00",133.0,Café Conillon,10
2002-12-20,Café Conillon,EUNAPOLIS,Tipo 7/8,sc 60 kg,"135,00",135.0,Café Conillon,10
2002-12-23,Café Conillon,EUNAPOLIS,Tipo 7,sc 60 kg,"133,00",133.0,Café Conillon,10
2002-12-23,Café Conillon,EUNAPOLIS,Tipo 7/8,sc 60 kg,"135,00",135.0,Café Conillon,10
2002-12-24,Café Conillon,EUNAPOLIS,Tipo 7,sc 60 kg,"133,00",133.0,Café Conillon,10
2002-12-24,Café Conillon,EUNAPOLIS,Tipo 7/8,sc 60 kg,"135,00",135.0,Café Conillon,10
2002-12-25,Café Conillon,EUNAPOLIS,Tipo 7,sc 60 kg,"133,00",133.0,Café Conillon,10
2002-12-25,Café Conillon,EUNAPOLIS,Tipo 7/8,sc 60 kg,"135,00",135.0,Café Conillon,10
2002-12-26,Café Conillon,EUNAPOLIS,Tipo 7,sc 60 kg,"133,00",133.0,Café Conillon,10
2002-12-26,Café Conillon,EUNAPOLIS,Tipo 7/8,sc 60 kg,"135,00",135.0,Café Conillon,10
2002-12-27,Café Conillon,EUNAPOLIS,Tipo 7,sc 60 kg,"133,00",133.0,Café Conillon,10
2002-12-27,Café Conillon,EUNAPOLIS,Tipo 7/8,sc 60 kg,"135,00",135.0,Café Conillon,10
2002-12-30,Café Conillon,EUNAPOLIS,Tipo 7,sc 60 kg,"133,00",133.0,Café Conillon,10
2002-12-30,Café Conillon,EUNAPOLIS,Tipo 7/8,sc 60 kg,"135,00",135.0,Café Conillon,10
2002-12-31,Café Conillon,EUNAPOLIS,Tipo 7,sc 60 kg,"133,00",133.0,Café Conillon,10
2002-12-31,Café Conillon,EUNAPOLIS,Tipo 7/8,sc 60 kg,"135,00",135.0,Café Conillon,10
2003-01-01,Café Conillon,EUNAPOLIS,Tipo 7,sc 60 kg,"135,00",135.0,Café Conillon,10
2003-01-01,Café Conillon,EUNAPOLIS,Tipo 7/8,sc 60 kg,"133,00",133.0,Café Conillon,10
2003-01-02,Café Conillon,EUNAPOLIS,Tipo 7,sc 60 kg,"135,00",135.0,Café Conillon,10
2003-01-02,Café Conillon,EUNAPOLIS,Tipo 7/8,sc 60 kg,"133,00",133.0,Café Conillon,10
2003-01-03,Café Conillon,EUNAPOLIS,Tipo 7,sc 60 kg,"135,00",135.0,Café Conillon,10
2003-01-03,Café Conillon,EUNAPOLIS,Tipo 7/8,sc 60 kg,"133,00",133.0,Café Conillon,10
2003-01-06,Café Conillon,EUNAPOLIS,Tipo 7,sc 60 kg,"132,00",132.0,Café Conillon,10
2003-01-06,Café Conillon,EUNAPOLIS,Tipo 7/8,sc 60 kg,"130,00",130.0,Café Conillon,10
2003-01-07,Café Conillon,EUNAPOLIS,Tipo 7,sc 60 kg,"132,00",132.0,Café Conillon,10
2003-01-07,Café Conillon,EUNAPOLIS,Tipo 7/8,sc 60 kg,"130,00",130.0,Café Conillon,10
2003-01-08,Café Conillon,EUNAPOLIS,Tipo 7,sc 60 kg,"132,00",132.0,Café Conillon,10
2003-01-08,Café Conillon,EUNAPOLIS,Tipo 7/8,sc 60 kg,"130,00",130.0,Café Conillon,10
2003-01-09,Café Conillon,EUNAPOLIS,Tipo 7,sc 60 kg,"132,00",132.0,Café Conillon,10
2003-01-09,Café Conillon,EUNAPOLIS,Tipo 7/8,sc 60 kg,"130,00",130.0,Café Conillon,10
2003-01-10,Café Conillon,EUNAPOLIS,Tipo 7,sc 60 kg,"132,00",132.0,Café Conillon,10
2003-01-10,Café Conillon,EUNAPOLIS,Tipo 7/8,sc 60 kg,"130,00",130.0,Café Conillon,10
2003-01-13,Café Conillon,EUNAPOLIS,Tipo 7,sc 60 kg,"132,00",132.0,Café Conillon,10
2003-01-13,Café Conillon,EUNAPOLIS,Tipo 7/8,sc 60 kg,"130,00",130.0,Café Conillon,10
2003-01-14,Café Conillon,EUNAPOLIS,Tipo 7,sc 60 kg,"132,00",132.0,Café Conillon,10
2003-01-14,Café Conillon,EUNAPOLIS,Tipo 7/8,sc 60 kg,"130,00",130.0,Café Conillon,10
2003-01-15,Café Conillon,EUNAPOLIS,Tipo 7,sc 60 kg,"127,00",127.0,Café Conillon,10
2003-01-15,Café Conillon,EUNAPOLIS,Tipo 7/8,sc 60 kg,"125,00",125.0,Café Conillon,10
2003-01-16,Café Conillon,EUNAPOLIS,Tipo 7,sc 60 kg,"127,00",127.0,Café Conillon,10
2003-01-16,Café Conillon,EUNAPOLIS,Tipo 7/8,sc 60 kg,"125,00",125.0,Café Conillon,10
2003-01-17,Café Conillon,EUNAPOLIS,Tipo 7,sc 60 kg,"127,00",127.0,Café Conillon,10
2003-01-17,Café Conillon,EUNAPOLIS,Tipo 7/8,sc 60 kg,"125,00",125.0,Café Conillon,10
2003-01-20,Café Conillon,EUNAPOLIS,Tipo 7,sc 60 kg,"127,00",127.0,Café Conillon,10
2003-01-20,Café Conillon,EUNAPOLIS,Tipo 7/8,sc 60 kg,"125,00",125.0,Café Conillon,10
2003-01-21,Café Conillon,EUNAPOLIS,Tipo 7,sc 60 kg,"127,00",127.0,Café Conillon,10
2003-01-21,Café Conillon,EUNAPOLIS,Tipo 7/8,sc 60 kg,"125,00",125.0,Café Conillon,10
2003-01-22,Café Conillon,EUNAPOLIS,Tipo 7,sc 60 kg,"127,00",127.0,Café Conillon,10
2003-01-22,Café Conillon,EUNAPOLIS,Tipo 7/8,sc 60 kg,"125,00",125.0,Café Conillon,10
2003-01-23,Café Conillon,EUNAPOLIS,Tipo 7,sc 60 kg,"127,00",127.0,Café Conillon,10
2003-01-23,Café Conillon,EUNAPOLIS,Tipo 7/8,sc 60 kg,"125,00",125.0,Café Conillon,10
2003-01-24,Café Conillon,EUNAPOLIS,Tipo 7,sc 60 kg,"145,00",145.0,Café Conillon,10
2003-01-24,Café Conillon,EUNAPOLIS,Tipo 7/8,sc 60 kg,"143,00",143.0,Café Conillon,10
2003-01-27,Café Conillon,EUNAPOLIS,Tipo 7,sc 60 kg,"145,00",145.0,Café Conillon,10
2003-01-27,Café Conillon,EUNAPOLIS,Tipo 7/8,sc 60 kg,"143,00",143.0,Café Conillon,10
2003-01-28,Café Conillon,EUNAPOLIS,Tipo 7,sc 60 kg,"145,00",145.0,Café Conillon,10
2003-01-28,Café Conillon,EUNAPOLIS,Tipo 7/8,sc 60 kg,"143,00",143.0,Café Conillon,10
2003-01-29,Café Conillon,EUNAPOLIS,Tipo 7,sc 60 kg,"145,00",145.0,Café Conillon,10
2003-01-29,Café Conillon,EUNAPOLIS,Tipo 7/8,sc 60 kg,"143,00",143.0,Café Conillon,10
2003-01-30,Café Conillon,EUNAPOLIS,Tipo 7,sc 60 kg,"145,00",145.0,Café Conillon,10
2003-01-30,Café Conillon,EUNAPOLIS,Tipo 7/8,sc 60 kg,"143,00",143.0,Café Conillon,10
2003-01-31,Café Conillon,EUNAPOLIS,Tipo 7,sc 60 kg,"145,00",145.0,Café Conillon,10
2003-01-31,Café Conillon,EUNAPOLIS,Tipo 7/8,sc 60 kg,"143,00",143.0,Café Conillon,10
2003-02-03,Café Conillon,EUNAPOLIS,Tipo 7,sc 60 kg,"145,00",145.0,Café Conillon,10
2003-02-03,Café Conillon,EUNAPOLIS,Tipo 7/8,sc 60 kg,"143,00",143.0,Café Conillon,10
2003-02-04,Café Conillon,EUNAPOLIS,Tipo 7,sc 60 kg,"142,00",142.0,Café Conillon,10
2003-02-04,Café Conillon,EUNAPOLIS,Tipo 7/8,sc 60 kg,"140,00",140.0,Café Conillon,10
2003-02-05,Café Conillon,EUNAPOLIS,Tipo 7,sc 60 kg,"142,00",142.0,Café Conillon,10
2003-02-05,Café Conillon,EUNAPOLIS,Tipo 7/8,sc 60 kg,"140,00",140.0,Café Conillon,10
2003-02-06,Café Conillon,EUNAPOLIS,Tipo 7,sc 60 kg,"142,00",142.0,Café Conillon,10
2003-02-06,Café Conillon,EUNAPOLIS,Tipo 7/8,sc 60 kg,"140,00",140.0,Café Conillon,10
2003-02-07,Café Conillon,EUNAPOLIS,Tipo 7,sc 60 kg,"145,00",145.0,Café Conillon,10
2003-02-07,Café Conillon,EUNAPOLIS,Tipo 7/8,sc 60 kg,"143,00",143.0,Café Conillon,10
2003-02-10,Café Conillon,EUNAPOLIS,Tipo 7,sc 60 kg,"145,00",145.0,Café Conillon,10
2003-02-10,Café Conillon,EUNAPOLIS,Tipo 7/8,sc 60 kg,"143,00",143.0,Café Conillon,10
2003-02-11,Café Conillon,EUNAPOLIS,Tipo 7,sc 60 kg,"145,00",145.0,Café Conillon,10
2003-02-11,Café Conillon,EUNAPOLIS,Tipo 7/8,sc 60 kg,"143,00",143.0,Café Conillon,10
2003-02-12,Café Conillon,EUNAPOLIS,Tipo 7,sc 60 kg,"145,00",145.0,Café Conillon,10
2003-02-12,Café Conillon,EUNAPOLIS,Tipo 7/8,sc 60 kg,"143,00",143.0,Café Conillon,10
2003-02-13,Café Conillon,EUNAPOLIS,Tipo 7,sc 60 kg,"140,00",140.0,Café Conillon,10
2003-02-13,Café Conillon,EUNAPOLIS,Tipo 7/8,sc 60 kg,"138,00",138.0,Café Conillon,10
2003-02-14,Café Conillon,EUNAPOLIS,Tipo 7,sc 60 kg,"140,00",140.0,Café Conillon,10
2003-02-14,Café Conillon,EUNAPOLIS,Tipo 7/8,sc 60 kg,"138,00",138.0,Café Conillon,10
2003-02-17,Café Conillon,EUNAPOLIS,Tipo 7,sc 60 kg,"140,00",140.0,Café Conillon,10
2003-02-17,Café Conillon,EUNAPOLIS,Tipo 7/8,sc 60 kg,"138,00",138.0,Café Conillon,10
2003-02-18,Café Conillon,EUNAPOLIS,Tipo 7,sc 60 kg,"135,00",135.0,Café Conillon,10
2003-02-18,Café Conillon,EUNAPOLIS,Tipo 7/8,sc 60 kg,"133,00",133.0,Café Conillon,10
2003-02-19,Café Conillon,EUNAPOLIS,Tipo 7,sc 60 kg,"135,00",135.0,Café Conillon,10
2003-02-19,Café Conillon,EUNAPOLIS,Tipo 7/8,sc 60 kg,"133,00",133.0,Café Conillon,10
2003-02-20,Café Conillon,EUNAPOLIS,Tipo 7,sc 60 kg,"135,00",135.0,Café Conillon,10
2003-02-20,Café Conillon,EUNAPOLIS,Tipo 7/8,sc 60 kg,"133,00",133.0,Café Conillon,10
2003-02-21,Café Conillon,EUNAPOLIS,Tipo 7,sc 60 kg,"133,00",133.0,Café Conillon,10
2003-02-21,Café Conillon,EUNAPOLIS,Tipo 7/8,sc 60 kg,"131,00",131.0,Café Conillon,10
2003-02-24,Café Conillon,EUNAPOLIS,Tipo 7,sc 60 kg,"133,00",133.0,Café Conillon,10
2003-02-24,Café Conillon,EUNAPOLIS,Tipo 7/8,sc 60 kg,"131,00",131.0,Café Conillon,10
2003-02-25,Café Conillon,EUNAPOLIS,Tipo 7,sc 60 kg,"130,00",130.0,Café Conillon,10
2003-02-25,Café Conillon,EUNAPOLIS,Tipo 7/8,sc 60 kg,"128,00",128.0,Café Conillon,10
2003-02-26,Café Conillon,EUNAPOLIS,Tipo 7,sc 60 kg,"130,00",130.0,Café Conillon,10
2003-02-26,Café Conillon,EUNAPOLIS,Tipo 7/8,sc 60 kg,"128,00",128.0,Café Conillon,10
2003-02-27,Café Conillon,EUNAPOLIS,Tipo 7,sc 60 kg,"130,00",130.0,Café Conillon,10
2003-02-27,Café Conillon,EUNAPOLIS,Tipo 7/8,sc 60 kg,"128,00",128.0,Café Conillon,10
2003-02-28,Café Conillon,EUNAPOLIS,Tipo 7,sc 60 kg,"130,00",130.0,Café Conillon,10
2003-02-28,Café Conillon,EUNAPOLIS,Tipo 7/8,sc 60 kg,"128,00",128.0,Café Conillon,10
2003-03-03,Café Conillon,EUNAPOLIS,Tipo 7,sc 60 kg,"130,00",130.0,Café Conillon,10
2003-03-03,Café Conillon,EUNAPOLIS,Tipo 7/8,sc 60 kg,"128,00",128.0,Café Conillon,10
2003-03-04,Café Conillon,EUNAPOLIS,Tipo 7,sc 60 kg,"130,00",130.0,Café Conillon,10
2003-03-04,Café Conillon,EUNAPOLIS,Tipo 7/8,sc 60 kg,"128,00",128.0,Café Conillon,10
2003-03-05,Café Conillon,EUNAPOLIS,Tipo 7,sc 60 kg,"130,00",130.0,Café Conillon,10
2003-03-05,Café Conillon,EUNAPOLIS,Tipo 7/8,sc 60 kg,"128,00",128.0,Café Conillon,10
2003-03-06,Café Conillon,EUNAPOLIS,Tipo 7,sc 60 kg,"130,00",130.0,Café Conillon,10
2003-03-06,Café Conillon,EUNAPOLIS,Tipo 7/8,sc 60 kg,"128,00",128.0,Café Conillon,10
2003-03-07,Café Conillon,EUNAPOLIS,Tipo 7,sc 60 kg,"125,00",125.0,Café Conillon,10
2003-03-07,Café Conillon,EUNAPOLIS,Tipo 7/8,sc 60 kg,"123,00",123.0,Café Conillon,10
2003-03-10,Café Conillon,EUNAPOLIS,Tipo 7,sc 60 kg,"125,00",125.0,Café Conillon,10
2003-03-10,Café Conillon,EUNAPOLIS,Tipo 7/8,sc 60 kg,"123,00",123.0,Café Conillon,10
2003-03-11,Café Conillon,EUNAPOLIS,Tipo 7,sc 60 kg,"125,00",125.0,Café Conillon,10
2003-03-11,Café Conillon,EUNAPOLIS,Tipo 7/8,sc 60 kg,"123,00",123.0,Café Conillon,10
2003-03-12,Café Conillon,EUNAPOLIS,Tipo 7,sc 60 kg,"125,00",125.0,Café Conillon,10
2003-03-12,Café Conillon,EUNAPOLIS,Tipo 7/8,sc 60 kg,"123,00",123.0,Café Conillon,10
2003-03-13,Café Conillon,EUNAPOLIS,Tipo 7,sc 60 kg,"125,00",125.0,Café Conillon,10
2003-03-13,Café Conillon,EUNAPOLIS,Tipo 7/8,sc 60 kg,"123,00",123.0,Café Conillon,10
2003-03-14,Café Conillon,EUNAPOLIS,Tipo 7,sc 60 kg,"115,00",115.0,Café Conillon,10
2003-03-14,Café Conillon,EUNAPOLIS,Tipo 7/8,sc 60 kg,"113,00",113.0,Café Conillon,10
2003-03-17,Café Conillon,EUNAPOLIS,Tipo 7,sc 60 kg,"112,00",112.0,Café Conillon,10
2003-03-17,Café Conillon,EUNAPOLIS,Tipo 7/8,sc 60 kg,"110,00",110.0,Café Conillon,10
2003-03-18,Café Conillon,EUNAPOLIS,Tipo 7,sc 60 kg,"112,00",112.0,Café Conillon,10
2003-03-18,Café Conillon,EUNAPOLIS,Tipo 7/8,sc 60 kg,"110,00",110.0,Café Conillon,10
2003-03-19,Café Conillon,EUNAPOLIS,Tipo 7,sc 60 kg,"110,00",110.0,Café Conillon,10
2003-03-19,Café Conillon,EUNAPOLIS,Tipo 7/8,sc 60 kg,"108,00",108.0,Café Conillon,10
2003-03-20,Café Conillon,EUNAPOLIS,Tipo 7,sc 60 kg,"110,00",110.0,Café Conillon,10
2003-03-20,Café Conillon,EUNAPOLIS,Tipo 7/8,sc 60 kg,"108,00",108.0,Café Conillon,10
2003-03-21,Café Conillon,EUNAPOLIS,Tipo 7,sc 60 kg,"110,00",110.0,Café Conillon,10
2003-03-21,Café Conillon,EUNAPOLIS,Tipo 7/8,sc 60 kg,"108,00",108.0,Café Conillon,10
2003-03-24,Café Conillon,EUNAPOLIS,Tipo 7,sc 60 kg,"110,00",110.0,Café Conillon,10
2003-03-24,Café Conillon,EUNAPOLIS,Tipo 7/8,sc 60 kg,"108,00",108.0,Café Conillon,10
2003-03-25,Café Conillon,EUNAPOLIS,Tipo 7,sc 60 kg,"110,00",110.0,Café Conillon,10
2003-03-25,Café Conillon,EUNAPOLIS,Tipo 7/8,sc 60 kg,"108,00",108.0,Café Conillon,10
2003-03-26,Café Conillon,EUNAPOLIS,Tipo 7,sc 60 kg,"110,00",110.0,Café Conillon,10
2003-03-26,Café Conillon,EUNAPOLIS,Tipo 7/8,sc 60 kg,"108,00",108.0,Café Conillon,10
2003-03-27,Café Conillon,EUNAPOLIS,Tipo 7,sc 60 kg,"110,00",110.0,Café Conillon,10
2003-03-27,Café Conillon,EUNAPOLIS,Tipo 7/8,sc 60 kg,"108,00",108.0,Café Conillon,10
2003-03-28,Café Conillon,EUNAPOLIS,Tipo 7,sc 60 kg,"110,00",110.0,Café Conillon,10
2003-03-28,Café Conillon,EUNAPOLIS,Tipo 7/8,sc 60 kg,"108,00",108.0,Café Conillon,10
2003-03-31,Café Conillon,EUNAPOLIS,Tipo 7,sc 60 kg,"110,00",110.0,Café Conillon,10
2003-03-31,Café Conillon,EUNAPOLIS,Tipo 7/8,sc 60 kg,"108,00",108.0,Café Conillon,10
2003-04-01,Café Conillon,EUNAPOLIS,Tipo 7,sc 60 kg,"110,00",110.0,Café Conillon,10
2003-04-01,Café Conillon,EUNAPOLIS,Tipo 7/8,sc 60 kg,"108,00",108.0,Café Conillon,10
2003-04-02,Café Conillon,EUNAPOLIS,Tipo 7,sc 60 kg,"115,00",115.0,Café Conillon,10
2003-04-02,Café Conillon,EUNAPOLIS,Tipo 7/8,sc 60 kg,"113,00",113.0,Café Conillon,10
2003-04-03,Café Conillon,EUNAPOLIS,Tipo 7,sc 60 kg,"115,00",115.0,Café Conillon,10
2003-04-03,Café Conillon,EUNAPOLIS,Tipo 7/8,sc 60 kg,"113,00",113.0,Café Conillon,10
2003-04-04,Café Conillon,EUNAPOLIS,Tipo 7,sc 60 kg,"115,00",115.0,Café Conillon,10
2003-04-04,Café Conillon,EUNAPOLIS,Tipo 7/8,sc 60 kg,"113,00",113.0,Café Conillon,10
2003-04-07,Café Conillon,EUNAPOLIS,Tipo 7,sc 60 kg,"115,00",115.0,Café Conillon,10
2003-04-07,Café Conillon,EUNAPOLIS,Tipo 7/8,sc 60 kg,"113,00",113.0,Café Conillon,10
2003-04-08,Café Conillon,EUNAPOLIS,Tipo 7,sc 60 kg,"115,00",115.0,Café Conillon,10
2003-04-08,Café Conillon,EUNAPOLIS,Tipo 7/8,sc 60 kg,"113,00",113.0,Café Conillon,10
2003-04-09,Café Conillon,EUNAPOLIS,Tipo 7,sc 60 kg,"115,00",115.0,Café Conillon,10
2003-04-09,Café Conillon,EUNAPOLIS,Tipo 7/8,sc 60 kg,"113,00",113.0,Café Conillon,10
2003-04-10,Café Conillon,EUNAPOLIS,Tipo 7,sc 60 kg,"115,00",115.0,Café Conillon,10
2003-04-10,Café Conillon,EUNAPOLIS,Tipo 7/8,sc 60 kg,"113,00",113.0,Café Conillon,10
2003-04-11,Café Conillon,EUNAPOLIS,Tipo 7,sc 60 kg,"112,00",112.0,Café Conillon,10
2003-04-11,Café Conillon,EUNAPOLIS,Tipo 7/8,sc 60 kg,"110,00",110.0,Café Conillon,10
2003-04-14,Café Conillon,EUNAPOLIS,Tipo 7,sc 60 kg,"112,00",112.0,Café Conillon,10
2003-04-14,Café Conillon,EUNAPOLIS,Tipo 7/8,sc 60 kg,"110,00",110.0,Café Conillon,10
2003-04-15,Café Conillon,EUNAPOLIS,Tipo 7,sc 60 kg,"112,00",112.0,Café Conillon,10
2003-04-15,Café Conillon,EUNAPOLIS,Tipo 7/8,sc 60 kg,"110,00",110.0,Café Conillon,10
2003-04-16,Café Conillon,EUNAPOLIS,Tipo 7,sc 60 kg,"112,00",112.0,Café Conillon,10
2003-04-16,Café Conillon,EUNAPOLIS,Tipo 7/8,sc 60 kg,"110,00",110.0,Café Conillon,10
2003-04-17,Café Conillon,EUNAPOLIS,Tipo 7,sc 60 kg,"112,00",112.0,Café Conillon,10
2003-04-17,Café Conillon,EUNAPOLIS,Tipo 7/8,sc 60 kg,"110,00",110.0,Café Conillon,10
2003-04-18,Café Conillon,EUNAPOLIS,Tipo 7,sc 60 kg,"112,00",112.0,Café Conillon,10
2003-04-18,Café Conillon,EUNAPOLIS,Tipo 7/8,sc 60 kg,"110,00",110.0,Café Conillon,10
2003-04-21,Café Conillon,EUNAPOLIS,Tipo 7,sc 60 kg,"112,00",112.0,Café Conillon,10
2003-04-21,Café Conillon,EUNAPOLIS,Tipo 7/8,sc 60 kg,"110,00",110.0,Café Conillon,10
2003-04-22,Café Conillon,EUNAPOLIS,Tipo 7,sc 60 kg,"112,00",112.0,Café Conillon,10
2003-04-22,Café Conillon,EUNAPOLIS,Tipo 7/8,sc 60 kg,"110,00",110.0,Café Conillon,10
2003-04-23,Café Conillon,EUNAPOLIS,Tipo 7,sc 60 kg,"110,00",110.0,Café Conillon,10
2003-04-23,Café Conillon,EUNAPOLIS,Tipo 7/8,sc 60 kg,"108,00",108.0,Café Conillon,10
2003-04-24,Café Conillon,EUNAPOLIS,Tipo 7,sc 60 kg,"110,00",110.0,Café Conillon,10
2003-04-24,Café Conillon,EUNAPOLIS,Tipo 7/8,sc 60 kg,"108,00",108.0,Café Conillon,10
2003-04-25,Café Conillon,EUNAPOLIS,Tipo 7,sc 60 kg,"110,00",110.0,Café Conillon,10
2003-04-25,Café Conillon,EUNAPOLIS,Tipo 7/8,sc 60 kg,"108,00",108.0,Café Conillon,10
2003-04-28,Café Conillon,EUNAPOLIS,Tipo 7,sc 60 kg,"110,00",110.0,Café Conillon,10
2003-04-28,Café Conillon,EUNAPOLIS,Tipo 7/8,sc 60 kg,"108,00",108.0,Café Conillon,10
2003-04-29,Café Conillon,EUNAPOLIS,Tipo 7,sc 60 kg,"110,00",110.0,Café Conillon,10
2003-04-29,Café Conillon,EUNAPOLIS,Tipo 7/8,sc 60 kg,"108,00",108.0,Café Conillon,10
2003-04-30,Café Conillon,EUNAPOLIS,Tipo 7,sc 60 kg,"110,00",110.0,Café Conillon,10
2003-04-30,Café Conillon,EUNAPOLIS,Tipo 7/8,sc 60 kg,"108,00",108.0,Café Conillon,10
2003-05-02,Café Conillon,EUNAPOLIS,Tipo 7,sc 60 kg,"110,00",110.0,Café Conillon,10
2003-05-02,Café Conillon,EUNAPOLIS,Tipo 7/8,sc 60 kg,"108,00",108.0,Café Conillon,10
2003-05-05,Café Conillon,EUNAPOLIS,Tipo 7,sc 60 kg,"110,00",110.0,Café Conillon,10
2003-05-05,Café Conillon,EUNAPOLIS,Tipo 7/8,sc 60 kg,"108,00",108.0,Café Conillon,10
2003-05-06,Café Conillon,EUNAPOLIS,Tipo 7,sc 60 kg,"110,00",110.0,Café Conillon,10
2003-05-06,Café Conillon,EUNAPOLIS,Tipo 7/8,sc 60 kg,"108,00",108.0,Café Conillon,10
2003-05-07,Café Conillon,EUNAPOLIS,Tipo 7,sc 60 kg,"110,00",110.0,Café Conillon,10
2003-05-07,Café Conillon,EUNAPOLIS,Tipo 7/8,sc 60 kg,"108,00",108.0,Café Conillon,10
2003-05-08,Café Conillon,EUNAPOLIS,Tipo 7,sc 60 kg,"110,00",110.0,Café Conillon,10
2003-05-08,Café Conillon,EUNAPOLIS,Tipo 7/8,sc 60 kg,"108,00",108.0,Café Conillon,10
2003-05-09,Café Conillon,EUNAPOLIS,Tipo 7,sc 60 kg,"105,00",105.0,Café Conillon,10
2003-05-09,Café Conillon,EUNAPOLIS,Tipo 7/8,sc 60 kg,"103,00",103.0,Café Conillon,10
2003-05-12,Café Conillon,EUNAPOLIS,Tipo 7,sc 60 kg,"105,00",105.0,Café Conillon,10
2003-05-12,Café Conillon,EUNAPOLIS,Tipo 7/8,sc 60 kg,"103,00",103.0,Café Conillon,10
2003-05-13,Café Conillon,EUNAPOLIS,Tipo 7,sc 60 kg,"105,00",105.0,Café Conillon,10
2003-05-13,Café Conillon,EUNAPOLIS,Tipo 7/8,sc 60 kg,"103,00",103.0,Café Conillon,10
2003-05-14,Café Conillon,EUNAPOLIS,Tipo 7,sc 60 kg,"105,00",105.0,Café Conillon,10
2003-05-14,Café Conillon,EUNAPOLIS,Tipo 7/8,sc 60 kg,"103,00",103.0,Café Conillon,10
2003-05-15,Café Conillon,EUNAPOLIS,Tipo 7,sc 60 kg,"105,00",105.0,Café Conillon,10
2003-05-15,Café Conillon,EUNAPOLIS,Tipo 7/8,sc 60 kg,"103,00",103.0,Café Conillon,10
2003-05-16,Café Conillon,EUNAPOLIS,Tipo 7,sc 60 kg,"105,00",105.0,Café Conillon,10
2003-05-16,Café Conillon,EUNAPOLIS,Tipo 7/8,sc 60 kg,"103,00",103.0,Café Conillon,10
2003-05-19,Café Conillon,EUNAPOLIS,Tipo 7,sc 60 kg,"105,00",105.0,Café Conillon,10
2003-05-19,Café Conillon,EUNAPOLIS,Tipo 7/8,sc 60 kg,"103,00",103.0,Café Conillon,10
2003-05-20,Café Conillon,EUNAPOLIS,Tipo 7,sc 60 kg,"105,00",105.0,Café Conillon,10
2003-05-20,Café Conillon,EUNAPOLIS,Tipo 7/8,sc 60 kg,"103,00",103.0,Café Conillon,10
2003-05-21,Café Conillon,EUNAPOLIS,Tipo 7,sc 60 kg,"105,00",105.0,Café Conillon,10
2003-05-21,Café Conillon,EUNAPOLIS,Tipo 7/8,sc 60 kg,"103,00",103.0,Café Conillon,10
2003-05-22,Café Conillon,EUNAPOLIS,Tipo 7,sc 60 kg,"105,00",105.0,Café Conillon,10
2003-05-22,Café Conillon,EUNAPOLIS,Tipo 7/8,sc 60 kg,"103,00",103.0,Café Conillon,10
2003-05-23,Café Conillon,EUNAPOLIS,Tipo 7,sc 60 kg,"105,00",105.0,Café Conillon,10
2003-05-23,Café Conillon,EUNAPOLIS,Tipo 7/8,sc 60 kg,"103,00",103.0,Café Conillon,10
2003-05-26,Café Conillon,EUNAPOLIS,Tipo 7,sc 60 kg,"105,00",105.0,Café Conillon,10
2003-05-26,Café Conillon,EUNAPOLIS,Tipo 7/8,sc 60 kg,"103,00",103.0,Café Conillon,10
2003-05-27,Café Conillon,EUNAPOLIS,Tipo 7,sc 60 kg,"105,00",105.0,Café Conillon,10
2003-05-27,Café Conillon,EUNAPOLIS,Tipo 7/8,sc 60 kg,"103,00",103.0,Café Conillon,10
2003-05-28,Café Conillon,EUNAPOLIS,Tipo 7,sc 60 kg,"105,00",105.0,Café Conillon,10
2003-05-28,Café Conillon,EUNAPOLIS,Tipo 7/8,sc 60 kg,"103,00",103.0,Café Conillon,10
2003-05-29,Café Conillon,EUNAPOLIS,Tipo 7,sc 60 kg,"105,00",105.0,Café Conillon,10
2003-05-29,Café Conillon,EUNAPOLIS,Tipo 7/8,sc 60 kg,"103,00",103.0,Café Conillon,10
2003-05-30,Café Conillon,EUNAPOLIS,Tipo 7,sc 60 kg,"105,00",105.0,Café Conillon,10
2003-05-30,Café Conillon,EUNAPOLIS,Tipo 7/8,sc 60 kg,"103,00",103.0,Café Conillon,10
2003-06-02,Café Conillon,EUNAPOLIS,Tipo 7,sc 60 kg,"105,00",105.0,Café Conillon,10
2003-06-02,Café Conillon,EUNAPOLIS,Tipo 7/8,sc 60 kg,"103,00",103.0,Café Conillon,10
2003-06-03,Café Conillon,EUNAPOLIS,Tipo 7,sc 60 kg,"105,00",105.0,Café Conillon,10
2003-06-03,Café Conillon,EUNAPOLIS,Tipo 7/8,sc 60 kg,"103,00",103.0,Café Conillon,10
2003-06-04,Café Conillon,EUNAPOLIS,Tipo 7,sc 60 kg,"100,00",100.0,Café Conillon,10
2003-06-04,Café Conillon,EUNAPOLIS,Tipo 7/8,sc 60 kg,"98,00",98.0,Café Conillon,10
2003-06-05,Café Conillon,EUNAPOLIS,Tipo 7,sc 60 kg,"100,00",100.0,Café Conillon,10
2003-06-05,Café Conillon,EUNAPOLIS,Tipo 7/8,sc 60 kg,"98,00",98.0,Café Conillon,10
2003-06-06,Café Conillon,EUNAPOLIS,Tipo 7,sc 60 kg,"95,00",95.0,Café Conillon,10
2003-06-06,Café Conillon,EUNAPOLIS,Tipo 7/8,sc 60 kg,"93,00",93.0,Café Conillon,10
2003-06-09,Café Conillon,EUNAPOLIS,Tipo 7,sc 60 kg,"95,00",95.0,Café Conillon,10
2003-06-09,Café Conillon,EUNAPOLIS,Tipo 7/8,sc 60 kg,"93,00",93.0,Café Conillon,10
2003-06-10,Café Conillon,EUNAPOLIS,Tipo 7,sc 60 kg,"95,00",95.0,Café Conillon,10
2003-06-10,Café Conillon,EUNAPOLIS,Tipo 7/8,sc 60 kg,"93,00",93.0,Café Conillon,10
2003-06-11,Café Conillon,EUNAPOLIS,Tipo 7,sc 60 kg,"95,00",95.0,Café Conillon,10
2003-06-11,Café Conillon,EUNAPOLIS,Tipo 7/8,sc 60 kg,"93,00",93.0,Café Conillon,10
2003-06-12,Café Conillon,EUNAPOLIS,Tipo 7,sc 60 kg,"95,00",95.0,Café Conillon,10
2003-06-12,Café Conillon,EUNAPOLIS,Tipo 7/8,sc 60 kg,"93,00",93.0,Café Conillon,10
2003-06-13,Café Conillon,EUNAPOLIS,Tipo 7,sc 60 kg,"95,00",95.0,Café Conillon,10
2003-06-13,Café Conillon,EUNAPOLIS,Tipo 7/8,sc 60 kg,"93,00",93.0,Café Conillon,10
2003-06-16,Café Conillon,EUNAPOLIS,Tipo 7,sc 60 kg,"95,00",95.0,Café Conillon,10
2003-06-16,Café Conillon,EUNAPOLIS,Tipo 7/8,sc 60 kg,"93,00",93.0,Café Conillon,10
2003-06-17,Café Conillon,EUNAPOLIS,Tipo 7,sc 60 kg,"95,00",95.0,Café Conillon,10
2003-06-17,Café Conillon,EUNAPOLIS,Tipo 7/8,sc 60 kg,"93,00",93.0,Café Conillon,10
2003-06-18,Café Conillon,EUNAPOLIS,Tipo 7,sc 60 kg,"95,00",95.0,Café Conillon,10
2003-06-18,Café Conillon,EUNAPOLIS,Tipo 7/8,sc 60 kg,"93,00",93.0,Café Conillon,10
2003-06-25,Café Conillon,EUNAPOLIS,Tipo 7,sc 60 kg,"95,00",95.0,Café Conillon,10
2003-06-25,Café Conillon,EUNAPOLIS,Tipo 7/8,sc 60 kg,"93,00",93.0,Café Conillon,10
2003-06-26,Café Conillon,EUNAPOLIS,Tipo 7,sc 60 kg,"95,00",95.0,Café Conillon,10
2003-06-26,Café Conillon,EUNAPOLIS,Tipo 7/8,sc 60 kg,"93,00",93.0,Café Conillon,10
2003-06-27,Café Conillon,EUNAPOLIS,Tipo 7,sc 60 kg,"95,00",95.0,Café Conillon,10
2003-06-27,Café Conillon,EUNAPOLIS,Tipo 7/8,sc 60 kg,"93,00",93.0,Café Conillon,10
2003-06-30,Café Conillon,EUNAPOLIS,Tipo 7,sc 60 kg,"95,00",95.0,Café Conillon,10
2003-06-30,Café Conillon,EUNAPOLIS,Tipo 7/8,sc 60 kg,"93,00",93.0,Café Conillon,10
2003-07-01,Café Conillon,EUNAPOLIS,Tipo 7,sc 60 kg,"95,00",95.0,Café Conillon,10
2003-07-01,Café Conillon,EUNAPOLIS,Tipo 7/8,sc 60 kg,"93,00",93.0,Café Conillon,10
2003-07-03,Café Conillon,EUNAPOLIS,Tipo 7,sc 60 kg,"95,00",95.0,Café Conillon,10
2003-07-03,Café Conillon,EUNAPOLIS,Tipo 7/8,sc 60 kg,"93,00",93.0,Café Conillon,10
2003-07-04,Café Conillon,EUNAPOLIS,Tipo 7,sc 60 kg,"95,00",95.0,Café Conillon,10
2003-07-04,Café Conillon,EUNAPOLIS,Tipo 7/8,sc 60 kg,"93,00",93.0,Café Conillon,10
2003-07-07,Café Conillon,EUNAPOLIS,Tipo 7,sc 60 kg,"95,00",95.0,Café Conillon,10
2003-07-07,Café Conillon,EUNAPOLIS,Tipo 7/8,sc 60 kg,"93,00",93.0,Café Conillon,10
2003-07-08,Café Conillon,EUNAPOLIS,Tipo 7,sc 60 kg,"95,00",95.0,Café Conillon,10
2003-07-08,Café Conillon,EUNAPOLIS,Tipo 7/8,sc 60 kg,"93,00",93.0,Café Conillon,10
2003-07-09,Café Conillon,EUNAPOLIS,Tipo 7,sc 60 kg,"95,00",95.0,Café Conillon,10
2003-07-09,Café Conillon,EUNAPOLIS,Tipo 7/8,sc 60 kg,"93,00",93.0,Café Conillon,10
2003-07-10,Café Conillon,EUNAPOLIS,Tipo 7,sc 60 kg,"95,00",95.0,Café Conillon,10
2003-07-10,Café Conillon,EUNAPOLIS,Tipo 7/8,sc 60 kg,"93,00",93.0,Café Conillon,10
2003-07-11,Café Conillon,EUNAPOLIS,Tipo 7,sc 60 kg,"100,00",100.0,Café Conillon,10
2003-07-11,Café Conillon,EUNAPOLIS,Tipo 7/8,sc 60 kg,"98,00",98.0,Café Conillon,10
2003-07-14,Café Conillon,EUNAPOLIS,Tipo 7,sc 60 kg,"100,00",100.0,Café Conillon,10
2003-07-14,Café Conillon,EUNAPOLIS,Tipo 7/8,sc 60 kg,"98,00",98.0,Café Conillon,10
2003-07-15,Café Conillon,EUNAPOLIS,Tipo 7,sc 60 kg,"100,00",100.0,Café Conillon,10
2003-07-15,Café Conillon,EUNAPOLIS,Tipo 7/8,sc 60 kg,"98,00",98.0,Café Conillon,10
2003-07-16,Café Conillon,EUNAPOLIS,Tipo 7,sc 60 kg,"103,00",103.0,Café Conillon,10
2003-07-16,Café Conillon,EUNAPOLIS,Tipo 7/8,sc 60 kg,"101,00",101.0,Café Conillon,10
2003-07-17,Café Conillon,EUNAPOLIS,Tipo 7,sc 60 kg,"103,00",103.0,Café Conillon,10
2003-07-17,Café Conillon,EUNAPOLIS,Tipo 7/8,sc 60 kg,"101,00",101.0,Café Conillon,10
2003-07-18,Café Conillon,EUNAPOLIS,Tipo 7,sc 60 kg,"103,00",103.0,Café Conillon,10
2003-07-18,Café Conillon,EUNAPOLIS,Tipo 7/8,sc 60 kg,"101,00",101.0,Café Conillon,10
2003-07-21,Café Conillon,EUNAPOLIS,Tipo 7,sc 60 kg,"103,00",103.0,Café Conillon,10
2003-07-21,Café Conillon,EUNAPOLIS,Tipo 7/8,sc 60 kg,"101,00",101.0,Café Conillon,10
2003-07-22,Café Conillon,EUNAPOLIS,Tipo 7,sc 60 kg,"103,00",103.0,Café Conillon,10
2003-07-22,Café Conillon,EUNAPOLIS,Tipo 7/8,sc 60 kg,"101,00",101.0,Café Conillon,10
2003-07-23,Café Conillon,EUNAPOLIS,Tipo 7,sc 60 kg,"107,00",107.0,Café Conillon,10
2003-07-23,Café Conillon,EUNAPOLIS,Tipo 7/8,sc 60 kg,"105,00",105.0,Café Conillon,10
2003-07-24,Café Conillon,EUNAPOLIS,Tipo 7,sc 60 kg,"107,00",107.0,Café Conillon,10
2003-07-24,Café Conillon,EUNAPOLIS,Tipo 7/8,sc 60 kg,"105,00",105.0,Café Conillon,10
2003-07-25,Café Conillon,EUNAPOLIS,Tipo 7,sc 60 kg,"107,00",107.0,Café Conillon,10
2003-07-25,Café Conillon,EUNAPOLIS,Tipo 7/8,sc 60 kg,"105,00",105.0,Café Conillon,10
2003-07-28,Café Conillon,EUNAPOLIS,Tipo 7,sc 60 kg,"110,00",110.0,Café Conillon,10
2003-07-28,Café Conillon,EUNAPOLIS,Tipo 7/8,sc 60 kg,"108,00",108.0,Café Conillon,10
2003-07-29,Café Conillon,EUNAPOLIS,Tipo 7,sc 60 kg,"110,00",110.0,Café Conillon,10
2003-07-29,Café Conillon,EUNAPOLIS,Tipo 7/8,sc 60 kg,"108,00",108.0,Café Conillon,10
2003-07-30,Café Conillon,EUNAPOLIS,Tipo 7,sc 60 kg,"110,00",110.0,Café Conillon,10
2003-07-30,Café Conillon,EUNAPOLIS,Tipo 7/8,sc 60 kg,"108,00",108.0,Café Conillon,10
2003-07-31,Café Conillon,EUNAPOLIS,Tipo 7,sc 60 kg,"110,00",110.0,Café Conillon,10
2003-07-31,Café Conillon,EUNAPOLIS,Tipo 7/8,sc 60 kg,"108,00",108.0,Café Conillon,10
2003-08-01,Café Conillon,EUNAPOLIS,Tipo 7,sc 60 kg,"120,00",120.0,Café Conillon,10
2003-08-01,Café Conillon,EUNAPOLIS,Tipo 7/8,sc 60 kg,"118,00",118.0,Café Conillon,10
2003-08-04,Café Conillon,EUNAPOLIS,Tipo 7,sc 60 kg,"120,00",120.0,Café Conillon,10
2003-08-04,Café Conillon,EUNAPOLIS,Tipo 7/8,sc 60 kg,"118,00",118.0,Café Conillon,10
2003-08-05,Café Conillon,EUNAPOLIS,Tipo 7,sc 60 kg,"120,00",120.0,Café Conillon,10
2003-08-05,Café Conillon,EUNAPOLIS,Tipo 7/8,sc 60 kg,"118,00",118.0,Café Conillon,10
2003-08-06,Café Conillon,EUNAPOLIS,Tipo 7,sc 60 kg,"120,00",120.0,Café Conillon,10
2003-08-06,Café Conillon,EUNAPOLIS,Tipo 7/8,sc 60 kg,"118,00",118.0,Café Conillon,10
2003-08-07,Café Conillon,EUNAPOLIS,Tipo 7,sc 60 kg,"125,00",125.0,Café Conillon,10
2003-08-07,Café Conillon,EUNAPOLIS,Tipo 7/8,sc 60 kg,"123,00",123.0,Café Conillon,10
2003-08-08,Café Conillon,EUNAPOLIS,Tipo 7,sc 60 kg,"125,00",125.0,Café Conillon,10
2003-08-08,Café Conillon,EUNAPOLIS,Tipo 7/8,sc 60 kg,"123,00",123.0,Café Conillon,10
2003-08-11,Café Conillon,EUNAPOLIS,Tipo 7,sc 60 kg,"125,00",125.0,Café Conillon,10
2003-08-11,Café Conillon,EUNAPOLIS,Tipo 7/8,sc 60 kg,"123,00",123.0,Café Conillon,10
2003-08-12,Café Conillon,EUNAPOLIS,Tipo 7,sc 60 kg,"125,00",125.0,Café Conillon,10
2003-08-12,Café Conillon,EUNAPOLIS,Tipo 7/8,sc 60 kg,"123,00",123.0,Café Conillon,10
2003-08-13,Café Conillon,EUNAPOLIS,Tipo 7,sc 60 kg,"125,00",125.0,Café Conillon,10
2003-08-13,Café Conillon,EUNAPOLIS,Tipo 7/8,sc 60 kg,"123,00",123.0,Café Conillon,10
2003-08-14,Café Conillon,EUNAPOLIS,Tipo 7,sc 60 kg,"125,00",125.0,Café Conillon,10
2003-08-14,Café Conillon,EUNAPOLIS,Tipo 7/8,sc 60 kg,"123,00",123.0,Café Conillon,10
2003-08-15,Café Conillon,EUNAPOLIS,Tipo 7,sc 60 kg,"125,00",125.0,Café Conillon,10
2003-08-15,Café Conillon,EUNAPOLIS,Tipo 7,sc 60 kg,"123,00",123.0,Café Conillon,10
2003-08-15,Café Conillon,EUNAPOLIS,Tipo 7/8,sc 60 kg,"123,00",123.0,Café Conillon,10
2003-08-15,Café Conillon,EUNAPOLIS,Tipo 7/8,sc 60 kg,"125,00",125.0,Café Conillon,10
2003-08-18,Café Conillon,EUNAPOLIS,Tipo 7,sc 60 kg,"123,00",123.0,Café Conillon,10
2003-08-18,Café Conillon,EUNAPOLIS,Tipo 7/8,sc 60 kg,"125,00",125.0,Café Conillon,10
2003-08-19,Café Conillon,EUNAPOLIS,Tipo 7,sc 60 kg,"123,00",123.0,Café Conillon,10
2003-08-19,Café Conillon,EUNAPOLIS,Tipo 7/8,sc 60 kg,"125,00",125.0,Café Conillon,10
2003-08-20,Café Conillon,EUNAPOLIS,Tipo 7,sc 60 kg,"123,00",123.0,Café Conillon,10
2003-08-20,Café Conillon,EUNAPOLIS,Tipo 7/8,sc 60 kg,"125,00",125.0,Café Conillon,10
2003-08-21,Café Conillon,EUNAPOLIS,Tipo 7,sc 60 kg,"123,00",123.0,Café Conillon,10
2003-08-21,Café Conillon,EUNAPOLIS,Tipo 7/8,sc 60 kg,"125,00",125.0,Café Conillon,10
2003-08-22,Café Conillon,EUNAPOLIS,Tipo 7,sc 60 kg,"123,00",123.0,Café Conillon,10
2003-08-22,Café Conillon,EUNAPOLIS,Tipo 7/8,sc 60 kg,"125,00",125.0,Café Conillon,10
2003-08-25,Café Conillon,EUNAPOLIS,Tipo 7,sc 60 kg,"123,00",123.0,Café Conillon,10
2003-08-25,Café Conillon,EUNAPOLIS,Tipo 7/8,sc 60 kg,"125,00",125.0,Café Conillon,10
2003-08-26,Café Conillon,EUNAPOLIS,Tipo 7,sc 60 kg,"123,00",123.0,Café Conillon,10
2003-08-26,Café Conillon,EUNAPOLIS,Tipo 7/8,sc 60 kg,"125,00",125.0,Café Conillon,10
2003-08-27,Café Conillon,EUNAPOLIS,Tipo 7,sc 60 kg,"123,00",123.0,Café Conillon,10
2003-08-27,Café Conillon,EUNAPOLIS,Tipo 7/8,sc 60 kg,"125,00",125.0,Café Conillon,10
2003-08-28,Café Conillon,EUNAPOLIS,Tipo 7,sc 60 kg,"123,00",123.0,Café Conillon,10
2003-08-28,Café Conillon,EUNAPOLIS,Tipo 7/8,sc 60 kg,"125,00",125.0,Café Conillon,10
2003-08-29,Café Conillon,EUNAPOLIS,Tipo 7,sc 60 kg,"123,00",123.0,Café Conillon,10
2003-08-29,Café Conillon,EUNAPOLIS,Tipo 7/8,sc 60 kg,"125,00",125.0,Café Conillon,10
2003-09-01,Café Conillon,EUNAPOLIS,Tipo 7,sc 60 kg,"123,00",123.0,Café Conillon,10
2003-09-01,Café Conillon,EUNAPOLIS,Tipo 7/8,sc 60 kg,"125,00",125.0,Café Conillon,10
2003-09-02,Café Conillon,EUNAPOLIS,Tipo 7,sc 60 kg,"123,00",123.0,Café Conillon,10
2003-09-02,Café Conillon,EUNAPOLIS,Tipo 7/8,sc 60 kg,"125,00",125.0,Café Conillon,10
2003-09-03,Café Conillon,EUNAPOLIS,Tipo 7,sc 60 kg,"123,00",123.0,Café Conillon,10
2003-09-03,Café Conillon,EUNAPOLIS,Tipo 7/8,sc 60 kg,"125,00",125.0,Café Conillon,10
2003-09-04,Café Conillon,EUNAPOLIS,Tipo 7,sc 60 kg,"123,00",123.0,Café Conillon,10
2003-09-04,Café Conillon,EUNAPOLIS,Tipo 7/8,sc 60 kg,"125,00",125.0,Café Conillon,10
2003-09-05,Café Conillon,EUNAPOLIS,Tipo 7,sc 60 kg,"123,00",123.0,Café Conillon,10
2003-09-05,Café Conillon,EUNAPOLIS,Tipo 7/8,sc 60 kg,"125,00",125.0,Café Conillon,10
2003-09-08,Café Conillon,EUNAPOLIS,Tipo 7,sc 60 kg,"123,00",123.0,Café Conillon,10
2003-09-08,Café Conillon,EUNAPOLIS,Tipo 7/8,sc 60 kg,"125,00",125.0,Café Conillon,10
2003-09-09,Café Conillon,EUNAPOLIS,Tipo 7,sc 60 kg,"123,00",123.0,Café Conillon,10
2003-09-09,Café Conillon,EUNAPOLIS,Tipo 7/8,sc 60 kg,"125,00",125.0,Café Conillon,10
2003-09-10,Café Conillon,EUNAPOLIS,Tipo 7,sc 60 kg,"118,00",118.0,Café Conillon,10
2003-09-10,Café Conillon,EUNAPOLIS,Tipo 7/8,sc 60 kg,"120,00",120.0,Café Conillon,10
2003-09-11,Café Conillon,EUNAPOLIS,Tipo 7,sc 60 kg,"118,00",118.0,Café Conillon,10
2003-09-11,Café Conillon,EUNAPOLIS,Tipo 7/8,sc 60 kg,"120,00",120.0,Café Conillon,10
2003-09-12,Café Conillon,EUNAPOLIS,Tipo 7,sc 60 kg,"118,00",118.0,Café Conillon,10
2003-09-12,Café Conillon,EUNAPOLIS,Tipo 7/8,sc 60 kg,"120,00",120.0,Café Conillon,10
2003-09-15,Café Conillon,EUNAPOLIS,Tipo 7,sc 60 kg,"118,00",118.0,Café Conillon,10
2003-09-15,Café Conillon,EUNAPOLIS,Tipo 7/8,sc 60 kg,"120,00",120.0,Café Conillon,10
2003-09-16,Café Conillon,EUNAPOLIS,Tipo 7,sc 60 kg,"118,00",118.0,Café Conillon,10
2003-09-16,Café Conillon,EUNAPOLIS,Tipo 7/8,sc 60 kg,"120,00",120.0,Café Conillon,10
2003-09-17,Café Conillon,EUNAPOLIS,Tipo 7,sc 60 kg,"118,00",118.0,Café Conillon,10
2003-09-17,Café Conillon,EUNAPOLIS,Tipo 7/8,sc 60 kg,"120,00",120.0,Café Conillon,10
2003-09-18,Café Conillon,EUNAPOLIS,Tipo 7,sc 60 kg,"118,00",118.0,Café Conillon,10
2003-09-18,Café Conillon,EUNAPOLIS,Tipo 7/8,sc 60 kg,"120,00",120.0,Café Conillon,10
2003-09-19,Café Conillon,EUNAPOLIS,Tipo 7,sc 60 kg,"118,00",118.0,Café Conillon,10
2003-09-19,Café Conillon,EUNAPOLIS,Tipo 7/8,sc 60 kg,"120,00",120.0,Café Conillon,10
2003-09-22,Café Conillon,EUNAPOLIS,Tipo 7,sc 60 kg,"113,00",113.0,Café Conillon,10
2003-09-22,Café Conillon,EUNAPOLIS,Tipo 7/8,sc 60 kg,"115,00",115.0,Café Conillon,10
2003-09-23,Café Conillon,EUNAPOLIS,Tipo 7,sc 60 kg,"113,00",113.0,Café Conillon,10
2003-09-23,Café Conillon,EUNAPOLIS,Tipo 7/8,sc 60 kg,"115,00",115.0,Café Conillon,10
2003-09-24,Café Conillon,EUNAPOLIS,Tipo 7,sc 60 kg,"113,00",113.0,Café Conillon,10
2003-09-24,Café Conillon,EUNAPOLIS,Tipo 7/8,sc 60 kg,"115,00",115.0,Café Conillon,10
2003-09-25,Café Conillon,EUNAPOLIS,Tipo 7,sc 60 kg,"113,00",113.0,Café Conillon,10
2003-09-25,Café Conillon,EUNAPOLIS,Tipo 7/8,sc 60 kg,"115,00",115.0,Café Conillon,10
2003-09-26,Café Conillon,EUNAPOLIS,Tipo 7,sc 60 kg,"113,00",113.0,Café Conillon,10
2003-09-26,Café Conillon,EUNAPOLIS,Tipo 7/8,sc 60 kg,"115,00",115.0,Café Conillon,10
2003-09-29,Café Conillon,EUNAPOLIS,Tipo 7,sc 60 kg,"113,00",113.0,Café Conillon,10
2003-09-29,Café Conillon,EUNAPOLIS,Tipo 7/8,sc 60 kg,"115,00",115.0,Café Conillon,10
2003-09-30,Café Conillon,EUNAPOLIS,Tipo 7,sc 60 kg,"113,00",113.0,Café Conillon,10
2003-09-30,Café Conillon,EUNAPOLIS,Tipo 7/8,sc 60 kg,"115,00",115.0,Café Conillon,10
2003-10-01,Café Conillon,EUNAPOLIS,Tipo 7,sc 60 kg,"113,00",113.0,Café Conillon,10
2003-10-01,Café Conillon,EUNAPOLIS,Tipo 7/8,sc 60 kg,"115,00",115.0,Café Conillon,10
2003-10-08,Café Conillon,EUNAPOLIS,Tipo 7,sc 60 kg,"113,00",113.0,Café Conillon,10
2003-10-08,Café Conillon,EUNAPOLIS,Tipo 7/8,sc 60 kg,"115,00",115.0,Café Conillon,10
2003-10-09,Café Conillon,EUNAPOLIS,Tipo 7,sc 60 kg,"115,00",115.0,Café Conillon,10
2003-10-09,Café Conillon,EUNAPOLIS,Tipo 7/8,sc 60 kg,"117,00",117.0,Café Conillon,10
2003-10-10,Café Conillon,EUNAPOLIS,Tipo 7,sc 60 kg,"115,00",115.0,Café Conillon,10
2003-10-10,Café Conillon,EUNAPOLIS,Tipo 7/8,sc 60 kg,"117,00",117.0,Café Conillon,10
2003-10-13,Café Conillon,EUNAPOLIS,Tipo 7,sc 60 kg,"115,00",115.0,Café Conillon,10
2003-10-13,Café Conillon,EUNAPOLIS,Tipo 7/8,sc 60 kg,"117,00",117.0,Café Conillon,10
2003-10-14,Café Conillon,EUNAPOLIS,Tipo 7,sc 60 kg,"115,00",115.0,Café Conillon,10
2003-10-14,Café Conillon,EUNAPOLIS,Tipo 7/8,sc 60 kg,"117,00",117.0,Café Conillon,10
2003-10-15,Café Conillon,EUNAPOLIS,Tipo 7,sc 60 kg,"115,00",115.0,Café Conillon,10
2003-10-15,Café Conillon,EUNAPOLIS,Tipo 7/8,sc 60 kg,"117,00",117.0,Café Conillon,10
2003-10-16,Café Conillon,EUNAPOLIS,Tipo 7,sc 60 kg,"115,00",115.0,Café Conillon,10
2003-10-16,Café Conillon,EUNAPOLIS,Tipo 7/8,sc 60 kg,"117,00",117.0,Café Conillon,10
2003-10-17,Café Conillon,EUNAPOLIS,Tipo 7,sc 60 kg,"108,00",108.0,Café Conillon,10
2003-10-17,Café Conillon,EUNAPOLIS,Tipo 7/8,sc 60 kg,"110,00",110.0,Café Conillon,10
2003-10-20,Café Conillon,EUNAPOLIS,Tipo 7,sc 60 kg,"108,00",108.0,Café Conillon,10
2003-10-20,Café Conillon,EUNAPOLIS,Tipo 7/8,sc 60 kg,"110,00",110.0,Café Conillon,10
2003-10-21,Café Conillon,EUNAPOLIS,Tipo 7,sc 60 kg,"108,00",108.0,Café Conillon,10
2003-10-21,Café Conillon,EUNAPOLIS,Tipo 7/8,sc 60 kg,"110,00",110.0,Café Conillon,10
2003-10-22,Café Conillon,EUNAPOLIS,Tipo 7,sc 60 kg,"108,00",108.0,Café Conillon,10
2003-10-22,Café Conillon,EUNAPOLIS,Tipo 7/8,sc 60 kg,"110,00",110.0,Café Conillon,10
2003-10-23,Café Conillon,EUNAPOLIS,Tipo 7,sc 60 kg,"108,00",108.0,Café Conillon,10
2003-10-23,Café Conillon,EUNAPOLIS,Tipo 7/8,sc 60 kg,"110,00",110.0,Café Conillon,10
2003-10-24,Café Conillon,EUNAPOLIS,Tipo 7,sc 60 kg,"108,00",108.0,Café Conillon,10
2003-10-24,Café Conillon,EUNAPOLIS,Tipo 7/8,sc 60 kg,"110,00",110.0,Café Conillon,10
2003-10-28,Café Conillon,EUNAPOLIS,Tipo 7,sc 60 kg,"108,00",108.0,Café Conillon,10
2003-10-28,Café Conillon,EUNAPOLIS,Tipo 7/8,sc 60 kg,"110,00",110.0,Café Conillon,10
2003-10-30,Café Conillon,EUNAPOLIS,Tipo 7,sc 60 kg,"108,00",108.0,Café Conillon,10
2003-10-30,Café Conillon,EUNAPOLIS,Tipo 7/8,sc 60 kg,"110,00",110.0,Café Conillon,10
2003-10-31,Café Conillon,EUNAPOLIS,Tipo 7,sc 60 kg,"108,00",108.0,Café Conillon,10
2003-10-31,Café Conillon,EUNAPOLIS,Tipo 7/8,sc 60 kg,"110,00",110.0,Café Conillon,10
2003-11-03,Café Conillon,EUNAPOLIS,Tipo 7,sc 60 kg,"113,00",113.0,Café Conillon,10
2003-11-03,Café Conillon,EUNAPOLIS,Tipo 7/8,sc 60 kg,"115,00",115.0,Café Conillon,10
2003-11-04,Café Conillon,EUNAPOLIS,Tipo 7,sc 60 kg,"113,00",113.0,Café Conillon,10
2003-11-04,Café Conillon,EUNAPOLIS,Tipo 7/8,sc 60 kg,"115,00",115.0,Café Conillon,10
2003-11-05,Café Conillon,EUNAPOLIS,Tipo 7,sc 60 kg,"113,00",113.0,Café Conillon,10
2003-11-05,Café Conillon,EUNAPOLIS,Tipo 7/8,sc 60 kg,"115,00",115.0,Café Conillon,10
2003-11-06,Café Conillon,EUNAPOLIS,Tipo 7,sc 60 kg,"113,00",113.0,Café Conillon,10
2003-11-06,Café Conillon,EUNAPOLIS,Tipo 7/8,sc 60 kg,"115,00",115.0,Café Conillon,10
2003-11-07,Café Conillon,EUNAPOLIS,Tipo 7,sc 60 kg,"113,00",113.0,Café Conillon,10
2003-11-07,Café Conillon,EUNAPOLIS,Tipo 7/8,sc 60 kg,"115,00",115.0,Café Conillon,10
2003-11-10,Café Conillon,EUNAPOLIS,Tipo 7,sc 60 kg,"113,00",113.0,Café Conillon,10
2003-11-10,Café Conillon,EUNAPOLIS,Tipo 7/8,sc 60 kg,"115,00",115.0,Café Conillon,10
2003-11-11,Café Conillon,EUNAPOLIS,Tipo 7,sc 60 kg,"113,00",113.0,Café Conillon,10
2003-11-11,Café Conillon,EUNAPOLIS,Tipo 7/8,sc 60 kg,"115,00",115.0,Café Conillon,10
2003-11-12,Café Conillon,EUNAPOLIS,Tipo 7,sc 60 kg,"113,00",113.0,Café Conillon,10
2003-11-12,Café Conillon,EUNAPOLIS,Tipo 7/8,sc 60 kg,"115,00",115.0,Café Conillon,10
2003-11-13,Café Conillon,EUNAPOLIS,Tipo 7,sc 60 kg,"113,00",113.0,Café Conillon,10
2003-11-13,Café Conillon,EUNAPOLIS,Tipo 7/8,sc 60 kg,"115,00",115.0,Café Conillon,10
2003-11-14,Café Conillon,EUNAPOLIS,Tipo 7,sc 60 kg,"113,00",113.0,Café Conillon,10
2003-11-14,Café Conillon,EUNAPOLIS,Tipo 7/8,sc 60 kg,"115,00",115.0,Café Conillon,10
2003-11-17,Café Conillon,EUNAPOLIS,Tipo 7,sc 60 kg,"115,00",115.0,Café Conillon,10
2003-11-17,Café Conillon,EUNAPOLIS,Tipo 7/8,sc 60 kg,"117,00",117.0,Café Conillon,10
2003-11-20,Café Conillon,EUNAPOLIS,Tipo 7,sc 60 kg,"115,00",115.0,Café Conillon,10
2003-11-20,Café Conillon,EUNAPOLIS,Tipo 7/8,sc 60 kg,"117,00",117.0,Café Conillon,10
2003-11-21,Café Conillon,EUNAPOLIS,Tipo 7,sc 60 kg,"115,00",115.0,Café Conillon,10
2003-11-21,Café Conillon,EUNAPOLIS,Tipo 7/8,sc 60 kg,"117,00",117.0,Café Conillon,10
2003-11-24,Café Conillon,EUNAPOLIS,Tipo 7,sc 60 kg,"115,00",115.0,Café Conillon,10
2003-11-24,Café Conillon,EUNAPOLIS,Tipo 7/8,sc 60 kg,"117,00",117.0,Café Conillon,10
2003-11-25,Café Conillon,EUNAPOLIS,Tipo 7,sc 60 kg,"115,00",115.0,Café Conillon,10
2003-11-25,Café Conillon,EUNAPOLIS,Tipo 7/8,sc 60 kg,"117,00",117.0,Café Conillon,10
2003-11-26,Café Conillon,EUNAPOLIS,Tipo 7,sc 60 kg,"115,00",115.0,Café Conillon,10
2003-11-26,Café Conillon,EUNAPOLIS,Tipo 7/8,sc 60 kg,"117,00",117.0,Café Conillon,10
2003-11-27,Café Conillon,EUNAPOLIS,Tipo 7,sc 60 kg,"115,00",115.0,Café Conillon,10
2003-11-27,Café Conillon,EUNAPOLIS,Tipo 7/8,sc 60 kg,"117,00",117.0,Café Conillon,10
2003-11-28,Café Conillon,EUNAPOLIS,Tipo 7,sc 60 kg,"115,00",115.0,Café Conillon,10
2003-11-28,Café Conillon,EUNAPOLIS,Tipo 7/8,sc 60 kg,"117,00",117.0,Café Conillon,10
2003-12-01,Café Conillon,EUNAPOLIS,Tipo 7,sc 60 kg,"115,00",115.0,Café Conillon,10
2003-12-01,Café Conillon,EUNAPOLIS,Tipo 7/8,sc 60 kg,"117,00",117.0,Café Conillon,10
2003-12-02,Café Conillon,EUNAPOLIS,Tipo 7,sc 60 kg,"113,00",113.0,Café Conillon,10
2003-12-02,Café Conillon,EUNAPOLIS,Tipo 7/8,sc 60 kg,"115,00",115.0,Café Conillon,10
2003-12-03,Café Conillon,EUNAPOLIS,Tipo 7,sc 60 kg,"113,00",113.0,Café Conillon,10
2003-12-03,Café Conillon,EUNAPOLIS,Tipo 7/8,sc 60 kg,"115,00",115.0,Café Conillon,10
2003-12-04,Café Conillon,EUNAPOLIS,Tipo 7,sc 60 kg,"113,00",113.0,Café Conillon,10
2003-12-04,Café Conillon,EUNAPOLIS,Tipo 7/8,sc 60 kg,"115,00",115.0,Café Conillon,10
2003-12-05,Café Conillon,EUNAPOLIS,Tipo 7,sc 60 kg,"113,00",113.0,Café Conillon,10
2003-12-05,Café Conillon,EUNAPOLIS,Tipo 7/8,sc 60 kg,"115,00",115.0,Café Conillon,10
2003-12-09,Café Conillon,EUNAPOLIS,Tipo 7,sc 60 kg,"113,00",113.0,Café Conillon,10
2003-12-09,Café Conillon,EUNAPOLIS,Tipo 7/8,sc 60 kg,"115,00",115.0,Café Conillon,10
2003-12-10,Café Conillon,EUNAPOLIS,Tipo 7,sc 60 kg,"118,00",118.0,Café Conillon,10
2003-12-10,Café Conillon,EUNAPOLIS,Tipo 7/8,sc 60 kg,"120,00",120.0,Café Conillon,10
2003-12-11,Café Conillon,EUNAPOLIS,Tipo 7,sc 60 kg,"118,00",118.0,Café Conillon,10
2003-12-11,Café Conillon,EUNAPOLIS,Tipo 7/8,sc 60 kg,"120,00",120.0,Café Conillon,10
2003-12-12,Café Conillon,EUNAPOLIS,Tipo 7,sc 60 kg,"118,00",118.0,Café Conillon,10
2003-12-12,Café Conillon,EUNAPOLIS,Tipo 7/8,sc 60 kg,"120,00",120.0,Café Conillon,10
2003-12-15,Café Conillon,EUNAPOLIS,Tipo 7,sc 60 kg,"118,00",118.0,Café Conillon,10
2003-12-15,Café Conillon,EUNAPOLIS,Tipo 7/8,sc 60 kg,"120,00",120.0,Café Conillon,10
2003-12-16,Café Conillon,EUNAPOLIS,Tipo 7,sc 60 kg,"118,00",118.0,Café Conillon,10
2003-12-16,Café Conillon,EUNAPOLIS,Tipo 7/8,sc 60 kg,"120,00",120.0,Café Conillon,10
2003-12-17,Café Conillon,EUNAPOLIS,Tipo 7,sc 60 kg,"118,00",118.0,Café Conillon,10
2003-12-17,Café Conillon,EUNAPOLIS,Tipo 7/8,sc 60 kg,"120,00",120.0,Café Conillon,10
2003-12-18,Café Conillon,EUNAPOLIS,Tipo 7,sc 60 kg,"118,00",118.0,Café Conillon,10
2003-12-18,Café Conillon,EUNAPOLIS,Tipo 7/8,sc 60 kg,"120,00",120.0,Café Conillon,10
2003-12-19,Café Conillon,EUNAPOLIS,Tipo 7,sc 60 kg,"118,00",118.0,Café Conillon,10
2003-12-19,Café Conillon,EUNAPOLIS,Tipo 7/8,sc 60 kg,"120,00",120.0,Café Conillon,10
2003-12-22,Café Conillon,EUNAPOLIS,Tipo 7,sc 60 kg,"118,00",118.0,Café Conillon,10
2003-12-22,Café Conillon,EUNAPOLIS,Tipo 7/8,sc 60 kg,"120,00",120.0,Café Conillon,10
2003-12-23,Café Conillon,EUNAPOLIS,Tipo 7,sc 60 kg,"118,00",118.0,Café Conillon,10
2003-12-23,Café Conillon,EUNAPOLIS,Tipo 7/8,sc 60 kg,"120,00",120.0,Café Conillon,10
2003-12-29,Café Conillon,EUNAPOLIS,Tipo 7,sc 60 kg,"118,00",118.0,Café Conillon,10
2003-12-29,Café Conillon,EUNAPOLIS,Tipo 7/8,sc 60 kg,"120,00",120.0,Café Conillon,10
2003-12-30,Café Conillon,EUNAPOLIS,Tipo 7,sc 60 kg,"118,00",118.0,Café Conillon,10
2003-12-30,Café Conillon,EUNAPOLIS,Tipo 7/8,sc 60 kg,"120,00",120.0,Café Conillon,10
2004-01-05,Café Conillon,EUNAPOLIS,Tipo 7,sc 60 kg,"118,00",118.0,Café Conillon,10
2004-01-05,Café Conillon,EUNAPOLIS,Tipo 7/8,sc 60 kg,"120,00",120.0,Café Conillon,10
2004-01-06,Café Conillon,EUNAPOLIS,Tipo 7,sc 60 kg,"118,00",118.0,Café Conillon,10
2004-01-06,Café Conillon,EUNAPOLIS,Tipo 7/8,sc 60 kg,"120,00",120.0,Café Conillon,10
2004-01-07,Café Conillon,EUNAPOLIS,Tipo 7,sc 60 kg,"118,00",118.0,Café Conillon,10
2004-01-07,Café Conillon,EUNAPOLIS,Tipo 7/8,sc 60 kg,"120,00",120.0,Café Conillon,10
2004-01-08,Café Conillon,EUNAPOLIS,Tipo 7,sc 60 kg,"118,00",118.0,Café Conillon,10
2004-01-08,Café Conillon,EUNAPOLIS,Tipo 7/8,sc 60 kg,"120,00",120.0,Café Conillon,10
2004-01-09,Café Conillon,EUNAPOLIS,Tipo 7,sc 60 kg,"118,00",118.0,Café Conillon,10
2004-01-09,Café Conillon,EUNAPOLIS,Tipo 7/8,sc 60 kg,"120,00",120.0,Café Conillon,10
2004-01-12,Café Conillon,EUNAPOLIS,Tipo 7,sc 60 kg,"118,00",118.0,Café Conillon,10
2004-01-12,Café Conillon,EUNAPOLIS,Tipo 7/8,sc 60 kg,"120,00",120.0,Café Conillon,10
2004-01-13,Café Conillon,EUNAPOLIS,Tipo 7,sc 60 kg,"118,00",118.0,Café Conillon,10
2004-01-13,Café Conillon,EUNAPOLIS,Tipo 7/8,sc 60 kg,"120,00",120.0,Café Conillon,10
2004-01-14,Café Conillon,EUNAPOLIS,Tipo 7,sc 60 kg,"118,00",118.0,Café Conillon,10
2004-01-14,Café Conillon,EUNAPOLIS,Tipo 7/8,sc 60 kg,"120,00",120.0,Café Conillon,10
2004-01-15,Café Conillon,EUNAPOLIS,Tipo 7,sc 60 kg,"123,00",123.0,Café Conillon,10
2004-01-15,Café Conillon,EUNAPOLIS,Tipo 7/8,sc 60 kg,"125,00",125.0,Café Conillon,10
2004-01-16,Café Conillon,EUNAPOLIS,Tipo 7,sc 60 kg,"123,00",123.0,Café Conillon,10
2004-01-16,Café Conillon,EUNAPOLIS,Tipo 7/8,sc 60 kg,"125,00",125.0,Café Conillon,10
2004-01-19,Café Conillon,EUNAPOLIS,Tipo 7,sc 60 kg,"123,00",123.0,Café Conillon,10
2004-01-19,Café Conillon,EUNAPOLIS,Tipo 7/8,sc 60 kg,"125,00",125.0,Café Conillon,10
2004-01-20,Café Conillon,EUNAPOLIS,Tipo 7,sc 60 kg,"123,00",123.0,Café Conillon,10
2004-01-20,Café Conillon,EUNAPOLIS,Tipo 7/8,sc 60 kg,"125,00",125.0,Café Conillon,10
2004-01-21,Café Conillon,EUNAPOLIS,Tipo 7,sc 60 kg,"123,00",123.0,Café Conillon,10
2004-01-21,Café Conillon,EUNAPOLIS,Tipo 7/8,sc 60 kg,"125,00",125.0,Café Conillon,10
2004-01-22,Café Conillon,EUNAPOLIS,Tipo 7,sc 60 kg,"123,00",123.0,Café Conillon,10
2004-01-22,Café Conillon,EUNAPOLIS,Tipo 7/8,sc 60 kg,"125,00",125.0,Café Conillon,10
2004-01-23,Café Conillon,EUNAPOLIS,Tipo 7,sc 60 kg,"128,00",128.0,Café Conillon,10
2004-01-23,Café Conillon,EUNAPOLIS,Tipo 7/8,sc 60 kg,"130,00",130.0,Café Conillon,10
2004-01-26,Café Conillon,EUNAPOLIS,Tipo 7,sc 60 kg,"133,00",133.0,Café Conillon,10
2004-01-26,Café Conillon,EUNAPOLIS,Tipo 7/8,sc 60 kg,"135,00",135.0,Café Conillon,10
2004-01-27,Café Conillon,EUNAPOLIS,Tipo 7,sc 60 kg,"133,00",133.0,Café Conillon,10
2004-01-27,Café Conillon,EUNAPOLIS,Tipo 7/8,sc 60 kg,"135,00",135.0,Café Conillon,10
2004-01-28,Café Conillon,EUNAPOLIS,Tipo 7,sc 60 kg,"133,00",133.0,Café Conillon,10
2004-01-28,Café Conillon,EUNAPOLIS,Tipo 7/8,sc 60 kg,"135,00",135.0,Café Conillon,10
2004-01-29,Café Conillon,EUNAPOLIS,Tipo 7,sc 60 kg,"133,00",133.0,Café Conillon,10
2004-01-29,Café Conillon,EUNAPOLIS,Tipo 7/8,sc 60 kg,"135,00",135.0,Café Conillon,10
2004-01-30,Café Conillon,EUNAPOLIS,Tipo 7,sc 60 kg,"133,00",133.0,Café Conillon,10
2004-01-30,Café Conillon,EUNAPOLIS,Tipo 7/8,sc 60 kg,"135,00",135.0,Café Conillon,10
2004-02-02,Café Conillon,EUNAPOLIS,Tipo 7,sc 60 kg,"133,00",133.0,Café Conillon,10
2004-02-02,Café Conillon,EUNAPOLIS,Tipo 7/8,sc 60 kg,"135,00",135.0,Café Conillon,10
2004-02-03,Café Conillon,EUNAPOLIS,Tipo 7,sc 60 kg,"133,00",133.0,Café Conillon,10
2004-02-03,Café Conillon,EUNAPOLIS,Tipo 7/8,sc 60 kg,"135,00",135.0,Café Conillon,10
2004-02-04,Café Conillon,EUNAPOLIS,Tipo 7,sc 60 kg,"133,00",133.0,Café Conillon,10
2004-02-04,Café Conillon,EUNAPOLIS,Tipo 7/8,sc 60 kg,"135,00",135.0,Café Conillon,10
2004-02-05,Café Conillon,EUNAPOLIS,Tipo 7,sc 60 kg,"133,00",133.0,Café Conillon,10
2004-02-05,Café Conillon,EUNAPOLIS,Tipo 7/8,sc 60 kg,"135,00",135.0,Café Conillon,10
2004-02-06,Café Conillon,EUNAPOLIS,Tipo 7,sc 60 kg,"133,00",133.0,Café Conillon,10
2004-02-06,Café Conillon,EUNAPOLIS,Tipo 7/8,sc 60 kg,"135,00",135.0,Café Conillon,10
2004-02-09,Café Conillon,EUNAPOLIS,Tipo 7,sc 60 kg,"133,00",133.0,Café Conillon,10
2004-02-09,Café Conillon,EUNAPOLIS,Tipo 7/8,sc 60 kg,"135,00",135.0,Café Conillon,10
2004-02-10,Café Conillon,EUNAPOLIS,Tipo 7,sc 60 kg,"133,00",133.0,Café Conillon,10
2004-02-10,Café Conillon,EUNAPOLIS,Tipo 7/8,sc 60 kg,"135,00",135.0,Café Conillon,10
2004-02-11,Café Conillon,EUNAPOLIS,Tipo 7,sc 60 kg,"133,00",133.0,Café Conillon,10
2004-02-11,Café Conillon,EUNAPOLIS,Tipo 7/8,sc 60 kg,"135,00",135.0,Café Conillon,10
2004-02-12,Café Conillon,EUNAPOLIS,Tipo 7,sc 60 kg,"125,00",125.0,Café Conillon,10
2004-02-12,Café Conillon,EUNAPOLIS,Tipo 7/8,sc 60 kg,"127,00",127.0,Café Conillon,10
2004-02-13,Café Conillon,EUNAPOLIS,Tipo 7,sc 60 kg,"120,00",120.0,Café Conillon,10
2004-02-13,Café Conillon,EUNAPOLIS,Tipo 7/8,sc 60 kg,"122,00",122.0,Café Conillon,10
2004-02-16,Café Conillon,EUNAPOLIS,Tipo 7,sc 60 kg,"120,00",120.0,Café Conillon,10
2004-02-16,Café Conillon,EUNAPOLIS,Tipo 7/8,sc 60 kg,"122,00",122.0,Café Conillon,10
2004-02-17,Café Conillon,EUNAPOLIS,Tipo 7,sc 60 kg,"120,00",120.0,Café Conillon,10
2004-02-17,Café Conillon,EUNAPOLIS,Tipo 7/8,sc 60 kg,"122,00",122.0,Café Conillon,10
2004-02-18,Café Conillon,EUNAPOLIS,Tipo 7,sc 60 kg,"120,00",120.0,Café Conillon,10
2004-02-18,Café Conillon,EUNAPOLIS,Tipo 7/8,sc 60 kg,"122,00",122.0,Café Conillon,10
2004-02-19,Café Conillon,EUNAPOLIS,Tipo 7,sc 60 kg,"120,00",120.0,Café Conillon,10
2004-02-19,Café Conillon,EUNAPOLIS,Tipo 7/8,sc 60 kg,"122,00",122.0,Café Conillon,10
2004-02-26,Café Conillon,EUNAPOLIS,Tipo 7,sc 60 kg,"120,00",120.0,Café Conillon,10
2004-02-26,Café Conillon,EUNAPOLIS,Tipo 7/8,sc 60 kg,"122,00",122.0,Café Conillon,10
2004-02-27,Café Conillon,EUNAPOLIS,Tipo 7,sc 60 kg,"120,00",120.0,Café Conillon,10
2004-02-27,Café Conillon,EUNAPOLIS,Tipo 7/8,sc 60 kg,"122,00",122.0,Café Conillon,10
2004-03-01,Café Conillon,EUNAPOLIS,Tipo 7,sc 60 kg,"115,00",115.0,Café Conillon,10
2004-03-01,Café Conillon,EUNAPOLIS,Tipo 7/8,sc 60 kg,"117,00",117.0,Café Conillon,10
2004-03-02,Café Conillon,EUNAPOLIS,Tipo 7,sc 60 kg,"115,00",115.0,Café Conillon,10
2004-03-02,Café Conillon,EUNAPOLIS,Tipo 7/8,sc 60 kg,"117,00",117.0,Café Conillon,10
2004-03-03,Café Conillon,EUNAPOLIS,Tipo 7,sc 60 kg,"115,00",115.0,Café Conillon,10
2004-03-03,Café Conillon,EUNAPOLIS,Tipo 7/8,sc 60 kg,"117,00",117.0,Café Conillon,10
2004-03-04,Café Conillon,EUNAPOLIS,Tipo 7,sc 60 kg,"115,00",115.0,Café Conillon,10
2004-03-04,Café Conillon,EUNAPOLIS,Tipo 7/8,sc 60 kg,"117,00",117.0,Café Conillon,10
2004-03-05,Café Conillon,EUNAPOLIS,Tipo 7,sc 60 kg,"115,00",115.0,Café Conillon,10
2004-03-05,Café Conillon,EUNAPOLIS,Tipo 7/8,sc 60 kg,"117,00",117.0,Café Conillon,10
2004-03-08,Café Conillon,EUNAPOLIS,Tipo 7,sc 60 kg,"115,00",115.0,Café Conillon,10
2004-03-08,Café Conillon,EUNAPOLIS,Tipo 7/8,sc 60 kg,"117,00",117.0,Café Conillon,10
2004-03-09,Café Conillon,EUNAPOLIS,Tipo 7,sc 60 kg,"115,00",115.0,Café Conillon,10
2004-03-09,Café Conillon,EUNAPOLIS,Tipo 7/8,sc 60 kg,"117,00",117.0,Café Conillon,10
2004-03-10,Café Conillon,EUNAPOLIS,Tipo 7,sc 60 kg,"113,00",113.0,Café Conillon,10
2004-03-10,Café Conillon,EUNAPOLIS,Tipo 7/8,sc 60 kg,"115,00",115.0,Café Conillon,10
2004-03-11,Café Conillon,EUNAPOLIS,Tipo 7,sc 60 kg,"113,00",113.0,Café Conillon,10
2004-03-11,Café Conillon,EUNAPOLIS,Tipo 7/8,sc 60 kg,"115,00",115.0,Café Conillon,10
2004-03-12,Café Conillon,EUNAPOLIS,Tipo 7,sc 60 kg,"113,00",113.0,Café Conillon,10
2004-03-12,Café Conillon,EUNAPOLIS,Tipo 7/8,sc 60 kg,"115,00",115.0,Café Conillon,10
2004-03-15,Café Conillon,EUNAPOLIS,Tipo 7,sc 60 kg,"113,00",113.0,Café Conillon,10
2004-03-15,Café Conillon,EUNAPOLIS,Tipo 7/8,sc 60 kg,"115,00",115.0,Café Conillon,10
2004-03-16,Café Conillon,EUNAPOLIS,Tipo 7,sc 60 kg,"113,00",113.0,Café Conillon,10
2004-03-16,Café Conillon,EUNAPOLIS,Tipo 7/8,sc 60 kg,"115,00",115.0,Café Conillon,10
2004-03-17,Café Conillon,EUNAPOLIS,Tipo 7,sc 60 kg,"113,00",113.0,Café Conillon,10
2004-03-17,Café Conillon,EUNAPOLIS,Tipo 7/8,sc 60 kg,"115,00",115.0,Café Conillon,10
2004-03-18,Café Conillon,EUNAPOLIS,Tipo 7,sc 60 kg,"113,00",113.0,Café Conillon,10
2004-03-18,Café Conillon,EUNAPOLIS,Tipo 7/8,sc 60 kg,"115,00",115.0,Café Conillon,10
2004-03-19,Café Conillon,EUNAPOLIS,Tipo 7,sc 60 kg,"113,00",113.0,Café Conillon,10
2004-03-19,Café Conillon,EUNAPOLIS,Tipo 7/8,sc 60 kg,"115,00",115.0,Café Conillon,10
2004-03-22,Café Conillon,EUNAPOLIS,Tipo 7,sc 60 kg,"113,00",113.0,Café Conillon,10
2004-03-22,Café Conillon,EUNAPOLIS,Tipo 7/8,sc 60 kg,"115,00",115.0,Café Conillon,10
2004-03-23,Café Conillon,EUNAPOLIS,Tipo 7,sc 60 kg,"113,00",113.0,Café Conillon,10
2004-03-23,Café Conillon,EUNAPOLIS,Tipo 7/8,sc 60 kg,"115,00",115.0,Café Conillon,10
2004-03-24,Café Conillon,EUNAPOLIS,Tipo 7,sc 60 kg,"113,00",113.0,Café Conillon,10
2004-03-24,Café Conillon,EUNAPOLIS,Tipo 7/8,sc 60 kg,"115,00",115.0,Café Conillon,10
2004-03-25,Café Conillon,EUNAPOLIS,Tipo 7,sc 60 kg,"113,00",113.0,Café Conillon,10
2004-03-25,Café Conillon,EUNAPOLIS,Tipo 7/8,sc 60 kg,"115,00",115.0,Café Conillon,10
2004-03-26,Café Conillon,EUNAPOLIS,Tipo 7,sc 60 kg,"113,00",113.0,Café Conillon,10
2004-03-26,Café Conillon,EUNAPOLIS,Tipo 7/8,sc 60 kg,"115,00",115.0,Café Conillon,10
2004-03-29,Café Conillon,EUNAPOLIS,Tipo 7,sc 60 kg,"108,00",108.0,Café Conillon,10
2004-03-29,Café Conillon,EUNAPOLIS,Tipo 7/8,sc 60 kg,"110,00",110.0,Café Conillon,10
2004-03-30,Café Conillon,EUNAPOLIS,Tipo 7,sc 60 kg,"108,00",108.0,Café Conillon,10
2004-03-30,Café Conillon,EUNAPOLIS,Tipo 7/8,sc 60 kg,"110,00",110.0,Café Conillon,10
2004-03-31,Café Conillon,EUNAPOLIS,Tipo 7,sc 60 kg,"108,00",108.0,Café Conillon,10
2004-03-31,Café Conillon,EUNAPOLIS,Tipo 7/8,sc 60 kg,"110,00",110.0,Café Conillon,10
2004-04-01,Café Conillon,EUNAPOLIS,Tipo 7,sc 60 kg,"108,00",108.0,Café Conillon,10
2004-04-01,Café Conillon,EUNAPOLIS,Tipo 7/8,sc 60 kg,"110,00",110.0,Café Conillon,10
2004-04-02,Café Conillon,EUNAPOLIS,Tipo 7,sc 60 kg,"108,00",108.0,Café Conillon,10
2004-04-02,Café Conillon,EUNAPOLIS,Tipo 7/8,sc 60 kg,"110,00",110.0,Café Conillon,10
2004-04-05,Café Conillon,EUNAPOLIS,Tipo 7,sc 60 kg,"108,00",108.0,Café Conillon,10
2004-04-05,Café Conillon,EUNAPOLIS,Tipo 7/8,sc 60 kg,"110,00",110.0,Café Conillon,10
2004-04-06,Café Conillon,EUNAPOLIS,Tipo 7,sc 60 kg,"108,00",108.0,Café Conillon,10
2004-04-06,Café Conillon,EUNAPOLIS,Tipo 7/8,sc 60 kg,"110,00",110.0,Café Conillon,10
2004-04-07,Café Conillon,EUNAPOLIS,Tipo 7,sc 60 kg,"108,00",108.0,Café Conillon,10
2004-04-07,Café Conillon,EUNAPOLIS,Tipo 7/8,sc 60 kg,"110,00",110.0,Café Conillon,10
2004-04-12,Café Conillon,EUNAPOLIS,Tipo 7,sc 60 kg,"106,00",106.0,Café Conillon,10
2004-04-12,Café Conillon,EUNAPOLIS,Tipo 7/8,sc 60 kg,"108,00",108.0,Café Conillon,10
2004-04-13,Café Conillon,EUNAPOLIS,Tipo 7,sc 60 kg,"106,00",106.0,Café Conillon,10
2004-04-13,Café Conillon,EUNAPOLIS,Tipo 7/8,sc 60 kg,"108,00",108.0,Café Conillon,10
2004-04-14,Café Conillon,EUNAPOLIS,Tipo 7,sc 60 kg,"106,00",106.0,Café Conillon,10
2004-04-14,Café Conillon,EUNAPOLIS,Tipo 7/8,sc 60 kg,"108,00",108.0,Café Conillon,10
2004-04-15,Café Conillon,EUNAPOLIS,Tipo 7,sc 60 kg,"106,00",106.0,Café Conillon,10
2004-04-15,Café Conillon,EUNAPOLIS,Tipo 7/8,sc 60 kg,"108,00",108.0,Café Conillon,10
2004-04-16,Café Conillon,EUNAPOLIS,Tipo 7,sc 60 kg,"106,00",106.0,Café Conillon,10
2004-04-16,Café Conillon,EUNAPOLIS,Tipo 7/8,sc 60 kg,"108,00",108.0,Café Conillon,10
2004-04-19,Café Conillon,EUNAPOLIS,Tipo 7,sc 60 kg,"106,00",106.0,Café Conillon,10
2004-04-19,Café Conillon,EUNAPOLIS,Tipo 7/8,sc 60 kg,"108,00",108.0,Café Conillon,10
2004-04-20,Café Conillon,EUNAPOLIS,Tipo 7,sc 60 kg,"106,00",106.0,Café Conillon,10
2004-04-20,Café Conillon,EUNAPOLIS,Tipo 7/8,sc 60 kg,"108,00",108.0,Café Conillon,10
2004-04-22,Café Conillon,EUNAPOLIS,Tipo 7,sc 60 kg,"106,00",106.0,Café Conillon,10
2004-04-22,Café Conillon,EUNAPOLIS,Tipo 7/8,sc 60 kg,"108,00",108.0,Café Conillon,10
2004-04-23,Café Conillon,EUNAPOLIS,Tipo 7,sc 60 kg,"106,00",106.0,Café Conillon,10
2004-04-23,Café Conillon,EUNAPOLIS,Tipo 7/8,sc 60 kg,"108,00",108.0,Café Conillon,10
2004-04-26,Café Conillon,EUNAPOLIS,Tipo 7,sc 60 kg,"108,00",108.0,Café Conillon,10
2004-04-26,Café Conillon,EUNAPOLIS,Tipo 7/8,sc 60 kg,"110,00",110.0,Café Conillon,10
2004-04-27,Café Conillon,EUNAPOLIS,Tipo 7,sc 60 kg,"108,00",108.0,Café Conillon,10
2004-04-27,Café Conillon,EUNAPOLIS,Tipo 7/8,sc 60 kg,"110,00",110.0,Café Conillon,10
2004-04-28,Café Conillon,EUNAPOLIS,Tipo 7,sc 60 kg,"108,00",108.0,Café Conillon,10
2004-04-28,Café Conillon,EUNAPOLIS,Tipo 7/8,sc 60 kg,"110,00",110.0,Café Conillon,10
2004-04-29,Café Conillon,EUNAPOLIS,Tipo 7,sc 60 kg,"108,00",108.0,Café Conillon,10
2004-04-29,Café Conillon,EUNAPOLIS,Tipo 7/8,sc 60 kg,"110,00",110.0,Café Conillon,10
2004-04-30,Café Conillon,EUNAPOLIS,Tipo 7,sc 60 kg,"108,00",108.0,Café Conillon,10
2004-04-30,Café Conillon,EUNAPOLIS,Tipo 7/8,sc 60 kg,"110,00",110.0,Café Conillon,10
2004-05-03,Café Conillon,EUNAPOLIS,Tipo 7,sc 60 kg,"108,00",108.0,Café Conillon,10
2004-05-03,Café Conillon,EUNAPOLIS,Tipo 7/8,sc 60 kg,"110,00",110.0,Café Conillon,10
2004-05-04,Café Conillon,EUNAPOLIS,Tipo 7,sc 60 kg,"108,00",108.0,Café Conillon,10
2004-05-04,Café Conillon,EUNAPOLIS,Tipo 7/8,sc 60 kg,"110,00",110.0,Café Conillon,10
2004-05-05,Café Conillon,EUNAPOLIS,Tipo 7,sc 60 kg,"108,00",108.0,Café Conillon,10
2004-05-05,Café Conillon,EUNAPOLIS,Tipo 7/8,sc 60 kg,"110,00",110.0,Café Conillon,10
2004-05-06,Café Conillon,EUNAPOLIS,Tipo 7,sc 60 kg,"108,00",108.0,Café Conillon,10
2004-05-06,Café Conillon,EUNAPOLIS,Tipo 7/8,sc 60 kg,"110,00",110.0,Café Conillon,10
2004-05-07,Café Conillon,EUNAPOLIS,Tipo 7,sc 60 kg,"108,00",108.0,Café Conillon,10
2004-05-07,Café Conillon,EUNAPOLIS,Tipo 7/8,sc 60 kg,"110,00",110.0,Café Conillon,10
2004-05-10,Café Conillon,EUNAPOLIS,Tipo 7,sc 60 kg,"108,00",108.0,Café Conillon,10
2004-05-10,Café Conillon,EUNAPOLIS,Tipo 7/8,sc 60 kg,"110,00",110.0,Café Conillon,10
2004-05-11,Café Conillon,EUNAPOLIS,Tipo 7,sc 60 kg,"108,00",108.0,Café Conillon,10
2004-05-11,Café Conillon,EUNAPOLIS,Tipo 7/8,sc 60 kg,"110,00",110.0,Café Conillon,10
2004-05-12,Café Conillon,EUNAPOLIS,Tipo 7,sc 60 kg,"108,00",108.0,Café Conillon,10
2004-05-12,Café Conillon,EUNAPOLIS,Tipo 7/8,sc 60 kg,"110,00",110.0,Café Conillon,10
2004-05-13,Café Conillon,EUNAPOLIS,Tipo 7,sc 60 kg,"108,00",108.0,Café Conillon,10
2004-05-13,Café Conillon,EUNAPOLIS,Tipo 7/8,sc 60 kg,"110,00",110.0,Café Conillon,10
2004-05-14,Café Conillon,EUNAPOLIS,Tipo 7,sc 60 kg,"108,00",108.0,Café Conillon,10
2004-05-14,Café Conillon,EUNAPOLIS,Tipo 7/8,sc 60 kg,"110,00",110.0,Café Conillon,10
2004-05-17,Café Conillon,EUNAPOLIS,Tipo 7,sc 60 kg,"108,00",108.0,Café Conillon,10
2004-05-17,Café Conillon,EUNAPOLIS,Tipo 7/8,sc 60 kg,"110,00",110.0,Café Conillon,10
2004-05-18,Café Conillon,EUNAPOLIS,Tipo 7,sc 60 kg,"108,00",108.0,Café Conillon,10
2004-05-18,Café Conillon,EUNAPOLIS,Tipo 7/8,sc 60 kg,"110,00",110.0,Café Conillon,10
2004-05-19,Café Conillon,EUNAPOLIS,Tipo 7,sc 60 kg,"108,00",108.0,Café Conillon,10
2004-05-19,Café Conillon,EUNAPOLIS,Tipo 7/8,sc 60 kg,"110,00",110.0,Café Conillon,10
2004-05-20,Café Conillon,EUNAPOLIS,Tipo 7,sc 60 kg,"108,00",108.0,Café Conillon,10
2004-05-20,Café Conillon,EUNAPOLIS,Tipo 7/8,sc 60 kg,"110,00",110.0,Café Conillon,10
2004-05-21,Café Conillon,EUNAPOLIS,Tipo 7,sc 60 kg,"108,00",108.0,Café Conillon,10
2004-05-21,Café Conillon,EUNAPOLIS,Tipo 7/8,sc 60 kg,"110,00",110.0,Café Conillon,10
2004-05-24,Café Conillon,EUNAPOLIS,Tipo 7,sc 60 kg,"123,00",123.0,Café Conillon,10
2004-05-24,Café Conillon,EUNAPOLIS,Tipo 7/8,sc 60 kg,"125,00",125.0,Café Conillon,10
2004-05-25,Café Conillon,EUNAPOLIS,Tipo 7,sc 60 kg,"123,00",123.0,Café Conillon,10
2004-05-25,Café Conillon,EUNAPOLIS,Tipo 7/8,sc 60 kg,"125,00",125.0,Café Conillon,10
2004-05-26,Café Conillon,EUNAPOLIS,Tipo 7,sc 60 kg,"123,00",123.0,Café Conillon,10
2004-05-26,Café Conillon,EUNAPOLIS,Tipo 7/8,sc 60 kg,"125,00",125.0,Café Conillon,10
2004-05-27,Café Conillon,EUNAPOLIS,Tipo 7,sc 60 kg,"123,00",123.0,Café Conillon,10
2004-05-27,Café Conillon,EUNAPOLIS,Tipo 7/8,sc 60 kg,"125,00",125.0,Café Conillon,10
2004-05-28,Café Conillon,EUNAPOLIS,Tipo 7,sc 60 kg,"123,00",123.0,Café Conillon,10
2004-05-28,Café Conillon,EUNAPOLIS,Tipo 7/8,sc 60 kg,"125,00",125.0,Café Conillon,10
2004-05-31,Café Conillon,EUNAPOLIS,Tipo 7,sc 60 kg,"123,00",123.0,Café Conillon,10
2004-05-31,Café Conillon,EUNAPOLIS,Tipo 7/8,sc 60 kg,"125,00",125.0,Café Conillon,10
2004-06-01,Café Conillon,EUNAPOLIS,Tipo 7,sc 60 kg,"123,00",123.0,Café Conillon,10
2004-06-01,Café Conillon,EUNAPOLIS,Tipo 7/8,sc 60 kg,"125,00",125.0,Café Conillon,10
2004-06-02,Café Conillon,EUNAPOLIS,Tipo 7,sc 60 kg,"123,00",123.0,Café Conillon,10
2004-06-02,Café Conillon,EUNAPOLIS,Tipo 7/8,sc 60 kg,"125,00",125.0,Café Conillon,10
2004-06-03,Café Conillon,EUNAPOLIS,Tipo 7,sc 60 kg,"123,00",123.0,Café Conillon,10
2004-06-03,Café Conillon,EUNAPOLIS,Tipo 7/8,sc 60 kg,"125,00",125.0,Café Conillon,10
2004-06-04,Café Conillon,EUNAPOLIS,Tipo 7,sc 60 kg,"123,00",123.0,Café Conillon,10
2004-06-04,Café Conillon,EUNAPOLIS,Tipo 7/8,sc 60 kg,"125,00",125.0,Café Conillon,10
2004-06-07,Café Conillon,EUNAPOLIS,Tipo 7,sc 60 kg,"135,00",135.0,Café Conillon,10
2004-06-07,Café Conillon,EUNAPOLIS,Tipo 7/8,sc 60 kg,"137,00",137.0,Café Conillon,10
2004-06-08,Café Conillon,EUNAPOLIS,Tipo 7,sc 60 kg,"135,00",135.0,Café Conillon,10
2004-06-08,Café Conillon,EUNAPOLIS,Tipo 7/8,sc 60 kg,"137,00",137.0,Café Conillon,10
2004-06-09,Café Conillon,EUNAPOLIS,Tipo 7,sc 60 kg,"135,00",135.0,Café Conillon,10
2004-06-09,Café Conillon,EUNAPOLIS,Tipo 7/8,sc 60 kg,"137,00",137.0,Café Conillon,10
2004-06-14,Café Conillon,EUNAPOLIS,Tipo 7,sc 60 kg,"133,00",133.0,Café Conillon,10
2004-06-14,Café Conillon,EUNAPOLIS,Tipo 7/8,sc 60 kg,"135,00",135.0,Café Conillon,10
2004-06-15,Café Conillon,EUNAPOLIS,Tipo 7,sc 60 kg,"133,00",133.0,Café Conillon,10
2004-06-15,Café Conillon,EUNAPOLIS,Tipo 7/8,sc 60 kg,"135,00",135.0,Café Conillon,10
2004-06-16,Café Conillon,EUNAPOLIS,Tipo 7,sc 60 kg,"133,00",133.0,Café Conillon,10
2004-06-16,Café Conillon,EUNAPOLIS,Tipo 7/8,sc 60 kg,"135,00",135.0,Café Conillon,10
2004-06-17,Café Conillon,EUNAPOLIS,Tipo 7,sc 60 kg,"120,00",120.0,Café Conillon,10
2004-06-17,Café Conillon,EUNAPOLIS,Tipo 7/8,sc 60 kg,"122,00",122.0,Café Conillon,10
2004-06-18,Café Conillon,EUNAPOLIS,Tipo 7,sc 60 kg,"120,00",120.0,Café Conillon,10
2004-06-18,Café Conillon,EUNAPOLIS,Tipo 7/8,sc 60 kg,"122,00",122.0,Café Conillon,10
2004-06-21,Café Conillon,EUNAPOLIS,Tipo 7,sc 60 kg,"120,00",120.0,Café Conillon,10
2004-06-21,Café Conillon,EUNAPOLIS,Tipo 7/8,sc 60 kg,"122,00",122.0,Café Conillon,10
2004-06-22,Café Conillon,EUNAPOLIS,Tipo 7,sc 60 kg,"120,00",120.0,Café Conillon,10
2004-06-22,Café Conillon,EUNAPOLIS,Tipo 7/8,sc 60 kg,"122,00",122.0,Café Conillon,10
2004-06-28,Café Conillon,EUNAPOLIS,Tipo 7,sc 60 kg,"120,00",120.0,Café Conillon,10
2004-06-28,Café Conillon,EUNAPOLIS,Tipo 7/8,sc 60 kg,"122,00",122.0,Café Conillon,10
2004-06-29,Café Conillon,EUNAPOLIS,Tipo 7,sc 60 kg,"120,00",120.0,Café Conillon,10
2004-06-29,Café Conillon,EUNAPOLIS,Tipo 7/8,sc 60 kg,"122,00",122.0,Café Conillon,10
2004-06-30,Café Conillon,EUNAPOLIS,Tipo 7,sc 60 kg,"120,00",120.0,Café Conillon,10
2004-06-30,Café Conillon,EUNAPOLIS,Tipo 7/8,sc 60 kg,"122,00",122.0,Café Conillon,10
2004-07-01,Café Conillon,EUNAPOLIS,Tipo 7,sc 60 kg,"120,00",120.0,Café Conillon,10
2004-07-01,Café Conillon,EUNAPOLIS,Tipo 7/8,sc 60 kg,"122,00",122.0,Café Conillon,10
2004-07-05,Café Conillon,EUNAPOLIS,Tipo 7,sc 60 kg,"120,00",120.0,Café Conillon,10
2004-07-05,Café Conillon,EUNAPOLIS,Tipo 7/8,sc 60 kg,"122,00",122.0,Café Conillon,10
2004-07-06,Café Conillon,EUNAPOLIS,Tipo 7,sc 60 kg,"120,00",120.0,Café Conillon,10
2004-07-06,Café Conillon,EUNAPOLIS,Tipo 7/8,sc 60 kg,"122,00",122.0,Café Conillon,10
2004-07-07,Café Conillon,EUNAPOLIS,Tipo 7,sc 60 kg,"120,00",120.0,Café Conillon,10
2004-07-07,Café Conillon,EUNAPOLIS,Tipo 7/8,sc 60 kg,"122,00",122.0,Café Conillon,10
2004-07-08,Café Conillon,EUNAPOLIS,Tipo 7,sc 60 kg,"120,00",120.0,Café Conillon,10
2004-07-08,Café Conillon,EUNAPOLIS,Tipo 7/8,sc 60 kg,"122,00",122.0,Café Conillon,10
2004-07-09,Café Conillon,EUNAPOLIS,Tipo 7,sc 60 kg,"120,00",120.0,Café Conillon,10
2004-07-09,Café Conillon,EUNAPOLIS,Tipo 7/8,sc 60 kg,"122,00",122.0,Café Conillon,10
2004-07-12,Café Conillon,EUNAPOLIS,Tipo 7,sc 60 kg,"120,00",120.0,Café Conillon,10
2004-07-12,Café Conillon,EUNAPOLIS,Tipo 7/8,sc 60 kg,"122,00",122.0,Café Conillon,10
2004-07-13,Café Conillon,EUNAPOLIS,Tipo 7,sc 60 kg,"120,00",120.0,Café Conillon,10
2004-07-13,Café Conillon,EUNAPOLIS,Tipo 7/8,sc 60 kg,"122,00",122.0,Café Conillon,10
2004-07-14,Café Conillon,EUNAPOLIS,Tipo 7,sc 60 kg,"120,00",120.0,Café Conillon,10
2004-07-14,Café Conillon,EUNAPOLIS,Tipo 7/8,sc 60 kg,"122,00",122.0,Café Conillon,10
2004-07-15,Café Conillon,EUNAPOLIS,Tipo 7,sc 60 kg,"120,00",120.0,Café Conillon,10
2004-07-15,Café Conillon,EUNAPOLIS,Tipo 7/8,sc 60 kg,"122,00",122.0,Café Conillon,10
2004-07-16,Café Conillon,EUNAPOLIS,Tipo 7,sc 60 kg,"120,00",120.0,Café Conillon,10
2004-07-16,Café Conillon,EUNAPOLIS,Tipo 7/8,sc 60 kg,"122,00",122.0,Café Conillon,10
2004-07-19,Café Conillon,EUNAPOLIS,Tipo 7,sc 60 kg,"113,00",113.0,Café Conillon,10
2004-07-19,Café Conillon,EUNAPOLIS,Tipo 7/8,sc 60 kg,"115,00",115.0,Café Conillon,10
2004-07-20,Café Conillon,EUNAPOLIS,Tipo 7,sc 60 kg,"113,00",113.0,Café Conillon,10
2004-07-20,Café Conillon,EUNAPOLIS,Tipo 7/8,sc 60 kg,"115,00",115.0,Café Conillon,10
2004-07-21,Café Conillon,EUNAPOLIS,Tipo 7,sc 60 kg,"113,00",113.0,Café Conillon,10
2004-07-21,Café Conillon,EUNAPOLIS,Tipo 7/8,sc 60 kg,"115,00",115.0,Café Conillon,10
2004-07-22,Café Conillon,EUNAPOLIS,Tipo 7,sc 60 kg,"113,00",113.0,Café Conillon,10
2004-07-22,Café Conillon,EUNAPOLIS,Tipo 7/8,sc 60 kg,"115,00",115.0,Café Conillon,10
2004-07-23,Café Conillon,EUNAPOLIS,Tipo 7,sc 60 kg,"113,00",113.0,Café Conillon,10
2004-07-23,Café Conillon,EUNAPOLIS,Tipo 7/8,sc 60 kg,"115,00",115.0,Café Conillon,10
2004-07-26,Café Conillon,EUNAPOLIS,Tipo 7,sc 60 kg,"115,00",115.0,Café Conillon,10
2004-07-26,Café Conillon,EUNAPOLIS,Tipo 7/8,sc 60 kg,"117,00",117.0,Café Conillon,10
2004-07-27,Café Conillon,EUNAPOLIS,Tipo 7,sc 60 kg,"115,00",115.0,Café Conillon,10
2004-07-27,Café Conillon,EUNAPOLIS,Tipo 7/8,sc 60 kg,"117,00",117.0,Café Conillon,10
2004-07-28,Café Conillon,EUNAPOLIS,Tipo 7,sc 60 kg,"115,00",115.0,Café Conillon,10
2004-07-28,Café Conillon,EUNAPOLIS,Tipo 7/8,sc 60 kg,"117,00",117.0,Café Conillon,10
2004-07-29,Café Conillon,EUNAPOLIS,Tipo 7,sc 60 kg,"115,00",115.0,Café Conillon,10
2004-07-29,Café Conillon,EUNAPOLIS,Tipo 7/8,sc 60 kg,"117,00",117.0,Café Conillon,10
2004-07-30,Café Conillon,EUNAPOLIS,Tipo 7,sc 60 kg,"115,00",115.0,Café Conillon,10
2004-07-30,Café Conillon,EUNAPOLIS,Tipo 7/8,sc 60 kg,"117,00",117.0,Café Conillon,10
2004-08-02,Café Conillon,EUNAPOLIS,Tipo 7,sc 60 kg,"115,00",115.0,Café Conillon,10
2004-08-02,Café Conillon,EUNAPOLIS,Tipo 7/8,sc 60 kg,"117,00",117.0,Café Conillon,10
2004-08-03,Café Conillon,EUNAPOLIS,Tipo 7,sc 60 kg,"115,00",115.0,Café Conillon,10
2004-08-03,Café Conillon,EUNAPOLIS,Tipo 7/8,sc 60 kg,"117,00",117.0,Café Conillon,10
2004-08-04,Café Conillon,EUNAPOLIS,Tipo 7,sc 60 kg,"115,00",115.0,Café Conillon,10
2004-08-04,Café Conillon,EUNAPOLIS,Tipo 7/8,sc 60 kg,"117,00",117.0,Café Conillon,10
2004-08-05,Café Conillon,EUNAPOLIS,Tipo 7,sc 60 kg,"115,00",115.0,Café Conillon,10
2004-08-05,Café Conillon,EUNAPOLIS,Tipo 7/8,sc 60 kg,"117,00",117.0,Café Conillon,10
2004-08-06,Café Conillon,EUNAPOLIS,Tipo 7,sc 60 kg,"115,00",115.0,Café Conillon,10
2004-08-06,Café Conillon,EUNAPOLIS,Tipo 7/8,sc 60 kg,"117,00",117.0,Café Conillon,10
2004-08-09,Café Conillon,EUNAPOLIS,Tipo 7,sc 60 kg,"115,00",115.0,Café Conillon,10
2004-08-09,Café Conillon,EUNAPOLIS,Tipo 7/8,sc 60 kg,"117,00",117.0,Café Conillon,10
2004-08-10,Café Conillon,EUNAPOLIS,Tipo 7,sc 60 kg,"115,00",115.0,Café Conillon,10
2004-08-10,Café Conillon,EUNAPOLIS,Tipo 7/8,sc 60 kg,"117,00",117.0,Café Conillon,10
2004-08-11,Café Conillon,EUNAPOLIS,Tipo 7,sc 60 kg,"115,00",115.0,Café Conillon,10
2004-08-11,Café Conillon,EUNAPOLIS,Tipo 7/8,sc 60 kg,"117,00",117.0,Café Conillon,10
2004-08-12,Café Conillon,EUNAPOLIS,Tipo 7,sc 60 kg,"115,00",115.0,Café Conillon,10
2004-08-12,Café Conillon,EUNAPOLIS,Tipo 7/8,sc 60 kg,"117,00",117.0,Café Conillon,10
2004-08-13,Café Conillon,EUNAPOLIS,Tipo 7,sc 60 kg,"115,00",115.0,Café Conillon,10
2004-08-13,Café Conillon,EUNAPOLIS,Tipo 7/8,sc 60 kg,"117,00",117.0,Café Conillon,10
2004-08-16,Café Conillon,EUNAPOLIS,Tipo 7,sc 60 kg,"115,00",115.0,Café Conillon,10
2004-08-16,Café Conillon,EUNAPOLIS,Tipo 7/8,sc 60 kg,"117,00",117.0,Café Conillon,10
2004-08-17,Café Conillon,EUNAPOLIS,Tipo 7,sc 60 kg,"115,00",115.0,Café Conillon,10
2004-08-17,Café Conillon,EUNAPOLIS,Tipo 7/8,sc 60 kg,"117,00",117.0,Café Conillon,10
2004-08-18,Café Conillon,EUNAPOLIS,Tipo 7,sc 60 kg,"115,00",115.0,Café Conillon,10
2004-08-18,Café Conillon,EUNAPOLIS,Tipo 7/8,sc 60 kg,"117,00",117.0,Café Conillon,10
2004-08-19,Café Conillon,EUNAPOLIS,Tipo 7,sc 60 kg,"115,00",115.0,Café Conillon,10
2004-08-19,Café Conillon,EUNAPOLIS,Tipo 7/8,sc 60 kg,"117,00",117.0,Café Conillon,10
2004-08-20,Café Conillon,EUNAPOLIS,Tipo 7,sc 60 kg,"115,00",115.0,Café Conillon,10
2004-08-20,Café Conillon,EUNAPOLIS,Tipo 7/8,sc 60 kg,"117,00",117.0,Café Conillon,10
2004-08-23,Café Conillon,EUNAPOLIS,Tipo 7,sc 60 kg,"115,00",115.0,Café Conillon,10
2004-08-23,Café Conillon,EUNAPOLIS,Tipo 7/8,sc 60 kg,"117,00",117.0,Café Conillon,10
2004-08-24,Café Conillon,EUNAPOLIS,Tipo 7,sc 60 kg,"115,00",115.0,Café Conillon,10
2004-08-24,Café Conillon,EUNAPOLIS,Tipo 7/8,sc 60 kg,"117,00",117.0,Café Conillon,10
2004-08-25,Café Conillon,EUNAPOLIS,Tipo 7,sc 60 kg,"115,00",115.0,Café Conillon,10
2004-08-25,Café Conillon,EUNAPOLIS,Tipo 7/8,sc 60 kg,"117,00",117.0,Café Conillon,10
2004-08-26,Café Conillon,EUNAPOLIS,Tipo 7,sc 60 kg,"115,00",115.0,Café Conillon,10
2004-08-26,Café Conillon,EUNAPOLIS,Tipo 7/8,sc 60 kg,"117,00",117.0,Café Conillon,10
2004-08-27,Café Conillon,EUNAPOLIS,Tipo 7,sc 60 kg,"115,00",115.0,Café Conillon,10
2004-08-27,Café Conillon,EUNAPOLIS,Tipo 7/8,sc 60 kg,"117,00",117.0,Café Conillon,10
2004-08-30,Café Conillon,EUNAPOLIS,Tipo 7,sc 60 kg,"121,00",121.0,Café Conillon,10
2004-08-30,Café Conillon,EUNAPOLIS,Tipo 7/8,sc 60 kg,"123,00",123.0,Café Conillon,10
2004-08-31,Café Conillon,EUNAPOLIS,Tipo 7,sc 60 kg,"121,00",121.0,Café Conillon,10
2004-08-31,Café Conillon,EUNAPOLIS,Tipo 7/8,sc 60 kg,"123,00",123.0,Café Conillon,10
2004-09-01,Café Conillon,EUNAPOLIS,Tipo 7,sc 60 kg,"121,00",121.0,Café Conillon,10
2004-09-01,Café Conillon,EUNAPOLIS,Tipo 7/8,sc 60 kg,"123,00",123.0,Café Conillon,10
2004-09-02,Café Conillon,EUNAPOLIS,Tipo 7,sc 60 kg,"121,00",121.0,Café Conillon,10
2004-09-02,Café Conillon,EUNAPOLIS,Tipo 7/8,sc 60 kg,"123,00",123.0,Café Conillon,10
2004-09-03,Café Conillon,EUNAPOLIS,Tipo 7,sc 60 kg,"121,00",121.0,Café Conillon,10
2004-09-03,Café Conillon,EUNAPOLIS,Tipo 7/8,sc 60 kg,"123,00",123.0,Café Conillon,10
2004-09-06,Café Conillon,EUNAPOLIS,Tipo 7,sc 60 kg,"121,00",121.0,Café Conillon,10
2004-09-06,Café Conillon,EUNAPOLIS,Tipo 7,sc 60 kg,"123,00",123.0,Café Conillon,10
2004-09-06,Café Conillon,EUNAPOLIS,Tipo 7/8,sc 60 kg,"121,00",121.0,Café Conillon,10
2004-09-08,Café Conillon,EUNAPOLIS,Tipo 7,sc 60 kg,"123,00",123.0,Café Conillon,10
2004-09-08,Café Conillon,EUNAPOLIS,Tipo 7/8,sc 60 kg,"121,00",121.0,Café Conillon,10
2004-09-09,Café Conillon,EUNAPOLIS,Tipo 7,sc 60 kg,"123,00",123.0,Café Conillon,10
2004-09-09,Café Conillon,EUNAPOLIS,Tipo 7/8,sc 60 kg,"121,00",121.0,Café Conillon,10
2004-09-10,Café Conillon,EUNAPOLIS,Tipo 7,sc 60 kg,"123,00",123.0,Café Conillon,10
2004-09-10,Café Conillon,EUNAPOLIS,Tipo 7/8,sc 60 kg,"121,00",121.0,Café Conillon,10
2004-09-13,Café Conillon,EUNAPOLIS,Tipo 7,sc 60 kg,"123,00",123.0,Café Conillon,10
2004-09-13,Café Conillon,EUNAPOLIS,Tipo 7/8,sc 60 kg,"121,00",121.0,Café Conillon,10
2004-09-14,Café Conillon,EUNAPOLIS,Tipo 7,sc 60 kg,"123,00",123.0,Café Conillon,10
2004-09-14,Café Conillon,EUNAPOLIS,Tipo 7/8,sc 60 kg,"121,00",121.0,Café Conillon,10
2004-09-15,Café Conillon,EUNAPOLIS,Tipo 7,sc 60 kg,"123,00",123.0,Café Conillon,10
2004-09-15,Café Conillon,EUNAPOLIS,Tipo 7/8,sc 60 kg,"121,00",121.0,Café Conillon,10
2004-09-16,Café Conillon,EUNAPOLIS,Tipo 7,sc 60 kg,"123,00",123.0,Café Conillon,10
2004-09-16,Café Conillon,EUNAPOLIS,Tipo 7/8,sc 60 kg,"121,00",121.0,Café Conillon,10
2004-09-17,Café Conillon,EUNAPOLIS,Tipo 7,sc 60 kg,"123,00",123.0,Café Conillon,10
2004-09-17,Café Conillon,EUNAPOLIS,Tipo 7/8,sc 60 kg,"121,00",121.0,Café Conillon,10
2004-09-20,Café Conillon,EUNAPOLIS,Tipo 7,sc 60 kg,"127,00",127.0,Café Conillon,10
2004-09-20,Café Conillon,EUNAPOLIS,Tipo 7/8,sc 60 kg,"125,00",125.0,Café Conillon,10
2004-09-21,Café Conillon,EUNAPOLIS,Tipo 7,sc 60 kg,"127,00",127.0,Café Conillon,10
2004-09-21,Café Conillon,EUNAPOLIS,Tipo 7/8,sc 60 kg,"125,00",125.0,Café Conillon,10
2004-09-22,Café Conillon,EUNAPOLIS,Tipo 7,sc 60 kg,"127,00",127.0,Café Conillon,10
2004-09-22,Café Conillon,EUNAPOLIS,Tipo 7/8,sc 60 kg,"125,00",125.0,Café Conillon,10
2004-09-23,Café Conillon,EUNAPOLIS,Tipo 7,sc 60 kg,"127,00",127.0,Café Conillon,10
2004-09-23,Café Conillon,EUNAPOLIS,Tipo 7/8,sc 60 kg,"125,00",125.0,Café Conillon,10
2004-09-24,Café Conillon,EUNAPOLIS,Tipo 7,sc 60 kg,"127,00",127.0,Café Conillon,10
2004-09-24,Café Conillon,EUNAPOLIS,Tipo 7/8,sc 60 kg,"125,00",125.0,Café Conillon,10
2004-09-27,Café Conillon,EUNAPOLIS,Tipo 7,sc 60 kg,"130,00",130.0,Café Conillon,10
2004-09-27,Café Conillon,EUNAPOLIS,Tipo 7/8,sc 60 kg,"128,00",128.0,Café Conillon,10
2004-09-28,Café Conillon,EUNAPOLIS,Tipo 7,sc 60 kg,"130,00",130.0,Café Conillon,10
2004-09-28,Café Conillon,EUNAPOLIS,Tipo 7/8,sc 60 kg,"128,00",128.0,Café Conillon,10
2004-09-29,Café Conillon,EUNAPOLIS,Tipo 7,sc 60 kg,"130,00",130.0,Café Conillon,10
2004-09-29,Café Conillon,EUNAPOLIS,Tipo 7/8,sc 60 kg,"128,00",128.0,Café Conillon,10
2004-09-30,Café Conillon,EUNAPOLIS,Tipo 7,sc 60 kg,"130,00",130.0,Café Conillon,10
2004-09-30,Café Conillon,EUNAPOLIS,Tipo 7/8,sc 60 kg,"128,00",128.0,Café Conillon,10
2004-10-01,Café Conillon,EUNAPOLIS,Tipo 7,sc 60 kg,"130,00",130.0,Café Conillon,10
2004-10-01,Café Conillon,EUNAPOLIS,Tipo 7/8,sc 60 kg,"128,00",128.0,Café Conillon,10
2004-10-04,Café Conillon,EUNAPOLIS,Tipo 7,sc 60 kg,"125,00",125.0,Café Conillon,10
2004-10-04,Café Conillon,EUNAPOLIS,Tipo 7/8,sc 60 kg,"123,00",123.0,Café Conillon,10
2004-10-05,Café Conillon,EUNAPOLIS,Tipo 7,sc 60 kg,"125,00",125.0,Café Conillon,10
2004-10-05,Café Conillon,EUNAPOLIS,Tipo 7/8,sc 60 kg,"123,00",123.0,Café Conillon,10
2004-10-06,Café Conillon,EUNAPOLIS,Tipo 7,sc 60 kg,"125,00",125.0,Café Conillon,10
2004-10-06,Café Conillon,EUNAPOLIS,Tipo 7/8,sc 60 kg,"123,00",123.0,Café Conillon,10
2004-10-07,Café Conillon,EUNAPOLIS,Tipo 7,sc 60 kg,"125,00",125.0,Café Conillon,10
2004-10-07,Café Conillon,EUNAPOLIS,Tipo 7/8,sc 60 kg,"123,00",123.0,Café Conillon,10
2004-10-08,Café Conillon,EUNAPOLIS,Tipo 7,sc 60 kg,"125,00",125.0,Café Conillon,10
2004-10-08,Café Conillon,EUNAPOLIS,Tipo 7/8,sc 60 kg,"123,00",123.0,Café Conillon,10
2004-10-11,Café Conillon,EUNAPOLIS,Tipo 7,sc 60 kg,"125,00",125.0,Café Conillon,10
2004-10-11,Café Conillon,EUNAPOLIS,Tipo 7/8,sc 60 kg,"123,00",123.0,Café Conillon,10
2004-10-13,Café Conillon,EUNAPOLIS,Tipo 7,sc 60 kg,"125,00",125.0,Café Conillon,10
2004-10-13,Café Conillon,EUNAPOLIS,Tipo 7/8,sc 60 kg,"123,00",123.0,Café Conillon,10
2004-10-14,Café Conillon,EUNAPOLIS,Tipo 7,sc 60 kg,"125,00",125.0,Café Conillon,10
2004-10-14,Café Conillon,EUNAPOLIS,Tipo 7/8,sc 60 kg,"123,00",123.0,Café Conillon,10
2004-10-15,Café Conillon,EUNAPOLIS,Tipo 7,sc 60 kg,"125,00",125.0,Café Conillon,10
2004-10-15,Café Conillon,EUNAPOLIS,Tipo 7/8,sc 60 kg,"123,00",123.0,Café Conillon,10
2004-10-18,Café Conillon,EUNAPOLIS,Tipo 7,sc 60 kg,"125,00",125.0,Café Conillon,10
2004-10-18,Café Conillon,EUNAPOLIS,Tipo 7/8,sc 60 kg,"123,00",123.0,Café Conillon,10
2004-10-19,Café Conillon,EUNAPOLIS,Tipo 7,sc 60 kg,"125,00",125.0,Café Conillon,10
2004-10-19,Café Conillon,EUNAPOLIS,Tipo 7/8,sc 60 kg,"123,00",123.0,Café Conillon,10
2004-10-20,Café Conillon,EUNAPOLIS,Tipo 7,sc 60 kg,"125,00",125.0,Café Conillon,10
2004-10-20,Café Conillon,EUNAPOLIS,Tipo 7/8,sc 60 kg,"123,00",123.0,Café Conillon,10
2004-10-21,Café Conillon,EUNAPOLIS,Tipo 7,sc 60 kg,"125,00",125.0,Café Conillon,10
2004-10-21,Café Conillon,EUNAPOLIS,Tipo 7/8,sc 60 kg,"123,00",123.0,Café Conillon,10
2004-10-22,Café Conillon,EUNAPOLIS,Tipo 7,sc 60 kg,"125,00",125.0,Café Conillon,10
2004-10-22,Café Conillon,EUNAPOLIS,Tipo 7/8,sc 60 kg,"123,00",123.0,Café Conillon,10
2004-10-25,Café Conillon,EUNAPOLIS,Tipo 7,sc 60 kg,"125,00",125.0,Café Conillon,10
2004-10-25,Café Conillon,EUNAPOLIS,Tipo 7/8,sc 60 kg,"123,00",123.0,Café Conillon,10
2004-10-26,Café Conillon,EUNAPOLIS,Tipo 7,sc 60 kg,"125,00",125.0,Café Conillon,10
2004-10-26,Café Conillon,EUNAPOLIS,Tipo 7/8,sc 60 kg,"123,00",123.0,Café Conillon,10
2004-10-27,Café Conillon,EUNAPOLIS,Tipo 7,sc 60 kg,"125,00",125.0,Café Conillon,10
2004-10-27,Café Conillon,EUNAPOLIS,Tipo 7/8,sc 60 kg,"123,00",123.0,Café Conillon,10
2004-10-28,Café Conillon,EUNAPOLIS,Tipo 7,sc 60 kg,"125,00",125.0,Café Conillon,10
2004-10-28,Café Conillon,EUNAPOLIS,Tipo 7/8,sc 60 kg,"123,00",123.0,Café Conillon,10
2004-10-29,Café Conillon,EUNAPOLIS,Tipo 7,sc 60 kg,"125,00",125.0,Café Conillon,10
2004-10-29,Café Conillon,EUNAPOLIS,Tipo 7/8,sc 60 kg,"123,00",123.0,Café Conillon,10
2004-11-03,Café Conillon,EUNAPOLIS,Tipo 7,sc 60 kg,"125,00",125.0,Café Conillon,10
2004-11-03,Café Conillon,EUNAPOLIS,Tipo 7/8,sc 60 kg,"123,00",123.0,Café Conillon,10
2004-11-04,Café Conillon,EUNAPOLIS,Tipo 7,sc 60 kg,"125,00",125.0,Café Conillon,10
2004-11-04,Café Conillon,EUNAPOLIS,Tipo 7/8,sc 60 kg,"123,00",123.0,Café Conillon,10
2004-11-05,Café Conillon,EUNAPOLIS,Tipo 7,sc 60 kg,"125,00",125.0,Café Conillon,10
2004-11-05,Café Conillon,EUNAPOLIS,Tipo 7/8,sc 60 kg,"123,00",123.0,Café Conillon,10
2004-11-08,Café Conillon,EUNAPOLIS,Tipo 7,sc 60 kg,"120,00",120.0,Café Conillon,10
2004-11-08,Café Conillon,EUNAPOLIS,Tipo 7/8,sc 60 kg,"118,00",118.0,Café Conillon,10
2004-11-09,Café Conillon,EUNAPOLIS,Tipo 7,sc 60 kg,"120,00",120.0,Café Conillon,10
2004-11-09,Café Conillon,EUNAPOLIS,Tipo 7/8,sc 60 kg,"118,00",118.0,Café Conillon,10
2004-11-10,Café Conillon,EUNAPOLIS,Tipo 7,sc 60 kg,"120,00",120.0,Café Conillon,10
2004-11-10,Café Conillon,EUNAPOLIS,Tipo 7/8,sc 60 kg,"118,00",118.0,Café Conillon,10
2004-11-11,Café Conillon,EUNAPOLIS,Tipo 7,sc 60 kg,"120,00",120.0,Café Conillon,10
2004-11-11,Café Conillon,EUNAPOLIS,Tipo 7/8,sc 60 kg,"118,00",118.0,Café Conillon,10
2004-11-12,Café Conillon,EUNAPOLIS,Tipo 7,sc 60 kg,"120,00",120.0,Café Conillon,10
2004-11-12,Café Conillon,EUNAPOLIS,Tipo 7/8,sc 60 kg,"118,00",118.0,Café Conillon,10
2004-11-16,Café Conillon,EUNAPOLIS,Tipo 7,sc 60 kg,"120,00",120.0,Café Conillon,10
2004-11-16,Café Conillon,EUNAPOLIS,Tipo 7/8,sc 60 kg,"118,00",118.0,Café Conillon,10
2004-11-17,Café Conillon,EUNAPOLIS,Tipo 7,sc 60 kg,"120,00",120.0,Café Conillon,10
2004-11-17,Café Conillon,EUNAPOLIS,Tipo 7/8,sc 60 kg,"118,00",118.0,Café Conillon,10
2004-11-18,Café Conillon,EUNAPOLIS,Tipo 7,sc 60 kg,"120,00",120.0,Café Conillon,10
2004-11-18,Café Conillon,EUNAPOLIS,Tipo 7/8,sc 60 kg,"118,00",118.0,Café Conillon,10
2004-11-19,Café Conillon,EUNAPOLIS,Tipo 7,sc 60 kg,"122,00",122.0,Café Conillon,10
2004-11-19,Café Conillon,EUNAPOLIS,Tipo 7/8,sc 60 kg,"120,00",120.0,Café Conillon,10
2004-11-22,Café Conillon,EUNAPOLIS,Tipo 7,sc 60 kg,"122,00",122.0,Café Conillon,10
2004-11-22,Café Conillon,EUNAPOLIS,Tipo 7/8,sc 60 kg,"120,00",120.0,Café Conillon,10
2004-11-23,Café Conillon,EUNAPOLIS,Tipo 7,sc 60 kg,"122,00",122.0,Café Conillon,10
2004-11-23,Café Conillon,EUNAPOLIS,Tipo 7/8,sc 60 kg,"120,00",120.0,Café Conillon,10
2004-11-24,Café Conillon,EUNAPOLIS,Tipo 7,sc 60 kg,"122,00",122.0,Café Conillon,10
2004-11-24,Café Conillon,EUNAPOLIS,Tipo 7/8,sc 60 kg,"120,00",120.0,Café Conillon,10
2004-11-25,Café Conillon,EUNAPOLIS,Tipo 7,sc 60 kg,"122,00",122.0,Café Conillon,10
2004-11-25,Café Conillon,EUNAPOLIS,Tipo 7/8,sc 60 kg,"120,00",120.0,Café Conillon,10
2004-11-26,Café Conillon,EUNAPOLIS,Tipo 7,sc 60 kg,"123,00",123.0,Café Conillon,10
2004-11-26,Café Conillon,EUNAPOLIS,Tipo 7/8,sc 60 kg,"121,00",121.0,Café Conillon,10
2004-11-29,Café Conillon,EUNAPOLIS,Tipo 7,sc 60 kg,"123,00",123.0,Café Conillon,10
2004-11-29,Café Conillon,EUNAPOLIS,Tipo 7/8,sc 60 kg,"121,00",121.0,Café Conillon,10
2004-11-30,Café Conillon,EUNAPOLIS,Tipo 7,sc 60 kg,"123,00",123.0,Café Conillon,10
2004-11-30,Café Conillon,EUNAPOLIS,Tipo 7/8,sc 60 kg,"121,00",121.0,Café Conillon,10
2004-12-01,Café Conillon,EUNAPOLIS,Tipo 7,sc 60 kg,"125,00",125.0,Café Conillon,10
2004-12-01,Café Conillon,EUNAPOLIS,Tipo 7/8,sc 60 kg,"123,00",123.0,Café Conillon,10
2004-12-02,Café Conillon,EUNAPOLIS,Tipo 7,sc 60 kg,"125,00",125.0,Café Conillon,10
2004-12-02,Café Conillon,EUNAPOLIS,Tipo 7/8,sc 60 kg,"123,00",123.0,Café Conillon,10
2004-12-03,Café Conillon,EUNAPOLIS,Tipo 7,sc 60 kg,"125,00",125.0,Café Conillon,10
2004-12-03,Café Conillon,EUNAPOLIS,Tipo 7/8,sc 60 kg,"123,00",123.0,Café Conillon,10
2004-12-06,Café Conillon,EUNAPOLIS,Tipo 7,sc 60 kg,"125,00",125.0,Café Conillon,10
2004-12-06,Café Conillon,EUNAPOLIS,Tipo 7/8,sc 60 kg,"123,00",123.0,Café Conillon,10
2004-12-07,Café Conillon,EUNAPOLIS,Tipo 7,sc 60 kg,"125,00",125.0,Café Conillon,10
2004-12-07,Café Conillon,EUNAPOLIS,Tipo 7/8,sc 60 kg,"123,00",123.0,Café Conillon,10
2004-12-09,Café Conillon,EUNAPOLIS,Tipo 7,sc 60 kg,"125,00",125.0,Café Conillon,10
2004-12-09,Café Conillon,EUNAPOLIS,Tipo 7/8,sc 60 kg,"123,00",123.0,Café Conillon,10
2004-12-10,Café Conillon,EUNAPOLIS,Tipo 7,sc 60 kg,"125,00",125.0,Café Conillon,10
2004-12-10,Café Conillon,EUNAPOLIS,Tipo 7/8,sc 60 kg,"123,00",123.0,Café Conillon,10
2004-12-13,Café Conillon,EUNAPOLIS,Tipo 7,sc 60 kg,"125,00",125.0,Café Conillon,10
2004-12-13,Café Conillon,EUNAPOLIS,Tipo 7/8,sc 60 kg,"123,00",123.0,Café Conillon,10
2004-12-14,Café Conillon,EUNAPOLIS,Tipo 7,sc 60 kg,"125,00",125.0,Café Conillon,10
2004-12-14,Café Conillon,EUNAPOLIS,Tipo 7/8,sc 60 kg,"123,00",123.0,Café Conillon,10
2004-12-15,Café Conillon,EUNAPOLIS,Tipo 7,sc 60 kg,"125,00",125.0,Café Conillon,10
2004-12-15,Café Conillon,EUNAPOLIS,Tipo 7/8,sc 60 kg,"123,00",123.0,Café Conillon,10
2004-12-16,Café Conillon,EUNAPOLIS,Tipo 7,sc 60 kg,"125,00",125.0,Café Conillon,10
2004-12-16,Café Conillon,EUNAPOLIS,Tipo 7/8,sc 60 kg,"123,00",123.0,Café Conillon,10
2004-12-17,Café Conillon,EUNAPOLIS,Tipo 7,sc 60 kg,"121,00",121.0,Café Conillon,10
2004-12-17,Café Conillon,EUNAPOLIS,Tipo 7/8,sc 60 kg,"119,00",119.0,Café Conillon,10
2004-12-20,Café Conillon,EUNAPOLIS,Tipo 7,sc 60 kg,"125,00",125.0,Café Conillon,10
2004-12-20,Café Conillon,EUNAPOLIS,Tipo 7/8,sc 60 kg,"123,00",123.0,Café Conillon,10
2004-12-21,Café Conillon,EUNAPOLIS,Tipo 7,sc 60 kg,"125,00",125.0,Café Conillon,10
2004-12-21,Café Conillon,EUNAPOLIS,Tipo 7/8,sc 60 kg,"123,00",123.0,Café Conillon,10
2004-12-22,Café Conillon,EUNAPOLIS,Tipo 7,sc 60 kg,"125,00",125.0,Café Conillon,10
2004-12-22,Café Conillon,EUNAPOLIS,Tipo 7/8,sc 60 kg,"123,00",123.0,Café Conillon,10
2004-12-23,Café Conillon,EUNAPOLIS,Tipo 7,sc 60 kg,"125,00",125.0,Café Conillon,10
2004-12-23,Café Conillon,EUNAPOLIS,Tipo 7/8,sc 60 kg,"123,00",123.0,Café Conillon,10
2004-12-27,Café Conillon,EUNAPOLIS,Tipo 7,sc 60 kg,"125,00",125.0,Café Conillon,10
2004-12-27,Café Conillon,EUNAPOLIS,Tipo 7/8,sc 60 kg,"123,00",123.0,Café Conillon,10
2004-12-28,Café Conillon,EUNAPOLIS,Tipo 7,sc 60 kg,"125,00",125.0,Café Conillon,10
2004-12-28,Café Conillon,EUNAPOLIS,Tipo 7/8,sc 60 kg,"123,00",123.0,Café Conillon,10
2004-12-29,Café Conillon,EUNAPOLIS,Tipo 7,sc 60 kg,"125,00",125.0,Café Conillon,10
2004-12-29,Café Conillon,EUNAPOLIS,Tipo 7/8,sc 60 kg,"123,00",123.0,Café Conillon,10
2004-12-30,Café Conillon,EUNAPOLIS,Tipo 7,sc 60 kg,"125,00",125.0,Café Conillon,10
2004-12-30,Café Conillon,EUNAPOLIS,Tipo 7/8,sc 60 kg,"123,00",123.0,Café Conillon,10
2005-01-03,Café Conillon,EUNAPOLIS,Tipo 7,sc 60 kg,"123,00",123.0,Café Conillon,10
2005-01-03,Café Conillon,EUNAPOLIS,Tipo 7/8,sc 60 kg,"125,00",125.0,Café Conillon,10
2005-01-04,Café Conillon,EUNAPOLIS,Tipo 7,sc 60 kg,"123,00",123.0,Café Conillon,10
2005-01-04,Café Conillon,EUNAPOLIS,Tipo 7/8,sc 60 kg,"125,00",125.0,Café Conillon,10
2005-01-05,Café Conillon,EUNAPOLIS,Tipo 7,sc 60 kg,"123,00",123.0,Café Conillon,10
2005-01-05,Café Conillon,EUNAPOLIS,Tipo 7/8,sc 60 kg,"125,00",125.0,Café Conillon,10
2005-01-06,Café Conillon,EUNAPOLIS,Tipo 7,sc 60 kg,"123,00",123.0,Café Conillon,10
2005-01-06,Café Conillon,EUNAPOLIS,Tipo 7/8,sc 60 kg,"125,00",125.0,Café Conillon,10
2005-01-07,Café Conillon,EUNAPOLIS,Tipo 7,sc 60 kg,"123,00",123.0,Café Conillon,10
2005-01-07,Café Conillon,EUNAPOLIS,Tipo 7/8,sc 60 kg,"125,00",125.0,Café Conillon,10
2005-01-10,Café Conillon,EUNAPOLIS,Tipo 7,sc 60 kg,"123,00",123.0,Café Conillon,10
2005-01-10,Café Conillon,EUNAPOLIS,Tipo 7/8,sc 60 kg,"125,00",125.0,Café Conillon,10
2005-01-11,Café Conillon,EUNAPOLIS,Tipo 7,sc 60 kg,"123,00",123.0,Café Conillon,10
2005-01-11,Café Conillon,EUNAPOLIS,Tipo 7/8,sc 60 kg,"125,00",125.0,Café Conillon,10
2005-01-12,Café Conillon,EUNAPOLIS,Tipo 7,sc 60 kg,"123,00",123.0,Café Conillon,10
2005-01-12,Café Conillon,EUNAPOLIS,Tipo 7/8,sc 60 kg,"125,00",125.0,Café Conillon,10
2005-01-13,Café Conillon,EUNAPOLIS,Tipo 7,sc 60 kg,"123,00",123.0,Café Conillon,10
2005-01-13,Café Conillon,EUNAPOLIS,Tipo 7/8,sc 60 kg,"125,00",125.0,Café Conillon,10
2005-01-14,Café Conillon,EUNAPOLIS,Tipo 7,sc 60 kg,"128,00",128.0,Café Conillon,10
2005-01-14,Café Conillon,EUNAPOLIS,Tipo 7/8,sc 60 kg,"130,00",130.0,Café Conillon,10
2005-01-17,Café Conillon,EUNAPOLIS,Tipo 7,sc 60 kg,"128,00",128.0,Café Conillon,10
2005-01-17,Café Conillon,EUNAPOLIS,Tipo 7/8,sc 60 kg,"130,00",130.0,Café Conillon,10
2005-01-18,Café Conillon,EUNAPOLIS,Tipo 7,sc 60 kg,"128,00",128.0,Café Conillon,10
2005-01-18,Café Conillon,EUNAPOLIS,Tipo 7/8,sc 60 kg,"130,00",130.0,Café Conillon,10
2005-01-19,Café Conillon,EUNAPOLIS,Tipo 7,sc 60 kg,"128,00",128.0,Café Conillon,10
2005-01-19,Café Conillon,EUNAPOLIS,Tipo 7/8,sc 60 kg,"130,00",130.0,Café Conillon,10
2005-01-20,Café Conillon,EUNAPOLIS,Tipo 7,sc 60 kg,"128,00",128.0,Café Conillon,10
2005-01-20,Café Conillon,EUNAPOLIS,Tipo 7/8,sc 60 kg,"130,00",130.0,Café Conillon,10
2005-01-21,Café Conillon,EUNAPOLIS,Tipo 7,sc 60 kg,"128,00",128.0,Café Conillon,10
2005-01-21,Café Conillon,EUNAPOLIS,Tipo 7/8,sc 60 kg,"130,00",130.0,Café Conillon,10
2005-01-24,Café Conillon,EUNAPOLIS,Tipo 7,sc 60 kg,"128,00",128.0,Café Conillon,10
2005-01-24,Café Conillon,EUNAPOLIS,Tipo 7/8,sc 60 kg,"130,00",130.0,Café Conillon,10
2005-01-25,Café Conillon,EUNAPOLIS,Tipo 7,sc 60 kg,"128,00",128.0,Café Conillon,10
2005-01-25,Café Conillon,EUNAPOLIS,Tipo 7/8,sc 60 kg,"130,00",130.0,Café Conillon,10
2005-01-26,Café Conillon,EUNAPOLIS,Tipo 7,sc 60 kg,"128,00",128.0,Café Conillon,10
2005-01-26,Café Conillon,EUNAPOLIS,Tipo 7/8,sc 60 kg,"130,00",130.0,Café Conillon,10
2005-01-27,Café Conillon,EUNAPOLIS,Tipo 7,sc 60 kg,"128,00",128.0,Café Conillon,10
2005-01-27,Café Conillon,EUNAPOLIS,Tipo 7/8,sc 60 kg,"130,00",130.0,Café Conillon,10
2005-01-28,Café Conillon,EUNAPOLIS,Tipo 7,sc 60 kg,"128,00",128.0,Café Conillon,10
2005-01-28,Café Conillon,EUNAPOLIS,Tipo 7/8,sc 60 kg,"130,00",130.0,Café Conillon,10
2005-01-31,Café Conillon,EUNAPOLIS,Tipo 7,sc 60 kg,"128,00",128.0,Café Conillon,10
2005-01-31,Café Conillon,EUNAPOLIS,Tipo 7/8,sc 60 kg,"130,00",130.0,Café Conillon,10
2005-02-01,Café Conillon,EUNAPOLIS,Tipo 7,sc 60 kg,"128,00",128.0,Café Conillon,10
2005-02-01,Café Conillon,EUNAPOLIS,Tipo 7/8,sc 60 kg,"130,00",130.0,Café Conillon,10
2005-02-02,Café Conillon,EUNAPOLIS,Tipo 7,sc 60 kg,"128,00",128.0,Café Conillon,10
2005-02-02,Café Conillon,EUNAPOLIS,Tipo 7/8,sc 60 kg,"130,00",130.0,Café Conillon,10
2005-02-03,Café Conillon,EUNAPOLIS,Tipo 7,sc 60 kg,"128,00",128.0,Café Conillon,10
2005-02-03,Café Conillon,EUNAPOLIS,Tipo 7/8,sc 60 kg,"130,00",130.0,Café Conillon,10
2005-02-10,Café Conillon,EUNAPOLIS,Tipo 7,sc 60 kg,"128,00",128.0,Café Conillon,10
2005-02-10,Café Conillon,EUNAPOLIS,Tipo 7/8,sc 60 kg,"130,00",130.0,Café Conillon,10
2005-02-11,Café Conillon,EUNAPOLIS,Tipo 7,sc 60 kg,"136,00",136.0,Café Conillon,10
2005-02-11,Café Conillon,EUNAPOLIS,Tipo 7/8,sc 60 kg,"138,00",138.0,Café Conillon,10
2005-02-14,Café Conillon,EUNAPOLIS,Tipo 7,sc 60 kg,"136,00",136.0,Café Conillon,10
2005-02-14,Café Conillon,EUNAPOLIS,Tipo 7/8,sc 60 kg,"138,00",138.0,Café Conillon,10
2005-02-15,Café Conillon,EUNAPOLIS,Tipo 7,sc 60 kg,"136,00",136.0,Café Conillon,10
2005-02-15,Café Conillon,EUNAPOLIS,Tipo 7/8,sc 60 kg,"138,00",138.0,Café Conillon,10
2005-02-16,Café Conillon,EUNAPOLIS,Tipo 7,sc 60 kg,"136,00",136.0,Café Conillon,10
2005-02-16,Café Conillon,EUNAPOLIS,Tipo 7/8,sc 60 kg,"138,00",138.0,Café Conillon,10
2005-02-17,Café Conillon,EUNAPOLIS,Tipo 7,sc 60 kg,"136,00",136.0,Café Conillon,10
2005-02-17,Café Conillon,EUNAPOLIS,Tipo 7/8,sc 60 kg,"138,00",138.0,Café Conillon,10
2005-02-18,Café Conillon,EUNAPOLIS,Tipo 7,sc 60 kg,"136,00",136.0,Café Conillon,10
2005-02-18,Café Conillon,EUNAPOLIS,Tipo 7/8,sc 60 kg,"138,00",138.0,Café Conillon,10
2005-02-21,Café Conillon,EUNAPOLIS,Tipo 7,sc 60 kg,"136,00",136.0,Café Conillon,10
2005-02-21,Café Conillon,EUNAPOLIS,Tipo 7/8,sc 60 kg,"138,00",138.0,Café Conillon,10
2005-02-22,Café Conillon,EUNAPOLIS,Tipo 7,sc 60 kg,"136,00",136.0,Café Conillon,10
2005-02-22,Café Conillon,EUNAPOLIS,Tipo 7/8,sc 60 kg,"138,00",138.0,Café Conillon,10
2005-02-23,Café Conillon,EUNAPOLIS,Tipo 7,sc 60 kg,"136,00",136.0,Café Conillon,10
2005-02-23,Café Conillon,EUNAPOLIS,Tipo 7/8,sc 60 kg,"138,00",138.0,Café Conillon,10
2005-02-24,Café Conillon,EUNAPOLIS,Tipo 7,sc 60 kg,"138,00",138.0,Café Conillon,10
2005-02-24,Café Conillon,EUNAPOLIS,Tipo 7/8,sc 60 kg,"140,00",140.0,Café Conillon,10
2005-02-25,Café Conillon,EUNAPOLIS,Tipo 7,sc 60 kg,"138,00",138.0,Café Conillon,10
2005-02-25,Café Conillon,EUNAPOLIS,Tipo 7/8,sc 60 kg,"140,00",140.0,Café Conillon,10
2005-02-28,Café Conillon,EUNAPOLIS,Tipo 7,sc 60 kg,"138,00",138.0,Café Conillon,10
2005-02-28,Café Conillon,EUNAPOLIS,Tipo 7/8,sc 60 kg,"140,00",140.0,Café Conillon,10
2005-03-01,Café Conillon,EUNAPOLIS,Tipo 7,sc 60 kg,"138,00",138.0,Café Conillon,10
2005-03-01,Café Conillon,EUNAPOLIS,Tipo 7/8,sc 60 kg,"140,00",140.0,Café Conillon,10
2005-03-02,Café Conillon,EUNAPOLIS,Tipo 7,sc 60 kg,"138,00",138.0,Café Conillon,10
2005-03-02,Café Conillon,EUNAPOLIS,Tipo 7/8,sc 60 kg,"140,00",140.0,Café Conillon,10
2005-03-03,Café Conillon,EUNAPOLIS,Tipo 7,sc 60 kg,"138,00",138.0,Café Conillon,10
2005-03-03,Café Conillon,EUNAPOLIS,Tipo 7/8,sc 60 kg,"140,00",140.0,Café Conillon,10
2005-03-04,Café Conillon,EUNAPOLIS,Tipo 7,sc 60 kg,"138,00",138.0,Café Conillon,10
2005-03-04,Café Conillon,EUNAPOLIS,Tipo 7/8,sc 60 kg,"140,00",140.0,Café Conillon,10
2005-03-07,Café Conillon,EUNAPOLIS,Tipo 7,sc 60 kg,"143,00",143.0,Café Conillon,10
2005-03-07,Café Conillon,EUNAPOLIS,Tipo 7/8,sc 60 kg,"145,00",145.0,Café Conillon,10
2005-03-08,Café Conillon,EUNAPOLIS,Tipo 7,sc 60 kg,"143,00",143.0,Café Conillon,10
2005-03-08,Café Conillon,EUNAPOLIS,Tipo 7/8,sc 60 kg,"145,00",145.0,Café Conillon,10
2005-03-09,Café Conillon,EUNAPOLIS,Tipo 7,sc 60 kg,"143,00",143.0,Café Conillon,10
2005-03-09,Café Conillon,EUNAPOLIS,Tipo 7/8,sc 60 kg,"145,00",145.0,Café Conillon,10
2005-03-10,Café Conillon,EUNAPOLIS,Tipo 7,sc 60 kg,"143,00",143.0,Café Conillon,10
2005-03-10,Café Conillon,EUNAPOLIS,Tipo 7/8,sc 60 kg,"145,00",145.0,Café Conillon,10
2005-03-11,Café Conillon,EUNAPOLIS,Tipo 7,sc 60 kg,"143,00",143.0,Café Conillon,10
2005-03-11,Café Conillon,EUNAPOLIS,Tipo 7/8,sc 60 kg,"145,00",145.0,Café Conillon,10
2005-03-14,Café Conillon,EUNAPOLIS,Tipo 7,sc 60 kg,"143,00",143.0,Café Conillon,10
2005-03-14,Café Conillon,EUNAPOLIS,Tipo 7/8,sc 60 kg,"145,00",145.0,Café Conillon,10
2005-03-15,Café Conillon,EUNAPOLIS,Tipo 7,sc 60 kg,"143,00",143.0,Café Conillon,10
2005-03-15,Café Conillon,EUNAPOLIS,Tipo 7/8,sc 60 kg,"145,00",145.0,Café Conillon,10
2005-03-16,Café Conillon,EUNAPOLIS,Tipo 7,sc 60 kg,"143,00",143.0,Café Conillon,10
2005-03-16,Café Conillon,EUNAPOLIS,Tipo 7/8,sc 60 kg,"145,00",145.0,Café Conillon,10
2005-03-17,Café Conillon,EUNAPOLIS,Tipo 7,sc 60 kg,"143,00",143.0,Café Conillon,10
2005-03-17,Café Conillon,EUNAPOLIS,Tipo 7/8,sc 60 kg,"145,00",145.0,Café Conillon,10
2005-03-18,Café Conillon,EUNAPOLIS,Tipo 7,sc 60 kg,"140,00",140.0,Café Conillon,10
2005-03-18,Café Conillon,EUNAPOLIS,Tipo 7/8,sc 60 kg,"142,00",142.0,Café Conillon,10
2005-03-21,Café Conillon,EUNAPOLIS,Tipo 7,sc 60 kg,"136,00",136.0,Café Conillon,10
2005-03-21,Café Conillon,EUNAPOLIS,Tipo 7/8,sc 60 kg,"138,00",138.0,Café Conillon,10
2005-03-22,Café Conillon,EUNAPOLIS,Tipo 7,sc 60 kg,"136,00",136.0,Café Conillon,10
2005-03-22,Café Conillon,EUNAPOLIS,Tipo 7/8,sc 60 kg,"138,00",138.0,Café Conillon,10
2005-03-23,Café Conillon,EUNAPOLIS,Tipo 7,sc 60 kg,"136,00",136.0,Café Conillon,10
2005-03-23,Café Conillon,EUNAPOLIS,Tipo 7/8,sc 60 kg,"138,00",138.0,Café Conillon,10
2005-03-28,Café Conillon,EUNAPOLIS,Tipo 7,sc 60 kg,"136,00",136.0,Café Conillon,10
2005-03-28,Café Conillon,EUNAPOLIS,Tipo 7/8,sc 60 kg,"138,00",138.0,Café Conillon,10
2005-03-29,Café Conillon,EUNAPOLIS,Tipo 7,sc 60 kg,"136,00",136.0,Café Conillon,10
2005-03-29,Café Conillon,EUNAPOLIS,Tipo 7/8,sc 60 kg,"138,00",138.0,Café Conillon,10
2005-03-30,Café Conillon,EUNAPOLIS,Tipo 7,sc 60 kg,"136,00",136.0,Café Conillon,10
2005-03-30,Café Conillon,EUNAPOLIS,Tipo 7/8,sc 60 kg,"138,00",138.0,Café Conillon,10
2005-03-31,Café Conillon,EUNAPOLIS,Tipo 7,sc 60 kg,"136,00",136.0,Café Conillon,10
2005-03-31,Café Conillon,EUNAPOLIS,Tipo 7/8,sc 60 kg,"138,00",138.0,Café Conillon,10
2005-04-01,Café Conillon,EUNAPOLIS,Tipo 7,sc 60 kg,"136,00",136.0,Café Conillon,10
2005-04-01,Café Conillon,EUNAPOLIS,Tipo 7/8,sc 60 kg,"138,00",138.0,Café Conillon,10
2005-04-04,Café Conillon,EUNAPOLIS,Tipo 7,sc 60 kg,"133,00",133.0,Café Conillon,10
2005-04-04,Café Conillon,EUNAPOLIS,Tipo 7/8,sc 60 kg,"135,00",135.0,Café Conillon,10
2005-04-05,Café Conillon,EUNAPOLIS,Tipo 7,sc 60 kg,"133,00",133.0,Café Conillon,10
2005-04-05,Café Conillon,EUNAPOLIS,Tipo 7/8,sc 60 kg,"135,00",135.0,Café Conillon,10
2005-04-06,Café Conillon,EUNAPOLIS,Tipo 7,sc 60 kg,"133,00",133.0,Café Conillon,10
2005-04-06,Café Conillon,EUNAPOLIS,Tipo 7/8,sc 60 kg,"135,00",135.0,Café Conillon,10
2005-04-07,Café Conillon,EUNAPOLIS,Tipo 7,sc 60 kg,"133,00",133.0,Café Conillon,10
2005-04-07,Café Conillon,EUNAPOLIS,Tipo 7/8,sc 60 kg,"135,00",135.0,Café Conillon,10
2005-04-08,Café Conillon,EUNAPOLIS,Tipo 7,sc 60 kg,"133,00",133.0,Café Conillon,10
2005-04-08,Café Conillon,EUNAPOLIS,Tipo 7/8,sc 60 kg,"135,00",135.0,Café Conillon,10
2005-04-11,Café Conillon,EUNAPOLIS,Tipo 7,sc 60 kg,"130,00",130.0,Café Conillon,10
2005-04-11,Café Conillon,EUNAPOLIS,Tipo 7/8,sc 60 kg,"132,00",132.0,Café Conillon,10
2005-04-12,Café Conillon,EUNAPOLIS,Tipo 7,sc 60 kg,"130,00",130.0,Café Conillon,10
2005-04-12,Café Conillon,EUNAPOLIS,Tipo 7/8,sc 60 kg,"132,00",132.0,Café Conillon,10
2005-04-13,Café Conillon,EUNAPOLIS,Tipo 7,sc 60 kg,"130,00",130.0,Café Conillon,10
2005-04-13,Café Conillon,EUNAPOLIS,Tipo 7/8,sc 60 kg,"132,00",132.0,Café Conillon,10
2005-04-14,Café Conillon,EUNAPOLIS,Tipo 7,sc 60 kg,"130,00",130.0,Café Conillon,10
2005-04-14,Café Conillon,EUNAPOLIS,Tipo 7/8,sc 60 kg,"132,00",132.0,Café Conillon,10
2005-04-15,Café Conillon,EUNAPOLIS,Tipo 7,sc 60 kg,"129,00",129.0,Café Conillon,10
2005-04-15,Café Conillon,EUNAPOLIS,Tipo 7/8,sc 60 kg,"131,00",131.0,Café Conillon,10
2005-04-18,Café Conillon,EUNAPOLIS,Tipo 7,sc 60 kg,"127,00",127.0,Café Conillon,10
2005-04-18,Café Conillon,EUNAPOLIS,Tipo 7/8,sc 60 kg,"130,00",130.0,Café Conillon,10
2005-04-19,Café Conillon,EUNAPOLIS,Tipo 7,sc 60 kg,"127,00",127.0,Café Conillon,10
2005-04-19,Café Conillon,EUNAPOLIS,Tipo 7/8,sc 60 kg,"130,00",130.0,Café Conillon,10
2005-04-20,Café Conillon,EUNAPOLIS,Tipo 7,sc 60 kg,"131,00",131.0,Café Conillon,10
2005-04-20,Café Conillon,EUNAPOLIS,Tipo 7/8,sc 60 kg,"133,00",133.0,Café Conillon,10
2005-04-25,Café Conillon,EUNAPOLIS,Tipo 7,sc 60 kg,"131,00",131.0,Café Conillon,10
2005-04-25,Café Conillon,EUNAPOLIS,Tipo 7/8,sc 60 kg,"133,00",133.0,Café Conillon,10
2005-04-26,Café Conillon,EUNAPOLIS,Tipo 7,sc 60 kg,"131,00",131.0,Café Conillon,10
2005-04-26,Café Conillon,EUNAPOLIS,Tipo 7/8,sc 60 kg,"133,00",133.0,Café Conillon,10
2005-04-27,Café Conillon,EUNAPOLIS,Tipo 7,sc 60 kg,"135,00",135.0,Café Conillon,10
2005-04-27,Café Conillon,EUNAPOLIS,Tipo 7/8,sc 60 kg,"137,00",137.0,Café Conillon,10
2005-04-28,Café Conillon,EUNAPOLIS,Tipo 7,sc 60 kg,"135,00",135.0,Café Conillon,10
2005-04-28,Café Conillon,EUNAPOLIS,Tipo 7/8,sc 60 kg,"137,00",137.0,Café Conillon,10
2005-04-29,Café Conillon,EUNAPOLIS,Tipo 7,sc 60 kg,"138,00",138.0,Café Conillon,10
2005-04-29,Café Conillon,EUNAPOLIS,Tipo 7/8,sc 60 kg,"140,00",140.0,Café Conillon,10
2005-05-02,Café Conillon,EUNAPOLIS,Tipo 7,sc 60 kg,"138,00",138.0,Café Conillon,10
2005-05-02,Café Conillon,EUNAPOLIS,Tipo 7/8,sc 60 kg,"140,00",140.0,Café Conillon,10
2005-05-03,Café Conillon,EUNAPOLIS,Tipo 7,sc 60 kg,"138,00",138.0,Café Conillon,10
2005-05-03,Café Conillon,EUNAPOLIS,Tipo 7/8,sc 60 kg,"140,00",140.0,Café Conillon,10
2005-05-04,Café Conillon,EUNAPOLIS,Tipo 7,sc 60 kg,"138,00",138.0,Café Conillon,10
2005-05-04,Café Conillon,EUNAPOLIS,Tipo 7/8,sc 60 kg,"140,00",140.0,Café Conillon,10
2005-05-05,Café Conillon,EUNAPOLIS,Tipo 7,sc 60 kg,"138,00",138.0,Café Conillon,10
2005-05-05,Café Conillon,EUNAPOLIS,Tipo 7/8,sc 60 kg,"140,00",140.0,Café Conillon,10
2005-05-06,Café Conillon,EUNAPOLIS,Tipo 7,sc 60 kg,"138,00",138.0,Café Conillon,10
2005-05-06,Café Conillon,EUNAPOLIS,Tipo 7/8,sc 60 kg,"140,00",140.0,Café Conillon,10
2005-05-09,Café Conillon,EUNAPOLIS,Tipo 7,sc 60 kg,"141,00",141.0,Café Conillon,10
2005-05-09,Café Conillon,EUNAPOLIS,Tipo 7/8,sc 60 kg,"143,00",143.0,Café Conillon,10
2005-05-10,Café Conillon,EUNAPOLIS,Tipo 7,sc 60 kg,"141,00",141.0,Café Conillon,10
2005-05-10,Café Conillon,EUNAPOLIS,Tipo 7/8,sc 60 kg,"143,00",143.0,Café Conillon,10
2005-05-11,Café Conillon,EUNAPOLIS,Tipo 7,sc 60 kg,"143,00",143.0,Café Conillon,10
2005-05-11,Café Conillon,EUNAPOLIS,Tipo 7/8,sc 60 kg,"145,00",145.0,Café Conillon,10
2005-05-12,Café Conillon,EUNAPOLIS,Tipo 7,sc 60 kg,"143,00",143.0,Café Conillon,10
2005-05-12,Café Conillon,EUNAPOLIS,Tipo 7/8,sc 60 kg,"145,00",145.0,Café Conillon,10
2005-05-13,Café Conillon,EUNAPOLIS,Tipo 7,sc 60 kg,"148,00",148.0,Café Conillon,10
2005-05-13,Café Conillon,EUNAPOLIS,Tipo 7/8,sc 60 kg,"150,00",150.0,Café Conillon,10
2005-05-16,Café Conillon,EUNAPOLIS,Tipo 7,sc 60 kg,"148,00",148.0,Café Conillon,10
2005-05-16,Café Conillon,EUNAPOLIS,Tipo 7/8,sc 60 kg,"150,00",150.0,Café Conillon,10
2005-05-17,Café Conillon,EUNAPOLIS,Tipo 7,sc 60 kg,"148,00",148.0,Café Conillon,10
2005-05-17,Café Conillon,EUNAPOLIS,Tipo 7/8,sc 60 kg,"150,00",150.0,Café Conillon,10
2005-05-18,Café Conillon,EUNAPOLIS,Tipo 7,sc 60 kg,"148,00",148.0,Café Conillon,10
2005-05-18,Café Conillon,EUNAPOLIS,Tipo 7/8,sc 60 kg,"150,00",150.0,Café Conillon,10
2005-05-19,Café Conillon,EUNAPOLIS,Tipo 7,sc 60 kg,"148,00",148.0,Café Conillon,10
2005-05-19,Café Conillon,EUNAPOLIS,Tipo 7/8,sc 60 kg,"150,00",150.0,Café Conillon,10
2005-05-20,Café Conillon,EUNAPOLIS,Tipo 7,sc 60 kg,"148,00",148.0,Café Conillon,10
2005-05-20,Café Conillon,EUNAPOLIS,Tipo 7/8,sc 60 kg,"150,00",150.0,Café Conillon,10
2005-05-23,Café Conillon,EUNAPOLIS,Tipo 7,sc 60 kg,"148,00",148.0,Café Conillon,10
2005-05-23,Café Conillon,EUNAPOLIS,Tipo 7/8,sc 60 kg,"150,00",150.0,Café Conillon,10
2005-05-24,Café Conillon,EUNAPOLIS,Tipo 7,sc 60 kg,"148,00",148.0,Café Conillon,10
2005-05-24,Café Conillon,EUNAPOLIS,Tipo 7/8,sc 60 kg,"150,00",150.0,Café Conillon,10
2005-05-25,Café Conillon,EUNAPOLIS,Tipo 7,sc 60 kg,"148,00",148.0,Café Conillon,10
2005-05-25,Café Conillon,EUNAPOLIS,Tipo 7/8,sc 60 kg,"150,00",150.0,Café Conillon,10
2005-05-30,Café Conillon,EUNAPOLIS,Tipo 7,sc 60 kg,"148,00",148.0,Café Conillon,10
2005-05-30,Café Conillon,EUNAPOLIS,Tipo 7/8,sc 60 kg,"150,00",150.0,Café Conillon,10
2005-05-31,Café Conillon,EUNAPOLIS,Tipo 7,sc 60 kg,"148,00",148.0,Café Conillon,10
2005-05-31,Café Conillon,EUNAPOLIS,Tipo 7/8,sc 60 kg,"150,00",150.0,Café Conillon,10
2005-06-01,Café Conillon,EUNAPOLIS,Tipo 7,sc 60 kg,"148,00",148.0,Café Conillon,10
2005-06-01,Café Conillon,EUNAPOLIS,Tipo 7/8,sc 60 kg,"150,00",150.0,Café Conillon,10
2005-06-02,Café Conillon,EUNAPOLIS,Tipo 7,sc 60 kg,"148,00",148.0,Café Conillon,10
2005-06-02,Café Conillon,EUNAPOLIS,Tipo 7/8,sc 60 kg,"150,00",150.0,Café Conillon,10
2005-06-03,Café Conillon,EUNAPOLIS,Tipo 7,sc 60 kg,"148,00",148.0,Café Conillon,10
2005-06-03,Café Conillon,EUNAPOLIS,Tipo 7/8,sc 60 kg,"150,00",150.0,Café Conillon,10
2005-06-06,Café Conillon,EUNAPOLIS,Tipo 7,sc 60 kg,"148,00",148.0,Café Conillon,10
2005-06-06,Café Conillon,EUNAPOLIS,Tipo 7/8,sc 60 kg,"150,00",150.0,Café Conillon,10
2005-06-07,Café Conillon,EUNAPOLIS,Tipo 7,sc 60 kg,"148,00",148.0,Café Conillon,10
2005-06-07,Café Conillon,EUNAPOLIS,Tipo 7/8,sc 60 kg,"150,00",150.0,Café Conillon,10
2005-06-08,Café Conillon,EUNAPOLIS,Tipo 7,sc 60 kg,"148,00",148.0,Café Conillon,10
2005-06-08,Café Conillon,EUNAPOLIS,Tipo 7/8,sc 60 kg,"150,00",150.0,Café Conillon,10
2005-06-09,Café Conillon,EUNAPOLIS,Tipo 7,sc 60 kg,"148,00",148.0,Café Conillon,10
2005-06-09,Café Conillon,EUNAPOLIS,Tipo 7/8,sc 60 kg,"150,00",150.0,Café Conillon,10
2005-06-10,Café Conillon,EUNAPOLIS,Tipo 7,sc 60 kg,"143,00",143.0,Café Conillon,10
2005-06-10,Café Conillon,EUNAPOLIS,Tipo 7/8,sc 60 kg,"145,00",145.0,Café Conillon,10
2005-06-13,Café Conillon,EUNAPOLIS,Tipo 7,sc 60 kg,"143,00",143.0,Café Conillon,10
2005-06-13,Café Conillon,EUNAPOLIS,Tipo 7/8,sc 60 kg,"145,00",145.0,Café Conillon,10
2005-06-14,Café Conillon,EUNAPOLIS,Tipo 7,sc 60 kg,"143,00",143.0,Café Conillon,10
2005-06-14,Café Conillon,EUNAPOLIS,Tipo 7/8,sc 60 kg,"145,00",145.0,Café Conillon,10
2005-06-15,Café Conillon,EUNAPOLIS,Tipo 7,sc 60 kg,"143,00",143.0,Café Conillon,10
2005-06-15,Café Conillon,EUNAPOLIS,Tipo 7/8,sc 60 kg,"145,00",145.0,Café Conillon,10
2005-06-16,Café Conillon,EUNAPOLIS,Tipo 7,sc 60 kg,"143,00",143.0,Café Conillon,10
2005-06-16,Café Conillon,EUNAPOLIS,Tipo 7/8,sc 60 kg,"145,00",145.0,Café Conillon,10
2005-06-17,Café Conillon,EUNAPOLIS,Tipo 7,sc 60 kg,"143,00",143.0,Café Conillon,10
2005-06-17,Café Conillon,EUNAPOLIS,Tipo 7/8,sc 60 kg,"145,00",145.0,Café Conillon,10
2005-06-20,Café Conillon,EUNAPOLIS,Tipo 7,sc 60 kg,"143,00",143.0,Café Conillon,10
2005-06-20,Café Conillon,EUNAPOLIS,Tipo 7/8,sc 60 kg,"145,00",145.0,Café Conillon,10
2005-06-21,Café Conillon,EUNAPOLIS,Tipo 7,sc 60 kg,"143,00",143.0,Café Conillon,10
2005-06-21,Café Conillon,EUNAPOLIS,Tipo 7/8,sc 60 kg,"145,00",145.0,Café Conillon,10
2005-06-22,Café Conillon,EUNAPOLIS,Tipo 7,sc 60 kg,"143,00",143.0,Café Conillon,10
2005-06-22,Café Conillon,EUNAPOLIS,Tipo 7/8,sc 60 kg,"145,00",145.0,Café Conillon,10
2005-06-27,Café Conillon,EUNAPOLIS,Tipo 7,sc 60 kg,"143,00",143.0,Café Conillon,10
2005-06-27,Café Conillon,EUNAPOLIS,Tipo 7/8,sc 60 kg,"145,00",145.0,Café Conillon,10
2005-06-28,Café Conillon,EUNAPOLIS,Tipo 7,sc 60 kg,"143,00",143.0,Café Conillon,10
2005-06-28,Café Conillon,EUNAPOLIS,Tipo 7/8,sc 60 kg,"145,00",145.0,Café Conillon,10
2005-06-29,Café Conillon,EUNAPOLIS,Tipo 7,sc 60 kg,"143,00",143.0,Café Conillon,10
2005-06-29,Café Conillon,EUNAPOLIS,Tipo 7/8,sc 60 kg,"145,00",145.0,Café Conillon,10
2005-06-30,Café Conillon,EUNAPOLIS,Tipo 7,sc 60 kg,"143,00",143.0,Café Conillon,10
2005-06-30,Café Conillon,EUNAPOLIS,Tipo 7/8,sc 60 kg,"145,00",145.0,Café Conillon,10
2005-07-01,Café Conillon,EUNAPOLIS,Tipo 7,sc 60 kg,"143,00",143.0,Café Conillon,10
2005-07-01,Café Conillon,EUNAPOLIS,Tipo 7/8,sc 60 kg,"145,00",145.0,Café Conillon,10
2005-07-04,Café Conillon,EUNAPOLIS,Tipo 7,sc 60 kg,"143,00",143.0,Café Conillon,10
2005-07-04,Café Conillon,EUNAPOLIS,Tipo 7/8,sc 60 kg,"145,00",145.0,Café Conillon,10
2005-07-05,Café Conillon,EUNAPOLIS,Tipo 7,sc 60 kg,"143,00",143.0,Café Conillon,10
2005-07-05,Café Conillon,EUNAPOLIS,Tipo 7/8,sc 60 kg,"145,00",145.0,Café Conillon,10
2005-07-06,Café Conillon,EUNAPOLIS,Tipo 7,sc 60 kg,"143,00",143.0,Café Conillon,10
2005-07-06,Café Conillon,EUNAPOLIS,Tipo 7/8,sc 60 kg,"145,00",145.0,Café Conillon,10
2005-07-07,Café Conillon,EUNAPOLIS,Tipo 7,sc 60 kg,"143,00",143.0,Café Conillon,10
2005-07-07,Café Conillon,EUNAPOLIS,Tipo 7/8,sc 60 kg,"145,00",145.0,Café Conillon,10
2005-07-08,Café Conillon,EUNAPOLIS,Tipo 7,sc 60 kg,"143,00",143.0,Café Conillon,10
2005-07-08,Café Conillon,EUNAPOLIS,Tipo 7/8,sc 60 kg,"145,00",145.0,Café Conillon,10
2005-07-11,Café Conillon,EUNAPOLIS,Tipo 7,sc 60 kg,"143,00",143.0,Café Conillon,10
2005-07-11,Café Conillon,EUNAPOLIS,Tipo 7/8,sc 60 kg,"145,00",145.0,Café Conillon,10
2005-07-12,Café Conillon,EUNAPOLIS,Tipo 7,sc 60 kg,"143,00",143.0,Café Conillon,10
2005-07-12,Café Conillon,EUNAPOLIS,Tipo 7/8,sc 60 kg,"145,00",145.0,Café Conillon,10
2005-07-13,Café Conillon,EUNAPOLIS,Tipo 7,sc 60 kg,"140,00",140.0,Café Conillon,10
2005-07-13,Café Conillon,EUNAPOLIS,Tipo 7/8,sc 60 kg,"142,00",142.0,Café Conillon,10
2005-07-14,Café Conillon,EUNAPOLIS,Tipo 7,sc 60 kg,"140,00",140.0,Café Conillon,10
2005-07-14,Café Conillon,EUNAPOLIS,Tipo 7/8,sc 60 kg,"142,00",142.0,Café Conillon,10
2005-07-15,Café Conillon,EUNAPOLIS,Tipo 7,sc 60 kg,"140,00",140.0,Café Conillon,10
2005-07-15,Café Conillon,EUNAPOLIS,Tipo 7/8,sc 60 kg,"142,00",142.0,Café Conillon,10
2005-07-18,Café Conillon,EUNAPOLIS,Tipo 7,sc 60 kg,"140,00",140.0,Café Conillon,10
2005-07-18,Café Conillon,EUNAPOLIS,Tipo 7/8,sc 60 kg,"142,00",142.0,Café Conillon,10
2005-07-19,Café Conillon,EUNAPOLIS,Tipo 7,sc 60 kg,"140,00",140.0,Café Conillon,10
2005-07-19,Café Conillon,EUNAPOLIS,Tipo 7/8,sc 60 kg,"142,00",142.0,Café Conillon,10
2005-07-20,Café Conillon,EUNAPOLIS,Tipo 7,sc 60 kg,"140,00",140.0,Café Conillon,10
2005-07-20,Café Conillon,EUNAPOLIS,Tipo 7/8,sc 60 kg,"142,00",142.0,Café Conillon,10
2005-07-21,Café Conillon,EUNAPOLIS,Tipo 7,sc 60 kg,"140,00",140.0,Café Conillon,10
2005-07-21,Café Conillon,EUNAPOLIS,Tipo 7/8,sc 60 kg,"142,00",142.0,Café Conillon,10
2005-07-22,Café Conillon,EUNAPOLIS,Tipo 7,sc 60 kg,"138,00",138.0,Café Conillon,10
2005-07-22,Café Conillon,EUNAPOLIS,Tipo 7/8,sc 60 kg,"140,00",140.0,Café Conillon,10
2005-07-25,Café Conillon,EUNAPOLIS,Tipo 7,sc 60 kg,"138,00",138.0,Café Conillon,10
2005-07-25,Café Conillon,EUNAPOLIS,Tipo 7/8,sc 60 kg,"140,00",140.0,Café Conillon,10
2005-07-26,Café Conillon,EUNAPOLIS,Tipo 7,sc 60 kg,"138,00",138.0,Café Conillon,10
2005-07-26,Café Conillon,EUNAPOLIS,Tipo 7/8,sc 60 kg,"140,00",140.0,Café Conillon,10
2005-07-27,Café Conillon,EUNAPOLIS,Tipo 7,sc 60 kg,"138,00",138.0,Café Conillon,10
2005-07-27,Café Conillon,EUNAPOLIS,Tipo 7/8,sc 60 kg,"140,00",140.0,Café Conillon,10
2005-07-28,Café Conillon,EUNAPOLIS,Tipo 7,sc 60 kg,"138,00",138.0,Café Conillon,10
2005-07-28,Café Conillon,EUNAPOLIS,Tipo 7/8,sc 60 kg,"140,00",140.0,Café Conillon,10
2005-07-29,Café Conillon,EUNAPOLIS,Tipo 7,sc 60 kg,"138,00",138.0,Café Conillon,10
2005-07-29,Café Conillon,EUNAPOLIS,Tipo 7/8,sc 60 kg,"140,00",140.0,Café Conillon,10
2005-08-01,Café Conillon,EUNAPOLIS,Tipo 7,sc 60 kg,"141,00",141.0,Café Conillon,10
2005-08-01,Café Conillon,EUNAPOLIS,Tipo 7/8,sc 60 kg,"143,00",143.0,Café Conillon,10
2005-08-02,Café Conillon,EUNAPOLIS,Tipo 7,sc 60 kg,"141,00",141.0,Café Conillon,10
2005-08-02,Café Conillon,EUNAPOLIS,Tipo 7/8,sc 60 kg,"143,00",143.0,Café Conillon,10
2005-08-03,Café Conillon,EUNAPOLIS,Tipo 7,sc 60 kg,"141,00",141.0,Café Conillon,10
2005-08-03,Café Conillon,EUNAPOLIS,Tipo 7/8,sc 60 kg,"143,00",143.0,Café Conillon,10
2005-08-04,Café Conillon,EUNAPOLIS,Tipo 7,sc 60 kg,"141,00",141.0,Café Conillon,10
2005-08-04,Café Conillon,EUNAPOLIS,Tipo 7/8,sc 60 kg,"143,00",143.0,Café Conillon,10
2005-08-05,Café Conillon,EUNAPOLIS,Tipo 7,sc 60 kg,"140,00",140.0,Café Conillon,10
2005-08-05,Café Conillon,EUNAPOLIS,Tipo 7/8,sc 60 kg,"142,00",142.0,Café Conillon,10
2005-08-08,Café Conillon,EUNAPOLIS,Tipo 7,sc 60 kg,"139,00",139.0,Café Conillon,10
2005-08-08,Café Conillon,EUNAPOLIS,Tipo 7/8,sc 60 kg,"142,00",142.0,Café Conillon,10
2005-08-09,Café Conillon,EUNAPOLIS,Tipo 7,sc 60 kg,"139,00",139.0,Café Conillon,10
2005-08-09,Café Conillon,EUNAPOLIS,Tipo 7/8,sc 60 kg,"142,00",142.0,Café Conillon,10
2005-08-10,Café Conillon,EUNAPOLIS,Tipo 7,sc 60 kg,"139,00",139.0,Café Conillon,10
2005-08-10,Café Conillon,EUNAPOLIS,Tipo 7/8,sc 60 kg,"142,00",142.0,Café Conillon,10
2005-08-11,Café Conillon,EUNAPOLIS,Tipo 7,sc 60 kg,"139,00",139.0,Café Conillon,10
2005-08-11,Café Conillon,EUNAPOLIS,Tipo 7/8,sc 60 kg,"142,00",142.0,Café Conillon,10
2005-08-12,Café Conillon,EUNAPOLIS,Tipo 7,sc 60 kg,"139,00",139.0,Café Conillon,10
2005-08-12,Café Conillon,EUNAPOLIS,Tipo 7/8,sc 60 kg,"142,00",142.0,Café Conillon,10
2005-08-15,Café Conillon,EUNAPOLIS,Tipo 7,sc 60 kg,"135,00",135.0,Café Conillon,10
2005-08-15,Café Conillon,EUNAPOLIS,Tipo 7/8,sc 60 kg,"137,00",137.0,Café Conillon,10
2005-08-16,Café Conillon,EUNAPOLIS,Tipo 7,sc 60 kg,"135,00",135.0,Café Conillon,10
2005-08-16,Café Conillon,EUNAPOLIS,Tipo 7/8,sc 60 kg,"137,00",137.0,Café Conillon,10
2005-08-17,Café Conillon,EUNAPOLIS,Tipo 7,sc 60 kg,"135,00",135.0,Café Conillon,10
2005-08-17,Café Conillon,EUNAPOLIS,Tipo 7/8,sc 60 kg,"137,00",137.0,Café Conillon,10
2005-08-18,Café Conillon,EUNAPOLIS,Tipo 7,sc 60 kg,"135,00",135.0,Café Conillon,10
2005-08-18,Café Conillon,EUNAPOLIS,Tipo 7/8,sc 60 kg,"137,00",137.0,Café Conillon,10
2005-08-19,Café Conillon,EUNAPOLIS,Tipo 7,sc 60 kg,"132,00",132.0,Café Conillon,10
2005-08-19,Café Conillon,EUNAPOLIS,Tipo 7/8,sc 60 kg,"135,00",135.0,Café Conillon,10
2005-08-22,Café Conillon,EUNAPOLIS,Tipo 7,sc 60 kg,"132,00",132.0,Café Conillon,10
2005-08-22,Café Conillon,EUNAPOLIS,Tipo 7/8,sc 60 kg,"135,00",135.0,Café Conillon,10
2005-08-23,Café Conillon,EUNAPOLIS,Tipo 7,sc 60 kg,"132,00",132.0,Café Conillon,10
2005-08-23,Café Conillon,EUNAPOLIS,Tipo 7/8,sc 60 kg,"135,00",135.0,Café Conillon,10
2005-08-24,Café Conillon,EUNAPOLIS,Tipo 7,sc 60 kg,"132,00",132.0,Café Conillon,10
2005-08-24,Café Conillon,EUNAPOLIS,Tipo 7/8,sc 60 kg,"135,00",135.0,Café Conillon,10
2005-08-25,Café Conillon,EUNAPOLIS,Tipo 7,sc 60 kg,"132,00",132.0,Café Conillon,10
2005-08-25,Café Conillon,EUNAPOLIS,Tipo 7/8,sc 60 kg,"135,00",135.0,Café Conillon,10
2005-08-26,Café Conillon,EUNAPOLIS,Tipo 7,sc 60 kg,"133,00",133.0,Café Conillon,10
2005-08-26,Café Conillon,EUNAPOLIS,Tipo 7/8,sc 60 kg,"135,00",135.0,Café Conillon,10
2005-08-29,Café Conillon,EUNAPOLIS,Tipo 7,sc 60 kg,"133,00",133.0,Café Conillon,10
2005-08-29,Café Conillon,EUNAPOLIS,Tipo 7/8,sc 60 kg,"135,00",135.0,Café Conillon,10
2005-08-30,Café Conillon,EUNAPOLIS,Tipo 7,sc 60 kg,"133,00",133.0,Café Conillon,10
2005-08-30,Café Conillon,EUNAPOLIS,Tipo 7/8,sc 60 kg,"135,00",135.0,Café Conillon,10
2005-08-31,Café Conillon,EUNAPOLIS,Tipo 7,sc 60 kg,"133,00",133.0,Café Conillon,10
2005-08-31,Café Conillon,EUNAPOLIS,Tipo 7/8,sc 60 kg,"135,00",135.0,Café Conillon,10
2005-09-01,Café Conillon,EUNAPOLIS,Tipo 7,sc 60 kg,"133,00",133.0,Café Conillon,10
2005-09-01,Café Conillon,EUNAPOLIS,Tipo 7/8,sc 60 kg,"135,00",135.0,Café Conillon,10
2005-09-02,Café Conillon,EUNAPOLIS,Tipo 7,sc 60 kg,"135,00",135.0,Café Conillon,10
2005-09-02,Café Conillon,EUNAPOLIS,Tipo 7/8,sc 60 kg,"138,00",138.0,Café Conillon,10
2005-09-05,Café Conillon,EUNAPOLIS,Tipo 7,sc 60 kg,"135,00",135.0,Café Conillon,10
2005-09-05,Café Conillon,EUNAPOLIS,Tipo 7/8,sc 60 kg,"138,00",138.0,Café Conillon,10
2005-09-06,Café Conillon,EUNAPOLIS,Tipo 7,sc 60 kg,"135,00",135.0,Café Conillon,10
2005-09-06,Café Conillon,EUNAPOLIS,Tipo 7/8,sc 60 kg,"138,00",138.0,Café Conillon,10
2005-09-08,Café Conillon,EUNAPOLIS,Tipo 7,sc 60 kg,"135,00",135.0,Café Conillon,10
2005-09-08,Café Conillon,EUNAPOLIS,Tipo 7/8,sc 60 kg,"138,00",138.0,Café Conillon,10
2005-09-09,Café Conillon,EUNAPOLIS,Tipo 7,sc 60 kg,"135,00",135.0,Café Conillon,10
2005-09-09,Café Conillon,EUNAPOLIS,Tipo 7/8,sc 60 kg,"138,00",138.0,Café Conillon,10
2005-09-12,Café Conillon,EUNAPOLIS,Tipo 7,sc 60 kg,"135,00",135.0,Café Conillon,10
2005-09-12,Café Conillon,EUNAPOLIS,Tipo 7/8,sc 60 kg,"138,00",138.0,Café Conillon,10
2005-09-13,Café Conillon,EUNAPOLIS,Tipo 7,sc 60 kg,"135,00",135.0,Café Conillon,10
2005-09-13,Café Conillon,EUNAPOLIS,Tipo 7/8,sc 60 kg,"138,00",138.0,Café Conillon,10
2005-09-14,Café Conillon,EUNAPOLIS,Tipo 7,sc 60 kg,"135,00",135.0,Café Conillon,10
2005-09-14,Café Conillon,EUNAPOLIS,Tipo 7/8,sc 60 kg,"138,00",138.0,Café Conillon,10
2005-09-15,Café Conillon,EUNAPOLIS,Tipo 7,sc 60 kg,"135,00",135.0,Café Conillon,10
2005-09-15,Café Conillon,EUNAPOLIS,Tipo 7/8,sc 60 kg,"138,00",138.0,Café Conillon,10
2005-09-16,Café Conillon,EUNAPOLIS,Tipo 7,sc 60 kg,"135,00",135.0,Café Conillon,10
2005-09-16,Café Conillon,EUNAPOLIS,Tipo 7/8,sc 60 kg,"138,00",138.0,Café Conillon,10
2005-09-19,Café Conillon,EUNAPOLIS,Tipo 7,sc 60 kg,"135,00",135.0,Café Conillon,10
2005-09-19,Café Conillon,EUNAPOLIS,Tipo 7/8,sc 60 kg,"138,00",138.0,Café Conillon,10
2005-09-20,Café Conillon,EUNAPOLIS,Tipo 7,sc 60 kg,"135,00",135.0,Café Conillon,10
2005-09-20,Café Conillon,EUNAPOLIS,Tipo 7/8,sc 60 kg,"138,00",138.0,Café Conillon,10
2005-09-21,Café Conillon,EUNAPOLIS,Tipo 7,sc 60 kg,"135,00",135.0,Café Conillon,10
2005-09-21,Café Conillon,EUNAPOLIS,Tipo 7/8,sc 60 kg,"138,00",138.0,Café Conillon,10
2005-09-22,Café Conillon,EUNAPOLIS,Tipo 7,sc 60 kg,"135,00",135.0,Café Conillon,10
2005-09-22,Café Conillon,EUNAPOLIS,Tipo 7/8,sc 60 kg,"138,00",138.0,Café Conillon,10
2005-09-23,Café Conillon,EUNAPOLIS,Tipo 7,sc 60 kg,"135,00",135.0,Café Conillon,10
2005-09-23,Café Conillon,EUNAPOLIS,Tipo 7/8,sc 60 kg,"138,00",138.0,Café Conillon,10
2005-09-26,Café Conillon,EUNAPOLIS,Tipo 7,sc 60 kg,"135,00",135.0,Café Conillon,10
2005-09-26,Café Conillon,EUNAPOLIS,Tipo 7/8,sc 60 kg,"138,00",138.0,Café Conillon,10
2005-09-27,Café Conillon,EUNAPOLIS,Tipo 7,sc 60 kg,"135,00",135.0,Café Conillon,10
2005-09-27,Café Conillon,EUNAPOLIS,Tipo 7/8,sc 60 kg,"138,00",138.0,Café Conillon,10
2005-09-28,Café Conillon,EUNAPOLIS,Tipo 7,sc 60 kg,"135,00",135.0,Café Conillon,10
2005-09-28,Café Conillon,EUNAPOLIS,Tipo 7/8,sc 60 kg,"138,00",138.0,Café Conillon,10
2005-09-29,Café Conillon,EUNAPOLIS,Tipo 7,sc 60 kg,"135,00",135.0,Café Conillon,10
2005-09-29,Café Conillon,EUNAPOLIS,Tipo 7/8,sc 60 kg,"138,00",138.0,Café Conillon,10
2005-09-30,Café Conillon,EUNAPOLIS,Tipo 7,sc 60 kg,"135,00",135.0,Café Conillon,10
2005-09-30,Café Conillon,EUNAPOLIS,Tipo 7/8,sc 60 kg,"138,00",138.0,Café Conillon,10
2005-10-03,Café Conillon,EUNAPOLIS,Tipo 7,sc 60 kg,"129,00",129.0,Café Conillon,10
2005-10-03,Café Conillon,EUNAPOLIS,Tipo 7/8,sc 60 kg,"132,00",132.0,Café Conillon,10
2005-10-04,Café Conillon,EUNAPOLIS,Tipo 7,sc 60 kg,"129,00",129.0,Café Conillon,10
2005-10-04,Café Conillon,EUNAPOLIS,Tipo 7/8,sc 60 kg,"132,00",132.0,Café Conillon,10
2005-10-05,Café Conillon,EUNAPOLIS,Tipo 7,sc 60 kg,"129,00",129.0,Café Conillon,10
2005-10-05,Café Conillon,EUNAPOLIS,Tipo 7/8,sc 60 kg,"132,00",132.0,Café Conillon,10
2005-10-06,Café Conillon,EUNAPOLIS,Tipo 7,sc 60 kg,"129,00",129.0,Café Conillon,10
2005-10-06,Café Conillon,EUNAPOLIS,Tipo 7/8,sc 60 kg,"132,00",132.0,Café Conillon,10
2005-10-07,Café Conillon,EUNAPOLIS,Tipo 7,sc 60 kg,"129,00",129.0,Café Conillon,10
2005-10-07,Café Conillon,EUNAPOLIS,Tipo 7/8,sc 60 kg,"132,00",132.0,Café Conillon,10
2005-10-10,Café Conillon,EUNAPOLIS,Tipo 7,sc 60 kg,"129,00",129.0,Café Conillon,10
2005-10-10,Café Conillon,EUNAPOLIS,Tipo 7/8,sc 60 kg,"132,00",132.0,Café Conillon,10
2005-10-11,Café Conillon,EUNAPOLIS,Tipo 7,sc 60 kg,"132,00",132.0,Café Conillon,10
2005-10-11,Café Conillon,EUNAPOLIS,Tipo 7/8,sc 60 kg,"135,00",135.0,Café Conillon,10
2005-10-13,Café Conillon,EUNAPOLIS,Tipo 7,sc 60 kg,"132,00",132.0,Café Conillon,10
2005-10-13,Café Conillon,EUNAPOLIS,Tipo 7/8,sc 60 kg,"135,00",135.0,Café Conillon,10
2005-10-14,Café Conillon,EUNAPOLIS,Tipo 7,sc 60 kg,"132,00",132.0,Café Conillon,10
2005-10-14,Café Conillon,EUNAPOLIS,Tipo 7/8,sc 60 kg,"135,00",135.0,Café Conillon,10
2005-10-17,Café Conillon,EUNAPOLIS,Tipo 7,sc 60 kg,"135,00",135.0,Café Conillon,10
2005-10-17,Café Conillon,EUNAPOLIS,Tipo 7/8,sc 60 kg,"138,00",138.0,Café Conillon,10
2005-10-18,Café Conillon,EUNAPOLIS,Tipo 7,sc 60 kg,"135,00",135.0,Café Conillon,10
2005-10-18,Café Conillon,EUNAPOLIS,Tipo 7/8,sc 60 kg,"138,00",138.0,Café Conillon,10
2005-10-19,Café Conillon,EUNAPOLIS,Tipo 7,sc 60 kg,"135,00",135.0,Café Conillon,10
2005-10-19,Café Conillon,EUNAPOLIS,Tipo 7/8,sc 60 kg,"138,00",138.0,Café Conillon,10
2005-10-20,Café Conillon,EUNAPOLIS,Tipo 7,sc 60 kg,"135,00",135.0,Café Conillon,10
2005-10-20,Café Conillon,EUNAPOLIS,Tipo 7/8,sc 60 kg,"138,00",138.0,Café Conillon,10
2005-10-21,Café Conillon,EUNAPOLIS,Tipo 7,sc 60 kg,"135,00",135.0,Café Conillon,10
2005-10-21,Café Conillon,EUNAPOLIS,Tipo 7/8,sc 60 kg,"138,00",138.0,Café Conillon,10
2005-10-24,Café Conillon,EUNAPOLIS,Tipo 7,sc 60 kg,"137,00",137.0,Café Conillon,10
2005-10-24,Café Conillon,EUNAPOLIS,Tipo 7/8,sc 60 kg,"140,00",140.0,Café Conillon,10
2005-10-25,Café Conillon,EUNAPOLIS,Tipo 7,sc 60 kg,"137,00",137.0,Café Conillon,10
2005-10-25,Café Conillon,EUNAPOLIS,Tipo 7/8,sc 60 kg,"140,00",140.0,Café Conillon,10
2005-10-26,Café Conillon,EUNAPOLIS,Tipo 7,sc 60 kg,"134,00",134.0,Café Conillon,10
2005-10-26,Café Conillon,EUNAPOLIS,Tipo 7/8,sc 60 kg,"137,00",137.0,Café Conillon,10
2005-10-27,Café Conillon,EUNAPOLIS,Tipo 7,sc 60 kg,"134,00",134.0,Café Conillon,10
2005-10-27,Café Conillon,EUNAPOLIS,Tipo 7/8,sc 60 kg,"137,00",137.0,Café Conillon,10
2005-10-31,Café Conillon,EUNAPOLIS,Tipo 7,sc 60 kg,"134,00",134.0,Café Conillon,10
2005-10-31,Café Conillon,EUNAPOLIS,Tipo 7/8,sc 60 kg,"137,00",137.0,Café Conillon,10
2005-11-01,Café Conillon,EUNAPOLIS,Tipo 7,sc 60 kg,"134,00",134.0,Café Conillon,10
2005-11-01,Café Conillon,EUNAPOLIS,Tipo 7/8,sc 60 kg,"137,00",137.0,Café Conillon,10
2005-11-03,Café Conillon,EUNAPOLIS,Tipo 7,sc 60 kg,"134,00",134.0,Café Conillon,10
2005-11-03,Café Conillon,EUNAPOLIS,Tipo 7/8,sc 60 kg,"137,00",137.0,Café Conillon,10
2005-11-04,Café Conillon,EUNAPOLIS,Tipo 7,sc 60 kg,"134,00",134.0,Café Conillon,10
2005-11-04,Café Conillon,EUNAPOLIS,Tipo 7/8,sc 60 kg,"137,00",137.0,Café Conillon,10
2005-11-07,Café Conillon,EUNAPOLIS,Tipo 7,sc 60 kg,"134,00",134.0,Café Conillon,10
2005-11-07,Café Conillon,EUNAPOLIS,Tipo 7/8,sc 60 kg,"137,00",137.0,Café Conillon,10
2005-11-08,Café Conillon,EUNAPOLIS,Tipo 7,sc 60 kg,"137,00",137.0,Café Conillon,10
2005-11-08,Café Conillon,EUNAPOLIS,Tipo 7/8,sc 60 kg,"140,00",140.0,Café Conillon,10
2005-11-09,Café Conillon,EUNAPOLIS,Tipo 7,sc 60 kg,"137,00",137.0,Café Conillon,10
2005-11-09,Café Conillon,EUNAPOLIS,Tipo 7/8,sc 60 kg,"140,00",140.0,Café Conillon,10
2005-11-10,Café Conillon,EUNAPOLIS,Tipo 7,sc 60 kg,"137,00",137.0,Café Conillon,10
2005-11-10,Café Conillon,EUNAPOLIS,Tipo 7/8,sc 60 kg,"140,00",140.0,Café Conillon,10
2005-11-11,Café Conillon,EUNAPOLIS,Tipo 7,sc 60 kg,"137,00",137.0,Café Conillon,10
2005-11-11,Café Conillon,EUNAPOLIS,Tipo 7/8,sc 60 kg,"140,00",140.0,Café Conillon,10
2005-11-16,Café Conillon,EUNAPOLIS,Tipo 7,sc 60 kg,"137,00",137.0,Café Conillon,10
2005-11-16,Café Conillon,EUNAPOLIS,Tipo 7/8,sc 60 kg,"140,00",140.0,Café Conillon,10
2005-11-17,Café Conillon,EUNAPOLIS,Tipo 7,sc 60 kg,"137,00",137.0,Café Conillon,10
2005-11-17,Café Conillon,EUNAPOLIS,Tipo 7/8,sc 60 kg,"140,00",140.0,Café Conillon,10
2005-11-18,Café Conillon,EUNAPOLIS,Tipo 7,sc 60 kg,"137,00",137.0,Café Conillon,10
2005-11-18,Café Conillon,EUNAPOLIS,Tipo 7/8,sc 60 kg,"140,00",140.0,Café Conillon,10
2005-11-21,Café Conillon,EUNAPOLIS,Tipo 7,sc 60 kg,"137,00",137.0,Café Conillon,10
2005-11-21,Café Conillon,EUNAPOLIS,Tipo 7/8,sc 60 kg,"140,00",140.0,Café Conillon,10
2005-11-22,Café Conillon,EUNAPOLIS,Tipo 7,sc 60 kg,"137,00",137.0,Café Conillon,10
2005-11-22,Café Conillon,EUNAPOLIS,Tipo 7/8,sc 60 kg,"140,00",140.0,Café Conillon,10
2005-11-23,Café Conillon,EUNAPOLIS,Tipo 7,sc 60 kg,"142,00",142.0,Café Conillon,10
2005-11-23,Café Conillon,EUNAPOLIS,Tipo 7/8,sc 60 kg,"145,00",145.0,Café Conillon,10
2005-11-24,Café Conillon,EUNAPOLIS,Tipo 7,sc 60 kg,"142,00",142.0,Café Conillon,10
2005-11-24,Café Conillon,EUNAPOLIS,Tipo 7/8,sc 60 kg,"145,00",145.0,Café Conillon,10
2005-11-25,Café Conillon,EUNAPOLIS,Tipo 7,sc 60 kg,"142,00",142.0,Café Conillon,10
2005-11-25,Café Conillon,EUNAPOLIS,Tipo 7/8,sc 60 kg,"145,00",145.0,Café Conillon,10
2005-11-28,Café Conillon,EUNAPOLIS,Tipo 7,sc 60 kg,"142,00",142.0,Café Conillon,10
2005-11-28,Café Conillon,EUNAPOLIS,Tipo 7/8,sc 60 kg,"145,00",145.0,Café Conillon,10
2005-11-29,Café Conillon,EUNAPOLIS,Tipo 7,sc 60 kg,"142,00",142.0,Café Conillon,10
2005-11-29,Café Conillon,EUNAPOLIS,Tipo 7/8,sc 60 kg,"145,00",145.0,Café Conillon,10
2005-11-30,Café Conillon,EUNAPOLIS,Tipo 7,sc 60 kg,"144,00",144.0,Café Conillon,10
2005-11-30,Café Conillon,EUNAPOLIS,Tipo 7/8,sc 60 kg,"147,00",147.0,Café Conillon,10
2005-12-01,Café Conillon,EUNAPOLIS,Tipo 7,sc 60 kg,"144,00",144.0,Café Conillon,10
2005-12-01,Café Conillon,EUNAPOLIS,Tipo 7/8,sc 60 kg,"147,00",147.0,Café Conillon,10
2005-12-02,Café Conillon,EUNAPOLIS,Tipo 7,sc 60 kg,"144,00",144.0,Café Conillon,10
2005-12-02,Café Conillon,EUNAPOLIS,Tipo 7/8,sc 60 kg,"147,00",147.0,Café Conillon,10
2005-12-05,Café Conillon,EUNAPOLIS,Tipo 7,sc 60 kg,"144,00",144.0,Café Conillon,10
2005-12-05,Café Conillon,EUNAPOLIS,Tipo 7/8,sc 60 kg,"147,00",147.0,Café Conillon,10
2005-12-06,Café Conillon,EUNAPOLIS,Tipo 7,sc 60 kg,"144,00",144.0,Café Conillon,10
2005-12-06,Café Conillon,EUNAPOLIS,Tipo 7/8,sc 60 kg,"147,00",147.0,Café Conillon,10
2005-12-07,Café Conillon,EUNAPOLIS,Tipo 7,sc 60 kg,"144,00",144.0,Café Conillon,10
2005-12-07,Café Conillon,EUNAPOLIS,Tipo 7/8,sc 60 kg,"147,00",147.0,Café Conillon,10
2005-12-09,Café Conillon,EUNAPOLIS,Tipo 7,sc 60 kg,"144,00",144.0,Café Conillon,10
2005-12-09,Café Conillon,EUNAPOLIS,Tipo 7/8,sc 60 kg,"147,00",147.0,Café Conillon,10
2005-12-12,Café Conillon,EUNAPOLIS,Tipo 7,sc 60 kg,"144,00",144.0,Café Conillon,10
2005-12-12,Café Conillon,EUNAPOLIS,Tipo 7/8,sc 60 kg,"147,00",147.0,Café Conillon,10
2005-12-13,Café Conillon,EUNAPOLIS,Tipo 7,sc 60 kg,"144,00",144.0,Café Conillon,10
2005-12-13,Café Conillon,EUNAPOLIS,Tipo 7/8,sc 60 kg,"147,00",147.0,Café Conillon,10
2005-12-14,Café Conillon,EUNAPOLIS,Tipo 7,sc 60 kg,"144,00",144.0,Café Conillon,10
2005-12-14,Café Conillon,EUNAPOLIS,Tipo 7/8,sc 60 kg,"147,00",147.0,Café Conillon,10
2005-12-15,Café Conillon,EUNAPOLIS,Tipo 7,sc 60 kg,"144,00",144.0,Café Conillon,10
2005-12-15,Café Conillon,EUNAPOLIS,Tipo 7/8,sc 60 kg,"147,00",147.0,Café Conillon,10
2005-12-16,Café Conillon,EUNAPOLIS,Tipo 7,sc 60 kg,"144,00",144.0,Café Conillon,10
2005-12-16,Café Conillon,EUNAPOLIS,Tipo 7/8,sc 60 kg,"147,00",147.0,Café Conillon,10
2005-12-19,Café Conillon,EUNAPOLIS,Tipo 7,sc 60 kg,"144,00",144.0,Café Conillon,10
2005-12-19,Café Conillon,EUNAPOLIS,Tipo 7/8,sc 60 kg,"147,00",147.0,Café Conillon,10
2005-12-20,Café Conillon,EUNAPOLIS,Tipo 7,sc 60 kg,"144,00",144.0,Café Conillon,10
2005-12-20,Café Conillon,EUNAPOLIS,Tipo 7/8,sc 60 kg,"147,00",147.0,Café Conillon,10
2005-12-21,Café Conillon,EUNAPOLIS,Tipo 7,sc 60 kg,"144,00",144.0,Café Conillon,10
2005-12-21,Café Conillon,EUNAPOLIS,Tipo 7/8,sc 60 kg,"147,00",147.0,Café Conillon,10
2005-12-22,Café Conillon,EUNAPOLIS,Tipo 7,sc 60 kg,"144,00",144.0,Café Conillon,10
2005-12-22,Café Conillon,EUNAPOLIS,Tipo 7/8,sc 60 kg,"147,00",147.0,Café Conillon,10
2005-12-26,Café Conillon,EUNAPOLIS,Tipo 7,sc 60 kg,"147,00",147.0,Café Conillon,10
2005-12-26,Café Conillon,EUNAPOLIS,Tipo 7/8,sc 60 kg,"150,00",150.0,Café Conillon,10
2005-12-27,Café Conillon,EUNAPOLIS,Tipo 7,sc 60 kg,"147,00",147.0,Café Conillon,10
2005-12-27,Café Conillon,EUNAPOLIS,Tipo 7/8,sc 60 kg,"150,00",150.0,Café Conillon,10
2005-12-28,Café Conillon,EUNAPOLIS,Tipo 7,sc 60 kg,"147,00",147.0,Café Conillon,10
2005-12-28,Café Conillon,EUNAPOLIS,Tipo 7/8,sc 60 kg,"150,00",150.0,Café Conillon,10
2005-12-29,Café Conillon,EUNAPOLIS,Tipo 7,sc 60 kg,"147,00",147.0,Café Conillon,10
2005-12-29,Café Conillon,EUNAPOLIS,Tipo 7/8,sc 60 kg,"150,00",150.0,Café Conillon,10
2006-01-02,Café Conillon,EUNAPOLIS,Tipo 7,sc 60 kg,"147,00",147.0,Café Conillon,10
2006-01-02,Café Conillon,EUNAPOLIS,Tipo 7/8,sc 60 kg,"150,00",150.0,Café Conillon,10
2006-01-03,Café Conillon,EUNAPOLIS,Tipo 7,sc 60 kg,"147,00",147.0,Café Conillon,10
2006-01-03,Café Conillon,EUNAPOLIS,Tipo 7/8,sc 60 kg,"150,00",150.0,Café Conillon,10
2006-01-04,Café Conillon,EUNAPOLIS,Tipo 7,sc 60 kg,"152,00",152.0,Café Conillon,10
2006-01-04,Café Conillon,EUNAPOLIS,Tipo 7/8,sc 60 kg,"155,00",155.0,Café Conillon,10
2006-01-05,Café Conillon,EUNAPOLIS,Tipo 7,sc 60 kg,"152,00",152.0,Café Conillon,10
2006-01-05,Café Conillon,EUNAPOLIS,Tipo 7/8,sc 60 kg,"155,00",155.0,Café Conillon,10
2006-01-06,Café Conillon,EUNAPOLIS,Tipo 7,sc 60 kg,"152,00",152.0,Café Conillon,10
2006-01-06,Café Conillon,EUNAPOLIS,Tipo 7/8,sc 60 kg,"155,00",155.0,Café Conillon,10
2006-01-09,Café Conillon,EUNAPOLIS,Tipo 7,sc 60 kg,"152,00",152.0,Café Conillon,10
2006-01-09,Café Conillon,EUNAPOLIS,Tipo 7/8,sc 60 kg,"155,00",155.0,Café Conillon,10
2006-01-10,Café Conillon,EUNAPOLIS,Tipo 7,sc 60 kg,"152,00",152.0,Café Conillon,10
2006-01-10,Café Conillon,EUNAPOLIS,Tipo 7/8,sc 60 kg,"155,00",155.0,Café Conillon,10
2006-01-11,Café Conillon,EUNAPOLIS,Tipo 7,sc 60 kg,"152,00",152.0,Café Conillon,10
2006-01-11,Café Conillon,EUNAPOLIS,Tipo 7/8,sc 60 kg,"155,00",155.0,Café Conillon,10
2006-01-12,Café Conillon,EUNAPOLIS,Tipo 7,sc 60 kg,"152,00",152.0,Café Conillon,10
2006-01-12,Café Conillon,EUNAPOLIS,Tipo 7/8,sc 60 kg,"155,00",155.0,Café Conillon,10
2006-01-13,Café Conillon,EUNAPOLIS,Tipo 7,sc 60 kg,"157,00",157.0,Café Conillon,10
2006-01-13,Café Conillon,EUNAPOLIS,Tipo 7/8,sc 60 kg,"160,00",160.0,Café Conillon,10
2006-01-16,Café Conillon,EUNAPOLIS,Tipo 7,sc 60 kg,"157,00",157.0,Café Conillon,10
2006-01-16,Café Conillon,EUNAPOLIS,Tipo 7/8,sc 60 kg,"160,00",160.0,Café Conillon,10
2006-01-17,Café Conillon,EUNAPOLIS,Tipo 7,sc 60 kg,"157,00",157.0,Café Conillon,10
2006-01-17,Café Conillon,EUNAPOLIS,Tipo 7/8,sc 60 kg,"160,00",160.0,Café Conillon,10
2006-01-18,Café Conillon,EUNAPOLIS,Tipo 7,sc 60 kg,"152,00",152.0,Café Conillon,10
2006-01-18,Café Conillon,EUNAPOLIS,Tipo 7/8,sc 60 kg,"165,00",165.0,Café Conillon,10
2006-01-19,Café Conillon,EUNAPOLIS,Tipo 7,sc 60 kg,"152,00",152.0,Café Conillon,10
2006-01-19,Café Conillon,EUNAPOLIS,Tipo 7/8,sc 60 kg,"165,00",165.0,Café Conillon,10
2006-01-20,Café Conillon,EUNAPOLIS,Tipo 7,sc 60 kg,"157,00",157.0,Café Conillon,10
2006-01-20,Café Conillon,EUNAPOLIS,Tipo 7/8,sc 60 kg,"160,00",160.0,Café Conillon,10
2006-01-23,Café Conillon,EUNAPOLIS,Tipo 7,sc 60 kg,"157,00",157.0,Café Conillon,10
2006-01-23,Café Conillon,EUNAPOLIS,Tipo 7/8,sc 60 kg,"160,00",160.0,Café Conillon,10
2006-01-24,Café Conillon,EUNAPOLIS,Tipo 7,sc 60 kg,"157,00",157.0,Café Conillon,10
2006-01-24,Café Conillon,EUNAPOLIS,Tipo 7/8,sc 60 kg,"160,00",160.0,Café Conillon,10
2006-01-25,Café Conillon,EUNAPOLIS,Tipo 7,sc 60 kg,"162,00",162.0,Café Conillon,10
2006-01-25,Café Conillon,EUNAPOLIS,Tipo 7/8,sc 60 kg,"165,00",165.0,Café Conillon,10
2006-01-26,Café Conillon,EUNAPOLIS,Tipo 7,sc 60 kg,"162,00",162.0,Café Conillon,10
2006-01-26,Café Conillon,EUNAPOLIS,Tipo 7/8,sc 60 kg,"165,00",165.0,Café Conillon,10
2006-01-27,Café Conillon,EUNAPOLIS,Tipo 7,sc 60 kg,"162,00",162.0,Café Conillon,10
2006-01-27,Café Conillon,EUNAPOLIS,Tipo 7/8,sc 60 kg,"165,00",165.0,Café Conillon,10
2006-01-30,Café Conillon,EUNAPOLIS,Tipo 7,sc 60 kg,"162,00",162.0,Café Conillon,10
2006-01-30,Café Conillon,EUNAPOLIS,Tipo 7/8,sc 60 kg,"165,00",165.0,Café Conillon,10
2006-01-31,Café Conillon,EUNAPOLIS,Tipo 7,sc 60 kg,"162,00",162.0,Café Conillon,10
2006-01-31,Café Conillon,EUNAPOLIS,Tipo 7/8,sc 60 kg,"165,00",165.0,Café Conillon,10
2006-02-01,Café Conillon,EUNAPOLIS,Tipo 7,sc 60 kg,"162,00",162.0,Café Conillon,10
2006-02-01,Café Conillon,EUNAPOLIS,Tipo 7/8,sc 60 kg,"165,00",165.0,Café Conillon,10
2006-02-02,Café Conillon,EUNAPOLIS,Tipo 7,sc 60 kg,"162,00",162.0,Café Conillon,10
2006-02-02,Café Conillon,EUNAPOLIS,Tipo 7/8,sc 60 kg,"165,00",165.0,Café Conillon,10
2006-02-03,Café Conillon,EUNAPOLIS,Tipo 7,sc 60 kg,"162,00",162.0,Café Conillon,10
2006-02-03,Café Conillon,EUNAPOLIS,Tipo 7/8,sc 60 kg,"165,00",165.0,Café Conillon,10
2006-02-06,Café Conillon,EUNAPOLIS,Tipo 7,sc 60 kg,"159,00",159.0,Café Conillon,10
2006-02-06,Café Conillon,EUNAPOLIS,Tipo 7/8,sc 60 kg,"162,00",162.0,Café Conillon,10
2006-02-07,Café Conillon,EUNAPOLIS,Tipo 7,sc 60 kg,"159,00",159.0,Café Conillon,10
2006-02-07,Café Conillon,EUNAPOLIS,Tipo 7/8,sc 60 kg,"162,00",162.0,Café Conillon,10
2006-02-08,Café Conillon,EUNAPOLIS,Tipo 7,sc 60 kg,"157,00",157.0,Café Conillon,10
2006-02-08,Café Conillon,EUNAPOLIS,Tipo 7/8,sc 60 kg,"160,00",160.0,Café Conillon,10
2006-02-09,Café Conillon,EUNAPOLIS,Tipo 7,sc 60 kg,"157,00",157.0,Café Conillon,10
2006-02-09,Café Conillon,EUNAPOLIS,Tipo 7/8,sc 60 kg,"160,00",160.0,Café Conillon,10
2006-02-10,Café Conillon,EUNAPOLIS,Tipo 7,sc 60 kg,"157,00",157.0,Café Conillon,10
2006-02-10,Café Conillon,EUNAPOLIS,Tipo 7/8,sc 60 kg,"160,00",160.0,Café Conillon,10
2006-02-13,Café Conillon,EUNAPOLIS,Tipo 7,sc 60 kg,"157,00",157.0,Café Conillon,10
2006-02-13,Café Conillon,EUNAPOLIS,Tipo 7/8,sc 60 kg,"160,00",160.0,Café Conillon,10
2006-02-14,Café Conillon,EUNAPOLIS,Tipo 7,sc 60 kg,"157,00",157.0,Café Conillon,10
2006-02-14,Café Conillon,EUNAPOLIS,Tipo 7/8,sc 60 kg,"160,00",160.0,Café Conillon,10
2006-02-15,Café Conillon,EUNAPOLIS,Tipo 7,sc 60 kg,"157,00",157.0,Café Conillon,10
2006-02-15,Café Conillon,EUNAPOLIS,Tipo 7/8,sc 60 kg,"160,00",160.0,Café Conillon,10
2006-02-16,Café Conillon,EUNAPOLIS,Tipo 7,sc 60 kg,"157,00",157.0,Café Conillon,10
2006-02-16,Café Conillon,EUNAPOLIS,Tipo 7/8,sc 60 kg,"160,00",160.0,Café Conillon,10
2006-02-17,Café Conillon,EUNAPOLIS,Tipo 7,sc 60 kg,"157,00",157.0,Café Conillon,10
2006-02-17,Café Conillon,EUNAPOLIS,Tipo 7/8,sc 60 kg,"160,00",160.0,Café Conillon,10
2006-02-20,Café Conillon,EUNAPOLIS,Tipo 7,sc 60 kg,"157,00",157.0,Café Conillon,10
2006-02-20,Café Conillon,EUNAPOLIS,Tipo 7/8,sc 60 kg,"160,00",160.0,Café Conillon,10
2006-02-21,Café Conillon,EUNAPOLIS,Tipo 7,sc 60 kg,"157,00",157.0,Café Conillon,10
2006-02-21,Café Conillon,EUNAPOLIS,Tipo 7/8,sc 60 kg,"160,00",160.0,Café Conillon,10
2006-02-22,Café Conillon,EUNAPOLIS,Tipo 7,sc 60 kg,"154,00",154.0,Café Conillon,10
2006-02-22,Café Conillon,EUNAPOLIS,Tipo 7/8,sc 60 kg,"157,00",157.0,Café Conillon,10
2006-02-23,Café Conillon,EUNAPOLIS,Tipo 7,sc 60 kg,"154,00",154.0,Café Conillon,10
2006-02-23,Café Conillon,EUNAPOLIS,Tipo 7/8,sc 60 kg,"157,00",157.0,Café Conillon,10
2006-03-02,Café Conillon,EUNAPOLIS,Tipo 7,sc 60 kg,"157,00",157.0,Café Conillon,10
2006-03-02,Café Conillon,EUNAPOLIS,Tipo 7/8,sc 60 kg,"160,00",160.0,Café Conillon,10
2006-03-03,Café Conillon,EUNAPOLIS,Tipo 7,sc 60 kg,"157,00",157.0,Café Conillon,10
2006-03-03,Café Conillon,EUNAPOLIS,Tipo 7/8,sc 60 kg,"160,00",160.0,Café Conillon,10
2006-03-06,Café Conillon,EUNAPOLIS,Tipo 7,sc 60 kg,"162,00",162.0,Café Conillon,10
2006-03-06,Café Conillon,EUNAPOLIS,Tipo 7/8,sc 60 kg,"165,00",165.0,Café Conillon,10
2006-03-07,Café Conillon,EUNAPOLIS,Tipo 7,sc 60 kg,"162,00",162.0,Café Conillon,10
2006-03-07,Café Conillon,EUNAPOLIS,Tipo 7/8,sc 60 kg,"165,00",165.0,Café Conillon,10
2006-03-08,Café Conillon,EUNAPOLIS,Tipo 7,sc 60 kg,"157,00",157.0,Café Conillon,10
2006-03-08,Café Conillon,EUNAPOLIS,Tipo 7/8,sc 60 kg,"160,00",160.0,Café Conillon,10
2006-03-09,Café Conillon,EUNAPOLIS,Tipo 7,sc 60 kg,"157,00",157.0,Café Conillon,10
2006-03-09,Café Conillon,EUNAPOLIS,Tipo 7/8,sc 60 kg,"160,00",160.0,Café Conillon,10
2006-03-10,Café Conillon,EUNAPOLIS,Tipo 7,sc 60 kg,"157,00",157.0,Café Conillon,10
2006-03-10,Café Conillon,EUNAPOLIS,Tipo 7/8,sc 60 kg,"160,00",160.0,Café Conillon,10
2006-03-13,Café Conillon,EUNAPOLIS,Tipo 7,sc 60 kg,"157,00",157.0,Café Conillon,10
2006-03-13,Café Conillon,EUNAPOLIS,Tipo 7/8,sc 60 kg,"160,00",160.0,Café Conillon,10
2006-03-14,Café Conillon,EUNAPOLIS,Tipo 7,sc 60 kg,"157,00",157.0,Café Conillon,10
2006-03-14,Café Conillon,EUNAPOLIS,Tipo 7/8,sc 60 kg,"160,00",160.0,Café Conillon,10
2006-03-15,Café Conillon,EUNAPOLIS,Tipo 7,sc 60 kg,"157,00",157.0,Café Conillon,10
2006-03-15,Café Conillon,EUNAPOLIS,Tipo 7/8,sc 60 kg,"160,00",160.0,Café Conillon,10
2006-03-16,Café Conillon,EUNAPOLIS,Tipo 7,sc 60 kg,"157,00",157.0,Café Conillon,10
2006-03-16,Café Conillon,EUNAPOLIS,Tipo 7/8,sc 60 kg,"160,00",160.0,Café Conillon,10
2006-03-17,Café Conillon,EUNAPOLIS,Tipo 7,sc 60 kg,"157,00",157.0,Café Conillon,10
2006-03-17,Café Conillon,EUNAPOLIS,Tipo 7/8,sc 60 kg,"160,00",160.0,Café Conillon,10
2006-03-20,Café Conillon,EUNAPOLIS,Tipo 7,sc 60 kg,"157,00",157.0,Café Conillon,10
2006-03-20,Café Conillon,EUNAPOLIS,Tipo 7/8,sc 60 kg,"160,00",160.0,Café Conillon,10
2006-03-21,Café Conillon,EUNAPOLIS,Tipo 7,sc 60 kg,"157,00",157.0,Café Conillon,10
2006-03-21,Café Conillon,EUNAPOLIS,Tipo 7/8,sc 60 kg,"160,00",160.0,Café Conillon,10
2006-03-22,Café Conillon,EUNAPOLIS,Tipo 7,sc 60 kg,"152,00",152.0,Café Conillon,10
2006-03-22,Café Conillon,EUNAPOLIS,Tipo 7/8,sc 60 kg,"155,00",155.0,Café Conillon,10
2006-03-23,Café Conillon,EUNAPOLIS,Tipo 7,sc 60 kg,"152,00",152.0,Café Conillon,10
2006-03-23,Café Conillon,EUNAPOLIS,Tipo 7/8,sc 60 kg,"155,00",155.0,Café Conillon,10
2006-03-24,Café Conillon,EUNAPOLIS,Tipo 7,sc 60 kg,"152,00",152.0,Café Conillon,10
2006-03-24,Café Conillon,EUNAPOLIS,Tipo 7/8,sc 60 kg,"155,00",155.0,Café Conillon,10
2006-03-27,Café Conillon,EUNAPOLIS,Tipo 7,sc 60 kg,"152,00",152.0,Café Conillon,10
2006-03-27,Café Conillon,EUNAPOLIS,Tipo 7/8,sc 60 kg,"155,00",155.0,Café Conillon,10
2006-03-28,Café Conillon,EUNAPOLIS,Tipo 7,sc 60 kg,"152,00",152.0,Café Conillon,10
2006-03-28,Café Conillon,EUNAPOLIS,Tipo 7/8,sc 60 kg,"155,00",155.0,Café Conillon,10
2006-03-29,Café Conillon,EUNAPOLIS,Tipo 7,sc 60 kg,"152,00",152.0,Café Conillon,10
2006-03-29,Café Conillon,EUNAPOLIS,Tipo 7/8,sc 60 kg,"155,00",155.0,Café Conillon,10
2006-03-30,Café Conillon,EUNAPOLIS,Tipo 7,sc 60 kg,"152,00",152.0,Café Conillon,10
2006-03-30,Café Conillon,EUNAPOLIS,Tipo 7/8,sc 60 kg,"155,00",155.0,Café Conillon,10
2006-03-31,Café Conillon,EUNAPOLIS,Tipo 7,sc 60 kg,"152,00",152.0,Café Conillon,10
2006-03-31,Café Conillon,EUNAPOLIS,Tipo 7/8,sc 60 kg,"155,00",155.0,Café Conillon,10
2006-04-03,Café Conillon,EUNAPOLIS,Tipo 7,sc 60 kg,"152,00",152.0,Café Conillon,10
2006-04-03,Café Conillon,EUNAPOLIS,Tipo 7/8,sc 60 kg,"155,00",155.0,Café Conillon,10
2006-04-04,Café Conillon,EUNAPOLIS,Tipo 7,sc 60 kg,"152,00",152.0,Café Conillon,10
2006-04-04,Café Conillon,EUNAPOLIS,Tipo 7/8,sc 60 kg,"155,00",155.0,Café Conillon,10
2006-04-05,Café Conillon,EUNAPOLIS,Tipo 7,sc 60 kg,"152,00",152.0,Café Conillon,10
2006-04-05,Café Conillon,EUNAPOLIS,Tipo 7/8,sc 60 kg,"155,00",155.0,Café Conillon,10
2006-04-06,Café Conillon,EUNAPOLIS,Tipo 7,sc 60 kg,"152,00",152.0,Café Conillon,10
2006-04-06,Café Conillon,EUNAPOLIS,Tipo 7/8,sc 60 kg,"155,00",155.0,Café Conillon,10
2006-04-07,Café Conillon,EUNAPOLIS,Tipo 7,sc 60 kg,"152,00",152.0,Café Conillon,10
2006-04-07,Café Conillon,EUNAPOLIS,Tipo 7/8,sc 60 kg,"155,00",155.0,Café Conillon,10
2006-04-10,Café Conillon,EUNAPOLIS,Tipo 7,sc 60 kg,"152,00",152.0,Café Conillon,10
2006-04-10,Café Conillon,EUNAPOLIS,Tipo 7/8,sc 60 kg,"155,00",155.0,Café Conillon,10
2006-04-11,Café Conillon,EUNAPOLIS,Tipo 7,sc 60 kg,"152,00",152.0,Café Conillon,10
2006-04-11,Café Conillon,EUNAPOLIS,Tipo 7/8,sc 60 kg,"155,00",155.0,Café Conillon,10
2006-04-12,Café Conillon,EUNAPOLIS,Tipo 7,sc 60 kg,"142,00",142.0,Café Conillon,10
2006-04-12,Café Conillon,EUNAPOLIS,Tipo 7/8,sc 60 kg,"145,00",145.0,Café Conillon,10
2006-04-17,Café Conillon,EUNAPOLIS,Tipo 7,sc 60 kg,"142,00",142.0,Café Conillon,10
2006-04-17,Café Conillon,EUNAPOLIS,Tipo 7/8,sc 60 kg,"145,00",145.0,Café Conillon,10
2006-04-18,Café Conillon,EUNAPOLIS,Tipo 7,sc 60 kg,"142,00",142.0,Café Conillon,10
2006-04-18,Café Conillon,EUNAPOLIS,Tipo 7/8,sc 60 kg,"145,00",145.0,Café Conillon,10
2006-04-19,Café Conillon,EUNAPOLIS,Tipo 7,sc 60 kg,"142,00",142.0,Café Conillon,10
2006-04-19,Café Conillon,EUNAPOLIS,Tipo 7/8,sc 60 kg,"145,00",145.0,Café Conillon,10
2006-04-20,Café Conillon,EUNAPOLIS,Tipo 7,sc 60 kg,"142,00",142.0,Café Conillon,10
2006-04-20,Café Conillon,EUNAPOLIS,Tipo 7/8,sc 60 kg,"145,00",145.0,Café Conillon,10
2006-04-24,Café Conillon,EUNAPOLIS,Tipo 7,sc 60 kg,"147,00",147.0,Café Conillon,10
2006-04-24,Café Conillon,EUNAPOLIS,Tipo 7/8,sc 60 kg,"150,00",150.0,Café Conillon,10
2006-04-25,Café Conillon,EUNAPOLIS,Tipo 7,sc 60 kg,"147,00",147.0,Café Conillon,10
2006-04-25,Café Conillon,EUNAPOLIS,Tipo 7/8,sc 60 kg,"150,00",150.0,Café Conillon,10
2006-04-26,Café Conillon,EUNAPOLIS,Tipo 7,sc 60 kg,"147,00",147.0,Café Conillon,10
2006-04-26,Café Conillon,EUNAPOLIS,Tipo 7/8,sc 60 kg,"150,00",150.0,Café Conillon,10
2006-04-27,Café Conillon,EUNAPOLIS,Tipo 7,sc 60 kg,"147,00",147.0,Café Conillon,10
2006-04-27,Café Conillon,EUNAPOLIS,Tipo 7/8,sc 60 kg,"150,00",150.0,Café Conillon,10
2006-04-28,Café Conillon,EUNAPOLIS,Tipo 7,sc 60 kg,"147,00",147.0,Café Conillon,10
2006-04-28,Café Conillon,EUNAPOLIS,Tipo 7/8,sc 60 kg,"150,00",150.0,Café Conillon,10
2006-05-02,Café Conillon,EUNAPOLIS,Tipo 7,sc 60 kg,"147,00",147.0,Café Conillon,10
2006-05-02,Café Conillon,EUNAPOLIS,Tipo 7/8,sc 60 kg,"150,00",150.0,Café Conillon,10
2006-05-03,Café Conillon,EUNAPOLIS,Tipo 7,sc 60 kg,"147,00",147.0,Café Conillon,10
2006-05-03,Café Conillon,EUNAPOLIS,Tipo 7/8,sc 60 kg,"150,00",150.0,Café Conillon,10
2006-05-04,Café Conillon,EUNAPOLIS,Tipo 7,sc 60 kg,"147,00",147.0,Café Conillon,10
2006-05-04,Café Conillon,EUNAPOLIS,Tipo 7/8,sc 60 kg,"150,00",150.0,Café Conillon,10
2006-05-05,Café Conillon,EUNAPOLIS,Tipo 7,sc 60 kg,"147,00",147.0,Café Conillon,10
2006-05-05,Café Conillon,EUNAPOLIS,Tipo 7/8,sc 60 kg,"150,00",150.0,Café Conillon,10
2006-05-08,Café Conillon,EUNAPOLIS,Tipo 7,sc 60 kg,"147,00",147.0,Café Conillon,10
2006-05-08,Café Conillon,EUNAPOLIS,Tipo 7/8,sc 60 kg,"150,00",150.0,Café Conillon,10
2006-05-09,Café Conillon,EUNAPOLIS,Tipo 7,sc 60 kg,"147,00",147.0,Café Conillon,10
2006-05-09,Café Conillon,EUNAPOLIS,Tipo 7/8,sc 60 kg,"150,00",150.0,Café Conillon,10
2006-05-10,Café Conillon,EUNAPOLIS,Tipo 7,sc 60 kg,"147,00",147.0,Café Conillon,10
2006-05-10,Café Conillon,EUNAPOLIS,Tipo 7/8,sc 60 kg,"150,00",150.0,Café Conillon,10
2006-05-11,Café Conillon,EUNAPOLIS,Tipo 7,sc 60 kg,"147,00",147.0,Café Conillon,10
2006-05-11,Café Conillon,EUNAPOLIS,Tipo 7/8,sc 60 kg,"150,00",150.0,Café Conillon,10
2006-05-12,Café Conillon,EUNAPOLIS,Tipo 7,sc 60 kg,"147,00",147.0,Café Conillon,10
2006-05-12,Café Conillon,EUNAPOLIS,Tipo 7/8,sc 60 kg,"150,00",150.0,Café Conillon,10
2006-05-15,Café Conillon,EUNAPOLIS,Tipo 7,sc 60 kg,"147,00",147.0,Café Conillon,10
2006-05-15,Café Conillon,EUNAPOLIS,Tipo 7/8,sc 60 kg,"150,00",150.0,Café Conillon,10
2006-05-16,Café Conillon,EUNAPOLIS,Tipo 7,sc 60 kg,"147,00",147.0,Café Conillon,10
2006-05-16,Café Conillon,EUNAPOLIS,Tipo 7/8,sc 60 kg,"150,00",150.0,Café Conillon,10
2006-05-17,Café Conillon,EUNAPOLIS,Tipo 7,sc 60 kg,"147,00",147.0,Café Conillon,10
2006-05-17,Café Conillon,EUNAPOLIS,Tipo 7/8,sc 60 kg,"150,00",150.0,Café Conillon,10
2006-05-18,Café Conillon,EUNAPOLIS,Tipo 7,sc 60 kg,"147,00",147.0,Café Conillon,10
2006-05-18,Café Conillon,EUNAPOLIS,Tipo 7/8,sc 60 kg,"150,00",150.0,Café Conillon,10
2006-05-19,Café Conillon,EUNAPOLIS,Tipo 7,sc 60 kg,"147,00",147.0,Café Conillon,10
2006-05-19,Café Conillon,EUNAPOLIS,Tipo 7/8,sc 60 kg,"150,00",150.0,Café Conillon,10
2006-05-22,Café Conillon,EUNAPOLIS,Tipo 7,sc 60 kg,"147,00",147.0,Café Conillon,10
2006-05-22,Café Conillon,EUNAPOLIS,Tipo 7/8,sc 60 kg,"150,00",150.0,Café Conillon,10
2006-05-23,Café Conillon,EUNAPOLIS,Tipo 7,sc 60 kg,"147,00",147.0,Café Conillon,10
2006-05-23,Café Conillon,EUNAPOLIS,Tipo 7/8,sc 60 kg,"150,00",150.0,Café Conillon,10
2006-05-24,Café Conillon,EUNAPOLIS,Tipo 7,sc 60 kg,"142,00",142.0,Café Conillon,10
2006-05-24,Café Conillon,EUNAPOLIS,Tipo 7/8,sc 60 kg,"145,00",145.0,Café Conillon,10
2006-05-25,Café Conillon,EUNAPOLIS,Tipo 7,sc 60 kg,"142,00",142.0,Café Conillon,10
2006-05-25,Café Conillon,EUNAPOLIS,Tipo 7/8,sc 60 kg,"145,00",145.0,Café Conillon,10
2006-05-26,Café Conillon,EUNAPOLIS,Tipo 7,sc 60 kg,"142,00",142.0,Café Conillon,10
2006-05-26,Café Conillon,EUNAPOLIS,Tipo 7/8,sc 60 kg,"145,00",145.0,Café Conillon,10
2006-05-29,Café Conillon,EUNAPOLIS,Tipo 7,sc 60 kg,"142,00",142.0,Café Conillon,10
2006-05-29,Café Conillon,EUNAPOLIS,Tipo 7/8,sc 60 kg,"145,00",145.0,Café Conillon,10
2006-05-30,Café Conillon,EUNAPOLIS,Tipo 7,sc 60 kg,"142,00",142.0,Café Conillon,10
2006-05-30,Café Conillon,EUNAPOLIS,Tipo 7/8,sc 60 kg,"145,00",145.0,Café Conillon,10
2006-05-31,Café Conillon,EUNAPOLIS,Tipo 7,sc 60 kg,"142,00",142.0,Café Conillon,10
2006-05-31,Café Conillon,EUNAPOLIS,Tipo 7/8,sc 60 kg,"145,00",145.0,Café Conillon,10
2006-06-01,Café Conillon,EUNAPOLIS,Tipo 7,sc 60 kg,"142,00",142.0,Café Conillon,10
2006-06-01,Café Conillon,EUNAPOLIS,Tipo 7/8,sc 60 kg,"145,00",145.0,Café Conillon,10
2006-06-02,Café Conillon,EUNAPOLIS,Tipo 7,sc 60 kg,"142,00",142.0,Café Conillon,10
2006-06-02,Café Conillon,EUNAPOLIS,Tipo 7/8,sc 60 kg,"145,00",145.0,Café Conillon,10
2006-06-05,Café Conillon,EUNAPOLIS,Tipo 7,sc 60 kg,"147,00",147.0,Café Conillon,10
2006-06-05,Café Conillon,EUNAPOLIS,Tipo 7/8,sc 60 kg,"150,00",150.0,Café Conillon,10
2006-06-06,Café Conillon,EUNAPOLIS,Tipo 7,sc 60 kg,"147,00",147.0,Café Conillon,10
2006-06-06,Café Conillon,EUNAPOLIS,Tipo 7/8,sc 60 kg,"150,00",150.0,Café Conillon,10
2006-06-07,Café Conillon,EUNAPOLIS,Tipo 7,sc 60 kg,"147,00",147.0,Café Conillon,10
2006-06-07,Café Conillon,EUNAPOLIS,Tipo 7/8,sc 60 kg,"150,00",150.0,Café Conillon,10
2006-06-08,Café Conillon,EUNAPOLIS,Tipo 7,sc 60 kg,"147,00",147.0,Café Conillon,10
2006-06-08,Café Conillon,EUNAPOLIS,Tipo 7/8,sc 60 kg,"150,00",150.0,Café Conillon,10
2006-06-09,Café Conillon,EUNAPOLIS,Tipo 7,sc 60 kg,"144,00",144.0,Café Conillon,10
2006-06-09,Café Conillon,EUNAPOLIS,Tipo 7/8,sc 60 kg,"147,00",147.0,Café Conillon,10
2006-06-12,Café Conillon,EUNAPOLIS,Tipo 7,sc 60 kg,"144,00",144.0,Café Conillon,10
2006-06-12,Café Conillon,EUNAPOLIS,Tipo 7/8,sc 60 kg,"147,00",147.0,Café Conillon,10
2006-06-13,Café Conillon,EUNAPOLIS,Tipo 7,sc 60 kg,"144,00",144.0,Café Conillon,10
2006-06-13,Café Conillon,EUNAPOLIS,Tipo 7/8,sc 60 kg,"147,00",147.0,Café Conillon,10
2006-06-14,Café Conillon,EUNAPOLIS,Tipo 7,sc 60 kg,"144,00",144.0,Café Conillon,10
2006-06-14,Café Conillon,EUNAPOLIS,Tipo 7/8,sc 60 kg,"147,00",147.0,Café Conillon,10
2006-06-19,Café Conillon,EUNAPOLIS,Tipo 7,sc 60 kg,"144,00",144.0,Café Conillon,10
2006-06-19,Café Conillon,EUNAPOLIS,Tipo 7/8,sc 60 kg,"147,00",147.0,Café Conillon,10
2006-06-20,Café Conillon,EUNAPOLIS,Tipo 7,sc 60 kg,"144,00",144.0,Café Conillon,10
2006-06-20,Café Conillon,EUNAPOLIS,Tipo 7/8,sc 60 kg,"147,00",147.0,Café Conillon,10
2006-06-21,Café Conillon,EUNAPOLIS,Tipo 7,sc 60 kg,"144,00",144.0,Café Conillon,10
2006-06-21,Café Conillon,EUNAPOLIS,Tipo 7/8,sc 60 kg,"147,00",147.0,Café Conillon,10
2006-06-26,Café Conillon,EUNAPOLIS,Tipo 7,sc 60 kg,"142,00",142.0,Café Conillon,10
2006-06-26,Café Conillon,EUNAPOLIS,Tipo 7/8,sc 60 kg,"145,00",145.0,Café Conillon,10
2006-06-27,Café Conillon,EUNAPOLIS,Tipo 7,sc 60 kg,"142,00",142.0,Café Conillon,10
2006-06-27,Café Conillon,EUNAPOLIS,Tipo 7/8,sc 60 kg,"145,00",145.0,Café Conillon,10
2006-06-28,Café Conillon,EUNAPOLIS,Tipo 7,sc 60 kg,"139,00",139.0,Café Conillon,10
2006-06-28,Café Conillon,EUNAPOLIS,Tipo 7/8,sc 60 kg,"142,00",142.0,Café Conillon,10
2006-06-29,Café Conillon,EUNAPOLIS,Tipo 7,sc 60 kg,"139,00",139.0,Café Conillon,10
2006-06-29,Café Conillon,EUNAPOLIS,Tipo 7/8,sc 60 kg,"142,00",142.0,Café Conillon,10
2006-06-30,Café Conillon,EUNAPOLIS,Tipo 7,sc 60 kg,"139,00",139.0,Café Conillon,10
2006-06-30,Café Conillon,EUNAPOLIS,Tipo 7/8,sc 60 kg,"142,00",142.0,Café Conillon,10
2006-07-03,Café Conillon,EUNAPOLIS,Tipo 7,sc 60 kg,"139,00",139.0,Café Conillon,10
2006-07-03,Café Conillon,EUNAPOLIS,Tipo 7/8,sc 60 kg,"142,00",142.0,Café Conillon,10
2006-07-04,Café Conillon,EUNAPOLIS,Tipo 7,sc 60 kg,"139,00",139.0,Café Conillon,10
2006-07-04,Café Conillon,EUNAPOLIS,Tipo 7/8,sc 60 kg,"142,00",142.0,Café Conillon,10
2006-07-05,Café Conillon,EUNAPOLIS,Tipo 7,sc 60 kg,"139,00",139.0,Café Conillon,10
2006-07-05,Café Conillon,EUNAPOLIS,Tipo 7/8,sc 60 kg,"142,00",142.0,Café Conillon,10
2006-07-06,Café Conillon,EUNAPOLIS,Tipo 7,sc 60 kg,"139,00",139.0,Café Conillon,10
2006-07-06,Café Conillon,EUNAPOLIS,Tipo 7/8,sc 60 kg,"142,00",142.0,Café Conillon,10
2006-07-07,Café Conillon,EUNAPOLIS,Tipo 7,sc 60 kg,"139,00",139.0,Café Conillon,10
2006-07-07,Café Conillon,EUNAPOLIS,Tipo 7/8,sc 60 kg,"142,00",142.0,Café Conillon,10
2006-07-10,Café Conillon,EUNAPOLIS,Tipo 7,sc 60 kg,"139,00",139.0,Café Conillon,10
2006-07-10,Café Conillon,EUNAPOLIS,Tipo 7/8,sc 60 kg,"142,00",142.0,Café Conillon,10
2006-07-11,Café Conillon,EUNAPOLIS,Tipo 7,sc 60 kg,"139,00",139.0,Café Conillon,10
2006-07-11,Café Conillon,EUNAPOLIS,Tipo 7/8,sc 60 kg,"142,00",142.0,Café Conillon,10
2006-07-12,Café Conillon,EUNAPOLIS,Tipo 7,sc 60 kg,"139,00",139.0,Café Conillon,10
2006-07-12,Café Conillon,EUNAPOLIS,Tipo 7/8,sc 60 kg,"142,00",142.0,Café Conillon,10
2006-07-13,Café Conillon,EUNAPOLIS,Tipo 7,sc 60 kg,"139,00",139.0,Café Conillon,10
2006-07-13,Café Conillon,EUNAPOLIS,Tipo 7/8,sc 60 kg,"142,00",142.0,Café Conillon,10
2006-07-14,Café Conillon,EUNAPOLIS,Tipo 7,sc 60 kg,"139,00",139.0,Café Conillon,10
2006-07-14,Café Conillon,EUNAPOLIS,Tipo 7/8,sc 60 kg,"142,00",142.0,Café Conillon,10
2006-07-17,Café Conillon,EUNAPOLIS,Tipo 7,sc 60 kg,"139,00",139.0,Café Conillon,10
2006-07-17,Café Conillon,EUNAPOLIS,Tipo 7/8,sc 60 kg,"142,00",142.0,Café Conillon,10
2006-07-18,Café Conillon,EUNAPOLIS,Tipo 7,sc 60 kg,"139,00",139.0,Café Conillon,10
2006-07-18,Café Conillon,EUNAPOLIS,Tipo 7/8,sc 60 kg,"142,00",142.0,Café Conillon,10
2006-07-19,Café Conillon,EUNAPOLIS,Tipo 7,sc 60 kg,"142,00",142.0,Café Conillon,10
2006-07-19,Café Conillon,EUNAPOLIS,Tipo 7/8,sc 60 kg,"145,00",145.0,Café Conillon,10
2006-07-20,Café Conillon,EUNAPOLIS,Tipo 7,sc 60 kg,"142,00",142.0,Café Conillon,10
2006-07-20,Café Conillon,EUNAPOLIS,Tipo 7/8,sc 60 kg,"145,00",145.0,Café Conillon,10
2006-07-21,Café Conillon,EUNAPOLIS,Tipo 7,sc 60 kg,"142,00",142.0,Café Conillon,10
2006-07-21,Café Conillon,EUNAPOLIS,Tipo 7/8,sc 60 kg,"145,00",145.0,Café Conillon,10
2006-07-24,Café Conillon,EUNAPOLIS,Tipo 7,sc 60 kg,"142,00",142.0,Café Conillon,10
2006-07-24,Café Conillon,EUNAPOLIS,Tipo 7/8,sc 60 kg,"145,00",145.0,Café Conillon,10
2006-07-25,Café Conillon,EUNAPOLIS,Tipo 7,sc 60 kg,"142,00",142.0,Café Conillon,10
2006-07-25,Café Conillon,EUNAPOLIS,Tipo 7/8,sc 60 kg,"145,00",145.0,Café Conillon,10
2006-07-26,Café Conillon,EUNAPOLIS,Tipo 7,sc 60 kg,"144,00",144.0,Café Conillon,10
2006-07-26,Café Conillon,EUNAPOLIS,Tipo 7/8,sc 60 kg,"147,00",147.0,Café Conillon,10
2006-07-27,Café Conillon,EUNAPOLIS,Tipo 7,sc 60 kg,"144,00",144.0,Café Conillon,10
2006-07-27,Café Conillon,EUNAPOLIS,Tipo 7/8,sc 60 kg,"147,00",147.0,Café Conillon,10
2006-07-28,Café Conillon,EUNAPOLIS,Tipo 7,sc 60 kg,"144,00",144.0,Café Conillon,10
2006-07-28,Café Conillon,EUNAPOLIS,Tipo 7/8,sc 60 kg,"147,00",147.0,Café Conillon,10
2006-07-31,Café Conillon,EUNAPOLIS,Tipo 7,sc 60 kg,"144,00",144.0,Café Conillon,10
2006-07-31,Café Conillon,EUNAPOLIS,Tipo 7/8,sc 60 kg,"147,00",147.0,Café Conillon,10
2006-08-01,Café Conillon,EUNAPOLIS,Tipo 7,sc 60 kg,"144,00",144.0,Café Conillon,10
2006-08-01,Café Conillon,EUNAPOLIS,Tipo 7/8,sc 60 kg,"147,00",147.0,Café Conillon,10
2006-08-02,Café Conillon,EUNAPOLIS,Tipo 7,sc 60 kg,"147,00",147.0,Café Conillon,10
2006-08-02,Café Conillon,EUNAPOLIS,Tipo 7/8,sc 60 kg,"150,00",150.0,Café Conillon,10
2006-08-03,Café Conillon,EUNAPOLIS,Tipo 7,sc 60 kg,"147,00",147.0,Café Conillon,10
2006-08-03,Café Conillon,EUNAPOLIS,Tipo 7/8,sc 60 kg,"150,00",150.0,Café Conillon,10
2006-08-04,Café Conillon,EUNAPOLIS,Tipo 7,sc 60 kg,"144,00",144.0,Café Conillon,10
2006-08-04,Café Conillon,EUNAPOLIS,Tipo 7/8,sc 60 kg,"150,00",150.0,Café Conillon,10
2006-08-07,Café Conillon,EUNAPOLIS,Tipo 7,sc 60 kg,"144,00",144.0,Café Conillon,10
2006-08-07,Café Conillon,EUNAPOLIS,Tipo 7/8,sc 60 kg,"150,00",150.0,Café Conillon,10
2006-08-08,Café Conillon,EUNAPOLIS,Tipo 7,sc 60 kg,"144,00",144.0,Café Conillon,10
2006-08-08,Café Conillon,EUNAPOLIS,Tipo 7/8,sc 60 kg,"150,00",150.0,Café Conillon,10
2006-08-09,Café Conillon,EUNAPOLIS,Tipo 7,sc 60 kg,"144,00",144.0,Café Conillon,10
2006-08-09,Café Conillon,EUNAPOLIS,Tipo 7/8,sc 60 kg,"150,00",150.0,Café Conillon,10
2006-08-10,Café Conillon,EUNAPOLIS,Tipo 7,sc 60 kg,"144,00",144.0,Café Conillon,10
2006-08-10,Café Conillon,EUNAPOLIS,Tipo 7/8,sc 60 kg,"150,00",150.0,Café Conillon,10
2006-08-11,Café Conillon,EUNAPOLIS,Tipo 7,sc 60 kg,"144,00",144.0,Café Conillon,10
2006-08-11,Café Conillon,EUNAPOLIS,Tipo 7/8,sc 60 kg,"150,00",150.0,Café Conillon,10
2006-08-14,Café Conillon,EUNAPOLIS,Tipo 7,sc 60 kg,"144,00",144.0,Café Conillon,10
2006-08-14,Café Conillon,EUNAPOLIS,Tipo 7/8,sc 60 kg,"150,00",150.0,Café Conillon,10
2006-08-15,Café Conillon,EUNAPOLIS,Tipo 7,sc 60 kg,"144,00",144.0,Café Conillon,10
2006-08-15,Café Conillon,EUNAPOLIS,Tipo 7/8,sc 60 kg,"150,00",150.0,Café Conillon,10
2006-08-16,Café Conillon,EUNAPOLIS,Tipo 7,sc 60 kg,"144,00",144.0,Café Conillon,10
2006-08-16,Café Conillon,EUNAPOLIS,Tipo 7/8,sc 60 kg,"150,00",150.0,Café Conillon,10
2006-08-17,Café Conillon,EUNAPOLIS,Tipo 7,sc 60 kg,"157,00",157.0,Café Conillon,10
2006-08-17,Café Conillon,EUNAPOLIS,Tipo 7/8,sc 60 kg,"160,00",160.0,Café Conillon,10
2006-08-18,Café Conillon,EUNAPOLIS,Tipo 7,sc 60 kg,"157,00",157.0,Café Conillon,10
2006-08-18,Café Conillon,EUNAPOLIS,Tipo 7/8,sc 60 kg,"160,00",160.0,Café Conillon,10
2006-08-21,Café Conillon,EUNAPOLIS,Tipo 7,sc 60 kg,"157,00",157.0,Café Conillon,10
2006-08-21,Café Conillon,EUNAPOLIS,Tipo 7/8,sc 60 kg,"160,00",160.0,Café Conillon,10
2006-08-22,Café Conillon,EUNAPOLIS,Tipo 7,sc 60 kg,"157,00",157.0,Café Conillon,10
2006-08-22,Café Conillon,EUNAPOLIS,Tipo 7/8,sc 60 kg,"160,00",160.0,Café Conillon,10
2006-08-23,Café Conillon,EUNAPOLIS,Tipo 7,sc 60 kg,"162,00",162.0,Café Conillon,10
2006-08-23,Café Conillon,EUNAPOLIS,Tipo 7/8,sc 60 kg,"165,00",165.0,Café Conillon,10
2006-08-24,Café Conillon,EUNAPOLIS,Tipo 7,sc 60 kg,"162,00",162.0,Café Conillon,10
2006-08-24,Café Conillon,EUNAPOLIS,Tipo 7/8,sc 60 kg,"165,00",165.0,Café Conillon,10
2006-08-25,Café Conillon,EUNAPOLIS,Tipo 7,sc 60 kg,"157,00",157.0,Café Conillon,10
2006-08-25,Café Conillon,EUNAPOLIS,Tipo 7/8,sc 60 kg,"160,00",160.0,Café Conillon,10
2006-08-28,Café Conillon,EUNAPOLIS,Tipo 7,sc 60 kg,"157,00",157.0,Café Conillon,10
2006-08-28,Café Conillon,EUNAPOLIS,Tipo 7/8,sc 60 kg,"160,00",160.0,Café Conillon,10
2006-08-29,Café Conillon,EUNAPOLIS,Tipo 7,sc 60 kg,"157,00",157.0,Café Conillon,10
2006-08-29,Café Conillon,EUNAPOLIS,Tipo 7/8,sc 60 kg,"160,00",160.0,Café Conillon,10
2006-08-30,Café Conillon,EUNAPOLIS,Tipo 7,sc 60 kg,"157,00",157.0,Café Conillon,10
2006-08-30,Café Conillon,EUNAPOLIS,Tipo 7/8,sc 60 kg,"160,00",160.0,Café Conillon,10
2006-08-31,Café Conillon,EUNAPOLIS,Tipo 7,sc 60 kg,"157,00",157.0,Café Conillon,10
2006-08-31,Café Conillon,EUNAPOLIS,Tipo 7/8,sc 60 kg,"160,00",160.0,Café Conillon,10
2006-09-01,Café Conillon,EUNAPOLIS,Tipo 7,sc 60 kg,"157,00",157.0,Café Conillon,10
2006-09-01,Café Conillon,EUNAPOLIS,Tipo 7/8,sc 60 kg,"160,00",160.0,Café Conillon,10
2006-09-04,Café Conillon,EUNAPOLIS,Tipo 7,sc 60 kg,"162,00",162.0,Café Conillon,10
2006-09-04,Café Conillon,EUNAPOLIS,Tipo 7/8,sc 60 kg,"165,00",165.0,Café Conillon,10
2006-09-05,Café Conillon,EUNAPOLIS,Tipo 7,sc 60 kg,"162,00",162.0,Café Conillon,10
2006-09-05,Café Conillon,EUNAPOLIS,Tipo 7/8,sc 60 kg,"165,00",165.0,Café Conillon,10
2006-09-06,Café Conillon,EUNAPOLIS,Tipo 7,sc 60 kg,"162,00",162.0,Café Conillon,10
2006-09-06,Café Conillon,EUNAPOLIS,Tipo 7/8,sc 60 kg,"165,00",165.0,Café Conillon,10
2006-09-11,Café Conillon,EUNAPOLIS,Tipo 7,sc 60 kg,"162,00",162.0,Café Conillon,10
2006-09-11,Café Conillon,EUNAPOLIS,Tipo 7/8,sc 60 kg,"165,00",165.0,Café Conillon,10
2006-09-12,Café Conillon,EUNAPOLIS,Tipo 7,sc 60 kg,"162,00",162.0,Café Conillon,10
2006-09-12,Café Conillon,EUNAPOLIS,Tipo 7/8,sc 60 kg,"165,00",165.0,Café Conillon,10
2006-09-13,Café Conillon,EUNAPOLIS,Tipo 7,sc 60 kg,"162,00",162.0,Café Conillon,10
2006-09-13,Café Conillon,EUNAPOLIS,Tipo 7/8,sc 60 kg,"165,00",165.0,Café Conillon,10
2006-09-14,Café Conillon,EUNAPOLIS,Tipo 7,sc 60 kg,"162,00",162.0,Café Conillon,10
2006-09-14,Café Conillon,EUNAPOLIS,Tipo 7/8,sc 60 kg,"165,00",165.0,Café Conillon,10
2006-09-15,Café Conillon,EUNAPOLIS,Tipo 7,sc 60 kg,"162,00",162.0,Café Conillon,10
2006-09-15,Café Conillon,EUNAPOLIS,Tipo 7/8,sc 60 kg,"165,00",165.0,Café Conillon,10
2006-09-18,Café Conillon,EUNAPOLIS,Tipo 7,sc 60 kg,"165,00",165.0,Café Conillon,10
2006-09-18,Café Conillon,EUNAPOLIS,Tipo 7/8,sc 60 kg,"162,00",162.0,Café Conillon,10
2006-09-19,Café Conillon,EUNAPOLIS,Tipo 7,sc 60 kg,"165,00",165.0,Café Conillon,10
2006-09-19,Café Conillon,EUNAPOLIS,Tipo 7/8,sc 60 kg,"162,00",162.0,Café Conillon,10
2006-09-20,Café Conillon,EUNAPOLIS,Tipo 7,sc 60 kg,"162,00",162.0,Café Conillon,10
2006-09-20,Café Conillon,EUNAPOLIS,Tipo 7/8,sc 60 kg,"159,00",159.0,Café Conillon,10
2006-09-21,Café Conillon,EUNAPOLIS,Tipo 7,sc 60 kg,"162,00",162.0,Café Conillon,10
2006-09-21,Café Conillon,EUNAPOLIS,Tipo 7/8,sc 60 kg,"159,00",159.0,Café Conillon,10
2006-09-22,Café Conillon,EUNAPOLIS,Tipo 7,sc 60 kg,"165,00",165.0,Café Conillon,10
2006-09-22,Café Conillon,EUNAPOLIS,Tipo 7/8,sc 60 kg,"162,00",162.0,Café Conillon,10
2006-09-25,Café Conillon,EUNAPOLIS,Tipo 7,sc 60 kg,"165,00",165.0,Café Conillon,10
2006-09-25,Café Conillon,EUNAPOLIS,Tipo 7/8,sc 60 kg,"162,00",162.0,Café Conillon,10
2006-09-26,Café Conillon,EUNAPOLIS,Tipo 7,sc 60 kg,"165,00",165.0,Café Conillon,10
2006-09-26,Café Conillon,EUNAPOLIS,Tipo 7/8,sc 60 kg,"162,00",162.0,Café Conillon,10
2006-09-27,Café Conillon,EUNAPOLIS,Tipo 7,sc 60 kg,"170,00",170.0,Café Conillon,10
2006-09-27,Café Conillon,EUNAPOLIS,Tipo 7/8,sc 60 kg,"167,00",167.0,Café Conillon,10
2006-09-28,Café Conillon,EUNAPOLIS,Tipo 7,sc 60 kg,"170,00",170.0,Café Conillon,10
2006-09-28,Café Conillon,EUNAPOLIS,Tipo 7/8,sc 60 kg,"167,00",167.0,Café Conillon,10
2006-09-29,Café Conillon,EUNAPOLIS,Tipo 7,sc 60 kg,"170,00",170.0,Café Conillon,10
2006-09-29,Café Conillon,EUNAPOLIS,Tipo 7/8,sc 60 kg,"167,00",167.0,Café Conillon,10
2006-10-02,Café Conillon,EUNAPOLIS,Tipo 7,sc 60 kg,"170,00",170.0,Café Conillon,10
2006-10-02,Café Conillon,EUNAPOLIS,Tipo 7/8,sc 60 kg,"167,00",167.0,Café Conillon,10
2006-10-03,Café Conillon,EUNAPOLIS,Tipo 7,sc 60 kg,"170,00",170.0,Café Conillon,10
2006-10-03,Café Conillon,EUNAPOLIS,Tipo 7/8,sc 60 kg,"167,00",167.0,Café Conillon,10
2006-10-04,Café Conillon,EUNAPOLIS,Tipo 7,sc 60 kg,"170,00",170.0,Café Conillon,10
2006-10-04,Café Conillon,EUNAPOLIS,Tipo 7/8,sc 60 kg,"167,00",167.0,Café Conillon,10
2006-10-05,Café Conillon,EUNAPOLIS,Tipo 7,sc 60 kg,"170,00",170.0,Café Conillon,10
2006-10-05,Café Conillon,EUNAPOLIS,Tipo 7/8,sc 60 kg,"167,00",167.0,Café Conillon,10
2006-10-06,Café Conillon,EUNAPOLIS,Tipo 7,sc 60 kg,"170,00",170.0,Café Conillon,10
2006-10-06,Café Conillon,EUNAPOLIS,Tipo 7/8,sc 60 kg,"167,00",167.0,Café Conillon,10
2006-10-09,Café Conillon,EUNAPOLIS,Tipo 7,sc 60 kg,"170,00",170.0,Café Conillon,10
2006-10-09,Café Conillon,EUNAPOLIS,Tipo 7/8,sc 60 kg,"167,00",167.0,Café Conillon,10
2006-10-10,Café Conillon,EUNAPOLIS,Tipo 7,sc 60 kg,"170,00",170.0,Café Conillon,10
2006-10-10,Café Conillon,EUNAPOLIS,Tipo 7/8,sc 60 kg,"167,00",167.0,Café Conillon,10
2006-10-11,Café Conillon,EUNAPOLIS,Tipo 7,sc 60 kg,"170,00",170.0,Café Conillon,10
2006-10-11,Café Conillon,EUNAPOLIS,Tipo 7/8,sc 60 kg,"167,00",167.0,Café Conillon,10
2006-10-16,Café Conillon,EUNAPOLIS,Tipo 7,sc 60 kg,"170,00",170.0,Café Conillon,10
2006-10-16,Café Conillon,EUNAPOLIS,Tipo 7/8,sc 60 kg,"167,00",167.0,Café Conillon,10
2006-10-17,Café Conillon,EUNAPOLIS,Tipo 7,sc 60 kg,"170,00",170.0,Café Conillon,10
2006-10-17,Café Conillon,EUNAPOLIS,Tipo 7/8,sc 60 kg,"167,00",167.0,Café Conillon,10
2006-10-18,Café Conillon,EUNAPOLIS,Tipo 7,sc 60 kg,"170,00",170.0,Café Conillon,10
2006-10-18,Café Conillon,EUNAPOLIS,Tipo 7/8,sc 60 kg,"167,00",167.0,Café Conillon,10
2006-10-19,Café Conillon,EUNAPOLIS,Tipo 7,sc 60 kg,"170,00",170.0,Café Conillon,10
2006-10-19,Café Conillon,EUNAPOLIS,Tipo 7/8,sc 60 kg,"167,00",167.0,Café Conillon,10
2006-10-20,Café Conillon,EUNAPOLIS,Tipo 7,sc 60 kg,"170,00",170.0,Café Conillon,10
2006-10-20,Café Conillon,EUNAPOLIS,Tipo 7/8,sc 60 kg,"167,00",167.0,Café Conillon,10
2006-10-23,Café Conillon,EUNAPOLIS,Tipo 7,sc 60 kg,"170,00",170.0,Café Conillon,10
2006-10-23,Café Conillon,EUNAPOLIS,Tipo 7/8,sc 60 kg,"167,00",167.0,Café Conillon,10
2006-10-24,Café Conillon,EUNAPOLIS,Tipo 7,sc 60 kg,"170,00",170.0,Café Conillon,10
2006-10-24,Café Conillon,EUNAPOLIS,Tipo 7/8,sc 60 kg,"167,00",167.0,Café Conillon,10
2006-10-25,Café Conillon,EUNAPOLIS,Tipo 7,sc 60 kg,"170,00",170.0,Café Conillon,10
2006-10-25,Café Conillon,EUNAPOLIS,Tipo 7/8,sc 60 kg,"167,00",167.0,Café Conillon,10
2006-10-26,Café Conillon,EUNAPOLIS,Tipo 7,sc 60 kg,"170,00",170.0,Café Conillon,10
2006-10-26,Café Conillon,EUNAPOLIS,Tipo 7/8,sc 60 kg,"167,00",167.0,Café Conillon,10
2006-10-27,Café Conillon,EUNAPOLIS,Tipo 7,sc 60 kg,"170,00",170.0,Café Conillon,10
2006-10-27,Café Conillon,EUNAPOLIS,Tipo 7/8,sc 60 kg,"167,00",167.0,Café Conillon,10
2006-10-30,Café Conillon,EUNAPOLIS,Tipo 7,sc 60 kg,"170,00",170.0,Café Conillon,10
2006-10-30,Café Conillon,EUNAPOLIS,Tipo 7/8,sc 60 kg,"167,00",167.0,Café Conillon,10
2006-10-31,Café Conillon,EUNAPOLIS,Tipo 7,sc 60 kg,"170,00",170.0,Café Conillon,10
2006-10-31,Café Conillon,EUNAPOLIS,Tipo 7/8,sc 60 kg,"167,00",167.0,Café Conillon,10
2006-11-01,Café Conillon,EUNAPOLIS,Tipo 7,sc 60 kg,"170,00",170.0,Café Conillon,10
2006-11-01,Café Conillon,EUNAPOLIS,Tipo 7/8,sc 60 kg,"167,00",167.0,Café Conillon,10
2006-11-06,Café Conillon,EUNAPOLIS,Tipo 7,sc 60 kg,"175,00",175.0,Café Conillon,10
2006-11-06,Café Conillon,EUNAPOLIS,Tipo 7/8,sc 60 kg,"172,00",172.0,Café Conillon,10
2006-11-07,Café Conillon,EUNAPOLIS,Tipo 7,sc 60 kg,"175,00",175.0,Café Conillon,10
2006-11-07,Café Conillon,EUNAPOLIS,Tipo 7/8,sc 60 kg,"172,00",172.0,Café Conillon,10
2006-11-08,Café Conillon,EUNAPOLIS,Tipo 7,sc 60 kg,"180,00",180.0,Café Conillon,10
2006-11-08,Café Conillon,EUNAPOLIS,Tipo 7/8,sc 60 kg,"177,00",177.0,Café Conillon,10
2006-11-09,Café Conillon,EUNAPOLIS,Tipo 7,sc 60 kg,"180,00",180.0,Café Conillon,10
2006-11-09,Café Conillon,EUNAPOLIS,Tipo 7/8,sc 60 kg,"177,00",177.0,Café Conillon,10
2006-11-10,Café Conillon,EUNAPOLIS,Tipo 7,sc 60 kg,"185,00",185.0,Café Conillon,10
2006-11-10,Café Conillon,EUNAPOLIS,Tipo 7/8,sc 60 kg,"182,00",182.0,Café Conillon,10
2006-11-13,Café Conillon,EUNAPOLIS,Tipo 7,sc 60 kg,"185,00",185.0,Café Conillon,10
2006-11-13,Café Conillon,EUNAPOLIS,Tipo 7/8,sc 60 kg,"182,00",182.0,Café Conillon,10
2006-11-14,Café Conillon,EUNAPOLIS,Tipo 7,sc 60 kg,"185,00",185.0,Café Conillon,10
2006-11-14,Café Conillon,EUNAPOLIS,Tipo 7/8,sc 60 kg,"182,00",182.0,Café Conillon,10
2006-11-16,Café Conillon,EUNAPOLIS,Tipo 7,sc 60 kg,"185,00",185.0,Café Conillon,10
2006-11-16,Café Conillon,EUNAPOLIS,Tipo 7/8,sc 60 kg,"182,00",182.0,Café Conillon,10
2006-11-17,Café Conillon,EUNAPOLIS,Tipo 7,sc 60 kg,"185,00",185.0,Café Conillon,10
2006-11-17,Café Conillon,EUNAPOLIS,Tipo 7/8,sc 60 kg,"182,00",182.0,Café Conillon,10
2006-11-20,Café Conillon,EUNAPOLIS,Tipo 7,sc 60 kg,"185,00",185.0,Café Conillon,10
2006-11-20,Café Conillon,EUNAPOLIS,Tipo 7/8,sc 60 kg,"182,00",182.0,Café Conillon,10
2006-11-21,Café Conillon,EUNAPOLIS,Tipo 7,sc 60 kg,"185,00",185.0,Café Conillon,10
2006-11-21,Café Conillon,EUNAPOLIS,Tipo 7/8,sc 60 kg,"182,00",182.0,Café Conillon,10
2006-11-22,Café Conillon,EUNAPOLIS,Tipo 7,sc 60 kg,"190,00",190.0,Café Conillon,10
2006-11-22,Café Conillon,EUNAPOLIS,Tipo 7/8,sc 60 kg,"187,00",187.0,Café Conillon,10
2006-11-23,Café Conillon,EUNAPOLIS,Tipo 7,sc 60 kg,"190,00",190.0,Café Conillon,10
2006-11-23,Café Conillon,EUNAPOLIS,Tipo 7/8,sc 60 kg,"187,00",187.0,Café Conillon,10
2006-11-24,Café Conillon,EUNAPOLIS,Tipo 7,sc 60 kg,"190,00",190.0,Café Conillon,10
2006-11-24,Café Conillon,EUNAPOLIS,Tipo 7/8,sc 60 kg,"187,00",187.0,Café Conillon,10
2006-11-27,Café Conillon,EUNAPOLIS,Tipo 7,sc 60 kg,"190,00",190.0,Café Conillon,10
2006-11-27,Café Conillon,EUNAPOLIS,Tipo 7/8,sc 60 kg,"187,00",187.0,Café Conillon,10
2006-11-28,Café Conillon,EUNAPOLIS,Tipo 7,sc 60 kg,"190,00",190.0,Café Conillon,10
2006-11-28,Café Conillon,EUNAPOLIS,Tipo 7/8,sc 60 kg,"187,00",187.0,Café Conillon,10
2006-11-29,Café Conillon,EUNAPOLIS,Tipo 7,sc 60 kg,"190,00",190.0,Café Conillon,10
2006-11-29,Café Conillon,EUNAPOLIS,Tipo 7/8,sc 60 kg,"187,00",187.0,Café Conillon,10
2006-11-30,Café Conillon,EUNAPOLIS,Tipo 7,sc 60 kg,"190,00",190.0,Café Conillon,10
2006-11-30,Café Conillon,EUNAPOLIS,Tipo 7/8,sc 60 kg,"187,00",187.0,Café Conillon,10
2006-12-01,Café Conillon,EUNAPOLIS,Tipo 7,sc 60 kg,"195,00",195.0,Café Conillon,10
2006-12-01,Café Conillon,EUNAPOLIS,Tipo 7/8,sc 60 kg,"192,00",192.0,Café Conillon,10
2006-12-04,Café Conillon,EUNAPOLIS,Tipo 7,sc 60 kg,"195,00",195.0,Café Conillon,10
2006-12-04,Café Conillon,EUNAPOLIS,Tipo 7/8,sc 60 kg,"192,00",192.0,Café Conillon,10
2006-12-05,Café Conillon,EUNAPOLIS,Tipo 7,sc 60 kg,"195,00",195.0,Café Conillon,10
2006-12-05,Café Conillon,EUNAPOLIS,Tipo 7/8,sc 60 kg,"192,00",192.0,Café Conillon,10
2006-12-06,Café Conillon,EUNAPOLIS,Tipo 7,sc 60 kg,"195,00",195.0,Café Conillon,10
2006-12-06,Café Conillon,EUNAPOLIS,Tipo 7/8,sc 60 kg,"192,00",192.0,Café Conillon,10
2006-12-07,Café Conillon,EUNAPOLIS,Tipo 7,sc 60 kg,"195,00",195.0,Café Conillon,10
2006-12-07,Café Conillon,EUNAPOLIS,Tipo 7/8,sc 60 kg,"192,00",192.0,Café Conillon,10
2006-12-11,Café Conillon,EUNAPOLIS,Tipo 7,sc 60 kg,"195,00",195.0,Café Conillon,10
2006-12-11,Café Conillon,EUNAPOLIS,Tipo 7/8,sc 60 kg,"192,00",192.0,Café Conillon,10
2006-12-12,Café Conillon,EUNAPOLIS,Tipo 7,sc 60 kg,"195,00",195.0,Café Conillon,10
2006-12-12,Café Conillon,EUNAPOLIS,Tipo 7/8,sc 60 kg,"192,00",192.0,Café Conillon,10
2006-12-13,Café Conillon,EUNAPOLIS,Tipo 7,sc 60 kg,"195,00",195.0,Café Conillon,10
2006-12-13,Café Conillon,EUNAPOLIS,Tipo 7/8,sc 60 kg,"192,00",192.0,Café Conillon,10
2006-12-14,Café Conillon,EUNAPOLIS,Tipo 7,sc 60 kg,"195,00",195.0,Café Conillon,10
2006-12-14,Café Conillon,EUNAPOLIS,Tipo 7/8,sc 60 kg,"192,00",192.0,Café Conillon,10
2006-12-15,Café Conillon,EUNAPOLIS,Tipo 7,sc 60 kg,"195,00",195.0,Café Conillon,10
2006-12-15,Café Conillon,EUNAPOLIS,Tipo 7/8,sc 60 kg,"192,00",192.0,Café Conillon,10
2006-12-18,Café Conillon,EUNAPOLIS,Tipo 7,sc 60 kg,"195,00",195.0,Café Conillon,10
2006-12-18,Café Conillon,EUNAPOLIS,Tipo 7/8,sc 60 kg,"192,00",192.0,Café Conillon,10
2006-12-19,Café Conillon,EUNAPOLIS,Tipo 7,sc 60 kg,"195,00",195.0,Café Conillon,10
2006-12-19,Café Conillon,EUNAPOLIS,Tipo 7/8,sc 60 kg,"192,00",192.0,Café Conillon,10
2006-12-20,Café Conillon,EUNAPOLIS,Tipo 7,sc 60 kg,"195,00",195.0,Café Conillon,10
2006-12-20,Café Conillon,EUNAPOLIS,Tipo 7/8,sc 60 kg,"192,00",192.0,Café Conillon,10
2006-12-21,Café Conillon,EUNAPOLIS,Tipo 7,sc 60 kg,"195,00",195.0,Café Conillon,10
2006-12-21,Café Conillon,EUNAPOLIS,Tipo 7/8,sc 60 kg,"192,00",192.0,Café Conillon,10
2006-12-22,Café Conillon,EUNAPOLIS,Tipo 7,sc 60 kg,"195,00",195.0,Café Conillon,10
2006-12-22,Café Conillon,EUNAPOLIS,Tipo 7/8,sc 60 kg,"192,00",192.0,Café Conillon,10
2006-12-26,Café Conillon,EUNAPOLIS,Tipo 7,sc 60 kg,"195,00",195.0,Café Conillon,10
2006-12-26,Café Conillon,EUNAPOLIS,Tipo 7/8,sc 60 kg,"192,00",192.0,Café Conillon,10
2006-12-27,Café Conillon,EUNAPOLIS,Tipo 7,sc 60 kg,"195,00",195.0,Café Conillon,10
2006-12-27,Café Conillon,EUNAPOLIS,Tipo 7/8,sc 60 kg,"192,00",192.0,Café Conillon,10
2006-12-28,Café Conillon,EUNAPOLIS,Tipo 7,sc 60 kg,"195,00",195.0,Café Conillon,10
2006-12-28,Café Conillon,EUNAPOLIS,Tipo 7/8,sc 60 kg,"192,00",192.0,Café Conillon,10
2006-12-29,Café Conillon,EUNAPOLIS,Tipo 7,sc 60 kg,"195,00",195.0,Café Conillon,10
2006-12-29,Café Conillon,EUNAPOLIS,Tipo 7/8,sc 60 kg,"192,00",192.0,Café Conillon,10
2007-01-02,Café Conillon,EUNAPOLIS,Tipo 7,sc 60 kg,"195,00",195.0,Café Conillon,10
2007-01-02,Café Conillon,EUNAPOLIS,Tipo 7/8,sc 60 kg,"192,00",192.0,Café Conillon,10
2007-01-03,Café Conillon,EUNAPOLIS,Tipo 7,sc 60 kg,"195,00",195.0,Café Conillon,10
2007-01-03,Café Conillon,EUNAPOLIS,Tipo 7/8,sc 60 kg,"192,00",192.0,Café Conillon,10
2007-01-04,Café Conillon,EUNAPOLIS,Tipo 7,sc 60 kg,"195,00",195.0,Café Conillon,10
2007-01-04,Café Conillon,EUNAPOLIS,Tipo 7/8,sc 60 kg,"192,00",192.0,Café Conillon,10
2007-01-05,Café Conillon,EUNAPOLIS,Tipo 7,sc 60 kg,"203,00",203.0,Café Conillon,10
2007-01-05,Café Conillon,EUNAPOLIS,Tipo 7/8,sc 60 kg,"200,00",200.0,Café Conillon,10
2007-01-08,Café Conillon,EUNAPOLIS,Tipo 7,sc 60 kg,"203,00",203.0,Café Conillon,10
2007-01-08,Café Conillon,EUNAPOLIS,Tipo 7/8,sc 60 kg,"200,00",200.0,Café Conillon,10
2007-01-09,Café Conillon,EUNAPOLIS,Tipo 7,sc 60 kg,"203,00",203.0,Café Conillon,10
2007-01-09,Café Conillon,EUNAPOLIS,Tipo 7/8,sc 60 kg,"200,00",200.0,Café Conillon,10
2007-01-10,Café Conillon,EUNAPOLIS,Tipo 7,sc 60 kg,"203,00",203.0,Café Conillon,10
2007-01-10,Café Conillon,EUNAPOLIS,Tipo 7/8,sc 60 kg,"200,00",200.0,Café Conillon,10
2007-01-11,Café Conillon,EUNAPOLIS,Tipo 7,sc 60 kg,"203,00",203.0,Café Conillon,10
2007-01-11,Café Conillon,EUNAPOLIS,Tipo 7/8,sc 60 kg,"200,00",200.0,Café Conillon,10
2007-01-12,Café Conillon,EUNAPOLIS,Tipo 7,sc 60 kg,"203,00",203.0,Café Conillon,10
2007-01-12,Café Conillon,EUNAPOLIS,Tipo 7/8,sc 60 kg,"200,00",200.0,Café Conillon,10
2007-01-15,Café Conillon,EUNAPOLIS,Tipo 7,sc 60 kg,"203,00",203.0,Café Conillon,10
2007-01-15,Café Conillon,EUNAPOLIS,Tipo 7/8,sc 60 kg,"200,00",200.0,Café Conillon,10
2007-01-16,Café Conillon,EUNAPOLIS,Tipo 7,sc 60 kg,"203,00",203.0,Café Conillon,10
2007-01-16,Café Conillon,EUNAPOLIS,Tipo 7/8,sc 60 kg,"200,00",200.0,Café Conillon,10
2007-01-17,Café Conillon,EUNAPOLIS,Tipo 7,sc 60 kg,"203,00",203.0,Café Conillon,10
2007-01-17,Café Conillon,EUNAPOLIS,Tipo 7/8,sc 60 kg,"200,00",200.0,Café Conillon,10
2007-01-18,Café Conillon,EUNAPOLIS,Tipo 7,sc 60 kg,"203,00",203.0,Café Conillon,10
2007-01-18,Café Conillon,EUNAPOLIS,Tipo 7/8,sc 60 kg,"200,00",200.0,Café Conillon,10
2007-01-19,Café Conillon,EUNAPOLIS,Tipo 7,sc 60 kg,"203,00",203.0,Café Conillon,10
2007-01-19,Café Conillon,EUNAPOLIS,Tipo 7/8,sc 60 kg,"200,00",200.0,Café Conillon,10
2007-01-22,Café Conillon,EUNAPOLIS,Tipo 7,sc 60 kg,"203,00",203.0,Café Conillon,10
2007-01-22,Café Conillon,EUNAPOLIS,Tipo 7/8,sc 60 kg,"200,00",200.0,Café Conillon,10
2007-01-23,Café Conillon,EUNAPOLIS,Tipo 7,sc 60 kg,"203,00",203.0,Café Conillon,10
2007-01-23,Café Conillon,EUNAPOLIS,Tipo 7/8,sc 60 kg,"200,00",200.0,Café Conillon,10
2007-01-24,Café Conillon,EUNAPOLIS,Tipo 7,sc 60 kg,"203,00",203.0,Café Conillon,10
2007-01-24,Café Conillon,EUNAPOLIS,Tipo 7/8,sc 60 kg,"200,00",200.0,Café Conillon,10
2007-01-25,Café Conillon,EUNAPOLIS,Tipo 7,sc 60 kg,"203,00",203.0,Café Conillon,10
2007-01-25,Café Conillon,EUNAPOLIS,Tipo 7/8,sc 60 kg,"200,00",200.0,Café Conillon,10
2007-01-26,Café Conillon,EUNAPOLIS,Tipo 7,sc 60 kg,"203,00",203.0,Café Conillon,10
2007-01-26,Café Conillon,EUNAPOLIS,Tipo 7/8,sc 60 kg,"200,00",200.0,Café Conillon,10
2007-01-29,Café Conillon,EUNAPOLIS,Tipo 7,sc 60 kg,"190,00",190.0,Café Conillon,10
2007-01-29,Café Conillon,EUNAPOLIS,Tipo 7/8,sc 60 kg,"187,00",187.0,Café Conillon,10
2007-01-30,Café Conillon,EUNAPOLIS,Tipo 7,sc 60 kg,"190,00",190.0,Café Conillon,10
2007-01-30,Café Conillon,EUNAPOLIS,Tipo 7/8,sc 60 kg,"187,00",187.0,Café Conillon,10
2007-01-31,Café Conillon,EUNAPOLIS,Tipo 7,sc 60 kg,"190,00",190.0,Café Conillon,10
2007-01-31,Café Conillon,EUNAPOLIS,Tipo 7/8,sc 60 kg,"187,00",187.0,Café Conillon,10
2007-02-01,Café Conillon,EUNAPOLIS,Tipo 7,sc 60 kg,"190,00",190.0,Café Conillon,10
2007-02-01,Café Conillon,EUNAPOLIS,Tipo 7/8,sc 60 kg,"187,00",187.0,Café Conillon,10
2007-02-02,Café Conillon,EUNAPOLIS,Tipo 7,sc 60 kg,"190,00",190.0,Café Conillon,10
2007-02-02,Café Conillon,EUNAPOLIS,Tipo 7/8,sc 60 kg,"187,00",187.0,Café Conillon,10
2007-02-05,Café Conillon,EUNAPOLIS,Tipo 7,sc 60 kg,"190,00",190.0,Café Conillon,10
2007-02-05,Café Conillon,EUNAPOLIS,Tipo 7/8,sc 60 kg,"187,00",187.0,Café Conillon,10
2007-02-06,Café Conillon,EUNAPOLIS,Tipo 7,sc 60 kg,"190,00",190.0,Café Conillon,10
2007-02-06,Café Conillon,EUNAPOLIS,Tipo 7/8,sc 60 kg,"187,00",187.0,Café Conillon,10
2007-02-07,Café Conillon,EUNAPOLIS,Tipo 7,sc 60 kg,"190,00",190.0,Café Conillon,10
2007-02-07,Café Conillon,EUNAPOLIS,Tipo 7/8,sc 60 kg,"187,00",187.0,Café Conillon,10
2007-02-08,Café Conillon,EUNAPOLIS,Tipo 7,sc 60 kg,"190,00",190.0,Café Conillon,10
2007-02-08,Café Conillon,EUNAPOLIS,Tipo 7/8,sc 60 kg,"187,00",187.0,Café Conillon,10
2007-02-09,Café Conillon,EUNAPOLIS,Tipo 7,sc 60 kg,"190,00",190.0,Café Conillon,10
2007-02-09,Café Conillon,EUNAPOLIS,Tipo 7/8,sc 60 kg,"187,00",187.0,Café Conillon,10
2007-02-12,Café Conillon,EUNAPOLIS,Tipo 7,sc 60 kg,"190,00",190.0,Café Conillon,10
2007-02-12,Café Conillon,EUNAPOLIS,Tipo 7/8,sc 60 kg,"187,00",187.0,Café Conillon,10
2007-02-13,Café Conillon,EUNAPOLIS,Tipo 7,sc 60 kg,"190,00",190.0,Café Conillon,10
2007-02-13,Café Conillon,EUNAPOLIS,Tipo 7/8,sc 60 kg,"187,00",187.0,Café Conillon,10
2007-02-14,Café Conillon,EUNAPOLIS,Tipo 7,sc 60 kg,"190,00",190.0,Café Conillon,10
2007-02-14,Café Conillon,EUNAPOLIS,Tipo 7/8,sc 60 kg,"187,00",187.0,Café Conillon,10
2007-02-22,Café Conillon,EUNAPOLIS,Tipo 7,sc 60 kg,"190,00",190.0,Café Conillon,10
2007-02-22,Café Conillon,EUNAPOLIS,Tipo 7/8,sc 60 kg,"187,00",187.0,Café Conillon,10
2007-02-23,Café Conillon,EUNAPOLIS,Tipo 7,sc 60 kg,"180,00",180.0,Café Conillon,10
2007-02-23,Café Conillon,EUNAPOLIS,Tipo 7/8,sc 60 kg,"177,00",177.0,Café Conillon,10
2007-02-26,Café Conillon,EUNAPOLIS,Tipo 7,sc 60 kg,"180,00",180.0,Café Conillon,10
2007-02-26,Café Conillon,EUNAPOLIS,Tipo 7/8,sc 60 kg,"177,00",177.0,Café Conillon,10
2007-02-27,Café Conillon,EUNAPOLIS,Tipo 7,sc 60 kg,"180,00",180.0,Café Conillon,10
2007-02-27,Café Conillon,EUNAPOLIS,Tipo 7/8,sc 60 kg,"177,00",177.0,Café Conillon,10
2007-02-28,Café Conillon,EUNAPOLIS,Tipo 7,sc 60 kg,"180,00",180.0,Café Conillon,10
2007-02-28,Café Conillon,EUNAPOLIS,Tipo 7/8,sc 60 kg,"177,00",177.0,Café Conillon,10
2007-03-01,Café Conillon,EUNAPOLIS,Tipo 7,sc 60 kg,"180,00",180.0,Café Conillon,10
2007-03-01,Café Conillon,EUNAPOLIS,Tipo 7/8,sc 60 kg,"177,00",177.0,Café Conillon,10
2007-03-02,Café Conillon,EUNAPOLIS,Tipo 7,sc 60 kg,"190,00",190.0,Café Conillon,10
2007-03-02,Café Conillon,EUNAPOLIS,Tipo 7/8,sc 60 kg,"187,00",187.0,Café Conillon,10
2007-03-05,Café Conillon,EUNAPOLIS,Tipo 7,sc 60 kg,"190,00",190.0,Café Conillon,10
2007-03-05,Café Conillon,EUNAPOLIS,Tipo 7/8,sc 60 kg,"187,00",187.0,Café Conillon,10
2007-03-06,Café Conillon,EUNAPOLIS,Tipo 7,sc 60 kg,"190,00",190.0,Café Conillon,10
2007-03-06,Café Conillon,EUNAPOLIS,Tipo 7/8,sc 60 kg,"187,00",187.0,Café Conillon,10
2007-03-07,Café Conillon,EUNAPOLIS,Tipo 7,sc 60 kg,"188,00",188.0,Café Conillon,10
2007-03-07,Café Conillon,EUNAPOLIS,Tipo 7/8,sc 60 kg,"182,00",182.0,Café Conillon,10
2007-03-08,Café Conillon,EUNAPOLIS,Tipo 7,sc 60 kg,"188,00",188.0,Café Conillon,10
2007-03-08,Café Conillon,EUNAPOLIS,Tipo 7/8,sc 60 kg,"182,00",182.0,Café Conillon,10
2007-03-09,Café Conillon,EUNAPOLIS,Tipo 7,sc 60 kg,"188,00",188.0,Café Conillon,10
2007-03-09,Café Conillon,EUNAPOLIS,Tipo 7/8,sc 60 kg,"182,00",182.0,Café Conillon,10
2007-03-12,Café Conillon,EUNAPOLIS,Tipo 7,sc 60 kg,"188,00",188.0,Café Conillon,10
2007-03-12,Café Conillon,EUNAPOLIS,Tipo 7/8,sc 60 kg,"182,00",182.0,Café Conillon,10
2007-03-13,Café Conillon,EUNAPOLIS,Tipo 7,sc 60 kg,"188,00",188.0,Café Conillon,10
2007-03-13,Café Conillon,EUNAPOLIS,Tipo 7/8,sc 60 kg,"182,00",182.0,Café Conillon,10
2007-03-14,Café Conillon,EUNAPOLIS,Tipo 7,sc 60 kg,"188,00",188.0,Café Conillon,10
2007-03-14,Café Conillon,EUNAPOLIS,Tipo 7/8,sc 60 kg,"182,00",182.0,Café Conillon,10
2007-03-15,Café Conillon,EUNAPOLIS,Tipo 7,sc 60 kg,"188,00",188.0,Café Conillon,10
2007-03-15,Café Conillon,EUNAPOLIS,Tipo 7/8,sc 60 kg,"182,00",182.0,Café Conillon,10
2007-03-16,Café Conillon,EUNAPOLIS,Tipo 7,sc 60 kg,"188,00",188.0,Café Conillon,10
2007-03-16,Café Conillon,EUNAPOLIS,Tipo 7/8,sc 60 kg,"182,00",182.0,Café Conillon,10
2007-03-19,Café Conillon,EUNAPOLIS,Tipo 7,sc 60 kg,"188,00",188.0,Café Conillon,10
2007-03-19,Café Conillon,EUNAPOLIS,Tipo 7/8,sc 60 kg,"182,00",182.0,Café Conillon,10
2007-03-20,Café Conillon,EUNAPOLIS,Tipo 7,sc 60 kg,"190,00",190.0,Café Conillon,10
2007-03-20,Café Conillon,EUNAPOLIS,Tipo 7/8,sc 60 kg,"187,00",187.0,Café Conillon,10
2007-03-21,Café Conillon,EUNAPOLIS,Tipo 7,sc 60 kg,"190,00",190.0,Café Conillon,10
2007-03-21,Café Conillon,EUNAPOLIS,Tipo 7/8,sc 60 kg,"187,00",187.0,Café Conillon,10
2007-03-22,Café Conillon,EUNAPOLIS,Tipo 7,sc 60 kg,"190,00",190.0,Café Conillon,10
2007-03-22,Café Conillon,EUNAPOLIS,Tipo 7/8,sc 60 kg,"187,00",187.0,Café Conillon,10
2007-03-23,Café Conillon,EUNAPOLIS,Tipo 7,sc 60 kg,"190,00",190.0,Café Conillon,10
2007-03-23,Café Conillon,EUNAPOLIS,Tipo 7/8,sc 60 kg,"187,00",187.0,Café Conillon,10
2007-03-26,Café Conillon,EUNAPOLIS,Tipo 7,sc 60 kg,"190,00",190.0,Café Conillon,10
2007-03-26,Café Conillon,EUNAPOLIS,Tipo 7/8,sc 60 kg,"187,00",187.0,Café Conillon,10
2007-03-27,Café Conillon,EUNAPOLIS,Tipo 7,sc 60 kg,"190,00",190.0,Café Conillon,10
2007-03-27,Café Conillon,EUNAPOLIS,Tipo 7/8,sc 60 kg,"187,00",187.0,Café Conillon,10
2007-03-28,Café Conillon,EUNAPOLIS,Tipo 7,sc 60 kg,"190,00",190.0,Café Conillon,10
2007-03-28,Café Conillon,EUNAPOLIS,Tipo 7/8,sc 60 kg,"187,00",187.0,Café Conillon,10
2007-03-29,Café Conillon,EUNAPOLIS,Tipo 7,sc 60 kg,"190,00",190.0,Café Conillon,10
2007-03-29,Café Conillon,EUNAPOLIS,Tipo 7/8,sc 60 kg,"187,00",187.0,Café Conillon,10
2007-03-30,Café Conillon,EUNAPOLIS,Tipo 7,sc 60 kg,"190,00",190.0,Café Conillon,10
2007-03-30,Café Conillon,EUNAPOLIS,Tipo 7/8,sc 60 kg,"187,00",187.0,Café Conillon,10
2007-04-02,Café Conillon,EUNAPOLIS,Tipo 7,sc 60 kg,"190,00",190.0,Café Conillon,10
2007-04-02,Café Conillon,EUNAPOLIS,Tipo 7/8,sc 60 kg,"187,00",187.0,Café Conillon,10
2007-04-03,Café Conillon,EUNAPOLIS,Tipo 7,sc 60 kg,"190,00",190.0,Café Conillon,10
2007-04-03,Café Conillon,EUNAPOLIS,Tipo 7/8,sc 60 kg,"187,00",187.0,Café Conillon,10
2007-04-04,Café Conillon,EUNAPOLIS,Tipo 7,sc 60 kg,"190,00",190.0,Café Conillon,10
2007-04-04,Café Conillon,EUNAPOLIS,Tipo 7/8,sc 60 kg,"187,00",187.0,Café Conillon,10
2007-04-09,Café Conillon,EUNAPOLIS,Tipo 7,sc 60 kg,"185,00",185.0,Café Conillon,10
2007-04-09,Café Conillon,EUNAPOLIS,Tipo 7/8,sc 60 kg,"182,00",182.0,Café Conillon,10
2007-04-10,Café Conillon,EUNAPOLIS,Tipo 7,sc 60 kg,"185,00",185.0,Café Conillon,10
2007-04-10,Café Conillon,EUNAPOLIS,Tipo 7/8,sc 60 kg,"182,00",182.0,Café Conillon,10
2007-04-11,Café Conillon,EUNAPOLIS,Tipo 7,sc 60 kg,"185,00",185.0,Café Conillon,10
2007-04-11,Café Conillon,EUNAPOLIS,Tipo 7/8,sc 60 kg,"182,00",182.0,Café Conillon,10
2007-04-12,Café Conillon,EUNAPOLIS,Tipo 7,sc 60 kg,"185,00",185.0,Café Conillon,10
2007-04-12,Café Conillon,EUNAPOLIS,Tipo 7/8,sc 60 kg,"182,00",182.0,Café Conillon,10
2007-04-13,Café Conillon,EUNAPOLIS,Tipo 7,sc 60 kg,"185,00",185.0,Café Conillon,10
2007-04-13,Café Conillon,EUNAPOLIS,Tipo 7/8,sc 60 kg,"182,00",182.0,Café Conillon,10
2007-04-16,Café Conillon,EUNAPOLIS,Tipo 7,sc 60 kg,"180,00",180.0,Café Conillon,10
2007-04-16,Café Conillon,EUNAPOLIS,Tipo 7/8,sc 60 kg,"177,00",177.0,Café Conillon,10
2007-04-17,Café Conillon,EUNAPOLIS,Tipo 7,sc 60 kg,"180,00",180.0,Café Conillon,10
2007-04-17,Café Conillon,EUNAPOLIS,Tipo 7/8,sc 60 kg,"177,00",177.0,Café Conillon,10
2007-04-18,Café Conillon,EUNAPOLIS,Tipo 7,sc 60 kg,"180,00",180.0,Café Conillon,10
2007-04-18,Café Conillon,EUNAPOLIS,Tipo 7/8,sc 60 kg,"177,00",177.0,Café Conillon,10
2007-04-19,Café Conillon,EUNAPOLIS,Tipo 7,sc 60 kg,"180,00",180.0,Café Conillon,10
2007-04-19,Café Conillon,EUNAPOLIS,Tipo 7/8,sc 60 kg,"177,00",177.0,Café Conillon,10
2007-04-20,Café Conillon,EUNAPOLIS,Tipo 7,sc 60 kg,"180,00",180.0,Café Conillon,10
2007-04-20,Café Conillon,EUNAPOLIS,Tipo 7/8,sc 60 kg,"177,00",177.0,Café Conillon,10
2007-04-23,Café Conillon,EUNAPOLIS,Tipo 7,sc 60 kg,"180,00",180.0,Café Conillon,10
2007-04-23,Café Conillon,EUNAPOLIS,Tipo 7/8,sc 60 kg,"177,00",177.0,Café Conillon,10
2007-04-24,Café Conillon,EUNAPOLIS,Tipo 7,sc 60 kg,"180,00",180.0,Café Conillon,10
2007-04-24,Café Conillon,EUNAPOLIS,Tipo 7/8,sc 60 kg,"177,00",177.0,Café Conillon,10
2007-04-25,Café Conillon,EUNAPOLIS,Tipo 7,sc 60 kg,"180,00",180.0,Café Conillon,10
2007-04-25,Café Conillon,EUNAPOLIS,Tipo 7/8,sc 60 kg,"177,00",177.0,Café Conillon,10
2007-04-26,Café Conillon,EUNAPOLIS,Tipo 7,sc 60 kg,"180,00",180.0,Café Conillon,10
2007-04-26,Café Conillon,EUNAPOLIS,Tipo 7/8,sc 60 kg,"177,00",177.0,Café Conillon,10
2007-04-27,Café Conillon,EUNAPOLIS,Tipo 7,sc 60 kg,"180,00",180.0,Café Conillon,10
2007-04-27,Café Conillon,EUNAPOLIS,Tipo 7/8,sc 60 kg,"177,00",177.0,Café Conillon,10
2007-05-02,Café Conillon,EUNAPOLIS,Tipo 7,sc 60 kg,"180,00",180.0,Café Conillon,10
2007-05-02,Café Conillon,EUNAPOLIS,Tipo 7/8,sc 60 kg,"177,00",177.0,Café Conillon,10
2007-05-03,Café Conillon,EUNAPOLIS,Tipo 7,sc 60 kg,"180,00",180.0,Café Conillon,10
2007-05-03,Café Conillon,EUNAPOLIS,Tipo 7/8,sc 60 kg,"177,00",177.0,Café Conillon,10
2007-05-04,Café Conillon,EUNAPOLIS,Tipo 7,sc 60 kg,"175,00",175.0,Café Conillon,10
2007-05-04,Café Conillon,EUNAPOLIS,Tipo 7/8,sc 60 kg,"172,00",172.0,Café Conillon,10
2007-05-07,Café Conillon,EUNAPOLIS,Tipo 7,sc 60 kg,"175,00",175.0,Café Conillon,10
2007-05-07,Café Conillon,EUNAPOLIS,Tipo 7/8,sc 60 kg,"172,00",172.0,Café Conillon,10
2007-05-08,Café Conillon,EUNAPOLIS,Tipo 7,sc 60 kg,"180,00",180.0,Café Conillon,10
2007-05-08,Café Conillon,EUNAPOLIS,Tipo 7/8,sc 60 kg,"177,00",177.0,Café Conillon,10
2007-05-09,Café Conillon,EUNAPOLIS,Tipo 7,sc 60 kg,"180,00",180.0,Café Conillon,10
2007-05-09,Café Conillon,EUNAPOLIS,Tipo 7/8,sc 60 kg,"177,00",177.0,Café Conillon,10
2007-05-10,Café Conillon,EUNAPOLIS,Tipo 7,sc 60 kg,"180,00",180.0,Café Conillon,10
2007-05-10,Café Conillon,EUNAPOLIS,Tipo 7/8,sc 60 kg,"177,00",177.0,Café Conillon,10
2007-05-11,Café Conillon,EUNAPOLIS,Tipo 7,sc 60 kg,"180,00",180.0,Café Conillon,10
2007-05-11,Café Conillon,EUNAPOLIS,Tipo 7/8,sc 60 kg,"177,00",177.0,Café Conillon,10
2007-05-14,Café Conillon,EUNAPOLIS,Tipo 7,sc 60 kg,"180,00",180.0,Café Conillon,10
2007-05-14,Café Conillon,EUNAPOLIS,Tipo 7/8,sc 60 kg,"177,00",177.0,Café Conillon,10
2007-05-15,Café Conillon,EUNAPOLIS,Tipo 7,sc 60 kg,"180,00",180.0,Café Conillon,10
2007-05-15,Café Conillon,EUNAPOLIS,Tipo 7/8,sc 60 kg,"177,00",177.0,Café Conillon,10
2007-05-16,Café Conillon,EUNAPOLIS,Tipo 7,sc 60 kg,"180,00",180.0,Café Conillon,10
2007-05-16,Café Conillon,EUNAPOLIS,Tipo 7/8,sc 60 kg,"177,00",177.0,Café Conillon,10
2007-05-17,Café Conillon,EUNAPOLIS,Tipo 7,sc 60 kg,"180,00",180.0,Café Conillon,10
2007-05-17,Café Conillon,EUNAPOLIS,Tipo 7/8,sc 60 kg,"177,00",177.0,Café Conillon,10
2007-05-18,Café Conillon,EUNAPOLIS,Tipo 7,sc 60 kg,"177,00",177.0,Café Conillon,10
2007-05-18,Café Conillon,EUNAPOLIS,Tipo 7/8,sc 60 kg,"174,00",174.0,Café Conillon,10
2007-05-21,Café Conillon,EUNAPOLIS,Tipo 7,sc 60 kg,"180,00",180.0,Café Conillon,10
2007-05-21,Café Conillon,EUNAPOLIS,Tipo 7/8,sc 60 kg,"177,00",177.0,Café Conillon,10
2007-05-22,Café Conillon,EUNAPOLIS,Tipo 7,sc 60 kg,"180,00",180.0,Café Conillon,10
2007-05-22,Café Conillon,EUNAPOLIS,Tipo 7/8,sc 60 kg,"177,00",177.0,Café Conillon,10
2007-05-23,Café Conillon,EUNAPOLIS,Tipo 7,sc 60 kg,"180,00",180.0,Café Conillon,10
2007-05-23,Café Conillon,EUNAPOLIS,Tipo 7/8,sc 60 kg,"177,00",177.0,Café Conillon,10
2007-05-24,Café Conillon,EUNAPOLIS,Tipo 7,sc 60 kg,"180,00",180.0,Café Conillon,10
2007-05-24,Café Conillon,EUNAPOLIS,Tipo 7/8,sc 60 kg,"177,00",177.0,Café Conillon,10
2007-05-25,Café Conillon,EUNAPOLIS,Tipo 7,sc 60 kg,"180,00",180.0,Café Conillon,10
2007-05-25,Café Conillon,EUNAPOLIS,Tipo 7/8,sc 60 kg,"177,00",177.0,Café Conillon,10
2007-05-28,Café Conillon,EUNAPOLIS,Tipo 7,sc 60 kg,"180,00",180.0,Café Conillon,10
2007-05-28,Café Conillon,EUNAPOLIS,Tipo 7/8,sc 60 kg,"177,00",177.0,Café Conillon,10
2007-05-29,Café Conillon,EUNAPOLIS,Tipo 7,sc 60 kg,"180,00",180.0,Café Conillon,10
2007-05-29,Café Conillon,EUNAPOLIS,Tipo 7/8,sc 60 kg,"177,00",177.0,Café Conillon,10
2007-05-30,Café Conillon,EUNAPOLIS,Tipo 7,sc 60 kg,"180,00",180.0,Café Conillon,10
2007-05-30,Café Conillon,EUNAPOLIS,Tipo 7/8,sc 60 kg,"177,00",177.0,Café Conillon,10
2007-05-31,Café Conillon,EUNAPOLIS,Tipo 7,sc 60 kg,"180,00",180.0,Café Conillon,10
2007-05-31,Café Conillon,EUNAPOLIS,Tipo 7/8,sc 60 kg,"177,00",177.0,Café Conillon,10
2007-06-01,Café Conillon,EUNAPOLIS,Tipo 7,sc 60 kg,"180,00",180.0,Café Conillon,10
2007-06-01,Café Conillon,EUNAPOLIS,Tipo 7/8,sc 60 kg,"177,00",177.0,Café Conillon,10
2007-06-04,Café Conillon,EUNAPOLIS,Tipo 7,sc 60 kg,"185,00",185.0,Café Conillon,10
2007-06-04,Café Conillon,EUNAPOLIS,Tipo 7/8,sc 60 kg,"182,00",182.0,Café Conillon,10
2007-06-05,Café Conillon,EUNAPOLIS,Tipo 7,sc 60 kg,"185,00",185.0,Café Conillon,10
2007-06-05,Café Conillon,EUNAPOLIS,Tipo 7/8,sc 60 kg,"182,00",182.0,Café Conillon,10
2007-06-06,Café Conillon,EUNAPOLIS,Tipo 7,sc 60 kg,"185,00",185.0,Café Conillon,10
2007-06-06,Café Conillon,EUNAPOLIS,Tipo 7/8,sc 60 kg,"182,00",182.0,Café Conillon,10
2007-06-11,Café Conillon,EUNAPOLIS,Tipo 7,sc 60 kg,"190,00",190.0,Café Conillon,10
2007-06-11,Café Conillon,EUNAPOLIS,Tipo 7/8,sc 60 kg,"187,00",187.0,Café Conillon,10
2007-06-12,Café Conillon,EUNAPOLIS,Tipo 7,sc 60 kg,"190,00",190.0,Café Conillon,10
2007-06-12,Café Conillon,EUNAPOLIS,Tipo 7/8,sc 60 kg,"187,00",187.0,Café Conillon,10
2007-06-13,Café Conillon,EUNAPOLIS,Tipo 7,sc 60 kg,"190,00",190.0,Café Conillon,10
2007-06-13,Café Conillon,EUNAPOLIS,Tipo 7/8,sc 60 kg,"187,00",187.0,Café Conillon,10
2007-06-14,Café Conillon,EUNAPOLIS,Tipo 7,sc 60 kg,"190,00",190.0,Café Conillon,10
2007-06-14,Café Conillon,EUNAPOLIS,Tipo 7/8,sc 60 kg,"187,00",187.0,Café Conillon,10
2007-06-15,Café Conillon,EUNAPOLIS,Tipo 7,sc 60 kg,"190,00",190.0,Café Conillon,10
2007-06-15,Café Conillon,EUNAPOLIS,Tipo 7/8,sc 60 kg,"187,00",187.0,Café Conillon,10
2007-06-18,Café Conillon,EUNAPOLIS,Tipo 7,sc 60 kg,"190,00",190.0,Café Conillon,10
2007-06-18,Café Conillon,EUNAPOLIS,Tipo 7/8,sc 60 kg,"187,00",187.0,Café Conillon,10
2007-06-19,Café Conillon,EUNAPOLIS,Tipo 7,sc 60 kg,"190,00",190.0,Café Conillon,10
2007-06-19,Café Conillon,EUNAPOLIS,Tipo 7/8,sc 60 kg,"187,00",187.0,Café Conillon,10
2007-06-20,Café Conillon,EUNAPOLIS,Tipo 7,sc 60 kg,"190,00",190.0,Café Conillon,10
2007-06-20,Café Conillon,EUNAPOLIS,Tipo 7/8,sc 60 kg,"187,00",187.0,Café Conillon,10
2007-06-21,Café Conillon,EUNAPOLIS,Tipo 7,sc 60 kg,"190,00",190.0,Café Conillon,10
2007-06-21,Café Conillon,EUNAPOLIS,Tipo 7/8,sc 60 kg,"187,00",187.0,Café Conillon,10
2007-06-25,Café Conillon,EUNAPOLIS,Tipo 7,sc 60 kg,"190,00",190.0,Café Conillon,10
2007-06-25,Café Conillon,EUNAPOLIS,Tipo 7/8,sc 60 kg,"187,00",187.0,Café Conillon,10
2007-06-26,Café Conillon,EUNAPOLIS,Tipo 7,sc 60 kg,"190,00",190.0,Café Conillon,10
2007-06-26,Café Conillon,EUNAPOLIS,Tipo 7/8,sc 60 kg,"187,00",187.0,Café Conillon,10
2007-06-27,Café Conillon,EUNAPOLIS,Tipo 7,sc 60 kg,"190,00",190.0,Café Conillon,10
2007-06-27,Café Conillon,EUNAPOLIS,Tipo 7/8,sc 60 kg,"187,00",187.0,Café Conillon,10
2007-06-28,Café Conillon,EUNAPOLIS,Tipo 7,sc 60 kg,"190,00",190.0,Café Conillon,10
2007-06-28,Café Conillon,EUNAPOLIS,Tipo 7/8,sc 60 kg,"187,00",187.0,Café Conillon,10
2007-06-29,Café Conillon,EUNAPOLIS,Tipo 7,sc 60 kg,"190,00",190.0,Café Conillon,10
2007-06-29,Café Conillon,EUNAPOLIS,Tipo 7/8,sc 60 kg,"187,00",187.0,Café Conillon,10
2007-07-03,Café Conillon,EUNAPOLIS,Tipo 7,sc 60 kg,"190,00",190.0,Café Conillon,10
2007-07-03,Café Conillon,EUNAPOLIS,Tipo 7/8,sc 60 kg,"187,00",187.0,Café Conillon,10
2007-07-04,Café Conillon,EUNAPOLIS,Tipo 7,sc 60 kg,"190,00",190.0,Café Conillon,10
2007-07-04,Café Conillon,EUNAPOLIS,Tipo 7/8,sc 60 kg,"187,00",187.0,Café Conillon,10
2007-07-05,Café Conillon,EUNAPOLIS,Tipo 7,sc 60 kg,"190,00",190.0,Café Conillon,10
2007-07-05,Café Conillon,EUNAPOLIS,Tipo 7/8,sc 60 kg,"187,00",187.0,Café Conillon,10
2007-07-06,Café Conillon,EUNAPOLIS,Tipo 7,sc 60 kg,"190,00",190.0,Café Conillon,10
2007-07-06,Café Conillon,EUNAPOLIS,Tipo 7/8,sc 60 kg,"187,00",187.0,Café Conillon,10
2007-07-09,Café Conillon,EUNAPOLIS,Tipo 7,sc 60 kg,"190,00",190.0,Café Conillon,10
2007-07-09,Café Conillon,EUNAPOLIS,Tipo 7/8,sc 60 kg,"187,00",187.0,Café Conillon,10
2007-07-10,Café Conillon,EUNAPOLIS,Tipo 7,sc 60 kg,"190,00",190.0,Café Conillon,10
2007-07-10,Café Conillon,EUNAPOLIS,Tipo 7/8,sc 60 kg,"187,00",187.0,Café Conillon,10
2007-07-11,Café Conillon,EUNAPOLIS,Tipo 7,sc 60 kg,"190,00",190.0,Café Conillon,10
2007-07-11,Café Conillon,EUNAPOLIS,Tipo 7/8,sc 60 kg,"187,00",187.0,Café Conillon,10
2007-07-12,Café Conillon,EUNAPOLIS,Tipo 7,sc 60 kg,"190,00",190.0,Café Conillon,10
2007-07-12,Café Conillon,EUNAPOLIS,Tipo 7/8,sc 60 kg,"187,00",187.0,Café Conillon,10
2007-07-13,Café Conillon,EUNAPOLIS,Tipo 7,sc 60 kg,"190,00",190.0,Café Conillon,10
2007-07-13,Café Conillon,EUNAPOLIS,Tipo 7/8,sc 60 kg,"187,00",187.0,Café Conillon,10
2007-07-16,Café Conillon,EUNAPOLIS,Tipo 7,sc 60 kg,"190,00",190.0,Café Conillon,10
2007-07-16,Café Conillon,EUNAPOLIS,Tipo 7/8,sc 60 kg,"187,00",187.0,Café Conillon,10
2007-07-17,Café Conillon,EUNAPOLIS,Tipo 7,sc 60 kg,"190,00",190.0,Café Conillon,10
2007-07-17,Café Conillon,EUNAPOLIS,Tipo 7/8,sc 60 kg,"187,00",187.0,Café Conillon,10
2007-07-18,Café Conillon,EUNAPOLIS,Tipo 7,sc 60 kg,"190,00",190.0,Café Conillon,10
2007-07-18,Café Conillon,EUNAPOLIS,Tipo 7/8,sc 60 kg,"187,00",187.0,Café Conillon,10
2007-07-19,Café Conillon,EUNAPOLIS,Tipo 7,sc 60 kg,"190,00",190.0,Café Conillon,10
2007-07-19,Café Conillon,EUNAPOLIS,Tipo 7/8,sc 60 kg,"187,00",187.0,Café Conillon,10
2007-07-20,Café Conillon,EUNAPOLIS,Tipo 7,sc 60 kg,"190,00",190.0,Café Conillon,10
2007-07-20,Café Conillon,EUNAPOLIS,Tipo 7/8,sc 60 kg,"187,00",187.0,Café Conillon,10
2007-07-23,Café Conillon,EUNAPOLIS,Tipo 7,sc 60 kg,"185,00",185.0,Café Conillon,10
2007-07-23,Café Conillon,EUNAPOLIS,Tipo 7/8,sc 60 kg,"182,00",182.0,Café Conillon,10
2007-07-24,Café Conillon,EUNAPOLIS,Tipo 7,sc 60 kg,"185,00",185.0,Café Conillon,10
2007-07-24,Café Conillon,EUNAPOLIS,Tipo 7/8,sc 60 kg,"182,00",182.0,Café Conillon,10
2007-07-25,Café Conillon,EUNAPOLIS,Tipo 7,sc 60 kg,"185,00",185.0,Café Conillon,10
2007-07-25,Café Conillon,EUNAPOLIS,Tipo 7/8,sc 60 kg,"182,00",182.0,Café Conillon,10
2007-07-26,Café Conillon,EUNAPOLIS,Tipo 7,sc 60 kg,"185,00",185.0,Café Conillon,10
2007-07-26,Café Conillon,EUNAPOLIS,Tipo 7/8,sc 60 kg,"182,00",182.0,Café Conillon,10
2007-07-27,Café Conillon,EUNAPOLIS,Tipo 7,sc 60 kg,"185,00",185.0,Café Conillon,10
2007-07-27,Café Conillon,EUNAPOLIS,Tipo 7/8,sc 60 kg,"182,00",182.0,Café Conillon,10
2007-07-30,Café Conillon,EUNAPOLIS,Tipo 7,sc 60 kg,"185,00",185.0,Café Conillon,10
2007-07-30,Café Conillon,EUNAPOLIS,Tipo 7/8,sc 60 kg,"182,00",182.0,Café Conillon,10
2007-07-31,Café Conillon,EUNAPOLIS,Tipo 7,sc 60 kg,"185,00",185.0,Café Conillon,10
2007-07-31,Café Conillon,EUNAPOLIS,Tipo 7/8,sc 60 kg,"182,00",182.0,Café Conillon,10
2007-08-01,Café Conillon,EUNAPOLIS,Tipo 7,sc 60 kg,"185,00",185.0,Café Conillon,10
2007-08-01,Café Conillon,EUNAPOLIS,Tipo 7/8,sc 60 kg,"182,00",182.0,Café Conillon,10
2007-08-02,Café Conillon,EUNAPOLIS,Tipo 7,sc 60 kg,"185,00",185.0,Café Conillon,10
2007-08-02,Café Conillon,EUNAPOLIS,Tipo 7/8,sc 60 kg,"182,00",182.0,Café Conillon,10
2007-08-03,Café Conillon,EUNAPOLIS,Tipo 7,sc 60 kg,"185,00",185.0,Café Conillon,10
2007-08-03,Café Conillon,EUNAPOLIS,Tipo 7/8,sc 60 kg,"182,00",182.0,Café Conillon,10
2007-08-06,Café Conillon,EUNAPOLIS,Tipo 7,sc 60 kg,"185,00",185.0,Café Conillon,10
2007-08-06,Café Conillon,EUNAPOLIS,Tipo 7/8,sc 60 kg,"182,00",182.0,Café Conillon,10
2007-08-07,Café Conillon,EUNAPOLIS,Tipo 7,sc 60 kg,"185,00",185.0,Café Conillon,10
2007-08-07,Café Conillon,EUNAPOLIS,Tipo 7/8,sc 60 kg,"182,00",182.0,Café Conillon,10
2007-08-08,Café Conillon,EUNAPOLIS,Tipo 7,sc 60 kg,"190,00",190.0,Café Conillon,10
2007-08-08,Café Conillon,EUNAPOLIS,Tipo 7/8,sc 60 kg,"187,00",187.0,Café Conillon,10
2007-08-09,Café Conillon,EUNAPOLIS,Tipo 7,sc 60 kg,"190,00",190.0,Café Conillon,10
2007-08-09,Café Conillon,EUNAPOLIS,Tipo 7/8,sc 60 kg,"187,00",187.0,Café Conillon,10
2007-08-10,Café Conillon,EUNAPOLIS,Tipo 7,sc 60 kg,"190,00",190.0,Café Conillon,10
2007-08-10,Café Conillon,EUNAPOLIS,Tipo 7/8,sc 60 kg,"187,00",187.0,Café Conillon,10
2007-08-13,Café Conillon,EUNAPOLIS,Tipo 7,sc 60 kg,"190,00",190.0,Café Conillon,10
2007-08-13,Café Conillon,EUNAPOLIS,Tipo 7/8,sc 60 kg,"187,00",187.0,Café Conillon,10
2007-08-14,Café Conillon,EUNAPOLIS,Tipo 7,sc 60 kg,"190,00",190.0,Café Conillon,10
2007-08-14,Café Conillon,EUNAPOLIS,Tipo 7/8,sc 60 kg,"187,00",187.0,Café Conillon,10
2007-08-15,Café Conillon,EUNAPOLIS,Tipo 7,sc 60 kg,"190,00",190.0,Café Conillon,10
2007-08-15,Café Conillon,EUNAPOLIS,Tipo 7/8,sc 60 kg,"187,00",187.0,Café Conillon,10
2007-08-16,Café Conillon,EUNAPOLIS,Tipo 7,sc 60 kg,"190,00",190.0,Café Conillon,10
2007-08-16,Café Conillon,EUNAPOLIS,Tipo 7/8,sc 60 kg,"187,00",187.0,Café Conillon,10
2007-08-17,Café Conillon,EUNAPOLIS,Tipo 7,sc 60 kg,"185,00",185.0,Café Conillon,10
2007-08-17,Café Conillon,EUNAPOLIS,Tipo 7/8,sc 60 kg,"182,00",182.0,Café Conillon,10
2007-08-20,Café Conillon,EUNAPOLIS,Tipo 7,sc 60 kg,"185,00",185.0,Café Conillon,10
2007-08-20,Café Conillon,EUNAPOLIS,Tipo 7/8,sc 60 kg,"182,00",182.0,Café Conillon,10
2007-08-21,Café Conillon,EUNAPOLIS,Tipo 7,sc 60 kg,"185,00",185.0,Café Conillon,10
2007-08-21,Café Conillon,EUNAPOLIS,Tipo 7/8,sc 60 kg,"182,00",182.0,Café Conillon,10
2007-08-22,Café Conillon,EUNAPOLIS,Tipo 7,sc 60 kg,"185,00",185.0,Café Conillon,10
2007-08-22,Café Conillon,EUNAPOLIS,Tipo 7/8,sc 60 kg,"182,00",182.0,Café Conillon,10
2007-08-23,Café Conillon,EUNAPOLIS,Tipo 7,sc 60 kg,"185,00",185.0,Café Conillon,10
2007-08-23,Café Conillon,EUNAPOLIS,Tipo 7/8,sc 60 kg,"182,00",182.0,Café Conillon,10
2007-08-24,Café Conillon,EUNAPOLIS,Tipo 7,sc 60 kg,"185,00",185.0,Café Conillon,10
2007-08-24,Café Conillon,EUNAPOLIS,Tipo 7/8,sc 60 kg,"182,00",182.0,Café Conillon,10
2007-08-27,Café Conillon,EUNAPOLIS,Tipo 7,sc 60 kg,"185,00",185.0,Café Conillon,10
2007-08-27,Café Conillon,EUNAPOLIS,Tipo 7/8,sc 60 kg,"182,00",182.0,Café Conillon,10
2007-08-28,Café Conillon,EUNAPOLIS,Tipo 7,sc 60 kg,"185,00",185.0,Café Conillon,10
2007-08-28,Café Conillon,EUNAPOLIS,Tipo 7/8,sc 60 kg,"182,00",182.0,Café Conillon,10
2007-08-29,Café Conillon,EUNAPOLIS,Tipo 7,sc 60 kg,"190,00",190.0,Café Conillon,10
2007-08-29,Café Conillon,EUNAPOLIS,Tipo 7/8,sc 60 kg,"187,00",187.0,Café Conillon,10
2007-08-30,Café Conillon,EUNAPOLIS,Tipo 7,sc 60 kg,"190,00",190.0,Café Conillon,10
2007-08-30,Café Conillon,EUNAPOLIS,Tipo 7/8,sc 60 kg,"187,00",187.0,Café Conillon,10
2007-08-31,Café Conillon,EUNAPOLIS,Tipo 7,sc 60 kg,"190,00",190.0,Café Conillon,10
2007-08-31,Café Conillon,EUNAPOLIS,Tipo 7/8,sc 60 kg,"187,00",187.0,Café Conillon,10
2007-09-03,Café Conillon,EUNAPOLIS,Tipo 7,sc 60 kg,"190,00",190.0,Café Conillon,10
2007-09-03,Café Conillon,EUNAPOLIS,Tipo 7/8,sc 60 kg,"187,00",187.0,Café Conillon,10
2007-09-04,Café Conillon,EUNAPOLIS,Tipo 7,sc 60 kg,"190,00",190.0,Café Conillon,10
2007-09-04,Café Conillon,EUNAPOLIS,Tipo 7/8,sc 60 kg,"187,00",187.0,Café Conillon,10
2007-09-05,Café Conillon,EUNAPOLIS,Tipo 7,sc 60 kg,"190,00",190.0,Café Conillon,10
2007-09-05,Café Conillon,EUNAPOLIS,Tipo 7/8,sc 60 kg,"187,00",187.0,Café Conillon,10
2007-09-06,Café Conillon,EUNAPOLIS,Tipo 7,sc 60 kg,"190,00",190.0,Café Conillon,10
2007-09-06,Café Conillon,EUNAPOLIS,Tipo 7/8,sc 60 kg,"187,00",187.0,Café Conillon,10
2007-09-10,Café Conillon,EUNAPOLIS,Tipo 7,sc 60 kg,"190,00",190.0,Café Conillon,10
2007-09-10,Café Conillon,EUNAPOLIS,Tipo 7/8,sc 60 kg,"187,00",187.0,Café Conillon,10
2007-09-11,Café Conillon,EUNAPOLIS,Tipo 7,sc 60 kg,"190,00",190.0,Café Conillon,10
2007-09-11,Café Conillon,EUNAPOLIS,Tipo 7/8,sc 60 kg,"187,00",187.0,Café Conillon,10
2007-09-12,Café Conillon,EUNAPOLIS,Tipo 7,sc 60 kg,"192,00",192.0,Café Conillon,10
2007-09-12,Café Conillon,EUNAPOLIS,Tipo 7/8,sc 60 kg,"189,00",189.0,Café Conillon,10
2007-09-13,Café Conillon,EUNAPOLIS,Tipo 7,sc 60 kg,"192,00",192.0,Café Conillon,10
2007-09-13,Café Conillon,EUNAPOLIS,Tipo 7/8,sc 60 kg,"189,00",189.0,Café Conillon,10
2007-09-14,Café Conillon,EUNAPOLIS,Tipo 7,sc 60 kg,"192,00",192.0,Café Conillon,10
2007-09-14,Café Conillon,EUNAPOLIS,Tipo 7/8,sc 60 kg,"189,00",189.0,Café Conillon,10
2007-09-17,Café Conillon,EUNAPOLIS,Tipo 7,sc 60 kg,"192,00",192.0,Café Conillon,10
2007-09-17,Café Conillon,EUNAPOLIS,Tipo 7/8,sc 60 kg,"189,00",189.0,Café Conillon,10
2007-09-18,Café Conillon,EUNAPOLIS,Tipo 7,sc 60 kg,"192,00",192.0,Café Conillon,10
2007-09-18,Café Conillon,EUNAPOLIS,Tipo 7/8,sc 60 kg,"189,00",189.0,Café Conillon,10
2007-09-19,Café Conillon,EUNAPOLIS,Tipo 7,sc 60 kg,"195,00",195.0,Café Conillon,10
2007-09-19,Café Conillon,EUNAPOLIS,Tipo 7/8,sc 60 kg,"192,00",192.0,Café Conillon,10
2007-09-20,Café Conillon,EUNAPOLIS,Tipo 7,sc 60 kg,"195,00",195.0,Café Conillon,10
2007-09-20,Café Conillon,EUNAPOLIS,Tipo 7/8,sc 60 kg,"192,00",192.0,Café Conillon,10
2007-09-21,Café Conillon,EUNAPOLIS,Tipo 7,sc 60 kg,"195,00",195.0,Café Conillon,10
2007-09-21,Café Conillon,EUNAPOLIS,Tipo 7/8,sc 60 kg,"192,00",192.0,Café Conillon,10
2007-09-24,Café Conillon,EUNAPOLIS,Tipo 7,sc 60 kg,"195,00",195.0,Café Conillon,10
2007-09-24,Café Conillon,EUNAPOLIS,Tipo 7/8,sc 60 kg,"192,00",192.0,Café Conillon,10
2007-09-25,Café Conillon,EUNAPOLIS,Tipo 7,sc 60 kg,"195,00",195.0,Café Conillon,10
2007-09-25,Café Conillon,EUNAPOLIS,Tipo 7/8,sc 60 kg,"192,00",192.0,Café Conillon,10
2007-09-26,Café Conillon,EUNAPOLIS,Tipo 7,sc 60 kg,"195,00",195.0,Café Conillon,10
2007-09-26,Café Conillon,EUNAPOLIS,Tipo 7/8,sc 60 kg,"192,00",192.0,Café Conillon,10
2007-09-27,Café Conillon,EUNAPOLIS,Tipo 7,sc 60 kg,"195,00",195.0,Café Conillon,10
2007-09-27,Café Conillon,EUNAPOLIS,Tipo 7/8,sc 60 kg,"192,00",192.0,Café Conillon,10
2007-09-28,Café Conillon,EUNAPOLIS,Tipo 7,sc 60 kg,"195,00",195.0,Café Conillon,10
2007-09-28,Café Conillon,EUNAPOLIS,Tipo 7/8,sc 60 kg,"192,00",192.0,Café Conillon,10
2007-10-01,Café Conillon,EUNAPOLIS,Tipo 7,sc 60 kg,"192,00",192.0,Café Conillon,10
2007-10-01,Café Conillon,EUNAPOLIS,Tipo 7/8,sc 60 kg,"189,00",189.0,Café Conillon,10
2007-10-02,Café Conillon,EUNAPOLIS,Tipo 7,sc 60 kg,"192,00",192.0,Café Conillon,10
2007-10-02,Café Conillon,EUNAPOLIS,Tipo 7/8,sc 60 kg,"189,00",189.0,Café Conillon,10
2007-10-03,Café Conillon,EUNAPOLIS,Tipo 7,sc 60 kg,"192,00",192.0,Café Conillon,10
2007-10-03,Café Conillon,EUNAPOLIS,Tipo 7/8,sc 60 kg,"189,00",189.0,Café Conillon,10
2007-10-04,Café Conillon,EUNAPOLIS,Tipo 7,sc 60 kg,"192,00",192.0,Café Conillon,10
2007-10-04,Café Conillon,EUNAPOLIS,Tipo 7/8,sc 60 kg,"189,00",189.0,Café Conillon,10
2007-10-05,Café Conillon,EUNAPOLIS,Tipo 7,sc 60 kg,"192,00",192.0,Café Conillon,10
2007-10-05,Café Conillon,EUNAPOLIS,Tipo 7,sc 60 kg,"189,00",189.0,Café Conillon,10
2007-10-08,Café Conillon,EUNAPOLIS,Tipo 7,sc 60 kg,"189,00",189.0,Café Conillon,10
2007-10-08,Café Conillon,EUNAPOLIS,Tipo 7/8,sc 60 kg,"192,00",192.0,Café Conillon,10
2007-10-09,Café Conillon,EUNAPOLIS,Tipo 7,sc 60 kg,"189,00",189.0,Café Conillon,10
2007-10-09,Café Conillon,EUNAPOLIS,Tipo 7/8,sc 60 kg,"192,00",192.0,Café Conillon,10
2007-10-10,Café Conillon,EUNAPOLIS,Tipo 7,sc 60 kg,"189,00",189.0,Café Conillon,10
2007-10-10,Café Conillon,EUNAPOLIS,Tipo 7/8,sc 60 kg,"192,00",192.0,Café Conillon,10
2007-10-11,Café Conillon,EUNAPOLIS,Tipo 7,sc 60 kg,"189,00",189.0,Café Conillon,10
2007-10-11,Café Conillon,EUNAPOLIS,Tipo 7/8,sc 60 kg,"192,00",192.0,Café Conillon,10
2007-10-15,Café Conillon,EUNAPOLIS,Tipo 7,sc 60 kg,"189,00",189.0,Café Conillon,10
2007-10-15,Café Conillon,EUNAPOLIS,Tipo 7/8,sc 60 kg,"192,00",192.0,Café Conillon,10
2007-10-16,Café Conillon,EUNAPOLIS,Tipo 7,sc 60 kg,"189,00",189.0,Café Conillon,10
2007-10-16,Café Conillon,EUNAPOLIS,Tipo 7/8,sc 60 kg,"192,00",192.0,Café Conillon,10
2007-10-17,Café Conillon,EUNAPOLIS,Tipo 7,sc 60 kg,"189,00",189.0,Café Conillon,10
2007-10-17,Café Conillon,EUNAPOLIS,Tipo 7/8,sc 60 kg,"192,00",192.0,Café Conillon,10
2007-10-18,Café Conillon,EUNAPOLIS,Tipo 7,sc 60 kg,"189,00",189.0,Café Conillon,10
2007-10-18,Café Conillon,EUNAPOLIS,Tipo 7/8,sc 60 kg,"192,00",192.0,Café Conillon,10
2007-10-19,Café Conillon,EUNAPOLIS,Tipo 7,sc 60 kg,"189,00",189.0,Café Conillon,10
2007-10-19,Café Conillon,EUNAPOLIS,Tipo 7/8,sc 60 kg,"192,00",192.0,Café Conillon,10
2007-10-22,Café Conillon,EUNAPOLIS,Tipo 7,sc 60 kg,"189,00",189.0,Café Conillon,10
2007-10-22,Café Conillon,EUNAPOLIS,Tipo 7/8,sc 60 kg,"192,00",192.0,Café Conillon,10
2007-10-23,Café Conillon,EUNAPOLIS,Tipo 7,sc 60 kg,"189,00",189.0,Café Conillon,10
2007-10-23,Café Conillon,EUNAPOLIS,Tipo 7/8,sc 60 kg,"192,00",192.0,Café Conillon,10
2007-10-24,Café Conillon,EUNAPOLIS,Tipo 7,sc 60 kg,"189,00",189.0,Café Conillon,10
2007-10-24,Café Conillon,EUNAPOLIS,Tipo 7/8,sc 60 kg,"192,00",192.0,Café Conillon,10
2007-10-25,Café Conillon,EUNAPOLIS,Tipo 7,sc 60 kg,"189,00",189.0,Café Conillon,10
2007-10-25,Café Conillon,EUNAPOLIS,Tipo 7/8,sc 60 kg,"192,00",192.0,Café Conillon,10
2007-10-26,Café Conillon,EUNAPOLIS,Tipo 7,sc 60 kg,"189,00",189.0,Café Conillon,10
2007-10-26,Café Conillon,EUNAPOLIS,Tipo 7/8,sc 60 kg,"192,00",192.0,Café Conillon,10
2007-10-29,Café Conillon,EUNAPOLIS,Tipo 7,sc 60 kg,"189,00",189.0,Café Conillon,10
2007-10-29,Café Conillon,EUNAPOLIS,Tipo 7/8,sc 60 kg,"192,00",192.0,Café Conillon,10
2007-10-30,Café Conillon,EUNAPOLIS,Tipo 7,sc 60 kg,"189,00",189.0,Café Conillon,10
2007-10-30,Café Conillon,EUNAPOLIS,Tipo 7/8,sc 60 kg,"192,00",192.0,Café Conillon,10
2007-10-31,Café Conillon,EUNAPOLIS,Tipo 7,sc 60 kg,"189,00",189.0,Café Conillon,10
2007-10-31,Café Conillon,EUNAPOLIS,Tipo 7/8,sc 60 kg,"192,00",192.0,Café Conillon,10
2007-11-01,Café Conillon,EUNAPOLIS,Tipo 7,sc 60 kg,"189,00",189.0,Café Conillon,10
2007-11-01,Café Conillon,EUNAPOLIS,Tipo 7/8,sc 60 kg,"192,00",192.0,Café Conillon,10
2007-11-05,Café Conillon,EUNAPOLIS,Tipo 7,sc 60 kg,"192,00",192.0,Café Conillon,10
2007-11-05,Café Conillon,EUNAPOLIS,Tipo 7/8,sc 60 kg,"195,00",195.0,Café Conillon,10
2007-11-06,Café Conillon,EUNAPOLIS,Tipo 7,sc 60 kg,"192,00",192.0,Café Conillon,10
2007-11-06,Café Conillon,EUNAPOLIS,Tipo 7/8,sc 60 kg,"195,00",195.0,Café Conillon,10
2007-11-07,Café Conillon,EUNAPOLIS,Tipo 7,sc 60 kg,"192,00",192.0,Café Conillon,10
2007-11-07,Café Conillon,EUNAPOLIS,Tipo 7/8,sc 60 kg,"195,00",195.0,Café Conillon,10
2007-11-08,Café Conillon,EUNAPOLIS,Tipo 7,sc 60 kg,"192,00",192.0,Café Conillon,10
2007-11-08,Café Conillon,EUNAPOLIS,Tipo 7/8,sc 60 kg,"195,00",195.0,Café Conillon,10
2007-11-09,Café Conillon,EUNAPOLIS,Tipo 7,sc 60 kg,"192,00",192.0,Café Conillon,10
2007-11-09,Café Conillon,EUNAPOLIS,Tipo 7/8,sc 60 kg,"195,00",195.0,Café Conillon,10
2007-11-12,Café Conillon,EUNAPOLIS,Tipo 7,sc 60 kg,"192,00",192.0,Café Conillon,10
2007-11-12,Café Conillon,EUNAPOLIS,Tipo 7/8,sc 60 kg,"195,00",195.0,Café Conillon,10
2007-11-13,Café Conillon,EUNAPOLIS,Tipo 7,sc 60 kg,"192,00",192.0,Café Conillon,10
2007-11-13,Café Conillon,EUNAPOLIS,Tipo 7/8,sc 60 kg,"195,00",195.0,Café Conillon,10
2007-11-14,Café Conillon,EUNAPOLIS,Tipo 7,sc 60 kg,"192,00",192.0,Café Conillon,10
2007-11-14,Café Conillon,EUNAPOLIS,Tipo 7/8,sc 60 kg,"195,00",195.0,Café Conillon,10
2007-11-15,Café Conillon,EUNAPOLIS,Tipo 7,sc 60 kg,"192,00",192.0,Café Conillon,10
2007-11-15,Café Conillon,EUNAPOLIS,Tipo 7/8,sc 60 kg,"195,00",195.0,Café Conillon,10
2007-11-16,Café Conillon,EUNAPOLIS,Tipo 7,sc 60 kg,"192,00",192.0,Café Conillon,10
2007-11-16,Café Conillon,EUNAPOLIS,Tipo 7/8,sc 60 kg,"195,00",195.0,Café Conillon,10
2007-11-19,Café Conillon,EUNAPOLIS,Tipo 7,sc 60 kg,"192,00",192.0,Café Conillon,10
2007-11-19,Café Conillon,EUNAPOLIS,Tipo 7/8,sc 60 kg,"195,00",195.0,Café Conillon,10
2007-11-20,Café Conillon,EUNAPOLIS,Tipo 7,sc 60 kg,"192,00",192.0,Café Conillon,10
2007-11-20,Café Conillon,EUNAPOLIS,Tipo 7/8,sc 60 kg,"195,00",195.0,Café Conillon,10
2007-11-21,Café Conillon,EUNAPOLIS,Tipo 7,sc 60 kg,"192,00",192.0,Café Conillon,10
2007-11-21,Café Conillon,EUNAPOLIS,Tipo 7/8,sc 60 kg,"195,00",195.0,Café Conillon,10
2007-11-22,Café Conillon,EUNAPOLIS,Tipo 7,sc 60 kg,"192,00",192.0,Café Conillon,10
2007-11-22,Café Conillon,EUNAPOLIS,Tipo 7/8,sc 60 kg,"195,00",195.0,Café Conillon,10
2007-11-23,Café Conillon,EUNAPOLIS,Tipo 7,sc 60 kg,"187,00",187.0,Café Conillon,10
2007-11-23,Café Conillon,EUNAPOLIS,Tipo 7/8,sc 60 kg,"190,00",190.0,Café Conillon,10
2007-11-26,Café Conillon,EUNAPOLIS,Tipo 7,sc 60 kg,"187,00",187.0,Café Conillon,10
2007-11-26,Café Conillon,EUNAPOLIS,Tipo 7/8,sc 60 kg,"190,00",190.0,Café Conillon,10
2007-11-27,Café Conillon,EUNAPOLIS,Tipo 7,sc 60 kg,"187,00",187.0,Café Conillon,10
2007-11-27,Café Conillon,EUNAPOLIS,Tipo 7/8,sc 60 kg,"190,00",190.0,Café Conillon,10
2007-11-28,Café Conillon,EUNAPOLIS,Tipo 7,sc 60 kg,"187,00",187.0,Café Conillon,10
2007-11-28,Café Conillon,EUNAPOLIS,Tipo 7/8,sc 60 kg,"190,00",190.0,Café Conillon,10
2007-11-29,Café Conillon,EUNAPOLIS,Tipo 7,sc 60 kg,"187,00",187.0,Café Conillon,10
2007-11-29,Café Conillon,EUNAPOLIS,Tipo 7/8,sc 60 kg,"190,00",190.0,Café Conillon,10
2007-11-30,Café Conillon,EUNAPOLIS,Tipo 7,sc 60 kg,"187,00",187.0,Café Conillon,10
2007-11-30,Café Conillon,EUNAPOLIS,Tipo 7/8,sc 60 kg,"190,00",190.0,Café Conillon,10
2007-12-03,Café Conillon,EUNAPOLIS,Tipo 7,sc 60 kg,"187,00",187.0,Café Conillon,10
2007-12-03,Café Conillon,EUNAPOLIS,Tipo 7/8,sc 60 kg,"190,00",190.0,Café Conillon,10
2007-12-04,Café Conillon,EUNAPOLIS,Tipo 7,sc 60 kg,"187,00",187.0,Café Conillon,10
2007-12-04,Café Conillon,EUNAPOLIS,Tipo 7/8,sc 60 kg,"190,00",190.0,Café Conillon,10
2007-12-05,Café Conillon,EUNAPOLIS,Tipo 7,sc 60 kg,"187,00",187.0,Café Conillon,10
2007-12-05,Café Conillon,EUNAPOLIS,Tipo 7/8,sc 60 kg,"190,00",190.0,Café Conillon,10
2007-12-06,Café Conillon,EUNAPOLIS,Tipo 7,sc 60 kg,"187,00",187.0,Café Conillon,10
2007-12-06,Café Conillon,EUNAPOLIS,Tipo 7/8,sc 60 kg,"190,00",190.0,Café Conillon,10
2007-12-07,Café Conillon,EUNAPOLIS,Tipo 7,sc 60 kg,"190,00",190.0,Café Conillon,10
2007-12-07,Café Conillon,EUNAPOLIS,Tipo 7/8,sc 60 kg,"193,00",193.0,Café Conillon,10
2007-12-10,Café Conillon,EUNAPOLIS,Tipo 7,sc 60 kg,"190,00",190.0,Café Conillon,10
2007-12-10,Café Conillon,EUNAPOLIS,Tipo 7/8,sc 60 kg,"193,00",193.0,Café Conillon,10
2007-12-11,Café Conillon,EUNAPOLIS,Tipo 7,sc 60 kg,"190,00",190.0,Café Conillon,10
2007-12-11,Café Conillon,EUNAPOLIS,Tipo 7/8,sc 60 kg,"193,00",193.0,Café Conillon,10
2007-12-12,Café Conillon,EUNAPOLIS,Tipo 7,sc 60 kg,"190,00",190.0,Café Conillon,10
2007-12-12,Café Conillon,EUNAPOLIS,Tipo 7/8,sc 60 kg,"193,00",193.0,Café Conillon,10
2007-12-13,Café Conillon,EUNAPOLIS,Tipo 7,sc 60 kg,"190,00",190.0,Café Conillon,10
2007-12-13,Café Conillon,EUNAPOLIS,Tipo 7/8,sc 60 kg,"193,00",193.0,Café Conillon,10
2007-12-14,Café Conillon,EUNAPOLIS,Tipo 7,sc 60 kg,"190,00",190.0,Café Conillon,10
2007-12-14,Café Conillon,EUNAPOLIS,Tipo 7/8,sc 60 kg,"193,00",193.0,Café Conillon,10
2007-12-17,Café Conillon,EUNAPOLIS,Tipo 7,sc 60 kg,"190,00",190.0,Café Conillon,10
2007-12-17,Café Conillon,EUNAPOLIS,Tipo 7/8,sc 60 kg,"193,00",193.0,Café Conillon,10
2007-12-18,Café Conillon,EUNAPOLIS,Tipo 7,sc 60 kg,"190,00",190.0,Café Conillon,10
2007-12-18,Café Conillon,EUNAPOLIS,Tipo 7/8,sc 60 kg,"193,00",193.0,Café Conillon,10
2007-12-19,Café Conillon,EUNAPOLIS,Tipo 7,sc 60 kg,"190,00",190.0,Café Conillon,10
2007-12-19,Café Conillon,EUNAPOLIS,Tipo 7/8,sc 60 kg,"193,00",193.0,Café Conillon,10
2007-12-20,Café Conillon,EUNAPOLIS,Tipo 7,sc 60 kg,"190,00",190.0,Café Conillon,10
2007-12-20,Café Conillon,EUNAPOLIS,Tipo 7/8,sc 60 kg,"193,00",193.0,Café Conillon,10
2007-12-21,Café Conillon,EUNAPOLIS,Tipo 7,sc 60 kg,"190,00",190.0,Café Conillon,10
2007-12-21,Café Conillon,EUNAPOLIS,Tipo 7/8,sc 60 kg,"193,00",193.0,Café Conillon,10
2007-12-26,Café Conillon,EUNAPOLIS,Tipo 7,sc 60 kg,"190,00",190.0,Café Conillon,10
2007-12-26,Café Conillon,EUNAPOLIS,Tipo 7/8,sc 60 kg,"193,00",193.0,Café Conillon,10
2007-12-27,Café Conillon,EUNAPOLIS,Tipo 7,sc 60 kg,"190,00",190.0,Café Conillon,10
2007-12-27,Café Conillon,EUNAPOLIS,Tipo 7/8,sc 60 kg,"193,00",193.0,Café Conillon,10
2007-12-28,Café Conillon,EUNAPOLIS,Tipo 7,sc 60 kg,"190,00",190.0,Café Conillon,10
2007-12-28,Café Conillon,EUNAPOLIS,Tipo 7/8,sc 60 kg,"193,00",193.0,Café Conillon,10
2008-01-02,Café Conillon,EUNAPOLIS,Tipo 7,sc 60 kg,"190,00",190.0,Café Conillon,10
2008-01-02,Café Conillon,EUNAPOLIS,Tipo 7/8,sc 60 kg,"193,00",193.0,Café Conillon,10
2008-01-03,Café Conillon,EUNAPOLIS,Tipo 7,sc 60 kg,"190,00",190.0,Café Conillon,10
2008-01-03,Café Conillon,EUNAPOLIS,Tipo 7/8,sc 60 kg,"193,00",193.0,Café Conillon,10
2008-01-04,Café Conillon,EUNAPOLIS,Tipo 7,sc 60 kg,"190,00",190.0,Café Conillon,10
2008-01-04,Café Conillon,EUNAPOLIS,Tipo 7/8,sc 60 kg,"193,00",193.0,Café Conillon,10
2008-01-07,Café Conillon,EUNAPOLIS,Tipo 7,sc 60 kg,"190,00",190.0,Café Conillon,10
2008-01-07,Café Conillon,EUNAPOLIS,Tipo 7/8,sc 60 kg,"193,00",193.0,Café Conillon,10
2008-01-08,Café Conillon,EUNAPOLIS,Tipo 7,sc 60 kg,"190,00",190.0,Café Conillon,10
2008-01-08,Café Conillon,EUNAPOLIS,Tipo 7/8,sc 60 kg,"193,00",193.0,Café Conillon,10
2008-01-09,Café Conillon,EUNAPOLIS,Tipo 7,sc 60 kg,"190,00",190.0,Café Conillon,10
2008-01-09,Café Conillon,EUNAPOLIS,Tipo 7/8,sc 60 kg,"193,00",193.0,Café Conillon,10
2008-01-10,Café Conillon,EUNAPOLIS,Tipo 7,sc 60 kg,"190,00",190.0,Café Conillon,10
2008-01-10,Café Conillon,EUNAPOLIS,Tipo 7/8,sc 60 kg,"193,00",193.0,Café Conillon,10
2008-01-11,Café Conillon,EUNAPOLIS,Tipo 7,sc 60 kg,"192,00",192.0,Café Conillon,10
2008-01-11,Café Conillon,EUNAPOLIS,Tipo 7/8,sc 60 kg,"195,00",195.0,Café Conillon,10
2008-01-14,Café Conillon,EUNAPOLIS,Tipo 7,sc 60 kg,"192,00",192.0,Café Conillon,10
2008-01-14,Café Conillon,EUNAPOLIS,Tipo 7/8,sc 60 kg,"195,00",195.0,Café Conillon,10
2008-01-15,Café Conillon,EUNAPOLIS,Tipo 7,sc 60 kg,"192,00",192.0,Café Conillon,10
2008-01-15,Café Conillon,EUNAPOLIS,Tipo 7/8,sc 60 kg,"195,00",195.0,Café Conillon,10
2008-01-16,Café Conillon,EUNAPOLIS,Tipo 7,sc 60 kg,"192,00",192.0,Café Conillon,10
2008-01-16,Café Conillon,EUNAPOLIS,Tipo 7/8,sc 60 kg,"195,00",195.0,Café Conillon,10
2008-01-17,Café Conillon,EUNAPOLIS,Tipo 7,sc 60 kg,"192,00",192.0,Café Conillon,10
2008-01-17,Café Conillon,EUNAPOLIS,Tipo 7/8,sc 60 kg,"195,00",195.0,Café Conillon,10
2008-01-18,Café Conillon,EUNAPOLIS,Tipo 7,sc 60 kg,"192,00",192.0,Café Conillon,10
2008-01-18,Café Conillon,EUNAPOLIS,Tipo 7/8,sc 60 kg,"195,00",195.0,Café Conillon,10
2008-01-21,Café Conillon,EUNAPOLIS,Tipo 7,sc 60 kg,"192,00",192.0,Café Conillon,10
2008-01-21,Café Conillon,EUNAPOLIS,Tipo 7/8,sc 60 kg,"195,00",195.0,Café Conillon,10
2008-01-22,Café Conillon,EUNAPOLIS,Tipo 7,sc 60 kg,"192,00",192.0,Café Conillon,10
2008-01-22,Café Conillon,EUNAPOLIS,Tipo 7/8,sc 60 kg,"195,00",195.0,Café Conillon,10
2008-01-23,Café Conillon,EUNAPOLIS,Tipo 7,sc 60 kg,"192,00",192.0,Café Conillon,10
2008-01-23,Café Conillon,EUNAPOLIS,Tipo 7/8,sc 60 kg,"195,00",195.0,Café Conillon,10
2008-01-24,Café Conillon,EUNAPOLIS,Tipo 7,sc 60 kg,"192,00",192.0,Café Conillon,10
2008-01-24,Café Conillon,EUNAPOLIS,Tipo 7/8,sc 60 kg,"195,00",195.0,Café Conillon,10
2008-01-25,Café Conillon,EUNAPOLIS,Tipo 7,sc 60 kg,"189,00",189.0,Café Conillon,10
2008-01-25,Café Conillon,EUNAPOLIS,Tipo 7/8,sc 60 kg,"192,00",192.0,Café Conillon,10
2008-01-28,Café Conillon,EUNAPOLIS,Tipo 7,sc 60 kg,"189,00",189.0,Café Conillon,10
2008-01-28,Café Conillon,EUNAPOLIS,Tipo 7/8,sc 60 kg,"192,00",192.0,Café Conillon,10
2008-01-29,Café Conillon,EUNAPOLIS,Tipo 7,sc 60 kg,"189,00",189.0,Café Conillon,10
2008-01-29,Café Conillon,EUNAPOLIS,Tipo 7/8,sc 60 kg,"192,00",192.0,Café Conillon,10
2008-01-30,Café Conillon,EUNAPOLIS,Tipo 7,sc 60 kg,"189,00",189.0,Café Conillon,10
2008-01-30,Café Conillon,EUNAPOLIS,Tipo 7/8,sc 60 kg,"192,00",192.0,Café Conillon,10
2008-02-07,Café Conillon,EUNAPOLIS,Tipo 7,sc 60 kg,"189,00",189.0,Café Conillon,10
2008-02-07,Café Conillon,EUNAPOLIS,Tipo 7/8,sc 60 kg,"192,00",192.0,Café Conillon,10
2008-02-08,Café Conillon,EUNAPOLIS,Tipo 7,sc 60 kg,"192,00",192.0,Café Conillon,10
2008-02-08,Café Conillon,EUNAPOLIS,Tipo 7/8,sc 60 kg,"195,00",195.0,Café Conillon,10
2008-02-11,Café Conillon,EUNAPOLIS,Tipo 7,sc 60 kg,"192,00",192.0,Café Conillon,10
2008-02-11,Café Conillon,EUNAPOLIS,Tipo 7/8,sc 60 kg,"195,00",195.0,Café Conillon,10
2008-02-12,Café Conillon,EUNAPOLIS,Tipo 7,sc 60 kg,"192,00",192.0,Café Conillon,10
2008-02-12,Café Conillon,EUNAPOLIS,Tipo 7/8,sc 60 kg,"195,00",195.0,Café Conillon,10
2008-02-13,Café Conillon,EUNAPOLIS,Tipo 7,sc 60 kg,"197,00",197.0,Café Conillon,10
2008-02-13,Café Conillon,EUNAPOLIS,Tipo 7/8,sc 60 kg,"200,00",200.0,Café Conillon,10
2008-02-14,Café Conillon,EUNAPOLIS,Tipo 7,sc 60 kg,"197,00",197.0,Café Conillon,10
2008-02-14,Café Conillon,EUNAPOLIS,Tipo 7/8,sc 60 kg,"200,00",200.0,Café Conillon,10
2008-02-15,Café Conillon,EUNAPOLIS,Tipo 7,sc 60 kg,"197,00",197.0,Café Conillon,10
2008-02-15,Café Conillon,EUNAPOLIS,Tipo 7/8,sc 60 kg,"200,00",200.0,Café Conillon,10
2008-02-18,Café Conillon,EUNAPOLIS,Tipo 7,sc 60 kg,"200,00",200.0,Café Conillon,10
2008-02-18,Café Conillon,EUNAPOLIS,Tipo 7/8,sc 60 kg,"203,00",203.0,Café Conillon,10
2008-02-19,Café Conillon,EUNAPOLIS,Tipo 7,sc 60 kg,"200,00",200.0,Café Conillon,10
2008-02-19,Café Conillon,EUNAPOLIS,Tipo 7/8,sc 60 kg,"203,00",203.0,Café Conillon,10
2008-02-20,Café Conillon,EUNAPOLIS,Tipo 7,sc 60 kg,"202,00",202.0,Café Conillon,10
2008-02-20,Café Conillon,EUNAPOLIS,Tipo 7/8,sc 60 kg,"205,00",205.0,Café Conillon,10
2008-02-21,Café Conillon,EUNAPOLIS,Tipo 7,sc 60 kg,"202,00",202.0,Café Conillon,10
2008-02-21,Café Conillon,EUNAPOLIS,Tipo 7/8,sc 60 kg,"205,00",205.0,Café Conillon,10
2008-02-22,Café Conillon,EUNAPOLIS,Tipo 7,sc 60 kg,"202,00",202.0,Café Conillon,10
2008-02-22,Café Conillon,EUNAPOLIS,Tipo 7/8,sc 60 kg,"205,00",205.0,Café Conillon,10
2008-02-25,Café Conillon,EUNAPOLIS,Tipo 7,sc 60 kg,"207,00",207.0,Café Conillon,10
2008-02-25,Café Conillon,EUNAPOLIS,Tipo 7/8,sc 60 kg,"210,00",210.0,Café Conillon,10
2008-02-26,Café Conillon,EUNAPOLIS,Tipo 7,sc 60 kg,"207,00",207.0,Café Conillon,10
2008-02-26,Café Conillon,EUNAPOLIS,Tipo 7/8,sc 60 kg,"210,00",210.0,Café Conillon,10
2008-02-27,Café Conillon,EUNAPOLIS,Tipo 7,sc 60 kg,"207,00",207.0,Café Conillon,10
2008-02-27,Café Conillon,EUNAPOLIS,Tipo 7/8,sc 60 kg,"210,00",210.0,Café Conillon,10
2008-02-28,Café Conillon,EUNAPOLIS,Tipo 7,sc 60 kg,"207,00",207.0,Café Conillon,10
2008-02-28,Café Conillon,EUNAPOLIS,Tipo 7/8,sc 60 kg,"210,00",210.0,Café Conillon,10
2008-02-29,Café Conillon,EUNAPOLIS,Tipo 7,sc 60 kg,"212,00",212.0,Café Conillon,10
2008-02-29,Café Conillon,EUNAPOLIS,Tipo 7/8,sc 60 kg,"215,00",215.0,Café Conillon,10
2008-03-03,Café Conillon,EUNAPOLIS,Tipo 7,sc 60 kg,"212,00",212.0,Café Conillon,10
2008-03-03,Café Conillon,EUNAPOLIS,Tipo 7/8,sc 60 kg,"215,00",215.0,Café Conillon,10
2008-03-04,Café Conillon,EUNAPOLIS,Tipo 7,sc 60 kg,"212,00",212.0,Café Conillon,10
2008-03-04,Café Conillon,EUNAPOLIS,Tipo 7/8,sc 60 kg,"215,00",215.0,Café Conillon,10
2008-03-05,Café Conillon,EUNAPOLIS,Tipo 7,sc 60 kg,"212,00",212.0,Café Conillon,10
2008-03-05,Café Conillon,EUNAPOLIS,Tipo 7/8,sc 60 kg,"215,00",215.0,Café Conillon,10
2008-03-06,Café Conillon,EUNAPOLIS,Tipo 7,sc 60 kg,"212,00",212.0,Café Conillon,10
2008-03-06,Café Conillon,EUNAPOLIS,Tipo 7/8,sc 60 kg,"215,00",215.0,Café Conillon,10
2008-03-07,Café Conillon,EUNAPOLIS,Tipo 7,sc 60 kg,"202,00",202.0,Café Conillon,10
2008-03-07,Café Conillon,EUNAPOLIS,Tipo 7/8,sc 60 kg,"205,00",205.0,Café Conillon,10
2008-03-10,Café Conillon,EUNAPOLIS,Tipo 7,sc 60 kg,"197,00",197.0,Café Conillon,10
2008-03-10,Café Conillon,EUNAPOLIS,Tipo 7/8,sc 60 kg,"200,00",200.0,Café Conillon,10
2008-03-11,Café Conillon,EUNAPOLIS,Tipo 7,sc 60 kg,"197,00",197.0,Café Conillon,10
2008-03-11,Café Conillon,EUNAPOLIS,Tipo 7/8,sc 60 kg,"200,00",200.0,Café Conillon,10
2008-03-12,Café Conillon,EUNAPOLIS,Tipo 7,sc 60 kg,"202,00",202.0,Café Conillon,10
2008-03-12,Café Conillon,EUNAPOLIS,Tipo 7/8,sc 60 kg,"205,00",205.0,Café Conillon,10
2008-03-13,Café Conillon,EUNAPOLIS,Tipo 7,sc 60 kg,"202,00",202.0,Café Conillon,10
2008-03-13,Café Conillon,EUNAPOLIS,Tipo 7/8,sc 60 kg,"205,00",205.0,Café Conillon,10
2008-03-14,Café Conillon,EUNAPOLIS,Tipo 7,sc 60 kg,"207,00",207.0,Café Conillon,10
2008-03-14,Café Conillon,EUNAPOLIS,Tipo 7/8,sc 60 kg,"210,00",210.0,Café Conillon,10
2008-03-17,Café Conillon,EUNAPOLIS,Tipo 7,sc 60 kg,"207,00",207.0,Café Conillon,10
2008-03-17,Café Conillon,EUNAPOLIS,Tipo 7/8,sc 60 kg,"210,00",210.0,Café Conillon,10
2008-03-18,Café Conillon,EUNAPOLIS,Tipo 7,sc 60 kg,"207,00",207.0,Café Conillon,10
2008-03-18,Café Conillon,EUNAPOLIS,Tipo 7/8,sc 60 kg,"210,00",210.0,Café Conillon,10
2008-03-19,Café Conillon,EUNAPOLIS,Tipo 7,sc 60 kg,"202,00",202.0,Café Conillon,10
2008-03-19,Café Conillon,EUNAPOLIS,Tipo 7/8,sc 60 kg,"205,00",205.0,Café Conillon,10
2008-03-24,Café Conillon,EUNAPOLIS,Tipo 7,sc 60 kg,"202,00",202.0,Café Conillon,10
2008-03-24,Café Conillon,EUNAPOLIS,Tipo 7/8,sc 60 kg,"205,00",205.0,Café Conillon,10
2008-03-25,Café Conillon,EUNAPOLIS,Tipo 7,sc 60 kg,"202,00",202.0,Café Conillon,10
2008-03-25,Café Conillon,EUNAPOLIS,Tipo 7/8,sc 60 kg,"205,00",205.0,Café Conillon,10
2008-03-26,Café Conillon,EUNAPOLIS,Tipo 7,sc 60 kg,"207,00",207.0,Café Conillon,10
2008-03-26,Café Conillon,EUNAPOLIS,Tipo 7/8,sc 60 kg,"210,00",210.0,Café Conillon,10
2008-03-27,Café Conillon,EUNAPOLIS,Tipo 7,sc 60 kg,"207,00",207.0,Café Conillon,10
2008-03-27,Café Conillon,EUNAPOLIS,Tipo 7/8,sc 60 kg,"210,00",210.0,Café Conillon,10
2008-03-28,Café Conillon,EUNAPOLIS,Tipo 7,sc 60 kg,"207,00",207.0,Café Conillon,10
2008-03-28,Café Conillon,EUNAPOLIS,Tipo 7/8,sc 60 kg,"210,00",210.0,Café Conillon,10
2008-03-31,Café Conillon,EUNAPOLIS,Tipo 7,sc 60 kg,"207,00",207.0,Café Conillon,10
2008-03-31,Café Conillon,EUNAPOLIS,Tipo 7/8,sc 60 kg,"210,00",210.0,Café Conillon,10
2008-04-01,Café Conillon,EUNAPOLIS,Tipo 7,sc 60 kg,"207,00",207.0,Café Conillon,10
2008-04-01,Café Conillon,EUNAPOLIS,Tipo 7/8,sc 60 kg,"210,00",210.0,Café Conillon,10
2008-04-02,Café Conillon,EUNAPOLIS,Tipo 7,sc 60 kg,"202,00",202.0,Café Conillon,10
2008-04-02,Café Conillon,EUNAPOLIS,Tipo 7/8,sc 60 kg,"205,00",205.0,Café Conillon,10
2008-04-03,Café Conillon,EUNAPOLIS,Tipo 7,sc 60 kg,"202,00",202.0,Café Conillon,10
2008-04-03,Café Conillon,EUNAPOLIS,Tipo 7/8,sc 60 kg,"205,00",205.0,Café Conillon,10
2008-04-04,Café Conillon,EUNAPOLIS,Tipo 7,sc 60 kg,"202,00",202.0,Café Conillon,10
2008-04-04,Café Conillon,EUNAPOLIS,Tipo 7/8,sc 60 kg,"205,00",205.0,Café Conillon,10
2008-04-07,Café Conillon,EUNAPOLIS,Tipo 7,sc 60 kg,"202,00",202.0,Café Conillon,10
2008-04-07,Café Conillon,EUNAPOLIS,Tipo 7/8,sc 60 kg,"205,00",205.0,Café Conillon,10
2008-04-08,Café Conillon,EUNAPOLIS,Tipo 7,sc 60 kg,"202,00",202.0,Café Conillon,10
2008-04-08,Café Conillon,EUNAPOLIS,Tipo 7/8,sc 60 kg,"205,00",205.0,Café Conillon,10
2008-04-09,Café Conillon,EUNAPOLIS,Tipo 7,sc 60 kg,"202,00",202.0,Café Conillon,10
2008-04-09,Café Conillon,EUNAPOLIS,Tipo 7/8,sc 60 kg,"205,00",205.0,Café Conillon,10
2008-04-10,Café Conillon,EUNAPOLIS,Tipo 7,sc 60 kg,"202,00",202.0,Café Conillon,10
2008-04-10,Café Conillon,EUNAPOLIS,Tipo 7/8,sc 60 kg,"205,00",205.0,Café Conillon,10
2008-04-11,Café Conillon,EUNAPOLIS,Tipo 7,sc 60 kg,"207,00",207.0,Café Conillon,10
2008-04-11,Café Conillon,EUNAPOLIS,Tipo 7/8,sc 60 kg,"210,00",210.0,Café Conillon,10
2008-04-14,Café Conillon,EUNAPOLIS,Tipo 7,sc 60 kg,"207,00",207.0,Café Conillon,10
2008-04-14,Café Conillon,EUNAPOLIS,Tipo 7/8,sc 60 kg,"210,00",210.0,Café Conillon,10
2008-04-15,Café Conillon,EUNAPOLIS,Tipo 7,sc 60 kg,"207,00",207.0,Café Conillon,10
2008-04-15,Café Conillon,EUNAPOLIS,Tipo 7/8,sc 60 kg,"210,00",210.0,Café Conillon,10
2008-04-16,Café Conillon,EUNAPOLIS,Tipo 7,sc 60 kg,"207,00",207.0,Café Conillon,10
2008-04-16,Café Conillon,EUNAPOLIS,Tipo 7/8,sc 60 kg,"210,00",210.0,Café Conillon,10
2008-04-17,Café Conillon,EUNAPOLIS,Tipo 7,sc 60 kg,"207,00",207.0,Café Conillon,10
2008-04-17,Café Conillon,EUNAPOLIS,Tipo 7/8,sc 60 kg,"210,00",210.0,Café Conillon,10
2008-04-18,Café Conillon,EUNAPOLIS,Tipo 7,sc 60 kg,"207,00",207.0,Café Conillon,10
2008-04-18,Café Conillon,EUNAPOLIS,Tipo 7/8,sc 60 kg,"210,00",210.0,Café Conillon,10
2008-04-22,Café Conillon,EUNAPOLIS,Tipo 7,sc 60 kg,"207,00",207.0,Café Conillon,10
2008-04-22,Café Conillon,EUNAPOLIS,Tipo 7/8,sc 60 kg,"210,00",210.0,Café Conillon,10
2008-04-23,Café Conillon,EUNAPOLIS,Tipo 7,sc 60 kg,"202,00",202.0,Café Conillon,10
2008-04-23,Café Conillon,EUNAPOLIS,Tipo 7/8,sc 60 kg,"205,00",205.0,Café Conillon,10
2008-04-24,Café Conillon,EUNAPOLIS,Tipo 7,sc 60 kg,"202,00",202.0,Café Conillon,10
2008-04-24,Café Conillon,EUNAPOLIS,Tipo 7/8,sc 60 kg,"205,00",205.0,Café Conillon,10
2008-04-25,Café Conillon,EUNAPOLIS,Tipo 7,sc 60 kg,"202,00",202.0,Café Conillon,10
2008-04-25,Café Conillon,EUNAPOLIS,Tipo 7/8,sc 60 kg,"205,00",205.0,Café Conillon,10
2008-04-28,Café Conillon,EUNAPOLIS,Tipo 7,sc 60 kg,"202,00",202.0,Café Conillon,10
2008-04-28,Café Conillon,EUNAPOLIS,Tipo 7/8,sc 60 kg,"205,00",205.0,Café Conillon,10
2008-04-29,Café Conillon,EUNAPOLIS,Tipo 7,sc 60 kg,"202,00",202.0,Café Conillon,10
2008-04-29,Café Conillon,EUNAPOLIS,Tipo 7/8,sc 60 kg,"205,00",205.0,Café Conillon,10
2008-04-30,Café Conillon,EUNAPOLIS,Tipo 7,sc 60 kg,"194,00",194.0,Café Conillon,10
2008-04-30,Café Conillon,EUNAPOLIS,Tipo 7/8,sc 60 kg,"197,00",197.0,Café Conillon,10
2008-05-05,Café Conillon,EUNAPOLIS,Tipo 7,sc 60 kg,"194,00",194.0,Café Conillon,10
2008-05-05,Café Conillon,EUNAPOLIS,Tipo 7/8,sc 60 kg,"197,00",197.0,Café Conillon,10
2008-05-06,Café Conillon,EUNAPOLIS,Tipo 7,sc 60 kg,"194,00",194.0,Café Conillon,10
2008-05-06,Café Conillon,EUNAPOLIS,Tipo 7/8,sc 60 kg,"197,00",197.0,Café Conillon,10
2008-05-07,Café Conillon,EUNAPOLIS,Tipo 7,sc 60 kg,"187,00",187.0,Café Conillon,10
2008-05-07,Café Conillon,EUNAPOLIS,Tipo 7/8,sc 60 kg,"190,00",190.0,Café Conillon,10
2008-05-08,Café Conillon,EUNAPOLIS,Tipo 7,sc 60 kg,"187,00",187.0,Café Conillon,10
2008-05-08,Café Conillon,EUNAPOLIS,Tipo 7/8,sc 60 kg,"190,00",190.0,Café Conillon,10
2008-05-09,Café Conillon,EUNAPOLIS,Tipo 7,sc 60 kg,"187,00",187.0,Café Conillon,10
2008-05-09,Café Conillon,EUNAPOLIS,Tipo 7/8,sc 60 kg,"190,00",190.0,Café Conillon,10
2008-05-12,Café Conillon,EUNAPOLIS,Tipo 7,sc 60 kg,"187,00",187.0,Café Conillon,10
2008-05-12,Café Conillon,EUNAPOLIS,Tipo 7/8,sc 60 kg,"190,00",190.0,Café Conillon,10
2008-05-13,Café Conillon,EUNAPOLIS,Tipo 7,sc 60 kg,"187,00",187.0,Café Conillon,10
2008-05-13,Café Conillon,EUNAPOLIS,Tipo 7/8,sc 60 kg,"190,00",190.0,Café Conillon,10
2008-05-14,Café Conillon,EUNAPOLIS,Tipo 7,sc 60 kg,"187,00",187.0,Café Conillon,10
2008-05-14,Café Conillon,EUNAPOLIS,Tipo 7/8,sc 60 kg,"190,00",190.0,Café Conillon,10
2008-05-15,Café Conillon,EUNAPOLIS,Tipo 7,sc 60 kg,"187,00",187.0,Café Conillon,10
2008-05-15,Café Conillon,EUNAPOLIS,Tipo 7/8,sc 60 kg,"190,00",190.0,Café Conillon,10
2008-05-16,Café Conillon,EUNAPOLIS,Tipo 7,sc 60 kg,"192,00",192.0,Café Conillon,10
2008-05-16,Café Conillon,EUNAPOLIS,Tipo 7/8,sc 60 kg,"195,00",195.0,Café Conillon,10
2008-05-19,Café Conillon,EUNAPOLIS,Tipo 7,sc 60 kg,"192,00",192.0,Café Conillon,10
2008-05-19,Café Conillon,EUNAPOLIS,Tipo 7/8,sc 60 kg,"195,00",195.0,Café Conillon,10
2008-05-20,Café Conillon,EUNAPOLIS,Tipo 7,sc 60 kg,"192,00",192.0,Café Conillon,10
2008-05-20,Café Conillon,EUNAPOLIS,Tipo 7/8,sc 60 kg,"195,00",195.0,Café Conillon,10
2008-05-21,Café Conillon,EUNAPOLIS,Tipo 7,sc 60 kg,"192,00",192.0,Café Conillon,10
2008-05-21,Café Conillon,EUNAPOLIS,Tipo 7/8,sc 60 kg,"195,00",195.0,Café Conillon,10
2008-05-26,Café Conillon,EUNAPOLIS,Tipo 7,sc 60 kg,"192,00",192.0,Café Conillon,10
2008-05-26,Café Conillon,EUNAPOLIS,Tipo 7/8,sc 60 kg,"195,00",195.0,Café Conillon,10
2008-05-27,Café Conillon,EUNAPOLIS,Tipo 7,sc 60 kg,"192,00",192.0,Café Conillon,10
2008-05-27,Café Conillon,EUNAPOLIS,Tipo 7/8,sc 60 kg,"195,00",195.0,Café Conillon,10
2008-05-28,Café Conillon,EUNAPOLIS,Tipo 7,sc 60 kg,"197,00",197.0,Café Conillon,10
2008-05-28,Café Conillon,EUNAPOLIS,Tipo 7/8,sc 60 kg,"200,00",200.0,Café Conillon,10
2008-05-29,Café Conillon,EUNAPOLIS,Tipo 7,sc 60 kg,"197,00",197.0,Café Conillon,10
2008-05-29,Café Conillon,EUNAPOLIS,Tipo 7/8,sc 60 kg,"200,00",200.0,Café Conillon,10
2008-05-30,Café Conillon,EUNAPOLIS,Tipo 7,sc 60 kg,"197,00",197.0,Café Conillon,10
2008-05-30,Café Conillon,EUNAPOLIS,Tipo 7/8,sc 60 kg,"200,00",200.0,Café Conillon,10
2008-06-02,Café Conillon,EUNAPOLIS,Tipo 7,sc 60 kg,"197,00",197.0,Café Conillon,10
2008-06-02,Café Conillon,EUNAPOLIS,Tipo 7/8,sc 60 kg,"200,00",200.0,Café Conillon,10
2008-06-03,Café Conillon,EUNAPOLIS,Tipo 7,sc 60 kg,"197,00",197.0,Café Conillon,10
2008-06-03,Café Conillon,EUNAPOLIS,Tipo 7/8,sc 60 kg,"200,00",200.0,Café Conillon,10
2008-06-04,Café Conillon,EUNAPOLIS,Tipo 7,sc 60 kg,"197,00",197.0,Café Conillon,10
2008-06-04,Café Conillon,EUNAPOLIS,Tipo 7/8,sc 60 kg,"200,00",200.0,Café Conillon,10
2008-06-05,Café Conillon,EUNAPOLIS,Tipo 7,sc 60 kg,"197,00",197.0,Café Conillon,10
2008-06-05,Café Conillon,EUNAPOLIS,Tipo 7/8,sc 60 kg,"200,00",200.0,Café Conillon,10
2008-06-06,Café Conillon,EUNAPOLIS,Tipo 7,sc 60 kg,"197,00",197.0,Café Conillon,10
2008-06-06,Café Conillon,EUNAPOLIS,Tipo 7/8,sc 60 kg,"200,00",200.0,Café Conillon,10
2008-06-09,Café Conillon,EUNAPOLIS,Tipo 7,sc 60 kg,"197,00",197.0,Café Conillon,10
2008-06-09,Café Conillon,EUNAPOLIS,Tipo 7/8,sc 60 kg,"200,00",200.0,Café Conillon,10
2008-06-10,Café Conillon,EUNAPOLIS,Tipo 7,sc 60 kg,"197,00",197.0,Café Conillon,10
2008-06-10,Café Conillon,EUNAPOLIS,Tipo 7/8,sc 60 kg,"200,00",200.0,Café Conillon,10
2008-06-11,Café Conillon,EUNAPOLIS,Tipo 7,sc 60 kg,"197,00",197.0,Café Conillon,10
2008-06-11,Café Conillon,EUNAPOLIS,Tipo 7/8,sc 60 kg,"200,00",200.0,Café Conillon,10
2008-06-12,Café Conillon,EUNAPOLIS,Tipo 7,sc 60 kg,"197,00",197.0,Café Conillon,10
2008-06-12,Café Conillon,EUNAPOLIS,Tipo 7/8,sc 60 kg,"200,00",200.0,Café Conillon,10
2008-06-13,Café Conillon,EUNAPOLIS,Tipo 7,sc 60 kg,"197,00",197.0,Café Conillon,10
2008-06-13,Café Conillon,EUNAPOLIS,Tipo 7/8,sc 60 kg,"200,00",200.0,Café Conillon,10
2008-06-16,Café Conillon,EUNAPOLIS,Tipo 7,sc 60 kg,"197,00",197.0,Café Conillon,10
2008-06-16,Café Conillon,EUNAPOLIS,Tipo 7/8,sc 60 kg,"200,00",200.0,Café Conillon,10
2008-06-17,Café Conillon,EUNAPOLIS,Tipo 7,sc 60 kg,"197,00",197.0,Café Conillon,10
2008-06-17,Café Conillon,EUNAPOLIS,Tipo 7/8,sc 60 kg,"200,00",200.0,Café Conillon,10
2008-06-18,Café Conillon,EUNAPOLIS,Tipo 7,sc 60 kg,"197,00",197.0,Café Conillon,10
2008-06-18,Café Conillon,EUNAPOLIS,Tipo 7/8,sc 60 kg,"200,00",200.0,Café Conillon,10
2008-06-19,Café Conillon,EUNAPOLIS,Tipo 7,sc 60 kg,"197,00",197.0,Café Conillon,10
2008-06-19,Café Conillon,EUNAPOLIS,Tipo 7/8,sc 60 kg,"200,00",200.0,Café Conillon,10
2008-06-20,Café Conillon,EUNAPOLIS,Tipo 7,sc 60 kg,"197,00",197.0,Café Conillon,10
2008-06-20,Café Conillon,EUNAPOLIS,Tipo 7/8,sc 60 kg,"200,00",200.0,Café Conillon,10
2008-06-25,Café Conillon,EUNAPOLIS,Tipo 7,sc 60 kg,"197,00",197.0,Café Conillon,10
2008-06-25,Café Conillon,EUNAPOLIS,Tipo 7/8,sc 60 kg,"200,00",200.0,Café Conillon,10
2008-06-26,Café Conillon,EUNAPOLIS,Tipo 7,sc 60 kg,"197,00",197.0,Café Conillon,10
2008-06-26,Café Conillon,EUNAPOLIS,Tipo 7/8,sc 60 kg,"200,00",200.0,Café Conillon,10
2008-06-27,Café Conillon,EUNAPOLIS,Tipo 7,sc 60 kg,"197,00",197.0,Café Conillon,10
2008-06-27,Café Conillon,EUNAPOLIS,Tipo 7/8,sc 60 kg,"200,00",200.0,Café Conillon,10
2008-06-30,Café Conillon,EUNAPOLIS,Tipo 7,sc 60 kg,"197,00",197.0,Café Conillon,10
2008-06-30,Café Conillon,EUNAPOLIS,Tipo 7/8,sc 60 kg,"200,00",200.0,Café Conillon,10
2008-07-01,Café Conillon,EUNAPOLIS,Tipo 7,sc 60 kg,"197,00",197.0,Café Conillon,10
2008-07-01,Café Conillon,EUNAPOLIS,Tipo 7/8,sc 60 kg,"200,00",200.0,Café Conillon,10
2008-07-03,Café Conillon,EUNAPOLIS,Tipo 7,sc 60 kg,"197,00",197.0,Café Conillon,10
2008-07-03,Café Conillon,EUNAPOLIS,Tipo 7/8,sc 60 kg,"200,00",200.0,Café Conillon,10
2008-07-04,Café Conillon,EUNAPOLIS,Tipo 7,sc 60 kg,"197,00",197.0,Café Conillon,10
2008-07-04,Café Conillon,EUNAPOLIS,Tipo 7/8,sc 60 kg,"200,00",200.0,Café Conillon,10
2008-07-07,Café Conillon,EUNAPOLIS,Tipo 7,sc 60 kg,"203,00",203.0,Café Conillon,10
2008-07-07,Café Conillon,EUNAPOLIS,Tipo 7/8,sc 60 kg,"205,00",205.0,Café Conillon,10
2008-07-08,Café Conillon,EUNAPOLIS,Tipo 7,sc 60 kg,"203,00",203.0,Café Conillon,10
2008-07-08,Café Conillon,EUNAPOLIS,Tipo 7/8,sc 60 kg,"205,00",205.0,Café Conillon,10
2008-07-09,Café Conillon,EUNAPOLIS,Tipo 7,sc 60 kg,"203,00",203.0,Café Conillon,10
2008-07-09,Café Conillon,EUNAPOLIS,Tipo 7/8,sc 60 kg,"205,00",205.0,Café Conillon,10
2008-07-10,Café Conillon,EUNAPOLIS,Tipo 7,sc 60 kg,"203,00",203.0,Café Conillon,10
2008-07-10,Café Conillon,EUNAPOLIS,Tipo 7/8,sc 60 kg,"205,00",205.0,Café Conillon,10
2008-07-11,Café Conillon,EUNAPOLIS,Tipo 7,sc 60 kg,"203,00",203.0,Café Conillon,10
2008-07-11,Café Conillon,EUNAPOLIS,Tipo 7/8,sc 60 kg,"205,00",205.0,Café Conillon,10
2008-07-14,Café Conillon,EUNAPOLIS,Tipo 7,sc 60 kg,"197,00",197.0,Café Conillon,10
2008-07-14,Café Conillon,EUNAPOLIS,Tipo 7/8,sc 60 kg,"200,00",200.0,Café Conillon,10
2008-07-15,Café Conillon,EUNAPOLIS,Tipo 7,sc 60 kg,"197,00",197.0,Café Conillon,10
2008-07-15,Café Conillon,EUNAPOLIS,Tipo 7/8,sc 60 kg,"200,00",200.0,Café Conillon,10
2008-07-16,Café Conillon,EUNAPOLIS,Tipo 7,sc 60 kg,"197,00",197.0,Café Conillon,10
2008-07-16,Café Conillon,EUNAPOLIS,Tipo 7/8,sc 60 kg,"200,00",200.0,Café Conillon,10
2008-07-17,Café Conillon,EUNAPOLIS,Tipo 7,sc 60 kg,"197,00",197.0,Café Conillon,10
2008-07-17,Café Conillon,EUNAPOLIS,Tipo 7/8,sc 60 kg,"200,00",200.0,Café Conillon,10
2008-07-18,Café Conillon,EUNAPOLIS,Tipo 7,sc 60 kg,"197,00",197.0,Café Conillon,10
2008-07-18,Café Conillon,EUNAPOLIS,Tipo 7/8,sc 60 kg,"200,00",200.0,Café Conillon,10
2008-07-21,Café Conillon,EUNAPOLIS,Tipo 7,sc 60 kg,"197,00",197.0,Café Conillon,10
2008-07-21,Café Conillon,EUNAPOLIS,Tipo 7/8,sc 60 kg,"200,00",200.0,Café Conillon,10
2008-07-22,Café Conillon,EUNAPOLIS,Tipo 7,sc 60 kg,"197,00",197.0,Café Conillon,10
2008-07-22,Café Conillon,EUNAPOLIS,Tipo 7/8,sc 60 kg,"200,00",200.0,Café Conillon,10
2008-07-23,Café Conillon,EUNAPOLIS,Tipo 7,sc 60 kg,"197,00",197.0,Café Conillon,10
2008-07-23,Café Conillon,EUNAPOLIS,Tipo 7/8,sc 60 kg,"200,00",200.0,Café Conillon,10
2008-07-24,Café Conillon,EUNAPOLIS,Tipo 7,sc 60 kg,"197,00",197.0,Café Conillon,10
2008-07-24,Café Conillon,EUNAPOLIS,Tipo 7/8,sc 60 kg,"200,00",200.0,Café Conillon,10
2008-07-25,Café Conillon,EUNAPOLIS,Tipo 7,sc 60 kg,"197,00",197.0,Café Conillon,10
2008-07-25,Café Conillon,EUNAPOLIS,Tipo 7/8,sc 60 kg,"200,00",200.0,Café Conillon,10
2008-07-28,Café Conillon,EUNAPOLIS,Tipo 7,sc 60 kg,"197,00",197.0,Café Conillon,10
2008-07-28,Café Conillon,EUNAPOLIS,Tipo 7/8,sc 60 kg,"200,00",200.0,Café Conillon,10
2008-07-29,Café Conillon,EUNAPOLIS,Tipo 7,sc 60 kg,"197,00",197.0,Café Conillon,10
2008-07-29,Café Conillon,EUNAPOLIS,Tipo 7/8,sc 60 kg,"200,00",200.0,Café Conillon,10
2008-07-30,Café Conillon,EUNAPOLIS,Tipo 7,sc 60 kg,"197,00",197.0,Café Conillon,10
2008-07-30,Café Conillon,EUNAPOLIS,Tipo 7/8,sc 60 kg,"200,00",200.0,Café Conillon,10
2008-07-31,Café Conillon,EUNAPOLIS,Tipo 7,sc 60 kg,"197,00",197.0,Café Conillon,10
2008-07-31,Café Conillon,EUNAPOLIS,Tipo 7/8,sc 60 kg,"200,00",200.0,Café Conillon,10
2008-08-01,Café Conillon,EUNAPOLIS,Tipo 7,sc 60 kg,"197,00",197.0,Café Conillon,10
2008-08-01,Café Conillon,EUNAPOLIS,Tipo 7/8,sc 60 kg,"200,00",200.0,Café Conillon,10
2008-08-04,Café Conillon,EUNAPOLIS,Tipo 7,sc 60 kg,"197,00",197.0,Café Conillon,10
2008-08-04,Café Conillon,EUNAPOLIS,Tipo 7/8,sc 60 kg,"200,00",200.0,Café Conillon,10
2008-08-05,Café Conillon,EUNAPOLIS,Tipo 7,sc 60 kg,"197,00",197.0,Café Conillon,10
2008-08-05,Café Conillon,EUNAPOLIS,Tipo 7/8,sc 60 kg,"200,00",200.0,Café Conillon,10
2008-08-06,Café Conillon,EUNAPOLIS,Tipo 7,sc 60 kg,"197,00",197.0,Café Conillon,10
2008-08-06,Café Conillon,EUNAPOLIS,Tipo 7/8,sc 60 kg,"200,00",200.0,Café Conillon,10
2008-08-07,Café Conillon,EUNAPOLIS,Tipo 7,sc 60 kg,"197,00",197.0,Café Conillon,10
2008-08-07,Café Conillon,EUNAPOLIS,Tipo 7/8,sc 60 kg,"200,00",200.0,Café Conillon,10
2008-08-08,Café Conillon,EUNAPOLIS,Tipo 7,sc 60 kg,"197,00",197.0,Café Conillon,10
2008-08-08,Café Conillon,EUNAPOLIS,Tipo 7/8,sc 60 kg,"200,00",200.0,Café Conillon,10
2008-08-11,Café Conillon,EUNAPOLIS,Tipo 7,sc 60 kg,"197,00",197.0,Café Conillon,10
2008-08-11,Café Conillon,EUNAPOLIS,Tipo 7/8,sc 60 kg,"200,00",200.0,Café Conillon,10
2008-08-12,Café Conillon,EUNAPOLIS,Tipo 7,sc 60 kg,"197,00",197.0,Café Conillon,10
2008-08-12,Café Conillon,EUNAPOLIS,Tipo 7/8,sc 60 kg,"200,00",200.0,Café Conillon,10
2008-08-13,Café Conillon,EUNAPOLIS,Tipo 7,sc 60 kg,"197,00",197.0,Café Conillon,10
2008-08-13,Café Conillon,EUNAPOLIS,Tipo 7/8,sc 60 kg,"200,00",200.0,Café Conillon,10
2008-08-14,Café Conillon,EUNAPOLIS,Tipo 7,sc 60 kg,"197,00",197.0,Café Conillon,10
2008-08-14,Café Conillon,EUNAPOLIS,Tipo 7/8,sc 60 kg,"200,00",200.0,Café Conillon,10
2008-08-15,Café Conillon,EUNAPOLIS,Tipo 7,sc 60 kg,"197,00",197.0,Café Conillon,10
2008-08-15,Café Conillon,EUNAPOLIS,Tipo 7/8,sc 60 kg,"200,00",200.0,Café Conillon,10
2008-08-18,Café Conillon,EUNAPOLIS,Tipo 7,sc 60 kg,"197,00",197.0,Café Conillon,10
2008-08-18,Café Conillon,EUNAPOLIS,Tipo 7/8,sc 60 kg,"200,00",200.0,Café Conillon,10
2008-08-19,Café Conillon,EUNAPOLIS,Tipo 7,sc 60 kg,"197,00",197.0,Café Conillon,10
2008-08-19,Café Conillon,EUNAPOLIS,Tipo 7/8,sc 60 kg,"200,00",200.0,Café Conillon,10
2008-08-20,Café Conillon,EUNAPOLIS,Tipo 7,sc 60 kg,"197,00",197.0,Café Conillon,10
2008-08-20,Café Conillon,EUNAPOLIS,Tipo 7/8,sc 60 kg,"200,00",200.0,Café Conillon,10
2008-08-21,Café Conillon,EUNAPOLIS,Tipo 7,sc 60 kg,"197,00",197.0,Café Conillon,10
2008-08-21,Café Conillon,EUNAPOLIS,Tipo 7/8,sc 60 kg,"200,00",200.0,Café Conillon,10
2008-08-22,Café Conillon,EUNAPOLIS,Tipo 7,sc 60 kg,"197,00",197.0,Café Conillon,10
2008-08-22,Café Conillon,EUNAPOLIS,Tipo 7/8,sc 60 kg,"200,00",200.0,Café Conillon,10
2008-08-25,Café Conillon,EUNAPOLIS,Tipo 7,sc 60 kg,"197,00",197.0,Café Conillon,10
2008-08-25,Café Conillon,EUNAPOLIS,Tipo 7/8,sc 60 kg,"200,00",200.0,Café Conillon,10
2008-08-26,Café Conillon,EUNAPOLIS,Tipo 7,sc 60 kg,"197,00",197.0,Café Conillon,10
2008-08-26,Café Conillon,EUNAPOLIS,Tipo 7/8,sc 60 kg,"200,00",200.0,Café Conillon,10
2008-08-27,Café Conillon,EUNAPOLIS,Tipo 7,sc 60 kg,"197,00",197.0,Café Conillon,10
2008-08-27,Café Conillon,EUNAPOLIS,Tipo 7/8,sc 60 kg,"200,00",200.0,Café Conillon,10
2008-08-28,Café Conillon,EUNAPOLIS,Tipo 7,sc 60 kg,"197,00",197.0,Café Conillon,10
2008-08-28,Café Conillon,EUNAPOLIS,Tipo 7/8,sc 60 kg,"200,00",200.0,Café Conillon,10
2008-08-29,Café Conillon,EUNAPOLIS,Tipo 7,sc 60 kg,"197,00",197.0,Café Conillon,10
2008-08-29,Café Conillon,EUNAPOLIS,Tipo 7/8,sc 60 kg,"200,00",200.0,Café Conillon,10
2008-09-01,Café Conillon,EUNAPOLIS,Tipo 7,sc 60 kg,"197,00",197.0,Café Conillon,10
2008-09-01,Café Conillon,EUNAPOLIS,Tipo 7/8,sc 60 kg,"200,00",200.0,Café Conillon,10
2008-09-02,Café Conillon,EUNAPOLIS,Tipo 7,sc 60 kg,"197,00",197.0,Café Conillon,10
2008-09-02,Café Conillon,EUNAPOLIS,Tipo 7/8,sc 60 kg,"200,00",200.0,Café Conillon,10
2008-09-03,Café Conillon,EUNAPOLIS,Tipo 7,sc 60 kg,"197,00",197.0,Café Conillon,10
2008-09-03,Café Conillon,EUNAPOLIS,Tipo 7/8,sc 60 kg,"200,00",200.0,Café Conillon,10
2008-09-04,Café Conillon,EUNAPOLIS,Tipo 7,sc 60 kg,"197,00",197.0,Café Conillon,10
2008-09-04,Café Conillon,EUNAPOLIS,Tipo 7/8,sc 60 kg,"200,00",200.0,Café Conillon,10
2008-09-05,Café Conillon,EUNAPOLIS,Tipo 7,sc 60 kg,"197,00",197.0,Café Conillon,10
2008-09-05,Café Conillon,EUNAPOLIS,Tipo 7/8,sc 60 kg,"200,00",200.0,Café Conillon,10
2008-09-08,Café Conillon,EUNAPOLIS,Tipo 7,sc 60 kg,"192,00",192.0,Café Conillon,10
2008-09-08,Café Conillon,EUNAPOLIS,Tipo 7/8,sc 60 kg,"195,00",195.0,Café Conillon,10
2008-09-09,Café Conillon,EUNAPOLIS,Tipo 7,sc 60 kg,"192,00",192.0,Café Conillon,10
2008-09-09,Café Conillon,EUNAPOLIS,Tipo 7/8,sc 60 kg,"195,00",195.0,Café Conillon,10
2008-09-10,Café Conillon,EUNAPOLIS,Tipo 7,sc 60 kg,"192,00",192.0,Café Conillon,10
2008-09-10,Café Conillon,EUNAPOLIS,Tipo 7/8,sc 60 kg,"195,00",195.0,Café Conillon,10
2008-09-11,Café Conillon,EUNAPOLIS,Tipo 7,sc 60 kg,"192,00",192.0,Café Conillon,10
2008-09-11,Café Conillon,EUNAPOLIS,Tipo 7/8,sc 60 kg,"195,00",195.0,Café Conillon,10
2008-09-12,Café Conillon,EUNAPOLIS,Tipo 7,sc 60 kg,"192,00",192.0,Café Conillon,10
2008-09-12,Café Conillon,EUNAPOLIS,Tipo 7/8,sc 60 kg,"195,00",195.0,Café Conillon,10
2008-09-15,Café Conillon,EUNAPOLIS,Tipo 7,sc 60 kg,"192,00",192.0,Café Conillon,10
2008-09-15,Café Conillon,EUNAPOLIS,Tipo 7/8,sc 60 kg,"195,00",195.0,Café Conillon,10
2008-09-16,Café Conillon,EUNAPOLIS,Tipo 7,sc 60 kg,"192,00",192.0,Café Conillon,10
2008-09-16,Café Conillon,EUNAPOLIS,Tipo 7/8,sc 60 kg,"195,00",195.0,Café Conillon,10
2008-09-17,Café Conillon,EUNAPOLIS,Tipo 7,sc 60 kg,"192,00",192.0,Café Conillon,10
2008-09-17,Café Conillon,EUNAPOLIS,Tipo 7/8,sc 60 kg,"195,00",195.0,Café Conillon,10
2008-09-18,Café Conillon,EUNAPOLIS,Tipo 7,sc 60 kg,"192,00",192.0,Café Conillon,10
2008-09-18,Café Conillon,EUNAPOLIS,Tipo 7/8,sc 60 kg,"195,00",195.0,Café Conillon,10
2008-09-19,Café Conillon,EUNAPOLIS,Tipo 7,sc 60 kg,"192,00",192.0,Café Conillon,10
2008-09-19,Café Conillon,EUNAPOLIS,Tipo 7/8,sc 60 kg,"195,00",195.0,Café Conillon,10
2008-09-22,Café Conillon,EUNAPOLIS,Tipo 7,sc 60 kg,"192,00",192.0,Café Conillon,10
2008-09-22,Café Conillon,EUNAPOLIS,Tipo 7/8,sc 60 kg,"195,00",195.0,Café Conillon,10
2008-09-23,Café Conillon,EUNAPOLIS,Tipo 7,sc 60 kg,"192,00",192.0,Café Conillon,10
2008-09-23,Café Conillon,EUNAPOLIS,Tipo 7/8,sc 60 kg,"195,00",195.0,Café Conillon,10
2008-09-24,Café Conillon,EUNAPOLIS,Tipo 7,sc 60 kg,"192,00",192.0,Café Conillon,10
2008-09-24,Café Conillon,EUNAPOLIS,Tipo 7/8,sc 60 kg,"195,00",195.0,Café Conillon,10
2008-09-25,Café Conillon,EUNAPOLIS,Tipo 7,sc 60 kg,"192,00",192.0,Café Conillon,10
2008-09-25,Café Conillon,EUNAPOLIS,Tipo 7/8,sc 60 kg,"195,00",195.0,Café Conillon,10
2008-09-26,Café Conillon,EUNAPOLIS,Tipo 7,sc 60 kg,"192,00",192.0,Café Conillon,10
2008-09-26,Café Conillon,EUNAPOLIS,Tipo 7/8,sc 60 kg,"195,00",195.0,Café Conillon,10
2008-09-29,Café Conillon,EUNAPOLIS,Tipo 7,sc 60 kg,"192,00",192.0,Café Conillon,10
2008-09-29,Café Conillon,EUNAPOLIS,Tipo 7/8,sc 60 kg,"195,00",195.0,Café Conillon,10
2008-09-30,Café Conillon,EUNAPOLIS,Tipo 7,sc 60 kg,"192,00",192.0,Café Conillon,10
2008-09-30,Café Conillon,EUNAPOLIS,Tipo 7/8,sc 60 kg,"195,00",195.0,Café Conillon,10
2008-10-01,Café Conillon,EUNAPOLIS,Tipo 7,sc 60 kg,"192,00",192.0,Café Conillon,10
2008-10-01,Café Conillon,EUNAPOLIS,Tipo 7/8,sc 60 kg,"195,00",195.0,Café Conillon,10
2008-10-02,Café Conillon,EUNAPOLIS,Tipo 7,sc 60 kg,"192,00",192.0,Café Conillon,10
2008-10-02,Café Conillon,EUNAPOLIS,Tipo 7/8,sc 60 kg,"195,00",195.0,Café Conillon,10
2008-10-03,Café Conillon,EUNAPOLIS,Tipo 7,sc 60 kg,"192,00",192.0,Café Conillon,10
2008-10-03,Café Conillon,EUNAPOLIS,Tipo 7/8,sc 60 kg,"195,00",195.0,Café Conillon,10
2008-10-06,Café Conillon,EUNAPOLIS,Tipo 7,sc 60 kg,"192,00",192.0,Café Conillon,10
2008-10-06,Café Conillon,EUNAPOLIS,Tipo 7/8,sc 60 kg,"195,00",195.0,Café Conillon,10
2008-10-07,Café Conillon,EUNAPOLIS,Tipo 7,sc 60 kg,"192,00",192.0,Café Conillon,10
2008-10-07,Café Conillon,EUNAPOLIS,Tipo 7/8,sc 60 kg,"195,00",195.0,Café Conillon,10
2008-10-08,Café Conillon,EUNAPOLIS,Tipo 7,sc 60 kg,"192,00",192.0,Café Conillon,10
2008-10-08,Café Conillon,EUNAPOLIS,Tipo 7/8,sc 60 kg,"195,00",195.0,Café Conillon,10
2008-10-09,Café Conillon,EUNAPOLIS,Tipo 7,sc 60 kg,"192,00",192.0,Café Conillon,10
2008-10-09,Café Conillon,EUNAPOLIS,Tipo 7/8,sc 60 kg,"195,00",195.0,Café Conillon,10
2008-10-10,Café Conillon,EUNAPOLIS,Tipo 7,sc 60 kg,"192,00",192.0,Café Conillon,10
2008-10-10,Café Conillon,EUNAPOLIS,Tipo 7/8,sc 60 kg,"195,00",195.0,Café Conillon,10
2008-10-13,Café Conillon,EUNAPOLIS,Tipo 7,sc 60 kg,"202,00",202.0,Café Conillon,10
2008-10-13,Café Conillon,EUNAPOLIS,Tipo 7/8,sc 60 kg,"205,00",205.0,Café Conillon,10
2008-10-14,Café Conillon,EUNAPOLIS,Tipo 7,sc 60 kg,"202,00",202.0,Café Conillon,10
2008-10-14,Café Conillon,EUNAPOLIS,Tipo 7/8,sc 60 kg,"205,00",205.0,Café Conillon,10
2008-10-15,Café Conillon,EUNAPOLIS,Tipo 7,sc 60 kg,"202,00",202.0,Café Conillon,10
2008-10-15,Café Conillon,EUNAPOLIS,Tipo 7/8,sc 60 kg,"205,00",205.0,Café Conillon,10
2008-10-16,Café Conillon,EUNAPOLIS,Tipo 7,sc 60 kg,"202,00",202.0,Café Conillon,10
2008-10-16,Café Conillon,EUNAPOLIS,Tipo 7/8,sc 60 kg,"205,00",205.0,Café Conillon,10
2008-10-20,Café Conillon,EUNAPOLIS,Tipo 7,sc 60 kg,"202,00",202.0,Café Conillon,10
2008-10-20,Café Conillon,EUNAPOLIS,Tipo 7/8,sc 60 kg,"205,00",205.0,Café Conillon,10
2008-10-21,Café Conillon,EUNAPOLIS,Tipo 7,sc 60 kg,"202,00",202.0,Café Conillon,10
2008-10-21,Café Conillon,EUNAPOLIS,Tipo 7/8,sc 60 kg,"205,00",205.0,Café Conillon,10
2008-10-22,Café Conillon,EUNAPOLIS,Tipo 7,sc 60 kg,"202,00",202.0,Café Conillon,10
2008-10-22,Café Conillon,EUNAPOLIS,Tipo 7/8,sc 60 kg,"205,00",205.0,Café Conillon,10
2008-10-23,Café Conillon,EUNAPOLIS,Tipo 7,sc 60 kg,"202,00",202.0,Café Conillon,10
2008-10-23,Café Conillon,EUNAPOLIS,Tipo 7/8,sc 60 kg,"205,00",205.0,Café Conillon,10
2008-10-24,Café Conillon,EUNAPOLIS,Tipo 7,sc 60 kg,"202,00",202.0,Café Conillon,10
2008-10-24,Café Conillon,EUNAPOLIS,Tipo 7/8,sc 60 kg,"205,00",205.0,Café Conillon,10
2008-10-28,Café Conillon,EUNAPOLIS,Tipo 7,sc 60 kg,"202,00",202.0,Café Conillon,10
2008-10-28,Café Conillon,EUNAPOLIS,Tipo 7/8,sc 60 kg,"205,00",205.0,Café Conillon,10
2008-10-29,Café Conillon,EUNAPOLIS,Tipo 7,sc 60 kg,"202,00",202.0,Café Conillon,10
2008-10-29,Café Conillon,EUNAPOLIS,Tipo 7/8,sc 60 kg,"205,00",205.0,Café Conillon,10
2008-10-30,Café Conillon,EUNAPOLIS,Tipo 7,sc 60 kg,"202,00",202.0,Café Conillon,10
2008-10-30,Café Conillon,EUNAPOLIS,Tipo 7/8,sc 60 kg,"205,00",205.0,Café Conillon,10
2008-10-31,Café Conillon,EUNAPOLIS,Tipo 7,sc 60 kg,"202,00",202.0,Café Conillon,10
2008-10-31,Café Conillon,EUNAPOLIS,Tipo 7/8,sc 60 kg,"205,00",205.0,Café Conillon,10
2008-11-03,Café Conillon,EUNAPOLIS,Tipo 7,sc 60 kg,"202,00",202.0,Café Conillon,10
2008-11-03,Café Conillon,EUNAPOLIS,Tipo 7/8,sc 60 kg,"205,00",205.0,Café Conillon,10
2008-11-04,Café Conillon,EUNAPOLIS,Tipo 7,sc 60 kg,"202,00",202.0,Café Conillon,10
2008-11-04,Café Conillon,EUNAPOLIS,Tipo 7/8,sc 60 kg,"205,00",205.0,Café Conillon,10
2008-11-05,Café Conillon,EUNAPOLIS,Tipo 7,sc 60 kg,"202,00",202.0,Café Conillon,10
2008-11-05,Café Conillon,EUNAPOLIS,Tipo 7/8,sc 60 kg,"205,00",205.0,Café Conillon,10
2008-11-06,Café Conillon,EUNAPOLIS,Tipo 7,sc 60 kg,"202,00",202.0,Café Conillon,10
2008-11-06,Café Conillon,EUNAPOLIS,Tipo 7/8,sc 60 kg,"205,00",205.0,Café Conillon,10
2008-11-07,Café Conillon,EUNAPOLIS,Tipo 7,sc 60 kg,"202,00",202.0,Café Conillon,10
2008-11-07,Café Conillon,EUNAPOLIS,Tipo 7/8,sc 60 kg,"205,00",205.0,Café Conillon,10
2008-11-10,Café Conillon,EUNAPOLIS,Tipo 7,sc 60 kg,"197,00",197.0,Café Conillon,10
2008-11-10,Café Conillon,EUNAPOLIS,Tipo 7/8,sc 60 kg,"200,00",200.0,Café Conillon,10
2008-11-11,Café Conillon,EUNAPOLIS,Tipo 7,sc 60 kg,"197,00",197.0,Café Conillon,10
2008-11-11,Café Conillon,EUNAPOLIS,Tipo 7/8,sc 60 kg,"200,00",200.0,Café Conillon,10
2008-11-12,Café Conillon,EUNAPOLIS,Tipo 7,sc 60 kg,"197,00",197.0,Café Conillon,10
2008-11-12,Café Conillon,EUNAPOLIS,Tipo 7/8,sc 60 kg,"200,00",200.0,Café Conillon,10
2008-11-13,Café Conillon,EUNAPOLIS,Tipo 7,sc 60 kg,"197,00",197.0,Café Conillon,10
2008-11-13,Café Conillon,EUNAPOLIS,Tipo 7/8,sc 60 kg,"200,00",200.0,Café Conillon,10
2008-11-14,Café Conillon,EUNAPOLIS,Tipo 7,sc 60 kg,"197,00",197.0,Café Conillon,10
2008-11-14,Café Conillon,EUNAPOLIS,Tipo 7/8,sc 60 kg,"200,00",200.0,Café Conillon,10
2008-11-17,Café Conillon,EUNAPOLIS,Tipo 7,sc 60 kg,"197,00",197.0,Café Conillon,10
2008-11-17,Café Conillon,EUNAPOLIS,Tipo 7/8,sc 60 kg,"200,00",200.0,Café Conillon,10
2008-11-18,Café Conillon,EUNAPOLIS,Tipo 7,sc 60 kg,"197,00",197.0,Café Conillon,10
2008-11-18,Café Conillon,EUNAPOLIS,Tipo 7/8,sc 60 kg,"200,00",200.0,Café Conillon,10
2008-11-19,Café Conillon,EUNAPOLIS,Tipo 7,sc 60 kg,"197,00",197.0,Café Conillon,10
2008-11-19,Café Conillon,EUNAPOLIS,Tipo 7/8,sc 60 kg,"200,00",200.0,Café Conillon,10
2008-11-20,Café Conillon,EUNAPOLIS,Tipo 7,sc 60 kg,"197,00",197.0,Café Conillon,10
2008-11-20,Café Conillon,EUNAPOLIS,Tipo 7/8,sc 60 kg,"200,00",200.0,Café Conillon,10
2008-11-21,Café Conillon,EUNAPOLIS,Tipo 7,sc 60 kg,"197,00",197.0,Café Conillon,10
2008-11-21,Café Conillon,EUNAPOLIS,Tipo 7/8,sc 60 kg,"200,00",200.0,Café Conillon,10
2008-11-24,Café Conillon,EUNAPOLIS,Tipo 7,sc 60 kg,"197,00",197.0,Café Conillon,10
2008-11-24,Café Conillon,EUNAPOLIS,Tipo 7/8,sc 60 kg,"200,00",200.0,Café Conillon,10
2008-11-25,Café Conillon,EUNAPOLIS,Tipo 7,sc 60 kg,"197,00",197.0,Café Conillon,10
2008-11-25,Café Conillon,EUNAPOLIS,Tipo 7/8,sc 60 kg,"195,00",195.0,Café Conillon,10
2008-11-26,Café Conillon,EUNAPOLIS,Tipo 7,sc 60 kg,"197,00",197.0,Café Conillon,10
2008-11-26,Café Conillon,EUNAPOLIS,Tipo 7/8,sc 60 kg,"195,00",195.0,Café Conillon,10
2008-11-27,Café Conillon,EUNAPOLIS,Tipo 7,sc 60 kg,"197,00",197.0,Café Conillon,10
2008-11-27,Café Conillon,EUNAPOLIS,Tipo 7/8,sc 60 kg,"200,00",200.0,Café Conillon,10
2008-11-28,Café Conillon,EUNAPOLIS,Tipo 7,sc 60 kg,"197,00",197.0,Café Conillon,10
2008-11-28,Café Conillon,EUNAPOLIS,Tipo 7/8,sc 60 kg,"200,00",200.0,Café Conillon,10
2008-12-01,Café Conillon,EUNAPOLIS,Tipo 7,sc 60 kg,"197,00",197.0,Café Conillon,10
2008-12-01,Café Conillon,EUNAPOLIS,Tipo 7/8,sc 60 kg,"200,00",200.0,Café Conillon,10
2008-12-02,Café Conillon,EUNAPOLIS,Tipo 7,sc 60 kg,"197,00",197.0,Café Conillon,10
2008-12-02,Café Conillon,EUNAPOLIS,Tipo 7/8,sc 60 kg,"200,00",200.0,Café Conillon,10
2008-12-03,Café Conillon,EUNAPOLIS,Tipo 7,sc 60 kg,"197,00",197.0,Café Conillon,10
2008-12-03,Café Conillon,EUNAPOLIS,Tipo 7/8,sc 60 kg,"200,00",200.0,Café Conillon,10
2008-12-04,Café Conillon,EUNAPOLIS,Tipo 7,sc 60 kg,"197,00",197.0,Café Conillon,10
2008-12-04,Café Conillon,EUNAPOLIS,Tipo 7/8,sc 60 kg,"200,00",200.0,Café Conillon,10
2008-12-05,Café Conillon,EUNAPOLIS,Tipo 7,sc 60 kg,"197,00",197.0,Café Conillon,10
2008-12-05,Café Conillon,EUNAPOLIS,Tipo 7/8,sc 60 kg,"200,00",200.0,Café Conillon,10
2008-12-09,Café Conillon,EUNAPOLIS,Tipo 7,sc 60 kg,"197,00",197.0,Café Conillon,10
2008-12-09,Café Conillon,EUNAPOLIS,Tipo 7/8,sc 60 kg,"200,00",200.0,Café Conillon,10
2008-12-10,Café Conillon,EUNAPOLIS,Tipo 7,sc 60 kg,"197,00",197.0,Café Conillon,10
2008-12-10,Café Conillon,EUNAPOLIS,Tipo 7/8,sc 60 kg,"200,00",200.0,Café Conillon,10
2008-12-11,Café Conillon,EUNAPOLIS,Tipo 7,sc 60 kg,"197,00",197.0,Café Conillon,10
2008-12-11,Café Conillon,EUNAPOLIS,Tipo 7/8,sc 60 kg,"200,00",200.0,Café Conillon,10
2008-12-12,Café Conillon,EUNAPOLIS,Tipo 7,sc 60 kg,"197,00",197.0,Café Conillon,10
2008-12-12,Café Conillon,EUNAPOLIS,Tipo 7/8,sc 60 kg,"200,00",200.0,Café Conillon,10
2008-12-15,Café Conillon,EUNAPOLIS,Tipo 7,sc 60 kg,"197,00",197.0,Café Conillon,10
2008-12-15,Café Conillon,EUNAPOLIS,Tipo 7/8,sc 60 kg,"200,00",200.0,Café Conillon,10
2008-12-16,Café Conillon,EUNAPOLIS,Tipo 7,sc 60 kg,"197,00",197.0,Café Conillon,10
2008-12-16,Café Conillon,EUNAPOLIS,Tipo 7/8,sc 60 kg,"200,00",200.0,Café Conillon,10
2008-12-17,Café Conillon,EUNAPOLIS,Tipo 7,sc 60 kg,"197,00",197.0,Café Conillon,10
2008-12-17,Café Conillon,EUNAPOLIS,Tipo 7/8,sc 60 kg,"200,00",200.0,Café Conillon,10
2008-12-18,Café Conillon,EUNAPOLIS,Tipo 7,sc 60 kg,"197,00",197.0,Café Conillon,10
2008-12-18,Café Conillon,EUNAPOLIS,Tipo 7/8,sc 60 kg,"200,00",200.0,Café Conillon,10
2008-12-19,Café Conillon,EUNAPOLIS,Tipo 7,sc 60 kg,"197,00",197.0,Café Conillon,10
2008-12-19,Café Conillon,EUNAPOLIS,Tipo 7/8,sc 60 kg,"200,00",200.0,Café Conillon,10
2008-12-22,Café Conillon,EUNAPOLIS,Tipo 7,sc 60 kg,"197,00",197.0,Café Conillon,10
2008-12-22,Café Conillon,EUNAPOLIS,Tipo 7/8,sc 60 kg,"200,00",200.0,Café Conillon,10
2008-12-23,Café Conillon,EUNAPOLIS,Tipo 7,sc 60 kg,"197,00",197.0,Café Conillon,10
2008-12-23,Café Conillon,EUNAPOLIS,Tipo 7/8,sc 60 kg,"200,00",200.0,Café Conillon,10
2008-12-29,Café Conillon,EUNAPOLIS,Tipo 7,sc 60 kg,"202,00",202.0,Café Conillon,10
2008-12-29,Café Conillon,EUNAPOLIS,Tipo 7/8,sc 60 kg,"205,00",205.0,Café Conillon,10
2008-12-30,Café Conillon,EUNAPOLIS,Tipo 7,sc 60 kg,"202,00",202.0,Café Conillon,10
2008-12-30,Café Conillon,EUNAPOLIS,Tipo 7/8,sc 60 kg,"205,00",205.0,Café Conillon,10
2009-01-05,Café Conillon,EUNAPOLIS,Tipo 7,sc 60 kg,"199,00",199.0,Café Conillon,10
2009-01-05,Café Conillon,EUNAPOLIS,Tipo 7/8,sc 60 kg,"205,00",205.0,Café Conillon,10
2009-01-06,Café Conillon,EUNAPOLIS,Tipo 7,sc 60 kg,"199,00",199.0,Café Conillon,10
2009-01-06,Café Conillon,EUNAPOLIS,Tipo 7/8,sc 60 kg,"205,00",205.0,Café Conillon,10
2009-01-07,Café Conillon,EUNAPOLIS,Tipo 7,sc 60 kg,"199,00",199.0,Café Conillon,10
2009-01-07,Café Conillon,EUNAPOLIS,Tipo 7/8,sc 60 kg,"205,00",205.0,Café Conillon,10
2009-01-08,Café Conillon,EUNAPOLIS,Tipo 7,sc 60 kg,"199,00",199.0,Café Conillon,10
2009-01-08,Café Conillon,EUNAPOLIS,Tipo 7/8,sc 60 kg,"205,00",205.0,Café Conillon,10
2009-01-09,Café Conillon,EUNAPOLIS,Tipo 7,sc 60 kg,"199,00",199.0,Café Conillon,10
2009-01-09,Café Conillon,EUNAPOLIS,Tipo 7/8,sc 60 kg,"205,00",205.0,Café Conillon,10
2009-01-14,Café Conillon,EUNAPOLIS,Tipo 7,sc 60 kg,"199,00",199.0,Café Conillon,10
2009-01-14,Café Conillon,EUNAPOLIS,Tipo 7/8,sc 60 kg,"205,00",205.0,Café Conillon,10
2009-01-16,Café Conillon,EUNAPOLIS,Tipo 7,sc 60 kg,"202,00",202.0,Café Conillon,10
2009-01-16,Café Conillon,EUNAPOLIS,Tipo 7/8,sc 60 kg,"205,00",205.0,Café Conillon,10
2009-01-19,Café Conillon,EUNAPOLIS,Tipo 7,sc 60 kg,"202,00",202.0,Café Conillon,10
2009-01-19,Café Conillon,EUNAPOLIS,Tipo 7/8,sc 60 kg,"205,00",205.0,Café Conillon,10
2009-01-20,Café Conillon,EUNAPOLIS,Tipo 7,sc 60 kg,"202,00",202.0,Café Conillon,10
2009-01-20,Café Conillon,EUNAPOLIS,Tipo 7/8,sc 60 kg,"205,00",205.0,Café Conillon,10
2009-01-21,Café Conillon,EUNAPOLIS,Tipo 7,sc 60 kg,"202,00",202.0,Café Conillon,10
2009-01-21,Café Conillon,EUNAPOLIS,Tipo 7/8,sc 60 kg,"205,00",205.0,Café Conillon,10
2009-01-22,Café Conillon,EUNAPOLIS,Tipo 7,sc 60 kg,"207,00",207.0,Café Conillon,10
2009-01-22,Café Conillon,EUNAPOLIS,Tipo 7/8,sc 60 kg,"210,00",210.0,Café Conillon,10
2009-01-23,Café Conillon,EUNAPOLIS,Tipo 7,sc 60 kg,"207,00",207.0,Café Conillon,10
2009-01-23,Café Conillon,EUNAPOLIS,Tipo 7/8,sc 60 kg,"210,00",210.0,Café Conillon,10
2009-01-26,Café Conillon,EUNAPOLIS,Tipo 7,sc 60 kg,"207,00",207.0,Café Conillon,10
2009-01-26,Café Conillon,EUNAPOLIS,Tipo 7/8,sc 60 kg,"210,00",210.0,Café Conillon,10
2009-01-27,Café Conillon,EUNAPOLIS,Tipo 7,sc 60 kg,"207,00",207.0,Café Conillon,10
2009-01-27,Café Conillon,EUNAPOLIS,Tipo 7/8,sc 60 kg,"210,00",210.0,Café Conillon,10
2009-01-28,Café Conillon,EUNAPOLIS,Tipo 7,sc 60 kg,"207,00",207.0,Café Conillon,10
2009-01-28,Café Conillon,EUNAPOLIS,Tipo 7/8,sc 60 kg,"210,00",210.0,Café Conillon,10
2009-01-29,Café Conillon,EUNAPOLIS,Tipo 7,sc 60 kg,"212,00",212.0,Café Conillon,10
2009-01-29,Café Conillon,EUNAPOLIS,Tipo 7/8,sc 60 kg,"215,00",215.0,Café Conillon,10
2009-01-30,Café Conillon,EUNAPOLIS,Tipo 7,sc 60 kg,"212,00",212.0,Café Conillon,10
2009-01-30,Café Conillon,EUNAPOLIS,Tipo 7/8,sc 60 kg,"215,00",215.0,Café Conillon,10
2009-02-02,Café Conillon,EUNAPOLIS,Tipo 7,sc 60 kg,"212,00",212.0,Café Conillon,10
2009-02-02,Café Conillon,EUNAPOLIS,Tipo 7/8,sc 60 kg,"215,00",215.0,Café Conillon,10
2009-02-03,Café Conillon,EUNAPOLIS,Tipo 7,sc 60 kg,"212,00",212.0,Café Conillon,10
2009-02-03,Café Conillon,EUNAPOLIS,Tipo 7/8,sc 60 kg,"215,00",215.0,Café Conillon,10
2009-02-04,Café Conillon,EUNAPOLIS,Tipo 7,sc 60 kg,"212,00",212.0,Café Conillon,10
2009-02-04,Café Conillon,EUNAPOLIS,Tipo 7/8,sc 60 kg,"215,00",215.0,Café Conillon,10
2009-02-05,Café Conillon,EUNAPOLIS,Tipo 7,sc 60 kg,"212,00",212.0,Café Conillon,10
2009-02-05,Café Conillon,EUNAPOLIS,Tipo 7/8,sc 60 kg,"215,00",215.0,Café Conillon,10
2009-02-06,Café Conillon,EUNAPOLIS,Tipo 7,sc 60 kg,"212,00",212.0,Café Conillon,10
2009-02-06,Café Conillon,EUNAPOLIS,Tipo 7/8,sc 60 kg,"215,00",215.0,Café Conillon,10
2009-02-09,Café Conillon,EUNAPOLIS,Tipo 7,sc 60 kg,"212,00",212.0,Café Conillon,10
2009-02-09,Café Conillon,EUNAPOLIS,Tipo 7/8,sc 60 kg,"215,00",215.0,Café Conillon,10
2009-02-10,Café Conillon,EUNAPOLIS,Tipo 7,sc 60 kg,"212,00",212.0,Café Conillon,10
2009-02-10,Café Conillon,EUNAPOLIS,Tipo 7/8,sc 60 kg,"215,00",215.0,Café Conillon,10
2009-02-11,Café Conillon,EUNAPOLIS,Tipo 7,sc 60 kg,"212,00",212.0,Café Conillon,10
2009-02-11,Café Conillon,EUNAPOLIS,Tipo 7/8,sc 60 kg,"215,00",215.0,Café Conillon,10
2009-02-12,Café Conillon,EUNAPOLIS,Tipo 7,sc 60 kg,"212,00",212.0,Café Conillon,10
2009-02-12,Café Conillon,EUNAPOLIS,Tipo 7/8,sc 60 kg,"215,00",215.0,Café Conillon,10
2009-02-13,Café Conillon,EUNAPOLIS,Tipo 7,sc 60 kg,"212,00",212.0,Café Conillon,10
2009-02-13,Café Conillon,EUNAPOLIS,Tipo 7/8,sc 60 kg,"215,00",215.0,Café Conillon,10
2009-02-16,Café Conillon,EUNAPOLIS,Tipo 7,sc 60 kg,"212,00",212.0,Café Conillon,10
2009-02-16,Café Conillon,EUNAPOLIS,Tipo 7/8,sc 60 kg,"215,00",215.0,Café Conillon,10
2009-02-17,Café Conillon,EUNAPOLIS,Tipo 7,sc 60 kg,"212,00",212.0,Café Conillon,10
2009-02-17,Café Conillon,EUNAPOLIS,Tipo 7/8,sc 60 kg,"215,00",215.0,Café Conillon,10
2009-02-18,Café Conillon,EUNAPOLIS,Tipo 7,sc 60 kg,"212,00",212.0,Café Conillon,10
2009-02-18,Café Conillon,EUNAPOLIS,Tipo 7/8,sc 60 kg,"215,00",215.0,Café Conillon,10
2009-02-19,Café Conillon,EUNAPOLIS,Tipo 7,sc 60 kg,"212,00",212.0,Café Conillon,10
2009-02-19,Café Conillon,EUNAPOLIS,Tipo 7/8,sc 60 kg,"215,00",215.0,Café Conillon,10
2009-02-26,Café Conillon,EUNAPOLIS,Tipo 7,sc 60 kg,"212,00",212.0,Café Conillon,10
2009-02-26,Café Conillon,EUNAPOLIS,Tipo 7/8,sc 60 kg,"215,00",215.0,Café Conillon,10
2009-02-27,Café Conillon,EUNAPOLIS,Tipo 7,sc 60 kg,"212,00",212.0,Café Conillon,10
2009-02-27,Café Conillon,EUNAPOLIS,Tipo 7/8,sc 60 kg,"215,00",215.0,Café Conillon,10
2009-03-02,Café Conillon,EUNAPOLIS,Tipo 7,sc 60 kg,"212,00",212.0,Café Conillon,10
2009-03-02,Café Conillon,EUNAPOLIS,Tipo 7/8,sc 60 kg,"215,00",215.0,Café Conillon,10
2009-03-03,Café Conillon,EUNAPOLIS,Tipo 7,sc 60 kg,"212,00",212.0,Café Conillon,10
2009-03-03,Café Conillon,EUNAPOLIS,Tipo 7/8,sc 60 kg,"215,00",215.0,Café Conillon,10
2009-03-04,Café Conillon,EUNAPOLIS,Tipo 7,sc 60 kg,"212,00",212.0,Café Conillon,10
2009-03-04,Café Conillon,EUNAPOLIS,Tipo 7/8,sc 60 kg,"215,00",215.0,Café Conillon,10
2009-03-05,Café Conillon,EUNAPOLIS,Tipo 7,sc 60 kg,"197,00",197.0,Café Conillon,10
2009-03-05,Café Conillon,EUNAPOLIS,Tipo 7/8,sc 60 kg,"200,00",200.0,Café Conillon,10
2009-03-06,Café Conillon,EUNAPOLIS,Tipo 7,sc 60 kg,"197,00",197.0,Café Conillon,10
2009-03-06,Café Conillon,EUNAPOLIS,Tipo 7/8,sc 60 kg,"200,00",200.0,Café Conillon,10
2009-03-09,Café Conillon,EUNAPOLIS,Tipo 7,sc 60 kg,"197,00",197.0,Café Conillon,10
2009-03-09,Café Conillon,EUNAPOLIS,Tipo 7/8,sc 60 kg,"200,00",200.0,Café Conillon,10
2009-03-10,Café Conillon,EUNAPOLIS,Tipo 7,sc 60 kg,"197,00",197.0,Café Conillon,10
2009-03-10,Café Conillon,EUNAPOLIS,Tipo 7/8,sc 60 kg,"200,00",200.0,Café Conillon,10
2009-03-11,Café Conillon,EUNAPOLIS,Tipo 7,sc 60 kg,"197,00",197.0,Café Conillon,10
2009-03-11,Café Conillon,EUNAPOLIS,Tipo 7/8,sc 60 kg,"200,00",200.0,Café Conillon,10
2009-03-12,Café Conillon,EUNAPOLIS,Tipo 7,sc 60 kg,"197,00",197.0,Café Conillon,10
2009-03-12,Café Conillon,EUNAPOLIS,Tipo 7/8,sc 60 kg,"200,00",200.0,Café Conillon,10
2009-03-13,Café Conillon,EUNAPOLIS,Tipo 7,sc 60 kg,"197,00",197.0,Café Conillon,10
2009-03-13,Café Conillon,EUNAPOLIS,Tipo 7/8,sc 60 kg,"200,00",200.0,Café Conillon,10
2009-03-16,Café Conillon,EUNAPOLIS,Tipo 7,sc 60 kg,"197,00",197.0,Café Conillon,10
2009-03-16,Café Conillon,EUNAPOLIS,Tipo 7/8,sc 60 kg,"200,00",200.0,Café Conillon,10
2009-03-17,Café Conillon,EUNAPOLIS,Tipo 7,sc 60 kg,"197,00",197.0,Café Conillon,10
2009-03-17,Café Conillon,EUNAPOLIS,Tipo 7/8,sc 60 kg,"200,00",200.0,Café Conillon,10
2009-03-18,Café Conillon,EUNAPOLIS,Tipo 7,sc 60 kg,"187,00",187.0,Café Conillon,10
2009-03-18,Café Conillon,EUNAPOLIS,Tipo 7/8,sc 60 kg,"190,00",190.0,Café Conillon,10
2009-03-19,Café Conillon,EUNAPOLIS,Tipo 7,sc 60 kg,"187,00",187.0,Café Conillon,10
2009-03-19,Café Conillon,EUNAPOLIS,Tipo 7/8,sc 60 kg,"190,00",190.0,Café Conillon,10
2009-03-20,Café Conillon,EUNAPOLIS,Tipo 7,sc 60 kg,"187,00",187.0,Café Conillon,10
2009-03-20,Café Conillon,EUNAPOLIS,Tipo 7/8,sc 60 kg,"190,00",190.0,Café Conillon,10
2009-03-23,Café Conillon,EUNAPOLIS,Tipo 7,sc 60 kg,"187,00",187.0,Café Conillon,10
2009-03-23,Café Conillon,EUNAPOLIS,Tipo 7/8,sc 60 kg,"190,00",190.0,Café Conillon,10
2009-03-24,Café Conillon,EUNAPOLIS,Tipo 7,sc 60 kg,"187,00",187.0,Café Conillon,10
2009-03-24,Café Conillon,EUNAPOLIS,Tipo 7/8,sc 60 kg,"190,00",190.0,Café Conillon,10
2009-03-25,Café Conillon,EUNAPOLIS,Tipo 7,sc 60 kg,"187,00",187.0,Café Conillon,10
2009-03-25,Café Conillon,EUNAPOLIS,Tipo 7/8,sc 60 kg,"190,00",190.0,Café Conillon,10
2009-03-26,Café Conillon,EUNAPOLIS,Tipo 7,sc 60 kg,"187,00",187.0,Café Conillon,10
2009-03-26,Café Conillon,EUNAPOLIS,Tipo 7/8,sc 60 kg,"190,00",190.0,Café Conillon,10
2009-03-27,Café Conillon,EUNAPOLIS,Tipo 7,sc 60 kg,"187,00",187.0,Café Conillon,10
2009-03-27,Café Conillon,EUNAPOLIS,Tipo 7/8,sc 60 kg,"190,00",190.0,Café Conillon,10
2009-03-30,Café Conillon,EUNAPOLIS,Tipo 7,sc 60 kg,"192,00",192.0,Café Conillon,10
2009-03-30,Café Conillon,EUNAPOLIS,Tipo 7/8,sc 60 kg,"195,00",195.0,Café Conillon,10
2009-03-31,Café Conillon,EUNAPOLIS,Tipo 7,sc 60 kg,"192,00",192.0,Café Conillon,10
2009-03-31,Café Conillon,EUNAPOLIS,Tipo 7/8,sc 60 kg,"195,00",195.0,Café Conillon,10
2009-04-01,Café Conillon,EUNAPOLIS,Tipo 7,sc 60 kg,"192,00",192.0,Café Conillon,10
2009-04-01,Café Conillon,EUNAPOLIS,Tipo 7/8,sc 60 kg,"195,00",195.0,Café Conillon,10
2009-04-02,Café Conillon,EUNAPOLIS,Tipo 7,sc 60 kg,"192,00",192.0,Café Conillon,10
2009-04-02,Café Conillon,EUNAPOLIS,Tipo 7/8,sc 60 kg,"195,00",195.0,Café Conillon,10
2009-04-03,Café Conillon,EUNAPOLIS,Tipo 7,sc 60 kg,"192,00",192.0,Café Conillon,10
2009-04-03,Café Conillon,EUNAPOLIS,Tipo 7/8,sc 60 kg,"195,00",195.0,Café Conillon,10
2009-04-06,Café Conillon,EUNAPOLIS,Tipo 7,sc 60 kg,"187,00",187.0,Café Conillon,10
2009-04-06,Café Conillon,EUNAPOLIS,Tipo 7/8,sc 60 kg,"190,00",190.0,Café Conillon,10
2009-04-07,Café Conillon,EUNAPOLIS,Tipo 7,sc 60 kg,"187,00",187.0,Café Conillon,10
2009-04-07,Café Conillon,EUNAPOLIS,Tipo 7/8,sc 60 kg,"190,00",190.0,Café Conillon,10
2009-04-08,Café Conillon,EUNAPOLIS,Tipo 7,sc 60 kg,"187,00",187.0,Café Conillon,10
2009-04-08,Café Conillon,EUNAPOLIS,Tipo 7/8,sc 60 kg,"190,00",190.0,Café Conillon,10
2009-04-13,Café Conillon,EUNAPOLIS,Tipo 7,sc 60 kg,"187,00",187.0,Café Conillon,10
2009-04-13,Café Conillon,EUNAPOLIS,Tipo 7/8,sc 60 kg,"190,00",190.0,Café Conillon,10
2009-04-14,Café Conillon,EUNAPOLIS,Tipo 7,sc 60 kg,"187,00",187.0,Café Conillon,10
2009-04-14,Café Conillon,EUNAPOLIS,Tipo 7/8,sc 60 kg,"190,00",190.0,Café Conillon,10
2009-04-15,Café Conillon,EUNAPOLIS,Tipo 7,sc 60 kg,"182,00",182.0,Café Conillon,10
2009-04-15,Café Conillon,EUNAPOLIS,Tipo 7/8,sc 60 kg,"185,00",185.0,Café Conillon,10
2009-04-16,Café Conillon,EUNAPOLIS,Tipo 7,sc 60 kg,"182,00",182.0,Café Conillon,10
2009-04-16,Café Conillon,EUNAPOLIS,Tipo 7/8,sc 60 kg,"185,00",185.0,Café Conillon,10
2009-04-17,Café Conillon,EUNAPOLIS,Tipo 7,sc 60 kg,"182,00",182.0,Café Conillon,10
2009-04-17,Café Conillon,EUNAPOLIS,Tipo 7/8,sc 60 kg,"185,00",185.0,Café Conillon,10
2009-04-20,Café Conillon,EUNAPOLIS,Tipo 7,sc 60 kg,"182,00",182.0,Café Conillon,10
2009-04-20,Café Conillon,EUNAPOLIS,Tipo 7/8,sc 60 kg,"185,00",185.0,Café Conillon,10
2009-04-22,Café Conillon,EUNAPOLIS,Tipo 7,sc 60 kg,"182,00",182.0,Café Conillon,10
2009-04-22,Café Conillon,EUNAPOLIS,Tipo 7/8,sc 60 kg,"185,00",185.0,Café Conillon,10
2009-04-23,Café Conillon,EUNAPOLIS,Tipo 7,sc 60 kg,"177,00",177.0,Café Conillon,10
2009-04-23,Café Conillon,EUNAPOLIS,Tipo 7/8,sc 60 kg,"180,00",180.0,Café Conillon,10
2009-04-24,Café Conillon,EUNAPOLIS,Tipo 7,sc 60 kg,"177,00",177.0,Café Conillon,10
2009-04-24,Café Conillon,EUNAPOLIS,Tipo 7/8,sc 60 kg,"180,00",180.0,Café Conillon,10
2009-04-28,Café Conillon,EUNAPOLIS,Tipo 7,sc 60 kg,"177,00",177.0,Café Conillon,10
2009-04-28,Café Conillon,EUNAPOLIS,Tipo 7/8,sc 60 kg,"180,00",180.0,Café Conillon,10
2009-04-29,Café Conillon,EUNAPOLIS,Tipo 7,sc 60 kg,"177,00",177.0,Café Conillon,10
2009-04-29,Café Conillon,EUNAPOLIS,Tipo 7/8,sc 60 kg,"180,00",180.0,Café Conillon,10
2009-04-30,Café Conillon,EUNAPOLIS,Tipo 7,sc 60 kg,"177,00",177.0,Café Conillon,10
2009-04-30,Café Conillon,EUNAPOLIS,Tipo 7/8,sc 60 kg,"180,00",180.0,Café Conillon,10
2009-05-04,Café Conillon,EUNAPOLIS,Tipo 7,sc 60 kg,"177,00",177.0,Café Conillon,10
2009-05-04,Café Conillon,EUNAPOLIS,Tipo 7/8,sc 60 kg,"180,00",180.0,Café Conillon,10
2009-05-05,Café Conillon,EUNAPOLIS,Tipo 7,sc 60 kg,"177,00",177.0,Café Conillon,10
2009-05-05,Café Conillon,EUNAPOLIS,Tipo 7/8,sc 60 kg,"180,00",180.0,Café Conillon,10
2009-05-06,Café Conillon,EUNAPOLIS,Tipo 7,sc 60 kg,"177,00",177.0,Café Conillon,10
2009-05-06,Café Conillon,EUNAPOLIS,Tipo 7/8,sc 60 kg,"180,00",180.0,Café Conillon,10
2009-05-07,Café Conillon,EUNAPOLIS,Tipo 7,sc 60 kg,"177,00",177.0,Café Conillon,10
2009-05-07,Café Conillon,EUNAPOLIS,Tipo 7/8,sc 60 kg,"180,00",180.0,Café Conillon,10
2009-05-08,Café Conillon,EUNAPOLIS,Tipo 7,sc 60 kg,"177,00",177.0,Café Conillon,10
2009-05-08,Café Conillon,EUNAPOLIS,Tipo 7/8,sc 60 kg,"180,00",180.0,Café Conillon,10
2009-05-11,Café Conillon,EUNAPOLIS,Tipo 7,sc 60 kg,"177,00",177.0,Café Conillon,10
2009-05-11,Café Conillon,EUNAPOLIS,Tipo 7/8,sc 60 kg,"180,00",180.0,Café Conillon,10
2009-05-12,Café Conillon,EUNAPOLIS,Tipo 7,sc 60 kg,"177,00",177.0,Café Conillon,10
2009-05-12,Café Conillon,EUNAPOLIS,Tipo 7/8,sc 60 kg,"180,00",180.0,Café Conillon,10
2009-05-13,Café Conillon,EUNAPOLIS,Tipo 7,sc 60 kg,"177,00",177.0,Café Conillon,10
2009-05-13,Café Conillon,EUNAPOLIS,Tipo 7/8,sc 60 kg,"180,00",180.0,Café Conillon,10
2009-05-14,Café Conillon,EUNAPOLIS,Tipo 7,sc 60 kg,"177,00",177.0,Café Conillon,10
2009-05-14,Café Conillon,EUNAPOLIS,Tipo 7/8,sc 60 kg,"180,00",180.0,Café Conillon,10
2009-05-15,Café Conillon,EUNAPOLIS,Tipo 7,sc 60 kg,"177,00",177.0,Café Conillon,10
2009-05-15,Café Conillon,EUNAPOLIS,Tipo 7/8,sc 60 kg,"180,00",180.0,Café Conillon,10
2009-05-18,Café Conillon,EUNAPOLIS,Tipo 7,sc 60 kg,"177,00",177.0,Café Conillon,10
2009-05-18,Café Conillon,EUNAPOLIS,Tipo 7/8,sc 60 kg,"180,00",180.0,Café Conillon,10
2009-05-19,Café Conillon,EUNAPOLIS,Tipo 7,sc 60 kg,"177,00",177.0,Café Conillon,10
2009-05-19,Café Conillon,EUNAPOLIS,Tipo 7/8,sc 60 kg,"180,00",180.0,Café Conillon,10
2009-05-20,Café Conillon,EUNAPOLIS,Tipo 7,sc 60 kg,"177,00",177.0,Café Conillon,10
2009-05-20,Café Conillon,EUNAPOLIS,Tipo 7/8,sc 60 kg,"180,00",180.0,Café Conillon,10
2009-05-21,Café Conillon,EUNAPOLIS,Tipo 7,sc 60 kg,"177,00",177.0,Café Conillon,10
2009-05-21,Café Conillon,EUNAPOLIS,Tipo 7/8,sc 60 kg,"180,00",180.0,Café Conillon,10
2009-05-22,Café Conillon,EUNAPOLIS,Tipo 7,sc 60 kg,"172,00",172.0,Café Conillon,10
2009-05-22,Café Conillon,EUNAPOLIS,Tipo 7/8,sc 60 kg,"175,00",175.0,Café Conillon,10
2009-05-25,Café Conillon,EUNAPOLIS,Tipo 7,sc 60 kg,"172,00",172.0,Café Conillon,10
2009-05-25,Café Conillon,EUNAPOLIS,Tipo 7/8,sc 60 kg,"175,00",175.0,Café Conillon,10
2009-05-26,Café Conillon,EUNAPOLIS,Tipo 7,sc 60 kg,"172,00",172.0,Café Conillon,10
2009-05-26,Café Conillon,EUNAPOLIS,Tipo 7/8,sc 60 kg,"175,00",175.0,Café Conillon,10
2009-05-27,Café Conillon,EUNAPOLIS,Tipo 7,sc 60 kg,"172,00",172.0,Café Conillon,10
2009-05-27,Café Conillon,EUNAPOLIS,Tipo 7/8,sc 60 kg,"175,00",175.0,Café Conillon,10
2009-05-28,Café Conillon,EUNAPOLIS,Tipo 7,sc 60 kg,"172,00",172.0,Café Conillon,10
2009-05-28,Café Conillon,EUNAPOLIS,Tipo 7/8,sc 60 kg,"175,00",175.0,Café Conillon,10
2009-05-29,Café Conillon,EUNAPOLIS,Tipo 7,sc 60 kg,"172,00",172.0,Café Conillon,10
2009-05-29,Café Conillon,EUNAPOLIS,Tipo 7/8,sc 60 kg,"175,00",175.0,Café Conillon,10
2009-06-01,Café Conillon,EUNAPOLIS,Tipo 7,sc 60 kg,"172,00",172.0,Café Conillon,10
2009-06-01,Café Conillon,EUNAPOLIS,Tipo 7/8,sc 60 kg,"175,00",175.0,Café Conillon,10
2009-06-02,Café Conillon,EUNAPOLIS,Tipo 7,sc 60 kg,"172,00",172.0,Café Conillon,10
2009-06-02,Café Conillon,EUNAPOLIS,Tipo 7/8,sc 60 kg,"175,00",175.0,Café Conillon,10
2009-06-03,Café Conillon,EUNAPOLIS,Tipo 7,sc 60 kg,"172,00",172.0,Café Conillon,10
2009-06-03,Café Conillon,EUNAPOLIS,Tipo 7/8,sc 60 kg,"175,00",175.0,Café Conillon,10
2009-06-04,Café Conillon,EUNAPOLIS,Tipo 7,sc 60 kg,"172,00",172.0,Café Conillon,10
2009-06-04,Café Conillon,EUNAPOLIS,Tipo 7/8,sc 60 kg,"175,00",175.0,Café Conillon,10
2009-06-05,Café Conillon,EUNAPOLIS,Tipo 7,sc 60 kg,"172,00",172.0,Café Conillon,10
2009-06-05,Café Conillon,EUNAPOLIS,Tipo 7/8,sc 60 kg,"175,00",175.0,Café Conillon,10
2009-06-08,Café Conillon,EUNAPOLIS,Tipo 7,sc 60 kg,"177,00",177.0,Café Conillon,10
2009-06-08,Café Conillon,EUNAPOLIS,Tipo 7/8,sc 60 kg,"180,00",180.0,Café Conillon,10
2009-06-09,Café Conillon,EUNAPOLIS,Tipo 7,sc 60 kg,"177,00",177.0,Café Conillon,10
2009-06-09,Café Conillon,EUNAPOLIS,Tipo 7/8,sc 60 kg,"180,00",180.0,Café Conillon,10
2009-06-10,Café Conillon,EUNAPOLIS,Tipo 7,sc 60 kg,"177,00",177.0,Café Conillon,10
2009-06-10,Café Conillon,EUNAPOLIS,Tipo 7/8,sc 60 kg,"180,00",180.0,Café Conillon,10
2009-06-12,Café Conillon,EUNAPOLIS,Tipo 7,sc 60 kg,"177,00",177.0,Café Conillon,10
2009-06-12,Café Conillon,EUNAPOLIS,Tipo 7/8,sc 60 kg,"180,00",180.0,Café Conillon,10
2009-06-15,Café Conillon,EUNAPOLIS,Tipo 7,sc 60 kg,"177,00",177.0,Café Conillon,10
2009-06-15,Café Conillon,EUNAPOLIS,Tipo 7/8,sc 60 kg,"180,00",180.0,Café Conillon,10
2009-06-16,Café Conillon,EUNAPOLIS,Tipo 7,sc 60 kg,"177,00",177.0,Café Conillon,10
2009-06-16,Café Conillon,EUNAPOLIS,Tipo 7/8,sc 60 kg,"180,00",180.0,Café Conillon,10
2009-06-17,Café Conillon,EUNAPOLIS,Tipo 7,sc 60 kg,"177,00",177.0,Café Conillon,10
2009-06-17,Café Conillon,EUNAPOLIS,Tipo 7/8,sc 60 kg,"180,00",180.0,Café Conillon,10
2009-06-18,Café Conillon,EUNAPOLIS,Tipo 7,sc 60 kg,"177,00",177.0,Café Conillon,10
2009-06-18,Café Conillon,EUNAPOLIS,Tipo 7/8,sc 60 kg,"180,00",180.0,Café Conillon,10
2009-06-19,Café Conillon,EUNAPOLIS,Tipo 7,sc 60 kg,"177,00",177.0,Café Conillon,10
2009-06-19,Café Conillon,EUNAPOLIS,Tipo 7/8,sc 60 kg,"180,00",180.0,Café Conillon,10
2009-06-25,Café Conillon,EUNAPOLIS,Tipo 7,sc 60 kg,"177,00",177.0,Café Conillon,10
2009-06-25,Café Conillon,EUNAPOLIS,Tipo 7/8,sc 60 kg,"180,00",180.0,Café Conillon,10
2009-06-26,Café Conillon,EUNAPOLIS,Tipo 7,sc 60 kg,"177,00",177.0,Café Conillon,10
2009-06-26,Café Conillon,EUNAPOLIS,Tipo 7/8,sc 60 kg,"180,00",180.0,Café Conillon,10
2009-06-29,Café Conillon,EUNAPOLIS,Tipo 7,sc 60 kg,"167,00",167.0,Café Conillon,10
2009-06-29,Café Conillon,EUNAPOLIS,Tipo 7/8,sc 60 kg,"170,00",170.0,Café Conillon,10
2009-06-30,Café Conillon,EUNAPOLIS,Tipo 7,sc 60 kg,"167,00",167.0,Café Conillon,10
2009-06-30,Café Conillon,EUNAPOLIS,Tipo 7/8,sc 60 kg,"170,00",170.0,Café Conillon,10
2009-07-01,Café Conillon,EUNAPOLIS,Tipo 7,sc 60 kg,"167,00",167.0,Café Conillon,10
2009-07-01,Café Conillon,EUNAPOLIS,Tipo 7/8,sc 60 kg,"170,00",170.0,Café Conillon,10
2009-07-02,Café Conillon,EUNAPOLIS,Tipo 7,sc 60 kg,"167,00",167.0,Café Conillon,10
2009-07-02,Café Conillon,EUNAPOLIS,Tipo 7/8,sc 60 kg,"170,00",170.0,Café Conillon,10
2009-07-03,Café Conillon,EUNAPOLIS,Tipo 7,sc 60 kg,"167,00",167.0,Café Conillon,10
2009-07-03,Café Conillon,EUNAPOLIS,Tipo 7/8,sc 60 kg,"170,00",170.0,Café Conillon,10
2009-07-06,Café Conillon,EUNAPOLIS,Tipo 7,sc 60 kg,"167,00",167.0,Café Conillon,10
2009-07-06,Café Conillon,EUNAPOLIS,Tipo 7/8,sc 60 kg,"170,00",170.0,Café Conillon,10
2009-07-07,Café Conillon,EUNAPOLIS,Tipo 7,sc 60 kg,"170,00",170.0,Café Conillon,10
2009-07-07,Café Conillon,EUNAPOLIS,Tipo 7/8,sc 60 kg,"170,00",170.0,Café Conillon,10
2009-07-08,Café Conillon,EUNAPOLIS,Tipo 7,sc 60 kg,"170,00",170.0,Café Conillon,10
2009-07-08,Café Conillon,EUNAPOLIS,Tipo 7/8,sc 60 kg,"170,00",170.0,Café Conillon,10
2009-07-09,Café Conillon,EUNAPOLIS,Tipo 7,sc 60 kg,"170,00",170.0,Café Conillon,10
2009-07-09,Café Conillon,EUNAPOLIS,Tipo 7/8,sc 60 kg,"170,00",170.0,Café Conillon,10
2009-07-13,Café Conillon,EUNAPOLIS,Tipo 7,sc 60 kg,"170,00",170.0,Café Conillon,10
2009-07-13,Café Conillon,EUNAPOLIS,Tipo 7/8,sc 60 kg,"170,00",170.0,Café Conillon,10
2009-07-14,Café Conillon,EUNAPOLIS,Tipo 7,sc 60 kg,"167,00",167.0,Café Conillon,10
2009-07-14,Café Conillon,EUNAPOLIS,Tipo 7/8,sc 60 kg,"170,00",170.0,Café Conillon,10
2009-07-15,Café Conillon,EUNAPOLIS,Tipo 7,sc 60 kg,"160,00",160.0,Café Conillon,10
2009-07-15,Café Conillon,EUNAPOLIS,Tipo 7/8,sc 60 kg,"175,00",175.0,Café Conillon,10
2009-07-16,Café Conillon,EUNAPOLIS,Tipo 7,sc 60 kg,"160,00",160.0,Café Conillon,10
2009-07-16,Café Conillon,EUNAPOLIS,Tipo 7/8,sc 60 kg,"175,00",175.0,Café Conillon,10
2009-07-17,Café Conillon,EUNAPOLIS,Tipo 7,sc 60 kg,"164,00",164.0,Café Conillon,10
2009-07-17,Café Conillon,EUNAPOLIS,Tipo 7/8,sc 60 kg,"167,00",167.0,Café Conillon,10
2009-07-20,Café Conillon,EUNAPOLIS,Tipo 7,sc 60 kg,"164,00",164.0,Café Conillon,10
2009-07-20,Café Conillon,EUNAPOLIS,Tipo 7/8,sc 60 kg,"167,00",167.0,Café Conillon,10
2009-07-21,Café Conillon,EUNAPOLIS,Tipo 7,sc 60 kg,"164,00",164.0,Café Conillon,10
2009-07-21,Café Conillon,EUNAPOLIS,Tipo 7/8,sc 60 kg,"167,00",167.0,Café Conillon,10
2009-07-22,Café Conillon,EUNAPOLIS,Tipo 7,sc 60 kg,"164,00",164.0,Café Conillon,10
2009-07-22,Café Conillon,EUNAPOLIS,Tipo 7/8,sc 60 kg,"167,00",167.0,Café Conillon,10
2009-07-23,Café Conillon,EUNAPOLIS,Tipo 7,sc 60 kg,"164,00",164.0,Café Conillon,10
2009-07-23,Café Conillon,EUNAPOLIS,Tipo 7/8,sc 60 kg,"167,00",167.0,Café Conillon,10
2009-07-24,Café Conillon,EUNAPOLIS,Tipo 7,sc 60 kg,"164,00",164.0,Café Conillon,10
2009-07-24,Café Conillon,EUNAPOLIS,Tipo 7/8,sc 60 kg,"167,00",167.0,Café Conillon,10
2009-07-27,Café Conillon,EUNAPOLIS,Tipo 7,sc 60 kg,"164,00",164.0,Café Conillon,10
2009-07-27,Café Conillon,EUNAPOLIS,Tipo 7/8,sc 60 kg,"167,00",167.0,Café Conillon,10
2009-07-28,Café Conillon,EUNAPOLIS,Tipo 7,sc 60 kg,"164,00",164.0,Café Conillon,10
2009-07-28,Café Conillon,EUNAPOLIS,Tipo 7/8,sc 60 kg,"167,00",167.0,Café Conillon,10
2009-07-29,Café Conillon,EUNAPOLIS,Tipo 7,sc 60 kg,"164,00",164.0,Café Conillon,10
2009-07-29,Café Conillon,EUNAPOLIS,Tipo 7/8,sc 60 kg,"167,00",167.0,Café Conillon,10
2009-07-30,Café Conillon,EUNAPOLIS,Tipo 7,sc 60 kg,"164,00",164.0,Café Conillon,10
2009-07-30,Café Conillon,EUNAPOLIS,Tipo 7/8,sc 60 kg,"167,00",167.0,Café Conillon,10
2009-07-31,Café Conillon,EUNAPOLIS,Tipo 7,sc 60 kg,"164,00",164.0,Café Conillon,10
2009-07-31,Café Conillon,EUNAPOLIS,Tipo 7/8,sc 60 kg,"167,00",167.0,Café Conillon,10
2009-08-03,Café Conillon,EUNAPOLIS,Tipo 7,sc 60 kg,"164,00",164.0,Café Conillon,10
2009-08-03,Café Conillon,EUNAPOLIS,Tipo 7/8,sc 60 kg,"167,00",167.0,Café Conillon,10
2009-08-04,Café Conillon,EUNAPOLIS,Tipo 7,sc 60 kg,"164,00",164.0,Café Conillon,10
2009-08-04,Café Conillon,EUNAPOLIS,Tipo 7/8,sc 60 kg,"167,00",167.0,Café Conillon,10
2009-08-05,Café Conillon,EUNAPOLIS,Tipo 7,sc 60 kg,"164,00",164.0,Café Conillon,10
2009-08-05,Café Conillon,EUNAPOLIS,Tipo 7/8,sc 60 kg,"167,00",167.0,Café Conillon,10
2009-08-06,Café Conillon,EUNAPOLIS,Tipo 7,sc 60 kg,"164,00",164.0,Café Conillon,10
2009-08-06,Café Conillon,EUNAPOLIS,Tipo 7/8,sc 60 kg,"167,00",167.0,Café Conillon,10
2009-08-07,Café Conillon,EUNAPOLIS,Tipo 7,sc 60 kg,"164,00",164.0,Café Conillon,10
2009-08-07,Café Conillon,EUNAPOLIS,Tipo 7/8,sc 60 kg,"167,00",167.0,Café Conillon,10
2009-08-10,Café Conillon,EUNAPOLIS,Tipo 7,sc 60 kg,"164,00",164.0,Café Conillon,10
2009-08-10,Café Conillon,EUNAPOLIS,Tipo 7/8,sc 60 kg,"167,00",167.0,Café Conillon,10
2009-08-11,Café Conillon,EUNAPOLIS,Tipo 7,sc 60 kg,"164,00",164.0,Café Conillon,10
2009-08-11,Café Conillon,EUNAPOLIS,Tipo 7/8,sc 60 kg,"167,00",167.0,Café Conillon,10
2009-08-12,Café Conillon,EUNAPOLIS,Tipo 7,sc 60 kg,"164,00",164.0,Café Conillon,10
2009-08-12,Café Conillon,EUNAPOLIS,Tipo 7/8,sc 60 kg,"167,00",167.0,Café Conillon,10
2009-08-13,Café Conillon,EUNAPOLIS,Tipo 7,sc 60 kg,"164,00",164.0,Café Conillon,10
2009-08-13,Café Conillon,EUNAPOLIS,Tipo 7/8,sc 60 kg,"167,00",167.0,Café Conillon,10
2009-08-14,Café Conillon,EUNAPOLIS,Tipo 7,sc 60 kg,"164,00",164.0,Café Conillon,10
2009-08-14,Café Conillon,EUNAPOLIS,Tipo 7/8,sc 60 kg,"167,00",167.0,Café Conillon,10
2009-08-17,Café Conillon,EUNAPOLIS,Tipo 7,sc 60 kg,"164,00",164.0,Café Conillon,10
2009-08-17,Café Conillon,EUNAPOLIS,Tipo 7/8,sc 60 kg,"167,00",167.0,Café Conillon,10
2009-08-18,Café Conillon,EUNAPOLIS,Tipo 7,sc 60 kg,"164,00",164.0,Café Conillon,10
2009-08-18,Café Conillon,EUNAPOLIS,Tipo 7/8,sc 60 kg,"167,00",167.0,Café Conillon,10
2009-08-19,Café Conillon,EUNAPOLIS,Tipo 7,sc 60 kg,"164,00",164.0,Café Conillon,10
2009-08-19,Café Conillon,EUNAPOLIS,Tipo 7/8,sc 60 kg,"167,00",167.0,Café Conillon,10
2009-08-20,Café Conillon,EUNAPOLIS,Tipo 7,sc 60 kg,"164,00",164.0,Café Conillon,10
2009-08-20,Café Conillon,EUNAPOLIS,Tipo 7/8,sc 60 kg,"167,00",167.0,Café Conillon,10
2009-08-21,Café Conillon,EUNAPOLIS,Tipo 7,sc 60 kg,"164,00",164.0,Café Conillon,10
2009-08-21,Café Conillon,EUNAPOLIS,Tipo 7/8,sc 60 kg,"167,00",167.0,Café Conillon,10
2009-08-24,Café Conillon,EUNAPOLIS,Tipo 7,sc 60 kg,"164,00",164.0,Café Conillon,10
2009-08-24,Café Conillon,EUNAPOLIS,Tipo 7/8,sc 60 kg,"167,00",167.0,Café Conillon,10
2009-08-25,Café Conillon,EUNAPOLIS,Tipo 7,sc 60 kg,"164,00",164.0,Café Conillon,10
2009-08-25,Café Conillon,EUNAPOLIS,Tipo 7/8,sc 60 kg,"167,00",167.0,Café Conillon,10
2009-08-26,Café Conillon,EUNAPOLIS,Tipo 7,sc 60 kg,"164,00",164.0,Café Conillon,10
2009-08-26,Café Conillon,EUNAPOLIS,Tipo 7/8,sc 60 kg,"167,00",167.0,Café Conillon,10
2009-08-27,Café Conillon,EUNAPOLIS,Tipo 7,sc 60 kg,"164,00",164.0,Café Conillon,10
2009-08-27,Café Conillon,EUNAPOLIS,Tipo 7/8,sc 60 kg,"167,00",167.0,Café Conillon,10
2009-08-28,Café Conillon,EUNAPOLIS,Tipo 7,sc 60 kg,"164,00",164.0,Café Conillon,10
2009-08-28,Café Conillon,EUNAPOLIS,Tipo 7/8,sc 60 kg,"167,00",167.0,Café Conillon,10
2009-08-31,Café Conillon,EUNAPOLIS,Tipo 7,sc 60 kg,"164,00",164.0,Café Conillon,10
2009-08-31,Café Conillon,EUNAPOLIS,Tipo 7/8,sc 60 kg,"167,00",167.0,Café Conillon,10
2009-09-01,Café Conillon,EUNAPOLIS,Tipo 7,sc 60 kg,"164,00",164.0,Café Conillon,10
2009-09-01,Café Conillon,EUNAPOLIS,Tipo 7/8,sc 60 kg,"167,00",167.0,Café Conillon,10
2009-09-02,Café Conillon,EUNAPOLIS,Tipo 7,sc 60 kg,"164,00",164.0,Café Conillon,10
2009-09-02,Café Conillon,EUNAPOLIS,Tipo 7/8,sc 60 kg,"167,00",167.0,Café Conillon,10
2009-09-03,Café Conillon,EUNAPOLIS,Tipo 7,sc 60 kg,"164,00",164.0,Café Conillon,10
2009-09-03,Café Conillon,EUNAPOLIS,Tipo 7/8,sc 60 kg,"167,00",167.0,Café Conillon,10
2009-09-04,Café Conillon,EUNAPOLIS,Tipo 7,sc 60 kg,"167,00",167.0,Café Conillon,10
2009-09-04,Café Conillon,EUNAPOLIS,Tipo 7/8,sc 60 kg,"170,00",170.0,Café Conillon,10
2009-09-08,Café Conillon,EUNAPOLIS,Tipo 7,sc 60 kg,"167,00",167.0,Café Conillon,10
2009-09-08,Café Conillon,EUNAPOLIS,Tipo 7/8,sc 60 kg,"170,00",170.0,Café Conillon,10
2009-09-09,Café Conillon,EUNAPOLIS,Tipo 7,sc 60 kg,"167,00",167.0,Café Conillon,10
2009-09-09,Café Conillon,EUNAPOLIS,Tipo 7/8,sc 60 kg,"170,00",170.0,Café Conillon,10
2009-09-10,Café Conillon,EUNAPOLIS,Tipo 7,sc 60 kg,"167,00",167.0,Café Conillon,10
2009-09-10,Café Conillon,EUNAPOLIS,Tipo 7/8,sc 60 kg,"170,00",170.0,Café Conillon,10
2009-09-11,Café Conillon,EUNAPOLIS,Tipo 7,sc 60 kg,"167,00",167.0,Café Conillon,10
2009-09-11,Café Conillon,EUNAPOLIS,Tipo 7/8,sc 60 kg,"170,00",170.0,Café Conillon,10
2009-09-14,Café Conillon,EUNAPOLIS,Tipo 7,sc 60 kg,"167,00",167.0,Café Conillon,10
2009-09-14,Café Conillon,EUNAPOLIS,Tipo 7/8,sc 60 kg,"170,00",170.0,Café Conillon,10
2009-09-15,Café Conillon,EUNAPOLIS,Tipo 7,sc 60 kg,"167,00",167.0,Café Conillon,10
2009-09-15,Café Conillon,EUNAPOLIS,Tipo 7/8,sc 60 kg,"170,00",170.0,Café Conillon,10
2009-09-16,Café Conillon,EUNAPOLIS,Tipo 7,sc 60 kg,"167,00",167.0,Café Conillon,10
2009-09-16,Café Conillon,EUNAPOLIS,Tipo 7/8,sc 60 kg,"170,00",170.0,Café Conillon,10
2009-09-17,Café Conillon,EUNAPOLIS,Tipo 7,sc 60 kg,"167,00",167.0,Café Conillon,10
2009-09-17,Café Conillon,EUNAPOLIS,Tipo 7/8,sc 60 kg,"170,00",170.0,Café Conillon,10
2009-09-18,Café Conillon,EUNAPOLIS,Tipo 7,sc 60 kg,"167,00",167.0,Café Conillon,10
2009-09-18,Café Conillon,EUNAPOLIS,Tipo 7/8,sc 60 kg,"170,00",170.0,Café Conillon,10
2009-09-21,Café Conillon,EUNAPOLIS,Tipo 7,sc 60 kg,"172,00",172.0,Café Conillon,10
2009-09-21,Café Conillon,EUNAPOLIS,Tipo 7/8,sc 60 kg,"175,00",175.0,Café Conillon,10
2009-09-22,Café Conillon,EUNAPOLIS,Tipo 7,sc 60 kg,"172,00",172.0,Café Conillon,10
2009-09-22,Café Conillon,EUNAPOLIS,Tipo 7/8,sc 60 kg,"175,00",175.0,Café Conillon,10
2009-09-23,Café Conillon,EUNAPOLIS,Tipo 7,sc 60 kg,"172,00",172.0,Café Conillon,10
2009-09-23,Café Conillon,EUNAPOLIS,Tipo 7/8,sc 60 kg,"175,00",175.0,Café Conillon,10
2009-09-24,Café Conillon,EUNAPOLIS,Tipo 7,sc 60 kg,"172,00",172.0,Café Conillon,10
2009-09-24,Café Conillon,EUNAPOLIS,Tipo 7/8,sc 60 kg,"175,00",175.0,Café Conillon,10
2009-09-25,Café Conillon,EUNAPOLIS,Tipo 7,sc 60 kg,"172,00",172.0,Café Conillon,10
2009-09-25,Café Conillon,EUNAPOLIS,Tipo 7/8,sc 60 kg,"175,00",175.0,Café Conillon,10
2009-09-28,Café Conillon,EUNAPOLIS,Tipo 7,sc 60 kg,"172,00",172.0,Café Conillon,10
2009-09-28,Café Conillon,EUNAPOLIS,Tipo 7,sc 60 kg,"175,00",175.0,Café Conillon,10
2009-09-29,Café Conillon,EUNAPOLIS,Tipo 7,sc 60 kg,"175,00",175.0,Café Conillon,10
2009-09-29,Café Conillon,EUNAPOLIS,Tipo 7/8,sc 60 kg,"172,00",172.0,Café Conillon,10
2009-09-30,Café Conillon,EUNAPOLIS,Tipo 7,sc 60 kg,"175,00",175.0,Café Conillon,10
2009-09-30,Café Conillon,EUNAPOLIS,Tipo 7/8,sc 60 kg,"172,00",172.0,Café Conillon,10
2009-10-01,Café Conillon,EUNAPOLIS,Tipo 7,sc 60 kg,"175,00",175.0,Café Conillon,10
2009-10-01,Café Conillon,EUNAPOLIS,Tipo 7/8,sc 60 kg,"172,00",172.0,Café Conillon,10
2009-10-02,Café Conillon,EUNAPOLIS,Tipo 7,sc 60 kg,"175,00",175.0,Café Conillon,10
2009-10-02,Café Conillon,EUNAPOLIS,Tipo 7/8,sc 60 kg,"172,00",172.0,Café Conillon,10
2009-10-05,Café Conillon,EUNAPOLIS,Tipo 7,sc 60 kg,"175,00",175.0,Café Conillon,10
2009-10-05,Café Conillon,EUNAPOLIS,Tipo 7/8,sc 60 kg,"172,00",172.0,Café Conillon,10
2009-10-06,Café Conillon,EUNAPOLIS,Tipo 7,sc 60 kg,"172,00",172.0,Café Conillon,10
2009-10-06,Café Conillon,EUNAPOLIS,Tipo 7/8,sc 60 kg,"169,00",169.0,Café Conillon,10
2009-10-07,Café Conillon,EUNAPOLIS,Tipo 7,sc 60 kg,"172,00",172.0,Café Conillon,10
2009-10-07,Café Conillon,EUNAPOLIS,Tipo 7/8,sc 60 kg,"169,00",169.0,Café Conillon,10
2009-10-08,Café Conillon,EUNAPOLIS,Tipo 7,sc 60 kg,"172,00",172.0,Café Conillon,10
2009-10-08,Café Conillon,EUNAPOLIS,Tipo 7/8,sc 60 kg,"169,00",169.0,Café Conillon,10
2009-10-09,Café Conillon,EUNAPOLIS,Tipo 7,sc 60 kg,"172,00",172.0,Café Conillon,10
2009-10-09,Café Conillon,EUNAPOLIS,Tipo 7/8,sc 60 kg,"169,00",169.0,Café Conillon,10
2009-10-13,Café Conillon,EUNAPOLIS,Tipo 7,sc 60 kg,"172,00",172.0,Café Conillon,10
2009-10-13,Café Conillon,EUNAPOLIS,Tipo 7/8,sc 60 kg,"169,00",169.0,Café Conillon,10
2009-10-14,Café Conillon,EUNAPOLIS,Tipo 7,sc 60 kg,"172,00",172.0,Café Conillon,10
2009-10-14,Café Conillon,EUNAPOLIS,Tipo 7/8,sc 60 kg,"169,00",169.0,Café Conillon,10
2009-10-15,Café Conillon,EUNAPOLIS,Tipo 7,sc 60 kg,"172,00",172.0,Café Conillon,10
2009-10-15,Café Conillon,EUNAPOLIS,Tipo 7/8,sc 60 kg,"169,00",169.0,Café Conillon,10
2009-10-16,Café Conillon,EUNAPOLIS,Tipo 7,sc 60 kg,"172,00",172.0,Café Conillon,10
2009-10-16,Café Conillon,EUNAPOLIS,Tipo 7/8,sc 60 kg,"169,00",169.0,Café Conillon,10
2009-10-19,Café Conillon,EUNAPOLIS,Tipo 7,sc 60 kg,"170,00",170.0,Café Conillon,10
2009-10-19,Café Conillon,EUNAPOLIS,Tipo 7/8,sc 60 kg,"167,00",167.0,Café Conillon,10
2009-10-20,Café Conillon,EUNAPOLIS,Tipo 7,sc 60 kg,"170,00",170.0,Café Conillon,10
2009-10-20,Café Conillon,EUNAPOLIS,Tipo 7/8,sc 60 kg,"167,00",167.0,Café Conillon,10
2009-10-21,Café Conillon,EUNAPOLIS,Tipo 7,sc 60 kg,"170,00",170.0,Café Conillon,10
2009-10-21,Café Conillon,EUNAPOLIS,Tipo 7/8,sc 60 kg,"167,00",167.0,Café Conillon,10
2009-10-22,Café Conillon,EUNAPOLIS,Tipo 7,sc 60 kg,"170,00",170.0,Café Conillon,10
2009-10-22,Café Conillon,EUNAPOLIS,Tipo 7/8,sc 60 kg,"167,00",167.0,Café Conillon,10
2009-10-23,Café Conillon,EUNAPOLIS,Tipo 7,sc 60 kg,"165,00",165.0,Café Conillon,10
2009-10-23,Café Conillon,EUNAPOLIS,Tipo 7/8,sc 60 kg,"162,00",162.0,Café Conillon,10
2009-10-26,Café Conillon,EUNAPOLIS,Tipo 7,sc 60 kg,"160,00",160.0,Café Conillon,10
2009-10-26,Café Conillon,EUNAPOLIS,Tipo 7/8,sc 60 kg,"157,00",157.0,Café Conillon,10
2009-10-27,Café Conillon,EUNAPOLIS,Tipo 7,sc 60 kg,"160,00",160.0,Café Conillon,10
2009-10-27,Café Conillon,EUNAPOLIS,Tipo 7/8,sc 60 kg,"157,00",157.0,Café Conillon,10
2009-10-28,Café Conillon,EUNAPOLIS,Tipo 7,sc 60 kg,"160,00",160.0,Café Conillon,10
2009-10-28,Café Conillon,EUNAPOLIS,Tipo 7/8,sc 60 kg,"157,00",157.0,Café Conillon,10
2009-10-29,Café Conillon,EUNAPOLIS,Tipo 7,sc 60 kg,"155,00",155.0,Café Conillon,10
2009-10-29,Café Conillon,EUNAPOLIS,Tipo 7/8,sc 60 kg,"152,00",152.0,Café Conillon,10
2009-11-03,Café Conillon,EUNAPOLIS,Tipo 7,sc 60 kg,"155,00",155.0,Café Conillon,10
2009-11-03,Café Conillon,EUNAPOLIS,Tipo 7/8,sc 60 kg,"152,00",152.0,Café Conillon,10
2009-11-04,Café Conillon,EUNAPOLIS,Tipo 7,sc 60 kg,"155,00",155.0,Café Conillon,10
2009-11-04,Café Conillon,EUNAPOLIS,Tipo 7/8,sc 60 kg,"152,00",152.0,Café Conillon,10
2009-11-05,Café Conillon,EUNAPOLIS,Tipo 7,sc 60 kg,"155,00",155.0,Café Conillon,10
2009-11-05,Café Conillon,EUNAPOLIS,Tipo 7/8,sc 60 kg,"152,00",152.0,Café Conillon,10
2009-11-06,Café Conillon,EUNAPOLIS,Tipo 7,sc 60 kg,"155,00",155.0,Café Conillon,10
2009-11-06,Café Conillon,EUNAPOLIS,Tipo 7/8,sc 60 kg,"152,00",152.0,Café Conillon,10
2009-11-09,Café Conillon,EUNAPOLIS,Tipo 7,sc 60 kg,"155,00",155.0,Café Conillon,10
2009-11-09,Café Conillon,EUNAPOLIS,Tipo 7/8,sc 60 kg,"152,00",152.0,Café Conillon,10
2009-11-10,Café Conillon,EUNAPOLIS,Tipo 7,sc 60 kg,"155,00",155.0,Café Conillon,10
2009-11-10,Café Conillon,EUNAPOLIS,Tipo 7/8,sc 60 kg,"152,00",152.0,Café Conillon,10
2009-11-11,Café Conillon,EUNAPOLIS,Tipo 7,sc 60 kg,"155,00",155.0,Café Conillon,10
2009-11-11,Café Conillon,EUNAPOLIS,Tipo 7/8,sc 60 kg,"152,00",152.0,Café Conillon,10
2009-11-12,Café Conillon,EUNAPOLIS,Tipo 7,sc 60 kg,"155,00",155.0,Café Conillon,10
2009-11-12,Café Conillon,EUNAPOLIS,Tipo 7/8,sc 60 kg,"152,00",152.0,Café Conillon,10
2009-11-13,Café Conillon,EUNAPOLIS,Tipo 7,sc 60 kg,"155,00",155.0,Café Conillon,10
2009-11-13,Café Conillon,EUNAPOLIS,Tipo 7/8,sc 60 kg,"152,00",152.0,Café Conillon,10
2009-11-16,Café Conillon,EUNAPOLIS,Tipo 7,sc 60 kg,"140,00",140.0,Café Conillon,10
2009-11-16,Café Conillon,EUNAPOLIS,Tipo 7/8,sc 60 kg,"137,00",137.0,Café Conillon,10
2009-11-17,Café Conillon,EUNAPOLIS,Tipo 7,sc 60 kg,"155,00",155.0,Café Conillon,10
2009-11-17,Café Conillon,EUNAPOLIS,Tipo 7/8,sc 60 kg,"152,00",152.0,Café Conillon,10
2009-11-18,Café Conillon,EUNAPOLIS,Tipo 7,sc 60 kg,"155,00",155.0,Café Conillon,10
2009-11-18,Café Conillon,EUNAPOLIS,Tipo 7/8,sc 60 kg,"152,00",152.0,Café Conillon,10
2009-11-19,Café Conillon,EUNAPOLIS,Tipo 7,sc 60 kg,"155,00",155.0,Café Conillon,10
2009-11-19,Café Conillon,EUNAPOLIS,Tipo 7/8,sc 60 kg,"152,00",152.0,Café Conillon,10
2009-11-20,Café Conillon,EUNAPOLIS,Tipo 7,sc 60 kg,"150,00",150.0,Café Conillon,10
2009-11-20,Café Conillon,EUNAPOLIS,Tipo 7/8,sc 60 kg,"147,00",147.0,Café Conillon,10
2009-11-23,Café Conillon,EUNAPOLIS,Tipo 7,sc 60 kg,"150,00",150.0,Café Conillon,10
2009-11-23,Café Conillon,EUNAPOLIS,Tipo 7/8,sc 60 kg,"147,00",147.0,Café Conillon,10
2009-11-24,Café Conillon,EUNAPOLIS,Tipo 7,sc 60 kg,"155,00",155.0,Café Conillon,10
2009-11-24,Café Conillon,EUNAPOLIS,Tipo 7/8,sc 60 kg,"152,00",152.0,Café Conillon,10
2009-11-25,Café Conillon,EUNAPOLIS,Tipo 7,sc 60 kg,"160,00",160.0,Café Conillon,10
2009-11-25,Café Conillon,EUNAPOLIS,Tipo 7/8,sc 60 kg,"157,00",157.0,Café Conillon,10
2009-11-26,Café Conillon,EUNAPOLIS,Tipo 7,sc 60 kg,"160,00",160.0,Café Conillon,10
2009-11-26,Café Conillon,EUNAPOLIS,Tipo 7/8,sc 60 kg,"157,00",157.0,Café Conillon,10
2009-11-27,Café Conillon,EUNAPOLIS,Tipo 7,sc 60 kg,"160,00",160.0,Café Conillon,10
2009-11-27,Café Conillon,EUNAPOLIS,Tipo 7/8,sc 60 kg,"157,00",157.0,Café Conillon,10
2009-11-30,Café Conillon,EUNAPOLIS,Tipo 7,sc 60 kg,"160,00",160.0,Café Conillon,10
2009-11-30,Café Conillon,EUNAPOLIS,Tipo 7/8,sc 60 kg,"157,00",157.0,Café Conillon,10
2009-12-01,Café Conillon,EUNAPOLIS,Tipo 7,sc 60 kg,"160,00",160.0,Café Conillon,10
2009-12-01,Café Conillon,EUNAPOLIS,Tipo 7/8,sc 60 kg,"157,00",157.0,Café Conillon,10
2009-12-02,Café Conillon,EUNAPOLIS,Tipo 7,sc 60 kg,"160,00",160.0,Café Conillon,10
2009-12-02,Café Conillon,EUNAPOLIS,Tipo 7/8,sc 60 kg,"157,00",157.0,Café Conillon,10
2009-12-03,Café Conillon,EUNAPOLIS,Tipo 7,sc 60 kg,"160,00",160.0,Café Conillon,10
2009-12-03,Café Conillon,EUNAPOLIS,Tipo 7/8,sc 60 kg,"157,00",157.0,Café Conillon,10
2009-12-04,Café Conillon,EUNAPOLIS,Tipo 7,sc 60 kg,"165,00",165.0,Café Conillon,10
2009-12-04,Café Conillon,EUNAPOLIS,Tipo 7/8,sc 60 kg,"162,00",162.0,Café Conillon,10
2009-12-09,Café Conillon,EUNAPOLIS,Tipo 7,sc 60 kg,"165,00",165.0,Café Conillon,10
2009-12-09,Café Conillon,EUNAPOLIS,Tipo 7/8,sc 60 kg,"162,00",162.0,Café Conillon,10
2009-12-10,Café Conillon,EUNAPOLIS,Tipo 7,sc 60 kg,"165,00",165.0,Café Conillon,10
2009-12-10,Café Conillon,EUNAPOLIS,Tipo 7/8,sc 60 kg,"162,00",162.0,Café Conillon,10
2009-12-11,Café Conillon,EUNAPOLIS,Tipo 7,sc 60 kg,"165,00",165.0,Café Conillon,10
2009-12-11,Café Conillon,EUNAPOLIS,Tipo 7/8,sc 60 kg,"162,00",162.0,Café Conillon,10
2009-12-14,Café Conillon,EUNAPOLIS,Tipo 7,sc 60 kg,"165,00",165.0,Café Conillon,10
2009-12-14,Café Conillon,EUNAPOLIS,Tipo 7/8,sc 60 kg,"162,00",162.0,Café Conillon,10
2009-12-15,Café Conillon,EUNAPOLIS,Tipo 7,sc 60 kg,"165,00",165.0,Café Conillon,10
2009-12-15,Café Conillon,EUNAPOLIS,Tipo 7/8,sc 60 kg,"162,00",162.0,Café Conillon,10
2009-12-16,Café Conillon,EUNAPOLIS,Tipo 7,sc 60 kg,"165,00",165.0,Café Conillon,10
2009-12-16,Café Conillon,EUNAPOLIS,Tipo 7/8,sc 60 kg,"162,00",162.0,Café Conillon,10
2009-12-17,Café Conillon,EUNAPOLIS,Tipo 7,sc 60 kg,"165,00",165.0,Café Conillon,10
2009-12-17,Café Conillon,EUNAPOLIS,Tipo 7/8,sc 60 kg,"162,00",162.0,Café Conillon,10
2009-12-18,Café Conillon,EUNAPOLIS,Tipo 7,sc 60 kg,"165,00",165.0,Café Conillon,10
2009-12-18,Café Conillon,EUNAPOLIS,Tipo 7/8,sc 60 kg,"162,00",162.0,Café Conillon,10
2009-12-21,Café Conillon,EUNAPOLIS,Tipo 7,sc 60 kg,"170,00",170.0,Café Conillon,10
2009-12-21,Café Conillon,EUNAPOLIS,Tipo 7/8,sc 60 kg,"167,00",167.0,Café Conillon,10
2009-12-22,Café Conillon,EUNAPOLIS,Tipo 7,sc 60 kg,"170,00",170.0,Café Conillon,10
2009-12-22,Café Conillon,EUNAPOLIS,Tipo 7/8,sc 60 kg,"167,00",167.0,Café Conillon,10
2009-12-23,Café Conillon,EUNAPOLIS,Tipo 7,sc 60 kg,"170,00",170.0,Café Conillon,10
2009-12-23,Café Conillon,EUNAPOLIS,Tipo 7/8,sc 60 kg,"167,00",167.0,Café Conillon,10
2009-12-28,Café Conillon,EUNAPOLIS,Tipo 7,sc 60 kg,"170,00",170.0,Café Conillon,10
2009-12-28,Café Conillon,EUNAPOLIS,Tipo 7/8,sc 60 kg,"167,00",167.0,Café Conillon,10
2009-12-29,Café Conillon,EUNAPOLIS,Tipo 7,sc 60 kg,"170,00",170.0,Café Conillon,10
2009-12-29,Café Conillon,EUNAPOLIS,Tipo 7/8,sc 60 kg,"167,00",167.0,Café Conillon,10
2010-01-04,Café Conillon,EUNAPOLIS,Tipo 7,sc 60 kg,"167,00",167.0,Café Conillon,10
2010-01-04,Café Conillon,EUNAPOLIS,Tipo 7/8,sc 60 kg,"170,00",170.0,Café Conillon,10
2010-01-05,Café Conillon,EUNAPOLIS,Tipo 7,sc 60 kg,"167,00",167.0,Café Conillon,10
2010-01-05,Café Conillon,EUNAPOLIS,Tipo 7/8,sc 60 kg,"170,00",170.0,Café Conillon,10
2010-01-06,Café Conillon,EUNAPOLIS,Tipo 7,sc 60 kg,"167,00",167.0,Café Conillon,10
2010-01-06,Café Conillon,EUNAPOLIS,Tipo 7/8,sc 60 kg,"170,00",170.0,Café Conillon,10
2010-01-07,Café Conillon,EUNAPOLIS,Tipo 7,sc 60 kg,"167,00",167.0,Café Conillon,10
2010-01-07,Café Conillon,EUNAPOLIS,Tipo 7/8,sc 60 kg,"170,00",170.0,Café Conillon,10
2010-01-08,Café Conillon,EUNAPOLIS,Tipo 7,sc 60 kg,"167,00",167.0,Café Conillon,10
2010-01-08,Café Conillon,EUNAPOLIS,Tipo 7/8,sc 60 kg,"170,00",170.0,Café Conillon,10
2010-01-11,Café Conillon,EUNAPOLIS,Tipo 7,sc 60 kg,"167,00",167.0,Café Conillon,10
2010-01-11,Café Conillon,EUNAPOLIS,Tipo 7/8,sc 60 kg,"170,00",170.0,Café Conillon,10
2010-01-12,Café Conillon,EUNAPOLIS,Tipo 7,sc 60 kg,"167,00",167.0,Café Conillon,10
2010-01-12,Café Conillon,EUNAPOLIS,Tipo 7/8,sc 60 kg,"170,00",170.0,Café Conillon,10
2010-01-13,Café Conillon,EUNAPOLIS,Tipo 7,sc 60 kg,"167,00",167.0,Café Conillon,10
2010-01-13,Café Conillon,EUNAPOLIS,Tipo 7/8,sc 60 kg,"170,00",170.0,Café Conillon,10
2010-01-14,Café Conillon,EUNAPOLIS,Tipo 7,sc 60 kg,"167,00",167.0,Café Conillon,10
2010-01-14,Café Conillon,EUNAPOLIS,Tipo 7/8,sc 60 kg,"170,00",170.0,Café Conillon,10
2010-01-15,Café Conillon,EUNAPOLIS,Tipo 7,sc 60 kg,"167,00",167.0,Café Conillon,10
2010-01-15,Café Conillon,EUNAPOLIS,Tipo 7/8,sc 60 kg,"170,00",170.0,Café Conillon,10
2010-01-18,Café Conillon,EUNAPOLIS,Tipo 7,sc 60 kg,"167,00",167.0,Café Conillon,10
2010-01-18,Café Conillon,EUNAPOLIS,Tipo 7/8,sc 60 kg,"170,00",170.0,Café Conillon,10
2010-01-19,Café Conillon,EUNAPOLIS,Tipo 7,sc 60 kg,"162,00",162.0,Café Conillon,10
2010-01-19,Café Conillon,EUNAPOLIS,Tipo 7/8,sc 60 kg,"165,00",165.0,Café Conillon,10
2010-01-20,Café Conillon,EUNAPOLIS,Tipo 7,sc 60 kg,"162,00",162.0,Café Conillon,10
2010-01-20,Café Conillon,EUNAPOLIS,Tipo 7/8,sc 60 kg,"165,00",165.0,Café Conillon,10
2010-01-21,Café Conillon,EUNAPOLIS,Tipo 7,sc 60 kg,"157,00",157.0,Café Conillon,10
2010-01-21,Café Conillon,EUNAPOLIS,Tipo 7/8,sc 60 kg,"160,00",160.0,Café Conillon,10
2010-01-22,Café Conillon,EUNAPOLIS,Tipo 7,sc 60 kg,"157,00",157.0,Café Conillon,10
2010-01-22,Café Conillon,EUNAPOLIS,Tipo 7/8,sc 60 kg,"160,00",160.0,Café Conillon,10
2010-01-25,Café Conillon,EUNAPOLIS,Tipo 7,sc 60 kg,"157,00",157.0,Café Conillon,10
2010-01-25,Café Conillon,EUNAPOLIS,Tipo 7/8,sc 60 kg,"160,00",160.0,Café Conillon,10
2010-01-26,Café Conillon,EUNAPOLIS,Tipo 7,sc 60 kg,"157,00",157.0,Café Conillon,10
2010-01-26,Café Conillon,EUNAPOLIS,Tipo 7/8,sc 60 kg,"160,00",160.0,Café Conillon,10
2010-01-27,Café Conillon,EUNAPOLIS,Tipo 7,sc 60 kg,"157,00",157.0,Café Conillon,10
2010-01-27,Café Conillon,EUNAPOLIS,Tipo 7/8,sc 60 kg,"160,00",160.0,Café Conillon,10
2010-01-28,Café Conillon,EUNAPOLIS,Tipo 7,sc 60 kg,"157,00",157.0,Café Conillon,10
2010-01-28,Café Conillon,EUNAPOLIS,Tipo 7/8,sc 60 kg,"160,00",160.0,Café Conillon,10
2010-01-29,Café Conillon,EUNAPOLIS,Tipo 7,sc 60 kg,"157,00",157.0,Café Conillon,10
2010-01-29,Café Conillon,EUNAPOLIS,Tipo 7/8,sc 60 kg,"160,00",160.0,Café Conillon,10
2010-02-01,Café Conillon,EUNAPOLIS,Tipo 7,sc 60 kg,"157,00",157.0,Café Conillon,10
2010-02-01,Café Conillon,EUNAPOLIS,Tipo 7/8,sc 60 kg,"160,00",160.0,Café Conillon,10
2010-02-02,Café Conillon,EUNAPOLIS,Tipo 7,sc 60 kg,"152,00",152.0,Café Conillon,10
2010-02-02,Café Conillon,EUNAPOLIS,Tipo 7/8,sc 60 kg,"155,00",155.0,Café Conillon,10
2010-02-03,Café Conillon,EUNAPOLIS,Tipo 7,sc 60 kg,"152,00",152.0,Café Conillon,10
2010-02-03,Café Conillon,EUNAPOLIS,Tipo 7/8,sc 60 kg,"155,00",155.0,Café Conillon,10
2010-02-04,Café Conillon,EUNAPOLIS,Tipo 7,sc 60 kg,"152,00",152.0,Café Conillon,10
2010-02-04,Café Conillon,EUNAPOLIS,Tipo 7/8,sc 60 kg,"155,00",155.0,Café Conillon,10
2010-02-05,Café Conillon,EUNAPOLIS,Tipo 7,sc 60 kg,"152,00",152.0,Café Conillon,10
2010-02-05,Café Conillon,EUNAPOLIS,Tipo 7/8,sc 60 kg,"155,00",155.0,Café Conillon,10
2010-02-08,Café Conillon,EUNAPOLIS,Tipo 7,sc 60 kg,"152,00",152.0,Café Conillon,10
2010-02-08,Café Conillon,EUNAPOLIS,Tipo 7/8,sc 60 kg,"155,00",155.0,Café Conillon,10
2010-02-09,Café Conillon,EUNAPOLIS,Tipo 7,sc 60 kg,"152,00",152.0,Café Conillon,10
2010-02-09,Café Conillon,EUNAPOLIS,Tipo 7/8,sc 60 kg,"155,00",155.0,Café Conillon,10
2010-02-10,Café Conillon,EUNAPOLIS,Tipo 7,sc 60 kg,"152,00",152.0,Café Conillon,10
2010-02-10,Café Conillon,EUNAPOLIS,Tipo 7/8,sc 60 kg,"155,00",155.0,Café Conillon,10
2010-02-11,Café Conillon,EUNAPOLIS,Tipo 7,sc 60 kg,"152,00",152.0,Café Conillon,10
2010-02-11,Café Conillon,EUNAPOLIS,Tipo 7/8,sc 60 kg,"155,00",155.0,Café Conillon,10
2010-02-18,Café Conillon,EUNAPOLIS,Tipo 7,sc 60 kg,"152,00",152.0,Café Conillon,10
2010-02-18,Café Conillon,EUNAPOLIS,Tipo 7/8,sc 60 kg,"155,00",155.0,Café Conillon,10
2010-02-19,Café Conillon,EUNAPOLIS,Tipo 7,sc 60 kg,"155,00",155.0,Café Conillon,10
2010-02-19,Café Conillon,EUNAPOLIS,Tipo 7/8,sc 60 kg,"158,00",158.0,Café Conillon,10
2010-02-22,Café Conillon,EUNAPOLIS,Tipo 7,sc 60 kg,"157,00",157.0,Café Conillon,10
2010-02-22,Café Conillon,EUNAPOLIS,Tipo 7/8,sc 60 kg,"160,00",160.0,Café Conillon,10
2010-02-23,Café Conillon,EUNAPOLIS,Tipo 7,sc 60 kg,"157,00",157.0,Café Conillon,10
2010-02-23,Café Conillon,EUNAPOLIS,Tipo 7/8,sc 60 kg,"160,00",160.0,Café Conillon,10
2010-02-24,Café Conillon,EUNAPOLIS,Tipo 7,sc 60 kg,"157,00",157.0,Café Conillon,10
2010-02-24,Café Conillon,EUNAPOLIS,Tipo 7/8,sc 60 kg,"160,00",160.0,Café Conillon,10
2010-02-25,Café Conillon,EUNAPOLIS,Tipo 7,sc 60 kg,"157,00",157.0,Café Conillon,10
2010-02-25,Café Conillon,EUNAPOLIS,Tipo 7/8,sc 60 kg,"160,00",160.0,Café Conillon,10
2010-02-26,Café Conillon,EUNAPOLIS,Tipo 7,sc 60 kg,"157,00",157.0,Café Conillon,10
2010-02-26,Café Conillon,EUNAPOLIS,Tipo 7/8,sc 60 kg,"160,00",160.0,Café Conillon,10
2010-03-01,Café Conillon,EUNAPOLIS,Tipo 7,sc 60 kg,"157,00",157.0,Café Conillon,10
2010-03-01,Café Conillon,EUNAPOLIS,Tipo 7/8,sc 60 kg,"160,00",160.0,Café Conillon,10
2010-03-02,Café Conillon,EUNAPOLIS,Tipo 7,sc 60 kg,"157,00",157.0,Café Conillon,10
2010-03-02,Café Conillon,EUNAPOLIS,Tipo 7/8,sc 60 kg,"160,00",160.0,Café Conillon,10
2010-03-03,Café Conillon,EUNAPOLIS,Tipo 7,sc 60 kg,"157,00",157.0,Café Conillon,10
2010-03-03,Café Conillon,EUNAPOLIS,Tipo 7/8,sc 60 kg,"160,00",160.0,Café Conillon,10
2010-03-04,Café Conillon,EUNAPOLIS,Tipo 7,sc 60 kg,"157,00",157.0,Café Conillon,10
2010-03-04,Café Conillon,EUNAPOLIS,Tipo 7/8,sc 60 kg,"160,00",160.0,Café Conillon,10
2010-03-05,Café Conillon,EUNAPOLIS,Tipo 7,sc 60 kg,"157,00",157.0,Café Conillon,10
2010-03-05,Café Conillon,EUNAPOLIS,Tipo 7/8,sc 60 kg,"160,00",160.0,Café Conillon,10
2010-03-08,Café Conillon,EUNAPOLIS,Tipo 7,sc 60 kg,"157,00",157.0,Café Conillon,10
2010-03-08,Café Conillon,EUNAPOLIS,Tipo 7/8,sc 60 kg,"160,00",160.0,Café Conillon,10
2010-03-09,Café Conillon,EUNAPOLIS,Tipo 7,sc 60 kg,"160,00",160.0,Café Conillon,10
2010-03-09,Café Conillon,EUNAPOLIS,Tipo 7/8,sc 60 kg,"163,00",163.0,Café Conillon,10
2010-03-10,Café Conillon,EUNAPOLIS,Tipo 7,sc 60 kg,"160,00",160.0,Café Conillon,10
2010-03-10,Café Conillon,EUNAPOLIS,Tipo 7/8,sc 60 kg,"163,00",163.0,Café Conillon,10
2010-03-11,Café Conillon,EUNAPOLIS,Tipo 7,sc 60 kg,"160,00",160.0,Café Conillon,10
2010-03-11,Café Conillon,EUNAPOLIS,Tipo 7/8,sc 60 kg,"163,00",163.0,Café Conillon,10
2010-03-12,Café Conillon,EUNAPOLIS,Tipo 7,sc 60 kg,"160,00",160.0,Café Conillon,10
2010-03-12,Café Conillon,EUNAPOLIS,Tipo 7/8,sc 60 kg,"163,00",163.0,Café Conillon,10
2010-03-15,Café Conillon,EUNAPOLIS,Tipo 7,sc 60 kg,"160,00",160.0,Café Conillon,10
2010-03-15,Café Conillon,EUNAPOLIS,Tipo 7/8,sc 60 kg,"163,00",163.0,Café Conillon,10
2010-03-16,Café Conillon,EUNAPOLIS,Tipo 7,sc 60 kg,"160,00",160.0,Café Conillon,10
2010-03-16,Café Conillon,EUNAPOLIS,Tipo 7/8,sc 60 kg,"163,00",163.0,Café Conillon,10
2010-03-17,Café Conillon,EUNAPOLIS,Tipo 7,sc 60 kg,"160,00",160.0,Café Conillon,10
2010-03-17,Café Conillon,EUNAPOLIS,Tipo 7/8,sc 60 kg,"163,00",163.0,Café Conillon,10
2010-03-18,Café Conillon,EUNAPOLIS,Tipo 7,sc 60 kg,"160,00",160.0,Café Conillon,10
2010-03-18,Café Conillon,EUNAPOLIS,Tipo 7/8,sc 60 kg,"163,00",163.0,Café Conillon,10
2010-03-19,Café Conillon,EUNAPOLIS,Tipo 7,sc 60 kg,"160,00",160.0,Café Conillon,10
2010-03-19,Café Conillon,EUNAPOLIS,Tipo 7/8,sc 60 kg,"163,00",163.0,Café Conillon,10
2010-03-22,Café Conillon,EUNAPOLIS,Tipo 7,sc 60 kg,"160,00",160.0,Café Conillon,10
2010-03-22,Café Conillon,EUNAPOLIS,Tipo 7/8,sc 60 kg,"163,00",163.0,Café Conillon,10
2010-03-23,Café Conillon,EUNAPOLIS,Tipo 7,sc 60 kg,"160,00",160.0,Café Conillon,10
2010-03-23,Café Conillon,EUNAPOLIS,Tipo 7/8,sc 60 kg,"163,00",163.0,Café Conillon,10
2010-03-24,Café Conillon,EUNAPOLIS,Tipo 7,sc 60 kg,"157,00",157.0,Café Conillon,10
2010-03-24,Café Conillon,EUNAPOLIS,Tipo 7/8,sc 60 kg,"160,00",160.0,Café Conillon,10
2010-03-25,Café Conillon,EUNAPOLIS,Tipo 7,sc 60 kg,"157,00",157.0,Café Conillon,10
2010-03-25,Café Conillon,EUNAPOLIS,Tipo 7/8,sc 60 kg,"160,00",160.0,Café Conillon,10
2010-03-26,Café Conillon,EUNAPOLIS,Tipo 7,sc 60 kg,"157,00",157.0,Café Conillon,10
2010-03-26,Café Conillon,EUNAPOLIS,Tipo 7/8,sc 60 kg,"160,00",160.0,Café Conillon,10
2010-03-29,Café Conillon,EUNAPOLIS,Tipo 7,sc 60 kg,"157,00",157.0,Café Conillon,10
2010-03-29,Café Conillon,EUNAPOLIS,Tipo 7/8,sc 60 kg,"160,00",160.0,Café Conillon,10
2010-03-30,Café Conillon,EUNAPOLIS,Tipo 7,sc 60 kg,"157,00",157.0,Café Conillon,10
2010-03-30,Café Conillon,EUNAPOLIS,Tipo 7/8,sc 60 kg,"160,00",160.0,Café Conillon,10
2010-03-31,Café Conillon,EUNAPOLIS,Tipo 7,sc 60 kg,"157,00",157.0,Café Conillon,10
2010-03-31,Café Conillon,EUNAPOLIS,Tipo 7/8,sc 60 kg,"160,00",160.0,Café Conillon,10
2010-04-05,Café Conillon,EUNAPOLIS,Tipo 7,sc 60 kg,"157,00",157.0,Café Conillon,10
2010-04-05,Café Conillon,EUNAPOLIS,Tipo 7/8,sc 60 kg,"160,00",160.0,Café Conillon,10
2010-04-06,Café Conillon,EUNAPOLIS,Tipo 7,sc 60 kg,"142,00",142.0,Café Conillon,10
2010-04-06,Café Conillon,EUNAPOLIS,Tipo 7/8,sc 60 kg,"145,00",145.0,Café Conillon,10
2010-04-07,Café Conillon,EUNAPOLIS,Tipo 7,sc 60 kg,"142,00",142.0,Café Conillon,10
2010-04-07,Café Conillon,EUNAPOLIS,Tipo 7/8,sc 60 kg,"145,00",145.0,Café Conillon,10
2010-04-08,Café Conillon,EUNAPOLIS,Tipo 7,sc 60 kg,"142,00",142.0,Café Conillon,10
2010-04-08,Café Conillon,EUNAPOLIS,Tipo 7/8,sc 60 kg,"145,00",145.0,Café Conillon,10
2010-04-09,Café Conillon,EUNAPOLIS,Tipo 7,sc 60 kg,"142,00",142.0,Café Conillon,10
2010-04-09,Café Conillon,EUNAPOLIS,Tipo 7/8,sc 60 kg,"145,00",145.0,Café Conillon,10
2010-04-12,Café Conillon,EUNAPOLIS,Tipo 7,sc 60 kg,"142,00",142.0,Café Conillon,10
2010-04-12,Café Conillon,EUNAPOLIS,Tipo 7/8,sc 60 kg,"145,00",145.0,Café Conillon,10
2010-04-13,Café Conillon,EUNAPOLIS,Tipo 7,sc 60 kg,"142,00",142.0,Café Conillon,10
2010-04-13,Café Conillon,EUNAPOLIS,Tipo 7/8,sc 60 kg,"145,00",145.0,Café Conillon,10
2010-04-14,Café Conillon,EUNAPOLIS,Tipo 7,sc 60 kg,"142,00",142.0,Café Conillon,10
2010-04-14,Café Conillon,EUNAPOLIS,Tipo 7/8,sc 60 kg,"145,00",145.0,Café Conillon,10
2010-04-15,Café Conillon,EUNAPOLIS,Tipo 7,sc 60 kg,"137,00",137.0,Café Conillon,10
2010-04-15,Café Conillon,EUNAPOLIS,Tipo 7/8,sc 60 kg,"140,00",140.0,Café Conillon,10
2010-04-16,Café Conillon,EUNAPOLIS,Tipo 7,sc 60 kg,"137,00",137.0,Café Conillon,10
2010-04-16,Café Conillon,EUNAPOLIS,Tipo 7/8,sc 60 kg,"140,00",140.0,Café Conillon,10
2010-04-19,Café Conillon,EUNAPOLIS,Tipo 7,sc 60 kg,"137,00",137.0,Café Conillon,10
2010-04-19,Café Conillon,EUNAPOLIS,Tipo 7/8,sc 60 kg,"140,00",140.0,Café Conillon,10
2010-04-20,Café Conillon,EUNAPOLIS,Tipo 7,sc 60 kg,"134,00",134.0,Café Conillon,10
2010-04-20,Café Conillon,EUNAPOLIS,Tipo 7/8,sc 60 kg,"137,00",137.0,Café Conillon,10
2010-04-22,Café Conillon,EUNAPOLIS,Tipo 7,sc 60 kg,"134,00",134.0,Café Conillon,10
2010-04-22,Café Conillon,EUNAPOLIS,Tipo 7/8,sc 60 kg,"137,00",137.0,Café Conillon,10
2010-04-23,Café Conillon,EUNAPOLIS,Tipo 7,sc 60 kg,"132,00",132.0,Café Conillon,10
2010-04-23,Café Conillon,EUNAPOLIS,Tipo 7/8,sc 60 kg,"135,00",135.0,Café Conillon,10
2010-04-26,Café Conillon,EUNAPOLIS,Tipo 7,sc 60 kg,"132,00",132.0,Café Conillon,10
2010-04-26,Café Conillon,EUNAPOLIS,Tipo 7/8,sc 60 kg,"135,00",135.0,Café Conillon,10
2010-04-27,Café Conillon,EUNAPOLIS,Tipo 7,sc 60 kg,"132,00",132.0,Café Conillon,10
2010-04-27,Café Conillon,EUNAPOLIS,Tipo 7/8,sc 60 kg,"135,00",135.0,Café Conillon,10
2010-04-28,Café Conillon,EUNAPOLIS,Tipo 7,sc 60 kg,"132,00",132.0,Café Conillon,10
2010-04-28,Café Conillon,EUNAPOLIS,Tipo 7/8,sc 60 kg,"135,00",135.0,Café Conillon,10
2010-04-29,Café Conillon,EUNAPOLIS,Tipo 7,sc 60 kg,"132,00",132.0,Café Conillon,10
2010-04-29,Café Conillon,EUNAPOLIS,Tipo 7/8,sc 60 kg,"135,00",135.0,Café Conillon,10
2010-04-30,Café Conillon,EUNAPOLIS,Tipo 7,sc 60 kg,"132,00",132.0,Café Conillon,10
2010-04-30,Café Conillon,EUNAPOLIS,Tipo 7/8,sc 60 kg,"135,00",135.0,Café Conillon,10
2010-05-03,Café Conillon,EUNAPOLIS,Tipo 7,sc 60 kg,"132,00",132.0,Café Conillon,10
2010-05-03,Café Conillon,EUNAPOLIS,Tipo 7/8,sc 60 kg,"135,00",135.0,Café Conillon,10
2010-05-04,Café Conillon,EUNAPOLIS,Tipo 7,sc 60 kg,"132,00",132.0,Café Conillon,10
2010-05-04,Café Conillon,EUNAPOLIS,Tipo 7/8,sc 60 kg,"135,00",135.0,Café Conillon,10
2010-05-05,Café Conillon,EUNAPOLIS,Tipo 7,sc 60 kg,"132,00",132.0,Café Conillon,10
2010-05-05,Café Conillon,EUNAPOLIS,Tipo 7/8,sc 60 kg,"135,00",135.0,Café Conillon,10
2010-05-06,Café Conillon,EUNAPOLIS,Tipo 7,sc 60 kg,"137,00",137.0,Café Conillon,10
2010-05-06,Café Conillon,EUNAPOLIS,Tipo 7/8,sc 60 kg,"140,00",140.0,Café Conillon,10
2010-05-07,Café Conillon,EUNAPOLIS,Tipo 7,sc 60 kg,"137,00",137.0,Café Conillon,10
2010-05-07,Café Conillon,EUNAPOLIS,Tipo 7/8,sc 60 kg,"140,00",140.0,Café Conillon,10
2010-05-10,Café Conillon,EUNAPOLIS,Tipo 7,sc 60 kg,"137,00",137.0,Café Conillon,10
2010-05-10,Café Conillon,EUNAPOLIS,Tipo 7/8,sc 60 kg,"140,00",140.0,Café Conillon,10
2010-05-11,Café Conillon,EUNAPOLIS,Tipo 7,sc 60 kg,"137,00",137.0,Café Conillon,10
2010-05-11,Café Conillon,EUNAPOLIS,Tipo 7/8,sc 60 kg,"140,00",140.0,Café Conillon,10
2010-05-12,Café Conillon,EUNAPOLIS,Tipo 7,sc 60 kg,"137,00",137.0,Café Conillon,10
2010-05-12,Café Conillon,EUNAPOLIS,Tipo 7/8,sc 60 kg,"140,00",140.0,Café Conillon,10
2010-05-13,Café Conillon,EUNAPOLIS,Tipo 7,sc 60 kg,"137,00",137.0,Café Conillon,10
2010-05-13,Café Conillon,EUNAPOLIS,Tipo 7/8,sc 60 kg,"140,00",140.0,Café Conillon,10
2010-05-14,Café Conillon,EUNAPOLIS,Tipo 7,sc 60 kg,"137,00",137.0,Café Conillon,10
2010-05-14,Café Conillon,EUNAPOLIS,Tipo 7/8,sc 60 kg,"140,00",140.0,Café Conillon,10
2010-05-17,Café Conillon,EUNAPOLIS,Tipo 7,sc 60 kg,"137,00",137.0,Café Conillon,10
2010-05-17,Café Conillon,EUNAPOLIS,Tipo 7/8,sc 60 kg,"140,00",140.0,Café Conillon,10
2010-05-18,Café Conillon,EUNAPOLIS,Tipo 7,sc 60 kg,"137,00",137.0,Café Conillon,10
2010-05-18,Café Conillon,EUNAPOLIS,Tipo 7/8,sc 60 kg,"140,00",140.0,Café Conillon,10
2010-05-19,Café Conillon,EUNAPOLIS,Tipo 7,sc 60 kg,"137,00",137.0,Café Conillon,10
2010-05-19,Café Conillon,EUNAPOLIS,Tipo 7/8,sc 60 kg,"140,00",140.0,Café Conillon,10
2010-05-20,Café Conillon,EUNAPOLIS,Tipo 7,sc 60 kg,"137,00",137.0,Café Conillon,10
2010-05-20,Café Conillon,EUNAPOLIS,Tipo 7/8,sc 60 kg,"140,00",140.0,Café Conillon,10
2010-05-21,Café Conillon,EUNAPOLIS,Tipo 7,sc 60 kg,"137,00",137.0,Café Conillon,10
2010-05-21,Café Conillon,EUNAPOLIS,Tipo 7/8,sc 60 kg,"140,00",140.0,Café Conillon,10
2010-05-24,Café Conillon,EUNAPOLIS,Tipo 7,sc 60 kg,"137,00",137.0,Café Conillon,10
2010-05-24,Café Conillon,EUNAPOLIS,Tipo 7/8,sc 60 kg,"140,00",140.0,Café Conillon,10
2010-05-25,Café Conillon,EUNAPOLIS,Tipo 7,sc 60 kg,"147,00",147.0,Café Conillon,10
2010-05-25,Café Conillon,EUNAPOLIS,Tipo 7/8,sc 60 kg,"150,00",150.0,Café Conillon,10
2010-05-26,Café Conillon,EUNAPOLIS,Tipo 7,sc 60 kg,"147,00",147.0,Café Conillon,10
2010-05-26,Café Conillon,EUNAPOLIS,Tipo 7/8,sc 60 kg,"150,00",150.0,Café Conillon,10
2010-05-27,Café Conillon,EUNAPOLIS,Tipo 7,sc 60 kg,"147,00",147.0,Café Conillon,10
2010-05-27,Café Conillon,EUNAPOLIS,Tipo 7/8,sc 60 kg,"150,00",150.0,Café Conillon,10
2010-05-28,Café Conillon,EUNAPOLIS,Tipo 7,sc 60 kg,"147,00",147.0,Café Conillon,10
2010-05-28,Café Conillon,EUNAPOLIS,Tipo 7/8,sc 60 kg,"150,00",150.0,Café Conillon,10
2010-05-31,Café Conillon,EUNAPOLIS,Tipo 7,sc 60 kg,"147,00",147.0,Café Conillon,10
2010-05-31,Café Conillon,EUNAPOLIS,Tipo 7/8,sc 60 kg,"150,00",150.0,Café Conillon,10
2010-06-01,Café Conillon,EUNAPOLIS,Tipo 7,sc 60 kg,"152,00",152.0,Café Conillon,10
2010-06-01,Café Conillon,EUNAPOLIS,Tipo 7/8,sc 60 kg,"155,00",155.0,Café Conillon,10
2010-06-02,Café Conillon,EUNAPOLIS,Tipo 7,sc 60 kg,"152,00",152.0,Café Conillon,10
2010-06-02,Café Conillon,EUNAPOLIS,Tipo 7/8,sc 60 kg,"155,00",155.0,Café Conillon,10
2010-06-04,Café Conillon,EUNAPOLIS,Tipo 7,sc 60 kg,"152,00",152.0,Café Conillon,10
2010-06-04,Café Conillon,EUNAPOLIS,Tipo 7/8,sc 60 kg,"155,00",155.0,Café Conillon,10
2010-06-07,Café Conillon,EUNAPOLIS,Tipo 7,sc 60 kg,"157,00",157.0,Café Conillon,10
2010-06-07,Café Conillon,EUNAPOLIS,Tipo 7/8,sc 60 kg,"160,00",160.0,Café Conillon,10
2010-06-08,Café Conillon,EUNAPOLIS,Tipo 7,sc 60 kg,"157,00",157.0,Café Conillon,10
2010-06-08,Café Conillon,EUNAPOLIS,Tipo 7/8,sc 60 kg,"160,00",160.0,Café Conillon,10
2010-06-09,Café Conillon,EUNAPOLIS,Tipo 7,sc 60 kg,"157,00",157.0,Café Conillon,10
2010-06-09,Café Conillon,EUNAPOLIS,Tipo 7/8,sc 60 kg,"160,00",160.0,Café Conillon,10
2010-06-10,Café Conillon,EUNAPOLIS,Tipo 7,sc 60 kg,"162,00",162.0,Café Conillon,10
2010-06-10,Café Conillon,EUNAPOLIS,Tipo 7/8,sc 60 kg,"165,00",165.0,Café Conillon,10
2010-06-11,Café Conillon,EUNAPOLIS,Tipo 7,sc 60 kg,"162,00",162.0,Café Conillon,10
2010-06-11,Café Conillon,EUNAPOLIS,Tipo 7/8,sc 60 kg,"165,00",165.0,Café Conillon,10
2010-06-14,Café Conillon,EUNAPOLIS,Tipo 7,sc 60 kg,"162,00",162.0,Café Conillon,10
2010-06-14,Café Conillon,EUNAPOLIS,Tipo 7/8,sc 60 kg,"165,00",165.0,Café Conillon,10
2010-06-15,Café Conillon,EUNAPOLIS,Tipo 7,sc 60 kg,"162,00",162.0,Café Conillon,10
2010-06-15,Café Conillon,EUNAPOLIS,Tipo 7/8,sc 60 kg,"165,00",165.0,Café Conillon,10
2010-06-16,Café Conillon,EUNAPOLIS,Tipo 7,sc 60 kg,"162,00",162.0,Café Conillon,10
2010-06-16,Café Conillon,EUNAPOLIS,Tipo 7/8,sc 60 kg,"165,00",165.0,Café Conillon,10
2010-06-17,Café Conillon,EUNAPOLIS,Tipo 7,sc 60 kg,"162,00",162.0,Café Conillon,10
2010-06-17,Café Conillon,EUNAPOLIS,Tipo 7/8,sc 60 kg,"165,00",165.0,Café Conillon,10
2010-06-18,Café Conillon,EUNAPOLIS,Tipo 7,sc 60 kg,"162,00",162.0,Café Conillon,10
2010-06-18,Café Conillon,EUNAPOLIS,Tipo 7/8,sc 60 kg,"165,00",165.0,Café Conillon,10
2010-06-21,Café Conillon,EUNAPOLIS,Tipo 7,sc 60 kg,"162,00",162.0,Café Conillon,10
2010-06-21,Café Conillon,EUNAPOLIS,Tipo 7/8,sc 60 kg,"165,00",165.0,Café Conillon,10
2010-06-22,Café Conillon,EUNAPOLIS,Tipo 7,sc 60 kg,"162,00",162.0,Café Conillon,10
2010-06-22,Café Conillon,EUNAPOLIS,Tipo 7/8,sc 60 kg,"165,00",165.0,Café Conillon,10
2010-06-28,Café Conillon,EUNAPOLIS,Tipo 7,sc 60 kg,"152,00",152.0,Café Conillon,10
2010-06-28,Café Conillon,EUNAPOLIS,Tipo 7/8,sc 60 kg,"155,00",155.0,Café Conillon,10
2010-06-29,Café Conillon,EUNAPOLIS,Tipo 7,sc 60 kg,"152,00",152.0,Café Conillon,10
2010-06-29,Café Conillon,EUNAPOLIS,Tipo 7/8,sc 60 kg,"155,00",155.0,Café Conillon,10
2010-06-30,Café Conillon,EUNAPOLIS,Tipo 7,sc 60 kg,"152,00",152.0,Café Conillon,10
2010-06-30,Café Conillon,EUNAPOLIS,Tipo 7/8,sc 60 kg,"155,00",155.0,Café Conillon,10
2010-07-01,Café Conillon,EUNAPOLIS,Tipo 7,sc 60 kg,"152,00",152.0,Café Conillon,10
2010-07-01,Café Conillon,EUNAPOLIS,Tipo 7/8,sc 60 kg,"155,00",155.0,Café Conillon,10
2010-07-05,Café Conillon,EUNAPOLIS,Tipo 7,sc 60 kg,"152,00",152.0,Café Conillon,10
2010-07-05,Café Conillon,EUNAPOLIS,Tipo 7/8,sc 60 kg,"155,00",155.0,Café Conillon,10
2010-07-06,Café Conillon,EUNAPOLIS,Tipo 7,sc 60 kg,"152,00",152.0,Café Conillon,10
2010-07-06,Café Conillon,EUNAPOLIS,Tipo 7/8,sc 60 kg,"155,00",155.0,Café Conillon,10
2010-07-07,Café Conillon,EUNAPOLIS,Tipo 7,sc 60 kg,"155,00",155.0,Café Conillon,10
2010-07-07,Café Conillon,EUNAPOLIS,Tipo 7/8,sc 60 kg,"158,00",158.0,Café Conillon,10
2010-07-08,Café Conillon,EUNAPOLIS,Tipo 7,sc 60 kg,"155,00",155.0,Café Conillon,10
2010-07-08,Café Conillon,EUNAPOLIS,Tipo 7/8,sc 60 kg,"158,00",158.0,Café Conillon,10
2010-07-09,Café Conillon,EUNAPOLIS,Tipo 7,sc 60 kg,"155,00",155.0,Café Conillon,10
2010-07-09,Café Conillon,EUNAPOLIS,Tipo 7/8,sc 60 kg,"158,00",158.0,Café Conillon,10
2010-07-12,Café Conillon,EUNAPOLIS,Tipo 7,sc 60 kg,"155,00",155.0,Café Conillon,10
2010-07-12,Café Conillon,EUNAPOLIS,Tipo 7/8,sc 60 kg,"158,00",158.0,Café Conillon,10
2010-07-13,Café Conillon,EUNAPOLIS,Tipo 7,sc 60 kg,"155,00",155.0,Café Conillon,10
2010-07-13,Café Conillon,EUNAPOLIS,Tipo 7/8,sc 60 kg,"158,00",158.0,Café Conillon,10
2010-07-14,Café Conillon,EUNAPOLIS,Tipo 7,sc 60 kg,"155,00",155.0,Café Conillon,10
2010-07-14,Café Conillon,EUNAPOLIS,Tipo 7/8,sc 60 kg,"158,00",158.0,Café Conillon,10
2010-07-15,Café Conillon,EUNAPOLIS,Tipo 7,sc 60 kg,"155,00",155.0,Café Conillon,10
2010-07-15,Café Conillon,EUNAPOLIS,Tipo 7/8,sc 60 kg,"158,00",158.0,Café Conillon,10
2010-07-16,Café Conillon,EUNAPOLIS,Tipo 7,sc 60 kg,"155,00",155.0,Café Conillon,10
2010-07-16,Café Conillon,EUNAPOLIS,Tipo 7/8,sc 60 kg,"158,00",158.0,Café Conillon,10
2010-07-19,Café Conillon,EUNAPOLIS,Tipo 7,sc 60 kg,"155,00",155.0,Café Conillon,10
2010-07-19,Café Conillon,EUNAPOLIS,Tipo 7/8,sc 60 kg,"158,00",158.0,Café Conillon,10
2010-07-20,Café Conillon,EUNAPOLIS,Tipo 7,sc 60 kg,"155,00",155.0,Café Conillon,10
2010-07-20,Café Conillon,EUNAPOLIS,Tipo 7/8,sc 60 kg,"158,00",158.0,Café Conillon,10
2010-07-21,Café Conillon,EUNAPOLIS,Tipo 7,sc 60 kg,"155,00",155.0,Café Conillon,10
2010-07-21,Café Conillon,EUNAPOLIS,Tipo 7/8,sc 60 kg,"158,00",158.0,Café Conillon,10
2010-07-22,Café Conillon,EUNAPOLIS,Tipo 7,sc 60 kg,"155,00",155.0,Café Conillon,10
2010-07-22,Café Conillon,EUNAPOLIS,Tipo 7/8,sc 60 kg,"158,00",158.0,Café Conillon,10
2010-07-23,Café Conillon,EUNAPOLIS,Tipo 7,sc 60 kg,"155,00",155.0,Café Conillon,10
2010-07-23,Café Conillon,EUNAPOLIS,Tipo 7/8,sc 60 kg,"158,00",158.0,Café Conillon,10
2010-07-26,Café Conillon,EUNAPOLIS,Tipo 7,sc 60 kg,"155,00",155.0,Café Conillon,10
2010-07-26,Café Conillon,EUNAPOLIS,Tipo 7/8,sc 60 kg,"158,00",158.0,Café Conillon,10
2010-07-27,Café Conillon,EUNAPOLIS,Tipo 7,sc 60 kg,"155,00",155.0,Café Conillon,10
2010-07-27,Café Conillon,EUNAPOLIS,Tipo 7/8,sc 60 kg,"158,00",158.0,Café Conillon,10
2010-07-28,Café Conillon,EUNAPOLIS,Tipo 7,sc 60 kg,"155,00",155.0,Café Conillon,10
2010-07-28,Café Conillon,EUNAPOLIS,Tipo 7/8,sc 60 kg,"158,00",158.0,Café Conillon,10
2010-07-29,Café Conillon,EUNAPOLIS,Tipo 7,sc 60 kg,"155,00",155.0,Café Conillon,10
2010-07-29,Café Conillon,EUNAPOLIS,Tipo 7/8,sc 60 kg,"158,00",158.0,Café Conillon,10
2010-07-30,Café Conillon,EUNAPOLIS,Tipo 7,sc 60 kg,"157,00",157.0,Café Conillon,10
2010-07-30,Café Conillon,EUNAPOLIS,Tipo 7/8,sc 60 kg,"160,00",160.0,Café Conillon,10
2010-08-02,Café Conillon,EUNAPOLIS,Tipo 7,sc 60 kg,"157,00",157.0,Café Conillon,10
2010-08-02,Café Conillon,EUNAPOLIS,Tipo 7/8,sc 60 kg,"160,00",160.0,Café Conillon,10
2010-08-03,Café Conillon,EUNAPOLIS,Tipo 7,sc 60 kg,"157,00",157.0,Café Conillon,10
2010-08-03,Café Conillon,EUNAPOLIS,Tipo 7/8,sc 60 kg,"160,00",160.0,Café Conillon,10
2010-08-04,Café Conillon,EUNAPOLIS,Tipo 7,sc 60 kg,"157,00",157.0,Café Conillon,10
2010-08-04,Café Conillon,EUNAPOLIS,Tipo 7/8,sc 60 kg,"160,00",160.0,Café Conillon,10
2010-08-05,Café Conillon,EUNAPOLIS,Tipo 7,sc 60 kg,"157,00",157.0,Café Conillon,10
2010-08-05,Café Conillon,EUNAPOLIS,Tipo 7/8,sc 60 kg,"160,00",160.0,Café Conillon,10
2010-08-06,Café Conillon,EUNAPOLIS,Tipo 7,sc 60 kg,"157,00",157.0,Café Conillon,10
2010-08-06,Café Conillon,EUNAPOLIS,Tipo 7/8,sc 60 kg,"160,00",160.0,Café Conillon,10
2010-08-09,Café Conillon,EUNAPOLIS,Tipo 7,sc 60 kg,"157,00",157.0,Café Conillon,10
2010-08-09,Café Conillon,EUNAPOLIS,Tipo 7/8,sc 60 kg,"160,00",160.0,Café Conillon,10
2010-08-10,Café Conillon,EUNAPOLIS,Tipo 7,sc 60 kg,"157,00",157.0,Café Conillon,10
2010-08-10,Café Conillon,EUNAPOLIS,Tipo 7/8,sc 60 kg,"160,00",160.0,Café Conillon,10
2010-08-11,Café Conillon,EUNAPOLIS,Tipo 7,sc 60 kg,"157,00",157.0,Café Conillon,10
2010-08-11,Café Conillon,EUNAPOLIS,Tipo 7/8,sc 60 kg,"160,00",160.0,Café Conillon,10
2010-08-12,Café Conillon,EUNAPOLIS,Tipo 7,sc 60 kg,"157,00",157.0,Café Conillon,10
2010-08-12,Café Conillon,EUNAPOLIS,Tipo 7/8,sc 60 kg,"160,00",160.0,Café Conillon,10
2010-08-13,Café Conillon,EUNAPOLIS,Tipo 7,sc 60 kg,"160,00",160.0,Café Conillon,10
2010-08-13,Café Conillon,EUNAPOLIS,Tipo 7/8,sc 60 kg,"163,00",163.0,Café Conillon,10
2010-08-16,Café Conillon,EUNAPOLIS,Tipo 7,sc 60 kg,"160,00",160.0,Café Conillon,10
2010-08-16,Café Conillon,EUNAPOLIS,Tipo 7/8,sc 60 kg,"163,00",163.0,Café Conillon,10
2010-08-17,Café Conillon,EUNAPOLIS,Tipo 7,sc 60 kg,"160,00",160.0,Café Conillon,10
2010-08-17,Café Conillon,EUNAPOLIS,Tipo 7/8,sc 60 kg,"163,00",163.0,Café Conillon,10
2010-08-18,Café Conillon,EUNAPOLIS,Tipo 7,sc 60 kg,"160,00",160.0,Café Conillon,10
2010-08-18,Café Conillon,EUNAPOLIS,Tipo 7/8,sc 60 kg,"163,00",163.0,Café Conillon,10
2010-08-19,Café Conillon,EUNAPOLIS,Tipo 7,sc 60 kg,"157,00",157.0,Café Conillon,10
2010-08-19,Café Conillon,EUNAPOLIS,Tipo 7/8,sc 60 kg,"160,00",160.0,Café Conillon,10
2010-08-20,Café Conillon,EUNAPOLIS,Tipo 7,sc 60 kg,"157,00",157.0,Café Conillon,10
2010-08-20,Café Conillon,EUNAPOLIS,Tipo 7/8,sc 60 kg,"160,00",160.0,Café Conillon,10
2010-08-23,Café Conillon,EUNAPOLIS,Tipo 7,sc 60 kg,"157,00",157.0,Café Conillon,10
2010-08-23,Café Conillon,EUNAPOLIS,Tipo 7/8,sc 60 kg,"160,00",160.0,Café Conillon,10
2010-08-24,Café Conillon,EUNAPOLIS,Tipo 7,sc 60 kg,"157,00",157.0,Café Conillon,10
2010-08-24,Café Conillon,EUNAPOLIS,Tipo 7/8,sc 60 kg,"160,00",160.0,Café Conillon,10
2010-08-25,Café Conillon,EUNAPOLIS,Tipo 7,sc 60 kg,"157,00",157.0,Café Conillon,10
2010-08-25,Café Conillon,EUNAPOLIS,Tipo 7/8,sc 60 kg,"160,00",160.0,Café Conillon,10
2010-08-26,Café Conillon,EUNAPOLIS,Tipo 7,sc 60 kg,"152,00",152.0,Café Conillon,10
2010-08-26,Café Conillon,EUNAPOLIS,Tipo 7/8,sc 60 kg,"155,00",155.0,Café Conillon,10
2010-08-27,Café Conillon,EUNAPOLIS,Tipo 7,sc 60 kg,"152,00",152.0,Café Conillon,10
2010-08-27,Café Conillon,EUNAPOLIS,Tipo 7/8,sc 60 kg,"155,00",155.0,Café Conillon,10
2010-08-30,Café Conillon,EUNAPOLIS,Tipo 7,sc 60 kg,"152,00",152.0,Café Conillon,10
2010-08-30,Café Conillon,EUNAPOLIS,Tipo 7/8,sc 60 kg,"155,00",155.0,Café Conillon,10
2010-08-31,Café Conillon,EUNAPOLIS,Tipo 7,sc 60 kg,"152,00",152.0,Café Conillon,10
2010-08-31,Café Conillon,EUNAPOLIS,Tipo 7/8,sc 60 kg,"155,00",155.0,Café Conillon,10
2010-09-01,Café Conillon,EUNAPOLIS,Tipo 7,sc 60 kg,"152,00",152.0,Café Conillon,10
2010-09-01,Café Conillon,EUNAPOLIS,Tipo 7/8,sc 60 kg,"155,00",155.0,Café Conillon,10
2010-09-02,Café Conillon,EUNAPOLIS,Tipo 7,sc 60 kg,"155,00",155.0,Café Conillon,10
2010-09-02,Café Conillon,EUNAPOLIS,Tipo 7/8,sc 60 kg,"158,00",158.0,Café Conillon,10
2010-09-03,Café Conillon,EUNAPOLIS,Tipo 7,sc 60 kg,"155,00",155.0,Café Conillon,10
2010-09-03,Café Conillon,EUNAPOLIS,Tipo 7/8,sc 60 kg,"158,00",158.0,Café Conillon,10
2010-09-08,Café Conillon,EUNAPOLIS,Tipo 7,sc 60 kg,"157,00",157.0,Café Conillon,10
2010-09-08,Café Conillon,EUNAPOLIS,Tipo 7/8,sc 60 kg,"160,00",160.0,Café Conillon,10
2010-09-09,Café Conillon,EUNAPOLIS,Tipo 7,sc 60 kg,"157,00",157.0,Café Conillon,10
2010-09-09,Café Conillon,EUNAPOLIS,Tipo 7/8,sc 60 kg,"160,00",160.0,Café Conillon,10
2010-09-10,Café Conillon,EUNAPOLIS,Tipo 7,sc 60 kg,"157,00",157.0,Café Conillon,10
2010-09-10,Café Conillon,EUNAPOLIS,Tipo 7/8,sc 60 kg,"160,00",160.0,Café Conillon,10
2010-09-13,Café Conillon,EUNAPOLIS,Tipo 7,sc 60 kg,"157,00",157.0,Café Conillon,10
2010-09-13,Café Conillon,EUNAPOLIS,Tipo 7/8,sc 60 kg,"160,00",160.0,Café Conillon,10
2010-09-14,Café Conillon,EUNAPOLIS,Tipo 7,sc 60 kg,"157,00",157.0,Café Conillon,10
2010-09-14,Café Conillon,EUNAPOLIS,Tipo 7/8,sc 60 kg,"160,00",160.0,Café Conillon,10
2010-09-15,Café Conillon,EUNAPOLIS,Tipo 7,sc 60 kg,"157,00",157.0,Café Conillon,10
2010-09-15,Café Conillon,EUNAPOLIS,Tipo 7/8,sc 60 kg,"160,00",160.0,Café Conillon,10
2010-09-16,Café Conillon,EUNAPOLIS,Tipo 7,sc 60 kg,"157,00",157.0,Café Conillon,10
2010-09-16,Café Conillon,EUNAPOLIS,Tipo 7/8,sc 60 kg,"160,00",160.0,Café Conillon,10
2010-09-17,Café Conillon,EUNAPOLIS,Tipo 7,sc 60 kg,"157,00",157.0,Café Conillon,10
2010-09-17,Café Conillon,EUNAPOLIS,Tipo 7/8,sc 60 kg,"160,00",160.0,Café Conillon,10
2010-09-20,Café Conillon,EUNAPOLIS,Tipo 7,sc 60 kg,"157,00",157.0,Café Conillon,10
2010-09-20,Café Conillon,EUNAPOLIS,Tipo 7/8,sc 60 kg,"160,00",160.0,Café Conillon,10
2010-09-21,Café Conillon,EUNAPOLIS,Tipo 7,sc 60 kg,"155,00",155.0,Café Conillon,10
2010-09-21,Café Conillon,EUNAPOLIS,Tipo 7/8,sc 60 kg,"158,00",158.0,Café Conillon,10
2010-09-22,Café Conillon,EUNAPOLIS,Tipo 7,sc 60 kg,"155,00",155.0,Café Conillon,10
2010-09-22,Café Conillon,EUNAPOLIS,Tipo 7/8,sc 60 kg,"158,00",158.0,Café Conillon,10
2010-09-23,Café Conillon,EUNAPOLIS,Tipo 7,sc 60 kg,"155,00",155.0,Café Conillon,10
2010-09-23,Café Conillon,EUNAPOLIS,Tipo 7/8,sc 60 kg,"158,00",158.0,Café Conillon,10
2010-09-24,Café Conillon,EUNAPOLIS,Tipo 7,sc 60 kg,"157,00",157.0,Café Conillon,10
2010-09-24,Café Conillon,EUNAPOLIS,Tipo 7/8,sc 60 kg,"160,00",160.0,Café Conillon,10
2010-09-27,Café Conillon,EUNAPOLIS,Tipo 7,sc 60 kg,"157,00",157.0,Café Conillon,10
2010-09-27,Café Conillon,EUNAPOLIS,Tipo 7/8,sc 60 kg,"160,00",160.0,Café Conillon,10
2010-09-28,Café Conillon,EUNAPOLIS,Tipo 7,sc 60 kg,"157,00",157.0,Café Conillon,10
2010-09-28,Café Conillon,EUNAPOLIS,Tipo 7/8,sc 60 kg,"160,00",160.0,Café Conillon,10
2010-09-29,Café Conillon,EUNAPOLIS,Tipo 7,sc 60 kg,"157,00",157.0,Café Conillon,10
2010-09-29,Café Conillon,EUNAPOLIS,Tipo 7/8,sc 60 kg,"160,00",160.0,Café Conillon,10
2010-09-30,Café Conillon,EUNAPOLIS,Tipo 7,sc 60 kg,"157,00",157.0,Café Conillon,10
2010-09-30,Café Conillon,EUNAPOLIS,Tipo 7/8,sc 60 kg,"160,00",160.0,Café Conillon,10
2010-10-01,Café Conillon,EUNAPOLIS,Tipo 7,sc 60 kg,"157,00",157.0,Café Conillon,10
2010-10-01,Café Conillon,EUNAPOLIS,Tipo 7/8,sc 60 kg,"160,00",160.0,Café Conillon,10
2010-10-04,Café Conillon,EUNAPOLIS,Tipo 7,sc 60 kg,"154,00",154.0,Café Conillon,10
2010-10-04,Café Conillon,EUNAPOLIS,Tipo 7/8,sc 60 kg,"157,00",157.0,Café Conillon,10
2010-10-05,Café Conillon,EUNAPOLIS,Tipo 7,sc 60 kg,"154,00",154.0,Café Conillon,10
2010-10-05,Café Conillon,EUNAPOLIS,Tipo 7/8,sc 60 kg,"157,00",157.0,Café Conillon,10
2010-10-06,Café Conillon,EUNAPOLIS,Tipo 7,sc 60 kg,"154,00",154.0,Café Conillon,10
2010-10-06,Café Conillon,EUNAPOLIS,Tipo 7/8,sc 60 kg,"157,00",157.0,Café Conillon,10
2010-10-07,Café Conillon,EUNAPOLIS,Tipo 7,sc 60 kg,"154,00",154.0,Café Conillon,10
2010-10-07,Café Conillon,EUNAPOLIS,Tipo 7/8,sc 60 kg,"157,00",157.0,Café Conillon,10
2010-10-08,Café Conillon,EUNAPOLIS,Tipo 7,sc 60 kg,"154,00",154.0,Café Conillon,10
2010-10-08,Café Conillon,EUNAPOLIS,Tipo 7/8,sc 60 kg,"157,00",157.0,Café Conillon,10
2010-10-13,Café Conillon,EUNAPOLIS,Tipo 7,sc 60 kg,"154,00",154.0,Café Conillon,10
2010-10-13,Café Conillon,EUNAPOLIS,Tipo 7/8,sc 60 kg,"157,00",157.0,Café Conillon,10
2010-10-14,Café Conillon,EUNAPOLIS,Tipo 7,sc 60 kg,"154,00",154.0,Café Conillon,10
2010-10-14,Café Conillon,EUNAPOLIS,Tipo 7/8,sc 60 kg,"157,00",157.0,Café Conillon,10
2010-10-15,Café Conillon,EUNAPOLIS,Tipo 7,sc 60 kg,"154,00",154.0,Café Conillon,10
2010-10-15,Café Conillon,EUNAPOLIS,Tipo 7/8,sc 60 kg,"157,00",157.0,Café Conillon,10
2010-10-18,Café Conillon,EUNAPOLIS,Tipo 7,sc 60 kg,"154,00",154.0,Café Conillon,10
2010-10-18,Café Conillon,EUNAPOLIS,Tipo 7/8,sc 60 kg,"157,00",157.0,Café Conillon,10
2010-10-19,Café Conillon,EUNAPOLIS,Tipo 7,sc 60 kg,"154,00",154.0,Café Conillon,10
2010-10-19,Café Conillon,EUNAPOLIS,Tipo 7/8,sc 60 kg,"157,00",157.0,Café Conillon,10
2010-10-20,Café Conillon,EUNAPOLIS,Tipo 7,sc 60 kg,"154,00",154.0,Café Conillon,10
2010-10-20,Café Conillon,EUNAPOLIS,Tipo 7/8,sc 60 kg,"157,00",157.0,Café Conillon,10
2010-10-21,Café Conillon,EUNAPOLIS,Tipo 7,sc 60 kg,"154,00",154.0,Café Conillon,10
2010-10-21,Café Conillon,EUNAPOLIS,Tipo 7/8,sc 60 kg,"157,00",157.0,Café Conillon,10
2010-10-22,Café Conillon,EUNAPOLIS,Tipo 7,sc 60 kg,"154,00",154.0,Café Conillon,10
2010-10-22,Café Conillon,EUNAPOLIS,Tipo 7/8,sc 60 kg,"157,00",157.0,Café Conillon,10
2010-10-25,Café Conillon,EUNAPOLIS,Tipo 7,sc 60 kg,"160,00",160.0,Café Conillon,10
2010-10-25,Café Conillon,EUNAPOLIS,Tipo 7/8,sc 60 kg,"163,00",163.0,Café Conillon,10
2010-10-26,Café Conillon,EUNAPOLIS,Tipo 7,sc 60 kg,"160,00",160.0,Café Conillon,10
2010-10-26,Café Conillon,EUNAPOLIS,Tipo 7/8,sc 60 kg,"163,00",163.0,Café Conillon,10
2010-10-27,Café Conillon,EUNAPOLIS,Tipo 7,sc 60 kg,"162,00",162.0,Café Conillon,10
2010-10-27,Café Conillon,EUNAPOLIS,Tipo 7/8,sc 60 kg,"165,00",165.0,Café Conillon,10
2010-10-28,Café Conillon,EUNAPOLIS,Tipo 7,sc 60 kg,"162,00",162.0,Café Conillon,10
2010-10-28,Café Conillon,EUNAPOLIS,Tipo 7/8,sc 60 kg,"165,00",165.0,Café Conillon,10
2010-11-03,Café Conillon,EUNAPOLIS,Tipo 7,sc 60 kg,"167,00",167.0,Café Conillon,10
2010-11-03,Café Conillon,EUNAPOLIS,Tipo 7/8,sc 60 kg,"170,00",170.0,Café Conillon,10
2010-11-04,Café Conillon,EUNAPOLIS,Tipo 7,sc 60 kg,"167,00",167.0,Café Conillon,10
2010-11-04,Café Conillon,EUNAPOLIS,Tipo 7/8,sc 60 kg,"170,00",170.0,Café Conillon,10
2010-11-05,Café Conillon,EUNAPOLIS,Tipo 7,sc 60 kg,"167,00",167.0,Café Conillon,10
2010-11-05,Café Conillon,EUNAPOLIS,Tipo 7/8,sc 60 kg,"170,00",170.0,Café Conillon,10
2010-11-08,Café Conillon,EUNAPOLIS,Tipo 7,sc 60 kg,"167,00",167.0,Café Conillon,10
2010-11-08,Café Conillon,EUNAPOLIS,Tipo 7/8,sc 60 kg,"170,00",170.0,Café Conillon,10
2010-11-09,Café Conillon,EUNAPOLIS,Tipo 7,sc 60 kg,"167,00",167.0,Café Conillon,10
2010-11-09,Café Conillon,EUNAPOLIS,Tipo 7/8,sc 60 kg,"170,00",170.0,Café Conillon,10
2010-11-10,Café Conillon,EUNAPOLIS,Tipo 7,sc 60 kg,"167,00",167.0,Café Conillon,10
2010-11-10,Café Conillon,EUNAPOLIS,Tipo 7/8,sc 60 kg,"170,00",170.0,Café Conillon,10
2010-11-11,Café Conillon,EUNAPOLIS,Tipo 7,sc 60 kg,"167,00",167.0,Café Conillon,10
2010-11-11,Café Conillon,EUNAPOLIS,Tipo 7/8,sc 60 kg,"170,00",170.0,Café Conillon,10
2010-11-12,Café Conillon,EUNAPOLIS,Tipo 7,sc 60 kg,"167,00",167.0,Café Conillon,10
2010-11-12,Café Conillon,EUNAPOLIS,Tipo 7/8,sc 60 kg,"170,00",170.0,Café Conillon,10
2010-11-16,Café Conillon,EUNAPOLIS,Tipo 7,sc 60 kg,"167,00",167.0,Café Conillon,10
2010-11-16,Café Conillon,EUNAPOLIS,Tipo 7/8,sc 60 kg,"170,00",170.0,Café Conillon,10
2010-11-17,Café Conillon,EUNAPOLIS,Tipo 7,sc 60 kg,"167,00",167.0,Café Conillon,10
2010-11-17,Café Conillon,EUNAPOLIS,Tipo 7/8,sc 60 kg,"170,00",170.0,Café Conillon,10
2010-11-18,Café Conillon,EUNAPOLIS,Tipo 7,sc 60 kg,"167,00",167.0,Café Conillon,10
2010-11-18,Café Conillon,EUNAPOLIS,Tipo 7/8,sc 60 kg,"170,00",170.0,Café Conillon,10
2010-11-19,Café Conillon,EUNAPOLIS,Tipo 7,sc 60 kg,"167,00",167.0,Café Conillon,10
2010-11-19,Café Conillon,EUNAPOLIS,Tipo 7/8,sc 60 kg,"170,00",170.0,Café Conillon,10
2010-11-22,Café Conillon,EUNAPOLIS,Tipo 7,sc 60 kg,"167,00",167.0,Café Conillon,10
2010-11-22,Café Conillon,EUNAPOLIS,Tipo 7/8,sc 60 kg,"170,00",170.0,Café Conillon,10
2010-11-23,Café Conillon,EUNAPOLIS,Tipo 7,sc 60 kg,"172,00",172.0,Café Conillon,10
2010-11-23,Café Conillon,EUNAPOLIS,Tipo 7/8,sc 60 kg,"175,00",175.0,Café Conillon,10
2010-11-24,Café Conillon,EUNAPOLIS,Tipo 7,sc 60 kg,"172,00",172.0,Café Conillon,10
2010-11-24,Café Conillon,EUNAPOLIS,Tipo 7/8,sc 60 kg,"175,00",175.0,Café Conillon,10
2010-11-25,Café Conillon,EUNAPOLIS,Tipo 7,sc 60 kg,"172,00",172.0,Café Conillon,10
2010-11-25,Café Conillon,EUNAPOLIS,Tipo 7/8,sc 60 kg,"175,00",175.0,Café Conillon,10
2010-11-26,Café Conillon,EUNAPOLIS,Tipo 7,sc 60 kg,"172,00",172.0,Café Conillon,10
2010-11-26,Café Conillon,EUNAPOLIS,Tipo 7/8,sc 60 kg,"175,00",175.0,Café Conillon,10
2010-11-29,Café Conillon,EUNAPOLIS,Tipo 7,sc 60 kg,"172,00",172.0,Café Conillon,10
2010-11-29,Café Conillon,EUNAPOLIS,Tipo 7/8,sc 60 kg,"175,00",175.0,Café Conillon,10
2010-11-30,Café Conillon,EUNAPOLIS,Tipo 7,sc 60 kg,"172,00",172.0,Café Conillon,10
2010-11-30,Café Conillon,EUNAPOLIS,Tipo 7/8,sc 60 kg,"175,00",175.0,Café Conillon,10
2010-12-01,Café Conillon,EUNAPOLIS,Tipo 7,sc 60 kg,"172,00",172.0,Café Conillon,10
2010-12-01,Café Conillon,EUNAPOLIS,Tipo 7/8,sc 60 kg,"175,00",175.0,Café Conillon,10
2010-12-02,Café Conillon,EUNAPOLIS,Tipo 7,sc 60 kg,"172,00",172.0,Café Conillon,10
2010-12-02,Café Conillon,EUNAPOLIS,Tipo 7/8,sc 60 kg,"175,00",175.0,Café Conillon,10
2010-12-03,Café Conillon,EUNAPOLIS,Tipo 7,sc 60 kg,"172,00",172.0,Café Conillon,10
2010-12-03,Café Conillon,EUNAPOLIS,Tipo 7/8,sc 60 kg,"175,00",175.0,Café Conillon,10
2010-12-06,Café Conillon,EUNAPOLIS,Tipo 7,sc 60 kg,"175,00",175.0,Café Conillon,10
2010-12-06,Café Conillon,EUNAPOLIS,Tipo 7/8,sc 60 kg,"178,00",178.0,Café Conillon,10
2010-12-07,Café Conillon,EUNAPOLIS,Tipo 7,sc 60 kg,"177,00",177.0,Café Conillon,10
2010-12-07,Café Conillon,EUNAPOLIS,Tipo 7/8,sc 60 kg,"180,00",180.0,Café Conillon,10
2010-12-09,Café Conillon,EUNAPOLIS,Tipo 7,sc 60 kg,"177,00",177.0,Café Conillon,10
2010-12-09,Café Conillon,EUNAPOLIS,Tipo 7/8,sc 60 kg,"180,00",180.0,Café Conillon,10
2010-12-10,Café Conillon,EUNAPOLIS,Tipo 7,sc 60 kg,"177,00",177.0,Café Conillon,10
2010-12-10,Café Conillon,EUNAPOLIS,Tipo 7/8,sc 60 kg,"180,00",180.0,Café Conillon,10
2010-12-13,Café Conillon,EUNAPOLIS,Tipo 7,sc 60 kg,"177,00",177.0,Café Conillon,10
2010-12-13,Café Conillon,EUNAPOLIS,Tipo 7/8,sc 60 kg,"180,00",180.0,Café Conillon,10
2010-12-14,Café Conillon,EUNAPOLIS,Tipo 7,sc 60 kg,"177,00",177.0,Café Conillon,10
2010-12-14,Café Conillon,EUNAPOLIS,Tipo 7/8,sc 60 kg,"180,00",180.0,Café Conillon,10
2010-12-15,Café Conillon,EUNAPOLIS,Tipo 7,sc 60 kg,"177,00",177.0,Café Conillon,10
2010-12-15,Café Conillon,EUNAPOLIS,Tipo 7/8,sc 60 kg,"180,00",180.0,Café Conillon,10
2010-12-16,Café Conillon,EUNAPOLIS,Tipo 7,sc 60 kg,"177,00",177.0,Café Conillon,10
2010-12-16,Café Conillon,EUNAPOLIS,Tipo 7/8,sc 60 kg,"180,00",180.0,Café Conillon,10
2010-12-17,Café Conillon,EUNAPOLIS,Tipo 7,sc 60 kg,"177,00",177.0,Café Conillon,10
2010-12-17,Café Conillon,EUNAPOLIS,Tipo 7/8,sc 60 kg,"180,00",180.0,Café Conillon,10
2010-12-20,Café Conillon,EUNAPOLIS,Tipo 7,sc 60 kg,"177,00",177.0,Café Conillon,10
2010-12-20,Café Conillon,EUNAPOLIS,Tipo 7/8,sc 60 kg,"180,00",180.0,Café Conillon,10
2010-12-21,Café Conillon,EUNAPOLIS,Tipo 7,sc 60 kg,"182,00",182.0,Café Conillon,10
2010-12-21,Café Conillon,EUNAPOLIS,Tipo 7/8,sc 60 kg,"185,00",185.0,Café Conillon,10
2010-12-22,Café Conillon,EUNAPOLIS,Tipo 7,sc 60 kg,"182,00",182.0,Café Conillon,10
2010-12-22,Café Conillon,EUNAPOLIS,Tipo 7/8,sc 60 kg,"185,00",185.0,Café Conillon,10
2010-12-23,Café Conillon,EUNAPOLIS,Tipo 7,sc 60 kg,"182,00",182.0,Café Conillon,10
2010-12-23,Café Conillon,EUNAPOLIS,Tipo 7/8,sc 60 kg,"185,00",185.0,Café Conillon,10
2010-12-27,Café Conillon,EUNAPOLIS,Tipo 7,sc 60 kg,"182,00",182.0,Café Conillon,10
2010-12-27,Café Conillon,EUNAPOLIS,Tipo 7/8,sc 60 kg,"185,00",185.0,Café Conillon,10
2010-12-28,Café Conillon,EUNAPOLIS,Tipo 7,sc 60 kg,"182,00",182.0,Café Conillon,10
2010-12-28,Café Conillon,EUNAPOLIS,Tipo 7/8,sc 60 kg,"185,00",185.0,Café Conillon,10
2010-12-30,Café Conillon,EUNAPOLIS,Tipo 7,sc 60 kg,"182,00",182.0,Café Conillon,10
2010-12-30,Café Conillon,EUNAPOLIS,Tipo 7/8,sc 60 kg,"185,00",185.0,Café Conillon,10
2010-12-31,Café Conillon,EUNAPOLIS,Tipo 7,sc 60 kg,"182,00",182.0,Café Conillon,10
2010-12-31,Café Conillon,EUNAPOLIS,Tipo 7/8,sc 60 kg,"185,00",185.0,Café Conillon,10
2011-01-03,Café Conillon,EUNAPOLIS,Tipo 7,sc 60 kg,"182,00",182.0,Café Conillon,10
2011-01-03,Café Conillon,EUNAPOLIS,Tipo 7/8,sc 60 kg,"185,00",185.0,Café Conillon,10
2011-01-04,Café Conillon,EUNAPOLIS,Tipo 7,sc 60 kg,"182,00",182.0,Café Conillon,10
2011-01-04,Café Conillon,EUNAPOLIS,Tipo 7/8,sc 60 kg,"185,00",185.0,Café Conillon,10
2011-01-05,Café Conillon,EUNAPOLIS,Tipo 7,sc 60 kg,"182,00",182.0,Café Conillon,10
2011-01-05,Café Conillon,EUNAPOLIS,Tipo 7/8,sc 60 kg,"185,00",185.0,Café Conillon,10
2011-01-06,Café Conillon,EUNAPOLIS,Tipo 7,sc 60 kg,"182,00",182.0,Café Conillon,10
2011-01-06,Café Conillon,EUNAPOLIS,Tipo 7/8,sc 60 kg,"185,00",185.0,Café Conillon,10
2011-01-07,Café Conillon,EUNAPOLIS,Tipo 7,sc 60 kg,"182,00",182.0,Café Conillon,10
2011-01-07,Café Conillon,EUNAPOLIS,Tipo 7/8,sc 60 kg,"185,00",185.0,Café Conillon,10
2011-01-10,Café Conillon,EUNAPOLIS,Tipo 7,sc 60 kg,"182,00",182.0,Café Conillon,10
2011-01-10,Café Conillon,EUNAPOLIS,Tipo 7/8,sc 60 kg,"185,00",185.0,Café Conillon,10
2011-01-11,Café Conillon,EUNAPOLIS,Tipo 7,sc 60 kg,"187,00",187.0,Café Conillon,10
2011-01-11,Café Conillon,EUNAPOLIS,Tipo 7/8,sc 60 kg,"190,00",190.0,Café Conillon,10
2011-01-12,Café Conillon,EUNAPOLIS,Tipo 7,sc 60 kg,"187,00",187.0,Café Conillon,10
2011-01-12,Café Conillon,EUNAPOLIS,Tipo 7/8,sc 60 kg,"190,00",190.0,Café Conillon,10
2011-01-13,Café Conillon,EUNAPOLIS,Tipo 7,sc 60 kg,"187,00",187.0,Café Conillon,10
2011-01-13,Café Conillon,EUNAPOLIS,Tipo 7/8,sc 60 kg,"190,00",190.0,Café Conillon,10
2011-01-14,Café Conillon,EUNAPOLIS,Tipo 7,sc 60 kg,"187,00",187.0,Café Conillon,10
2011-01-14,Café Conillon,EUNAPOLIS,Tipo 7/8,sc 60 kg,"190,00",190.0,Café Conillon,10
2011-01-17,Café Conillon,EUNAPOLIS,Tipo 7,sc 60 kg,"187,00",187.0,Café Conillon,10
2011-01-17,Café Conillon,EUNAPOLIS,Tipo 7/8,sc 60 kg,"190,00",190.0,Café Conillon,10
2011-01-18,Café Conillon,EUNAPOLIS,Tipo 7,sc 60 kg,"192,00",192.0,Café Conillon,10
2011-01-18,Café Conillon,EUNAPOLIS,Tipo 7/8,sc 60 kg,"195,00",195.0,Café Conillon,10
2011-01-19,Café Conillon,EUNAPOLIS,Tipo 7,sc 60 kg,"192,00",192.0,Café Conillon,10
2011-01-19,Café Conillon,EUNAPOLIS,Tipo 7/8,sc 60 kg,"195,00",195.0,Café Conillon,10
2011-01-20,Café Conillon,EUNAPOLIS,Tipo 7,sc 60 kg,"192,00",192.0,Café Conillon,10
2011-01-20,Café Conillon,EUNAPOLIS,Tipo 7/8,sc 60 kg,"195,00",195.0,Café Conillon,10
2011-01-21,Café Conillon,EUNAPOLIS,Tipo 7,sc 60 kg,"192,00",192.0,Café Conillon,10
2011-01-21,Café Conillon,EUNAPOLIS,Tipo 7/8,sc 60 kg,"195,00",195.0,Café Conillon,10
2011-01-24,Café Conillon,EUNAPOLIS,Tipo 7,sc 60 kg,"192,00",192.0,Café Conillon,10
2011-01-24,Café Conillon,EUNAPOLIS,Tipo 7/8,sc 60 kg,"195,00",195.0,Café Conillon,10
2011-01-25,Café Conillon,EUNAPOLIS,Tipo 7,sc 60 kg,"192,00",192.0,Café Conillon,10
2011-01-25,Café Conillon,EUNAPOLIS,Tipo 7/8,sc 60 kg,"195,00",195.0,Café Conillon,10
2011-01-26,Café Conillon,EUNAPOLIS,Tipo 7,sc 60 kg,"192,00",192.0,Café Conillon,10
2011-01-26,Café Conillon,EUNAPOLIS,Tipo 7/8,sc 60 kg,"195,00",195.0,Café Conillon,10
2011-01-27,Café Conillon,EUNAPOLIS,Tipo 7,sc 60 kg,"192,00",192.0,Café Conillon,10
2011-01-27,Café Conillon,EUNAPOLIS,Tipo 7/8,sc 60 kg,"195,00",195.0,Café Conillon,10
2011-01-28,Café Conillon,EUNAPOLIS,Tipo 7,sc 60 kg,"192,00",192.0,Café Conillon,10
2011-01-28,Café Conillon,EUNAPOLIS,Tipo 7/8,sc 60 kg,"195,00",195.0,Café Conillon,10
2011-01-31,Café Conillon,EUNAPOLIS,Tipo 7,sc 60 kg,"192,00",192.0,Café Conillon,10
2011-01-31,Café Conillon,EUNAPOLIS,Tipo 7/8,sc 60 kg,"195,00",195.0,Café Conillon,10
2011-02-01,Café Conillon,EUNAPOLIS,Tipo 7,sc 60 kg,"192,00",192.0,Café Conillon,10
2011-02-01,Café Conillon,EUNAPOLIS,Tipo 7/8,sc 60 kg,"195,00",195.0,Café Conillon,10
2011-02-02,Café Conillon,EUNAPOLIS,Tipo 7,sc 60 kg,"192,00",192.0,Café Conillon,10
2011-02-02,Café Conillon,EUNAPOLIS,Tipo 7/8,sc 60 kg,"195,00",195.0,Café Conillon,10
2011-02-03,Café Conillon,EUNAPOLIS,Tipo 7,sc 60 kg,"197,00",197.0,Café Conillon,10
2011-02-03,Café Conillon,EUNAPOLIS,Tipo 7/8,sc 60 kg,"200,00",200.0,Café Conillon,10
2011-02-04,Café Conillon,EUNAPOLIS,Tipo 7,sc 60 kg,"197,00",197.0,Café Conillon,10
2011-02-04,Café Conillon,EUNAPOLIS,Tipo 7/8,sc 60 kg,"200,00",200.0,Café Conillon,10
2011-02-07,Café Conillon,EUNAPOLIS,Tipo 7,sc 60 kg,"197,00",197.0,Café Conillon,10
2011-02-07,Café Conillon,EUNAPOLIS,Tipo 7/8,sc 60 kg,"200,00",200.0,Café Conillon,10
2011-02-08,Café Conillon,EUNAPOLIS,Tipo 7,sc 60 kg,"197,00",197.0,Café Conillon,10
2011-02-08,Café Conillon,EUNAPOLIS,Tipo 7/8,sc 60 kg,"200,00",200.0,Café Conillon,10
2011-02-09,Café Conillon,EUNAPOLIS,Tipo 7,sc 60 kg,"197,00",197.0,Café Conillon,10
2011-02-09,Café Conillon,EUNAPOLIS,Tipo 7/8,sc 60 kg,"200,00",200.0,Café Conillon,10
2011-02-10,Café Conillon,EUNAPOLIS,Tipo 7,sc 60 kg,"197,00",197.0,Café Conillon,10
2011-02-10,Café Conillon,EUNAPOLIS,Tipo 7/8,sc 60 kg,"200,00",200.0,Café Conillon,10
2011-02-11,Café Conillon,EUNAPOLIS,Tipo 7,sc 60 kg,"197,00",197.0,Café Conillon,10
2011-02-11,Café Conillon,EUNAPOLIS,Tipo 7/8,sc 60 kg,"200,00",200.0,Café Conillon,10
2011-02-14,Café Conillon,EUNAPOLIS,Tipo 7,sc 60 kg,"197,00",197.0,Café Conillon,10
2011-02-14,Café Conillon,EUNAPOLIS,Tipo 7/8,sc 60 kg,"200,00",200.0,Café Conillon,10
2011-02-15,Café Conillon,EUNAPOLIS,Tipo 7,sc 60 kg,"197,00",197.0,Café Conillon,10
2011-02-15,Café Conillon,EUNAPOLIS,Tipo 7/8,sc 60 kg,"200,00",200.0,Café Conillon,10
2011-02-16,Café Conillon,EUNAPOLIS,Tipo 7,sc 60 kg,"197,00",197.0,Café Conillon,10
2011-02-16,Café Conillon,EUNAPOLIS,Tipo 7/8,sc 60 kg,"200,00",200.0,Café Conillon,10
2011-02-17,Café Conillon,EUNAPOLIS,Tipo 7,sc 60 kg,"197,00",197.0,Café Conillon,10
2011-02-17,Café Conillon,EUNAPOLIS,Tipo 7/8,sc 60 kg,"200,00",200.0,Café Conillon,10
2011-02-18,Café Conillon,EUNAPOLIS,Tipo 7,sc 60 kg,"197,00",197.0,Café Conillon,10
2011-02-18,Café Conillon,EUNAPOLIS,Tipo 7/8,sc 60 kg,"200,00",200.0,Café Conillon,10
2011-02-21,Café Conillon,EUNAPOLIS,Tipo 7,sc 60 kg,"197,00",197.0,Café Conillon,10
2011-02-21,Café Conillon,EUNAPOLIS,Tipo 7/8,sc 60 kg,"200,00",200.0,Café Conillon,10
2011-02-22,Café Conillon,EUNAPOLIS,Tipo 7,sc 60 kg,"197,00",197.0,Café Conillon,10
2011-02-22,Café Conillon,EUNAPOLIS,Tipo 7/8,sc 60 kg,"200,00",200.0,Café Conillon,10
2011-02-23,Café Conillon,EUNAPOLIS,Tipo 7,sc 60 kg,"200,00",200.0,Café Conillon,10
2011-02-23,Café Conillon,EUNAPOLIS,Tipo 7/8,sc 60 kg,"203,00",203.0,Café Conillon,10
2011-02-24,Café Conillon,EUNAPOLIS,Tipo 7,sc 60 kg,"200,00",200.0,Café Conillon,10
2011-02-24,Café Conillon,EUNAPOLIS,Tipo 7/8,sc 60 kg,"203,00",203.0,Café Conillon,10
2011-02-25,Café Conillon,EUNAPOLIS,Tipo 7,sc 60 kg,"200,00",200.0,Café Conillon,10
2011-02-25,Café Conillon,EUNAPOLIS,Tipo 7/8,sc 60 kg,"203,00",203.0,Café Conillon,10
2011-02-28,Café Conillon,EUNAPOLIS,Tipo 7,sc 60 kg,"197,00",197.0,Café Conillon,10
2011-02-28,Café Conillon,EUNAPOLIS,Tipo 7/8,sc 60 kg,"200,00",200.0,Café Conillon,10
2011-03-01,Café Conillon,EUNAPOLIS,Tipo 7,sc 60 kg,"197,00",197.0,Café Conillon,10
2011-03-01,Café Conillon,EUNAPOLIS,Tipo 7/8,sc 60 kg,"200,00",200.0,Café Conillon,10
2011-03-02,Café Conillon,EUNAPOLIS,Tipo 7,sc 60 kg,"197,00",197.0,Café Conillon,10
2011-03-02,Café Conillon,EUNAPOLIS,Tipo 7/8,sc 60 kg,"200,00",200.0,Café Conillon,10
2011-03-03,Café Conillon,EUNAPOLIS,Tipo 7,sc 60 kg,"197,00",197.0,Café Conillon,10
2011-03-03,Café Conillon,EUNAPOLIS,Tipo 7/8,sc 60 kg,"200,00",200.0,Café Conillon,10
2011-03-10,Café Conillon,EUNAPOLIS,Tipo 7,sc 60 kg,"197,00",197.0,Café Conillon,10
2011-03-10,Café Conillon,EUNAPOLIS,Tipo 7/8,sc 60 kg,"200,00",200.0,Café Conillon,10
2011-03-11,Café Conillon,EUNAPOLIS,Tipo 7,sc 60 kg,"197,00",197.0,Café Conillon,10
2011-03-11,Café Conillon,EUNAPOLIS,Tipo 7/8,sc 60 kg,"200,00",200.0,Café Conillon,10
2011-03-14,Café Conillon,EUNAPOLIS,Tipo 7,sc 60 kg,"192,00",192.0,Café Conillon,10
2011-03-14,Café Conillon,EUNAPOLIS,Tipo 7/8,sc 60 kg,"195,00",195.0,Café Conillon,10
2011-03-15,Café Conillon,EUNAPOLIS,Tipo 7,sc 60 kg,"192,00",192.0,Café Conillon,10
2011-03-15,Café Conillon,EUNAPOLIS,Tipo 7/8,sc 60 kg,"195,00",195.0,Café Conillon,10
2011-03-16,Café Conillon,EUNAPOLIS,Tipo 7,sc 60 kg,"192,00",192.0,Café Conillon,10
2011-03-16,Café Conillon,EUNAPOLIS,Tipo 7/8,sc 60 kg,"195,00",195.0,Café Conillon,10
2011-03-17,Café Conillon,EUNAPOLIS,Tipo 7,sc 60 kg,"192,00",192.0,Café Conillon,10
2011-03-17,Café Conillon,EUNAPOLIS,Tipo 7/8,sc 60 kg,"195,00",195.0,Café Conillon,10
2011-03-18,Café Conillon,EUNAPOLIS,Tipo 7,sc 60 kg,"192,00",192.0,Café Conillon,10
2011-03-18,Café Conillon,EUNAPOLIS,Tipo 7/8,sc 60 kg,"195,00",195.0,Café Conillon,10
2011-03-21,Café Conillon,EUNAPOLIS,Tipo 7,sc 60 kg,"192,00",192.0,Café Conillon,10
2011-03-21,Café Conillon,EUNAPOLIS,Tipo 7/8,sc 60 kg,"195,00",195.0,Café Conillon,10
2011-03-22,Café Conillon,EUNAPOLIS,Tipo 7,sc 60 kg,"192,00",192.0,Café Conillon,10
2011-03-22,Café Conillon,EUNAPOLIS,Tipo 7/8,sc 60 kg,"195,00",195.0,Café Conillon,10
2011-03-23,Café Conillon,EUNAPOLIS,Tipo 7,sc 60 kg,"192,00",192.0,Café Conillon,10
2011-03-23,Café Conillon,EUNAPOLIS,Tipo 7/8,sc 60 kg,"195,00",195.0,Café Conillon,10
2011-03-24,Café Conillon,EUNAPOLIS,Tipo 7,sc 60 kg,"192,00",192.0,Café Conillon,10
2011-03-24,Café Conillon,EUNAPOLIS,Tipo 7/8,sc 60 kg,"195,00",195.0,Café Conillon,10
2011-03-25,Café Conillon,EUNAPOLIS,Tipo 7,sc 60 kg,"192,00",192.0,Café Conillon,10
2011-03-25,Café Conillon,EUNAPOLIS,Tipo 7/8,sc 60 kg,"195,00",195.0,Café Conillon,10
2011-03-28,Café Conillon,EUNAPOLIS,Tipo 7,sc 60 kg,"202,00",202.0,Café Conillon,10
2011-03-28,Café Conillon,EUNAPOLIS,Tipo 7/8,sc 60 kg,"205,00",205.0,Café Conillon,10
2011-03-29,Café Conillon,EUNAPOLIS,Tipo 7,sc 60 kg,"202,00",202.0,Café Conillon,10
2011-03-29,Café Conillon,EUNAPOLIS,Tipo 7/8,sc 60 kg,"205,00",205.0,Café Conillon,10
2011-03-30,Café Conillon,EUNAPOLIS,Tipo 7,sc 60 kg,"202,00",202.0,Café Conillon,10
2011-03-30,Café Conillon,EUNAPOLIS,Tipo 7/8,sc 60 kg,"205,00",205.0,Café Conillon,10
2011-03-31,Café Conillon,EUNAPOLIS,Tipo 7,sc 60 kg,"202,00",202.0,Café Conillon,10
2011-03-31,Café Conillon,EUNAPOLIS,Tipo 7/8,sc 60 kg,"205,00",205.0,Café Conillon,10
2011-04-01,Café Conillon,EUNAPOLIS,Tipo 7,sc 60 kg,"202,00",202.0,Café Conillon,10
2011-04-01,Café Conillon,EUNAPOLIS,Tipo 7/8,sc 60 kg,"205,00",205.0,Café Conillon,10
2011-04-04,Café Conillon,EUNAPOLIS,Tipo 7,sc 60 kg,"202,00",202.0,Café Conillon,10
2011-04-04,Café Conillon,EUNAPOLIS,Tipo 7/8,sc 60 kg,"205,00",205.0,Café Conillon,10
2011-04-05,Café Conillon,EUNAPOLIS,Tipo 7,sc 60 kg,"202,00",202.0,Café Conillon,10
2011-04-05,Café Conillon,EUNAPOLIS,Tipo 7/8,sc 60 kg,"205,00",205.0,Café Conillon,10
2011-04-06,Café Conillon,EUNAPOLIS,Tipo 7,sc 60 kg,"202,00",202.0,Café Conillon,10
2011-04-06,Café Conillon,EUNAPOLIS,Tipo 7/8,sc 60 kg,"205,00",205.0,Café Conillon,10
2011-04-07,Café Conillon,EUNAPOLIS,Tipo 7,sc 60 kg,"202,00",202.0,Café Conillon,10
2011-04-07,Café Conillon,EUNAPOLIS,Tipo 7/8,sc 60 kg,"205,00",205.0,Café Conillon,10
2011-04-08,Café Conillon,EUNAPOLIS,Tipo 7,sc 60 kg,"202,00",202.0,Café Conillon,10
2011-04-08,Café Conillon,EUNAPOLIS,Tipo 7/8,sc 60 kg,"205,00",205.0,Café Conillon,10
2011-04-11,Café Conillon,EUNAPOLIS,Tipo 7,sc 60 kg,"202,00",202.0,Café Conillon,10
2011-04-11,Café Conillon,EUNAPOLIS,Tipo 7/8,sc 60 kg,"205,00",205.0,Café Conillon,10
2011-04-12,Café Conillon,EUNAPOLIS,Tipo 7,sc 60 kg,"202,00",202.0,Café Conillon,10
2011-04-12,Café Conillon,EUNAPOLIS,Tipo 7/8,sc 60 kg,"205,00",205.0,Café Conillon,10
2011-04-13,Café Conillon,EUNAPOLIS,Tipo 7,sc 60 kg,"202,00",202.0,Café Conillon,10
2011-04-13,Café Conillon,EUNAPOLIS,Tipo 7/8,sc 60 kg,"205,00",205.0,Café Conillon,10
2011-04-14,Café Conillon,EUNAPOLIS,Tipo 7,sc 60 kg,"202,00",202.0,Café Conillon,10
2011-04-14,Café Conillon,EUNAPOLIS,Tipo 7/8,sc 60 kg,"205,00",205.0,Café Conillon,10
2011-04-15,Café Conillon,EUNAPOLIS,Tipo 7,sc 60 kg,"202,00",202.0,Café Conillon,10
2011-04-15,Café Conillon,EUNAPOLIS,Tipo 7/8,sc 60 kg,"205,00",205.0,Café Conillon,10
2011-04-18,Café Conillon,EUNAPOLIS,Tipo 7,sc 60 kg,"202,00",202.0,Café Conillon,10
2011-04-18,Café Conillon,EUNAPOLIS,Tipo 7/8,sc 60 kg,"205,00",205.0,Café Conillon,10
2011-04-19,Café Conillon,EUNAPOLIS,Tipo 7,sc 60 kg,"202,00",202.0,Café Conillon,10
2011-04-19,Café Conillon,EUNAPOLIS,Tipo 7/8,sc 60 kg,"205,00",205.0,Café Conillon,10
2011-04-20,Café Conillon,EUNAPOLIS,Tipo 7,sc 60 kg,"202,00",202.0,Café Conillon,10
2011-04-20,Café Conillon,EUNAPOLIS,Tipo 7/8,sc 60 kg,"205,00",205.0,Café Conillon,10
2011-04-25,Café Conillon,EUNAPOLIS,Tipo 7,sc 60 kg,"202,00",202.0,Café Conillon,10
2011-04-25,Café Conillon,EUNAPOLIS,Tipo 7/8,sc 60 kg,"205,00",205.0,Café Conillon,10
2011-04-26,Café Conillon,EUNAPOLIS,Tipo 7,sc 60 kg,"202,00",202.0,Café Conillon,10
2011-04-26,Café Conillon,EUNAPOLIS,Tipo 7/8,sc 60 kg,"205,00",205.0,Café Conillon,10
2011-04-27,Café Conillon,EUNAPOLIS,Tipo 7,sc 60 kg,"202,00",202.0,Café Conillon,10
2011-04-27,Café Conillon,EUNAPOLIS,Tipo 7/8,sc 60 kg,"205,00",205.0,Café Conillon,10
2011-04-28,Café Conillon,EUNAPOLIS,Tipo 7,sc 60 kg,"202,00",202.0,Café Conillon,10
2011-04-28,Café Conillon,EUNAPOLIS,Tipo 7/8,sc 60 kg,"205,00",205.0,Café Conillon,10
2011-04-29,Café Conillon,EUNAPOLIS,Tipo 7,sc 60 kg,"202,00",202.0,Café Conillon,10
2011-04-29,Café Conillon,EUNAPOLIS,Tipo 7/8,sc 60 kg,"205,00",205.0,Café Conillon,10
2011-05-02,Café Conillon,EUNAPOLIS,Tipo 7,sc 60 kg,"212,00",212.0,Café Conillon,10
2011-05-02,Café Conillon,EUNAPOLIS,Tipo 7/8,sc 60 kg,"215,00",215.0,Café Conillon,10
2011-05-03,Café Conillon,EUNAPOLIS,Tipo 7,sc 60 kg,"212,00",212.0,Café Conillon,10
2011-05-03,Café Conillon,EUNAPOLIS,Tipo 7/8,sc 60 kg,"215,00",215.0,Café Conillon,10
2011-05-04,Café Conillon,EUNAPOLIS,Tipo 7,sc 60 kg,"212,00",212.0,Café Conillon,10
2011-05-04,Café Conillon,EUNAPOLIS,Tipo 7/8,sc 60 kg,"215,00",215.0,Café Conillon,10
2011-05-05,Café Conillon,EUNAPOLIS,Tipo 7,sc 60 kg,"212,00",212.0,Café Conillon,10
2011-05-05,Café Conillon,EUNAPOLIS,Tipo 7/8,sc 60 kg,"215,00",215.0,Café Conillon,10
2011-05-06,Café Conillon,EUNAPOLIS,Tipo 7,sc 60 kg,"212,00",212.0,Café Conillon,10
2011-05-06,Café Conillon,EUNAPOLIS,Tipo 7/8,sc 60 kg,"215,00",215.0,Café Conillon,10
2011-05-09,Café Conillon,EUNAPOLIS,Tipo 7,sc 60 kg,"212,00",212.0,Café Conillon,10
2011-05-09,Café Conillon,EUNAPOLIS,Tipo 7/8,sc 60 kg,"215,00",215.0,Café Conillon,10
2011-05-10,Café Conillon,EUNAPOLIS,Tipo 7,sc 60 kg,"212,00",212.0,Café Conillon,10
2011-05-10,Café Conillon,EUNAPOLIS,Tipo 7/8,sc 60 kg,"215,00",215.0,Café Conillon,10
2011-05-11,Café Conillon,EUNAPOLIS,Tipo 7,sc 60 kg,"212,00",212.0,Café Conillon,10
2011-05-11,Café Conillon,EUNAPOLIS,Tipo 7/8,sc 60 kg,"215,00",215.0,Café Conillon,10
2011-05-12,Café Conillon,EUNAPOLIS,Tipo 7,sc 60 kg,"212,00",212.0,Café Conillon,10
2011-05-12,Café Conillon,EUNAPOLIS,Tipo 7/8,sc 60 kg,"215,00",215.0,Café Conillon,10
2011-05-13,Café Conillon,EUNAPOLIS,Tipo 7,sc 60 kg,"212,00",212.0,Café Conillon,10
2011-05-13,Café Conillon,EUNAPOLIS,Tipo 7/8,sc 60 kg,"215,00",215.0,Café Conillon,10
2011-05-16,Café Conillon,EUNAPOLIS,Tipo 7,sc 60 kg,"212,00",212.0,Café Conillon,10
2011-05-16,Café Conillon,EUNAPOLIS,Tipo 7/8,sc 60 kg,"215,00",215.0,Café Conillon,10
2011-05-17,Café Conillon,EUNAPOLIS,Tipo 7,sc 60 kg,"212,00",212.0,Café Conillon,10
2011-05-17,Café Conillon,EUNAPOLIS,Tipo 7/8,sc 60 kg,"215,00",215.0,Café Conillon,10
2011-05-18,Café Conillon,EUNAPOLIS,Tipo 7,sc 60 kg,"212,00",212.0,Café Conillon,10
2011-05-18,Café Conillon,EUNAPOLIS,Tipo 7/8,sc 60 kg,"215,00",215.0,Café Conillon,10
2011-05-19,Café Conillon,EUNAPOLIS,Tipo 7,sc 60 kg,"212,00",212.0,Café Conillon,10
2011-05-19,Café Conillon,EUNAPOLIS,Tipo 7/8,sc 60 kg,"215,00",215.0,Café Conillon,10
2011-05-20,Café Conillon,EUNAPOLIS,Tipo 7,sc 60 kg,"212,00",212.0,Café Conillon,10
2011-05-20,Café Conillon,EUNAPOLIS,Tipo 7/8,sc 60 kg,"215,00",215.0,Café Conillon,10
2011-05-23,Café Conillon,EUNAPOLIS,Tipo 7,sc 60 kg,"212,00",212.0,Café Conillon,10
2011-05-23,Café Conillon,EUNAPOLIS,Tipo 7/8,sc 60 kg,"215,00",215.0,Café Conillon,10
2011-05-24,Café Conillon,EUNAPOLIS,Tipo 7,sc 60 kg,"212,00",212.0,Café Conillon,10
2011-05-24,Café Conillon,EUNAPOLIS,Tipo 7/8,sc 60 kg,"215,00",215.0,Café Conillon,10
2011-05-25,Café Conillon,EUNAPOLIS,Tipo 7,sc 60 kg,"217,00",217.0,Café Conillon,10
2011-05-25,Café Conillon,EUNAPOLIS,Tipo 7/8,sc 60 kg,"220,00",220.0,Café Conillon,10
2011-05-26,Café Conillon,EUNAPOLIS,Tipo 7,sc 60 kg,"217,00",217.0,Café Conillon,10
2011-05-26,Café Conillon,EUNAPOLIS,Tipo 7/8,sc 60 kg,"220,00",220.0,Café Conillon,10
2011-05-27,Café Conillon,EUNAPOLIS,Tipo 7,sc 60 kg,"217,00",217.0,Café Conillon,10
2011-05-27,Café Conillon,EUNAPOLIS,Tipo 7/8,sc 60 kg,"220,00",220.0,Café Conillon,10
2011-05-30,Café Conillon,EUNAPOLIS,Tipo 7,sc 60 kg,"217,00",217.0,Café Conillon,10
2011-05-30,Café Conillon,EUNAPOLIS,Tipo 7/8,sc 60 kg,"220,00",220.0,Café Conillon,10
2012-01-02,Café Conillon,EUNAPOLIS,Tipo 7,sc 60 kg,"272,00",272.0,Café Conillon,10
2012-01-02,Café Conillon,EUNAPOLIS,Tipo 7/8,sc 60 kg,"275,00",275.0,Café Conillon,10
2012-01-03,Café Conillon,EUNAPOLIS,Tipo 7,sc 60 kg,"272,00",272.0,Café Conillon,10
2012-01-03,Café Conillon,EUNAPOLIS,Tipo 7/8,sc 60 kg,"275,00",275.0,Café Conillon,10
2012-01-04,Café Conillon,EUNAPOLIS,Tipo 7,sc 60 kg,"272,00",272.0,Café Conillon,10
2012-01-04,Café Conillon,EUNAPOLIS,Tipo 7/8,sc 60 kg,"275,00",275.0,Café Conillon,10
2012-01-05,Café Conillon,EUNAPOLIS,Tipo 7,sc 60 kg,"272,00",272.0,Café Conillon,10
2012-01-05,Café Conillon,EUNAPOLIS,Tipo 7/8,sc 60 kg,"275,00",275.0,Café Conillon,10
2012-01-06,Café Conillon,EUNAPOLIS,Tipo 7,sc 60 kg,"272,00",272.0,Café Conillon,10
2012-01-06,Café Conillon,EUNAPOLIS,Tipo 7/8,sc 60 kg,"275,00",275.0,Café Conillon,10
2012-01-09,Café Conillon,EUNAPOLIS,Tipo 7,sc 60 kg,"272,00",272.0,Café Conillon,10
2012-01-09,Café Conillon,EUNAPOLIS,Tipo 7/8,sc 60 kg,"275,00",275.0,Café Conillon,10
2012-01-10,Café Conillon,EUNAPOLIS,Tipo 7,sc 60 kg,"272,00",272.0,Café Conillon,10
2012-01-10,Café Conillon,EUNAPOLIS,Tipo 7/8,sc 60 kg,"275,00",275.0,Café Conillon,10
2012-01-11,Café Conillon,EUNAPOLIS,Tipo 7,sc 60 kg,"272,00",272.0,Café Conillon,10
2012-01-11,Café Conillon,EUNAPOLIS,Tipo 7/8,sc 60 kg,"275,00",275.0,Café Conillon,10
2012-01-12,Café Conillon,EUNAPOLIS,Tipo 7,sc 60 kg,"272,00",272.0,Café Conillon,10
2012-01-12,Café Conillon,EUNAPOLIS,Tipo 7/8,sc 60 kg,"275,00",275.0,Café Conillon,10
2012-01-13,Café Conillon,EUNAPOLIS,Tipo 7,sc 60 kg,"282,00",282.0,Café Conillon,10
2012-01-13,Café Conillon,EUNAPOLIS,Tipo 7/8,sc 60 kg,"285,00",285.0,Café Conillon,10
2012-01-16,Café Conillon,EUNAPOLIS,Tipo 7,sc 60 kg,"282,00",282.0,Café Conillon,10
2012-01-16,Café Conillon,EUNAPOLIS,Tipo 7/8,sc 60 kg,"285,00",285.0,Café Conillon,10
2012-01-17,Café Conillon,EUNAPOLIS,Tipo 7,sc 60 kg,"282,00",282.0,Café Conillon,10
2012-01-17,Café Conillon,EUNAPOLIS,Tipo 7/8,sc 60 kg,"285,00",285.0,Café Conillon,10
2012-01-18,Café Conillon,EUNAPOLIS,Tipo 7,sc 60 kg,"282,00",282.0,Café Conillon,10
2012-01-18,Café Conillon,EUNAPOLIS,Tipo 7/8,sc 60 kg,"285,00",285.0,Café Conillon,10
2012-01-19,Café Conillon,EUNAPOLIS,Tipo 7,sc 60 kg,"282,00",282.0,Café Conillon,10
2012-01-19,Café Conillon,EUNAPOLIS,Tipo 7/8,sc 60 kg,"285,00",285.0,Café Conillon,10
2012-01-20,Café Conillon,EUNAPOLIS,Tipo 7,sc 60 kg,"282,00",282.0,Café Conillon,10
2012-01-20,Café Conillon,EUNAPOLIS,Tipo 7/8,sc 60 kg,"285,00",285.0,Café Conillon,10
2012-01-23,Café Conillon,EUNAPOLIS,Tipo 7,sc 60 kg,"282,00",282.0,Café Conillon,10
2012-01-23,Café Conillon,EUNAPOLIS,Tipo 7/8,sc 60 kg,"285,00",285.0,Café Conillon,10
2012-01-24,Café Conillon,EUNAPOLIS,Tipo 7,sc 60 kg,"282,00",282.0,Café Conillon,10
2012-01-24,Café Conillon,EUNAPOLIS,Tipo 7/8,sc 60 kg,"285,00",285.0,Café Conillon,10
2012-01-25,Café Conillon,EUNAPOLIS,Tipo 7,sc 60 kg,"282,00",282.0,Café Conillon,10
2012-01-25,Café Conillon,EUNAPOLIS,Tipo 7/8,sc 60 kg,"285,00",285.0,Café Conillon,10
2012-01-26,Café Conillon,EUNAPOLIS,Tipo 7,sc 60 kg,"282,00",282.0,Café Conillon,10
2012-01-26,Café Conillon,EUNAPOLIS,Tipo 7/8,sc 60 kg,"285,00",285.0,Café Conillon,10
2012-01-27,Café Conillon,EUNAPOLIS,Tipo 7,sc 60 kg,"282,00",282.0,Café Conillon,10
2012-01-27,Café Conillon,EUNAPOLIS,Tipo 7/8,sc 60 kg,"285,00",285.0,Café Conillon,10
2012-01-30,Café Conillon,EUNAPOLIS,Tipo 7,sc 60 kg,"282,00",282.0,Café Conillon,10
2012-01-30,Café Conillon,EUNAPOLIS,Tipo 7/8,sc 60 kg,"285,00",285.0,Café Conillon,10
2012-01-31,Café Conillon,EUNAPOLIS,Tipo 7,sc 60 kg,"267,00",267.0,Café Conillon,10
2012-01-31,Café Conillon,EUNAPOLIS,Tipo 7/8,sc 60 kg,"270,00",270.0,Café Conillon,10
2012-02-01,Café Conillon,EUNAPOLIS,Tipo 7,sc 60 kg,"267,00",267.0,Café Conillon,10
2012-02-01,Café Conillon,EUNAPOLIS,Tipo 7/8,sc 60 kg,"270,00",270.0,Café Conillon,10
2012-02-02,Café Conillon,EUNAPOLIS,Tipo 7,sc 60 kg,"247,00",247.0,Café Conillon,10
2012-02-02,Café Conillon,EUNAPOLIS,Tipo 7/8,sc 60 kg,"250,00",250.0,Café Conillon,10
2012-02-03,Café Conillon,EUNAPOLIS,Tipo 7,sc 60 kg,"247,00",247.0,Café Conillon,10
2012-02-03,Café Conillon,EUNAPOLIS,Tipo 7/8,sc 60 kg,"250,00",250.0,Café Conillon,10
2012-02-08,Café Conillon,EUNAPOLIS,Tipo 7,sc 60 kg,"242,00",242.0,Café Conillon,10
2012-02-08,Café Conillon,EUNAPOLIS,Tipo 7/8,sc 60 kg,"245,00",245.0,Café Conillon,10
2012-02-09,Café Conillon,EUNAPOLIS,Tipo 7,sc 60 kg,"242,00",242.0,Café Conillon,10
2012-02-09,Café Conillon,EUNAPOLIS,Tipo 7/8,sc 60 kg,"245,00",245.0,Café Conillon,10
2012-02-10,Café Conillon,EUNAPOLIS,Tipo 7,sc 60 kg,"242,00",242.0,Café Conillon,10
2012-02-10,Café Conillon,EUNAPOLIS,Tipo 7/8,sc 60 kg,"245,00",245.0,Café Conillon,10
2012-02-13,Café Conillon,EUNAPOLIS,Tipo 7,sc 60 kg,"242,00",242.0,Café Conillon,10
2012-02-13,Café Conillon,EUNAPOLIS,Tipo 7/8,sc 60 kg,"245,00",245.0,Café Conillon,10
2012-02-14,Café Conillon,EUNAPOLIS,Tipo 7,sc 60 kg,"247,00",247.0,Café Conillon,10
2012-02-14,Café Conillon,EUNAPOLIS,Tipo 7/8,sc 60 kg,"250,00",250.0,Café Conillon,10
2012-02-15,Café Conillon,EUNAPOLIS,Tipo 7,sc 60 kg,"247,00",247.0,Café Conillon,10
2012-02-15,Café Conillon,EUNAPOLIS,Tipo 7/8,sc 60 kg,"250,00",250.0,Café Conillon,10
2012-02-16,Café Conillon,EUNAPOLIS,Tipo 7,sc 60 kg,"247,00",247.0,Café Conillon,10
2012-02-16,Café Conillon,EUNAPOLIS,Tipo 7/8,sc 60 kg,"250,00",250.0,Café Conillon,10
2012-02-23,Café Conillon,EUNAPOLIS,Tipo 7,sc 60 kg,"247,00",247.0,Café Conillon,10
2012-02-23,Café Conillon,EUNAPOLIS,Tipo 7/8,sc 60 kg,"250,00",250.0,Café Conillon,10
2012-02-24,Café Conillon,EUNAPOLIS,Tipo 7,sc 60 kg,"247,00",247.0,Café Conillon,10
2012-02-24,Café Conillon,EUNAPOLIS,Tipo 7/8,sc 60 kg,"250,00",250.0,Café Conillon,10
2012-02-27,Café Conillon,EUNAPOLIS,Tipo 7,sc 60 kg,"247,00",247.0,Café Conillon,10
2012-02-27,Café Conillon,EUNAPOLIS,Tipo 7/8,sc 60 kg,"250,00",250.0,Café Conillon,10
2012-02-28,Café Conillon,EUNAPOLIS,Tipo 7,sc 60 kg,"247,00",247.0,Café Conillon,10
2012-02-28,Café Conillon,EUNAPOLIS,Tipo 7/8,sc 60 kg,"250,00",250.0,Café Conillon,10
2012-02-29,Café Conillon,EUNAPOLIS,Tipo 7,sc 60 kg,"247,00",247.0,Café Conillon,10
2012-02-29,Café Conillon,EUNAPOLIS,Tipo 7/8,sc 60 kg,"250,00",250.0,Café Conillon,10
2012-03-01,Café Conillon,EUNAPOLIS,Tipo 7,sc 60 kg,"247,00",247.0,Café Conillon,10
2012-03-01,Café Conillon,EUNAPOLIS,Tipo 7/8,sc 60 kg,"250,00",250.0,Café Conillon,10
2012-03-02,Café Conillon,EUNAPOLIS,Tipo 7,sc 60 kg,"247,00",247.0,Café Conillon,10
2012-03-02,Café Conillon,EUNAPOLIS,Tipo 7/8,sc 60 kg,"250,00",250.0,Café Conillon,10
2012-03-05,Café Conillon,EUNAPOLIS,Tipo 7,sc 60 kg,"247,00",247.0,Café Conillon,10
2012-03-05,Café Conillon,EUNAPOLIS,Tipo 7/8,sc 60 kg,"250,00",250.0,Café Conillon,10
2012-03-06,Café Conillon,EUNAPOLIS,Tipo 7,sc 60 kg,"247,00",247.0,Café Conillon,10
2012-03-06,Café Conillon,EUNAPOLIS,Tipo 7/8,sc 60 kg,"250,00",250.0,Café Conillon,10
2012-03-07,Café Conillon,EUNAPOLIS,Tipo 7,sc 60 kg,"247,00",247.0,Café Conillon,10
2012-03-07,Café Conillon,EUNAPOLIS,Tipo 7/8,sc 60 kg,"250,00",250.0,Café Conillon,10
2012-03-08,Café Conillon,EUNAPOLIS,Tipo 7,sc 60 kg,"247,00",247.0,Café Conillon,10
2012-03-08,Café Conillon,EUNAPOLIS,Tipo 7/8,sc 60 kg,"250,00",250.0,Café Conillon,10
2012-03-09,Café Conillon,EUNAPOLIS,Tipo 7,sc 60 kg,"247,00",247.0,Café Conillon,10
2012-03-09,Café Conillon,EUNAPOLIS,Tipo 7/8,sc 60 kg,"250,00",250.0,Café Conillon,10
2012-03-12,Café Conillon,EUNAPOLIS,Tipo 7,sc 60 kg,"247,00",247.0,Café Conillon,10
2012-03-12,Café Conillon,EUNAPOLIS,Tipo 7/8,sc 60 kg,"250,00",250.0,Café Conillon,10
2012-03-13,Café Conillon,EUNAPOLIS,Tipo 7,sc 60 kg,"237,00",237.0,Café Conillon,10
2012-03-13,Café Conillon,EUNAPOLIS,Tipo 7/8,sc 60 kg,"240,00",240.0,Café Conillon,10
2012-03-14,Café Conillon,EUNAPOLIS,Tipo 7,sc 60 kg,"237,00",237.0,Café Conillon,10
2012-03-14,Café Conillon,EUNAPOLIS,Tipo 7/8,sc 60 kg,"240,00",240.0,Café Conillon,10
2012-03-15,Café Conillon,EUNAPOLIS,Tipo 7,sc 60 kg,"232,00",232.0,Café Conillon,10
2012-03-15,Café Conillon,EUNAPOLIS,Tipo 7/8,sc 60 kg,"235,00",235.0,Café Conillon,10
2012-03-16,Café Conillon,EUNAPOLIS,Tipo 7,sc 60 kg,"227,00",227.0,Café Conillon,10
2012-03-16,Café Conillon,EUNAPOLIS,Tipo 7/8,sc 60 kg,"230,00",230.0,Café Conillon,10
2012-03-19,Café Conillon,EUNAPOLIS,Tipo 7,sc 60 kg,"227,00",227.0,Café Conillon,10
2012-03-19,Café Conillon,EUNAPOLIS,Tipo 7/8,sc 60 kg,"230,00",230.0,Café Conillon,10
2012-03-20,Café Conillon,EUNAPOLIS,Tipo 7,sc 60 kg,"227,00",227.0,Café Conillon,10
2012-03-20,Café Conillon,EUNAPOLIS,Tipo 7/8,sc 60 kg,"230,00",230.0,Café Conillon,10
2012-03-21,Café Conillon,EUNAPOLIS,Tipo 7,sc 60 kg,"227,00",227.0,Café Conillon,10
2012-03-21,Café Conillon,EUNAPOLIS,Tipo 7/8,sc 60 kg,"230,00",230.0,Café Conillon,10
2012-03-22,Café Conillon,EUNAPOLIS,Tipo 7,sc 60 kg,"227,00",227.0,Café Conillon,10
2012-03-22,Café Conillon,EUNAPOLIS,Tipo 7/8,sc 60 kg,"230,00",230.0,Café Conillon,10
2012-03-23,Café Conillon,EUNAPOLIS,Tipo 7,sc 60 kg,"227,00",227.0,Café Conillon,10
2012-03-23,Café Conillon,EUNAPOLIS,Tipo 7/8,sc 60 kg,"230,00",230.0,Café Conillon,10
2012-03-26,Café Conillon,EUNAPOLIS,Tipo 7,sc 60 kg,"227,00",227.0,Café Conillon,10
2012-03-26,Café Conillon,EUNAPOLIS,Tipo 7/8,sc 60 kg,"230,00",230.0,Café Conillon,10
2012-03-27,Café Conillon,EUNAPOLIS,Tipo 7,sc 60 kg,"227,00",227.0,Café Conillon,10
2012-03-27,Café Conillon,EUNAPOLIS,Tipo 7/8,sc 60 kg,"230,00",230.0,Café Conillon,10
2012-03-28,Café Conillon,EUNAPOLIS,Tipo 7,sc 60 kg,"227,00",227.0,Café Conillon,10
2012-03-28,Café Conillon,EUNAPOLIS,Tipo 7/8,sc 60 kg,"230,00",230.0,Café Conillon,10
2012-03-29,Café Conillon,EUNAPOLIS,Tipo 7,sc 60 kg,"227,00",227.0,Café Conillon,10
2012-03-29,Café Conillon,EUNAPOLIS,Tipo 7/8,sc 60 kg,"230,00",230.0,Café Conillon,10
2012-03-30,Café Conillon,EUNAPOLIS,Tipo 7,sc 60 kg,"227,00",227.0,Café Conillon,10
2012-03-30,Café Conillon,EUNAPOLIS,Tipo 7/8,sc 60 kg,"230,00",230.0,Café Conillon,10
2012-04-02,Café Conillon,EUNAPOLIS,Tipo 7,sc 60 kg,"217,00",217.0,Café Conillon,10
2012-04-02,Café Conillon,EUNAPOLIS,Tipo 7/8,sc 60 kg,"220,00",220.0,Café Conillon,10
2012-04-03,Café Conillon,EUNAPOLIS,Tipo 7,sc 60 kg,"217,00",217.0,Café Conillon,10
2012-04-03,Café Conillon,EUNAPOLIS,Tipo 7/8,sc 60 kg,"220,00",220.0,Café Conillon,10
2012-04-04,Café Conillon,EUNAPOLIS,Tipo 7,sc 60 kg,"217,00",217.0,Café Conillon,10
2012-04-04,Café Conillon,EUNAPOLIS,Tipo 7/8,sc 60 kg,"220,00",220.0,Café Conillon,10
2012-04-05,Café Conillon,EUNAPOLIS,Tipo 7,sc 60 kg,"207,00",207.0,Café Conillon,10
2012-04-05,Café Conillon,EUNAPOLIS,Tipo 7/8,sc 60 kg,"210,00",210.0,Café Conillon,10
2012-04-09,Café Conillon,EUNAPOLIS,Tipo 7,sc 60 kg,"207,00",207.0,Café Conillon,10
2012-04-09,Café Conillon,EUNAPOLIS,Tipo 7/8,sc 60 kg,"210,00",210.0,Café Conillon,10
2012-04-10,Café Conillon,EUNAPOLIS,Tipo 7,sc 60 kg,"207,00",207.0,Café Conillon,10
2012-04-10,Café Conillon,EUNAPOLIS,Tipo 7/8,sc 60 kg,"210,00",210.0,Café Conillon,10
2012-04-11,Café Conillon,EUNAPOLIS,Tipo 7,sc 60 kg,"207,00",207.0,Café Conillon,10
2012-04-11,Café Conillon,EUNAPOLIS,Tipo 7/8,sc 60 kg,"210,00",210.0,Café Conillon,10
2012-04-12,Café Conillon,EUNAPOLIS,Tipo 7,sc 60 kg,"207,00",207.0,Café Conillon,10
2012-04-12,Café Conillon,EUNAPOLIS,Tipo 7/8,sc 60 kg,"210,00",210.0,Café Conillon,10
2012-04-13,Café Conillon,EUNAPOLIS,Tipo 7,sc 60 kg,"207,00",207.0,Café Conillon,10
2012-04-13,Café Conillon,EUNAPOLIS,Tipo 7/8,sc 60 kg,"210,00",210.0,Café Conillon,10
2012-04-16,Café Conillon,EUNAPOLIS,Tipo 7,sc 60 kg,"207,00",207.0,Café Conillon,10
2012-04-16,Café Conillon,EUNAPOLIS,Tipo 7/8,sc 60 kg,"210,00",210.0,Café Conillon,10
2012-04-17,Café Conillon,EUNAPOLIS,Tipo 7,sc 60 kg,"217,00",217.0,Café Conillon,10
2012-04-17,Café Conillon,EUNAPOLIS,Tipo 7/8,sc 60 kg,"220,00",220.0,Café Conillon,10
2012-04-18,Café Conillon,EUNAPOLIS,Tipo 7,sc 60 kg,"217,00",217.0,Café Conillon,10
2012-04-18,Café Conillon,EUNAPOLIS,Tipo 7/8,sc 60 kg,"220,00",220.0,Café Conillon,10
2012-04-19,Café Conillon,EUNAPOLIS,Tipo 7,sc 60 kg,"217,00",217.0,Café Conillon,10
2012-04-19,Café Conillon,EUNAPOLIS,Tipo 7/8,sc 60 kg,"220,00",220.0,Café Conillon,10
2012-04-20,Café Conillon,EUNAPOLIS,Tipo 7,sc 60 kg,"217,00",217.0,Café Conillon,10
2012-04-20,Café Conillon,EUNAPOLIS,Tipo 7/8,sc 60 kg,"220,00",220.0,Café Conillon,10
2012-04-23,Café Conillon,EUNAPOLIS,Tipo 7,sc 60 kg,"232,00",232.0,Café Conillon,10
2012-04-23,Café Conillon,EUNAPOLIS,Tipo 7/8,sc 60 kg,"235,00",235.0,Café Conillon,10
2012-04-24,Café Conillon,EUNAPOLIS,Tipo 7,sc 60 kg,"232,00",232.0,Café Conillon,10
2012-04-24,Café Conillon,EUNAPOLIS,Tipo 7/8,sc 60 kg,"235,00",235.0,Café Conillon,10
2012-04-25,Café Conillon,EUNAPOLIS,Tipo 7,sc 60 kg,"232,00",232.0,Café Conillon,10
2012-04-25,Café Conillon,EUNAPOLIS,Tipo 7/8,sc 60 kg,"235,00",235.0,Café Conillon,10
2012-04-26,Café Conillon,EUNAPOLIS,Tipo 7,sc 60 kg,"232,00",232.0,Café Conillon,10
2012-04-26,Café Conillon,EUNAPOLIS,Tipo 7/8,sc 60 kg,"235,00",235.0,Café Conillon,10
2012-04-27,Café Conillon,EUNAPOLIS,Tipo 7,sc 60 kg,"232,00",232.0,Café Conillon,10
2012-04-27,Café Conillon,EUNAPOLIS,Tipo 7/8,sc 60 kg,"235,00",235.0,Café Conillon,10
2012-05-02,Café Conillon,EUNAPOLIS,Tipo 7,sc 60 kg,"232,00",232.0,Café Conillon,10
2012-05-02,Café Conillon,EUNAPOLIS,Tipo 7/8,sc 60 kg,"235,00",235.0,Café Conillon,10
2012-05-03,Café Conillon,EUNAPOLIS,Tipo 7,sc 60 kg,"232,00",232.0,Café Conillon,10
2012-05-03,Café Conillon,EUNAPOLIS,Tipo 7/8,sc 60 kg,"235,00",235.0,Café Conillon,10
2012-05-04,Café Conillon,EUNAPOLIS,Tipo 7,sc 60 kg,"222,00",222.0,Café Conillon,10
2012-05-04,Café Conillon,EUNAPOLIS,Tipo 7/8,sc 60 kg,"225,00",225.0,Café Conillon,10
2012-05-07,Café Conillon,EUNAPOLIS,Tipo 7,sc 60 kg,"222,00",222.0,Café Conillon,10
2012-05-07,Café Conillon,EUNAPOLIS,Tipo 7/8,sc 60 kg,"225,00",225.0,Café Conillon,10
2012-05-08,Café Conillon,EUNAPOLIS,Tipo 7,sc 60 kg,"222,00",222.0,Café Conillon,10
2012-05-08,Café Conillon,EUNAPOLIS,Tipo 7/8,sc 60 kg,"225,00",225.0,Café Conillon,10
2012-05-09,Café Conillon,EUNAPOLIS,Tipo 7,sc 60 kg,"222,00",222.0,Café Conillon,10
2012-05-09,Café Conillon,EUNAPOLIS,Tipo 7/8,sc 60 kg,"225,00",225.0,Café Conillon,10
2012-05-10,Café Conillon,EUNAPOLIS,Tipo 7,sc 60 kg,"222,00",222.0,Café Conillon,10
2012-05-10,Café Conillon,EUNAPOLIS,Tipo 7/8,sc 60 kg,"225,00",225.0,Café Conillon,10
2012-05-11,Café Conillon,EUNAPOLIS,Tipo 7,sc 60 kg,"222,00",222.0,Café Conillon,10
2012-05-11,Café Conillon,EUNAPOLIS,Tipo 7/8,sc 60 kg,"225,00",225.0,Café Conillon,10
2012-05-14,Café Conillon,EUNAPOLIS,Tipo 7,sc 60 kg,"222,00",222.0,Café Conillon,10
2012-05-14,Café Conillon,EUNAPOLIS,Tipo 7/8,sc 60 kg,"225,00",225.0,Café Conillon,10
2012-05-15,Café Conillon,EUNAPOLIS,Tipo 7,sc 60 kg,"222,00",222.0,Café Conillon,10
2012-05-15,Café Conillon,EUNAPOLIS,Tipo 7/8,sc 60 kg,"225,00",225.0,Café Conillon,10
2012-05-16,Café Conillon,EUNAPOLIS,Tipo 7,sc 60 kg,"222,00",222.0,Café Conillon,10
2012-05-16,Café Conillon,EUNAPOLIS,Tipo 7/8,sc 60 kg,"225,00",225.0,Café Conillon,10
2012-05-17,Café Conillon,EUNAPOLIS,Tipo 7,sc 60 kg,"222,00",222.0,Café Conillon,10
2012-05-17,Café Conillon,EUNAPOLIS,Tipo 7/8,sc 60 kg,"225,00",225.0,Café Conillon,10
2012-05-18,Café Conillon,EUNAPOLIS,Tipo 7,sc 60 kg,"222,00",222.0,Café Conillon,10
2012-05-18,Café Conillon,EUNAPOLIS,Tipo 7/8,sc 60 kg,"225,00",225.0,Café Conillon,10
2012-05-21,Café Conillon,EUNAPOLIS,Tipo 7,sc 60 kg,"222,00",222.0,Café Conillon,10
2012-05-21,Café Conillon,EUNAPOLIS,Tipo 7/8,sc 60 kg,"225,00",225.0,Café Conillon,10
2012-05-22,Café Conillon,EUNAPOLIS,Tipo 7,sc 60 kg,"232,00",232.0,Café Conillon,10
2012-05-22,Café Conillon,EUNAPOLIS,Tipo 7/8,sc 60 kg,"235,00",235.0,Café Conillon,10
2012-05-23,Café Conillon,EUNAPOLIS,Tipo 7,sc 60 kg,"232,00",232.0,Café Conillon,10
2012-05-23,Café Conillon,EUNAPOLIS,Tipo 7/8,sc 60 kg,"235,00",235.0,Café Conillon,10
2012-05-24,Café Conillon,EUNAPOLIS,Tipo 7,sc 60 kg,"237,00",237.0,Café Conillon,10
2012-05-24,Café Conillon,EUNAPOLIS,Tipo 7/8,sc 60 kg,"240,00",240.0,Café Conillon,10
2012-05-25,Café Conillon,EUNAPOLIS,Tipo 7,sc 60 kg,"237,00",237.0,Café Conillon,10
2012-05-25,Café Conillon,EUNAPOLIS,Tipo 7/8,sc 60 kg,"240,00",240.0,Café Conillon,10
2012-05-28,Café Conillon,EUNAPOLIS,Tipo 7,sc 60 kg,"242,00",242.0,Café Conillon,10
2012-05-28,Café Conillon,EUNAPOLIS,Tipo 7/8,sc 60 kg,"245,00",245.0,Café Conillon,10
2012-05-29,Café Conillon,EUNAPOLIS,Tipo 7,sc 60 kg,"242,00",242.0,Café Conillon,10
2012-05-29,Café Conillon,EUNAPOLIS,Tipo 7/8,sc 60 kg,"245,00",245.0,Café Conillon,10
2012-05-30,Café Conillon,EUNAPOLIS,Tipo 7,sc 60 kg,"242,00",242.0,Café Conillon,10
2012-05-30,Café Conillon,EUNAPOLIS,Tipo 7/8,sc 60 kg,"245,00",245.0,Café Conillon,10
2012-05-31,Café Conillon,EUNAPOLIS,Tipo 7,sc 60 kg,"242,00",242.0,Café Conillon,10
2012-05-31,Café Conillon,EUNAPOLIS,Tipo 7/8,sc 60 kg,"245,00",245.0,Café Conillon,10
2012-06-01,Café Conillon,EUNAPOLIS,Tipo 7,sc 60 kg,"237,00",237.0,Café Conillon,10
2012-06-01,Café Conillon,EUNAPOLIS,Tipo 7/8,sc 60 kg,"240,00",240.0,Café Conillon,10
2012-06-04,Café Conillon,EUNAPOLIS,Tipo 7,sc 60 kg,"237,00",237.0,Café Conillon,10
2012-06-04,Café Conillon,EUNAPOLIS,Tipo 7/8,sc 60 kg,"240,00",240.0,Café Conillon,10
2012-06-05,Café Conillon,EUNAPOLIS,Tipo 7,sc 60 kg,"237,00",237.0,Café Conillon,10
2012-06-05,Café Conillon,EUNAPOLIS,Tipo 7/8,sc 60 kg,"240,00",240.0,Café Conillon,10
2012-06-06,Café Conillon,EUNAPOLIS,Tipo 7,sc 60 kg,"237,00",237.0,Café Conillon,10
2012-06-06,Café Conillon,EUNAPOLIS,Tipo 7/8,sc 60 kg,"240,00",240.0,Café Conillon,10
2012-06-11,Café Conillon,EUNAPOLIS,Tipo 7,sc 60 kg,"227,00",227.0,Café Conillon,10
2012-06-11,Café Conillon,EUNAPOLIS,Tipo 7/8,sc 60 kg,"230,00",230.0,Café Conillon,10
2012-06-12,Café Conillon,EUNAPOLIS,Tipo 7,sc 60 kg,"227,00",227.0,Café Conillon,10
2012-06-12,Café Conillon,EUNAPOLIS,Tipo 7/8,sc 60 kg,"230,00",230.0,Café Conillon,10
2012-06-13,Café Conillon,EUNAPOLIS,Tipo 7,sc 60 kg,"227,00",227.0,Café Conillon,10
2012-06-13,Café Conillon,EUNAPOLIS,Tipo 7/8,sc 60 kg,"230,00",230.0,Café Conillon,10
2012-06-14,Café Conillon,EUNAPOLIS,Tipo 7,sc 60 kg,"227,00",227.0,Café Conillon,10
2012-06-14,Café Conillon,EUNAPOLIS,Tipo 7/8,sc 60 kg,"230,00",230.0,Café Conillon,10
2012-06-15,Café Conillon,EUNAPOLIS,Tipo 7,sc 60 kg,"227,00",227.0,Café Conillon,10
2012-06-15,Café Conillon,EUNAPOLIS,Tipo 7/8,sc 60 kg,"230,00",230.0,Café Conillon,10
2012-06-18,Café Conillon,EUNAPOLIS,Tipo 7,sc 60 kg,"227,00",227.0,Café Conillon,10
2012-06-18,Café Conillon,EUNAPOLIS,Tipo 7/8,sc 60 kg,"230,00",230.0,Café Conillon,10
2012-06-19,Café Conillon,EUNAPOLIS,Tipo 7,sc 60 kg,"227,00",227.0,Café Conillon,10
2012-06-19,Café Conillon,EUNAPOLIS,Tipo 7/8,sc 60 kg,"230,00",230.0,Café Conillon,10
2012-06-20,Café Conillon,EUNAPOLIS,Tipo 7,sc 60 kg,"227,00",227.0,Café Conillon,10
2012-06-20,Café Conillon,EUNAPOLIS,Tipo 7/8,sc 60 kg,"230,00",230.0,Café Conillon,10
2012-06-21,Café Conillon,EUNAPOLIS,Tipo 7,sc 60 kg,"227,00",227.0,Café Conillon,10
2012-06-21,Café Conillon,EUNAPOLIS,Tipo 7/8,sc 60 kg,"230,00",230.0,Café Conillon,10
2012-06-22,Café Conillon,EUNAPOLIS,Tipo 7,sc 60 kg,"227,00",227.0,Café Conillon,10
2012-06-22,Café Conillon,EUNAPOLIS,Tipo 7/8,sc 60 kg,"230,00",230.0,Café Conillon,10
2012-06-25,Café Conillon,EUNAPOLIS,Tipo 7,sc 60 kg,"227,00",227.0,Café Conillon,10
2012-06-25,Café Conillon,EUNAPOLIS,Tipo 7/8,sc 60 kg,"230,00",230.0,Café Conillon,10
2012-06-26,Café Conillon,EUNAPOLIS,Tipo 7,sc 60 kg,"227,00",227.0,Café Conillon,10
2012-06-26,Café Conillon,EUNAPOLIS,Tipo 7/8,sc 60 kg,"230,00",230.0,Café Conillon,10
2012-06-27,Café Conillon,EUNAPOLIS,Tipo 7,sc 60 kg,"235,00",235.0,Café Conillon,10
2012-06-27,Café Conillon,EUNAPOLIS,Tipo 7/8,sc 60 kg,"238,00",238.0,Café Conillon,10
2012-06-28,Café Conillon,EUNAPOLIS,Tipo 7,sc 60 kg,"235,00",235.0,Café Conillon,10
2012-06-28,Café Conillon,EUNAPOLIS,Tipo 7/8,sc 60 kg,"238,00",238.0,Café Conillon,10
2012-06-29,Café Conillon,EUNAPOLIS,Tipo 7,sc 60 kg,"235,00",235.0,Café Conillon,10
2012-06-29,Café Conillon,EUNAPOLIS,Tipo 7/8,sc 60 kg,"238,00",238.0,Café Conillon,10
2012-07-03,Café Conillon,EUNAPOLIS,Tipo 7,sc 60 kg,"242,00",242.0,Café Conillon,10
2012-07-03,Café Conillon,EUNAPOLIS,Tipo 7/8,sc 60 kg,"245,00",245.0,Café Conillon,10
2012-07-04,Café Conillon,EUNAPOLIS,Tipo 7,sc 60 kg,"242,00",242.0,Café Conillon,10
2012-07-04,Café Conillon,EUNAPOLIS,Tipo 7/8,sc 60 kg,"245,00",245.0,Café Conillon,10
2012-07-05,Café Conillon,EUNAPOLIS,Tipo 7,sc 60 kg,"242,00",242.0,Café Conillon,10
2012-07-05,Café Conillon,EUNAPOLIS,Tipo 7/8,sc 60 kg,"245,00",245.0,Café Conillon,10
2012-07-06,Café Conillon,EUNAPOLIS,Tipo 7,sc 60 kg,"242,00",242.0,Café Conillon,10
2012-07-06,Café Conillon,EUNAPOLIS,Tipo 7/8,sc 60 kg,"245,00",245.0,Café Conillon,10
2012-07-09,Café Conillon,EUNAPOLIS,Tipo 7,sc 60 kg,"242,00",242.0,Café Conillon,10
2012-07-09,Café Conillon,EUNAPOLIS,Tipo 7/8,sc 60 kg,"245,00",245.0,Café Conillon,10
2012-07-10,Café Conillon,EUNAPOLIS,Tipo 7,sc 60 kg,"242,00",242.0,Café Conillon,10
2012-07-10,Café Conillon,EUNAPOLIS,Tipo 7/8,sc 60 kg,"245,00",245.0,Café Conillon,10
2012-07-11,Café Conillon,EUNAPOLIS,Tipo 7,sc 60 kg,"242,00",242.0,Café Conillon,10
2012-07-11,Café Conillon,EUNAPOLIS,Tipo 7/8,sc 60 kg,"245,00",245.0,Café Conillon,10
2012-07-12,Café Conillon,EUNAPOLIS,Tipo 7,sc 60 kg,"242,00",242.0,Café Conillon,10
2012-07-12,Café Conillon,EUNAPOLIS,Tipo 7/8,sc 60 kg,"245,00",245.0,Café Conillon,10
2012-07-13,Café Conillon,EUNAPOLIS,Tipo 7,sc 60 kg,"242,00",242.0,Café Conillon,10
2012-07-13,Café Conillon,EUNAPOLIS,Tipo 7/8,sc 60 kg,"245,00",245.0,Café Conillon,10
2012-07-16,Café Conillon,EUNAPOLIS,Tipo 7,sc 60 kg,"247,00",247.0,Café Conillon,10
2012-07-16,Café Conillon,EUNAPOLIS,Tipo 7/8,sc 60 kg,"250,00",250.0,Café Conillon,10
2012-07-17,Café Conillon,EUNAPOLIS,Tipo 7,sc 60 kg,"247,00",247.0,Café Conillon,10
2012-07-17,Café Conillon,EUNAPOLIS,Tipo 7/8,sc 60 kg,"250,00",250.0,Café Conillon,10
2012-07-18,Café Conillon,EUNAPOLIS,Tipo 7,sc 60 kg,"247,00",247.0,Café Conillon,10
2012-07-18,Café Conillon,EUNAPOLIS,Tipo 7/8,sc 60 kg,"250,00",250.0,Café Conillon,10
2012-07-19,Café Conillon,EUNAPOLIS,Tipo 7,sc 60 kg,"247,00",247.0,Café Conillon,10
2012-07-19,Café Conillon,EUNAPOLIS,Tipo 7/8,sc 60 kg,"250,00",250.0,Café Conillon,10
2012-07-20,Café Conillon,EUNAPOLIS,Tipo 7,sc 60 kg,"247,00",247.0,Café Conillon,10
2012-07-20,Café Conillon,EUNAPOLIS,Tipo 7/8,sc 60 kg,"250,00",250.0,Café Conillon,10
2012-07-23,Café Conillon,EUNAPOLIS,Tipo 7,sc 60 kg,"247,00",247.0,Café Conillon,10
2012-07-23,Café Conillon,EUNAPOLIS,Tipo 7/8,sc 60 kg,"250,00",250.0,Café Conillon,10
2012-07-24,Café Conillon,EUNAPOLIS,Tipo 7,sc 60 kg,"257,00",257.0,Café Conillon,10
2012-07-24,Café Conillon,EUNAPOLIS,Tipo 7/8,sc 60 kg,"260,00",260.0,Café Conillon,10
2012-07-25,Café Conillon,EUNAPOLIS,Tipo 7,sc 60 kg,"257,00",257.0,Café Conillon,10
2012-07-25,Café Conillon,EUNAPOLIS,Tipo 7/8,sc 60 kg,"260,00",260.0,Café Conillon,10
2012-07-26,Café Conillon,EUNAPOLIS,Tipo 7,sc 60 kg,"257,00",257.0,Café Conillon,10
2012-07-26,Café Conillon,EUNAPOLIS,Tipo 7/8,sc 60 kg,"260,00",260.0,Café Conillon,10
2012-07-27,Café Conillon,EUNAPOLIS,Tipo 7,sc 60 kg,"257,00",257.0,Café Conillon,10
2012-07-27,Café Conillon,EUNAPOLIS,Tipo 7/8,sc 60 kg,"260,00",260.0,Café Conillon,10
2012-07-30,Café Conillon,EUNAPOLIS,Tipo 7,sc 60 kg,"257,00",257.0,Café Conillon,10
2012-07-30,Café Conillon,EUNAPOLIS,Tipo 7/8,sc 60 kg,"260,00",260.0,Café Conillon,10
2012-07-31,Café Conillon,EUNAPOLIS,Tipo 7,sc 60 kg,"267,00",267.0,Café Conillon,10
2012-07-31,Café Conillon,EUNAPOLIS,Tipo 7/8,sc 60 kg,"270,00",270.0,Café Conillon,10
2012-08-01,Café Conillon,EUNAPOLIS,Tipo 7,sc 60 kg,"267,00",267.0,Café Conillon,10
2012-08-01,Café Conillon,EUNAPOLIS,Tipo 7/8,sc 60 kg,"270,00",270.0,Café Conillon,10
2012-08-02,Café Conillon,EUNAPOLIS,Tipo 7,sc 60 kg,"267,00",267.0,Café Conillon,10
2012-08-02,Café Conillon,EUNAPOLIS,Tipo 7/8,sc 60 kg,"270,00",270.0,Café Conillon,10
2012-08-03,Café Conillon,EUNAPOLIS,Tipo 7,sc 60 kg,"267,00",267.0,Café Conillon,10
2012-08-03,Café Conillon,EUNAPOLIS,Tipo 7/8,sc 60 kg,"270,00",270.0,Café Conillon,10
2012-08-06,Café Conillon,EUNAPOLIS,Tipo 7,sc 60 kg,"267,00",267.0,Café Conillon,10
2012-08-06,Café Conillon,EUNAPOLIS,Tipo 7/8,sc 60 kg,"270,00",270.0,Café Conillon,10
2012-08-07,Café Conillon,EUNAPOLIS,Tipo 7,sc 60 kg,"262,00",262.0,Café Conillon,10
2012-08-07,Café Conillon,EUNAPOLIS,Tipo 7/8,sc 60 kg,"265,00",265.0,Café Conillon,10
2012-08-08,Café Conillon,EUNAPOLIS,Tipo 7,sc 60 kg,"262,00",262.0,Café Conillon,10
2012-08-08,Café Conillon,EUNAPOLIS,Tipo 7/8,sc 60 kg,"265,00",265.0,Café Conillon,10
2012-08-09,Café Conillon,EUNAPOLIS,Tipo 7,sc 60 kg,"262,00",262.0,Café Conillon,10
2012-08-09,Café Conillon,EUNAPOLIS,Tipo 7/8,sc 60 kg,"265,00",265.0,Café Conillon,10
2012-08-10,Café Conillon,EUNAPOLIS,Tipo 7,sc 60 kg,"262,00",262.0,Café Conillon,10
2012-08-10,Café Conillon,EUNAPOLIS,Tipo 7/8,sc 60 kg,"265,00",265.0,Café Conillon,10
2012-08-13,Café Conillon,EUNAPOLIS,Tipo 7,sc 60 kg,"262,00",262.0,Café Conillon,10
2012-08-13,Café Conillon,EUNAPOLIS,Tipo 7/8,sc 60 kg,"265,00",265.0,Café Conillon,10
2012-08-14,Café Conillon,EUNAPOLIS,Tipo 7,sc 60 kg,"262,00",262.0,Café Conillon,10
2012-08-14,Café Conillon,EUNAPOLIS,Tipo 7/8,sc 60 kg,"265,00",265.0,Café Conillon,10
2012-08-15,Café Conillon,EUNAPOLIS,Tipo 7,sc 60 kg,"262,00",262.0,Café Conillon,10
2012-08-15,Café Conillon,EUNAPOLIS,Tipo 7/8,sc 60 kg,"265,00",265.0,Café Conillon,10
2012-08-16,Café Conillon,EUNAPOLIS,Tipo 7,sc 60 kg,"262,00",262.0,Café Conillon,10
2012-08-16,Café Conillon,EUNAPOLIS,Tipo 7/8,sc 60 kg,"265,00",265.0,Café Conillon,10
2012-08-17,Café Conillon,EUNAPOLIS,Tipo 7,sc 60 kg,"262,00",262.0,Café Conillon,10
2012-08-17,Café Conillon,EUNAPOLIS,Tipo 7/8,sc 60 kg,"265,00",265.0,Café Conillon,10
2012-08-20,Café Conillon,EUNAPOLIS,Tipo 7,sc 60 kg,"262,00",262.0,Café Conillon,10
2012-08-20,Café Conillon,EUNAPOLIS,Tipo 7/8,sc 60 kg,"265,00",265.0,Café Conillon,10
2012-08-21,Café Conillon,EUNAPOLIS,Tipo 7,sc 60 kg,"262,00",262.0,Café Conillon,10
2012-08-21,Café Conillon,EUNAPOLIS,Tipo 7/8,sc 60 kg,"265,00",265.0,Café Conillon,10
2012-08-22,Café Conillon,EUNAPOLIS,Tipo 7,sc 60 kg,"262,00",262.0,Café Conillon,10
2012-08-22,Café Conillon,EUNAPOLIS,Tipo 7/8,sc 60 kg,"265,00",265.0,Café Conillon,10
2012-08-23,Café Conillon,EUNAPOLIS,Tipo 7,sc 60 kg,"262,00",262.0,Café Conillon,10
2012-08-23,Café Conillon,EUNAPOLIS,Tipo 7/8,sc 60 kg,"265,00",265.0,Café Conillon,10
2012-08-24,Café Conillon,EUNAPOLIS,Tipo 7,sc 60 kg,"262,00",262.0,Café Conillon,10
2012-08-24,Café Conillon,EUNAPOLIS,Tipo 7/8,sc 60 kg,"265,00",265.0,Café Conillon,10
2012-08-27,Café Conillon,EUNAPOLIS,Tipo 7,sc 60 kg,"262,00",262.0,Café Conillon,10
2012-08-27,Café Conillon,EUNAPOLIS,Tipo 7/8,sc 60 kg,"265,00",265.0,Café Conillon,10
2012-08-28,Café Conillon,EUNAPOLIS,Tipo 7,sc 60 kg,"262,00",262.0,Café Conillon,10
2012-08-28,Café Conillon,EUNAPOLIS,Tipo 7/8,sc 60 kg,"265,00",265.0,Café Conillon,10
2012-08-29,Café Conillon,EUNAPOLIS,Tipo 7,sc 60 kg,"262,00",262.0,Café Conillon,10
2012-08-29,Café Conillon,EUNAPOLIS,Tipo 7/8,sc 60 kg,"265,00",265.0,Café Conillon,10
2012-08-30,Café Conillon,EUNAPOLIS,Tipo 7,sc 60 kg,"262,00",262.0,Café Conillon,10
2012-08-30,Café Conillon,EUNAPOLIS,Tipo 7/8,sc 60 kg,"265,00",265.0,Café Conillon,10
2012-08-31,Café Conillon,EUNAPOLIS,Tipo 7,sc 60 kg,"262,00",262.0,Café Conillon,10
2012-08-31,Café Conillon,EUNAPOLIS,Tipo 7/8,sc 60 kg,"265,00",265.0,Café Conillon,10
2012-09-03,Café Conillon,EUNAPOLIS,Tipo 7,sc 60 kg,"262,00",262.0,Café Conillon,10
2012-09-03,Café Conillon,EUNAPOLIS,Tipo 7/8,sc 60 kg,"265,00",265.0,Café Conillon,10
2012-09-04,Café Conillon,EUNAPOLIS,Tipo 7,sc 60 kg,"267,00",267.0,Café Conillon,10
2012-09-04,Café Conillon,EUNAPOLIS,Tipo 7/8,sc 60 kg,"270,00",270.0,Café Conillon,10
2012-09-05,Café Conillon,EUNAPOLIS,Tipo 7,sc 60 kg,"267,00",267.0,Café Conillon,10
2012-09-05,Café Conillon,EUNAPOLIS,Tipo 7/8,sc 60 kg,"270,00",270.0,Café Conillon,10
2012-09-06,Café Conillon,EUNAPOLIS,Tipo 7,sc 60 kg,"267,00",267.0,Café Conillon,10
2012-09-06,Café Conillon,EUNAPOLIS,Tipo 7/8,sc 60 kg,"270,00",270.0,Café Conillon,10
2012-09-10,Café Conillon,EUNAPOLIS,Tipo 7,sc 60 kg,"267,00",267.0,Café Conillon,10
2012-09-10,Café Conillon,EUNAPOLIS,Tipo 7/8,sc 60 kg,"270,00",270.0,Café Conillon,10
2012-09-11,Café Conillon,EUNAPOLIS,Tipo 7,sc 60 kg,"267,00",267.0,Café Conillon,10
2012-09-11,Café Conillon,EUNAPOLIS,Tipo 7/8,sc 60 kg,"270,00",270.0,Café Conillon,10
2012-09-12,Café Conillon,EUNAPOLIS,Tipo 7,sc 60 kg,"272,00",272.0,Café Conillon,10
2012-09-12,Café Conillon,EUNAPOLIS,Tipo 7/8,sc 60 kg,"275,00",275.0,Café Conillon,10
2012-09-13,Café Conillon,EUNAPOLIS,Tipo 7,sc 60 kg,"272,00",272.0,Café Conillon,10
2012-09-13,Café Conillon,EUNAPOLIS,Tipo 7/8,sc 60 kg,"275,00",275.0,Café Conillon,10
2012-09-14,Café Conillon,EUNAPOLIS,Tipo 7,sc 60 kg,"272,00",272.0,Café Conillon,10
2012-09-14,Café Conillon,EUNAPOLIS,Tipo 7/8,sc 60 kg,"275,00",275.0,Café Conillon,10
2012-09-17,Café Conillon,EUNAPOLIS,Tipo 7,sc 60 kg,"272,00",272.0,Café Conillon,10
2012-09-17,Café Conillon,EUNAPOLIS,Tipo 7/8,sc 60 kg,"275,00",275.0,Café Conillon,10
2012-09-18,Café Conillon,EUNAPOLIS,Tipo 7,sc 60 kg,"272,00",272.0,Café Conillon,10
2012-09-18,Café Conillon,EUNAPOLIS,Tipo 7/8,sc 60 kg,"275,00",275.0,Café Conillon,10
2012-09-19,Café Conillon,EUNAPOLIS,Tipo 7,sc 60 kg,"272,00",272.0,Café Conillon,10
2012-09-19,Café Conillon,EUNAPOLIS,Tipo 7/8,sc 60 kg,"275,00",275.0,Café Conillon,10
2012-09-20,Café Conillon,EUNAPOLIS,Tipo 7,sc 60 kg,"272,00",272.0,Café Conillon,10
2012-09-20,Café Conillon,EUNAPOLIS,Tipo 7/8,sc 60 kg,"275,00",275.0,Café Conillon,10
2012-09-21,Café Conillon,EUNAPOLIS,Tipo 7,sc 60 kg,"272,00",272.0,Café Conillon,10
2012-09-21,Café Conillon,EUNAPOLIS,Tipo 7/8,sc 60 kg,"275,00",275.0,Café Conillon,10
2012-09-24,Café Conillon,EUNAPOLIS,Tipo 7,sc 60 kg,"267,00",267.0,Café Conillon,10
2012-09-24,Café Conillon,EUNAPOLIS,Tipo 7/8,sc 60 kg,"270,00",270.0,Café Conillon,10
2012-09-25,Café Conillon,EUNAPOLIS,Tipo 7,sc 60 kg,"267,00",267.0,Café Conillon,10
2012-09-25,Café Conillon,EUNAPOLIS,Tipo 7/8,sc 60 kg,"270,00",270.0,Café Conillon,10
2012-09-26,Café Conillon,EUNAPOLIS,Tipo 7,sc 60 kg,"267,00",267.0,Café Conillon,10
2012-09-26,Café Conillon,EUNAPOLIS,Tipo 7/8,sc 60 kg,"270,00",270.0,Café Conillon,10
2012-09-27,Café Conillon,EUNAPOLIS,Tipo 7,sc 60 kg,"267,00",267.0,Café Conillon,10
2012-09-27,Café Conillon,EUNAPOLIS,Tipo 7/8,sc 60 kg,"270,00",270.0,Café Conillon,10
2012-09-28,Café Conillon,EUNAPOLIS,Tipo 7,sc 60 kg,"267,00",267.0,Café Conillon,10
2012-09-28,Café Conillon,EUNAPOLIS,Tipo 7/8,sc 60 kg,"270,00",270.0,Café Conillon,10
2012-10-01,Café Conillon,EUNAPOLIS,Tipo 7,sc 60 kg,"267,00",267.0,Café Conillon,10
2012-10-01,Café Conillon,EUNAPOLIS,Tipo 7/8,sc 60 kg,"270,00",270.0,Café Conillon,10
2012-10-02,Café Conillon,EUNAPOLIS,Tipo 7,sc 60 kg,"267,00",267.0,Café Conillon,10
2012-10-02,Café Conillon,EUNAPOLIS,Tipo 7/8,sc 60 kg,"270,00",270.0,Café Conillon,10
2012-10-03,Café Conillon,EUNAPOLIS,Tipo 7,sc 60 kg,"267,00",267.0,Café Conillon,10
2012-10-03,Café Conillon,EUNAPOLIS,Tipo 7/8,sc 60 kg,"270,00",270.0,Café Conillon,10
2012-10-04,Café Conillon,EUNAPOLIS,Tipo 7,sc 60 kg,"267,00",267.0,Café Conillon,10
2012-10-04,Café Conillon,EUNAPOLIS,Tipo 7/8,sc 60 kg,"270,00",270.0,Café Conillon,10
2012-10-05,Café Conillon,EUNAPOLIS,Tipo 7,sc 60 kg,"267,00",267.0,Café Conillon,10
2012-10-05,Café Conillon,EUNAPOLIS,Tipo 7/8,sc 60 kg,"270,00",270.0,Café Conillon,10
2012-10-08,Café Conillon,EUNAPOLIS,Tipo 7,sc 60 kg,"267,00",267.0,Café Conillon,10
2012-10-09,Café Conillon,EUNAPOLIS,Tipo 7,sc 60 kg,"267,00",267.0,Café Conillon,10
2012-10-09,Café Conillon,EUNAPOLIS,Tipo 7/8,sc 60 kg,"270,00",270.0,Café Conillon,10
2012-10-10,Café Conillon,EUNAPOLIS,Tipo 7,sc 60 kg,"267,00",267.0,Café Conillon,10
2012-10-10,Café Conillon,EUNAPOLIS,Tipo 7/8,sc 60 kg,"270,00",270.0,Café Conillon,10
2012-10-11,Café Conillon,EUNAPOLIS,Tipo 7,sc 60 kg,"267,00",267.0,Café Conillon,10
2012-10-11,Café Conillon,EUNAPOLIS,Tipo 7/8,sc 60 kg,"270,00",270.0,Café Conillon,10
2012-10-15,Café Conillon,EUNAPOLIS,Tipo 7,sc 60 kg,"267,00",267.0,Café Conillon,10
2012-10-15,Café Conillon,EUNAPOLIS,Tipo 7/8,sc 60 kg,"270,00",270.0,Café Conillon,10
2012-10-16,Café Conillon,EUNAPOLIS,Tipo 7,sc 60 kg,"267,00",267.0,Café Conillon,10
2012-10-16,Café Conillon,EUNAPOLIS,Tipo 7/8,sc 60 kg,"270,00",270.0,Café Conillon,10
2012-10-17,Café Conillon,EUNAPOLIS,Tipo 7,sc 60 kg,"267,00",267.0,Café Conillon,10
2012-10-17,Café Conillon,EUNAPOLIS,Tipo 7/8,sc 60 kg,"270,00",270.0,Café Conillon,10
2012-10-18,Café Conillon,EUNAPOLIS,Tipo 7,sc 60 kg,"267,00",267.0,Café Conillon,10
2012-10-18,Café Conillon,EUNAPOLIS,Tipo 7/8,sc 60 kg,"270,00",270.0,Café Conillon,10
2012-10-19,Café Conillon,EUNAPOLIS,Tipo 7,sc 60 kg,"267,00",267.0,Café Conillon,10
2012-10-19,Café Conillon,EUNAPOLIS,Tipo 7/8,sc 60 kg,"270,00",270.0,Café Conillon,10
2012-10-22,Café Conillon,EUNAPOLIS,Tipo 7,sc 60 kg,"267,00",267.0,Café Conillon,10
2012-10-22,Café Conillon,EUNAPOLIS,Tipo 7/8,sc 60 kg,"270,00",270.0,Café Conillon,10
2012-10-23,Café Conillon,EUNAPOLIS,Tipo 7,sc 60 kg,"267,00",267.0,Café Conillon,10
2012-10-23,Café Conillon,EUNAPOLIS,Tipo 7/8,sc 60 kg,"270,00",270.0,Café Conillon,10
2012-10-24,Café Conillon,EUNAPOLIS,Tipo 7,sc 60 kg,"267,00",267.0,Café Conillon,10
2012-10-24,Café Conillon,EUNAPOLIS,Tipo 7/8,sc 60 kg,"270,00",270.0,Café Conillon,10
2012-10-25,Café Conillon,EUNAPOLIS,Tipo 7,sc 60 kg,"267,00",267.0,Café Conillon,10
2012-10-25,Café Conillon,EUNAPOLIS,Tipo 7/8,sc 60 kg,"270,00",270.0,Café Conillon,10
2012-10-26,Café Conillon,EUNAPOLIS,Tipo 7,sc 60 kg,"267,00",267.0,Café Conillon,10
2012-10-26,Café Conillon,EUNAPOLIS,Tipo 7/8,sc 60 kg,"270,00",270.0,Café Conillon,10
2012-10-29,Café Conillon,EUNAPOLIS,Tipo 7,sc 60 kg,"262,00",262.0,Café Conillon,10
2012-10-29,Café Conillon,EUNAPOLIS,Tipo 7/8,sc 60 kg,"265,00",265.0,Café Conillon,10
2012-10-30,Café Conillon,EUNAPOLIS,Tipo 7,sc 60 kg,"262,00",262.0,Café Conillon,10
2012-10-30,Café Conillon,EUNAPOLIS,Tipo 7/8,sc 60 kg,"265,00",265.0,Café Conillon,10
2012-10-31,Café Conillon,EUNAPOLIS,Tipo 7,sc 60 kg,"262,00",262.0,Café Conillon,10
2012-10-31,Café Conillon,EUNAPOLIS,Tipo 7/8,sc 60 kg,"265,00",265.0,Café Conillon,10
2012-11-01,Café Conillon,EUNAPOLIS,Tipo 7,sc 60 kg,"262,00",262.0,Café Conillon,10
2012-11-01,Café Conillon,EUNAPOLIS,Tipo 7/8,sc 60 kg,"265,00",265.0,Café Conillon,10
2012-11-05,Café Conillon,EUNAPOLIS,Tipo 7,sc 60 kg,"260,00",260.0,Café Conillon,10
2012-11-05,Café Conillon,EUNAPOLIS,Tipo 7/8,sc 60 kg,"263,00",263.0,Café Conillon,10
2012-11-06,Café Conillon,EUNAPOLIS,Tipo 7,sc 60 kg,"260,00",260.0,Café Conillon,10
2012-11-06,Café Conillon,EUNAPOLIS,Tipo 7/8,sc 60 kg,"263,00",263.0,Café Conillon,10
2012-11-07,Café Conillon,EUNAPOLIS,Tipo 7,sc 60 kg,"260,00",260.0,Café Conillon,10
2012-11-07,Café Conillon,EUNAPOLIS,Tipo 7/8,sc 60 kg,"263,00",263.0,Café Conillon,10
2012-11-08,Café Conillon,EUNAPOLIS,Tipo 7,sc 60 kg,"260,00",260.0,Café Conillon,10
2012-11-08,Café Conillon,EUNAPOLIS,Tipo 7/8,sc 60 kg,"263,00",263.0,Café Conillon,10
2012-11-09,Café Conillon,EUNAPOLIS,Tipo 7,sc 60 kg,"260,00",260.0,Café Conillon,10
2012-11-09,Café Conillon,EUNAPOLIS,Tipo 7/8,sc 60 kg,"263,00",263.0,Café Conillon,10
2012-11-12,Café Conillon,EUNAPOLIS,Tipo 7,sc 60 kg,"257,00",257.0,Café Conillon,10
2012-11-12,Café Conillon,EUNAPOLIS,Tipo 7/8,sc 60 kg,"260,00",260.0,Café Conillon,10
2012-11-13,Café Conillon,EUNAPOLIS,Tipo 7,sc 60 kg,"257,00",257.0,Café Conillon,10
2012-11-13,Café Conillon,EUNAPOLIS,Tipo 7/8,sc 60 kg,"260,00",260.0,Café Conillon,10
2012-11-14,Café Conillon,EUNAPOLIS,Tipo 7,sc 60 kg,"257,00",257.0,Café Conillon,10
2012-11-14,Café Conillon,EUNAPOLIS,Tipo 7/8,sc 60 kg,"260,00",260.0,Café Conillon,10
2012-11-19,Café Conillon,EUNAPOLIS,Tipo 7,sc 60 kg,"257,00",257.0,Café Conillon,10
2012-11-19,Café Conillon,EUNAPOLIS,Tipo 7/8,sc 60 kg,"260,00",260.0,Café Conillon,10
2012-11-20,Café Conillon,EUNAPOLIS,Tipo 7,sc 60 kg,"257,00",257.0,Café Conillon,10
2012-11-20,Café Conillon,EUNAPOLIS,Tipo 7/8,sc 60 kg,"260,00",260.0,Café Conillon,10
2012-11-21,Café Conillon,EUNAPOLIS,Tipo 7,sc 60 kg,"257,00",257.0,Café Conillon,10
2012-11-21,Café Conillon,EUNAPOLIS,Tipo 7/8,sc 60 kg,"260,00",260.0,Café Conillon,10
2012-11-22,Café Conillon,EUNAPOLIS,Tipo 7,sc 60 kg,"257,00",257.0,Café Conillon,10
2012-11-22,Café Conillon,EUNAPOLIS,Tipo 7/8,sc 60 kg,"260,00",260.0,Café Conillon,10
2012-11-23,Café Conillon,EUNAPOLIS,Tipo 7,sc 60 kg,"257,00",257.0,Café Conillon,10
2012-11-23,Café Conillon,EUNAPOLIS,Tipo 7/8,sc 60 kg,"260,00",260.0,Café Conillon,10
2012-11-26,Café Conillon,EUNAPOLIS,Tipo 7,sc 60 kg,"257,00",257.0,Café Conillon,10
2012-11-26,Café Conillon,EUNAPOLIS,Tipo 7/8,sc 60 kg,"260,00",260.0,Café Conillon,10
2012-11-27,Café Conillon,EUNAPOLIS,Tipo 7,sc 60 kg,"257,00",257.0,Café Conillon,10
2012-11-27,Café Conillon,EUNAPOLIS,Tipo 7/8,sc 60 kg,"260,00",260.0,Café Conillon,10
2012-11-28,Café Conillon,EUNAPOLIS,Tipo 7,sc 60 kg,"257,00",257.0,Café Conillon,10
2012-11-28,Café Conillon,EUNAPOLIS,Tipo 7/8,sc 60 kg,"260,00",260.0,Café Conillon,10
2012-11-29,Café Conillon,EUNAPOLIS,Tipo 7,sc 60 kg,"247,00",247.0,Café Conillon,10
2012-11-29,Café Conillon,EUNAPOLIS,Tipo 7/8,sc 60 kg,"250,00",250.0,Café Conillon,10
2012-11-30,Café Conillon,EUNAPOLIS,Tipo 7,sc 60 kg,"247,00",247.0,Café Conillon,10
2012-11-30,Café Conillon,EUNAPOLIS,Tipo 7/8,sc 60 kg,"250,00",250.0,Café Conillon,10
2012-12-03,Café Conillon,EUNAPOLIS,Tipo 7,sc 60 kg,"247,00",247.0,Café Conillon,10
2012-12-03,Café Conillon,EUNAPOLIS,Tipo 7/8,sc 60 kg,"250,00",250.0,Café Conillon,10
2012-12-04,Café Conillon,EUNAPOLIS,Tipo 7,sc 60 kg,"247,00",247.0,Café Conillon,10
2012-12-04,Café Conillon,EUNAPOLIS,Tipo 7/8,sc 60 kg,"250,00",250.0,Café Conillon,10
2012-12-05,Café Conillon,EUNAPOLIS,Tipo 7,sc 60 kg,"247,00",247.0,Café Conillon,10
2012-12-05,Café Conillon,EUNAPOLIS,Tipo 7/8,sc 60 kg,"250,00",250.0,Café Conillon,10
2012-12-06,Café Conillon,EUNAPOLIS,Tipo 7,sc 60 kg,"247,00",247.0,Café Conillon,10
2012-12-06,Café Conillon,EUNAPOLIS,Tipo 7/8,sc 60 kg,"250,00",250.0,Café Conillon,10
2012-12-07,Café Conillon,EUNAPOLIS,Tipo 7,sc 60 kg,"247,00",247.0,Café Conillon,10
2012-12-07,Café Conillon,EUNAPOLIS,Tipo 7/8,sc 60 kg,"250,00",250.0,Café Conillon,10
2012-12-10,Café Conillon,EUNAPOLIS,Tipo 7,sc 60 kg,"247,00",247.0,Café Conillon,10
2012-12-10,Café Conillon,EUNAPOLIS,Tipo 7/8,sc 60 kg,"250,00",250.0,Café Conillon,10
2012-12-11,Café Conillon,EUNAPOLIS,Tipo 7,sc 60 kg,"247,00",247.0,Café Conillon,10
2012-12-11,Café Conillon,EUNAPOLIS,Tipo 7/8,sc 60 kg,"250,00",250.0,Café Conillon,10
2012-12-12,Café Conillon,EUNAPOLIS,Tipo 7,sc 60 kg,"247,00",247.0,Café Conillon,10
2012-12-12,Café Conillon,EUNAPOLIS,Tipo 7/8,sc 60 kg,"250,00",250.0,Café Conillon,10
2012-12-13,Café Conillon,EUNAPOLIS,Tipo 7,sc 60 kg,"247,00",247.0,Café Conillon,10
2012-12-13,Café Conillon,EUNAPOLIS,Tipo 7/8,sc 60 kg,"250,00",250.0,Café Conillon,10
2012-12-14,Café Conillon,EUNAPOLIS,Tipo 7,sc 60 kg,"247,00",247.0,Café Conillon,10
2012-12-14,Café Conillon,EUNAPOLIS,Tipo 7/8,sc 60 kg,"250,00",250.0,Café Conillon,10
2012-12-17,Café Conillon,EUNAPOLIS,Tipo 7,sc 60 kg,"247,00",247.0,Café Conillon,10
2012-12-17,Café Conillon,EUNAPOLIS,Tipo 7/8,sc 60 kg,"250,00",250.0,Café Conillon,10
2012-12-18,Café Conillon,EUNAPOLIS,Tipo 7,sc 60 kg,"247,00",247.0,Café Conillon,10
2012-12-18,Café Conillon,EUNAPOLIS,Tipo 7/8,sc 60 kg,"250,00",250.0,Café Conillon,10
2012-12-19,Café Conillon,EUNAPOLIS,Tipo 7,sc 60 kg,"247,00",247.0,Café Conillon,10
2012-12-19,Café Conillon,EUNAPOLIS,Tipo 7/8,sc 60 kg,"250,00",250.0,Café Conillon,10
2012-12-20,Café Conillon,EUNAPOLIS,Tipo 7,sc 60 kg,"247,00",247.0,Café Conillon,10
2012-12-20,Café Conillon,EUNAPOLIS,Tipo 7/8,sc 60 kg,"250,00",250.0,Café Conillon,10
2012-12-21,Café Conillon,EUNAPOLIS,Tipo 7,sc 60 kg,"247,00",247.0,Café Conillon,10
2012-12-21,Café Conillon,EUNAPOLIS,Tipo 7/8,sc 60 kg,"250,00",250.0,Café Conillon,10
2012-12-26,Café Conillon,EUNAPOLIS,Tipo 7,sc 60 kg,"244,00",244.0,Café Conillon,10
2012-12-26,Café Conillon,EUNAPOLIS,Tipo 7/8,sc 60 kg,"247,00",247.0,Café Conillon,10
2012-12-27,Café Conillon,EUNAPOLIS,Tipo 7,sc 60 kg,"244,00",244.0,Café Conillon,10
2012-12-27,Café Conillon,EUNAPOLIS,Tipo 7/8,sc 60 kg,"247,00",247.0,Café Conillon,10
2012-12-28,Café Conillon,EUNAPOLIS,Tipo 7,sc 60 kg,"244,00",244.0,Café Conillon,10
2012-12-28,Café Conillon,EUNAPOLIS,Tipo 7/8,sc 60 kg,"247,00",247.0,Café Conillon,10
2013-01-02,Café Conillon,EUNAPOLIS,Tipo 7,sc 60 kg,"244,00",244.0,Café Conillon,10
2013-01-02,Café Conillon,EUNAPOLIS,Tipo 7/8,sc 60 kg,"247,00",247.0,Café Conillon,10
2013-01-03,Café Conillon,EUNAPOLIS,Tipo 7,sc 60 kg,"244,00",244.0,Café Conillon,10
2013-01-03,Café Conillon,EUNAPOLIS,Tipo 7/8,sc 60 kg,"247,00",247.0,Café Conillon,10
2013-01-04,Café Conillon,EUNAPOLIS,Tipo 7,sc 60 kg,"244,00",244.0,Café Conillon,10
2013-01-04,Café Conillon,EUNAPOLIS,Tipo 7/8,sc 60 kg,"247,00",247.0,Café Conillon,10
2013-01-07,Café Conillon,EUNAPOLIS,Tipo 7,sc 60 kg,"247,00",247.0,Café Conillon,10
2013-01-07,Café Conillon,EUNAPOLIS,Tipo 7/8,sc 60 kg,"250,00",250.0,Café Conillon,10
2013-01-08,Café Conillon,EUNAPOLIS,Tipo 7,sc 60 kg,"247,00",247.0,Café Conillon,10
2013-01-08,Café Conillon,EUNAPOLIS,Tipo 7/8,sc 60 kg,"250,00",250.0,Café Conillon,10
2013-01-09,Café Conillon,EUNAPOLIS,Tipo 7,sc 60 kg,"290,00",290.0,Café Conillon,10
2013-01-09,Café Conillon,EUNAPOLIS,Tipo 7/8,sc 60 kg,"310,00",310.0,Café Conillon,10
2013-01-10,Café Conillon,EUNAPOLIS,Tipo 7,sc 60 kg,"265,00",265.0,Café Conillon,10
2013-01-10,Café Conillon,EUNAPOLIS,Tipo 7/8,sc 60 kg,"255,00",255.0,Café Conillon,10
2013-01-11,Café Conillon,EUNAPOLIS,Tipo 7,sc 60 kg,"252,00",252.0,Café Conillon,10
2013-01-11,Café Conillon,EUNAPOLIS,Tipo 7/8,sc 60 kg,"255,00",255.0,Café Conillon,10
2013-01-14,Café Conillon,EUNAPOLIS,Tipo 7,sc 60 kg,"252,00",252.0,Café Conillon,10
2013-01-14,Café Conillon,EUNAPOLIS,Tipo 7/8,sc 60 kg,"255,00",255.0,Café Conillon,10
2013-01-15,Café Conillon,EUNAPOLIS,Tipo 7,sc 60 kg,"252,00",252.0,Café Conillon,10
2013-01-15,Café Conillon,EUNAPOLIS,Tipo 7/8,sc 60 kg,"255,00",255.0,Café Conillon,10
2013-01-16,Café Conillon,EUNAPOLIS,Tipo 7,sc 60 kg,"254,00",254.0,Café Conillon,10
2013-01-16,Café Conillon,EUNAPOLIS,Tipo 7/8,sc 60 kg,"257,00",257.0,Café Conillon,10
2013-01-17,Café Conillon,EUNAPOLIS,Tipo 7,sc 60 kg,"254,00",254.0,Café Conillon,10
2013-01-17,Café Conillon,EUNAPOLIS,Tipo 7/8,sc 60 kg,"257,00",257.0,Café Conillon,10
2013-01-18,Café Conillon,EUNAPOLIS,Tipo 7,sc 60 kg,"254,00",254.0,Café Conillon,10
2013-01-18,Café Conillon,EUNAPOLIS,Tipo 7/8,sc 60 kg,"257,00",257.0,Café Conillon,10
2013-01-21,Café Conillon,EUNAPOLIS,Tipo 7,sc 60 kg,"259,00",259.0,Café Conillon,10
2013-01-21,Café Conillon,EUNAPOLIS,Tipo 7/8,sc 60 kg,"262,00",262.0,Café Conillon,10
2013-01-22,Café Conillon,EUNAPOLIS,Tipo 7,sc 60 kg,"259,00",259.0,Café Conillon,10
2013-01-22,Café Conillon,EUNAPOLIS,Tipo 7/8,sc 60 kg,"262,00",262.0,Café Conillon,10
2013-01-23,Café Conillon,EUNAPOLIS,Tipo 7,sc 60 kg,"262,00",262.0,Café Conillon,10
2013-01-23,Café Conillon,EUNAPOLIS,Tipo 7/8,sc 60 kg,"265,00",265.0,Café Conillon,10
2013-01-24,Café Conillon,EUNAPOLIS,Tipo 7,sc 60 kg,"262,00",262.0,Café Conillon,10
2013-01-24,Café Conillon,EUNAPOLIS,Tipo 7/8,sc 60 kg,"265,00",265.0,Café Conillon,10
2013-01-25,Café Conillon,EUNAPOLIS,Tipo 7,sc 60 kg,"262,00",262.0,Café Conillon,10
2013-01-25,Café Conillon,EUNAPOLIS,Tipo 7/8,sc 60 kg,"265,00",265.0,Café Conillon,10
2013-01-28,Café Conillon,EUNAPOLIS,Tipo 7,sc 60 kg,"262,00",262.0,Café Conillon,10
2013-01-28,Café Conillon,EUNAPOLIS,Tipo 7/8,sc 60 kg,"265,00",265.0,Café Conillon,10
2013-01-29,Café Conillon,EUNAPOLIS,Tipo 7,sc 60 kg,"262,00",262.0,Café Conillon,10
2013-01-29,Café Conillon,EUNAPOLIS,Tipo 7/8,sc 60 kg,"265,00",265.0,Café Conillon,10
2013-01-30,Café Conillon,EUNAPOLIS,Tipo 7,sc 60 kg,"257,00",257.0,Café Conillon,10
2013-01-30,Café Conillon,EUNAPOLIS,Tipo 7/8,sc 60 kg,"260,00",260.0,Café Conillon,10
2013-01-31,Café Conillon,EUNAPOLIS,Tipo 7,sc 60 kg,"257,00",257.0,Café Conillon,10
2013-01-31,Café Conillon,EUNAPOLIS,Tipo 7/8,sc 60 kg,"260,00",260.0,Café Conillon,10
2013-02-01,Café Conillon,EUNAPOLIS,Tipo 7,sc 60 kg,"252,00",252.0,Café Conillon,10
2013-02-01,Café Conillon,EUNAPOLIS,Tipo 7/8,sc 60 kg,"255,00",255.0,Café Conillon,10
2013-02-04,Café Conillon,EUNAPOLIS,Tipo 7,sc 60 kg,"252,00",252.0,Café Conillon,10
2013-02-04,Café Conillon,EUNAPOLIS,Tipo 7/8,sc 60 kg,"255,00",255.0,Café Conillon,10
2013-02-05,Café Conillon,EUNAPOLIS,Tipo 7,sc 60 kg,"252,00",252.0,Café Conillon,10
2013-02-05,Café Conillon,EUNAPOLIS,Tipo 7/8,sc 60 kg,"255,00",255.0,Café Conillon,10
2013-02-06,Café Conillon,EUNAPOLIS,Tipo 7,sc 60 kg,"252,00",252.0,Café Conillon,10
2013-02-06,Café Conillon,EUNAPOLIS,Tipo 7/8,sc 60 kg,"255,00",255.0,Café Conillon,10
2013-02-07,Café Conillon,EUNAPOLIS,Tipo 7,sc 60 kg,"252,00",252.0,Café Conillon,10
2013-02-07,Café Conillon,EUNAPOLIS,Tipo 7/8,sc 60 kg,"255,00",255.0,Café Conillon,10
2013-02-14,Café Conillon,EUNAPOLIS,Tipo 7,sc 60 kg,"252,00",252.0,Café Conillon,10
2013-02-14,Café Conillon,EUNAPOLIS,Tipo 7/8,sc 60 kg,"255,00",255.0,Café Conillon,10
2013-02-15,Café Conillon,EUNAPOLIS,Tipo 7,sc 60 kg,"247,00",247.0,Café Conillon,10
2013-02-15,Café Conillon,EUNAPOLIS,Tipo 7/8,sc 60 kg,"250,00",250.0,Café Conillon,10
2013-02-18,Café Conillon,EUNAPOLIS,Tipo 7,sc 60 kg,"247,00",247.0,Café Conillon,10
2013-02-18,Café Conillon,EUNAPOLIS,Tipo 7/8,sc 60 kg,"250,00",250.0,Café Conillon,10
2013-02-19,Café Conillon,EUNAPOLIS,Tipo 7,sc 60 kg,"247,00",247.0,Café Conillon,10
2013-02-19,Café Conillon,EUNAPOLIS,Tipo 7/8,sc 60 kg,"250,00",250.0,Café Conillon,10
2013-02-20,Café Conillon,EUNAPOLIS,Tipo 7,sc 60 kg,"247,00",247.0,Café Conillon,10
2013-02-20,Café Conillon,EUNAPOLIS,Tipo 7/8,sc 60 kg,"250,00",250.0,Café Conillon,10
2013-02-21,Café Conillon,EUNAPOLIS,Tipo 7,sc 60 kg,"247,00",247.0,Café Conillon,10
2013-02-21,Café Conillon,EUNAPOLIS,Tipo 7/8,sc 60 kg,"250,00",250.0,Café Conillon,10
2013-02-22,Café Conillon,EUNAPOLIS,Tipo 7,sc 60 kg,"247,00",247.0,Café Conillon,10
2013-02-22,Café Conillon,EUNAPOLIS,Tipo 7/8,sc 60 kg,"250,00",250.0,Café Conillon,10
2013-02-25,Café Conillon,EUNAPOLIS,Tipo 7,sc 60 kg,"247,00",247.0,Café Conillon,10
2013-02-25,Café Conillon,EUNAPOLIS,Tipo 7/8,sc 60 kg,"250,00",250.0,Café Conillon,10
2013-02-26,Café Conillon,EUNAPOLIS,Tipo 7,sc 60 kg,"247,00",247.0,Café Conillon,10
2013-02-26,Café Conillon,EUNAPOLIS,Tipo 7/8,sc 60 kg,"250,00",250.0,Café Conillon,10
2013-02-27,Café Conillon,EUNAPOLIS,Tipo 7,sc 60 kg,"267,00",267.0,Café Conillon,10
2013-02-27,Café Conillon,EUNAPOLIS,Tipo 7/8,sc 60 kg,"270,00",270.0,Café Conillon,10
2013-02-28,Café Conillon,EUNAPOLIS,Tipo 7,sc 60 kg,"242,00",242.0,Café Conillon,10
2013-02-28,Café Conillon,EUNAPOLIS,Tipo 7/8,sc 60 kg,"245,00",245.0,Café Conillon,10
2013-03-01,Café Conillon,EUNAPOLIS,Tipo 7,sc 60 kg,"242,00",242.0,Café Conillon,10
2013-03-01,Café Conillon,EUNAPOLIS,Tipo 7/8,sc 60 kg,"245,00",245.0,Café Conillon,10
2013-03-04,Café Conillon,EUNAPOLIS,Tipo 7,sc 60 kg,"242,00",242.0,Café Conillon,10
2013-03-04,Café Conillon,EUNAPOLIS,Tipo 7/8,sc 60 kg,"245,00",245.0,Café Conillon,10
2013-03-05,Café Conillon,EUNAPOLIS,Tipo 7,sc 60 kg,"242,00",242.0,Café Conillon,10
2013-03-05,Café Conillon,EUNAPOLIS,Tipo 7/8,sc 60 kg,"245,00",245.0,Café Conillon,10
2013-03-06,Café Conillon,EUNAPOLIS,Tipo 7,sc 60 kg,"242,00",242.0,Café Conillon,10
2013-03-06,Café Conillon,EUNAPOLIS,Tipo 7/8,sc 60 kg,"245,00",245.0,Café Conillon,10
2013-03-07,Café Conillon,EUNAPOLIS,Tipo 7,sc 60 kg,"242,00",242.0,Café Conillon,10
2013-03-07,Café Conillon,EUNAPOLIS,Tipo 7/8,sc 60 kg,"245,00",245.0,Café Conillon,10
2013-03-08,Café Conillon,EUNAPOLIS,Tipo 7,sc 60 kg,"242,00",242.0,Café Conillon,10
2013-03-08,Café Conillon,EUNAPOLIS,Tipo 7/8,sc 60 kg,"245,00",245.0,Café Conillon,10
2013-03-11,Café Conillon,EUNAPOLIS,Tipo 7,sc 60 kg,"242,00",242.0,Café Conillon,10
2013-03-11,Café Conillon,EUNAPOLIS,Tipo 7/8,sc 60 kg,"245,00",245.0,Café Conillon,10
2013-03-12,Café Conillon,EUNAPOLIS,Tipo 7,sc 60 kg,"242,00",242.0,Café Conillon,10
2013-03-12,Café Conillon,EUNAPOLIS,Tipo 7/8,sc 60 kg,"245,00",245.0,Café Conillon,10
2013-03-13,Café Conillon,EUNAPOLIS,Tipo 7,sc 60 kg,"242,00",242.0,Café Conillon,10
2013-03-13,Café Conillon,EUNAPOLIS,Tipo 7/8,sc 60 kg,"245,00",245.0,Café Conillon,10
2013-03-14,Café Conillon,EUNAPOLIS,Tipo 7,sc 60 kg,"232,00",232.0,Café Conillon,10
2013-03-14,Café Conillon,EUNAPOLIS,Tipo 7/8,sc 60 kg,"235,00",235.0,Café Conillon,10
2013-03-15,Café Conillon,EUNAPOLIS,Tipo 7,sc 60 kg,"232,00",232.0,Café Conillon,10
2013-03-15,Café Conillon,EUNAPOLIS,Tipo 7/8,sc 60 kg,"235,00",235.0,Café Conillon,10
2013-03-18,Café Conillon,EUNAPOLIS,Tipo 7,sc 60 kg,"232,00",232.0,Café Conillon,10
2013-03-18,Café Conillon,EUNAPOLIS,Tipo 7/8,sc 60 kg,"235,00",235.0,Café Conillon,10
2013-03-19,Café Conillon,EUNAPOLIS,Tipo 7,sc 60 kg,"232,00",232.0,Café Conillon,10
2013-03-19,Café Conillon,EUNAPOLIS,Tipo 7/8,sc 60 kg,"235,00",235.0,Café Conillon,10
2013-03-20,Café Conillon,EUNAPOLIS,Tipo 7,sc 60 kg,"232,00",232.0,Café Conillon,10
2013-03-20,Café Conillon,EUNAPOLIS,Tipo 7/8,sc 60 kg,"235,00",235.0,Café Conillon,10
2013-03-21,Café Conillon,EUNAPOLIS,Tipo 7,sc 60 kg,"232,00",232.0,Café Conillon,10
2013-03-21,Café Conillon,EUNAPOLIS,Tipo 7/8,sc 60 kg,"235,00",235.0,Café Conillon,10
2013-03-22,Café Conillon,EUNAPOLIS,Tipo 7,sc 60 kg,"232,00",232.0,Café Conillon,10
2013-03-22,Café Conillon,EUNAPOLIS,Tipo 7/8,sc 60 kg,"235,00",235.0,Café Conillon,10
2013-03-25,Café Conillon,EUNAPOLIS,Tipo 7,sc 60 kg,"237,00",237.0,Café Conillon,10
2013-03-25,Café Conillon,EUNAPOLIS,Tipo 7/8,sc 60 kg,"240,00",240.0,Café Conillon,10
2013-03-26,Café Conillon,EUNAPOLIS,Tipo 7,sc 60 kg,"237,00",237.0,Café Conillon,10
2013-03-26,Café Conillon,EUNAPOLIS,Tipo 7/8,sc 60 kg,"240,00",240.0,Café Conillon,10
2013-03-27,Café Conillon,EUNAPOLIS,Tipo 7,sc 60 kg,"237,00",237.0,Café Conillon,10
2013-03-27,Café Conillon,EUNAPOLIS,Tipo 7/8,sc 60 kg,"240,00",240.0,Café Conillon,10
2013-03-28,Café Conillon,EUNAPOLIS,Tipo 7,sc 60 kg,"237,00",237.0,Café Conillon,10
2013-03-28,Café Conillon,EUNAPOLIS,Tipo 7/8,sc 60 kg,"240,00",240.0,Café Conillon,10
2013-04-01,Café Conillon,EUNAPOLIS,Tipo 7,sc 60 kg,"237,00",237.0,Café Conillon,10
2013-04-01,Café Conillon,EUNAPOLIS,Tipo 7/8,sc 60 kg,"240,00",240.0,Café Conillon,10
2013-04-02,Café Conillon,EUNAPOLIS,Tipo 7,sc 60 kg,"237,00",237.0,Café Conillon,10
2013-04-02,Café Conillon,EUNAPOLIS,Tipo 7/8,sc 60 kg,"240,00",240.0,Café Conillon,10
2013-04-03,Café Conillon,EUNAPOLIS,Tipo 7,sc 60 kg,"237,00",237.0,Café Conillon,10
2013-04-03,Café Conillon,EUNAPOLIS,Tipo 7/8,sc 60 kg,"240,00",240.0,Café Conillon,10
2013-04-04,Café Conillon,EUNAPOLIS,Tipo 7,sc 60 kg,"237,00",237.0,Café Conillon,10
2013-04-04,Café Conillon,EUNAPOLIS,Tipo 7/8,sc 60 kg,"240,00",240.0,Café Conillon,10
2013-04-05,Café Conillon,EUNAPOLIS,Tipo 7,sc 60 kg,"237,00",237.0,Café Conillon,10
2013-04-05,Café Conillon,EUNAPOLIS,Tipo 7/8,sc 60 kg,"240,00",240.0,Café Conillon,10
2013-04-08,Café Conillon,EUNAPOLIS,Tipo 7,sc 60 kg,"237,00",237.0,Café Conillon,10
2013-04-08,Café Conillon,EUNAPOLIS,Tipo 7/8,sc 60 kg,"240,00",240.0,Café Conillon,10
2013-04-09,Café Conillon,EUNAPOLIS,Tipo 7,sc 60 kg,"237,00",237.0,Café Conillon,10
2013-04-09,Café Conillon,EUNAPOLIS,Tipo 7/8,sc 60 kg,"240,00",240.0,Café Conillon,10
2013-04-10,Café Conillon,EUNAPOLIS,Tipo 7,sc 60 kg,"237,00",237.0,Café Conillon,10
2013-04-10,Café Conillon,EUNAPOLIS,Tipo 7/8,sc 60 kg,"240,00",240.0,Café Conillon,10
2013-04-11,Café Conillon,EUNAPOLIS,Tipo 7,sc 60 kg,"237,00",237.0,Café Conillon,10
2013-04-11,Café Conillon,EUNAPOLIS,Tipo 7/8,sc 60 kg,"240,00",240.0,Café Conillon,10
2013-04-12,Café Conillon,EUNAPOLIS,Tipo 7,sc 60 kg,"237,00",237.0,Café Conillon,10
2013-04-12,Café Conillon,EUNAPOLIS,Tipo 7/8,sc 60 kg,"240,00",240.0,Café Conillon,10
2013-04-15,Café Conillon,EUNAPOLIS,Tipo 7,sc 60 kg,"237,00",237.0,Café Conillon,10
2013-04-15,Café Conillon,EUNAPOLIS,Tipo 7/8,sc 60 kg,"240,00",240.0,Café Conillon,10
2013-04-16,Café Conillon,EUNAPOLIS,Tipo 7,sc 60 kg,"237,00",237.0,Café Conillon,10
2013-04-16,Café Conillon,EUNAPOLIS,Tipo 7/8,sc 60 kg,"240,00",240.0,Café Conillon,10
2013-04-17,Café Conillon,EUNAPOLIS,Tipo 7,sc 60 kg,"237,00",237.0,Café Conillon,10
2013-04-17,Café Conillon,EUNAPOLIS,Tipo 7/8,sc 60 kg,"240,00",240.0,Café Conillon,10
2013-04-18,Café Conillon,EUNAPOLIS,Tipo 7,sc 60 kg,"237,00",237.0,Café Conillon,10
2013-04-18,Café Conillon,EUNAPOLIS,Tipo 7/8,sc 60 kg,"240,00",240.0,Café Conillon,10
2013-04-19,Café Conillon,EUNAPOLIS,Tipo 7,sc 60 kg,"237,00",237.0,Café Conillon,10
2013-04-19,Café Conillon,EUNAPOLIS,Tipo 7/8,sc 60 kg,"240,00",240.0,Café Conillon,10
2013-04-22,Café Conillon,EUNAPOLIS,Tipo 7,sc 60 kg,"237,00",237.0,Café Conillon,10
2013-04-22,Café Conillon,EUNAPOLIS,Tipo 7/8,sc 60 kg,"240,00",240.0,Café Conillon,10
2013-04-23,Café Conillon,EUNAPOLIS,Tipo 7,sc 60 kg,"237,00",237.0,Café Conillon,10
2013-04-23,Café Conillon,EUNAPOLIS,Tipo 7/8,sc 60 kg,"240,00",240.0,Café Conillon,10
2013-04-24,Café Conillon,EUNAPOLIS,Tipo 7,sc 60 kg,"237,00",237.0,Café Conillon,10
2013-04-24,Café Conillon,EUNAPOLIS,Tipo 7/8,sc 60 kg,"240,00",240.0,Café Conillon,10
2013-04-25,Café Conillon,EUNAPOLIS,Tipo 7,sc 60 kg,"237,00",237.0,Café Conillon,10
2013-04-25,Café Conillon,EUNAPOLIS,Tipo 7/8,sc 60 kg,"240,00",240.0,Café Conillon,10
2013-04-26,Café Conillon,EUNAPOLIS,Tipo 7,sc 60 kg,"237,00",237.0,Café Conillon,10
2013-04-26,Café Conillon,EUNAPOLIS,Tipo 7/8,sc 60 kg,"240,00",240.0,Café Conillon,10
2013-04-29,Café Conillon,EUNAPOLIS,Tipo 7,sc 60 kg,"237,00",237.0,Café Conillon,10
2013-04-29,Café Conillon,EUNAPOLIS,Tipo 7/8,sc 60 kg,"240,00",240.0,Café Conillon,10
2013-04-30,Café Conillon,EUNAPOLIS,Tipo 7,sc 60 kg,"237,00",237.0,Café Conillon,10
2013-04-30,Café Conillon,EUNAPOLIS,Tipo 7/8,sc 60 kg,"240,00",240.0,Café Conillon,10
2013-05-02,Café Conillon,EUNAPOLIS,Tipo 7,sc 60 kg,"237,00",237.0,Café Conillon,10
2013-05-02,Café Conillon,EUNAPOLIS,Tipo 7/8,sc 60 kg,"240,00",240.0,Café Conillon,10
2013-05-03,Café Conillon,EUNAPOLIS,Tipo 7,sc 60 kg,"237,00",237.0,Café Conillon,10
2013-05-03,Café Conillon,EUNAPOLIS,Tipo 7/8,sc 60 kg,"240,00",240.0,Café Conillon,10
2013-05-06,Café Conillon,EUNAPOLIS,Tipo 7,sc 60 kg,"237,00",237.0,Café Conillon,10
2013-05-06,Café Conillon,EUNAPOLIS,Tipo 7/8,sc 60 kg,"240,00",240.0,Café Conillon,10
2013-05-07,Café Conillon,EUNAPOLIS,Tipo 7,sc 60 kg,"237,00",237.0,Café Conillon,10
2013-05-07,Café Conillon,EUNAPOLIS,Tipo 7/8,sc 60 kg,"240,00",240.0,Café Conillon,10
2013-05-08,Café Conillon,EUNAPOLIS,Tipo 7,sc 60 kg,"237,00",237.0,Café Conillon,10
2013-05-08,Café Conillon,EUNAPOLIS,Tipo 7/8,sc 60 kg,"240,00",240.0,Café Conillon,10
2013-05-09,Café Conillon,EUNAPOLIS,Tipo 7,sc 60 kg,"237,00",237.0,Café Conillon,10
2013-05-09,Café Conillon,EUNAPOLIS,Tipo 7/8,sc 60 kg,"240,00",240.0,Café Conillon,10
2013-05-10,Café Conillon,EUNAPOLIS,Tipo 7,sc 60 kg,"237,00",237.0,Café Conillon,10
2013-05-10,Café Conillon,EUNAPOLIS,Tipo 7/8,sc 60 kg,"240,00",240.0,Café Conillon,10
2013-05-13,Café Conillon,EUNAPOLIS,Tipo 7,sc 60 kg,"237,00",237.0,Café Conillon,10
2013-05-13,Café Conillon,EUNAPOLIS,Tipo 7/8,sc 60 kg,"240,00",240.0,Café Conillon,10
2013-05-14,Café Conillon,EUNAPOLIS,Tipo 7,sc 60 kg,"237,00",237.0,Café Conillon,10
2013-05-14,Café Conillon,EUNAPOLIS,Tipo 7/8,sc 60 kg,"240,00",240.0,Café Conillon,10
2013-05-15,Café Conillon,EUNAPOLIS,Tipo 7,sc 60 kg,"237,00",237.0,Café Conillon,10
2013-05-15,Café Conillon,EUNAPOLIS,Tipo 7/8,sc 60 kg,"240,00",240.0,Café Conillon,10
2013-05-16,Café Conillon,EUNAPOLIS,Tipo 7,sc 60 kg,"237,00",237.0,Café Conillon,10
2013-05-16,Café Conillon,EUNAPOLIS,Tipo 7/8,sc 60 kg,"240,00",240.0,Café Conillon,10
2013-05-17,Café Conillon,EUNAPOLIS,Tipo 7,sc 60 kg,"237,00",237.0,Café Conillon,10
2013-05-17,Café Conillon,EUNAPOLIS,Tipo 7/8,sc 60 kg,"240,00",240.0,Café Conillon,10
2013-05-20,Café Conillon,EUNAPOLIS,Tipo 7,sc 60 kg,"237,00",237.0,Café Conillon,10
2013-05-20,Café Conillon,EUNAPOLIS,Tipo 7/8,sc 60 kg,"240,00",240.0,Café Conillon,10
2013-05-21,Café Conillon,EUNAPOLIS,Tipo 7,sc 60 kg,"237,00",237.0,Café Conillon,10
2013-05-21,Café Conillon,EUNAPOLIS,Tipo 7/8,sc 60 kg,"240,00",240.0,Café Conillon,10
2013-05-22,Café Conillon,EUNAPOLIS,Tipo 7,sc 60 kg,"237,00",237.0,Café Conillon,10
2013-05-22,Café Conillon,EUNAPOLIS,Tipo 7/8,sc 60 kg,"240,00",240.0,Café Conillon,10
2013-05-23,Café Conillon,EUNAPOLIS,Tipo 7,sc 60 kg,"237,00",237.0,Café Conillon,10
2013-05-23,Café Conillon,EUNAPOLIS,Tipo 7/8,sc 60 kg,"240,00",240.0,Café Conillon,10
2013-05-24,Café Conillon,EUNAPOLIS,Tipo 7,sc 60 kg,"237,00",237.0,Café Conillon,10
2013-05-24,Café Conillon,EUNAPOLIS,Tipo 7/8,sc 60 kg,"240,00",240.0,Café Conillon,10
2013-05-27,Café Conillon,EUNAPOLIS,Tipo 7,sc 60 kg,"237,00",237.0,Café Conillon,10
2013-05-27,Café Conillon,EUNAPOLIS,Tipo 7/8,sc 60 kg,"240,00",240.0,Café Conillon,10
2013-05-28,Café Conillon,EUNAPOLIS,Tipo 7,sc 60 kg,"242,00",242.0,Café Conillon,10
2013-05-28,Café Conillon,EUNAPOLIS,Tipo 7/8,sc 60 kg,"245,00",245.0,Café Conillon,10
2013-05-29,Café Conillon,EUNAPOLIS,Tipo 7,sc 60 kg,"240,00",240.0,Café Conillon,10
2013-05-29,Café Conillon,EUNAPOLIS,Tipo 7/8,sc 60 kg,"243,00",243.0,Café Conillon,10
2013-06-03,Café Conillon,EUNAPOLIS,Tipo 7,sc 60 kg,"240,00",240.0,Café Conillon,10
2013-06-03,Café Conillon,EUNAPOLIS,Tipo 7/8,sc 60 kg,"243,00",243.0,Café Conillon,10
2013-06-04,Café Conillon,EUNAPOLIS,Tipo 7,sc 60 kg,"240,00",240.0,Café Conillon,10
2013-06-04,Café Conillon,EUNAPOLIS,Tipo 7/8,sc 60 kg,"243,00",243.0,Café Conillon,10
2013-06-05,Café Conillon,EUNAPOLIS,Tipo 7,sc 60 kg,"240,00",240.0,Café Conillon,10
2013-06-05,Café Conillon,EUNAPOLIS,Tipo 7/8,sc 60 kg,"243,00",243.0,Café Conillon,10
2013-06-06,Café Conillon,EUNAPOLIS,Tipo 7,sc 60 kg,"240,00",240.0,Café Conillon,10
2013-06-06,Café Conillon,EUNAPOLIS,Tipo 7/8,sc 60 kg,"243,00",243.0,Café Conillon,10
2013-06-07,Café Conillon,EUNAPOLIS,Tipo 7,sc 60 kg,"240,00",240.0,Café Conillon,10
2013-06-07,Café Conillon,EUNAPOLIS,Tipo 7/8,sc 60 kg,"243,00",243.0,Café Conillon,10
2013-06-10,Café Conillon,EUNAPOLIS,Tipo 7,sc 60 kg,"240,00",240.0,Café Conillon,10
2013-06-10,Café Conillon,EUNAPOLIS,Tipo 7/8,sc 60 kg,"243,00",243.0,Café Conillon,10
2013-06-11,Café Conillon,EUNAPOLIS,Tipo 7,sc 60 kg,"240,00",240.0,Café Conillon,10
2013-06-11,Café Conillon,EUNAPOLIS,Tipo 7/8,sc 60 kg,"243,00",243.0,Café Conillon,10
2013-06-12,Café Conillon,EUNAPOLIS,Tipo 7,sc 60 kg,"240,00",240.0,Café Conillon,10
2013-06-12,Café Conillon,EUNAPOLIS,Tipo 7/8,sc 60 kg,"243,00",243.0,Café Conillon,10
2013-06-13,Café Conillon,EUNAPOLIS,Tipo 7,sc 60 kg,"240,00",240.0,Café Conillon,10
2013-06-13,Café Conillon,EUNAPOLIS,Tipo 7/8,sc 60 kg,"243,00",243.0,Café Conillon,10
2013-06-14,Café Conillon,EUNAPOLIS,Tipo 7,sc 60 kg,"240,00",240.0,Café Conillon,10
2013-06-14,Café Conillon,EUNAPOLIS,Tipo 7/8,sc 60 kg,"243,00",243.0,Café Conillon,10
2013-06-17,Café Conillon,EUNAPOLIS,Tipo 7,sc 60 kg,"240,00",240.0,Café Conillon,10
2013-06-17,Café Conillon,EUNAPOLIS,Tipo 7/8,sc 60 kg,"243,00",243.0,Café Conillon,10
2013-06-18,Café Conillon,EUNAPOLIS,Tipo 7,sc 60 kg,"240,00",240.0,Café Conillon,10
2013-06-18,Café Conillon,EUNAPOLIS,Tipo 7/8,sc 60 kg,"243,00",243.0,Café Conillon,10
2013-06-19,Café Conillon,EUNAPOLIS,Tipo 7,sc 60 kg,"240,00",240.0,Café Conillon,10
2013-06-19,Café Conillon,EUNAPOLIS,Tipo 7/8,sc 60 kg,"243,00",243.0,Café Conillon,10
2013-06-25,Café Conillon,EUNAPOLIS,Tipo 7,sc 60 kg,"240,00",240.0,Café Conillon,10
2013-06-25,Café Conillon,EUNAPOLIS,Tipo 7/8,sc 60 kg,"243,00",243.0,Café Conillon,10
2013-06-26,Café Conillon,EUNAPOLIS,Tipo 7,sc 60 kg,"240,00",240.0,Café Conillon,10
2013-06-26,Café Conillon,EUNAPOLIS,Tipo 7/8,sc 60 kg,"243,00",243.0,Café Conillon,10
2013-06-27,Café Conillon,EUNAPOLIS,Tipo 7,sc 60 kg,"240,00",240.0,Café Conillon,10
2013-06-27,Café Conillon,EUNAPOLIS,Tipo 7/8,sc 60 kg,"243,00",243.0,Café Conillon,10
2013-06-28,Café Conillon,EUNAPOLIS,Tipo 7,sc 60 kg,"240,00",240.0,Café Conillon,10
2013-06-28,Café Conillon,EUNAPOLIS,Tipo 7/8,sc 60 kg,"243,00",243.0,Café Conillon,10
2013-07-01,Café Conillon,EUNAPOLIS,Tipo 7,sc 60 kg,"240,00",240.0,Café Conillon,10
2013-07-01,Café Conillon,EUNAPOLIS,Tipo 7/8,sc 60 kg,"243,00",243.0,Café Conillon,10
2013-07-03,Café Conillon,EUNAPOLIS,Tipo 7,sc 60 kg,"240,00",240.0,Café Conillon,10
2013-07-03,Café Conillon,EUNAPOLIS,Tipo 7/8,sc 60 kg,"243,00",243.0,Café Conillon,10
2013-07-04,Café Conillon,EUNAPOLIS,Tipo 7,sc 60 kg,"240,00",240.0,Café Conillon,10
2013-07-04,Café Conillon,EUNAPOLIS,Tipo 7/8,sc 60 kg,"243,00",243.0,Café Conillon,10
2013-07-05,Café Conillon,EUNAPOLIS,Tipo 7,sc 60 kg,"240,00",240.0,Café Conillon,10
2013-07-05,Café Conillon,EUNAPOLIS,Tipo 7/8,sc 60 kg,"243,00",243.0,Café Conillon,10
2013-07-08,Café Conillon,EUNAPOLIS,Tipo 7,sc 60 kg,"240,00",240.0,Café Conillon,10
2013-07-08,Café Conillon,EUNAPOLIS,Tipo 7/8,sc 60 kg,"243,00",243.0,Café Conillon,10
2013-07-09,Café Conillon,EUNAPOLIS,Tipo 7,sc 60 kg,"232,00",232.0,Café Conillon,10
2013-07-09,Café Conillon,EUNAPOLIS,Tipo 7/8,sc 60 kg,"235,00",235.0,Café Conillon,10
2013-07-10,Café Conillon,EUNAPOLIS,Tipo 7,sc 60 kg,"232,00",232.0,Café Conillon,10
2013-07-10,Café Conillon,EUNAPOLIS,Tipo 7/8,sc 60 kg,"235,00",235.0,Café Conillon,10
2013-07-11,Café Conillon,EUNAPOLIS,Tipo 7,sc 60 kg,"232,00",232.0,Café Conillon,10
2013-07-11,Café Conillon,EUNAPOLIS,Tipo 7/8,sc 60 kg,"235,00",235.0,Café Conillon,10
2013-07-12,Café Conillon,EUNAPOLIS,Tipo 7,sc 60 kg,"232,00",232.0,Café Conillon,10
2013-07-12,Café Conillon,EUNAPOLIS,Tipo 7/8,sc 60 kg,"235,00",235.0,Café Conillon,10
2013-07-15,Café Conillon,EUNAPOLIS,Tipo 7,sc 60 kg,"232,00",232.0,Café Conillon,10
2013-07-15,Café Conillon,EUNAPOLIS,Tipo 7/8,sc 60 kg,"235,00",235.0,Café Conillon,10
2013-07-16,Café Conillon,EUNAPOLIS,Tipo 7,sc 60 kg,"232,00",232.0,Café Conillon,10
2013-07-16,Café Conillon,EUNAPOLIS,Tipo 7/8,sc 60 kg,"235,00",235.0,Café Conillon,10
2013-07-17,Café Conillon,EUNAPOLIS,Tipo 7,sc 60 kg,"232,00",232.0,Café Conillon,10
2013-07-17,Café Conillon,EUNAPOLIS,Tipo 7/8,sc 60 kg,"235,00",235.0,Café Conillon,10
2013-07-18,Café Conillon,EUNAPOLIS,Tipo 7,sc 60 kg,"232,00",232.0,Café Conillon,10
2013-07-18,Café Conillon,EUNAPOLIS,Tipo 7/8,sc 60 kg,"235,00",235.0,Café Conillon,10
2013-07-19,Café Conillon,EUNAPOLIS,Tipo 7,sc 60 kg,"232,00",232.0,Café Conillon,10
2013-07-19,Café Conillon,EUNAPOLIS,Tipo 7/8,sc 60 kg,"235,00",235.0,Café Conillon,10
2013-07-22,Café Conillon,EUNAPOLIS,Tipo 7,sc 60 kg,"232,00",232.0,Café Conillon,10
2013-07-22,Café Conillon,EUNAPOLIS,Tipo 7/8,sc 60 kg,"235,00",235.0,Café Conillon,10
2013-07-23,Café Conillon,EUNAPOLIS,Tipo 7,sc 60 kg,"232,00",232.0,Café Conillon,10
2013-07-23,Café Conillon,EUNAPOLIS,Tipo 7/8,sc 60 kg,"235,00",235.0,Café Conillon,10
2013-07-24,Café Conillon,EUNAPOLIS,Tipo 7,sc 60 kg,"232,00",232.0,Café Conillon,10
2013-07-24,Café Conillon,EUNAPOLIS,Tipo 7/8,sc 60 kg,"235,00",235.0,Café Conillon,10
2013-07-25,Café Conillon,EUNAPOLIS,Tipo 7,sc 60 kg,"232,00",232.0,Café Conillon,10
2013-07-25,Café Conillon,EUNAPOLIS,Tipo 7/8,sc 60 kg,"235,00",235.0,Café Conillon,10
2013-07-26,Café Conillon,EUNAPOLIS,Tipo 7,sc 60 kg,"232,00",232.0,Café Conillon,10
2013-07-26,Café Conillon,EUNAPOLIS,Tipo 7/8,sc 60 kg,"235,00",235.0,Café Conillon,10
2013-07-29,Café Conillon,EUNAPOLIS,Tipo 7,sc 60 kg,"232,00",232.0,Café Conillon,10
2013-07-29,Café Conillon,EUNAPOLIS,Tipo 7/8,sc 60 kg,"235,00",235.0,Café Conillon,10
2013-07-30,Café Conillon,EUNAPOLIS,Tipo 7,sc 60 kg,"232,00",232.0,Café Conillon,10
2013-07-30,Café Conillon,EUNAPOLIS,Tipo 7/8,sc 60 kg,"235,00",235.0,Café Conillon,10
2013-07-31,Café Conillon,EUNAPOLIS,Tipo 7,sc 60 kg,"232,00",232.0,Café Conillon,10
2013-07-31,Café Conillon,EUNAPOLIS,Tipo 7/8,sc 60 kg,"235,00",235.0,Café Conillon,10
2013-08-01,Café Conillon,EUNAPOLIS,Tipo 7,sc 60 kg,"232,00",232.0,Café Conillon,10
2013-08-01,Café Conillon,EUNAPOLIS,Tipo 7/8,sc 60 kg,"235,00",235.0,Café Conillon,10
2013-08-02,Café Conillon,EUNAPOLIS,Tipo 7,sc 60 kg,"232,00",232.0,Café Conillon,10
2013-08-02,Café Conillon,EUNAPOLIS,Tipo 7/8,sc 60 kg,"235,00",235.0,Café Conillon,10
2013-08-05,Café Conillon,EUNAPOLIS,Tipo 7,sc 60 kg,"232,00",232.0,Café Conillon,10
2013-08-05,Café Conillon,EUNAPOLIS,Tipo 7/8,sc 60 kg,"235,00",235.0,Café Conillon,10
2013-08-06,Café Conillon,EUNAPOLIS,Tipo 7,sc 60 kg,"232,00",232.0,Café Conillon,10
2013-08-06,Café Conillon,EUNAPOLIS,Tipo 7/8,sc 60 kg,"235,00",235.0,Café Conillon,10
2013-08-07,Café Conillon,EUNAPOLIS,Tipo 7,sc 60 kg,"237,00",237.0,Café Conillon,10
2013-08-07,Café Conillon,EUNAPOLIS,Tipo 7/8,sc 60 kg,"240,00",240.0,Café Conillon,10
2013-08-08,Café Conillon,EUNAPOLIS,Tipo 7,sc 60 kg,"237,00",237.0,Café Conillon,10
2013-08-08,Café Conillon,EUNAPOLIS,Tipo 7/8,sc 60 kg,"240,00",240.0,Café Conillon,10
2013-08-09,Café Conillon,EUNAPOLIS,Tipo 7,sc 60 kg,"237,00",237.0,Café Conillon,10
2013-08-09,Café Conillon,EUNAPOLIS,Tipo 7/8,sc 60 kg,"240,00",240.0,Café Conillon,10
2013-08-12,Café Conillon,EUNAPOLIS,Tipo 7,sc 60 kg,"237,00",237.0,Café Conillon,10
2013-08-12,Café Conillon,EUNAPOLIS,Tipo 7/8,sc 60 kg,"240,00",240.0,Café Conillon,10
2013-08-13,Café Conillon,EUNAPOLIS,Tipo 7,sc 60 kg,"237,00",237.0,Café Conillon,10
2013-08-13,Café Conillon,EUNAPOLIS,Tipo 7/8,sc 60 kg,"240,00",240.0,Café Conillon,10
2013-08-14,Café Conillon,EUNAPOLIS,Tipo 7,sc 60 kg,"237,00",237.0,Café Conillon,10
2013-08-14,Café Conillon,EUNAPOLIS,Tipo 7/8,sc 60 kg,"240,00",240.0,Café Conillon,10
2013-08-15,Café Conillon,EUNAPOLIS,Tipo 7,sc 60 kg,"237,00",237.0,Café Conillon,10
2013-08-15,Café Conillon,EUNAPOLIS,Tipo 7/8,sc 60 kg,"240,00",240.0,Café Conillon,10
2013-08-16,Café Conillon,EUNAPOLIS,Tipo 7,sc 60 kg,"237,00",237.0,Café Conillon,10
2013-08-16,Café Conillon,EUNAPOLIS,Tipo 7/8,sc 60 kg,"240,00",240.0,Café Conillon,10
2013-08-19,Café Conillon,EUNAPOLIS,Tipo 7,sc 60 kg,"239,00",239.0,Café Conillon,10
2013-08-19,Café Conillon,EUNAPOLIS,Tipo 7/8,sc 60 kg,"242,00",242.0,Café Conillon,10
2013-08-20,Café Conillon,EUNAPOLIS,Tipo 7,sc 60 kg,"239,00",239.0,Café Conillon,10
2013-08-20,Café Conillon,EUNAPOLIS,Tipo 7/8,sc 60 kg,"242,00",242.0,Café Conillon,10
2013-08-21,Café Conillon,EUNAPOLIS,Tipo 7,sc 60 kg,"239,00",239.0,Café Conillon,10
2013-08-21,Café Conillon,EUNAPOLIS,Tipo 7/8,sc 60 kg,"242,00",242.0,Café Conillon,10
2013-08-22,Café Conillon,EUNAPOLIS,Tipo 7,sc 60 kg,"239,00",239.0,Café Conillon,10
2013-08-22,Café Conillon,EUNAPOLIS,Tipo 7/8,sc 60 kg,"242,00",242.0,Café Conillon,10
2013-08-23,Café Conillon,EUNAPOLIS,Tipo 7,sc 60 kg,"239,00",239.0,Café Conillon,10
2013-08-23,Café Conillon,EUNAPOLIS,Tipo 7/8,sc 60 kg,"242,00",242.0,Café Conillon,10
2013-08-26,Café Conillon,EUNAPOLIS,Tipo 7,sc 60 kg,"239,00",239.0,Café Conillon,10
2013-08-26,Café Conillon,EUNAPOLIS,Tipo 7/8,sc 60 kg,"242,00",242.0,Café Conillon,10
2013-08-27,Café Conillon,EUNAPOLIS,Tipo 7,sc 60 kg,"239,00",239.0,Café Conillon,10
2013-08-27,Café Conillon,EUNAPOLIS,Tipo 7/8,sc 60 kg,"242,00",242.0,Café Conillon,10
2013-08-28,Café Conillon,EUNAPOLIS,Tipo 7,sc 60 kg,"239,00",239.0,Café Conillon,10
2013-08-28,Café Conillon,EUNAPOLIS,Tipo 7/8,sc 60 kg,"242,00",242.0,Café Conillon,10
2013-08-29,Café Conillon,EUNAPOLIS,Tipo 7,sc 60 kg,"390,00",390.0,Café Conillon,10
2013-08-29,Café Conillon,EUNAPOLIS,Tipo 7/8,sc 60 kg,"242,00",242.0,Café Conillon,10
2013-08-30,Café Conillon,EUNAPOLIS,Tipo 7,sc 60 kg,"390,00",390.0,Café Conillon,10
2013-08-30,Café Conillon,EUNAPOLIS,Tipo 7/8,sc 60 kg,"242,00",242.0,Café Conillon,10
2013-09-02,Café Conillon,EUNAPOLIS,Tipo 7,sc 60 kg,"390,00",390.0,Café Conillon,10
2013-09-02,Café Conillon,EUNAPOLIS,Tipo 7/8,sc 60 kg,"242,00",242.0,Café Conillon,10
2013-09-03,Café Conillon,EUNAPOLIS,Tipo 7,sc 60 kg,"390,00",390.0,Café Conillon,10
2013-09-03,Café Conillon,EUNAPOLIS,Tipo 7/8,sc 60 kg,"242,00",242.0,Café Conillon,10
2013-09-04,Café Conillon,EUNAPOLIS,Tipo 7,sc 60 kg,"390,00",390.0,Café Conillon,10
2013-09-04,Café Conillon,EUNAPOLIS,Tipo 7/8,sc 60 kg,"242,00",242.0,Café Conillon,10
2013-09-05,Café Conillon,EUNAPOLIS,Tipo 7,sc 60 kg,"227,00",227.0,Café Conillon,10
2013-09-05,Café Conillon,EUNAPOLIS,Tipo 7/8,sc 60 kg,"230,00",230.0,Café Conillon,10
2013-09-09,Café Conillon,EUNAPOLIS,Tipo 7,sc 60 kg,"225,00",225.0,Café Conillon,10
2013-09-09,Café Conillon,EUNAPOLIS,Tipo 7/8,sc 60 kg,"228,00",228.0,Café Conillon,10
2013-09-10,Café Conillon,EUNAPOLIS,Tipo 7,sc 60 kg,"225,00",225.0,Café Conillon,10
2013-09-10,Café Conillon,EUNAPOLIS,Tipo 7/8,sc 60 kg,"228,00",228.0,Café Conillon,10
2013-09-11,Café Conillon,EUNAPOLIS,Tipo 7,sc 60 kg,"225,00",225.0,Café Conillon,10
2013-09-11,Café Conillon,EUNAPOLIS,Tipo 7/8,sc 60 kg,"228,00",228.0,Café Conillon,10
2013-09-12,Café Conillon,EUNAPOLIS,Tipo 7,sc 60 kg,"225,00",225.0,Café Conillon,10
2013-09-12,Café Conillon,EUNAPOLIS,Tipo 7/8,sc 60 kg,"228,00",228.0,Café Conillon,10
2013-09-13,Café Conillon,EUNAPOLIS,Tipo 7,sc 60 kg,"225,00",225.0,Café Conillon,10
2013-09-13,Café Conillon,EUNAPOLIS,Tipo 7/8,sc 60 kg,"228,00",228.0,Café Conillon,10
2013-09-16,Café Conillon,EUNAPOLIS,Tipo 7,sc 60 kg,"225,00",225.0,Café Conillon,10
2013-09-16,Café Conillon,EUNAPOLIS,Tipo 7/8,sc 60 kg,"228,00",228.0,Café Conillon,10
2013-09-17,Café Conillon,EUNAPOLIS,Tipo 7,sc 60 kg,"225,00",225.0,Café Conillon,10
2013-09-17,Café Conillon,EUNAPOLIS,Tipo 7/8,sc 60 kg,"228,00",228.0,Café Conillon,10
2013-09-18,Café Conillon,EUNAPOLIS,Tipo 7,sc 60 kg,"225,00",225.0,Café Conillon,10
2013-09-18,Café Conillon,EUNAPOLIS,Tipo 7/8,sc 60 kg,"228,00",228.0,Café Conillon,10
2013-09-19,Café Conillon,EUNAPOLIS,Tipo 7,sc 60 kg,"225,00",225.0,Café Conillon,10
2013-09-19,Café Conillon,EUNAPOLIS,Tipo 7/8,sc 60 kg,"228,00",228.0,Café Conillon,10
2013-09-20,Café Conillon,EUNAPOLIS,Tipo 7,sc 60 kg,"225,00",225.0,Café Conillon,10
2013-09-20,Café Conillon,EUNAPOLIS,Tipo 7/8,sc 60 kg,"228,00",228.0,Café Conillon,10
2013-09-23,Café Conillon,EUNAPOLIS,Tipo 7,sc 60 kg,"225,00",225.0,Café Conillon,10
2013-09-23,Café Conillon,EUNAPOLIS,Tipo 7/8,sc 60 kg,"228,00",228.0,Café Conillon,10
2013-09-24,Café Conillon,EUNAPOLIS,Tipo 7,sc 60 kg,"214,00",214.0,Café Conillon,10
2013-09-24,Café Conillon,EUNAPOLIS,Tipo 7/8,sc 60 kg,"217,00",217.0,Café Conillon,10
2013-09-25,Café Conillon,EUNAPOLIS,Tipo 7,sc 60 kg,"214,00",214.0,Café Conillon,10
2013-09-25,Café Conillon,EUNAPOLIS,Tipo 7/8,sc 60 kg,"217,00",217.0,Café Conillon,10
2013-09-26,Café Conillon,EUNAPOLIS,Tipo 7,sc 60 kg,"214,00",214.0,Café Conillon,10
2013-09-26,Café Conillon,EUNAPOLIS,Tipo 7/8,sc 60 kg,"217,00",217.0,Café Conillon,10
2013-09-27,Café Conillon,EUNAPOLIS,Tipo 7,sc 60 kg,"214,00",214.0,Café Conillon,10
2013-09-27,Café Conillon,EUNAPOLIS,Tipo 7/8,sc 60 kg,"217,00",217.0,Café Conillon,10
2013-09-30,Café Conillon,EUNAPOLIS,Tipo 7,sc 60 kg,"214,00",214.0,Café Conillon,10
2013-09-30,Café Conillon,EUNAPOLIS,Tipo 7/8,sc 60 kg,"217,00",217.0,Café Conillon,10
2013-10-01,Café Conillon,EUNAPOLIS,Tipo 7,sc 60 kg,"214,00",214.0,Café Conillon,10
2013-10-01,Café Conillon,EUNAPOLIS,Tipo 7/8,sc 60 kg,"217,00",217.0,Café Conillon,10
2013-10-02,Café Conillon,EUNAPOLIS,Tipo 7,sc 60 kg,"214,00",214.0,Café Conillon,10
2013-10-02,Café Conillon,EUNAPOLIS,Tipo 7/8,sc 60 kg,"217,00",217.0,Café Conillon,10
2013-10-03,Café Conillon,EUNAPOLIS,Tipo 7,sc 60 kg,"202,00",202.0,Café Conillon,10
2013-10-03,Café Conillon,EUNAPOLIS,Tipo 7/8,sc 60 kg,"205,00",205.0,Café Conillon,10
2013-10-04,Café Conillon,EUNAPOLIS,Tipo 7,sc 60 kg,"202,00",202.0,Café Conillon,10
2013-10-04,Café Conillon,EUNAPOLIS,Tipo 7/8,sc 60 kg,"205,00",205.0,Café Conillon,10
2013-10-07,Café Conillon,EUNAPOLIS,Tipo 7,sc 60 kg,"202,00",202.0,Café Conillon,10
2013-10-07,Café Conillon,EUNAPOLIS,Tipo 7/8,sc 60 kg,"205,00",205.0,Café Conillon,10
2013-10-08,Café Conillon,EUNAPOLIS,Tipo 7,sc 60 kg,"202,00",202.0,Café Conillon,10
2013-10-08,Café Conillon,EUNAPOLIS,Tipo 7/8,sc 60 kg,"205,00",205.0,Café Conillon,10
2013-10-09,Café Conillon,EUNAPOLIS,Tipo 7,sc 60 kg,"202,00",202.0,Café Conillon,10
2013-10-09,Café Conillon,EUNAPOLIS,Tipo 7/8,sc 60 kg,"205,00",205.0,Café Conillon,10
2013-10-10,Café Conillon,EUNAPOLIS,Tipo 7,sc 60 kg,"205,00",205.0,Café Conillon,10
2013-10-10,Café Conillon,EUNAPOLIS,Tipo 7/8,sc 60 kg,"205,00",205.0,Café Conillon,10
2013-10-10,Café Conillon,EUNAPOLIS,Tipo 7/8,sc 60 kg,"202,00",202.0,Café Conillon,10
2013-10-11,Café Conillon,EUNAPOLIS,Tipo 7,sc 60 kg,"205,00",205.0,Café Conillon,10
2013-10-11,Café Conillon,EUNAPOLIS,Tipo 7/8,sc 60 kg,"202,00",202.0,Café Conillon,10
2013-10-14,Café Conillon,EUNAPOLIS,Tipo 7,sc 60 kg,"205,00",205.0,Café Conillon,10
2013-10-14,Café Conillon,EUNAPOLIS,Tipo 7/8,sc 60 kg,"202,00",202.0,Café Conillon,10
2013-10-15,Café Conillon,EUNAPOLIS,Tipo 7,sc 60 kg,"205,00",205.0,Café Conillon,10
2013-10-15,Café Conillon,EUNAPOLIS,Tipo 7/8,sc 60 kg,"202,00",202.0,Café Conillon,10
2013-10-16,Café Conillon,EUNAPOLIS,Tipo 7,sc 60 kg,"205,00",205.0,Café Conillon,10
2013-10-16,Café Conillon,EUNAPOLIS,Tipo 7/8,sc 60 kg,"202,00",202.0,Café Conillon,10
2013-10-17,Café Conillon,EUNAPOLIS,Tipo 7,sc 60 kg,"205,00",205.0,Café Conillon,10
2013-10-17,Café Conillon,EUNAPOLIS,Tipo 7/8,sc 60 kg,"202,00",202.0,Café Conillon,10
2013-10-18,Café Conillon,EUNAPOLIS,Tipo 7,sc 60 kg,"205,00",205.0,Café Conillon,10
2013-10-18,Café Conillon,EUNAPOLIS,Tipo 7/8,sc 60 kg,"202,00",202.0,Café Conillon,10
2013-10-21,Café Conillon,EUNAPOLIS,Tipo 7,sc 60 kg,"195,00",195.0,Café Conillon,10
2013-10-21,Café Conillon,EUNAPOLIS,Tipo 7/8,sc 60 kg,"192,00",192.0,Café Conillon,10
2013-10-22,Café Conillon,EUNAPOLIS,Tipo 7,sc 60 kg,"195,00",195.0,Café Conillon,10
2013-10-22,Café Conillon,EUNAPOLIS,Tipo 7/8,sc 60 kg,"192,00",192.0,Café Conillon,10
2013-10-23,Café Conillon,EUNAPOLIS,Tipo 7,sc 60 kg,"195,00",195.0,Café Conillon,10
2013-10-23,Café Conillon,EUNAPOLIS,Tipo 7/8,sc 60 kg,"192,00",192.0,Café Conillon,10
2013-10-24,Café Conillon,EUNAPOLIS,Tipo 7,sc 60 kg,"195,00",195.0,Café Conillon,10
2013-10-24,Café Conillon,EUNAPOLIS,Tipo 7/8,sc 60 kg,"192,00",192.0,Café Conillon,10
2013-10-25,Café Conillon,EUNAPOLIS,Tipo 7,sc 60 kg,"195,00",195.0,Café Conillon,10
2013-10-25,Café Conillon,EUNAPOLIS,Tipo 7/8,sc 60 kg,"192,00",192.0,Café Conillon,10
2013-10-29,Café Conillon,EUNAPOLIS,Tipo 7,sc 60 kg,"180,00",180.0,Café Conillon,10
2013-10-29,Café Conillon,EUNAPOLIS,Tipo 7/8,sc 60 kg,"177,00",177.0,Café Conillon,10
2013-10-30,Café Conillon,EUNAPOLIS,Tipo 7,sc 60 kg,"180,00",180.0,Café Conillon,10
2013-10-30,Café Conillon,EUNAPOLIS,Tipo 7/8,sc 60 kg,"177,00",177.0,Café Conillon,10
2013-10-31,Café Conillon,EUNAPOLIS,Tipo 7,sc 60 kg,"180,00",180.0,Café Conillon,10
2013-10-31,Café Conillon,EUNAPOLIS,Tipo 7/8,sc 60 kg,"177,00",177.0,Café Conillon,10
2013-11-01,Café Conillon,EUNAPOLIS,Tipo 7,sc 60 kg,"180,00",180.0,Café Conillon,10
2013-11-01,Café Conillon,EUNAPOLIS,Tipo 7/8,sc 60 kg,"177,00",177.0,Café Conillon,10
2013-11-04,Café Conillon,EUNAPOLIS,Tipo 7,sc 60 kg,"180,00",180.0,Café Conillon,10
2013-11-04,Café Conillon,EUNAPOLIS,Tipo 7/8,sc 60 kg,"177,00",177.0,Café Conillon,10
2013-11-05,Café Conillon,EUNAPOLIS,Tipo 7,sc 60 kg,"180,00",180.0,Café Conillon,10
2013-11-05,Café Conillon,EUNAPOLIS,Tipo 7/8,sc 60 kg,"177,00",177.0,Café Conillon,10
2013-11-06,Café Conillon,EUNAPOLIS,Tipo 7,sc 60 kg,"180,00",180.0,Café Conillon,10
2013-11-06,Café Conillon,EUNAPOLIS,Tipo 7/8,sc 60 kg,"177,00",177.0,Café Conillon,10
2013-11-07,Café Conillon,EUNAPOLIS,Tipo 7,sc 60 kg,"180,00",180.0,Café Conillon,10
2013-11-07,Café Conillon,EUNAPOLIS,Tipo 7/8,sc 60 kg,"177,00",177.0,Café Conillon,10
2013-11-08,Café Conillon,EUNAPOLIS,Tipo 7,sc 60 kg,"180,00",180.0,Café Conillon,10
2013-11-08,Café Conillon,EUNAPOLIS,Tipo 7/8,sc 60 kg,"177,00",177.0,Café Conillon,10
2013-11-11,Café Conillon,EUNAPOLIS,Tipo 7,sc 60 kg,"180,00",180.0,Café Conillon,10
2013-11-11,Café Conillon,EUNAPOLIS,Tipo 7/8,sc 60 kg,"177,00",177.0,Café Conillon,10
2013-11-12,Café Conillon,EUNAPOLIS,Tipo 7,sc 60 kg,"180,00",180.0,Café Conillon,10
2013-11-12,Café Conillon,EUNAPOLIS,Tipo 7/8,sc 60 kg,"177,00",177.0,Café Conillon,10
2013-11-13,Café Conillon,EUNAPOLIS,Tipo 7,sc 60 kg,"180,00",180.0,Café Conillon,10
2013-11-13,Café Conillon,EUNAPOLIS,Tipo 7/8,sc 60 kg,"177,00",177.0,Café Conillon,10
2013-11-14,Café Conillon,EUNAPOLIS,Tipo 7,sc 60 kg,"180,00",180.0,Café Conillon,10
2013-11-14,Café Conillon,EUNAPOLIS,Tipo 7/8,sc 60 kg,"177,00",177.0,Café Conillon,10
2013-11-18,Café Conillon,EUNAPOLIS,Tipo 7,sc 60 kg,"180,00",180.0,Café Conillon,10
2013-11-18,Café Conillon,EUNAPOLIS,Tipo 7/8,sc 60 kg,"177,00",177.0,Café Conillon,10
2013-11-19,Café Conillon,EUNAPOLIS,Tipo 7,sc 60 kg,"185,00",185.0,Café Conillon,10
2013-11-19,Café Conillon,EUNAPOLIS,Tipo 7/8,sc 60 kg,"182,00",182.0,Café Conillon,10
2013-11-20,Café Conillon,EUNAPOLIS,Tipo 7,sc 60 kg,"185,00",185.0,Café Conillon,10
2013-11-20,Café Conillon,EUNAPOLIS,Tipo 7/8,sc 60 kg,"182,00",182.0,Café Conillon,10
2013-11-21,Café Conillon,EUNAPOLIS,Tipo 7,sc 60 kg,"185,00",185.0,Café Conillon,10
2013-11-21,Café Conillon,EUNAPOLIS,Tipo 7/8,sc 60 kg,"182,00",182.0,Café Conillon,10
2013-11-22,Café Conillon,EUNAPOLIS,Tipo 7,sc 60 kg,"190,00",190.0,Café Conillon,10
2013-11-22,Café Conillon,EUNAPOLIS,Tipo 7/8,sc 60 kg,"187,00",187.0,Café Conillon,10
2013-11-25,Café Conillon,EUNAPOLIS,Tipo 7,sc 60 kg,"190,00",190.0,Café Conillon,10
2013-11-25,Café Conillon,EUNAPOLIS,Tipo 7/8,sc 60 kg,"187,00",187.0,Café Conillon,10
2013-11-26,Café Conillon,EUNAPOLIS,Tipo 7,sc 60 kg,"190,00",190.0,Café Conillon,10
2013-11-26,Café Conillon,EUNAPOLIS,Tipo 7/8,sc 60 kg,"187,00",187.0,Café Conillon,10
2013-11-27,Café Conillon,EUNAPOLIS,Tipo 7,sc 60 kg,"190,00",190.0,Café Conillon,10
2013-11-27,Café Conillon,EUNAPOLIS,Tipo 7/8,sc 60 kg,"187,00",187.0,Café Conillon,10
2013-11-28,Café Conillon,EUNAPOLIS,Tipo 7,sc 60 kg,"190,00",190.0,Café Conillon,10
2013-11-28,Café Conillon,EUNAPOLIS,Tipo 7/8,sc 60 kg,"187,00",187.0,Café Conillon,10
2013-11-29,Café Conillon,EUNAPOLIS,Tipo 7,sc 60 kg,"190,00",190.0,Café Conillon,10
2013-11-29,Café Conillon,EUNAPOLIS,Tipo 7/8,sc 60 kg,"187,00",187.0,Café Conillon,10
2013-12-02,Café Conillon,EUNAPOLIS,Tipo 7,sc 60 kg,"210,00",210.0,Café Conillon,10
2013-12-02,Café Conillon,EUNAPOLIS,Tipo 7/8,sc 60 kg,"207,00",207.0,Café Conillon,10
2013-12-03,Café Conillon,EUNAPOLIS,Tipo 7,sc 60 kg,"210,00",210.0,Café Conillon,10
2013-12-03,Café Conillon,EUNAPOLIS,Tipo 7/8,sc 60 kg,"207,00",207.0,Café Conillon,10
2013-12-04,Café Conillon,EUNAPOLIS,Tipo 7,sc 60 kg,"210,00",210.0,Café Conillon,10
2013-12-04,Café Conillon,EUNAPOLIS,Tipo 7/8,sc 60 kg,"207,00",207.0,Café Conillon,10
2013-12-05,Café Conillon,EUNAPOLIS,Tipo 7,sc 60 kg,"210,00",210.0,Café Conillon,10
2013-12-05,Café Conillon,EUNAPOLIS,Tipo 7/8,sc 60 kg,"207,00",207.0,Café Conillon,10
2013-12-06,Café Conillon,EUNAPOLIS,Tipo 7,sc 60 kg,"210,00",210.0,Café Conillon,10
2013-12-06,Café Conillon,EUNAPOLIS,Tipo 7/8,sc 60 kg,"207,00",207.0,Café Conillon,10
2013-12-09,Café Conillon,EUNAPOLIS,Tipo 7,sc 60 kg,"210,00",210.0,Café Conillon,10
2013-12-09,Café Conillon,EUNAPOLIS,Tipo 7/8,sc 60 kg,"207,00",207.0,Café Conillon,10
2013-12-10,Café Conillon,EUNAPOLIS,Tipo 7,sc 60 kg,"210,00",210.0,Café Conillon,10
2013-12-10,Café Conillon,EUNAPOLIS,Tipo 7/8,sc 60 kg,"207,00",207.0,Café Conillon,10
2013-12-11,Café Conillon,EUNAPOLIS,Tipo 7,sc 60 kg,"210,00",210.0,Café Conillon,10
2013-12-11,Café Conillon,EUNAPOLIS,Tipo 7/8,sc 60 kg,"207,00",207.0,Café Conillon,10
2013-12-12,Café Conillon,EUNAPOLIS,Tipo 7,sc 60 kg,"210,00",210.0,Café Conillon,10
2013-12-12,Café Conillon,EUNAPOLIS,Tipo 7/8,sc 60 kg,"207,00",207.0,Café Conillon,10
2013-12-13,Café Conillon,EUNAPOLIS,Tipo 7,sc 60 kg,"210,00",210.0,Café Conillon,10
2013-12-13,Café Conillon,EUNAPOLIS,Tipo 7/8,sc 60 kg,"207,00",207.0,Café Conillon,10
2013-12-16,Café Conillon,EUNAPOLIS,Tipo 7,sc 60 kg,"210,00",210.0,Café Conillon,10
2013-12-16,Café Conillon,EUNAPOLIS,Tipo 7/8,sc 60 kg,"207,00",207.0,Café Conillon,10
2013-12-17,Café Conillon,EUNAPOLIS,Tipo 7,sc 60 kg,"210,00",210.0,Café Conillon,10
2013-12-17,Café Conillon,EUNAPOLIS,Tipo 7/8,sc 60 kg,"207,00",207.0,Café Conillon,10
2013-12-18,Café Conillon,EUNAPOLIS,Tipo 7,sc 60 kg,"210,00",210.0,Café Conillon,10
2013-12-18,Café Conillon,EUNAPOLIS,Tipo 7/8,sc 60 kg,"207,00",207.0,Café Conillon,10
2013-12-19,Café Conillon,EUNAPOLIS,Tipo 7,sc 60 kg,"210,00",210.0,Café Conillon,10
2013-12-19,Café Conillon,EUNAPOLIS,Tipo 7/8,sc 60 kg,"207,00",207.0,Café Conillon,10
2013-12-20,Café Conillon,EUNAPOLIS,Tipo 7,sc 60 kg,"210,00",210.0,Café Conillon,10
2013-12-20,Café Conillon,EUNAPOLIS,Tipo 7/8,sc 60 kg,"207,00",207.0,Café Conillon,10
2013-12-26,Café Conillon,EUNAPOLIS,Tipo 7,sc 60 kg,"210,00",210.0,Café Conillon,10
2013-12-26,Café Conillon,EUNAPOLIS,Tipo 7/8,sc 60 kg,"207,00",207.0,Café Conillon,10
2013-12-27,Café Conillon,EUNAPOLIS,Tipo 7,sc 60 kg,"210,00",210.0,Café Conillon,10
2013-12-27,Café Conillon,EUNAPOLIS,Tipo 7/8,sc 60 kg,"207,00",207.0,Café Conillon,10
2014-01-02,Café Conillon,EUNAPOLIS,Tipo 7,sc 60 kg,"207,00",207.0,Café Conillon,10
2014-01-02,Café Conillon,EUNAPOLIS,Tipo 7/8,sc 60 kg,"210,00",210.0,Café Conillon,10
2014-01-03,Café Conillon,EUNAPOLIS,Tipo 7,sc 60 kg,"207,00",207.0,Café Conillon,10
2014-01-03,Café Conillon,EUNAPOLIS,Tipo 7/8,sc 60 kg,"210,00",210.0,Café Conillon,10
2014-01-06,Café Conillon,EUNAPOLIS,Tipo 7,sc 60 kg,"207,00",207.0,Café Conillon,10
2014-01-06,Café Conillon,EUNAPOLIS,Tipo 7/8,sc 60 kg,"210,00",210.0,Café Conillon,10
2014-01-07,Café Conillon,EUNAPOLIS,Tipo 7,sc 60 kg,"207,00",207.0,Café Conillon,10
2014-01-07,Café Conillon,EUNAPOLIS,Tipo 7/8,sc 60 kg,"210,00",210.0,Café Conillon,10
2014-01-08,Café Conillon,EUNAPOLIS,Tipo 7,sc 60 kg,"207,00",207.0,Café Conillon,10
2014-01-08,Café Conillon,EUNAPOLIS,Tipo 7/8,sc 60 kg,"210,00",210.0,Café Conillon,10
2014-01-09,Café Conillon,EUNAPOLIS,Tipo 7,sc 60 kg,"207,00",207.0,Café Conillon,10
2014-01-09,Café Conillon,EUNAPOLIS,Tipo 7/8,sc 60 kg,"210,00",210.0,Café Conillon,10
2014-01-10,Café Conillon,EUNAPOLIS,Tipo 7,sc 60 kg,"209,00",209.0,Café Conillon,10
2014-01-10,Café Conillon,EUNAPOLIS,Tipo 7/8,sc 60 kg,"212,00",212.0,Café Conillon,10
2014-01-13,Café Conillon,EUNAPOLIS,Tipo 7,sc 60 kg,"209,00",209.0,Café Conillon,10
2014-01-13,Café Conillon,EUNAPOLIS,Tipo 7/8,sc 60 kg,"212,00",212.0,Café Conillon,10
2014-01-14,Café Conillon,EUNAPOLIS,Tipo 7,sc 60 kg,"209,00",209.0,Café Conillon,10
2014-01-14,Café Conillon,EUNAPOLIS,Tipo 7/8,sc 60 kg,"212,00",212.0,Café Conillon,10
2014-01-15,Café Conillon,EUNAPOLIS,Tipo 7,sc 60 kg,"212,00",212.0,Café Conillon,10
2014-01-15,Café Conillon,EUNAPOLIS,Tipo 7/8,sc 60 kg,"215,00",215.0,Café Conillon,10
2014-01-16,Café Conillon,EUNAPOLIS,Tipo 7,sc 60 kg,"212,00",212.0,Café Conillon,10
2014-01-16,Café Conillon,EUNAPOLIS,Tipo 7/8,sc 60 kg,"215,00",215.0,Café Conillon,10
2014-01-17,Café Conillon,EUNAPOLIS,Tipo 7,sc 60 kg,"212,00",212.0,Café Conillon,10
2014-01-17,Café Conillon,EUNAPOLIS,Tipo 7/8,sc 60 kg,"215,00",215.0,Café Conillon,10
2014-01-20,Café Conillon,EUNAPOLIS,Tipo 7,sc 60 kg,"212,00",212.0,Café Conillon,10
2014-01-20,Café Conillon,EUNAPOLIS,Tipo 7/8,sc 60 kg,"215,00",215.0,Café Conillon,10
2014-01-21,Café Conillon,EUNAPOLIS,Tipo 7,sc 60 kg,"212,00",212.0,Café Conillon,10
2014-01-21,Café Conillon,EUNAPOLIS,Tipo 7/8,sc 60 kg,"215,00",215.0,Café Conillon,10
2014-01-22,Café Conillon,EUNAPOLIS,Tipo 7,sc 60 kg,"212,00",212.0,Café Conillon,10
2014-01-22,Café Conillon,EUNAPOLIS,Tipo 7/8,sc 60 kg,"215,00",215.0,Café Conillon,10
2014-01-23,Café Conillon,EUNAPOLIS,Tipo 7,sc 60 kg,"212,00",212.0,Café Conillon,10
2014-01-23,Café Conillon,EUNAPOLIS,Tipo 7/8,sc 60 kg,"215,00",215.0,Café Conillon,10
2014-01-24,Café Conillon,EUNAPOLIS,Tipo 7,sc 60 kg,"212,00",212.0,Café Conillon,10
2014-01-24,Café Conillon,EUNAPOLIS,Tipo 7/8,sc 60 kg,"215,00",215.0,Café Conillon,10
2014-01-27,Café Conillon,EUNAPOLIS,Tipo 7,sc 60 kg,"212,00",212.0,Café Conillon,10
2014-01-27,Café Conillon,EUNAPOLIS,Tipo 7/8,sc 60 kg,"215,00",215.0,Café Conillon,10
2014-01-28,Café Conillon,EUNAPOLIS,Tipo 7,sc 60 kg,"212,00",212.0,Café Conillon,10
2014-01-28,Café Conillon,EUNAPOLIS,Tipo 7/8,sc 60 kg,"215,00",215.0,Café Conillon,10
2014-01-29,Café Conillon,EUNAPOLIS,Tipo 7,sc 60 kg,"212,00",212.0,Café Conillon,10
2014-01-29,Café Conillon,EUNAPOLIS,Tipo 7/8,sc 60 kg,"215,00",215.0,Café Conillon,10
2014-01-30,Café Conillon,EUNAPOLIS,Tipo 7,sc 60 kg,"212,00",212.0,Café Conillon,10
2014-01-30,Café Conillon,EUNAPOLIS,Tipo 7/8,sc 60 kg,"215,00",215.0,Café Conillon,10
2014-01-31,Café Conillon,EUNAPOLIS,Tipo 7,sc 60 kg,"214,00",214.0,Café Conillon,10
2014-01-31,Café Conillon,EUNAPOLIS,Tipo 7/8,sc 60 kg,"217,00",217.0,Café Conillon,10
2014-02-03,Café Conillon,EUNAPOLIS,Tipo 7,sc 60 kg,"217,00",217.0,Café Conillon,10
2014-02-03,Café Conillon,EUNAPOLIS,Tipo 7/8,sc 60 kg,"220,00",220.0,Café Conillon,10
2014-02-04,Café Conillon,EUNAPOLIS,Tipo 7,sc 60 kg,"217,00",217.0,Café Conillon,10
2014-02-04,Café Conillon,EUNAPOLIS,Tipo 7/8,sc 60 kg,"220,00",220.0,Café Conillon,10
2014-02-05,Café Conillon,EUNAPOLIS,Tipo 7,sc 60 kg,"217,00",217.0,Café Conillon,10
2014-02-05,Café Conillon,EUNAPOLIS,Tipo 7/8,sc 60 kg,"220,00",220.0,Café Conillon,10
2014-02-06,Café Conillon,EUNAPOLIS,Tipo 7,sc 60 kg,"217,00",217.0,Café Conillon,10
2014-02-06,Café Conillon,EUNAPOLIS,Tipo 7/8,sc 60 kg,"220,00",220.0,Café Conillon,10
2014-02-07,Café Conillon,EUNAPOLIS,Tipo 7,sc 60 kg,"220,00",220.0,Café Conillon,10
2014-02-07,Café Conillon,EUNAPOLIS,Tipo 7/8,sc 60 kg,"223,00",223.0,Café Conillon,10
2014-02-10,Café Conillon,EUNAPOLIS,Tipo 7,sc 60 kg,"220,00",220.0,Café Conillon,10
2014-02-10,Café Conillon,EUNAPOLIS,Tipo 7/8,sc 60 kg,"223,00",223.0,Café Conillon,10
2014-02-11,Café Conillon,EUNAPOLIS,Tipo 7,sc 60 kg,"220,00",220.0,Café Conillon,10
2014-02-11,Café Conillon,EUNAPOLIS,Tipo 7/8,sc 60 kg,"223,00",223.0,Café Conillon,10
2014-02-12,Café Conillon,EUNAPOLIS,Tipo 7,sc 60 kg,"220,00",220.0,Café Conillon,10
2014-02-12,Café Conillon,EUNAPOLIS,Tipo 7/8,sc 60 kg,"223,00",223.0,Café Conillon,10
2014-02-13,Café Conillon,EUNAPOLIS,Tipo 7,sc 60 kg,"220,00",220.0,Café Conillon,10
2014-02-13,Café Conillon,EUNAPOLIS,Tipo 7/8,sc 60 kg,"223,00",223.0,Café Conillon,10
2014-02-14,Café Conillon,EUNAPOLIS,Tipo 7,sc 60 kg,"220,00",220.0,Café Conillon,10
2014-02-14,Café Conillon,EUNAPOLIS,Tipo 7/8,sc 60 kg,"223,00",223.0,Café Conillon,10
2014-02-17,Café Conillon,EUNAPOLIS,Tipo 7,sc 60 kg,"220,00",220.0,Café Conillon,10
2014-02-17,Café Conillon,EUNAPOLIS,Tipo 7/8,sc 60 kg,"223,00",223.0,Café Conillon,10
2014-02-18,Café Conillon,EUNAPOLIS,Tipo 7,sc 60 kg,"220,00",220.0,Café Conillon,10
2014-02-18,Café Conillon,EUNAPOLIS,Tipo 7/8,sc 60 kg,"223,00",223.0,Café Conillon,10
2014-02-19,Café Conillon,EUNAPOLIS,Tipo 7,sc 60 kg,"220,00",220.0,Café Conillon,10
2014-02-19,Café Conillon,EUNAPOLIS,Tipo 7/8,sc 60 kg,"223,00",223.0,Café Conillon,10
2014-02-20,Café Conillon,EUNAPOLIS,Tipo 7,sc 60 kg,"220,00",220.0,Café Conillon,10
2014-02-20,Café Conillon,EUNAPOLIS,Tipo 7/8,sc 60 kg,"223,00",223.0,Café Conillon,10
2014-02-21,Café Conillon,EUNAPOLIS,Tipo 7,sc 60 kg,"232,00",232.0,Café Conillon,10
2014-02-21,Café Conillon,EUNAPOLIS,Tipo 7/8,sc 60 kg,"235,00",235.0,Café Conillon,10
2014-02-24,Café Conillon,EUNAPOLIS,Tipo 7,sc 60 kg,"232,00",232.0,Café Conillon,10
2014-02-24,Café Conillon,EUNAPOLIS,Tipo 7/8,sc 60 kg,"235,00",235.0,Café Conillon,10
2014-02-25,Café Conillon,EUNAPOLIS,Tipo 7,sc 60 kg,"237,00",237.0,Café Conillon,10
2014-02-25,Café Conillon,EUNAPOLIS,Tipo 7/8,sc 60 kg,"240,00",240.0,Café Conillon,10
2014-02-26,Café Conillon,EUNAPOLIS,Tipo 7,sc 60 kg,"237,00",237.0,Café Conillon,10
2014-02-26,Café Conillon,EUNAPOLIS,Tipo 7/8,sc 60 kg,"240,00",240.0,Café Conillon,10
2014-02-27,Café Conillon,EUNAPOLIS,Tipo 7,sc 60 kg,"237,00",237.0,Café Conillon,10
2014-02-27,Café Conillon,EUNAPOLIS,Tipo 7/8,sc 60 kg,"240,00",240.0,Café Conillon,10
2014-03-06,Café Conillon,EUNAPOLIS,Tipo 7,sc 60 kg,"237,00",237.0,Café Conillon,10
2014-03-06,Café Conillon,EUNAPOLIS,Tipo 7/8,sc 60 kg,"240,00",240.0,Café Conillon,10
2014-03-07,Café Conillon,EUNAPOLIS,Tipo 7,sc 60 kg,"237,00",237.0,Café Conillon,10
2014-03-07,Café Conillon,EUNAPOLIS,Tipo 7/8,sc 60 kg,"240,00",240.0,Café Conillon,10
2014-03-10,Café Conillon,EUNAPOLIS,Tipo 7,sc 60 kg,"247,00",247.0,Café Conillon,10
2014-03-10,Café Conillon,EUNAPOLIS,Tipo 7/8,sc 60 kg,"250,00",250.0,Café Conillon,10
2014-03-11,Café Conillon,EUNAPOLIS,Tipo 7,sc 60 kg,"247,00",247.0,Café Conillon,10
2014-03-11,Café Conillon,EUNAPOLIS,Tipo 7/8,sc 60 kg,"250,00",250.0,Café Conillon,10
2014-03-12,Café Conillon,EUNAPOLIS,Tipo 7,sc 60 kg,"252,00",252.0,Café Conillon,10
2014-03-12,Café Conillon,EUNAPOLIS,Tipo 7/8,sc 60 kg,"255,00",255.0,Café Conillon,10
2014-03-13,Café Conillon,EUNAPOLIS,Tipo 7,sc 60 kg,"257,00",257.0,Café Conillon,10
2014-03-13,Café Conillon,EUNAPOLIS,Tipo 7/8,sc 60 kg,"260,00",260.0,Café Conillon,10
2014-03-14,Café Conillon,EUNAPOLIS,Tipo 7,sc 60 kg,"257,00",257.0,Café Conillon,10
2014-03-14,Café Conillon,EUNAPOLIS,Tipo 7/8,sc 60 kg,"260,00",260.0,Café Conillon,10
2014-03-17,Café Conillon,EUNAPOLIS,Tipo 7,sc 60 kg,"257,00",257.0,Café Conillon,10
2014-03-17,Café Conillon,EUNAPOLIS,Tipo 7/8,sc 60 kg,"260,00",260.0,Café Conillon,10
2014-03-18,Café Conillon,EUNAPOLIS,Tipo 7,sc 60 kg,"257,00",257.0,Café Conillon,10
2014-03-18,Café Conillon,EUNAPOLIS,Tipo 7/8,sc 60 kg,"260,00",260.0,Café Conillon,10
2014-03-19,Café Conillon,EUNAPOLIS,Tipo 7,sc 60 kg,"257,00",257.0,Café Conillon,10
2014-03-19,Café Conillon,EUNAPOLIS,Tipo 7/8,sc 60 kg,"260,00",260.0,Café Conillon,10
2014-03-20,Café Conillon,EUNAPOLIS,Tipo 7,sc 60 kg,"242,00",242.0,Café Conillon,10
2014-03-20,Café Conillon,EUNAPOLIS,Tipo 7/8,sc 60 kg,"245,00",245.0,Café Conillon,10
2014-03-21,Café Conillon,EUNAPOLIS,Tipo 7,sc 60 kg,"242,00",242.0,Café Conillon,10
2014-03-21,Café Conillon,EUNAPOLIS,Tipo 7/8,sc 60 kg,"245,00",245.0,Café Conillon,10
2014-03-24,Café Conillon,EUNAPOLIS,Tipo 7,sc 60 kg,"242,00",242.0,Café Conillon,10
2014-03-24,Café Conillon,EUNAPOLIS,Tipo 7/8,sc 60 kg,"245,00",245.0,Café Conillon,10
2014-03-25,Café Conillon,EUNAPOLIS,Tipo 7,sc 60 kg,"242,00",242.0,Café Conillon,10
2014-03-25,Café Conillon,EUNAPOLIS,Tipo 7/8,sc 60 kg,"245,00",245.0,Café Conillon,10
2014-03-26,Café Conillon,EUNAPOLIS,Tipo 7,sc 60 kg,"242,00",242.0,Café Conillon,10
2014-03-26,Café Conillon,EUNAPOLIS,Tipo 7/8,sc 60 kg,"245,00",245.0,Café Conillon,10
2014-03-27,Café Conillon,EUNAPOLIS,Tipo 7,sc 60 kg,"242,00",242.0,Café Conillon,10
2014-03-27,Café Conillon,EUNAPOLIS,Tipo 7/8,sc 60 kg,"245,00",245.0,Café Conillon,10
2014-03-28,Café Conillon,EUNAPOLIS,Tipo 7,sc 60 kg,"242,00",242.0,Café Conillon,10
2014-03-28,Café Conillon,EUNAPOLIS,Tipo 7/8,sc 60 kg,"245,00",245.0,Café Conillon,10
2014-03-31,Café Conillon,EUNAPOLIS,Tipo 7,sc 60 kg,"242,00",242.0,Café Conillon,10
2014-03-31,Café Conillon,EUNAPOLIS,Tipo 7/8,sc 60 kg,"245,00",245.0,Café Conillon,10
2014-04-01,Café Conillon,EUNAPOLIS,Tipo 7,sc 60 kg,"242,00",242.0,Café Conillon,10
2014-04-01,Café Conillon,EUNAPOLIS,Tipo 7/8,sc 60 kg,"245,00",245.0,Café Conillon,10
2014-04-02,Café Conillon,EUNAPOLIS,Tipo 7,sc 60 kg,"242,00",242.0,Café Conillon,10
2014-04-02,Café Conillon,EUNAPOLIS,Tipo 7/8,sc 60 kg,"245,00",245.0,Café Conillon,10
2014-04-03,Café Conillon,EUNAPOLIS,Tipo 7,sc 60 kg,"242,00",242.0,Café Conillon,10
2014-04-03,Café Conillon,EUNAPOLIS,Tipo 7/8,sc 60 kg,"245,00",245.0,Café Conillon,10
2014-04-04,Café Conillon,EUNAPOLIS,Tipo 7,sc 60 kg,"242,00",242.0,Café Conillon,10
2014-04-04,Café Conillon,EUNAPOLIS,Tipo 7/8,sc 60 kg,"245,00",245.0,Café Conillon,10
2014-04-07,Café Conillon,EUNAPOLIS,Tipo 7,sc 60 kg,"242,00",242.0,Café Conillon,10
2014-04-07,Café Conillon,EUNAPOLIS,Tipo 7/8,sc 60 kg,"245,00",245.0,Café Conillon,10
2014-04-08,Café Conillon,EUNAPOLIS,Tipo 7,sc 60 kg,"242,00",242.0,Café Conillon,10
2014-04-08,Café Conillon,EUNAPOLIS,Tipo 7/8,sc 60 kg,"245,00",245.0,Café Conillon,10
2014-04-09,Café Conillon,EUNAPOLIS,Tipo 7,sc 60 kg,"242,00",242.0,Café Conillon,10
2014-04-09,Café Conillon,EUNAPOLIS,Tipo 7/8,sc 60 kg,"245,00",245.0,Café Conillon,10
2014-04-10,Café Conillon,EUNAPOLIS,Tipo 7,sc 60 kg,"242,00",242.0,Café Conillon,10
2014-04-10,Café Conillon,EUNAPOLIS,Tipo 7/8,sc 60 kg,"245,00",245.0,Café Conillon,10
2014-04-11,Café Conillon,EUNAPOLIS,Tipo 7,sc 60 kg,"242,00",242.0,Café Conillon,10
2014-04-11,Café Conillon,EUNAPOLIS,Tipo 7/8,sc 60 kg,"245,00",245.0,Café Conillon,10
2014-04-14,Café Conillon,EUNAPOLIS,Tipo 7,sc 60 kg,"242,00",242.0,Café Conillon,10
2014-04-14,Café Conillon,EUNAPOLIS,Tipo 7/8,sc 60 kg,"245,00",245.0,Café Conillon,10
2014-04-15,Café Conillon,EUNAPOLIS,Tipo 7,sc 60 kg,"242,00",242.0,Café Conillon,10
2014-04-15,Café Conillon,EUNAPOLIS,Tipo 7/8,sc 60 kg,"245,00",245.0,Café Conillon,10
2014-04-16,Café Conillon,EUNAPOLIS,Tipo 7,sc 60 kg,"242,00",242.0,Café Conillon,10
2014-04-16,Café Conillon,EUNAPOLIS,Tipo 7/8,sc 60 kg,"245,00",245.0,Café Conillon,10
2014-04-22,Café Conillon,EUNAPOLIS,Tipo 7,sc 60 kg,"247,00",247.0,Café Conillon,10
2014-04-22,Café Conillon,EUNAPOLIS,Tipo 7/8,sc 60 kg,"250,00",250.0,Café Conillon,10
2014-04-23,Café Conillon,EUNAPOLIS,Tipo 7,sc 60 kg,"247,00",247.0,Café Conillon,10
2014-04-23,Café Conillon,EUNAPOLIS,Tipo 7/8,sc 60 kg,"250,00",250.0,Café Conillon,10
2014-04-24,Café Conillon,EUNAPOLIS,Tipo 7,sc 60 kg,"247,00",247.0,Café Conillon,10
2014-04-24,Café Conillon,EUNAPOLIS,Tipo 7/8,sc 60 kg,"250,00",250.0,Café Conillon,10
2014-04-25,Café Conillon,EUNAPOLIS,Tipo 7,sc 60 kg,"247,00",247.0,Café Conillon,10
2014-04-25,Café Conillon,EUNAPOLIS,Tipo 7/8,sc 60 kg,"250,00",250.0,Café Conillon,10
2014-04-28,Café Conillon,EUNAPOLIS,Tipo 7,sc 60 kg,"242,00",242.0,Café Conillon,10
2014-04-28,Café Conillon,EUNAPOLIS,Tipo 7/8,sc 60 kg,"245,00",245.0,Café Conillon,10
2014-04-29,Café Conillon,EUNAPOLIS,Tipo 7,sc 60 kg,"242,00",242.0,Café Conillon,10
2014-04-29,Café Conillon,EUNAPOLIS,Tipo 7/8,sc 60 kg,"245,00",245.0,Café Conillon,10
2014-04-30,Café Conillon,EUNAPOLIS,Tipo 7,sc 60 kg,"242,00",242.0,Café Conillon,10
2014-04-30,Café Conillon,EUNAPOLIS,Tipo 7/8,sc 60 kg,"245,00",245.0,Café Conillon,10
2014-05-05,Café Conillon,EUNAPOLIS,Tipo 7,sc 60 kg,"242,00",242.0,Café Conillon,10
2014-05-05,Café Conillon,EUNAPOLIS,Tipo 7/8,sc 60 kg,"245,00",245.0,Café Conillon,10
2014-05-06,Café Conillon,EUNAPOLIS,Tipo 7,sc 60 kg,"242,00",242.0,Café Conillon,10
2014-05-06,Café Conillon,EUNAPOLIS,Tipo 7/8,sc 60 kg,"245,00",245.0,Café Conillon,10
2014-05-07,Café Conillon,EUNAPOLIS,Tipo 7,sc 60 kg,"242,00",242.0,Café Conillon,10
2014-05-07,Café Conillon,EUNAPOLIS,Tipo 7/8,sc 60 kg,"245,00",245.0,Café Conillon,10
2014-05-08,Café Conillon,EUNAPOLIS,Tipo 7,sc 60 kg,"242,00",242.0,Café Conillon,10
2014-05-08,Café Conillon,EUNAPOLIS,Tipo 7/8,sc 60 kg,"245,00",245.0,Café Conillon,10
2014-05-09,Café Conillon,EUNAPOLIS,Tipo 7,sc 60 kg,"242,00",242.0,Café Conillon,10
2014-05-09,Café Conillon,EUNAPOLIS,Tipo 7/8,sc 60 kg,"245,00",245.0,Café Conillon,10
2014-05-12,Café Conillon,EUNAPOLIS,Tipo 7,sc 60 kg,"242,00",242.0,Café Conillon,10
2014-05-12,Café Conillon,EUNAPOLIS,Tipo 7/8,sc 60 kg,"245,00",245.0,Café Conillon,10
2014-05-13,Café Conillon,EUNAPOLIS,Tipo 7,sc 60 kg,"242,00",242.0,Café Conillon,10
2014-05-13,Café Conillon,EUNAPOLIS,Tipo 7/8,sc 60 kg,"245,00",245.0,Café Conillon,10
2014-05-14,Café Conillon,EUNAPOLIS,Tipo 7,sc 60 kg,"242,00",242.0,Café Conillon,10
2014-05-14,Café Conillon,EUNAPOLIS,Tipo 7/8,sc 60 kg,"245,00",245.0,Café Conillon,10
2014-05-15,Café Conillon,EUNAPOLIS,Tipo 7,sc 60 kg,"237,00",237.0,Café Conillon,10
2014-05-15,Café Conillon,EUNAPOLIS,Tipo 7/8,sc 60 kg,"240,00",240.0,Café Conillon,10
2014-05-16,Café Conillon,EUNAPOLIS,Tipo 7,sc 60 kg,"237,00",237.0,Café Conillon,10
2014-05-16,Café Conillon,EUNAPOLIS,Tipo 7/8,sc 60 kg,"240,00",240.0,Café Conillon,10
2014-05-19,Café Conillon,EUNAPOLIS,Tipo 7,sc 60 kg,"234,00",234.0,Café Conillon,10
2014-05-19,Café Conillon,EUNAPOLIS,Tipo 7/8,sc 60 kg,"237,00",237.0,Café Conillon,10
2014-05-20,Café Conillon,EUNAPOLIS,Tipo 7,sc 60 kg,"234,00",234.0,Café Conillon,10
2014-05-20,Café Conillon,EUNAPOLIS,Tipo 7/8,sc 60 kg,"237,00",237.0,Café Conillon,10
2014-05-21,Café Conillon,EUNAPOLIS,Tipo 7,sc 60 kg,"234,00",234.0,Café Conillon,10
2014-05-21,Café Conillon,EUNAPOLIS,Tipo 7/8,sc 60 kg,"237,00",237.0,Café Conillon,10
2014-05-22,Café Conillon,EUNAPOLIS,Tipo 7,sc 60 kg,"234,00",234.0,Café Conillon,10
2014-05-22,Café Conillon,EUNAPOLIS,Tipo 7/8,sc 60 kg,"237,00",237.0,Café Conillon,10
2014-05-23,Café Conillon,EUNAPOLIS,Tipo 7,sc 60 kg,"234,00",234.0,Café Conillon,10
2014-05-23,Café Conillon,EUNAPOLIS,Tipo 7/8,sc 60 kg,"237,00",237.0,Café Conillon,10
2014-05-26,Café Conillon,EUNAPOLIS,Tipo 7,sc 60 kg,"222,00",222.0,Café Conillon,10
2014-05-26,Café Conillon,EUNAPOLIS,Tipo 7/8,sc 60 kg,"225,00",225.0,Café Conillon,10
2014-05-27,Café Conillon,EUNAPOLIS,Tipo 7,sc 60 kg,"222,00",222.0,Café Conillon,10
2014-05-27,Café Conillon,EUNAPOLIS,Tipo 7/8,sc 60 kg,"225,00",225.0,Café Conillon,10
2014-05-28,Café Conillon,EUNAPOLIS,Tipo 7,sc 60 kg,"222,00",222.0,Café Conillon,10
2014-05-28,Café Conillon,EUNAPOLIS,Tipo 7/8,sc 60 kg,"225,00",225.0,Café Conillon,10
2014-05-29,Café Conillon,EUNAPOLIS,Tipo 7,sc 60 kg,"222,00",222.0,Café Conillon,10
2014-05-29,Café Conillon,EUNAPOLIS,Tipo 7/8,sc 60 kg,"225,00",225.0,Café Conillon,10
2014-05-30,Café Conillon,EUNAPOLIS,Tipo 7,sc 60 kg,"222,00",222.0,Café Conillon,10
2014-05-30,Café Conillon,EUNAPOLIS,Tipo 7/8,sc 60 kg,"225,00",225.0,Café Conillon,10
2014-06-02,Café Conillon,EUNAPOLIS,Tipo 7,sc 60 kg,"222,00",222.0,Café Conillon,10
2014-06-02,Café Conillon,EUNAPOLIS,Tipo 7/8,sc 60 kg,"225,00",225.0,Café Conillon,10
2014-06-03,Café Conillon,EUNAPOLIS,Tipo 7,sc 60 kg,"222,00",222.0,Café Conillon,10
2014-06-03,Café Conillon,EUNAPOLIS,Tipo 7/8,sc 60 kg,"225,00",225.0,Café Conillon,10
2014-06-04,Café Conillon,EUNAPOLIS,Tipo 7,sc 60 kg,"219,00",219.0,Café Conillon,10
2014-06-04,Café Conillon,EUNAPOLIS,Tipo 7/8,sc 60 kg,"222,00",222.0,Café Conillon,10
2014-06-05,Café Conillon,EUNAPOLIS,Tipo 7,sc 60 kg,"219,00",219.0,Café Conillon,10
2014-06-05,Café Conillon,EUNAPOLIS,Tipo 7/8,sc 60 kg,"222,00",222.0,Café Conillon,10
2014-06-06,Café Conillon,EUNAPOLIS,Tipo 7,sc 60 kg,"219,00",219.0,Café Conillon,10
2014-06-06,Café Conillon,EUNAPOLIS,Tipo 7/8,sc 60 kg,"222,00",222.0,Café Conillon,10
2014-06-09,Café Conillon,EUNAPOLIS,Tipo 7,sc 60 kg,"219,00",219.0,Café Conillon,10
2014-06-09,Café Conillon,EUNAPOLIS,Tipo 7/8,sc 60 kg,"222,00",222.0,Café Conillon,10
2014-06-10,Café Conillon,EUNAPOLIS,Tipo 7,sc 60 kg,"217,00",217.0,Café Conillon,10
2014-06-10,Café Conillon,EUNAPOLIS,Tipo 7/8,sc 60 kg,"220,00",220.0,Café Conillon,10
2014-06-11,Café Conillon,EUNAPOLIS,Tipo 7,sc 60 kg,"217,00",217.0,Café Conillon,10
2014-06-11,Café Conillon,EUNAPOLIS,Tipo 7/8,sc 60 kg,"220,00",220.0,Café Conillon,10
2014-06-12,Café Conillon,EUNAPOLIS,Tipo 7,sc 60 kg,"217,00",217.0,Café Conillon,10
2014-06-12,Café Conillon,EUNAPOLIS,Tipo 7/8,sc 60 kg,"220,00",220.0,Café Conillon,10
2014-06-13,Café Conillon,EUNAPOLIS,Tipo 7,sc 60 kg,"217,00",217.0,Café Conillon,10
2014-06-13,Café Conillon,EUNAPOLIS,Tipo 7/8,sc 60 kg,"220,00",220.0,Café Conillon,10
2014-06-17,Café Conillon,EUNAPOLIS,Tipo 7,sc 60 kg,"219,00",219.0,Café Conillon,10
2014-06-17,Café Conillon,EUNAPOLIS,Tipo 7/8,sc 60 kg,"222,00",222.0,Café Conillon,10
2014-06-18,Café Conillon,EUNAPOLIS,Tipo 7,sc 60 kg,"219,00",219.0,Café Conillon,10
2014-06-18,Café Conillon,EUNAPOLIS,Tipo 7/8,sc 60 kg,"222,00",222.0,Café Conillon,10
2014-06-26,Café Conillon,EUNAPOLIS,Tipo 7,sc 60 kg,"219,00",219.0,Café Conillon,10
2014-06-26,Café Conillon,EUNAPOLIS,Tipo 7/8,sc 60 kg,"222,00",222.0,Café Conillon,10
2014-06-27,Café Conillon,EUNAPOLIS,Tipo 7,sc 60 kg,"219,00",219.0,Café Conillon,10
2014-06-27,Café Conillon,EUNAPOLIS,Tipo 7/8,sc 60 kg,"222,00",222.0,Café Conillon,10
2014-06-30,Café Conillon,EUNAPOLIS,Tipo 7,sc 60 kg,"224,00",224.0,Café Conillon,10
2014-06-30,Café Conillon,EUNAPOLIS,Tipo 7/8,sc 60 kg,"227,00",227.0,Café Conillon,10
2014-07-01,Café Conillon,EUNAPOLIS,Tipo 7,sc 60 kg,"224,00",224.0,Café Conillon,10
2014-07-01,Café Conillon,EUNAPOLIS,Tipo 7/8,sc 60 kg,"227,00",227.0,Café Conillon,10
2014-07-03,Café Conillon,EUNAPOLIS,Tipo 7,sc 60 kg,"227,00",227.0,Café Conillon,10
2014-07-03,Café Conillon,EUNAPOLIS,Tipo 7/8,sc 60 kg,"230,00",230.0,Café Conillon,10
2014-07-04,Café Conillon,EUNAPOLIS,Tipo 7,sc 60 kg,"227,00",227.0,Café Conillon,10
2014-07-04,Café Conillon,EUNAPOLIS,Tipo 7/8,sc 60 kg,"230,00",230.0,Café Conillon,10
2014-07-07,Café Conillon,EUNAPOLIS,Tipo 7,sc 60 kg,"227,00",227.0,Café Conillon,10
2014-07-07,Café Conillon,EUNAPOLIS,Tipo 7/8,sc 60 kg,"230,00",230.0,Café Conillon,10
2014-07-08,Café Conillon,EUNAPOLIS,Tipo 7,sc 60 kg,"227,00",227.0,Café Conillon,10
2014-07-08,Café Conillon,EUNAPOLIS,Tipo 7/8,sc 60 kg,"230,00",230.0,Café Conillon,10
2014-07-09,Café Conillon,EUNAPOLIS,Tipo 7,sc 60 kg,"229,00",229.0,Café Conillon,10
2014-07-09,Café Conillon,EUNAPOLIS,Tipo 7/8,sc 60 kg,"232,00",232.0,Café Conillon,10
2014-07-10,Café Conillon,EUNAPOLIS,Tipo 7,sc 60 kg,"229,00",229.0,Café Conillon,10
2014-07-10,Café Conillon,EUNAPOLIS,Tipo 7/8,sc 60 kg,"232,00",232.0,Café Conillon,10
2014-07-11,Café Conillon,EUNAPOLIS,Tipo 7,sc 60 kg,"229,00",229.0,Café Conillon,10
2014-07-11,Café Conillon,EUNAPOLIS,Tipo 7/8,sc 60 kg,"232,00",232.0,Café Conillon,10
2014-07-14,Café Conillon,EUNAPOLIS,Tipo 7,sc 60 kg,"229,00",229.0,Café Conillon,10
2014-07-14,Café Conillon,EUNAPOLIS,Tipo 7/8,sc 60 kg,"232,00",232.0,Café Conillon,10
2014-07-15,Café Conillon,EUNAPOLIS,Tipo 7,sc 60 kg,"229,00",229.0,Café Conillon,10
2014-07-15,Café Conillon,EUNAPOLIS,Tipo 7/8,sc 60 kg,"232,00",232.0,Café Conillon,10
2014-07-16,Café Conillon,EUNAPOLIS,Tipo 7,sc 60 kg,"229,00",229.0,Café Conillon,10
2014-07-16,Café Conillon,EUNAPOLIS,Tipo 7/8,sc 60 kg,"232,00",232.0,Café Conillon,10
2014-07-17,Café Conillon,EUNAPOLIS,Tipo 7,sc 60 kg,"227,00",227.0,Café Conillon,10
2014-07-17,Café Conillon,EUNAPOLIS,Tipo 7/8,sc 60 kg,"230,00",230.0,Café Conillon,10
2014-07-18,Café Conillon,EUNAPOLIS,Tipo 7,sc 60 kg,"227,00",227.0,Café Conillon,10
2014-07-18,Café Conillon,EUNAPOLIS,Tipo 7/8,sc 60 kg,"230,00",230.0,Café Conillon,10
2014-07-21,Café Conillon,EUNAPOLIS,Tipo 7,sc 60 kg,"227,00",227.0,Café Conillon,10
2014-07-21,Café Conillon,EUNAPOLIS,Tipo 7/8,sc 60 kg,"230,00",230.0,Café Conillon,10
2014-07-22,Café Conillon,EUNAPOLIS,Tipo 7,sc 60 kg,"227,00",227.0,Café Conillon,10
2014-07-22,Café Conillon,EUNAPOLIS,Tipo 7/8,sc 60 kg,"230,00",230.0,Café Conillon,10
2014-07-23,Café Conillon,EUNAPOLIS,Tipo 7,sc 60 kg,"227,00",227.0,Café Conillon,10
2014-07-23,Café Conillon,EUNAPOLIS,Tipo 7/8,sc 60 kg,"230,00",230.0,Café Conillon,10
2014-07-24,Café Conillon,EUNAPOLIS,Tipo 7,sc 60 kg,"227,00",227.0,Café Conillon,10
2014-07-24,Café Conillon,EUNAPOLIS,Tipo 7/8,sc 60 kg,"230,00",230.0,Café Conillon,10
2014-07-25,Café Conillon,EUNAPOLIS,Tipo 7,sc 60 kg,"227,00",227.0,Café Conillon,10
2014-07-25,Café Conillon,EUNAPOLIS,Tipo 7/8,sc 60 kg,"230,00",230.0,Café Conillon,10
2014-07-28,Café Conillon,EUNAPOLIS,Tipo 7,sc 60 kg,"227,00",227.0,Café Conillon,10
2014-07-28,Café Conillon,EUNAPOLIS,Tipo 7/8,sc 60 kg,"230,00",230.0,Café Conillon,10
2014-07-29,Café Conillon,EUNAPOLIS,Tipo 7,sc 60 kg,"227,00",227.0,Café Conillon,10
2014-07-29,Café Conillon,EUNAPOLIS,Tipo 7/8,sc 60 kg,"230,00",230.0,Café Conillon,10
2014-07-30,Café Conillon,EUNAPOLIS,Tipo 7,sc 60 kg,"227,00",227.0,Café Conillon,10
2014-07-30,Café Conillon,EUNAPOLIS,Tipo 7/8,sc 60 kg,"230,00",230.0,Café Conillon,10
2014-07-31,Café Conillon,EUNAPOLIS,Tipo 7,sc 60 kg,"227,00",227.0,Café Conillon,10
2014-07-31,Café Conillon,EUNAPOLIS,Tipo 7/8,sc 60 kg,"230,00",230.0,Café Conillon,10
2014-08-01,Café Conillon,EUNAPOLIS,Tipo 7,sc 60 kg,"237,00",237.0,Café Conillon,10
2014-08-01,Café Conillon,EUNAPOLIS,Tipo 7/8,sc 60 kg,"240,00",240.0,Café Conillon,10
2014-08-04,Café Conillon,EUNAPOLIS,Tipo 7,sc 60 kg,"237,00",237.0,Café Conillon,10
2014-08-04,Café Conillon,EUNAPOLIS,Tipo 7/8,sc 60 kg,"240,00",240.0,Café Conillon,10
2014-08-05,Café Conillon,EUNAPOLIS,Tipo 7,sc 60 kg,"237,00",237.0,Café Conillon,10
2014-08-05,Café Conillon,EUNAPOLIS,Tipo 7/8,sc 60 kg,"240,00",240.0,Café Conillon,10
2014-08-06,Café Conillon,EUNAPOLIS,Tipo 7,sc 60 kg,"237,00",237.0,Café Conillon,10
2014-08-06,Café Conillon,EUNAPOLIS,Tipo 7/8,sc 60 kg,"240,00",240.0,Café Conillon,10
2014-08-07,Café Conillon,EUNAPOLIS,Tipo 7,sc 60 kg,"237,00",237.0,Café Conillon,10
2014-08-07,Café Conillon,EUNAPOLIS,Tipo 7/8,sc 60 kg,"240,00",240.0,Café Conillon,10
2014-08-08,Café Conillon,EUNAPOLIS,Tipo 7,sc 60 kg,"237,00",237.0,Café Conillon,10
2014-08-08,Café Conillon,EUNAPOLIS,Tipo 7/8,sc 60 kg,"240,00",240.0,Café Conillon,10
2014-08-11,Café Conillon,EUNAPOLIS,Tipo 7,sc 60 kg,"237,00",237.0,Café Conillon,10
2014-08-11,Café Conillon,EUNAPOLIS,Tipo 7/8,sc 60 kg,"240,00",240.0,Café Conillon,10
2014-08-12,Café Conillon,EUNAPOLIS,Tipo 7,sc 60 kg,"237,00",237.0,Café Conillon,10
2014-08-12,Café Conillon,EUNAPOLIS,Tipo 7/8,sc 60 kg,"240,00",240.0,Café Conillon,10
2014-08-13,Café Conillon,EUNAPOLIS,Tipo 7,sc 60 kg,"237,00",237.0,Café Conillon,10
2014-08-13,Café Conillon,EUNAPOLIS,Tipo 7/8,sc 60 kg,"240,00",240.0,Café Conillon,10
2014-08-14,Café Conillon,EUNAPOLIS,Tipo 7,sc 60 kg,"237,00",237.0,Café Conillon,10
2014-08-14,Café Conillon,EUNAPOLIS,Tipo 7/8,sc 60 kg,"240,00",240.0,Café Conillon,10
2014-08-15,Café Conillon,EUNAPOLIS,Tipo 7,sc 60 kg,"237,00",237.0,Café Conillon,10
2014-08-15,Café Conillon,EUNAPOLIS,Tipo 7/8,sc 60 kg,"240,00",240.0,Café Conillon,10
2014-08-18,Café Conillon,EUNAPOLIS,Tipo 7,sc 60 kg,"237,00",237.0,Café Conillon,10
2014-08-18,Café Conillon,EUNAPOLIS,Tipo 7/8,sc 60 kg,"240,00",240.0,Café Conillon,10
2014-08-19,Café Conillon,EUNAPOLIS,Tipo 7,sc 60 kg,"229,00",229.0,Café Conillon,10
2014-08-19,Café Conillon,EUNAPOLIS,Tipo 7/8,sc 60 kg,"232,00",232.0,Café Conillon,10
2014-08-20,Café Conillon,EUNAPOLIS,Tipo 7,sc 60 kg,"229,00",229.0,Café Conillon,10
2014-08-20,Café Conillon,EUNAPOLIS,Tipo 7/8,sc 60 kg,"232,00",232.0,Café Conillon,10
2014-08-21,Café Conillon,EUNAPOLIS,Tipo 7,sc 60 kg,"229,00",229.0,Café Conillon,10
2014-08-21,Café Conillon,EUNAPOLIS,Tipo 7/8,sc 60 kg,"232,00",232.0,Café Conillon,10
2014-08-22,Café Conillon,EUNAPOLIS,Tipo 7,sc 60 kg,"229,00",229.0,Café Conillon,10
2014-08-22,Café Conillon,EUNAPOLIS,Tipo 7/8,sc 60 kg,"232,00",232.0,Café Conillon,10
2014-08-25,Café Conillon,EUNAPOLIS,Tipo 7,sc 60 kg,"229,00",229.0,Café Conillon,10
2014-08-25,Café Conillon,EUNAPOLIS,Tipo 7/8,sc 60 kg,"232,00",232.0,Café Conillon,10
2014-08-26,Café Conillon,EUNAPOLIS,Tipo 7,sc 60 kg,"229,00",229.0,Café Conillon,10
2014-08-26,Café Conillon,EUNAPOLIS,Tipo 7/8,sc 60 kg,"232,00",232.0,Café Conillon,10
2014-08-27,Café Conillon,EUNAPOLIS,Tipo 7,sc 60 kg,"229,00",229.0,Café Conillon,10
2014-08-27,Café Conillon,EUNAPOLIS,Tipo 7/8,sc 60 kg,"232,00",232.0,Café Conillon,10
2014-08-28,Café Conillon,EUNAPOLIS,Tipo 7,sc 60 kg,"229,00",229.0,Café Conillon,10
2014-08-28,Café Conillon,EUNAPOLIS,Tipo 7/8,sc 60 kg,"232,00",232.0,Café Conillon,10
2014-08-29,Café Conillon,EUNAPOLIS,Tipo 7,sc 60 kg,"229,00",229.0,Café Conillon,10
2014-08-29,Café Conillon,EUNAPOLIS,Tipo 7/8,sc 60 kg,"232,00",232.0,Café Conillon,10
2014-09-01,Café Conillon,EUNAPOLIS,Tipo 7,sc 60 kg,"229,00",229.0,Café Conillon,10
2014-09-01,Café Conillon,EUNAPOLIS,Tipo 7/8,sc 60 kg,"232,00",232.0,Café Conillon,10
2014-09-02,Café Conillon,EUNAPOLIS,Tipo 7,sc 60 kg,"229,00",229.0,Café Conillon,10
2014-09-02,Café Conillon,EUNAPOLIS,Tipo 7/8,sc 60 kg,"232,00",232.0,Café Conillon,10
2014-09-03,Café Conillon,EUNAPOLIS,Tipo 7,sc 60 kg,"229,00",229.0,Café Conillon,10
2014-09-03,Café Conillon,EUNAPOLIS,Tipo 7/8,sc 60 kg,"232,00",232.0,Café Conillon,10
2014-09-04,Café Conillon,EUNAPOLIS,Tipo 7,sc 60 kg,"229,00",229.0,Café Conillon,10
2014-09-04,Café Conillon,EUNAPOLIS,Tipo 7/8,sc 60 kg,"232,00",232.0,Café Conillon,10
2014-09-05,Café Conillon,EUNAPOLIS,Tipo 7,sc 60 kg,"237,00",237.0,Café Conillon,10
2014-09-05,Café Conillon,EUNAPOLIS,Tipo 7/8,sc 60 kg,"240,00",240.0,Café Conillon,10
2014-09-08,Café Conillon,EUNAPOLIS,Tipo 7,sc 60 kg,"237,00",237.0,Café Conillon,10
2014-09-08,Café Conillon,EUNAPOLIS,Tipo 7/8,sc 60 kg,"240,00",240.0,Café Conillon,10
2014-09-09,Café Conillon,EUNAPOLIS,Tipo 7,sc 60 kg,"237,00",237.0,Café Conillon,10
2014-09-09,Café Conillon,EUNAPOLIS,Tipo 7/8,sc 60 kg,"240,00",240.0,Café Conillon,10
2014-09-10,Café Conillon,EUNAPOLIS,Tipo 7,sc 60 kg,"237,00",237.0,Café Conillon,10
2014-09-10,Café Conillon,EUNAPOLIS,Tipo 7/8,sc 60 kg,"240,00",240.0,Café Conillon,10
2014-09-11,Café Conillon,EUNAPOLIS,Tipo 7,sc 60 kg,"237,00",237.0,Café Conillon,10
2014-09-11,Café Conillon,EUNAPOLIS,Tipo 7/8,sc 60 kg,"240,00",240.0,Café Conillon,10
2014-09-12,Café Conillon,EUNAPOLIS,Tipo 7,sc 60 kg,"237,00",237.0,Café Conillon,10
2014-09-12,Café Conillon,EUNAPOLIS,Tipo 7/8,sc 60 kg,"240,00",240.0,Café Conillon,10
2014-09-15,Café Conillon,EUNAPOLIS,Tipo 7,sc 60 kg,"237,00",237.0,Café Conillon,10
2014-09-15,Café Conillon,EUNAPOLIS,Tipo 7/8,sc 60 kg,"240,00",240.0,Café Conillon,10
2014-09-16,Café Conillon,EUNAPOLIS,Tipo 7,sc 60 kg,"237,00",237.0,Café Conillon,10
2014-09-16,Café Conillon,EUNAPOLIS,Tipo 7/8,sc 60 kg,"240,00",240.0,Café Conillon,10
2014-09-17,Café Conillon,EUNAPOLIS,Tipo 7,sc 60 kg,"232,00",232.0,Café Conillon,10
2014-09-17,Café Conillon,EUNAPOLIS,Tipo 7/8,sc 60 kg,"235,00",235.0,Café Conillon,10
2014-09-18,Café Conillon,EUNAPOLIS,Tipo 7,sc 60 kg,"232,00",232.0,Café Conillon,10
2014-09-18,Café Conillon,EUNAPOLIS,Tipo 7/8,sc 60 kg,"235,00",235.0,Café Conillon,10
2014-09-19,Café Conillon,EUNAPOLIS,Tipo 7,sc 60 kg,"232,00",232.0,Café Conillon,10
2014-09-19,Café Conillon,EUNAPOLIS,Tipo 7/8,sc 60 kg,"235,00",235.0,Café Conillon,10
2014-09-22,Café Conillon,EUNAPOLIS,Tipo 7,sc 60 kg,"232,00",232.0,Café Conillon,10
2014-09-22,Café Conillon,EUNAPOLIS,Tipo 7/8,sc 60 kg,"235,00",235.0,Café Conillon,10
2014-09-23,Café Conillon,EUNAPOLIS,Tipo 7,sc 60 kg,"232,00",232.0,Café Conillon,10
2014-09-23,Café Conillon,EUNAPOLIS,Tipo 7/8,sc 60 kg,"235,00",235.0,Café Conillon,10
2014-09-24,Café Conillon,EUNAPOLIS,Tipo 7,sc 60 kg,"232,00",232.0,Café Conillon,10
2014-09-24,Café Conillon,EUNAPOLIS,Tipo 7/8,sc 60 kg,"235,00",235.0,Café Conillon,10
2014-09-25,Café Conillon,EUNAPOLIS,Tipo 7,sc 60 kg,"232,00",232.0,Café Conillon,10
2014-09-25,Café Conillon,EUNAPOLIS,Tipo 7/8,sc 60 kg,"235,00",235.0,Café Conillon,10
2014-09-26,Café Conillon,EUNAPOLIS,Tipo 7,sc 60 kg,"232,00",232.0,Café Conillon,10
2014-09-26,Café Conillon,EUNAPOLIS,Tipo 7/8,sc 60 kg,"235,00",235.0,Café Conillon,10
2014-09-29,Café Conillon,EUNAPOLIS,Tipo 7,sc 60 kg,"232,00",232.0,Café Conillon,10
2014-09-29,Café Conillon,EUNAPOLIS,Tipo 7/8,sc 60 kg,"235,00",235.0,Café Conillon,10
2014-09-30,Café Conillon,EUNAPOLIS,Tipo 7,sc 60 kg,"232,00",232.0,Café Conillon,10
2014-09-30,Café Conillon,EUNAPOLIS,Tipo 7/8,sc 60 kg,"235,00",235.0,Café Conillon,10
2014-10-01,Café Conillon,EUNAPOLIS,Tipo 7,sc 60 kg,"232,00",232.0,Café Conillon,10
2014-10-01,Café Conillon,EUNAPOLIS,Tipo 7/8,sc 60 kg,"235,00",235.0,Café Conillon,10
2014-10-02,Café Conillon,EUNAPOLIS,Tipo 7,sc 60 kg,"232,00",232.0,Café Conillon,10
2014-10-02,Café Conillon,EUNAPOLIS,Tipo 7/8,sc 60 kg,"235,00",235.0,Café Conillon,10
2014-10-03,Café Conillon,EUNAPOLIS,Tipo 7,sc 60 kg,"242,00",242.0,Café Conillon,10
2014-10-03,Café Conillon,EUNAPOLIS,Tipo 7/8,sc 60 kg,"245,00",245.0,Café Conillon,10
2014-10-06,Café Conillon,EUNAPOLIS,Tipo 7,sc 60 kg,"242,00",242.0,Café Conillon,10
2014-10-06,Café Conillon,EUNAPOLIS,Tipo 7/8,sc 60 kg,"245,00",245.0,Café Conillon,10
2014-10-07,Café Conillon,EUNAPOLIS,Tipo 7,sc 60 kg,"242,00",242.0,Café Conillon,10
2014-10-07,Café Conillon,EUNAPOLIS,Tipo 7/8,sc 60 kg,"245,00",245.0,Café Conillon,10
2014-10-08,Café Conillon,EUNAPOLIS,Tipo 7,sc 60 kg,"242,00",242.0,Café Conillon,10
2014-10-08,Café Conillon,EUNAPOLIS,Tipo 7/8,sc 60 kg,"245,00",245.0,Café Conillon,10
2014-10-09,Café Conillon,EUNAPOLIS,Tipo 7,sc 60 kg,"242,00",242.0,Café Conillon,10
2014-10-09,Café Conillon,EUNAPOLIS,Tipo 7/8,sc 60 kg,"245,00",245.0,Café Conillon,10
2014-10-10,Café Conillon,EUNAPOLIS,Tipo 7,sc 60 kg,"242,00",242.0,Café Conillon,10
2014-10-10,Café Conillon,EUNAPOLIS,Tipo 7/8,sc 60 kg,"245,00",245.0,Café Conillon,10
2014-10-13,Café Conillon,EUNAPOLIS,Tipo 7,sc 60 kg,"252,00",252.0,Café Conillon,10
2014-10-13,Café Conillon,EUNAPOLIS,Tipo 7/8,sc 60 kg,"255,00",255.0,Café Conillon,10
2014-10-14,Café Conillon,EUNAPOLIS,Tipo 7,sc 60 kg,"252,00",252.0,Café Conillon,10
2014-10-14,Café Conillon,EUNAPOLIS,Tipo 7/8,sc 60 kg,"255,00",255.0,Café Conillon,10
2014-10-15,Café Conillon,EUNAPOLIS,Tipo 7,sc 60 kg,"252,00",252.0,Café Conillon,10
2014-10-15,Café Conillon,EUNAPOLIS,Tipo 7/8,sc 60 kg,"255,00",255.0,Café Conillon,10
2014-10-16,Café Conillon,EUNAPOLIS,Tipo 7,sc 60 kg,"252,00",252.0,Café Conillon,10
2014-10-16,Café Conillon,EUNAPOLIS,Tipo 7/8,sc 60 kg,"255,00",255.0,Café Conillon,10
2014-10-17,Café Conillon,EUNAPOLIS,Tipo 7,sc 60 kg,"252,00",252.0,Café Conillon,10
2014-10-17,Café Conillon,EUNAPOLIS,Tipo 7/8,sc 60 kg,"255,00",255.0,Café Conillon,10
2014-10-20,Café Conillon,EUNAPOLIS,Tipo 7,sc 60 kg,"252,00",252.0,Café Conillon,10
2014-10-20,Café Conillon,EUNAPOLIS,Tipo 7/8,sc 60 kg,"255,00",255.0,Café Conillon,10
2014-10-21,Café Conillon,EUNAPOLIS,Tipo 7,sc 60 kg,"247,00",247.0,Café Conillon,10
2014-10-21,Café Conillon,EUNAPOLIS,Tipo 7/8,sc 60 kg,"250,00",250.0,Café Conillon,10
2014-10-22,Café Conillon,EUNAPOLIS,Tipo 7,sc 60 kg,"247,00",247.0,Café Conillon,10
2014-10-22,Café Conillon,EUNAPOLIS,Tipo 7/8,sc 60 kg,"250,00",250.0,Café Conillon,10
2014-10-23,Café Conillon,EUNAPOLIS,Tipo 7,sc 60 kg,"247,00",247.0,Café Conillon,10
2014-10-23,Café Conillon,EUNAPOLIS,Tipo 7/8,sc 60 kg,"250,00",250.0,Café Conillon,10
2014-10-24,Café Conillon,EUNAPOLIS,Tipo 7,sc 60 kg,"247,00",247.0,Café Conillon,10
2014-10-24,Café Conillon,EUNAPOLIS,Tipo 7/8,sc 60 kg,"250,00",250.0,Café Conillon,10
2014-10-27,Café Conillon,EUNAPOLIS,Tipo 7,sc 60 kg,"247,00",247.0,Café Conillon,10
2014-10-27,Café Conillon,EUNAPOLIS,Tipo 7/8,sc 60 kg,"250,00",250.0,Café Conillon,10
2014-10-28,Café Conillon,EUNAPOLIS,Tipo 7,sc 60 kg,"247,00",247.0,Café Conillon,10
2014-10-28,Café Conillon,EUNAPOLIS,Tipo 7/8,sc 60 kg,"250,00",250.0,Café Conillon,10
2014-10-29,Café Conillon,EUNAPOLIS,Tipo 7,sc 60 kg,"247,00",247.0,Café Conillon,10
2014-10-29,Café Conillon,EUNAPOLIS,Tipo 7/8,sc 60 kg,"250,00",250.0,Café Conillon,10
2014-10-30,Café Conillon,EUNAPOLIS,Tipo 7,sc 60 kg,"247,00",247.0,Café Conillon,10
2014-10-30,Café Conillon,EUNAPOLIS,Tipo 7/8,sc 60 kg,"250,00",250.0,Café Conillon,10
2014-11-03,Café Conillon,EUNAPOLIS,Tipo 7,sc 60 kg,"247,00",247.0,Café Conillon,10
2014-11-03,Café Conillon,EUNAPOLIS,Tipo 7/8,sc 60 kg,"250,00",250.0,Café Conillon,10
2014-11-04,Café Conillon,EUNAPOLIS,Tipo 7,sc 60 kg,"247,00",247.0,Café Conillon,10
2014-11-04,Café Conillon,EUNAPOLIS,Tipo 7/8,sc 60 kg,"250,00",250.0,Café Conillon,10
2014-11-05,Café Conillon,EUNAPOLIS,Tipo 7,sc 60 kg,"247,00",247.0,Café Conillon,10
2014-11-05,Café Conillon,EUNAPOLIS,Tipo 7/8,sc 60 kg,"250,00",250.0,Café Conillon,10
2014-11-06,Café Conillon,EUNAPOLIS,Tipo 7,sc 60 kg,"247,00",247.0,Café Conillon,10
2014-11-06,Café Conillon,EUNAPOLIS,Tipo 7/8,sc 60 kg,"250,00",250.0,Café Conillon,10
2014-11-07,Café Conillon,EUNAPOLIS,Tipo 7,sc 60 kg,"247,00",247.0,Café Conillon,10
2014-11-07,Café Conillon,EUNAPOLIS,Tipo 7/8,sc 60 kg,"250,00",250.0,Café Conillon,10
2014-11-10,Café Conillon,EUNAPOLIS,Tipo 7,sc 60 kg,"247,00",247.0,Café Conillon,10
2014-11-10,Café Conillon,EUNAPOLIS,Tipo 7/8,sc 60 kg,"250,00",250.0,Café Conillon,10
2014-11-11,Café Conillon,EUNAPOLIS,Tipo 7,sc 60 kg,"247,00",247.0,Café Conillon,10
2014-11-11,Café Conillon,EUNAPOLIS,Tipo 7/8,sc 60 kg,"250,00",250.0,Café Conillon,10
2014-11-12,Café Conillon,EUNAPOLIS,Tipo 7,sc 60 kg,"247,00",247.0,Café Conillon,10
2014-11-12,Café Conillon,EUNAPOLIS,Tipo 7/8,sc 60 kg,"250,00",250.0,Café Conillon,10
2014-11-13,Café Conillon,EUNAPOLIS,Tipo 7,sc 60 kg,"256,00",256.0,Café Conillon,10
2014-11-13,Café Conillon,EUNAPOLIS,Tipo 7/8,sc 60 kg,"259,00",259.0,Café Conillon,10
2014-11-14,Café Conillon,EUNAPOLIS,Tipo 7,sc 60 kg,"256,00",256.0,Café Conillon,10
2014-11-14,Café Conillon,EUNAPOLIS,Tipo 7/8,sc 60 kg,"259,00",259.0,Café Conillon,10
2014-11-17,Café Conillon,EUNAPOLIS,Tipo 7,sc 60 kg,"262,00",262.0,Café Conillon,10
2014-11-17,Café Conillon,EUNAPOLIS,Tipo 7/8,sc 60 kg,"265,00",265.0,Café Conillon,10
2014-11-18,Café Conillon,EUNAPOLIS,Tipo 7,sc 60 kg,"262,00",262.0,Café Conillon,10
2014-11-18,Café Conillon,EUNAPOLIS,Tipo 7/8,sc 60 kg,"265,00",265.0,Café Conillon,10
2014-11-19,Café Conillon,EUNAPOLIS,Tipo 7,sc 60 kg,"262,00",262.0,Café Conillon,10
2014-11-19,Café Conillon,EUNAPOLIS,Tipo 7/8,sc 60 kg,"265,00",265.0,Café Conillon,10
2014-11-20,Café Conillon,EUNAPOLIS,Tipo 7,sc 60 kg,"262,00",262.0,Café Conillon,10
2014-11-20,Café Conillon,EUNAPOLIS,Tipo 7/8,sc 60 kg,"265,00",265.0,Café Conillon,10
2014-11-21,Café Conillon,EUNAPOLIS,Tipo 7,sc 60 kg,"262,00",262.0,Café Conillon,10
2014-11-21,Café Conillon,EUNAPOLIS,Tipo 7/8,sc 60 kg,"265,00",265.0,Café Conillon,10
2014-11-24,Café Conillon,EUNAPOLIS,Tipo 7,sc 60 kg,"262,00",262.0,Café Conillon,10
2014-11-24,Café Conillon,EUNAPOLIS,Tipo 7/8,sc 60 kg,"265,00",265.0,Café Conillon,10
2014-11-25,Café Conillon,EUNAPOLIS,Tipo 7,sc 60 kg,"262,00",262.0,Café Conillon,10
2014-11-25,Café Conillon,EUNAPOLIS,Tipo 7/8,sc 60 kg,"265,00",265.0,Café Conillon,10
2014-11-26,Café Conillon,EUNAPOLIS,Tipo 7,sc 60 kg,"262,00",262.0,Café Conillon,10
2014-11-26,Café Conillon,EUNAPOLIS,Tipo 7/8,sc 60 kg,"265,00",265.0,Café Conillon,10
2014-11-27,Café Conillon,EUNAPOLIS,Tipo 7,sc 60 kg,"262,00",262.0,Café Conillon,10
2014-11-27,Café Conillon,EUNAPOLIS,Tipo 7/8,sc 60 kg,"265,00",265.0,Café Conillon,10
2014-11-28,Café Conillon,EUNAPOLIS,Tipo 7,sc 60 kg,"262,00",262.0,Café Conillon,10
2014-11-28,Café Conillon,EUNAPOLIS,Tipo 7/8,sc 60 kg,"265,00",265.0,Café Conillon,10
2014-12-01,Café Conillon,EUNAPOLIS,Tipo 7,sc 60 kg,"262,00",262.0,Café Conillon,10
2014-12-01,Café Conillon,EUNAPOLIS,Tipo 7/8,sc 60 kg,"265,00",265.0,Café Conillon,10
2014-12-02,Café Conillon,EUNAPOLIS,Tipo 7,sc 60 kg,"262,00",262.0,Café Conillon,10
2014-12-02,Café Conillon,EUNAPOLIS,Tipo 7/8,sc 60 kg,"265,00",265.0,Café Conillon,10
2014-12-03,Café Conillon,EUNAPOLIS,Tipo 7,sc 60 kg,"262,00",262.0,Café Conillon,10
2014-12-03,Café Conillon,EUNAPOLIS,Tipo 7/8,sc 60 kg,"265,00",265.0,Café Conillon,10
2014-12-04,Café Conillon,EUNAPOLIS,Tipo 7,sc 60 kg,"262,00",262.0,Café Conillon,10
2014-12-04,Café Conillon,EUNAPOLIS,Tipo 7/8,sc 60 kg,"265,00",265.0,Café Conillon,10
2014-12-05,Café Conillon,EUNAPOLIS,Tipo 7,sc 60 kg,"262,00",262.0,Café Conillon,10
2014-12-05,Café Conillon,EUNAPOLIS,Tipo 7/8,sc 60 kg,"265,00",265.0,Café Conillon,10
2014-12-09,Café Conillon,EUNAPOLIS,Tipo 7,sc 60 kg,"262,00",262.0,Café Conillon,10
2014-12-09,Café Conillon,EUNAPOLIS,Tipo 7/8,sc 60 kg,"265,00",265.0,Café Conillon,10
2014-12-10,Café Conillon,EUNAPOLIS,Tipo 7,sc 60 kg,"259,00",259.0,Café Conillon,10
2014-12-10,Café Conillon,EUNAPOLIS,Tipo 7/8,sc 60 kg,"262,00",262.0,Café Conillon,10
2014-12-11,Café Conillon,EUNAPOLIS,Tipo 7,sc 60 kg,"259,00",259.0,Café Conillon,10
2014-12-11,Café Conillon,EUNAPOLIS,Tipo 7/8,sc 60 kg,"262,00",262.0,Café Conillon,10
2014-12-12,Café Conillon,EUNAPOLIS,Tipo 7,sc 60 kg,"259,00",259.0,Café Conillon,10
2014-12-12,Café Conillon,EUNAPOLIS,Tipo 7/8,sc 60 kg,"262,00",262.0,Café Conillon,10
2014-12-15,Café Conillon,EUNAPOLIS,Tipo 7,sc 60 kg,"259,00",259.0,Café Conillon,10
2014-12-15,Café Conillon,EUNAPOLIS,Tipo 7/8,sc 60 kg,"262,00",262.0,Café Conillon,10
2014-12-16,Café Conillon,EUNAPOLIS,Tipo 7,sc 60 kg,"259,00",259.0,Café Conillon,10
2014-12-16,Café Conillon,EUNAPOLIS,Tipo 7/8,sc 60 kg,"262,00",262.0,Café Conillon,10
2014-12-17,Café Conillon,EUNAPOLIS,Tipo 7,sc 60 kg,"257,00",257.0,Café Conillon,10
2014-12-17,Café Conillon,EUNAPOLIS,Tipo 7/8,sc 60 kg,"260,00",260.0,Café Conillon,10
2014-12-18,Café Conillon,EUNAPOLIS,Tipo 7,sc 60 kg,"257,00",257.0,Café Conillon,10
2014-12-18,Café Conillon,EUNAPOLIS,Tipo 7/8,sc 60 kg,"260,00",260.0,Café Conillon,10
2014-12-19,Café Conillon,EUNAPOLIS,Tipo 7,sc 60 kg,"257,00",257.0,Café Conillon,10
2014-12-19,Café Conillon,EUNAPOLIS,Tipo 7/8,sc 60 kg,"260,00",260.0,Café Conillon,10
2014-12-22,Café Conillon,EUNAPOLIS,Tipo 7,sc 60 kg,"257,00",257.0,Café Conillon,10
2014-12-22,Café Conillon,EUNAPOLIS,Tipo 7/8,sc 60 kg,"260,00",260.0,Café Conillon,10
2014-12-23,Café Conillon,EUNAPOLIS,Tipo 7,sc 60 kg,"257,00",257.0,Café Conillon,10
2014-12-23,Café Conillon,EUNAPOLIS,Tipo 7/8,sc 60 kg,"260,00",260.0,Café Conillon,10
2014-12-29,Café Conillon,EUNAPOLIS,Tipo 7,sc 60 kg,"257,00",257.0,Café Conillon,10
2014-12-29,Café Conillon,EUNAPOLIS,Tipo 7/8,sc 60 kg,"260,00",260.0,Café Conillon,10
2014-12-30,Café Conillon,EUNAPOLIS,Tipo 7,sc 60 kg,"257,00",257.0,Café Conillon,10
2014-12-30,Café Conillon,EUNAPOLIS,Tipo 7/8,sc 60 kg,"260,00",260.0,Café Conillon,10
2015-01-05,Café Conillon,EUNAPOLIS,Tipo 7,sc 60 kg,"259,00",259.0,Café Conillon,10
2015-01-05,Café Conillon,EUNAPOLIS,Tipo 7/8,sc 60 kg,"262,00",262.0,Café Conillon,10
2015-01-06,Café Conillon,EUNAPOLIS,Tipo 7,sc 60 kg,"259,00",259.0,Café Conillon,10
2015-01-06,Café Conillon,EUNAPOLIS,Tipo 7/8,sc 60 kg,"262,00",262.0,Café Conillon,10
2015-01-07,Café Conillon,EUNAPOLIS,Tipo 7,sc 60 kg,"259,00",259.0,Café Conillon,10
2015-01-07,Café Conillon,EUNAPOLIS,Tipo 7/8,sc 60 kg,"262,00",262.0,Café Conillon,10
2015-01-08,Café Conillon,EUNAPOLIS,Tipo 7,sc 60 kg,"259,00",259.0,Café Conillon,10
2015-01-08,Café Conillon,EUNAPOLIS,Tipo 7/8,sc 60 kg,"262,00",262.0,Café Conillon,10
2015-01-09,Café Conillon,EUNAPOLIS,Tipo 7,sc 60 kg,"252,00",252.0,Café Conillon,10
2015-01-09,Café Conillon,EUNAPOLIS,Tipo 7/8,sc 60 kg,"265,00",265.0,Café Conillon,10
2015-01-12,Café Conillon,EUNAPOLIS,Tipo 7,sc 60 kg,"267,00",267.0,Café Conillon,10
2015-01-12,Café Conillon,EUNAPOLIS,Tipo 7/8,sc 60 kg,"270,00",270.0,Café Conillon,10
2015-01-13,Café Conillon,EUNAPOLIS,Tipo 7,sc 60 kg,"267,00",267.0,Café Conillon,10
2015-01-13,Café Conillon,EUNAPOLIS,Tipo 7/8,sc 60 kg,"270,00",270.0,Café Conillon,10
2015-01-14,Café Conillon,EUNAPOLIS,Tipo 7,sc 60 kg,"267,00",267.0,Café Conillon,10
2015-01-14,Café Conillon,EUNAPOLIS,Tipo 7/8,sc 60 kg,"270,00",270.0,Café Conillon,10
2015-01-15,Café Conillon,EUNAPOLIS,Tipo 7,sc 60 kg,"267,00",267.0,Café Conillon,10
2015-01-15,Café Conillon,EUNAPOLIS,Tipo 7/8,sc 60 kg,"270,00",270.0,Café Conillon,10
2015-01-16,Café Conillon,EUNAPOLIS,Tipo 7,sc 60 kg,"269,00",269.0,Café Conillon,10
2015-01-16,Café Conillon,EUNAPOLIS,Tipo 7/8,sc 60 kg,"272,00",272.0,Café Conillon,10
2015-01-19,Café Conillon,EUNAPOLIS,Tipo 7,sc 60 kg,"267,00",267.0,Café Conillon,10
2015-01-19,Café Conillon,EUNAPOLIS,Tipo 7/8,sc 60 kg,"270,00",270.0,Café Conillon,10
2015-01-20,Café Conillon,EUNAPOLIS,Tipo 7,sc 60 kg,"267,00",267.0,Café Conillon,10
2015-01-20,Café Conillon,EUNAPOLIS,Tipo 7/8,sc 60 kg,"270,00",270.0,Café Conillon,10
2015-01-21,Café Conillon,EUNAPOLIS,Tipo 7,sc 60 kg,"272,00",272.0,Café Conillon,10
2015-01-21,Café Conillon,EUNAPOLIS,Tipo 7/8,sc 60 kg,"275,00",275.0,Café Conillon,10
2015-01-22,Café Conillon,EUNAPOLIS,Tipo 7,sc 60 kg,"272,00",272.0,Café Conillon,10
2015-01-22,Café Conillon,EUNAPOLIS,Tipo 7/8,sc 60 kg,"275,00",275.0,Café Conillon,10
2015-01-23,Café Conillon,EUNAPOLIS,Tipo 7,sc 60 kg,"272,00",272.0,Café Conillon,10
2015-01-23,Café Conillon,EUNAPOLIS,Tipo 7/8,sc 60 kg,"275,00",275.0,Café Conillon,10
2015-01-27,Café Conillon,EUNAPOLIS,Tipo 7,sc 60 kg,"272,00",272.0,Café Conillon,10
2015-01-27,Café Conillon,EUNAPOLIS,Tipo 7/8,sc 60 kg,"275,00",275.0,Café Conillon,10
2015-01-28,Café Conillon,EUNAPOLIS,Tipo 7,sc 60 kg,"272,00",272.0,Café Conillon,10
2015-01-28,Café Conillon,EUNAPOLIS,Tipo 7/8,sc 60 kg,"275,00",275.0,Café Conillon,10
2015-01-29,Café Conillon,EUNAPOLIS,Tipo 7,sc 60 kg,"272,00",272.0,Café Conillon,10
2015-01-29,Café Conillon,EUNAPOLIS,Tipo 7/8,sc 60 kg,"275,00",275.0,Café Conillon,10
2015-01-30,Café Conillon,EUNAPOLIS,Tipo 7,sc 60 kg,"272,00",272.0,Café Conillon,10
2015-01-30,Café Conillon,EUNAPOLIS,Tipo 7/8,sc 60 kg,"275,00",275.0,Café Conillon,10
2015-02-02,Café Conillon,EUNAPOLIS,Tipo 7,sc 60 kg,"272,00",272.0,Café Conillon,10
2015-02-02,Café Conillon,EUNAPOLIS,Tipo 7/8,sc 60 kg,"275,00",275.0,Café Conillon,10
2015-02-03,Café Conillon,EUNAPOLIS,Tipo 7,sc 60 kg,"272,00",272.0,Café Conillon,10
2015-02-03,Café Conillon,EUNAPOLIS,Tipo 7/8,sc 60 kg,"275,00",275.0,Café Conillon,10
2015-02-04,Café Conillon,EUNAPOLIS,Tipo 7,sc 60 kg,"272,00",272.0,Café Conillon,10
2015-02-04,Café Conillon,EUNAPOLIS,Tipo 7/8,sc 60 kg,"275,00",275.0,Café Conillon,10
2015-02-05,Café Conillon,EUNAPOLIS,Tipo 7,sc 60 kg,"272,00",272.0,Café Conillon,10
2015-02-05,Café Conillon,EUNAPOLIS,Tipo 7/8,sc 60 kg,"275,00",275.0,Café Conillon,10
2015-02-06,Café Conillon,EUNAPOLIS,Tipo 7,sc 60 kg,"277,00",277.0,Café Conillon,10
2015-02-06,Café Conillon,EUNAPOLIS,Tipo 7/8,sc 60 kg,"280,00",280.0,Café Conillon,10
2015-02-09,Café Conillon,EUNAPOLIS,Tipo 7,sc 60 kg,"277,00",277.0,Café Conillon,10
2015-02-09,Café Conillon,EUNAPOLIS,Tipo 7/8,sc 60 kg,"280,00",280.0,Café Conillon,10
2015-02-10,Café Conillon,EUNAPOLIS,Tipo 7,sc 60 kg,"277,00",277.0,Café Conillon,10
2015-02-10,Café Conillon,EUNAPOLIS,Tipo 7/8,sc 60 kg,"280,00",280.0,Café Conillon,10
2015-02-11,Café Conillon,EUNAPOLIS,Tipo 7,sc 60 kg,"277,00",277.0,Café Conillon,10
2015-02-11,Café Conillon,EUNAPOLIS,Tipo 7/8,sc 60 kg,"280,00",280.0,Café Conillon,10
2015-02-12,Café Conillon,EUNAPOLIS,Tipo 7,sc 60 kg,"277,00",277.0,Café Conillon,10
2015-02-12,Café Conillon,EUNAPOLIS,Tipo 7/8,sc 60 kg,"280,00",280.0,Café Conillon,10
2015-02-19,Café Conillon,EUNAPOLIS,Tipo 7,sc 60 kg,"277,00",277.0,Café Conillon,10
2015-02-19,Café Conillon,EUNAPOLIS,Tipo 7/8,sc 60 kg,"280,00",280.0,Café Conillon,10
2015-02-20,Café Conillon,EUNAPOLIS,Tipo 7,sc 60 kg,"277,00",277.0,Café Conillon,10
2015-02-20,Café Conillon,EUNAPOLIS,Tipo 7/8,sc 60 kg,"280,00",280.0,Café Conillon,10
2015-02-23,Café Conillon,EUNAPOLIS,Tipo 7,sc 60 kg,"277,00",277.0,Café Conillon,10
2015-02-23,Café Conillon,EUNAPOLIS,Tipo 7/8,sc 60 kg,"280,00",280.0,Café Conillon,10
2015-02-24,Café Conillon,EUNAPOLIS,Tipo 7,sc 60 kg,"277,00",277.0,Café Conillon,10
2015-02-24,Café Conillon,EUNAPOLIS,Tipo 7/8,sc 60 kg,"280,00",280.0,Café Conillon,10
2015-02-25,Café Conillon,EUNAPOLIS,Tipo 7,sc 60 kg,"277,00",277.0,Café Conillon,10
2015-02-25,Café Conillon,EUNAPOLIS,Tipo 7/8,sc 60 kg,"280,00",280.0,Café Conillon,10
2015-02-26,Café Conillon,EUNAPOLIS,Tipo 7,sc 60 kg,"277,00",277.0,Café Conillon,10
2015-02-26,Café Conillon,EUNAPOLIS,Tipo 7/8,sc 60 kg,"280,00",280.0,Café Conillon,10
2015-02-27,Café Conillon,EUNAPOLIS,Tipo 7,sc 60 kg,"277,00",277.0,Café Conillon,10
2015-02-27,Café Conillon,EUNAPOLIS,Tipo 7/8,sc 60 kg,"280,00",280.0,Café Conillon,10
2015-03-02,Café Conillon,EUNAPOLIS,Tipo 7,sc 60 kg,"277,00",277.0,Café Conillon,10
2015-03-02,Café Conillon,EUNAPOLIS,Tipo 7/8,sc 60 kg,"280,00",280.0,Café Conillon,10
2015-03-03,Café Conillon,EUNAPOLIS,Tipo 7,sc 60 kg,"277,00",277.0,Café Conillon,10
2015-03-03,Café Conillon,EUNAPOLIS,Tipo 7/8,sc 60 kg,"280,00",280.0,Café Conillon,10
2015-03-04,Café Conillon,EUNAPOLIS,Tipo 7,sc 60 kg,"277,00",277.0,Café Conillon,10
2015-03-04,Café Conillon,EUNAPOLIS,Tipo 7/8,sc 60 kg,"280,00",280.0,Café Conillon,10
2015-03-05,Café Conillon,EUNAPOLIS,Tipo 7,sc 60 kg,"277,00",277.0,Café Conillon,10
2015-03-05,Café Conillon,EUNAPOLIS,Tipo 7/8,sc 60 kg,"280,00",280.0,Café Conillon,10
2015-03-06,Café Conillon,EUNAPOLIS,Tipo 7,sc 60 kg,"277,00",277.0,Café Conillon,10
2015-03-06,Café Conillon,EUNAPOLIS,Tipo 7/8,sc 60 kg,"280,00",280.0,Café Conillon,10
2015-03-09,Café Conillon,EUNAPOLIS,Tipo 7,sc 60 kg,"277,00",277.0,Café Conillon,10
2015-03-09,Café Conillon,EUNAPOLIS,Tipo 7/8,sc 60 kg,"280,00",280.0,Café Conillon,10
2015-03-10,Café Conillon,EUNAPOLIS,Tipo 7,sc 60 kg,"282,00",282.0,Café Conillon,10
2015-03-10,Café Conillon,EUNAPOLIS,Tipo 7/8,sc 60 kg,"285,00",285.0,Café Conillon,10
2015-03-11,Café Conillon,EUNAPOLIS,Tipo 7,sc 60 kg,"282,00",282.0,Café Conillon,10
2015-03-11,Café Conillon,EUNAPOLIS,Tipo 7/8,sc 60 kg,"285,00",285.0,Café Conillon,10
2015-03-12,Café Conillon,EUNAPOLIS,Tipo 7,sc 60 kg,"285,00",285.0,Café Conillon,10
2015-03-12,Café Conillon,EUNAPOLIS,Tipo 7/8,sc 60 kg,"282,00",282.0,Café Conillon,10
2015-03-13,Café Conillon,EUNAPOLIS,Tipo 7,sc 60 kg,"285,00",285.0,Café Conillon,10
2015-03-13,Café Conillon,EUNAPOLIS,Tipo 7/8,sc 60 kg,"282,00",282.0,Café Conillon,10
2015-03-16,Café Conillon,EUNAPOLIS,Tipo 7,sc 60 kg,"285,00",285.0,Café Conillon,10
2015-03-16,Café Conillon,EUNAPOLIS,Tipo 7/8,sc 60 kg,"282,00",282.0,Café Conillon,10
2015-03-17,Café Conillon,EUNAPOLIS,Tipo 7,sc 60 kg,"285,00",285.0,Café Conillon,10
2015-03-17,Café Conillon,EUNAPOLIS,Tipo 7/8,sc 60 kg,"282,00",282.0,Café Conillon,10
2015-03-18,Café Conillon,EUNAPOLIS,Tipo 7,sc 60 kg,"285,00",285.0,Café Conillon,10
2015-03-18,Café Conillon,EUNAPOLIS,Tipo 7/8,sc 60 kg,"282,00",282.0,Café Conillon,10
2015-03-19,Café Conillon,EUNAPOLIS,Tipo 7,sc 60 kg,"285,00",285.0,Café Conillon,10
2015-03-19,Café Conillon,EUNAPOLIS,Tipo 7/8,sc 60 kg,"282,00",282.0,Café Conillon,10
2015-03-20,Café Conillon,EUNAPOLIS,Tipo 7,sc 60 kg,"285,00",285.0,Café Conillon,10
2015-03-20,Café Conillon,EUNAPOLIS,Tipo 7/8,sc 60 kg,"282,00",282.0,Café Conillon,10
2015-03-23,Café Conillon,EUNAPOLIS,Tipo 7,sc 60 kg,"285,00",285.0,Café Conillon,10
2015-03-23,Café Conillon,EUNAPOLIS,Tipo 7/8,sc 60 kg,"282,00",282.0,Café Conillon,10
2015-03-24,Café Conillon,EUNAPOLIS,Tipo 7,sc 60 kg,"285,00",285.0,Café Conillon,10
2015-03-24,Café Conillon,EUNAPOLIS,Tipo 7/8,sc 60 kg,"282,00",282.0,Café Conillon,10
2015-03-25,Café Conillon,EUNAPOLIS,Tipo 7,sc 60 kg,"290,00",290.0,Café Conillon,10
2015-03-25,Café Conillon,EUNAPOLIS,Tipo 7/8,sc 60 kg,"285,00",285.0,Café Conillon,10
2015-03-26,Café Conillon,EUNAPOLIS,Tipo 7,sc 60 kg,"290,00",290.0,Café Conillon,10
2015-03-26,Café Conillon,EUNAPOLIS,Tipo 7/8,sc 60 kg,"285,00",285.0,Café Conillon,10
2015-03-27,Café Conillon,EUNAPOLIS,Tipo 7,sc 60 kg,"290,00",290.0,Café Conillon,10
2015-03-27,Café Conillon,EUNAPOLIS,Tipo 7/8,sc 60 kg,"285,00",285.0,Café Conillon,10
2015-03-30,Café Conillon,EUNAPOLIS,Tipo 7,sc 60 kg,"290,00",290.0,Café Conillon,10
2015-03-30,Café Conillon,EUNAPOLIS,Tipo 7/8,sc 60 kg,"285,00",285.0,Café Conillon,10
2015-03-31,Café Conillon,EUNAPOLIS,Tipo 7,sc 60 kg,"285,00",285.0,Café Conillon,10
2015-03-31,Café Conillon,EUNAPOLIS,Tipo 7/8,sc 60 kg,"280,00",280.0,Café Conillon,10
2015-04-01,Café Conillon,EUNAPOLIS,Tipo 7,sc 60 kg,"285,00",285.0,Café Conillon,10
2015-04-01,Café Conillon,EUNAPOLIS,Tipo 7/8,sc 60 kg,"280,00",280.0,Café Conillon,10
2015-04-02,Café Conillon,EUNAPOLIS,Tipo 7,sc 60 kg,"285,00",285.0,Café Conillon,10
2015-04-02,Café Conillon,EUNAPOLIS,Tipo 7/8,sc 60 kg,"280,00",280.0,Café Conillon,10
2015-04-06,Café Conillon,EUNAPOLIS,Tipo 7,sc 60 kg,"285,00",285.0,Café Conillon,10
2015-04-06,Café Conillon,EUNAPOLIS,Tipo 7/8,sc 60 kg,"280,00",280.0,Café Conillon,10
2015-04-07,Café Conillon,EUNAPOLIS,Tipo 7,sc 60 kg,"285,00",285.0,Café Conillon,10
2015-04-07,Café Conillon,EUNAPOLIS,Tipo 7/8,sc 60 kg,"280,00",280.0,Café Conillon,10
2015-04-08,Café Conillon,EUNAPOLIS,Tipo 7,sc 60 kg,"285,00",285.0,Café Conillon,10
2015-04-08,Café Conillon,EUNAPOLIS,Tipo 7/8,sc 60 kg,"280,00",280.0,Café Conillon,10
2015-04-09,Café Conillon,EUNAPOLIS,Tipo 7,sc 60 kg,"285,00",285.0,Café Conillon,10
2015-04-09,Café Conillon,EUNAPOLIS,Tipo 7/8,sc 60 kg,"280,00",280.0,Café Conillon,10
2015-04-10,Café Conillon,EUNAPOLIS,Tipo 7,sc 60 kg,"285,00",285.0,Café Conillon,10
2015-04-10,Café Conillon,EUNAPOLIS,Tipo 7/8,sc 60 kg,"280,00",280.0,Café Conillon,10
2015-04-13,Café Conillon,EUNAPOLIS,Tipo 7,sc 60 kg,"285,00",285.0,Café Conillon,10
2015-04-13,Café Conillon,EUNAPOLIS,Tipo 7/8,sc 60 kg,"280,00",280.0,Café Conillon,10
2015-04-14,Café Conillon,EUNAPOLIS,Tipo 7,sc 60 kg,"285,00",285.0,Café Conillon,10
2015-04-14,Café Conillon,EUNAPOLIS,Tipo 7/8,sc 60 kg,"280,00",280.0,Café Conillon,10
2015-04-15,Café Conillon,EUNAPOLIS,Tipo 7,sc 60 kg,"285,00",285.0,Café Conillon,10
2015-04-15,Café Conillon,EUNAPOLIS,Tipo 7/8,sc 60 kg,"280,00",280.0,Café Conillon,10
2015-04-16,Café Conillon,EUNAPOLIS,Tipo 7,sc 60 kg,"285,00",285.0,Café Conillon,10
2015-04-16,Café Conillon,EUNAPOLIS,Tipo 7/8,sc 60 kg,"280,00",280.0,Café Conillon,10
2015-04-17,Café Conillon,EUNAPOLIS,Tipo 7,sc 60 kg,"285,00",285.0,Café Conillon,10
2015-04-17,Café Conillon,EUNAPOLIS,Tipo 7/8,sc 60 kg,"280,00",280.0,Café Conillon,10
2015-04-22,Café Conillon,EUNAPOLIS,Tipo 7,sc 60 kg,"285,00",285.0,Café Conillon,10
2015-04-22,Café Conillon,EUNAPOLIS,Tipo 7/8,sc 60 kg,"280,00",280.0,Café Conillon,10
2015-04-23,Café Conillon,EUNAPOLIS,Tipo 7,sc 60 kg,"285,00",285.0,Café Conillon,10
2015-04-23,Café Conillon,EUNAPOLIS,Tipo 7/8,sc 60 kg,"280,00",280.0,Café Conillon,10
2015-04-24,Café Conillon,EUNAPOLIS,Tipo 7,sc 60 kg,"285,00",285.0,Café Conillon,10
2015-04-24,Café Conillon,EUNAPOLIS,Tipo 7/8,sc 60 kg,"280,00",280.0,Café Conillon,10
2015-04-27,Café Conillon,EUNAPOLIS,Tipo 7,sc 60 kg,"285,00",285.0,Café Conillon,10
2015-04-27,Café Conillon,EUNAPOLIS,Tipo 7/8,sc 60 kg,"280,00",280.0,Café Conillon,10
2015-04-28,Café Conillon,EUNAPOLIS,Tipo 7,sc 60 kg,"285,00",285.0,Café Conillon,10
2015-04-28,Café Conillon,EUNAPOLIS,Tipo 7/8,sc 60 kg,"280,00",280.0,Café Conillon,10
2015-04-29,Café Conillon,EUNAPOLIS,Tipo 7,sc 60 kg,"285,00",285.0,Café Conillon,10
2015-04-29,Café Conillon,EUNAPOLIS,Tipo 7/8,sc 60 kg,"280,00",280.0,Café Conillon,10
2015-04-30,Café Conillon,EUNAPOLIS,Tipo 7,sc 60 kg,"278,00",278.0,Café Conillon,10
2015-04-30,Café Conillon,EUNAPOLIS,Tipo 7/8,sc 60 kg,"283,00",283.0,Café Conillon,10
2015-05-04,Café Conillon,EUNAPOLIS,Tipo 7,sc 60 kg,"278,00",278.0,Café Conillon,10
2015-05-04,Café Conillon,EUNAPOLIS,Tipo 7/8,sc 60 kg,"283,00",283.0,Café Conillon,10
2015-05-05,Café Conillon,EUNAPOLIS,Tipo 7,sc 60 kg,"278,00",278.0,Café Conillon,10
2015-05-05,Café Conillon,EUNAPOLIS,Tipo 7/8,sc 60 kg,"283,00",283.0,Café Conillon,10
2015-05-06,Café Conillon,EUNAPOLIS,Tipo 7,sc 60 kg,"278,00",278.0,Café Conillon,10
2015-05-06,Café Conillon,EUNAPOLIS,Tipo 7/8,sc 60 kg,"283,00",283.0,Café Conillon,10
2015-05-07,Café Conillon,EUNAPOLIS,Tipo 7,sc 60 kg,"278,00",278.0,Café Conillon,10
2015-05-07,Café Conillon,EUNAPOLIS,Tipo 7/8,sc 60 kg,"283,00",283.0,Café Conillon,10
2015-05-08,Café Conillon,EUNAPOLIS,Tipo 7,sc 60 kg,"278,00",278.0,Café Conillon,10
2015-05-08,Café Conillon,EUNAPOLIS,Tipo 7/8,sc 60 kg,"283,00",283.0,Café Conillon,10
2015-05-11,Café Conillon,EUNAPOLIS,Tipo 7,sc 60 kg,"280,00",280.0,Café Conillon,10
2015-05-11,Café Conillon,EUNAPOLIS,Tipo 7/8,sc 60 kg,"275,00",275.0,Café Conillon,10
2015-05-12,Café Conillon,EUNAPOLIS,Tipo 7,sc 60 kg,"280,00",280.0,Café Conillon,10
2015-05-12,Café Conillon,EUNAPOLIS,Tipo 7/8,sc 60 kg,"275,00",275.0,Café Conillon,10
2015-05-13,Café Conillon,EUNAPOLIS,Tipo 7,sc 60 kg,"280,00",280.0,Café Conillon,10
2015-05-13,Café Conillon,EUNAPOLIS,Tipo 7/8,sc 60 kg,"275,00",275.0,Café Conillon,10
2015-05-14,Café Conillon,EUNAPOLIS,Tipo 7,sc 60 kg,"280,00",280.0,Café Conillon,10
2015-05-14,Café Conillon,EUNAPOLIS,Tipo 7/8,sc 60 kg,"275,00",275.0,Café Conillon,10
2015-05-15,Café Conillon,EUNAPOLIS,Tipo 7,sc 60 kg,"280,00",280.0,Café Conillon,10
2015-05-15,Café Conillon,EUNAPOLIS,Tipo 7/8,sc 60 kg,"275,00",275.0,Café Conillon,10
2015-05-18,Café Conillon,EUNAPOLIS,Tipo 7,sc 60 kg,"280,00",280.0,Café Conillon,10
2015-05-18,Café Conillon,EUNAPOLIS,Tipo 7/8,sc 60 kg,"275,00",275.0,Café Conillon,10
2015-05-19,Café Conillon,EUNAPOLIS,Tipo 7,sc 60 kg,"280,00",280.0,Café Conillon,10
2015-05-19,Café Conillon,EUNAPOLIS,Tipo 7/8,sc 60 kg,"275,00",275.0,Café Conillon,10
2015-05-20,Café Conillon,EUNAPOLIS,Tipo 7,sc 60 kg,"280,00",280.0,Café Conillon,10
2015-05-20,Café Conillon,EUNAPOLIS,Tipo 7/8,sc 60 kg,"275,00",275.0,Café Conillon,10
2015-05-21,Café Conillon,EUNAPOLIS,Tipo 7,sc 60 kg,"280,00",280.0,Café Conillon,10
2015-05-21,Café Conillon,EUNAPOLIS,Tipo 7/8,sc 60 kg,"275,00",275.0,Café Conillon,10
2015-05-22,Café Conillon,EUNAPOLIS,Tipo 7,sc 60 kg,"280,00",280.0,Café Conillon,10
2015-05-22,Café Conillon,EUNAPOLIS,Tipo 7/8,sc 60 kg,"275,00",275.0,Café Conillon,10
2015-05-25,Café Conillon,EUNAPOLIS,Tipo 7,sc 60 kg,"275,00",275.0,Café Conillon,10
2015-05-25,Café Conillon,EUNAPOLIS,Tipo 7/8,sc 60 kg,"280,00",280.0,Café Conillon,10
2015-05-26,Café Conillon,EUNAPOLIS,Tipo 7,sc 60 kg,"275,00",275.0,Café Conillon,10
2015-05-26,Café Conillon,EUNAPOLIS,Tipo 7/8,sc 60 kg,"280,00",280.0,Café Conillon,10
2015-05-27,Café Conillon,EUNAPOLIS,Tipo 7,sc 60 kg,"275,00",275.0,Café Conillon,10
2015-05-27,Café Conillon,EUNAPOLIS,Tipo 7/8,sc 60 kg,"280,00",280.0,Café Conillon,10
2015-05-28,Café Conillon,EUNAPOLIS,Tipo 7,sc 60 kg,"275,00",275.0,Café Conillon,10
2015-05-28,Café Conillon,EUNAPOLIS,Tipo 7/8,sc 60 kg,"280,00",280.0,Café Conillon,10
2015-05-29,Café Conillon,EUNAPOLIS,Tipo 7,sc 60 kg,"275,00",275.0,Café Conillon,10
2015-05-29,Café Conillon,EUNAPOLIS,Tipo 7/8,sc 60 kg,"280,00",280.0,Café Conillon,10
2015-06-01,Café Conillon,EUNAPOLIS,Tipo 7,sc 60 kg,"275,00",275.0,Café Conillon,10
2015-06-01,Café Conillon,EUNAPOLIS,Tipo 7/8,sc 60 kg,"280,00",280.0,Café Conillon,10
2015-06-02,Café Conillon,EUNAPOLIS,Tipo 7,sc 60 kg,"275,00",275.0,Café Conillon,10
2015-06-02,Café Conillon,EUNAPOLIS,Tipo 7/8,sc 60 kg,"280,00",280.0,Café Conillon,10
2015-06-03,Café Conillon,EUNAPOLIS,Tipo 7,sc 60 kg,"275,00",275.0,Café Conillon,10
2015-06-03,Café Conillon,EUNAPOLIS,Tipo 7/8,sc 60 kg,"280,00",280.0,Café Conillon,10
2015-06-08,Café Conillon,EUNAPOLIS,Tipo 7,sc 60 kg,"275,00",275.0,Café Conillon,10
2015-06-08,Café Conillon,EUNAPOLIS,Tipo 7/8,sc 60 kg,"280,00",280.0,Café Conillon,10
2015-06-09,Café Conillon,EUNAPOLIS,Tipo 7,sc 60 kg,"277,00",277.0,Café Conillon,10
2015-06-09,Café Conillon,EUNAPOLIS,Tipo 7/8,sc 60 kg,"282,00",282.0,Café Conillon,10
2015-06-10,Café Conillon,EUNAPOLIS,Tipo 7,sc 60 kg,"277,00",277.0,Café Conillon,10
2015-06-10,Café Conillon,EUNAPOLIS,Tipo 7/8,sc 60 kg,"282,00",282.0,Café Conillon,10
2015-06-11,Café Conillon,EUNAPOLIS,Tipo 7,sc 60 kg,"277,00",277.0,Café Conillon,10
2015-06-11,Café Conillon,EUNAPOLIS,Tipo 7/8,sc 60 kg,"282,00",282.0,Café Conillon,10
2015-06-12,Café Conillon,EUNAPOLIS,Tipo 7,sc 60 kg,"277,00",277.0,Café Conillon,10
2015-06-12,Café Conillon,EUNAPOLIS,Tipo 7/8,sc 60 kg,"282,00",282.0,Café Conillon,10
2015-06-15,Café Conillon,EUNAPOLIS,Tipo 7,sc 60 kg,"277,00",277.0,Café Conillon,10
2015-06-15,Café Conillon,EUNAPOLIS,Tipo 7/8,sc 60 kg,"282,00",282.0,Café Conillon,10
2015-06-16,Café Conillon,EUNAPOLIS,Tipo 7,sc 60 kg,"280,00",280.0,Café Conillon,10
2015-06-16,Café Conillon,EUNAPOLIS,Tipo 7/8,sc 60 kg,"285,00",285.0,Café Conillon,10
2015-06-17,Café Conillon,EUNAPOLIS,Tipo 7,sc 60 kg,"287,00",287.0,Café Conillon,10
2015-06-17,Café Conillon,EUNAPOLIS,Tipo 7/8,sc 60 kg,"292,00",292.0,Café Conillon,10
2015-06-18,Café Conillon,EUNAPOLIS,Tipo 7,sc 60 kg,"287,00",287.0,Café Conillon,10
2015-06-18,Café Conillon,EUNAPOLIS,Tipo 7/8,sc 60 kg,"292,00",292.0,Café Conillon,10
2015-06-19,Café Conillon,EUNAPOLIS,Tipo 7,sc 60 kg,"287,00",287.0,Café Conillon,10
2015-06-19,Café Conillon,EUNAPOLIS,Tipo 7/8,sc 60 kg,"292,00",292.0,Café Conillon,10
2015-06-25,Café Conillon,EUNAPOLIS,Tipo 7,sc 60 kg,"287,00",287.0,Café Conillon,10
2015-06-25,Café Conillon,EUNAPOLIS,Tipo 7/8,sc 60 kg,"292,00",292.0,Café Conillon,10
2015-06-26,Café Conillon,EUNAPOLIS,Tipo 7,sc 60 kg,"287,00",287.0,Café Conillon,10
2015-06-26,Café Conillon,EUNAPOLIS,Tipo 7/8,sc 60 kg,"292,00",292.0,Café Conillon,10
2015-06-29,Café Conillon,EUNAPOLIS,Tipo 7,sc 60 kg,"290,00",290.0,Café Conillon,10
2015-06-29,Café Conillon,EUNAPOLIS,Tipo 7/8,sc 60 kg,"295,00",295.0,Café Conillon,10
2015-06-30,Café Conillon,EUNAPOLIS,Tipo 7,sc 60 kg,"290,00",290.0,Café Conillon,10
2015-06-30,Café Conillon,EUNAPOLIS,Tipo 7/8,sc 60 kg,"295,00",295.0,Café Conillon,10
2015-07-01,Café Conillon,EUNAPOLIS,Tipo 7,sc 60 kg,"290,00",290.0,Café Conillon,10
2015-07-01,Café Conillon,EUNAPOLIS,Tipo 7/8,sc 60 kg,"295,00",295.0,Café Conillon,10
2015-07-03,Café Conillon,EUNAPOLIS,Tipo 7,sc 60 kg,"290,00",290.0,Café Conillon,10
2015-07-03,Café Conillon,EUNAPOLIS,Tipo 7/8,sc 60 kg,"295,00",295.0,Café Conillon,10
2015-07-06,Café Conillon,EUNAPOLIS,Tipo 7,sc 60 kg,"290,00",290.0,Café Conillon,10
2015-07-06,Café Conillon,EUNAPOLIS,Tipo 7/8,sc 60 kg,"295,00",295.0,Café Conillon,10
2015-07-07,Café Conillon,EUNAPOLIS,Tipo 7,sc 60 kg,"290,00",290.0,Café Conillon,10
2015-07-07,Café Conillon,EUNAPOLIS,Tipo 7/8,sc 60 kg,"295,00",295.0,Café Conillon,10
2015-07-08,Café Conillon,EUNAPOLIS,Tipo 7,sc 60 kg,"290,00",290.0,Café Conillon,10
2015-07-08,Café Conillon,EUNAPOLIS,Tipo 7/8,sc 60 kg,"295,00",295.0,Café Conillon,10
2015-07-09,Café Conillon,EUNAPOLIS,Tipo 7,sc 60 kg,"290,00",290.0,Café Conillon,10
2015-07-09,Café Conillon,EUNAPOLIS,Tipo 7/8,sc 60 kg,"295,00",295.0,Café Conillon,10
2015-07-10,Café Conillon,EUNAPOLIS,Tipo 7,sc 60 kg,"290,00",290.0,Café Conillon,10
2015-07-10,Café Conillon,EUNAPOLIS,Tipo 7/8,sc 60 kg,"295,00",295.0,Café Conillon,10
2015-07-13,Café Conillon,EUNAPOLIS,Tipo 7,sc 60 kg,"290,00",290.0,Café Conillon,10
2015-07-13,Café Conillon,EUNAPOLIS,Tipo 7/8,sc 60 kg,"295,00",295.0,Café Conillon,10
2015-07-14,Café Conillon,EUNAPOLIS,Tipo 7,sc 60 kg,"290,00",290.0,Café Conillon,10
2015-07-14,Café Conillon,EUNAPOLIS,Tipo 7/8,sc 60 kg,"295,00",295.0,Café Conillon,10
2015-07-15,Café Conillon,EUNAPOLIS,Tipo 7,sc 60 kg,"290,00",290.0,Café Conillon,10
2015-07-15,Café Conillon,EUNAPOLIS,Tipo 7/8,sc 60 kg,"295,00",295.0,Café Conillon,10
2015-07-16,Café Conillon,EUNAPOLIS,Tipo 7,sc 60 kg,"290,00",290.0,Café Conillon,10
2015-07-16,Café Conillon,EUNAPOLIS,Tipo 7/8,sc 60 kg,"295,00",295.0,Café Conillon,10
2015-07-17,Café Conillon,EUNAPOLIS,Tipo 7,sc 60 kg,"290,00",290.0,Café Conillon,10
2015-07-17,Café Conillon,EUNAPOLIS,Tipo 7/8,sc 60 kg,"295,00",295.0,Café Conillon,10
2015-07-20,Café Conillon,EUNAPOLIS,Tipo 7,sc 60 kg,"290,00",290.0,Café Conillon,10
2015-07-20,Café Conillon,EUNAPOLIS,Tipo 7/8,sc 60 kg,"295,00",295.0,Café Conillon,10
2015-07-21,Café Conillon,EUNAPOLIS,Tipo 7,sc 60 kg,"290,00",290.0,Café Conillon,10
2015-07-21,Café Conillon,EUNAPOLIS,Tipo 7/8,sc 60 kg,"295,00",295.0,Café Conillon,10
2015-07-22,Café Conillon,EUNAPOLIS,Tipo 7,sc 60 kg,"290,00",290.0,Café Conillon,10
2015-07-22,Café Conillon,EUNAPOLIS,Tipo 7/8,sc 60 kg,"295,00",295.0,Café Conillon,10
2015-07-23,Café Conillon,EUNAPOLIS,Tipo 7,sc 60 kg,"290,00",290.0,Café Conillon,10
2015-07-23,Café Conillon,EUNAPOLIS,Tipo 7/8,sc 60 kg,"295,00",295.0,Café Conillon,10
2015-07-24,Café Conillon,EUNAPOLIS,Tipo 7,sc 60 kg,"290,00",290.0,Café Conillon,10
2015-07-24,Café Conillon,EUNAPOLIS,Tipo 7/8,sc 60 kg,"295,00",295.0,Café Conillon,10
2015-07-27,Café Conillon,EUNAPOLIS,Tipo 7,sc 60 kg,"290,00",290.0,Café Conillon,10
2015-07-27,Café Conillon,EUNAPOLIS,Tipo 7/8,sc 60 kg,"295,00",295.0,Café Conillon,10
2015-07-28,Café Conillon,EUNAPOLIS,Tipo 7,sc 60 kg,"290,00",290.0,Café Conillon,10
2015-07-28,Café Conillon,EUNAPOLIS,Tipo 7/8,sc 60 kg,"295,00",295.0,Café Conillon,10
2015-07-29,Café Conillon,EUNAPOLIS,Tipo 7,sc 60 kg,"290,00",290.0,Café Conillon,10
2015-07-29,Café Conillon,EUNAPOLIS,Tipo 7/8,sc 60 kg,"295,00",295.0,Café Conillon,10
2015-07-30,Café Conillon,EUNAPOLIS,Tipo 7,sc 60 kg,"290,00",290.0,Café Conillon,10
2015-07-30,Café Conillon,EUNAPOLIS,Tipo 7/8,sc 60 kg,"295,00",295.0,Café Conillon,10
2015-07-31,Café Conillon,EUNAPOLIS,Tipo 7,sc 60 kg,"290,00",290.0,Café Conillon,10
2015-07-31,Café Conillon,EUNAPOLIS,Tipo 7/8,sc 60 kg,"295,00",295.0,Café Conillon,10
2015-08-03,Café Conillon,EUNAPOLIS,Tipo 7,sc 60 kg,"290,00",290.0,Café Conillon,10
2015-08-03,Café Conillon,EUNAPOLIS,Tipo 7/8,sc 60 kg,"295,00",295.0,Café Conillon,10
2015-08-04,Café Conillon,EUNAPOLIS,Tipo 7,sc 60 kg,"290,00",290.0,Café Conillon,10
2015-08-04,Café Conillon,EUNAPOLIS,Tipo 7/8,sc 60 kg,"295,00",295.0,Café Conillon,10
2015-08-05,Café Conillon,EUNAPOLIS,Tipo 7,sc 60 kg,"290,00",290.0,Café Conillon,10
2015-08-05,Café Conillon,EUNAPOLIS,Tipo 7/8,sc 60 kg,"295,00",295.0,Café Conillon,10
2015-08-06,Café Conillon,EUNAPOLIS,Tipo 7,sc 60 kg,"300,00",300.0,Café Conillon,10
2015-08-06,Café Conillon,EUNAPOLIS,Tipo 7/8,sc 60 kg,"305,00",305.0,Café Conillon,10
2015-08-07,Café Conillon,EUNAPOLIS,Tipo 7,sc 60 kg,"300,00",300.0,Café Conillon,10
2015-08-07,Café Conillon,EUNAPOLIS,Tipo 7/8,sc 60 kg,"305,00",305.0,Café Conillon,10
2015-08-10,Café Conillon,EUNAPOLIS,Tipo 7,sc 60 kg,"300,00",300.0,Café Conillon,10
2015-08-10,Café Conillon,EUNAPOLIS,Tipo 7/8,sc 60 kg,"305,00",305.0,Café Conillon,10
2015-08-11,Café Conillon,EUNAPOLIS,Tipo 7,sc 60 kg,"300,00",300.0,Café Conillon,10
2015-08-11,Café Conillon,EUNAPOLIS,Tipo 7/8,sc 60 kg,"305,00",305.0,Café Conillon,10
2015-08-12,Café Conillon,EUNAPOLIS,Tipo 7,sc 60 kg,"300,00",300.0,Café Conillon,10
2015-08-12,Café Conillon,EUNAPOLIS,Tipo 7/8,sc 60 kg,"305,00",305.0,Café Conillon,10
2015-08-13,Café Conillon,EUNAPOLIS,Tipo 7,sc 60 kg,"300,00",300.0,Café Conillon,10
2015-08-13,Café Conillon,EUNAPOLIS,Tipo 7/8,sc 60 kg,"305,00",305.0,Café Conillon,10
2015-08-14,Café Conillon,EUNAPOLIS,Tipo 7,sc 60 kg,"300,00",300.0,Café Conillon,10
2015-08-14,Café Conillon,EUNAPOLIS,Tipo 7/8,sc 60 kg,"305,00",305.0,Café Conillon,10
2015-08-17,Café Conillon,EUNAPOLIS,Tipo 7,sc 60 kg,"310,00",310.0,Café Conillon,10
2015-08-17,Café Conillon,EUNAPOLIS,Tipo 7/8,sc 60 kg,"315,00",315.0,Café Conillon,10
2015-08-18,Café Conillon,EUNAPOLIS,Tipo 7,sc 60 kg,"310,00",310.0,Café Conillon,10
2015-08-18,Café Conillon,EUNAPOLIS,Tipo 7/8,sc 60 kg,"315,00",315.0,Café Conillon,10
2015-08-19,Café Conillon,EUNAPOLIS,Tipo 7,sc 60 kg,"310,00",310.0,Café Conillon,10
2015-08-19,Café Conillon,EUNAPOLIS,Tipo 7/8,sc 60 kg,"315,00",315.0,Café Conillon,10
2015-08-20,Café Conillon,EUNAPOLIS,Tipo 7,sc 60 kg,"315,00",315.0,Café Conillon,10
2015-08-20,Café Conillon,EUNAPOLIS,Tipo 7/8,sc 60 kg,"320,00",320.0,Café Conillon,10
2015-08-21,Café Conillon,EUNAPOLIS,Tipo 7,sc 60 kg,"315,00",315.0,Café Conillon,10
2015-08-21,Café Conillon,EUNAPOLIS,Tipo 7/8,sc 60 kg,"320,00",320.0,Café Conillon,10
2015-08-24,Café Conillon,EUNAPOLIS,Tipo 7,sc 60 kg,"315,00",315.0,Café Conillon,10
2015-08-24,Café Conillon,EUNAPOLIS,Tipo 7/8,sc 60 kg,"320,00",320.0,Café Conillon,10
2015-08-25,Café Conillon,EUNAPOLIS,Tipo 7,sc 60 kg,"315,00",315.0,Café Conillon,10
2015-08-25,Café Conillon,EUNAPOLIS,Tipo 7/8,sc 60 kg,"320,00",320.0,Café Conillon,10
2015-08-26,Café Conillon,EUNAPOLIS,Tipo 7,sc 60 kg,"305,00",305.0,Café Conillon,10
2015-08-26,Café Conillon,EUNAPOLIS,Tipo 7/8,sc 60 kg,"310,00",310.0,Café Conillon,10
2015-08-27,Café Conillon,EUNAPOLIS,Tipo 7,sc 60 kg,"305,00",305.0,Café Conillon,10
2015-08-27,Café Conillon,EUNAPOLIS,Tipo 7/8,sc 60 kg,"310,00",310.0,Café Conillon,10
2015-08-28,Café Conillon,EUNAPOLIS,Tipo 7,sc 60 kg,"315,00",315.0,Café Conillon,10
2015-08-28,Café Conillon,EUNAPOLIS,Tipo 7/8,sc 60 kg,"320,00",320.0,Café Conillon,10
2015-08-31,Café Conillon,EUNAPOLIS,Tipo 7,sc 60 kg,"317,00",317.0,Café Conillon,10
2015-08-31,Café Conillon,EUNAPOLIS,Tipo 7/8,sc 60 kg,"322,00",322.0,Café Conillon,10
2015-09-01,Café Conillon,EUNAPOLIS,Tipo 7,sc 60 kg,"317,00",317.0,Café Conillon,10
2015-09-01,Café Conillon,EUNAPOLIS,Tipo 7/8,sc 60 kg,"322,00",322.0,Café Conillon,10
2015-09-02,Café Conillon,EUNAPOLIS,Tipo 7,sc 60 kg,"317,00",317.0,Café Conillon,10
2015-09-02,Café Conillon,EUNAPOLIS,Tipo 7/8,sc 60 kg,"322,00",322.0,Café Conillon,10
2015-09-03,Café Conillon,EUNAPOLIS,Tipo 7,sc 60 kg,"310,00",310.0,Café Conillon,10
2015-09-03,Café Conillon,EUNAPOLIS,Tipo 7/8,sc 60 kg,"315,00",315.0,Café Conillon,10
2015-09-04,Café Conillon,EUNAPOLIS,Tipo 7,sc 60 kg,"317,00",317.0,Café Conillon,10
2015-09-04,Café Conillon,EUNAPOLIS,Tipo 7/8,sc 60 kg,"322,00",322.0,Café Conillon,10
2015-09-08,Café Conillon,EUNAPOLIS,Tipo 7,sc 60 kg,"317,00",317.0,Café Conillon,10
2015-09-08,Café Conillon,EUNAPOLIS,Tipo 7/8,sc 60 kg,"322,00",322.0,Café Conillon,10
2015-09-09,Café Conillon,EUNAPOLIS,Tipo 7,sc 60 kg,"317,00",317.0,Café Conillon,10
2015-09-09,Café Conillon,EUNAPOLIS,Tipo 7/8,sc 60 kg,"322,00",322.0,Café Conillon,10
2015-09-10,Café Conillon,EUNAPOLIS,Tipo 7,sc 60 kg,"317,00",317.0,Café Conillon,10
2015-09-10,Café Conillon,EUNAPOLIS,Tipo 7/8,sc 60 kg,"322,00",322.0,Café Conillon,10
2015-09-11,Café Conillon,EUNAPOLIS,Tipo 7,sc 60 kg,"317,00",317.0,Café Conillon,10
2015-09-11,Café Conillon,EUNAPOLIS,Tipo 7/8,sc 60 kg,"322,00",322.0,Café Conillon,10
2015-09-14,Café Conillon,EUNAPOLIS,Tipo 7,sc 60 kg,"315,00",315.0,Café Conillon,10
2015-09-14,Café Conillon,EUNAPOLIS,Tipo 7/8,sc 60 kg,"320,00",320.0,Café Conillon,10
2015-09-15,Café Conillon,EUNAPOLIS,Tipo 7,sc 60 kg,"315,00",315.0,Café Conillon,10
2015-09-15,Café Conillon,EUNAPOLIS,Tipo 7/8,sc 60 kg,"320,00",320.0,Café Conillon,10
2015-09-16,Café Conillon,EUNAPOLIS,Tipo 7,sc 60 kg,"315,00",315.0,Café Conillon,10
2015-09-16,Café Conillon,EUNAPOLIS,Tipo 7/8,sc 60 kg,"320,00",320.0,Café Conillon,10
2015-09-17,Café Conillon,EUNAPOLIS,Tipo 7,sc 60 kg,"315,00",315.0,Café Conillon,10
2015-09-17,Café Conillon,EUNAPOLIS,Tipo 7/8,sc 60 kg,"320,00",320.0,Café Conillon,10
2015-09-18,Café Conillon,EUNAPOLIS,Tipo 7,sc 60 kg,"315,00",315.0,Café Conillon,10
2015-09-18,Café Conillon,EUNAPOLIS,Tipo 7/8,sc 60 kg,"320,00",320.0,Café Conillon,10
2015-09-21,Café Conillon,EUNAPOLIS,Tipo 7,sc 60 kg,"315,00",315.0,Café Conillon,10
2015-09-21,Café Conillon,EUNAPOLIS,Tipo 7/8,sc 60 kg,"320,00",320.0,Café Conillon,10
2015-09-22,Café Conillon,EUNAPOLIS,Tipo 7,sc 60 kg,"325,00",325.0,Café Conillon,10
2015-09-22,Café Conillon,EUNAPOLIS,Tipo 7/8,sc 60 kg,"330,00",330.0,Café Conillon,10
2015-09-23,Café Conillon,EUNAPOLIS,Tipo 7,sc 60 kg,"325,00",325.0,Café Conillon,10
2015-09-23,Café Conillon,EUNAPOLIS,Tipo 7/8,sc 60 kg,"330,00",330.0,Café Conillon,10
2015-09-24,Café Conillon,EUNAPOLIS,Tipo 7,sc 60 kg,"325,00",325.0,Café Conillon,10
2015-09-24,Café Conillon,EUNAPOLIS,Tipo 7/8,sc 60 kg,"330,00",330.0,Café Conillon,10
2015-09-25,Café Conillon,EUNAPOLIS,Tipo 7,sc 60 kg,"325,00",325.0,Café Conillon,10
2015-09-25,Café Conillon,EUNAPOLIS,Tipo 7/8,sc 60 kg,"330,00",330.0,Café Conillon,10
2015-09-28,Café Conillon,EUNAPOLIS,Tipo 7,sc 60 kg,"325,00",325.0,Café Conillon,10
2015-09-28,Café Conillon,EUNAPOLIS,Tipo 7/8,sc 60 kg,"330,00",330.0,Café Conillon,10
2015-09-29,Café Conillon,EUNAPOLIS,Tipo 7,sc 60 kg,"325,00",325.0,Café Conillon,10
2015-09-29,Café Conillon,EUNAPOLIS,Tipo 7/8,sc 60 kg,"330,00",330.0,Café Conillon,10
2015-09-30,Café Conillon,EUNAPOLIS,Tipo 7,sc 60 kg,"325,00",325.0,Café Conillon,10
2015-09-30,Café Conillon,EUNAPOLIS,Tipo 7/8,sc 60 kg,"330,00",330.0,Café Conillon,10
2015-10-01,Café Conillon,EUNAPOLIS,Tipo 7,sc 60 kg,"325,00",325.0,Café Conillon,10
2015-10-01,Café Conillon,EUNAPOLIS,Tipo 7/8,sc 60 kg,"330,00",330.0,Café Conillon,10
2015-10-02,Café Conillon,EUNAPOLIS,Tipo 7,sc 60 kg,"325,00",325.0,Café Conillon,10
2015-10-02,Café Conillon,EUNAPOLIS,Tipo 7/8,sc 60 kg,"330,00",330.0,Café Conillon,10
2015-10-05,Café Conillon,EUNAPOLIS,Tipo 7,sc 60 kg,"325,00",325.0,Café Conillon,10
2015-10-05,Café Conillon,EUNAPOLIS,Tipo 7/8,sc 60 kg,"330,00",330.0,Café Conillon,10
2015-10-06,Café Conillon,EUNAPOLIS,Tipo 7,sc 60 kg,"325,00",325.0,Café Conillon,10
2015-10-06,Café Conillon,EUNAPOLIS,Tipo 7/8,sc 60 kg,"330,00",330.0,Café Conillon,10
2015-10-07,Café Conillon,EUNAPOLIS,Tipo 7,sc 60 kg,"325,00",325.0,Café Conillon,10
2015-10-07,Café Conillon,EUNAPOLIS,Tipo 7/8,sc 60 kg,"330,00",330.0,Café Conillon,10
2015-10-08,Café Conillon,EUNAPOLIS,Tipo 7,sc 60 kg,"325,00",325.0,Café Conillon,10
2015-10-08,Café Conillon,EUNAPOLIS,Tipo 7/8,sc 60 kg,"330,00",330.0,Café Conillon,10
2015-10-09,Café Conillon,EUNAPOLIS,Tipo 7,sc 60 kg,"325,00",325.0,Café Conillon,10
2015-10-09,Café Conillon,EUNAPOLIS,Tipo 7/8,sc 60 kg,"330,00",330.0,Café Conillon,10
2015-10-13,Café Conillon,EUNAPOLIS,Tipo 7,sc 60 kg,"325,00",325.0,Café Conillon,10
2015-10-13,Café Conillon,EUNAPOLIS,Tipo 7/8,sc 60 kg,"330,00",330.0,Café Conillon,10
2015-10-14,Café Conillon,EUNAPOLIS,Tipo 7,sc 60 kg,"325,00",325.0,Café Conillon,10
2015-10-14,Café Conillon,EUNAPOLIS,Tipo 7/8,sc 60 kg,"330,00",330.0,Café Conillon,10
2015-10-15,Café Conillon,EUNAPOLIS,Tipo 7,sc 60 kg,"325,00",325.0,Café Conillon,10
2015-10-15,Café Conillon,EUNAPOLIS,Tipo 7/8,sc 60 kg,"330,00",330.0,Café Conillon,10
2015-10-16,Café Conillon,EUNAPOLIS,Tipo 7,sc 60 kg,"340,00",340.0,Café Conillon,10
2015-10-16,Café Conillon,EUNAPOLIS,Tipo 7/8,sc 60 kg,"345,00",345.0,Café Conillon,10
2015-10-19,Café Conillon,EUNAPOLIS,Tipo 7,sc 60 kg,"340,00",340.0,Café Conillon,10
2015-10-19,Café Conillon,EUNAPOLIS,Tipo 7/8,sc 60 kg,"345,00",345.0,Café Conillon,10
2015-10-20,Café Conillon,EUNAPOLIS,Tipo 7,sc 60 kg,"340,00",340.0,Café Conillon,10
2015-10-20,Café Conillon,EUNAPOLIS,Tipo 7/8,sc 60 kg,"345,00",345.0,Café Conillon,10
2015-10-21,Café Conillon,EUNAPOLIS,Tipo 7,sc 60 kg,"340,00",340.0,Café Conillon,10
2015-10-21,Café Conillon,EUNAPOLIS,Tipo 7/8,sc 60 kg,"345,00",345.0,Café Conillon,10
2015-10-22,Café Conillon,EUNAPOLIS,Tipo 7,sc 60 kg,"340,00",340.0,Café Conillon,10
2015-10-22,Café Conillon,EUNAPOLIS,Tipo 7/8,sc 60 kg,"345,00",345.0,Café Conillon,10
2015-10-23,Café Conillon,EUNAPOLIS,Tipo 7,sc 60 kg,"340,00",340.0,Café Conillon,10
2015-10-26,Café Conillon,EUNAPOLIS,Tipo 7,sc 60 kg,"345,00",345.0,Café Conillon,10
2015-10-26,Café Conillon,EUNAPOLIS,Tipo 7/8,sc 60 kg,"340,00",340.0,Café Conillon,10
2015-10-27,Café Conillon,EUNAPOLIS,Tipo 7,sc 60 kg,"345,00",345.0,Café Conillon,10
2015-10-27,Café Conillon,EUNAPOLIS,Tipo 7/8,sc 60 kg,"340,00",340.0,Café Conillon,10
2015-10-28,Café Conillon,EUNAPOLIS,Tipo 7,sc 60 kg,"345,00",345.0,Café Conillon,10
2015-10-28,Café Conillon,EUNAPOLIS,Tipo 7/8,sc 60 kg,"340,00",340.0,Café Conillon,10
2015-10-29,Café Conillon,EUNAPOLIS,Tipo 7,sc 60 kg,"345,00",345.0,Café Conillon,10
2015-10-29,Café Conillon,EUNAPOLIS,Tipo 7/8,sc 60 kg,"340,00",340.0,Café Conillon,10
2015-11-03,Café Conillon,EUNAPOLIS,Tipo 7,sc 60 kg,"345,00",345.0,Café Conillon,10
2015-11-03,Café Conillon,EUNAPOLIS,Tipo 7/8,sc 60 kg,"340,00",340.0,Café Conillon,10
2015-11-04,Café Conillon,EUNAPOLIS,Tipo 7,sc 60 kg,"345,00",345.0,Café Conillon,10
2015-11-04,Café Conillon,EUNAPOLIS,Tipo 7/8,sc 60 kg,"340,00",340.0,Café Conillon,10
2015-11-05,Café Conillon,EUNAPOLIS,Tipo 7,sc 60 kg,"345,00",345.0,Café Conillon,10
2015-11-05,Café Conillon,EUNAPOLIS,Tipo 7/8,sc 60 kg,"340,00",340.0,Café Conillon,10
2015-11-06,Café Conillon,EUNAPOLIS,Tipo 7,sc 60 kg,"355,00",355.0,Café Conillon,10
2015-11-06,Café Conillon,EUNAPOLIS,Tipo 7/8,sc 60 kg,"350,00",350.0,Café Conillon,10
2015-11-09,Café Conillon,EUNAPOLIS,Tipo 7,sc 60 kg,"355,00",355.0,Café Conillon,10
2015-11-09,Café Conillon,EUNAPOLIS,Tipo 7/8,sc 60 kg,"350,00",350.0,Café Conillon,10
2015-11-10,Café Conillon,EUNAPOLIS,Tipo 7,sc 60 kg,"355,00",355.0,Café Conillon,10
2015-11-10,Café Conillon,EUNAPOLIS,Tipo 7/8,sc 60 kg,"350,00",350.0,Café Conillon,10
2015-11-11,Café Conillon,EUNAPOLIS,Tipo 7,sc 60 kg,"355,00",355.0,Café Conillon,10
2015-11-11,Café Conillon,EUNAPOLIS,Tipo 7/8,sc 60 kg,"350,00",350.0,Café Conillon,10
2015-11-12,Café Conillon,EUNAPOLIS,Tipo 7,sc 60 kg,"355,00",355.0,Café Conillon,10
2015-11-12,Café Conillon,EUNAPOLIS,Tipo 7/8,sc 60 kg,"350,00",350.0,Café Conillon,10
2015-11-13,Café Conillon,EUNAPOLIS,Tipo 7,sc 60 kg,"355,00",355.0,Café Conillon,10
2015-11-13,Café Conillon,EUNAPOLIS,Tipo 7/8,sc 60 kg,"350,00",350.0,Café Conillon,10
2015-11-16,Café Conillon,EUNAPOLIS,Tipo 7,sc 60 kg,"355,00",355.0,Café Conillon,10
2015-11-16,Café Conillon,EUNAPOLIS,Tipo 7/8,sc 60 kg,"350,00",350.0,Café Conillon,10
2015-11-17,Café Conillon,EUNAPOLIS,Tipo 7,sc 60 kg,"355,00",355.0,Café Conillon,10
2015-11-17,Café Conillon,EUNAPOLIS,Tipo 7/8,sc 60 kg,"350,00",350.0,Café Conillon,10
2015-11-18,Café Conillon,EUNAPOLIS,Tipo 7,sc 60 kg,"360,00",360.0,Café Conillon,10
2015-11-18,Café Conillon,EUNAPOLIS,Tipo 7/8,sc 60 kg,"355,00",355.0,Café Conillon,10
2015-11-19,Café Conillon,EUNAPOLIS,Tipo 7,sc 60 kg,"360,00",360.0,Café Conillon,10
2015-11-19,Café Conillon,EUNAPOLIS,Tipo 7/8,sc 60 kg,"355,00",355.0,Café Conillon,10
2015-11-20,Café Conillon,EUNAPOLIS,Tipo 7,sc 60 kg,"360,00",360.0,Café Conillon,10
2015-11-20,Café Conillon,EUNAPOLIS,Tipo 7/8,sc 60 kg,"355,00",355.0,Café Conillon,10
2015-11-23,Café Conillon,EUNAPOLIS,Tipo 7,sc 60 kg,"360,00",360.0,Café Conillon,10
2015-11-23,Café Conillon,EUNAPOLIS,Tipo 7/8,sc 60 kg,"355,00",355.0,Café Conillon,10
2015-11-24,Café Conillon,EUNAPOLIS,Tipo 7,sc 60 kg,"360,00",360.0,Café Conillon,10
2015-11-24,Café Conillon,EUNAPOLIS,Tipo 7/8,sc 60 kg,"355,00",355.0,Café Conillon,10
2015-11-25,Café Conillon,EUNAPOLIS,Tipo 7,sc 60 kg,"360,00",360.0,Café Conillon,10
2015-11-25,Café Conillon,EUNAPOLIS,Tipo 7/8,sc 60 kg,"355,00",355.0,Café Conillon,10
2015-11-26,Café Conillon,EUNAPOLIS,Tipo 7,sc 60 kg,"360,00",360.0,Café Conillon,10
2015-11-26,Café Conillon,EUNAPOLIS,Tipo 7/8,sc 60 kg,"355,00",355.0,Café Conillon,10
2015-11-27,Café Conillon,EUNAPOLIS,Tipo 7,sc 60 kg,"360,00",360.0,Café Conillon,10
2015-11-27,Café Conillon,EUNAPOLIS,Tipo 7/8,sc 60 kg,"355,00",355.0,Café Conillon,10
2015-11-30,Café Conillon,EUNAPOLIS,Tipo 7,sc 60 kg,"360,00",360.0,Café Conillon,10
2015-11-30,Café Conillon,EUNAPOLIS,Tipo 7/8,sc 60 kg,"355,00",355.0,Café Conillon,10
2015-12-01,Café Conillon,EUNAPOLIS,Tipo 7,sc 60 kg,"360,00",360.0,Café Conillon,10
2015-12-01,Café Conillon,EUNAPOLIS,Tipo 7/8,sc 60 kg,"355,00",355.0,Café Conillon,10
2015-12-02,Café Conillon,EUNAPOLIS,Tipo 7,sc 60 kg,"360,00",360.0,Café Conillon,10
2015-12-02,Café Conillon,EUNAPOLIS,Tipo 7/8,sc 60 kg,"355,00",355.0,Café Conillon,10
2015-12-03,Café Conillon,EUNAPOLIS,Tipo 7,sc 60 kg,"360,00",360.0,Café Conillon,10
2015-12-03,Café Conillon,EUNAPOLIS,Tipo 7/8,sc 60 kg,"355,00",355.0,Café Conillon,10
2015-12-04,Café Conillon,EUNAPOLIS,Tipo 7,sc 60 kg,"360,00",360.0,Café Conillon,10
2015-12-04,Café Conillon,EUNAPOLIS,Tipo 7/8,sc 60 kg,"355,00",355.0,Café Conillon,10
2015-12-07,Café Conillon,EUNAPOLIS,Tipo 7,sc 60 kg,"360,00",360.0,Café Conillon,10
2015-12-07,Café Conillon,EUNAPOLIS,Tipo 7/8,sc 60 kg,"355,00",355.0,Café Conillon,10
2015-12-09,Café Conillon,EUNAPOLIS,Tipo 7,sc 60 kg,"360,00",360.0,Café Conillon,10
2015-12-09,Café Conillon,EUNAPOLIS,Tipo 7/8,sc 60 kg,"355,00",355.0,Café Conillon,10
2015-12-10,Café Conillon,EUNAPOLIS,Tipo 7,sc 60 kg,"360,00",360.0,Café Conillon,10
2015-12-10,Café Conillon,EUNAPOLIS,Tipo 7/8,sc 60 kg,"355,00",355.0,Café Conillon,10
2015-12-11,Café Conillon,EUNAPOLIS,Tipo 7,sc 60 kg,"360,00",360.0,Café Conillon,10
2015-12-11,Café Conillon,EUNAPOLIS,Tipo 7/8,sc 60 kg,"355,00",355.0,Café Conillon,10
2015-12-14,Café Conillon,EUNAPOLIS,Tipo 7,sc 60 kg,"360,00",360.0,Café Conillon,10
2015-12-14,Café Conillon,EUNAPOLIS,Tipo 7/8,sc 60 kg,"355,00",355.0,Café Conillon,10
2015-12-15,Café Conillon,EUNAPOLIS,Tipo 7,sc 60 kg,"360,00",360.0,Café Conillon,10
2015-12-15,Café Conillon,EUNAPOLIS,Tipo 7/8,sc 60 kg,"355,00",355.0,Café Conillon,10
2015-12-16,Café Conillon,EUNAPOLIS,Tipo 7,sc 60 kg,"360,00",360.0,Café Conillon,10
2015-12-16,Café Conillon,EUNAPOLIS,Tipo 7/8,sc 60 kg,"355,00",355.0,Café Conillon,10
2015-12-17,Café Conillon,EUNAPOLIS,Tipo 7,sc 60 kg,"360,00",360.0,Café Conillon,10
2015-12-17,Café Conillon,EUNAPOLIS,Tipo 7/8,sc 60 kg,"355,00",355.0,Café Conillon,10
2015-12-18,Café Conillon,EUNAPOLIS,Tipo 7,sc 60 kg,"360,00",360.0,Café Conillon,10
2015-12-18,Café Conillon,EUNAPOLIS,Tipo 7/8,sc 60 kg,"355,00",355.0,Café Conillon,10
2015-12-21,Café Conillon,EUNAPOLIS,Tipo 7,sc 60 kg,"360,00",360.0,Café Conillon,10
2015-12-21,Café Conillon,EUNAPOLIS,Tipo 7/8,sc 60 kg,"355,00",355.0,Café Conillon,10
2015-12-22,Café Conillon,EUNAPOLIS,Tipo 7,sc 60 kg,"360,00",360.0,Café Conillon,10
2015-12-22,Café Conillon,EUNAPOLIS,Tipo 7/8,sc 60 kg,"355,00",355.0,Café Conillon,10
2015-12-23,Café Conillon,EUNAPOLIS,Tipo 7,sc 60 kg,"360,00",360.0,Café Conillon,10
2015-12-23,Café Conillon,EUNAPOLIS,Tipo 7/8,sc 60 kg,"355,00",355.0,Café Conillon,10
2015-12-24,Café Conillon,EUNAPOLIS,Tipo 7,sc 60 kg,"360,00",360.0,Café Conillon,10
2015-12-24,Café Conillon,EUNAPOLIS,Tipo 7/8,sc 60 kg,"355,00",355.0,Café Conillon,10
2015-12-25,Café Conillon,EUNAPOLIS,Tipo 7,sc 60 kg,"360,00",360.0,Café Conillon,10
2015-12-25,Café Conillon,EUNAPOLIS,Tipo 7/8,sc 60 kg,"355,00",355.0,Café Conillon,10
2015-12-28,Café Conillon,EUNAPOLIS,Tipo 7,sc 60 kg,"360,00",360.0,Café Conillon,10
2015-12-28,Café Conillon,EUNAPOLIS,Tipo 7/8,sc 60 kg,"355,00",355.0,Café Conillon,10
2015-12-29,Café Conillon,EUNAPOLIS,Tipo 7,sc 60 kg,"360,00",360.0,Café Conillon,10
2015-12-29,Café Conillon,EUNAPOLIS,Tipo 7/8,sc 60 kg,"355,00",355.0,Café Conillon,10
2015-12-30,Café Conillon,EUNAPOLIS,Tipo 7,sc 60 kg,"360,00",360.0,Café Conillon,10
2015-12-30,Café Conillon,EUNAPOLIS,Tipo 7/8,sc 60 kg,"355,00",355.0,Café Conillon,10
2016-01-04,Café Conillon,EUNAPOLIS,Tipo 7,sc 60 kg,"355,00",355.0,Café Conillon,10
2016-01-04,Café Conillon,EUNAPOLIS,Tipo 7/8,sc 60 kg,"360,00",360.0,Café Conillon,10
2016-01-05,Café Conillon,EUNAPOLIS,Tipo 7,sc 60 kg,"360,00",360.0,Café Conillon,10
2016-01-05,Café Conillon,EUNAPOLIS,Tipo 7/8,sc 60 kg,"360,00",360.0,Café Conillon,10
2016-01-06,Café Conillon,EUNAPOLIS,Tipo 7,sc 60 kg,"360,00",360.0,Café Conillon,10
2016-01-06,Café Conillon,EUNAPOLIS,Tipo 7/8,sc 60 kg,"360,00",360.0,Café Conillon,10
2016-01-07,Café Conillon,EUNAPOLIS,Tipo 7,sc 60 kg,"360,00",360.0,Café Conillon,10
2016-01-07,Café Conillon,EUNAPOLIS,Tipo 7/8,sc 60 kg,"360,00",360.0,Café Conillon,10
2016-01-08,Café Conillon,EUNAPOLIS,Tipo 7,sc 60 kg,"360,00",360.0,Café Conillon,10
2016-01-08,Café Conillon,EUNAPOLIS,Tipo 7/8,sc 60 kg,"365,00",365.0,Café Conillon,10
2016-01-11,Café Conillon,EUNAPOLIS,Tipo 7,sc 60 kg,"360,00",360.0,Café Conillon,10
2016-01-11,Café Conillon,EUNAPOLIS,Tipo 7/8,sc 60 kg,"365,00",365.0,Café Conillon,10
2016-01-12,Café Conillon,EUNAPOLIS,Tipo 7,sc 60 kg,"360,00",360.0,Café Conillon,10
2016-01-12,Café Conillon,EUNAPOLIS,Tipo 7/8,sc 60 kg,"365,00",365.0,Café Conillon,10
2016-01-13,Café Conillon,EUNAPOLIS,Tipo 7,sc 60 kg,"360,00",360.0,Café Conillon,10
2016-01-13,Café Conillon,EUNAPOLIS,Tipo 7/8,sc 60 kg,"365,00",365.0,Café Conillon,10
2016-01-14,Café Conillon,EUNAPOLIS,Tipo 7,sc 60 kg,"360,00",360.0,Café Conillon,10
2016-01-14,Café Conillon,EUNAPOLIS,Tipo 7/8,sc 60 kg,"365,00",365.0,Café Conillon,10
2016-01-15,Café Conillon,EUNAPOLIS,Tipo 7,sc 60 kg,"360,00",360.0,Café Conillon,10
2016-01-15,Café Conillon,EUNAPOLIS,Tipo 7/8,sc 60 kg,"365,00",365.0,Café Conillon,10
2016-01-18,Café Conillon,EUNAPOLIS,Tipo 7,sc 60 kg,"360,00",360.0,Café Conillon,10
2016-01-18,Café Conillon,EUNAPOLIS,Tipo 7/8,sc 60 kg,"365,00",365.0,Café Conillon,10
2016-01-19,Café Conillon,EUNAPOLIS,Tipo 7,sc 60 kg,"360,00",360.0,Café Conillon,10
2016-01-19,Café Conillon,EUNAPOLIS,Tipo 7/8,sc 60 kg,"365,00",365.0,Café Conillon,10
2016-01-20,Café Conillon,EUNAPOLIS,Tipo 7,sc 60 kg,"365,00",365.0,Café Conillon,10
2016-01-20,Café Conillon,EUNAPOLIS,Tipo 7/8,sc 60 kg,"370,00",370.0,Café Conillon,10
2016-01-21,Café Conillon,EUNAPOLIS,Tipo 7,sc 60 kg,"365,00",365.0,Café Conillon,10
2016-01-21,Café Conillon,EUNAPOLIS,Tipo 7/8,sc 60 kg,"370,00",370.0,Café Conillon,10
2016-01-22,Café Conillon,EUNAPOLIS,Tipo 7,sc 60 kg,"365,00",365.0,Café Conillon,10
2016-01-22,Café Conillon,EUNAPOLIS,Tipo 7/8,sc 60 kg,"370,00",370.0,Café Conillon,10
2016-01-25,Café Conillon,EUNAPOLIS,Tipo 7,sc 60 kg,"365,00",365.0,Café Conillon,10
2016-01-25,Café Conillon,EUNAPOLIS,Tipo 7/8,sc 60 kg,"370,00",370.0,Café Conillon,10
2016-01-26,Café Conillon,EUNAPOLIS,Tipo 7,sc 60 kg,"365,00",365.0,Café Conillon,10
2016-01-26,Café Conillon,EUNAPOLIS,Tipo 7/8,sc 60 kg,"370,00",370.0,Café Conillon,10
2016-01-27,Café Conillon,EUNAPOLIS,Tipo 7,sc 60 kg,"365,00",365.0,Café Conillon,10
2016-01-27,Café Conillon,EUNAPOLIS,Tipo 7/8,sc 60 kg,"370,00",370.0,Café Conillon,10
2016-01-28,Café Conillon,EUNAPOLIS,Tipo 7,sc 60 kg,"370,00",370.0,Café Conillon,10
2016-01-28,Café Conillon,EUNAPOLIS,Tipo 7/8,sc 60 kg,"375,00",375.0,Café Conillon,10
2016-01-29,Café Conillon,EUNAPOLIS,Tipo 7,sc 60 kg,"370,00",370.0,Café Conillon,10
2016-01-29,Café Conillon,EUNAPOLIS,Tipo 7/8,sc 60 kg,"375,00",375.0,Café Conillon,10
2016-02-01,Café Conillon,EUNAPOLIS,Tipo 7,sc 60 kg,"370,00",370.0,Café Conillon,10
2016-02-01,Café Conillon,EUNAPOLIS,Tipo 7/8,sc 60 kg,"375,00",375.0,Café Conillon,10
2016-02-02,Café Conillon,EUNAPOLIS,Tipo 7,sc 60 kg,"370,00",370.0,Café Conillon,10
2016-02-02,Café Conillon,EUNAPOLIS,Tipo 7/8,sc 60 kg,"375,00",375.0,Café Conillon,10
2016-02-03,Café Conillon,EUNAPOLIS,Tipo 7,sc 60 kg,"370,00",370.0,Café Conillon,10
2016-02-03,Café Conillon,EUNAPOLIS,Tipo 7/8,sc 60 kg,"375,00",375.0,Café Conillon,10
2016-02-04,Café Conillon,EUNAPOLIS,Tipo 7,sc 60 kg,"370,00",370.0,Café Conillon,10
2016-02-04,Café Conillon,EUNAPOLIS,Tipo 7/8,sc 60 kg,"375,00",375.0,Café Conillon,10
2016-02-11,Café Conillon,EUNAPOLIS,Tipo 7,sc 60 kg,"370,00",370.0,Café Conillon,10
2016-02-11,Café Conillon,EUNAPOLIS,Tipo 7/8,sc 60 kg,"375,00",375.0,Café Conillon,10
2016-02-12,Café Conillon,EUNAPOLIS,Tipo 7,sc 60 kg,"370,00",370.0,Café Conillon,10
2016-02-12,Café Conillon,EUNAPOLIS,Tipo 7/8,sc 60 kg,"375,00",375.0,Café Conillon,10
2016-02-15,Café Conillon,EUNAPOLIS,Tipo 7,sc 60 kg,"370,00",370.0,Café Conillon,10
2016-02-15,Café Conillon,EUNAPOLIS,Tipo 7/8,sc 60 kg,"375,00",375.0,Café Conillon,10
2016-02-16,Café Conillon,EUNAPOLIS,Tipo 7,sc 60 kg,"370,00",370.0,Café Conillon,10
2016-02-16,Café Conillon,EUNAPOLIS,Tipo 7/8,sc 60 kg,"375,00",375.0,Café Conillon,10
2016-02-17,Café Conillon,EUNAPOLIS,Tipo 7,sc 60 kg,"370,00",370.0,Café Conillon,10
2016-02-17,Café Conillon,EUNAPOLIS,Tipo 7/8,sc 60 kg,"375,00",375.0,Café Conillon,10
2016-02-18,Café Conillon,EUNAPOLIS,Tipo 7,sc 60 kg,"370,00",370.0,Café Conillon,10
2016-02-18,Café Conillon,EUNAPOLIS,Tipo 7/8,sc 60 kg,"375,00",375.0,Café Conillon,10
2016-02-19,Café Conillon,EUNAPOLIS,Tipo 7,sc 60 kg,"370,00",370.0,Café Conillon,10
2016-02-19,Café Conillon,EUNAPOLIS,Tipo 7/8,sc 60 kg,"375,00",375.0,Café Conillon,10
2016-02-22,Café Conillon,EUNAPOLIS,Tipo 7,sc 60 kg,"370,00",370.0,Café Conillon,10
2016-02-22,Café Conillon,EUNAPOLIS,Tipo 7/8,sc 60 kg,"375,00",375.0,Café Conillon,10
2016-02-23,Café Conillon,EUNAPOLIS,Tipo 7,sc 60 kg,"370,00",370.0,Café Conillon,10
2016-02-23,Café Conillon,EUNAPOLIS,Tipo 7/8,sc 60 kg,"375,00",375.0,Café Conillon,10
2016-02-24,Café Conillon,EUNAPOLIS,Tipo 7,sc 60 kg,"365,00",365.0,Café Conillon,10
2016-02-24,Café Conillon,EUNAPOLIS,Tipo 7/8,sc 60 kg,"370,00",370.0,Café Conillon,10
2016-02-25,Café Conillon,EUNAPOLIS,Tipo 7,sc 60 kg,"365,00",365.0,Café Conillon,10
2016-02-25,Café Conillon,EUNAPOLIS,Tipo 7/8,sc 60 kg,"370,00",370.0,Café Conillon,10
2016-02-26,Café Conillon,EUNAPOLIS,Tipo 7,sc 60 kg,"365,00",365.0,Café Conillon,10
2016-02-26,Café Conillon,EUNAPOLIS,Tipo 7/8,sc 60 kg,"370,00",370.0,Café Conillon,10
2016-02-29,Café Conillon,EUNAPOLIS,Tipo 7,sc 60 kg,"365,00",365.0,Café Conillon,10
2016-02-29,Café Conillon,EUNAPOLIS,Tipo 7/8,sc 60 kg,"370,00",370.0,Café Conillon,10
2016-03-18,Café Conillon,EUNAPOLIS,Tipo 7,sc 60 kg,"335,00",335.0,Café Conillon,10
2016-03-18,Café Conillon,EUNAPOLIS,Tipo 7/8,sc 60 kg,"330,00",330.0,Café Conillon,10
2016-03-21,Café Conillon,EUNAPOLIS,Tipo 7,sc 60 kg,"340,00",340.0,Café Conillon,10
2016-03-21,Café Conillon,EUNAPOLIS,Tipo 7/8,sc 60 kg,"335,00",335.0,Café Conillon,10
2016-03-22,Café Conillon,EUNAPOLIS,Tipo 7,sc 60 kg,"340,00",340.0,Café Conillon,10
2016-03-22,Café Conillon,EUNAPOLIS,Tipo 7/8,sc 60 kg,"335,00",335.0,Café Conillon,10
2016-03-23,Café Conillon,EUNAPOLIS,Tipo 7,sc 60 kg,"340,00",340.0,Café Conillon,10
2016-03-23,Café Conillon,EUNAPOLIS,Tipo 7/8,sc 60 kg,"335,00",335.0,Café Conillon,10
2016-03-28,Café Conillon,EUNAPOLIS,Tipo 7,sc 60 kg,"340,00",340.0,Café Conillon,10
2016-03-28,Café Conillon,EUNAPOLIS,Tipo 7/8,sc 60 kg,"335,00",335.0,Café Conillon,10
2016-03-29,Café Conillon,EUNAPOLIS,Tipo 7,sc 60 kg,"340,00",340.0,Café Conillon,10
2016-03-29,Café Conillon,EUNAPOLIS,Tipo 7/8,sc 60 kg,"335,00",335.0,Café Conillon,10
2016-03-30,Café Conillon,EUNAPOLIS,Tipo 7,sc 60 kg,"340,00",340.0,Café Conillon,10
2016-03-30,Café Conillon,EUNAPOLIS,Tipo 7/8,sc 60 kg,"335,00",335.0,Café Conillon,10
2016-03-31,Café Conillon,EUNAPOLIS,Tipo 7,sc 60 kg,"340,00",340.0,Café Conillon,10
2016-03-31,Café Conillon,EUNAPOLIS,Tipo 7/8,sc 60 kg,"335,00",335.0,Café Conillon,10
2016-04-01,Café Conillon,EUNAPOLIS,Tipo 7,sc 60 kg,"340,00",340.0,Café Conillon,10
2016-04-01,Café Conillon,EUNAPOLIS,Tipo 7/8,sc 60 kg,"335,00",335.0,Café Conillon,10
2016-04-02,Café Conillon,EUNAPOLIS,Tipo 7,sc 60 kg,"340,00",340.0,Café Conillon,10
2016-04-02,Café Conillon,EUNAPOLIS,Tipo 7/8,sc 60 kg,"335,00",335.0,Café Conillon,10
2016-04-06,Café Conillon,EUNAPOLIS,Tipo 7,sc 60 kg,"340,00",340.0,Café Conillon,10
2016-04-06,Café Conillon,EUNAPOLIS,Tipo 7/8,sc 60 kg,"335,00",335.0,Café Conillon,10
2016-04-07,Café Conillon,EUNAPOLIS,Tipo 7,sc 60 kg,"340,00",340.0,Café Conillon,10
2016-04-07,Café Conillon,EUNAPOLIS,Tipo 7/8,sc 60 kg,"335,00",335.0,Café Conillon,10
2016-04-08,Café Conillon,EUNAPOLIS,Tipo 7,sc 60 kg,"340,00",340.0,Café Conillon,10
2016-04-08,Café Conillon,EUNAPOLIS,Tipo 7/8,sc 60 kg,"335,00",335.0,Café Conillon,10
2016-04-11,Café Conillon,EUNAPOLIS,Tipo 7,sc 60 kg,"340,00",340.0,Café Conillon,10
2016-04-11,Café Conillon,EUNAPOLIS,Tipo 7/8,sc 60 kg,"335,00",335.0,Café Conillon,10
2016-04-12,Café Conillon,EUNAPOLIS,Tipo 7,sc 60 kg,"340,00",340.0,Café Conillon,10
2016-04-12,Café Conillon,EUNAPOLIS,Tipo 7/8,sc 60 kg,"335,00",335.0,Café Conillon,10
2016-04-13,Café Conillon,EUNAPOLIS,Tipo 7,sc 60 kg,"340,00",340.0,Café Conillon,10
2016-04-13,Café Conillon,EUNAPOLIS,Tipo 7/8,sc 60 kg,"335,00",335.0,Café Conillon,10
2016-04-14,Café Conillon,EUNAPOLIS,Tipo 7,sc 60 kg,"340,00",340.0,Café Conillon,10
2016-04-14,Café Conillon,EUNAPOLIS,Tipo 7/8,sc 60 kg,"335,00",335.0,Café Conillon,10
2016-04-15,Café Conillon,EUNAPOLIS,Tipo 7,sc 60 kg,"340,00",340.0,Café Conillon,10
2016-04-15,Café Conillon,EUNAPOLIS,Tipo 7/8,sc 60 kg,"335,00",335.0,Café Conillon,10
2016-04-18,Café Conillon,EUNAPOLIS,Tipo 7,sc 60 kg,"340,00",340.0,Café Conillon,10
2016-04-18,Café Conillon,EUNAPOLIS,Tipo 7/8,sc 60 kg,"335,00",335.0,Café Conillon,10
2016-04-19,Café Conillon,EUNAPOLIS,Tipo 7,sc 60 kg,"340,00",340.0,Café Conillon,10
2016-04-19,Café Conillon,EUNAPOLIS,Tipo 7/8,sc 60 kg,"335,00",335.0,Café Conillon,10
2016-04-20,Café Conillon,EUNAPOLIS,Tipo 7,sc 60 kg,"340,00",340.0,Café Conillon,10
2016-04-20,Café Conillon,EUNAPOLIS,Tipo 7/8,sc 60 kg,"335,00",335.0,Café Conillon,10
2016-04-25,Café Conillon,EUNAPOLIS,Tipo 7,sc 60 kg,"340,00",340.0,Café Conillon,10
2016-04-25,Café Conillon,EUNAPOLIS,Tipo 7/8,sc 60 kg,"335,00",335.0,Café Conillon,10
2016-04-26,Café Conillon,EUNAPOLIS,Tipo 7,sc 60 kg,"360,00",360.0,Café Conillon,10
2016-04-26,Café Conillon,EUNAPOLIS,Tipo 7/8,sc 60 kg,"355,00",355.0,Café Conillon,10
2016-04-27,Café Conillon,EUNAPOLIS,Tipo 7,sc 60 kg,"360,00",360.0,Café Conillon,10
2016-04-27,Café Conillon,EUNAPOLIS,Tipo 7/8,sc 60 kg,"355,00",355.0,Café Conillon,10
2016-04-28,Café Conillon,EUNAPOLIS,Tipo 7,sc 60 kg,"360,00",360.0,Café Conillon,10
2016-04-28,Café Conillon,EUNAPOLIS,Tipo 7/8,sc 60 kg,"355,00",355.0,Café Conillon,10
2016-04-29,Café Conillon,EUNAPOLIS,Tipo 7,sc 60 kg,"360,00",360.0,Café Conillon,10
2016-04-29,Café Conillon,EUNAPOLIS,Tipo 7/8,sc 60 kg,"355,00",355.0,Café Conillon,10
2016-05-02,Café Conillon,EUNAPOLIS,Tipo 7,sc 60 kg,"360,00",360.0,Café Conillon,10
2016-05-02,Café Conillon,EUNAPOLIS,Tipo 7/8,sc 60 kg,"355,00",355.0,Café Conillon,10
2016-05-03,Café Conillon,EUNAPOLIS,Tipo 7,sc 60 kg,"360,00",360.0,Café Conillon,10
2016-05-03,Café Conillon,EUNAPOLIS,Tipo 7/8,sc 60 kg,"355,00",355.0,Café Conillon,10
2016-05-04,Café Conillon,EUNAPOLIS,Tipo 7,sc 60 kg,"365,00",365.0,Café Conillon,10
2016-05-04,Café Conillon,EUNAPOLIS,Tipo 7/8,sc 60 kg,"360,00",360.0,Café Conillon,10
2016-05-05,Café Conillon,EUNAPOLIS,Tipo 7,sc 60 kg,"365,00",365.0,Café Conillon,10
2016-05-05,Café Conillon,EUNAPOLIS,Tipo 7/8,sc 60 kg,"360,00",360.0,Café Conillon,10
2016-05-06,Café Conillon,EUNAPOLIS,Tipo 7,sc 60 kg,"365,00",365.0,Café Conillon,10
2016-05-06,Café Conillon,EUNAPOLIS,Tipo 7/8,sc 60 kg,"360,00",360.0,Café Conillon,10
2016-05-09,Café Conillon,EUNAPOLIS,Tipo 7,sc 60 kg,"365,00",365.0,Café Conillon,10
2016-05-09,Café Conillon,EUNAPOLIS,Tipo 7/8,sc 60 kg,"360,00",360.0,Café Conillon,10
2016-05-10,Café Conillon,EUNAPOLIS,Tipo 7,sc 60 kg,"365,00",365.0,Café Conillon,10
2016-05-10,Café Conillon,EUNAPOLIS,Tipo 7/8,sc 60 kg,"360,00",360.0,Café Conillon,10
2016-05-11,Café Conillon,EUNAPOLIS,Tipo 7,sc 60 kg,"365,00",365.0,Café Conillon,10
2016-05-11,Café Conillon,EUNAPOLIS,Tipo 7/8,sc 60 kg,"360,00",360.0,Café Conillon,10
2016-05-12,Café Conillon,EUNAPOLIS,Tipo 7,sc 60 kg,"365,00",365.0,Café Conillon,10
2016-05-12,Café Conillon,EUNAPOLIS,Tipo 7/8,sc 60 kg,"360,00",360.0,Café Conillon,10
2016-05-13,Café Conillon,EUNAPOLIS,Tipo 7,sc 60 kg,"365,00",365.0,Café Conillon,10
2016-05-13,Café Conillon,EUNAPOLIS,Tipo 7/8,sc 60 kg,"360,00",360.0,Café Conillon,10
2016-05-16,Café Conillon,EUNAPOLIS,Tipo 7,sc 60 kg,"365,00",365.0,Café Conillon,10
2016-05-16,Café Conillon,EUNAPOLIS,Tipo 7/8,sc 60 kg,"360,00",360.0,Café Conillon,10
2016-05-17,Café Conillon,EUNAPOLIS,Tipo 7,sc 60 kg,"365,00",365.0,Café Conillon,10
2016-05-17,Café Conillon,EUNAPOLIS,Tipo 7/8,sc 60 kg,"360,00",360.0,Café Conillon,10
2016-05-18,Café Conillon,EUNAPOLIS,Tipo 7,sc 60 kg,"365,00",365.0,Café Conillon,10
2016-05-18,Café Conillon,EUNAPOLIS,Tipo 7/8,sc 60 kg,"360,00",360.0,Café Conillon,10
2016-05-19,Café Conillon,EUNAPOLIS,Tipo 7,sc 60 kg,"365,00",365.0,Café Conillon,10
2016-05-19,Café Conillon,EUNAPOLIS,Tipo 7/8,sc 60 kg,"360,00",360.0,Café Conillon,10
2016-05-20,Café Conillon,EUNAPOLIS,Tipo 7,sc 60 kg,"365,00",365.0,Café Conillon,10
2016-05-20,Café Conillon,EUNAPOLIS,Tipo 7/8,sc 60 kg,"360,00",360.0,Café Conillon,10
2016-05-23,Café Conillon,EUNAPOLIS,Tipo 7,sc 60 kg,"365,00",365.0,Café Conillon,10
2016-05-23,Café Conillon,EUNAPOLIS,Tipo 7/8,sc 60 kg,"360,00",360.0,Café Conillon,10
2016-05-24,Café Conillon,EUNAPOLIS,Tipo 7,sc 60 kg,"370,00",370.0,Café Conillon,10
2016-05-24,Café Conillon,EUNAPOLIS,Tipo 7/8,sc 60 kg,"365,00",365.0,Café Conillon,10
2016-05-25,Café Conillon,EUNAPOLIS,Tipo 7,sc 60 kg,"370,00",370.0,Café Conillon,10
2016-05-25,Café Conillon,EUNAPOLIS,Tipo 7/8,sc 60 kg,"365,00",365.0,Café Conillon,10
2016-05-30,Café Conillon,EUNAPOLIS,Tipo 7,sc 60 kg,"370,00",370.0,Café Conillon,10
2016-05-30,Café Conillon,EUNAPOLIS,Tipo 7/8,sc 60 kg,"365,00",365.0,Café Conillon,10
2016-05-31,Café Conillon,EUNAPOLIS,Tipo 7,sc 60 kg,"370,00",370.0,Café Conillon,10
2016-05-31,Café Conillon,EUNAPOLIS,Tipo 7/8,sc 60 kg,"365,00",365.0,Café Conillon,10
2016-06-01,Café Conillon,EUNAPOLIS,Tipo 7,sc 60 kg,"370,00",370.0,Café Conillon,10
2016-06-01,Café Conillon,EUNAPOLIS,Tipo 7/8,sc 60 kg,"365,00",365.0,Café Conillon,10
2016-06-02,Café Conillon,EUNAPOLIS,Tipo 7,sc 60 kg,"370,00",370.0,Café Conillon,10
2016-06-02,Café Conillon,EUNAPOLIS,Tipo 7/8,sc 60 kg,"365,00",365.0,Café Conillon,10
2016-06-03,Café Conillon,EUNAPOLIS,Tipo 7,sc 60 kg,"370,00",370.0,Café Conillon,10
2016-06-03,Café Conillon,EUNAPOLIS,Tipo 7/8,sc 60 kg,"365,00",365.0,Café Conillon,10
2016-06-06,Café Conillon,EUNAPOLIS,Tipo 7,sc 60 kg,"370,00",370.0,Café Conillon,10
2016-06-06,Café Conillon,EUNAPOLIS,Tipo 7/8,sc 60 kg,"365,00",365.0,Café Conillon,10
2016-06-07,Café Conillon,EUNAPOLIS,Tipo 7,sc 60 kg,"370,00",370.0,Café Conillon,10
2016-06-07,Café Conillon,EUNAPOLIS,Tipo 7/8,sc 60 kg,"365,00",365.0,Café Conillon,10
2016-06-08,Café Conillon,EUNAPOLIS,Tipo 7,sc 60 kg,"370,00",370.0,Café Conillon,10
2016-06-08,Café Conillon,EUNAPOLIS,Tipo 7/8,sc 60 kg,"365,00",365.0,Café Conillon,10
2016-06-09,Café Conillon,EUNAPOLIS,Tipo 7,sc 60 kg,"370,00",370.0,Café Conillon,10
2016-06-09,Café Conillon,EUNAPOLIS,Tipo 7/8,sc 60 kg,"365,00",365.0,Café Conillon,10
2016-06-10,Café Conillon,EUNAPOLIS,Tipo 7,sc 60 kg,"370,00",370.0,Café Conillon,10
2016-06-10,Café Conillon,EUNAPOLIS,Tipo 7/8,sc 60 kg,"365,00",365.0,Café Conillon,10
2016-06-13,Café Conillon,EUNAPOLIS,Tipo 7,sc 60 kg,"370,00",370.0,Café Conillon,10
2016-06-13,Café Conillon,EUNAPOLIS,Tipo 7/8,sc 60 kg,"365,00",365.0,Café Conillon,10
2016-06-14,Café Conillon,EUNAPOLIS,Tipo 7,sc 60 kg,"370,00",370.0,Café Conillon,10
2016-06-14,Café Conillon,EUNAPOLIS,Tipo 7/8,sc 60 kg,"365,00",365.0,Café Conillon,10
2016-06-15,Café Conillon,EUNAPOLIS,Tipo 7,sc 60 kg,"370,00",370.0,Café Conillon,10
2016-06-15,Café Conillon,EUNAPOLIS,Tipo 7/8,sc 60 kg,"365,00",365.0,Café Conillon,10
2016-06-16,Café Conillon,EUNAPOLIS,Tipo 7,sc 60 kg,"370,00",370.0,Café Conillon,10
2016-06-16,Café Conillon,EUNAPOLIS,Tipo 7/8,sc 60 kg,"365,00",365.0,Café Conillon,10
2016-06-17,Café Conillon,EUNAPOLIS,Tipo 7,sc 60 kg,"370,00",370.0,Café Conillon,10
2016-06-17,Café Conillon,EUNAPOLIS,Tipo 7/8,sc 60 kg,"365,00",365.0,Café Conillon,10
2016-06-20,Café Conillon,EUNAPOLIS,Tipo 7,sc 60 kg,"375,00",375.0,Café Conillon,10
2016-06-20,Café Conillon,EUNAPOLIS,Tipo 7/8,sc 60 kg,"370,00",370.0,Café Conillon,10
2016-06-21,Café Conillon,EUNAPOLIS,Tipo 7,sc 60 kg,"375,00",375.0,Café Conillon,10
2016-06-21,Café Conillon,EUNAPOLIS,Tipo 7/8,sc 60 kg,"370,00",370.0,Café Conillon,10
2016-06-22,Café Conillon,EUNAPOLIS,Tipo 7,sc 60 kg,"375,00",375.0,Café Conillon,10
2016-06-22,Café Conillon,EUNAPOLIS,Tipo 7/8,sc 60 kg,"370,00",370.0,Café Conillon,10
2016-06-27,Café Conillon,EUNAPOLIS,Tipo 7,sc 60 kg,"375,00",375.0,Café Conillon,10
2016-06-27,Café Conillon,EUNAPOLIS,Tipo 7/8,sc 60 kg,"370,00",370.0,Café Conillon,10
2016-06-28,Café Conillon,EUNAPOLIS,Tipo 7,sc 60 kg,"375,00",375.0,Café Conillon,10
2016-06-28,Café Conillon,EUNAPOLIS,Tipo 7/8,sc 60 kg,"370,00",370.0,Café Conillon,10
2016-06-29,Café Conillon,EUNAPOLIS,Tipo 7,sc 60 kg,"375,00",375.0,Café Conillon,10
2016-06-29,Café Conillon,EUNAPOLIS,Tipo 7/8,sc 60 kg,"370,00",370.0,Café Conillon,10
2016-06-30,Café Conillon,EUNAPOLIS,Tipo 7,sc 60 kg,"375,00",375.0,Café Conillon,10
2016-06-30,Café Conillon,EUNAPOLIS,Tipo 7/8,sc 60 kg,"370,00",370.0,Café Conillon,10
2016-07-01,Café Conillon,EUNAPOLIS,Tipo 7,sc 60 kg,"375,00",375.0,Café Conillon,10
2016-07-01,Café Conillon,EUNAPOLIS,Tipo 7/8,sc 60 kg,"370,00",370.0,Café Conillon,10
2016-07-04,Café Conillon,EUNAPOLIS,Tipo 7,sc 60 kg,"375,00",375.0,Café Conillon,10
2016-07-04,Café Conillon,EUNAPOLIS,Tipo 7/8,sc 60 kg,"370,00",370.0,Café Conillon,10
2016-07-05,Café Conillon,EUNAPOLIS,Tipo 7,sc 60 kg,"375,00",375.0,Café Conillon,10
2016-07-05,Café Conillon,EUNAPOLIS,Tipo 7/8,sc 60 kg,"370,00",370.0,Café Conillon,10
2016-07-06,Café Conillon,EUNAPOLIS,Tipo 7,sc 60 kg,"375,00",375.0,Café Conillon,10
2016-07-06,Café Conillon,EUNAPOLIS,Tipo 7/8,sc 60 kg,"370,00",370.0,Café Conillon,10
2016-07-07,Café Conillon,EUNAPOLIS,Tipo 7,sc 60 kg,"375,00",375.0,Café Conillon,10
2016-07-07,Café Conillon,EUNAPOLIS,Tipo 7/8,sc 60 kg,"370,00",370.0,Café Conillon,10
2016-07-08,Café Conillon,EUNAPOLIS,Tipo 7,sc 60 kg,"375,00",375.0,Café Conillon,10
2016-07-08,Café Conillon,EUNAPOLIS,Tipo 7/8,sc 60 kg,"370,00",370.0,Café Conillon,10
2016-07-11,Café Conillon,EUNAPOLIS,Tipo 7,sc 60 kg,"375,00",375.0,Café Conillon,10
2016-07-11,Café Conillon,EUNAPOLIS,Tipo 7/8,sc 60 kg,"370,00",370.0,Café Conillon,10
2016-07-12,Café Conillon,EUNAPOLIS,Tipo 7,sc 60 kg,"390,00",390.0,Café Conillon,10
2016-07-12,Café Conillon,EUNAPOLIS,Tipo 7/8,sc 60 kg,"385,00",385.0,Café Conillon,10
2016-07-13,Café Conillon,EUNAPOLIS,Tipo 7,sc 60 kg,"390,00",390.0,Café Conillon,10
2016-07-13,Café Conillon,EUNAPOLIS,Tipo 7/8,sc 60 kg,"385,00",385.0,Café Conillon,10
2016-07-14,Café Conillon,EUNAPOLIS,Tipo 7,sc 60 kg,"390,00",390.0,Café Conillon,10
2016-07-14,Café Conillon,EUNAPOLIS,Tipo 7/8,sc 60 kg,"385,00",385.0,Café Conillon,10
2016-07-15,Café Conillon,EUNAPOLIS,Tipo 7,sc 60 kg,"390,00",390.0,Café Conillon,10
2016-07-15,Café Conillon,EUNAPOLIS,Tipo 7/8,sc 60 kg,"385,00",385.0,Café Conillon,10
2016-07-18,Café Conillon,EUNAPOLIS,Tipo 7,sc 60 kg,"390,00",390.0,Café Conillon,10
2016-07-18,Café Conillon,EUNAPOLIS,Tipo 7/8,sc 60 kg,"385,00",385.0,Café Conillon,10
2016-07-19,Café Conillon,EUNAPOLIS,Tipo 7,sc 60 kg,"390,00",390.0,Café Conillon,10
2016-07-19,Café Conillon,EUNAPOLIS,Tipo 7/8,sc 60 kg,"385,00",385.0,Café Conillon,10
2016-07-20,Café Conillon,EUNAPOLIS,Tipo 7,sc 60 kg,"390,00",390.0,Café Conillon,10
2016-07-20,Café Conillon,EUNAPOLIS,Tipo 7/8,sc 60 kg,"385,00",385.0,Café Conillon,10
2016-07-21,Café Conillon,EUNAPOLIS,Tipo 7,sc 60 kg,"390,00",390.0,Café Conillon,10
2016-07-21,Café Conillon,EUNAPOLIS,Tipo 7/8,sc 60 kg,"385,00",385.0,Café Conillon,10
2016-07-22,Café Conillon,EUNAPOLIS,Tipo 7,sc 60 kg,"390,00",390.0,Café Conillon,10
2016-07-22,Café Conillon,EUNAPOLIS,Tipo 7/8,sc 60 kg,"385,00",385.0,Café Conillon,10
2016-07-25,Café Conillon,EUNAPOLIS,Tipo 7,sc 60 kg,"390,00",390.0,Café Conillon,10
2016-07-25,Café Conillon,EUNAPOLIS,Tipo 7/8,sc 60 kg,"385,00",385.0,Café Conillon,10
2016-07-26,Café Conillon,EUNAPOLIS,Tipo 7,sc 60 kg,"390,00",390.0,Café Conillon,10
2016-07-26,Café Conillon,EUNAPOLIS,Tipo 7/8,sc 60 kg,"385,00",385.0,Café Conillon,10
2016-07-27,Café Conillon,EUNAPOLIS,Tipo 7,sc 60 kg,"390,00",390.0,Café Conillon,10
2016-07-27,Café Conillon,EUNAPOLIS,Tipo 7/8,sc 60 kg,"385,00",385.0,Café Conillon,10
2016-07-28,Café Conillon,EUNAPOLIS,Tipo 7,sc 60 kg,"390,00",390.0,Café Conillon,10
2016-07-28,Café Conillon,EUNAPOLIS,Tipo 7/8,sc 60 kg,"385,00",385.0,Café Conillon,10
2016-07-29,Café Conillon,EUNAPOLIS,Tipo 7,sc 60 kg,"390,00",390.0,Café Conillon,10
2016-07-29,Café Conillon,EUNAPOLIS,Tipo 7/8,sc 60 kg,"385,00",385.0,Café Conillon,10
2016-08-01,Café Conillon,EUNAPOLIS,Tipo 7,sc 60 kg,"390,00",390.0,Café Conillon,10
2016-08-01,Café Conillon,EUNAPOLIS,Tipo 7/8,sc 60 kg,"385,00",385.0,Café Conillon,10
2016-08-02,Café Conillon,EUNAPOLIS,Tipo 7,sc 60 kg,"390,00",390.0,Café Conillon,10
2016-08-02,Café Conillon,EUNAPOLIS,Tipo 7/8,sc 60 kg,"385,00",385.0,Café Conillon,10
2016-08-03,Café Conillon,EUNAPOLIS,Tipo 7,sc 60 kg,"390,00",390.0,Café Conillon,10
2016-08-03,Café Conillon,EUNAPOLIS,Tipo 7/8,sc 60 kg,"385,00",385.0,Café Conillon,10
2016-08-04,Café Conillon,EUNAPOLIS,Tipo 7,sc 60 kg,"410,00",410.0,Café Conillon,10
2016-08-04,Café Conillon,EUNAPOLIS,Tipo 7/8,sc 60 kg,"405,00",405.0,Café Conillon,10
2016-08-05,Café Conillon,EUNAPOLIS,Tipo 7,sc 60 kg,"410,00",410.0,Café Conillon,10
2016-08-05,Café Conillon,EUNAPOLIS,Tipo 7/8,sc 60 kg,"400,00",400.0,Café Conillon,10
2016-08-08,Café Conillon,EUNAPOLIS,Tipo 7,sc 60 kg,"410,00",410.0,Café Conillon,10
2016-08-08,Café Conillon,EUNAPOLIS,Tipo 7/8,sc 60 kg,"405,00",405.0,Café Conillon,10
2016-08-09,Café Conillon,EUNAPOLIS,Tipo 7,sc 60 kg,"410,00",410.0,Café Conillon,10
2016-08-09,Café Conillon,EUNAPOLIS,Tipo 7/8,sc 60 kg,"405,00",405.0,Café Conillon,10
2016-08-10,Café Conillon,EUNAPOLIS,Tipo 7,sc 60 kg,"410,00",410.0,Café Conillon,10
2016-08-10,Café Conillon,EUNAPOLIS,Tipo 7/8,sc 60 kg,"405,00",405.0,Café Conillon,10
2016-08-11,Café Conillon,EUNAPOLIS,Tipo 7,sc 60 kg,"410,00",410.0,Café Conillon,10
2016-08-11,Café Conillon,EUNAPOLIS,Tipo 7/8,sc 60 kg,"405,00",405.0,Café Conillon,10
2016-08-12,Café Conillon,EUNAPOLIS,Tipo 7,sc 60 kg,"410,00",410.0,Café Conillon,10
2016-08-12,Café Conillon,EUNAPOLIS,Tipo 7/8,sc 60 kg,"405,00",405.0,Café Conillon,10
2016-08-15,Café Conillon,EUNAPOLIS,Tipo 7,sc 60 kg,"410,00",410.0,Café Conillon,10
2016-08-15,Café Conillon,EUNAPOLIS,Tipo 7/8,sc 60 kg,"405,00",405.0,Café Conillon,10
2016-08-16,Café Conillon,EUNAPOLIS,Tipo 7,sc 60 kg,"410,00",410.0,Café Conillon,10
2016-08-16,Café Conillon,EUNAPOLIS,Tipo 7/8,sc 60 kg,"405,00",405.0,Café Conillon,10
2016-08-17,Café Conillon,EUNAPOLIS,Tipo 7,sc 60 kg,"410,00",410.0,Café Conillon,10
2016-08-17,Café Conillon,EUNAPOLIS,Tipo 7/8,sc 60 kg,"405,00",405.0,Café Conillon,10
2016-08-18,Café Conillon,EUNAPOLIS,Tipo 7,sc 60 kg,"410,00",410.0,Café Conillon,10
2016-08-18,Café Conillon,EUNAPOLIS,Tipo 7/8,sc 60 kg,"405,00",405.0,Café Conillon,10
2016-08-19,Café Conillon,EUNAPOLIS,Tipo 7,sc 60 kg,"410,00",410.0,Café Conillon,10
2016-08-19,Café Conillon,EUNAPOLIS,Tipo 7/8,sc 60 kg,"405,00",405.0,Café Conillon,10
2016-08-22,Café Conillon,EUNAPOLIS,Tipo 7,sc 60 kg,"410,00",410.0,Café Conillon,10
2016-08-22,Café Conillon,EUNAPOLIS,Tipo 7/8,sc 60 kg,"405,00",405.0,Café Conillon,10
2016-08-23,Café Conillon,EUNAPOLIS,Tipo 7,sc 60 kg,"410,00",410.0,Café Conillon,10
2016-08-23,Café Conillon,EUNAPOLIS,Tipo 7/8,sc 60 kg,"405,00",405.0,Café Conillon,10
2016-08-24,Café Conillon,EUNAPOLIS,Tipo 7,sc 60 kg,"410,00",410.0,Café Conillon,10
2016-08-24,Café Conillon,EUNAPOLIS,Tipo 7/8,sc 60 kg,"405,00",405.0,Café Conillon,10
2016-08-25,Café Conillon,EUNAPOLIS,Tipo 7,sc 60 kg,"410,00",410.0,Café Conillon,10
2016-08-25,Café Conillon,EUNAPOLIS,Tipo 7/8,sc 60 kg,"405,00",405.0,Café Conillon,10
2016-08-26,Café Conillon,EUNAPOLIS,Tipo 7,sc 60 kg,"410,00",410.0,Café Conillon,10
2016-08-26,Café Conillon,EUNAPOLIS,Tipo 7/8,sc 60 kg,"405,00",405.0,Café Conillon,10
2016-08-29,Café Conillon,EUNAPOLIS,Tipo 7,sc 60 kg,"410,00",410.0,Café Conillon,10
2016-08-29,Café Conillon,EUNAPOLIS,Tipo 7/8,sc 60 kg,"405,00",405.0,Café Conillon,10
2016-08-30,Café Conillon,EUNAPOLIS,Tipo 7,sc 60 kg,"410,00",410.0,Café Conillon,10
2016-08-30,Café Conillon,EUNAPOLIS,Tipo 7/8,sc 60 kg,"405,00",405.0,Café Conillon,10
2016-08-31,Café Conillon,EUNAPOLIS,Tipo 7,sc 60 kg,"410,00",410.0,Café Conillon,10
2016-08-31,Café Conillon,EUNAPOLIS,Tipo 7/8,sc 60 kg,"405,00",405.0,Café Conillon,10
2016-09-01,Café Conillon,EUNAPOLIS,Tipo 7,sc 60 kg,"410,00",410.0,Café Conillon,10
2016-09-01,Café Conillon,EUNAPOLIS,Tipo 7/8,sc 60 kg,"405,00",405.0,Café Conillon,10
2016-09-02,Café Conillon,EUNAPOLIS,Tipo 7,sc 60 kg,"410,00",410.0,Café Conillon,10
2016-09-02,Café Conillon,EUNAPOLIS,Tipo 7/8,sc 60 kg,"405,00",405.0,Café Conillon,10
2016-09-05,Café Conillon,EUNAPOLIS,Tipo 7,sc 60 kg,"410,00",410.0,Café Conillon,10
2016-09-05,Café Conillon,EUNAPOLIS,Tipo 7/8,sc 60 kg,"405,00",405.0,Café Conillon,10
2016-09-06,Café Conillon,EUNAPOLIS,Tipo 7,sc 60 kg,"410,00",410.0,Café Conillon,10
2016-09-06,Café Conillon,EUNAPOLIS,Tipo 7/8,sc 60 kg,"405,00",405.0,Café Conillon,10
2016-09-08,Café Conillon,EUNAPOLIS,Tipo 7,sc 60 kg,"410,00",410.0,Café Conillon,10
2016-09-08,Café Conillon,EUNAPOLIS,Tipo 7/8,sc 60 kg,"405,00",405.0,Café Conillon,10
2016-09-09,Café Conillon,EUNAPOLIS,Tipo 7,sc 60 kg,"410,00",410.0,Café Conillon,10
2016-09-09,Café Conillon,EUNAPOLIS,Tipo 7/8,sc 60 kg,"405,00",405.0,Café Conillon,10
2016-09-12,Café Conillon,EUNAPOLIS,Tipo 7,sc 60 kg,"410,00",410.0,Café Conillon,10
2016-09-12,Café Conillon,EUNAPOLIS,Tipo 7/8,sc 60 kg,"405,00",405.0,Café Conillon,10
2016-09-13,Café Conillon,EUNAPOLIS,Tipo 7,sc 60 kg,"410,00",410.0,Café Conillon,10
2016-09-13,Café Conillon,EUNAPOLIS,Tipo 7/8,sc 60 kg,"405,00",405.0,Café Conillon,10
2016-09-14,Café Conillon,EUNAPOLIS,Tipo 7,sc 60 kg,"410,00",410.0,Café Conillon,10
2016-09-14,Café Conillon,EUNAPOLIS,Tipo 7/8,sc 60 kg,"405,00",405.0,Café Conillon,10
2016-09-15,Café Conillon,EUNAPOLIS,Tipo 7,sc 60 kg,"410,00",410.0,Café Conillon,10
2016-09-15,Café Conillon,EUNAPOLIS,Tipo 7/8,sc 60 kg,"405,00",405.0,Café Conillon,10
2016-09-16,Café Conillon,EUNAPOLIS,Tipo 7,sc 60 kg,"410,00",410.0,Café Conillon,10
2016-09-16,Café Conillon,EUNAPOLIS,Tipo 7/8,sc 60 kg,"405,00",405.0,Café Conillon,10
2016-09-19,Café Conillon,EUNAPOLIS,Tipo 7,sc 60 kg,"420,00",420.0,Café Conillon,10
2016-09-19,Café Conillon,EUNAPOLIS,Tipo 7/8,sc 60 kg,"415,00",415.0,Café Conillon,10
2016-09-20,Café Conillon,EUNAPOLIS,Tipo 7,sc 60 kg,"420,00",420.0,Café Conillon,10
2016-09-20,Café Conillon,EUNAPOLIS,Tipo 7/8,sc 60 kg,"415,00",415.0,Café Conillon,10
2016-09-21,Café Conillon,EUNAPOLIS,Tipo 7,sc 60 kg,"420,00",420.0,Café Conillon,10
2016-09-21,Café Conillon,EUNAPOLIS,Tipo 7/8,sc 60 kg,"415,00",415.0,Café Conillon,10
2016-09-22,Café Conillon,EUNAPOLIS,Tipo 7,sc 60 kg,"420,00",420.0,Café Conillon,10
2016-09-22,Café Conillon,EUNAPOLIS,Tipo 7/8,sc 60 kg,"415,00",415.0,Café Conillon,10
2016-09-23,Café Conillon,EUNAPOLIS,Tipo 7,sc 60 kg,"420,00",420.0,Café Conillon,10
2016-09-23,Café Conillon,EUNAPOLIS,Tipo 7/8,sc 60 kg,"415,00",415.0,Café Conillon,10
2016-09-26,Café Conillon,EUNAPOLIS,Tipo 7,sc 60 kg,"420,00",420.0,Café Conillon,10
2016-09-26,Café Conillon,EUNAPOLIS,Tipo 7/8,sc 60 kg,"415,00",415.0,Café Conillon,10
2016-09-27,Café Conillon,EUNAPOLIS,Tipo 7,sc 60 kg,"420,00",420.0,Café Conillon,10
2016-09-27,Café Conillon,EUNAPOLIS,Tipo 7/8,sc 60 kg,"415,00",415.0,Café Conillon,10
2016-09-28,Café Conillon,EUNAPOLIS,Tipo 7,sc 60 kg,"420,00",420.0,Café Conillon,10
2016-09-28,Café Conillon,EUNAPOLIS,Tipo 7/8,sc 60 kg,"415,00",415.0,Café Conillon,10
2016-09-29,Café Conillon,EUNAPOLIS,Tipo 7,sc 60 kg,"420,00",420.0,Café Conillon,10
2016-09-29,Café Conillon,EUNAPOLIS,Tipo 7/8,sc 60 kg,"415,00",415.0,Café Conillon,10
2016-09-30,Café Conillon,EUNAPOLIS,Tipo 7,sc 60 kg,"420,00",420.0,Café Conillon,10
2016-09-30,Café Conillon,EUNAPOLIS,Tipo 7/8,sc 60 kg,"415,00",415.0,Café Conillon,10
2016-10-03,Café Conillon,EUNAPOLIS,Tipo 7,sc 60 kg,"420,00",420.0,Café Conillon,10
2016-10-03,Café Conillon,EUNAPOLIS,Tipo 7/8,sc 60 kg,"415,00",415.0,Café Conillon,10
2016-10-04,Café Conillon,EUNAPOLIS,Tipo 7,sc 60 kg,"440,00",440.0,Café Conillon,10
2016-10-04,Café Conillon,EUNAPOLIS,Tipo 7/8,sc 60 kg,"435,00",435.0,Café Conillon,10
2016-10-05,Café Conillon,EUNAPOLIS,Tipo 7,sc 60 kg,"440,00",440.0,Café Conillon,10
2016-10-05,Café Conillon,EUNAPOLIS,Tipo 7/8,sc 60 kg,"435,00",435.0,Café Conillon,10
2016-10-06,Café Conillon,EUNAPOLIS,Tipo 7,sc 60 kg,"440,00",440.0,Café Conillon,10
2016-10-06,Café Conillon,EUNAPOLIS,Tipo 7/8,sc 60 kg,"435,00",435.0,Café Conillon,10
2016-10-07,Café Conillon,EUNAPOLIS,Tipo 7,sc 60 kg,"440,00",440.0,Café Conillon,10
2016-10-07,Café Conillon,EUNAPOLIS,Tipo 7/8,sc 60 kg,"435,00",435.0,Café Conillon,10
2016-10-10,Café Conillon,EUNAPOLIS,Tipo 7,sc 60 kg,"440,00",440.0,Café Conillon,10
2016-10-10,Café Conillon,EUNAPOLIS,Tipo 7/8,sc 60 kg,"435,00",435.0,Café Conillon,10
2016-10-11,Café Conillon,EUNAPOLIS,Tipo 7,sc 60 kg,"455,00",455.0,Café Conillon,10
2016-10-11,Café Conillon,EUNAPOLIS,Tipo 7/8,sc 60 kg,"450,00",450.0,Café Conillon,10
2016-10-13,Café Conillon,EUNAPOLIS,Tipo 7,sc 60 kg,"455,00",455.0,Café Conillon,10
2016-10-13,Café Conillon,EUNAPOLIS,Tipo 7/8,sc 60 kg,"450,00",450.0,Café Conillon,10
2016-10-14,Café Conillon,EUNAPOLIS,Tipo 7,sc 60 kg,"455,00",455.0,Café Conillon,10
2016-10-14,Café Conillon,EUNAPOLIS,Tipo 7/8,sc 60 kg,"450,00",450.0,Café Conillon,10
2016-10-17,Café Conillon,EUNAPOLIS,Tipo 7,sc 60 kg,"455,00",455.0,Café Conillon,10
2016-10-17,Café Conillon,EUNAPOLIS,Tipo 7/8,sc 60 kg,"450,00",450.0,Café Conillon,10
2016-10-18,Café Conillon,EUNAPOLIS,Tipo 7,sc 60 kg,"480,00",480.0,Café Conillon,10
2016-10-18,Café Conillon,EUNAPOLIS,Tipo 7/8,sc 60 kg,"475,00",475.0,Café Conillon,10
2016-10-19,Café Conillon,EUNAPOLIS,Tipo 7,sc 60 kg,"480,00",480.0,Café Conillon,10
2016-10-19,Café Conillon,EUNAPOLIS,Tipo 7/8,sc 60 kg,"475,00",475.0,Café Conillon,10
2016-10-20,Café Conillon,EUNAPOLIS,Tipo 7,sc 60 kg,"480,00",480.0,Café Conillon,10
2016-10-20,Café Conillon,EUNAPOLIS,Tipo 7/8,sc 60 kg,"475,00",475.0,Café Conillon,10
2016-10-21,Café Conillon,EUNAPOLIS,Tipo 7,sc 60 kg,"480,00",480.0,Café Conillon,10
2016-10-21,Café Conillon,EUNAPOLIS,Tipo 7/8,sc 60 kg,"475,00",475.0,Café Conillon,10
2016-10-24,Café Conillon,EUNAPOLIS,Tipo 7,sc 60 kg,"500,00",500.0,Café Conillon,10
2016-10-24,Café Conillon,EUNAPOLIS,Tipo 7/8,sc 60 kg,"495,00",495.0,Café Conillon,10
2016-10-25,Café Conillon,EUNAPOLIS,Tipo 7,sc 60 kg,"500,00",500.0,Café Conillon,10
2016-10-25,Café Conillon,EUNAPOLIS,Tipo 7/8,sc 60 kg,"495,00",495.0,Café Conillon,10
2016-10-26,Café Conillon,EUNAPOLIS,Tipo 7,sc 60 kg,"500,00",500.0,Café Conillon,10
2016-10-26,Café Conillon,EUNAPOLIS,Tipo 7/8,sc 60 kg,"495,00",495.0,Café Conillon,10
2016-10-27,Café Conillon,EUNAPOLIS,Tipo 7,sc 60 kg,"500,00",500.0,Café Conillon,10
2016-10-27,Café Conillon,EUNAPOLIS,Tipo 7/8,sc 60 kg,"495,00",495.0,Café Conillon,10
2016-10-31,Café Conillon,EUNAPOLIS,Tipo 7,sc 60 kg,"500,00",500.0,Café Conillon,10
2016-10-31,Café Conillon,EUNAPOLIS,Tipo 7/8,sc 60 kg,"495,00",495.0,Café Conillon,10
2016-11-01,Café Conillon,EUNAPOLIS,Tipo 7,sc 60 kg,"500,00",500.0,Café Conillon,10
2016-11-01,Café Conillon,EUNAPOLIS,Tipo 7/8,sc 60 kg,"495,00",495.0,Café Conillon,10
2016-11-03,Café Conillon,EUNAPOLIS,Tipo 7,sc 60 kg,"500,00",500.0,Café Conillon,10
2016-11-03,Café Conillon,EUNAPOLIS,Tipo 7/8,sc 60 kg,"495,00",495.0,Café Conillon,10
2016-11-04,Café Conillon,EUNAPOLIS,Tipo 7,sc 60 kg,"500,00",500.0,Café Conillon,10
2016-11-04,Café Conillon,EUNAPOLIS,Tipo 7/8,sc 60 kg,"495,00",495.0,Café Conillon,10
2016-11-07,Café Conillon,EUNAPOLIS,Tipo 7,sc 60 kg,"520,00",520.0,Café Conillon,10
2016-11-07,Café Conillon,EUNAPOLIS,Tipo 7/8,sc 60 kg,"515,00",515.0,Café Conillon,10
2016-11-08,Café Conillon,EUNAPOLIS,Tipo 7,sc 60 kg,"520,00",520.0,Café Conillon,10
2016-11-08,Café Conillon,EUNAPOLIS,Tipo 7/8,sc 60 kg,"515,00",515.0,Café Conillon,10
2016-11-09,Café Conillon,EUNAPOLIS,Tipo 7,sc 60 kg,"520,00",520.0,Café Conillon,10
2016-11-09,Café Conillon,EUNAPOLIS,Tipo 7/8,sc 60 kg,"515,00",515.0,Café Conillon,10
2016-11-10,Café Conillon,EUNAPOLIS,Tipo 7,sc 60 kg,"520,00",520.0,Café Conillon,10
2016-11-10,Café Conillon,EUNAPOLIS,Tipo 7/8,sc 60 kg,"515,00",515.0,Café Conillon,10
2016-11-11,Café Conillon,EUNAPOLIS,Tipo 7,sc 60 kg,"520,00",520.0,Café Conillon,10
2016-11-11,Café Conillon,EUNAPOLIS,Tipo 7/8,sc 60 kg,"515,00",515.0,Café Conillon,10
2016-11-16,Café Conillon,EUNAPOLIS,Tipo 7,sc 60 kg,"530,00",530.0,Café Conillon,10
2016-11-16,Café Conillon,EUNAPOLIS,Tipo 7/8,sc 60 kg,"525,00",525.0,Café Conillon,10
2016-11-17,Café Conillon,EUNAPOLIS,Tipo 7,sc 60 kg,"530,00",530.0,Café Conillon,10
2016-11-17,Café Conillon,EUNAPOLIS,Tipo 7/8,sc 60 kg,"525,00",525.0,Café Conillon,10
2016-11-18,Café Conillon,EUNAPOLIS,Tipo 7,sc 60 kg,"530,00",530.0,Café Conillon,10
2016-11-18,Café Conillon,EUNAPOLIS,Tipo 7/8,sc 60 kg,"525,00",525.0,Café Conillon,10
2016-11-21,Café Conillon,EUNAPOLIS,Tipo 7,sc 60 kg,"530,00",530.0,Café Conillon,10
2016-11-21,Café Conillon,EUNAPOLIS,Tipo 7/8,sc 60 kg,"525,00",525.0,Café Conillon,10
2016-11-22,Café Conillon,EUNAPOLIS,Tipo 7,sc 60 kg,"530,00",530.0,Café Conillon,10
2016-11-22,Café Conillon,EUNAPOLIS,Tipo 7/8,sc 60 kg,"525,00",525.0,Café Conillon,10
2016-11-23,Café Conillon,EUNAPOLIS,Tipo 7,sc 60 kg,"530,00",530.0,Café Conillon,10
2016-11-23,Café Conillon,EUNAPOLIS,Tipo 7/8,sc 60 kg,"525,00",525.0,Café Conillon,10
2016-11-24,Café Conillon,EUNAPOLIS,Tipo 7,sc 60 kg,"530,00",530.0,Café Conillon,10
2016-11-24,Café Conillon,EUNAPOLIS,Tipo 7/8,sc 60 kg,"525,00",525.0,Café Conillon,10
2016-11-28,Café Conillon,EUNAPOLIS,Tipo 7,sc 60 kg,"450,00",450.0,Café Conillon,10
2016-11-28,Café Conillon,EUNAPOLIS,Tipo 7/8,sc 60 kg,"445,00",445.0,Café Conillon,10
2016-11-29,Café Conillon,EUNAPOLIS,Tipo 7,sc 60 kg,"450,00",450.0,Café Conillon,10
2016-11-29,Café Conillon,EUNAPOLIS,Tipo 7/8,sc 60 kg,"445,00",445.0,Café Conillon,10
2016-11-30,Café Conillon,EUNAPOLIS,Tipo 7,sc 60 kg,"455,00",455.0,Café Conillon,10
2016-11-30,Café Conillon,EUNAPOLIS,Tipo 7/8,sc 60 kg,"450,00",450.0,Café Conillon,10
2016-12-01,Café Conillon,EUNAPOLIS,Tipo 7,sc 60 kg,"455,00",455.0,Café Conillon,10
2016-12-01,Café Conillon,EUNAPOLIS,Tipo 7/8,sc 60 kg,"450,00",450.0,Café Conillon,10
2016-12-02,Café Conillon,EUNAPOLIS,Tipo 7,sc 60 kg,"455,00",455.0,Café Conillon,10
2016-12-02,Café Conillon,EUNAPOLIS,Tipo 7/8,sc 60 kg,"450,00",450.0,Café Conillon,10
2016-12-05,Café Conillon,EUNAPOLIS,Tipo 7,sc 60 kg,"455,00",455.0,Café Conillon,10
2016-12-05,Café Conillon,EUNAPOLIS,Tipo 7/8,sc 60 kg,"450,00",450.0,Café Conillon,10
2016-12-06,Café Conillon,EUNAPOLIS,Tipo 7,sc 60 kg,"455,00",455.0,Café Conillon,10
2016-12-06,Café Conillon,EUNAPOLIS,Tipo 7/8,sc 60 kg,"450,00",450.0,Café Conillon,10
2016-12-07,Café Conillon,EUNAPOLIS,Tipo 7,sc 60 kg,"460,00",460.0,Café Conillon,10
2016-12-07,Café Conillon,EUNAPOLIS,Tipo 7/8,sc 60 kg,"455,00",455.0,Café Conillon,10
2016-12-12,Café Conillon,EUNAPOLIS,Tipo 7,sc 60 kg,"467,00",467.0,Café Conillon,10
2016-12-12,Café Conillon,EUNAPOLIS,Tipo 7/8,sc 60 kg,"460,00",460.0,Café Conillon,10
2016-12-13,Café Conillon,EUNAPOLIS,Tipo 7,sc 60 kg,"470,00",470.0,Café Conillon,10
2016-12-13,Café Conillon,EUNAPOLIS,Tipo 7/8,sc 60 kg,"465,00",465.0,Café Conillon,10
2016-12-14,Café Conillon,EUNAPOLIS,Tipo 7,sc 60 kg,"465,00",465.0,Café Conillon,10
2016-12-14,Café Conillon,EUNAPOLIS,Tipo 7/8,sc 60 kg,"460,00",460.0,Café Conillon,10
2016-12-15,Café Conillon,EUNAPOLIS,Tipo 7,sc 60 kg,"465,00",465.0,Café Conillon,10
2016-12-15,Café Conillon,EUNAPOLIS,Tipo 7/8,sc 60 kg,"460,00",460.0,Café Conillon,10
2016-12-16,Café Conillon,EUNAPOLIS,Tipo 7,sc 60 kg,"465,00",465.0,Café Conillon,10
2016-12-16,Café Conillon,EUNAPOLIS,Tipo 7/8,sc 60 kg,"460,00",460.0,Café Conillon,10
2016-12-19,Café Conillon,EUNAPOLIS,Tipo 7,sc 60 kg,"465,00",465.0,Café Conillon,10
2016-12-19,Café Conillon,EUNAPOLIS,Tipo 7/8,sc 60 kg,"460,00",460.0,Café Conillon,10
2016-12-20,Café Conillon,EUNAPOLIS,Tipo 7,sc 60 kg,"465,00",465.0,Café Conillon,10
2016-12-20,Café Conillon,EUNAPOLIS,Tipo 7/8,sc 60 kg,"460,00",460.0,Café Conillon,10
2016-12-21,Café Conillon,EUNAPOLIS,Tipo 7,sc 60 kg,"465,00",465.0,Café Conillon,10
2016-12-21,Café Conillon,EUNAPOLIS,Tipo 7/8,sc 60 kg,"460,00",460.0,Café Conillon,10
2016-12-22,Café Conillon,EUNAPOLIS,Tipo 7,sc 60 kg,"465,00",465.0,Café Conillon,10
2016-12-22,Café Conillon,EUNAPOLIS,Tipo 7/8,sc 60 kg,"460,00",460.0,Café Conillon,10
2016-12-23,Café Conillon,EUNAPOLIS,Tipo 7,sc 60 kg,"465,00",465.0,Café Conillon,10
2016-12-23,Café Conillon,EUNAPOLIS,Tipo 7/8,sc 60 kg,"460,00",460.0,Café Conillon,10
2016-12-26,Café Conillon,EUNAPOLIS,Tipo 7,sc 60 kg,"465,00",465.0,Café Conillon,10
2016-12-26,Café Conillon,EUNAPOLIS,Tipo 7/8,sc 60 kg,"460,00",460.0,Café Conillon,10
2016-12-27,Café Conillon,EUNAPOLIS,Tipo 7,sc 60 kg,"465,00",465.0,Café Conillon,10
2016-12-27,Café Conillon,EUNAPOLIS,Tipo 7/8,sc 60 kg,"460,00",460.0,Café Conillon,10
2016-12-28,Café Conillon,EUNAPOLIS,Tipo 7,sc 60 kg,"465,00",465.0,Café Conillon,10
2016-12-28,Café Conillon,EUNAPOLIS,Tipo 7/8,sc 60 kg,"460,00",460.0,Café Conillon,10
2016-12-29,Café Conillon,EUNAPOLIS,Tipo 7,sc 60 kg,"465,00",465.0,Café Conillon,10
2016-12-29,Café Conillon,EUNAPOLIS,Tipo 7/8,sc 60 kg,"460,00",460.0,Café Conillon,10
2016-12-30,Café Conillon,EUNAPOLIS,Tipo 7,sc 60 kg,"465,00",465.0,Café Conillon,10
2016-12-30,Café Conillon,EUNAPOLIS,Tipo 7/8,sc 60 kg,"460,00",460.0,Café Conillon,10
2017-01-02,Café Conillon,EUNAPOLIS,Tipo 7,sc 60 kg,"470,00",470.0,Café Conillon,10
2017-01-02,Café Conillon,EUNAPOLIS,Tipo 7/8,sc 60 kg,"465,00",465.0,Café Conillon,10
2017-01-03,Café Conillon,EUNAPOLIS,Tipo 7,sc 60 kg,"470,00",470.0,Café Conillon,10
2017-01-03,Café Conillon,EUNAPOLIS,Tipo 7/8,sc 60 kg,"465,00",465.0,Café Conillon,10
2017-01-04,Café Conillon,EUNAPOLIS,Tipo 7,sc 60 kg,"470,00",470.0,Café Conillon,10
2017-01-04,Café Conillon,EUNAPOLIS,Tipo 7/8,sc 60 kg,"465,00",465.0,Café Conillon,10
2017-01-05,Café Conillon,EUNAPOLIS,Tipo 7,sc 60 kg,"475,00",475.0,Café Conillon,10
2017-01-05,Café Conillon,EUNAPOLIS,Tipo 7/8,sc 60 kg,"470,00",470.0,Café Conillon,10
2017-01-06,Café Conillon,EUNAPOLIS,Tipo 7,sc 60 kg,"475,00",475.0,Café Conillon,10
2017-01-06,Café Conillon,EUNAPOLIS,Tipo 7/8,sc 60 kg,"470,00",470.0,Café Conillon,10
2017-01-09,Café Conillon,EUNAPOLIS,Tipo 7,sc 60 kg,"480,00",480.0,Café Conillon,10
2017-01-09,Café Conillon,EUNAPOLIS,Tipo 7/8,sc 60 kg,"475,00",475.0,Café Conillon,10
2017-01-10,Café Conillon,EUNAPOLIS,Tipo 7,sc 60 kg,"480,00",480.0,Café Conillon,10
2017-01-10,Café Conillon,EUNAPOLIS,Tipo 7/8,sc 60 kg,"475,00",475.0,Café Conillon,10
2017-01-11,Café Conillon,EUNAPOLIS,Tipo 7,sc 60 kg,"480,00",480.0,Café Conillon,10
2017-01-11,Café Conillon,EUNAPOLIS,Tipo 7/8,sc 60 kg,"475,00",475.0,Café Conillon,10
2017-01-12,Café Conillon,EUNAPOLIS,Tipo 7,sc 60 kg,"480,00",480.0,Café Conillon,10
2017-01-12,Café Conillon,EUNAPOLIS,Tipo 7/8,sc 60 kg,"475,00",475.0,Café Conillon,10
2017-01-13,Café Conillon,EUNAPOLIS,Tipo 7,sc 60 kg,"480,00",480.0,Café Conillon,10
2017-01-13,Café Conillon,EUNAPOLIS,Tipo 7/8,sc 60 kg,"475,00",475.0,Café Conillon,10
2017-01-16,Café Conillon,EUNAPOLIS,Tipo 7,sc 60 kg,"480,00",480.0,Café Conillon,10
2017-01-16,Café Conillon,EUNAPOLIS,Tipo 7/8,sc 60 kg,"475,00",475.0,Café Conillon,10
2017-01-17,Café Conillon,EUNAPOLIS,Tipo 7,sc 60 kg,"485,00",485.0,Café Conillon,10
2017-01-17,Café Conillon,EUNAPOLIS,Tipo 7/8,sc 60 kg,"480,00",480.0,Café Conillon,10
2017-01-18,Café Conillon,EUNAPOLIS,Tipo 7,sc 60 kg,"485,00",485.0,Café Conillon,10
2017-01-18,Café Conillon,EUNAPOLIS,Tipo 7/8,sc 60 kg,"480,00",480.0,Café Conillon,10
2017-01-19,Café Conillon,EUNAPOLIS,Tipo 7,sc 60 kg,"485,00",485.0,Café Conillon,10
2017-01-19,Café Conillon,EUNAPOLIS,Tipo 7/8,sc 60 kg,"480,00",480.0,Café Conillon,10
2017-01-20,Café Conillon,EUNAPOLIS,Tipo 7,sc 60 kg,"485,00",485.0,Café Conillon,10
2017-01-20,Café Conillon,EUNAPOLIS,Tipo 7/8,sc 60 kg,"480,00",480.0,Café Conillon,10
2017-01-23,Café Conillon,EUNAPOLIS,Tipo 7,sc 60 kg,"485,00",485.0,Café Conillon,10
2017-01-23,Café Conillon,EUNAPOLIS,Tipo 7/8,sc 60 kg,"480,00",480.0,Café Conillon,10
2017-01-24,Café Conillon,EUNAPOLIS,Tipo 7,sc 60 kg,"460,00",460.0,Café Conillon,10
2017-01-24,Café Conillon,EUNAPOLIS,Tipo 7/8,sc 60 kg,"480,00",480.0,Café Conillon,10
2017-01-25,Café Conillon,EUNAPOLIS,Tipo 7,sc 60 kg,"460,00",460.0,Café Conillon,10
2017-01-25,Café Conillon,EUNAPOLIS,Tipo 7/8,sc 60 kg,"455,00",455.0,Café Conillon,10
2017-01-26,Café Conillon,EUNAPOLIS,Tipo 7,sc 60 kg,"460,00",460.0,Café Conillon,10
2017-01-26,Café Conillon,EUNAPOLIS,Tipo 7/8,sc 60 kg,"455,00",455.0,Café Conillon,10
2017-01-27,Café Conillon,EUNAPOLIS,Tipo 7,sc 60 kg,"460,00",460.0,Café Conillon,10
2017-01-27,Café Conillon,EUNAPOLIS,Tipo 7/8,sc 60 kg,"455,00",455.0,Café Conillon,10
2017-01-30,Café Conillon,EUNAPOLIS,Tipo 7,sc 60 kg,"460,00",460.0,Café Conillon,10
2017-01-30,Café Conillon,EUNAPOLIS,Tipo 7/8,sc 60 kg,"455,00",455.0,Café Conillon,10
2017-02-01,Café Conillon,EUNAPOLIS,Tipo 7,sc 60 kg,"460,00",460.0,Café Conillon,10
2017-02-01,Café Conillon,EUNAPOLIS,Tipo 7/8,sc 60 kg,"455,00",455.0,Café Conillon,10
2017-02-02,Café Conillon,EUNAPOLIS,Tipo 7,sc 60 kg,"460,00",460.0,Café Conillon,10
2017-02-02,Café Conillon,EUNAPOLIS,Tipo 7/8,sc 60 kg,"455,00",455.0,Café Conillon,10
2017-02-03,Café Conillon,EUNAPOLIS,Tipo 7,sc 60 kg,"460,00",460.0,Café Conillon,10
2017-02-03,Café Conillon,EUNAPOLIS,Tipo 7/8,sc 60 kg,"455,00",455.0,Café Conillon,10
2017-02-06,Café Conillon,EUNAPOLIS,Tipo 7,sc 60 kg,"460,00",460.0,Café Conillon,10
2017-02-06,Café Conillon,EUNAPOLIS,Tipo 7/8,sc 60 kg,"455,00",455.0,Café Conillon,10
2017-02-07,Café Conillon,EUNAPOLIS,Tipo 7,sc 60 kg,"460,00",460.0,Café Conillon,10
2017-02-07,Café Conillon,EUNAPOLIS,Tipo 7/8,sc 60 kg,"455,00",455.0,Café Conillon,10
2017-02-08,Café Conillon,EUNAPOLIS,Tipo 7,sc 60 kg,"460,00",460.0,Café Conillon,10
2017-02-08,Café Conillon,EUNAPOLIS,Tipo 7/8,sc 60 kg,"455,00",455.0,Café Conillon,10
2017-02-09,Café Conillon,EUNAPOLIS,Tipo 7,sc 60 kg,"460,00",460.0,Café Conillon,10
2017-02-09,Café Conillon,EUNAPOLIS,Tipo 7/8,sc 60 kg,"455,00",455.0,Café Conillon,10
2017-02-10,Café Conillon,EUNAPOLIS,Tipo 7,sc 60 kg,"460,00",460.0,Café Conillon,10
2017-02-10,Café Conillon,EUNAPOLIS,Tipo 7/8,sc 60 kg,"455,00",455.0,Café Conillon,10
2017-02-13,Café Conillon,EUNAPOLIS,Tipo 7,sc 60 kg,"460,00",460.0,Café Conillon,10
2017-02-13,Café Conillon,EUNAPOLIS,Tipo 7/8,sc 60 kg,"455,00",455.0,Café Conillon,10
2017-02-14,Café Conillon,EUNAPOLIS,Tipo 7,sc 60 kg,"460,00",460.0,Café Conillon,10
2017-02-14,Café Conillon,EUNAPOLIS,Tipo 7/8,sc 60 kg,"455,00",455.0,Café Conillon,10
2017-02-15,Café Conillon,EUNAPOLIS,Tipo 7,sc 60 kg,"460,00",460.0,Café Conillon,10
2017-02-15,Café Conillon,EUNAPOLIS,Tipo 7/8,sc 60 kg,"455,00",455.0,Café Conillon,10
2017-02-16,Café Conillon,EUNAPOLIS,Tipo 7,sc 60 kg,"460,00",460.0,Café Conillon,10
2017-02-16,Café Conillon,EUNAPOLIS,Tipo 7/8,sc 60 kg,"455,00",455.0,Café Conillon,10
2017-02-17,Café Conillon,EUNAPOLIS,Tipo 7,sc 60 kg,"460,00",460.0,Café Conillon,10
2017-02-17,Café Conillon,EUNAPOLIS,Tipo 7/8,sc 60 kg,"455,00",455.0,Café Conillon,10
2017-02-20,Café Conillon,EUNAPOLIS,Tipo 7,sc 60 kg,"460,00",460.0,Café Conillon,10
2017-02-20,Café Conillon,EUNAPOLIS,Tipo 7/8,sc 60 kg,"455,00",455.0,Café Conillon,10
2017-02-21,Café Conillon,EUNAPOLIS,Tipo 7,sc 60 kg,"460,00",460.0,Café Conillon,10
2017-02-21,Café Conillon,EUNAPOLIS,Tipo 7/8,sc 60 kg,"455,00",455.0,Café Conillon,10
2017-02-22,Café Conillon,EUNAPOLIS,Tipo 7,sc 60 kg,"460,00",460.0,Café Conillon,10
2017-02-22,Café Conillon,EUNAPOLIS,Tipo 7/8,sc 60 kg,"455,00",455.0,Café Conillon,10
2017-02-23,Café Conillon,EUNAPOLIS,Tipo 7,sc 60 kg,"460,00",460.0,Café Conillon,10
2017-02-23,Café Conillon,EUNAPOLIS,Tipo 7/8,sc 60 kg,"455,00",455.0,Café Conillon,10
2017-03-02,Café Conillon,EUNAPOLIS,Tipo 7,sc 60 kg,"400,00",400.0,Café Conillon,10
2017-03-02,Café Conillon,EUNAPOLIS,Tipo 7/8,sc 60 kg,"395,00",395.0,Café Conillon,10
2017-03-03,Café Conillon,EUNAPOLIS,Tipo 7,sc 60 kg,"400,00",400.0,Café Conillon,10
2017-03-03,Café Conillon,EUNAPOLIS,Tipo 7/8,sc 60 kg,"395,00",395.0,Café Conillon,10
2017-03-06,Café Conillon,EUNAPOLIS,Tipo 7,sc 60 kg,"400,00",400.0,Café Conillon,10
2017-03-06,Café Conillon,EUNAPOLIS,Tipo 7/8,sc 60 kg,"395,00",395.0,Café Conillon,10
2017-03-07,Café Conillon,EUNAPOLIS,Tipo 7,sc 60 kg,"400,00",400.0,Café Conillon,10
2017-03-07,Café Conillon,EUNAPOLIS,Tipo 7/8,sc 60 kg,"395,00",395.0,Café Conillon,10
2017-03-08,Café Conillon,EUNAPOLIS,Tipo 7,sc 60 kg,"400,00",400.0,Café Conillon,10
2017-03-08,Café Conillon,EUNAPOLIS,Tipo 7/8,sc 60 kg,"395,00",395.0,Café Conillon,10
2017-03-09,Café Conillon,EUNAPOLIS,Tipo 7,sc 60 kg,"400,00",400.0,Café Conillon,10
2017-03-09,Café Conillon,EUNAPOLIS,Tipo 7/8,sc 60 kg,"395,00",395.0,Café Conillon,10
2017-03-10,Café Conillon,EUNAPOLIS,Tipo 7,sc 60 kg,"400,00",400.0,Café Conillon,10
2017-03-10,Café Conillon,EUNAPOLIS,Tipo 7/8,sc 60 kg,"395,00",395.0,Café Conillon,10
2017-03-13,Café Conillon,EUNAPOLIS,Tipo 7,sc 60 kg,"400,00",400.0,Café Conillon,10
2017-03-13,Café Conillon,EUNAPOLIS,Tipo 7/8,sc 60 kg,"395,00",395.0,Café Conillon,10
2017-03-14,Café Conillon,EUNAPOLIS,Tipo 7,sc 60 kg,"420,00",420.0,Café Conillon,10
2017-03-14,Café Conillon,EUNAPOLIS,Tipo 7/8,sc 60 kg,"415,00",415.0,Café Conillon,10
2017-03-15,Café Conillon,EUNAPOLIS,Tipo 7,sc 60 kg,"420,00",420.0,Café Conillon,10
2017-03-15,Café Conillon,EUNAPOLIS,Tipo 7/8,sc 60 kg,"415,00",415.0,Café Conillon,10
2017-03-16,Café Conillon,EUNAPOLIS,Tipo 7,sc 60 kg,"420,00",420.0,Café Conillon,10
2017-03-16,Café Conillon,EUNAPOLIS,Tipo 7/8,sc 60 kg,"415,00",415.0,Café Conillon,10
2017-03-17,Café Conillon,EUNAPOLIS,Tipo 7,sc 60 kg,"420,00",420.0,Café Conillon,10
2017-03-17,Café Conillon,EUNAPOLIS,Tipo 7/8,sc 60 kg,"415,00",415.0,Café Conillon,10
2017-03-20,Café Conillon,EUNAPOLIS,Tipo 7,sc 60 kg,"420,00",420.0,Café Conillon,10
2017-03-20,Café Conillon,EUNAPOLIS,Tipo 7/8,sc 60 kg,"415,00",415.0,Café Conillon,10
2017-03-21,Café Conillon,EUNAPOLIS,Tipo 7,sc 60 kg,"420,00",420.0,Café Conillon,10
2017-03-21,Café Conillon,EUNAPOLIS,Tipo 7/8,sc 60 kg,"415,00",415.0,Café Conillon,10
2017-03-22,Café Conillon,EUNAPOLIS,Tipo 7,sc 60 kg,"420,00",420.0,Café Conillon,10
2017-03-22,Café Conillon,EUNAPOLIS,Tipo 7/8,sc 60 kg,"415,00",415.0,Café Conillon,10
2017-03-23,Café Conillon,EUNAPOLIS,Tipo 7,sc 60 kg,"420,00",420.0,Café Conillon,10
2017-03-23,Café Conillon,EUNAPOLIS,Tipo 7/8,sc 60 kg,"415,00",415.0,Café Conillon,10
2017-03-24,Café Conillon,EUNAPOLIS,Tipo 7,sc 60 kg,"420,00",420.0,Café Conillon,10
2017-03-24,Café Conillon,EUNAPOLIS,Tipo 7/8,sc 60 kg,"415,00",415.0,Café Conillon,10
2017-03-27,Café Conillon,EUNAPOLIS,Tipo 7,sc 60 kg,"420,00",420.0,Café Conillon,10
2017-03-27,Café Conillon,EUNAPOLIS,Tipo 7/8,sc 60 kg,"415,00",415.0,Café Conillon,10
2017-03-28,Café Conillon,EUNAPOLIS,Tipo 7,sc 60 kg,"420,00",420.0,Café Conillon,10
2017-03-28,Café Conillon,EUNAPOLIS,Tipo 7/8,sc 60 kg,"415,00",415.0,Café Conillon,10
2017-03-29,Café Conillon,EUNAPOLIS,Tipo 7,sc 60 kg,"420,00",420.0,Café Conillon,10
2017-03-29,Café Conillon,EUNAPOLIS,Tipo 7/8,sc 60 kg,"415,00",415.0,Café Conillon,10
2017-03-30,Café Conillon,EUNAPOLIS,Tipo 7,sc 60 kg,"420,00",420.0,Café Conillon,10
2017-03-30,Café Conillon,EUNAPOLIS,Tipo 7/8,sc 60 kg,"415,00",415.0,Café Conillon,10
2017-03-31,Café Conillon,EUNAPOLIS,Tipo 7,sc 60 kg,"420,00",420.0,Café Conillon,10
2017-03-31,Café Conillon,EUNAPOLIS,Tipo 7/8,sc 60 kg,"415,00",415.0,Café Conillon,10
2017-04-03,Café Conillon,EUNAPOLIS,Tipo 7,sc 60 kg,"420,00",420.0,Café Conillon,10
2017-04-03,Café Conillon,EUNAPOLIS,Tipo 7/8,sc 60 kg,"415,00",415.0,Café Conillon,10
2017-04-04,Café Conillon,EUNAPOLIS,Tipo 7,sc 60 kg,"420,00",420.0,Café Conillon,10
2017-04-04,Café Conillon,EUNAPOLIS,Tipo 7/8,sc 60 kg,"415,00",415.0,Café Conillon,10
2017-04-05,Café Conillon,EUNAPOLIS,Tipo 7,sc 60 kg,"405,00",405.0,Café Conillon,10
2017-04-05,Café Conillon,EUNAPOLIS,Tipo 7/8,sc 60 kg,"400,00",400.0,Café Conillon,10
2017-04-06,Café Conillon,EUNAPOLIS,Tipo 7,sc 60 kg,"405,00",405.0,Café Conillon,10
2017-04-06,Café Conillon,EUNAPOLIS,Tipo 7/8,sc 60 kg,"400,00",400.0,Café Conillon,10
2017-04-07,Café Conillon,EUNAPOLIS,Tipo 7,sc 60 kg,"405,00",405.0,Café Conillon,10
2017-04-07,Café Conillon,EUNAPOLIS,Tipo 7/8,sc 60 kg,"400,00",400.0,Café Conillon,10
2017-04-10,Café Conillon,EUNAPOLIS,Tipo 7,sc 60 kg,"405,00",405.0,Café Conillon,10
2017-04-10,Café Conillon,EUNAPOLIS,Tipo 7/8,sc 60 kg,"400,00",400.0,Café Conillon,10
2017-04-11,Café Conillon,EUNAPOLIS,Tipo 7,sc 60 kg,"405,00",405.0,Café Conillon,10
2017-04-11,Café Conillon,EUNAPOLIS,Tipo 7/8,sc 60 kg,"400,00",400.0,Café Conillon,10
2017-04-12,Café Conillon,EUNAPOLIS,Tipo 7,sc 60 kg,"405,00",405.0,Café Conillon,10
2017-04-12,Café Conillon,EUNAPOLIS,Tipo 7/8,sc 60 kg,"400,00",400.0,Café Conillon,10
2017-04-13,Café Conillon,EUNAPOLIS,Tipo 7,sc 60 kg,"405,00",405.0,Café Conillon,10
2017-04-13,Café Conillon,EUNAPOLIS,Tipo 7/8,sc 60 kg,"400,00",400.0,Café Conillon,10
2017-04-18,Café Conillon,EUNAPOLIS,Tipo 7,sc 60 kg,"405,00",405.0,Café Conillon,10
2017-04-18,Café Conillon,EUNAPOLIS,Tipo 7/8,sc 60 kg,"400,00",400.0,Café Conillon,10
2017-04-19,Café Conillon,EUNAPOLIS,Tipo 7,sc 60 kg,"405,00",405.0,Café Conillon,10
2017-04-19,Café Conillon,EUNAPOLIS,Tipo 7/8,sc 60 kg,"400,00",400.0,Café Conillon,10
2017-04-20,Café Conillon,EUNAPOLIS,Tipo 7,sc 60 kg,"405,00",405.0,Café Conillon,10
2017-04-20,Café Conillon,EUNAPOLIS,Tipo 7/8,sc 60 kg,"400,00",400.0,Café Conillon,10
2017-04-24,Café Conillon,EUNAPOLIS,Tipo 7,sc 60 kg,"405,00",405.0,Café Conillon,10
2017-04-24,Café Conillon,EUNAPOLIS,Tipo 7/8,sc 60 kg,"400,00",400.0,Café Conillon,10
2017-04-25,Café Conillon,EUNAPOLIS,Tipo 7,sc 60 kg,"380,00",380.0,Café Conillon,10
2017-04-25,Café Conillon,EUNAPOLIS,Tipo 7/8,sc 60 kg,"375,00",375.0,Café Conillon,10
2017-04-26,Café Conillon,EUNAPOLIS,Tipo 7,sc 60 kg,"380,00",380.0,Café Conillon,10
2017-04-26,Café Conillon,EUNAPOLIS,Tipo 7/8,sc 60 kg,"375,00",375.0,Café Conillon,10
2017-04-27,Café Conillon,EUNAPOLIS,Tipo 7,sc 60 kg,"380,00",380.0,Café Conillon,10
2017-04-27,Café Conillon,EUNAPOLIS,Tipo 7/8,sc 60 kg,"375,00",375.0,Café Conillon,10
2017-05-02,Café Conillon,EUNAPOLIS,Tipo 7,sc 60 kg,"380,00",380.0,Café Conillon,10
2017-05-02,Café Conillon,EUNAPOLIS,Tipo 7/8,sc 60 kg,"375,00",375.0,Café Conillon,10
2017-05-03,Café Conillon,EUNAPOLIS,Tipo 7,sc 60 kg,"380,00",380.0,Café Conillon,10
2017-05-03,Café Conillon,EUNAPOLIS,Tipo 7/8,sc 60 kg,"375,00",375.0,Café Conillon,10
2017-05-04,Café Conillon,EUNAPOLIS,Tipo 7,sc 60 kg,"380,00",380.0,Café Conillon,10
2017-05-04,Café Conillon,EUNAPOLIS,Tipo 7/8,sc 60 kg,"375,00",375.0,Café Conillon,10
2017-05-05,Café Conillon,EUNAPOLIS,Tipo 7,sc 60 kg,"380,00",380.0,Café Conillon,10
2017-05-05,Café Conillon,EUNAPOLIS,Tipo 7/8,sc 60 kg,"375,00",375.0,Café Conillon,10
2017-05-08,Café Conillon,EUNAPOLIS,Tipo 7,sc 60 kg,"380,00",380.0,Café Conillon,10
2017-05-08,Café Conillon,EUNAPOLIS,Tipo 7/8,sc 60 kg,"375,00",375.0,Café Conillon,10
2017-05-09,Café Conillon,EUNAPOLIS,Tipo 7,sc 60 kg,"380,00",380.0,Café Conillon,10
2017-05-09,Café Conillon,EUNAPOLIS,Tipo 7/8,sc 60 kg,"375,00",375.0,Café Conillon,10
2017-05-10,Café Conillon,EUNAPOLIS,Tipo 7,sc 60 kg,"380,00",380.0,Café Conillon,10
2017-05-10,Café Conillon,EUNAPOLIS,Tipo 7/8,sc 60 kg,"375,00",375.0,Café Conillon,10
2017-05-11,Café Conillon,EUNAPOLIS,Tipo 7,sc 60 kg,"380,00",380.0,Café Conillon,10
2017-05-11,Café Conillon,EUNAPOLIS,Tipo 7/8,sc 60 kg,"375,00",375.0,Café Conillon,10
2017-05-12,Café Conillon,EUNAPOLIS,Tipo 7,sc 60 kg,"380,00",380.0,Café Conillon,10
2017-05-12,Café Conillon,EUNAPOLIS,Tipo 7/8,sc 60 kg,"375,00",375.0,Café Conillon,10
2017-05-15,Café Conillon,EUNAPOLIS,Tipo 7,sc 60 kg,"380,00",380.0,Café Conillon,10
2017-05-15,Café Conillon,EUNAPOLIS,Tipo 7/8,sc 60 kg,"375,00",375.0,Café Conillon,10
2017-05-16,Café Conillon,EUNAPOLIS,Tipo 7,sc 60 kg,"380,00",380.0,Café Conillon,10
2017-05-16,Café Conillon,EUNAPOLIS,Tipo 7/8,sc 60 kg,"375,00",375.0,Café Conillon,10
2017-05-17,Café Conillon,EUNAPOLIS,Tipo 7,sc 60 kg,"380,00",380.0,Café Conillon,10
2017-05-17,Café Conillon,EUNAPOLIS,Tipo 7/8,sc 60 kg,"375,00",375.0,Café Conillon,10
2017-05-18,Café Conillon,EUNAPOLIS,Tipo 7,sc 60 kg,"380,00",380.0,Café Conillon,10
2017-05-18,Café Conillon,EUNAPOLIS,Tipo 7/8,sc 60 kg,"375,00",375.0,Café Conillon,10
2017-05-19,Café Conillon,EUNAPOLIS,Tipo 7,sc 60 kg,"380,00",380.0,Café Conillon,10
2017-05-19,Café Conillon,EUNAPOLIS,Tipo 7/8,sc 60 kg,"375,00",375.0,Café Conillon,10
2017-05-22,Café Conillon,EUNAPOLIS,Tipo 7,sc 60 kg,"380,00",380.0,Café Conillon,10
2017-05-22,Café Conillon,EUNAPOLIS,Tipo 7/8,sc 60 kg,"375,00",375.0,Café Conillon,10
2017-05-23,Café Conillon,EUNAPOLIS,Tipo 7,sc 60 kg,"380,00",380.0,Café Conillon,10
2017-05-23,Café Conillon,EUNAPOLIS,Tipo 7/8,sc 60 kg,"375,00",375.0,Café Conillon,10
2017-05-24,Café Conillon,EUNAPOLIS,Tipo 7,sc 60 kg,"380,00",380.0,Café Conillon,10
2017-05-24,Café Conillon,EUNAPOLIS,Tipo 7/8,sc 60 kg,"375,00",375.0,Café Conillon,10
2017-05-25,Café Conillon,EUNAPOLIS,Tipo 7,sc 60 kg,"380,00",380.0,Café Conillon,10
2017-05-25,Café Conillon,EUNAPOLIS,Tipo 7/8,sc 60 kg,"375,00",375.0,Café Conillon,10
2017-05-26,Café Conillon,EUNAPOLIS,Tipo 7,sc 60 kg,"380,00",380.0,Café Conillon,10
2017-05-26,Café Conillon,EUNAPOLIS,Tipo 7/8,sc 60 kg,"375,00",375.0,Café Conillon,10
2017-05-29,Café Conillon,EUNAPOLIS,Tipo 7,sc 60 kg,"380,00",380.0,Café Conillon,10
2017-05-29,Café Conillon,EUNAPOLIS,Tipo 7/8,sc 60 kg,"375,00",375.0,Café Conillon,10
2017-05-30,Café Conillon,EUNAPOLIS,Tipo 7,sc 60 kg,"380,00",380.0,Café Conillon,10
2017-05-30,Café Conillon,EUNAPOLIS,Tipo 7/8,sc 60 kg,"375,00",375.0,Café Conillon,10
2017-05-31,Café Conillon,EUNAPOLIS,Tipo 7,sc 60 kg,"380,00",380.0,Café Conillon,10
2017-05-31,Café Conillon,EUNAPOLIS,Tipo 7/8,sc 60 kg,"375,00",375.0,Café Conillon,10
2017-06-01,Café Conillon,EUNAPOLIS,Tipo 7,sc 60 kg,"380,00",380.0,Café Conillon,10
2017-06-01,Café Conillon,EUNAPOLIS,Tipo 7/8,sc 60 kg,"375,00",375.0,Café Conillon,10
2017-06-02,Café Conillon,EUNAPOLIS,Tipo 7,sc 60 kg,"380,00",380.0,Café Conillon,10
2017-06-02,Café Conillon,EUNAPOLIS,Tipo 7/8,sc 60 kg,"375,00",375.0,Café Conillon,10
2017-06-05,Café Conillon,EUNAPOLIS,Tipo 7,sc 60 kg,"380,00",380.0,Café Conillon,10
2017-06-05,Café Conillon,EUNAPOLIS,Tipo 7/8,sc 60 kg,"375,00",375.0,Café Conillon,10
2017-06-06,Café Conillon,EUNAPOLIS,Tipo 7,sc 60 kg,"380,00",380.0,Café Conillon,10
2017-06-06,Café Conillon,EUNAPOLIS,Tipo 7/8,sc 60 kg,"375,00",375.0,Café Conillon,10
2017-06-07,Café Conillon,EUNAPOLIS,Tipo 7,sc 60 kg,"380,00",380.0,Café Conillon,10
2017-06-07,Café Conillon,EUNAPOLIS,Tipo 7/8,sc 60 kg,"375,00",375.0,Café Conillon,10
2017-06-08,Café Conillon,EUNAPOLIS,Tipo 7,sc 60 kg,"380,00",380.0,Café Conillon,10
2017-06-08,Café Conillon,EUNAPOLIS,Tipo 7/8,sc 60 kg,"375,00",375.0,Café Conillon,10
2017-06-09,Café Conillon,EUNAPOLIS,Tipo 7,sc 60 kg,"380,00",380.0,Café Conillon,10
2017-06-09,Café Conillon,EUNAPOLIS,Tipo 7/8,sc 60 kg,"375,00",375.0,Café Conillon,10
2017-06-12,Café Conillon,EUNAPOLIS,Tipo 7,sc 60 kg,"395,00",395.0,Café Conillon,10
2017-06-12,Café Conillon,EUNAPOLIS,Tipo 7/8,sc 60 kg,"390,00",390.0,Café Conillon,10
2017-06-13,Café Conillon,EUNAPOLIS,Tipo 7,sc 60 kg,"395,00",395.0,Café Conillon,10
2017-06-13,Café Conillon,EUNAPOLIS,Tipo 7/8,sc 60 kg,"390,00",390.0,Café Conillon,10
2017-06-14,Café Conillon,EUNAPOLIS,Tipo 7,sc 60 kg,"395,00",395.0,Café Conillon,10
2017-06-14,Café Conillon,EUNAPOLIS,Tipo 7/8,sc 60 kg,"390,00",390.0,Café Conillon,10
2017-06-19,Café Conillon,EUNAPOLIS,Tipo 7,sc 60 kg,"395,00",395.0,Café Conillon,10
2017-06-19,Café Conillon,EUNAPOLIS,Tipo 7/8,sc 60 kg,"390,00",390.0,Café Conillon,10
2017-06-20,Café Conillon,EUNAPOLIS,Tipo 7,sc 60 kg,"395,00",395.0,Café Conillon,10
2017-06-20,Café Conillon,EUNAPOLIS,Tipo 7/8,sc 60 kg,"390,00",390.0,Café Conillon,10
2017-06-21,Café Conillon,EUNAPOLIS,Tipo 7,sc 60 kg,"395,00",395.0,Café Conillon,10
2017-06-21,Café Conillon,EUNAPOLIS,Tipo 7/8,sc 60 kg,"390,00",390.0,Café Conillon,10
2017-06-22,Café Conillon,EUNAPOLIS,Tipo 7,sc 60 kg,"395,00",395.0,Café Conillon,10
2017-06-22,Café Conillon,EUNAPOLIS,Tipo 7/8,sc 60 kg,"390,00",390.0,Café Conillon,10
2017-06-26,Café Conillon,EUNAPOLIS,Tipo 7,sc 60 kg,"395,00",395.0,Café Conillon,10
2017-06-26,Café Conillon,EUNAPOLIS,Tipo 7/8,sc 60 kg,"390,00",390.0,Café Conillon,10
2017-06-27,Café Conillon,EUNAPOLIS,Tipo 7,sc 60 kg,"395,00",395.0,Café Conillon,10
2017-06-27,Café Conillon,EUNAPOLIS,Tipo 7/8,sc 60 kg,"390,00",390.0,Café Conillon,10
2017-06-28,Café Conillon,EUNAPOLIS,Tipo 7,sc 60 kg,"395,00",395.0,Café Conillon,10
2017-06-28,Café Conillon,EUNAPOLIS,Tipo 7/8,sc 60 kg,"390,00",390.0,Café Conillon,10
2017-06-29,Café Conillon,EUNAPOLIS,Tipo 7,sc 60 kg,"395,00",395.0,Café Conillon,10
2017-06-29,Café Conillon,EUNAPOLIS,Tipo 7/8,sc 60 kg,"390,00",390.0,Café Conillon,10
2017-06-30,Café Conillon,EUNAPOLIS,Tipo 7,sc 60 kg,"395,00",395.0,Café Conillon,10
2017-06-30,Café Conillon,EUNAPOLIS,Tipo 7/8,sc 60 kg,"390,00",390.0,Café Conillon,10
2017-07-03,Café Conillon,EUNAPOLIS,Tipo 7,sc 60 kg,"395,00",395.0,Café Conillon,10
2017-07-03,Café Conillon,EUNAPOLIS,Tipo 7/8,sc 60 kg,"390,00",390.0,Café Conillon,10
2017-07-04,Café Conillon,EUNAPOLIS,Tipo 7,sc 60 kg,"380,00",380.0,Café Conillon,10
2017-07-04,Café Conillon,EUNAPOLIS,Tipo 7/8,sc 60 kg,"375,00",375.0,Café Conillon,10
2017-07-05,Café Conillon,EUNAPOLIS,Tipo 7,sc 60 kg,"380,00",380.0,Café Conillon,10
2017-07-05,Café Conillon,EUNAPOLIS,Tipo 7/8,sc 60 kg,"375,00",375.0,Café Conillon,10
2017-07-06,Café Conillon,EUNAPOLIS,Tipo 7,sc 60 kg,"380,00",380.0,Café Conillon,10
2017-07-06,Café Conillon,EUNAPOLIS,Tipo 7/8,sc 60 kg,"375,00",375.0,Café Conillon,10
2017-07-07,Café Conillon,EUNAPOLIS,Tipo 7,sc 60 kg,"380,00",380.0,Café Conillon,10
2017-07-07,Café Conillon,EUNAPOLIS,Tipo 7/8,sc 60 kg,"375,00",375.0,Café Conillon,10
2017-07-10,Café Conillon,EUNAPOLIS,Tipo 7,sc 60 kg,"380,00",380.0,Café Conillon,10
2017-07-10,Café Conillon,EUNAPOLIS,Tipo 7/8,sc 60 kg,"375,00",375.0,Café Conillon,10
2017-07-11,Café Conillon,EUNAPOLIS,Tipo 7,sc 60 kg,"380,00",380.0,Café Conillon,10
2017-07-11,Café Conillon,EUNAPOLIS,Tipo 7/8,sc 60 kg,"375,00",375.0,Café Conillon,10
2017-07-12,Café Conillon,EUNAPOLIS,Tipo 7,sc 60 kg,"380,00",380.0,Café Conillon,10
2017-07-12,Café Conillon,EUNAPOLIS,Tipo 7/8,sc 60 kg,"375,00",375.0,Café Conillon,10
2017-07-13,Café Conillon,EUNAPOLIS,Tipo 7,sc 60 kg,"380,00",380.0,Café Conillon,10
2017-07-13,Café Conillon,EUNAPOLIS,Tipo 7/8,sc 60 kg,"375,00",375.0,Café Conillon,10
2017-07-14,Café Conillon,EUNAPOLIS,Tipo 7,sc 60 kg,"380,00",380.0,Café Conillon,10
2017-07-14,Café Conillon,EUNAPOLIS,Tipo 7/8,sc 60 kg,"375,00",375.0,Café Conillon,10
2017-07-17,Café Conillon,EUNAPOLIS,Tipo 7,sc 60 kg,"380,00",380.0,Café Conillon,10
2017-07-17,Café Conillon,EUNAPOLIS,Tipo 7/8,sc 60 kg,"375,00",375.0,Café Conillon,10
2017-07-18,Café Conillon,EUNAPOLIS,Tipo 7,sc 60 kg,"380,00",380.0,Café Conillon,10
2017-07-18,Café Conillon,EUNAPOLIS,Tipo 7/8,sc 60 kg,"375,00",375.0,Café Conillon,10
2017-07-19,Café Conillon,EUNAPOLIS,Tipo 7,sc 60 kg,"380,00",380.0,Café Conillon,10
2017-07-19,Café Conillon,EUNAPOLIS,Tipo 7/8,sc 60 kg,"375,00",375.0,Café Conillon,10
2017-07-20,Café Conillon,EUNAPOLIS,Tipo 7,sc 60 kg,"380,00",380.0,Café Conillon,10
2017-07-20,Café Conillon,EUNAPOLIS,Tipo 7/8,sc 60 kg,"375,00",375.0,Café Conillon,10
2017-07-21,Café Conillon,EUNAPOLIS,Tipo 7,sc 60 kg,"380,00",380.0,Café Conillon,10
2017-07-21,Café Conillon,EUNAPOLIS,Tipo 7/8,sc 60 kg,"375,00",375.0,Café Conillon,10
2017-07-24,Café Conillon,EUNAPOLIS,Tipo 7,sc 60 kg,"380,00",380.0,Café Conillon,10
2017-07-24,Café Conillon,EUNAPOLIS,Tipo 7/8,sc 60 kg,"375,00",375.0,Café Conillon,10
2017-07-25,Café Conillon,EUNAPOLIS,Tipo 7,sc 60 kg,"380,00",380.0,Café Conillon,10
2017-07-25,Café Conillon,EUNAPOLIS,Tipo 7/8,sc 60 kg,"375,00",375.0,Café Conillon,10
2017-07-26,Café Conillon,EUNAPOLIS,Tipo 7,sc 60 kg,"380,00",380.0,Café Conillon,10
2017-07-26,Café Conillon,EUNAPOLIS,Tipo 7/8,sc 60 kg,"375,00",375.0,Café Conillon,10
2017-07-27,Café Conillon,EUNAPOLIS,Tipo 7,sc 60 kg,"380,00",380.0,Café Conillon,10
2017-07-27,Café Conillon,EUNAPOLIS,Tipo 7/8,sc 60 kg,"375,00",375.0,Café Conillon,10
2017-07-28,Café Conillon,EUNAPOLIS,Tipo 7,sc 60 kg,"380,00",380.0,Café Conillon,10
2017-07-28,Café Conillon,EUNAPOLIS,Tipo 7/8,sc 60 kg,"375,00",375.0,Café Conillon,10
2017-07-31,Café Conillon,EUNAPOLIS,Tipo 7,sc 60 kg,"380,00",380.0,Café Conillon,10
2017-07-31,Café Conillon,EUNAPOLIS,Tipo 7/8,sc 60 kg,"375,00",375.0,Café Conillon,10
2017-08-01,Café Conillon,EUNAPOLIS,Tipo 7,sc 60 kg,"380,00",380.0,Café Conillon,10
2017-08-01,Café Conillon,EUNAPOLIS,Tipo 7/8,sc 60 kg,"375,00",375.0,Café Conillon,10
2017-08-02,Café Conillon,EUNAPOLIS,Tipo 7,sc 60 kg,"380,00",380.0,Café Conillon,10
2017-08-02,Café Conillon,EUNAPOLIS,Tipo 7/8,sc 60 kg,"375,00",375.0,Café Conillon,10
2017-08-03,Café Conillon,EUNAPOLIS,Tipo 7,sc 60 kg,"380,00",380.0,Café Conillon,10
2017-08-03,Café Conillon,EUNAPOLIS,Tipo 7/8,sc 60 kg,"375,00",375.0,Café Conillon,10
2017-08-04,Café Conillon,EUNAPOLIS,Tipo 7,sc 60 kg,"380,00",380.0,Café Conillon,10
2017-08-04,Café Conillon,EUNAPOLIS,Tipo 7/8,sc 60 kg,"375,00",375.0,Café Conillon,10
2017-08-07,Café Conillon,EUNAPOLIS,Tipo 7,sc 60 kg,"380,00",380.0,Café Conillon,10
2017-08-07,Café Conillon,EUNAPOLIS,Tipo 7/8,sc 60 kg,"375,00",375.0,Café Conillon,10
2017-08-08,Café Conillon,EUNAPOLIS,Tipo 7,sc 60 kg,"380,00",380.0,Café Conillon,10
2017-08-08,Café Conillon,EUNAPOLIS,Tipo 7/8,sc 60 kg,"375,00",375.0,Café Conillon,10
2017-08-09,Café Conillon,EUNAPOLIS,Tipo 7,sc 60 kg,"380,00",380.0,Café Conillon,10
2017-08-09,Café Conillon,EUNAPOLIS,Tipo 7/8,sc 60 kg,"375,00",375.0,Café Conillon,10
2017-08-10,Café Conillon,EUNAPOLIS,Tipo 7,sc 60 kg,"380,00",380.0,Café Conillon,10
2017-08-10,Café Conillon,EUNAPOLIS,Tipo 7/8,sc 60 kg,"375,00",375.0,Café Conillon,10
2017-08-11,Café Conillon,EUNAPOLIS,Tipo 7,sc 60 kg,"380,00",380.0,Café Conillon,10
2017-08-11,Café Conillon,EUNAPOLIS,Tipo 7/8,sc 60 kg,"375,00",375.0,Café Conillon,10
2017-08-14,Café Conillon,EUNAPOLIS,Tipo 7,sc 60 kg,"380,00",380.0,Café Conillon,10
2017-08-14,Café Conillon,EUNAPOLIS,Tipo 7/8,sc 60 kg,"375,00",375.0,Café Conillon,10
2017-08-15,Café Conillon,EUNAPOLIS,Tipo 7,sc 60 kg,"380,00",380.0,Café Conillon,10
2017-08-15,Café Conillon,EUNAPOLIS,Tipo 7/8,sc 60 kg,"375,00",375.0,Café Conillon,10
2017-08-16,Café Conillon,EUNAPOLIS,Tipo 7,sc 60 kg,"380,00",380.0,Café Conillon,10
2017-08-16,Café Conillon,EUNAPOLIS,Tipo 7/8,sc 60 kg,"375,00",375.0,Café Conillon,10
2017-08-17,Café Conillon,EUNAPOLIS,Tipo 7,sc 60 kg,"380,00",380.0,Café Conillon,10
2017-08-17,Café Conillon,EUNAPOLIS,Tipo 7/8,sc 60 kg,"375,00",375.0,Café Conillon,10
2017-08-18,Café Conillon,EUNAPOLIS,Tipo 7,sc 60 kg,"380,00",380.0,Café Conillon,10
2017-08-18,Café Conillon,EUNAPOLIS,Tipo 7/8,sc 60 kg,"375,00",375.0,Café Conillon,10
2017-08-21,Café Conillon,EUNAPOLIS,Tipo 7,sc 60 kg,"380,00",380.0,Café Conillon,10
2017-08-21,Café Conillon,EUNAPOLIS,Tipo 7/8,sc 60 kg,"375,00",375.0,Café Conillon,10
2017-08-22,Café Conillon,EUNAPOLIS,Tipo 7,sc 60 kg,"380,00",380.0,Café Conillon,10
2017-08-22,Café Conillon,EUNAPOLIS,Tipo 7/8,sc 60 kg,"375,00",375.0,Café Conillon,10
2017-08-23,Café Conillon,EUNAPOLIS,Tipo 7,sc 60 kg,"380,00",380.0,Café Conillon,10
2017-08-23,Café Conillon,EUNAPOLIS,Tipo 7/8,sc 60 kg,"375,00",375.0,Café Conillon,10
2017-08-24,Café Conillon,EUNAPOLIS,Tipo 7,sc 60 kg,"380,00",380.0,Café Conillon,10
2017-08-24,Café Conillon,EUNAPOLIS,Tipo 7/8,sc 60 kg,"375,00",375.0,Café Conillon,10
2017-08-25,Café Conillon,EUNAPOLIS,Tipo 7,sc 60 kg,"380,00",380.0,Café Conillon,10
2017-08-25,Café Conillon,EUNAPOLIS,Tipo 7/8,sc 60 kg,"375,00",375.0,Café Conillon,10
2017-08-28,Café Conillon,EUNAPOLIS,Tipo 7,sc 60 kg,"380,00",380.0,Café Conillon,10
2017-08-28,Café Conillon,EUNAPOLIS,Tipo 7/8,sc 60 kg,"375,00",375.0,Café Conillon,10
2017-08-29,Café Conillon,EUNAPOLIS,Tipo 7,sc 60 kg,"380,00",380.0,Café Conillon,10
2017-08-29,Café Conillon,EUNAPOLIS,Tipo 7/8,sc 60 kg,"375,00",375.0,Café Conillon,10
2017-08-30,Café Conillon,EUNAPOLIS,Tipo 7,sc 60 kg,"380,00",380.0,Café Conillon,10
2017-08-30,Café Conillon,EUNAPOLIS,Tipo 7/8,sc 60 kg,"375,00",375.0,Café Conillon,10
2017-08-31,Café Conillon,EUNAPOLIS,Tipo 7,sc 60 kg,"380,00",380.0,Café Conillon,10
2017-08-31,Café Conillon,EUNAPOLIS,Tipo 7/8,sc 60 kg,"375,00",375.0,Café Conillon,10
2017-09-01,Café Conillon,EUNAPOLIS,Tipo 7,sc 60 kg,"380,00",380.0,Café Conillon,10
2017-09-01,Café Conillon,EUNAPOLIS,Tipo 7/8,sc 60 kg,"375,00",375.0,Café Conillon,10
2017-09-04,Café Conillon,EUNAPOLIS,Tipo 7,sc 60 kg,"380,00",380.0,Café Conillon,10
2017-09-04,Café Conillon,EUNAPOLIS,Tipo 7/8,sc 60 kg,"375,00",375.0,Café Conillon,10
2017-09-05,Café Conillon,EUNAPOLIS,Tipo 7,sc 60 kg,"380,00",380.0,Café Conillon,10
2017-09-05,Café Conillon,EUNAPOLIS,Tipo 7/8,sc 60 kg,"375,00",375.0,Café Conillon,10
2017-09-06,Café Conillon,EUNAPOLIS,Tipo 7,sc 60 kg,"380,00",380.0,Café Conillon,10
2017-09-06,Café Conillon,EUNAPOLIS,Tipo 7/8,sc 60 kg,"375,00",375.0,Café Conillon,10
2017-09-11,Café Conillon,EUNAPOLIS,Tipo 7,sc 60 kg,"380,00",380.0,Café Conillon,10
2017-09-11,Café Conillon,EUNAPOLIS,Tipo 7/8,sc 60 kg,"375,00",375.0,Café Conillon,10
2017-09-12,Café Conillon,EUNAPOLIS,Tipo 7,sc 60 kg,"380,00",380.0,Café Conillon,10
2017-09-12,Café Conillon,EUNAPOLIS,Tipo 7/8,sc 60 kg,"375,00",375.0,Café Conillon,10
2017-09-13,Café Conillon,EUNAPOLIS,Tipo 7,sc 60 kg,"380,00",380.0,Café Conillon,10
2017-09-13,Café Conillon,EUNAPOLIS,Tipo 7/8,sc 60 kg,"375,00",375.0,Café Conillon,10
2017-09-14,Café Conillon,EUNAPOLIS,Tipo 7,sc 60 kg,"380,00",380.0,Café Conillon,10
2017-09-14,Café Conillon,EUNAPOLIS,Tipo 7/8,sc 60 kg,"375,00",375.0,Café Conillon,10
2017-09-15,Café Conillon,EUNAPOLIS,Tipo 7,sc 60 kg,"380,00",380.0,Café Conillon,10
2017-09-15,Café Conillon,EUNAPOLIS,Tipo 7/8,sc 60 kg,"375,00",375.0,Café Conillon,10
2017-09-18,Café Conillon,EUNAPOLIS,Tipo 7,sc 60 kg,"380,00",380.0,Café Conillon,10
2017-09-18,Café Conillon,EUNAPOLIS,Tipo 7/8,sc 60 kg,"375,00",375.0,Café Conillon,10
2017-09-19,Café Conillon,EUNAPOLIS,Tipo 7,sc 60 kg,"380,00",380.0,Café Conillon,10
2017-09-19,Café Conillon,EUNAPOLIS,Tipo 7/8,sc 60 kg,"375,00",375.0,Café Conillon,10
2017-09-20,Café Conillon,EUNAPOLIS,Tipo 7,sc 60 kg,"380,00",380.0,Café Conillon,10
2017-09-20,Café Conillon,EUNAPOLIS,Tipo 7/8,sc 60 kg,"375,00",375.0,Café Conillon,10
2017-09-21,Café Conillon,EUNAPOLIS,Tipo 7,sc 60 kg,"380,00",380.0,Café Conillon,10
2017-09-21,Café Conillon,EUNAPOLIS,Tipo 7/8,sc 60 kg,"375,00",375.0,Café Conillon,10
2017-09-22,Café Conillon,EUNAPOLIS,Tipo 7,sc 60 kg,"380,00",380.0,Café Conillon,10
2017-09-22,Café Conillon,EUNAPOLIS,Tipo 7/8,sc 60 kg,"375,00",375.0,Café Conillon,10
2017-09-25,Café Conillon,EUNAPOLIS,Tipo 7,sc 60 kg,"380,00",380.0,Café Conillon,10
2017-09-25,Café Conillon,EUNAPOLIS,Tipo 7/8,sc 60 kg,"375,00",375.0,Café Conillon,10
2017-09-26,Café Conillon,EUNAPOLIS,Tipo 7,sc 60 kg,"380,00",380.0,Café Conillon,10
2017-09-26,Café Conillon,EUNAPOLIS,Tipo 7/8,sc 60 kg,"375,00",375.0,Café Conillon,10
2017-09-27,Café Conillon,EUNAPOLIS,Tipo 7,sc 60 kg,"380,00",380.0,Café Conillon,10
2017-09-27,Café Conillon,EUNAPOLIS,Tipo 7/8,sc 60 kg,"375,00",375.0,Café Conillon,10
2017-09-28,Café Conillon,EUNAPOLIS,Tipo 7,sc 60 kg,"380,00",380.0,Café Conillon,10
2017-09-28,Café Conillon,EUNAPOLIS,Tipo 7/8,sc 60 kg,"375,00",375.0,Café Conillon,10
2017-09-29,Café Conillon,EUNAPOLIS,Tipo 7,sc 60 kg,"380,00",380.0,Café Conillon,10
2017-09-29,Café Conillon,EUNAPOLIS,Tipo 7/8,sc 60 kg,"375,00",375.0,Café Conillon,10
2017-10-02,Café Conillon,EUNAPOLIS,Tipo 7,sc 60 kg,"380,00",380.0,Café Conillon,10
2017-10-02,Café Conillon,EUNAPOLIS,Tipo 7/8,sc 60 kg,"375,00",375.0,Café Conillon,10
2017-10-03,Café Conillon,EUNAPOLIS,Tipo 7,sc 60 kg,"380,00",380.0,Café Conillon,10
2017-10-03,Café Conillon,EUNAPOLIS,Tipo 7/8,sc 60 kg,"375,00",375.0,Café Conillon,10
2017-10-04,Café Conillon,EUNAPOLIS,Tipo 7,sc 60 kg,"380,00",380.0,Café Conillon,10
2017-10-04,Café Conillon,EUNAPOLIS,Tipo 7/8,sc 60 kg,"375,00",375.0,Café Conillon,10
2017-10-05,Café Conillon,EUNAPOLIS,Tipo 7,sc 60 kg,"380,00",380.0,Café Conillon,10
2017-10-05,Café Conillon,EUNAPOLIS,Tipo 7/8,sc 60 kg,"375,00",375.0,Café Conillon,10
2017-10-06,Café Conillon,EUNAPOLIS,Tipo 7,sc 60 kg,"380,00",380.0,Café Conillon,10
2017-10-06,Café Conillon,EUNAPOLIS,Tipo 7/8,sc 60 kg,"375,00",375.0,Café Conillon,10
2017-10-09,Café Conillon,EUNAPOLIS,Tipo 7,sc 60 kg,"380,00",380.0,Café Conillon,10
2017-10-09,Café Conillon,EUNAPOLIS,Tipo 7/8,sc 60 kg,"375,00",375.0,Café Conillon,10
2017-10-10,Café Conillon,EUNAPOLIS,Tipo 7,sc 60 kg,"380,00",380.0,Café Conillon,10
2017-10-10,Café Conillon,EUNAPOLIS,Tipo 7/8,sc 60 kg,"375,00",375.0,Café Conillon,10
2017-10-11,Café Conillon,EUNAPOLIS,Tipo 7,sc 60 kg,"380,00",380.0,Café Conillon,10
2017-10-11,Café Conillon,EUNAPOLIS,Tipo 7/8,sc 60 kg,"375,00",375.0,Café Conillon,10
2017-10-16,Café Conillon,EUNAPOLIS,Tipo 7,sc 60 kg,"380,00",380.0,Café Conillon,10
2017-10-16,Café Conillon,EUNAPOLIS,Tipo 7/8,sc 60 kg,"375,00",375.0,Café Conillon,10
2017-10-17,Café Conillon,EUNAPOLIS,Tipo 7,sc 60 kg,"380,00",380.0,Café Conillon,10
2017-10-17,Café Conillon,EUNAPOLIS,Tipo 7/8,sc 60 kg,"375,00",375.0,Café Conillon,10
2017-10-18,Café Conillon,EUNAPOLIS,Tipo 7,sc 60 kg,"380,00",380.0,Café Conillon,10
2017-10-18,Café Conillon,EUNAPOLIS,Tipo 7/8,sc 60 kg,"375,00",375.0,Café Conillon,10
2017-10-19,Café Conillon,EUNAPOLIS,Tipo 7,sc 60 kg,"380,00",380.0,Café Conillon,10
2017-10-19,Café Conillon,EUNAPOLIS,Tipo 7/8,sc 60 kg,"375,00",375.0,Café Conillon,10
2017-10-20,Café Conillon,EUNAPOLIS,Tipo 7,sc 60 kg,"380,00",380.0,Café Conillon,10
2017-10-20,Café Conillon,EUNAPOLIS,Tipo 7/8,sc 60 kg,"375,00",375.0,Café Conillon,10
2017-10-23,Café Conillon,EUNAPOLIS,Tipo 7,sc 60 kg,"380,00",380.0,Café Conillon,10
2017-10-23,Café Conillon,EUNAPOLIS,Tipo 7/8,sc 60 kg,"375,00",375.0,Café Conillon,10
2017-10-24,Café Conillon,EUNAPOLIS,Tipo 7,sc 60 kg,"380,00",380.0,Café Conillon,10
2017-10-24,Café Conillon,EUNAPOLIS,Tipo 7/8,sc 60 kg,"375,00",375.0,Café Conillon,10
2017-10-25,Café Conillon,EUNAPOLIS,Tipo 7,sc 60 kg,"380,00",380.0,Café Conillon,10
2017-10-25,Café Conillon,EUNAPOLIS,Tipo 7/8,sc 60 kg,"375,00",375.0,Café Conillon,10
2017-10-26,Café Conillon,EUNAPOLIS,Tipo 7,sc 60 kg,"380,00",380.0,Café Conillon,10
2017-10-26,Café Conillon,EUNAPOLIS,Tipo 7/8,sc 60 kg,"375,00",375.0,Café Conillon,10
2017-10-27,Café Conillon,EUNAPOLIS,Tipo 7,sc 60 kg,"380,00",380.0,Café Conillon,10
2017-10-27,Café Conillon,EUNAPOLIS,Tipo 7/8,sc 60 kg,"375,00",375.0,Café Conillon,10
2017-10-30,Café Conillon,EUNAPOLIS,Tipo 7,sc 60 kg,"380,00",380.0,Café Conillon,10
2017-10-30,Café Conillon,EUNAPOLIS,Tipo 7/8,sc 60 kg,"375,00",375.0,Café Conillon,10
2017-10-31,Café Conillon,EUNAPOLIS,Tipo 7,sc 60 kg,"380,00",380.0,Café Conillon,10
2017-10-31,Café Conillon,EUNAPOLIS,Tipo 7/8,sc 60 kg,"375,00",375.0,Café Conillon,10
2017-11-01,Café Conillon,EUNAPOLIS,Tipo 7,sc 60 kg,"380,00",380.0,Café Conillon,10
2017-11-01,Café Conillon,EUNAPOLIS,Tipo 7/8,sc 60 kg,"375,00",375.0,Café Conillon,10
2017-11-06,Café Conillon,EUNAPOLIS,Tipo 7,sc 60 kg,"380,00",380.0,Café Conillon,10
2017-11-06,Café Conillon,EUNAPOLIS,Tipo 7/8,sc 60 kg,"375,00",375.0,Café Conillon,10
2017-11-07,Café Conillon,EUNAPOLIS,Tipo 7,sc 60 kg,"380,00",380.0,Café Conillon,10
2017-11-07,Café Conillon,EUNAPOLIS,Tipo 7/8,sc 60 kg,"375,00",375.0,Café Conillon,10
2017-11-08,Café Conillon,EUNAPOLIS,Tipo 7,sc 60 kg,"335,00",335.0,Café Conillon,10
2017-11-08,Café Conillon,EUNAPOLIS,Tipo 7/8,sc 60 kg,"330,00",330.0,Café Conillon,10
2017-11-09,Café Conillon,EUNAPOLIS,Tipo 7,sc 60 kg,"335,00",335.0,Café Conillon,10
2017-11-09,Café Conillon,EUNAPOLIS,Tipo 7/8,sc 60 kg,"330,00",330.0,Café Conillon,10
2017-11-10,Café Conillon,EUNAPOLIS,Tipo 7,sc 60 kg,"335,00",335.0,Café Conillon,10
2017-11-10,Café Conillon,EUNAPOLIS,Tipo 7/8,sc 60 kg,"330,00",330.0,Café Conillon,10
2017-11-13,Café Conillon,EUNAPOLIS,Tipo 7,sc 60 kg,"335,00",335.0,Café Conillon,10
2017-11-13,Café Conillon,EUNAPOLIS,Tipo 7/8,sc 60 kg,"330,00",330.0,Café Conillon,10
2017-11-14,Café Conillon,EUNAPOLIS,Tipo 7,sc 60 kg,"335,00",335.0,Café Conillon,10
2017-11-14,Café Conillon,EUNAPOLIS,Tipo 7/8,sc 60 kg,"330,00",330.0,Café Conillon,10
2017-11-16,Café Conillon,EUNAPOLIS,Tipo 7,sc 60 kg,"335,00",335.0,Café Conillon,10
2017-11-16,Café Conillon,EUNAPOLIS,Tipo 7/8,sc 60 kg,"330,00",330.0,Café Conillon,10
2017-11-17,Café Conillon,EUNAPOLIS,Tipo 7,sc 60 kg,"335,00",335.0,Café Conillon,10
2017-11-17,Café Conillon,EUNAPOLIS,Tipo 7/8,sc 60 kg,"330,00",330.0,Café Conillon,10
2017-11-20,Café Conillon,EUNAPOLIS,Tipo 7,sc 60 kg,"335,00",335.0,Café Conillon,10
2017-11-20,Café Conillon,EUNAPOLIS,Tipo 7/8,sc 60 kg,"330,00",330.0,Café Conillon,10
2017-11-21,Café Conillon,EUNAPOLIS,Tipo 7,sc 60 kg,"330,00",330.0,Café Conillon,10
2017-11-21,Café Conillon,EUNAPOLIS,Tipo 7/8,sc 60 kg,"325,00",325.0,Café Conillon,10
2017-11-22,Café Conillon,EUNAPOLIS,Tipo 7,sc 60 kg,"330,00",330.0,Café Conillon,10
2017-11-22,Café Conillon,EUNAPOLIS,Tipo 7/8,sc 60 kg,"325,00",325.0,Café Conillon,10
2017-11-23,Café Conillon,EUNAPOLIS,Tipo 7,sc 60 kg,"330,00",330.0,Café Conillon,10
2017-11-23,Café Conillon,EUNAPOLIS,Tipo 7/8,sc 60 kg,"325,00",325.0,Café Conillon,10
2017-11-24,Café Conillon,EUNAPOLIS,Tipo 7,sc 60 kg,"330,00",330.0,Café Conillon,10
2017-11-24,Café Conillon,EUNAPOLIS,Tipo 7/8,sc 60 kg,"325,00",325.0,Café Conillon,10
2017-11-27,Café Conillon,EUNAPOLIS,Tipo 7,sc 60 kg,"330,00",330.0,Café Conillon,10
2017-11-27,Café Conillon,EUNAPOLIS,Tipo 7/8,sc 60 kg,"325,00",325.0,Café Conillon,10
2017-11-28,Café Conillon,EUNAPOLIS,Tipo 7,sc 60 kg,"330,00",330.0,Café Conillon,10
2017-11-28,Café Conillon,EUNAPOLIS,Tipo 7/8,sc 60 kg,"325,00",325.0,Café Conillon,10
2017-11-29,Café Conillon,EUNAPOLIS,Tipo 7,sc 60 kg,"340,00",340.0,Café Conillon,10
2017-11-29,Café Conillon,EUNAPOLIS,Tipo 7/8,sc 60 kg,"335,00",335.0,Café Conillon,10
2017-11-30,Café Conillon,EUNAPOLIS,Tipo 7,sc 60 kg,"340,00",340.0,Café Conillon,10
2017-11-30,Café Conillon,EUNAPOLIS,Tipo 7/8,sc 60 kg,"335,00",335.0,Café Conillon,10
2017-12-01,Café Conillon,EUNAPOLIS,Tipo 7,sc 60 kg,"340,00",340.0,Café Conillon,10
2017-12-01,Café Conillon,EUNAPOLIS,Tipo 7/8,sc 60 kg,"335,00",335.0,Café Conillon,10
2017-12-04,Café Conillon,EUNAPOLIS,Tipo 7,sc 60 kg,"340,00",340.0,Café Conillon,10
2017-12-04,Café Conillon,EUNAPOLIS,Tipo 7/8,sc 60 kg,"335,00",335.0,Café Conillon,10
2017-12-05,Café Conillon,EUNAPOLIS,Tipo 7,sc 60 kg,"340,00",340.0,Café Conillon,10
2017-12-05,Café Conillon,EUNAPOLIS,Tipo 7/8,sc 60 kg,"335,00",335.0,Café Conillon,10
2017-12-06,Café Conillon,EUNAPOLIS,Tipo 7,sc 60 kg,"342,00",342.0,Café Conillon,10
2017-12-06,Café Conillon,EUNAPOLIS,Tipo 7/8,sc 60 kg,"337,00",337.0,Café Conillon,10
2017-12-07,Café Conillon,EUNAPOLIS,Tipo 7,sc 60 kg,"342,00",342.0,Café Conillon,10
2017-12-07,Café Conillon,EUNAPOLIS,Tipo 7/8,sc 60 kg,"337,00",337.0,Café Conillon,10
2017-12-11,Café Conillon,EUNAPOLIS,Tipo 7,sc 60 kg,"342,00",342.0,Café Conillon,10
2017-12-11,Café Conillon,EUNAPOLIS,Tipo 7/8,sc 60 kg,"337,00",337.0,Café Conillon,10
2017-12-12,Café Conillon,EUNAPOLIS,Tipo 7,sc 60 kg,"342,00",342.0,Café Conillon,10
2017-12-12,Café Conillon,EUNAPOLIS,Tipo 7/8,sc 60 kg,"337,00",337.0,Café Conillon,10
2017-12-13,Café Conillon,EUNAPOLIS,Tipo 7,sc 60 kg,"342,00",342.0,Café Conillon,10
2017-12-13,Café Conillon,EUNAPOLIS,Tipo 7/8,sc 60 kg,"337,00",337.0,Café Conillon,10
2017-12-14,Café Conillon,EUNAPOLIS,Tipo 7,sc 60 kg,"342,00",342.0,Café Conillon,10
2017-12-14,Café Conillon,EUNAPOLIS,Tipo 7/8,sc 60 kg,"337,00",337.0,Café Conillon,10
2017-12-15,Café Conillon,EUNAPOLIS,Tipo 7,sc 60 kg,"342,00",342.0,Café Conillon,10
2017-12-15,Café Conillon,EUNAPOLIS,Tipo 7/8,sc 60 kg,"337,00",337.0,Café Conillon,10
2017-12-18,Café Conillon,EUNAPOLIS,Tipo 7,sc 60 kg,"342,00",342.0,Café Conillon,10
2017-12-18,Café Conillon,EUNAPOLIS,Tipo 7/8,sc 60 kg,"337,00",337.0,Café Conillon,10
2017-12-19,Café Conillon,EUNAPOLIS,Tipo 7,sc 60 kg,"342,00",342.0,Café Conillon,10
2017-12-19,Café Conillon,EUNAPOLIS,Tipo 7/8,sc 60 kg,"337,00",337.0,Café Conillon,10
2017-12-20,Café Conillon,EUNAPOLIS,Tipo 7,sc 60 kg,"342,00",342.0,Café Conillon,10
2017-12-20,Café Conillon,EUNAPOLIS,Tipo 7/8,sc 60 kg,"337,00",337.0,Café Conillon,10
2017-12-21,Café Conillon,EUNAPOLIS,Tipo 7,sc 60 kg,"342,00",342.0,Café Conillon,10
2017-12-21,Café Conillon,EUNAPOLIS,Tipo 7/8,sc 60 kg,"337,00",337.0,Café Conillon,10
2017-12-22,Café Conillon,EUNAPOLIS,Tipo 7,sc 60 kg,"342,00",342.0,Café Conillon,10
2017-12-22,Café Conillon,EUNAPOLIS,Tipo 7/8,sc 60 kg,"337,00",337.0,Café Conillon,10
2017-12-26,Café Conillon,EUNAPOLIS,Tipo 7,sc 60 kg,"342,00",342.0,Café Conillon,10
2017-12-26,Café Conillon,EUNAPOLIS,Tipo 7/8,sc 60 kg,"337,00",337.0,Café Conillon,10
2017-12-27,Café Conillon,EUNAPOLIS,Tipo 7,sc 60 kg,"342,00",342.0,Café Conillon,10
2017-12-27,Café Conillon,EUNAPOLIS,Tipo 7/8,sc 60 kg,"337,00",337.0,Café Conillon,10
2017-12-28,Café Conillon,EUNAPOLIS,Tipo 7,sc 60 kg,"342,00",342.0,Café Conillon,10
2017-12-28,Café Conillon,EUNAPOLIS,Tipo 7/8,sc 60 kg,"337,00",337.0,Café Conillon,10
2017-12-29,Café Conillon,EUNAPOLIS,Tipo 7,sc 60 kg,"342,00",342.0,Café Conillon,10
2017-12-29,Café Conillon,EUNAPOLIS,Tipo 7/8,sc 60 kg,"337,00",337.0,Café Conillon,10
2018-01-02,Café Conillon,EUNAPOLIS,Tipo 7,sc 60 kg,"342,00",342.0,Café Conillon,10
2018-01-02,Café Conillon,EUNAPOLIS,Tipo 7/8,sc 60 kg,"337,00",337.0,Café Conillon,10
2018-01-03,Café Conillon,EUNAPOLIS,Tipo 7,sc 60 kg,"320,00",320.0,Café Conillon,10
2018-01-03,Café Conillon,EUNAPOLIS,Tipo 7/8,sc 60 kg,"315,00",315.0,Café Conillon,10
2018-01-04,Café Conillon,EUNAPOLIS,Tipo 7,sc 60 kg,"320,00",320.0,Café Conillon,10
2018-01-04,Café Conillon,EUNAPOLIS,Tipo 7/8,sc 60 kg,"315,00",315.0,Café Conillon,10
2018-01-05,Café Conillon,EUNAPOLIS,Tipo 7,sc 60 kg,"320,00",320.0,Café Conillon,10
2018-01-05,Café Conillon,EUNAPOLIS,Tipo 7/8,sc 60 kg,"315,00",315.0,Café Conillon,10
2018-01-08,Café Conillon,EUNAPOLIS,Tipo 7,sc 60 kg,"325,00",325.0,Café Conillon,10
2018-01-08,Café Conillon,EUNAPOLIS,Tipo 7/8,sc 60 kg,"320,00",320.0,Café Conillon,10
2018-01-09,Café Conillon,EUNAPOLIS,Tipo 7,sc 60 kg,"325,00",325.0,Café Conillon,10
2018-01-09,Café Conillon,EUNAPOLIS,Tipo 7/8,sc 60 kg,"320,00",320.0,Café Conillon,10
2018-01-10,Café Conillon,EUNAPOLIS,Tipo 7,sc 60 kg,"325,00",325.0,Café Conillon,10
2018-01-10,Café Conillon,EUNAPOLIS,Tipo 7/8,sc 60 kg,"320,00",320.0,Café Conillon,10
2018-01-11,Café Conillon,EUNAPOLIS,Tipo 7,sc 60 kg,"325,00",325.0,Café Conillon,10
2018-01-11,Café Conillon,EUNAPOLIS,Tipo 7/8,sc 60 kg,"320,00",320.0,Café Conillon,10
2018-01-12,Café Conillon,EUNAPOLIS,Tipo 7,sc 60 kg,"315,00",315.0,Café Conillon,10
2018-01-12,Café Conillon,EUNAPOLIS,Tipo 7/8,sc 60 kg,"310,00",310.0,Café Conillon,10
2018-01-15,Café Conillon,EUNAPOLIS,Tipo 7,sc 60 kg,"315,00",315.0,Café Conillon,10
2018-01-15,Café Conillon,EUNAPOLIS,Tipo 7/8,sc 60 kg,"310,00",310.0,Café Conillon,10
2018-01-16,Café Conillon,EUNAPOLIS,Tipo 7,sc 60 kg,"315,00",315.0,Café Conillon,10
2018-01-16,Café Conillon,EUNAPOLIS,Tipo 7/8,sc 60 kg,"310,00",310.0,Café Conillon,10
2018-01-17,Café Conillon,EUNAPOLIS,Tipo 7,sc 60 kg,"300,00",300.0,Café Conillon,10
2018-01-17,Café Conillon,EUNAPOLIS,Tipo 7/8,sc 60 kg,"295,00",295.0,Café Conillon,10
2018-01-18,Café Conillon,EUNAPOLIS,Tipo 7,sc 60 kg,"300,00",300.0,Café Conillon,10
2018-01-18,Café Conillon,EUNAPOLIS,Tipo 7/8,sc 60 kg,"295,00",295.0,Café Conillon,10
2018-01-19,Café Conillon,EUNAPOLIS,Tipo 7,sc 60 kg,"300,00",300.0,Café Conillon,10
2018-01-19,Café Conillon,EUNAPOLIS,Tipo 7/8,sc 60 kg,"295,00",295.0,Café Conillon,10
2018-01-22,Café Conillon,EUNAPOLIS,Tipo 7,sc 60 kg,"300,00",300.0,Café Conillon,10
2018-01-22,Café Conillon,EUNAPOLIS,Tipo 7/8,sc 60 kg,"295,00",295.0,Café Conillon,10
2018-01-23,Café Conillon,EUNAPOLIS,Tipo 7,sc 60 kg,"300,00",300.0,Café Conillon,10
2018-01-23,Café Conillon,EUNAPOLIS,Tipo 7/8,sc 60 kg,"295,00",295.0,Café Conillon,10
2018-01-24,Café Conillon,EUNAPOLIS,Tipo 7,sc 60 kg,"300,00",300.0,Café Conillon,10
2018-01-24,Café Conillon,EUNAPOLIS,Tipo 7/8,sc 60 kg,"295,00",295.0,Café Conillon,10
2018-01-25,Café Conillon,EUNAPOLIS,Tipo 7,sc 60 kg,"300,00",300.0,Café Conillon,10
2018-01-25,Café Conillon,EUNAPOLIS,Tipo 7/8,sc 60 kg,"295,00",295.0,Café Conillon,10
2018-01-26,Café Conillon,EUNAPOLIS,Tipo 7,sc 60 kg,"300,00",300.0,Café Conillon,10
2018-01-26,Café Conillon,EUNAPOLIS,Tipo 7/8,sc 60 kg,"295,00",295.0,Café Conillon,10
2018-01-29,Café Conillon,EUNAPOLIS,Tipo 7,sc 60 kg,"300,00",300.0,Café Conillon,10
2018-01-29,Café Conillon,EUNAPOLIS,Tipo 7/8,sc 60 kg,"295,00",295.0,Café Conillon,10
2018-01-30,Café Conillon,EUNAPOLIS,Tipo 7,sc 60 kg,"300,00",300.0,Café Conillon,10
2018-01-30,Café Conillon,EUNAPOLIS,Tipo 7/8,sc 60 kg,"295,00",295.0,Café Conillon,10
2018-01-31,Café Conillon,EUNAPOLIS,Tipo 7,sc 60 kg,"300,00",300.0,Café Conillon,10
2018-01-31,Café Conillon,EUNAPOLIS,Tipo 7/8,sc 60 kg,"295,00",295.0,Café Conillon,10
2018-02-01,Café Conillon,EUNAPOLIS,Tipo 7,sc 60 kg,"300,00",300.0,Café Conillon,10
2018-02-01,Café Conillon,EUNAPOLIS,Tipo 7/8,sc 60 kg,"295,00",295.0,Café Conillon,10
2018-02-02,Café Conillon,EUNAPOLIS,Tipo 7,sc 60 kg,"300,00",300.0,Café Conillon,10
2018-02-02,Café Conillon,EUNAPOLIS,Tipo 7/8,sc 60 kg,"295,00",295.0,Café Conillon,10
2018-02-05,Café Conillon,EUNAPOLIS,Tipo 7,sc 60 kg,"300,00",300.0,Café Conillon,10
2018-02-05,Café Conillon,EUNAPOLIS,Tipo 7/8,sc 60 kg,"295,00",295.0,Café Conillon,10
2018-02-06,Café Conillon,EUNAPOLIS,Tipo 7,sc 60 kg,"300,00",300.0,Café Conillon,10
2018-02-06,Café Conillon,EUNAPOLIS,Tipo 7/8,sc 60 kg,"295,00",295.0,Café Conillon,10
2018-02-07,Café Conillon,EUNAPOLIS,Tipo 7,sc 60 kg,"300,00",300.0,Café Conillon,10
2018-02-07,Café Conillon,EUNAPOLIS,Tipo 7/8,sc 60 kg,"295,00",295.0,Café Conillon,10
2018-02-08,Café Conillon,EUNAPOLIS,Tipo 7,sc 60 kg,"300,00",300.0,Café Conillon,10
2018-02-08,Café Conillon,EUNAPOLIS,Tipo 7/8,sc 60 kg,"295,00",295.0,Café Conillon,10
2018-02-15,Café Conillon,EUNAPOLIS,Tipo 7,sc 60 kg,"300,00",300.0,Café Conillon,10
2018-02-15,Café Conillon,EUNAPOLIS,Tipo 7/8,sc 60 kg,"295,00",295.0,Café Conillon,10
2018-02-16,Café Conillon,EUNAPOLIS,Tipo 7,sc 60 kg,"300,00",300.0,Café Conillon,10
2018-02-16,Café Conillon,EUNAPOLIS,Tipo 7/8,sc 60 kg,"295,00",295.0,Café Conillon,10
2018-02-19,Café Conillon,EUNAPOLIS,Tipo 7,sc 60 kg,"300,00",300.0,Café Conillon,10
2018-02-19,Café Conillon,EUNAPOLIS,Tipo 7/8,sc 60 kg,"295,00",295.0,Café Conillon,10
2018-02-20,Café Conillon,EUNAPOLIS,Tipo 7,sc 60 kg,"300,00",300.0,Café Conillon,10
2018-02-20,Café Conillon,EUNAPOLIS,Tipo 7/8,sc 60 kg,"295,00",295.0,Café Conillon,10
2018-02-21,Café Conillon,EUNAPOLIS,Tipo 7,sc 60 kg,"300,00",300.0,Café Conillon,10
2018-02-21,Café Conillon,EUNAPOLIS,Tipo 7/8,sc 60 kg,"295,00",295.0,Café Conillon,10
2018-02-22,Café Conillon,EUNAPOLIS,Tipo 7,sc 60 kg,"300,00",300.0,Café Conillon,10
2018-02-22,Café Conillon,EUNAPOLIS,Tipo 7/8,sc 60 kg,"295,00",295.0,Café Conillon,10
2018-02-23,Café Conillon,EUNAPOLIS,Tipo 7,sc 60 kg,"300,00",300.0,Café Conillon,10
2018-02-23,Café Conillon,EUNAPOLIS,Tipo 7/8,sc 60 kg,"295,00",295.0,Café Conillon,10
2018-02-26,Café Conillon,EUNAPOLIS,Tipo 7,sc 60 kg,"300,00",300.0,Café Conillon,10
2018-02-26,Café Conillon,EUNAPOLIS,Tipo 7/8,sc 60 kg,"295,00",295.0,Café Conillon,10
2018-02-27,Café Conillon,EUNAPOLIS,Tipo 7,sc 60 kg,"300,00",300.0,Café Conillon,10
2018-02-27,Café Conillon,EUNAPOLIS,Tipo 7/8,sc 60 kg,"295,00",295.0,Café Conillon,10
2018-02-28,Café Conillon,EUNAPOLIS,Tipo 7,sc 60 kg,"300,00",300.0,Café Conillon,10
2018-02-28,Café Conillon,EUNAPOLIS,Tipo 7/8,sc 60 kg,"295,00",295.0,Café Conillon,10
2018-03-01,Café Conillon,EUNAPOLIS,Tipo 7,sc 60 kg,"300,00",300.0,Café Conillon,10
2018-03-01,Café Conillon,EUNAPOLIS,Tipo 7/8,sc 60 kg,"295,00",295.0,Café Conillon,10
2018-03-02,Café Conillon,EUNAPOLIS,Tipo 7,sc 60 kg,"300,00",300.0,Café Conillon,10
2018-03-02,Café Conillon,EUNAPOLIS,Tipo 7/8,sc 60 kg,"295,00",295.0,Café Conillon,10
2018-03-05,Café Conillon,EUNAPOLIS,Tipo 7,sc 60 kg,"300,00",300.0,Café Conillon,10
2018-03-05,Café Conillon,EUNAPOLIS,Tipo 7/8,sc 60 kg,"295,00",295.0,Café Conillon,10
2018-03-06,Café Conillon,EUNAPOLIS,Tipo 7,sc 60 kg,"300,00",300.0,Café Conillon,10
2018-03-06,Café Conillon,EUNAPOLIS,Tipo 7/8,sc 60 kg,"295,00",295.0,Café Conillon,10
2018-03-07,Café Conillon,EUNAPOLIS,Tipo 7,sc 60 kg,"300,00",300.0,Café Conillon,10
2018-03-07,Café Conillon,EUNAPOLIS,Tipo 7/8,sc 60 kg,"295,00",295.0,Café Conillon,10
2018-03-08,Café Conillon,EUNAPOLIS,Tipo 7,sc 60 kg,"300,00",300.0,Café Conillon,10
2018-03-08,Café Conillon,EUNAPOLIS,Tipo 7/8,sc 60 kg,"295,00",295.0,Café Conillon,10
2018-03-09,Café Conillon,EUNAPOLIS,Tipo 7,sc 60 kg,"300,00",300.0,Café Conillon,10
2018-03-09,Café Conillon,EUNAPOLIS,Tipo 7/8,sc 60 kg,"295,00",295.0,Café Conillon,10
2018-03-12,Café Conillon,EUNAPOLIS,Tipo 7,sc 60 kg,"300,00",300.0,Café Conillon,10
2018-03-12,Café Conillon,EUNAPOLIS,Tipo 7/8,sc 60 kg,"295,00",295.0,Café Conillon,10
2018-03-13,Café Conillon,EUNAPOLIS,Tipo 7,sc 60 kg,"300,00",300.0,Café Conillon,10
2018-03-13,Café Conillon,EUNAPOLIS,Tipo 7/8,sc 60 kg,"295,00",295.0,Café Conillon,10
2018-03-14,Café Conillon,EUNAPOLIS,Tipo 7,sc 60 kg,"300,00",300.0,Café Conillon,10
2018-03-14,Café Conillon,EUNAPOLIS,Tipo 7/8,sc 60 kg,"295,00",295.0,Café Conillon,10
2018-03-15,Café Conillon,EUNAPOLIS,Tipo 7,sc 60 kg,"290,00",290.0,Café Conillon,10
2018-03-15,Café Conillon,EUNAPOLIS,Tipo 7/8,sc 60 kg,"285,00",285.0,Café Conillon,10
2018-03-16,Café Conillon,EUNAPOLIS,Tipo 7,sc 60 kg,"290,00",290.0,Café Conillon,10
2018-03-16,Café Conillon,EUNAPOLIS,Tipo 7/8,sc 60 kg,"285,00",285.0,Café Conillon,10
2018-03-19,Café Conillon,EUNAPOLIS,Tipo 7,sc 60 kg,"290,00",290.0,Café Conillon,10
2018-03-19,Café Conillon,EUNAPOLIS,Tipo 7/8,sc 60 kg,"285,00",285.0,Café Conillon,10
2018-03-20,Café Conillon,EUNAPOLIS,Tipo 7,sc 60 kg,"290,00",290.0,Café Conillon,10
2018-03-20,Café Conillon,EUNAPOLIS,Tipo 7/8,sc 60 kg,"285,00",285.0,Café Conillon,10
2018-03-21,Café Conillon,EUNAPOLIS,Tipo 7,sc 60 kg,"290,00",290.0,Café Conillon,10
2018-03-21,Café Conillon,EUNAPOLIS,Tipo 7/8,sc 60 kg,"285,00",285.0,Café Conillon,10
2018-03-22,Café Conillon,EUNAPOLIS,Tipo 7,sc 60 kg,"290,00",290.0,Café Conillon,10
2018-03-22,Café Conillon,EUNAPOLIS,Tipo 7/8,sc 60 kg,"285,00",285.0,Café Conillon,10
2018-03-23,Café Conillon,EUNAPOLIS,Tipo 7,sc 60 kg,"290,00",290.0,Café Conillon,10
2018-03-23,Café Conillon,EUNAPOLIS,Tipo 7/8,sc 60 kg,"285,00",285.0,Café Conillon,10
2018-03-26,Café Conillon,EUNAPOLIS,Tipo 7,sc 60 kg,"290,00",290.0,Café Conillon,10
2018-03-26,Café Conillon,EUNAPOLIS,Tipo 7/8,sc 60 kg,"285,00",285.0,Café Conillon,10
2018-03-27,Café Conillon,EUNAPOLIS,Tipo 7,sc 60 kg,"290,00",290.0,Café Conillon,10
2018-03-27,Café Conillon,EUNAPOLIS,Tipo 7/8,sc 60 kg,"285,00",285.0,Café Conillon,10
2018-03-28,Café Conillon,EUNAPOLIS,Tipo 7,sc 60 kg,"290,00",290.0,Café Conillon,10
2018-03-28,Café Conillon,EUNAPOLIS,Tipo 7/8,sc 60 kg,"285,00",285.0,Café Conillon,10
2018-03-29,Café Conillon,EUNAPOLIS,Tipo 7,sc 60 kg,"290,00",290.0,Café Conillon,10
2018-03-29,Café Conillon,EUNAPOLIS,Tipo 7/8,sc 60 kg,"285,00",285.0,Café Conillon,10
2018-04-02,Café Conillon,EUNAPOLIS,Tipo 7,sc 60 kg,"290,00",290.0,Café Conillon,10
2018-04-02,Café Conillon,EUNAPOLIS,Tipo 7/8,sc 60 kg,"285,00",285.0,Café Conillon,10
2018-04-03,Café Conillon,EUNAPOLIS,Tipo 7,sc 60 kg,"290,00",290.0,Café Conillon,10
2018-04-03,Café Conillon,EUNAPOLIS,Tipo 7/8,sc 60 kg,"285,00",285.0,Café Conillon,10
2018-04-04,Café Conillon,EUNAPOLIS,Tipo 7,sc 60 kg,"290,00",290.0,Café Conillon,10
2018-04-04,Café Conillon,EUNAPOLIS,Tipo 7/8,sc 60 kg,"285,00",285.0,Café Conillon,10
2018-04-05,Café Conillon,EUNAPOLIS,Tipo 7,sc 60 kg,"290,00",290.0,Café Conillon,10
2018-04-05,Café Conillon,EUNAPOLIS,Tipo 7/8,sc 60 kg,"285,00",285.0,Café Conillon,10
2018-04-06,Café Conillon,EUNAPOLIS,Tipo 7,sc 60 kg,"290,00",290.0,Café Conillon,10
2018-04-06,Café Conillon,EUNAPOLIS,Tipo 7/8,sc 60 kg,"285,00",285.0,Café Conillon,10
2018-04-09,Café Conillon,EUNAPOLIS,Tipo 7,sc 60 kg,"290,00",290.0,Café Conillon,10
2018-04-09,Café Conillon,EUNAPOLIS,Tipo 7/8,sc 60 kg,"285,00",285.0,Café Conillon,10
2018-04-10,Café Conillon,EUNAPOLIS,Tipo 7,sc 60 kg,"290,00",290.0,Café Conillon,10
2018-04-10,Café Conillon,EUNAPOLIS,Tipo 7/8,sc 60 kg,"285,00",285.0,Café Conillon,10
2018-04-11,Café Conillon,EUNAPOLIS,Tipo 7,sc 60 kg,"290,00",290.0,Café Conillon,10
2018-04-11,Café Conillon,EUNAPOLIS,Tipo 7/8,sc 60 kg,"285,00",285.0,Café Conillon,10
2018-04-12,Café Conillon,EUNAPOLIS,Tipo 7,sc 60 kg,"290,00",290.0,Café Conillon,10
2018-04-12,Café Conillon,EUNAPOLIS,Tipo 7/8,sc 60 kg,"285,00",285.0,Café Conillon,10
2018-04-13,Café Conillon,EUNAPOLIS,Tipo 7,sc 60 kg,"290,00",290.0,Café Conillon,10
2018-04-13,Café Conillon,EUNAPOLIS,Tipo 7/8,sc 60 kg,"285,00",285.0,Café Conillon,10
2018-04-16,Café Conillon,EUNAPOLIS,Tipo 7,sc 60 kg,"290,00",290.0,Café Conillon,10
2018-04-16,Café Conillon,EUNAPOLIS,Tipo 7/8,sc 60 kg,"285,00",285.0,Café Conillon,10
2018-04-17,Café Conillon,EUNAPOLIS,Tipo 7,sc 60 kg,"290,00",290.0,Café Conillon,10
2018-04-17,Café Conillon,EUNAPOLIS,Tipo 7/8,sc 60 kg,"285,00",285.0,Café Conillon,10
2018-04-18,Café Conillon,EUNAPOLIS,Tipo 7,sc 60 kg,"290,00",290.0,Café Conillon,10
2018-04-18,Café Conillon,EUNAPOLIS,Tipo 7/8,sc 60 kg,"285,00",285.0,Café Conillon,10
2018-04-19,Café Conillon,EUNAPOLIS,Tipo 7,sc 60 kg,"290,00",290.0,Café Conillon,10
2018-04-19,Café Conillon,EUNAPOLIS,Tipo 7/8,sc 60 kg,"285,00",285.0,Café Conillon,10
2018-04-20,Café Conillon,EUNAPOLIS,Tipo 7,sc 60 kg,"290,00",290.0,Café Conillon,10
2018-04-20,Café Conillon,EUNAPOLIS,Tipo 7/8,sc 60 kg,"285,00",285.0,Café Conillon,10
2018-04-23,Café Conillon,EUNAPOLIS,Tipo 7,sc 60 kg,"290,00",290.0,Café Conillon,10
2018-04-23,Café Conillon,EUNAPOLIS,Tipo 7/8,sc 60 kg,"285,00",285.0,Café Conillon,10
2018-04-24,Café Conillon,EUNAPOLIS,Tipo 7,sc 60 kg,"290,00",290.0,Café Conillon,10
2018-04-24,Café Conillon,EUNAPOLIS,Tipo 7/8,sc 60 kg,"285,00",285.0,Café Conillon,10
2018-04-25,Café Conillon,EUNAPOLIS,Tipo 7,sc 60 kg,"290,00",290.0,Café Conillon,10
2018-04-25,Café Conillon,EUNAPOLIS,Tipo 7/8,sc 60 kg,"285,00",285.0,Café Conillon,10
2018-04-26,Café Conillon,EUNAPOLIS,Tipo 7,sc 60 kg,"290,00",290.0,Café Conillon,10
2018-04-26,Café Conillon,EUNAPOLIS,Tipo 7/8,sc 60 kg,"285,00",285.0,Café Conillon,10
2018-04-27,Café Conillon,EUNAPOLIS,Tipo 7,sc 60 kg,"290,00",290.0,Café Conillon,10
2018-04-27,Café Conillon,EUNAPOLIS,Tipo 7/8,sc 60 kg,"285,00",285.0,Café Conillon,10
2018-05-02,Café Conillon,EUNAPOLIS,Tipo 7,sc 60 kg,"290,00",290.0,Café Conillon,10
2018-05-02,Café Conillon,EUNAPOLIS,Tipo 7/8,sc 60 kg,"285,00",285.0,Café Conillon,10
2018-05-03,Café Conillon,EUNAPOLIS,Tipo 7,sc 60 kg,"290,00",290.0,Café Conillon,10
2018-05-03,Café Conillon,EUNAPOLIS,Tipo 7/8,sc 60 kg,"285,00",285.0,Café Conillon,10
2018-05-04,Café Conillon,EUNAPOLIS,Tipo 7,sc 60 kg,"290,00",290.0,Café Conillon,10
2018-05-04,Café Conillon,EUNAPOLIS,Tipo 7/8,sc 60 kg,"285,00",285.0,Café Conillon,10
2018-05-07,Café Conillon,EUNAPOLIS,Tipo 7,sc 60 kg,"290,00",290.0,Café Conillon,10
2018-05-07,Café Conillon,EUNAPOLIS,Tipo 7/8,sc 60 kg,"285,00",285.0,Café Conillon,10
2018-05-08,Café Conillon,EUNAPOLIS,Tipo 7,sc 60 kg,"290,00",290.0,Café Conillon,10
2018-05-08,Café Conillon,EUNAPOLIS,Tipo 7/8,sc 60 kg,"285,00",285.0,Café Conillon,10
2018-05-09,Café Conillon,EUNAPOLIS,Tipo 7,sc 60 kg,"290,00",290.0,Café Conillon,10
2018-05-09,Café Conillon,EUNAPOLIS,Tipo 7/8,sc 60 kg,"285,00",285.0,Café Conillon,10
2018-05-10,Café Conillon,EUNAPOLIS,Tipo 7,sc 60 kg,"290,00",290.0,Café Conillon,10
2018-05-10,Café Conillon,EUNAPOLIS,Tipo 7/8,sc 60 kg,"285,00",285.0,Café Conillon,10
2018-05-11,Café Conillon,EUNAPOLIS,Tipo 7,sc 60 kg,"290,00",290.0,Café Conillon,10
2018-05-11,Café Conillon,EUNAPOLIS,Tipo 7/8,sc 60 kg,"285,00",285.0,Café Conillon,10
2018-05-14,Café Conillon,EUNAPOLIS,Tipo 7,sc 60 kg,"290,00",290.0,Café Conillon,10
2018-05-14,Café Conillon,EUNAPOLIS,Tipo 7/8,sc 60 kg,"285,00",285.0,Café Conillon,10
2018-05-15,Café Conillon,EUNAPOLIS,Tipo 7,sc 60 kg,"290,00",290.0,Café Conillon,10
2018-05-15,Café Conillon,EUNAPOLIS,Tipo 7/8,sc 60 kg,"285,00",285.0,Café Conillon,10
2018-05-16,Café Conillon,EUNAPOLIS,Tipo 7,sc 60 kg,"290,00",290.0,Café Conillon,10
2018-05-16,Café Conillon,EUNAPOLIS,Tipo 7/8,sc 60 kg,"285,00",285.0,Café Conillon,10
2018-05-17,Café Conillon,EUNAPOLIS,Tipo 7,sc 60 kg,"290,00",290.0,Café Conillon,10
2018-05-17,Café Conillon,EUNAPOLIS,Tipo 7/8,sc 60 kg,"285,00",285.0,Café Conillon,10
2018-05-18,Café Conillon,EUNAPOLIS,Tipo 7,sc 60 kg,"290,00",290.0,Café Conillon,10
2018-05-18,Café Conillon,EUNAPOLIS,Tipo 7/8,sc 60 kg,"285,00",285.0,Café Conillon,10
2018-05-21,Café Conillon,EUNAPOLIS,Tipo 7,sc 60 kg,"310,00",310.0,Café Conillon,10
2018-05-21,Café Conillon,EUNAPOLIS,Tipo 7/8,sc 60 kg,"305,00",305.0,Café Conillon,10
2018-05-22,Café Conillon,EUNAPOLIS,Tipo 7,sc 60 kg,"310,00",310.0,Café Conillon,10
2018-05-22,Café Conillon,EUNAPOLIS,Tipo 7/8,sc 60 kg,"305,00",305.0,Café Conillon,10
2018-05-23,Café Conillon,EUNAPOLIS,Tipo 7,sc 60 kg,"310,00",310.0,Café Conillon,10
2018-05-23,Café Conillon,EUNAPOLIS,Tipo 7/8,sc 60 kg,"305,00",305.0,Café Conillon,10
2018-05-24,Café Conillon,EUNAPOLIS,Tipo 7,sc 60 kg,"310,00",310.0,Café Conillon,10
2018-05-24,Café Conillon,EUNAPOLIS,Tipo 7/8,sc 60 kg,"305,00",305.0,Café Conillon,10
2018-05-25,Café Conillon,EUNAPOLIS,Tipo 7,sc 60 kg,"310,00",310.0,Café Conillon,10
2018-05-25,Café Conillon,EUNAPOLIS,Tipo 7/8,sc 60 kg,"305,00",305.0,Café Conillon,10
2018-05-28,Café Conillon,EUNAPOLIS,Tipo 7,sc 60 kg,"310,00",310.0,Café Conillon,10
2018-05-28,Café Conillon,EUNAPOLIS,Tipo 7/8,sc 60 kg,"305,00",305.0,Café Conillon,10
2018-05-29,Café Conillon,EUNAPOLIS,Tipo 7,sc 60 kg,"310,00",310.0,Café Conillon,10
2018-05-29,Café Conillon,EUNAPOLIS,Tipo 7/8,sc 60 kg,"305,00",305.0,Café Conillon,10
2018-05-30,Café Conillon,EUNAPOLIS,Tipo 7,sc 60 kg,"313,00",313.0,Café Conillon,10
2018-05-30,Café Conillon,EUNAPOLIS,Tipo 7/8,sc 60 kg,"308,00",308.0,Café Conillon,10
2018-06-04,Café Conillon,EUNAPOLIS,Tipo 7,sc 60 kg,"313,00",313.0,Café Conillon,10
2018-06-04,Café Conillon,EUNAPOLIS,Tipo 7/8,sc 60 kg,"308,00",308.0,Café Conillon,10
2018-06-05,Café Conillon,EUNAPOLIS,Tipo 7,sc 60 kg,"313,00",313.0,Café Conillon,10
2018-06-05,Café Conillon,EUNAPOLIS,Tipo 7/8,sc 60 kg,"308,00",308.0,Café Conillon,10
2018-06-06,Café Conillon,EUNAPOLIS,Tipo 7,sc 60 kg,"313,00",313.0,Café Conillon,10
2018-06-06,Café Conillon,EUNAPOLIS,Tipo 7/8,sc 60 kg,"308,00",308.0,Café Conillon,10
2018-06-07,Café Conillon,EUNAPOLIS,Tipo 7,sc 60 kg,"313,00",313.0,Café Conillon,10
2018-06-07,Café Conillon,EUNAPOLIS,Tipo 7/8,sc 60 kg,"308,00",308.0,Café Conillon,10
2018-06-08,Café Conillon,EUNAPOLIS,Tipo 7,sc 60 kg,"313,00",313.0,Café Conillon,10
2018-06-08,Café Conillon,EUNAPOLIS,Tipo 7/8,sc 60 kg,"308,00",308.0,Café Conillon,10
2018-06-11,Café Conillon,EUNAPOLIS,Tipo 7,sc 60 kg,"313,00",313.0,Café Conillon,10
2018-06-11,Café Conillon,EUNAPOLIS,Tipo 7/8,sc 60 kg,"308,00",308.0,Café Conillon,10
2018-06-12,Café Conillon,EUNAPOLIS,Tipo 7,sc 60 kg,"320,00",320.0,Café Conillon,10
2018-06-12,Café Conillon,EUNAPOLIS,Tipo 7/8,sc 60 kg,"315,00",315.0,Café Conillon,10
2018-06-13,Café Conillon,EUNAPOLIS,Tipo 7,sc 60 kg,"320,00",320.0,Café Conillon,10
2018-06-13,Café Conillon,EUNAPOLIS,Tipo 7/8,sc 60 kg,"315,00",315.0,Café Conillon,10
2018-06-14,Café Conillon,EUNAPOLIS,Tipo 7,sc 60 kg,"320,00",320.0,Café Conillon,10
2018-06-14,Café Conillon,EUNAPOLIS,Tipo 7/8,sc 60 kg,"315,00",315.0,Café Conillon,10
2018-06-15,Café Conillon,EUNAPOLIS,Tipo 7,sc 60 kg,"320,00",320.0,Café Conillon,10
2018-06-15,Café Conillon,EUNAPOLIS,Tipo 7/8,sc 60 kg,"315,00",315.0,Café Conillon,10
2018-06-18,Café Conillon,EUNAPOLIS,Tipo 7,sc 60 kg,"320,00",320.0,Café Conillon,10
2018-06-18,Café Conillon,EUNAPOLIS,Tipo 7/8,sc 60 kg,"315,00",315.0,Café Conillon,10
2018-06-19,Café Conillon,EUNAPOLIS,Tipo 7,sc 60 kg,"320,00",320.0,Café Conillon,10
2018-06-19,Café Conillon,EUNAPOLIS,Tipo 7/8,sc 60 kg,"315,00",315.0,Café Conillon,10
2018-06-20,Café Conillon,EUNAPOLIS,Tipo 7,sc 60 kg,"315,00",315.0,Café Conillon,10
2018-06-20,Café Conillon,EUNAPOLIS,Tipo 7/8,sc 60 kg,"310,00",310.0,Café Conillon,10
2018-06-21,Café Conillon,EUNAPOLIS,Tipo 7,sc 60 kg,"315,00",315.0,Café Conillon,10
2018-06-21,Café Conillon,EUNAPOLIS,Tipo 7/8,sc 60 kg,"310,00",310.0,Café Conillon,10
2018-06-25,Café Conillon,EUNAPOLIS,Tipo 7,sc 60 kg,"315,00",315.0,Café Conillon,10
2018-06-25,Café Conillon,EUNAPOLIS,Tipo 7/8,sc 60 kg,"310,00",310.0,Café Conillon,10
2018-06-26,Café Conillon,EUNAPOLIS,Tipo 7,sc 60 kg,"315,00",315.0,Café Conillon,10
2018-06-26,Café Conillon,EUNAPOLIS,Tipo 7/8,sc 60 kg,"310,00",310.0,Café Conillon,10
2018-06-27,Café Conillon,EUNAPOLIS,Tipo 7,sc 60 kg,"315,00",315.0,Café Conillon,10
2018-06-27,Café Conillon,EUNAPOLIS,Tipo 7/8,sc 60 kg,"310,00",310.0,Café Conillon,10
2018-06-28,Café Conillon,EUNAPOLIS,Tipo 7,sc 60 kg,"315,00",315.0,Café Conillon,10
2018-06-28,Café Conillon,EUNAPOLIS,Tipo 7/8,sc 60 kg,"310,00",310.0,Café Conillon,10
2018-06-29,Café Conillon,EUNAPOLIS,Tipo 7,sc 60 kg,"315,00",315.0,Café Conillon,10
2018-06-29,Café Conillon,EUNAPOLIS,Tipo 7/8,sc 60 kg,"310,00",310.0,Café Conillon,10
2018-07-03,Café Conillon,EUNAPOLIS,Tipo 7,sc 60 kg,"315,00",315.0,Café Conillon,10
2018-07-03,Café Conillon,EUNAPOLIS,Tipo 7/8,sc 60 kg,"310,00",310.0,Café Conillon,10
2018-07-04,Café Conillon,EUNAPOLIS,Tipo 7,sc 60 kg,"315,00",315.0,Café Conillon,10
2018-07-04,Café Conillon,EUNAPOLIS,Tipo 7/8,sc 60 kg,"310,00",310.0,Café Conillon,10
2018-07-05,Café Conillon,EUNAPOLIS,Tipo 7,sc 60 kg,"315,00",315.0,Café Conillon,10
2018-07-05,Café Conillon,EUNAPOLIS,Tipo 7/8,sc 60 kg,"310,00",310.0,Café Conillon,10
2018-07-06,Café Conillon,EUNAPOLIS,Tipo 7,sc 60 kg,"315,00",315.0,Café Conillon,10
2018-07-06,Café Conillon,EUNAPOLIS,Tipo 7/8,sc 60 kg,"310,00",310.0,Café Conillon,10
2018-07-09,Café Conillon,EUNAPOLIS,Tipo 7,sc 60 kg,"315,00",315.0,Café Conillon,10
2018-07-09,Café Conillon,EUNAPOLIS,Tipo 7/8,sc 60 kg,"310,00",310.0,Café Conillon,10
2018-07-10,Café Conillon,EUNAPOLIS,Tipo 7,sc 60 kg,"315,00",315.0,Café Conillon,10
2018-07-10,Café Conillon,EUNAPOLIS,Tipo 7/8,sc 60 kg,"310,00",310.0,Café Conillon,10
2018-07-11,Café Conillon,EUNAPOLIS,Tipo 7,sc 60 kg,"315,00",315.0,Café Conillon,10
2018-07-11,Café Conillon,EUNAPOLIS,Tipo 7/8,sc 60 kg,"310,00",310.0,Café Conillon,10
2018-07-12,Café Conillon,EUNAPOLIS,Tipo 7,sc 60 kg,"315,00",315.0,Café Conillon,10
2018-07-12,Café Conillon,EUNAPOLIS,Tipo 7/8,sc 60 kg,"310,00",310.0,Café Conillon,10
2018-07-13,Café Conillon,EUNAPOLIS,Tipo 7,sc 60 kg,"315,00",315.0,Café Conillon,10
2018-07-13,Café Conillon,EUNAPOLIS,Tipo 7/8,sc 60 kg,"310,00",310.0,Café Conillon,10
2018-07-16,Café Conillon,EUNAPOLIS,Tipo 7,sc 60 kg,"317,00",317.0,Café Conillon,10
2018-07-16,Café Conillon,EUNAPOLIS,Tipo 7/8,sc 60 kg,"312,00",312.0,Café Conillon,10
2018-07-17,Café Conillon,EUNAPOLIS,Tipo 7,sc 60 kg,"317,00",317.0,Café Conillon,10
2018-07-17,Café Conillon,EUNAPOLIS,Tipo 7/8,sc 60 kg,"312,00",312.0,Café Conillon,10
2018-07-18,Café Conillon,EUNAPOLIS,Tipo 7,sc 60 kg,"317,00",317.0,Café Conillon,10
2018-07-18,Café Conillon,EUNAPOLIS,Tipo 7/8,sc 60 kg,"312,00",312.0,Café Conillon,10
2018-07-19,Café Conillon,EUNAPOLIS,Tipo 7,sc 60 kg,"317,00",317.0,Café Conillon,10
2018-07-19,Café Conillon,EUNAPOLIS,Tipo 7/8,sc 60 kg,"312,00",312.0,Café Conillon,10
2018-07-20,Café Conillon,EUNAPOLIS,Tipo 7,sc 60 kg,"317,00",317.0,Café Conillon,10
2018-07-20,Café Conillon,EUNAPOLIS,Tipo 7/8,sc 60 kg,"312,00",312.0,Café Conillon,10
2018-07-23,Café Conillon,EUNAPOLIS,Tipo 7,sc 60 kg,"317,00",317.0,Café Conillon,10
2018-07-23,Café Conillon,EUNAPOLIS,Tipo 7/8,sc 60 kg,"312,00",312.0,Café Conillon,10
2018-07-24,Café Conillon,EUNAPOLIS,Tipo 7,sc 60 kg,"317,00",317.0,Café Conillon,10
2018-07-24,Café Conillon,EUNAPOLIS,Tipo 7/8,sc 60 kg,"312,00",312.0,Café Conillon,10
2018-07-25,Café Conillon,EUNAPOLIS,Tipo 7,sc 60 kg,"317,00",317.0,Café Conillon,10
2018-07-25,Café Conillon,EUNAPOLIS,Tipo 7/8,sc 60 kg,"312,00",312.0,Café Conillon,10
2018-07-26,Café Conillon,EUNAPOLIS,Tipo 7,sc 60 kg,"317,00",317.0,Café Conillon,10
2018-07-26,Café Conillon,EUNAPOLIS,Tipo 7/8,sc 60 kg,"312,00",312.0,Café Conillon,10
2018-07-27,Café Conillon,EUNAPOLIS,Tipo 7,sc 60 kg,"317,00",317.0,Café Conillon,10
2018-07-27,Café Conillon,EUNAPOLIS,Tipo 7/8,sc 60 kg,"312,00",312.0,Café Conillon,10
2018-07-30,Café Conillon,EUNAPOLIS,Tipo 7,sc 60 kg,"305,00",305.0,Café Conillon,10
2018-07-30,Café Conillon,EUNAPOLIS,Tipo 7/8,sc 60 kg,"300,00",300.0,Café Conillon,10
2018-07-31,Café Conillon,EUNAPOLIS,Tipo 7,sc 60 kg,"305,00",305.0,Café Conillon,10
2018-07-31,Café Conillon,EUNAPOLIS,Tipo 7/8,sc 60 kg,"300,00",300.0,Café Conillon,10
2018-08-01,Café Conillon,EUNAPOLIS,Tipo 7,sc 60 kg,"305,00",305.0,Café Conillon,10
2018-08-01,Café Conillon,EUNAPOLIS,Tipo 7/8,sc 60 kg,"300,00",300.0,Café Conillon,10
2018-08-02,Café Conillon,EUNAPOLIS,Tipo 7,sc 60 kg,"305,00",305.0,Café Conillon,10
2018-08-02,Café Conillon,EUNAPOLIS,Tipo 7/8,sc 60 kg,"300,00",300.0,Café Conillon,10
2018-08-03,Café Conillon,EUNAPOLIS,Tipo 7,sc 60 kg,"305,00",305.0,Café Conillon,10
2018-08-03,Café Conillon,EUNAPOLIS,Tipo 7/8,sc 60 kg,"300,00",300.0,Café Conillon,10
2018-08-06,Café Conillon,EUNAPOLIS,Tipo 7,sc 60 kg,"305,00",305.0,Café Conillon,10
2018-08-06,Café Conillon,EUNAPOLIS,Tipo 7/8,sc 60 kg,"300,00",300.0,Café Conillon,10
2018-08-07,Café Conillon,EUNAPOLIS,Tipo 7,sc 60 kg,"300,00",300.0,Café Conillon,10
2018-08-07,Café Conillon,EUNAPOLIS,Tipo 7/8,sc 60 kg,"295,00",295.0,Café Conillon,10
2018-08-08,Café Conillon,EUNAPOLIS,Tipo 7,sc 60 kg,"300,00",300.0,Café Conillon,10
2018-08-08,Café Conillon,EUNAPOLIS,Tipo 7/8,sc 60 kg,"295,00",295.0,Café Conillon,10
2018-08-09,Café Conillon,EUNAPOLIS,Tipo 7,sc 60 kg,"300,00",300.0,Café Conillon,10
2018-08-09,Café Conillon,EUNAPOLIS,Tipo 7/8,sc 60 kg,"295,00",295.0,Café Conillon,10
2018-08-10,Café Conillon,EUNAPOLIS,Tipo 7,sc 60 kg,"300,00",300.0,Café Conillon,10
2018-08-10,Café Conillon,EUNAPOLIS,Tipo 7/8,sc 60 kg,"295,00",295.0,Café Conillon,10
2018-08-13,Café Conillon,EUNAPOLIS,Tipo 7,sc 60 kg,"300,00",300.0,Café Conillon,10
2018-08-13,Café Conillon,EUNAPOLIS,Tipo 7/8,sc 60 kg,"295,00",295.0,Café Conillon,10
2018-08-14,Café Conillon,EUNAPOLIS,Tipo 7,sc 60 kg,"300,00",300.0,Café Conillon,10
2018-08-14,Café Conillon,EUNAPOLIS,Tipo 7/8,sc 60 kg,"295,00",295.0,Café Conillon,10
2018-08-15,Café Conillon,EUNAPOLIS,Tipo 7,sc 60 kg,"300,00",300.0,Café Conillon,10
2018-08-15,Café Conillon,EUNAPOLIS,Tipo 7/8,sc 60 kg,"295,00",295.0,Café Conillon,10
2018-08-16,Café Conillon,EUNAPOLIS,Tipo 7,sc 60 kg,"300,00",300.0,Café Conillon,10
2018-08-16,Café Conillon,EUNAPOLIS,Tipo 7/8,sc 60 kg,"295,00",295.0,Café Conillon,10
2018-08-17,Café Conillon,EUNAPOLIS,Tipo 7,sc 60 kg,"303,00",303.0,Café Conillon,10
2018-08-17,Café Conillon,EUNAPOLIS,Tipo 7/8,sc 60 kg,"298,00",298.0,Café Conillon,10
2018-08-20,Café Conillon,EUNAPOLIS,Tipo 7,sc 60 kg,"303,00",303.0,Café Conillon,10
2018-08-20,Café Conillon,EUNAPOLIS,Tipo 7/8,sc 60 kg,"298,00",298.0,Café Conillon,10
2018-08-21,Café Conillon,EUNAPOLIS,Tipo 7,sc 60 kg,"303,00",303.0,Café Conillon,10
2018-08-21,Café Conillon,EUNAPOLIS,Tipo 7/8,sc 60 kg,"298,00",298.0,Café Conillon,10
2018-08-22,Café Conillon,EUNAPOLIS,Tipo 7,sc 60 kg,"300,00",300.0,Café Conillon,10
2018-08-22,Café Conillon,EUNAPOLIS,Tipo 7/8,sc 60 kg,"295,00",295.0,Café Conillon,10
2018-08-23,Café Conillon,EUNAPOLIS,Tipo 7,sc 60 kg,"300,00",300.0,Café Conillon,10
2018-08-23,Café Conillon,EUNAPOLIS,Tipo 7/8,sc 60 kg,"295,00",295.0,Café Conillon,10
2018-08-24,Café Conillon,EUNAPOLIS,Tipo 7,sc 60 kg,"300,00",300.0,Café Conillon,10
2018-08-24,Café Conillon,EUNAPOLIS,Tipo 7/8,sc 60 kg,"295,00",295.0,Café Conillon,10
2018-08-27,Café Conillon,EUNAPOLIS,Tipo 7,sc 60 kg,"300,00",300.0,Café Conillon,10
2018-08-27,Café Conillon,EUNAPOLIS,Tipo 7/8,sc 60 kg,"295,00",295.0,Café Conillon,10
2018-08-28,Café Conillon,EUNAPOLIS,Tipo 7,sc 60 kg,"300,00",300.0,Café Conillon,10
2018-08-28,Café Conillon,EUNAPOLIS,Tipo 7/8,sc 60 kg,"295,00",295.0,Café Conillon,10
2018-08-29,Café Conillon,EUNAPOLIS,Tipo 7,sc 60 kg,"300,00",300.0,Café Conillon,10
2018-08-29,Café Conillon,EUNAPOLIS,Tipo 7/8,sc 60 kg,"295,00",295.0,Café Conillon,10
2018-08-30,Café Conillon,EUNAPOLIS,Tipo 7,sc 60 kg,"300,00",300.0,Café Conillon,10
2018-08-30,Café Conillon,EUNAPOLIS,Tipo 7/8,sc 60 kg,"295,00",295.0,Café Conillon,10
2018-08-31,Café Conillon,EUNAPOLIS,Tipo 7,sc 60 kg,"300,00",300.0,Café Conillon,10
2018-08-31,Café Conillon,EUNAPOLIS,Tipo 7/8,sc 60 kg,"295,00",295.0,Café Conillon,10
2018-09-03,Café Conillon,EUNAPOLIS,Tipo 7,sc 60 kg,"300,00",300.0,Café Conillon,10
2018-09-03,Café Conillon,EUNAPOLIS,Tipo 7/8,sc 60 kg,"295,00",295.0,Café Conillon,10
2018-09-04,Café Conillon,EUNAPOLIS,Tipo 7,sc 60 kg,"300,00",300.0,Café Conillon,10
2018-09-04,Café Conillon,EUNAPOLIS,Tipo 7/8,sc 60 kg,"295,00",295.0,Café Conillon,10
2018-09-05,Café Conillon,EUNAPOLIS,Tipo 7,sc 60 kg,"300,00",300.0,Café Conillon,10
2018-09-05,Café Conillon,EUNAPOLIS,Tipo 7/8,sc 60 kg,"295,00",295.0,Café Conillon,10
2018-09-06,Café Conillon,EUNAPOLIS,Tipo 7,sc 60 kg,"302,00",302.0,Café Conillon,10
2018-09-06,Café Conillon,EUNAPOLIS,Tipo 7/8,sc 60 kg,"297,00",297.0,Café Conillon,10
2018-09-10,Café Conillon,EUNAPOLIS,Tipo 7,sc 60 kg,"302,00",302.0,Café Conillon,10
2018-09-10,Café Conillon,EUNAPOLIS,Tipo 7/8,sc 60 kg,"297,00",297.0,Café Conillon,10
2018-09-11,Café Conillon,EUNAPOLIS,Tipo 7,sc 60 kg,"302,00",302.0,Café Conillon,10
2018-09-11,Café Conillon,EUNAPOLIS,Tipo 7/8,sc 60 kg,"297,00",297.0,Café Conillon,10
2018-09-12,Café Conillon,EUNAPOLIS,Tipo 7,sc 60 kg,"302,00",302.0,Café Conillon,10
2018-09-12,Café Conillon,EUNAPOLIS,Tipo 7/8,sc 60 kg,"297,00",297.0,Café Conillon,10
2018-09-13,Café Conillon,EUNAPOLIS,Tipo 7,sc 60 kg,"303,00",303.0,Café Conillon,10
2018-09-13,Café Conillon,EUNAPOLIS,Tipo 7/8,sc 60 kg,"298,00",298.0,Café Conillon,10
2018-09-14,Café Conillon,EUNAPOLIS,Tipo 7,sc 60 kg,"303,00",303.0,Café Conillon,10
2018-09-14,Café Conillon,EUNAPOLIS,Tipo 7/8,sc 60 kg,"298,00",298.0,Café Conillon,10
2018-09-17,Café Conillon,EUNAPOLIS,Tipo 7,sc 60 kg,"303,00",303.0,Café Conillon,10
2018-09-17,Café Conillon,EUNAPOLIS,Tipo 7/8,sc 60 kg,"298,00",298.0,Café Conillon,10
2018-09-18,Café Conillon,EUNAPOLIS,Tipo 7,sc 60 kg,"303,00",303.0,Café Conillon,10
2018-09-18,Café Conillon,EUNAPOLIS,Tipo 7/8,sc 60 kg,"298,00",298.0,Café Conillon,10
2018-09-19,Café Conillon,EUNAPOLIS,Tipo 7,sc 60 kg,"303,00",303.0,Café Conillon,10
2018-09-19,Café Conillon,EUNAPOLIS,Tipo 7/8,sc 60 kg,"298,00",298.0,Café Conillon,10
2018-09-20,Café Conillon,EUNAPOLIS,Tipo 7,sc 60 kg,"303,00",303.0,Café Conillon,10
2018-09-20,Café Conillon,EUNAPOLIS,Tipo 7/8,sc 60 kg,"298,00",298.0,Café Conillon,10
2018-09-21,Café Conillon,EUNAPOLIS,Tipo 7,sc 60 kg,"303,00",303.0,Café Conillon,10
2018-09-21,Café Conillon,EUNAPOLIS,Tipo 7/8,sc 60 kg,"298,00",298.0,Café Conillon,10
2018-09-24,Café Conillon,EUNAPOLIS,Tipo 7,sc 60 kg,"303,00",303.0,Café Conillon,10
2018-09-24,Café Conillon,EUNAPOLIS,Tipo 7/8,sc 60 kg,"298,00",298.0,Café Conillon,10
2018-09-25,Café Conillon,EUNAPOLIS,Tipo 7,sc 60 kg,"303,00",303.0,Café Conillon,10
2018-09-25,Café Conillon,EUNAPOLIS,Tipo 7/8,sc 60 kg,"298,00",298.0,Café Conillon,10
2018-09-26,Café Conillon,EUNAPOLIS,Tipo 7,sc 60 kg,"303,00",303.0,Café Conillon,10
2018-09-26,Café Conillon,EUNAPOLIS,Tipo 7/8,sc 60 kg,"298,00",298.0,Café Conillon,10
2018-09-27,Café Conillon,EUNAPOLIS,Tipo 7,sc 60 kg,"303,00",303.0,Café Conillon,10
2018-09-27,Café Conillon,EUNAPOLIS,Tipo 7/8,sc 60 kg,"298,00",298.0,Café Conillon,10
2018-09-28,Café Conillon,EUNAPOLIS,Tipo 7,sc 60 kg,"300,00",300.0,Café Conillon,10
2018-09-28,Café Conillon,EUNAPOLIS,Tipo 7/8,sc 60 kg,"295,00",295.0,Café Conillon,10
2018-10-01,Café Conillon,EUNAPOLIS,Tipo 7,sc 60 kg,"300,00",300.0,Café Conillon,10
2018-10-01,Café Conillon,EUNAPOLIS,Tipo 7/8,sc 60 kg,"295,00",295.0,Café Conillon,10
2018-10-02,Café Conillon,EUNAPOLIS,Tipo 7,sc 60 kg,"300,00",300.0,Café Conillon,10
2018-10-02,Café Conillon,EUNAPOLIS,Tipo 7/8,sc 60 kg,"295,00",295.0,Café Conillon,10
2018-10-03,Café Conillon,EUNAPOLIS,Tipo 7,sc 60 kg,"305,00",305.0,Café Conillon,10
2018-10-03,Café Conillon,EUNAPOLIS,Tipo 7/8,sc 60 kg,"300,00",300.0,Café Conillon,10
2018-10-04,Café Conillon,EUNAPOLIS,Tipo 7,sc 60 kg,"305,00",305.0,Café Conillon,10
2018-10-04,Café Conillon,EUNAPOLIS,Tipo 7/8,sc 60 kg,"300,00",300.0,Café Conillon,10
2018-10-05,Café Conillon,EUNAPOLIS,Tipo 7,sc 60 kg,"305,00",305.0,Café Conillon,10
2018-10-05,Café Conillon,EUNAPOLIS,Tipo 7/8,sc 60 kg,"300,00",300.0,Café Conillon,10
2018-10-08,Café Conillon,EUNAPOLIS,Tipo 7,sc 60 kg,"305,00",305.0,Café Conillon,10
2018-10-08,Café Conillon,EUNAPOLIS,Tipo 7/8,sc 60 kg,"300,00",300.0,Café Conillon,10
2018-10-09,Café Conillon,EUNAPOLIS,Tipo 7,sc 60 kg,"305,00",305.0,Café Conillon,10
2018-10-09,Café Conillon,EUNAPOLIS,Tipo 7/8,sc 60 kg,"300,00",300.0,Café Conillon,10
2018-10-10,Café Conillon,EUNAPOLIS,Tipo 7,sc 60 kg,"305,00",305.0,Café Conillon,10
2018-10-10,Café Conillon,EUNAPOLIS,Tipo 7/8,sc 60 kg,"300,00",300.0,Café Conillon,10
2018-10-11,Café Conillon,EUNAPOLIS,Tipo 7,sc 60 kg,"305,00",305.0,Café Conillon,10
2018-10-11,Café Conillon,EUNAPOLIS,Tipo 7/8,sc 60 kg,"300,00",300.0,Café Conillon,10
2018-10-15,Café Conillon,EUNAPOLIS,Tipo 7,sc 60 kg,"307,00",307.0,Café Conillon,10
2018-10-15,Café Conillon,EUNAPOLIS,Tipo 7/8,sc 60 kg,"302,00",302.0,Café Conillon,10
2018-10-16,Café Conillon,EUNAPOLIS,Tipo 7,sc 60 kg,"307,00",307.0,Café Conillon,10
2018-10-16,Café Conillon,EUNAPOLIS,Tipo 7/8,sc 60 kg,"302,00",302.0,Café Conillon,10
2018-10-17,Café Conillon,EUNAPOLIS,Tipo 7,sc 60 kg,"307,00",307.0,Café Conillon,10
2018-10-17,Café Conillon,EUNAPOLIS,Tipo 7/8,sc 60 kg,"302,00",302.0,Café Conillon,10
2018-10-18,Café Conillon,EUNAPOLIS,Tipo 7,sc 60 kg,"307,00",307.0,Café Conillon,10
2018-10-18,Café Conillon,EUNAPOLIS,Tipo 7/8,sc 60 kg,"302,00",302.0,Café Conillon,10
2018-10-19,Café Conillon,EUNAPOLIS,Tipo 7,sc 60 kg,"307,00",307.0,Café Conillon,10
2018-10-19,Café Conillon,EUNAPOLIS,Tipo 7/8,sc 60 kg,"302,00",302.0,Café Conillon,10
2018-10-22,Café Conillon,EUNAPOLIS,Tipo 7,sc 60 kg,"307,00",307.0,Café Conillon,10
2018-10-22,Café Conillon,EUNAPOLIS,Tipo 7/8,sc 60 kg,"302,00",302.0,Café Conillon,10
2018-10-23,Café Conillon,EUNAPOLIS,Tipo 7,sc 60 kg,"307,00",307.0,Café Conillon,10
2018-10-23,Café Conillon,EUNAPOLIS,Tipo 7/8,sc 60 kg,"302,00",302.0,Café Conillon,10
2018-10-24,Café Conillon,EUNAPOLIS,Tipo 7,sc 60 kg,"307,00",307.0,Café Conillon,10
2018-10-24,Café Conillon,EUNAPOLIS,Tipo 7/8,sc 60 kg,"302,00",302.0,Café Conillon,10
2018-10-25,Café Conillon,EUNAPOLIS,Tipo 7,sc 60 kg,"307,00",307.0,Café Conillon,10
2018-10-25,Café Conillon,EUNAPOLIS,Tipo 7/8,sc 60 kg,"302,00",302.0,Café Conillon,10
2018-10-26,Café Conillon,EUNAPOLIS,Tipo 7,sc 60 kg,"307,00",307.0,Café Conillon,10
2018-10-26,Café Conillon,EUNAPOLIS,Tipo 7/8,sc 60 kg,"302,00",302.0,Café Conillon,10
2018-10-29,Café Conillon,EUNAPOLIS,Tipo 7,sc 60 kg,"307,00",307.0,Café Conillon,10
2018-10-29,Café Conillon,EUNAPOLIS,Tipo 7/8,sc 60 kg,"302,00",302.0,Café Conillon,10
2018-10-30,Café Conillon,EUNAPOLIS,Tipo 7,sc 60 kg,"307,00",307.0,Café Conillon,10
2018-10-30,Café Conillon,EUNAPOLIS,Tipo 7/8,sc 60 kg,"302,00",302.0,Café Conillon,10
2018-10-31,Café Conillon,EUNAPOLIS,Tipo 7,sc 60 kg,"307,00",307.0,Café Conillon,10
2018-10-31,Café Conillon,EUNAPOLIS,Tipo 7/8,sc 60 kg,"302,00",302.0,Café Conillon,10
2018-11-01,Café Conillon,EUNAPOLIS,Tipo 7,sc 60 kg,"307,00",307.0,Café Conillon,10
2018-11-01,Café Conillon,EUNAPOLIS,Tipo 7/8,sc 60 kg,"302,00",302.0,Café Conillon,10
2018-11-05,Café Conillon,EUNAPOLIS,Tipo 7,sc 60 kg,"315,00",315.0,Café Conillon,10
2018-11-05,Café Conillon,EUNAPOLIS,Tipo 7/8,sc 60 kg,"310,00",310.0,Café Conillon,10
2018-11-06,Café Conillon,EUNAPOLIS,Tipo 7,sc 60 kg,"315,00",315.0,Café Conillon,10
2018-11-06,Café Conillon,EUNAPOLIS,Tipo 7/8,sc 60 kg,"310,00",310.0,Café Conillon,10
2018-11-07,Café Conillon,EUNAPOLIS,Tipo 7,sc 60 kg,"315,00",315.0,Café Conillon,10
2018-11-07,Café Conillon,EUNAPOLIS,Tipo 7/8,sc 60 kg,"310,00",310.0,Café Conillon,10
2018-11-08,Café Conillon,EUNAPOLIS,Tipo 7,sc 60 kg,"315,00",315.0,Café Conillon,10
2018-11-08,Café Conillon,EUNAPOLIS,Tipo 7/8,sc 60 kg,"310,00",310.0,Café Conillon,10
2018-11-09,Café Conillon,EUNAPOLIS,Tipo 7,sc 60 kg,"315,00",315.0,Café Conillon,10
2018-11-09,Café Conillon,EUNAPOLIS,Tipo 7/8,sc 60 kg,"310,00",310.0,Café Conillon,10
2018-11-12,Café Conillon,EUNAPOLIS,Tipo 7,sc 60 kg,"315,00",315.0,Café Conillon,10
2018-11-12,Café Conillon,EUNAPOLIS,Tipo 7/8,sc 60 kg,"310,00",310.0,Café Conillon,10
2018-11-13,Café Conillon,EUNAPOLIS,Tipo 7,sc 60 kg,"315,00",315.0,Café Conillon,10
2018-11-13,Café Conillon,EUNAPOLIS,Tipo 7/8,sc 60 kg,"310,00",310.0,Café Conillon,10
2018-11-14,Café Conillon,EUNAPOLIS,Tipo 7,sc 60 kg,"315,00",315.0,Café Conillon,10
2018-11-14,Café Conillon,EUNAPOLIS,Tipo 7/8,sc 60 kg,"310,00",310.0,Café Conillon,10
2018-11-19,Café Conillon,EUNAPOLIS,Tipo 7,sc 60 kg,"315,00",315.0,Café Conillon,10
2018-11-19,Café Conillon,EUNAPOLIS,Tipo 7/8,sc 60 kg,"310,00",310.0,Café Conillon,10
2018-11-20,Café Conillon,EUNAPOLIS,Tipo 7,sc 60 kg,"315,00",315.0,Café Conillon,10
2018-11-20,Café Conillon,EUNAPOLIS,Tipo 7/8,sc 60 kg,"310,00",310.0,Café Conillon,10
2018-11-21,Café Conillon,EUNAPOLIS,Tipo 7,sc 60 kg,"315,00",315.0,Café Conillon,10
2018-11-21,Café Conillon,EUNAPOLIS,Tipo 7/8,sc 60 kg,"310,00",310.0,Café Conillon,10
2018-11-22,Café Conillon,EUNAPOLIS,Tipo 7,sc 60 kg,"315,00",315.0,Café Conillon,10
2018-11-22,Café Conillon,EUNAPOLIS,Tipo 7/8,sc 60 kg,"310,00",310.0,Café Conillon,10
2018-11-23,Café Conillon,EUNAPOLIS,Tipo 7,sc 60 kg,"310,00",310.0,Café Conillon,10
2018-11-23,Café Conillon,EUNAPOLIS,Tipo 7/8,sc 60 kg,"305,00",305.0,Café Conillon,10
2018-11-26,Café Conillon,EUNAPOLIS,Tipo 7,sc 60 kg,"310,00",310.0,Café Conillon,10
2018-11-26,Café Conillon,EUNAPOLIS,Tipo 7/8,sc 60 kg,"305,00",305.0,Café Conillon,10
2018-11-27,Café Conillon,EUNAPOLIS,Tipo 7,sc 60 kg,"310,00",310.0,Café Conillon,10
2018-11-27,Café Conillon,EUNAPOLIS,Tipo 7/8,sc 60 kg,"305,00",305.0,Café Conillon,10
2018-11-28,Café Conillon,EUNAPOLIS,Tipo 7,sc 60 kg,"310,00",310.0,Café Conillon,10
2018-11-28,Café Conillon,EUNAPOLIS,Tipo 7/8,sc 60 kg,"305,00",305.0,Café Conillon,10
2018-11-29,Café Conillon,EUNAPOLIS,Tipo 7,sc 60 kg,"310,00",310.0,Café Conillon,10
2018-11-29,Café Conillon,EUNAPOLIS,Tipo 7/8,sc 60 kg,"305,00",305.0,Café Conillon,10
2018-11-30,Café Conillon,EUNAPOLIS,Tipo 7,sc 60 kg,"310,00",310.0,Café Conillon,10
2018-11-30,Café Conillon,EUNAPOLIS,Tipo 7/8,sc 60 kg,"305,00",305.0,Café Conillon,10
2018-12-03,Café Conillon,EUNAPOLIS,Tipo 7,sc 60 kg,"310,00",310.0,Café Conillon,10
2018-12-03,Café Conillon,EUNAPOLIS,Tipo 7/8,sc 60 kg,"305,00",305.0,Café Conillon,10
2018-12-04,Café Conillon,EUNAPOLIS,Tipo 7,sc 60 kg,"305,00",305.0,Café Conillon,10
2018-12-04,Café Conillon,EUNAPOLIS,Tipo 7/8,sc 60 kg,"300,00",300.0,Café Conillon,10
2018-12-05,Café Conillon,EUNAPOLIS,Tipo 7,sc 60 kg,"305,00",305.0,Café Conillon,10
2018-12-05,Café Conillon,EUNAPOLIS,Tipo 7/8,sc 60 kg,"300,00",300.0,Café Conillon,10
2018-12-06,Café Conillon,EUNAPOLIS,Tipo 7,sc 60 kg,"305,00",305.0,Café Conillon,10
2018-12-06,Café Conillon,EUNAPOLIS,Tipo 7/8,sc 60 kg,"300,00",300.0,Café Conillon,10
2018-12-07,Café Conillon,EUNAPOLIS,Tipo 7,sc 60 kg,"305,00",305.0,Café Conillon,10
2018-12-07,Café Conillon,EUNAPOLIS,Tipo 7/8,sc 60 kg,"300,00",300.0,Café Conillon,10
2018-12-10,Café Conillon,EUNAPOLIS,Tipo 7,sc 60 kg,"300,00",300.0,Café Conillon,10
2018-12-10,Café Conillon,EUNAPOLIS,Tipo 7/8,sc 60 kg,"295,00",295.0,Café Conillon,10
2018-12-11,Café Conillon,EUNAPOLIS,Tipo 7,sc 60 kg,"300,00",300.0,Café Conillon,10
2018-12-11,Café Conillon,EUNAPOLIS,Tipo 7/8,sc 60 kg,"295,00",295.0,Café Conillon,10
2018-12-12,Café Conillon,EUNAPOLIS,Tipo 7,sc 60 kg,"300,00",300.0,Café Conillon,10
2018-12-12,Café Conillon,EUNAPOLIS,Tipo 7/8,sc 60 kg,"295,00",295.0,Café Conillon,10
2018-12-13,Café Conillon,EUNAPOLIS,Tipo 7,sc 60 kg,"300,00",300.0,Café Conillon,10
2018-12-13,Café Conillon,EUNAPOLIS,Tipo 7/8,sc 60 kg,"295,00",295.0,Café Conillon,10
2018-12-14,Café Conillon,EUNAPOLIS,Tipo 7,sc 60 kg,"300,00",300.0,Café Conillon,10
2018-12-14,Café Conillon,EUNAPOLIS,Tipo 7/8,sc 60 kg,"295,00",295.0,Café Conillon,10
2018-12-17,Café Conillon,EUNAPOLIS,Tipo 7,sc 60 kg,"300,00",300.0,Café Conillon,10
2018-12-17,Café Conillon,EUNAPOLIS,Tipo 7/8,sc 60 kg,"295,00",295.0,Café Conillon,10
2018-12-18,Café Conillon,EUNAPOLIS,Tipo 7,sc 60 kg,"300,00",300.0,Café Conillon,10
2018-12-18,Café Conillon,EUNAPOLIS,Tipo 7/8,sc 60 kg,"295,00",295.0,Café Conillon,10
2018-12-19,Café Conillon,EUNAPOLIS,Tipo 7,sc 60 kg,"300,00",300.0,Café Conillon,10
2018-12-19,Café Conillon,EUNAPOLIS,Tipo 7/8,sc 60 kg,"295,00",295.0,Café Conillon,10
2018-12-20,Café Conillon,EUNAPOLIS,Tipo 7,sc 60 kg,"300,00",300.0,Café Conillon,10
2018-12-20,Café Conillon,EUNAPOLIS,Tipo 7/8,sc 60 kg,"295,00",295.0,Café Conillon,10
2018-12-21,Café Conillon,EUNAPOLIS,Tipo 7,sc 60 kg,"300,00",300.0,Café Conillon,10
2018-12-21,Café Conillon,EUNAPOLIS,Tipo 7/8,sc 60 kg,"295,00",295.0,Café Conillon,10
2018-12-26,Café Conillon,EUNAPOLIS,Tipo 7,sc 60 kg,"300,00",300.0,Café Conillon,10
2018-12-26,Café Conillon,EUNAPOLIS,Tipo 7/8,sc 60 kg,"295,00",295.0,Café Conillon,10
2018-12-27,Café Conillon,EUNAPOLIS,Tipo 7,sc 60 kg,"288,00",288.0,Café Conillon,10
2018-12-27,Café Conillon,EUNAPOLIS,Tipo 7/8,sc 60 kg,"283,00",283.0,Café Conillon,10
2018-12-28,Café Conillon,EUNAPOLIS,Tipo 7,sc 60 kg,"288,00",288.0,Café Conillon,10
2018-12-28,Café Conillon,EUNAPOLIS,Tipo 7/8,sc 60 kg,"283,00",283.0,Café Conillon,10
2019-01-02,Café Conillon,EUNAPOLIS,Tipo 7,sc 60 kg,"290,00",290.0,Café Conillon,10
2019-01-02,Café Conillon,EUNAPOLIS,Tipo 7/8,sc 60 kg,"285,00",285.0,Café Conillon,10
2019-01-03,Café Conillon,EUNAPOLIS,Tipo 7,sc 60 kg,"290,00",290.0,Café Conillon,10
2019-01-03,Café Conillon,EUNAPOLIS,Tipo 7/8,sc 60 kg,"285,00",285.0,Café Conillon,10
2019-01-04,Café Conillon,EUNAPOLIS,Tipo 7,sc 60 kg,"290,00",290.0,Café Conillon,10
2019-01-04,Café Conillon,EUNAPOLIS,Tipo 7/8,sc 60 kg,"285,00",285.0,Café Conillon,10
2019-01-07,Café Conillon,EUNAPOLIS,Tipo 7,sc 60 kg,"290,00",290.0,Café Conillon,10
2019-01-07,Café Conillon,EUNAPOLIS,Tipo 7/8,sc 60 kg,"285,00",285.0,Café Conillon,10
2019-01-08,Café Conillon,EUNAPOLIS,Tipo 7,sc 60 kg,"290,00",290.0,Café Conillon,10
2019-01-08,Café Conillon,EUNAPOLIS,Tipo 7/8,sc 60 kg,"285,00",285.0,Café Conillon,10
2019-01-09,Café Conillon,EUNAPOLIS,Tipo 7,sc 60 kg,"290,00",290.0,Café Conillon,10
2019-01-09,Café Conillon,EUNAPOLIS,Tipo 7/8,sc 60 kg,"285,00",285.0,Café Conillon,10
2019-01-10,Café Conillon,EUNAPOLIS,Tipo 7,sc 60 kg,"290,00",290.0,Café Conillon,10
2019-01-10,Café Conillon,EUNAPOLIS,Tipo 7/8,sc 60 kg,"285,00",285.0,Café Conillon,10
2019-01-11,Café Conillon,EUNAPOLIS,Tipo 7,sc 60 kg,"285,00",285.0,Café Conillon,10
2019-01-11,Café Conillon,EUNAPOLIS,Tipo 7/8,sc 60 kg,"280,00",280.0,Café Conillon,10
2019-01-14,Café Conillon,EUNAPOLIS,Tipo 7,sc 60 kg,"285,00",285.0,Café Conillon,10
2019-01-14,Café Conillon,EUNAPOLIS,Tipo 7/8,sc 60 kg,"280,00",280.0,Café Conillon,10
2019-01-15,Café Conillon,EUNAPOLIS,Tipo 7,sc 60 kg,"285,00",285.0,Café Conillon,10
2019-01-15,Café Conillon,EUNAPOLIS,Tipo 7/8,sc 60 kg,"280,00",280.0,Café Conillon,10
2019-01-16,Café Conillon,EUNAPOLIS,Tipo 7,sc 60 kg,"285,00",285.0,Café Conillon,10
2019-01-16,Café Conillon,EUNAPOLIS,Tipo 7/8,sc 60 kg,"280,00",280.0,Café Conillon,10
2019-01-18,Café Conillon,EUNAPOLIS,Tipo 7,sc 60 kg,"285,00",285.0,Café Conillon,10
2019-01-18,Café Conillon,EUNAPOLIS,Tipo 7/8,sc 60 kg,"280,00",280.0,Café Conillon,10
2019-01-21,Café Conillon,EUNAPOLIS,Tipo 7,sc 60 kg,"285,00",285.0,Café Conillon,10
2019-01-21,Café Conillon,EUNAPOLIS,Tipo 7/8,sc 60 kg,"280,00",280.0,Café Conillon,10
2019-01-22,Café Conillon,EUNAPOLIS,Tipo 7,sc 60 kg,"285,00",285.0,Café Conillon,10
2019-01-22,Café Conillon,EUNAPOLIS,Tipo 7/8,sc 60 kg,"280,00",280.0,Café Conillon,10
2019-01-23,Café Conillon,EUNAPOLIS,Tipo 7,sc 60 kg,"285,00",285.0,Café Conillon,10
2019-01-23,Café Conillon,EUNAPOLIS,Tipo 7/8,sc 60 kg,"280,00",280.0,Café Conillon,10
2019-01-24,Café Conillon,EUNAPOLIS,Tipo 7,sc 60 kg,"285,00",285.0,Café Conillon,10
2019-01-24,Café Conillon,EUNAPOLIS,Tipo 7/8,sc 60 kg,"280,00",280.0,Café Conillon,10
2019-01-25,Café Conillon,EUNAPOLIS,Tipo 7,sc 60 kg,"285,00",285.0,Café Conillon,10
2019-01-25,Café Conillon,EUNAPOLIS,Tipo 7/8,sc 60 kg,"280,00",280.0,Café Conillon,10
2019-01-28,Café Conillon,EUNAPOLIS,Tipo 7,sc 60 kg,"285,00",285.0,Café Conillon,10
2019-01-28,Café Conillon,EUNAPOLIS,Tipo 7/8,sc 60 kg,"280,00",280.0,Café Conillon,10
2019-01-29,Café Conillon,EUNAPOLIS,Tipo 7,sc 60 kg,"285,00",285.0,Café Conillon,10
2019-01-29,Café Conillon,EUNAPOLIS,Tipo 7/8,sc 60 kg,"280,00",280.0,Café Conillon,10
2019-01-30,Café Conillon,EUNAPOLIS,Tipo 7,sc 60 kg,"285,00",285.0,Café Conillon,10
2019-01-30,Café Conillon,EUNAPOLIS,Tipo 7/8,sc 60 kg,"280,00",280.0,Café Conillon,10
2019-01-31,Café Conillon,EUNAPOLIS,Tipo 7,sc 60 kg,"280,00",280.0,Café Conillon,10
2019-01-31,Café Conillon,EUNAPOLIS,Tipo 7/8,sc 60 kg,"275,00",275.0,Café Conillon,10
2019-02-01,Café Conillon,EUNAPOLIS,Tipo 7,sc 60 kg,"280,00",280.0,Café Conillon,10
2019-02-01,Café Conillon,EUNAPOLIS,Tipo 7/8,sc 60 kg,"275,00",275.0,Café Conillon,10
2019-02-04,Café Conillon,EUNAPOLIS,Tipo 7,sc 60 kg,"280,00",280.0,Café Conillon,10
2019-02-04,Café Conillon,EUNAPOLIS,Tipo 7/8,sc 60 kg,"275,00",275.0,Café Conillon,10
2019-02-05,Café Conillon,EUNAPOLIS,Tipo 7,sc 60 kg,"280,00",280.0,Café Conillon,10
2019-02-05,Café Conillon,EUNAPOLIS,Tipo 7/8,sc 60 kg,"275,00",275.0,Café Conillon,10
2019-02-06,Café Conillon,EUNAPOLIS,Tipo 7,sc 60 kg,"280,00",280.0,Café Conillon,10
2019-02-06,Café Conillon,EUNAPOLIS,Tipo 7/8,sc 60 kg,"275,00",275.0,Café Conillon,10
2019-02-07,Café Conillon,EUNAPOLIS,Tipo 7,sc 60 kg,"285,00",285.0,Café Conillon,10
2019-02-07,Café Conillon,EUNAPOLIS,Tipo 7/8,sc 60 kg,"280,00",280.0,Café Conillon,10
2019-02-08,Café Conillon,EUNAPOLIS,Tipo 7,sc 60 kg,"285,00",285.0,Café Conillon,10
2019-02-08,Café Conillon,EUNAPOLIS,Tipo 7/8,sc 60 kg,"280,00",280.0,Café Conillon,10
2019-02-11,Café Conillon,EUNAPOLIS,Tipo 7,sc 60 kg,"285,00",285.0,Café Conillon,10
2019-02-11,Café Conillon,EUNAPOLIS,Tipo 7/8,sc 60 kg,"280,00",280.0,Café Conillon,10
2019-02-12,Café Conillon,EUNAPOLIS,Tipo 7,sc 60 kg,"285,00",285.0,Café Conillon,10
2019-02-12,Café Conillon,EUNAPOLIS,Tipo 7/8,sc 60 kg,"280,00",280.0,Café Conillon,10
2019-02-13,Café Conillon,EUNAPOLIS,Tipo 7,sc 60 kg,"285,00",285.0,Café Conillon,10
2019-02-13,Café Conillon,EUNAPOLIS,Tipo 7/8,sc 60 kg,"280,00",280.0,Café Conillon,10
2019-02-14,Café Conillon,EUNAPOLIS,Tipo 7,sc 60 kg,"285,00",285.0,Café Conillon,10
2019-02-14,Café Conillon,EUNAPOLIS,Tipo 7/8,sc 60 kg,"280,00",280.0,Café Conillon,10
2019-02-15,Café Conillon,EUNAPOLIS,Tipo 7,sc 60 kg,"285,00",285.0,Café Conillon,10
2019-02-15,Café Conillon,EUNAPOLIS,Tipo 7/8,sc 60 kg,"280,00",280.0,Café Conillon,10
2019-02-18,Café Conillon,EUNAPOLIS,Tipo 7,sc 60 kg,"285,00",285.0,Café Conillon,10
2019-02-18,Café Conillon,EUNAPOLIS,Tipo 7/8,sc 60 kg,"280,00",280.0,Café Conillon,10
2019-02-19,Café Conillon,EUNAPOLIS,Tipo 7,sc 60 kg,"285,00",285.0,Café Conillon,10
2019-02-19,Café Conillon,EUNAPOLIS,Tipo 7/8,sc 60 kg,"280,00",280.0,Café Conillon,10
2019-02-20,Café Conillon,EUNAPOLIS,Tipo 7,sc 60 kg,"285,00",285.0,Café Conillon,10
2019-02-20,Café Conillon,EUNAPOLIS,Tipo 7/8,sc 60 kg,"280,00",280.0,Café Conillon,10
2019-02-21,Café Conillon,EUNAPOLIS,Tipo 7,sc 60 kg,"285,00",285.0,Café Conillon,10
2019-02-21,Café Conillon,EUNAPOLIS,Tipo 7/8,sc 60 kg,"280,00",280.0,Café Conillon,10
2019-02-22,Café Conillon,EUNAPOLIS,Tipo 7,sc 60 kg,"285,00",285.0,Café Conillon,10
2019-02-22,Café Conillon,EUNAPOLIS,Tipo 7/8,sc 60 kg,"280,00",280.0,Café Conillon,10
2019-02-25,Café Conillon,EUNAPOLIS,Tipo 7,sc 60 kg,"285,00",285.0,Café Conillon,10
2019-02-25,Café Conillon,EUNAPOLIS,Tipo 7/8,sc 60 kg,"280,00",280.0,Café Conillon,10
2019-02-26,Café Conillon,EUNAPOLIS,Tipo 7,sc 60 kg,"285,00",285.0,Café Conillon,10
2019-02-26,Café Conillon,EUNAPOLIS,Tipo 7/8,sc 60 kg,"280,00",280.0,Café Conillon,10
2019-02-27,Café Conillon,EUNAPOLIS,Tipo 7,sc 60 kg,"285,00",285.0,Café Conillon,10
2019-02-27,Café Conillon,EUNAPOLIS,Tipo 7/8,sc 60 kg,"280,00",280.0,Café Conillon,10
2019-02-28,Café Conillon,EUNAPOLIS,Tipo 7,sc 60 kg,"285,00",285.0,Café Conillon,10
2019-02-28,Café Conillon,EUNAPOLIS,Tipo 7/8,sc 60 kg,"280,00",280.0,Café Conillon,10
2019-03-07,Café Conillon,EUNAPOLIS,Tipo 7,sc 60 kg,"285,00",285.0,Café Conillon,10
2019-03-07,Café Conillon,EUNAPOLIS,Tipo 7/8,sc 60 kg,"280,00",280.0,Café Conillon,10
2019-03-08,Café Conillon,EUNAPOLIS,Tipo 7,sc 60 kg,"285,00",285.0,Café Conillon,10
2019-03-08,Café Conillon,EUNAPOLIS,Tipo 7/8,sc 60 kg,"280,00",280.0,Café Conillon,10
2019-03-11,Café Conillon,EUNAPOLIS,Tipo 7,sc 60 kg,"285,00",285.0,Café Conillon,10
2019-03-11,Café Conillon,EUNAPOLIS,Tipo 7/8,sc 60 kg,"280,00",280.0,Café Conillon,10
2019-03-12,Café Conillon,EUNAPOLIS,Tipo 7,sc 60 kg,"285,00",285.0,Café Conillon,10
2019-03-12,Café Conillon,EUNAPOLIS,Tipo 7/8,sc 60 kg,"280,00",280.0,Café Conillon,10
2019-03-13,Café Conillon,EUNAPOLIS,Tipo 7,sc 60 kg,"285,00",285.0,Café Conillon,10
2019-03-13,Café Conillon,EUNAPOLIS,Tipo 7/8,sc 60 kg,"280,00",280.0,Café Conillon,10
2019-03-14,Café Conillon,EUNAPOLIS,Tipo 7,sc 60 kg,"285,00",285.0,Café Conillon,10
2019-03-14,Café Conillon,EUNAPOLIS,Tipo 7/8,sc 60 kg,"280,00",280.0,Café Conillon,10
2019-03-15,Café Conillon,EUNAPOLIS,Tipo 7,sc 60 kg,"285,00",285.0,Café Conillon,10
2019-03-15,Café Conillon,EUNAPOLIS,Tipo 7/8,sc 60 kg,"280,00",280.0,Café Conillon,10
2019-03-18,Café Conillon,EUNAPOLIS,Tipo 7,sc 60 kg,"285,00",285.0,Café Conillon,10
2019-03-18,Café Conillon,EUNAPOLIS,Tipo 7/8,sc 60 kg,"280,00",280.0,Café Conillon,10
2019-03-19,Café Conillon,EUNAPOLIS,Tipo 7,sc 60 kg,"280,00",280.0,Café Conillon,10
2019-03-19,Café Conillon,EUNAPOLIS,Tipo 7/8,sc 60 kg,"275,00",275.0,Café Conillon,10
2019-03-20,Café Conillon,EUNAPOLIS,Tipo 7,sc 60 kg,"280,00",280.0,Café Conillon,10
2019-03-20,Café Conillon,EUNAPOLIS,Tipo 7/8,sc 60 kg,"275,00",275.0,Café Conillon,10
2019-03-21,Café Conillon,EUNAPOLIS,Tipo 7,sc 60 kg,"280,00",280.0,Café Conillon,10
2019-03-21,Café Conillon,EUNAPOLIS,Tipo 7/8,sc 60 kg,"275,00",275.0,Café Conillon,10
2019-03-22,Café Conillon,EUNAPOLIS,Tipo 7,sc 60 kg,"280,00",280.0,Café Conillon,10
2019-03-22,Café Conillon,EUNAPOLIS,Tipo 7/8,sc 60 kg,"275,00",275.0,Café Conillon,10
2019-03-25,Café Conillon,EUNAPOLIS,Tipo 7,sc 60 kg,"280,00",280.0,Café Conillon,10
2019-03-25,Café Conillon,EUNAPOLIS,Tipo 7/8,sc 60 kg,"275,00",275.0,Café Conillon,10
2019-03-26,Café Conillon,EUNAPOLIS,Tipo 7,sc 60 kg,"280,00",280.0,Café Conillon,10
2019-03-26,Café Conillon,EUNAPOLIS,Tipo 7/8,sc 60 kg,"275,00",275.0,Café Conillon,10
2019-03-27,Café Conillon,EUNAPOLIS,Tipo 7,sc 60 kg,"280,00",280.0,Café Conillon,10
2019-03-27,Café Conillon,EUNAPOLIS,Tipo 7/8,sc 60 kg,"275,00",275.0,Café Conillon,10
2019-03-28,Café Conillon,EUNAPOLIS,Tipo 7,sc 60 kg,"280,00",280.0,Café Conillon,10
2019-03-28,Café Conillon,EUNAPOLIS,Tipo 7/8,sc 60 kg,"275,00",275.0,Café Conillon,10
2019-03-29,Café Conillon,EUNAPOLIS,Tipo 7,sc 60 kg,"280,00",280.0,Café Conillon,10
2019-03-29,Café Conillon,EUNAPOLIS,Tipo 7/8,sc 60 kg,"275,00",275.0,Café Conillon,10
2019-04-01,Café Conillon,EUNAPOLIS,Tipo 7,sc 60 kg,"280,00",280.0,Café Conillon,10
2019-04-01,Café Conillon,EUNAPOLIS,Tipo 7/8,sc 60 kg,"275,00",275.0,Café Conillon,10
2019-04-02,Café Conillon,EUNAPOLIS,Tipo 7,sc 60 kg,"275,00",275.0,Café Conillon,10
2019-04-02,Café Conillon,EUNAPOLIS,Tipo 7/8,sc 60 kg,"270,00",270.0,Café Conillon,10
2019-04-03,Café Conillon,EUNAPOLIS,Tipo 7,sc 60 kg,"275,00",275.0,Café Conillon,10
2019-04-03,Café Conillon,EUNAPOLIS,Tipo 7/8,sc 60 kg,"270,00",270.0,Café Conillon,10
2019-04-04,Café Conillon,EUNAPOLIS,Tipo 7,sc 60 kg,"275,00",275.0,Café Conillon,10
2019-04-04,Café Conillon,EUNAPOLIS,Tipo 7/8,sc 60 kg,"270,00",270.0,Café Conillon,10
2019-04-05,Café Conillon,EUNAPOLIS,Tipo 7,sc 60 kg,"275,00",275.0,Café Conillon,10
2019-04-05,Café Conillon,EUNAPOLIS,Tipo 7/8,sc 60 kg,"270,00",270.0,Café Conillon,10
2019-04-08,Café Conillon,EUNAPOLIS,Tipo 7,sc 60 kg,"275,00",275.0,Café Conillon,10
2019-04-08,Café Conillon,EUNAPOLIS,Tipo 7/8,sc 60 kg,"270,00",270.0,Café Conillon,10
2019-04-09,Café Conillon,EUNAPOLIS,Tipo 7,sc 60 kg,"275,00",275.0,Café Conillon,10
2019-04-09,Café Conillon,EUNAPOLIS,Tipo 7/8,sc 60 kg,"270,00",270.0,Café Conillon,10
2019-04-10,Café Conillon,EUNAPOLIS,Tipo 7,sc 60 kg,"275,00",275.0,Café Conillon,10
2019-04-10,Café Conillon,EUNAPOLIS,Tipo 7/8,sc 60 kg,"270,00",270.0,Café Conillon,10
2019-04-11,Café Conillon,EUNAPOLIS,Tipo 7,sc 60 kg,"275,00",275.0,Café Conillon,10
2019-04-11,Café Conillon,EUNAPOLIS,Tipo 7/8,sc 60 kg,"270,00",270.0,Café Conillon,10
2019-04-12,Café Conillon,EUNAPOLIS,Tipo 7,sc 60 kg,"275,00",275.0,Café Conillon,10
2019-04-12,Café Conillon,EUNAPOLIS,Tipo 7/8,sc 60 kg,"270,00",270.0,Café Conillon,10
2019-04-15,Café Conillon,EUNAPOLIS,Tipo 7,sc 60 kg,"272,00",272.0,Café Conillon,10
2019-04-15,Café Conillon,EUNAPOLIS,Tipo 7/8,sc 60 kg,"267,00",267.0,Café Conillon,10
2019-04-16,Café Conillon,EUNAPOLIS,Tipo 7,sc 60 kg,"272,00",272.0,Café Conillon,10
2019-04-16,Café Conillon,EUNAPOLIS,Tipo 7/8,sc 60 kg,"267,00",267.0,Café Conillon,10
2019-04-17,Café Conillon,EUNAPOLIS,Tipo 7,sc 60 kg,"272,00",272.0,Café Conillon,10
2019-04-17,Café Conillon,EUNAPOLIS,Tipo 7/8,sc 60 kg,"267,00",267.0,Café Conillon,10
2019-04-18,Café Conillon,EUNAPOLIS,Tipo 7,sc 60 kg,"272,00",272.0,Café Conillon,10
2019-04-18,Café Conillon,EUNAPOLIS,Tipo 7/8,sc 60 kg,"267,00",267.0,Café Conillon,10
2019-04-22,Café Conillon,EUNAPOLIS,Tipo 7,sc 60 kg,"272,00",272.0,Café Conillon,10
2019-04-22,Café Conillon,EUNAPOLIS,Tipo 7/8,sc 60 kg,"267,00",267.0,Café Conillon,10
2019-04-23,Café Conillon,EUNAPOLIS,Tipo 7,sc 60 kg,"270,00",270.0,Café Conillon,10
2019-04-23,Café Conillon,EUNAPOLIS,Tipo 7/8,sc 60 kg,"265,00",265.0,Café Conillon,10
2019-04-24,Café Conillon,EUNAPOLIS,Tipo 7,sc 60 kg,"270,00",270.0,Café Conillon,10
2019-04-24,Café Conillon,EUNAPOLIS,Tipo 7/8,sc 60 kg,"265,00",265.0,Café Conillon,10
2019-04-25,Café Conillon,EUNAPOLIS,Tipo 7,sc 60 kg,"270,00",270.0,Café Conillon,10
2019-04-25,Café Conillon,EUNAPOLIS,Tipo 7/8,sc 60 kg,"265,00",265.0,Café Conillon,10
2019-04-26,Café Conillon,EUNAPOLIS,Tipo 7,sc 60 kg,"270,00",270.0,Café Conillon,10
2019-04-26,Café Conillon,EUNAPOLIS,Tipo 7/8,sc 60 kg,"265,00",265.0,Café Conillon,10
2019-04-29,Café Conillon,EUNAPOLIS,Tipo 7,sc 60 kg,"270,00",270.0,Café Conillon,10
2019-04-29,Café Conillon,EUNAPOLIS,Tipo 7/8,sc 60 kg,"265,00",265.0,Café Conillon,10
2019-04-30,Café Conillon,EUNAPOLIS,Tipo 7,sc 60 kg,"270,00",270.0,Café Conillon,10
2019-04-30,Café Conillon,EUNAPOLIS,Tipo 7/8,sc 60 kg,"265,00",265.0,Café Conillon,10
2019-05-02,Café Conillon,EUNAPOLIS,Tipo 7,sc 60 kg,"270,00",270.0,Café Conillon,10
2019-05-02,Café Conillon,EUNAPOLIS,Tipo 7/8,sc 60 kg,"265,00",265.0,Café Conillon,10
2019-05-03,Café Conillon,EUNAPOLIS,Tipo 7,sc 60 kg,"270,00",270.0,Café Conillon,10
2019-05-03,Café Conillon,EUNAPOLIS,Tipo 7/8,sc 60 kg,"265,00",265.0,Café Conillon,10
2019-05-06,Café Conillon,EUNAPOLIS,Tipo 7,sc 60 kg,"270,00",270.0,Café Conillon,10
2019-05-06,Café Conillon,EUNAPOLIS,Tipo 7/8,sc 60 kg,"265,00",265.0,Café Conillon,10
2019-05-07,Café Conillon,EUNAPOLIS,Tipo 7,sc 60 kg,"270,00",270.0,Café Conillon,10
2019-05-07,Café Conillon,EUNAPOLIS,Tipo 7/8,sc 60 kg,"265,00",265.0,Café Conillon,10
2019-05-08,Café Conillon,EUNAPOLIS,Tipo 7,sc 60 kg,"270,00",270.0,Café Conillon,10
2019-05-08,Café Conillon,EUNAPOLIS,Tipo 7/8,sc 60 kg,"265,00",265.0,Café Conillon,10
2019-05-09,Café Conillon,EUNAPOLIS,Tipo 7,sc 60 kg,"270,00",270.0,Café Conillon,10
2019-05-09,Café Conillon,EUNAPOLIS,Tipo 7/8,sc 60 kg,"265,00",265.0,Café Conillon,10
2019-05-10,Café Conillon,EUNAPOLIS,Tipo 7,sc 60 kg,"270,00",270.0,Café Conillon,10
2019-05-10,Café Conillon,EUNAPOLIS,Tipo 7/8,sc 60 kg,"265,00",265.0,Café Conillon,10
2019-05-13,Café Conillon,EUNAPOLIS,Tipo 7,sc 60 kg,"270,00",270.0,Café Conillon,10
2019-05-13,Café Conillon,EUNAPOLIS,Tipo 7/8,sc 60 kg,"265,00",265.0,Café Conillon,10
2019-05-14,Café Conillon,EUNAPOLIS,Tipo 7,sc 60 kg,"270,00",270.0,Café Conillon,10
2019-05-14,Café Conillon,EUNAPOLIS,Tipo 7/8,sc 60 kg,"265,00",265.0,Café Conillon,10
2019-05-15,Café Conillon,EUNAPOLIS,Tipo 7,sc 60 kg,"270,00",270.0,Café Conillon,10
2019-05-15,Café Conillon,EUNAPOLIS,Tipo 7/8,sc 60 kg,"265,00",265.0,Café Conillon,10
2019-05-16,Café Conillon,EUNAPOLIS,Tipo 7,sc 60 kg,"270,00",270.0,Café Conillon,10
2019-05-16,Café Conillon,EUNAPOLIS,Tipo 7/8,sc 60 kg,"265,00",265.0,Café Conillon,10
2019-05-17,Café Conillon,EUNAPOLIS,Tipo 7,sc 60 kg,"270,00",270.0,Café Conillon,10
2019-05-17,Café Conillon,EUNAPOLIS,Tipo 7/8,sc 60 kg,"265,00",265.0,Café Conillon,10
2019-05-20,Café Conillon,EUNAPOLIS,Tipo 7,sc 60 kg,"270,00",270.0,Café Conillon,10
2019-05-20,Café Conillon,EUNAPOLIS,Tipo 7/8,sc 60 kg,"265,00",265.0,Café Conillon,10
2019-05-21,Café Conillon,EUNAPOLIS,Tipo 7,sc 60 kg,"260,00",260.0,Café Conillon,10
2019-05-21,Café Conillon,EUNAPOLIS,Tipo 7/8,sc 60 kg,"255,00",255.0,Café Conillon,10
2019-05-22,Café Conillon,EUNAPOLIS,Tipo 7,sc 60 kg,"260,00",260.0,Café Conillon,10
2019-05-22,Café Conillon,EUNAPOLIS,Tipo 7/8,sc 60 kg,"255,00",255.0,Café Conillon,10
2019-05-23,Café Conillon,EUNAPOLIS,Tipo 7,sc 60 kg,"260,00",260.0,Café Conillon,10
2019-05-23,Café Conillon,EUNAPOLIS,Tipo 7/8,sc 60 kg,"255,00",255.0,Café Conillon,10
2019-05-24,Café Conillon,EUNAPOLIS,Tipo 7,sc 60 kg,"260,00",260.0,Café Conillon,10
2019-05-24,Café Conillon,EUNAPOLIS,Tipo 7/8,sc 60 kg,"255,00",255.0,Café Conillon,10
2019-05-27,Café Conillon,EUNAPOLIS,Tipo 7,sc 60 kg,"270,00",270.0,Café Conillon,10
2019-05-27,Café Conillon,EUNAPOLIS,Tipo 7/8,sc 60 kg,"265,00",265.0,Café Conillon,10
2019-05-28,Café Conillon,EUNAPOLIS,Tipo 7,sc 60 kg,"270,00",270.0,Café Conillon,10
2019-05-28,Café Conillon,EUNAPOLIS,Tipo 7/8,sc 60 kg,"265,00",265.0,Café Conillon,10
2019-05-29,Café Conillon,EUNAPOLIS,Tipo 7,sc 60 kg,"275,00",275.0,Café Conillon,10
2019-05-29,Café Conillon,EUNAPOLIS,Tipo 7/8,sc 60 kg,"270,00",270.0,Café Conillon,10
2019-05-30,Café Conillon,EUNAPOLIS,Tipo 7,sc 60 kg,"275,00",275.0,Café Conillon,10
2019-05-30,Café Conillon,EUNAPOLIS,Tipo 7/8,sc 60 kg,"270,00",270.0,Café Conillon,10
2019-06-03,Café Conillon,EUNAPOLIS,Tipo 7,sc 60 kg,"280,00",280.0,Café Conillon,10
2019-06-03,Café Conillon,EUNAPOLIS,Tipo 7/8,sc 60 kg,"275,00",275.0,Café Conillon,10
2019-06-04,Café Conillon,EUNAPOLIS,Tipo 7,sc 60 kg,"280,00",280.0,Café Conillon,10
2019-06-04,Café Conillon,EUNAPOLIS,Tipo 7/8,sc 60 kg,"275,00",275.0,Café Conillon,10
2019-06-05,Café Conillon,EUNAPOLIS,Tipo 7,sc 60 kg,"280,00",280.0,Café Conillon,10
2019-06-05,Café Conillon,EUNAPOLIS,Tipo 7/8,sc 60 kg,"275,00",275.0,Café Conillon,10
2019-06-06,Café Conillon,EUNAPOLIS,Tipo 7,sc 60 kg,"280,00",280.0,Café Conillon,10
2019-06-06,Café Conillon,EUNAPOLIS,Tipo 7/8,sc 60 kg,"275,00",275.0,Café Conillon,10
2019-06-07,Café Conillon,EUNAPOLIS,Tipo 7,sc 60 kg,"280,00",280.0,Café Conillon,10
2019-06-07,Café Conillon,EUNAPOLIS,Tipo 7/8,sc 60 kg,"275,00",275.0,Café Conillon,10
2019-06-10,Café Conillon,EUNAPOLIS,Tipo 7,sc 60 kg,"280,00",280.0,Café Conillon,10
2019-06-10,Café Conillon,EUNAPOLIS,Tipo 7/8,sc 60 kg,"275,00",275.0,Café Conillon,10
2019-06-11,Café Conillon,EUNAPOLIS,Tipo 7,sc 60 kg,"280,00",280.0,Café Conillon,10
2019-06-11,Café Conillon,EUNAPOLIS,Tipo 7/8,sc 60 kg,"275,00",275.0,Café Conillon,10
2019-06-12,Café Conillon,EUNAPOLIS,Tipo 7,sc 60 kg,"280,00",280.0,Café Conillon,10
2019-06-12,Café Conillon,EUNAPOLIS,Tipo 7/8,sc 60 kg,"275,00",275.0,Café Conillon,10
2019-06-13,Café Conillon,EUNAPOLIS,Tipo 7,sc 60 kg,"280,00",280.0,Café Conillon,10
2019-06-13,Café Conillon,EUNAPOLIS,Tipo 7/8,sc 60 kg,"275,00",275.0,Café Conillon,10
2019-06-17,Café Conillon,EUNAPOLIS,Tipo 7,sc 60 kg,"280,00",280.0,Café Conillon,10
2019-06-17,Café Conillon,EUNAPOLIS,Tipo 7/8,sc 60 kg,"275,00",275.0,Café Conillon,10
2019-06-18,Café Conillon,EUNAPOLIS,Tipo 7,sc 60 kg,"265,00",265.0,Café Conillon,10
2019-06-18,Café Conillon,EUNAPOLIS,Tipo 7/8,sc 60 kg,"260,00",260.0,Café Conillon,10
2019-06-19,Café Conillon,EUNAPOLIS,Tipo 7,sc 60 kg,"265,00",265.0,Café Conillon,10
2019-06-19,Café Conillon,EUNAPOLIS,Tipo 7/8,sc 60 kg,"260,00",260.0,Café Conillon,10
2019-06-25,Café Conillon,EUNAPOLIS,Tipo 7,sc 60 kg,"270,00",270.0,Café Conillon,10
2019-06-25,Café Conillon,EUNAPOLIS,Tipo 7/8,sc 60 kg,"265,00",265.0,Café Conillon,10
2019-06-26,Café Conillon,EUNAPOLIS,Tipo 7,sc 60 kg,"270,00",270.0,Café Conillon,10
2019-06-26,Café Conillon,EUNAPOLIS,Tipo 7/8,sc 60 kg,"265,00",265.0,Café Conillon,10
2019-06-27,Café Conillon,EUNAPOLIS,Tipo 7,sc 60 kg,"270,00",270.0,Café Conillon,10
2019-06-27,Café Conillon,EUNAPOLIS,Tipo 7/8,sc 60 kg,"265,00",265.0,Café Conillon,10
2019-06-28,Café Conillon,EUNAPOLIS,Tipo 7,sc 60 kg,"270,00",270.0,Café Conillon,10
2019-06-28,Café Conillon,EUNAPOLIS,Tipo 7/8,sc 60 kg,"265,00",265.0,Café Conillon,10
2019-07-03,Café Conillon,EUNAPOLIS,Tipo 7,sc 60 kg,"270,00",270.0,Café Conillon,10
2019-07-03,Café Conillon,EUNAPOLIS,Tipo 7/8,sc 60 kg,"265,00",265.0,Café Conillon,10
2019-07-04,Café Conillon,EUNAPOLIS,Tipo 7,sc 60 kg,"270,00",270.0,Café Conillon,10
2019-07-04,Café Conillon,EUNAPOLIS,Tipo 7/8,sc 60 kg,"265,00",265.0,Café Conillon,10
2019-07-05,Café Conillon,EUNAPOLIS,Tipo 7,sc 60 kg,"270,00",270.0,Café Conillon,10
2019-07-05,Café Conillon,EUNAPOLIS,Tipo 7/8,sc 60 kg,"265,00",265.0,Café Conillon,10
2019-07-08,Café Conillon,EUNAPOLIS,Tipo 7,sc 60 kg,"270,00",270.0,Café Conillon,10
2019-07-08,Café Conillon,EUNAPOLIS,Tipo 7/8,sc 60 kg,"265,00",265.0,Café Conillon,10
2019-07-09,Café Conillon,EUNAPOLIS,Tipo 7,sc 60 kg,"270,00",270.0,Café Conillon,10
2019-07-09,Café Conillon,EUNAPOLIS,Tipo 7/8,sc 60 kg,"265,00",265.0,Café Conillon,10
2019-07-10,Café Conillon,EUNAPOLIS,Tipo 7,sc 60 kg,"270,00",270.0,Café Conillon,10
2019-07-10,Café Conillon,EUNAPOLIS,Tipo 7/8,sc 60 kg,"265,00",265.0,Café Conillon,10
2019-07-11,Café Conillon,EUNAPOLIS,Tipo 7,sc 60 kg,"270,00",270.0,Café Conillon,10
2019-07-11,Café Conillon,EUNAPOLIS,Tipo 7/8,sc 60 kg,"265,00",265.0,Café Conillon,10
2019-07-12,Café Conillon,EUNAPOLIS,Tipo 7,sc 60 kg,"270,00",270.0,Café Conillon,10
2019-07-12,Café Conillon,EUNAPOLIS,Tipo 7/8,sc 60 kg,"265,00",265.0,Café Conillon,10
2019-07-15,Café Conillon,EUNAPOLIS,Tipo 7,sc 60 kg,"270,00",270.0,Café Conillon,10
2019-07-15,Café Conillon,EUNAPOLIS,Tipo 7/8,sc 60 kg,"265,00",265.0,Café Conillon,10
2019-07-16,Café Conillon,EUNAPOLIS,Tipo 7,sc 60 kg,"270,00",270.0,Café Conillon,10
2019-07-16,Café Conillon,EUNAPOLIS,Tipo 7/8,sc 60 kg,"265,00",265.0,Café Conillon,10
2019-07-17,Café Conillon,EUNAPOLIS,Tipo 7,sc 60 kg,"265,00",265.0,Café Conillon,10
2019-07-17,Café Conillon,EUNAPOLIS,Tipo 7/8,sc 60 kg,"260,00",260.0,Café Conillon,10
2019-07-18,Café Conillon,EUNAPOLIS,Tipo 7,sc 60 kg,"265,00",265.0,Café Conillon,10
2019-07-18,Café Conillon,EUNAPOLIS,Tipo 7/8,sc 60 kg,"260,00",260.0,Café Conillon,10
2019-07-19,Café Conillon,EUNAPOLIS,Tipo 7,sc 60 kg,"265,00",265.0,Café Conillon,10
2019-07-19,Café Conillon,EUNAPOLIS,Tipo 7/8,sc 60 kg,"260,00",260.0,Café Conillon,10
2019-07-22,Café Conillon,EUNAPOLIS,Tipo 7,sc 60 kg,"265,00",265.0,Café Conillon,10
2019-07-22,Café Conillon,EUNAPOLIS,Tipo 7/8,sc 60 kg,"260,00",260.0,Café Conillon,10
2019-07-23,Café Conillon,EUNAPOLIS,Tipo 7,sc 60 kg,"265,00",265.0,Café Conillon,10
2019-07-23,Café Conillon,EUNAPOLIS,Tipo 7/8,sc 60 kg,"260,00",260.0,Café Conillon,10
2019-07-24,Café Conillon,EUNAPOLIS,Tipo 7,sc 60 kg,"260,00",260.0,Café Conillon,10
2019-07-24,Café Conillon,EUNAPOLIS,Tipo 7/8,sc 60 kg,"255,00",255.0,Café Conillon,10
2019-07-25,Café Conillon,EUNAPOLIS,Tipo 7,sc 60 kg,"260,00",260.0,Café Conillon,10
2019-07-25,Café Conillon,EUNAPOLIS,Tipo 7/8,sc 60 kg,"255,00",255.0,Café Conillon,10
2019-07-26,Café Conillon,EUNAPOLIS,Tipo 7,sc 60 kg,"260,00",260.0,Café Conillon,10
2019-07-26,Café Conillon,EUNAPOLIS,Tipo 7/8,sc 60 kg,"255,00",255.0,Café Conillon,10
2019-07-29,Café Conillon,EUNAPOLIS,Tipo 7,sc 60 kg,"260,00",260.0,Café Conillon,10
2019-07-29,Café Conillon,EUNAPOLIS,Tipo 7/8,sc 60 kg,"255,00",255.0,Café Conillon,10
2019-07-30,Café Conillon,EUNAPOLIS,Tipo 7,sc 60 kg,"260,00",260.0,Café Conillon,10
2019-07-30,Café Conillon,EUNAPOLIS,Tipo 7/8,sc 60 kg,"255,00",255.0,Café Conillon,10
2019-07-31,Café Conillon,EUNAPOLIS,Tipo 7,sc 60 kg,"260,00",260.0,Café Conillon,10
2019-07-31,Café Conillon,EUNAPOLIS,Tipo 7/8,sc 60 kg,"255,00",255.0,Café Conillon,10
2019-08-01,Café Conillon,EUNAPOLIS,Tipo 7,sc 60 kg,"256,00",256.0,Café Conillon,10
2019-08-01,Café Conillon,EUNAPOLIS,Tipo 7/8,sc 60 kg,"251,00",251.0,Café Conillon,10
2019-08-02,Café Conillon,EUNAPOLIS,Tipo 7,sc 60 kg,"256,00",256.0,Café Conillon,10
2019-08-02,Café Conillon,EUNAPOLIS,Tipo 7/8,sc 60 kg,"251,00",251.0,Café Conillon,10
2019-08-05,Café Conillon,EUNAPOLIS,Tipo 7,sc 60 kg,"256,00",256.0,Café Conillon,10
2019-08-05,Café Conillon,EUNAPOLIS,Tipo 7/8,sc 60 kg,"251,00",251.0,Café Conillon,10
2019-08-06,Café Conillon,EUNAPOLIS,Tipo 7,sc 60 kg,"256,00",256.0,Café Conillon,10
2019-08-06,Café Conillon,EUNAPOLIS,Tipo 7/8,sc 60 kg,"251,00",251.0,Café Conillon,10
2019-08-07,Café Conillon,EUNAPOLIS,Tipo 7,sc 60 kg,"258,00",258.0,Café Conillon,10
2019-08-07,Café Conillon,EUNAPOLIS,Tipo 7/8,sc 60 kg,"253,00",253.0,Café Conillon,10
2019-08-08,Café Conillon,EUNAPOLIS,Tipo 7,sc 60 kg,"258,00",258.0,Café Conillon,10
2019-08-08,Café Conillon,EUNAPOLIS,Tipo 7/8,sc 60 kg,"253,00",253.0,Café Conillon,10
2019-08-09,Café Conillon,EUNAPOLIS,Tipo 7,sc 60 kg,"258,00",258.0,Café Conillon,10
2019-08-09,Café Conillon,EUNAPOLIS,Tipo 7/8,sc 60 kg,"253,00",253.0,Café Conillon,10
2019-08-12,Café Conillon,EUNAPOLIS,Tipo 7,sc 60 kg,"258,00",258.0,Café Conillon,10
2019-08-12,Café Conillon,EUNAPOLIS,Tipo 7/8,sc 60 kg,"253,00",253.0,Café Conillon,10
2019-08-13,Café Conillon,EUNAPOLIS,Tipo 7,sc 60 kg,"258,00",258.0,Café Conillon,10
2019-08-13,Café Conillon,EUNAPOLIS,Tipo 7/8,sc 60 kg,"253,00",253.0,Café Conillon,10
2019-08-14,Café Conillon,EUNAPOLIS,Tipo 7,sc 60 kg,"260,00",260.0,Café Conillon,10
2019-08-14,Café Conillon,EUNAPOLIS,Tipo 7/8,sc 60 kg,"255,00",255.0,Café Conillon,10
2019-08-15,Café Conillon,EUNAPOLIS,Tipo 7,sc 60 kg,"260,00",260.0,Café Conillon,10
2019-08-15,Café Conillon,EUNAPOLIS,Tipo 7/8,sc 60 kg,"255,00",255.0,Café Conillon,10
2019-08-16,Café Conillon,EUNAPOLIS,Tipo 7,sc 60 kg,"260,00",260.0,Café Conillon,10
2019-08-16,Café Conillon,EUNAPOLIS,Tipo 7/8,sc 60 kg,"255,00",255.0,Café Conillon,10
2019-08-19,Café Conillon,EUNAPOLIS,Tipo 7,sc 60 kg,"260,00",260.0,Café Conillon,10
2019-08-19,Café Conillon,EUNAPOLIS,Tipo 7/8,sc 60 kg,"255,00",255.0,Café Conillon,10
2019-08-20,Café Conillon,EUNAPOLIS,Tipo 7,sc 60 kg,"260,00",260.0,Café Conillon,10
2019-08-20,Café Conillon,EUNAPOLIS,Tipo 7/8,sc 60 kg,"255,00",255.0,Café Conillon,10
2019-08-21,Café Conillon,EUNAPOLIS,Tipo 7,sc 60 kg,"260,00",260.0,Café Conillon,10
2019-08-21,Café Conillon,EUNAPOLIS,Tipo 7/8,sc 60 kg,"255,00",255.0,Café Conillon,10
2019-08-22,Café Conillon,EUNAPOLIS,Tipo 7,sc 60 kg,"263,00",263.0,Café Conillon,10
2019-08-22,Café Conillon,EUNAPOLIS,Tipo 7/8,sc 60 kg,"258,00",258.0,Café Conillon,10
2019-08-23,Café Conillon,EUNAPOLIS,Tipo 7,sc 60 kg,"263,00",263.0,Café Conillon,10
2019-08-23,Café Conillon,EUNAPOLIS,Tipo 7/8,sc 60 kg,"258,00",258.0,Café Conillon,10
2019-08-26,Café Conillon,EUNAPOLIS,Tipo 7,sc 60 kg,"267,00",267.0,Café Conillon,10
2019-08-26,Café Conillon,EUNAPOLIS,Tipo 7/8,sc 60 kg,"262,00",262.0,Café Conillon,10
2019-08-27,Café Conillon,EUNAPOLIS,Tipo 7,sc 60 kg,"267,00",267.0,Café Conillon,10
2019-08-27,Café Conillon,EUNAPOLIS,Tipo 7/8,sc 60 kg,"262,00",262.0,Café Conillon,10
2019-08-28,Café Conillon,EUNAPOLIS,Tipo 7,sc 60 kg,"275,00",275.0,Café Conillon,10
2019-08-28,Café Conillon,EUNAPOLIS,Tipo 7/8,sc 60 kg,"270,00",270.0,Café Conillon,10
2019-08-29,Café Conillon,EUNAPOLIS,Tipo 7,sc 60 kg,"272,00",272.0,Café Conillon,10
2019-08-29,Café Conillon,EUNAPOLIS,Tipo 7/8,sc 60 kg,"267,00",267.0,Café Conillon,10
2019-08-30,Café Conillon,EUNAPOLIS,Tipo 7,sc 60 kg,"270,00",270.0,Café Conillon,10
2019-08-30,Café Conillon,EUNAPOLIS,Tipo 7/8,sc 60 kg,"265,00",265.0,Café Conillon,10
2019-09-02,Café Conillon,EUNAPOLIS,Tipo 7,sc 60 kg,"270,00",270.0,Café Conillon,10
2019-09-02,Café Conillon,EUNAPOLIS,Tipo 7/8,sc 60 kg,"265,00",265.0,Café Conillon,10
2019-09-03,Café Conillon,EUNAPOLIS,Tipo 7,sc 60 kg,"270,00",270.0,Café Conillon,10
2019-09-03,Café Conillon,EUNAPOLIS,Tipo 7/8,sc 60 kg,"265,00",265.0,Café Conillon,10
2019-09-04,Café Conillon,EUNAPOLIS,Tipo 7,sc 60 kg,"270,00",270.0,Café Conillon,10
2019-09-04,Café Conillon,EUNAPOLIS,Tipo 7/8,sc 60 kg,"265,00",265.0,Café Conillon,10
2019-09-05,Café Conillon,EUNAPOLIS,Tipo 7,sc 60 kg,"265,00",265.0,Café Conillon,10
2019-09-05,Café Conillon,EUNAPOLIS,Tipo 7/8,sc 60 kg,"260,00",260.0,Café Conillon,10
2019-09-06,Café Conillon,EUNAPOLIS,Tipo 7,sc 60 kg,"265,00",265.0,Café Conillon,10
2019-09-06,Café Conillon,EUNAPOLIS,Tipo 7/8,sc 60 kg,"260,00",260.0,Café Conillon,10
2019-09-09,Café Conillon,EUNAPOLIS,Tipo 7,sc 60 kg,"265,00",265.0,Café Conillon,10
2019-09-09,Café Conillon,EUNAPOLIS,Tipo 7/8,sc 60 kg,"260,00",260.0,Café Conillon,10
2019-09-10,Café Conillon,EUNAPOLIS,Tipo 7,sc 60 kg,"265,00",265.0,Café Conillon,10
2019-09-10,Café Conillon,EUNAPOLIS,Tipo 7/8,sc 60 kg,"260,00",260.0,Café Conillon,10
2019-09-11,Café Conillon,EUNAPOLIS,Tipo 7,sc 60 kg,"265,00",265.0,Café Conillon,10
2019-09-11,Café Conillon,EUNAPOLIS,Tipo 7/8,sc 60 kg,"260,00",260.0,Café Conillon,10
2019-09-12,Café Conillon,EUNAPOLIS,Tipo 7,sc 60 kg,"270,00",270.0,Café Conillon,10
2019-09-12,Café Conillon,EUNAPOLIS,Tipo 7/8,sc 60 kg,"265,00",265.0,Café Conillon,10
2019-09-13,Café Conillon,EUNAPOLIS,Tipo 7,sc 60 kg,"270,00",270.0,Café Conillon,10
2019-09-13,Café Conillon,EUNAPOLIS,Tipo 7/8,sc 60 kg,"265,00",265.0,Café Conillon,10
2019-09-16,Café Conillon,EUNAPOLIS,Tipo 7,sc 60 kg,"270,00",270.0,Café Conillon,10
2019-09-16,Café Conillon,EUNAPOLIS,Tipo 7/8,sc 60 kg,"265,00",265.0,Café Conillon,10
2019-09-17,Café Conillon,EUNAPOLIS,Tipo 7,sc 60 kg,"270,00",270.0,Café Conillon,10
2019-09-17,Café Conillon,EUNAPOLIS,Tipo 7/8,sc 60 kg,"265,00",265.0,Café Conillon,10
2019-09-18,Café Conillon,EUNAPOLIS,Tipo 7,sc 60 kg,"272,00",272.0,Café Conillon,10
2019-09-18,Café Conillon,EUNAPOLIS,Tipo 7/8,sc 60 kg,"267,00",267.0,Café Conillon,10
2019-09-19,Café Conillon,EUNAPOLIS,Tipo 7,sc 60 kg,"272,00",272.0,Café Conillon,10
2019-09-19,Café Conillon,EUNAPOLIS,Tipo 7/8,sc 60 kg,"267,00",267.0,Café Conillon,10
2019-09-20,Café Conillon,EUNAPOLIS,Tipo 7,sc 60 kg,"272,00",272.0,Café Conillon,10
2019-09-20,Café Conillon,EUNAPOLIS,Tipo 7/8,sc 60 kg,"267,00",267.0,Café Conillon,10
2019-09-23,Café Conillon,EUNAPOLIS,Tipo 7,sc 60 kg,"272,00",272.0,Café Conillon,10
2019-09-23,Café Conillon,EUNAPOLIS,Tipo 7/8,sc 60 kg,"267,00",267.0,Café Conillon,10
2019-09-24,Café Conillon,EUNAPOLIS,Tipo 7,sc 60 kg,"272,00",272.0,Café Conillon,10
2019-09-24,Café Conillon,EUNAPOLIS,Tipo 7/8,sc 60 kg,"267,00",267.0,Café Conillon,10
2019-09-25,Café Conillon,EUNAPOLIS,Tipo 7,sc 60 kg,"275,00",275.0,Café Conillon,10
2019-09-25,Café Conillon,EUNAPOLIS,Tipo 7/8,sc 60 kg,"270,00",270.0,Café Conillon,10
2019-09-26,Café Conillon,EUNAPOLIS,Tipo 7,sc 60 kg,"275,00",275.0,Café Conillon,10
2019-09-26,Café Conillon,EUNAPOLIS,Tipo 7/8,sc 60 kg,"270,00",270.0,Café Conillon,10
2019-09-27,Café Conillon,EUNAPOLIS,Tipo 7,sc 60 kg,"275,00",275.0,Café Conillon,10
2019-09-27,Café Conillon,EUNAPOLIS,Tipo 7/8,sc 60 kg,"270,00",270.0,Café Conillon,10
2019-09-30,Café Conillon,EUNAPOLIS,Tipo 7,sc 60 kg,"275,00",275.0,Café Conillon,10
2019-09-30,Café Conillon,EUNAPOLIS,Tipo 7/8,sc 60 kg,"270,00",270.0,Café Conillon,10
2019-10-01,Café Conillon,EUNAPOLIS,Tipo 7,sc 60 kg,"275,00",275.0,Café Conillon,10
2019-10-01,Café Conillon,EUNAPOLIS,Tipo 7/8,sc 60 kg,"270,00",270.0,Café Conillon,10
2019-10-02,Café Conillon,EUNAPOLIS,Tipo 7,sc 60 kg,"275,00",275.0,Café Conillon,10
2019-10-02,Café Conillon,EUNAPOLIS,Tipo 7/8,sc 60 kg,"270,00",270.0,Café Conillon,10
2019-10-03,Café Conillon,EUNAPOLIS,Tipo 7,sc 60 kg,"275,00",275.0,Café Conillon,10
2019-10-03,Café Conillon,EUNAPOLIS,Tipo 7/8,sc 60 kg,"270,00",270.0,Café Conillon,10
2019-10-04,Café Conillon,EUNAPOLIS,Tipo 7,sc 60 kg,"275,00",275.0,Café Conillon,10
2019-10-04,Café Conillon,EUNAPOLIS,Tipo 7/8,sc 60 kg,"270,00",270.0,Café Conillon,10
2019-10-07,Café Conillon,EUNAPOLIS,Tipo 7,sc 60 kg,"275,00",275.0,Café Conillon,10
2019-10-07,Café Conillon,EUNAPOLIS,Tipo 7/8,sc 60 kg,"270,00",270.0,Café Conillon,10
2019-10-08,Café Conillon,EUNAPOLIS,Tipo 7,sc 60 kg,"270,00",270.0,Café Conillon,10
2019-10-08,Café Conillon,EUNAPOLIS,Tipo 7/8,sc 60 kg,"265,00",265.0,Café Conillon,10
2019-10-09,Café Conillon,EUNAPOLIS,Tipo 7,sc 60 kg,"270,00",270.0,Café Conillon,10
2019-10-09,Café Conillon,EUNAPOLIS,Tipo 7/8,sc 60 kg,"265,00",265.0,Café Conillon,10
2019-10-10,Café Conillon,EUNAPOLIS,Tipo 7,sc 60 kg,"270,00",270.0,Café Conillon,10
2019-10-10,Café Conillon,EUNAPOLIS,Tipo 7/8,sc 60 kg,"265,00",265.0,Café Conillon,10
2019-10-11,Café Conillon,EUNAPOLIS,Tipo 7,sc 60 kg,"270,00",270.0,Café Conillon,10
2019-10-11,Café Conillon,EUNAPOLIS,Tipo 7/8,sc 60 kg,"265,00",265.0,Café Conillon,10
2019-10-14,Café Conillon,EUNAPOLIS,Tipo 7,sc 60 kg,"270,00",270.0,Café Conillon,10
2019-10-14,Café Conillon,EUNAPOLIS,Tipo 7/8,sc 60 kg,"265,00",265.0,Café Conillon,10
2019-10-15,Café Conillon,EUNAPOLIS,Tipo 7,sc 60 kg,"270,00",270.0,Café Conillon,10
2019-10-15,Café Conillon,EUNAPOLIS,Tipo 7/8,sc 60 kg,"265,00",265.0,Café Conillon,10
2019-10-16,Café Conillon,EUNAPOLIS,Tipo 7,sc 60 kg,"270,00",270.0,Café Conillon,10
2019-10-16,Café Conillon,EUNAPOLIS,Tipo 7/8,sc 60 kg,"265,00",265.0,Café Conillon,10
2019-10-17,Café Conillon,EUNAPOLIS,Tipo 7,sc 60 kg,"270,00",270.0,Café Conillon,10
2019-10-17,Café Conillon,EUNAPOLIS,Tipo 7/8,sc 60 kg,"265,00",265.0,Café Conillon,10
2019-10-18,Café Conillon,EUNAPOLIS,Tipo 7,sc 60 kg,"270,00",270.0,Café Conillon,10
2019-10-18,Café Conillon,EUNAPOLIS,Tipo 7/8,sc 60 kg,"265,00",265.0,Café Conillon,10
2019-10-21,Café Conillon,EUNAPOLIS,Tipo 7,sc 60 kg,"265,00",265.0,Café Conillon,10
2019-10-21,Café Conillon,EUNAPOLIS,Tipo 7/8,sc 60 kg,"260,00",260.0,Café Conillon,10
2019-10-22,Café Conillon,EUNAPOLIS,Tipo 7,sc 60 kg,"265,00",265.0,Café Conillon,10
2019-10-22,Café Conillon,EUNAPOLIS,Tipo 7/8,sc 60 kg,"260,00",260.0,Café Conillon,10
2019-10-23,Café Conillon,EUNAPOLIS,Tipo 7,sc 60 kg,"265,00",265.0,Café Conillon,10
2019-10-23,Café Conillon,EUNAPOLIS,Tipo 7/8,sc 60 kg,"260,00",260.0,Café Conillon,10
2019-10-24,Café Conillon,EUNAPOLIS,Tipo 7,sc 60 kg,"265,00",265.0,Café Conillon,10
2019-10-24,Café Conillon,EUNAPOLIS,Tipo 7/8,sc 60 kg,"260,00",260.0,Café Conillon,10
2019-10-25,Café Conillon,EUNAPOLIS,Tipo 7,sc 60 kg,"265,00",265.0,Café Conillon,10
2019-10-25,Café Conillon,EUNAPOLIS,Tipo 7/8,sc 60 kg,"260,00",260.0,Café Conillon,10
2019-10-29,Café Conillon,EUNAPOLIS,Tipo 7,sc 60 kg,"268,00",268.0,Café Conillon,10
2019-10-29,Café Conillon,EUNAPOLIS,Tipo 7/8,sc 60 kg,"263,00",263.0,Café Conillon,10
2019-10-30,Café Conillon,EUNAPOLIS,Tipo 7,sc 60 kg,"268,00",268.0,Café Conillon,10
2019-10-30,Café Conillon,EUNAPOLIS,Tipo 7/8,sc 60 kg,"263,00",263.0,Café Conillon,10
2019-10-31,Café Conillon,EUNAPOLIS,Tipo 7,sc 60 kg,"268,00",268.0,Café Conillon,10
2019-10-31,Café Conillon,EUNAPOLIS,Tipo 7/8,sc 60 kg,"263,00",263.0,Café Conillon,10
2019-11-01,Café Conillon,EUNAPOLIS,Tipo 7,sc 60 kg,"268,00",268.0,Café Conillon,10
2019-11-01,Café Conillon,EUNAPOLIS,Tipo 7/8,sc 60 kg,"263,00",263.0,Café Conillon,10
2019-11-04,Café Conillon,EUNAPOLIS,Tipo 7,sc 60 kg,"270,00",270.0,Café Conillon,10
2019-11-04,Café Conillon,EUNAPOLIS,Tipo 7/8,sc 60 kg,"265,00",265.0,Café Conillon,10
2019-11-05,Café Conillon,EUNAPOLIS,Tipo 7,sc 60 kg,"270,00",270.0,Café Conillon,10
2019-11-05,Café Conillon,EUNAPOLIS,Tipo 7/8,sc 60 kg,"265,00",265.0,Café Conillon,10
2019-11-06,Café Conillon,EUNAPOLIS,Tipo 7,sc 60 kg,"270,00",270.0,Café Conillon,10
2019-11-06,Café Conillon,EUNAPOLIS,Tipo 7/8,sc 60 kg,"265,00",265.0,Café Conillon,10
2019-11-07,Café Conillon,EUNAPOLIS,Tipo 7,sc 60 kg,"270,00",270.0,Café Conillon,10
2019-11-07,Café Conillon,EUNAPOLIS,Tipo 7/8,sc 60 kg,"265,00",265.0,Café Conillon,10
2019-11-08,Café Conillon,EUNAPOLIS,Tipo 7,sc 60 kg,"270,00",270.0,Café Conillon,10
2019-11-08,Café Conillon,EUNAPOLIS,Tipo 7/8,sc 60 kg,"265,00",265.0,Café Conillon,10
2019-11-11,Café Conillon,EUNAPOLIS,Tipo 7,sc 60 kg,"270,00",270.0,Café Conillon,10
2019-11-11,Café Conillon,EUNAPOLIS,Tipo 7/8,sc 60 kg,"265,00",265.0,Café Conillon,10
2019-11-12,Café Conillon,EUNAPOLIS,Tipo 7,sc 60 kg,"280,00",280.0,Café Conillon,10
2019-11-12,Café Conillon,EUNAPOLIS,Tipo 7/8,sc 60 kg,"275,00",275.0,Café Conillon,10
2019-11-13,Café Conillon,EUNAPOLIS,Tipo 7,sc 60 kg,"280,00",280.0,Café Conillon,10
2019-11-13,Café Conillon,EUNAPOLIS,Tipo 7/8,sc 60 kg,"275,00",275.0,Café Conillon,10
2019-11-14,Café Conillon,EUNAPOLIS,Tipo 7,sc 60 kg,"280,00",280.0,Café Conillon,10
2019-11-14,Café Conillon,EUNAPOLIS,Tipo 7/8,sc 60 kg,"275,00",275.0,Café Conillon,10
2019-11-18,Café Conillon,EUNAPOLIS,Tipo 7,sc 60 kg,"290,00",290.0,Café Conillon,10
2019-11-18,Café Conillon,EUNAPOLIS,Tipo 7/8,sc 60 kg,"285,00",285.0,Café Conillon,10
2019-11-19,Café Conillon,EUNAPOLIS,Tipo 7,sc 60 kg,"290,00",290.0,Café Conillon,10
2019-11-19,Café Conillon,EUNAPOLIS,Tipo 7/8,sc 60 kg,"285,00",285.0,Café Conillon,10
2019-11-20,Café Conillon,EUNAPOLIS,Tipo 7,sc 60 kg,"285,00",285.0,Café Conillon,10
2019-11-20,Café Conillon,EUNAPOLIS,Tipo 7/8,sc 60 kg,"280,00",280.0,Café Conillon,10
2019-11-21,Café Conillon,EUNAPOLIS,Tipo 7,sc 60 kg,"285,00",285.0,Café Conillon,10
2019-11-21,Café Conillon,EUNAPOLIS,Tipo 7/8,sc 60 kg,"280,00",280.0,Café Conillon,10
2019-11-22,Café Conillon,EUNAPOLIS,Tipo 7,sc 60 kg,"290,00",290.0,Café Conillon,10
2019-11-22,Café Conillon,EUNAPOLIS,Tipo 7/8,sc 60 kg,"285,00",285.0,Café Conillon,10
2019-11-25,Café Conillon,EUNAPOLIS,Tipo 7,sc 60 kg,"290,00",290.0,Café Conillon,10
2019-11-25,Café Conillon,EUNAPOLIS,Tipo 7/8,sc 60 kg,"285,00",285.0,Café Conillon,10
2019-11-26,Café Conillon,EUNAPOLIS,Tipo 7,sc 60 kg,"295,00",295.0,Café Conillon,10
2019-11-26,Café Conillon,EUNAPOLIS,Tipo 7/8,sc 60 kg,"290,00",290.0,Café Conillon,10
2019-11-27,Café Conillon,EUNAPOLIS,Tipo 7,sc 60 kg,"295,00",295.0,Café Conillon,10
2019-11-27,Café Conillon,EUNAPOLIS,Tipo 7/8,sc 60 kg,"290,00",290.0,Café Conillon,10
2019-11-28,Café Conillon,EUNAPOLIS,Tipo 7,sc 60 kg,"295,00",295.0,Café Conillon,10
2019-11-28,Café Conillon,EUNAPOLIS,Tipo 7/8,sc 60 kg,"290,00",290.0,Café Conillon,10
2019-11-29,Café Conillon,EUNAPOLIS,Tipo 7,sc 60 kg,"295,00",295.0,Café Conillon,10
2019-11-29,Café Conillon,EUNAPOLIS,Tipo 7/8,sc 60 kg,"290,00",290.0,Café Conillon,10
2019-12-02,Café Conillon,EUNAPOLIS,Tipo 7,sc 60 kg,"295,00",295.0,Café Conillon,10
2019-12-02,Café Conillon,EUNAPOLIS,Tipo 7/8,sc 60 kg,"290,00",290.0,Café Conillon,10
2019-12-03,Café Conillon,EUNAPOLIS,Tipo 7,sc 60 kg,"295,00",295.0,Café Conillon,10
2019-12-03,Café Conillon,EUNAPOLIS,Tipo 7/8,sc 60 kg,"290,00",290.0,Café Conillon,10
2019-12-04,Café Conillon,EUNAPOLIS,Tipo 7,sc 60 kg,"295,00",295.0,Café Conillon,10
2019-12-04,Café Conillon,EUNAPOLIS,Tipo 7/8,sc 60 kg,"290,00",290.0,Café Conillon,10
2019-12-05,Café Conillon,EUNAPOLIS,Tipo 7,sc 60 kg,"295,00",295.0,Café Conillon,10
2019-12-05,Café Conillon,EUNAPOLIS,Tipo 7/8,sc 60 kg,"290,00",290.0,Café Conillon,10
2019-12-06,Café Conillon,EUNAPOLIS,Tipo 7,sc 60 kg,"290,00",290.0,Café Conillon,10
2019-12-06,Café Conillon,EUNAPOLIS,Tipo 7/8,sc 60 kg,"285,00",285.0,Café Conillon,10
2019-12-09,Café Conillon,EUNAPOLIS,Tipo 7,sc 60 kg,"290,00",290.0,Café Conillon,10
2019-12-09,Café Conillon,EUNAPOLIS,Tipo 7/8,sc 60 kg,"285,00",285.0,Café Conillon,10
2019-12-10,Café Conillon,EUNAPOLIS,Tipo 7,sc 60 kg,"290,00",290.0,Café Conillon,10
2019-12-10,Café Conillon,EUNAPOLIS,Tipo 7/8,sc 60 kg,"285,00",285.0,Café Conillon,10
2019-12-11,Café Conillon,EUNAPOLIS,Tipo 7,sc 60 kg,"290,00",290.0,Café Conillon,10
2019-12-11,Café Conillon,EUNAPOLIS,Tipo 7/8,sc 60 kg,"285,00",285.0,Café Conillon,10
2019-12-12,Café Conillon,EUNAPOLIS,Tipo 7,sc 60 kg,"295,00",295.0,Café Conillon,10
2019-12-12,Café Conillon,EUNAPOLIS,Tipo 7/8,sc 60 kg,"290,00",290.0,Café Conillon,10
2019-12-13,Café Conillon,EUNAPOLIS,Tipo 7,sc 60 kg,"295,00",295.0,Café Conillon,10
2019-12-13,Café Conillon,EUNAPOLIS,Tipo 7/8,sc 60 kg,"290,00",290.0,Café Conillon,10
2019-12-16,Café Conillon,EUNAPOLIS,Tipo 7,sc 60 kg,"295,00",295.0,Café Conillon,10
2019-12-16,Café Conillon,EUNAPOLIS,Tipo 7/8,sc 60 kg,"290,00",290.0,Café Conillon,10
2019-12-17,Café Conillon,EUNAPOLIS,Tipo 7,sc 60 kg,"295,00",295.0,Café Conillon,10
2019-12-17,Café Conillon,EUNAPOLIS,Tipo 7/8,sc 60 kg,"290,00",290.0,Café Conillon,10
2019-12-18,Café Conillon,EUNAPOLIS,Tipo 7,sc 60 kg,"295,00",295.0,Café Conillon,10
2019-12-18,Café Conillon,EUNAPOLIS,Tipo 7/8,sc 60 kg,"290,00",290.0,Café Conillon,10
2019-12-19,Café Conillon,EUNAPOLIS,Tipo 7,sc 60 kg,"295,00",295.0,Café Conillon,10
2019-12-19,Café Conillon,EUNAPOLIS,Tipo 7/8,sc 60 kg,"290,00",290.0,Café Conillon,10
2019-12-20,Café Conillon,EUNAPOLIS,Tipo 7,sc 60 kg,"295,00",295.0,Café Conillon,10
2019-12-20,Café Conillon,EUNAPOLIS,Tipo 7/8,sc 60 kg,"290,00",290.0,Café Conillon,10
2019-12-26,Café Conillon,EUNAPOLIS,Tipo 7,sc 60 kg,"290,00",290.0,Café Conillon,10
2019-12-26,Café Conillon,EUNAPOLIS,Tipo 7/8,sc 60 kg,"285,00",285.0,Café Conillon,10
2019-12-27,Café Conillon,EUNAPOLIS,Tipo 7,sc 60 kg,"290,00",290.0,Café Conillon,10
2019-12-27,Café Conillon,EUNAPOLIS,Tipo 7/8,sc 60 kg,"285,00",285.0,Café Conillon,10
2020-01-02,Café Conillon,EUNAPOLIS,Tipo 7,sc 60 kg,"290,00",290.0,Café Conillon,10
2020-01-02,Café Conillon,EUNAPOLIS,Tipo 7/8,sc 60 kg,"285,00",285.0,Café Conillon,10
2020-01-03,Café Conillon,EUNAPOLIS,Tipo 7,sc 60 kg,"290,00",290.0,Café Conillon,10
2020-01-03,Café Conillon,EUNAPOLIS,Tipo 7/8,sc 60 kg,"285,00",285.0,Café Conillon,10
2020-01-06,Café Conillon,EUNAPOLIS,Tipo 7,sc 60 kg,"285,00",285.0,Café Conillon,10
2020-01-06,Café Conillon,EUNAPOLIS,Tipo 7/8,sc 60 kg,"280,00",280.0,Café Conillon,10
2020-01-07,Café Conillon,EUNAPOLIS,Tipo 7,sc 60 kg,"285,00",285.0,Café Conillon,10
2020-01-07,Café Conillon,EUNAPOLIS,Tipo 7/8,sc 60 kg,"280,00",280.0,Café Conillon,10
2020-01-08,Café Conillon,EUNAPOLIS,Tipo 7,sc 60 kg,"285,00",285.0,Café Conillon,10
2020-01-08,Café Conillon,EUNAPOLIS,Tipo 7/8,sc 60 kg,"280,00",280.0,Café Conillon,10
2020-01-09,Café Conillon,EUNAPOLIS,Tipo 7,sc 60 kg,"290,00",290.0,Café Conillon,10
2020-01-09,Café Conillon,EUNAPOLIS,Tipo 7/8,sc 60 kg,"285,00",285.0,Café Conillon,10
2020-01-10,Café Conillon,EUNAPOLIS,Tipo 7,sc 60 kg,"290,00",290.0,Café Conillon,10
2020-01-10,Café Conillon,EUNAPOLIS,Tipo 7/8,sc 60 kg,"285,00",285.0,Café Conillon,10
2020-01-13,Café Conillon,EUNAPOLIS,Tipo 7,sc 60 kg,"285,00",285.0,Café Conillon,10
2020-01-13,Café Conillon,EUNAPOLIS,Tipo 7/8,sc 60 kg,"280,00",280.0,Café Conillon,10
2020-01-14,Café Conillon,EUNAPOLIS,Tipo 7,sc 60 kg,"285,00",285.0,Café Conillon,10
2020-01-14,Café Conillon,EUNAPOLIS,Tipo 7/8,sc 60 kg,"280,00",280.0,Café Conillon,10
2020-01-15,Café Conillon,EUNAPOLIS,Tipo 7,sc 60 kg,"285,00",285.0,Café Conillon,10
2020-01-15,Café Conillon,EUNAPOLIS,Tipo 7/8,sc 60 kg,"280,00",280.0,Café Conillon,10
2020-01-17,Café Conillon,EUNAPOLIS,Tipo 7,sc 60 kg,"285,00",285.0,Café Conillon,10
2020-01-17,Café Conillon,EUNAPOLIS,Tipo 7/8,sc 60 kg,"280,00",280.0,Café Conillon,10
2020-01-20,Café Conillon,EUNAPOLIS,Tipo 7,sc 60 kg,"285,00",285.0,Café Conillon,10
2020-01-20,Café Conillon,EUNAPOLIS,Tipo 7/8,sc 60 kg,"280,00",280.0,Café Conillon,10
2020-01-21,Café Conillon,EUNAPOLIS,Tipo 7,sc 60 kg,"285,00",285.0,Café Conillon,10
2020-01-21,Café Conillon,EUNAPOLIS,Tipo 7/8,sc 60 kg,"280,00",280.0,Café Conillon,10
2020-01-22,Café Conillon,EUNAPOLIS,Tipo 7,sc 60 kg,"285,00",285.0,Café Conillon,10
2020-01-22,Café Conillon,EUNAPOLIS,Tipo 7/8,sc 60 kg,"280,00",280.0,Café Conillon,10
2020-01-23,Café Conillon,EUNAPOLIS,Tipo 7,sc 60 kg,"285,00",285.0,Café Conillon,10
2020-01-23,Café Conillon,EUNAPOLIS,Tipo 7/8,sc 60 kg,"280,00",280.0,Café Conillon,10
2020-01-24,Café Conillon,EUNAPOLIS,Tipo 7,sc 60 kg,"285,00",285.0,Café Conillon,10
2020-01-24,Café Conillon,EUNAPOLIS,Tipo 7/8,sc 60 kg,"280,00",280.0,Café Conillon,10
2020-01-27,Café Conillon,EUNAPOLIS,Tipo 7,sc 60 kg,"285,00",285.0,Café Conillon,10
2020-01-27,Café Conillon,EUNAPOLIS,Tipo 7/8,sc 60 kg,"280,00",280.0,Café Conillon,10
2020-01-28,Café Conillon,EUNAPOLIS,Tipo 7,sc 60 kg,"285,00",285.0,Café Conillon,10
2020-01-28,Café Conillon,EUNAPOLIS,Tipo 7/8,sc 60 kg,"280,00",280.0,Café Conillon,10
2020-01-29,Café Conillon,EUNAPOLIS,Tipo 7,sc 60 kg,"285,00",285.0,Café Conillon,10
2020-01-29,Café Conillon,EUNAPOLIS,Tipo 7/8,sc 60 kg,"280,00",280.0,Café Conillon,10
2020-01-30,Café Conillon,EUNAPOLIS,Tipo 7,sc 60 kg,"285,00",285.0,Café Conillon,10
2020-01-30,Café Conillon,EUNAPOLIS,Tipo 7/8,sc 60 kg,"280,00",280.0,Café Conillon,10
2020-01-31,Café Conillon,EUNAPOLIS,Tipo 7,sc 60 kg,"290,00",290.0,Café Conillon,10
2020-01-31,Café Conillon,EUNAPOLIS,Tipo 7/8,sc 60 kg,"285,00",285.0,Café Conillon,10
2020-02-03,Café Conillon,EUNAPOLIS,Tipo 7,sc 60 kg,"290,00",290.0,Café Conillon,10
2020-02-03,Café Conillon,EUNAPOLIS,Tipo 7/8,sc 60 kg,"285,00",285.0,Café Conillon,10
2020-02-04,Café Conillon,EUNAPOLIS,Tipo 7,sc 60 kg,"290,00",290.0,Café Conillon,10
2020-02-04,Café Conillon,EUNAPOLIS,Tipo 7/8,sc 60 kg,"285,00",285.0,Café Conillon,10
2020-02-05,Café Conillon,EUNAPOLIS,Tipo 7,sc 60 kg,"290,00",290.0,Café Conillon,10
2020-02-05,Café Conillon,EUNAPOLIS,Tipo 7/8,sc 60 kg,"285,00",285.0,Café Conillon,10
2020-02-06,Café Conillon,EUNAPOLIS,Tipo 7,sc 60 kg,"290,00",290.0,Café Conillon,10
2020-02-06,Café Conillon,EUNAPOLIS,Tipo 7/8,sc 60 kg,"285,00",285.0,Café Conillon,10
2020-02-07,Café Conillon,EUNAPOLIS,Tipo 7,sc 60 kg,"290,00",290.0,Café Conillon,10
2020-02-07,Café Conillon,EUNAPOLIS,Tipo 7/8,sc 60 kg,"285,00",285.0,Café Conillon,10
2020-02-10,Café Conillon,EUNAPOLIS,Tipo 7,sc 60 kg,"290,00",290.0,Café Conillon,10
2020-02-10,Café Conillon,EUNAPOLIS,Tipo 7/8,sc 60 kg,"285,00",285.0,Café Conillon,10
2020-02-11,Café Conillon,EUNAPOLIS,Tipo 7,sc 60 kg,"290,00",290.0,Café Conillon,10
2020-02-11,Café Conillon,EUNAPOLIS,Tipo 7/8,sc 60 kg,"285,00",285.0,Café Conillon,10
2020-02-12,Café Conillon,EUNAPOLIS,Tipo 7,sc 60 kg,"290,00",290.0,Café Conillon,10
2020-02-12,Café Conillon,EUNAPOLIS,Tipo 7/8,sc 60 kg,"285,00",285.0,Café Conillon,10
2020-02-13,Café Conillon,EUNAPOLIS,Tipo 7,sc 60 kg,"290,00",290.0,Café Conillon,10
2020-02-13,Café Conillon,EUNAPOLIS,Tipo 7/8,sc 60 kg,"285,00",285.0,Café Conillon,10
2020-02-14,Café Conillon,EUNAPOLIS,Tipo 7,sc 60 kg,"290,00",290.0,Café Conillon,10
2020-02-14,Café Conillon,EUNAPOLIS,Tipo 7/8,sc 60 kg,"285,00",285.0,Café Conillon,10
2020-02-17,Café Conillon,EUNAPOLIS,Tipo 7,sc 60 kg,"290,00",290.0,Café Conillon,10
2020-02-17,Café Conillon,EUNAPOLIS,Tipo 7/8,sc 60 kg,"285,00",285.0,Café Conillon,10
2020-02-18,Café Conillon,EUNAPOLIS,Tipo 7,sc 60 kg,"290,00",290.0,Café Conillon,10
2020-02-18,Café Conillon,EUNAPOLIS,Tipo 7/8,sc 60 kg,"285,00",285.0,Café Conillon,10
2020-02-19,Café Conillon,EUNAPOLIS,Tipo 7,sc 60 kg,"290,00",290.0,Café Conillon,10
2020-02-19,Café Conillon,EUNAPOLIS,Tipo 7/8,sc 60 kg,"285,00",285.0,Café Conillon,10
2020-02-20,Café Conillon,EUNAPOLIS,Tipo 7,sc 60 kg,"290,00",290.0,Café Conillon,10
2020-02-20,Café Conillon,EUNAPOLIS,Tipo 7/8,sc 60 kg,"285,00",285.0,Café Conillon,10
2020-02-27,Café Conillon,EUNAPOLIS,Tipo 7,sc 60 kg,"290,00",290.0,Café Conillon,10
2020-02-27,Café Conillon,EUNAPOLIS,Tipo 7/8,sc 60 kg,"285,00",285.0,Café Conillon,10
2020-02-28,Café Conillon,EUNAPOLIS,Tipo 7,sc 60 kg,"290,00",290.0,Café Conillon,10
2020-02-28,Café Conillon,EUNAPOLIS,Tipo 7/8,sc 60 kg,"285,00",285.0,Café Conillon,10
2020-03-02,Café Conillon,EUNAPOLIS,Tipo 7,sc 60 kg,"290,00",290.0,Café Conillon,10
2020-03-02,Café Conillon,EUNAPOLIS,Tipo 7/8,sc 60 kg,"285,00",285.0,Café Conillon,10
2020-03-03,Café Conillon,EUNAPOLIS,Tipo 7,sc 60 kg,"290,00",290.0,Café Conillon,10
2020-03-03,Café Conillon,EUNAPOLIS,Tipo 7/8,sc 60 kg,"285,00",285.0,Café Conillon,10
2020-03-04,Café Conillon,EUNAPOLIS,Tipo 7,sc 60 kg,"290,00",290.0,Café Conillon,10
2020-03-04,Café Conillon,EUNAPOLIS,Tipo 7/8,sc 60 kg,"285,00",285.0,Café Conillon,10
2020-03-05,Café Conillon,EUNAPOLIS,Tipo 7,sc 60 kg,"290,00",290.0,Café Conillon,10
2020-03-05,Café Conillon,EUNAPOLIS,Tipo 7/8,sc 60 kg,"285,00",285.0,Café Conillon,10
2020-03-06,Café Conillon,EUNAPOLIS,Tipo 7,sc 60 kg,"290,00",290.0,Café Conillon,10
2020-03-06,Café Conillon,EUNAPOLIS,Tipo 7/8,sc 60 kg,"285,00",285.0,Café Conillon,10
2020-03-09,Café Conillon,EUNAPOLIS,Tipo 7,sc 60 kg,"290,00",290.0,Café Conillon,10
2020-03-09,Café Conillon,EUNAPOLIS,Tipo 7/8,sc 60 kg,"285,00",285.0,Café Conillon,10
2020-03-10,Café Conillon,EUNAPOLIS,Tipo 7,sc 60 kg,"290,00",290.0,Café Conillon,10
2020-03-10,Café Conillon,EUNAPOLIS,Tipo 7/8,sc 60 kg,"285,00",285.0,Café Conillon,10
2020-03-11,Café Conillon,EUNAPOLIS,Tipo 7,sc 60 kg,"290,00",290.0,Café Conillon,10
2020-03-11,Café Conillon,EUNAPOLIS,Tipo 7/8,sc 60 kg,"285,00",285.0,Café Conillon,10
2020-03-12,Café Conillon,EUNAPOLIS,Tipo 7,sc 60 kg,"290,00",290.0,Café Conillon,10
2020-03-12,Café Conillon,EUNAPOLIS,Tipo 7/8,sc 60 kg,"285,00",285.0,Café Conillon,10
2020-03-13,Café Conillon,EUNAPOLIS,Tipo 7,sc 60 kg,"290,00",290.0,Café Conillon,10
2020-03-13,Café Conillon,EUNAPOLIS,Tipo 7/8,sc 60 kg,"285,00",285.0,Café Conillon,10
2020-03-16,Café Conillon,EUNAPOLIS,Tipo 7,sc 60 kg,"290,00",290.0,Café Conillon,10
2020-03-16,Café Conillon,EUNAPOLIS,Tipo 7/8,sc 60 kg,"285,00",285.0,Café Conillon,10
2020-03-17,Café Conillon,EUNAPOLIS,Tipo 7,sc 60 kg,"300,00",300.0,Café Conillon,10
2020-03-17,Café Conillon,EUNAPOLIS,Tipo 7/8,sc 60 kg,"295,00",295.0,Café Conillon,10
2020-03-18,Café Conillon,EUNAPOLIS,Tipo 7,sc 60 kg,"300,00",300.0,Café Conillon,10
2020-03-18,Café Conillon,EUNAPOLIS,Tipo 7/8,sc 60 kg,"295,00",295.0,Café Conillon,10
2020-03-19,Café Conillon,EUNAPOLIS,Tipo 7,sc 60 kg,"300,00",300.0,Café Conillon,10
2020-03-19,Café Conillon,EUNAPOLIS,Tipo 7/8,sc 60 kg,"295,00",295.0,Café Conillon,10
2020-03-20,Café Conillon,EUNAPOLIS,Tipo 7,sc 60 kg,"300,00",300.0,Café Conillon,10
2020-03-20,Café Conillon,EUNAPOLIS,Tipo 7/8,sc 60 kg,"295,00",295.0,Café Conillon,10
2020-03-23,Café Conillon,EUNAPOLIS,Tipo 7,sc 60 kg,"300,00",300.0,Café Conillon,10
2020-03-23,Café Conillon,EUNAPOLIS,Tipo 7/8,sc 60 kg,"295,00",295.0,Café Conillon,10
2020-03-24,Café Conillon,EUNAPOLIS,Tipo 7,sc 60 kg,"300,00",300.0,Café Conillon,10
2020-03-24,Café Conillon,EUNAPOLIS,Tipo 7/8,sc 60 kg,"295,00",295.0,Café Conillon,10
2020-03-25,Café Conillon,EUNAPOLIS,Tipo 7,sc 60 kg,"300,00",300.0,Café Conillon,10
2020-03-25,Café Conillon,EUNAPOLIS,Tipo 7/8,sc 60 kg,"295,00",295.0,Café Conillon,10
2020-03-26,Café Conillon,EUNAPOLIS,Tipo 7,sc 60 kg,"300,00",300.0,Café Conillon,10
2020-03-26,Café Conillon,EUNAPOLIS,Tipo 7/8,sc 60 kg,"295,00",295.0,Café Conillon,10
2020-03-27,Café Conillon,EUNAPOLIS,Tipo 7,sc 60 kg,"300,00",300.0,Café Conillon,10
2020-03-27,Café Conillon,EUNAPOLIS,Tipo 7/8,sc 60 kg,"295,00",295.0,Café Conillon,10
2020-03-30,Café Conillon,EUNAPOLIS,Tipo 7,sc 60 kg,"300,00",300.0,Café Conillon,10
2020-03-30,Café Conillon,EUNAPOLIS,Tipo 7/8,sc 60 kg,"295,00",295.0,Café Conillon,10
2020-03-31,Café Conillon,EUNAPOLIS,Tipo 7,sc 60 kg,"307,00",307.0,Café Conillon,10
2020-03-31,Café Conillon,EUNAPOLIS,Tipo 7/8,sc 60 kg,"302,00",302.0,Café Conillon,10
2020-04-01,Café Conillon,EUNAPOLIS,Tipo 7,sc 60 kg,"307,00",307.0,Café Conillon,10
2020-04-01,Café Conillon,EUNAPOLIS,Tipo 7/8,sc 60 kg,"302,00",302.0,Café Conillon,10
2020-04-02,Café Conillon,EUNAPOLIS,Tipo 7,sc 60 kg,"307,00",307.0,Café Conillon,10
2020-04-02,Café Conillon,EUNAPOLIS,Tipo 7/8,sc 60 kg,"302,00",302.0,Café Conillon,10
2020-04-03,Café Conillon,EUNAPOLIS,Tipo 7,sc 60 kg,"307,00",307.0,Café Conillon,10
2020-04-03,Café Conillon,EUNAPOLIS,Tipo 7/8,sc 60 kg,"302,00",302.0,Café Conillon,10
2020-04-06,Café Conillon,EUNAPOLIS,Tipo 7,sc 60 kg,"307,00",307.0,Café Conillon,10
2020-04-06,Café Conillon,EUNAPOLIS,Tipo 7/8,sc 60 kg,"302,00",302.0,Café Conillon,10
2020-04-07,Café Conillon,EUNAPOLIS,Tipo 7,sc 60 kg,"307,00",307.0,Café Conillon,10
2020-04-07,Café Conillon,EUNAPOLIS,Tipo 7/8,sc 60 kg,"302,00",302.0,Café Conillon,10
2020-04-08,Café Conillon,EUNAPOLIS,Tipo 7,sc 60 kg,"307,00",307.0,Café Conillon,10
2020-04-08,Café Conillon,EUNAPOLIS,Tipo 7/8,sc 60 kg,"302,00",302.0,Café Conillon,10
2020-04-09,Café Conillon,EUNAPOLIS,Tipo 7,sc 60 kg,"307,00",307.0,Café Conillon,10
2020-04-09,Café Conillon,EUNAPOLIS,Tipo 7/8,sc 60 kg,"302,00",302.0,Café Conillon,10
2020-04-14,Café Conillon,EUNAPOLIS,Tipo 7,sc 60 kg,"310,00",310.0,Café Conillon,10
2020-04-14,Café Conillon,EUNAPOLIS,Tipo 7/8,sc 60 kg,"305,00",305.0,Café Conillon,10
2020-04-15,Café Conillon,EUNAPOLIS,Tipo 7,sc 60 kg,"310,00",310.0,Café Conillon,10
2020-04-15,Café Conillon,EUNAPOLIS,Tipo 7/8,sc 60 kg,"305,00",305.0,Café Conillon,10
2020-04-16,Café Conillon,EUNAPOLIS,Tipo 7,sc 60 kg,"310,00",310.0,Café Conillon,10
2020-04-16,Café Conillon,EUNAPOLIS,Tipo 7/8,sc 60 kg,"305,00",305.0,Café Conillon,10
2020-04-17,Café Conillon,EUNAPOLIS,Tipo 7,sc 60 kg,"310,00",310.0,Café Conillon,10
2020-04-17,Café Conillon,EUNAPOLIS,Tipo 7/8,sc 60 kg,"305,00",305.0,Café Conillon,10
2020-04-20,Café Conillon,EUNAPOLIS,Tipo 7,sc 60 kg,"305,00",305.0,Café Conillon,10
2020-04-20,Café Conillon,EUNAPOLIS,Tipo 7/8,sc 60 kg,"300,00",300.0,Café Conillon,10
2020-04-22,Café Conillon,EUNAPOLIS,Tipo 7,sc 60 kg,"305,00",305.0,Café Conillon,10
2020-04-22,Café Conillon,EUNAPOLIS,Tipo 7/8,sc 60 kg,"300,00",300.0,Café Conillon,10
2020-04-23,Café Conillon,EUNAPOLIS,Tipo 7,sc 60 kg,"305,00",305.0,Café Conillon,10
2020-04-23,Café Conillon,EUNAPOLIS,Tipo 7/8,sc 60 kg,"300,00",300.0,Café Conillon,10
2020-04-24,Café Conillon,EUNAPOLIS,Tipo 7,sc 60 kg,"308,00",308.0,Café Conillon,10
2020-04-24,Café Conillon,EUNAPOLIS,Tipo 7/8,sc 60 kg,"303,00",303.0,Café Conillon,10
2020-04-27,Café Conillon,EUNAPOLIS,Tipo 7,sc 60 kg,"308,00",308.0,Café Conillon,10
2020-04-27,Café Conillon,EUNAPOLIS,Tipo 7/8,sc 60 kg,"303,00",303.0,Café Conillon,10
2020-04-28,Café Conillon,EUNAPOLIS,Tipo 7,sc 60 kg,"308,00",308.0,Café Conillon,10
2020-04-28,Café Conillon,EUNAPOLIS,Tipo 7/8,sc 60 kg,"303,00",303.0,Café Conillon,10
2020-04-29,Café Conillon,EUNAPOLIS,Tipo 7,sc 60 kg,"308,00",308.0,Café Conillon,10
2020-04-29,Café Conillon,EUNAPOLIS,Tipo 7/8,sc 60 kg,"303,00",303.0,Café Conillon,10
2020-04-30,Café Conillon,EUNAPOLIS,Tipo 7,sc 60 kg,"308,00",308.0,Café Conillon,10
2020-04-30,Café Conillon,EUNAPOLIS,Tipo 7/8,sc 60 kg,"303,00",303.0,Café Conillon,10
2020-05-04,Café Conillon,EUNAPOLIS,Tipo 7,sc 60 kg,"308,00",308.0,Café Conillon,10
2020-05-04,Café Conillon,EUNAPOLIS,Tipo 7/8,sc 60 kg,"303,00",303.0,Café Conillon,10
2020-05-05,Café Conillon,EUNAPOLIS,Tipo 7,sc 60 kg,"308,00",308.0,Café Conillon,10
2020-05-05,Café Conillon,EUNAPOLIS,Tipo 7/8,sc 60 kg,"303,00",303.0,Café Conillon,10
2020-05-06,Café Conillon,EUNAPOLIS,Tipo 7,sc 60 kg,"308,00",308.0,Café Conillon,10
2020-05-06,Café Conillon,EUNAPOLIS,Tipo 7/8,sc 60 kg,"303,00",303.0,Café Conillon,10
2020-05-07,Café Conillon,EUNAPOLIS,Tipo 7,sc 60 kg,"308,00",308.0,Café Conillon,10
2020-05-07,Café Conillon,EUNAPOLIS,Tipo 7/8,sc 60 kg,"303,00",303.0,Café Conillon,10
2020-05-08,Café Conillon,EUNAPOLIS,Tipo 7,sc 60 kg,"308,00",308.0,Café Conillon,10
2020-05-08,Café Conillon,EUNAPOLIS,Tipo 7/8,sc 60 kg,"303,00",303.0,Café Conillon,10
2020-05-11,Café Conillon,EUNAPOLIS,Tipo 7,sc 60 kg,"308,00",308.0,Café Conillon,10
2020-05-11,Café Conillon,EUNAPOLIS,Tipo 7/8,sc 60 kg,"303,00",303.0,Café Conillon,10
2020-05-12,Café Conillon,EUNAPOLIS,Tipo 7,sc 60 kg,"330,00",330.0,Café Conillon,10
2020-05-12,Café Conillon,EUNAPOLIS,Tipo 7/8,sc 60 kg,"325,00",325.0,Café Conillon,10
2020-05-13,Café Conillon,EUNAPOLIS,Tipo 7,sc 60 kg,"330,00",330.0,Café Conillon,10
2020-05-13,Café Conillon,EUNAPOLIS,Tipo 7/8,sc 60 kg,"325,00",325.0,Café Conillon,10
2020-05-14,Café Conillon,EUNAPOLIS,Tipo 7,sc 60 kg,"330,00",330.0,Café Conillon,10
2020-05-14,Café Conillon,EUNAPOLIS,Tipo 7/8,sc 60 kg,"325,00",325.0,Café Conillon,10
2020-05-15,Café Conillon,EUNAPOLIS,Tipo 7,sc 60 kg,"335,00",335.0,Café Conillon,10
2020-05-15,Café Conillon,EUNAPOLIS,Tipo 7/8,sc 60 kg,"330,00",330.0,Café Conillon,10
2020-05-18,Café Conillon,EUNAPOLIS,Tipo 7,sc 60 kg,"335,00",335.0,Café Conillon,10
2020-05-18,Café Conillon,EUNAPOLIS,Tipo 7/8,sc 60 kg,"330,00",330.0,Café Conillon,10
2020-05-19,Café Conillon,EUNAPOLIS,Tipo 7,sc 60 kg,"335,00",335.0,Café Conillon,10
2020-05-19,Café Conillon,EUNAPOLIS,Tipo 7/8,sc 60 kg,"330,00",330.0,Café Conillon,10
2020-05-20,Café Conillon,EUNAPOLIS,Tipo 7,sc 60 kg,"335,00",335.0,Café Conillon,10
2020-05-20,Café Conillon,EUNAPOLIS,Tipo 7/8,sc 60 kg,"330,00",330.0,Café Conillon,10
2020-05-21,Café Conillon,EUNAPOLIS,Tipo 7,sc 60 kg,"335,00",335.0,Café Conillon,10
2020-05-21,Café Conillon,EUNAPOLIS,Tipo 7/8,sc 60 kg,"330,00",330.0,Café Conillon,10
2020-05-22,Café Conillon,EUNAPOLIS,Tipo 7,sc 60 kg,"335,00",335.0,Café Conillon,10
2020-05-22,Café Conillon,EUNAPOLIS,Tipo 7/8,sc 60 kg,"330,00",330.0,Café Conillon,10
2020-06-01,Café Conillon,EUNAPOLIS,Tipo 7,sc 60 kg,"335,00",335.0,Café Conillon,10
2020-06-01,Café Conillon,EUNAPOLIS,Tipo 7/8,sc 60 kg,"330,00",330.0,Café Conillon,10
2020-06-02,Café Conillon,EUNAPOLIS,Tipo 7,sc 60 kg,"327,00",327.0,Café Conillon,10
2020-06-02,Café Conillon,EUNAPOLIS,Tipo 7/8,sc 60 kg,"322,00",322.0,Café Conillon,10
2020-06-03,Café Conillon,EUNAPOLIS,Tipo 7,sc 60 kg,"327,00",327.0,Café Conillon,10
2020-06-03,Café Conillon,EUNAPOLIS,Tipo 7/8,sc 60 kg,"322,00",322.0,Café Conillon,10
2020-06-04,Café Conillon,EUNAPOLIS,Tipo 7,sc 60 kg,"327,00",327.0,Café Conillon,10
2020-06-04,Café Conillon,EUNAPOLIS,Tipo 7/8,sc 60 kg,"322,00",322.0,Café Conillon,10
2020-06-05,Café Conillon,EUNAPOLIS,Tipo 7,sc 60 kg,"327,00",327.0,Café Conillon,10
2020-06-05,Café Conillon,EUNAPOLIS,Tipo 7/8,sc 60 kg,"322,00",322.0,Café Conillon,10
2020-06-08,Café Conillon,EUNAPOLIS,Tipo 7,sc 60 kg,"327,00",327.0,Café Conillon,10
2020-06-08,Café Conillon,EUNAPOLIS,Tipo 7/8,sc 60 kg,"322,00",322.0,Café Conillon,10
2020-06-09,Café Conillon,EUNAPOLIS,Tipo 7,sc 60 kg,"315,00",315.0,Café Conillon,10
2020-06-09,Café Conillon,EUNAPOLIS,Tipo 7/8,sc 60 kg,"310,00",310.0,Café Conillon,10
2020-06-10,Café Conillon,EUNAPOLIS,Tipo 7,sc 60 kg,"315,00",315.0,Café Conillon,10
2020-06-10,Café Conillon,EUNAPOLIS,Tipo 7/8,sc 60 kg,"310,00",310.0,Café Conillon,10
2020-06-12,Café Conillon,EUNAPOLIS,Tipo 7,sc 60 kg,"315,00",315.0,Café Conillon,10
2020-06-12,Café Conillon,EUNAPOLIS,Tipo 7/8,sc 60 kg,"310,00",310.0,Café Conillon,10
2020-06-15,Café Conillon,EUNAPOLIS,Tipo 7,sc 60 kg,"315,00",315.0,Café Conillon,10
2020-06-15,Café Conillon,EUNAPOLIS,Tipo 7/8,sc 60 kg,"310,00",310.0,Café Conillon,10
2020-06-16,Café Conillon,EUNAPOLIS,Tipo 7,sc 60 kg,"315,00",315.0,Café Conillon,10
2020-06-16,Café Conillon,EUNAPOLIS,Tipo 7/8,sc 60 kg,"310,00",310.0,Café Conillon,10
2020-06-17,Café Conillon,EUNAPOLIS,Tipo 7,sc 60 kg,"315,00",315.0,Café Conillon,10
2020-06-17,Café Conillon,EUNAPOLIS,Tipo 7/8,sc 60 kg,"310,00",310.0,Café Conillon,10
2020-06-18,Café Conillon,EUNAPOLIS,Tipo 7,sc 60 kg,"315,00",315.0,Café Conillon,10
2020-06-18,Café Conillon,EUNAPOLIS,Tipo 7/8,sc 60 kg,"310,00",310.0,Café Conillon,10
2020-06-19,Café Conillon,EUNAPOLIS,Tipo 7,sc 60 kg,"315,00",315.0,Café Conillon,10
2020-06-19,Café Conillon,EUNAPOLIS,Tipo 7/8,sc 60 kg,"310,00",310.0,Café Conillon,10
2020-06-22,Café Conillon,EUNAPOLIS,Tipo 7,sc 60 kg,"315,00",315.0,Café Conillon,10
2020-06-22,Café Conillon,EUNAPOLIS,Tipo 7/8,sc 60 kg,"310,00",310.0,Café Conillon,10
2020-06-23,Café Conillon,EUNAPOLIS,Tipo 7,sc 60 kg,"315,00",315.0,Café Conillon,10
2020-06-23,Café Conillon,EUNAPOLIS,Tipo 7/8,sc 60 kg,"310,00",310.0,Café Conillon,10
2020-06-24,Café Conillon,EUNAPOLIS,Tipo 7,sc 60 kg,"315,00",315.0,Café Conillon,10
2020-06-24,Café Conillon,EUNAPOLIS,Tipo 7/8,sc 60 kg,"310,00",310.0,Café Conillon,10
2020-06-25,Café Conillon,EUNAPOLIS,Tipo 7,sc 60 kg,"315,00",315.0,Café Conillon,10
2020-06-25,Café Conillon,EUNAPOLIS,Tipo 7/8,sc 60 kg,"310,00",310.0,Café Conillon,10
2020-06-26,Café Conillon,EUNAPOLIS,Tipo 7,sc 60 kg,"315,00",315.0,Café Conillon,10
2020-06-26,Café Conillon,EUNAPOLIS,Tipo 7/8,sc 60 kg,"310,00",310.0,Café Conillon,10
2020-06-29,Café Conillon,EUNAPOLIS,Tipo 7,sc 60 kg,"315,00",315.0,Café Conillon,10
2020-06-29,Café Conillon,EUNAPOLIS,Tipo 7/8,sc 60 kg,"310,00",310.0,Café Conillon,10
2020-06-30,Café Conillon,EUNAPOLIS,Tipo 7,sc 60 kg,"315,00",315.0,Café Conillon,10
2020-06-30,Café Conillon,EUNAPOLIS,Tipo 7/8,sc 60 kg,"310,00",310.0,Café Conillon,10
2020-07-01,Café Conillon,EUNAPOLIS,Tipo 7,sc 60 kg,"315,00",315.0,Café Conillon,10
2020-07-01,Café Conillon,EUNAPOLIS,Tipo 7/8,sc 60 kg,"310,00",310.0,Café Conillon,10
2020-07-02,Café Conillon,EUNAPOLIS,Tipo 7,sc 60 kg,"315,00",315.0,Café Conillon,10
2020-07-02,Café Conillon,EUNAPOLIS,Tipo 7/8,sc 60 kg,"310,00",310.0,Café Conillon,10
2020-07-03,Café Conillon,EUNAPOLIS,Tipo 7,sc 60 kg,"315,00",315.0,Café Conillon,10
2020-07-03,Café Conillon,EUNAPOLIS,Tipo 7/8,sc 60 kg,"310,00",310.0,Café Conillon,10
2020-07-06,Café Conillon,EUNAPOLIS,Tipo 7,sc 60 kg,"325,00",325.0,Café Conillon,10
2020-07-06,Café Conillon,EUNAPOLIS,Tipo 7/8,sc 60 kg,"320,00",320.0,Café Conillon,10
2020-07-07,Café Conillon,EUNAPOLIS,Tipo 7,sc 60 kg,"325,00",325.0,Café Conillon,10
2020-07-07,Café Conillon,EUNAPOLIS,Tipo 7/8,sc 60 kg,"320,00",320.0,Café Conillon,10
2020-07-08,Café Conillon,EUNAPOLIS,Tipo 7,sc 60 kg,"325,00",325.0,Café Conillon,10
2020-07-08,Café Conillon,EUNAPOLIS,Tipo 7/8,sc 60 kg,"320,00",320.0,Café Conillon,10
2020-07-09,Café Conillon,EUNAPOLIS,Tipo 7,sc 60 kg,"325,00",325.0,Café Conillon,10
2020-07-09,Café Conillon,EUNAPOLIS,Tipo 7/8,sc 60 kg,"320,00",320.0,Café Conillon,10
2020-07-10,Café Conillon,EUNAPOLIS,Tipo 7,sc 60 kg,"325,00",325.0,Café Conillon,10
2020-07-10,Café Conillon,EUNAPOLIS,Tipo 7/8,sc 60 kg,"320,00",320.0,Café Conillon,10
2020-07-13,Café Conillon,EUNAPOLIS,Tipo 7,sc 60 kg,"325,00",325.0,Café Conillon,10
2020-07-13,Café Conillon,EUNAPOLIS,Tipo 7/8,sc 60 kg,"320,00",320.0,Café Conillon,10
2020-07-14,Café Conillon,EUNAPOLIS,Tipo 7,sc 60 kg,"325,00",325.0,Café Conillon,10
2020-07-14,Café Conillon,EUNAPOLIS,Tipo 7/8,sc 60 kg,"320,00",320.0,Café Conillon,10
2020-07-15,Café Conillon,EUNAPOLIS,Tipo 7,sc 60 kg,"325,00",325.0,Café Conillon,10
2020-07-15,Café Conillon,EUNAPOLIS,Tipo 7/8,sc 60 kg,"320,00",320.0,Café Conillon,10
2020-07-16,Café Conillon,EUNAPOLIS,Tipo 7,sc 60 kg,"325,00",325.0,Café Conillon,10
2020-07-16,Café Conillon,EUNAPOLIS,Tipo 7/8,sc 60 kg,"320,00",320.0,Café Conillon,10
2020-07-17,Café Conillon,EUNAPOLIS,Tipo 7,sc 60 kg,"325,00",325.0,Café Conillon,10
2020-07-17,Café Conillon,EUNAPOLIS,Tipo 7/8,sc 60 kg,"320,00",320.0,Café Conillon,10
2020-07-20,Café Conillon,EUNAPOLIS,Tipo 7,sc 60 kg,"325,00",325.0,Café Conillon,10
2020-07-20,Café Conillon,EUNAPOLIS,Tipo 7/8,sc 60 kg,"320,00",320.0,Café Conillon,10
2020-07-21,Café Conillon,EUNAPOLIS,Tipo 7,sc 60 kg,"330,00",330.0,Café Conillon,10
2020-07-21,Café Conillon,EUNAPOLIS,Tipo 7/8,sc 60 kg,"325,00",325.0,Café Conillon,10
2020-07-22,Café Conillon,EUNAPOLIS,Tipo 7,sc 60 kg,"330,00",330.0,Café Conillon,10
2020-07-22,Café Conillon,EUNAPOLIS,Tipo 7/8,sc 60 kg,"325,00",325.0,Café Conillon,10
2020-07-23,Café Conillon,EUNAPOLIS,Tipo 7,sc 60 kg,"330,00",330.0,Café Conillon,10
2020-07-23,Café Conillon,EUNAPOLIS,Tipo 7/8,sc 60 kg,"325,00",325.0,Café Conillon,10
2020-07-24,Café Conillon,EUNAPOLIS,Tipo 7,sc 60 kg,"330,00",330.0,Café Conillon,10
2020-07-24,Café Conillon,EUNAPOLIS,Tipo 7/8,sc 60 kg,"325,00",325.0,Café Conillon,10
2020-07-27,Café Conillon,EUNAPOLIS,Tipo 7,sc 60 kg,"330,00",330.0,Café Conillon,10
2020-07-27,Café Conillon,EUNAPOLIS,Tipo 7/8,sc 60 kg,"325,00",325.0,Café Conillon,10
2020-07-28,Café Conillon,EUNAPOLIS,Tipo 7,sc 60 kg,"335,00",335.0,Café Conillon,10
2020-07-28,Café Conillon,EUNAPOLIS,Tipo 7/8,sc 60 kg,"330,00",330.0,Café Conillon,10
2020-07-29,Café Conillon,EUNAPOLIS,Tipo 7,sc 60 kg,"335,00",335.0,Café Conillon,10
2020-07-29,Café Conillon,EUNAPOLIS,Tipo 7/8,sc 60 kg,"330,00",330.0,Café Conillon,10
2020-07-30,Café Conillon,EUNAPOLIS,Tipo 7,sc 60 kg,"335,00",335.0,Café Conillon,10
2020-07-30,Café Conillon,EUNAPOLIS,Tipo 7/8,sc 60 kg,"330,00",330.0,Café Conillon,10
2020-07-31,Café Conillon,EUNAPOLIS,Tipo 7,sc 60 kg,"335,00",335.0,Café Conillon,10
2020-07-31,Café Conillon,EUNAPOLIS,Tipo 7/8,sc 60 kg,"330,00",330.0,Café Conillon,10
2020-08-03,Café Conillon,EUNAPOLIS,Tipo 7,sc 60 kg,"335,00",335.0,Café Conillon,10
2020-08-03,Café Conillon,EUNAPOLIS,Tipo 7/8,sc 60 kg,"330,00",330.0,Café Conillon,10
2020-08-04,Café Conillon,EUNAPOLIS,Tipo 7,sc 60 kg,"335,00",335.0,Café Conillon,10
2020-08-04,Café Conillon,EUNAPOLIS,Tipo 7/8,sc 60 kg,"330,00",330.0,Café Conillon,10
2020-08-05,Café Conillon,EUNAPOLIS,Tipo 7,sc 60 kg,"335,00",335.0,Café Conillon,10
2020-08-05,Café Conillon,EUNAPOLIS,Tipo 7/8,sc 60 kg,"330,00",330.0,Café Conillon,10
2020-08-06,Café Conillon,EUNAPOLIS,Tipo 7,sc 60 kg,"335,00",335.0,Café Conillon,10
2020-08-06,Café Conillon,EUNAPOLIS,Tipo 7/8,sc 60 kg,"330,00",330.0,Café Conillon,10
2020-08-07,Café Conillon,EUNAPOLIS,Tipo 7,sc 60 kg,"335,00",335.0,Café Conillon,10
2020-08-07,Café Conillon,EUNAPOLIS,Tipo 7/8,sc 60 kg,"330,00",330.0,Café Conillon,10
2020-08-10,Café Conillon,EUNAPOLIS,Tipo 7,sc 60 kg,"335,00",335.0,Café Conillon,10
2020-08-10,Café Conillon,EUNAPOLIS,Tipo 7/8,sc 60 kg,"330,00",330.0,Café Conillon,10
2020-08-11,Café Conillon,EUNAPOLIS,Tipo 7,sc 60 kg,"335,00",335.0,Café Conillon,10
2020-08-11,Café Conillon,EUNAPOLIS,Tipo 7/8,sc 60 kg,"330,00",330.0,Café Conillon,10
2020-08-12,Café Conillon,EUNAPOLIS,Tipo 7,sc 60 kg,"335,00",335.0,Café Conillon,10
2020-08-12,Café Conillon,EUNAPOLIS,Tipo 7/8,sc 60 kg,"330,00",330.0,Café Conillon,10
2020-08-13,Café Conillon,EUNAPOLIS,Tipo 7,sc 60 kg,"335,00",335.0,Café Conillon,10
2020-08-13,Café Conillon,EUNAPOLIS,Tipo 7/8,sc 60 kg,"330,00",330.0,Café Conillon,10
2020-08-14,Café Conillon,EUNAPOLIS,Tipo 7,sc 60 kg,"335,00",335.0,Café Conillon,10
2020-08-14,Café Conillon,EUNAPOLIS,Tipo 7/8,sc 60 kg,"330,00",330.0,Café Conillon,10
2020-08-17,Café Conillon,EUNAPOLIS,Tipo 7,sc 60 kg,"360,00",360.0,Café Conillon,10
2020-08-17,Café Conillon,EUNAPOLIS,Tipo 7/8,sc 60 kg,"355,00",355.0,Café Conillon,10
2020-08-18,Café Conillon,EUNAPOLIS,Tipo 7,sc 60 kg,"360,00",360.0,Café Conillon,10
2020-08-18,Café Conillon,EUNAPOLIS,Tipo 7/8,sc 60 kg,"355,00",355.0,Café Conillon,10
2020-08-19,Café Conillon,EUNAPOLIS,Tipo 7,sc 60 kg,"370,00",370.0,Café Conillon,10
2020-08-19,Café Conillon,EUNAPOLIS,Tipo 7/8,sc 60 kg,"365,00",365.0,Café Conillon,10
2020-08-20,Café Conillon,EUNAPOLIS,Tipo 7,sc 60 kg,"370,00",370.0,Café Conillon,10
2020-08-20,Café Conillon,EUNAPOLIS,Tipo 7/8,sc 60 kg,"365,00",365.0,Café Conillon,10
2020-08-21,Café Conillon,EUNAPOLIS,Tipo 7,sc 60 kg,"370,00",370.0,Café Conillon,10
2020-08-21,Café Conillon,EUNAPOLIS,Tipo 7/8,sc 60 kg,"365,00",365.0,Café Conillon,10
2020-08-24,Café Conillon,EUNAPOLIS,Tipo 7,sc 60 kg,"370,00",370.0,Café Conillon,10
2020-08-24,Café Conillon,EUNAPOLIS,Tipo 7/8,sc 60 kg,"365,00",365.0,Café Conillon,10
2020-08-25,Café Conillon,EUNAPOLIS,Tipo 7,sc 60 kg,"370,00",370.0,Café Conillon,10
2020-08-25,Café Conillon,EUNAPOLIS,Tipo 7/8,sc 60 kg,"365,00",365.0,Café Conillon,10
2020-08-26,Café Conillon,EUNAPOLIS,Tipo 7,sc 60 kg,"370,00",370.0,Café Conillon,10
2020-08-26,Café Conillon,EUNAPOLIS,Tipo 7/8,sc 60 kg,"365,00",365.0,Café Conillon,10
2020-08-27,Café Conillon,EUNAPOLIS,Tipo 7,sc 60 kg,"370,00",370.0,Café Conillon,10
2020-08-27,Café Conillon,EUNAPOLIS,Tipo 7/8,sc 60 kg,"365,00",365.0,Café Conillon,10
2020-08-28,Café Conillon,EUNAPOLIS,Tipo 7,sc 60 kg,"370,00",370.0,Café Conillon,10
2020-08-28,Café Conillon,EUNAPOLIS,Tipo 7/8,sc 60 kg,"365,00",365.0,Café Conillon,10
2020-08-31,Café Conillon,EUNAPOLIS,Tipo 7,sc 60 kg,"370,00",370.0,Café Conillon,10
2020-08-31,Café Conillon,EUNAPOLIS,Tipo 7/8,sc 60 kg,"365,00",365.0,Café Conillon,10
2020-09-01,Café Conillon,EUNAPOLIS,Tipo 7,sc 60 kg,"370,00",370.0,Café Conillon,10
2020-09-01,Café Conillon,EUNAPOLIS,Tipo 7/8,sc 60 kg,"365,00",365.0,Café Conillon,10
2020-09-02,Café Conillon,EUNAPOLIS,Tipo 7,sc 60 kg,"370,00",370.0,Café Conillon,10
2020-09-02,Café Conillon,EUNAPOLIS,Tipo 7/8,sc 60 kg,"365,00",365.0,Café Conillon,10
2020-09-03,Café Conillon,EUNAPOLIS,Tipo 7,sc 60 kg,"370,00",370.0,Café Conillon,10
2020-09-03,Café Conillon,EUNAPOLIS,Tipo 7/8,sc 60 kg,"365,00",365.0,Café Conillon,10
2020-09-04,Café Conillon,EUNAPOLIS,Tipo 7,sc 60 kg,"370,00",370.0,Café Conillon,10
2020-09-04,Café Conillon,EUNAPOLIS,Tipo 7/8,sc 60 kg,"365,00",365.0,Café Conillon,10
2020-09-08,Café Conillon,EUNAPOLIS,Tipo 7,sc 60 kg,"370,00",370.0,Café Conillon,10
2020-09-08,Café Conillon,EUNAPOLIS,Tipo 7/8,sc 60 kg,"365,00",365.0,Café Conillon,10
2020-09-09,Café Conillon,EUNAPOLIS,Tipo 7,sc 60 kg,"370,00",370.0,Café Conillon,10
2020-09-09,Café Conillon,EUNAPOLIS,Tipo 7/8,sc 60 kg,"365,00",365.0,Café Conillon,10
2020-09-10,Café Conillon,EUNAPOLIS,Tipo 7,sc 60 kg,"370,00",370.0,Café Conillon,10
2020-09-10,Café Conillon,EUNAPOLIS,Tipo 7/8,sc 60 kg,"365,00",365.0,Café Conillon,10
2020-09-11,Café Conillon,EUNAPOLIS,Tipo 7,sc 60 kg,"370,00",370.0,Café Conillon,10
2020-09-11,Café Conillon,EUNAPOLIS,Tipo 7/8,sc 60 kg,"365,00",365.0,Café Conillon,10
2020-09-14,Café Conillon,EUNAPOLIS,Tipo 7,sc 60 kg,"370,00",370.0,Café Conillon,10
2020-09-14,Café Conillon,EUNAPOLIS,Tipo 7/8,sc 60 kg,"365,00",365.0,Café Conillon,10
2020-09-15,Café Conillon,EUNAPOLIS,Tipo 7,sc 60 kg,"370,00",370.0,Café Conillon,10
2020-09-15,Café Conillon,EUNAPOLIS,Tipo 7/8,sc 60 kg,"365,00",365.0,Café Conillon,10
2020-09-16,Café Conillon,EUNAPOLIS,Tipo 7,sc 60 kg,"370,00",370.0,Café Conillon,10
2020-09-16,Café Conillon,EUNAPOLIS,Tipo 7/8,sc 60 kg,"365,00",365.0,Café Conillon,10
2020-09-17,Café Conillon,EUNAPOLIS,Tipo 7,sc 60 kg,"370,00",370.0,Café Conillon,10
2020-09-17,Café Conillon,EUNAPOLIS,Tipo 7/8,sc 60 kg,"365,00",365.0,Café Conillon,10
2020-09-18,Café Conillon,EUNAPOLIS,Tipo 7,sc 60 kg,"370,00",370.0,Café Conillon,10
2020-09-18,Café Conillon,EUNAPOLIS,Tipo 7/8,sc 60 kg,"365,00",365.0,Café Conillon,10
2020-09-21,Café Conillon,EUNAPOLIS,Tipo 7,sc 60 kg,"370,00",370.0,Café Conillon,10
2020-09-21,Café Conillon,EUNAPOLIS,Tipo 7/8,sc 60 kg,"365,00",365.0,Café Conillon,10
2020-09-22,Café Conillon,EUNAPOLIS,Tipo 7,sc 60 kg,"370,00",370.0,Café Conillon,10
2020-09-22,Café Conillon,EUNAPOLIS,Tipo 7/8,sc 60 kg,"365,00",365.0,Café Conillon,10
2020-09-23,Café Conillon,EUNAPOLIS,Tipo 7,sc 60 kg,"370,00",370.0,Café Conillon,10
2020-09-23,Café Conillon,EUNAPOLIS,Tipo 7/8,sc 60 kg,"365,00",365.0,Café Conillon,10
2020-09-24,Café Conillon,EUNAPOLIS,Tipo 7,sc 60 kg,"375,00",375.0,Café Conillon,10
2020-09-24,Café Conillon,EUNAPOLIS,Tipo 7/8,sc 60 kg,"370,00",370.0,Café Conillon,10
2020-09-25,Café Conillon,EUNAPOLIS,Tipo 7,sc 60 kg,"375,00",375.0,Café Conillon,10
2020-09-25,Café Conillon,EUNAPOLIS,Tipo 7/8,sc 60 kg,"370,00",370.0,Café Conillon,10
2020-09-28,Café Conillon,EUNAPOLIS,Tipo 7,sc 60 kg,"375,00",375.0,Café Conillon,10
2020-09-28,Café Conillon,EUNAPOLIS,Tipo 7/8,sc 60 kg,"370,00",370.0,Café Conillon,10
2020-09-29,Café Conillon,EUNAPOLIS,Tipo 7,sc 60 kg,"375,00",375.0,Café Conillon,10
2020-09-29,Café Conillon,EUNAPOLIS,Tipo 7/8,sc 60 kg,"370,00",370.0,Café Conillon,10
2020-09-30,Café Conillon,EUNAPOLIS,Tipo 7,sc 60 kg,"375,00",375.0,Café Conillon,10
2020-09-30,Café Conillon,EUNAPOLIS,Tipo 7/8,sc 60 kg,"370,00",370.0,Café Conillon,10
2020-10-01,Café Conillon,EUNAPOLIS,Tipo 7,sc 60 kg,"375,00",375.0,Café Conillon,10
2020-10-01,Café Conillon,EUNAPOLIS,Tipo 7/8,sc 60 kg,"370,00",370.0,Café Conillon,10
2020-10-02,Café Conillon,EUNAPOLIS,Tipo 7,sc 60 kg,"380,00",380.0,Café Conillon,10
2020-10-02,Café Conillon,EUNAPOLIS,Tipo 7/8,sc 60 kg,"375,00",375.0,Café Conillon,10
2020-10-05,Café Conillon,EUNAPOLIS,Tipo 7,sc 60 kg,"380,00",380.0,Café Conillon,10
2020-10-05,Café Conillon,EUNAPOLIS,Tipo 7/8,sc 60 kg,"375,00",375.0,Café Conillon,10
2020-10-06,Café Conillon,EUNAPOLIS,Tipo 7,sc 60 kg,"380,00",380.0,Café Conillon,10
2020-10-06,Café Conillon,EUNAPOLIS,Tipo 7/8,sc 60 kg,"375,00",375.0,Café Conillon,10
2020-10-07,Café Conillon,EUNAPOLIS,Tipo 7,sc 60 kg,"380,00",380.0,Café Conillon,10
2020-10-07,Café Conillon,EUNAPOLIS,Tipo 7/8,sc 60 kg,"375,00",375.0,Café Conillon,10
2020-10-08,Café Conillon,EUNAPOLIS,Tipo 7,sc 60 kg,"380,00",380.0,Café Conillon,10
2020-10-08,Café Conillon,EUNAPOLIS,Tipo 7/8,sc 60 kg,"375,00",375.0,Café Conillon,10
2020-10-09,Café Conillon,EUNAPOLIS,Tipo 7,sc 60 kg,"380,00",380.0,Café Conillon,10
2020-10-09,Café Conillon,EUNAPOLIS,Tipo 7/8,sc 60 kg,"375,00",375.0,Café Conillon,10
2020-10-13,Café Conillon,EUNAPOLIS,Tipo 7,sc 60 kg,"380,00",380.0,Café Conillon,10
2020-10-13,Café Conillon,EUNAPOLIS,Tipo 7/8,sc 60 kg,"375,00",375.0,Café Conillon,10
2020-10-14,Café Conillon,EUNAPOLIS,Tipo 7,sc 60 kg,"375,00",375.0,Café Conillon,10
2020-10-14,Café Conillon,EUNAPOLIS,Tipo 7/8,sc 60 kg,"370,00",370.0,Café Conillon,10
2020-10-15,Café Conillon,EUNAPOLIS,Tipo 7,sc 60 kg,"375,00",375.0,Café Conillon,10
2020-10-15,Café Conillon,EUNAPOLIS,Tipo 7/8,sc 60 kg,"370,00",370.0,Café Conillon,10
2020-10-16,Café Conillon,EUNAPOLIS,Tipo 7,sc 60 kg,"375,00",375.0,Café Conillon,10
2020-10-16,Café Conillon,EUNAPOLIS,Tipo 7/8,sc 60 kg,"370,00",370.0,Café Conillon,10
2020-10-19,Café Conillon,EUNAPOLIS,Tipo 7,sc 60 kg,"375,00",375.0,Café Conillon,10
2020-10-19,Café Conillon,EUNAPOLIS,Tipo 7/8,sc 60 kg,"370,00",370.0,Café Conillon,10
2020-10-20,Café Conillon,EUNAPOLIS,Tipo 7,sc 60 kg,"375,00",375.0,Café Conillon,10
2020-10-20,Café Conillon,EUNAPOLIS,Tipo 7/8,sc 60 kg,"370,00",370.0,Café Conillon,10
2020-10-21,Café Conillon,EUNAPOLIS,Tipo 7,sc 60 kg,"375,00",375.0,Café Conillon,10
2020-10-21,Café Conillon,EUNAPOLIS,Tipo 7/8,sc 60 kg,"370,00",370.0,Café Conillon,10
2020-10-22,Café Conillon,EUNAPOLIS,Tipo 7,sc 60 kg,"375,00",375.0,Café Conillon,10
2020-10-22,Café Conillon,EUNAPOLIS,Tipo 7/8,sc 60 kg,"370,00",370.0,Café Conillon,10
2020-10-23,Café Conillon,EUNAPOLIS,Tipo 7,sc 60 kg,"375,00",375.0,Café Conillon,10
2020-10-23,Café Conillon,EUNAPOLIS,Tipo 7/8,sc 60 kg,"370,00",370.0,Café Conillon,10
2020-10-26,Café Conillon,EUNAPOLIS,Tipo 7,sc 60 kg,"380,00",380.0,Café Conillon,10
2020-10-26,Café Conillon,EUNAPOLIS,Tipo 7/8,sc 60 kg,"375,00",375.0,Café Conillon,10
2020-10-27,Café Conillon,EUNAPOLIS,Tipo 7,sc 60 kg,"380,00",380.0,Café Conillon,10
2020-10-27,Café Conillon,EUNAPOLIS,Tipo 7/8,sc 60 kg,"375,00",375.0,Café Conillon,10
2020-10-28,Café Conillon,EUNAPOLIS,Tipo 7,sc 60 kg,"380,00",380.0,Café Conillon,10
2020-10-28,Café Conillon,EUNAPOLIS,Tipo 7/8,sc 60 kg,"375,00",375.0,Café Conillon,10
2020-10-29,Café Conillon,EUNAPOLIS,Tipo 7,sc 60 kg,"380,00",380.0,Café Conillon,10
2020-10-29,Café Conillon,EUNAPOLIS,Tipo 7/8,sc 60 kg,"375,00",375.0,Café Conillon,10
2020-11-03,Café Conillon,EUNAPOLIS,Tipo 7,sc 60 kg,"380,00",380.0,Café Conillon,10
2020-11-03,Café Conillon,EUNAPOLIS,Tipo 7/8,sc 60 kg,"375,00",375.0,Café Conillon,10
2020-11-04,Café Conillon,EUNAPOLIS,Tipo 7,sc 60 kg,"380,00",380.0,Café Conillon,10
2020-11-04,Café Conillon,EUNAPOLIS,Tipo 7/8,sc 60 kg,"375,00",375.0,Café Conillon,10
2020-11-05,Café Conillon,EUNAPOLIS,Tipo 7,sc 60 kg,"380,00",380.0,Café Conillon,10
2020-11-05,Café Conillon,EUNAPOLIS,Tipo 7/8,sc 60 kg,"375,00",375.0,Café Conillon,10
2020-11-06,Café Conillon,EUNAPOLIS,Tipo 7,sc 60 kg,"385,00",385.0,Café Conillon,10
2020-11-06,Café Conillon,EUNAPOLIS,Tipo 7/8,sc 60 kg,"380,00",380.0,Café Conillon,10
2020-11-09,Café Conillon,EUNAPOLIS,Tipo 7,sc 60 kg,"385,00",385.0,Café Conillon,10
2020-11-09,Café Conillon,EUNAPOLIS,Tipo 7/8,sc 60 kg,"380,00",380.0,Café Conillon,10
2020-11-10,Café Conillon,EUNAPOLIS,Tipo 7,sc 60 kg,"380,00",380.0,Café Conillon,10
2020-11-10,Café Conillon,EUNAPOLIS,Tipo 7/8,sc 60 kg,"375,00",375.0,Café Conillon,10
2020-11-11,Café Conillon,EUNAPOLIS,Tipo 7,sc 60 kg,"380,00",380.0,Café Conillon,10
2020-11-11,Café Conillon,EUNAPOLIS,Tipo 7/8,sc 60 kg,"375,00",375.0,Café Conillon,10
2020-11-12,Café Conillon,EUNAPOLIS,Tipo 7,sc 60 kg,"382,00",382.0,Café Conillon,10
2020-11-12,Café Conillon,EUNAPOLIS,Tipo 7/8,sc 60 kg,"377,00",377.0,Café Conillon,10
2020-11-13,Café Conillon,EUNAPOLIS,Tipo 7,sc 60 kg,"382,00",382.0,Café Conillon,10
2020-11-13,Café Conillon,EUNAPOLIS,Tipo 7/8,sc 60 kg,"377,00",377.0,Café Conillon,10
2020-11-16,Café Conillon,EUNAPOLIS,Tipo 7,sc 60 kg,"390,00",390.0,Café Conillon,10
2020-11-16,Café Conillon,EUNAPOLIS,Tipo 7/8,sc 60 kg,"385,00",385.0,Café Conillon,10
2020-11-17,Café Conillon,EUNAPOLIS,Tipo 7,sc 60 kg,"390,00",390.0,Café Conillon,10
2020-11-17,Café Conillon,EUNAPOLIS,Tipo 7/8,sc 60 kg,"385,00",385.0,Café Conillon,10
2020-11-18,Café Conillon,EUNAPOLIS,Tipo 7,sc 60 kg,"390,00",390.0,Café Conillon,10
2020-11-18,Café Conillon,EUNAPOLIS,Tipo 7/8,sc 60 kg,"385,00",385.0,Café Conillon,10
2020-11-19,Café Conillon,EUNAPOLIS,Tipo 7,sc 60 kg,"390,00",390.0,Café Conillon,10
2020-11-19,Café Conillon,EUNAPOLIS,Tipo 7/8,sc 60 kg,"385,00",385.0,Café Conillon,10
2020-11-20,Café Conillon,EUNAPOLIS,Tipo 7,sc 60 kg,"385,00",385.0,Café Conillon,10
2020-11-20,Café Conillon,EUNAPOLIS,Tipo 7/8,sc 60 kg,"380,00",380.0,Café Conillon,10
2020-11-23,Café Conillon,EUNAPOLIS,Tipo 7,sc 60 kg,"385,00",385.0,Café Conillon,10
2020-11-23,Café Conillon,EUNAPOLIS,Tipo 7/8,sc 60 kg,"380,00",380.0,Café Conillon,10
2020-11-24,Café Conillon,EUNAPOLIS,Tipo 7,sc 60 kg,"385,00",385.0,Café Conillon,10
2020-11-24,Café Conillon,EUNAPOLIS,Tipo 7/8,sc 60 kg,"380,00",380.0,Café Conillon,10
2020-11-25,Café Conillon,EUNAPOLIS,Tipo 7,sc 60 kg,"385,00",385.0,Café Conillon,10
2020-11-25,Café Conillon,EUNAPOLIS,Tipo 7/8,sc 60 kg,"380,00",380.0,Café Conillon,10
2020-11-26,Café Conillon,EUNAPOLIS,Tipo 7,sc 60 kg,"385,00",385.0,Café Conillon,10
2020-11-26,Café Conillon,EUNAPOLIS,Tipo 7/8,sc 60 kg,"380,00",380.0,Café Conillon,10
2020-11-27,Café Conillon,EUNAPOLIS,Tipo 7,sc 60 kg,"385,00",385.0,Café Conillon,10
2020-11-27,Café Conillon,EUNAPOLIS,Tipo 7/8,sc 60 kg,"380,00",380.0,Café Conillon,10
2020-11-30,Café Conillon,EUNAPOLIS,Tipo 7,sc 60 kg,"385,00",385.0,Café Conillon,10
2020-11-30,Café Conillon,EUNAPOLIS,Tipo 7/8,sc 60 kg,"380,00",380.0,Café Conillon,10
2020-12-01,Café Conillon,EUNAPOLIS,Tipo 7,sc 60 kg,"385,00",385.0,Café Conillon,10
2020-12-01,Café Conillon,EUNAPOLIS,Tipo 7/8,sc 60 kg,"380,00",380.0,Café Conillon,10
2020-12-02,Café Conillon,EUNAPOLIS,Tipo 7,sc 60 kg,"388,00",388.0,Café Conillon,10
2020-12-02,Café Conillon,EUNAPOLIS,Tipo 7/8,sc 60 kg,"383,00",383.0,Café Conillon,10
2020-12-03,Café Conillon,EUNAPOLIS,Tipo 7,sc 60 kg,"388,00",388.0,Café Conillon,10
2020-12-03,Café Conillon,EUNAPOLIS,Tipo 7/8,sc 60 kg,"383,00",383.0,Café Conillon,10
2020-12-04,Café Conillon,EUNAPOLIS,Tipo 7,sc 60 kg,"388,00",388.0,Café Conillon,10
2020-12-04,Café Conillon,EUNAPOLIS,Tipo 7/8,sc 60 kg,"383,00",383.0,Café Conillon,10
2020-12-07,Café Conillon,EUNAPOLIS,Tipo 7,sc 60 kg,"380,00",380.0,Café Conillon,10
2020-12-07,Café Conillon,EUNAPOLIS,Tipo 7/8,sc 60 kg,"375,00",375.0,Café Conillon,10
2020-12-08,Café Conillon,EUNAPOLIS,Tipo 7,sc 60 kg,"380,00",380.0,Café Conillon,10
2020-12-08,Café Conillon,EUNAPOLIS,Tipo 7/8,sc 60 kg,"375,00",375.0,Café Conillon,10
2020-12-09,Café Conillon,EUNAPOLIS,Tipo 7,sc 60 kg,"380,00",380.0,Café Conillon,10
2020-12-09,Café Conillon,EUNAPOLIS,Tipo 7/8,sc 60 kg,"375,00",375.0,Café Conillon,10
2020-12-10,Café Conillon,EUNAPOLIS,Tipo 7,sc 60 kg,"380,00",380.0,Café Conillon,10
2020-12-10,Café Conillon,EUNAPOLIS,Tipo 7/8,sc 60 kg,"375,00",375.0,Café Conillon,10
2020-12-11,Café Conillon,EUNAPOLIS,Tipo 7,sc 60 kg,"380,00",380.0,Café Conillon,10
2020-12-11,Café Conillon,EUNAPOLIS,Tipo 7/8,sc 60 kg,"375,00",375.0,Café Conillon,10
2020-12-14,Café Conillon,EUNAPOLIS,Tipo 7,sc 60 kg,"380,00",380.0,Café Conillon,10
2020-12-14,Café Conillon,EUNAPOLIS,Tipo 7/8,sc 60 kg,"375,00",375.0,Café Conillon,10
2020-12-15,Café Conillon,EUNAPOLIS,Tipo 7,sc 60 kg,"375,00",375.0,Café Conillon,10
2020-12-15,Café Conillon,EUNAPOLIS,Tipo 7/8,sc 60 kg,"370,00",370.0,Café Conillon,10
2020-12-16,Café Conillon,EUNAPOLIS,Tipo 7,sc 60 kg,"375,00",375.0,Café Conillon,10
2020-12-16,Café Conillon,EUNAPOLIS,Tipo 7/8,sc 60 kg,"370,00",370.0,Café Conillon,10
2020-12-17,Café Conillon,EUNAPOLIS,Tipo 7,sc 60 kg,"375,00",375.0,Café Conillon,10
2020-12-17,Café Conillon,EUNAPOLIS,Tipo 7/8,sc 60 kg,"370,00",370.0,Café Conillon,10
2020-12-18,Café Conillon,EUNAPOLIS,Tipo 7,sc 60 kg,"375,00",375.0,Café Conillon,10
2020-12-18,Café Conillon,EUNAPOLIS,Tipo 7/8,sc 60 kg,"370,00",370.0,Café Conillon,10
2020-12-21,Café Conillon,EUNAPOLIS,Tipo 7,sc 60 kg,"375,00",375.0,Café Conillon,10
2020-12-21,Café Conillon,EUNAPOLIS,Tipo 7/8,sc 60 kg,"370,00",370.0,Café Conillon,10
2020-12-22,Café Conillon,EUNAPOLIS,Tipo 7,sc 60 kg,"375,00",375.0,Café Conillon,10
2020-12-22,Café Conillon,EUNAPOLIS,Tipo 7/8,sc 60 kg,"370,00",370.0,Café Conillon,10
2020-12-23,Café Conillon,EUNAPOLIS,Tipo 7,sc 60 kg,"375,00",375.0,Café Conillon,10
2020-12-23,Café Conillon,EUNAPOLIS,Tipo 7/8,sc 60 kg,"370,00",370.0,Café Conillon,10
2020-12-28,Café Conillon,EUNAPOLIS,Tipo 7,sc 60 kg,"380,00",380.0,Café Conillon,10
2020-12-28,Café Conillon,EUNAPOLIS,Tipo 7/8,sc 60 kg,"375,00",375.0,Café Conillon,10
2020-12-29,Café Conillon,EUNAPOLIS,Tipo 7,sc 60 kg,"380,00",380.0,Café Conillon,10
2020-12-29,Café Conillon,EUNAPOLIS,Tipo 7/8,sc 60 kg,"375,00",375.0,Café Conillon,10
2020-12-30,Café Conillon,EUNAPOLIS,Tipo 7,sc 60 kg,"380,00",380.0,Café Conillon,10
2020-12-30,Café Conillon,EUNAPOLIS,Tipo 7/8,sc 60 kg,"375,00",375.0,Café Conillon,10
2021-01-04,Café Conillon,EUNAPOLIS,Tipo 7,sc 60 kg,"380,00",380.0,Café Conillon,10
2021-01-04,Café Conillon,EUNAPOLIS,Tipo 7/8,sc 60 kg,"375,00",375.0,Café Conillon,10
2021-01-05,Café Conillon,EUNAPOLIS,Tipo 7,sc 60 kg,"380,00",380.0,Café Conillon,10
2021-01-05,Café Conillon,EUNAPOLIS,Tipo 7/8,sc 60 kg,"375,00",375.0,Café Conillon,10
2021-01-06,Café Conillon,EUNAPOLIS,Tipo 7,sc 60 kg,"380,00",380.0,Café Conillon,10
2021-01-06,Café Conillon,EUNAPOLIS,Tipo 7/8,sc 60 kg,"375,00",375.0,Café Conillon,10
2021-01-07,Café Conillon,EUNAPOLIS,Tipo 7,sc 60 kg,"380,00",380.0,Café Conillon,10
2021-01-07,Café Conillon,EUNAPOLIS,Tipo 7/8,sc 60 kg,"375,00",375.0,Café Conillon,10
2021-01-08,Café Conillon,EUNAPOLIS,Tipo 7,sc 60 kg,"380,00",380.0,Café Conillon,10
2021-01-08,Café Conillon,EUNAPOLIS,Tipo 7/8,sc 60 kg,"375,00",375.0,Café Conillon,10
2021-01-12,Café Conillon,EUNAPOLIS,Tipo 7,sc 60 kg,"380,00",380.0,Café Conillon,10
2021-01-12,Café Conillon,EUNAPOLIS,Tipo 7/8,sc 60 kg,"375,00",375.0,Café Conillon,10
2021-01-13,Café Conillon,EUNAPOLIS,Tipo 7,sc 60 kg,"380,00",380.0,Café Conillon,10
2021-01-13,Café Conillon,EUNAPOLIS,Tipo 7/8,sc 60 kg,"375,00",375.0,Café Conillon,10
2021-01-14,Café Conillon,EUNAPOLIS,Tipo 7,sc 60 kg,"380,00",380.0,Café Conillon,10
2021-01-14,Café Conillon,EUNAPOLIS,Tipo 7/8,sc 60 kg,"375,00",375.0,Café Conillon,10
2021-01-15,Café Conillon,EUNAPOLIS,Tipo 7,sc 60 kg,"380,00",380.0,Café Conillon,10
2021-01-15,Café Conillon,EUNAPOLIS,Tipo 7/8,sc 60 kg,"375,00",375.0,Café Conillon,10
2021-01-18,Café Conillon,EUNAPOLIS,Tipo 7,sc 60 kg,"380,00",380.0,Café Conillon,10
2021-01-18,Café Conillon,EUNAPOLIS,Tipo 7/8,sc 60 kg,"375,00",375.0,Café Conillon,10
2021-01-19,Café Conillon,EUNAPOLIS,Tipo 7,sc 60 kg,"380,00",380.0,Café Conillon,10
2021-01-19,Café Conillon,EUNAPOLIS,Tipo 7/8,sc 60 kg,"375,00",375.0,Café Conillon,10
2021-01-20,Café Conillon,EUNAPOLIS,Tipo 7,sc 60 kg,"380,00",380.0,Café Conillon,10
2021-01-20,Café Conillon,EUNAPOLIS,Tipo 7/8,sc 60 kg,"375,00",375.0,Café Conillon,10
2021-01-21,Café Conillon,EUNAPOLIS,Tipo 7,sc 60 kg,"380,00",380.0,Café Conillon,10
2021-01-21,Café Conillon,EUNAPOLIS,Tipo 7/8,sc 60 kg,"375,00",375.0,Café Conillon,10
2021-01-22,Café Conillon,EUNAPOLIS,Tipo 7,sc 60 kg,"395,00",395.0,Café Conillon,10
2021-01-22,Café Conillon,EUNAPOLIS,Tipo 7/8,sc 60 kg,"390,00",390.0,Café Conillon,10
2021-01-25,Café Conillon,EUNAPOLIS,Tipo 7,sc 60 kg,"395,00",395.0,Café Conillon,10
2021-01-25,Café Conillon,EUNAPOLIS,Tipo 7/8,sc 60 kg,"390,00",390.0,Café Conillon,10
2021-01-26,Café Conillon,EUNAPOLIS,Tipo 7,sc 60 kg,"395,00",395.0,Café Conillon,10
2021-01-26,Café Conillon,EUNAPOLIS,Tipo 7/8,sc 60 kg,"390,00",390.0,Café Conillon,10
2021-01-27,Café Conillon,EUNAPOLIS,Tipo 7,sc 60 kg,"395,00",395.0,Café Conillon,10
2021-01-27,Café Conillon,EUNAPOLIS,Tipo 7/8,sc 60 kg,"390,00",390.0,Café Conillon,10
2021-01-28,Café Conillon,EUNAPOLIS,Tipo 7,sc 60 kg,"395,00",395.0,Café Conillon,10
2021-01-28,Café Conillon,EUNAPOLIS,Tipo 7/8,sc 60 kg,"390,00",390.0,Café Conillon,10
2021-01-29,Café Conillon,EUNAPOLIS,Tipo 7,sc 60 kg,"395,00",395.0,Café Conillon,10
2021-01-29,Café Conillon,EUNAPOLIS,Tipo 7/8,sc 60 kg,"390,00",390.0,Café Conillon,10
2021-02-01,Café Conillon,EUNAPOLIS,Tipo 7,sc 60 kg,"395,00",395.0,Café Conillon,10
2021-02-01,Café Conillon,EUNAPOLIS,Tipo 7/8,sc 60 kg,"390,00",390.0,Café Conillon,10
2021-02-02,Café Conillon,EUNAPOLIS,Tipo 7,sc 60 kg,"395,00",395.0,Café Conillon,10
2021-02-02,Café Conillon,EUNAPOLIS,Tipo 7/8,sc 60 kg,"390,00",390.0,Café Conillon,10
2021-02-03,Café Conillon,EUNAPOLIS,Tipo 7,sc 60 kg,"395,00",395.0,Café Conillon,10
2021-02-03,Café Conillon,EUNAPOLIS,Tipo 7/8,sc 60 kg,"390,00",390.0,Café Conillon,10
2021-02-04,Café Conillon,EUNAPOLIS,Tipo 7,sc 60 kg,"395,00",395.0,Café Conillon,10
2021-02-04,Café Conillon,EUNAPOLIS,Tipo 7/8,sc 60 kg,"390,00",390.0,Café Conillon,10
2021-02-05,Café Conillon,EUNAPOLIS,Tipo 7,sc 60 kg,"395,00",395.0,Café Conillon,10
2021-02-05,Café Conillon,EUNAPOLIS,Tipo 7/8,sc 60 kg,"390,00",390.0,Café Conillon,10
2021-02-08,Café Conillon,EUNAPOLIS,Tipo 7,sc 60 kg,"397,00",397.0,Café Conillon,10
2021-02-08,Café Conillon,EUNAPOLIS,Tipo 7/8,sc 60 kg,"392,00",392.0,Café Conillon,10
2021-02-09,Café Conillon,EUNAPOLIS,Tipo 7,sc 60 kg,"397,00",397.0,Café Conillon,10
2021-02-09,Café Conillon,EUNAPOLIS,Tipo 7/8,sc 60 kg,"392,00",392.0,Café Conillon,10
2021-02-10,Café Conillon,EUNAPOLIS,Tipo 7,sc 60 kg,"397,00",397.0,Café Conillon,10
2021-02-10,Café Conillon,EUNAPOLIS,Tipo 7/8,sc 60 kg,"392,00",392.0,Café Conillon,10
2021-02-11,Café Conillon,EUNAPOLIS,Tipo 7,sc 60 kg,"397,00",397.0,Café Conillon,10
2021-02-11,Café Conillon,EUNAPOLIS,Tipo 7/8,sc 60 kg,"392,00",392.0,Café Conillon,10
2021-02-16,Café Conillon,EUNAPOLIS,Tipo 7,sc 60 kg,"397,00",397.0,Café Conillon,10
2021-02-16,Café Conillon,EUNAPOLIS,Tipo 7/8,sc 60 kg,"392,00",392.0,Café Conillon,10
2021-02-17,Café Conillon,EUNAPOLIS,Tipo 7,sc 60 kg,"397,00",397.0,Café Conillon,10
2021-02-17,Café Conillon,EUNAPOLIS,Tipo 7/8,sc 60 kg,"392,00",392.0,Café Conillon,10
2021-02-18,Café Conillon,EUNAPOLIS,Tipo 7,sc 60 kg,"397,00",397.0,Café Conillon,10
2021-02-18,Café Conillon,EUNAPOLIS,Tipo 7/8,sc 60 kg,"392,00",392.0,Café Conillon,10
2021-02-19,Café Conillon,EUNAPOLIS,Tipo 7,sc 60 kg,"397,00",397.0,Café Conillon,10
2021-02-19,Café Conillon,EUNAPOLIS,Tipo 7/8,sc 60 kg,"392,00",392.0,Café Conillon,10
2021-02-22,Café Conillon,EUNAPOLIS,Tipo 7,sc 60 kg,"397,00",397.0,Café Conillon,10
2021-02-22,Café Conillon,EUNAPOLIS,Tipo 7/8,sc 60 kg,"392,00",392.0,Café Conillon,10
2021-02-23,Café Conillon,EUNAPOLIS,Tipo 7,sc 60 kg,"397,00",397.0,Café Conillon,10
2021-02-23,Café Conillon,EUNAPOLIS,Tipo 7/8,sc 60 kg,"392,00",392.0,Café Conillon,10
2021-02-24,Café Conillon,EUNAPOLIS,Tipo 7,sc 60 kg,"397,00",397.0,Café Conillon,10
2021-02-24,Café Conillon,EUNAPOLIS,Tipo 7/8,sc 60 kg,"392,00",392.0,Café Conillon,10
2021-02-25,Café Conillon,EUNAPOLIS,Tipo 7,sc 60 kg,"397,00",397.0,Café Conillon,10
2021-02-25,Café Conillon,EUNAPOLIS,Tipo 7/8,sc 60 kg,"392,00",392.0,Café Conillon,10
2021-02-26,Café Conillon,EUNAPOLIS,Tipo 7,sc 60 kg,"397,00",397.0,Café Conillon,10
2021-02-26,Café Conillon,EUNAPOLIS,Tipo 7/8,sc 60 kg,"392,00",392.0,Café Conillon,10
2021-03-01,Café Conillon,EUNAPOLIS,Tipo 7,sc 60 kg,"397,00",397.0,Café Conillon,10
2021-03-01,Café Conillon,EUNAPOLIS,Tipo 7/8,sc 60 kg,"392,00",392.0,Café Conillon,10
2021-03-02,Café Conillon,EUNAPOLIS,Tipo 7,sc 60 kg,"397,00",397.0,Café Conillon,10
2021-03-02,Café Conillon,EUNAPOLIS,Tipo 7/8,sc 60 kg,"392,00",392.0,Café Conillon,10
2021-03-03,Café Conillon,EUNAPOLIS,Tipo 7,sc 60 kg,"435,00",435.0,Café Conillon,10
2021-03-03,Café Conillon,EUNAPOLIS,Tipo 7/8,sc 60 kg,"430,00",430.0,Café Conillon,10
2021-03-04,Café Conillon,EUNAPOLIS,Tipo 7,sc 60 kg,"435,00",435.0,Café Conillon,10
2021-03-04,Café Conillon,EUNAPOLIS,Tipo 7/8,sc 60 kg,"430,00",430.0,Café Conillon,10
2021-03-05,Café Conillon,EUNAPOLIS,Tipo 7,sc 60 kg,"435,00",435.0,Café Conillon,10
2021-03-05,Café Conillon,EUNAPOLIS,Tipo 7/8,sc 60 kg,"430,00",430.0,Café Conillon,10
2021-03-08,Café Conillon,EUNAPOLIS,Tipo 7,sc 60 kg,"435,00",435.0,Café Conillon,10
2021-03-08,Café Conillon,EUNAPOLIS,Tipo 7/8,sc 60 kg,"430,00",430.0,Café Conillon,10
2021-03-09,Café Conillon,EUNAPOLIS,Tipo 7,sc 60 kg,"430,00",430.0,Café Conillon,10
2021-03-09,Café Conillon,EUNAPOLIS,Tipo 7/8,sc 60 kg,"425,00",425.0,Café Conillon,10
2021-03-10,Café Conillon,EUNAPOLIS,Tipo 7,sc 60 kg,"430,00",430.0,Café Conillon,10
2021-03-10,Café Conillon,EUNAPOLIS,Tipo 7/8,sc 60 kg,"425,00",425.0,Café Conillon,10
2021-03-11,Café Conillon,EUNAPOLIS,Tipo 7,sc 60 kg,"430,00",430.0,Café Conillon,10
2021-03-11,Café Conillon,EUNAPOLIS,Tipo 7/8,sc 60 kg,"425,00",425.0,Café Conillon,10
2021-03-12,Café Conillon,EUNAPOLIS,Tipo 7,sc 60 kg,"430,00",430.0,Café Conillon,10
2021-03-12,Café Conillon,EUNAPOLIS,Tipo 7/8,sc 60 kg,"425,00",425.0,Café Conillon,10
2021-03-15,Café Conillon,EUNAPOLIS,Tipo 7,sc 60 kg,"430,00",430.0,Café Conillon,10
2021-03-15,Café Conillon,EUNAPOLIS,Tipo 7/8,sc 60 kg,"425,00",425.0,Café Conillon,10
2021-03-16,Café Conillon,EUNAPOLIS,Tipo 7,sc 60 kg,"430,00",430.0,Café Conillon,10
2021-03-16,Café Conillon,EUNAPOLIS,Tipo 7/8,sc 60 kg,"425,00",425.0,Café Conillon,10
2021-03-17,Café Conillon,EUNAPOLIS,Tipo 7,sc 60 kg,"430,00",430.0,Café Conillon,10
2021-03-17,Café Conillon,EUNAPOLIS,Tipo 7/8,sc 60 kg,"425,00",425.0,Café Conillon,10
2021-03-18,Café Conillon,EUNAPOLIS,Tipo 7,sc 60 kg,"430,00",430.0,Café Conillon,10
2021-03-18,Café Conillon,EUNAPOLIS,Tipo 7/8,sc 60 kg,"425,00",425.0,Café Conillon,10
2021-03-19,Café Conillon,EUNAPOLIS,Tipo 7,sc 60 kg,"430,00",430.0,Café Conillon,10
2021-03-19,Café Conillon,EUNAPOLIS,Tipo 7/8,sc 60 kg,"425,00",425.0,Café Conillon,10
2021-03-22,Café Conillon,EUNAPOLIS,Tipo 7,sc 60 kg,"420,00",420.0,Café Conillon,10
2021-03-22,Café Conillon,EUNAPOLIS,Tipo 7/8,sc 60 kg,"415,00",415.0,Café Conillon,10
2021-03-23,Café Conillon,EUNAPOLIS,Tipo 7,sc 60 kg,"420,00",420.0,Café Conillon,10
2021-03-23,Café Conillon,EUNAPOLIS,Tipo 7/8,sc 60 kg,"415,00",415.0,Café Conillon,10
2021-03-24,Café Conillon,EUNAPOLIS,Tipo 7,sc 60 kg,"420,00",420.0,Café Conillon,10
2021-03-24,Café Conillon,EUNAPOLIS,Tipo 7/8,sc 60 kg,"415,00",415.0,Café Conillon,10
2021-03-25,Café Conillon,EUNAPOLIS,Tipo 7,sc 60 kg,"420,00",420.0,Café Conillon,10
2021-03-25,Café Conillon,EUNAPOLIS,Tipo 7/8,sc 60 kg,"415,00",415.0,Café Conillon,10
2021-03-26,Café Conillon,EUNAPOLIS,Tipo 7,sc 60 kg,"420,00",420.0,Café Conillon,10
2021-03-26,Café Conillon,EUNAPOLIS,Tipo 7/8,sc 60 kg,"415,00",415.0,Café Conillon,10
2021-03-29,Café Conillon,EUNAPOLIS,Tipo 7,sc 60 kg,"420,00",420.0,Café Conillon,10
2021-03-29,Café Conillon,EUNAPOLIS,Tipo 7/8,sc 60 kg,"415,00",415.0,Café Conillon,10
2021-03-30,Café Conillon,EUNAPOLIS,Tipo 7,sc 60 kg,"420,00",420.0,Café Conillon,10
2021-03-30,Café Conillon,EUNAPOLIS,Tipo 7/8,sc 60 kg,"415,00",415.0,Café Conillon,10
2021-03-31,Café Conillon,EUNAPOLIS,Tipo 7,sc 60 kg,"420,00",420.0,Café Conillon,10
2021-03-31,Café Conillon,EUNAPOLIS,Tipo 7/8,sc 60 kg,"415,00",415.0,Café Conillon,10
2021-04-05,Café Conillon,EUNAPOLIS,Tipo 7,sc 60 kg,"420,00",420.0,Café Conillon,10
2021-04-05,Café Conillon,EUNAPOLIS,Tipo 7/8,sc 60 kg,"415,00",415.0,Café Conillon,10
2021-04-06,Café Conillon,EUNAPOLIS,Tipo 7,sc 60 kg,"420,00",420.0,Café Conillon,10
2021-04-06,Café Conillon,EUNAPOLIS,Tipo 7/8,sc 60 kg,"415,00",415.0,Café Conillon,10
2021-04-07,Café Conillon,EUNAPOLIS,Tipo 7,sc 60 kg,"420,00",420.0,Café Conillon,10
2021-04-07,Café Conillon,EUNAPOLIS,Tipo 7/8,sc 60 kg,"415,00",415.0,Café Conillon,10
2021-04-08,Café Conillon,EUNAPOLIS,Tipo 7,sc 60 kg,"420,00",420.0,Café Conillon,10
2021-04-08,Café Conillon,EUNAPOLIS,Tipo 7/8,sc 60 kg,"415,00",415.0,Café Conillon,10
2021-04-09,Café Conillon,EUNAPOLIS,Tipo 7,sc 60 kg,"420,00",420.0,Café Conillon,10
2021-04-09,Café Conillon,EUNAPOLIS,Tipo 7/8,sc 60 kg,"415,00",415.0,Café Conillon,10
2021-04-12,Café Conillon,EUNAPOLIS,Tipo 7,sc 60 kg,"425,00",425.0,Café Conillon,10
2021-04-12,Café Conillon,EUNAPOLIS,Tipo 7/8,sc 60 kg,"420,00",420.0,Café Conillon,10
2021-04-13,Café Conillon,EUNAPOLIS,Tipo 7,sc 60 kg,"425,00",425.0,Café Conillon,10
2021-04-13,Café Conillon,EUNAPOLIS,Tipo 7/8,sc 60 kg,"420,00",420.0,Café Conillon,10
2021-04-14,Café Conillon,EUNAPOLIS,Tipo 7,sc 60 kg,"425,00",425.0,Café Conillon,10
2021-04-14,Café Conillon,EUNAPOLIS,Tipo 7/8,sc 60 kg,"420,00",420.0,Café Conillon,10
2021-04-15,Café Conillon,EUNAPOLIS,Tipo 7,sc 60 kg,"430,00",430.0,Café Conillon,10
2021-04-15,Café Conillon,EUNAPOLIS,Tipo 7/8,sc 60 kg,"425,00",425.0,Café Conillon,10
2021-04-16,Café Conillon,EUNAPOLIS,Tipo 7,sc 60 kg,"430,00",430.0,Café Conillon,10
2021-04-16,Café Conillon,EUNAPOLIS,Tipo 7/8,sc 60 kg,"425,00",425.0,Café Conillon,10
2021-04-19,Café Conillon,EUNAPOLIS,Tipo 7,sc 60 kg,"430,00",430.0,Café Conillon,10
2021-04-19,Café Conillon,EUNAPOLIS,Tipo 7/8,sc 60 kg,"425,00",425.0,Café Conillon,10
2021-04-20,Café Conillon,EUNAPOLIS,Tipo 7,sc 60 kg,"430,00",430.0,Café Conillon,10
2021-04-20,Café Conillon,EUNAPOLIS,Tipo 7/8,sc 60 kg,"425,00",425.0,Café Conillon,10
2021-04-22,Café Conillon,EUNAPOLIS,Tipo 7,sc 60 kg,"430,00",430.0,Café Conillon,10
2021-04-22,Café Conillon,EUNAPOLIS,Tipo 7/8,sc 60 kg,"425,00",425.0,Café Conillon,10
2021-04-23,Café Conillon,EUNAPOLIS,Tipo 7,sc 60 kg,"430,00",430.0,Café Conillon,10
2021-04-23,Café Conillon,EUNAPOLIS,Tipo 7/8,sc 60 kg,"425,00",425.0,Café Conillon,10
2021-04-26,Café Conillon,EUNAPOLIS,Tipo 7,sc 60 kg,"430,00",430.0,Café Conillon,10
2021-04-26,Café Conillon,EUNAPOLIS,Tipo 7/8,sc 60 kg,"425,00",425.0,Café Conillon,10
2021-04-27,Café Conillon,EUNAPOLIS,Tipo 7,sc 60 kg,"430,00",430.0,Café Conillon,10
2021-04-27,Café Conillon,EUNAPOLIS,Tipo 7/8,sc 60 kg,"425,00",425.0,Café Conillon,10
2021-04-28,Café Conillon,EUNAPOLIS,Tipo 7,sc 60 kg,"430,00",430.0,Café Conillon,10
2021-04-28,Café Conillon,EUNAPOLIS,Tipo 7/8,sc 60 kg,"425,00",425.0,Café Conillon,10
2021-04-29,Café Conillon,EUNAPOLIS,Tipo 7,sc 60 kg,"430,00",430.0,Café Conillon,10
2021-04-29,Café Conillon,EUNAPOLIS,Tipo 7/8,sc 60 kg,"425,00",425.0,Café Conillon,10
2021-04-30,Café Conillon,EUNAPOLIS,Tipo 7,sc 60 kg,"430,00",430.0,Café Conillon,10
2021-04-30,Café Conillon,EUNAPOLIS,Tipo 7/8,sc 60 kg,"425,00",425.0,Café Conillon,10
2021-05-03,Café Conillon,EUNAPOLIS,Tipo 7,sc 60 kg,"430,00",430.0,Café Conillon,10
2021-05-03,Café Conillon,EUNAPOLIS,Tipo 7/8,sc 60 kg,"425,00",425.0,Café Conillon,10
2021-05-04,Café Conillon,EUNAPOLIS,Tipo 7,sc 60 kg,"435,00",435.0,Café Conillon,10
2021-05-04,Café Conillon,EUNAPOLIS,Tipo 7/8,sc 60 kg,"430,00",430.0,Café Conillon,10
2021-05-05,Café Conillon,EUNAPOLIS,Tipo 7,sc 60 kg,"435,00",435.0,Café Conillon,10
2021-05-05,Café Conillon,EUNAPOLIS,Tipo 7/8,sc 60 kg,"430,00",430.0,Café Conillon,10
2021-05-06,Café Conillon,EUNAPOLIS,Tipo 7,sc 60 kg,"435,00",435.0,Café Conillon,10
2021-05-06,Café Conillon,EUNAPOLIS,Tipo 7/8,sc 60 kg,"430,00",430.0,Café Conillon,10
2021-05-07,Café Conillon,EUNAPOLIS,Tipo 7,sc 60 kg,"435,00",435.0,Café Conillon,10
2021-05-07,Café Conillon,EUNAPOLIS,Tipo 7/8,sc 60 kg,"430,00",430.0,Café Conillon,10
2021-05-10,Café Conillon,EUNAPOLIS,Tipo 7,sc 60 kg,"435,00",435.0,Café Conillon,10
2021-05-10,Café Conillon,EUNAPOLIS,Tipo 7/8,sc 60 kg,"430,00",430.0,Café Conillon,10
2021-05-11,Café Conillon,EUNAPOLIS,Tipo 7,sc 60 kg,"435,00",435.0,Café Conillon,10
2021-05-11,Café Conillon,EUNAPOLIS,Tipo 7/8,sc 60 kg,"430,00",430.0,Café Conillon,10
2021-05-12,Café Conillon,EUNAPOLIS,Tipo 7,sc 60 kg,"435,00",435.0,Café Conillon,10
2021-05-12,Café Conillon,EUNAPOLIS,Tipo 7/8,sc 60 kg,"430,00",430.0,Café Conillon,10
2021-05-13,Café Conillon,EUNAPOLIS,Tipo 7,sc 60 kg,"435,00",435.0,Café Conillon,10
2021-05-13,Café Conillon,EUNAPOLIS,Tipo 7/8,sc 60 kg,"430,00",430.0,Café Conillon,10
2021-05-14,Café Conillon,EUNAPOLIS,Tipo 7,sc 60 kg,"435,00",435.0,Café Conillon,10
2021-05-14,Café Conillon,EUNAPOLIS,Tipo 7/8,sc 60 kg,"430,00",430.0,Café Conillon,10
2021-05-17,Café Conillon,EUNAPOLIS,Tipo 7,sc 60 kg,"440,00",440.0,Café Conillon,10
2021-05-17,Café Conillon,EUNAPOLIS,Tipo 7/8,sc 60 kg,"435,00",435.0,Café Conillon,10
2021-05-18,Café Conillon,EUNAPOLIS,Tipo 7,sc 60 kg,"440,00",440.0,Café Conillon,10
2021-05-18,Café Conillon,EUNAPOLIS,Tipo 7/8,sc 60 kg,"435,00",435.0,Café Conillon,10
2021-05-19,Café Conillon,EUNAPOLIS,Tipo 7,sc 60 kg,"440,00",440.0,Café Conillon,10
2021-05-19,Café Conillon,EUNAPOLIS,Tipo 7/8,sc 60 kg,"435,00",435.0,Café Conillon,10
2021-05-20,Café Conillon,EUNAPOLIS,Tipo 7,sc 60 kg,"440,00",440.0,Café Conillon,10
2021-05-20,Café Conillon,EUNAPOLIS,Tipo 7/8,sc 60 kg,"435,00",435.0,Café Conillon,10
2021-05-21,Café Conillon,EUNAPOLIS,Tipo 7,sc 60 kg,"440,00",440.0,Café Conillon,10
2021-05-21,Café Conillon,EUNAPOLIS,Tipo 7/8,sc 60 kg,"435,00",435.0,Café Conillon,10
2021-05-24,Café Conillon,EUNAPOLIS,Tipo 7,sc 60 kg,"440,00",440.0,Café Conillon,10
2021-05-24,Café Conillon,EUNAPOLIS,Tipo 7/8,sc 60 kg,"435,00",435.0,Café Conillon,10
2021-05-25,Café Conillon,EUNAPOLIS,Tipo 7,sc 60 kg,"440,00",440.0,Café Conillon,10
2021-05-25,Café Conillon,EUNAPOLIS,Tipo 7/8,sc 60 kg,"435,00",435.0,Café Conillon,10
2021-05-26,Café Conillon,EUNAPOLIS,Tipo 7,sc 60 kg,"440,00",440.0,Café Conillon,10
2021-05-26,Café Conillon,EUNAPOLIS,Tipo 7/8,sc 60 kg,"435,00",435.0,Café Conillon,10
2021-05-27,Café Conillon,EUNAPOLIS,Tipo 7,sc 60 kg,"440,00",440.0,Café Conillon,10
2021-05-27,Café Conillon,EUNAPOLIS,Tipo 7/8,sc 60 kg,"435,00",435.0,Café Conillon,10
2021-05-28,Café Conillon,EUNAPOLIS,Tipo 7,sc 60 kg,"440,00",440.0,Café Conillon,10
2021-05-28,Café Conillon,EUNAPOLIS,Tipo 7/8,sc 60 kg,"435,00",435.0,Café Conillon,10
2021-05-31,Café Conillon,EUNAPOLIS,Tipo 7,sc 60 kg,"440,00",440.0,Café Conillon,10
2021-05-31,Café Conillon,EUNAPOLIS,Tipo 7/8,sc 60 kg,"435,00",435.0,Café Conillon,10
2021-06-01,Café Conillon,EUNAPOLIS,Tipo 7,sc 60 kg,"440,00",440.0,Café Conillon,10
2021-06-01,Café Conillon,EUNAPOLIS,Tipo 7/8,sc 60 kg,"435,00",435.0,Café Conillon,10
2021-06-02,Café Conillon,EUNAPOLIS,Tipo 7,sc 60 kg,"440,00",440.0,Café Conillon,10
2021-06-02,Café Conillon,EUNAPOLIS,Tipo 7/8,sc 60 kg,"435,00",435.0,Café Conillon,10
2021-06-04,Café Conillon,EUNAPOLIS,Tipo 7,sc 60 kg,"440,00",440.0,Café Conillon,10
2021-06-04,Café Conillon,EUNAPOLIS,Tipo 7/8,sc 60 kg,"435,00",435.0,Café Conillon,10
2021-06-07,Café Conillon,EUNAPOLIS,Tipo 7,sc 60 kg,"455,00",455.0,Café Conillon,10
2021-06-07,Café Conillon,EUNAPOLIS,Tipo 7/8,sc 60 kg,"450,00",450.0,Café Conillon,10
2021-06-08,Café Conillon,EUNAPOLIS,Tipo 7,sc 60 kg,"455,00",455.0,Café Conillon,10
2021-06-08,Café Conillon,EUNAPOLIS,Tipo 7/8,sc 60 kg,"450,00",450.0,Café Conillon,10
2021-06-09,Café Conillon,EUNAPOLIS,Tipo 7,sc 60 kg,"455,00",455.0,Café Conillon,10
2021-06-09,Café Conillon,EUNAPOLIS,Tipo 7/8,sc 60 kg,"450,00",450.0,Café Conillon,10
2021-06-10,Café Conillon,EUNAPOLIS,Tipo 7,sc 60 kg,"455,00",455.0,Café Conillon,10
2021-06-10,Café Conillon,EUNAPOLIS,Tipo 7/8,sc 60 kg,"450,00",450.0,Café Conillon,10
2021-06-11,Café Conillon,EUNAPOLIS,Tipo 7,sc 60 kg,"460,00",460.0,Café Conillon,10
2021-06-11,Café Conillon,EUNAPOLIS,Tipo 7/8,sc 60 kg,"455,00",455.0,Café Conillon,10
2021-06-14,Café Conillon,EUNAPOLIS,Tipo 7,sc 60 kg,"460,00",460.0,Café Conillon,10
2021-06-14,Café Conillon,EUNAPOLIS,Tipo 7/8,sc 60 kg,"455,00",455.0,Café Conillon,10
2021-06-15,Café Conillon,EUNAPOLIS,Tipo 7,sc 60 kg,"460,00",460.0,Café Conillon,10
2021-06-15,Café Conillon,EUNAPOLIS,Tipo 7/8,sc 60 kg,"455,00",455.0,Café Conillon,10
2021-06-16,Café Conillon,EUNAPOLIS,Tipo 7,sc 60 kg,"460,00",460.0,Café Conillon,10
2021-06-16,Café Conillon,EUNAPOLIS,Tipo 7/8,sc 60 kg,"455,00",455.0,Café Conillon,10
2021-06-17,Café Conillon,EUNAPOLIS,Tipo 7,sc 60 kg,"460,00",460.0,Café Conillon,10
2021-06-17,Café Conillon,EUNAPOLIS,Tipo 7/8,sc 60 kg,"455,00",455.0,Café Conillon,10
2021-06-18,Café Conillon,EUNAPOLIS,Tipo 7,sc 60 kg,"460,00",460.0,Café Conillon,10
2021-06-18,Café Conillon,EUNAPOLIS,Tipo 7/8,sc 60 kg,"455,00",455.0,Café Conillon,10
2021-06-21,Café Conillon,EUNAPOLIS,Tipo 7,sc 60 kg,"460,00",460.0,Café Conillon,10
2021-06-21,Café Conillon,EUNAPOLIS,Tipo 7/8,sc 60 kg,"455,00",455.0,Café Conillon,10
2021-06-22,Café Conillon,EUNAPOLIS,Tipo 7,sc 60 kg,"460,00",460.0,Café Conillon,10
2021-06-22,Café Conillon,EUNAPOLIS,Tipo 7/8,sc 60 kg,"455,00",455.0,Café Conillon,10
2021-06-23,Café Conillon,EUNAPOLIS,Tipo 7,sc 60 kg,"460,00",460.0,Café Conillon,10
2021-06-23,Café Conillon,EUNAPOLIS,Tipo 7/8,sc 60 kg,"455,00",455.0,Café Conillon,10
2021-06-25,Café Conillon,EUNAPOLIS,Tipo 7,sc 60 kg,"460,00",460.0,Café Conillon,10
2021-06-25,Café Conillon,EUNAPOLIS,Tipo 7/8,sc 60 kg,"455,00",455.0,Café Conillon,10
2021-06-28,Café Conillon,EUNAPOLIS,Tipo 7,sc 60 kg,"460,00",460.0,Café Conillon,10
2021-06-28,Café Conillon,EUNAPOLIS,Tipo 7/8,sc 60 kg,"455,00",455.0,Café Conillon,10
2021-06-29,Café Conillon,EUNAPOLIS,Tipo 7,sc 60 kg,"467,00",467.0,Café Conillon,10
2021-06-29,Café Conillon,EUNAPOLIS,Tipo 7/8,sc 60 kg,"462,00",462.0,Café Conillon,10
2021-06-30,Café Conillon,EUNAPOLIS,Tipo 7,sc 60 kg,"467,00",467.0,Café Conillon,10
2021-06-30,Café Conillon,EUNAPOLIS,Tipo 7/8,sc 60 kg,"462,00",462.0,Café Conillon,10
2021-07-01,Café Conillon,EUNAPOLIS,Tipo 7,sc 60 kg,"467,00",467.0,Café Conillon,10
2021-07-01,Café Conillon,EUNAPOLIS,Tipo 7/8,sc 60 kg,"462,00",462.0,Café Conillon,10
2021-07-05,Café Conillon,EUNAPOLIS,Tipo 7,sc 60 kg,"467,00",467.0,Café Conillon,10
2021-07-05,Café Conillon,EUNAPOLIS,Tipo 7/8,sc 60 kg,"462,00",462.0,Café Conillon,10
2021-07-06,Café Conillon,EUNAPOLIS,Tipo 7,sc 60 kg,"490,00",490.0,Café Conillon,10
2021-07-06,Café Conillon,EUNAPOLIS,Tipo 7/8,sc 60 kg,"485,00",485.0,Café Conillon,10
2021-07-07,Café Conillon,EUNAPOLIS,Tipo 7,sc 60 kg,"490,00",490.0,Café Conillon,10
2021-07-07,Café Conillon,EUNAPOLIS,Tipo 7/8,sc 60 kg,"485,00",485.0,Café Conillon,10
2021-07-08,Café Conillon,EUNAPOLIS,Tipo 7,sc 60 kg,"490,00",490.0,Café Conillon,10
2021-07-08,Café Conillon,EUNAPOLIS,Tipo 7/8,sc 60 kg,"485,00",485.0,Café Conillon,10
2021-07-12,Café Conillon,EUNAPOLIS,Tipo 7,sc 60 kg,"490,00",490.0,Café Conillon,10
2021-07-12,Café Conillon,EUNAPOLIS,Tipo 7/8,sc 60 kg,"485,00",485.0,Café Conillon,10
2021-07-13,Café Conillon,EUNAPOLIS,Tipo 7,sc 60 kg,"505,00",505.0,Café Conillon,10
2021-07-13,Café Conillon,EUNAPOLIS,Tipo 7/8,sc 60 kg,"500,00",500.0,Café Conillon,10
2021-07-14,Café Conillon,EUNAPOLIS,Tipo 7,sc 60 kg,"505,00",505.0,Café Conillon,10
2021-07-14,Café Conillon,EUNAPOLIS,Tipo 7/8,sc 60 kg,"500,00",500.0,Café Conillon,10
2021-07-15,Café Conillon,EUNAPOLIS,Tipo 7,sc 60 kg,"505,00",505.0,Café Conillon,10
2021-07-15,Café Conillon,EUNAPOLIS,Tipo 7/8,sc 60 kg,"500,00",500.0,Café Conillon,10
2021-07-16,Café Conillon,EUNAPOLIS,Tipo 7,sc 60 kg,"510,00",510.0,Café Conillon,10
2021-07-16,Café Conillon,EUNAPOLIS,Tipo 7/8,sc 60 kg,"505,00",505.0,Café Conillon,10
2021-07-19,Café Conillon,EUNAPOLIS,Tipo 7,sc 60 kg,"510,00",510.0,Café Conillon,10
2021-07-19,Café Conillon,EUNAPOLIS,Tipo 7/8,sc 60 kg,"505,00",505.0,Café Conillon,10
2021-07-20,Café Conillon,EUNAPOLIS,Tipo 7,sc 60 kg,"510,00",510.0,Café Conillon,10
2021-07-20,Café Conillon,EUNAPOLIS,Tipo 7/8,sc 60 kg,"505,00",505.0,Café Conillon,10
2021-07-21,Café Conillon,EUNAPOLIS,Tipo 7,sc 60 kg,"510,00",510.0,Café Conillon,10
2021-07-21,Café Conillon,EUNAPOLIS,Tipo 7/8,sc 60 kg,"505,00",505.0,Café Conillon,10
2021-07-22,Café Conillon,EUNAPOLIS,Tipo 7,sc 60 kg,"510,00",510.0,Café Conillon,10
2021-07-22,Café Conillon,EUNAPOLIS,Tipo 7/8,sc 60 kg,"505,00",505.0,Café Conillon,10
2021-07-23,Café Conillon,EUNAPOLIS,Tipo 7,sc 60 kg,"540,00",540.0,Café Conillon,10
2021-07-23,Café Conillon,EUNAPOLIS,Tipo 7/8,sc 60 kg,"535,00",535.0,Café Conillon,10
2021-07-26,Café Conillon,EUNAPOLIS,Tipo 7,sc 60 kg,"540,00",540.0,Café Conillon,10
2021-07-26,Café Conillon,EUNAPOLIS,Tipo 7/8,sc 60 kg,"535,00",535.0,Café Conillon,10
2021-07-27,Café Conillon,EUNAPOLIS,Tipo 7,sc 60 kg,"570,00",570.0,Café Conillon,10
2021-07-27,Café Conillon,EUNAPOLIS,Tipo 7/8,sc 60 kg,"565,00",565.0,Café Conillon,10
2021-07-28,Café Conillon,EUNAPOLIS,Tipo 7,sc 60 kg,"570,00",570.0,Café Conillon,10
2021-07-28,Café Conillon,EUNAPOLIS,Tipo 7/8,sc 60 kg,"565,00",565.0,Café Conillon,10
2021-07-29,Café Conillon,EUNAPOLIS,Tipo 7,sc 60 kg,"570,00",570.0,Café Conillon,10
2021-07-29,Café Conillon,EUNAPOLIS,Tipo 7/8,sc 60 kg,"565,00",565.0,Café Conillon,10
2021-07-30,Café Conillon,EUNAPOLIS,Tipo 7,sc 60 kg,"570,00",570.0,Café Conillon,10
2021-07-30,Café Conillon,EUNAPOLIS,Tipo 7/8,sc 60 kg,"565,00",565.0,Café Conillon,10
2021-08-02,Café Conillon,EUNAPOLIS,Tipo 7,sc 60 kg,"550,00",550.0,Café Conillon,10
2021-08-02,Café Conillon,EUNAPOLIS,Tipo 7/8,sc 60 kg,"545,00",545.0,Café Conillon,10
2021-08-03,Café Conillon,EUNAPOLIS,Tipo 7,sc 60 kg,"550,00",550.0,Café Conillon,10
2021-08-03,Café Conillon,EUNAPOLIS,Tipo 7/8,sc 60 kg,"545,00",545.0,Café Conillon,10
2021-08-04,Café Conillon,EUNAPOLIS,Tipo 7,sc 60 kg,"550,00",550.0,Café Conillon,10
2021-08-04,Café Conillon,EUNAPOLIS,Tipo 7/8,sc 60 kg,"545,00",545.0,Café Conillon,10
2021-08-05,Café Conillon,EUNAPOLIS,Tipo 7,sc 60 kg,"575,00",575.0,Café Conillon,10
2021-08-05,Café Conillon,EUNAPOLIS,Tipo 7/8,sc 60 kg,"570,00",570.0,Café Conillon,10
2021-08-06,Café Conillon,EUNAPOLIS,Tipo 7,sc 60 kg,"575,00",575.0,Café Conillon,10
2021-08-06,Café Conillon,EUNAPOLIS,Tipo 7/8,sc 60 kg,"570,00",570.0,Café Conillon,10
2021-08-09,Café Conillon,EUNAPOLIS,Tipo 7,sc 60 kg,"575,00",575.0,Café Conillon,10
2021-08-09,Café Conillon,EUNAPOLIS,Tipo 7/8,sc 60 kg,"570,00",570.0,Café Conillon,10
2021-08-10,Café Conillon,EUNAPOLIS,Tipo 7,sc 60 kg,"595,00",595.0,Café Conillon,10
2021-08-10,Café Conillon,EUNAPOLIS,Tipo 7/8,sc 60 kg,"590,00",590.0,Café Conillon,10
2021-08-11,Café Conillon,EUNAPOLIS,Tipo 7,sc 60 kg,"595,00",595.0,Café Conillon,10
2021-08-11,Café Conillon,EUNAPOLIS,Tipo 7/8,sc 60 kg,"590,00",590.0,Café Conillon,10
2021-08-12,Café Conillon,EUNAPOLIS,Tipo 7,sc 60 kg,"595,00",595.0,Café Conillon,10
2021-08-12,Café Conillon,EUNAPOLIS,Tipo 7/8,sc 60 kg,"590,00",590.0,Café Conillon,10
2021-08-13,Café Conillon,EUNAPOLIS,Tipo 7,sc 60 kg,"595,00",595.0,Café Conillon,10
2021-08-13,Café Conillon,EUNAPOLIS,Tipo 7/8,sc 60 kg,"590,00",590.0,Café Conillon,10
2021-08-16,Café Conillon,EUNAPOLIS,Tipo 7,sc 60 kg,"595,00",595.0,Café Conillon,10
2021-08-16,Café Conillon,EUNAPOLIS,Tipo 7/8,sc 60 kg,"590,00",590.0,Café Conillon,10
2021-08-17,Café Conillon,EUNAPOLIS,Tipo 7,sc 60 kg,"610,00",610.0,Café Conillon,10
2021-08-17,Café Conillon,EUNAPOLIS,Tipo 7/8,sc 60 kg,"605,00",605.0,Café Conillon,10
2021-08-18,Café Conillon,EUNAPOLIS,Tipo 7,sc 60 kg,"610,00",610.0,Café Conillon,10
2021-08-18,Café Conillon,EUNAPOLIS,Tipo 7/8,sc 60 kg,"605,00",605.0,Café Conillon,10
2021-08-19,Café Conillon,EUNAPOLIS,Tipo 7,sc 60 kg,"610,00",610.0,Café Conillon,10
2021-08-19,Café Conillon,EUNAPOLIS,Tipo 7/8,sc 60 kg,"605,00",605.0,Café Conillon,10
2021-08-20,Café Conillon,EUNAPOLIS,Tipo 7,sc 60 kg,"610,00",610.0,Café Conillon,10
2021-08-20,Café Conillon,EUNAPOLIS,Tipo 7/8,sc 60 kg,"605,00",605.0,Café Conillon,10
2021-08-23,Café Conillon,EUNAPOLIS,Tipo 7,sc 60 kg,"610,00",610.0,Café Conillon,10
2021-08-23,Café Conillon,EUNAPOLIS,Tipo 7/8,sc 60 kg,"605,00",605.0,Café Conillon,10
2021-08-24,Café Conillon,EUNAPOLIS,Tipo 7,sc 60 kg,"635,00",635.0,Café Conillon,10
2021-08-24,Café Conillon,EUNAPOLIS,Tipo 7/8,sc 60 kg,"630,00",630.0,Café Conillon,10
2021-08-25,Café Conillon,EUNAPOLIS,Tipo 7,sc 60 kg,"640,00",640.0,Café Conillon,10
2021-08-25,Café Conillon,EUNAPOLIS,Tipo 7/8,sc 60 kg,"635,00",635.0,Café Conillon,10
2021-08-26,Café Conillon,EUNAPOLIS,Tipo 7,sc 60 kg,"640,00",640.0,Café Conillon,10
2021-08-26,Café Conillon,EUNAPOLIS,Tipo 7/8,sc 60 kg,"635,00",635.0,Café Conillon,10
2021-08-27,Café Conillon,EUNAPOLIS,Tipo 7,sc 60 kg,"650,00",650.0,Café Conillon,10
2021-08-27,Café Conillon,EUNAPOLIS,Tipo 7/8,sc 60 kg,"645,00",645.0,Café Conillon,10
2021-08-30,Café Conillon,EUNAPOLIS,Tipo 7,sc 60 kg,"660,00",660.0,Café Conillon,10
2021-08-30,Café Conillon,EUNAPOLIS,Tipo 7/8,sc 60 kg,"655,00",655.0,Café Conillon,10
2021-08-31,Café Conillon,EUNAPOLIS,Tipo 7,sc 60 kg,"660,00",660.0,Café Conillon,10
2021-08-31,Café Conillon,EUNAPOLIS,Tipo 7/8,sc 60 kg,"655,00",655.0,Café Conillon,10
2021-09-01,Café Conillon,EUNAPOLIS,Tipo 7,sc 60 kg,"660,00",660.0,Café Conillon,10
2021-09-01,Café Conillon,EUNAPOLIS,Tipo 7/8,sc 60 kg,"655,00",655.0,Café Conillon,10
2021-09-02,Café Conillon,EUNAPOLIS,Tipo 7,sc 60 kg,"660,00",660.0,Café Conillon,10
2021-09-02,Café Conillon,EUNAPOLIS,Tipo 7/8,sc 60 kg,"655,00",655.0,Café Conillon,10
2021-09-03,Café Conillon,EUNAPOLIS,Tipo 7,sc 60 kg,"700,00",700.0,Café Conillon,10
2021-09-03,Café Conillon,EUNAPOLIS,Tipo 7/8,sc 60 kg,"695,00",695.0,Café Conillon,10
2021-09-06,Café Conillon,EUNAPOLIS,Tipo 7,sc 60 kg,"700,00",700.0,Café Conillon,10
2021-09-06,Café Conillon,EUNAPOLIS,Tipo 7/8,sc 60 kg,"695,00",695.0,Café Conillon,10
2021-09-08,Café Conillon,EUNAPOLIS,Tipo 7,sc 60 kg,"710,00",710.0,Café Conillon,10
2021-09-08,Café Conillon,EUNAPOLIS,Tipo 7/8,sc 60 kg,"705,00",705.0,Café Conillon,10
2021-09-09,Café Conillon,EUNAPOLIS,Tipo 7,sc 60 kg,"710,00",710.0,Café Conillon,10
2021-09-09,Café Conillon,EUNAPOLIS,Tipo 7/8,sc 60 kg,"705,00",705.0,Café Conillon,10
2021-09-10,Café Conillon,EUNAPOLIS,Tipo 7,sc 60 kg,"710,00",710.0,Café Conillon,10
2021-09-10,Café Conillon,EUNAPOLIS,Tipo 7/8,sc 60 kg,"705,00",705.0,Café Conillon,10
2021-09-13,Café Conillon,EUNAPOLIS,Tipo 7,sc 60 kg,"710,00",710.0,Café Conillon,10
2021-09-13,Café Conillon,EUNAPOLIS,Tipo 7/8,sc 60 kg,"705,00",705.0,Café Conillon,10
2021-09-14,Café Conillon,EUNAPOLIS,Tipo 7,sc 60 kg,"720,00",720.0,Café Conillon,10
2021-09-14,Café Conillon,EUNAPOLIS,Tipo 7/8,sc 60 kg,"715,00",715.0,Café Conillon,10
2021-09-15,Café Conillon,EUNAPOLIS,Tipo 7,sc 60 kg,"725,00",725.0,Café Conillon,10
2021-09-15,Café Conillon,EUNAPOLIS,Tipo 7/8,sc 60 kg,"720,00",720.0,Café Conillon,10
2021-09-16,Café Conillon,EUNAPOLIS,Tipo 7,sc 60 kg,"725,00",725.0,Café Conillon,10
2021-09-16,Café Conillon,EUNAPOLIS,Tipo 7/8,sc 60 kg,"720,00",720.0,Café Conillon,10
2021-09-17,Café Conillon,EUNAPOLIS,Tipo 7,sc 60 kg,"725,00",725.0,Café Conillon,10
2021-09-17,Café Conillon,EUNAPOLIS,Tipo 7/8,sc 60 kg,"720,00",720.0,Café Conillon,10
2021-09-20,Café Conillon,EUNAPOLIS,Tipo 7,sc 60 kg,"725,00",725.0,Café Conillon,10
2021-09-20,Café Conillon,EUNAPOLIS,Tipo 7/8,sc 60 kg,"720,00",720.0,Café Conillon,10
2021-09-21,Café Conillon,EUNAPOLIS,Tipo 7,sc 60 kg,"750,00",750.0,Café Conillon,10
2021-09-21,Café Conillon,EUNAPOLIS,Tipo 7/8,sc 60 kg,"745,00",745.0,Café Conillon,10
2021-09-22,Café Conillon,EUNAPOLIS,Tipo 7,sc 60 kg,"750,00",750.0,Café Conillon,10
2021-09-22,Café Conillon,EUNAPOLIS,Tipo 7/8,sc 60 kg,"745,00",745.0,Café Conillon,10
2021-09-23,Café Conillon,EUNAPOLIS,Tipo 7,sc 60 kg,"750,00",750.0,Café Conillon,10
2021-09-23,Café Conillon,EUNAPOLIS,Tipo 7/8,sc 60 kg,"745,00",745.0,Café Conillon,10
2021-09-24,Café Conillon,EUNAPOLIS,Tipo 7,sc 60 kg,"750,00",750.0,Café Conillon,10
2021-09-24,Café Conillon,EUNAPOLIS,Tipo 7/8,sc 60 kg,"745,00",745.0,Café Conillon,10
2021-09-27,Café Conillon,EUNAPOLIS,Tipo 7,sc 60 kg,"780,00",780.0,Café Conillon,10
2021-09-27,Café Conillon,EUNAPOLIS,Tipo 7/8,sc 60 kg,"775,00",775.0,Café Conillon,10
2021-09-28,Café Conillon,EUNAPOLIS,Tipo 7,sc 60 kg,"780,00",780.0,Café Conillon,10
2021-09-28,Café Conillon,EUNAPOLIS,Tipo 7/8,sc 60 kg,"775,00",775.0,Café Conillon,10
2021-09-29,Café Conillon,EUNAPOLIS,Tipo 7,sc 60 kg,"800,00",800.0,Café Conillon,10
2021-09-29,Café Conillon,EUNAPOLIS,Tipo 7/8,sc 60 kg,"795,00",795.0,Café Conillon,10
2021-09-30,Café Conillon,EUNAPOLIS,Tipo 7,sc 60 kg,"800,00",800.0,Café Conillon,10
2021-09-30,Café Conillon,EUNAPOLIS,Tipo 7/8,sc 60 kg,"795,00",795.0,Café Conillon,10
2021-10-01,Café Conillon,EUNAPOLIS,Tipo 7,sc 60 kg,"800,00",800.0,Café Conillon,10
2021-10-01,Café Conillon,EUNAPOLIS,Tipo 7/8,sc 60 kg,"795,00",795.0,Café Conillon,10
2021-10-04,Café Conillon,EUNAPOLIS,Tipo 7,sc 60 kg,"800,00",800.0,Café Conillon,10
2021-10-04,Café Conillon,EUNAPOLIS,Tipo 7/8,sc 60 kg,"795,00",795.0,Café Conillon,10
2021-10-05,Café Conillon,EUNAPOLIS,Tipo 7,sc 60 kg,"805,00",805.0,Café Conillon,10
2021-10-05,Café Conillon,EUNAPOLIS,Tipo 7/8,sc 60 kg,"800,00",800.0,Café Conillon,10
2021-10-06,Café Conillon,EUNAPOLIS,Tipo 7,sc 60 kg,"805,00",805.0,Café Conillon,10
2021-10-06,Café Conillon,EUNAPOLIS,Tipo 7/8,sc 60 kg,"800,00",800.0,Café Conillon,10
2021-10-07,Café Conillon,EUNAPOLIS,Tipo 7,sc 60 kg,"805,00",805.0,Café Conillon,10
2021-10-07,Café Conillon,EUNAPOLIS,Tipo 7/8,sc 60 kg,"800,00",800.0,Café Conillon,10
2021-10-08,Café Conillon,EUNAPOLIS,Tipo 7,sc 60 kg,"805,00",805.0,Café Conillon,10
2021-10-08,Café Conillon,EUNAPOLIS,Tipo 7/8,sc 60 kg,"800,00",800.0,Café Conillon,10
2021-10-13,Café Conillon,EUNAPOLIS,Tipo 7,sc 60 kg,"805,00",805.0,Café Conillon,10
2021-10-13,Café Conillon,EUNAPOLIS,Tipo 7/8,sc 60 kg,"800,00",800.0,Café Conillon,10
2021-10-14,Café Conillon,EUNAPOLIS,Tipo 7,sc 60 kg,"805,00",805.0,Café Conillon,10
2021-10-14,Café Conillon,EUNAPOLIS,Tipo 7/8,sc 60 kg,"800,00",800.0,Café Conillon,10
2021-10-15,Café Conillon,EUNAPOLIS,Tipo 7,sc 60 kg,"795,00",795.0,Café Conillon,10
2021-10-15,Café Conillon,EUNAPOLIS,Tipo 7/8,sc 60 kg,"790,00",790.0,Café Conillon,10
2021-10-18,Café Conillon,EUNAPOLIS,Tipo 7,sc 60 kg,"785,00",785.0,Café Conillon,10
2021-10-18,Café Conillon,EUNAPOLIS,Tipo 7/8,sc 60 kg,"780,00",780.0,Café Conillon,10
2021-10-19,Café Conillon,EUNAPOLIS,Tipo 7,sc 60 kg,"785,00",785.0,Café Conillon,10
2021-10-19,Café Conillon,EUNAPOLIS,Tipo 7/8,sc 60 kg,"780,00",780.0,Café Conillon,10
2021-10-20,Café Conillon,EUNAPOLIS,Tipo 7,sc 60 kg,"720,00",720.0,Café Conillon,10
2021-10-20,Café Conillon,EUNAPOLIS,Tipo 7/8,sc 60 kg,"715,00",715.0,Café Conillon,10
2021-10-21,Café Conillon,EUNAPOLIS,Tipo 7,sc 60 kg,"720,00",720.0,Café Conillon,10
2021-10-21,Café Conillon,EUNAPOLIS,Tipo 7/8,sc 60 kg,"715,00",715.0,Café Conillon,10
2021-10-22,Café Conillon,EUNAPOLIS,Tipo 7,sc 60 kg,"720,00",720.0,Café Conillon,10
2021-10-22,Café Conillon,EUNAPOLIS,Tipo 7/8,sc 60 kg,"715,00",715.0,Café Conillon,10
2021-10-25,Café Conillon,EUNAPOLIS,Tipo 7,sc 60 kg,"720,00",720.0,Café Conillon,10
2021-10-25,Café Conillon,EUNAPOLIS,Tipo 7/8,sc 60 kg,"715,00",715.0,Café Conillon,10
2021-10-26,Café Conillon,EUNAPOLIS,Tipo 7,sc 60 kg,"720,00",720.0,Café Conillon,10
2021-10-26,Café Conillon,EUNAPOLIS,Tipo 7/8,sc 60 kg,"715,00",715.0,Café Conillon,10
2021-10-27,Café Conillon,EUNAPOLIS,Tipo 7,sc 60 kg,"720,00",720.0,Café Conillon,10
2021-10-27,Café Conillon,EUNAPOLIS,Tipo 7/8,sc 60 kg,"715,00",715.0,Café Conillon,10
2021-10-28,Café Conillon,EUNAPOLIS,Tipo 7,sc 60 kg,"720,00",720.0,Café Conillon,10
2021-10-28,Café Conillon,EUNAPOLIS,Tipo 7/8,sc 60 kg,"715,00",715.0,Café Conillon,10
2021-10-29,Café Conillon,EUNAPOLIS,Tipo 7,sc 60 kg,"742,00",742.0,Café Conillon,10
2021-10-29,Café Conillon,EUNAPOLIS,Tipo 7/8,sc 60 kg,"737,00",737.0,Café Conillon,10
2021-11-03,Café Conillon,EUNAPOLIS,Tipo 7,sc 60 kg,"742,00",742.0,Café Conillon,10
2021-11-03,Café Conillon,EUNAPOLIS,Tipo 7/8,sc 60 kg,"737,00",737.0,Café Conillon,10
2021-11-04,Café Conillon,EUNAPOLIS,Tipo 7,sc 60 kg,"742,00",742.0,Café Conillon,10
2021-11-04,Café Conillon,EUNAPOLIS,Tipo 7/8,sc 60 kg,"737,00",737.0,Café Conillon,10
2021-11-05,Café Conillon,EUNAPOLIS,Tipo 7,sc 60 kg,"742,00",742.0,Café Conillon,10
2021-11-05,Café Conillon,EUNAPOLIS,Tipo 7/8,sc 60 kg,"737,00",737.0,Café Conillon,10
2021-11-08,Café Conillon,EUNAPOLIS,Tipo 7,sc 60 kg,"755,00",755.0,Café Conillon,10
2021-11-08,Café Conillon,EUNAPOLIS,Tipo 7/8,sc 60 kg,"750,00",750.0,Café Conillon,10
2021-11-09,Café Conillon,EUNAPOLIS,Tipo 7,sc 60 kg,"755,00",755.0,Café Conillon,10
2021-11-09,Café Conillon,EUNAPOLIS,Tipo 7/8,sc 60 kg,"750,00",750.0,Café Conillon,10
2021-11-10,Café Conillon,EUNAPOLIS,Tipo 7,sc 60 kg,"760,00",760.0,Café Conillon,10
2021-11-10,Café Conillon,EUNAPOLIS,Tipo 7/8,sc 60 kg,"755,00",755.0,Café Conillon,10
2021-11-11,Café Conillon,EUNAPOLIS,Tipo 7,sc 60 kg,"760,00",760.0,Café Conillon,10
2021-11-11,Café Conillon,EUNAPOLIS,Tipo 7/8,sc 60 kg,"755,00",755.0,Café Conillon,10
2021-11-12,Café Conillon,EUNAPOLIS,Tipo 7,sc 60 kg,"760,00",760.0,Café Conillon,10
2021-11-12,Café Conillon,EUNAPOLIS,Tipo 7/8,sc 60 kg,"755,00",755.0,Café Conillon,10
2021-11-16,Café Conillon,EUNAPOLIS,Tipo 7,sc 60 kg,"765,00",765.0,Café Conillon,10
2021-11-16,Café Conillon,EUNAPOLIS,Tipo 7/8,sc 60 kg,"760,00",760.0,Café Conillon,10
2021-11-17,Café Conillon,EUNAPOLIS,Tipo 7,sc 60 kg,"765,00",765.0,Café Conillon,10
2021-11-17,Café Conillon,EUNAPOLIS,Tipo 7/8,sc 60 kg,"760,00",760.0,Café Conillon,10
2021-11-18,Café Conillon,EUNAPOLIS,Tipo 7,sc 60 kg,"765,00",765.0,Café Conillon,10
2021-11-18,Café Conillon,EUNAPOLIS,Tipo 7/8,sc 60 kg,"760,00",760.0,Café Conillon,10
2021-11-19,Café Conillon,EUNAPOLIS,Tipo 7,sc 60 kg,"765,00",765.0,Café Conillon,10
2021-11-19,Café Conillon,EUNAPOLIS,Tipo 7/8,sc 60 kg,"760,00",760.0,Café Conillon,10
2021-11-20,Café Conillon,EUNAPOLIS,Tipo 7,sc 60 kg,"785,00",785.0,Café Conillon,10
2021-11-20,Café Conillon,EUNAPOLIS,Tipo 7/8,sc 60 kg,"780,00",780.0,Café Conillon,10
2021-11-22,Café Conillon,EUNAPOLIS,Tipo 7,sc 60 kg,"765,00",765.0,Café Conillon,10
2021-11-22,Café Conillon,EUNAPOLIS,Tipo 7/8,sc 60 kg,"760,00",760.0,Café Conillon,10
2021-11-23,Café Conillon,EUNAPOLIS,Tipo 7,sc 60 kg,"765,00",765.0,Café Conillon,10
2021-11-23,Café Conillon,EUNAPOLIS,Tipo 7/8,sc 60 kg,"760,00",760.0,Café Conillon,10
2021-11-24,Café Conillon,EUNAPOLIS,Tipo 7,sc 60 kg,"785,00",785.0,Café Conillon,10
2021-11-24,Café Conillon,EUNAPOLIS,Tipo 7/8,sc 60 kg,"780,00",780.0,Café Conillon,10
2021-11-25,Café Conillon,EUNAPOLIS,Tipo 7,sc 60 kg,"785,00",785.0,Café Conillon,10
2021-11-25,Café Conillon,EUNAPOLIS,Tipo 7/8,sc 60 kg,"780,00",780.0,Café Conillon,10
2021-11-26,Café Conillon,EUNAPOLIS,Tipo 7,sc 60 kg,"785,00",785.0,Café Conillon,10
2021-11-26,Café Conillon,EUNAPOLIS,Tipo 7/8,sc 60 kg,"780,00",780.0,Café Conillon,10
2021-11-29,Café Conillon,EUNAPOLIS,Tipo 7,sc 60 kg,"785,00",785.0,Café Conillon,10
2021-11-29,Café Conillon,EUNAPOLIS,Tipo 7/8,sc 60 kg,"780,00",780.0,Café Conillon,10
2021-11-30,Café Conillon,EUNAPOLIS,Tipo 7,sc 60 kg,"785,00",785.0,Café Conillon,10
2021-11-30,Café Conillon,EUNAPOLIS,Tipo 7/8,sc 60 kg,"780,00",780.0,Café Conillon,10
2021-12-01,Café Conillon,EUNAPOLIS,Tipo 7,sc 60 kg,"785,00",785.0,Café Conillon,10
2021-12-01,Café Conillon,EUNAPOLIS,Tipo 7/8,sc 60 kg,"780,00",780.0,Café Conillon,10
2021-12-02,Café Conillon,EUNAPOLIS,Tipo 7,sc 60 kg,"785,00",785.0,Café Conillon,10
2021-12-02,Café Conillon,EUNAPOLIS,Tipo 7/8,sc 60 kg,"780,00",780.0,Café Conillon,10
2021-12-03,Café Conillon,EUNAPOLIS,Tipo 7,sc 60 kg,"785,00",785.0,Café Conillon,10
2021-12-03,Café Conillon,EUNAPOLIS,Tipo 7/8,sc 60 kg,"780,00",780.0,Café Conillon,10
2021-12-06,Café Conillon,EUNAPOLIS,Tipo 7,sc 60 kg,"785,00",785.0,Café Conillon,10
2021-12-06,Café Conillon,EUNAPOLIS,Tipo 7/8,sc 60 kg,"780,00",780.0,Café Conillon,10
2021-12-07,Café Conillon,EUNAPOLIS,Tipo 7,sc 60 kg,"800,00",800.0,Café Conillon,10
2021-12-07,Café Conillon,EUNAPOLIS,Tipo 7/8,sc 60 kg,"795,00",795.0,Café Conillon,10
2021-12-09,Café Conillon,EUNAPOLIS,Tipo 7,sc 60 kg,"800,00",800.0,Café Conillon,10
2021-12-09,Café Conillon,EUNAPOLIS,Tipo 7/8,sc 60 kg,"795,00",795.0,Café Conillon,10
2021-12-10,Café Conillon,EUNAPOLIS,Tipo 7,sc 60 kg,"800,00",800.0,Café Conillon,10
2021-12-10,Café Conillon,EUNAPOLIS,Tipo 7/8,sc 60 kg,"795,00",795.0,Café Conillon,10
2021-12-13,Café Conillon,EUNAPOLIS,Tipo 7,sc 60 kg,"800,00",800.0,Café Conillon,10
2021-12-13,Café Conillon,EUNAPOLIS,Tipo 7/8,sc 60 kg,"795,00",795.0,Café Conillon,10
2021-12-14,Café Conillon,EUNAPOLIS,Tipo 7,sc 60 kg,"800,00",800.0,Café Conillon,10
2021-12-14,Café Conillon,EUNAPOLIS,Tipo 7/8,sc 60 kg,"795,00",795.0,Café Conillon,10
2021-12-15,Café Conillon,EUNAPOLIS,Tipo 7,sc 60 kg,"800,00",800.0,Café Conillon,10
2021-12-15,Café Conillon,EUNAPOLIS,Tipo 7/8,sc 60 kg,"795,00",795.0,Café Conillon,10
2021-12-16,Café Conillon,EUNAPOLIS,Tipo 7,sc 60 kg,"800,00",800.0,Café Conillon,10
2021-12-16,Café Conillon,EUNAPOLIS,Tipo 7/8,sc 60 kg,"795,00",795.0,Café Conillon,10
2021-12-17,Café Conillon,EUNAPOLIS,Tipo 7,sc 60 kg,"800,00",800.0,Café Conillon,10
2021-12-17,Café Conillon,EUNAPOLIS,Tipo 7/8,sc 60 kg,"795,00",795.0,Café Conillon,10
2021-12-20,Café Conillon,EUNAPOLIS,Tipo 7,sc 60 kg,"800,00",800.0,Café Conillon,10
2021-12-20,Café Conillon,EUNAPOLIS,Tipo 7/8,sc 60 kg,"795,00",795.0,Café Conillon,10
2021-12-21,Café Conillon,EUNAPOLIS,Tipo 7,sc 60 kg,"800,00",800.0,Café Conillon,10
2021-12-21,Café Conillon,EUNAPOLIS,Tipo 7/8,sc 60 kg,"795,00",795.0,Café Conillon,10
2021-12-22,Café Conillon,EUNAPOLIS,Tipo 7,sc 60 kg,"800,00",800.0,Café Conillon,10
2021-12-22,Café Conillon,EUNAPOLIS,Tipo 7/8,sc 60 kg,"795,00",795.0,Café Conillon,10
2021-12-23,Café Conillon,EUNAPOLIS,Tipo 7,sc 60 kg,"800,00",800.0,Café Conillon,10
2021-12-23,Café Conillon,EUNAPOLIS,Tipo 7/8,sc 60 kg,"795,00",795.0,Café Conillon,10
2021-12-27,Café Conillon,EUNAPOLIS,Tipo 7,sc 60 kg,"800,00",800.0,Café Conillon,10
2021-12-27,Café Conillon,EUNAPOLIS,Tipo 7/8,sc 60 kg,"795,00",795.0,Café Conillon,10
2021-12-28,Café Conillon,EUNAPOLIS,Tipo 7,sc 60 kg,"800,00",800.0,Café Conillon,10
2021-12-28,Café Conillon,EUNAPOLIS,Tipo 7/8,sc 60 kg,"795,00",795.0,Café Conillon,10
2021-12-29,Café Conillon,EUNAPOLIS,Tipo 7,sc 60 kg,"800,00",800.0,Café Conillon,10
2021-12-29,Café Conillon,EUNAPOLIS,Tipo 7/8,sc 60 kg,"795,00",795.0,Café Conillon,10
2022-01-03,Café Conillon,EUNAPOLIS,Tipo 7,sc 60 kg,"800,00",800.0,Café Conillon,10
2022-01-03,Café Conillon,EUNAPOLIS,Tipo 7/8,sc 60 kg,"795,00",795.0,Café Conillon,10
2022-01-04,Café Conillon,EUNAPOLIS,Tipo 7,sc 60 kg,"800,00",800.0,Café Conillon,10
2022-01-04,Café Conillon,EUNAPOLIS,Tipo 7/8,sc 60 kg,"795,00",795.0,Café Conillon,10
2022-01-05,Café Conillon,EUNAPOLIS,Tipo 7,sc 60 kg,"800,00",800.0,Café Conillon,10
2022-01-05,Café Conillon,EUNAPOLIS,Tipo 7/8,sc 60 kg,"795,00",795.0,Café Conillon,10
2022-01-06,Café Conillon,EUNAPOLIS,Tipo 7,sc 60 kg,"800,00",800.0,Café Conillon,10
2022-01-06,Café Conillon,EUNAPOLIS,Tipo 7/8,sc 60 kg,"795,00",795.0,Café Conillon,10
2022-01-07,Café Conillon,EUNAPOLIS,Tipo 7,sc 60 kg,"800,00",800.0,Café Conillon,10
2022-01-07,Café Conillon,EUNAPOLIS,Tipo 7/8,sc 60 kg,"795,00",795.0,Café Conillon,10
2022-01-10,Café Conillon,EUNAPOLIS,Tipo 7,sc 60 kg,"800,00",800.0,Café Conillon,10
2022-01-10,Café Conillon,EUNAPOLIS,Tipo 7/8,sc 60 kg,"795,00",795.0,Café Conillon,10
2022-01-11,Café Conillon,EUNAPOLIS,Tipo 7,sc 60 kg,"800,00",800.0,Café Conillon,10
2022-01-11,Café Conillon,EUNAPOLIS,Tipo 7/8,sc 60 kg,"795,00",795.0,Café Conillon,10
2022-01-12,Café Conillon,EUNAPOLIS,Tipo 7,sc 60 kg,"800,00",800.0,Café Conillon,10
2022-01-12,Café Conillon,EUNAPOLIS,Tipo 7/8,sc 60 kg,"795,00",795.0,Café Conillon,10
2022-01-13,Café Conillon,EUNAPOLIS,Tipo 7,sc 60 kg,"800,00",800.0,Café Conillon,10
2022-01-13,Café Conillon,EUNAPOLIS,Tipo 7/8,sc 60 kg,"795,00",795.0,Café Conillon,10
2022-01-14,Café Conillon,EUNAPOLIS,Tipo 7,sc 60 kg,"800,00",800.0,Café Conillon,10
2022-01-14,Café Conillon,EUNAPOLIS,Tipo 7/8,sc 60 kg,"795,00",795.0,Café Conillon,10
2022-01-17,Café Conillon,EUNAPOLIS,Tipo 7,sc 60 kg,"800,00",800.0,Café Conillon,10
2022-01-17,Café Conillon,EUNAPOLIS,Tipo 7/8,sc 60 kg,"795,00",795.0,Café Conillon,10
2022-01-18,Café Conillon,EUNAPOLIS,Tipo 7,sc 60 kg,"800,00",800.0,Café Conillon,10
2022-01-18,Café Conillon,EUNAPOLIS,Tipo 7/8,sc 60 kg,"795,00",795.0,Café Conillon,10
2022-01-19,Café Conillon,EUNAPOLIS,Tipo 7,sc 60 kg,"798,00",798.0,Café Conillon,10
2022-01-19,Café Conillon,EUNAPOLIS,Tipo 7/8,sc 60 kg,"793,00",793.0,Café Conillon,10
2022-01-20,Café Conillon,EUNAPOLIS,Tipo 7,sc 60 kg,"798,00",798.0,Café Conillon,10
2022-01-20,Café Conillon,EUNAPOLIS,Tipo 7/8,sc 60 kg,"793,00",793.0,Café Conillon,10
2022-01-21,Café Conillon,EUNAPOLIS,Tipo 7,sc 60 kg,"798,00",798.0,Café Conillon,10
2022-01-21,Café Conillon,EUNAPOLIS,Tipo 7/8,sc 60 kg,"793,00",793.0,Café Conillon,10
2022-01-24,Café Conillon,EUNAPOLIS,Tipo 7,sc 60 kg,"798,00",798.0,Café Conillon,10
2022-01-24,Café Conillon,EUNAPOLIS,Tipo 7/8,sc 60 kg,"793,00",793.0,Café Conillon,10
2022-01-25,Café Conillon,EUNAPOLIS,Tipo 7,sc 60 kg,"798,00",798.0,Café Conillon,10
2022-01-25,Café Conillon,EUNAPOLIS,Tipo 7/8,sc 60 kg,"793,00",793.0,Café Conillon,10
2022-01-26,Café Conillon,EUNAPOLIS,Tipo 7,sc 60 kg,"798,00",798.0,Café Conillon,10
2022-01-26,Café Conillon,EUNAPOLIS,Tipo 7/8,sc 60 kg,"793,00",793.0,Café Conillon,10
2022-01-27,Café Conillon,EUNAPOLIS,Tipo 7,sc 60 kg,"798,00",798.0,Café Conillon,10
2022-01-27,Café Conillon,EUNAPOLIS,Tipo 7/8,sc 60 kg,"793,00",793.0,Café Conillon,10
2022-01-28,Café Conillon,EUNAPOLIS,Tipo 7,sc 60 kg,"798,00",798.0,Café Conillon,10
2022-01-28,Café Conillon,EUNAPOLIS,Tipo 7/8,sc 60 kg,"793,00",793.0,Café Conillon,10
2022-01-31,Café Conillon,EUNAPOLIS,Tipo 7,sc 60 kg,"798,00",798.0,Café Conillon,10
2022-01-31,Café Conillon,EUNAPOLIS,Tipo 7/8,sc 60 kg,"793,00",793.0,Café Conillon,10
2022-02-01,Café Conillon,EUNAPOLIS,Tipo 7,sc 60 kg,"798,00",798.0,Café Conillon,10
2022-02-01,Café Conillon,EUNAPOLIS,Tipo 7/8,sc 60 kg,"793,00",793.0,Café Conillon,10
2022-02-02,Café Conillon,EUNAPOLIS,Tipo 7,sc 60 kg,"798,00",798.0,Café Conillon,10
2022-02-02,Café Conillon,EUNAPOLIS,Tipo 7/8,sc 60 kg,"793,00",793.0,Café Conillon,10
2022-02-03,Café Conillon,EUNAPOLIS,Tipo 7,sc 60 kg,"798,00",798.0,Café Conillon,10
2022-02-03,Café Conillon,EUNAPOLIS,Tipo 7/8,sc 60 kg,"793,00",793.0,Café Conillon,10
2022-02-04,Café Conillon,EUNAPOLIS,Tipo 7,sc 60 kg,"798,00",798.0,Café Conillon,10
2022-02-04,Café Conillon,EUNAPOLIS,Tipo 7/8,sc 60 kg,"793,00",793.0,Café Conillon,10
2022-02-07,Café Conillon,EUNAPOLIS,Tipo 7,sc 60 kg,"798,00",798.0,Café Conillon,10
2022-02-07,Café Conillon,EUNAPOLIS,Tipo 7/8,sc 60 kg,"793,00",793.0,Café Conillon,10
2022-02-08,Café Conillon,EUNAPOLIS,Tipo 7,sc 60 kg,"798,00",798.0,Café Conillon,10
2022-02-08,Café Conillon,EUNAPOLIS,Tipo 7/8,sc 60 kg,"793,00",793.0,Café Conillon,10
2022-02-09,Café Conillon,EUNAPOLIS,Tipo 7,sc 60 kg,"798,00",798.0,Café Conillon,10
2022-02-09,Café Conillon,EUNAPOLIS,Tipo 7/8,sc 60 kg,"793,00",793.0,Café Conillon,10
2022-02-10,Café Conillon,EUNAPOLIS,Tipo 7,sc 60 kg,"798,00",798.0,Café Conillon,10
2022-02-10,Café Conillon,EUNAPOLIS,Tipo 7/8,sc 60 kg,"793,00",793.0,Café Conillon,10
2022-02-11,Café Conillon,EUNAPOLIS,Tipo 7,sc 60 kg,"798,00",798.0,Café Conillon,10
2022-02-11,Café Conillon,EUNAPOLIS,Tipo 7/8,sc 60 kg,"793,00",793.0,Café Conillon,10
2022-02-14,Café Conillon,EUNAPOLIS,Tipo 7,sc 60 kg,"795,00",795.0,Café Conillon,10
2022-02-14,Café Conillon,EUNAPOLIS,Tipo 7/8,sc 60 kg,"790,00",790.0,Café Conillon,10
2022-02-15,Café Conillon,EUNAPOLIS,Tipo 7,sc 60 kg,"795,00",795.0,Café Conillon,10
2022-02-15,Café Conillon,EUNAPOLIS,Tipo 7/8,sc 60 kg,"790,00",790.0,Café Conillon,10
2022-02-16,Café Conillon,EUNAPOLIS,Tipo 7,sc 60 kg,"795,00",795.0,Café Conillon,10
2022-02-16,Café Conillon,EUNAPOLIS,Tipo 7/8,sc 60 kg,"790,00",790.0,Café Conillon,10
2022-02-17,Café Conillon,EUNAPOLIS,Tipo 7,sc 60 kg,"795,00",795.0,Café Conillon,10
2022-02-17,Café Conillon,EUNAPOLIS,Tipo 7/8,sc 60 kg,"790,00",790.0,Café Conillon,10
2022-02-18,Café Conillon,EUNAPOLIS,Tipo 7,sc 60 kg,"795,00",795.0,Café Conillon,10
2022-02-18,Café Conillon,EUNAPOLIS,Tipo 7/8,sc 60 kg,"790,00",790.0,Café Conillon,10
2022-02-21,Café Conillon,EUNAPOLIS,Tipo 7,sc 60 kg,"795,00",795.0,Café Conillon,10
2022-02-21,Café Conillon,EUNAPOLIS,Tipo 7/8,sc 60 kg,"790,00",790.0,Café Conillon,10
2022-02-22,Café Conillon,EUNAPOLIS,Tipo 7,sc 60 kg,"795,00",795.0,Café Conillon,10
2022-02-22,Café Conillon,EUNAPOLIS,Tipo 7/8,sc 60 kg,"790,00",790.0,Café Conillon,10
2022-02-23,Café Conillon,EUNAPOLIS,Tipo 7,sc 60 kg,"795,00",795.0,Café Conillon,10
2022-02-23,Café Conillon,EUNAPOLIS,Tipo 7/8,sc 60 kg,"790,00",790.0,Café Conillon,10
2022-02-24,Café Conillon,EUNAPOLIS,Tipo 7,sc 60 kg,"795,00",795.0,Café Conillon,10
2022-02-24,Café Conillon,EUNAPOLIS,Tipo 7/8,sc 60 kg,"790,00",790.0,Café Conillon,10
2022-02-25,Café Conillon,EUNAPOLIS,Tipo 7,sc 60 kg,"795,00",795.0,Café Conillon,10
2022-02-25,Café Conillon,EUNAPOLIS,Tipo 7/8,sc 60 kg,"790,00",790.0,Café Conillon,10
2022-02-28,Café Conillon,EUNAPOLIS,Tipo 7,sc 60 kg,"795,00",795.0,Café Conillon,10
2022-02-28,Café Conillon,EUNAPOLIS,Tipo 7/8,sc 60 kg,"790,00",790.0,Café Conillon,10
2022-03-01,Café Conillon,EUNAPOLIS,Tipo 7,sc 60 kg,"795,00",795.0,Café Conillon,10
2022-03-01,Café Conillon,EUNAPOLIS,Tipo 7/8,sc 60 kg,"790,00",790.0,Café Conillon,10
2022-03-02,Café Conillon,EUNAPOLIS,Tipo 7,sc 60 kg,"795,00",795.0,Café Conillon,10
2022-03-02,Café Conillon,EUNAPOLIS,Tipo 7/8,sc 60 kg,"790,00",790.0,Café Conillon,10
2022-03-03,Café Conillon,EUNAPOLIS,Tipo 7,sc 60 kg,"795,00",795.0,Café Conillon,10
2022-03-03,Café Conillon,EUNAPOLIS,Tipo 7/8,sc 60 kg,"790,00",790.0,Café Conillon,10
2022-03-04,Café Conillon,EUNAPOLIS,Tipo 7,sc 60 kg,"795,00",795.0,Café Conillon,10
2022-03-04,Café Conillon,EUNAPOLIS,Tipo 7/8,sc 60 kg,"790,00",790.0,Café Conillon,10
2022-03-07,Café Conillon,EUNAPOLIS,Tipo 7,sc 60 kg,"730,00",730.0,Café Conillon,10
2022-03-07,Café Conillon,EUNAPOLIS,Tipo 7/8,sc 60 kg,"725,00",725.0,Café Conillon,10
2022-03-08,Café Conillon,EUNAPOLIS,Tipo 7,sc 60 kg,"730,00",730.0,Café Conillon,10
2022-03-08,Café Conillon,EUNAPOLIS,Tipo 7/8,sc 60 kg,"725,00",725.0,Café Conillon,10
2022-03-09,Café Conillon,EUNAPOLIS,Tipo 7,sc 60 kg,"730,00",730.0,Café Conillon,10
2022-03-09,Café Conillon,EUNAPOLIS,Tipo 7/8,sc 60 kg,"725,00",725.0,Café Conillon,10
2022-03-10,Café Conillon,EUNAPOLIS,Tipo 7,sc 60 kg,"730,00",730.0,Café Conillon,10
2022-03-10,Café Conillon,EUNAPOLIS,Tipo 7/8,sc 60 kg,"725,00",725.0,Café Conillon,10
2022-03-11,Café Conillon,EUNAPOLIS,Tipo 7,sc 60 kg,"730,00",730.0,Café Conillon,10
2022-03-11,Café Conillon,EUNAPOLIS,Tipo 7/8,sc 60 kg,"725,00",725.0,Café Conillon,10
2022-03-14,Café Conillon,EUNAPOLIS,Tipo 7,sc 60 kg,"730,00",730.0,Café Conillon,10
2022-03-14,Café Conillon,EUNAPOLIS,Tipo 7/8,sc 60 kg,"725,00",725.0,Café Conillon,10
2022-03-15,Café Conillon,EUNAPOLIS,Tipo 7,sc 60 kg,"730,00",730.0,Café Conillon,10
2022-03-15,Café Conillon,EUNAPOLIS,Tipo 7/8,sc 60 kg,"725,00",725.0,Café Conillon,10
2022-03-16,Café Conillon,EUNAPOLIS,Tipo 7,sc 60 kg,"730,00",730.0,Café Conillon,10
2022-03-16,Café Conillon,EUNAPOLIS,Tipo 7/8,sc 60 kg,"725,00",725.0,Café Conillon,10
2022-03-17,Café Conillon,EUNAPOLIS,Tipo 7,sc 60 kg,"730,00",730.0,Café Conillon,10
2022-03-17,Café Conillon,EUNAPOLIS,Tipo 7/8,sc 60 kg,"725,00",725.0,Café Conillon,10
2022-03-18,Café Conillon,EUNAPOLIS,Tipo 7,sc 60 kg,"730,00",730.0,Café Conillon,10
2022-03-18,Café Conillon,EUNAPOLIS,Tipo 7/8,sc 60 kg,"725,00",725.0,Café Conillon,10
2022-03-21,Café Conillon,EUNAPOLIS,Tipo 7,sc 60 kg,"730,00",730.0,Café Conillon,10
2022-03-21,Café Conillon,EUNAPOLIS,Tipo 7/8,sc 60 kg,"725,00",725.0,Café Conillon,10
2022-03-22,Café Conillon,EUNAPOLIS,Tipo 7,sc 60 kg,"730,00",730.0,Café Conillon,10
2022-03-22,Café Conillon,EUNAPOLIS,Tipo 7/8,sc 60 kg,"725,00",725.0,Café Conillon,10
2022-03-23,Café Conillon,EUNAPOLIS,Tipo 7,sc 60 kg,"730,00",730.0,Café Conillon,10
2022-03-23,Café Conillon,EUNAPOLIS,Tipo 7/8,sc 60 kg,"725,00",725.0,Café Conillon,10
2022-03-24,Café Conillon,EUNAPOLIS,Tipo 7,sc 60 kg,"730,00",730.0,Café Conillon,10
2022-03-24,Café Conillon,EUNAPOLIS,Tipo 7/8,sc 60 kg,"725,00",725.0,Café Conillon,10
2022-03-25,Café Conillon,EUNAPOLIS,Tipo 7,sc 60 kg,"730,00",730.0,Café Conillon,10
2022-03-25,Café Conillon,EUNAPOLIS,Tipo 7/8,sc 60 kg,"725,00",725.0,Café Conillon,10
2022-03-28,Café Conillon,EUNAPOLIS,Tipo 7,sc 60 kg,"750,00",750.0,Café Conillon,10
2022-03-28,Café Conillon,EUNAPOLIS,Tipo 7/8,sc 60 kg,"745,00",745.0,Café Conillon,10
2022-03-29,Café Conillon,EUNAPOLIS,Tipo 7,sc 60 kg,"750,00",750.0,Café Conillon,10
2022-03-29,Café Conillon,EUNAPOLIS,Tipo 7/8,sc 60 kg,"745,00",745.0,Café Conillon,10
2022-03-30,Café Conillon,EUNAPOLIS,Tipo 7,sc 60 kg,"750,00",750.0,Café Conillon,10
2022-03-30,Café Conillon,EUNAPOLIS,Tipo 7/8,sc 60 kg,"745,00",745.0,Café Conillon,10
2022-03-31,Café Conillon,EUNAPOLIS,Tipo 7,sc 60 kg,"750,00",750.0,Café Conillon,10
2022-03-31,Café Conillon,EUNAPOLIS,Tipo 7/8,sc 60 kg,"745,00",745.0,Café Conillon,10
2022-04-01,Café Conillon,EUNAPOLIS,Tipo 7,sc 60 kg,"750,00",750.0,Café Conillon,10
2022-04-01,Café Conillon,EUNAPOLIS,Tipo 7/8,sc 60 kg,"745,00",745.0,Café Conillon,10
2022-04-04,Café Conillon,EUNAPOLIS,Tipo 7,sc 60 kg,"750,00",750.0,Café Conillon,10
2022-04-04,Café Conillon,EUNAPOLIS,Tipo 7/8,sc 60 kg,"745,00",745.0,Café Conillon,10
2022-04-05,Café Conillon,EUNAPOLIS,Tipo 7,sc 60 kg,"750,00",750.0,Café Conillon,10
2022-04-05,Café Conillon,EUNAPOLIS,Tipo 7/8,sc 60 kg,"745,00",745.0,Café Conillon,10
2022-04-06,Café Conillon,EUNAPOLIS,Tipo 7,sc 60 kg,"750,00",750.0,Café Conillon,10
2022-04-06,Café Conillon,EUNAPOLIS,Tipo 7/8,sc 60 kg,"745,00",745.0,Café Conillon,10
2022-04-07,Café Conillon,EUNAPOLIS,Tipo 7,sc 60 kg,"750,00",750.0,Café Conillon,10
2022-04-07,Café Conillon,EUNAPOLIS,Tipo 7/8,sc 60 kg,"745,00",745.0,Café Conillon,10
2022-04-08,Café Conillon,EUNAPOLIS,Tipo 7,sc 60 kg,"750,00",750.0,Café Conillon,10
2022-04-08,Café Conillon,EUNAPOLIS,Tipo 7/8,sc 60 kg,"745,00",745.0,Café Conillon,10
2022-04-11,Café Conillon,EUNAPOLIS,Tipo 7,sc 60 kg,"750,00",750.0,Café Conillon,10
2022-04-11,Café Conillon,EUNAPOLIS,Tipo 7/8,sc 60 kg,"745,00",745.0,Café Conillon,10
2022-04-12,Café Conillon,EUNAPOLIS,Tipo 7,sc 60 kg,"750,00",750.0,Café Conillon,10
2022-04-12,Café Conillon,EUNAPOLIS,Tipo 7/8,sc 60 kg,"745,00",745.0,Café Conillon,10
2022-04-13,Café Conillon,EUNAPOLIS,Tipo 7,sc 60 kg,"795,00",795.0,Café Conillon,10
2022-04-13,Café Conillon,EUNAPOLIS,Tipo 7/8,sc 60 kg,"790,00",790.0,Café Conillon,10
2022-04-14,Café Conillon,EUNAPOLIS,Tipo 7,sc 60 kg,"795,00",795.0,Café Conillon,10
2022-04-14,Café Conillon,EUNAPOLIS,Tipo 7/8,sc 60 kg,"790,00",790.0,Café Conillon,10
2022-04-18,Café Conillon,EUNAPOLIS,Tipo 7,sc 60 kg,"795,00",795.0,Café Conillon,10
2022-04-18,Café Conillon,EUNAPOLIS,Tipo 7/8,sc 60 kg,"790,00",790.0,Café Conillon,10
2022-04-19,Café Conillon,EUNAPOLIS,Tipo 7,sc 60 kg,"795,00",795.0,Café Conillon,10
2022-04-19,Café Conillon,EUNAPOLIS,Tipo 7/8,sc 60 kg,"790,00",790.0,Café Conillon,10
2022-04-20,Café Conillon,EUNAPOLIS,Tipo 7,sc 60 kg,"795,00",795.0,Café Conillon,10
2022-04-20,Café Conillon,EUNAPOLIS,Tipo 7/8,sc 60 kg,"790,00",790.0,Café Conillon,10
2022-04-22,Café Conillon,EUNAPOLIS,Tipo 7,sc 60 kg,"795,00",795.0,Café Conillon,10
2022-04-22,Café Conillon,EUNAPOLIS,Tipo 7/8,sc 60 kg,"790,00",790.0,Café Conillon,10
2022-04-25,Café Conillon,EUNAPOLIS,Tipo 7,sc 60 kg,"795,00",795.0,Café Conillon,10
2022-04-25,Café Conillon,EUNAPOLIS,Tipo 7/8,sc 60 kg,"790,00",790.0,Café Conillon,10
2022-04-26,Café Conillon,EUNAPOLIS,Tipo 7,sc 60 kg,"795,00",795.0,Café Conillon,10
2022-04-26,Café Conillon,EUNAPOLIS,Tipo 7/8,sc 60 kg,"790,00",790.0,Café Conillon,10
2022-04-27,Café Conillon,EUNAPOLIS,Tipo 7,sc 60 kg,"795,00",795.0,Café Conillon,10
2022-04-27,Café Conillon,EUNAPOLIS,Tipo 7/8,sc 60 kg,"790,00",790.0,Café Conillon,10
2022-04-28,Café Conillon,EUNAPOLIS,Tipo 7,sc 60 kg,"795,00",795.0,Café Conillon,10
2022-04-28,Café Conillon,EUNAPOLIS,Tipo 7/8,sc 60 kg,"790,00",790.0,Café Conillon,10
2022-04-29,Café Conillon,EUNAPOLIS,Tipo 7,sc 60 kg,"795,00",795.0,Café Conillon,10
2022-04-29,Café Conillon,EUNAPOLIS,Tipo 7/8,sc 60 kg,"790,00",790.0,Café Conillon,10
2022-05-02,Café Conillon,EUNAPOLIS,Tipo 7,sc 60 kg,"795,00",795.0,Café Conillon,10
2022-05-02,Café Conillon,EUNAPOLIS,Tipo 7/8,sc 60 kg,"790,00",790.0,Café Conillon,10
2022-05-03,Café Conillon,EUNAPOLIS,Tipo 7,sc 60 kg,"795,00",795.0,Café Conillon,10
2022-05-03,Café Conillon,EUNAPOLIS,Tipo 7/8,sc 60 kg,"790,00",790.0,Café Conillon,10
2022-05-04,Café Conillon,EUNAPOLIS,Tipo 7,sc 60 kg,"795,00",795.0,Café Conillon,10
2022-05-04,Café Conillon,EUNAPOLIS,Tipo 7/8,sc 60 kg,"790,00",790.0,Café Conillon,10
2022-05-05,Café Conillon,EUNAPOLIS,Tipo 7,sc 60 kg,"770,00",770.0,Café Conillon,10
2022-05-05,Café Conillon,EUNAPOLIS,Tipo 7/8,sc 60 kg,"765,00",765.0,Café Conillon,10
2022-05-06,Café Conillon,EUNAPOLIS,Tipo 7,sc 60 kg,"770,00",770.0,Café Conillon,10
2022-05-06,Café Conillon,EUNAPOLIS,Tipo 7/8,sc 60 kg,"765,00",765.0,Café Conillon,10
2022-05-09,Café Conillon,EUNAPOLIS,Tipo 7,sc 60 kg,"770,00",770.0,Café Conillon,10
2022-05-09,Café Conillon,EUNAPOLIS,Tipo 7/8,sc 60 kg,"765,00",765.0,Café Conillon,10
2022-05-10,Café Conillon,EUNAPOLIS,Tipo 7,sc 60 kg,"770,00",770.0,Café Conillon,10
2022-05-10,Café Conillon,EUNAPOLIS,Tipo 7/8,sc 60 kg,"765,00",765.0,Café Conillon,10
2022-05-11,Café Conillon,EUNAPOLIS,Tipo 7,sc 60 kg,"770,00",770.0,Café Conillon,10
2022-05-11,Café Conillon,EUNAPOLIS,Tipo 7/8,sc 60 kg,"765,00",765.0,Café Conillon,10
2022-05-12,Café Conillon,EUNAPOLIS,Tipo 7,sc 60 kg,"770,00",770.0,Café Conillon,10
2022-05-12,Café Conillon,EUNAPOLIS,Tipo 7/8,sc 60 kg,"765,00",765.0,Café Conillon,10
2022-05-13,Café Conillon,EUNAPOLIS,Tipo 7,sc 60 kg,"732,00",732.0,Café Conillon,10
2022-05-13,Café Conillon,EUNAPOLIS,Tipo 7/8,sc 60 kg,"727,00",727.0,Café Conillon,10
2022-05-16,Café Conillon,EUNAPOLIS,Tipo 7,sc 60 kg,"732,00",732.0,Café Conillon,10
2022-05-16,Café Conillon,EUNAPOLIS,Tipo 7/8,sc 60 kg,"727,00",727.0,Café Conillon,10
2022-05-17,Café Conillon,EUNAPOLIS,Tipo 7,sc 60 kg,"732,00",732.0,Café Conillon,10
2022-05-17,Café Conillon,EUNAPOLIS,Tipo 7/8,sc 60 kg,"727,00",727.0,Café Conillon,10
2022-05-18,Café Conillon,EUNAPOLIS,Tipo 7,sc 60 kg,"732,00",732.0,Café Conillon,10
2022-05-18,Café Conillon,EUNAPOLIS,Tipo 7/8,sc 60 kg,"727,00",727.0,Café Conillon,10
2022-05-19,Café Conillon,EUNAPOLIS,Tipo 7,sc 60 kg,"732,00",732.0,Café Conillon,10
2022-05-19,Café Conillon,EUNAPOLIS,Tipo 7/8,sc 60 kg,"727,00",727.0,Café Conillon,10
2022-05-20,Café Conillon,EUNAPOLIS,Tipo 7,sc 60 kg,"732,00",732.0,Café Conillon,10
2022-05-20,Café Conillon,EUNAPOLIS,Tipo 7/8,sc 60 kg,"727,00",727.0,Café Conillon,10
2022-05-23,Café Conillon,EUNAPOLIS,Tipo 7,sc 60 kg,"732,00",732.0,Café Conillon,10
2022-05-23,Café Conillon,EUNAPOLIS,Tipo 7/8,sc 60 kg,"727,00",727.0,Café Conillon,10
2022-05-24,Café Conillon,EUNAPOLIS,Tipo 7,sc 60 kg,"732,00",732.0,Café Conillon,10
2022-05-24,Café Conillon,EUNAPOLIS,Tipo 7/8,sc 60 kg,"727,00",727.0,Café Conillon,10
2022-05-25,Café Conillon,EUNAPOLIS,Tipo 7,sc 60 kg,"732,00",732.0,Café Conillon,10
2022-05-25,Café Conillon,EUNAPOLIS,Tipo 7/8,sc 60 kg,"727,00",727.0,Café Conillon,10
2022-05-26,Café Conillon,EUNAPOLIS,Tipo 7,sc 60 kg,"705,00",705.0,Café Conillon,10
2022-05-26,Café Conillon,EUNAPOLIS,Tipo 7/8,sc 60 kg,"700,00",700.0,Café Conillon,10
2022-05-27,Café Conillon,EUNAPOLIS,Tipo 7,sc 60 kg,"705,00",705.0,Café Conillon,10
2022-05-27,Café Conillon,EUNAPOLIS,Tipo 7/8,sc 60 kg,"700,00",700.0,Café Conillon,10
2022-05-30,Café Conillon,EUNAPOLIS,Tipo 7,sc 60 kg,"695,00",695.0,Café Conillon,10
2022-05-30,Café Conillon,EUNAPOLIS,Tipo 7/8,sc 60 kg,"700,00",700.0,Café Conillon,10
2022-05-31,Café Conillon,EUNAPOLIS,Tipo 7,sc 60 kg,"695,00",695.0,Café Conillon,10
2022-05-31,Café Conillon,EUNAPOLIS,Tipo 7/8,sc 60 kg,"700,00",700.0,Café Conillon,10
2022-06-01,Café Conillon,EUNAPOLIS,Tipo 7,sc 60 kg,"695,00",695.0,Café Conillon,10
2022-06-01,Café Conillon,EUNAPOLIS,Tipo 7/8,sc 60 kg,"700,00",700.0,Café Conillon,10
2022-06-02,Café Conillon,EUNAPOLIS,Tipo 7,sc 60 kg,"680,00",680.0,Café Conillon,10
2022-06-02,Café Conillon,EUNAPOLIS,Tipo 7/8,sc 60 kg,"675,00",675.0,Café Conillon,10
2022-06-03,Café Conillon,EUNAPOLIS,Tipo 7,sc 60 kg,"680,00",680.0,Café Conillon,10
2022-06-03,Café Conillon,EUNAPOLIS,Tipo 7/8,sc 60 kg,"675,00",675.0,Café Conillon,10
2022-06-06,Café Conillon,EUNAPOLIS,Tipo 7,sc 60 kg,"680,00",680.0,Café Conillon,10
2022-06-06,Café Conillon,EUNAPOLIS,Tipo 7/8,sc 60 kg,"675,00",675.0,Café Conillon,10
2022-06-07,Café Conillon,EUNAPOLIS,Tipo 7,sc 60 kg,"720,00",720.0,Café Conillon,10
2022-06-07,Café Conillon,EUNAPOLIS,Tipo 7/8,sc 60 kg,"715,00",715.0,Café Conillon,10
2022-06-08,Café Conillon,EUNAPOLIS,Tipo 7,sc 60 kg,"675,00",675.0,Café Conillon,10
2022-06-08,Café Conillon,EUNAPOLIS,Tipo 7/8,sc 60 kg,"670,00",670.0,Café Conillon,10
2022-06-09,Café Conillon,EUNAPOLIS,Tipo 7,sc 60 kg,"675,00",675.0,Café Conillon,10
2022-06-09,Café Conillon,EUNAPOLIS,Tipo 7/8,sc 60 kg,"670,00",670.0,Café Conillon,10
2022-06-10,Café Conillon,EUNAPOLIS,Tipo 7,sc 60 kg,"675,00",675.0,Café Conillon,10
2022-06-10,Café Conillon,EUNAPOLIS,Tipo 7/8,sc 60 kg,"670,00",670.0,Café Conillon,10
2022-06-13,Café Conillon,EUNAPOLIS,Tipo 7,sc 60 kg,"675,00",675.0,Café Conillon,10
2022-06-13,Café Conillon,EUNAPOLIS,Tipo 7/8,sc 60 kg,"670,00",670.0,Café Conillon,10
2022-06-14,Café Conillon,EUNAPOLIS,Tipo 7,sc 60 kg,"675,00",675.0,Café Conillon,10
2022-06-14,Café Conillon,EUNAPOLIS,Tipo 7/8,sc 60 kg,"670,00",670.0,Café Conillon,10
2022-06-15,Café Conillon,EUNAPOLIS,Tipo 7,sc 60 kg,"675,00",675.0,Café Conillon,10
2022-06-15,Café Conillon,EUNAPOLIS,Tipo 7/8,sc 60 kg,"670,00",670.0,Café Conillon,10
2022-06-20,Café Conillon,EUNAPOLIS,Tipo 7,sc 60 kg,"675,00",675.0,Café Conillon,10
2022-06-20,Café Conillon,EUNAPOLIS,Tipo 7/8,sc 60 kg,"670,00",670.0,Café Conillon,10
2022-06-21,Café Conillon,EUNAPOLIS,Tipo 7,sc 60 kg,"670,00",670.0,Café Conillon,10
2022-06-21,Café Conillon,EUNAPOLIS,Tipo 7/8,sc 60 kg,"665,00",665.0,Café Conillon,10
2022-06-22,Café Conillon,EUNAPOLIS,Tipo 7,sc 60 kg,"670,00",670.0,Café Conillon,10
2022-06-22,Café Conillon,EUNAPOLIS,Tipo 7/8,sc 60 kg,"665,00",665.0,Café Conillon,10
2022-06-27,Café Conillon,EUNAPOLIS,Tipo 7,sc 60 kg,"675,00",675.0,Café Conillon,10
2022-06-27,Café Conillon,EUNAPOLIS,Tipo 7/8,sc 60 kg,"670,00",670.0,Café Conillon,10
2022-06-28,Café Conillon,EUNAPOLIS,Tipo 7,sc 60 kg,"675,00",675.0,Café Conillon,10
2022-06-28,Café Conillon,EUNAPOLIS,Tipo 7/8,sc 60 kg,"670,00",670.0,Café Conillon,10
2022-06-29,Café Conillon,EUNAPOLIS,Tipo 7,sc 60 kg,"675,00",675.0,Café Conillon,10
2022-06-29,Café Conillon,EUNAPOLIS,Tipo 7/8,sc 60 kg,"670,00",670.0,Café Conillon,10
2022-06-30,Café Conillon,EUNAPOLIS,Tipo 7,sc 60 kg,"675,00",675.0,Café Conillon,10
2022-06-30,Café Conillon,EUNAPOLIS,Tipo 7/8,sc 60 kg,"670,00",670.0,Café Conillon,10
2022-07-01,Café Conillon,EUNAPOLIS,Tipo 7,sc 60 kg,"675,00",675.0,Café Conillon,10
2022-07-01,Café Conillon,EUNAPOLIS,Tipo 7/8,sc 60 kg,"670,00",670.0,Café Conillon,10
2022-07-04,Café Conillon,EUNAPOLIS,Tipo 7,sc 60 kg,"680,00",680.0,Café Conillon,10
2022-07-04,Café Conillon,EUNAPOLIS,Tipo 7/8,sc 60 kg,"675,00",675.0,Café Conillon,10
2022-07-05,Café Conillon,EUNAPOLIS,Tipo 7,sc 60 kg,"680,00",680.0,Café Conillon,10
2022-07-05,Café Conillon,EUNAPOLIS,Tipo 7/8,sc 60 kg,"675,00",675.0,Café Conillon,10
2022-07-06,Café Conillon,EUNAPOLIS,Tipo 7,sc 60 kg,"680,00",680.0,Café Conillon,10
2022-07-06,Café Conillon,EUNAPOLIS,Tipo 7/8,sc 60 kg,"675,00",675.0,Café Conillon,10
2022-07-07,Café Conillon,EUNAPOLIS,Tipo 7,sc 60 kg,"680,00",680.0,Café Conillon,10
2022-07-07,Café Conillon,EUNAPOLIS,Tipo 7/8,sc 60 kg,"675,00",675.0,Café Conillon,10
2022-07-08,Café Conillon,EUNAPOLIS,Tipo 7,sc 60 kg,"680,00",680.0,Café Conillon,10
2022-07-08,Café Conillon,EUNAPOLIS,Tipo 7/8,sc 60 kg,"675,00",675.0,Café Conillon,10
2022-07-11,Café Conillon,EUNAPOLIS,Tipo 7,sc 60 kg,"680,00",680.0,Café Conillon,10
2022-07-11,Café Conillon,EUNAPOLIS,Tipo 7/8,sc 60 kg,"675,00",675.0,Café Conillon,10
2022-07-12,Café Conillon,EUNAPOLIS,Tipo 7,sc 60 kg,"680,00",680.0,Café Conillon,10
2022-07-12,Café Conillon,EUNAPOLIS,Tipo 7/8,sc 60 kg,"675,00",675.0,Café Conillon,10
2022-07-13,Café Conillon,EUNAPOLIS,Tipo 7,sc 60 kg,"680,00",680.0,Café Conillon,10
2022-07-13,Café Conillon,EUNAPOLIS,Tipo 7/8,sc 60 kg,"675,00",675.0,Café Conillon,10
2022-07-14,Café Conillon,EUNAPOLIS,Tipo 7,sc 60 kg,"680,00",680.0,Café Conillon,10
2022-07-14,Café Conillon,EUNAPOLIS,Tipo 7/8,sc 60 kg,"675,00",675.0,Café Conillon,10
2022-07-15,Café Conillon,EUNAPOLIS,Tipo 7,sc 60 kg,"680,00",680.0,Café Conillon,10
2022-07-15,Café Conillon,EUNAPOLIS,Tipo 7/8,sc 60 kg,"675,00",675.0,Café Conillon,10
2022-07-18,Café Conillon,EUNAPOLIS,Tipo 7,sc 60 kg,"680,00",680.0,Café Conillon,10
2022-07-18,Café Conillon,EUNAPOLIS,Tipo 7/8,sc 60 kg,"675,00",675.0,Café Conillon,10
2022-07-19,Café Conillon,EUNAPOLIS,Tipo 7,sc 60 kg,"680,00",680.0,Café Conillon,10
2022-07-19,Café Conillon,EUNAPOLIS,Tipo 7/8,sc 60 kg,"675,00",675.0,Café Conillon,10
2022-07-20,Café Conillon,EUNAPOLIS,Tipo 7,sc 60 kg,"690,00",690.0,Café Conillon,10
2022-07-20,Café Conillon,EUNAPOLIS,Tipo 7/8,sc 60 kg,"685,00",685.0,Café Conillon,10
2022-07-21,Café Conillon,EUNAPOLIS,Tipo 7,sc 60 kg,"690,00",690.0,Café Conillon,10
2022-07-21,Café Conillon,EUNAPOLIS,Tipo 7/8,sc 60 kg,"685,00",685.0,Café Conillon,10
2022-07-22,Café Conillon,EUNAPOLIS,Tipo 7,sc 60 kg,"690,00",690.0,Café Conillon,10
2022-07-22,Café Conillon,EUNAPOLIS,Tipo 7/8,sc 60 kg,"685,00",685.0,Café Conillon,10
2022-07-25,Café Conillon,EUNAPOLIS,Tipo 7,sc 60 kg,"690,00",690.0,Café Conillon,10
2022-07-25,Café Conillon,EUNAPOLIS,Tipo 7/8,sc 60 kg,"685,00",685.0,Café Conillon,10
2022-07-26,Café Conillon,EUNAPOLIS,Tipo 7,sc 60 kg,"690,00",690.0,Café Conillon,10
2022-07-26,Café Conillon,EUNAPOLIS,Tipo 7/8,sc 60 kg,"685,00",685.0,Café Conillon,10
2022-07-27,Café Conillon,EUNAPOLIS,Tipo 7,sc 60 kg,"690,00",690.0,Café Conillon,10
2022-07-27,Café Conillon,EUNAPOLIS,Tipo 7/8,sc 60 kg,"685,00",685.0,Café Conillon,10
2022-07-28,Café Conillon,EUNAPOLIS,Tipo 7,sc 60 kg,"690,00",690.0,Café Conillon,10
2022-07-28,Café Conillon,EUNAPOLIS,Tipo 7/8,sc 60 kg,"685,00",685.0,Café Conillon,10
2022-07-29,Café Conillon,EUNAPOLIS,Tipo 7,sc 60 kg,"690,00",690.0,Café Conillon,10
2022-07-29,Café Conillon,EUNAPOLIS,Tipo 7/8,sc 60 kg,"685,00",685.0,Café Conillon,10
2022-08-01,Café Conillon,EUNAPOLIS,Tipo 7,sc 60 kg,"710,00",710.0,Café Conillon,10
2022-08-01,Café Conillon,EUNAPOLIS,Tipo 7/8,sc 60 kg,"705,00",705.0,Café Conillon,10
2022-08-02,Café Conillon,EUNAPOLIS,Tipo 7,sc 60 kg,"710,00",710.0,Café Conillon,10
2022-08-02,Café Conillon,EUNAPOLIS,Tipo 7/8,sc 60 kg,"705,00",705.0,Café Conillon,10
2022-08-03,Café Conillon,EUNAPOLIS,Tipo 7,sc 60 kg,"710,00",710.0,Café Conillon,10
2022-08-03,Café Conillon,EUNAPOLIS,Tipo 7/8,sc 60 kg,"705,00",705.0,Café Conillon,10
2022-08-04,Café Conillon,EUNAPOLIS,Tipo 7,sc 60 kg,"710,00",710.0,Café Conillon,10
2022-08-04,Café Conillon,EUNAPOLIS,Tipo 7/8,sc 60 kg,"705,00",705.0,Café Conillon,10
2022-08-05,Café Conillon,EUNAPOLIS,Tipo 7,sc 60 kg,"710,00",710.0,Café Conillon,10
2022-08-05,Café Conillon,EUNAPOLIS,Tipo 7/8,sc 60 kg,"705,00",705.0,Café Conillon,10
2022-08-08,Café Conillon,EUNAPOLIS,Tipo 7,sc 60 kg,"700,00",700.0,Café Conillon,10
2022-08-08,Café Conillon,EUNAPOLIS,Tipo 7/8,sc 60 kg,"695,00",695.0,Café Conillon,10
2022-08-09,Café Conillon,EUNAPOLIS,Tipo 7,sc 60 kg,"700,00",700.0,Café Conillon,10
2022-08-09,Café Conillon,EUNAPOLIS,Tipo 7/8,sc 60 kg,"695,00",695.0,Café Conillon,10
2022-08-10,Café Conillon,EUNAPOLIS,Tipo 7,sc 60 kg,"700,00",700.0,Café Conillon,10
2022-08-10,Café Conillon,EUNAPOLIS,Tipo 7/8,sc 60 kg,"695,00",695.0,Café Conillon,10
2022-08-11,Café Conillon,EUNAPOLIS,Tipo 7,sc 60 kg,"700,00",700.0,Café Conillon,10
2022-08-11,Café Conillon,EUNAPOLIS,Tipo 7/8,sc 60 kg,"695,00",695.0,Café Conillon,10
2022-08-12,Café Conillon,EUNAPOLIS,Tipo 7,sc 60 kg,"700,00",700.0,Café Conillon,10
2022-08-12,Café Conillon,EUNAPOLIS,Tipo 7/8,sc 60 kg,"695,00",695.0,Café Conillon,10
2022-08-15,Café Conillon,EUNAPOLIS,Tipo 7,sc 60 kg,"705,00",705.0,Café Conillon,10
2022-08-15,Café Conillon,EUNAPOLIS,Tipo 7/8,sc 60 kg,"700,00",700.0,Café Conillon,10
2022-08-16,Café Conillon,EUNAPOLIS,Tipo 7,sc 60 kg,"705,00",705.0,Café Conillon,10
2022-08-16,Café Conillon,EUNAPOLIS,Tipo 7/8,sc 60 kg,"700,00",700.0,Café Conillon,10
2022-08-17,Café Conillon,EUNAPOLIS,Tipo 7,sc 60 kg,"705,00",705.0,Café Conillon,10
2022-08-17,Café Conillon,EUNAPOLIS,Tipo 7/8,sc 60 kg,"700,00",700.0,Café Conillon,10
2022-08-18,Café Conillon,EUNAPOLIS,Tipo 7,sc 60 kg,"710,00",710.0,Café Conillon,10
2022-08-18,Café Conillon,EUNAPOLIS,Tipo 7/8,sc 60 kg,"705,00",705.0,Café Conillon,10
2022-08-19,Café Conillon,EUNAPOLIS,Tipo 7,sc 60 kg,"710,00",710.0,Café Conillon,10
2022-08-19,Café Conillon,EUNAPOLIS,Tipo 7/8,sc 60 kg,"705,00",705.0,Café Conillon,10
2022-08-22,Café Conillon,EUNAPOLIS,Tipo 7,sc 60 kg,"710,00",710.0,Café Conillon,10
2022-08-22,Café Conillon,EUNAPOLIS,Tipo 7/8,sc 60 kg,"705,00",705.0,Café Conillon,10
2022-08-23,Café Conillon,EUNAPOLIS,Tipo 7,sc 60 kg,"710,00",710.0,Café Conillon,10
2022-08-23,Café Conillon,EUNAPOLIS,Tipo 7/8,sc 60 kg,"705,00",705.0,Café Conillon,10
2022-08-24,Café Conillon,EUNAPOLIS,Tipo 7,sc 60 kg,"710,00",710.0,Café Conillon,10
2022-08-24,Café Conillon,EUNAPOLIS,Tipo 7/8,sc 60 kg,"705,00",705.0,Café Conillon,10
2022-08-25,Café Conillon,EUNAPOLIS,Tipo 7,sc 60 kg,"720,00",720.0,Café Conillon,10
2022-08-25,Café Conillon,EUNAPOLIS,Tipo 7/8,sc 60 kg,"715,00",715.0,Café Conillon,10
2022-08-26,Café Conillon,EUNAPOLIS,Tipo 7,sc 60 kg,"720,00",720.0,Café Conillon,10
2022-08-26,Café Conillon,EUNAPOLIS,Tipo 7/8,sc 60 kg,"715,00",715.0,Café Conillon,10
2022-08-29,Café Conillon,EUNAPOLIS,Tipo 7,sc 60 kg,"720,00",720.0,Café Conillon,10
2022-08-29,Café Conillon,EUNAPOLIS,Tipo 7/8,sc 60 kg,"715,00",715.0,Café Conillon,10
2022-08-30,Café Conillon,EUNAPOLIS,Tipo 7,sc 60 kg,"720,00",720.0,Café Conillon,10
2022-08-30,Café Conillon,EUNAPOLIS,Tipo 7/8,sc 60 kg,"715,00",715.0,Café Conillon,10
2022-08-31,Café Conillon,EUNAPOLIS,Tipo 7,sc 60 kg,"720,00",720.0,Café Conillon,10
2022-08-31,Café Conillon,EUNAPOLIS,Tipo 7/8,sc 60 kg,"715,00",715.0,Café Conillon,10
2022-09-01,Café Conillon,EUNAPOLIS,Tipo 7,sc 60 kg,"720,00",720.0,Café Conillon,10
2022-09-01,Café Conillon,EUNAPOLIS,Tipo 7/8,sc 60 kg,"715,00",715.0,Café Conillon,10
2022-09-02,Café Conillon,EUNAPOLIS,Tipo 7,sc 60 kg,"720,00",720.0,Café Conillon,10
2022-09-02,Café Conillon,EUNAPOLIS,Tipo 7/8,sc 60 kg,"715,00",715.0,Café Conillon,10
2022-09-05,Café Conillon,EUNAPOLIS,Tipo 7,sc 60 kg,"720,00",720.0,Café Conillon,10
2022-09-05,Café Conillon,EUNAPOLIS,Tipo 7/8,sc 60 kg,"715,00",715.0,Café Conillon,10
2022-09-06,Café Conillon,EUNAPOLIS,Tipo 7,sc 60 kg,"720,00",720.0,Café Conillon,10
2022-09-06,Café Conillon,EUNAPOLIS,Tipo 7/8,sc 60 kg,"715,00",715.0,Café Conillon,10
2022-09-08,Café Conillon,EUNAPOLIS,Tipo 7,sc 60 kg,"720,00",720.0,Café Conillon,10
2022-09-08,Café Conillon,EUNAPOLIS,Tipo 7/8,sc 60 kg,"715,00",715.0,Café Conillon,10
2022-09-09,Café Conillon,EUNAPOLIS,Tipo 7,sc 60 kg,"720,00",720.0,Café Conillon,10
2022-09-09,Café Conillon,EUNAPOLIS,Tipo 7/8,sc 60 kg,"715,00",715.0,Café Conillon,10
2022-09-12,Café Conillon,EUNAPOLIS,Tipo 7,sc 60 kg,"720,00",720.0,Café Conillon,10
2022-09-12,Café Conillon,EUNAPOLIS,Tipo 7/8,sc 60 kg,"715,00",715.0,Café Conillon,10
2022-09-13,Café Conillon,EUNAPOLIS,Tipo 7,sc 60 kg,"720,00",720.0,Café Conillon,10
2022-09-13,Café Conillon,EUNAPOLIS,Tipo 7/8,sc 60 kg,"715,00",715.0,Café Conillon,10
2022-09-14,Café Conillon,EUNAPOLIS,Tipo 7,sc 60 kg,"720,00",720.0,Café Conillon,10
2022-09-14,Café Conillon,EUNAPOLIS,Tipo 7/8,sc 60 kg,"715,00",715.0,Café Conillon,10
2022-09-16,Café Conillon,EUNAPOLIS,Tipo 7,sc 60 kg,"720,00",720.0,Café Conillon,10
2022-09-16,Café Conillon,EUNAPOLIS,Tipo 7/8,sc 60 kg,"715,00",715.0,Café Conillon,10
2022-09-19,Café Conillon,EUNAPOLIS,Tipo 7,sc 60 kg,"720,00",720.0,Café Conillon,10
2022-09-19,Café Conillon,EUNAPOLIS,Tipo 7/8,sc 60 kg,"715,00",715.0,Café Conillon,10
2022-09-20,Café Conillon,EUNAPOLIS,Tipo 7,sc 60 kg,"720,00",720.0,Café Conillon,10
2022-09-20,Café Conillon,EUNAPOLIS,Tipo 7/8,sc 60 kg,"715,00",715.0,Café Conillon,10
2022-09-21,Café Conillon,EUNAPOLIS,Tipo 7,sc 60 kg,"720,00",720.0,Café Conillon,10
2022-09-21,Café Conillon,EUNAPOLIS,Tipo 7/8,sc 60 kg,"715,00",715.0,Café Conillon,10
2022-09-22,Café Conillon,EUNAPOLIS,Tipo 7,sc 60 kg,"715,00",715.0,Café Conillon,10
2022-09-22,Café Conillon,EUNAPOLIS,Tipo 7/8,sc 60 kg,"710,00",710.0,Café Conillon,10
2022-09-23,Café Conillon,EUNAPOLIS,Tipo 7,sc 60 kg,"715,00",715.0,Café Conillon,10
2022-09-23,Café Conillon,EUNAPOLIS,Tipo 7/8,sc 60 kg,"710,00",710.0,Café Conillon,10
2022-09-28,Café Conillon,EUNAPOLIS,Tipo 7,sc 60 kg,"715,00",715.0,Café Conillon,10
2022-09-28,Café Conillon,EUNAPOLIS,Tipo 7/8,sc 60 kg,"710,00",710.0,Café Conillon,10
2022-09-29,Café Conillon,EUNAPOLIS,Tipo 7,sc 60 kg,"715,00",715.0,Café Conillon,10
2022-09-29,Café Conillon,EUNAPOLIS,Tipo 7/8,sc 60 kg,"710,00",710.0,Café Conillon,10
2022-09-30,Café Conillon,EUNAPOLIS,Tipo 7,sc 60 kg,"715,00",715.0,Café Conillon,10
2022-09-30,Café Conillon,EUNAPOLIS,Tipo 7/8,sc 60 kg,"710,00",710.0,Café Conillon,10
2022-10-03,Café Conillon,EUNAPOLIS,Tipo 7,sc 60 kg,"715,00",715.0,Café Conillon,10
2022-10-03,Café Conillon,EUNAPOLIS,Tipo 7/8,sc 60 kg,"710,00",710.0,Café Conillon,10
2022-10-04,Café Conillon,EUNAPOLIS,Tipo 7,sc 60 kg,"700,00",700.0,Café Conillon,10
2022-10-04,Café Conillon,EUNAPOLIS,Tipo 7/8,sc 60 kg,"695,00",695.0,Café Conillon,10
2022-10-05,Café Conillon,EUNAPOLIS,Tipo 7,sc 60 kg,"695,00",695.0,Café Conillon,10
2022-10-05,Café Conillon,EUNAPOLIS,Tipo 7/8,sc 60 kg,"690,00",690.0,Café Conillon,10
2022-10-06,Café Conillon,EUNAPOLIS,Tipo 7,sc 60 kg,"695,00",695.0,Café Conillon,10
2022-10-06,Café Conillon,EUNAPOLIS,Tipo 7/8,sc 60 kg,"690,00",690.0,Café Conillon,10
2022-10-07,Café Conillon,EUNAPOLIS,Tipo 7,sc 60 kg,"680,00",680.0,Café Conillon,10
2022-10-07,Café Conillon,EUNAPOLIS,Tipo 7/8,sc 60 kg,"675,00",675.0,Café Conillon,10
2022-10-10,Café Conillon,EUNAPOLIS,Tipo 7,sc 60 kg,"670,00",670.0,Café Conillon,10
2022-10-10,Café Conillon,EUNAPOLIS,Tipo 7/8,sc 60 kg,"665,00",665.0,Café Conillon,10
2022-10-11,Café Conillon,EUNAPOLIS,Tipo 7,sc 60 kg,"670,00",670.0,Café Conillon,10
2022-10-11,Café Conillon,EUNAPOLIS,Tipo 7/8,sc 60 kg,"665,00",665.0,Café Conillon,10
2022-10-13,Café Conillon,EUNAPOLIS,Tipo 7,sc 60 kg,"665,00",665.0,Café Conillon,10
2022-10-13,Café Conillon,EUNAPOLIS,Tipo 7/8,sc 60 kg,"660,00",660.0,Café Conillon,10
2022-10-14,Café Conillon,EUNAPOLIS,Tipo 7,sc 60 kg,"640,00",640.0,Café Conillon,10
2022-10-14,Café Conillon,EUNAPOLIS,Tipo 7/8,sc 60 kg,"635,00",635.0,Café Conillon,10
2022-10-17,Café Conillon,EUNAPOLIS,Tipo 7,sc 60 kg,"635,00",635.0,Café Conillon,10
2022-10-17,Café Conillon,EUNAPOLIS,Tipo 7/8,sc 60 kg,"630,00",630.0,Café Conillon,10
2022-10-18,Café Conillon,EUNAPOLIS,Tipo 7,sc 60 kg,"630,00",630.0,Café Conillon,10
2022-10-18,Café Conillon,EUNAPOLIS,Tipo 7/8,sc 60 kg,"625,00",625.0,Café Conillon,10
2022-10-19,Café Conillon,EUNAPOLIS,Tipo 7,sc 60 kg,"630,00",630.0,Café Conillon,10
2022-10-19,Café Conillon,EUNAPOLIS,Tipo 7/8,sc 60 kg,"625,00",625.0,Café Conillon,10
2022-10-20,Café Conillon,EUNAPOLIS,Tipo 7,sc 60 kg,"605,00",605.0,Café Conillon,10
2022-10-20,Café Conillon,EUNAPOLIS,Tipo 7/8,sc 60 kg,"600,00",600.0,Café Conillon,10
2022-10-21,Café Conillon,EUNAPOLIS,Tipo 7,sc 60 kg,"595,00",595.0,Café Conillon,10
2022-10-21,Café Conillon,EUNAPOLIS,Tipo 7/8,sc 60 kg,"590,00",590.0,Café Conillon,10
2022-10-24,Café Conillon,EUNAPOLIS,Tipo 7,sc 60 kg,"595,00",595.0,Café Conillon,10
2022-10-24,Café Conillon,EUNAPOLIS,Tipo 7/8,sc 60 kg,"590,00",590.0,Café Conillon,10
2022-10-25,Café Conillon,EUNAPOLIS,Tipo 7,sc 60 kg,"580,00",580.0,Café Conillon,10
2022-10-25,Café Conillon,EUNAPOLIS,Tipo 7/8,sc 60 kg,"575,00",575.0,Café Conillon,10
2022-10-26,Café Conillon,EUNAPOLIS,Tipo 7,sc 60 kg,"580,00",580.0,Café Conillon,10
2022-10-26,Café Conillon,EUNAPOLIS,Tipo 7/8,sc 60 kg,"575,00",575.0,Café Conillon,10
2022-10-27,Café Conillon,EUNAPOLIS,Tipo 7,sc 60 kg,"570,00",570.0,Café Conillon,10
2022-10-27,Café Conillon,EUNAPOLIS,Tipo 7/8,sc 60 kg,"565,00",565.0,Café Conillon,10
2022-10-28,Café Conillon,EUNAPOLIS,Tipo 7,sc 60 kg,"570,00",570.0,Café Conillon,10
2022-10-28,Café Conillon,EUNAPOLIS,Tipo 7/8,sc 60 kg,"565,00",565.0,Café Conillon,10
2022-10-31,Café Conillon,EUNAPOLIS,Tipo 7,sc 60 kg,"570,00",570.0,Café Conillon,10
2022-10-31,Café Conillon,EUNAPOLIS,Tipo 7/8,sc 60 kg,"565,00",565.0,Café Conillon,10
2022-11-01,Café Conillon,EUNAPOLIS,Tipo 7,sc 60 kg,"570,00",570.0,Café Conillon,10
2022-11-01,Café Conillon,EUNAPOLIS,Tipo 7/8,sc 60 kg,"565,00",565.0,Café Conillon,10
2022-11-03,Café Conillon,EUNAPOLIS,Tipo 7,sc 60 kg,"570,00",570.0,Café Conillon,10
2022-11-03,Café Conillon,EUNAPOLIS,Tipo 7/8,sc 60 kg,"565,00",565.0,Café Conillon,10
2022-11-04,Café Conillon,EUNAPOLIS,Tipo 7,sc 60 kg,"570,00",570.0,Café Conillon,10
2022-11-04,Café Conillon,EUNAPOLIS,Tipo 7/8,sc 60 kg,"565,00",565.0,Café Conillon,10
2022-11-07,Café Conillon,EUNAPOLIS,Tipo 7,sc 60 kg,"540,00",540.0,Café Conillon,10
2022-11-07,Café Conillon,EUNAPOLIS,Tipo 7/8,sc 60 kg,"535,00",535.0,Café Conillon,10
2022-11-08,Café Conillon,EUNAPOLIS,Tipo 7,sc 60 kg,"530,00",530.0,Café Conillon,10
2022-11-08,Café Conillon,EUNAPOLIS,Tipo 7/8,sc 60 kg,"525,00",525.0,Café Conillon,10
2022-11-09,Café Conillon,EUNAPOLIS,Tipo 7,sc 60 kg,"530,00",530.0,Café Conillon,10
2022-11-09,Café Conillon,EUNAPOLIS,Tipo 7/8,sc 60 kg,"525,00",525.0,Café Conillon,10
2022-11-10,Café Conillon,EUNAPOLIS,Tipo 7,sc 60 kg,"530,00",530.0,Café Conillon,10
2022-11-10,Café Conillon,EUNAPOLIS,Tipo 7/8,sc 60 kg,"525,00",525.0,Café Conillon,10
2022-11-16,Café Conillon,EUNAPOLIS,Tipo 7,sc 60 kg,"530,00",530.0,Café Conillon,10
2022-11-16,Café Conillon,EUNAPOLIS,Tipo 7/8,sc 60 kg,"525,00",525.0,Café Conillon,10
2022-11-17,Café Conillon,EUNAPOLIS,Tipo 7,sc 60 kg,"530,00",530.0,Café Conillon,10
2022-11-17,Café Conillon,EUNAPOLIS,Tipo 7/8,sc 60 kg,"525,00",525.0,Café Conillon,10
2022-11-18,Café Conillon,EUNAPOLIS,Tipo 7,sc 60 kg,"530,00",530.0,Café Conillon,10
2022-11-18,Café Conillon,EUNAPOLIS,Tipo 7/8,sc 60 kg,"525,00",525.0,Café Conillon,10
2022-11-21,Café Conillon,EUNAPOLIS,Tipo 7,sc 60 kg,"530,00",530.0,Café Conillon,10
2022-11-21,Café Conillon,EUNAPOLIS,Tipo 7/8,sc 60 kg,"525,00",525.0,Café Conillon,10
2022-11-22,Café Conillon,EUNAPOLIS,Tipo 7,sc 60 kg,"535,00",535.0,Café Conillon,10
2022-11-22,Café Conillon,EUNAPOLIS,Tipo 7/8,sc 60 kg,"530,00",530.0,Café Conillon,10
2022-11-23,Café Conillon,EUNAPOLIS,Tipo 7,sc 60 kg,"535,00",535.0,Café Conillon,10
2022-11-23,Café Conillon,EUNAPOLIS,Tipo 7/8,sc 60 kg,"530,00",530.0,Café Conillon,10
2022-11-24,Café Conillon,EUNAPOLIS,Tipo 7,sc 60 kg,"535,00",535.0,Café Conillon,10
2022-11-24,Café Conillon,EUNAPOLIS,Tipo 7/8,sc 60 kg,"530,00",530.0,Café Conillon,10
2022-11-25,Café Conillon,EUNAPOLIS,Tipo 7,sc 60 kg,"535,00",535.0,Café Conillon,10
2022-11-25,Café Conillon,EUNAPOLIS,Tipo 7/8,sc 60 kg,"530,00",530.0,Café Conillon,10
2022-11-28,Café Conillon,EUNAPOLIS,Tipo 7,sc 60 kg,"550,00",550.0,Café Conillon,10
2022-11-28,Café Conillon,EUNAPOLIS,Tipo 7/8,sc 60 kg,"545,00",545.0,Café Conillon,10
2022-11-29,Café Conillon,EUNAPOLIS,Tipo 7,sc 60 kg,"550,00",550.0,Café Conillon,10
2022-11-29,Café Conillon,EUNAPOLIS,Tipo 7/8,sc 60 kg,"545,00",545.0,Café Conillon,10
2022-11-30,Café Conillon,EUNAPOLIS,Tipo 7,sc 60 kg,"550,00",550.0,Café Conillon,10
2022-11-30,Café Conillon,EUNAPOLIS,Tipo 7/8,sc 60 kg,"545,00",545.0,Café Conillon,10
2022-12-01,Café Conillon,EUNAPOLIS,Tipo 7,sc 60 kg,"600,00",600.0,Café Conillon,10
2022-12-01,Café Conillon,EUNAPOLIS,Tipo 7/8,sc 60 kg,"550,00",550.0,Café Conillon,10
2022-12-02,Café Conillon,EUNAPOLIS,Tipo 7,sc 60 kg,"600,00",600.0,Café Conillon,10
2022-12-02,Café Conillon,EUNAPOLIS,Tipo 7/8,sc 60 kg,"550,00",550.0,Café Conillon,10
2022-12-03,Café Conillon,EUNAPOLIS,Tipo 7,sc 60 kg,"600,00",600.0,Café Conillon,10
2022-12-03,Café Conillon,EUNAPOLIS,Tipo 7/8,sc 60 kg,"550,00",550.0,Café Conillon,10
2022-12-05,Café Conillon,EUNAPOLIS,Tipo 7,sc 60 kg,"600,00",600.0,Café Conillon,10
2022-12-05,Café Conillon,EUNAPOLIS,Tipo 7/8,sc 60 kg,"550,00",550.0,Café Conillon,10
2022-12-06,Café Conillon,EUNAPOLIS,Tipo 7,sc 60 kg,"605,00",605.0,Café Conillon,10
2022-12-06,Café Conillon,EUNAPOLIS,Tipo 7/8,sc 60 kg,"600,00",600.0,Café Conillon,10
2022-12-07,Café Conillon,EUNAPOLIS,Tipo 7,sc 60 kg,"620,00",620.0,Café Conillon,10
2022-12-07,Café Conillon,EUNAPOLIS,Tipo 7/8,sc 60 kg,"615,00",615.0,Café Conillon,10
2022-12-12,Café Conillon,EUNAPOLIS,Tipo 7,sc 60 kg,"620,00",620.0,Café Conillon,10
2022-12-12,Café Conillon,EUNAPOLIS,Tipo 7/8,sc 60 kg,"615,00",615.0,Café Conillon,10
2022-12-13,Café Conillon,EUNAPOLIS,Tipo 7,sc 60 kg,"620,00",620.0,Café Conillon,10
2022-12-13,Café Conillon,EUNAPOLIS,Tipo 7/8,sc 60 kg,"615,00",615.0,Café Conillon,10
2022-12-14,Café Conillon,EUNAPOLIS,Tipo 7,sc 60 kg,"620,00",620.0,Café Conillon,10
2022-12-14,Café Conillon,EUNAPOLIS,Tipo 7/8,sc 60 kg,"615,00",615.0,Café Conillon,10
2022-12-15,Café Conillon,EUNAPOLIS,Tipo 7,sc 60 kg,"620,00",620.0,Café Conillon,10
2022-12-15,Café Conillon,EUNAPOLIS,Tipo 7/8,sc 60 kg,"615,00",615.0,Café Conillon,10
2022-12-16,Café Conillon,EUNAPOLIS,Tipo 7,sc 60 kg,"680,00",680.0,Café Conillon,10
2022-12-16,Café Conillon,EUNAPOLIS,Tipo 7/8,sc 60 kg,"675,00",675.0,Café Conillon,10
2022-12-19,Café Conillon,EUNAPOLIS,Tipo 7,sc 60 kg,"680,00",680.0,Café Conillon,10
2022-12-19,Café Conillon,EUNAPOLIS,Tipo 7/8,sc 60 kg,"675,00",675.0,Café Conillon,10
2022-12-20,Café Conillon,EUNAPOLIS,Tipo 7,sc 60 kg,"680,00",680.0,Café Conillon,10
2022-12-20,Café Conillon,EUNAPOLIS,Tipo 7/8,sc 60 kg,"675,00",675.0,Café Conillon,10
2022-12-21,Café Conillon,EUNAPOLIS,Tipo 7,sc 60 kg,"680,00",680.0,Café Conillon,10
2022-12-21,Café Conillon,EUNAPOLIS,Tipo 7/8,sc 60 kg,"675,00",675.0,Café Conillon,10
2022-12-22,Café Conillon,EUNAPOLIS,Tipo 7,sc 60 kg,"680,00",680.0,Café Conillon,10
2022-12-22,Café Conillon,EUNAPOLIS,Tipo 7/8,sc 60 kg,"675,00",675.0,Café Conillon,10
2022-12-23,Café Conillon,EUNAPOLIS,Tipo 7,sc 60 kg,"680,00",680.0,Café Conillon,10
2022-12-23,Café Conillon,EUNAPOLIS,Tipo 7/8,sc 60 kg,"675,00",675.0,Café Conillon,10
2022-12-26,Café Conillon,EUNAPOLIS,Tipo 7,sc 60 kg,"680,00",680.0,Café Conillon,10
2022-12-26,Café Conillon,EUNAPOLIS,Tipo 7/8,sc 60 kg,"675,00",675.0,Café Conillon,10
2022-12-27,Café Conillon,EUNAPOLIS,Tipo 7,sc 60 kg,"680,00",680.0,Café Conillon,10
2022-12-27,Café Conillon,EUNAPOLIS,Tipo 7/8,sc 60 kg,"675,00",675.0,Café Conillon,10
2022-12-28,Café Conillon,EUNAPOLIS,Tipo 7,sc 60 kg,"680,00",680.0,Café Conillon,10
2022-12-28,Café Conillon,EUNAPOLIS,Tipo 7/8,sc 60 kg,"675,00",675.0,Café Conillon,10
2022-12-29,Café Conillon,EUNAPOLIS,Tipo 7,sc 60 kg,"680,00",680.0,Café Conillon,10
2022-12-29,Café Conillon,EUNAPOLIS,Tipo 7/8,sc 60 kg,"675,00",675.0,Café Conillon,10
2022-12-30,Café Conillon,EUNAPOLIS,Tipo 7,sc 60 kg,"680,00",680.0,Café Conillon,10
2022-12-30,Café Conillon,EUNAPOLIS,Tipo 7/8,sc 60 kg,"675,00",675.0,Café Conillon,10
2023-01-02,Café Conillon,EUNAPOLIS,Tipo 7,sc 60 kg,"675,00",675.0,Café Conillon,10
2023-01-02,Café Conillon,EUNAPOLIS,Tipo 7/8,sc 60 kg,"670,00",670.0,Café Conillon,10
2023-01-03,Café Conillon,EUNAPOLIS,Tipo 7,sc 60 kg,"675,00",675.0,Café Conillon,10
2023-01-03,Café Conillon,EUNAPOLIS,Tipo 7/8,sc 60 kg,"670,00",670.0,Café Conillon,10
2023-01-04,Café Conillon,EUNAPOLIS,Tipo 7,sc 60 kg,"675,00",675.0,Café Conillon,10
2023-01-04,Café Conillon,EUNAPOLIS,Tipo 7/8,sc 60 kg,"670,00",670.0,Café Conillon,10
2023-01-05,Café Conillon,EUNAPOLIS,Tipo 7,sc 60 kg,"675,00",675.0,Café Conillon,10
2023-01-05,Café Conillon,EUNAPOLIS,Tipo 7/8,sc 60 kg,"670,00",670.0,Café Conillon,10
2023-01-06,Café Conillon,EUNAPOLIS,Tipo 7,sc 60 kg,"675,00",675.0,Café Conillon,10
2023-01-06,Café Conillon,EUNAPOLIS,Tipo 7/8,sc 60 kg,"670,00",670.0,Café Conillon,10
2023-01-09,Café Conillon,EUNAPOLIS,Tipo 7,sc 60 kg,"675,00",675.0,Café Conillon,10
2023-01-09,Café Conillon,EUNAPOLIS,Tipo 7/8,sc 60 kg,"670,00",670.0,Café Conillon,10
2023-01-10,Café Conillon,EUNAPOLIS,Tipo 7,sc 60 kg,"675,00",675.0,Café Conillon,10
2023-01-10,Café Conillon,EUNAPOLIS,Tipo 7/8,sc 60 kg,"670,00",670.0,Café Conillon,10
2023-01-11,Café Conillon,EUNAPOLIS,Tipo 7,sc 60 kg,"675,00",675.0,Café Conillon,10
2023-01-11,Café Conillon,EUNAPOLIS,Tipo 7/8,sc 60 kg,"670,00",670.0,Café Conillon,10
2023-01-12,Café Conillon,EUNAPOLIS,Tipo 7,sc 60 kg,"675,00",675.0,Café Conillon,10
2023-01-12,Café Conillon,EUNAPOLIS,Tipo 7/8,sc 60 kg,"670,00",670.0,Café Conillon,10
2023-01-13,Café Conillon,EUNAPOLIS,Tipo 7,sc 60 kg,"635,00",635.0,Café Conillon,10
2023-01-13,Café Conillon,EUNAPOLIS,Tipo 7/8,sc 60 kg,"630,00",630.0,Café Conillon,10
2023-01-16,Café Conillon,EUNAPOLIS,Tipo 7,sc 60 kg,"635,00",635.0,Café Conillon,10
2023-01-16,Café Conillon,EUNAPOLIS,Tipo 7/8,sc 60 kg,"630,00",630.0,Café Conillon,10
2023-01-17,Café Conillon,EUNAPOLIS,Tipo 7,sc 60 kg,"635,00",635.0,Café Conillon,10
2023-01-17,Café Conillon,EUNAPOLIS,Tipo 7/8,sc 60 kg,"630,00",630.0,Café Conillon,10
2023-01-18,Café Conillon,EUNAPOLIS,Tipo 7,sc 60 kg,"635,00",635.0,Café Conillon,10
2023-01-18,Café Conillon,EUNAPOLIS,Tipo 7/8,sc 60 kg,"630,00",630.0,Café Conillon,10
2023-01-19,Café Conillon,EUNAPOLIS,Tipo 7,sc 60 kg,"635,00",635.0,Café Conillon,10
2023-01-19,Café Conillon,EUNAPOLIS,Tipo 7/8,sc 60 kg,"630,00",630.0,Café Conillon,10
2023-01-20,Café Conillon,EUNAPOLIS,Tipo 7,sc 60 kg,"635,00",635.0,Café Conillon,10
2023-01-20,Café Conillon,EUNAPOLIS,Tipo 7/8,sc 60 kg,"630,00",630.0,Café Conillon,10
2023-01-23,Café Conillon,EUNAPOLIS,Tipo 7,sc 60 kg,"640,00",640.0,Café Conillon,10
2023-01-23,Café Conillon,EUNAPOLIS,Tipo 7/8,sc 60 kg,"635,00",635.0,Café Conillon,10
2023-01-24,Café Conillon,EUNAPOLIS,Tipo 7,sc 60 kg,"640,00",640.0,Café Conillon,10
2023-01-24,Café Conillon,EUNAPOLIS,Tipo 7/8,sc 60 kg,"635,00",635.0,Café Conillon,10
2023-01-25,Café Conillon,EUNAPOLIS,Tipo 7,sc 60 kg,"640,00",640.0,Café Conillon,10
2023-01-25,Café Conillon,EUNAPOLIS,Tipo 7/8,sc 60 kg,"635,00",635.0,Café Conillon,10
2023-01-26,Café Conillon,EUNAPOLIS,Tipo 7,sc 60 kg,"640,00",640.0,Café Conillon,10
2023-01-26,Café Conillon,EUNAPOLIS,Tipo 7/8,sc 60 kg,"635,00",635.0,Café Conillon,10
2023-01-27,Café Conillon,EUNAPOLIS,Tipo 7,sc 60 kg,"650,00",650.0,Café Conillon,10
2023-01-27,Café Conillon,EUNAPOLIS,Tipo 7/8,sc 60 kg,"645,00",645.0,Café Conillon,10
2023-01-30,Café Conillon,EUNAPOLIS,Tipo 7,sc 60 kg,"650,00",650.0,Café Conillon,10
2023-01-30,Café Conillon,EUNAPOLIS,Tipo 7/8,sc 60 kg,"645,00",645.0,Café Conillon,10
2023-01-31,Café Conillon,EUNAPOLIS,Tipo 7,sc 60 kg,"650,00",650.0,Café Conillon,10
2023-01-31,Café Conillon,EUNAPOLIS,Tipo 7/8,sc 60 kg,"645,00",645.0,Café Conillon,10
2023-02-01,Café Conillon,EUNAPOLIS,Tipo 7,sc 60 kg,"660,00",660.0,Café Conillon,10
2023-02-01,Café Conillon,EUNAPOLIS,Tipo 7/8,sc 60 kg,"655,00",655.0,Café Conillon,10
2023-02-02,Café Conillon,EUNAPOLIS,Tipo 7,sc 60 kg,"660,00",660.0,Café Conillon,10
2023-02-02,Café Conillon,EUNAPOLIS,Tipo 7/8,sc 60 kg,"655,00",655.0,Café Conillon,10
2023-02-03,Café Conillon,EUNAPOLIS,Tipo 7,sc 60 kg,"660,00",660.0,Café Conillon,10
2023-02-03,Café Conillon,EUNAPOLIS,Tipo 7/8,sc 60 kg,"655,00",655.0,Café Conillon,10
2023-02-06,Café Conillon,EUNAPOLIS,Tipo 7,sc 60 kg,"660,00",660.0,Café Conillon,10
2023-02-06,Café Conillon,EUNAPOLIS,Tipo 7/8,sc 60 kg,"655,00",655.0,Café Conillon,10
2023-02-07,Café Conillon,EUNAPOLIS,Tipo 7,sc 60 kg,"660,00",660.0,Café Conillon,10
2023-02-07,Café Conillon,EUNAPOLIS,Tipo 7/8,sc 60 kg,"655,00",655.0,Café Conillon,10
2023-02-08,Café Conillon,EUNAPOLIS,Tipo 7,sc 60 kg,"660,00",660.0,Café Conillon,10
2023-02-08,Café Conillon,EUNAPOLIS,Tipo 7/8,sc 60 kg,"655,00",655.0,Café Conillon,10
2023-02-09,Café Conillon,EUNAPOLIS,Tipo 7,sc 60 kg,"665,00",665.0,Café Conillon,10
2023-02-09,Café Conillon,EUNAPOLIS,Tipo 7/8,sc 60 kg,"660,00",660.0,Café Conillon,10
2023-02-10,Café Conillon,EUNAPOLIS,Tipo 7,sc 60 kg,"665,00",665.0,Café Conillon,10
2023-02-10,Café Conillon,EUNAPOLIS,Tipo 7/8,sc 60 kg,"660,00",660.0,Café Conillon,10
2023-02-13,Café Conillon,EUNAPOLIS,Tipo 7,sc 60 kg,"665,00",665.0,Café Conillon,10
2023-02-13,Café Conillon,EUNAPOLIS,Tipo 7/8,sc 60 kg,"660,00",660.0,Café Conillon,10
2023-02-14,Café Conillon,EUNAPOLIS,Tipo 7,sc 60 kg,"665,00",665.0,Café Conillon,10
2023-02-14,Café Conillon,EUNAPOLIS,Tipo 7/8,sc 60 kg,"660,00",660.0,Café Conillon,10
2023-02-15,Café Conillon,EUNAPOLIS,Tipo 7,sc 60 kg,"665,00",665.0,Café Conillon,10
2023-02-15,Café Conillon,EUNAPOLIS,Tipo 7/8,sc 60 kg,"660,00",660.0,Café Conillon,10
2023-02-16,Café Conillon,EUNAPOLIS,Tipo 7,sc 60 kg,"665,00",665.0,Café Conillon,10
2023-02-16,Café Conillon,EUNAPOLIS,Tipo 7/8,sc 60 kg,"660,00",660.0,Café Conillon,10
2023-02-23,Café Conillon,EUNAPOLIS,Tipo 7,sc 60 kg,"665,00",665.0,Café Conillon,10
2023-02-23,Café Conillon,EUNAPOLIS,Tipo 7/8,sc 60 kg,"660,00",660.0,Café Conillon,10
2023-02-24,Café Conillon,EUNAPOLIS,Tipo 7,sc 60 kg,"665,00",665.0,Café Conillon,10
2023-02-24,Café Conillon,EUNAPOLIS,Tipo 7/8,sc 60 kg,"660,00",660.0,Café Conillon,10
2023-02-27,Café Conillon,EUNAPOLIS,Tipo 7,sc 60 kg,"665,00",665.0,Café Conillon,10
2023-02-27,Café Conillon,EUNAPOLIS,Tipo 7/8,sc 60 kg,"660,00",660.0,Café Conillon,10
2023-02-28,Café Conillon,EUNAPOLIS,Tipo 7,sc 60 kg,"665,00",665.0,Café Conillon,10
2023-02-28,Café Conillon,EUNAPOLIS,Tipo 7/8,sc 60 kg,"660,00",660.0,Café Conillon,10
2023-03-01,Café Conillon,EUNAPOLIS,Tipo 7,sc 60 kg,"665,00",665.0,Café Conillon,10
2023-03-01,Café Conillon,EUNAPOLIS,Tipo 7/8,sc 60 kg,"660,00",660.0,Café Conillon,10
2023-03-02,Café Conillon,EUNAPOLIS,Tipo 7,sc 60 kg,"665,00",665.0,Café Conillon,10
2023-03-02,Café Conillon,EUNAPOLIS,Tipo 7/8,sc 60 kg,"660,00",660.0,Café Conillon,10
2023-03-03,Café Conillon,EUNAPOLIS,Tipo 7,sc 60 kg,"665,00",665.0,Café Conillon,10
2023-03-03,Café Conillon,EUNAPOLIS,Tipo 7/8,sc 60 kg,"660,00",660.0,Café Conillon,10
2023-03-06,Café Conillon,EUNAPOLIS,Tipo 7,sc 60 kg,"665,00",665.0,Café Conillon,10
2023-03-06,Café Conillon,EUNAPOLIS,Tipo 7/8,sc 60 kg,"660,00",660.0,Café Conillon,10
2023-03-07,Café Conillon,EUNAPOLIS,Tipo 7,sc 60 kg,"665,00",665.0,Café Conillon,10
2023-03-07,Café Conillon,EUNAPOLIS,Tipo 7/8,sc 60 kg,"660,00",660.0,Café Conillon,10
2023-03-08,Café Conillon,EUNAPOLIS,Tipo 7,sc 60 kg,"665,00",665.0,Café Conillon,10
2023-03-08,Café Conillon,EUNAPOLIS,Tipo 7/8,sc 60 kg,"660,00",660.0,Café Conillon,10
2023-03-09,Café Conillon,EUNAPOLIS,Tipo 7,sc 60 kg,"665,00",665.0,Café Conillon,10
2023-03-09,Café Conillon,EUNAPOLIS,Tipo 7/8,sc 60 kg,"660,00",660.0,Café Conillon,10
2023-03-10,Café Conillon,EUNAPOLIS,Tipo 7,sc 60 kg,"665,00",665.0,Café Conillon,10
2023-03-10,Café Conillon,EUNAPOLIS,Tipo 7/8,sc 60 kg,"660,00",660.0,Café Conillon,10
2023-03-13,Café Conillon,EUNAPOLIS,Tipo 7,sc 60 kg,"665,00",665.0,Café Conillon,10
2023-03-13,Café Conillon,EUNAPOLIS,Tipo 7/8,sc 60 kg,"660,00",660.0,Café Conillon,10
2023-03-14,Café Conillon,EUNAPOLIS,Tipo 7,sc 60 kg,"605,00",605.0,Café Conillon,10
2023-03-14,Café Conillon,EUNAPOLIS,Tipo 7/8,sc 60 kg,"600,00",600.0,Café Conillon,10
2023-03-15,Café Conillon,EUNAPOLIS,Tipo 7,sc 60 kg,"605,00",605.0,Café Conillon,10
2023-03-15,Café Conillon,EUNAPOLIS,Tipo 7/8,sc 60 kg,"600,00",600.0,Café Conillon,10
2023-03-16,Café Conillon,EUNAPOLIS,Tipo 7,sc 60 kg,"605,00",605.0,Café Conillon,10
2023-03-16,Café Conillon,EUNAPOLIS,Tipo 7/8,sc 60 kg,"600,00",600.0,Café Conillon,10
2023-03-17,Café Conillon,EUNAPOLIS,Tipo 7,sc 60 kg,"605,00",605.0,Café Conillon,10
2023-03-17,Café Conillon,EUNAPOLIS,Tipo 7/8,sc 60 kg,"600,00",600.0,Café Conillon,10
2023-03-20,Café Conillon,EUNAPOLIS,Tipo 7,sc 60 kg,"605,00",605.0,Café Conillon,10
2023-03-20,Café Conillon,EUNAPOLIS,Tipo 7/8,sc 60 kg,"600,00",600.0,Café Conillon,10
2023-03-21,Café Conillon,EUNAPOLIS,Tipo 7,sc 60 kg,"605,00",605.0,Café Conillon,10
2023-03-21,Café Conillon,EUNAPOLIS,Tipo 7/8,sc 60 kg,"600,00",600.0,Café Conillon,10
2023-03-22,Café Conillon,EUNAPOLIS,Tipo 7,sc 60 kg,"590,00",590.0,Café Conillon,10
2023-03-22,Café Conillon,EUNAPOLIS,Tipo 7/8,sc 60 kg,"585,00",585.0,Café Conillon,10
2023-03-23,Café Conillon,EUNAPOLIS,Tipo 7,sc 60 kg,"590,00",590.0,Café Conillon,10
2023-03-23,Café Conillon,EUNAPOLIS,Tipo 7/8,sc 60 kg,"585,00",585.0,Café Conillon,10
2023-03-24,Café Conillon,EUNAPOLIS,Tipo 7,sc 60 kg,"595,00",595.0,Café Conillon,10
2023-03-24,Café Conillon,EUNAPOLIS,Tipo 7/8,sc 60 kg,"590,00",590.0,Café Conillon,10
2023-03-27,Café Conillon,EUNAPOLIS,Tipo 7,sc 60 kg,"595,00",595.0,Café Conillon,10
2023-03-27,Café Conillon,EUNAPOLIS,Tipo 7/8,sc 60 kg,"590,00",590.0,Café Conillon,10
2023-03-28,Café Conillon,EUNAPOLIS,Tipo 7,sc 60 kg,"595,00",595.0,Café Conillon,10
2023-03-28,Café Conillon,EUNAPOLIS,Tipo 7/8,sc 60 kg,"590,00",590.0,Café Conillon,10
2023-03-29,Café Conillon,EUNAPOLIS,Tipo 7,sc 60 kg,"620,00",620.0,Café Conillon,10
2023-03-29,Café Conillon,EUNAPOLIS,Tipo 7/8,sc 60 kg,"615,00",615.0,Café Conillon,10
2023-03-30,Café Conillon,EUNAPOLIS,Tipo 7,sc 60 kg,"620,00",620.0,Café Conillon,10
2023-03-30,Café Conillon,EUNAPOLIS,Tipo 7/8,sc 60 kg,"615,00",615.0,Café Conillon,10
2023-03-31,Café Conillon,EUNAPOLIS,Tipo 7,sc 60 kg,"620,00",620.0,Café Conillon,10
2023-03-31,Café Conillon,EUNAPOLIS,Tipo 7/8,sc 60 kg,"615,00",615.0,Café Conillon,10
2023-04-03,Café Conillon,EUNAPOLIS,Tipo 7,sc 60 kg,"620,00",620.0,Café Conillon,10
2023-04-03,Café Conillon,EUNAPOLIS,Tipo 7/8,sc 60 kg,"615,00",615.0,Café Conillon,10
2023-04-04,Café Conillon,EUNAPOLIS,Tipo 7,sc 60 kg,"620,00",620.0,Café Conillon,10
2023-04-04,Café Conillon,EUNAPOLIS,Tipo 7/8,sc 60 kg,"615,00",615.0,Café Conillon,10
2023-04-05,Café Conillon,EUNAPOLIS,Tipo 7,sc 60 kg,"620,00",620.0,Café Conillon,10
2023-04-05,Café Conillon,EUNAPOLIS,Tipo 7/8,sc 60 kg,"615,00",615.0,Café Conillon,10
2023-04-06,Café Conillon,EUNAPOLIS,Tipo 7,sc 60 kg,"620,00",620.0,Café Conillon,10
2023-04-06,Café Conillon,EUNAPOLIS,Tipo 7/8,sc 60 kg,"615,00",615.0,Café Conillon,10
2023-04-10,Café Conillon,EUNAPOLIS,Tipo 7,sc 60 kg,"620,00",620.0,Café Conillon,10
2023-04-10,Café Conillon,EUNAPOLIS,Tipo 7/8,sc 60 kg,"615,00",615.0,Café Conillon,10
2023-04-11,Café Conillon,EUNAPOLIS,Tipo 7,sc 60 kg,"620,00",620.0,Café Conillon,10
2023-04-11,Café Conillon,EUNAPOLIS,Tipo 7/8,sc 60 kg,"615,00",615.0,Café Conillon,10
2023-04-12,Café Conillon,EUNAPOLIS,Tipo 7,sc 60 kg,"620,00",620.0,Café Conillon,10
2023-04-12,Café Conillon,EUNAPOLIS,Tipo 7/8,sc 60 kg,"615,00",615.0,Café Conillon,10
2023-04-13,Café Conillon,EUNAPOLIS,Tipo 7,sc 60 kg,"620,00",620.0,Café Conillon,10
2023-04-13,Café Conillon,EUNAPOLIS,Tipo 7/8,sc 60 kg,"615,00",615.0,Café Conillon,10
2023-04-14,Café Conillon,EUNAPOLIS,Tipo 7,sc 60 kg,"620,00",620.0,Café Conillon,10
2023-04-14,Café Conillon,EUNAPOLIS,Tipo 7/8,sc 60 kg,"615,00",615.0,Café Conillon,10
2023-04-17,Café Conillon,EUNAPOLIS,Tipo 7,sc 60 kg,"620,00",620.0,Café Conillon,10
2023-04-17,Café Conillon,EUNAPOLIS,Tipo 7/8,sc 60 kg,"615,00",615.0,Café Conillon,10
2023-04-18,Café Conillon,EUNAPOLIS,Tipo 7,sc 60 kg,"640,00",640.0,Café Conillon,10
2023-04-18,Café Conillon,EUNAPOLIS,Tipo 7/8,sc 60 kg,"635,00",635.0,Café Conillon,10
2023-04-19,Café Conillon,EUNAPOLIS,Tipo 7,sc 60 kg,"640,00",640.0,Café Conillon,10
2023-04-19,Café Conillon,EUNAPOLIS,Tipo 7/8,sc 60 kg,"635,00",635.0,Café Conillon,10
2023-04-20,Café Conillon,EUNAPOLIS,Tipo 7,sc 60 kg,"640,00",640.0,Café Conillon,10
2023-04-20,Café Conillon,EUNAPOLIS,Tipo 7/8,sc 60 kg,"635,00",635.0,Café Conillon,10
2023-04-24,Café Conillon,EUNAPOLIS,Tipo 7,sc 60 kg,"640,00",640.0,Café Conillon,10
2023-04-24,Café Conillon,EUNAPOLIS,Tipo 7/8,sc 60 kg,"635,00",635.0,Café Conillon,10
2023-04-25,Café Conillon,EUNAPOLIS,Tipo 7,sc 60 kg,"645,00",645.0,Café Conillon,10
2023-04-25,Café Conillon,EUNAPOLIS,Tipo 7/8,sc 60 kg,"640,00",640.0,Café Conillon,10
2023-04-26,Café Conillon,EUNAPOLIS,Tipo 7,sc 60 kg,"645,00",645.0,Café Conillon,10
2023-04-26,Café Conillon,EUNAPOLIS,Tipo 7/8,sc 60 kg,"640,00",640.0,Café Conillon,10
2023-04-27,Café Conillon,EUNAPOLIS,Tipo 7,sc 60 kg,"645,00",645.0,Café Conillon,10
2023-04-27,Café Conillon,EUNAPOLIS,Tipo 7/8,sc 60 kg,"640,00",640.0,Café Conillon,10
2023-04-28,Café Conillon,EUNAPOLIS,Tipo 7,sc 60 kg,"645,00",645.0,Café Conillon,10
2023-04-28,Café Conillon,EUNAPOLIS,Tipo 7/8,sc 60 kg,"640,00",640.0,Café Conillon,10
2023-05-02,Café Conillon,EUNAPOLIS,Tipo 7,sc 60 kg,"645,00",645.0,Café Conillon,10
2023-05-02,Café Conillon,EUNAPOLIS,Tipo 7/8,sc 60 kg,"640,00",640.0,Café Conillon,10
2023-05-03,Café Conillon,EUNAPOLIS,Tipo 7,sc 60 kg,"645,00",645.0,Café Conillon,10
2023-05-03,Café Conillon,EUNAPOLIS,Tipo 7/8,sc 60 kg,"640,00",640.0,Café Conillon,10
2023-05-04,Café Conillon,EUNAPOLIS,Tipo 7,sc 60 kg,"645,00",645.0,Café Conillon,10
2023-05-04,Café Conillon,EUNAPOLIS,Tipo 7/8,sc 60 kg,"640,00",640.0,Café Conillon,10
2023-05-05,Café Conillon,EUNAPOLIS,Tipo 7,sc 60 kg,"645,00",645.0,Café Conillon,10
2023-05-05,Café Conillon,EUNAPOLIS,Tipo 7/8,sc 60 kg,"640,00",640.0,Café Conillon,10
2023-05-08,Café Conillon,EUNAPOLIS,Tipo 7,sc 60 kg,"645,00",645.0,Café Conillon,10
2023-05-08,Café Conillon,EUNAPOLIS,Tipo 7/8,sc 60 kg,"640,00",640.0,Café Conillon,10
2023-05-09,Café Conillon,EUNAPOLIS,Tipo 7,sc 60 kg,"645,00",645.0,Café Conillon,10
2023-05-09,Café Conillon,EUNAPOLIS,Tipo 7/8,sc 60 kg,"640,00",640.0,Café Conillon,10
2023-05-10,Café Conillon,EUNAPOLIS,Tipo 7,sc 60 kg,"645,00",645.0,Café Conillon,10
2023-05-10,Café Conillon,EUNAPOLIS,Tipo 7/8,sc 60 kg,"640,00",640.0,Café Conillon,10
2023-05-11,Café Conillon,EUNAPOLIS,Tipo 7,sc 60 kg,"645,00",645.0,Café Conillon,10
2023-05-11,Café Conillon,EUNAPOLIS,Tipo 7/8,sc 60 kg,"640,00",640.0,Café Conillon,10
2023-05-12,Café Conillon,EUNAPOLIS,Tipo 7,sc 60 kg,"645,00",645.0,Café Conillon,10
2023-05-12,Café Conillon,EUNAPOLIS,Tipo 7/8,sc 60 kg,"640,00",640.0,Café Conillon,10
2023-05-15,Café Conillon,EUNAPOLIS,Tipo 7,sc 60 kg,"645,00",645.0,Café Conillon,10
2023-05-15,Café Conillon,EUNAPOLIS,Tipo 7/8,sc 60 kg,"640,00",640.0,Café Conillon,10
2023-05-16,Café Conillon,EUNAPOLIS,Tipo 7,sc 60 kg,"645,00",645.0,Café Conillon,10
2023-05-16,Café Conillon,EUNAPOLIS,Tipo 7/8,sc 60 kg,"640,00",640.0,Café Conillon,10
2023-05-17,Café Conillon,EUNAPOLIS,Tipo 7,sc 60 kg,Sem cotação,,Café Conillon,10
2023-05-17,Café Conillon,EUNAPOLIS,Tipo 7/8,sc 60 kg,Sem cotação,,Café Conillon,10
2023-05-18,Café Conillon,EUNAPOLIS,Tipo 7,sc 60 kg,Sem cotação,,Café Conillon,10
2023-05-18,Café Conillon,EUNAPOLIS,Tipo 7/8,sc 60 kg,Sem cotação,,Café Conillon,10
2023-05-19,Café Conillon,EUNAPOLIS,Tipo 7,sc 60 kg,Sem cotação,,Café Conillon,10
2023-05-19,Café Conillon,EUNAPOLIS,Tipo 7/8,sc 60 kg,Sem cotação,,Café Conillon,10
2023-05-22,Café Conillon,EUNAPOLIS,Tipo 7,sc 60 kg,Sem cotação,,Café Conillon,10
2023-05-22,Café Conillon,EUNAPOLIS,Tipo 7/8,sc 60 kg,Sem cotação,,Café Conillon,10
2023-05-23,Café Conillon,EUNAPOLIS,Tipo 7,sc 60 kg,Sem cotação,,Café Conillon,10
2023-05-23,Café Conillon,EUNAPOLIS,Tipo 7/8,sc 60 kg,Sem cotação,,Café Conillon,10
2023-05-24,Café Conillon,EUNAPOLIS,Tipo 7,sc 60 kg,"655,00",655.0,Café Conillon,10
2023-05-24,Café Conillon,EUNAPOLIS,Tipo 7/8,sc 60 kg,"650,00",650.0,Café Conillon,10
2023-05-25,Café Conillon,EUNAPOLIS,Tipo 7,sc 60 kg,"655,00",655.0,Café Conillon,10
2023-05-25,Café Conillon,EUNAPOLIS,Tipo 7/8,sc 60 kg,"650,00",650.0,Café Conillon,10
2023-05-26,Café Conillon,EUNAPOLIS,Tipo 7,sc 60 kg,"655,00",655.0,Café Conillon,10
2023-05-26,Café Conillon,EUNAPOLIS,Tipo 7/8,sc 60 kg,"650,00",650.0,Café Conillon,10
2023-05-29,Café Conillon,EUNAPOLIS,Tipo 7,sc 60 kg,"655,00",655.0,Café Conillon,10
2023-05-29,Café Conillon,EUNAPOLIS,Tipo 7/8,sc 60 kg,"650,00",650.0,Café Conillon,10
2023-05-30,Café Conillon,EUNAPOLIS,Tipo 7,sc 60 kg,"655,00",655.0,Café Conillon,10
2023-05-30,Café Conillon,EUNAPOLIS,Tipo 7/8,sc 60 kg,"650,00",650.0,Café Conillon,10
2023-05-31,Café Conillon,EUNAPOLIS,Tipo 7,sc 60 kg,"655,00",655.0,Café Conillon,10
2023-05-31,Café Conillon,EUNAPOLIS,Tipo 7/8,sc 60 kg,"650,00",650.0,Café Conillon,10
2023-06-02,Café Conillon,EUNAPOLIS,Tipo 7,sc 60 kg,"655,00",655.0,Café Conillon,10
2023-06-02,Café Conillon,EUNAPOLIS,Tipo 7/8,sc 60 kg,"650,00",650.0,Café Conillon,10
2023-06-05,Café Conillon,EUNAPOLIS,Tipo 7,sc 60 kg,"655,00",655.0,Café Conillon,10
2023-06-05,Café Conillon,EUNAPOLIS,Tipo 7/8,sc 60 kg,"650,00",650.0,Café Conillon,10
2023-06-06,Café Conillon,EUNAPOLIS,Tipo 7,sc 60 kg,"680,00",680.0,Café Conillon,10
2023-06-06,Café Conillon,EUNAPOLIS,Tipo 7/8,sc 60 kg,"675,00",675.0,Café Conillon,10
2023-06-07,Café Conillon,EUNAPOLIS,Tipo 7,sc 60 kg,"680,00",680.0,Café Conillon,10
2023-06-07,Café Conillon,EUNAPOLIS,Tipo 7/8,sc 60 kg,"675,00",675.0,Café Conillon,10
2023-06-09,Café Conillon,EUNAPOLIS,Tipo 7,sc 60 kg,"690,00",690.0,Café Conillon,10
2023-06-09,Café Conillon,EUNAPOLIS,Tipo 7/8,sc 60 kg,"685,00",685.0,Café Conillon,10
2023-06-12,Café Conillon,EUNAPOLIS,Tipo 7,sc 60 kg,"690,00",690.0,Café Conillon,10
2023-06-12,Café Conillon,EUNAPOLIS,Tipo 7/8,sc 60 kg,"685,00",685.0,Café Conillon,10
2023-06-13,Café Conillon,EUNAPOLIS,Tipo 7,sc 60 kg,"690,00",690.0,Café Conillon,10
2023-06-13,Café Conillon,EUNAPOLIS,Tipo 7/8,sc 60 kg,"685,00",685.0,Café Conillon,10
2023-06-14,Café Conillon,EUNAPOLIS,Tipo 7,sc 60 kg,"690,00",690.0,Café Conillon,10
2023-06-14,Café Conillon,EUNAPOLIS,Tipo 7/8,sc 60 kg,"685,00",685.0,Café Conillon,10
2023-06-15,Café Conillon,EUNAPOLIS,Tipo 7,sc 60 kg,"690,00",690.0,Café Conillon,10
2023-06-15,Café Conillon,EUNAPOLIS,Tipo 7/8,sc 60 kg,"685,00",685.0,Café Conillon,10
2023-06-16,Café Conillon,EUNAPOLIS,Tipo 7,sc 60 kg,"690,00",690.0,Café Conillon,10
2023-06-16,Café Conillon,EUNAPOLIS,Tipo 7/8,sc 60 kg,"685,00",685.0,Café Conillon,10
2023-06-19,Café Conillon,EUNAPOLIS,Tipo 7,sc 60 kg,"690,00",690.0,Café Conillon,10
2023-06-19,Café Conillon,EUNAPOLIS,Tipo 7/8,sc 60 kg,"685,00",685.0,Café Conillon,10
2023-06-20,Café Conillon,EUNAPOLIS,Tipo 7,sc 60 kg,"690,00",690.0,Café Conillon,10
2023-06-20,Café Conillon,EUNAPOLIS,Tipo 7/8,sc 60 kg,"685,00",685.0,Café Conillon,10
2023-06-21,Café Conillon,EUNAPOLIS,Tipo 7,sc 60 kg,"690,00",690.0,Café Conillon,10
2023-06-21,Café Conillon,EUNAPOLIS,Tipo 7/8,sc 60 kg,"685,00",685.0,Café Conillon,10
2023-06-22,Café Conillon,EUNAPOLIS,Tipo 7,sc 60 kg,"690,00",690.0,Café Conillon,10
2023-06-22,Café Conillon,EUNAPOLIS,Tipo 7/8,sc 60 kg,"685,00",685.0,Café Conillon,10
2023-06-26,Café Conillon,EUNAPOLIS,Tipo 7,sc 60 kg,"690,00",690.0,Café Conillon,10
2023-06-26,Café Conillon,EUNAPOLIS,Tipo 7/8,sc 60 kg,"685,00",685.0,Café Conillon,10
2023-06-27,Café Conillon,EUNAPOLIS,Tipo 7,sc 60 kg,"690,00",690.0,Café Conillon,10
2023-06-27,Café Conillon,EUNAPOLIS,Tipo 7/8,sc 60 kg,"685,00",685.0,Café Conillon,10
2023-06-28,Café Conillon,EUNAPOLIS,Tipo 7,sc 60 kg,"690,00",690.0,Café Conillon,10
2023-06-28,Café Conillon,EUNAPOLIS,Tipo 7/8,sc 60 kg,"685,00",685.0,Café Conillon,10
2023-06-29,Café Conillon,EUNAPOLIS,Tipo 7,sc 60 kg,"690,00",690.0,Café Conillon,10
2023-06-29,Café Conillon,EUNAPOLIS,Tipo 7/8,sc 60 kg,"685,00",685.0,Café Conillon,10
2023-06-30,Café Conillon,EUNAPOLIS,Tipo 7,sc 60 kg,"690,00",690.0,Café Conillon,10
2023-06-30,Café Conillon,EUNAPOLIS,Tipo 7/8,sc 60 kg,"685,00",685.0,Café Conillon,10
2023-07-03,Café Conillon,EUNAPOLIS,Tipo 7,sc 60 kg,"690,00",690.0,Café Conillon,10
2023-07-03,Café Conillon,EUNAPOLIS,Tipo 7/8,sc 60 kg,"685,00",685.0,Café Conillon,10
2023-07-04,Café Conillon,EUNAPOLIS,Tipo 7,sc 60 kg,"610,00",610.0,Café Conillon,10
2023-07-04,Café Conillon,EUNAPOLIS,Tipo 7/8,sc 60 kg,"605,00",605.0,Café Conillon,10
2023-07-05,Café Conillon,EUNAPOLIS,Tipo 7,sc 60 kg,"610,00",610.0,Café Conillon,10
2023-07-05,Café Conillon,EUNAPOLIS,Tipo 7/8,sc 60 kg,"605,00",605.0,Café Conillon,10
2023-07-06,Café Conillon,EUNAPOLIS,Tipo 7,sc 60 kg,"625,00",625.0,Café Conillon,10
2023-07-06,Café Conillon,EUNAPOLIS,Tipo 7/8,sc 60 kg,"620,00",620.0,Café Conillon,10
2023-07-07,Café Conillon,EUNAPOLIS,Tipo 7,sc 60 kg,"625,00",625.0,Café Conillon,10
2023-07-07,Café Conillon,EUNAPOLIS,Tipo 7/8,sc 60 kg,"620,00",620.0,Café Conillon,10
2023-07-10,Café Conillon,EUNAPOLIS,Tipo 7,sc 60 kg,"625,00",625.0,Café Conillon,10
2023-07-10,Café Conillon,EUNAPOLIS,Tipo 7/8,sc 60 kg,"620,00",620.0,Café Conillon,10
2023-07-11,Café Conillon,EUNAPOLIS,Tipo 7,sc 60 kg,"625,00",625.0,Café Conillon,10
2023-07-11,Café Conillon,EUNAPOLIS,Tipo 7/8,sc 60 kg,"620,00",620.0,Café Conillon,10
2023-07-12,Café Conillon,EUNAPOLIS,Tipo 7,sc 60 kg,"640,00",640.0,Café Conillon,10
2023-07-12,Café Conillon,EUNAPOLIS,Tipo 7/8,sc 60 kg,"635,00",635.0,Café Conillon,10
2023-07-13,Café Conillon,EUNAPOLIS,Tipo 7,sc 60 kg,"640,00",640.0,Café Conillon,10
2023-07-13,Café Conillon,EUNAPOLIS,Tipo 7/8,sc 60 kg,"635,00",635.0,Café Conillon,10
2023-07-14,Café Conillon,EUNAPOLIS,Tipo 7,sc 60 kg,"640,00",640.0,Café Conillon,10
2023-07-14,Café Conillon,EUNAPOLIS,Tipo 7/8,sc 60 kg,"635,00",635.0,Café Conillon,10
2023-07-17,Café Conillon,EUNAPOLIS,Tipo 7,sc 60 kg,"620,00",620.0,Café Conillon,10
2023-07-17,Café Conillon,EUNAPOLIS,Tipo 7/8,sc 60 kg,"615,00",615.0,Café Conillon,10
2023-07-18,Café Conillon,EUNAPOLIS,Tipo 7,sc 60 kg,"620,00",620.0,Café Conillon,10
2023-07-18,Café Conillon,EUNAPOLIS,Tipo 7/8,sc 60 kg,"615,00",615.0,Café Conillon,10
2023-07-19,Café Conillon,EUNAPOLIS,Tipo 7,sc 60 kg,"620,00",620.0,Café Conillon,10
2023-07-19,Café Conillon,EUNAPOLIS,Tipo 7/8,sc 60 kg,"615,00",615.0,Café Conillon,10
2023-07-20,Café Conillon,EUNAPOLIS,Tipo 7,sc 60 kg,"620,00",620.0,Café Conillon,10
2023-07-20,Café Conillon,EUNAPOLIS,Tipo 7/8,sc 60 kg,"615,00",615.0,Café Conillon,10
2023-07-21,Café Conillon,EUNAPOLIS,Tipo 7,sc 60 kg,"620,00",620.0,Café Conillon,10
2023-07-21,Café Conillon,EUNAPOLIS,Tipo 7/8,sc 60 kg,"615,00",615.0,Café Conillon,10
2023-07-24,Café Conillon,EUNAPOLIS,Tipo 7,sc 60 kg,"620,00",620.0,Café Conillon,10
2023-07-24,Café Conillon,EUNAPOLIS,Tipo 7/8,sc 60 kg,"615,00",615.0,Café Conillon,10
2023-07-25,Café Conillon,EUNAPOLIS,Tipo 7,sc 60 kg,"620,00",620.0,Café Conillon,10
2023-07-25,Café Conillon,EUNAPOLIS,Tipo 7/8,sc 60 kg,"615,00",615.0,Café Conillon,10
2023-07-26,Café Conillon,EUNAPOLIS,Tipo 7,sc 60 kg,"610,00",610.0,Café Conillon,10
2023-07-26,Café Conillon,EUNAPOLIS,Tipo 7/8,sc 60 kg,"605,00",605.0,Café Conillon,10
2023-07-27,Café Conillon,EUNAPOLIS,Tipo 7,sc 60 kg,"610,00",610.0,Café Conillon,10
2023-07-27,Café Conillon,EUNAPOLIS,Tipo 7/8,sc 60 kg,"605,00",605.0,Café Conillon,10
2023-07-28,Café Conillon,EUNAPOLIS,Tipo 7,sc 60 kg,"610,00",610.0,Café Conillon,10
2023-07-28,Café Conillon,EUNAPOLIS,Tipo 7/8,sc 60 kg,"605,00",605.0,Café Conillon,10
2023-07-31,Café Conillon,EUNAPOLIS,Tipo 7,sc 60 kg,"610,00",610.0,Café Conillon,10
2023-07-31,Café Conillon,EUNAPOLIS,Tipo 7/8,sc 60 kg,"605,00",605.0,Café Conillon,10
2023-08-01,Café Conillon,EUNAPOLIS,Tipo 7,sc 60 kg,"610,00",610.0,Café Conillon,10
2023-08-01,Café Conillon,EUNAPOLIS,Tipo 7/8,sc 60 kg,"605,00",605.0,Café Conillon,10
2023-08-02,Café Conillon,EUNAPOLIS,Tipo 7,sc 60 kg,"610,00",610.0,Café Conillon,10
2023-08-02,Café Conillon,EUNAPOLIS,Tipo 7/8,sc 60 kg,"605,00",605.0,Café Conillon,10
2023-08-03,Café Conillon,EUNAPOLIS,Tipo 7,sc 60 kg,"610,00",610.0,Café Conillon,10
2023-08-03,Café Conillon,EUNAPOLIS,Tipo 7/8,sc 60 kg,"605,00",605.0,Café Conillon,10
2023-08-04,Café Conillon,EUNAPOLIS,Tipo 7,sc 60 kg,"620,00",620.0,Café Conillon,10
2023-08-04,Café Conillon,EUNAPOLIS,Tipo 7/8,sc 60 kg,"615,00",615.0,Café Conillon,10
2023-08-08,Café Conillon,EUNAPOLIS,Tipo 7,sc 60 kg,"625,00",625.0,Café Conillon,10
2023-08-08,Café Conillon,EUNAPOLIS,Tipo 7/8,sc 60 kg,"620,00",620.0,Café Conillon,10
2023-08-09,Café Conillon,EUNAPOLIS,Tipo 7,sc 60 kg,"625,00",625.0,Café Conillon,10
2023-08-09,Café Conillon,EUNAPOLIS,Tipo 7/8,sc 60 kg,"620,00",620.0,Café Conillon,10
2023-08-10,Café Conillon,EUNAPOLIS,Tipo 7,sc 60 kg,"625,00",625.0,Café Conillon,10
2023-08-10,Café Conillon,EUNAPOLIS,Tipo 7/8,sc 60 kg,"620,00",620.0,Café Conillon,10
2023-08-11,Café Conillon,EUNAPOLIS,Tipo 7,sc 60 kg,"625,00",625.0,Café Conillon,10
2023-08-11,Café Conillon,EUNAPOLIS,Tipo 7/8,sc 60 kg,"620,00",620.0,Café Conillon,10
2023-08-14,Café Conillon,EUNAPOLIS,Tipo 7,sc 60 kg,"625,00",625.0,Café Conillon,10
2023-08-14,Café Conillon,EUNAPOLIS,Tipo 7/8,sc 60 kg,"620,00",620.0,Café Conillon,10
2023-08-15,Café Conillon,EUNAPOLIS,Tipo 7,sc 60 kg,"625,00",625.0,Café Conillon,10
2023-08-15,Café Conillon,EUNAPOLIS,Tipo 7/8,sc 60 kg,"620,00",620.0,Café Conillon,10
2023-08-16,Café Conillon,EUNAPOLIS,Tipo 7,sc 60 kg,"625,00",625.0,Café Conillon,10
2023-08-16,Café Conillon,EUNAPOLIS,Tipo 7/8,sc 60 kg,"620,00",620.0,Café Conillon,10
2023-08-17,Café Conillon,EUNAPOLIS,Tipo 7,sc 60 kg,"625,00",625.0,Café Conillon,10
2023-08-17,Café Conillon,EUNAPOLIS,Tipo 7/8,sc 60 kg,"620,00",620.0,Café Conillon,10
2023-08-18,Café Conillon,EUNAPOLIS,Tipo 7,sc 60 kg,"625,00",625.0,Café Conillon,10
2023-08-18,Café Conillon,EUNAPOLIS,Tipo 7/8,sc 60 kg,"620,00",620.0,Café Conillon,10
2023-08-21,Café Conillon,EUNAPOLIS,Tipo 7,sc 60 kg,"625,00",625.0,Café Conillon,10
2023-08-21,Café Conillon,EUNAPOLIS,Tipo 7/8,sc 60 kg,"620,00",620.0,Café Conillon,10
2023-08-22,Café Conillon,EUNAPOLIS,Tipo 7,sc 60 kg,"625,00",625.0,Café Conillon,10
2023-08-22,Café Conillon,EUNAPOLIS,Tipo 7/8,sc 60 kg,"620,00",620.0,Café Conillon,10
2023-08-23,Café Conillon,EUNAPOLIS,Tipo 7,sc 60 kg,"620,00",620.0,Café Conillon,10
2023-08-23,Café Conillon,EUNAPOLIS,Tipo 7/8,sc 60 kg,"615,00",615.0,Café Conillon,10
2023-08-24,Café Conillon,EUNAPOLIS,Tipo 7,sc 60 kg,"620,00",620.0,Café Conillon,10
2023-08-24,Café Conillon,EUNAPOLIS,Tipo 7/8,sc 60 kg,"615,00",615.0,Café Conillon,10
2023-08-25,Café Conillon,EUNAPOLIS,Tipo 7,sc 60 kg,"620,00",620.0,Café Conillon,10
2023-08-25,Café Conillon,EUNAPOLIS,Tipo 7/8,sc 60 kg,"615,00",615.0,Café Conillon,10
2023-08-28,Café Conillon,EUNAPOLIS,Tipo 7,sc 60 kg,"615,00",615.0,Café Conillon,10
2023-08-28,Café Conillon,EUNAPOLIS,Tipo 7/8,sc 60 kg,"610,00",610.0,Café Conillon,10
2023-08-29,Café Conillon,EUNAPOLIS,Tipo 7,sc 60 kg,"615,00",615.0,Café Conillon,10
2023-08-29,Café Conillon,EUNAPOLIS,Tipo 7/8,sc 60 kg,"610,00",610.0,Café Conillon,10
2023-08-30,Café Conillon,EUNAPOLIS,Tipo 7,sc 60 kg,"615,00",615.0,Café Conillon,10
2023-08-30,Café Conillon,EUNAPOLIS,Tipo 7/8,sc 60 kg,"610,00",610.0,Café Conillon,10
2023-08-31,Café Conillon,ENTRE RIOS,Rio,sc 40 kg,"R$ 1.280,00",1280.0,Café Conillon,10
2023-08-31,Café Conillon,ENTRE RIOS,Sem casca,sc 40 kg,"R$ 1.275,00",1275.0,Café Conillon,10
2023-08-31,Café Conillon,EUNAPOLIS,Tipo 7,sc 60 kg,"1.900,00",1900.0,Café Conillon,10
2023-08-31,Café Conillon,EUNAPOLIS,Tipo 7/8,sc 60 kg,"1.895,00",1895.0,Café Conillon,10
2023-09-01,Café Conillon,EUNAPOLIS,Tipo 7,sc 60 kg,"615,00",615.0,Café Conillon,10
2023-09-01,Café Conillon,EUNAPOLIS,Tipo 7/8,sc 60 kg,"610,00",610.0,Café Conillon,10
2023-09-04,Café Conillon,EUNAPOLIS,Tipo 7,sc 60 kg,"615,00",615.0,Café Conillon,10
2023-09-04,Café Conillon,EUNAPOLIS,Tipo 7/8,sc 60 kg,"610,00",610.0,Café Conillon,10
2023-09-05,Café Conillon,EUNAPOLIS,Tipo 7,sc 60 kg,"615,00",615.0,Café Conillon,10
2023-09-05,Café Conillon,EUNAPOLIS,Tipo 7/8,sc 60 kg,"610,00",610.0,Café Conillon,10
2023-09-06,Café Conillon,EUNAPOLIS,Tipo 7,sc 60 kg,"625,00",625.0,Café Conillon,10
2023-09-06,Café Conillon,EUNAPOLIS,Tipo 7/8,sc 60 kg,"620,00",620.0,Café Conillon,10
2023-09-08,Café Conillon,EUNAPOLIS,Tipo 7,sc 60 kg,"620,00",620.0,Café Conillon,10
2023-09-08,Café Conillon,EUNAPOLIS,Tipo 7/8,sc 60 kg,"615,00",615.0,Café Conillon,10
2023-09-11,Café Conillon,EUNAPOLIS,Tipo 7,sc 60 kg,"620,00",620.0,Café Conillon,10
2023-09-11,Café Conillon,EUNAPOLIS,Tipo 7/8,sc 60 kg,"615,00",615.0,Café Conillon,10
2023-09-12,Café Conillon,EUNAPOLIS,Tipo 7,sc 60 kg,"620,00",620.0,Café Conillon,10
2023-09-12,Café Conillon,EUNAPOLIS,Tipo 7/8,sc 60 kg,"615,00",615.0,Café Conillon,10
2023-09-13,Café Conillon,EUNAPOLIS,Tipo 7,sc 60 kg,"620,00",620.0,Café Conillon,10
2023-09-13,Café Conillon,EUNAPOLIS,Tipo 7/8,sc 60 kg,"615,00",615.0,Café Conillon,10
2023-09-14,Café Conillon,EUNAPOLIS,Tipo 7,sc 60 kg,"620,00",620.0,Café Conillon,10
2023-09-14,Café Conillon,EUNAPOLIS,Tipo 7/8,sc 60 kg,"615,00",615.0,Café Conillon,10
2023-09-15,Café Conillon,EUNAPOLIS,Tipo 7,sc 60 kg,"620,00",620.0,Café Conillon,10
2023-09-15,Café Conillon,EUNAPOLIS,Tipo 7/8,sc 60 kg,"615,00",615.0,Café Conillon,10
2023-09-18,Café Conillon,EUNAPOLIS,Tipo 7,sc 60 kg,"620,00",620.0,Café Conillon,10
2023-09-18,Café Conillon,EUNAPOLIS,Tipo 7/8,sc 60 kg,"615,00",615.0,Café Conillon,10
2023-09-19,Café Conillon,EUNAPOLIS,Tipo 7,sc 60 kg,"620,00",620.0,Café Conillon,10
2023-09-19,Café Conillon,EUNAPOLIS,Tipo 7/8,sc 60 kg,"615,00",615.0,Café Conillon,10
2023-09-20,Café Conillon,EUNAPOLIS,Tipo 7,sc 60 kg,"620,00",620.0,Café Conillon,10
2023-09-20,Café Conillon,EUNAPOLIS,Tipo 7/8,sc 60 kg,"615,00",615.0,Café Conillon,10
2023-09-21,Café Conillon,EUNAPOLIS,Tipo 7,sc 60 kg,"620,00",620.0,Café Conillon,10
2023-09-21,Café Conillon,EUNAPOLIS,Tipo 7/8,sc 60 kg,"615,00",615.0,Café Conillon,10
2023-09-22,Café Conillon,EUNAPOLIS,Tipo 7,sc 60 kg,"620,00",620.0,Café Conillon,10
2023-09-22,Café Conillon,EUNAPOLIS,Tipo 7/8,sc 60 kg,"615,00",615.0,Café Conillon,10
2023-09-25,Café Conillon,EUNAPOLIS,Tipo 7,sc 60 kg,"620,00",620.0,Café Conillon,10
2023-09-25,Café Conillon,EUNAPOLIS,Tipo 7/8,sc 60 kg,"615,00",615.0,Café Conillon,10
2023-09-26,Café Conillon,EUNAPOLIS,Tipo 7,sc 60 kg,"615,00",615.0,Café Conillon,10
2023-09-26,Café Conillon,EUNAPOLIS,Tipo 7/8,sc 60 kg,"620,00",620.0,Café Conillon,10
2023-09-27,Café Conillon,EUNAPOLIS,Tipo 7,sc 60 kg,"615,00",615.0,Café Conillon,10
2023-09-27,Café Conillon,EUNAPOLIS,Tipo 7/8,sc 60 kg,"620,00",620.0,Café Conillon,10
2023-09-28,Café Conillon,EUNAPOLIS,Tipo 7,sc 60 kg,"615,00",615.0,Café Conillon,10
2023-09-28,Café Conillon,EUNAPOLIS,Tipo 7/8,sc 60 kg,"620,00",620.0,Café Conillon,10
2023-09-29,Café Conillon,EUNAPOLIS,Tipo 7,sc 60 kg,"615,00",615.0,Café Conillon,10
2023-09-29,Café Conillon,EUNAPOLIS,Tipo 7/8,sc 60 kg,"620,00",620.0,Café Conillon,10
2023-10-02,Café Conillon,EUNAPOLIS,Tipo 7,sc 60 kg,"615,00",615.0,Café Conillon,10
2023-10-02,Café Conillon,EUNAPOLIS,Tipo 7/8,sc 60 kg,"620,00",620.0,Café Conillon,10
2023-10-03,Café Conillon,EUNAPOLIS,Tipo 7,sc 60 kg,"617,00",617.0,Café Conillon,10
2023-10-03,Café Conillon,EUNAPOLIS,Tipo 7/8,sc 60 kg,"612,00",612.0,Café Conillon,10
2023-10-04,Café Conillon,EUNAPOLIS,Tipo 7,sc 60 kg,"617,00",617.0,Café Conillon,10
2023-10-04,Café Conillon,EUNAPOLIS,Tipo 7/8,sc 60 kg,"612,00",612.0,Café Conillon,10
2023-10-05,Café Conillon,EUNAPOLIS,Tipo 7,sc 60 kg,"617,00",617.0,Café Conillon,10
2023-10-05,Café Conillon,EUNAPOLIS,Tipo 7/8,sc 60 kg,"612,00",612.0,Café Conillon,10
2023-10-06,Café Conillon,EUNAPOLIS,Tipo 7,sc 60 kg,"617,00",617.0,Café Conillon,10
2023-10-06,Café Conillon,EUNAPOLIS,Tipo 7/8,sc 60 kg,"612,00",612.0,Café Conillon,10
2023-10-09,Café Conillon,EUNAPOLIS,Tipo 7,sc 60 kg,"617,00",617.0,Café Conillon,10
2023-10-09,Café Conillon,EUNAPOLIS,Tipo 7/8,sc 60 kg,"612,00",612.0,Café Conillon,10
2023-10-10,Café Conillon,EUNAPOLIS,Tipo 7,sc 60 kg,"617,00",617.0,Café Conillon,10
2023-10-10,Café Conillon,EUNAPOLIS,Tipo 7/8,sc 60 kg,"612,00",612.0,Café Conillon,10
2023-10-11,Café Conillon,EUNAPOLIS,Tipo 7,sc 60 kg,"617,00",617.0,Café Conillon,10
2023-10-11,Café Conillon,EUNAPOLIS,Tipo 7/8,sc 60 kg,"612,00",612.0,Café Conillon,10
2023-10-16,Café Conillon,EUNAPOLIS,Tipo 7,sc 60 kg,"617,00",617.0,Café Conillon,10
2023-10-16,Café Conillon,EUNAPOLIS,Tipo 7/8,sc 60 kg,"612,00",612.0,Café Conillon,10
2023-10-17,Café Conillon,EUNAPOLIS,Tipo 7,sc 60 kg,"617,00",617.0,Café Conillon,10
2023-10-17,Café Conillon,EUNAPOLIS,Tipo 7/8,sc 60 kg,"612,00",612.0,Café Conillon,10
2023-10-18,Café Conillon,EUNAPOLIS,Tipo 7,sc 60 kg,"617,00",617.0,Café Conillon,10
2023-10-18,Café Conillon,EUNAPOLIS,Tipo 7/8,sc 60 kg,"612,00",612.0,Café Conillon,10
2023-10-19,Café Conillon,EUNAPOLIS,Tipo 7,sc 60 kg,"617,00",617.0,Café Conillon,10
2023-10-19,Café Conillon,EUNAPOLIS,Tipo 7/8,sc 60 kg,"612,00",612.0,Café Conillon,10
2023-10-20,Café Conillon,EUNAPOLIS,Tipo 7,sc 60 kg,"617,00",617.0,Café Conillon,10
2023-10-20,Café Conillon,EUNAPOLIS,Tipo 7/8,sc 60 kg,"612,00",612.0,Café Conillon,10
2023-10-23,Café Conillon,EUNAPOLIS,Tipo 7,sc 60 kg,"615,00",615.0,Café Conillon,10
2023-10-23,Café Conillon,EUNAPOLIS,Tipo 7/8,sc 60 kg,"620,00",620.0,Café Conillon,10
2023-10-24,Café Conillon,EUNAPOLIS,Tipo 7,sc 60 kg,"615,00",615.0,Café Conillon,10
2023-10-24,Café Conillon,EUNAPOLIS,Tipo 7/8,sc 60 kg,"620,00",620.0,Café Conillon,10
2023-10-25,Café Conillon,EUNAPOLIS,Tipo 7,sc 60 kg,"615,00",615.0,Café Conillon,10
2023-10-25,Café Conillon,EUNAPOLIS,Tipo 7/8,sc 60 kg,"620,00",620.0,Café Conillon,10
2023-10-26,Café Conillon,EUNAPOLIS,Tipo 7,sc 60 kg,"615,00",615.0,Café Conillon,10
2023-10-26,Café Conillon,EUNAPOLIS,Tipo 7/8,sc 60 kg,"620,00",620.0,Café Conillon,10
2023-10-27,Café Conillon,EUNAPOLIS,Tipo 7,sc 60 kg,"615,00",615.0,Café Conillon,10
2023-10-27,Café Conillon,EUNAPOLIS,Tipo 7/8,sc 60 kg,"620,00",620.0,Café Conillon,10
2023-10-30,Café Conillon,EUNAPOLIS,Tipo 7,sc 60 kg,"615,00",615.0,Café Conillon,10
2023-10-30,Café Conillon,EUNAPOLIS,Tipo 7/8,sc 60 kg,"620,00",620.0,Café Conillon,10
2023-10-31,Café Conillon,EUNAPOLIS,Tipo 7,sc 60 kg,"615,00",615.0,Café Conillon,10
2023-10-31,Café Conillon,EUNAPOLIS,Tipo 7/8,sc 60 kg,"620,00",620.0,Café Conillon,10
2023-11-01,Café Conillon,EUNAPOLIS,Tipo 7,sc 60 kg,"615,00",615.0,Café Conillon,10
2023-11-01,Café Conillon,EUNAPOLIS,Tipo 7/8,sc 60 kg,"620,00",620.0,Café Conillon,10
2023-11-03,Café Conillon,EUNAPOLIS,Tipo 7,sc 60 kg,"615,00",615.0,Café Conillon,10
2023-11-03,Café Conillon,EUNAPOLIS,Tipo 7/8,sc 60 kg,"620,00",620.0,Café Conillon,10
2023-11-06,Café Conillon,EUNAPOLIS,Tipo 7,sc 60 kg,"615,00",615.0,Café Conillon,10
2023-11-06,Café Conillon,EUNAPOLIS,Tipo 7/8,sc 60 kg,"620,00",620.0,Café Conillon,10
2023-11-07,Café Conillon,EUNAPOLIS,Tipo 7,sc 60 kg,"615,00",615.0,Café Conillon,10
2023-11-07,Café Conillon,EUNAPOLIS,Tipo 7/8,sc 60 kg,"620,00",620.0,Café Conillon,10
2023-11-08,Café Conillon,EUNAPOLIS,Tipo 7,sc 60 kg,"615,00",615.0,Café Conillon,10
2023-11-08,Café Conillon,EUNAPOLIS,Tipo 7/8,sc 60 kg,"620,00",620.0,Café Conillon,10
2023-11-09,Café Conillon,EUNAPOLIS,Tipo 7,sc 60 kg,"615,00",615.0,Café Conillon,10
2023-11-09,Café Conillon,EUNAPOLIS,Tipo 7/8,sc 60 kg,"620,00",620.0,Café Conillon,10
2023-11-10,Café Conillon,EUNAPOLIS,Tipo 7,sc 60 kg,"615,00",615.0,Café Conillon,10
2023-11-10,Café Conillon,EUNAPOLIS,Tipo 7/8,sc 60 kg,"620,00",620.0,Café Conillon,10
2023-11-13,Café Conillon,EUNAPOLIS,Tipo 7,sc 60 kg,"615,00",615.0,Café Conillon,10
2023-11-13,Café Conillon,EUNAPOLIS,Tipo 7/8,sc 60 kg,"620,00",620.0,Café Conillon,10
2023-11-14,Café Conillon,EUNAPOLIS,Tipo 7,sc 60 kg,"615,00",615.0,Café Conillon,10
2023-11-14,Café Conillon,EUNAPOLIS,Tipo 7/8,sc 60 kg,"620,00",620.0,Café Conillon,10
2023-11-16,Café Conillon,EUNAPOLIS,Tipo 7,sc 60 kg,"630,00",630.0,Café Conillon,10
2023-11-16,Café Conillon,EUNAPOLIS,Tipo 7/8,sc 60 kg,"625,00",625.0,Café Conillon,10
2023-11-17,Café Conillon,EUNAPOLIS,Tipo 7,sc 60 kg,"630,00",630.0,Café Conillon,10
2023-11-17,Café Conillon,EUNAPOLIS,Tipo 7/8,sc 60 kg,"625,00",625.0,Café Conillon,10
2023-11-20,Café Conillon,EUNAPOLIS,Tipo 7,sc 60 kg,"630,00",630.0,Café Conillon,10
2023-11-20,Café Conillon,EUNAPOLIS,Tipo 7/8,sc 60 kg,"625,00",625.0,Café Conillon,10
2023-11-21,Café Conillon,EUNAPOLIS,Tipo 7,sc 60 kg,"625,00",625.0,Café Conillon,10
2023-11-21,Café Conillon,EUNAPOLIS,Tipo 7/8,sc 60 kg,"620,00",620.0,Café Conillon,10
2023-11-22,Café Conillon,EUNAPOLIS,Tipo 7,sc 60 kg,"625,00",625.0,Café Conillon,10
2023-11-22,Café Conillon,EUNAPOLIS,Tipo 7/8,sc 60 kg,"620,00",620.0,Café Conillon,10
2023-11-23,Café Conillon,EUNAPOLIS,Tipo 7,sc 60 kg,"625,00",625.0,Café Conillon,10
2023-11-23,Café Conillon,EUNAPOLIS,Tipo 7/8,sc 60 kg,"620,00",620.0,Café Conillon,10
2023-11-24,Café Conillon,EUNAPOLIS,Tipo 7,sc 60 kg,"625,00",625.0,Café Conillon,10
2023-11-24,Café Conillon,EUNAPOLIS,Tipo 7/8,sc 60 kg,"620,00",620.0,Café Conillon,10
2023-11-27,Café Conillon,EUNAPOLIS,Tipo 7,sc 60 kg,"635,00",635.0,Café Conillon,10
2023-11-27,Café Conillon,EUNAPOLIS,Tipo 7/8,sc 60 kg,"630,00",630.0,Café Conillon,10
2023-11-28,Café Conillon,EUNAPOLIS,Tipo 7,sc 60 kg,"635,00",635.0,Café Conillon,10
2023-11-28,Café Conillon,EUNAPOLIS,Tipo 7/8,sc 60 kg,"630,00",630.0,Café Conillon,10
2023-11-29,Café Conillon,EUNAPOLIS,Tipo 7,sc 60 kg,"635,00",635.0,Café Conillon,10
2023-11-29,Café Conillon,EUNAPOLIS,Tipo 7/8,sc 60 kg,"630,00",630.0,Café Conillon,10
2023-11-30,Café Conillon,EUNAPOLIS,Tipo 7,sc 60 kg,"635,00",635.0,Café Conillon,10
2023-11-30,Café Conillon,EUNAPOLIS,Tipo 7/8,sc 60 kg,"630,00",630.0,Café Conillon,10
2023-12-01,Café Conillon,EUNAPOLIS,Tipo 7,sc 60 kg,"655,00",655.0,Café Conillon,10
2023-12-01,Café Conillon,EUNAPOLIS,Tipo 7/8,sc 60 kg,"650,00",650.0,Café Conillon,10
2023-12-04,Café Conillon,EUNAPOLIS,Tipo 7,sc 60 kg,"655,00",655.0,Café Conillon,10
2023-12-04,Café Conillon,EUNAPOLIS,Tipo 7/8,sc 60 kg,"650,00",650.0,Café Conillon,10
2023-12-05,Café Conillon,EUNAPOLIS,Tipo 7,sc 60 kg,"655,00",655.0,Café Conillon,10
2023-12-05,Café Conillon,EUNAPOLIS,Tipo 7/8,sc 60 kg,"650,00",650.0,Café Conillon,10
2023-12-06,Café Conillon,EUNAPOLIS,Tipo 7,sc 60 kg,"655,00",655.0,Café Conillon,10
2023-12-06,Café Conillon,EUNAPOLIS,Tipo 7/8,sc 60 kg,"650,00",650.0,Café Conillon,10
2023-12-07,Café Conillon,EUNAPOLIS,Tipo 7,sc 60 kg,"655,00",655.0,Café Conillon,10
2023-12-07,Café Conillon,EUNAPOLIS,Tipo 7/8,sc 60 kg,"650,00",650.0,Café Conillon,10
2023-12-11,Café Conillon,EUNAPOLIS,Tipo 7,sc 60 kg,"655,00",655.0,Café Conillon,10
2023-12-11,Café Conillon,EUNAPOLIS,Tipo 7/8,sc 60 kg,"650,00",650.0,Café Conillon,10
2023-12-12,Café Conillon,EUNAPOLIS,Tipo 7,sc 60 kg,"655,00",655.0,Café Conillon,10
2023-12-12,Café Conillon,EUNAPOLIS,Tipo 7/8,sc 60 kg,"650,00",650.0,Café Conillon,10
2023-12-13,Café Conillon,EUNAPOLIS,Tipo 7,sc 60 kg,"655,00",655.0,Café Conillon,10
2023-12-13,Café Conillon,EUNAPOLIS,Tipo 7/8,sc 60 kg,"650,00",650.0,Café Conillon,10
2023-12-14,Café Conillon,EUNAPOLIS,Tipo 7,sc 60 kg,"725,00",725.0,Café Conillon,10
2023-12-14,Café Conillon,EUNAPOLIS,Tipo 7/8,sc 60 kg,"720,00",720.0,Café Conillon,10
2023-12-15,Café Conillon,EUNAPOLIS,Tipo 7,sc 60 kg,"725,00",725.0,Café Conillon,10
2023-12-15,Café Conillon,EUNAPOLIS,Tipo 7/8,sc 60 kg,"720,00",720.0,Café Conillon,10
2023-12-18,Café Conillon,EUNAPOLIS,Tipo 7,sc 60 kg,"735,00",735.0,Café Conillon,10
2023-12-18,Café Conillon,EUNAPOLIS,Tipo 7/8,sc 60 kg,"730,00",730.0,Café Conillon,10
2023-12-19,Café Conillon,EUNAPOLIS,Tipo 7,sc 60 kg,"735,00",735.0,Café Conillon,10
2023-12-19,Café Conillon,EUNAPOLIS,Tipo 7/8,sc 60 kg,"730,00",730.0,Café Conillon,10
2023-12-20,Café Conillon,EUNAPOLIS,Tipo 7,sc 60 kg,"735,00",735.0,Café Conillon,10
2023-12-20,Café Conillon,EUNAPOLIS,Tipo 7/8,sc 60 kg,"730,00",730.0,Café Conillon,10
2023-12-21,Café Conillon,EUNAPOLIS,Tipo 7,sc 60 kg,"735,00",735.0,Café Conillon,10
2023-12-21,Café Conillon,EUNAPOLIS,Tipo 7/8,sc 60 kg,"730,00",730.0,Café Conillon,10
2023-12-22,Café Conillon,EUNAPOLIS,Tipo 7,sc 60 kg,"735,00",735.0,Café Conillon,10
2023-12-22,Café Conillon,EUNAPOLIS,Tipo 7/8,sc 60 kg,"730,00",730.0,Café Conillon,10
2023-12-26,Café Conillon,EUNAPOLIS,Tipo 7,sc 60 kg,"735,00",735.0,Café Conillon,10
2023-12-26,Café Conillon,EUNAPOLIS,Tipo 7/8,sc 60 kg,"730,00",730.0,Café Conillon,10
2023-12-27,Café Conillon,EUNAPOLIS,Tipo 7,sc 60 kg,"735,00",735.0,Café Conillon,10
2023-12-27,Café Conillon,EUNAPOLIS,Tipo 7/8,sc 60 kg,"730,00",730.0,Café Conillon,10
2023-12-28,Café Conillon,EUNAPOLIS,Tipo 7,sc 60 kg,"735,00",735.0,Café Conillon,10
2023-12-28,Café Conillon,EUNAPOLIS,Tipo 7/8,sc 60 kg,"730,00",730.0,Café Conillon,10
2023-12-29,Café Conillon,EUNAPOLIS,Tipo 7,sc 60 kg,"735,00",735.0,Café Conillon,10
2023-12-29,Café Conillon,EUNAPOLIS,Tipo 7/8,sc 60 kg,"730,00",730.0,Café Conillon,10
2024-01-02,Café Conillon,EUNAPOLIS,Tipo 7,sc 60 kg,"730,00",730.0,Café Conillon,10
2024-01-02,Café Conillon,EUNAPOLIS,Tipo 7/8,sc 60 kg,"725,00",725.0,Café Conillon,10
2024-01-03,Café Conillon,EUNAPOLIS,Tipo 7,sc 60 kg,"730,00",730.0,Café Conillon,10
2024-01-03,Café Conillon,EUNAPOLIS,Tipo 7/8,sc 60 kg,"725,00",725.0,Café Conillon,10
2024-01-04,Café Conillon,EUNAPOLIS,Tipo 7,sc 60 kg,"730,00",730.0,Café Conillon,10
2024-01-04,Café Conillon,EUNAPOLIS,Tipo 7/8,sc 60 kg,"725,00",725.0,Café Conillon,10
2024-01-05,Café Conillon,EUNAPOLIS,Tipo 7,sc 60 kg,"735,00",735.0,Café Conillon,10
2024-01-05,Café Conillon,EUNAPOLIS,Tipo 7/8,sc 60 kg,"730,00",730.0,Café Conillon,10
2024-01-08,Café Conillon,EUNAPOLIS,Tipo 7,sc 60 kg,"735,00",735.0,Café Conillon,10
2024-01-08,Café Conillon,EUNAPOLIS,Tipo 7/8,sc 60 kg,"730,00",730.0,Café Conillon,10
2024-01-09,Café Conillon,EUNAPOLIS,Tipo 7,sc 60 kg,"745,00",745.0,Café Conillon,10
2024-01-09,Café Conillon,EUNAPOLIS,Tipo 7/8,sc 60 kg,"740,00",740.0,Café Conillon,10
2024-01-10,Café Conillon,EUNAPOLIS,Tipo 7,sc 60 kg,"745,00",745.0,Café Conillon,10
2024-01-10,Café Conillon,EUNAPOLIS,Tipo 7/8,sc 60 kg,"740,00",740.0,Café Conillon,10
2024-01-11,Café Conillon,EUNAPOLIS,Tipo 7,sc 60 kg,"745,00",745.0,Café Conillon,10
2024-01-11,Café Conillon,EUNAPOLIS,Tipo 7/8,sc 60 kg,"740,00",740.0,Café Conillon,10
2024-01-12,Café Conillon,EUNAPOLIS,Tipo 7,sc 60 kg,"760,00",760.0,Café Conillon,10
2024-01-12,Café Conillon,EUNAPOLIS,Tipo 7/8,sc 60 kg,"755,00",755.0,Café Conillon,10
2024-01-15,Café Conillon,EUNAPOLIS,Tipo 7,sc 60 kg,"760,00",760.0,Café Conillon,10
2024-01-15,Café Conillon,EUNAPOLIS,Tipo 7/8,sc 60 kg,"755,00",755.0,Café Conillon,10
2024-01-16,Café Conillon,EUNAPOLIS,Tipo 7,sc 60 kg,"760,00",760.0,Café Conillon,10
2024-01-16,Café Conillon,EUNAPOLIS,Tipo 7/8,sc 60 kg,"755,00",755.0,Café Conillon,10
2024-01-17,Café Conillon,EUNAPOLIS,Tipo 7,sc 60 kg,"770,00",770.0,Café Conillon,10
2024-01-17,Café Conillon,EUNAPOLIS,Tipo 7/8,sc 60 kg,"765,00",765.0,Café Conillon,10
2024-01-18,Café Conillon,EUNAPOLIS,Tipo 7,sc 60 kg,"780,00",780.0,Café Conillon,10
2024-01-18,Café Conillon,EUNAPOLIS,Tipo 7/8,sc 60 kg,"775,00",775.0,Café Conillon,10
2024-01-19,Café Conillon,EUNAPOLIS,Tipo 7,sc 60 kg,"765,00",765.0,Café Conillon,10
2024-01-19,Café Conillon,EUNAPOLIS,Tipo 7/8,sc 60 kg,"760,00",760.0,Café Conillon,10
2024-01-22,Café Conillon,EUNAPOLIS,Tipo 7,sc 60 kg,"775,00",775.0,Café Conillon,10
2024-01-22,Café Conillon,EUNAPOLIS,Tipo 7/8,sc 60 kg,"770,00",770.0,Café Conillon,10
2024-01-23,Café Conillon,EUNAPOLIS,Tipo 7,sc 60 kg,"780,00",780.0,Café Conillon,10
2024-01-23,Café Conillon,EUNAPOLIS,Tipo 7/8,sc 60 kg,"775,00",775.0,Café Conillon,10
2024-01-24,Café Conillon,EUNAPOLIS,Tipo 7,sc 60 kg,"790,00",790.0,Café Conillon,10
2024-01-24,Café Conillon,EUNAPOLIS,Tipo 7/8,sc 60 kg,"785,00",785.0,Café Conillon,10
2024-01-25,Café Conillon,EUNAPOLIS,Tipo 7,sc 60 kg,"790,00",790.0,Café Conillon,10
2024-01-25,Café Conillon,EUNAPOLIS,Tipo 7/8,sc 60 kg,"785,00",785.0,Café Conillon,10
2024-01-26,Café Conillon,EUNAPOLIS,Tipo 7,sc 60 kg,"790,00",790.0,Café Conillon,10
2024-01-26,Café Conillon,EUNAPOLIS,Tipo 7/8,sc 60 kg,"785,00",785.0,Café Conillon,10
2024-01-29,Café Conillon,EUNAPOLIS,Tipo 7,sc 60 kg,"790,00",790.0,Café Conillon,10
2024-01-29,Café Conillon,EUNAPOLIS,Tipo 7/8,sc 60 kg,"785,00",785.0,Café Conillon,10
2024-01-30,Café Conillon,EUNAPOLIS,Tipo 7,sc 60 kg,"790,00",790.0,Café Conillon,10
2024-01-30,Café Conillon,EUNAPOLIS,Tipo 7/8,sc 60 kg,"785,00",785.0,Café Conillon,10
2024-01-31,Café Conillon,EUNAPOLIS,Tipo 7,sc 60 kg,"800,00",800.0,Café Conillon,10
2024-01-31,Café Conillon,EUNAPOLIS,Tipo 7/8,sc 60 kg,"795,00",795.0,Café Conillon,10
2024-02-01,Café Conillon,EUNAPOLIS,Tipo 7,sc 60 kg,"800,00",800.0,Café Conillon,10
2024-02-01,Café Conillon,EUNAPOLIS,Tipo 7/8,sc 60 kg,"795,00",795.0,Café Conillon,10
2024-02-02,Café Conillon,EUNAPOLIS,Tipo 7,sc 60 kg,"805,00",805.0,Café Conillon,10
2024-02-02,Café Conillon,EUNAPOLIS,Tipo 7/8,sc 60 kg,"800,00",800.0,Café Conillon,10
2024-02-05,Café Conillon,EUNAPOLIS,Tipo 7,sc 60 kg,"800,00",800.0,Café Conillon,10
2024-02-05,Café Conillon,EUNAPOLIS,Tipo 7/8,sc 60 kg,"795,00",795.0,Café Conillon,10
2024-02-06,Café Conillon,EUNAPOLIS,Tipo 7,sc 60 kg,"800,00",800.0,Café Conillon,10
2024-02-06,Café Conillon,EUNAPOLIS,Tipo 7/8,sc 60 kg,"795,00",795.0,Café Conillon,10
2024-02-07,Café Conillon,EUNAPOLIS,Tipo 7,sc 60 kg,"800,00",800.0,Café Conillon,10
2024-02-07,Café Conillon,EUNAPOLIS,Tipo 7/8,sc 60 kg,"795,00",795.0,Café Conillon,10
2024-02-08,Café Conillon,EUNAPOLIS,Tipo 7,sc 60 kg,"800,00",800.0,Café Conillon,10
2024-02-08,Café Conillon,EUNAPOLIS,Tipo 7/8,sc 60 kg,"795,00",795.0,Café Conillon,10
2024-02-15,Café Conillon,EUNAPOLIS,Tipo 7,sc 60 kg,"810,00",810.0,Café Conillon,10
2024-02-15,Café Conillon,EUNAPOLIS,Tipo 7/8,sc 60 kg,"805,00",805.0,Café Conillon,10
2024-02-16,Café Conillon,EUNAPOLIS,Tipo 7,sc 60 kg,"810,00",810.0,Café Conillon,10
2024-02-16,Café Conillon,EUNAPOLIS,Tipo 7/8,sc 60 kg,"805,00",805.0,Café Conillon,10
2024-02-19,Café Conillon,EUNAPOLIS,Tipo 7,sc 60 kg,"810,00",810.0,Café Conillon,10
2024-02-19,Café Conillon,EUNAPOLIS,Tipo 7/8,sc 60 kg,"805,00",805.0,Café Conillon,10
2024-02-20,Café Conillon,EUNAPOLIS,Tipo 7,sc 60 kg,"815,00",815.0,Café Conillon,10
2024-02-20,Café Conillon,EUNAPOLIS,Tipo 7/8,sc 60 kg,"810,00",810.0,Café Conillon,10
2024-02-21,Café Conillon,EUNAPOLIS,Tipo 7,sc 60 kg,"815,00",815.0,Café Conillon,10
2024-02-21,Café Conillon,EUNAPOLIS,Tipo 7/8,sc 60 kg,"810,00",810.0,Café Conillon,10
2024-02-22,Café Conillon,EUNAPOLIS,Tipo 7,sc 60 kg,"815,00",815.0,Café Conillon,10
2024-02-22,Café Conillon,EUNAPOLIS,Tipo 7/8,sc 60 kg,"810,00",810.0,Café Conillon,10
2024-02-23,Café Conillon,EUNAPOLIS,Tipo 7,sc 60 kg,"810,00",810.0,Café Conillon,10
2024-02-23,Café Conillon,EUNAPOLIS,Tipo 7/8,sc 60 kg,"805,00",805.0,Café Conillon,10
2024-02-26,Café Conillon,EUNAPOLIS,Tipo 7,sc 60 kg,"805,00",805.0,Café Conillon,10
2024-02-26,Café Conillon,EUNAPOLIS,Tipo 7/8,sc 60 kg,"800,00",800.0,Café Conillon,10
2024-02-27,Café Conillon,EUNAPOLIS,Tipo 7,sc 60 kg,"805,00",805.0,Café Conillon,10
2024-02-27,Café Conillon,EUNAPOLIS,Tipo 7/8,sc 60 kg,"800,00",800.0,Café Conillon,10
2024-02-28,Café Conillon,EUNAPOLIS,Tipo 7,sc 60 kg,"795,00",795.0,Café Conillon,10
2024-02-28,Café Conillon,EUNAPOLIS,Tipo 7/8,sc 60 kg,"790,00",790.0,Café Conillon,10
2024-02-29,Café Conillon,EUNAPOLIS,Tipo 7,sc 60 kg,"795,00",795.0,Café Conillon,10
2024-02-29,Café Conillon,EUNAPOLIS,Tipo 7/8,sc 60 kg,"790,00",790.0,Café Conillon,10
2024-03-01,Café Conillon,EUNAPOLIS,Tipo 7,sc 60 kg,"800,00",800.0,Café Conillon,10
2024-03-01,Café Conillon,EUNAPOLIS,Tipo 7/8,sc 60 kg,"795,00",795.0,Café Conillon,10
2024-03-04,Café Conillon,EUNAPOLIS,Tipo 7,sc 60 kg,"805,00",805.0,Café Conillon,10
2024-03-04,Café Conillon,EUNAPOLIS,Tipo 7/8,sc 60 kg,"795,00",795.0,Café Conillon,10
2024-03-05,Café Conillon,EUNAPOLIS,Tipo 7,sc 60 kg,"810,00",810.0,Café Conillon,10
2024-03-05,Café Conillon,EUNAPOLIS,Tipo 7/8,sc 60 kg,"805,00",805.0,Café Conillon,10
2024-03-06,Café Conillon,EUNAPOLIS,Tipo 7,sc 60 kg,"810,00",810.0,Café Conillon,10
2024-03-06,Café Conillon,EUNAPOLIS,Tipo 7/8,sc 60 kg,"805,00",805.0,Café Conillon,10
2024-03-07,Café Conillon,EUNAPOLIS,Tipo 7,sc 60 kg,"810,00",810.0,Café Conillon,10
2024-03-07,Café Conillon,EUNAPOLIS,Tipo 7/8,sc 60 kg,"805,00",805.0,Café Conillon,10
2024-03-08,Café Conillon,EUNAPOLIS,Tipo 7,sc 60 kg,"830,00",830.0,Café Conillon,10
2024-03-08,Café Conillon,EUNAPOLIS,Tipo 7/8,sc 60 kg,"825,00",825.0,Café Conillon,10
2024-03-11,Café Conillon,EUNAPOLIS,Tipo 7,sc 60 kg,"830,00",830.0,Café Conillon,10
2024-03-11,Café Conillon,EUNAPOLIS,Tipo 7/8,sc 60 kg,"825,00",825.0,Café Conillon,10
2024-03-12,Café Conillon,EUNAPOLIS,Tipo 7,sc 60 kg,"840,00",840.0,Café Conillon,10
2024-03-12,Café Conillon,EUNAPOLIS,Tipo 7/8,sc 60 kg,"835,00",835.0,Café Conillon,10
2024-03-13,Café Conillon,EUNAPOLIS,Tipo 7,sc 60 kg,"840,00",840.0,Café Conillon,10
2024-03-13,Café Conillon,EUNAPOLIS,Tipo 7/8,sc 60 kg,"835,00",835.0,Café Conillon,10
2024-03-14,Café Conillon,EUNAPOLIS,Tipo 7,sc 60 kg,"840,00",840.0,Café Conillon,10
2024-03-14,Café Conillon,EUNAPOLIS,Tipo 7/8,sc 60 kg,"835,00",835.0,Café Conillon,10
2024-03-15,Café Conillon,EUNAPOLIS,Tipo 7,sc 60 kg,"850,00",850.0,Café Conillon,10
2024-03-15,Café Conillon,EUNAPOLIS,Tipo 7/8,sc 60 kg,"845,00",845.0,Café Conillon,10
2024-03-18,Café Conillon,EUNAPOLIS,Tipo 7,sc 60 kg,"860,00",860.0,Café Conillon,10
2024-03-18,Café Conillon,EUNAPOLIS,Tipo 7/8,sc 60 kg,"855,00",855.0,Café Conillon,10
2024-03-19,Café Conillon,EUNAPOLIS,Tipo 7,sc 60 kg,"860,00",860.0,Café Conillon,10
2024-03-19,Café Conillon,EUNAPOLIS,Tipo 7/8,sc 60 kg,"855,00",855.0,Café Conillon,10
2024-03-20,Café Conillon,EUNAPOLIS,Tipo 7,sc 60 kg,"870,00",870.0,Café Conillon,10
2024-03-20,Café Conillon,EUNAPOLIS,Tipo 7/8,sc 60 kg,"865,00",865.0,Café Conillon,10
2024-03-21,Café Conillon,EUNAPOLIS,Tipo 7,sc 60 kg,"870,00",870.0,Café Conillon,10
2024-03-21,Café Conillon,EUNAPOLIS,Tipo 7/8,sc 60 kg,"865,00",865.0,Café Conillon,10
2024-03-22,Café Conillon,EUNAPOLIS,Tipo 7,sc 60 kg,"870,00",870.0,Café Conillon,10
2024-03-22,Café Conillon,EUNAPOLIS,Tipo 7/8,sc 60 kg,"865,00",865.0,Café Conillon,10
2024-03-25,Café Conillon,EUNAPOLIS,Tipo 7,sc 60 kg,"875,00",875.0,Café Conillon,10
2024-03-25,Café Conillon,EUNAPOLIS,Tipo 7/8,sc 60 kg,"870,00",870.0,Café Conillon,10
2024-03-26,Café Conillon,EUNAPOLIS,Tipo 7,sc 60 kg,"875,00",875.0,Café Conillon,10
2024-03-26,Café Conillon,EUNAPOLIS,Tipo 7/8,sc 60 kg,"870,00",870.0,Café Conillon,10
2024-03-27,Café Conillon,EUNAPOLIS,Tipo 7,sc 60 kg,"875,00",875.0,Café Conillon,10
2024-03-27,Café Conillon,EUNAPOLIS,Tipo 7/8,sc 60 kg,"870,00",870.0,Café Conillon,10
2024-03-28,Café Conillon,EUNAPOLIS,Tipo 7,sc 60 kg,"900,00",900.0,Café Conillon,10
2024-03-28,Café Conillon,EUNAPOLIS,Tipo 7/8,sc 60 kg,"895,00",895.0,Café Conillon,10
2024-04-01,Café Conillon,EUNAPOLIS,Tipo 7,sc 60 kg,"920,00",920.0,Café Conillon,10
2024-04-01,Café Conillon,EUNAPOLIS,Tipo 7/8,sc 60 kg,"915,00",915.0,Café Conillon,10
2024-04-02,Café Conillon,EUNAPOLIS,Tipo 7,sc 60 kg,"930,00",930.0,Café Conillon,10
2024-04-02,Café Conillon,EUNAPOLIS,Tipo 7/8,sc 60 kg,"925,00",925.0,Café Conillon,10
2024-04-03,Café Conillon,EUNAPOLIS,Tipo 7,sc 60 kg,"970,00",970.0,Café Conillon,10
2024-04-03,Café Conillon,EUNAPOLIS,Tipo 7/8,sc 60 kg,"965,00",965.0,Café Conillon,10
2024-04-04,Café Conillon,EUNAPOLIS,Tipo 7,sc 60 kg,"980,00",980.0,Café Conillon,10
2024-04-04,Café Conillon,EUNAPOLIS,Tipo 7/8,sc 60 kg,"975,00",975.0,Café Conillon,10
2024-04-05,Café Conillon,EUNAPOLIS,Tipo 7,sc 60 kg,"1.000,00",1000.0,Café Conillon,10
2024-04-05,Café Conillon,EUNAPOLIS,Tipo 7/8,sc 60 kg,"995,00",995.0,Café Conillon,10
2024-04-08,Café Conillon,EUNAPOLIS,Tipo 7,sc 60 kg,"1.000,00",1000.0,Café Conillon,10
2024-04-08,Café Conillon,EUNAPOLIS,Tipo 7/8,sc 60 kg,"995,00",995.0,Café Conillon,10
2024-04-09,Café Conillon,EUNAPOLIS,Tipo 7,sc 60 kg,"1.000,00",1000.0,Café Conillon,10
2024-04-09,Café Conillon,EUNAPOLIS,Tipo 7/8,sc 60 kg,"995,00",995.0,Café Conillon,10
2024-04-10,Café Conillon,EUNAPOLIS,Tipo 7,sc 60 kg,"1.010,00",1010.0,Café Conillon,10
2024-04-10,Café Conillon,EUNAPOLIS,Tipo 7/8,sc 60 kg,"1.005,00",1005.0,Café Conillon,10
2024-04-11,Café Conillon,EUNAPOLIS,Tipo 7,sc 60 kg,"1.010,00",1010.0,Café Conillon,10
2024-04-11,Café Conillon,EUNAPOLIS,Tipo 7/8,sc 60 kg,"1.005,00",1005.0,Café Conillon,10
2024-04-12,Café Conillon,EUNAPOLIS,Tipo 7,sc 60 kg,"1.025,00",1025.0,Café Conillon,10
2024-04-12,Café Conillon,EUNAPOLIS,Tipo 7/8,sc 60 kg,"1.020,00",1020.0,Café Conillon,10
2024-04-15,Café Conillon,EUNAPOLIS,Tipo 7,sc 60 kg,"1.025,00",1025.0,Café Conillon,10
2024-04-15,Café Conillon,EUNAPOLIS,Tipo 7/8,sc 60 kg,"1.020,00",1020.0,Café Conillon,10
2024-04-16,Café Conillon,EUNAPOLIS,Tipo 7,sc 60 kg,"1.060,00",1060.0,Café Conillon,10
2024-04-16,Café Conillon,EUNAPOLIS,Tipo 7/8,sc 60 kg,"1.055,00",1055.0,Café Conillon,10
2024-04-17,Café Conillon,EUNAPOLIS,Tipo 7,sc 60 kg,"1.060,00",1060.0,Café Conillon,10
2024-04-17,Café Conillon,EUNAPOLIS,Tipo 7/8,sc 60 kg,"1.055,00",1055.0,Café Conillon,10
2024-04-18,Café Conillon,EUNAPOLIS,Tipo 7,sc 60 kg,"1.100,00",1100.0,Café Conillon,10
2024-04-18,Café Conillon,EUNAPOLIS,Tipo 7/8,sc 60 kg,"1.095,00",1095.0,Café Conillon,10
2024-04-19,Café Conillon,EUNAPOLIS,Tipo 7,sc 60 kg,"1.100,00",1100.0,Café Conillon,10
2024-04-19,Café Conillon,EUNAPOLIS,Tipo 7/8,sc 60 kg,"1.095,00",1095.0,Café Conillon,10
2024-04-22,Café Conillon,EUNAPOLIS,Tipo 7,sc 60 kg,"1.100,00",1100.0,Café Conillon,10
2024-04-22,Café Conillon,EUNAPOLIS,Tipo 7/8,sc 60 kg,"1.095,00",1095.0,Café Conillon,10
2024-04-23,Café Conillon,EUNAPOLIS,Tipo 7,sc 60 kg,"1.100,00",1100.0,Café Conillon,10
2024-04-23,Café Conillon,EUNAPOLIS,Tipo 7/8,sc 60 kg,"1.095,00",1095.0,Café Conillon,10
2024-04-24,Café Conillon,EUNAPOLIS,Tipo 7,sc 60 kg,"1.120,00",1120.0,Café Conillon,10
2024-04-24,Café Conillon,EUNAPOLIS,Tipo 7/8,sc 60 kg,"1.115,00",1115.0,Café Conillon,10
2024-04-25,Café Conillon,EUNAPOLIS,Tipo 7,sc 60 kg,"1.120,00",1120.0,Café Conillon,10
2024-04-25,Café Conillon,EUNAPOLIS,Tipo 7/8,sc 60 kg,"1.115,00",1115.0,Café Conillon,10
2024-04-26,Café Conillon,EUNAPOLIS,Tipo 7,sc 60 kg,"1.120,00",1120.0,Café Conillon,10
2024-04-26,Café Conillon,EUNAPOLIS,Tipo 7/8,sc 60 kg,"1.115,00",1115.0,Café Conillon,10
2024-04-29,Café Conillon,EUNAPOLIS,Tipo 7,sc 60 kg,"1.130,00",1130.0,Café Conillon,10
2024-04-29,Café Conillon,EUNAPOLIS,Tipo 7/8,sc 60 kg,"1.125,00",1125.0,Café Conillon,10
2024-04-30,Café Conillon,EUNAPOLIS,Tipo 7,sc 60 kg,"1.130,00",1130.0,Café Conillon,10
2024-04-30,Café Conillon,EUNAPOLIS,Tipo 7/8,sc 60 kg,"1.125,00",1125.0,Café Conillon,10
2024-05-02,Café Conillon,EUNAPOLIS,Tipo 7,sc 60 kg,"1.130,00",1130.0,Café Conillon,10
2024-05-02,Café Conillon,EUNAPOLIS,Tipo 7/8,sc 60 kg,"1.125,00",1125.0,Café Conillon,10
2024-05-03,Café Conillon,EUNAPOLIS,Tipo 7,sc 60 kg,"970,00",970.0,Café Conillon,10
2024-05-03,Café Conillon,EUNAPOLIS,Tipo 7/8,sc 60 kg,"965,00",965.0,Café Conillon,10
2024-05-06,Café Conillon,EUNAPOLIS,Tipo 7,sc 60 kg,"970,00",970.0,Café Conillon,10
2024-05-06,Café Conillon,EUNAPOLIS,Tipo 7/8,sc 60 kg,"965,00",965.0,Café Conillon,10
2024-05-07,Café Conillon,EUNAPOLIS,Tipo 7,sc 60 kg,"880,00",880.0,Café Conillon,10
2024-05-07,Café Conillon,EUNAPOLIS,Tipo 7/8,sc 60 kg,"875,00",875.0,Café Conillon,10
2024-05-08,Café Conillon,EUNAPOLIS,Tipo 7,sc 60 kg,"880,00",880.0,Café Conillon,10
2024-05-08,Café Conillon,EUNAPOLIS,Tipo 7/8,sc 60 kg,"875,00",875.0,Café Conillon,10
2024-05-09,Café Conillon,EUNAPOLIS,Tipo 7,sc 60 kg,"910,00",910.0,Café Conillon,10
2024-05-09,Café Conillon,EUNAPOLIS,Tipo 7/8,sc 60 kg,"905,00",905.0,Café Conillon,10
2024-05-10,Café Conillon,EUNAPOLIS,Tipo 7,sc 60 kg,"910,00",910.0,Café Conillon,10
2024-05-10,Café Conillon,EUNAPOLIS,Tipo 7/8,sc 60 kg,"905,00",905.0,Café Conillon,10
2024-05-13,Café Conillon,EUNAPOLIS,Tipo 7,sc 60 kg,"920,00",920.0,Café Conillon,10
2024-05-13,Café Conillon,EUNAPOLIS,Tipo 7/8,sc 60 kg,"915,00",915.0,Café Conillon,10
2024-05-14,Café Conillon,EUNAPOLIS,Tipo 7,sc 60 kg,"920,00",920.0,Café Conillon,10
2024-05-14,Café Conillon,EUNAPOLIS,Tipo 7/8,sc 60 kg,"915,00",915.0,Café Conillon,10
2024-05-15,Café Conillon,EUNAPOLIS,Tipo 7,sc 60 kg,"920,00",920.0,Café Conillon,10
2024-05-15,Café Conillon,EUNAPOLIS,Tipo 7/8,sc 60 kg,"915,00",915.0,Café Conillon,10
2024-05-16,Café Conillon,EUNAPOLIS,Tipo 7,sc 60 kg,"920,00",920.0,Café Conillon,10
2024-05-16,Café Conillon,EUNAPOLIS,Tipo 7/8,sc 60 kg,"915,00",915.0,Café Conillon,10
2024-05-17,Café Conillon,EUNAPOLIS,Tipo 7,sc 60 kg,"940,00",940.0,Café Conillon,10
2024-05-17,Café Conillon,EUNAPOLIS,Tipo 7/8,sc 60 kg,"935,00",935.0,Café Conillon,10
2024-05-20,Café Conillon,EUNAPOLIS,Tipo 7,sc 60 kg,"940,00",940.0,Café Conillon,10
2024-05-20,Café Conillon,EUNAPOLIS,Tipo 7/8,sc 60 kg,"935,00",935.0,Café Conillon,10
2024-05-21,Café Conillon,EUNAPOLIS,Tipo 7,sc 60 kg,"975,00",975.0,Café Conillon,10
2024-05-21,Café Conillon,EUNAPOLIS,Tipo 7/8,sc 60 kg,"970,00",970.0,Café Conillon,10
2024-05-22,Café Conillon,EUNAPOLIS,Tipo 7,sc 60 kg,"975,00",975.0,Café Conillon,10
2024-05-22,Café Conillon,EUNAPOLIS,Tipo 7/8,sc 60 kg,"970,00",970.0,Café Conillon,10
2024-05-23,Café Conillon,EUNAPOLIS,Tipo 7,sc 60 kg,"1.010,00",1010.0,Café Conillon,10
2024-05-23,Café Conillon,EUNAPOLIS,Tipo 7/8,sc 60 kg,"1.005,00",1005.0,Café Conillon,10
2024-05-24,Café Conillon,EUNAPOLIS,Tipo 7,sc 60 kg,"1.020,00",1020.0,Café Conillon,10
2024-05-24,Café Conillon,EUNAPOLIS,Tipo 7/8,sc 60 kg,"1.015,00",1015.0,Café Conillon,10
2024-05-27,Café Conillon,EUNAPOLIS,Tipo 7,sc 60 kg,"1.030,00",1030.0,Café Conillon,10
2024-05-27,Café Conillon,EUNAPOLIS,Tipo 7/8,sc 60 kg,"1.025,00",1025.0,Café Conillon,10
2024-05-28,Café Conillon,EUNAPOLIS,Tipo 7,sc 60 kg,"1.030,00",1030.0,Café Conillon,10
2024-05-28,Café Conillon,EUNAPOLIS,Tipo 7/8,sc 60 kg,"1.025,00",1025.0,Café Conillon,10
2024-05-29,Café Conillon,EUNAPOLIS,Tipo 7,sc 60 kg,"1.030,00",1030.0,Café Conillon,10
2024-05-29,Café Conillon,EUNAPOLIS,Tipo 7/8,sc 60 kg,"1.025,00",1025.0,Café Conillon,10
2024-06-03,Café Conillon,EUNAPOLIS,Tipo 7,sc 60 kg,"1.150,00",1150.0,Café Conillon,10
2024-06-03,Café Conillon,EUNAPOLIS,Tipo 7/8,sc 60 kg,"1.145,00",1145.0,Café Conillon,10
2024-06-04,Café Conillon,EUNAPOLIS,Tipo 7,sc 60 kg,"1.150,00",1150.0,Café Conillon,10
2024-06-04,Café Conillon,EUNAPOLIS,Tipo 7/8,sc 60 kg,"1.145,00",1145.0,Café Conillon,10
2024-06-05,Café Conillon,EUNAPOLIS,Tipo 7,sc 60 kg,"1.150,00",1150.0,Café Conillon,10
2024-06-05,Café Conillon,EUNAPOLIS,Tipo 7/8,sc 60 kg,"1.145,00",1145.0,Café Conillon,10
2024-06-06,Café Conillon,EUNAPOLIS,Tipo 7,sc 60 kg,"1.150,00",1150.0,Café Conillon,10
2024-06-06,Café Conillon,EUNAPOLIS,Tipo 7/8,sc 60 kg,"1.145,00",1145.0,Café Conillon,10
2024-06-07,Café Conillon,EUNAPOLIS,Tipo 7,sc 60 kg,"1.185,00",1185.0,Café Conillon,10
2024-06-07,Café Conillon,EUNAPOLIS,Tipo 7/8,sc 60 kg,"1.180,00",1180.0,Café Conillon,10
2024-06-08,Café Conillon,EUNAPOLIS,Tipo 7,sc 60 kg,"1.185,00",1185.0,Café Conillon,10
2024-06-08,Café Conillon,EUNAPOLIS,Tipo 7/8,sc 60 kg,"1.180,00",1180.0,Café Conillon,10
2024-06-10,Café Conillon,EUNAPOLIS,Tipo 7,sc 60 kg,"1.175,00",1175.0,Café Conillon,10
2024-06-10,Café Conillon,EUNAPOLIS,Tipo 7/8,sc 60 kg,"1.170,00",1170.0,Café Conillon,10
2024-06-11,Café Conillon,EUNAPOLIS,Tipo 7,sc 60 kg,"1.180,00",1180.0,Café Conillon,10
2024-06-11,Café Conillon,EUNAPOLIS,Tipo 7/8,sc 60 kg,"1.175,00",1175.0,Café Conillon,10
2024-06-12,Café Conillon,EUNAPOLIS,Tipo 7,sc 60 kg,"1.170,00",1170.0,Café Conillon,10
2024-06-12,Café Conillon,EUNAPOLIS,Tipo 7/8,sc 60 kg,"1.165,00",1165.0,Café Conillon,10
2024-06-13,Café Conillon,EUNAPOLIS,Tipo 7,sc 60 kg,"1.180,00",1180.0,Café Conillon,10
2024-06-13,Café Conillon,EUNAPOLIS,Tipo 7/8,sc 60 kg,"1.175,00",1175.0,Café Conillon,10
2024-06-14,Café Conillon,EUNAPOLIS,Tipo 7,sc 60 kg,"1.180,00",1180.0,Café Conillon,10
2024-06-14,Café Conillon,EUNAPOLIS,Tipo 7/8,sc 60 kg,"1.175,00",1175.0,Café Conillon,10
2024-06-17,Café Conillon,EUNAPOLIS,Tipo 7,sc 60 kg,"1.170,00",1170.0,Café Conillon,10
2024-06-17,Café Conillon,EUNAPOLIS,Tipo 7/8,sc 60 kg,"1.165,00",1165.0,Café Conillon,10
2024-06-18,Café Conillon,EUNAPOLIS,Tipo 7,sc 60 kg,"1.170,00",1170.0,Café Conillon,10
2024-06-18,Café Conillon,EUNAPOLIS,Tipo 7/8,sc 60 kg,"1.165,00",1165.0,Café Conillon,10
2024-06-19,Café Conillon,EUNAPOLIS,Tipo 7,sc 60 kg,"1.170,00",1170.0,Café Conillon,10
2024-06-19,Café Conillon,EUNAPOLIS,Tipo 7/8,sc 60 kg,"1.165,00",1165.0,Café Conillon,10
2024-06-20,Café Conillon,EUNAPOLIS,Tipo 7,sc 60 kg,"1.190,00",1190.0,Café Conillon,10
2024-06-20,Café Conillon,EUNAPOLIS,Tipo 7/8,sc 60 kg,"1.185,00",1185.0,Café Conillon,10
2024-06-25,Café Conillon,EUNAPOLIS,Tipo 7,sc 60 kg,"1.200,00",1200.0,Café Conillon,10
2024-06-25,Café Conillon,EUNAPOLIS,Tipo 7/8,sc 60 kg,"1.195,00",1195.0,Café Conillon,10
2024-06-26,Café Conillon,EUNAPOLIS,Tipo 7,sc 60 kg,"1.200,00",1200.0,Café Conillon,10
2024-06-26,Café Conillon,EUNAPOLIS,Tipo 7/8,sc 60 kg,"1.195,00",1195.0,Café Conillon,10
2024-06-27,Café Conillon,EUNAPOLIS,Tipo 7,sc 60 kg,"1.200,00",1200.0,Café Conillon,10
2024-06-27,Café Conillon,EUNAPOLIS,Tipo 7/8,sc 60 kg,"1.195,00",1195.0,Café Conillon,10
2024-06-28,Café Conillon,EUNAPOLIS,Tipo 7,sc 60 kg,"1.190,00",1190.0,Café Conillon,10
2024-06-28,Café Conillon,EUNAPOLIS,Tipo 7/8,sc 60 kg,"1.185,00",1185.0,Café Conillon,10
2024-07-01,Café Conillon,EUNAPOLIS,Tipo 7,sc 60 kg,"1.190,00",1190.0,Café Conillon,10
2024-07-01,Café Conillon,EUNAPOLIS,Tipo 7/8,sc 60 kg,"1.185,00",1185.0,Café Conillon,10
2024-07-03,Café Conillon,EUNAPOLIS,Tipo 7,sc 60 kg,"1.190,00",1190.0,Café Conillon,10
2024-07-03,Café Conillon,EUNAPOLIS,Tipo 7/8,sc 60 kg,"1.185,00",1185.0,Café Conillon,10
2024-07-04,Café Conillon,EUNAPOLIS,Tipo 7,sc 60 kg,"1.190,00",1190.0,Café Conillon,10
2024-07-04,Café Conillon,EUNAPOLIS,Tipo 7/8,sc 60 kg,"1.185,00",1185.0,Café Conillon,10
2024-07-05,Café Conillon,EUNAPOLIS,Tipo 7,sc 60 kg,"1.190,00",1190.0,Café Conillon,10
2024-07-05,Café Conillon,EUNAPOLIS,Tipo 7/8,sc 60 kg,"1.185,00",1185.0,Café Conillon,10
2025-01-02,Café Conillon,EUNAPOLIS,Tipo 7,sc 60 kg,Sem cotação,,Café Conillon,10
2025-01-02,Café Conillon,EUNAPOLIS,Tipo 7/8,sc 60 kg,Sem cotação,,Café Conillon,10
2025-01-03,Café Conillon,EUNAPOLIS,Tipo 7,sc 60 kg,"1.800,00",1800.0,Café Conillon,10
2025-01-03,Café Conillon,EUNAPOLIS,Tipo 7/8,sc 60 kg,"1.795,00",1795.0,Café Conillon,10
2025-01-06,Café Conillon,EUNAPOLIS,Tipo 7,sc 60 kg,"1.805,00",1805.0,Café Conillon,10
2025-01-06,Café Conillon,EUNAPOLIS,Tipo 7/8,sc 60 kg,"1.800,00",1800.0,Café Conillon,10
2025-01-07,Café Conillon,EUNAPOLIS,Tipo 7,sc 60 kg,"1.805,00",1805.0,Café Conillon,10
2025-01-07,Café Conillon,EUNAPOLIS,Tipo 7/8,sc 60 kg,"1.800,00",1800.0,Café Conillon,10
2025-01-08,Café Conillon,EUNAPOLIS,Tipo 7,sc 60 kg,"1.820,00",1820.0,Café Conillon,10
2025-01-08,Café Conillon,EUNAPOLIS,Tipo 7/8,sc 60 kg,"1.815,00",1815.0,Café Conillon,10
2025-01-09,Café Conillon,EUNAPOLIS,Tipo 7,sc 60 kg,"1.820,00",1820.0,Café Conillon,10
2025-01-09,Café Conillon,EUNAPOLIS,Tipo 7/8,sc 60 kg,"1.815,00",1815.0,Café Conillon,10
2025-01-10,Café Conillon,EUNAPOLIS,Tipo 7,sc 60 kg,"1.820,00",1820.0,Café Conillon,10
2025-01-10,Café Conillon,EUNAPOLIS,Tipo 7/8,sc 60 kg,"1.815,00",1815.0,Café Conillon,10
2025-01-13,Café Conillon,EUNAPOLIS,Tipo 7,sc 60 kg,"1.850,00",1850.0,Café Conillon,10
2025-01-13,Café Conillon,EUNAPOLIS,Tipo 7/8,sc 60 kg,"1.845,00",1845.0,Café Conillon,10
2025-01-14,Café Conillon,EUNAPOLIS,Tipo 7,sc 60 kg,"1.850,00",1850.0,Café Conillon,10
2025-01-14,Café Conillon,EUNAPOLIS,Tipo 7/8,sc 60 kg,"1.845,00",1845.0,Café Conillon,10
2025-01-15,Café Conillon,EUNAPOLIS,Tipo 7,sc 60 kg,"1.850,00",1850.0,Café Conillon,10
2025-01-15,Café Conillon,EUNAPOLIS,Tipo 7/8,sc 60 kg,"1.845,00",1845.0,Café Conillon,10
2025-01-16,Café Conillon,EUNAPOLIS,Tipo 7,sc 60 kg,"1.850,00",1850.0,Café Conillon,10
2025-01-16,Café Conillon,EUNAPOLIS,Tipo 7/8,sc 60 kg,"1.845,00",1845.0,Café Conillon,10
2025-01-17,Café Conillon,EUNAPOLIS,Tipo 7,sc 60 kg,"1.900,00",1900.0,Café Conillon,10
2025-01-17,Café Conillon,EUNAPOLIS,Tipo 7/8,sc 60 kg,"1.895,00",1895.0,Café Conillon,10
2025-01-20,Café Conillon,EUNAPOLIS,Tipo 7,sc 60 kg,"1.950,00",1950.0,Café Conillon,10
2025-01-20,Café Conillon,EUNAPOLIS,Tipo 7/8,sc 60 kg,"1.945,00",1945.0,Café Conillon,10
2025-01-21,Café Conillon,EUNAPOLIS,Tipo 7,sc 60 kg,"1.950,00",1950.0,Café Conillon,10
2025-01-21,Café Conillon,EUNAPOLIS,Tipo 7/8,sc 60 kg,"1.945,00",1945.0,Café Conillon,10
2025-01-22,Café Conillon,EUNAPOLIS,Tipo 7,sc 60 kg,"1.980,00",1980.0,Café Conillon,10
2025-01-22,Café Conillon,EUNAPOLIS,Tipo 7/8,sc 60 kg,"1.975,00",1975.0,Café Conillon,10
2025-01-23,Café Conillon,EUNAPOLIS,Tipo 7,sc 60 kg,"2.000,00",2000.0,Café Conillon,10
2025-01-23,Café Conillon,EUNAPOLIS,Tipo 7/8,sc 60 kg,"1.995,00",1995.0,Café Conillon,10
2025-01-24,Café Conillon,EUNAPOLIS,Tipo 7,sc 60 kg,"2.000,00",2000.0,Café Conillon,10
2025-01-24,Café Conillon,EUNAPOLIS,Tipo 7/8,sc 60 kg,"1.995,00",1995.0,Café Conillon,10
2025-01-27,Café Conillon,EUNAPOLIS,Tipo 7,sc 60 kg,"1.980,00",1980.0,Café Conillon,10
2025-01-27,Café Conillon,EUNAPOLIS,Tipo 7/8,sc 60 kg,"1.975,00",1975.0,Café Conillon,10
2025-01-28,Café Conillon,EUNAPOLIS,Tipo 7,sc 60 kg,"1.980,00",1980.0,Café Conillon,10
2025-01-28,Café Conillon,EUNAPOLIS,Tipo 7/8,sc 60 kg,"1.975,00",1975.0,Café Conillon,10
2025-01-29,Café Conillon,EUNAPOLIS,Tipo 7,sc 60 kg,"1.990,00",1990.0,Café Conillon,10
2025-01-29,Café Conillon,EUNAPOLIS,Tipo 7/8,sc 60 kg,"1.985,00",1985.0,Café Conillon,10
2025-01-30,Café Conillon,EUNAPOLIS,Tipo 7,sc 60 kg,"2.010,00",2010.0,Café Conillon,10
2025-01-30,Café Conillon,EUNAPOLIS,Tipo 7/8,sc 60 kg,"2.005,00",2005.0,Café Conillon,10
2025-01-31,Café Conillon,EUNAPOLIS,Tipo 7,sc 60 kg,"2.010,00",2010.0,Café Conillon,10
2025-01-31,Café Conillon,EUNAPOLIS,Tipo 7/8,sc 60 kg,"2.005,00",2005.0,Café Conillon,10
2025-02-03,Café Conillon,EUNAPOLIS,Tipo 7,sc 60 kg,"2.010,00",2010.0,Café Conillon,10
2025-02-03,Café Conillon,EUNAPOLIS,Tipo 7/8,sc 60 kg,"2.005,00",2005.0,Café Conillon,10
2025-02-04,Café Conillon,EUNAPOLIS,Tipo 7,sc 60 kg,"1.980,00",1980.0,Café Conillon,10
2025-02-04,Café Conillon,EUNAPOLIS,Tipo 7/8,sc 60 kg,"1.975,00",1975.0,Café Conillon,10
2025-02-05,Café Conillon,EUNAPOLIS,Tipo 7,sc 60 kg,"1.980,00",1980.0,Café Conillon,10
2025-02-05,Café Conillon,EUNAPOLIS,Tipo 7/8,sc 60 kg,"1.975,00",1975.0,Café Conillon,10
2025-02-06,Café Conillon,EUNAPOLIS,Tipo 7,sc 60 kg,"1.980,00",1980.0,Café Conillon,10
2025-02-06,Café Conillon,EUNAPOLIS,Tipo 7/8,sc 60 kg,"1.975,00",1975.0,Café Conillon,10
2025-02-07,Café Conillon,EUNAPOLIS,Tipo 7,sc 60 kg,"2.000,00",2000.0,Café Conillon,10
2025-02-07,Café Conillon,EUNAPOLIS,Tipo 7/8,sc 60 kg,"1.995,00",1995.0,Café Conillon,10
2025-02-10,Café Conillon,EUNAPOLIS,Tipo 7,sc 60 kg,"2.000,00",2000.0,Café Conillon,10
2025-02-10,Café Conillon,EUNAPOLIS,Tipo 7/8,sc 60 kg,"1.995,00",1995.0,Café Conillon,10
2025-02-11,Café Conillon,EUNAPOLIS,Tipo 7,sc 60 kg,"2.000,00",2000.0,Café Conillon,10
2025-02-11,Café Conillon,EUNAPOLIS,Tipo 7/8,sc 60 kg,"1.995,00",1995.0,Café Conillon,10
2025-02-12,Café Conillon,EUNAPOLIS,Tipo 7,sc 60 kg,"2.000,00",2000.0,Café Conillon,10
2025-02-12,Café Conillon,EUNAPOLIS,Tipo 7/8,sc 60 kg,"1.995,00",1995.0,Café Conillon,10
2025-02-13,Café Conillon,EUNAPOLIS,Tipo 7,sc 60 kg,"2.000,00",2000.0,Café Conillon,10
2025-02-13,Café Conillon,EUNAPOLIS,Tipo 7/8,sc 60 kg,"1.995,00",1995.0,Café Conillon,10
2025-02-14,Café Conillon,EUNAPOLIS,Tipo 7,sc 60 kg,"2.000,00",2000.0,Café Conillon,10
2025-02-14,Café Conillon,EUNAPOLIS,Tipo 7/8,sc 60 kg,"1.995,00",1995.0,Café Conillon,10
2025-02-17,Café Conillon,EUNAPOLIS,Tipo 7,sc 60 kg,"1.980,00",1980.0,Café Conillon,10
2025-02-17,Café Conillon,EUNAPOLIS,Tipo 7/8,sc 60 kg,"1.975,00",1975.0,Café Conillon,10
2025-02-18,Café Conillon,EUNAPOLIS,Tipo 7,sc 60 kg,Sem cotação,,Café Conillon,10
2025-02-18,Café Conillon,EUNAPOLIS,Tipo 7/8,sc 60 kg,Sem cotação,,Café Conillon,10
2025-02-19,Café Conillon,EUNAPOLIS,Tipo 7,sc 60 kg,"1.980,00",1980.0,Café Conillon,10
2025-02-19,Café Conillon,EUNAPOLIS,Tipo 7/8,sc 60 kg,"1.975,00",1975.0,Café Conillon,10
2025-02-20,Café Conillon,EUNAPOLIS,Tipo 7,sc 60 kg,"1.980,00",1980.0,Café Conillon,10
2025-02-20,Café Conillon,EUNAPOLIS,Tipo 7/8,sc 60 kg,"1.975,00",1975.0,Café Conillon,10
2025-02-21,Café Conillon,EUNAPOLIS,Tipo 7,sc 60 kg,"1.980,00",1980.0,Café Conillon,10
2025-02-21,Café Conillon,EUNAPOLIS,Tipo 7/8,sc 60 kg,"1.975,00",1975.0,Café Conillon,10
2025-02-24,Café Conillon,EUNAPOLIS,Tipo 7,sc 60 kg,"1.970,00",1970.0,Café Conillon,10
2025-02-24,Café Conillon,EUNAPOLIS,Tipo 7/8,sc 60 kg,"1.965,00",1965.0,Café Conillon,10
2025-02-25,Café Conillon,EUNAPOLIS,Tipo 7,sc 60 kg,"1.950,00",1950.0,Café Conillon,10
2025-02-25,Café Conillon,EUNAPOLIS,Tipo 7/8,sc 60 kg,"1.945,00",1945.0,Café Conillon,10
2025-02-26,Café Conillon,EUNAPOLIS,Tipo 7,sc 60 kg,"1.950,00",1950.0,Café Conillon,10
2025-02-26,Café Conillon,EUNAPOLIS,Tipo 7/8,sc 60 kg,"1.945,00",1945.0,Café Conillon,10
2025-02-27,Café Conillon,EUNAPOLIS,Tipo 7,sc 60 kg,"1.930,00",1930.0,Café Conillon,10
2025-02-27,Café Conillon,EUNAPOLIS,Tipo 7/8,sc 60 kg,"1.925,00",1925.0,Café Conillon,10
2025-02-28,Café Conillon,EUNAPOLIS,Tipo 7,sc 60 kg,"1.930,00",1930.0,Café Conillon,10
2025-02-28,Café Conillon,EUNAPOLIS,Tipo 7/8,sc 60 kg,"1.925,00",1925.0,Café Conillon,10
2025-03-06,Café Conillon,EUNAPOLIS,Tipo 7,sc 60 kg,"1.930,00",1930.0,Café Conillon,10
2025-03-06,Café Conillon,EUNAPOLIS,Tipo 7/8,sc 60 kg,"1.925,00",1925.0,Café Conillon,10
2025-03-07,Café Conillon,EUNAPOLIS,Tipo 7,sc 60 kg,"1.910,00",1910.0,Café Conillon,10
2025-03-07,Café Conillon,EUNAPOLIS,Tipo 7/8,sc 60 kg,"1.905,00",1905.0,Café Conillon,10
2025-03-10,Café Conillon,EUNAPOLIS,Tipo 7,sc 60 kg,"1.920,00",1920.0,Café Conillon,10
2025-03-10,Café Conillon,EUNAPOLIS,Tipo 7/8,sc 60 kg,"1.915,00",1915.0,Café Conillon,10
2025-03-11,Café Conillon,EUNAPOLIS,Tipo 7,sc 60 kg,"1.920,00",1920.0,Café Conillon,10
2025-03-11,Café Conillon,EUNAPOLIS,Tipo 7/8,sc 60 kg,"1.915,00",1915.0,Café Conillon,10
2025-03-12,Café Conillon,EUNAPOLIS,Tipo 7,sc 60 kg,"1.950,00",1950.0,Café Conillon,10
2025-03-12,Café Conillon,EUNAPOLIS,Tipo 7/8,sc 60 kg,"1.945,00",1945.0,Café Conillon,10
2025-03-13,Café Conillon,EUNAPOLIS,Tipo 7,sc 60 kg,"1.950,00",1950.0,Café Conillon,10
2025-03-13,Café Conillon,EUNAPOLIS,Tipo 7/8,sc 60 kg,"1.945,00",1945.0,Café Conillon,10
2025-03-14,Café Conillon,EUNAPOLIS,Tipo 7,sc 60 kg,"1.940,00",1940.0,Café Conillon,10
2025-03-14,Café Conillon,EUNAPOLIS,Tipo 7/8,sc 60 kg,"1.935,00",1935.0,Café Conillon,10
2025-03-17,Café Conillon,EUNAPOLIS,Tipo 7,sc 60 kg,"1.940,00",1940.0,Café Conillon,10
2025-03-17,Café Conillon,EUNAPOLIS,Tipo 7/8,sc 60 kg,"1.935,00",1935.0,Café Conillon,10
2025-03-18,Café Conillon,EUNAPOLIS,Tipo 7,sc 60 kg,"1.940,00",1940.0,Café Conillon,10
2025-03-18,Café Conillon,EUNAPOLIS,Tipo 7/8,sc 60 kg,"1.935,00",1935.0,Café Conillon,10
2025-03-19,Café Conillon,EUNAPOLIS,Tipo 7,sc 60 kg,"1.940,00",1940.0,Café Conillon,10
2025-03-19,Café Conillon,EUNAPOLIS,Tipo 7/8,sc 60 kg,"1.935,00",1935.0,Café Conillon,10
2025-03-20,Café Conillon,EUNAPOLIS,Tipo 7,sc 60 kg,"1.940,00",1940.0,Café Conillon,10
2025-03-20,Café Conillon,EUNAPOLIS,Tipo 7/8,sc 60 kg,"1.935,00",1935.0,Café Conillon,10
2025-03-21,Café Conillon,EUNAPOLIS,Tipo 7,sc 60 kg,"1.940,00",1940.0,Café Conillon,10
2025-03-21,Café Conillon,EUNAPOLIS,Tipo 7/8,sc 60 kg,"1.935,00",1935.0,Café Conillon,10
2025-03-24,Café Conillon,EUNAPOLIS,Tipo 7,sc 60 kg,"1.930,00",1930.0,Café Conillon,10
2025-03-24,Café Conillon,EUNAPOLIS,Tipo 7/8,sc 60 kg,"1.925,00",1925.0,Café Conillon,10
2025-03-25,Café Conillon,EUNAPOLIS,Tipo 7,sc 60 kg,"1.930,00",1930.0,Café Conillon,10
2025-03-25,Café Conillon,EUNAPOLIS,Tipo 7/8,sc 60 kg,"1.925,00",1925.0,Café Conillon,10
2025-03-26,Café Conillon,EUNAPOLIS,Tipo 7,sc 60 kg,"1.930,00",1930.0,Café Conillon,10
2025-03-26,Café Conillon,EUNAPOLIS,Tipo 7/8,sc 60 kg,"1.925,00",1925.0,Café Conillon,10
2025-03-27,Café Conillon,EUNAPOLIS,Tipo 7,sc 60 kg,"1.930,00",1930.0,Café Conillon,10
2025-03-27,Café Conillon,EUNAPOLIS,Tipo 7/8,sc 60 kg,"1.925,00",1925.0,Café Conillon,10
2025-03-28,Café Conillon,EUNAPOLIS,Tipo 7,sc 60 kg,"1.900,00",1900.0,Café Conillon,10
2025-03-28,Café Conillon,EUNAPOLIS,Tipo 7/8,sc 60 kg,"1.895,00",1895.0,Café Conillon,10
2025-03-31,Café Conillon,EUNAPOLIS,Tipo 7,sc 60 kg,"1.850,00",1850.0,Café Conillon,10
2025-03-31,Café Conillon,EUNAPOLIS,Tipo 7/8,sc 60 kg,"1.845,00",1845.0,Café Conillon,10
2025-04-01,Café Conillon,EUNAPOLIS,Tipo 7,sc 60 kg,"1.850,00",1850.0,Café Conillon,10
2025-04-01,Café Conillon,EUNAPOLIS,Tipo 7/8,sc 60 kg,"1.845,00",1845.0,Café Conillon,10
2025-04-02,Café Conillon,EUNAPOLIS,Tipo 7,sc 60 kg,"1.850,00",1850.0,Café Conillon,10
2025-04-02,Café Conillon,EUNAPOLIS,Tipo 7/8,sc 60 kg,"1.845,00",1845.0,Café Conillon,10
2025-04-03,Café Conillon,EUNAPOLIS,Tipo 7,sc 60 kg,"1.770,00",1770.0,Café Conillon,10
2025-04-03,Café Conillon,EUNAPOLIS,Tipo 7/8,sc 60 kg,"1.765,00",1765.0,Café Conillon,10
2025-04-04,Café Conillon,EUNAPOLIS,Tipo 7,sc 60 kg,"1.720,00",1720.0,Café Conillon,10
2025-04-04,Café Conillon,EUNAPOLIS,Tipo 7/8,sc 60 kg,"1.715,00",1715.0,Café Conillon,10
2025-04-07,Café Conillon,EUNAPOLIS,Tipo 7,sc 60 kg,"1.720,00",1720.0,Café Conillon,10
2025-04-07,Café Conillon,EUNAPOLIS,Tipo 7/8,sc 60 kg,"1.715,00",1715.0,Café Conillon,10
2025-04-08,Café Conillon,EUNAPOLIS,Tipo 7,sc 60 kg,"1.560,00",1560.0,Café Conillon,10
2025-04-08,Café Conillon,EUNAPOLIS,Tipo 7/8,sc 60 kg,"1.555,00",1555.0,Café Conillon,10
2025-04-09,Café Conillon,EUNAPOLIS,Tipo 7,sc 60 kg,"1.550,00",1550.0,Café Conillon,10
2025-04-09,Café Conillon,EUNAPOLIS,Tipo 7/8,sc 60 kg,"1.545,00",1545.0,Café Conillon,10
2025-04-10,Café Conillon,EUNAPOLIS,Tipo 7,sc 60 kg,"1.550,00",1550.0,Café Conillon,10
2025-04-10,Café Conillon,EUNAPOLIS,Tipo 7/8,sc 60 kg,"1.545,00",1545.0,Café Conillon,10
2025-04-11,Café Conillon,EUNAPOLIS,Tipo 7,sc 60 kg,"1.560,00",1560.0,Café Conillon,10
2025-04-11,Café Conillon,EUNAPOLIS,Tipo 7/8,sc 60 kg,"1.555,00",1555.0,Café Conillon,10
2025-04-14,Café Conillon,EUNAPOLIS,Tipo 7,sc 60 kg,"1.580,00",1580.0,Café Conillon,10
2025-04-14,Café Conillon,EUNAPOLIS,Tipo 7/8,sc 60 kg,"1.575,00",1575.0,Café Conillon,10
2025-04-15,Café Conillon,EUNAPOLIS,Tipo 7,sc 60 kg,"1.580,00",1580.0,Café Conillon,10
2025-04-15,Café Conillon,EUNAPOLIS,Tipo 7/8,sc 60 kg,"1.575,00",1575.0,Café Conillon,10
2025-04-16,Café Conillon,EUNAPOLIS,Tipo 7,sc 60 kg,"1.630,00",1630.0,Café Conillon,10
2025-04-16,Café Conillon,EUNAPOLIS,Tipo 7/8,sc 60 kg,"1.625,00",1625.0,Café Conillon,10
2025-04-17,Café Conillon,EUNAPOLIS,Tipo 7,sc 60 kg,"1.630,00",1630.0,Café Conillon,10
2025-04-17,Café Conillon,EUNAPOLIS,Tipo 7/8,sc 60 kg,"1.625,00",1625.0,Café Conillon,10
2025-04-22,Café Conillon,EUNAPOLIS,Tipo 7,sc 60 kg,"1.630,00",1630.0,Café Conillon,10
2025-04-22,Café Conillon,EUNAPOLIS,Tipo 7/8,sc 60 kg,"1.625,00",1625.0,Café Conillon,10
2025-04-23,Café Conillon,EUNAPOLIS,Tipo 7,sc 60 kg,"1.630,00",1630.0,Café Conillon,10
2025-04-23,Café Conillon,EUNAPOLIS,Tipo 7/8,sc 60 kg,"1.625,00",1625.0,Café Conillon,10
2025-04-24,Café Conillon,EUNAPOLIS,Tipo 7,sc 60 kg,"1.640,00",1640.0,Café Conillon,10
2025-04-24,Café Conillon,EUNAPOLIS,Tipo 7/8,sc 60 kg,"1.635,00",1635.0,Café Conillon,10
2025-04-25,Café Conillon,EUNAPOLIS,Tipo 7,sc 60 kg,"1.640,00",1640.0,Café Conillon,10
2025-04-25,Café Conillon,EUNAPOLIS,Tipo 7/8,sc 60 kg,"1.635,00",1635.0,Café Conillon,10
2025-04-28,Café Conillon,EUNAPOLIS,Tipo 7,sc 60 kg,"1.640,00",1640.0,Café Conillon,10
2025-04-28,Café Conillon,EUNAPOLIS,Tipo 7/8,sc 60 kg,"1.635,00",1635.0,Café Conillon,10
2025-04-29,Café Conillon,EUNAPOLIS,Tipo 7,sc 60 kg,"1.640,00",1640.0,Café Conillon,10
2025-04-29,Café Conillon,EUNAPOLIS,Tipo 7/8,sc 60 kg,"1.635,00",1635.0,Café Conillon,10
2025-04-30,Café Conillon,EUNAPOLIS,Tipo 7,sc 60 kg,"1.640,00",1640.0,Café Conillon,10
2025-04-30,Café Conillon,EUNAPOLIS,Tipo 7/8,sc 60 kg,"1.635,00",1635.0,Café Conillon,10
2025-05-02,Café Conillon,EUNAPOLIS,Tipo 7,sc 60 kg,"1.640,00",1640.0,Café Conillon,10
2025-05-02,Café Conillon,EUNAPOLIS,Tipo 7/8,sc 60 kg,"1.635,00",1635.0,Café Conillon,10
2025-05-05,Café Conillon,EUNAPOLIS,Tipo 7,sc 60 kg,"1.640,00",1640.0,Café Conillon,10
2025-05-05,Café Conillon,EUNAPOLIS,Tipo 7/8,sc 60 kg,"1.635,00",1635.0,Café Conillon,10
2025-05-06,Café Conillon,EUNAPOLIS,Tipo 7,sc 60 kg,"1.600,00",1600.0,Café Conillon,10
2025-05-06,Café Conillon,EUNAPOLIS,Tipo 7/8,sc 60 kg,"1.595,00",1595.0,Café Conillon,10
2025-05-07,Café Conillon,EUNAPOLIS,Tipo 7,sc 60 kg,"1.600,00",1600.0,Café Conillon,10
2025-05-07,Café Conillon,EUNAPOLIS,Tipo 7/8,sc 60 kg,"1.595,00",1595.0,Café Conillon,10
2025-05-08,Café Conillon,EUNAPOLIS,Tipo 7,sc 60 kg,"1.600,00",1600.0,Café Conillon,10
2025-05-08,Café Conillon,EUNAPOLIS,Tipo 7/8,sc 60 kg,"1.595,00",1595.0,Café Conillon,10
2025-05-09,Café Conillon,EUNAPOLIS,Tipo 7,sc 60 kg,"1.600,00",1600.0,Café Conillon,10
2025-05-09,Café Conillon,EUNAPOLIS,Tipo 7/8,sc 60 kg,"1.595,00",1595.0,Café Conillon,10
2025-05-12,Café Conillon,EUNAPOLIS,Tipo 7,sc 60 kg,"1.590,00",1590.0,Café Conillon,10
2025-05-12,Café Conillon,EUNAPOLIS,Tipo 7/8,sc 60 kg,"1.585,00",1585.0,Café Conillon,10
2025-05-13,Café Conillon,EUNAPOLIS,Tipo 7,sc 60 kg,"1.535,00",1535.0,Café Conillon,10
2025-05-13,Café Conillon,EUNAPOLIS,Tipo 7/8,sc 60 kg,"1.530,00",1530.0,Café Conillon,10
2025-05-14,Café Conillon,EUNAPOLIS,Tipo 7,sc 60 kg,"1.535,00",1535.0,Café Conillon,10
2025-05-14,Café Conillon,EUNAPOLIS,Tipo 7/8,sc 60 kg,"1.530,00",1530.0,Café Conillon,10
2025-05-15,Café Conillon,EUNAPOLIS,Tipo 7,sc 60 kg,"1.460,00",1460.0,Café Conillon,10
2025-05-15,Café Conillon,EUNAPOLIS,Tipo 7/8,sc 60 kg,"1.455,00",1455.0,Café Conillon,10
2025-05-16,Café Conillon,EUNAPOLIS,Tipo 7,sc 60 kg,"1.460,00",1460.0,Café Conillon,10
2025-05-16,Café Conillon,EUNAPOLIS,Tipo 7/8,sc 60 kg,"1.455,00",1455.0,Café Conillon,10
2025-05-19,Café Conillon,EUNAPOLIS,Tipo 7,sc 60 kg,"1.460,00",1460.0,Café Conillon,10
2025-05-19,Café Conillon,EUNAPOLIS,Tipo 7/8,sc 60 kg,"1.455,00",1455.0,Café Conillon,10
2025-05-20,Café Conillon,EUNAPOLIS,Tipo 7,sc 60 kg,"1.460,00",1460.0,Café Conillon,10
2025-05-20,Café Conillon,EUNAPOLIS,Tipo 7/8,sc 60 kg,"1.455,00",1455.0,Café Conillon,10
2025-05-21,Café Conillon,EUNAPOLIS,Tipo 7,sc 60 kg,"1.470,00",1470.0,Café Conillon,10
2025-05-21,Café Conillon,EUNAPOLIS,Tipo 7/8,sc 60 kg,"1.465,00",1465.0,Café Conillon,10
2025-05-22,Café Conillon,EUNAPOLIS,Tipo 7,sc 60 kg,"1.470,00",1470.0,Café Conillon,10
2025-05-22,Café Conillon,EUNAPOLIS,Tipo 7/8,sc 60 kg,"1.465,00",1465.0,Café Conillon,10
2025-05-23,Café Conillon,EUNAPOLIS,Tipo 7,sc 60 kg,"1.455,00",1455.0,Café Conillon,10
2025-05-23,Café Conillon,EUNAPOLIS,Tipo 7/8,sc 60 kg,"1.450,00",1450.0,Café Conillon,10
2025-05-26,Café Conillon,EUNAPOLIS,Tipo 7,sc 60 kg,"1.435,00",1435.0,Café Conillon,10
2025-05-26,Café Conillon,EUNAPOLIS,Tipo 7/8,sc 60 kg,"1.430,00",1430.0,Café Conillon,10
2025-05-27,Café Conillon,EUNAPOLIS,Tipo 7,sc 60 kg,"1.415,00",1415.0,Café Conillon,10
2025-05-27,Café Conillon,EUNAPOLIS,Tipo 7/8,sc 60 kg,"1.410,00",1410.0,Café Conillon,10
2025-05-28,Café Conillon,EUNAPOLIS,Tipo 7,sc 60 kg,"1.390,00",1390.0,Café Conillon,10
2025-05-28,Café Conillon,EUNAPOLIS,Tipo 7/8,sc 60 kg,"1.385,00",1385.0,Café Conillon,10
2025-05-29,Café Conillon,EUNAPOLIS,Tipo 7,sc 60 kg,"1.370,00",1370.0,Café Conillon,10
2025-05-29,Café Conillon,EUNAPOLIS,Tipo 7/8,sc 60 kg,"1.365,00",1365.0,Café Conillon,10
2025-05-30,Café Conillon,EUNAPOLIS,Tipo 7,sc 60 kg,"1.360,00",1360.0,Café Conillon,10
2025-05-30,Café Conillon,EUNAPOLIS,Tipo 7/8,sc 60 kg,"1.355,00",1355.0,Café Conillon,10
2025-06-02,Café Conillon,EUNAPOLIS,Tipo 7,sc 60 kg,"1.320,00",1320.0,Café Conillon,10
2025-06-02,Café Conillon,EUNAPOLIS,Tipo 7/8,sc 60 kg,"1.315,00",1315.0,Café Conillon,10
2025-06-03,Café Conillon,EUNAPOLIS,Tipo 7,sc 60 kg,"1.290,00",1290.0,Café Conillon,10
2025-06-03,Café Conillon,EUNAPOLIS,Tipo 7/8,sc 60 kg,"1.285,00",1285.0,Café Conillon,10
2025-06-04,Café Conillon,EUNAPOLIS,Tipo 7,sc 60 kg,"1.290,00",1290.0,Café Conillon,10
2025-06-04,Café Conillon,EUNAPOLIS,Tipo 7/8,sc 60 kg,"1.285,00",1285.0,Café Conillon,10
2025-06-05,Café Conillon,EUNAPOLIS,Tipo 7,sc 60 kg,"1.290,00",1290.0,Café Conillon,10
2025-06-05,Café Conillon,EUNAPOLIS,Tipo 7/8,sc 60 kg,"1.285,00",1285.0,Café Conillon,10
2025-06-06,Café Conillon,EUNAPOLIS,Tipo 7,sc 60 kg,"1.310,00",1310.0,Café Conillon,10
2025-06-06,Café Conillon,EUNAPOLIS,Tipo 7/8,sc 60 kg,"1.305,00",1305.0,Café Conillon,10
2025-06-09,Café Conillon,EUNAPOLIS,Tipo 7,sc 60 kg,"1.610,00",1610.0,Café Conillon,10
2025-06-09,Café Conillon,EUNAPOLIS,Tipo 7/8,sc 60 kg,"1.605,00",1605.0,Café Conillon,10
2025-06-10,Café Conillon,EUNAPOLIS,Tipo 7,sc 60 kg,"1.610,00",1610.0,Café Conillon,10
2025-06-10,Café Conillon,EUNAPOLIS,Tipo 7/8,sc 60 kg,"1.605,00",1605.0,Café Conillon,10
2025-06-11,Café Conillon,EUNAPOLIS,Tipo 7,sc 60 kg,"1.315,00",1315.0,Café Conillon,10
2025-06-11,Café Conillon,EUNAPOLIS,Tipo 7/8,sc 60 kg,"1.310,00",1310.0,Café Conillon,10
2025-06-12,Café Conillon,EUNAPOLIS,Tipo 7,sc 60 kg,"1.315,00",1315.0,Café Conillon,10
2025-06-12,Café Conillon,EUNAPOLIS,Tipo 7/8,sc 60 kg,"1.310,00",1310.0,Café Conillon,10
2025-06-13,Café Conillon,EUNAPOLIS,Tipo 7,sc 60 kg,"1.260,00",1260.0,Café Conillon,10
2025-06-13,Café Conillon,EUNAPOLIS,Tipo 7/8,sc 60 kg,"1.255,00",1255.0,Café Conillon,10
2025-06-16,Café Conillon,EUNAPOLIS,Tipo 7,sc 60 kg,"1.240,00",1240.0,Café Conillon,10
2025-06-16,Café Conillon,EUNAPOLIS,Tipo 7/8,sc 60 kg,"1.235,00",1235.0,Café Conillon,10
2025-06-17,Café Conillon,EUNAPOLIS,Tipo 7,sc 60 kg,"1.240,00",1240.0,Café Conillon,10
2025-06-17,Café Conillon,EUNAPOLIS,Tipo 7/8,sc 60 kg,"1.235,00",1235.0,Café Conillon,10
2025-06-18,Café Conillon,EUNAPOLIS,Tipo 7,sc 60 kg,"1.195,00",1195.0,Café Conillon,10
2025-06-18,Café Conillon,EUNAPOLIS,Tipo 7/8,sc 60 kg,"1.190,00",1190.0,Café Conillon,10
2025-06-25,Café Conillon,EUNAPOLIS,Tipo 7,sc 60 kg,"1.080,00",1080.0,Café Conillon,10
2025-06-25,Café Conillon,EUNAPOLIS,Tipo 7/8,sc 60 kg,"1.075,00",1075.0,Café Conillon,10
2025-06-26,Café Conillon,EUNAPOLIS,Tipo 7,sc 60 kg,"1.080,00",1080.0,Café Conillon,10
2025-06-26,Café Conillon,EUNAPOLIS,Tipo 7/8,sc 60 kg,"1.075,00",1075.0,Café Conillon,10
2025-06-27,Café Conillon,EUNAPOLIS,Tipo 7,sc 60 kg,"1.090,00",1090.0,Café Conillon,10
2025-06-27,Café Conillon,EUNAPOLIS,Tipo 7/8,sc 60 kg,"1.085,00",1085.0,Café Conillon,10
2025-06-30,Café Conillon,EUNAPOLIS,Tipo 7,sc 60 kg,"1.090,00",1090.0,Café Conillon,10
2025-06-30,Café Conillon,EUNAPOLIS,Tipo 7/8,sc 60 kg,"1.085,00",1085.0,Café Conillon,10
2025-07-01,Café Conillon,EUNAPOLIS,Tipo 7,sc 60 kg,"1.090,00",1090.0,Café Conillon,10
2025-07-01,Café Conillon,EUNAPOLIS,Tipo 7/8,sc 60 kg,"1.085,00",1085.0,Café Conillon,10
2025-07-03,Café Conillon,EUNAPOLIS,Tipo 7,sc 60 kg,"1.090,00",1090.0,Café Conillon,10
2025-07-03,Café Conillon,EUNAPOLIS,Tipo 7/8,sc 60 kg,"1.085,00",1085.0,Café Conillon,10
2025-07-04,Café Conillon,EUNAPOLIS,Tipo 7,sc 60 kg,"1.040,00",1040.0,Café Conillon,10
2025-07-04,Café Conillon,EUNAPOLIS,Tipo 7/8,sc 60 kg,"1.035,00",1035.0,Café Conillon,10
2025-07-07,Café Conillon,EUNAPOLIS,Tipo 7,sc 60 kg,"1.350,00",1350.0,Café Conillon,10
2025-07-07,Café Conillon,EUNAPOLIS,Tipo 7/8,sc 60 kg,"1.345,00",1345.0,Café Conillon,10
2025-07-08,Café Conillon,EUNAPOLIS,Tipo 7,sc 60 kg,"1.030,00",1030.0,Café Conillon,10
2025-07-08,Café Conillon,EUNAPOLIS,Tipo 7/8,sc 60 kg,"1.025,00",1025.0,Café Conillon,10
2025-07-09,Café Conillon,EUNAPOLIS,Tipo 7,sc 60 kg,"1.030,00",1030.0,Café Conillon,10
2025-07-09,Café Conillon,EUNAPOLIS,Tipo 7/8,sc 60 kg,"1.025,00",1025.0,Café Conillon,10
2025-07-10,Café Conillon,EUNAPOLIS,Tipo 7,sc 60 kg,"1.030,00",1030.0,Café Conillon,10
2025-07-10,Café Conillon,EUNAPOLIS,Tipo 7/8,sc 60 kg,"1.025,00",1025.0,Café Conillon,10
2025-07-11,Café Conillon,EUNAPOLIS,Tipo 7,sc 60 kg,"1.030,00",1030.0,Café Conillon,10
2025-07-11,Café Conillon,EUNAPOLIS,Tipo 7/8,sc 60 kg,"1.025,00",1025.0,Café Conillon,10
2025-07-14,Café Conillon,EUNAPOLIS,Tipo 7,sc 60 kg,"940,00",940.0,Café Conillon,10
2025-07-14,Café Conillon,EUNAPOLIS,Tipo 7/8,sc 60 kg,"935,00",935.0,Café Conillon,10
2025-07-15,Café Conillon,EUNAPOLIS,Tipo 7,sc 60 kg,"950,00",950.0,Café Conillon,10
2025-07-15,Café Conillon,EUNAPOLIS,Tipo 7/8,sc 60 kg,"945,00",945.0,Café Conillon,10
2025-07-16,Café Conillon,EUNAPOLIS,Tipo 7,sc 60 kg,"980,00",980.0,Café Conillon,10
2025-07-16,Café Conillon,EUNAPOLIS,Tipo 7/8,sc 60 kg,"975,00",975.0,Café Conillon,10
2025-07-17,Café Conillon,EUNAPOLIS,Tipo 7,sc 60 kg,"970,00",970.0,Café Conillon,10
2025-07-17,Café Conillon,EUNAPOLIS,Tipo 7/8,sc 60 kg,"965,00",965.0,Café Conillon,10
2025-07-18,Café Conillon,EUNAPOLIS,Tipo 7,sc 60 kg,"970,00",970.0,Café Conillon,10
2025-07-18,Café Conillon,EUNAPOLIS,Tipo 7/8,sc 60 kg,"965,00",965.0,Café Conillon,10
2025-07-21,Café Conillon,EUNAPOLIS,Tipo 7,sc 60 kg,"950,00",950.0,Café Conillon,10
2025-07-21,Café Conillon,EUNAPOLIS,Tipo 7/8,sc 60 kg,"945,00",945.0,Café Conillon,10
2025-07-22,Café Conillon,EUNAPOLIS,Tipo 7,sc 60 kg,"950,00",950.0,Café Conillon,10
2025-07-22,Café Conillon,EUNAPOLIS,Tipo 7/8,sc 60 kg,"945,00",945.0,Café Conillon,10
2025-07-23,Café Conillon,EUNAPOLIS,Tipo 7,sc 60 kg,"960,00",960.0,Café Conillon,10
2025-07-23,Café Conillon,EUNAPOLIS,Tipo 7/8,sc 60 kg,"955,00",955.0,Café Conillon,10
2025-07-24,Café Conillon,EUNAPOLIS,Tipo 7,sc 60 kg,"960,00",960.0,Café Conillon,10
2025-07-24,Café Conillon,EUNAPOLIS,Tipo 7/8,sc 60 kg,"955,00",955.0,Café Conillon,10
2025-07-25,Café Conillon,EUNAPOLIS,Tipo 7,sc 60 kg,"960,00",960.0,Café Conillon,10
2025-07-25,Café Conillon,EUNAPOLIS,Tipo 7/8,sc 60 kg,"955,00",955.0,Café Conillon,10
2025-07-28,Café Conillon,EUNAPOLIS,Tipo 7,sc 60 kg,"980,00",980.0,Café Conillon,10
2025-07-28,Café Conillon,EUNAPOLIS,Tipo 7/8,sc 60 kg,"975,00",975.0,Café Conillon,10
2025-07-29,Café Conillon,EUNAPOLIS,Tipo 7,sc 60 kg,"970,00",970.0,Café Conillon,10
2025-07-29,Café Conillon,EUNAPOLIS,Tipo 7/8,sc 60 kg,"965,00",965.0,Café Conillon,10
2025-07-30,Café Conillon,EUNAPOLIS,Tipo 7,sc 60 kg,"1.000,00",1000.0,Café Conillon,10
2025-07-30,Café Conillon,EUNAPOLIS,Tipo 7/8,sc 60 kg,"995,00",995.0,Café Conillon,10
2025-07-31,Café Conillon,EUNAPOLIS,Tipo 7,sc 60 kg,"1.000,00",1000.0,Café Conillon,10
2025-07-31,Café Conillon,EUNAPOLIS,Tipo 7/8,sc 60 kg,"995,00",995.0,Café Conillon,10
2025-08-01,Café Conillon,EUNAPOLIS,Tipo 7,sc 60 kg,"1.000,00",1000.0,Café Conillon,10
2025-08-01,Café Conillon,EUNAPOLIS,Tipo 7/8,sc 60 kg,"995,00",995.0,Café Conillon,10
2025-08-04,Café Conillon,EUNAPOLIS,Tipo 7,sc 60 kg,"970,00",970.0,Café Conillon,10
2025-08-04,Café Conillon,EUNAPOLIS,Tipo 7/8,sc 60 kg,"965,00",965.0,Café Conillon,10
2025-08-05,Café Conillon,EUNAPOLIS,Tipo 7,sc 60 kg,"980,00",980.0,Café Conillon,10
2025-08-05,Café Conillon,EUNAPOLIS,Tipo 7/8,sc 60 kg,"975,00",975.0,Café Conillon,10
2025-08-06,Café Conillon,EUNAPOLIS,Tipo 7,sc 60 kg,"980,00",980.0,Café Conillon,10
2025-08-06,Café Conillon,EUNAPOLIS,Tipo 7/8,sc 60 kg,"975,00",975.0,Café Conillon,10
2025-08-07,Café Conillon,EUNAPOLIS,Tipo 7,sc 60 kg,"980,00",980.0,Café Conillon,10
2025-08-07,Café Conillon,EUNAPOLIS,Tipo 7/8,sc 60 kg,"975,00",975.0,Café Conillon,10
2025-08-08,Café Conillon,EUNAPOLIS,Tipo 7,sc 60 kg,"980,00",980.0,Café Conillon,10
2025-08-08,Café Conillon,EUNAPOLIS,Tipo 7/8,sc 60 kg,"975,00",975.0,Café Conillon,10
2025-08-11,Café Conillon,EUNAPOLIS,Tipo 7,sc 60 kg,"1.000,00",1000.0,Café Conillon,10
2025-08-11,Café Conillon,EUNAPOLIS,Tipo 7/8,sc 60 kg,"995,00",995.0,Café Conillon,10
2025-08-12,Café Conillon,EUNAPOLIS,Tipo 7,sc 60 kg,"1.020,00",1020.0,Café Conillon,10
2025-08-12,Café Conillon,EUNAPOLIS,Tipo 7/8,sc 60 kg,"1.015,00",1015.0,Café Conillon,10
2025-08-13,Café Conillon,EUNAPOLIS,Tipo 7,sc 60 kg,"1.020,00",1020.0,Café Conillon,10
2025-08-13,Café Conillon,EUNAPOLIS,Tipo 7/8,sc 60 kg,"1.015,00",1015.0,Café Conillon,10
2025-08-14,Café Conillon,EUNAPOLIS,Tipo 7,sc 60 kg,"1.080,00",1080.0,Café Conillon,10
2025-08-14,Café Conillon,EUNAPOLIS,Tipo 7/8,sc 60 kg,"1.075,00",1075.0,Café Conillon,10
2025-08-15,Café Conillon,EUNAPOLIS,Tipo 7,sc 60 kg,"1.130,00",1130.0,Café Conillon,10
2025-08-15,Café Conillon,EUNAPOLIS,Tipo 7/8,sc 60 kg,"1.125,00",1125.0,Café Conillon,10
2025-08-18,Café Conillon,EUNAPOLIS,Tipo 7,sc 60 kg,"1.180,00",1180.0,Café Conillon,10
2025-08-18,Café Conillon,EUNAPOLIS,Tipo 7/8,sc 60 kg,"1.175,00",1175.0,Café Conillon,10
2025-08-19,Café Conillon,EUNAPOLIS,Tipo 7,sc 60 kg,"1.180,00",1180.0,Café Conillon,10
2025-08-19,Café Conillon,EUNAPOLIS,Tipo 7/8,sc 60 kg,"1.175,00",1175.0,Café Conillon,10
2025-08-20,Café Conillon,EUNAPOLIS,Tipo 7,sc 60 kg,"1.290,00",1290.0,Café Conillon,10
2025-08-20,Café Conillon,EUNAPOLIS,Tipo 7/8,sc 60 kg,"1.285,00",1285.0,Café Conillon,10
2025-08-21,Café Conillon,EUNAPOLIS,Tipo 7,sc 60 kg,"1.330,00",1330.0,Café Conillon,10
2025-08-21,Café Conillon,EUNAPOLIS,Tipo 7/8,sc 60 kg,"1.325,00",1325.0,Café Conillon,10
2025-08-22,Café Conillon,EUNAPOLIS,Tipo 7,sc 60 kg,"1.400,00",1400.0,Café Conillon,10
2025-08-22,Café Conillon,EUNAPOLIS,Tipo 7/8,sc 60 kg,"1.395,00",1395.0,Café Conillon,10
2025-08-25,Café Conillon,EUNAPOLIS,Tipo 7,sc 60 kg,"1.440,00",1440.0,Café Conillon,10
2025-08-25,Café Conillon,EUNAPOLIS,Tipo 7/8,sc 60 kg,"1.435,00",1435.0,Café Conillon,10
2025-08-26,Café Conillon,EUNAPOLIS,Tipo 7,sc 60 kg,"1.440,00",1440.0,Café Conillon,10
2025-08-26,Café Conillon,EUNAPOLIS,Tipo 7/8,sc 60 kg,"1.435,00",1435.0,Café Conillon,10
2025-08-27,Café Conillon,EUNAPOLIS,Tipo 7,sc 60 kg,"1.470,00",1470.0,Café Conillon,10
2025-08-27,Café Conillon,EUNAPOLIS,Tipo 7/8,sc 60 kg,"1.465,00",1465.0,Café Conillon,10
2025-08-28,Café Conillon,EUNAPOLIS,Tipo 7,sc 60 kg,"1.490,00",1490.0,Café Conillon,10
2025-08-28,Café Conillon,EUNAPOLIS,Tipo 7/8,sc 60 kg,"1.485,00",1485.0,Café Conillon,10
2025-08-29,Café Conillon,EUNAPOLIS,Tipo 7,sc 60 kg,"1.500,00",1500.0,Café Conillon,10
2025-08-29,Café Conillon,EUNAPOLIS,Tipo 7/8,sc 60 kg,"1.495,00",1495.0,Café Conillon,10
2025-09-01,Café Conillon,EUNAPOLIS,Tipo 7,sc 60 kg,"1.500,00",1500.0,Café Conillon,10
2025-09-01,Café Conillon,EUNAPOLIS,Tipo 7/8,sc 60 kg,"1.495,00",1495.0,Café Conillon,10
2025-09-02,Café Conillon,EUNAPOLIS,Tipo 7,sc 60 kg,"1.450,00",1450.0,Café Conillon,10
2025-09-02,Café Conillon,EUNAPOLIS,Tipo 7/8,sc 60 kg,"1.445,00",1445.0,Café Conillon,10
2025-09-03,Café Conillon,EUNAPOLIS,Tipo 7,sc 60 kg,"1.380,00",1380.0,Café Conillon,10
2025-09-03,Café Conillon,EUNAPOLIS,Tipo 7/8,sc 60 kg,"1.375,00",1375.0,Café Conillon,10
2025-09-04,Café Conillon,EUNAPOLIS,Tipo 7,sc 60 kg,"1.380,00",1380.0,Café Conillon,10
2025-09-04,Café Conillon,EUNAPOLIS,Tipo 7/8,sc 60 kg,"1.375,00",1375.0,Café Conillon,10
2025-09-05,Café Conillon,EUNAPOLIS,Tipo 7,sc 60 kg,"1.320,00",1320.0,Café Conillon,10
2025-09-05,Café Conillon,EUNAPOLIS,Tipo 7/8,sc 60 kg,"1.315,00",1315.0,Café Conillon,10
2025-09-08,Café Conillon,EUNAPOLIS,Tipo 7,sc 60 kg,"1.320,00",1320.0,Café Conillon,10
2025-09-08,Café Conillon,EUNAPOLIS,Tipo 7/8,sc 60 kg,"1.315,00",1315.0,Café Conillon,10
2025-09-09,Café Conillon,EUNAPOLIS,Tipo 7,sc 60 kg,"1.320,00",1320.0,Café Conillon,10
2025-09-09,Café Conillon,EUNAPOLIS,Tipo 7/8,sc 60 kg,"1.315,00",1315.0,Café Conillon,10
2025-09-10,Café Conillon,EUNAPOLIS,Tipo 7,sc 60 kg,"1.320,00",1320.0,Café Conillon,10
2025-09-10,Café Conillon,EUNAPOLIS,Tipo 7/8,sc 60 kg,"1.315,00",1315.0,Café Conillon,10
2025-09-11,Café Conillon,EUNAPOLIS,Tipo 7,sc 60 kg,"1.320,00",1320.0,Café Conillon,10
2025-09-11,Café Conillon,EUNAPOLIS,Tipo 7/8,sc 60 kg,"1.315,00",1315.0,Café Conillon,10
2025-09-12,Café Conillon,EUNAPOLIS,Tipo 7,sc 60 kg,"1.380,00",1380.0,Café Conillon,10
2025-09-12,Café Conillon,EUNAPOLIS,Tipo 7/8,sc 60 kg,"1.375,00",1375.0,Café Conillon,10
2025-09-15,Café Conillon,EUNAPOLIS,Tipo 7,sc 60 kg,"1.380,00",1380.0,Café Conillon,10
2025-09-15,Café Conillon,EUNAPOLIS,Tipo 7/8,sc 60 kg,"1.375,00",1375.0,Café Conillon,10
2025-09-16,Café Conillon,EUNAPOLIS,Tipo 7,sc 60 kg,"1.440,00",1440.0,Café Conillon,10
2025-09-16,Café Conillon,EUNAPOLIS,Tipo 7/8,sc 60 kg,"1.435,00",1435.0,Café Conillon,10
2025-09-17,Café Conillon,EUNAPOLIS,Tipo 7,sc 60 kg,"1.440,00",1440.0,Café Conillon,10
2025-09-17,Café Conillon,EUNAPOLIS,Tipo 7/8,sc 60 kg,"1.435,00",1435.0,Café Conillon,10
2025-09-18,Café Conillon,EUNAPOLIS,Tipo 7,sc 60 kg,"1.320,00",1320.0,Café Conillon,10
2025-09-18,Café Conillon,EUNAPOLIS,Tipo 7/8,sc 60 kg,"1.315,00",1315.0,Café Conillon,10
2025-09-19,Café Conillon,EUNAPOLIS,Tipo 7,sc 60 kg,"1.320,00",1320.0,Café Conillon,10
2025-09-19,Café Conillon,EUNAPOLIS,Tipo 7/8,sc 60 kg,"1.315,00",1315.0,Café Conillon,10
2025-09-22,Café Conillon,EUNAPOLIS,Tipo 7,sc 60 kg,"1.280,00",1280.0,Café Conillon,10
2025-09-22,Café Conillon,EUNAPOLIS,Tipo 7/8,sc 60 kg,"1.275,00",1275.0,Café Conillon,10
2025-09-23,Café Conillon,EUNAPOLIS,Tipo 7,sc 60 kg,"1.280,00",1280.0,Café Conillon,10
2025-09-23,Café Conillon,EUNAPOLIS,Tipo 7/8,sc 60 kg,"1.275,00",1275.0,Café Conillon,10
2025-09-24,Café Conillon,EUNAPOLIS,Tipo 7,sc 60 kg,"1.280,00",1280.0,Café Conillon,10
2025-09-24,Café Conillon,EUNAPOLIS,Tipo 7/8,sc 60 kg,"1.275,00",1275.0,Café Conillon,10
2025-09-25,Café Conillon,EUNAPOLIS,Tipo 7,sc 60 kg,"1.270,00",1270.0,Café Conillon,10
2025-09-25,Café Conillon,EUNAPOLIS,Tipo 7/8,sc 60 kg,"1.265,00",1265.0,Café Conillon,10
2025-09-26,Café Conillon,EUNAPOLIS,Tipo 7,sc 60 kg,"1.270,00",1270.0,Café Conillon,10
2025-09-26,Café Conillon,EUNAPOLIS,Tipo 7/8,sc 60 kg,"1.265,00",1265.0,Café Conillon,10
2025-09-29,Café Conillon,EUNAPOLIS,Tipo 7,sc 60 kg,"1.300,00",1300.0,Café Conillon,10
2025-09-29,Café Conillon,EUNAPOLIS,Tipo 7/8,sc 60 kg,"1.295,00",1295.0,Café Conillon,10
2025-09-30,Café Conillon,EUNAPOLIS,Tipo 7,sc 60 kg,"1.300,00",1300.0,Café Conillon,10
2025-09-30,Café Conillon,EUNAPOLIS,Tipo 7/8,sc 60 kg,"1.295,00",1295.0,Café Conillon,10
2025-10-01,Café Conillon,EUNAPOLIS,Tipo 7,sc 60 kg,"1.300,00",1300.0,Café Conillon,10
2025-10-01,Café Conillon,EUNAPOLIS,Tipo 7/8,sc 60 kg,"1.295,00",1295.0,Café Conillon,10
2025-10-02,Café Conillon,EUNAPOLIS,Tipo 7,sc 60 kg,"1.300,00",1300.0,Café Conillon,10
2025-10-02,Café Conillon,EUNAPOLIS,Tipo 7/8,sc 60 kg,"1.295,00",1295.0,Café Conillon,10
2025-10-03,Café Conillon,EUNAPOLIS,Tipo 7,sc 60 kg,"1.320,00",1320.0,Café Conillon,10
2025-10-03,Café Conillon,EUNAPOLIS,Tipo 7/8,sc 60 kg,"1.315,00",1315.0,Café Conillon,10
2025-10-06,Café Conillon,EUNAPOLIS,Tipo 7,sc 60 kg,"1.320,00",1320.0,Café Conillon,10
2025-10-06,Café Conillon,EUNAPOLIS,Tipo 7/8,sc 60 kg,"1.315,00",1315.0,Café Conillon,10
2025-10-07,Café Conillon,EUNAPOLIS,Tipo 7,sc 60 kg,"1.320,00",1320.0,Café Conillon,10
2025-10-07,Café Conillon,EUNAPOLIS,Tipo 7/8,sc 60 kg,"1.315,00",1315.0,Café Conillon,10
2025-10-08,Café Conillon,EUNAPOLIS,Tipo 7,sc 60 kg,"1.350,00",1350.0,Café Conillon,10
2025-10-08,Café Conillon,EUNAPOLIS,Tipo 7/8,sc 60 kg,"1.345,00",1345.0,Café Conillon,10
2025-10-09,Café Conillon,EUNAPOLIS,Tipo 7,sc 60 kg,"1.350,00",1350.0,Café Conillon,10
2025-10-09,Café Conillon,EUNAPOLIS,Tipo 7/8,sc 60 kg,"1.345,00",1345.0,Café Conillon,10
2025-10-10,Café Conillon,EUNAPOLIS,Tipo 7,sc 60 kg,"1.360,00",1360.0,Café Conillon,10
2025-10-10,Café Conillon,EUNAPOLIS,Tipo 7/8,sc 60 kg,"1.355,00",1355.0,Café Conillon,10
2025-10-13,Café Conillon,EUNAPOLIS,Tipo 7,sc 60 kg,"1.360,00",1360.0,Café Conillon,10
2025-10-13,Café Conillon,EUNAPOLIS,Tipo 7/8,sc 60 kg,"1.355,00",1355.0,Café Conillon,10
2025-10-14,Café Conillon,EUNAPOLIS,Tipo 7,sc 60 kg,"1.380,00",1380.0,Café Conillon,10
2025-10-14,Café Conillon,EUNAPOLIS,Tipo 7/8,sc 60 kg,"1.375,00",1375.0,Café Conillon,10
2025-10-15,Café Conillon,EUNAPOLIS,Tipo 7,sc 60 kg,"1.390,00",1390.0,Café Conillon,10
2025-10-15,Café Conillon,EUNAPOLIS,Tipo 7/8,sc 60 kg,"1.385,00",1385.0,Café Conillon,10
2025-10-16,Café Conillon,EUNAPOLIS,Tipo 7,sc 60 kg,"1.390,00",1390.0,Café Conillon,10
2025-10-16,Café Conillon,EUNAPOLIS,Tipo 7/8,sc 60 kg,"1.385,00",1385.0,Café Conillon,10
2025-10-17,Café Conillon,EUNAPOLIS,Tipo 7,sc 60 kg,"1.390,00",1390.0,Café Conillon,10
2025-10-17,Café Conillon,EUNAPOLIS,Tipo 7/8,sc 60 kg,"1.385,00",1385.0,Café Conillon,10
2025-10-20,Café Conillon,EUNAPOLIS,Tipo 7,sc 60 kg,"1.390,00",1390.0,Café Conillon,10
2025-10-20,Café Conillon,EUNAPOLIS,Tipo 7/8,sc 60 kg,"1.385,00",1385.0,Café Conillon,10
2025-10-21,Café Conillon,EUNAPOLIS,Tipo 7,sc 60 kg,"1.380,00",1380.0,Café Conillon,10
2025-10-21,Café Conillon,EUNAPOLIS,Tipo 7/8,sc 60 kg,"1.375,00",1375.0,Café Conillon,10
2025-10-22,Café Conillon,EUNAPOLIS,Tipo 7,sc 60 kg,"1.390,00",1390.0,Café Conillon,10
2025-10-22,Café Conillon,EUNAPOLIS,Tipo 7/8,sc 60 kg,"1.385,00",1385.0,Café Conillon,10
2025-10-23,Café Conillon,EUNAPOLIS,Tipo 7,sc 60 kg,"1.410,00",1410.0,Café Conillon,10
2025-10-23,Café Conillon,EUNAPOLIS,Tipo 7/8,sc 60 kg,"1.405,00",1405.0,Café Conillon,10
2025-10-24,Café Conillon,EUNAPOLIS,Tipo 7,sc 60 kg,"1.410,00",1410.0,Café Conillon,10
2025-10-24,Café Conillon,EUNAPOLIS,Tipo 7/8,sc 60 kg,"1.405,00",1405.0,Café Conillon,10
2025-10-28,Café Conillon,EUNAPOLIS,Tipo 7,sc 60 kg,"1.340,00",1340.0,Café Conillon,10
2025-10-28,Café Conillon,EUNAPOLIS,Tipo 7/8,sc 60 kg,"1.335,00",1335.0,Café Conillon,10
2025-10-29,Café Conillon,EUNAPOLIS,Tipo 7,sc 60 kg,"1.350,00",1350.0,Café Conillon,10
2025-10-29,Café Conillon,EUNAPOLIS,Tipo 7/8,sc 60 kg,"1.345,00",1345.0,Café Conillon,10
2025-10-30,Café Conillon,EUNAPOLIS,Tipo 7,sc 60 kg,"1.370,00",1370.0,Café Conillon,10
2025-10-30,Café Conillon,EUNAPOLIS,Tipo 7/8,sc 60 kg,"1.365,00",1365.0,Café Conillon,10
2025-10-31,Café Conillon,EUNAPOLIS,Tipo 7,sc 60 kg,"1.370,00",1370.0,Café Conillon,10
2025-10-31,Café Conillon,EUNAPOLIS,Tipo 7/8,sc 60 kg,"1.365,00",1365.0,Café Conillon,10
2025-11-03,Café Conillon,EUNAPOLIS,Tipo 7,sc 60 kg,"1.380,00",1380.0,Café Conillon,10
2025-11-03,Café Conillon,EUNAPOLIS,Tipo 7/8,sc 60 kg,"1.375,00",1375.0,Café Conillon,10
2025-11-04,Café Conillon,EUNAPOLIS,Tipo 7,sc 60 kg,"1.400,00",1400.0,Café Conillon,10
2025-11-04,Café Conillon,EUNAPOLIS,Tipo 7/8,sc 60 kg,"1.395,00",1395.0,Café Conillon,10
2025-11-05,Café Conillon,EUNAPOLIS,Tipo 7,sc 60 kg,"1.390,00",1390.0,Café Conillon,10
2025-11-05,Café Conillon,EUNAPOLIS,Tipo 7/8,sc 60 kg,"1.385,00",1385.0,Café Conillon,10
2025-11-06,Café Conillon,EUNAPOLIS,Tipo 7,sc 60 kg,"1.390,00",1390.0,Café Conillon,10
2025-11-06,Café Conillon,EUNAPOLIS,Tipo 7/8,sc 60 kg,"1.385,00",1385.0,Café Conillon,10
2025-11-07,Café Conillon,EUNAPOLIS,Tipo 7,sc 60 kg,"1.390,00",1390.0,Café Conillon,10
2025-11-07,Café Conillon,EUNAPOLIS,Tipo 7/8,sc 60 kg,"1.385,00",1385.0,Café Conillon,10
2025-11-10,Café Conillon,EUNAPOLIS,Tipo 7,sc 60 kg,"1.360,00",1360.0,Café Conillon,10
2025-11-10,Café Conillon,EUNAPOLIS,Tipo 7/8,sc 60 kg,"1.355,00",1355.0,Café Conillon,10
2025-11-11,Café Conillon,EUNAPOLIS,Tipo 7,sc 60 kg,"1.360,00",1360.0,Café Conillon,10
2025-11-11,Café Conillon,EUNAPOLIS,Tipo 7/8,sc 60 kg,"1.355,00",1355.0,Café Conillon,10
2025-11-12,Café Conillon,EUNAPOLIS,Tipo 7,sc 60 kg,"1.340,00",1340.0,Café Conillon,10
2025-11-12,Café Conillon,EUNAPOLIS,Tipo 7/8,sc 60 kg,"1.335,00",1335.0,Café Conillon,10
2025-11-13,Café Conillon,EUNAPOLIS,Tipo 7,sc 60 kg,"1.320,00",1320.0,Café Conillon,10
2025-11-13,Café Conillon,EUNAPOLIS,Tipo 7/8,sc 60 kg,"1.315,00",1315.0,Café Conillon,10
2025-11-14,Café Conillon,EUNAPOLIS,Tipo 7,sc 60 kg,"1.270,00",1270.0,Café Conillon,10
2025-11-14,Café Conillon,EUNAPOLIS,Tipo 7/8,sc 60 kg,"1.265,00",1265.0,Café Conillon,10
2025-11-17,Café Conillon,EUNAPOLIS,Tipo 7,sc 60 kg,"1.300,00",1300.0,Café Conillon,10
2025-11-17,Café Conillon,EUNAPOLIS,Tipo 7/8,sc 60 kg,"1.295,00",1295.0,Café Conillon,10
2025-11-18,Café Conillon,EUNAPOLIS,Tipo 7,sc 60 kg,"1.300,00",1300.0,Café Conillon,10
2025-11-18,Café Conillon,EUNAPOLIS,Tipo 7/8,sc 60 kg,"1.295,00",1295.0,Café Conillon,10
2025-11-19,Café Conillon,EUNAPOLIS,Tipo 7,sc 60 kg,"1.350,00",1350.0,Café Conillon,10
2025-11-19,Café Conillon,EUNAPOLIS,Tipo 7/8,sc 60 kg,"1.345,00",1345.0,Café Conillon,10
2025-11-24,Café Conillon,EUNAPOLIS,Tipo 7,sc 60 kg,"1.340,00",1340.0,Café Conillon,10
2025-11-24,Café Conillon,EUNAPOLIS,Tipo 7/8,sc 60 kg,"1.335,00",1335.0,Café Conillon,10
2025-11-25,Café Conillon,EUNAPOLIS,Tipo 7,sc 60 kg,"1.350,00",1350.0,Café Conillon,10
2025-11-25,Café Conillon,EUNAPOLIS,Tipo 7/8,sc 60 kg,"1.345,00",1345.0,Café Conillon,10
2025-11-26,Café Conillon,EUNAPOLIS,Tipo 7,sc 60 kg,"1.360,00",1360.0,Café Conillon,10
2025-11-26,Café Conillon,EUNAPOLIS,Tipo 7/8,sc 60 kg,"1.355,00",1355.0,Café Conillon,10
2025-11-27,Café Conillon,EUNAPOLIS,Tipo 7,sc 60 kg,"1.360,00",1360.0,Café Conillon,10
2025-11-27,Café Conillon,EUNAPOLIS,Tipo 7/8,sc 60 kg,"1.355,00",1355.0,Café Conillon,10
2025-11-28,Café Conillon,EUNAPOLIS,Tipo 7,sc 60 kg,"1.360,00",1360.0,Café Conillon,10
2025-11-28,Café Conillon,EUNAPOLIS,Tipo 7/8,sc 60 kg,"1.355,00",1355.0,Café Conillon,10
2025-12-01,Café Conillon,EUNAPOLIS,Tipo 7,sc 60 kg,"1.340,00",1340.0,Café Conillon,10
2025-12-01,Café Conillon,EUNAPOLIS,Tipo 7/8,sc 60 kg,"1.335,00",1335.0,Café Conillon,10
2025-12-02,Café Conillon,EUNAPOLIS,Tipo 7,sc 60 kg,"1.340,00",1340.0,Café Conillon,10
2025-12-02,Café Conillon,EUNAPOLIS,Tipo 7/8,sc 60 kg,"1.335,00",1335.0,Café Conillon,10
2025-12-03,Café Conillon,EUNAPOLIS,Tipo 7,sc 60 kg,"1.340,00",1340.0,Café Conillon,10
2025-12-03,Café Conillon,EUNAPOLIS,Tipo 7/8,sc 60 kg,"1.335,00",1335.0,Café Conillon,10
2025-12-04,Café Conillon,EUNAPOLIS,Tipo 7,sc 60 kg,"1.340,00",1340.0,Café Conillon,10
2025-12-04,Café Conillon,EUNAPOLIS,Tipo 7/8,sc 60 kg,"1.335,00",1335.0,Café Conillon,10
2025-12-05,Café Conillon,EUNAPOLIS,Tipo 7,sc 60 kg,"1.340,00",1340.0,Café Conillon,10
2025-12-05,Café Conillon,EUNAPOLIS,Tipo 7/8,sc 60 kg,"1.335,00",1335.0,Café Conillon,10
2025-12-09,Café Conillon,EUNAPOLIS,Tipo 7,sc 60 kg,"1.320,00",1320.0,Café Conillon,10
2025-12-09,Café Conillon,EUNAPOLIS,Tipo 7/8,sc 60 kg,"1.315,00",1315.0,Café Conillon,10
2025-12-10,Café Conillon,EUNAPOLIS,Tipo 7,sc 60 kg,"1.320,00",1320.0,Café Conillon,10
2025-12-10,Café Conillon,EUNAPOLIS,Tipo 7/8,sc 60 kg,"1.315,00",1315.0,Café Conillon,10
2025-12-11,Café Conillon,EUNAPOLIS,Tipo 7,sc 60 kg,"1.320,00",1320.0,Café Conillon,10
2025-12-11,Café Conillon,EUNAPOLIS,Tipo 7/8,sc 60 kg,"1.315,00",1315.0,Café Conillon,10
2025-12-12,Café Conillon,EUNAPOLIS,Tipo 7,sc 60 kg,"1.290,00",1290.0,Café Conillon,10
2025-12-12,Café Conillon,EUNAPOLIS,Tipo 7/8,sc 60 kg,"1.285,00",1285.0,Café Conillon,10
2025-12-15,Café Conillon,EUNAPOLIS,Tipo 7,sc 60 kg,"1.290,00",1290.0,Café Conillon,10
2025-12-15,Café Conillon,EUNAPOLIS,Tipo 7/8,sc 60 kg,"1.285,00",1285.0,Café Conillon,10
2025-12-16,Café Conillon,EUNAPOLIS,Tipo 7,sc 60 kg,"1.260,00",1260.0,Café Conillon,10
2025-12-16,Café Conillon,EUNAPOLIS,Tipo 7/8,sc 60 kg,"1.255,00",1255.0,Café Conillon,10
2025-12-17,Café Conillon,EUNAPOLIS,Tipo 7,sc 60 kg,"1.190,00",1190.0,Café Conillon,10
2025-12-17,Café Conillon,EUNAPOLIS,Tipo 7/8,sc 60 kg,"1.185,00",1185.0,Café Conillon,10
2025-12-18,Café Conillon,EUNAPOLIS,Tipo 7,sc 60 kg,"1.190,00",1190.0,Café Conillon,10
2025-12-18,Café Conillon,EUNAPOLIS,Tipo 7/8,sc 60 kg,"1.185,00",1185.0,Café Conillon,10
2025-12-19,Café Conillon,EUNAPOLIS,Tipo 7,sc 60 kg,"1.190,00",1190.0,Café Conillon,10
2025-12-19,Café Conillon,EUNAPOLIS,Tipo 7/8,sc 60 kg,"1.185,00",1185.0,Café Conillon,10
2025-12-22,Café Conillon,EUNAPOLIS,Tipo 7,sc 60 kg,"1.190,00",1190.0,Café Conillon,10
2025-12-22,Café Conillon,EUNAPOLIS,Tipo 7/8,sc 60 kg,"1.185,00",1185.0,Café Conillon,10
2025-12-23,Café Conillon,EUNAPOLIS,Tipo 7,sc 60 kg,"1.190,00",1190.0,Café Conillon,10
2025-12-23,Café Conillon,EUNAPOLIS,Tipo 7/8,sc 60 kg,"1.185,00",1185.0,Café Conillon,10
2025-12-29,Café Conillon,EUNAPOLIS,Tipo 7,sc 60 kg,"1.200,00",1200.0,Café Conillon,10
2025-12-29,Café Conillon,EUNAPOLIS,Tipo 7/8,sc 60 kg,"1.195,00",1195.0,Café Conillon,10
2025-12-30,Café Conillon,EUNAPOLIS,Tipo 7,sc 60 kg,"1.200,00",1200.0,Café Conillon,10
2025-12-30,Café Conillon,EUNAPOLIS,Tipo 7/8,sc 60 kg,"1.195,00",1195.0,Café Conillon,10
2026-01-05,Café Conillon,EUNAPOLIS,Tipo 7,sc 60 kg,"1.200,00",1200.0,Café Conillon,10
2026-01-05,Café Conillon,EUNAPOLIS,Tipo 7/8,sc 60 kg,"1.195,00",1195.0,Café Conillon,10
2026-01-06,Café Conillon,EUNAPOLIS,Tipo 7,sc 60 kg,"1.200,00",1200.0,Café Conillon,10
2026-01-06,Café Conillon,EUNAPOLIS,Tipo 7/8,sc 60 kg,"1.195,00",1195.0,Café Conillon,10
2026-01-07,Café Conillon,EUNAPOLIS,Tipo 7,sc 60 kg,"1.200,00",1200.0,Café Conillon,10
2026-01-07,Café Conillon,EUNAPOLIS,Tipo 7/8,sc 60 kg,"1.195,00",1195.0,Café Conillon,10
2026-01-08,Café Conillon,EUNAPOLIS,Tipo 7,sc 60 kg,"1.200,00",1200.0,Café Conillon,10
2026-01-08,Café Conillon,EUNAPOLIS,Tipo 7/8,sc 60 kg,"1.195,00",1195.0,Café Conillon,10
2026-01-09,Café Conillon,EUNAPOLIS,Tipo 7,sc 60 kg,"1.240,00",1240.0,Café Conillon,10
2026-01-09,Café Conillon,EUNAPOLIS,Tipo 7/8,sc 60 kg,"1.235,00",1235.0,Café Conillon,10
2026-01-12,Café Conillon,EUNAPOLIS,Tipo 7,sc 60 kg,"1.240,00",1240.0,Café Conillon,10
2026-01-12,Café Conillon,EUNAPOLIS,Tipo 7/8,sc 60 kg,"1.235,00",1235.0,Café Conillon,10
2026-01-13,Café Conillon,EUNAPOLIS,Tipo 7,sc 60 kg,"1.240,00",1240.0,Café Conillon,10
2026-01-13,Café Conillon,EUNAPOLIS,Tipo 7/8,sc 60 kg,"1.235,00",1235.0,Café Conillon,10
2026-01-14,Café Conillon,EUNAPOLIS,Tipo 7,sc 60 kg,"1.240,00",1240.0,Café Conillon,10
2026-01-14,Café Conillon,EUNAPOLIS,Tipo 7/8,sc 60 kg,"1.235,00",1235.0,Café Conillon,10
2026-01-15,Café Conillon,EUNAPOLIS,Tipo 7,sc 60 kg,"1.240,00",1240.0,Café Conillon,10
2026-01-15,Café Conillon,EUNAPOLIS,Tipo 7/8,sc 60 kg,"1.235,00",1235.0,Café Conillon,10
2026-01-16,Café Conillon,EUNAPOLIS,Tipo 7,sc 60 kg,"1.250,00",1250.0,Café Conillon,10
2026-01-16,Café Conillon,EUNAPOLIS,Tipo 7/8,sc 60 kg,"1.245,00",1245.0,Café Conillon,10
2026-01-19,Café Conillon,EUNAPOLIS,Tipo 7,sc 60 kg,"1.240,00",1240.0,Café Conillon,10
2026-01-19,Café Conillon,EUNAPOLIS,Tipo 7/8,sc 60 kg,"1.235,00",1235.0,Café Conillon,10
2026-01-20,Café Conillon,EUNAPOLIS,Tipo 7,sc 60 kg,"1.240,00",1240.0,Café Conillon,10
2026-01-20,Café Conillon,EUNAPOLIS,Tipo 7/8,sc 60 kg,"1.235,00",1235.0,Café Conillon,10
2026-01-21,Café Conillon,EUNAPOLIS,Tipo 7,sc 60 kg,"1.240,00",1240.0,Café Conillon,10
2026-01-21,Café Conillon,EUNAPOLIS,Tipo 7/8,sc 60 kg,"1.235,00",1235.0,Café Conillon,10
