date,open,high,low,close,adj_close,volume,ticker,currency,exchange
2000-01-03,50.43000030517578,51.099998474121094,50.349998474121094,51.06999969482422,51.06999969482422,8033.0,CT=F,USX,NYM
2000-01-04,50.900001525878906,50.970001220703125,50.25,50.72999954223633,50.72999954223633,4709.0,CT=F,USX,NYM
2000-01-05,50.75,51.84000015258789,50.75,51.560001373291016,51.560001373291016,10464.0,CT=F,USX,NYM
2000-01-06,51.900001525878906,52.099998474121094,51.54999923706055,52.08000183105469,52.08000183105469,7247.0,CT=F,USX,NYM
2000-01-07,52.08000183105469,54.04999923706055,51.900001525878906,53.959999084472656,53.959999084472656,19389.0,CT=F,USX,NYM
2000-01-10,53.849998474121094,53.95000076293945,53.20000076293945,53.560001373291016,53.560001373291016,8349.0,CT=F,USX,NYM
2000-01-11,53.599998474121094,54.20000076293945,53.310001373291016,54.18000030517578,54.18000030517578,8698.0,CT=F,USX,NYM
2000-01-12,54.20000076293945,54.599998474121094,53.650001525878906,53.720001220703125,53.720001220703125,11455.0,CT=F,USX,NYM
2000-01-13,53.900001525878906,54.79999923706055,53.400001525878906,54.75,54.75,8413.0,CT=F,USX,NYM
2000-01-14,54.91999816894531,55.849998474121094,54.650001525878906,55.119998931884766,55.119998931884766,14981.0,CT=F,USX,NYM
2000-01-18,55.0,55.099998474121094,54.2599983215332,54.7599983215332,54.7599983215332,5269.0,CT=F,USX,NYM
2000-01-19,55.099998474121094,57.7599983215332,55.099998474121094,57.75,57.75,18631.0,CT=F,USX,NYM
2000-01-20,57.650001525878906,57.79999923706055,56.599998474121094,57.439998626708984,57.439998626708984,8938.0,CT=F,USX,NYM
2000-01-21,57.849998474121094,58.599998474121094,55.79999923706055,56.150001525878906,56.150001525878906,12250.0,CT=F,USX,NYM
2000-01-24,56.29999923706055,57.04999923706055,55.849998474121094,56.349998474121094,56.349998474121094,4199.0,CT=F,USX,NYM
2000-01-25,56.150001525878906,58.0,56.099998474121094,57.86000061035156,57.86000061035156,6755.0,CT=F,USX,NYM
2000-01-26,57.900001525878906,58.75,56.70000076293945,57.41999816894531,57.41999816894531,6721.0,CT=F,USX,NYM
2000-01-27,57.400001525878906,57.900001525878906,56.560001373291016,57.529998779296875,57.529998779296875,5566.0,CT=F,USX,NYM
2000-01-28,57.5,57.79999923706055,56.900001525878906,57.45000076293945,57.45000076293945,4054.0,CT=F,USX,NYM
2000-01-31,56.900001525878906,57.900001525878906,56.45000076293945,57.86000061035156,57.86000061035156,6238.0,CT=F,USX,NYM
2000-02-01,57.349998474121094,57.849998474121094,56.16999816894531,57.130001068115234,57.130001068115234,4042.0,CT=F,USX,NYM
2000-02-02,57.25,57.5,56.900001525878906,57.040000915527344,57.040000915527344,5365.0,CT=F,USX,NYM
2000-02-03,57.400001525878906,57.5,55.70000076293945,56.09000015258789,56.09000015258789,10230.0,CT=F,USX,NYM
2000-02-04,55.900001525878906,56.400001525878906,55.209999084472656,56.08000183105469,56.08000183105469,7717.0,CT=F,USX,NYM
2000-02-07,55.849998474121094,56.380001068115234,55.650001525878906,56.18000030517578,56.18000030517578,6125.0,CT=F,USX,NYM
2000-02-08,55.5,55.900001525878906,55.25,55.29999923706055,55.29999923706055,5941.0,CT=F,USX,NYM
2000-02-09,55.29999923706055,55.900001525878906,55.04999923706055,55.79999923706055,55.79999923706055,10053.0,CT=F,USX,NYM
2000-02-10,55.79999923706055,57.79999923706055,55.650001525878906,57.540000915527344,57.540000915527344,12372.0,CT=F,USX,NYM
2000-02-11,57.29999923706055,57.70000076293945,56.900001525878906,56.970001220703125,56.970001220703125,6852.0,CT=F,USX,NYM
2000-02-14,56.75,59.099998474121094,56.650001525878906,57.2599983215332,57.2599983215332,8641.0,CT=F,USX,NYM
2000-02-15,57.0,57.0,55.709999084472656,55.7400016784668,55.7400016784668,8688.0,CT=F,USX,NYM
2000-02-16,55.25,56.150001525878906,54.79999923706055,55.400001525878906,55.400001525878906,5491.0,CT=F,USX,NYM
2000-02-17,55.79999923706055,56.5,55.40999984741211,55.470001220703125,55.470001220703125,4017.0,CT=F,USX,NYM
2000-02-18,55.95000076293945,57.2400016784668,55.5,57.09000015258789,57.09000015258789,4017.0,CT=F,USX,NYM
2000-02-22,57.5,59.20000076293945,56.599998474121094,58.79999923706055,58.79999923706055,7646.0,CT=F,USX,NYM
2000-02-23,57.900001525878906,59.349998474121094,57.900001525878906,58.41999816894531,58.41999816894531,678.0,CT=F,USX,NYM
2000-02-24,58.099998474121094,58.20000076293945,57.0,58.150001525878906,58.150001525878906,575.0,CT=F,USX,NYM
2000-02-25,58.70000076293945,58.70000076293945,56.880001068115234,56.880001068115234,56.880001068115234,210.0,CT=F,USX,NYM
2000-02-28,57.099998474121094,57.599998474121094,56.29999923706055,57.58000183105469,57.58000183105469,82.0,CT=F,USX,NYM
2000-02-29,56.599998474121094,57.099998474121094,56.20000076293945,56.599998474121094,56.599998474121094,78.0,CT=F,USX,NYM
2000-03-01,57.0,60.70000076293945,57.0,59.5,59.5,256.0,CT=F,USX,NYM
2000-03-02,59.75,59.75,58.650001525878906,58.650001525878906,58.650001525878906,21.0,CT=F,USX,NYM
2000-03-03,59.04999923706055,59.150001525878906,58.5,59.04999923706055,59.04999923706055,17.0,CT=F,USX,NYM
2000-03-06,59.75,59.75,59.0,59.400001525878906,59.400001525878906,29.0,CT=F,USX,NYM
2000-03-07,59.400001525878906,59.650001525878906,58.75,59.650001525878906,59.650001525878906,37.0,CT=F,USX,NYM
2000-03-08,59.599998474121094,60.900001525878906,59.599998474121094,60.5,60.5,56.0,CT=F,USX,NYM
2000-03-09,61.70000076293945,61.70000076293945,61.0,61.0099983215332,61.0099983215332,0.0,CT=F,USX,NYM
2000-03-10,62.90999984741211,63.75,62.599998474121094,63.599998474121094,63.599998474121094,5869.0,CT=F,USX,NYM
2000-03-13,63.0,63.45000076293945,62.2599983215332,63.209999084472656,63.209999084472656,7016.0,CT=F,USX,NYM
2000-03-14,63.0,63.79999923706055,62.75,63.36000061035156,63.36000061035156,4238.0,CT=F,USX,NYM
2000-03-15,63.849998474121094,63.95000076293945,62.79999923706055,63.220001220703125,63.220001220703125,5493.0,CT=F,USX,NYM
2000-03-16,62.79999923706055,63.20000076293945,62.45000076293945,62.540000915527344,62.540000915527344,3519.0,CT=F,USX,NYM
2000-03-17,62.70000076293945,63.0,62.36000061035156,62.689998626708984,62.689998626708984,3509.0,CT=F,USX,NYM
2000-03-20,62.150001525878906,62.310001373291016,61.0099983215332,61.13999938964844,61.13999938964844,9131.0,CT=F,USX,NYM
2000-03-21,60.77000045776367,61.90999984741211,60.5,61.380001068115234,61.380001068115234,6969.0,CT=F,USX,NYM
2000-03-22,60.900001525878906,61.150001525878906,59.79999923706055,59.86000061035156,59.86000061035156,8345.0,CT=F,USX,NYM
2000-03-23,59.75,60.02000045776367,58.900001525878906,59.040000915527344,59.040000915527344,10149.0,CT=F,USX,NYM
2000-03-24,59.04999923706055,59.54999923706055,58.5,58.810001373291016,58.810001373291016,8009.0,CT=F,USX,NYM
2000-03-27,59.04999923706055,59.400001525878906,58.5,59.209999084472656,59.209999084472656,3497.0,CT=F,USX,NYM
2000-03-28,59.20000076293945,59.599998474121094,58.95000076293945,59.150001525878906,59.150001525878906,3666.0,CT=F,USX,NYM
2000-03-29,58.5,58.70000076293945,57.81999969482422,57.95000076293945,57.95000076293945,8772.0,CT=F,USX,NYM
2000-03-30,57.95000076293945,58.45000076293945,57.5099983215332,57.56999969482422,57.56999969482422,7071.0,CT=F,USX,NYM
2000-03-31,57.75,58.900001525878906,57.720001220703125,58.13999938964844,58.13999938964844,8519.0,CT=F,USX,NYM
2000-04-03,57.5,58.45000076293945,57.400001525878906,58.38999938964844,58.38999938964844,4412.0,CT=F,USX,NYM
2000-04-04,58.400001525878906,58.5,57.0,57.209999084472656,57.209999084472656,8409.0,CT=F,USX,NYM
2000-04-05,57.29999923706055,57.650001525878906,56.36000061035156,56.400001525878906,56.400001525878906,12104.0,CT=F,USX,NYM
2000-04-06,56.900001525878906,57.150001525878906,55.5099983215332,55.68000030517578,55.68000030517578,11105.0,CT=F,USX,NYM
2000-04-07,56.0,56.599998474121094,55.900001525878906,56.290000915527344,56.290000915527344,5814.0,CT=F,USX,NYM
2000-04-10,56.150001525878906,56.400001525878906,55.599998474121094,55.9900016784668,55.9900016784668,5399.0,CT=F,USX,NYM
2000-04-11,55.900001525878906,55.900001525878906,54.75,54.95000076293945,54.95000076293945,7777.0,CT=F,USX,NYM
2000-04-12,54.650001525878906,55.79999923706055,53.5,55.75,55.75,10650.0,CT=F,USX,NYM
2000-04-13,56.0,57.349998474121094,55.95000076293945,56.81999969482422,56.81999969482422,6486.0,CT=F,USX,NYM
2000-04-14,57.04999923706055,57.29999923706055,56.099998474121094,56.43000030517578,56.43000030517578,3256.0,CT=F,USX,NYM
2000-04-17,56.400001525878906,57.04999923706055,55.95000076293945,56.91999816894531,56.91999816894531,3987.0,CT=F,USX,NYM
2000-04-18,56.599998474121094,57.599998474121094,56.599998474121094,57.29999923706055,57.29999923706055,4127.0,CT=F,USX,NYM
2000-04-19,57.369998931884766,57.70000076293945,56.0,56.619998931884766,56.619998931884766,4426.0,CT=F,USX,NYM
2000-04-20,56.25,57.0,56.150001525878906,56.41999816894531,56.41999816894531,3427.0,CT=F,USX,NYM
2000-04-24,56.70000076293945,56.79999923706055,55.20000076293945,56.720001220703125,56.720001220703125,873.0,CT=F,USX,NYM
2000-04-25,56.88999938964844,56.88999938964844,56.0,56.29999923706055,56.29999923706055,472.0,CT=F,USX,NYM
2000-04-26,56.20000076293945,56.939998626708984,56.0,56.599998474121094,56.599998474121094,185.0,CT=F,USX,NYM
2000-04-27,56.900001525878906,56.900001525878906,56.20000076293945,56.45000076293945,56.45000076293945,19.0,CT=F,USX,NYM
2000-04-28,56.5,56.79999923706055,55.70000076293945,55.709999084472656,55.709999084472656,25.0,CT=F,USX,NYM
2000-05-01,56.29999923706055,56.650001525878906,55.0,56.29999923706055,56.29999923706055,28.0,CT=F,USX,NYM
2000-05-02,56.099998474121094,57.75,56.099998474121094,57.75,57.75,36.0,CT=F,USX,NYM
2000-05-03,57.5,58.400001525878906,56.95000076293945,56.95000076293945,56.95000076293945,22.0,CT=F,USX,NYM
2000-05-04,57.20000076293945,57.20000076293945,56.400001525878906,56.79999923706055,56.79999923706055,10.0,CT=F,USX,NYM
2000-05-05,57.02000045776367,58.400001525878906,57.02000045776367,58.400001525878906,58.400001525878906,4.0,CT=F,USX,NYM
2000-05-08,57.79999923706055,58.400001525878906,57.79999923706055,58.060001373291016,58.060001373291016,0.0,CT=F,USX,NYM
2000-05-09,58.650001525878906,59.900001525878906,58.650001525878906,59.65999984741211,59.65999984741211,8511.0,CT=F,USX,NYM
2000-05-10,60.400001525878906,61.290000915527344,60.20000076293945,61.2400016784668,61.2400016784668,13997.0,CT=F,USX,NYM
2000-05-11,61.29999923706055,62.470001220703125,60.0,60.79999923706055,60.79999923706055,14073.0,CT=F,USX,NYM
2000-05-12,61.75,62.25,61.25,62.22999954223633,62.22999954223633,7056.0,CT=F,USX,NYM
2000-05-15,62.400001525878906,62.88999938964844,61.400001525878906,62.75,62.75,6784.0,CT=F,USX,NYM
2000-05-16,62.900001525878906,62.900001525878906,62.349998474121094,62.619998931884766,62.619998931884766,3684.0,CT=F,USX,NYM
2000-05-17,62.54999923706055,62.79999923706055,61.5,62.06999969482422,62.06999969482422,4884.0,CT=F,USX,NYM
2000-05-18,61.900001525878906,62.400001525878906,61.599998474121094,62.119998931884766,62.119998931884766,4652.0,CT=F,USX,NYM
2000-05-19,62.0,62.29999923706055,61.25,61.29999923706055,61.29999923706055,3976.0,CT=F,USX,NYM
2000-05-22,61.79999923706055,63.45000076293945,61.599998474121094,63.439998626708984,63.439998626708984,9069.0,CT=F,USX,NYM
2000-05-23,63.45000076293945,63.5,62.900001525878906,63.41999816894531,63.41999816894531,3866.0,CT=F,USX,NYM
2000-05-24,63.45000076293945,63.599998474121094,62.29999923706055,62.72999954223633,62.72999954223633,6495.0,CT=F,USX,NYM
2000-05-25,63.0,64.1500015258789,62.79999923706055,63.279998779296875,63.279998779296875,7891.0,CT=F,USX,NYM
2000-05-26,62.650001525878906,63.75,61.0,63.220001220703125,63.220001220703125,9653.0,CT=F,USX,NYM
2000-05-30,63.220001220703125,63.31999969482422,60.900001525878906,61.0099983215332,61.0099983215332,8972.0,CT=F,USX,NYM
2000-05-31,61.5,63.0,60.599998474121094,62.63999938964844,62.63999938964844,6871.0,CT=F,USX,NYM
2000-06-01,61.25,61.79999923706055,60.150001525878906,60.25,60.25,6844.0,CT=F,USX,NYM
2000-06-02,59.25,59.650001525878906,58.75,58.9900016784668,58.9900016784668,7027.0,CT=F,USX,NYM
2000-06-05,58.79999923706055,59.25,58.349998474121094,58.66999816894531,58.66999816894531,6651.0,CT=F,USX,NYM
2000-06-06,58.349998474121094,58.650001525878906,57.56999969482422,57.599998474121094,57.599998474121094,8858.0,CT=F,USX,NYM
2000-06-07,57.599998474121094,58.45000076293945,57.400001525878906,58.25,58.25,8319.0,CT=F,USX,NYM
2000-06-08,58.18000030517578,58.849998474121094,57.869998931884766,58.189998626708984,58.189998626708984,5307.0,CT=F,USX,NYM
2000-06-09,58.5,58.79999923706055,58.099998474121094,58.38999938964844,58.38999938964844,5094.0,CT=F,USX,NYM
2000-06-12,57.75,57.75,56.400001525878906,56.650001525878906,56.650001525878906,6871.0,CT=F,USX,NYM
2000-06-13,56.29999923706055,57.95000076293945,56.150001525878906,56.97999954223633,56.97999954223633,6589.0,CT=F,USX,NYM
2000-06-14,57.20000076293945,57.75,56.79999923706055,57.0,57.0,3055.0,CT=F,USX,NYM
2000-06-15,57.099998474121094,59.099998474121094,56.75,57.90999984741211,57.90999984741211,6649.0,CT=F,USX,NYM
2000-06-16,57.650001525878906,57.650001525878906,56.29999923706055,57.0,57.0,4353.0,CT=F,USX,NYM
2000-06-19,56.5,57.04999923706055,56.099998474121094,56.11000061035156,56.11000061035156,2550.0,CT=F,USX,NYM
2000-06-20,56.400001525878906,56.900001525878906,56.0,56.63999938964844,56.63999938964844,2549.0,CT=F,USX,NYM
2000-06-21,56.29999923706055,56.599998474121094,55.54999923706055,55.56999969482422,55.56999969482422,1707.0,CT=F,USX,NYM
2000-06-22,55.400001525878906,55.599998474121094,54.95000076293945,55.0099983215332,55.0099983215332,2541.0,CT=F,USX,NYM
2000-06-23,54.70000076293945,55.5,53.90999984741211,54.15999984741211,54.15999984741211,4365.0,CT=F,USX,NYM
2000-06-26,53.75,55.0,53.0,53.09000015258789,53.09000015258789,560.0,CT=F,USX,NYM
2000-06-27,53.54999923706055,53.599998474121094,52.04999923706055,52.310001373291016,52.310001373291016,502.0,CT=F,USX,NYM
2000-06-28,52.04999923706055,52.599998474121094,52.0,52.29999923706055,52.29999923706055,174.0,CT=F,USX,NYM
2000-06-29,52.400001525878906,52.54999923706055,51.79999923706055,52.29999923706055,52.29999923706055,192.0,CT=F,USX,NYM
2000-06-30,52.0,53.0,50.5,50.880001068115234,50.880001068115234,192.0,CT=F,USX,NYM
2000-07-05,50.0,50.70000076293945,50.0,50.650001525878906,50.650001525878906,19.0,CT=F,USX,NYM
2000-07-06,51.0,51.5,49.79999923706055,50.04999923706055,50.04999923706055,33.0,CT=F,USX,NYM
2000-07-07,50.900001525878906,51.79999923706055,50.900001525878906,51.72999954223633,51.72999954223633,0.0,CT=F,USX,NYM
2000-07-10,55.400001525878906,55.849998474121094,55.04999923706055,55.630001068115234,55.630001068115234,273.0,CT=F,USX,NYM
2000-07-11,55.599998474121094,55.849998474121094,55.41999816894531,55.66999816894531,55.66999816894531,343.0,CT=F,USX,NYM
2000-07-12,55.900001525878906,56.25,55.5,56.0099983215332,56.0099983215332,796.0,CT=F,USX,NYM
2000-07-13,56.04999923706055,57.5,56.04999923706055,57.02000045776367,57.02000045776367,796.0,CT=F,USX,NYM
2000-07-14,57.02000045776367,57.79999923706055,56.54999923706055,57.02000045776367,57.02000045776367,1537.0,CT=F,USX,NYM
2000-07-17,57.5,60.02000045776367,57.5,60.02000045776367,60.02000045776367,1310.0,CT=F,USX,NYM
2000-07-18,60.29999923706055,61.20000076293945,59.400001525878906,60.560001373291016,60.560001373291016,854.0,CT=F,USX,NYM
2000-07-19,61.0,61.20000076293945,59.75,60.08000183105469,60.08000183105469,579.0,CT=F,USX,NYM
2000-07-20,59.45000076293945,59.650001525878906,58.5,58.79999923706055,58.79999923706055,433.0,CT=F,USX,NYM
2000-07-21,58.599998474121094,59.20000076293945,58.099998474121094,59.130001068115234,59.130001068115234,712.0,CT=F,USX,NYM
2000-07-24,59.79999923706055,61.25,59.75,60.869998931884766,60.869998931884766,574.0,CT=F,USX,NYM
2000-07-25,60.900001525878906,61.099998474121094,59.349998474121094,59.70000076293945,59.70000076293945,542.0,CT=F,USX,NYM
2000-07-26,59.20000076293945,59.20000076293945,58.400001525878906,59.150001525878906,59.150001525878906,600.0,CT=F,USX,NYM
2000-07-27,58.54999923706055,58.599998474121094,57.54999923706055,58.22999954223633,58.22999954223633,455.0,CT=F,USX,NYM
2000-07-28,57.70000076293945,59.20000076293945,57.599998474121094,58.810001373291016,58.810001373291016,377.0,CT=F,USX,NYM
2000-07-31,58.400001525878906,59.95000076293945,57.79999923706055,59.77000045776367,59.77000045776367,291.0,CT=F,USX,NYM
2000-08-01,59.400001525878906,59.400001525878906,58.79999923706055,59.0099983215332,59.0099983215332,568.0,CT=F,USX,NYM
2000-08-02,58.75,59.5,58.54999923706055,58.63999938964844,58.63999938964844,233.0,CT=F,USX,NYM
2000-08-03,58.599998474121094,58.95000076293945,58.20000076293945,58.88999938964844,58.88999938964844,350.0,CT=F,USX,NYM
2000-08-04,59.0,59.04999923706055,58.45000076293945,58.599998474121094,58.599998474121094,914.0,CT=F,USX,NYM
2000-08-07,59.04999923706055,60.849998474121094,59.04999923706055,60.68000030517578,60.68000030517578,759.0,CT=F,USX,NYM
2000-08-08,61.0,61.70000076293945,60.70000076293945,60.7599983215332,60.7599983215332,658.0,CT=F,USX,NYM
2000-08-09,60.95000076293945,62.150001525878906,60.70000076293945,62.130001068115234,62.130001068115234,826.0,CT=F,USX,NYM
2000-08-10,62.0,62.099998474121094,60.599998474121094,60.86000061035156,60.86000061035156,377.0,CT=F,USX,NYM
2000-08-11,61.900001525878906,62.70000076293945,61.65999984741211,61.72999954223633,61.72999954223633,0.0,CT=F,USX,NYM
2000-08-14,62.0,62.25,61.70000076293945,62.25,62.25,424.0,CT=F,USX,NYM
2000-08-15,62.349998474121094,62.70000076293945,61.599998474121094,61.70000076293945,61.70000076293945,275.0,CT=F,USX,NYM
2000-08-16,61.599998474121094,62.20000076293945,61.5,61.63999938964844,61.63999938964844,0.0,CT=F,USX,NYM
2000-08-17,61.75,62.75,61.650001525878906,62.70000076293945,62.70000076293945,473.0,CT=F,USX,NYM
2000-08-18,62.70000076293945,63.29999923706055,62.599998474121094,63.27000045776367,63.27000045776367,729.0,CT=F,USX,NYM
2000-08-21,63.400001525878906,64.6500015258789,63.400001525878906,64.33999633789062,64.33999633789062,567.0,CT=F,USX,NYM
2000-08-22,64.5,64.6500015258789,63.349998474121094,64.0,64.0,425.0,CT=F,USX,NYM
2000-08-23,63.70000076293945,64.0,63.25,63.880001068115234,63.880001068115234,375.0,CT=F,USX,NYM
2000-08-24,63.79999923706055,64.30000305175781,63.5,63.52000045776367,63.52000045776367,433.0,CT=F,USX,NYM
2000-08-25,63.900001525878906,64.75,63.900001525878906,64.7300033569336,64.7300033569336,398.0,CT=F,USX,NYM
2000-08-28,64.3499984741211,65.0999984741211,63.849998474121094,64.83999633789062,64.83999633789062,362.0,CT=F,USX,NYM
2000-08-29,65.0,65.44999694824219,65.0,65.19999694824219,65.19999694824219,539.0,CT=F,USX,NYM
2000-08-30,64.9000015258789,65.05000305175781,64.5,64.75,64.75,558.0,CT=F,USX,NYM
2000-08-31,64.19999694824219,64.5,63.29999923706055,63.369998931884766,63.369998931884766,754.0,CT=F,USX,NYM
2000-09-01,63.400001525878906,63.599998474121094,62.599998474121094,63.4900016784668,63.4900016784668,429.0,CT=F,USX,NYM
2000-09-05,63.900001525878906,64.69999694824219,63.650001525878906,64.54000091552734,64.54000091552734,507.0,CT=F,USX,NYM
2000-09-06,64.69000244140625,65.05000305175781,64.0999984741211,64.36000061035156,64.36000061035156,469.0,CT=F,USX,NYM
2000-09-07,64.1500015258789,64.30000305175781,63.75,64.13999938964844,64.13999938964844,443.0,CT=F,USX,NYM
2000-09-08,64.0999984741211,64.8499984741211,63.900001525878906,64.72000122070312,64.72000122070312,329.0,CT=F,USX,NYM
2000-09-11,64.72000122070312,64.94999694824219,64.30000305175781,64.5999984741211,64.5999984741211,444.0,CT=F,USX,NYM
2000-09-12,63.900001525878906,63.95000076293945,63.0,63.18000030517578,63.18000030517578,616.0,CT=F,USX,NYM
2000-09-13,63.0,63.20000076293945,62.29999923706055,62.470001220703125,62.470001220703125,786.0,CT=F,USX,NYM
2000-09-14,62.400001525878906,62.95000076293945,61.900001525878906,62.95000076293945,62.95000076293945,1418.0,CT=F,USX,NYM
2000-09-15,63.04999923706055,64.69999694824219,62.849998474121094,63.15999984741211,63.15999984741211,997.0,CT=F,USX,NYM
2000-09-18,62.95000076293945,64.19999694824219,62.45000076293945,62.9900016784668,62.9900016784668,242.0,CT=F,USX,NYM
2000-09-19,62.599998474121094,62.95000076293945,62.5,62.650001525878906,62.650001525878906,777.0,CT=F,USX,NYM
2000-09-20,62.75,63.70000076293945,62.650001525878906,63.13999938964844,63.13999938964844,510.0,CT=F,USX,NYM
2000-09-21,63.29999923706055,63.900001525878906,62.91999816894531,63.900001525878906,63.900001525878906,848.0,CT=F,USX,NYM
2000-09-22,63.79999923706055,64.0999984741211,62.650001525878906,63.45000076293945,63.45000076293945,84.0,CT=F,USX,NYM
2000-09-25,64.0999984741211,64.0999984741211,63.400001525878906,63.880001068115234,63.880001068115234,100.0,CT=F,USX,NYM
2000-09-26,63.599998474121094,64.0,63.29999923706055,63.54999923706055,63.54999923706055,51.0,CT=F,USX,NYM
2000-09-27,63.29999923706055,63.29999923706055,62.5,62.5,62.5,16.0,CT=F,USX,NYM
2000-09-28,62.099998474121094,62.459999084472656,62.099998474121094,62.459999084472656,62.459999084472656,50.0,CT=F,USX,NYM
2000-09-29,63.0,63.20000076293945,62.25,62.25,62.25,40.0,CT=F,USX,NYM
2000-10-02,62.16999816894531,63.529998779296875,62.16999816894531,63.529998779296875,63.529998779296875,120.0,CT=F,USX,NYM
2000-10-03,63.400001525878906,63.95000076293945,63.400001525878906,63.95000076293945,63.95000076293945,37.0,CT=F,USX,NYM
2000-10-04,63.70000076293945,63.70000076293945,63.400001525878906,63.400001525878906,63.400001525878906,21.0,CT=F,USX,NYM
2000-10-05,63.79999923706055,63.95000076293945,63.599998474121094,63.599998474121094,63.599998474121094,84.0,CT=F,USX,NYM
2000-10-06,63.95000076293945,64.20999908447266,63.849998474121094,64.20999908447266,64.20999908447266,0.0,CT=F,USX,NYM
2000-10-09,64.0999984741211,64.77999877929688,64.0999984741211,64.77999877929688,64.77999877929688,4116.0,CT=F,USX,NYM
2000-10-10,64.75,64.8499984741211,64.1500015258789,64.56999969482422,64.56999969482422,5150.0,CT=F,USX,NYM
2000-10-11,64.5,64.79000091552734,63.650001525878906,63.849998474121094,63.849998474121094,14397.0,CT=F,USX,NYM
2000-10-12,64.69999694824219,66.80000305175781,64.19999694824219,64.36000061035156,64.36000061035156,9068.0,CT=F,USX,NYM
2000-10-13,64.0,64.0,63.02000045776367,63.119998931884766,63.119998931884766,7786.0,CT=F,USX,NYM
2000-10-16,62.900001525878906,62.95000076293945,62.349998474121094,62.70000076293945,62.70000076293945,3697.0,CT=F,USX,NYM
2000-10-17,62.79999923706055,63.29999923706055,62.599998474121094,62.75,62.75,11336.0,CT=F,USX,NYM
2000-10-18,62.20000076293945,62.29999923706055,61.95000076293945,62.02000045776367,62.02000045776367,6765.0,CT=F,USX,NYM
2000-10-19,62.29999923706055,62.29999923706055,61.79999923706055,62.119998931884766,62.119998931884766,4427.0,CT=F,USX,NYM
2000-10-20,61.849998474121094,62.9900016784668,61.849998474121094,62.91999816894531,62.91999816894531,4386.0,CT=F,USX,NYM
2000-10-23,63.04999923706055,63.45000076293945,62.29999923706055,62.40999984741211,62.40999984741211,3346.0,CT=F,USX,NYM
2000-10-24,62.720001220703125,63.150001525878906,62.599998474121094,62.70000076293945,62.70000076293945,3678.0,CT=F,USX,NYM
2000-10-25,63.25,63.400001525878906,63.04999923706055,63.2599983215332,63.2599983215332,5840.0,CT=F,USX,NYM
2000-10-26,63.5,63.599998474121094,62.75,62.880001068115234,62.880001068115234,2493.0,CT=F,USX,NYM
2000-10-27,62.650001525878906,63.459999084472656,62.650001525878906,63.13999938964844,63.13999938964844,8350.0,CT=F,USX,NYM
2000-10-30,62.79999923706055,64.0999984741211,62.5,63.9900016784668,63.9900016784668,9559.0,CT=F,USX,NYM
2000-10-31,64.0,64.1500015258789,62.95000076293945,62.970001220703125,62.970001220703125,10930.0,CT=F,USX,NYM
2000-11-01,63.16999816894531,63.22999954223633,62.45000076293945,62.56999969482422,62.56999969482422,6419.0,CT=F,USX,NYM
2000-11-02,62.70000076293945,63.150001525878906,62.54999923706055,62.90999984741211,62.90999984741211,4899.0,CT=F,USX,NYM
2000-11-03,63.150001525878906,63.79999923706055,63.0099983215332,63.75,63.75,11971.0,CT=F,USX,NYM
2000-11-06,64.05000305175781,65.41999816894531,64.05000305175781,65.36000061035156,65.36000061035156,7588.0,CT=F,USX,NYM
2000-11-07,65.3499984741211,65.9000015258789,65.0,65.88999938964844,65.88999938964844,6148.0,CT=F,USX,NYM
2000-11-08,65.5,65.94999694824219,65.1500015258789,65.6500015258789,65.6500015258789,5945.0,CT=F,USX,NYM
2000-11-09,65.0,65.4000015258789,64.75,64.95999908447266,64.95999908447266,5830.0,CT=F,USX,NYM
2000-11-10,64.8499984741211,65.44999694824219,64.5999984741211,65.4000015258789,65.4000015258789,5577.0,CT=F,USX,NYM
2000-11-13,65.30000305175781,65.70999908447266,65.06999969482422,65.31999969482422,65.31999969482422,4357.0,CT=F,USX,NYM
2000-11-14,65.19999694824219,65.3499984741211,64.80000305175781,64.81999969482422,64.81999969482422,4442.0,CT=F,USX,NYM
2000-11-15,64.6500015258789,64.80000305175781,64.4000015258789,64.73999786376953,64.73999786376953,4772.0,CT=F,USX,NYM
2000-11-16,64.81999969482422,65.0199966430664,64.5999984741211,64.9800033569336,64.9800033569336,3629.0,CT=F,USX,NYM
2000-11-17,65.0,65.19999694824219,64.66000366210938,64.69999694824219,64.69999694824219,4134.0,CT=F,USX,NYM
2000-11-20,64.69999694824219,65.0,64.4800033569336,64.58000183105469,64.58000183105469,6744.0,CT=F,USX,NYM
2000-11-21,64.4000015258789,64.4000015258789,63.0,63.15999984741211,63.15999984741211,0.0,CT=F,USX,NYM
2000-11-22,63.29999923706055,64.5999984741211,63.20000076293945,64.4000015258789,64.4000015258789,192.0,CT=F,USX,NYM
2000-11-27,64.80000305175781,65.19999694824219,64.5999984741211,65.1500015258789,65.1500015258789,46.0,CT=F,USX,NYM
2000-11-28,64.91999816894531,65.55000305175781,64.19999694824219,64.30000305175781,64.30000305175781,83.0,CT=F,USX,NYM
2000-11-29,64.25,65.0999984741211,64.05000305175781,65.02999877929688,65.02999877929688,25.0,CT=F,USX,NYM
2000-11-30,65.0,65.5999984741211,64.91000366210938,65.2300033569336,65.2300033569336,26.0,CT=F,USX,NYM
2000-12-01,65.55000305175781,65.55000305175781,64.3499984741211,64.3499984741211,64.3499984741211,18.0,CT=F,USX,NYM
2000-12-04,64.69999694824219,64.8499984741211,64.6500015258789,64.6500015258789,64.6500015258789,48.0,CT=F,USX,NYM
2000-12-05,64.0,64.5,64.0,64.3499984741211,64.3499984741211,0.0,CT=F,USX,NYM
2000-12-06,64.69999694824219,64.69999694824219,64.0,64.33999633789062,64.33999633789062,4777.0,CT=F,USX,NYM
2000-12-07,67.25,67.5,66.80000305175781,67.25,67.25,4058.0,CT=F,USX,NYM
2000-12-08,67.05000305175781,67.5,66.9000015258789,67.12999725341797,67.12999725341797,2664.0,CT=F,USX,NYM
2000-12-11,67.1500015258789,67.5,67.01000213623047,67.41999816894531,67.41999816894531,17288.0,CT=F,USX,NYM
2000-12-12,66.5999984741211,66.6500015258789,65.56999969482422,65.58999633789062,65.58999633789062,16223.0,CT=F,USX,NYM
2000-12-13,65.5999984741211,65.94999694824219,64.94999694824219,65.02999877929688,65.02999877929688,5611.0,CT=F,USX,NYM
2000-12-14,65.30000305175781,65.8499984741211,65.1500015258789,65.69000244140625,65.69000244140625,3972.0,CT=F,USX,NYM
2000-12-15,65.5,65.8499984741211,65.3499984741211,65.37000274658203,65.37000274658203,3871.0,CT=F,USX,NYM
2000-12-18,65.5999984741211,65.75,65.05000305175781,65.0999984741211,65.0999984741211,4207.0,CT=F,USX,NYM
2000-12-19,65.1500015258789,65.5,64.94999694824219,65.0,65.0,5184.0,CT=F,USX,NYM
2000-12-20,64.9000015258789,65.69999694824219,64.80000305175781,65.62999725341797,65.62999725341797,5696.0,CT=F,USX,NYM
2000-12-21,66.0,66.19999694824219,64.9000015258789,65.33000183105469,65.33000183105469,8436.0,CT=F,USX,NYM
2000-12-22,64.9000015258789,64.9000015258789,64.05000305175781,64.30999755859375,64.30999755859375,10345.0,CT=F,USX,NYM
2000-12-26,64.0999984741211,64.19999694824219,63.099998474121094,63.189998626708984,63.189998626708984,7196.0,CT=F,USX,NYM
2000-12-27,63.0,63.66999816894531,62.79999923706055,63.2599983215332,63.2599983215332,2479.0,CT=F,USX,NYM
2000-12-28,63.189998626708984,63.599998474121094,63.189998626708984,63.41999816894531,63.41999816894531,8638.0,CT=F,USX,NYM
2000-12-29,62.72999954223633,62.95000076293945,62.25,62.279998779296875,62.279998779296875,13993.0,CT=F,USX,NYM
2001-01-02,61.779998779296875,61.79999923706055,60.20000076293945,60.349998474121094,60.349998474121094,9298.0,CT=F,USX,NYM
2001-01-03,61.150001525878906,61.29999923706055,60.25,60.959999084472656,60.959999084472656,14484.0,CT=F,USX,NYM
2001-01-04,61.099998474121094,61.20000076293945,59.54999923706055,59.61000061035156,59.61000061035156,9179.0,CT=F,USX,NYM
2001-01-05,59.599998474121094,59.95000076293945,59.099998474121094,59.41999816894531,59.41999816894531,7229.0,CT=F,USX,NYM
2001-01-08,59.54999923706055,60.5,59.5,60.22999954223633,60.22999954223633,6447.0,CT=F,USX,NYM
2001-01-09,60.25,60.45000076293945,59.38999938964844,59.869998931884766,59.869998931884766,7490.0,CT=F,USX,NYM
2001-01-10,60.25,60.75,60.04999923706055,60.34000015258789,60.34000015258789,7452.0,CT=F,USX,NYM
2001-01-11,59.70000076293945,61.0,59.349998474121094,60.869998931884766,60.869998931884766,4671.0,CT=F,USX,NYM
2001-01-12,61.150001525878906,61.5,60.650001525878906,61.119998931884766,61.119998931884766,2898.0,CT=F,USX,NYM
2001-01-16,61.220001220703125,61.599998474121094,60.75,60.959999084472656,60.959999084472656,6682.0,CT=F,USX,NYM
2001-01-17,60.91999816894531,60.959999084472656,60.45000076293945,60.52000045776367,60.52000045776367,4766.0,CT=F,USX,NYM
2001-01-18,60.29999923706055,60.54999923706055,59.81999969482422,60.5,60.5,4718.0,CT=F,USX,NYM
2001-01-19,60.150001525878906,61.349998474121094,60.150001525878906,60.630001068115234,60.630001068115234,6552.0,CT=F,USX,NYM
2001-01-22,60.400001525878906,60.400001525878906,59.29999923706055,59.36000061035156,59.36000061035156,9297.0,CT=F,USX,NYM
2001-01-23,59.599998474121094,59.599998474121094,58.25,59.279998779296875,59.279998779296875,14757.0,CT=F,USX,NYM
2001-01-24,59.29999923706055,62.099998474121094,58.849998474121094,61.11000061035156,61.11000061035156,4977.0,CT=F,USX,NYM
2001-01-25,60.65999984741211,61.75,60.400001525878906,60.599998474121094,60.599998474121094,4215.0,CT=F,USX,NYM
2001-01-26,61.599998474121094,61.599998474121094,60.900001525878906,61.25,61.25,2886.0,CT=F,USX,NYM
2001-01-29,61.400001525878906,61.45000076293945,60.599998474121094,60.95000076293945,60.95000076293945,5672.0,CT=F,USX,NYM
2001-01-30,61.0099983215332,62.06999969482422,60.70000076293945,62.0099983215332,62.0099983215332,5387.0,CT=F,USX,NYM
2001-01-31,62.20000076293945,62.20000076293945,61.29999923706055,61.36000061035156,61.36000061035156,8943.0,CT=F,USX,NYM
2001-02-01,61.0,61.0,58.900001525878906,59.43000030517578,59.43000030517578,5393.0,CT=F,USX,NYM
2001-02-02,60.0,60.43000030517578,59.709999084472656,59.7599983215332,59.7599983215332,2330.0,CT=F,USX,NYM
2001-02-05,60.099998474121094,60.25,59.619998931884766,60.150001525878906,60.150001525878906,3565.0,CT=F,USX,NYM
2001-02-06,60.150001525878906,60.5,59.79999923706055,60.22999954223633,60.22999954223633,7058.0,CT=F,USX,NYM
2001-02-07,60.22999954223633,60.22999954223633,59.060001373291016,59.20000076293945,59.20000076293945,5934.0,CT=F,USX,NYM
2001-02-08,58.95000076293945,59.900001525878906,58.900001525878906,59.04999923706055,59.04999923706055,9688.0,CT=F,USX,NYM
2001-02-09,59.04999923706055,59.25,57.099998474121094,58.369998931884766,58.369998931884766,6936.0,CT=F,USX,NYM
2001-02-12,58.400001525878906,59.20000076293945,58.29999923706055,58.900001525878906,58.900001525878906,3818.0,CT=F,USX,NYM
2001-02-13,58.88999938964844,59.79999923706055,58.88999938964844,59.529998779296875,59.529998779296875,8901.0,CT=F,USX,NYM
2001-02-14,60.5,61.5,60.25,61.45000076293945,61.45000076293945,4392.0,CT=F,USX,NYM
2001-02-15,61.150001525878906,61.150001525878906,59.400001525878906,59.529998779296875,59.529998779296875,5141.0,CT=F,USX,NYM
2001-02-16,59.0,59.9900016784668,58.650001525878906,59.52000045776367,59.52000045776367,4641.0,CT=F,USX,NYM
2001-02-20,59.599998474121094,59.599998474121094,57.5,57.630001068115234,57.630001068115234,5007.0,CT=F,USX,NYM
2001-02-21,56.79999923706055,56.900001525878906,54.70000076293945,55.7599983215332,55.7599983215332,659.0,CT=F,USX,NYM
2001-02-22,57.5,57.599998474121094,54.5099983215332,54.86000061035156,54.86000061035156,110.0,CT=F,USX,NYM
2001-02-23,55.5,55.5,54.650001525878906,55.08000183105469,55.08000183105469,49.0,CT=F,USX,NYM
2001-02-26,55.25,55.25,52.5,53.08000183105469,53.08000183105469,176.0,CT=F,USX,NYM
2001-02-27,53.5,53.650001525878906,52.099998474121094,52.099998474121094,52.099998474121094,166.0,CT=F,USX,NYM
2001-02-28,51.95000076293945,53.400001525878906,51.5,52.599998474121094,52.599998474121094,46.0,CT=F,USX,NYM
2001-03-01,53.849998474121094,53.849998474121094,52.650001525878906,53.04999923706055,53.04999923706055,83.0,CT=F,USX,NYM
2001-03-02,53.75,53.75,53.5,53.5,53.5,9.0,CT=F,USX,NYM
2001-03-05,54.5,54.5,53.849998474121094,53.849998474121094,53.849998474121094,59.0,CT=F,USX,NYM
2001-03-06,54.25,54.25,53.75,54.04999923706055,54.04999923706055,25.0,CT=F,USX,NYM
2001-03-07,54.75,54.75,54.04999923706055,54.04999923706055,54.04999923706055,0.0,CT=F,USX,NYM
2001-03-08,53.5,54.0099983215332,53.5,54.0099983215332,54.0099983215332,9813.0,CT=F,USX,NYM
2001-03-09,53.900001525878906,54.86000061035156,52.5099983215332,52.65999984741211,52.65999984741211,5131.0,CT=F,USX,NYM
2001-03-12,52.349998474121094,52.650001525878906,51.650001525878906,51.77000045776367,51.77000045776367,4981.0,CT=F,USX,NYM
2001-03-13,51.95000076293945,52.349998474121094,51.150001525878906,52.279998779296875,52.279998779296875,3931.0,CT=F,USX,NYM
2001-03-14,52.29999923706055,52.900001525878906,51.70000076293945,52.650001525878906,52.650001525878906,9789.0,CT=F,USX,NYM
2001-03-15,53.04999923706055,53.04999923706055,49.93000030517578,50.09000015258789,50.09000015258789,10814.0,CT=F,USX,NYM
2001-03-16,49.79999923706055,50.29999923706055,47.79999923706055,49.72999954223633,49.72999954223633,2453.0,CT=F,USX,NYM
2001-03-19,50.0,50.400001525878906,49.58000183105469,50.36000061035156,50.36000061035156,3630.0,CT=F,USX,NYM
2001-03-20,50.65999984741211,50.65999984741211,49.650001525878906,49.7400016784668,49.7400016784668,5237.0,CT=F,USX,NYM
2001-03-21,49.20000076293945,49.54999923706055,48.349998474121094,48.56999969482422,48.56999969482422,5970.0,CT=F,USX,NYM
2001-03-22,47.900001525878906,48.29999923706055,47.099998474121094,47.13999938964844,47.13999938964844,4095.0,CT=F,USX,NYM
2001-03-23,47.79999923706055,49.0,47.79999923706055,48.060001373291016,48.060001373291016,3405.0,CT=F,USX,NYM
2001-03-26,48.79999923706055,49.25,48.5,49.029998779296875,49.029998779296875,5133.0,CT=F,USX,NYM
2001-03-27,49.20000076293945,49.68000030517578,47.5,47.59000015258789,47.59000015258789,3466.0,CT=F,USX,NYM
2001-03-28,47.400001525878906,47.599998474121094,46.849998474121094,47.560001373291016,47.560001373291016,6880.0,CT=F,USX,NYM
2001-03-29,46.70000076293945,46.75,45.5,45.689998626708984,45.689998626708984,6895.0,CT=F,USX,NYM
2001-03-30,47.790000915527344,47.900001525878906,45.04999923706055,45.09000015258789,45.09000015258789,3703.0,CT=F,USX,NYM
2001-04-02,44.70000076293945,45.849998474121094,44.689998626708984,44.72999954223633,44.72999954223633,4893.0,CT=F,USX,NYM
2001-04-03,45.599998474121094,45.70000076293945,44.599998474121094,45.38999938964844,45.38999938964844,4447.0,CT=F,USX,NYM
2001-04-04,45.75,46.25,45.400001525878906,46.189998626708984,46.189998626708984,5007.0,CT=F,USX,NYM
2001-04-05,46.5,46.79999923706055,45.70000076293945,45.970001220703125,45.970001220703125,4376.0,CT=F,USX,NYM
2001-04-06,46.0,46.95000076293945,45.900001525878906,46.880001068115234,46.880001068115234,4084.0,CT=F,USX,NYM
2001-04-09,47.099998474121094,47.5,46.400001525878906,46.59000015258789,46.59000015258789,4476.0,CT=F,USX,NYM
2001-04-10,46.75,46.79999923706055,46.29999923706055,46.56999969482422,46.56999969482422,5782.0,CT=F,USX,NYM
2001-04-11,46.75,46.970001220703125,45.349998474121094,45.779998779296875,45.779998779296875,6402.0,CT=F,USX,NYM
2001-04-12,45.459999084472656,46.04999923706055,45.25,45.34000015258789,45.34000015258789,3125.0,CT=F,USX,NYM
2001-04-16,45.400001525878906,45.599998474121094,44.79999923706055,45.56999969482422,45.56999969482422,5574.0,CT=F,USX,NYM
2001-04-17,46.099998474121094,47.099998474121094,45.400001525878906,46.869998931884766,46.869998931884766,4644.0,CT=F,USX,NYM
2001-04-18,47.099998474121094,48.099998474121094,46.04999923706055,46.15999984741211,46.15999984741211,6494.0,CT=F,USX,NYM
2001-04-19,46.20000076293945,46.54999923706055,45.5,45.84000015258789,45.84000015258789,5575.0,CT=F,USX,NYM
2001-04-20,45.650001525878906,45.79999923706055,44.04999923706055,44.09000015258789,44.09000015258789,6048.0,CT=F,USX,NYM
2001-04-23,43.79999923706055,44.900001525878906,43.400001525878906,44.29999923706055,44.29999923706055,547.0,CT=F,USX,NYM
2001-04-24,44.70000076293945,45.150001525878906,44.5,44.599998474121094,44.599998474121094,118.0,CT=F,USX,NYM
2001-04-25,44.400001525878906,44.900001525878906,44.29999923706055,44.599998474121094,44.599998474121094,68.0,CT=F,USX,NYM
2001-04-26,44.150001525878906,44.25,43.70000076293945,44.130001068115234,44.130001068115234,77.0,CT=F,USX,NYM
2001-04-27,44.099998474121094,44.400001525878906,43.54999923706055,43.650001525878906,43.650001525878906,87.0,CT=F,USX,NYM
2001-04-30,44.29999923706055,44.70000076293945,43.79999923706055,44.20000076293945,44.20000076293945,4.0,CT=F,USX,NYM
2001-05-01,44.849998474121094,44.849998474121094,44.45000076293945,44.47999954223633,44.47999954223633,28.0,CT=F,USX,NYM
2001-05-02,44.79999923706055,45.45000076293945,44.79999923706055,45.45000076293945,45.45000076293945,0.0,CT=F,USX,NYM
2001-05-03,44.5,44.5,44.5,44.5,44.5,4.0,CT=F,USX,NYM
2001-05-04,44.599998474121094,44.70000076293945,44.599998474121094,44.650001525878906,44.650001525878906,8.0,CT=F,USX,NYM
2001-05-07,44.47999954223633,44.47999954223633,44.47999954223633,44.47999954223633,44.47999954223633,0.0,CT=F,USX,NYM
2001-05-08,44.5,44.5,43.7599983215332,43.7599983215332,43.7599983215332,2644.0,CT=F,USX,NYM
2001-05-09,45.459999084472656,45.650001525878906,45.36000061035156,45.43000030517578,45.43000030517578,4028.0,CT=F,USX,NYM
2001-05-10,45.25,45.29999923706055,44.790000915527344,44.83000183105469,44.83000183105469,5128.0,CT=F,USX,NYM
2001-05-11,44.5,45.54999923706055,44.45000076293945,45.16999816894531,45.16999816894531,9440.0,CT=F,USX,NYM
2001-05-14,45.400001525878906,47.0,45.400001525878906,46.70000076293945,46.70000076293945,6902.0,CT=F,USX,NYM
2001-05-15,46.5,47.20000076293945,46.04999923706055,46.08000183105469,46.08000183105469,9590.0,CT=F,USX,NYM
2001-05-16,45.79999923706055,45.95000076293945,44.45000076293945,44.619998931884766,44.619998931884766,3241.0,CT=F,USX,NYM
2001-05-17,44.79999923706055,44.95000076293945,44.400001525878906,44.470001220703125,44.470001220703125,6267.0,CT=F,USX,NYM
2001-05-18,44.599998474121094,44.900001525878906,43.79999923706055,43.84000015258789,43.84000015258789,5089.0,CT=F,USX,NYM
2001-05-21,43.65999984741211,44.20000076293945,42.95000076293945,43.189998626708984,43.189998626708984,5796.0,CT=F,USX,NYM
2001-05-22,43.099998474121094,43.150001525878906,42.2599983215332,42.560001373291016,42.560001373291016,4589.0,CT=F,USX,NYM
2001-05-23,42.45000076293945,42.75,42.310001373291016,42.65999984741211,42.65999984741211,4200.0,CT=F,USX,NYM
2001-05-24,42.45000076293945,42.79999923706055,42.150001525878906,42.459999084472656,42.459999084472656,6477.0,CT=F,USX,NYM
2001-05-25,41.650001525878906,41.75,40.29999923706055,40.54999923706055,40.54999923706055,5515.0,CT=F,USX,NYM
2001-05-29,40.36000061035156,41.5,39.95000076293945,41.040000915527344,41.040000915527344,3493.0,CT=F,USX,NYM
2001-05-30,40.45000076293945,41.099998474121094,40.400001525878906,40.720001220703125,40.720001220703125,5633.0,CT=F,USX,NYM
2001-05-31,40.79999923706055,41.470001220703125,40.459999084472656,40.880001068115234,40.880001068115234,3612.0,CT=F,USX,NYM
2001-06-01,41.29999923706055,42.0,41.04999923706055,41.41999816894531,41.41999816894531,4741.0,CT=F,USX,NYM
2001-06-04,42.25,42.38999938964844,40.599998474121094,41.060001373291016,41.060001373291016,2544.0,CT=F,USX,NYM
2001-06-05,40.95000076293945,41.400001525878906,40.810001373291016,40.97999954223633,40.97999954223633,6683.0,CT=F,USX,NYM
2001-06-06,40.900001525878906,42.400001525878906,40.849998474121094,42.029998779296875,42.029998779296875,0.0,CT=F,USX,NYM
2001-06-07,42.25,42.650001525878906,41.79999923706055,41.939998626708984,41.939998626708984,4310.0,CT=F,USX,NYM
2001-06-08,42.400001525878906,42.900001525878906,42.20000076293945,42.709999084472656,42.709999084472656,6604.0,CT=F,USX,NYM
2001-06-11,42.900001525878906,42.95000076293945,40.5099983215332,40.720001220703125,40.720001220703125,4655.0,CT=F,USX,NYM
2001-06-12,40.29999923706055,41.099998474121094,40.099998474121094,41.0099983215332,41.0099983215332,4680.0,CT=F,USX,NYM
2001-06-13,41.099998474121094,41.400001525878906,40.900001525878906,41.099998474121094,41.099998474121094,3178.0,CT=F,USX,NYM
2001-06-14,40.900001525878906,41.099998474121094,40.29999923706055,40.56999969482422,40.56999969482422,7277.0,CT=F,USX,NYM
2001-06-15,40.25,40.5,39.2599983215332,39.380001068115234,39.380001068115234,4500.0,CT=F,USX,NYM
2001-06-18,39.0,39.790000915527344,38.880001068115234,38.90999984741211,38.90999984741211,6757.0,CT=F,USX,NYM
2001-06-19,38.90999984741211,39.349998474121094,38.11000061035156,38.189998626708984,38.189998626708984,4799.0,CT=F,USX,NYM
2001-06-20,38.25,38.599998474121094,37.5,37.68000030517578,37.68000030517578,8351.0,CT=F,USX,NYM
2001-06-21,37.79999923706055,40.68000030517578,37.650001525878906,39.54999923706055,39.54999923706055,6625.0,CT=F,USX,NYM
2001-06-22,39.849998474121094,41.0,38.349998474121094,38.61000061035156,38.61000061035156,2117.0,CT=F,USX,NYM
2001-06-25,39.20000076293945,43.5,39.20000076293945,43.25,43.25,129.0,CT=F,USX,NYM
2001-06-26,43.0,43.5,42.5,43.310001373291016,43.310001373291016,96.0,CT=F,USX,NYM
2001-06-27,43.400001525878906,43.5,42.54999923706055,43.0,43.0,134.0,CT=F,USX,NYM
2001-06-28,42.400001525878906,43.349998474121094,42.29999923706055,43.04999923706055,43.04999923706055,72.0,CT=F,USX,NYM
2001-06-29,43.0,43.04999923706055,42.599998474121094,42.75,42.75,37.0,CT=F,USX,NYM
2001-07-02,42.5,42.70000076293945,40.5,41.18000030517578,41.18000030517578,9.0,CT=F,USX,NYM
2001-07-03,41.0,41.0,40.43000030517578,40.43000030517578,40.43000030517578,46.0,CT=F,USX,NYM
2001-07-05,41.0,41.20000076293945,40.599998474121094,41.099998474121094,41.099998474121094,36.0,CT=F,USX,NYM
2001-07-06,41.0,41.20000076293945,40.45000076293945,41.130001068115234,41.130001068115234,0.0,CT=F,USX,NYM
2001-07-09,41.599998474121094,41.599998474121094,41.47999954223633,41.47999954223633,41.47999954223633,0.0,CT=F,USX,NYM
2001-07-10,40.900001525878906,41.20000076293945,40.25,40.66999816894531,40.66999816894531,933.0,CT=F,USX,NYM
2001-07-11,40.25,41.5,40.04999923706055,41.5,41.5,486.0,CT=F,USX,NYM
2001-07-12,41.599998474121094,42.04999923706055,41.0,41.400001525878906,41.400001525878906,873.0,CT=F,USX,NYM
2001-07-13,41.29999923706055,41.349998474121094,39.5,39.5,39.5,490.0,CT=F,USX,NYM
2001-07-16,39.5,39.900001525878906,39.04999923706055,39.900001525878906,39.900001525878906,363.0,CT=F,USX,NYM
2001-07-17,40.2599983215332,40.79999923706055,39.70000076293945,39.72999954223633,39.72999954223633,333.0,CT=F,USX,NYM
2001-07-18,39.70000076293945,40.650001525878906,39.5,40.599998474121094,40.599998474121094,306.0,CT=F,USX,NYM
2001-07-19,40.79999923706055,41.04999923706055,40.150001525878906,40.20000076293945,40.20000076293945,293.0,CT=F,USX,NYM
2001-07-20,40.150001525878906,40.150001525878906,39.29999923706055,39.470001220703125,39.470001220703125,260.0,CT=F,USX,NYM
2001-07-23,39.599998474121094,40.599998474121094,39.5,40.5,40.5,188.0,CT=F,USX,NYM
2001-07-24,40.599998474121094,40.75,39.70000076293945,39.93000030517578,39.93000030517578,234.0,CT=F,USX,NYM
2001-07-25,39.93000030517578,40.5,39.849998474121094,40.5,40.5,810.0,CT=F,USX,NYM
2001-07-26,40.150001525878906,42.0,40.150001525878906,41.97999954223633,41.97999954223633,1005.0,CT=F,USX,NYM
2001-07-27,41.900001525878906,43.25,41.400001525878906,42.09000015258789,42.09000015258789,408.0,CT=F,USX,NYM
2001-07-30,42.70000076293945,42.79999923706055,41.650001525878906,41.7400016784668,41.7400016784668,357.0,CT=F,USX,NYM
2001-07-31,41.77000045776367,42.189998626708984,41.599998474121094,41.900001525878906,41.900001525878906,428.0,CT=F,USX,NYM
2001-08-01,41.900001525878906,42.0,41.25,41.279998779296875,41.279998779296875,302.0,CT=F,USX,NYM
2001-08-02,41.29999923706055,41.849998474121094,41.0099983215332,41.15999984741211,41.15999984741211,510.0,CT=F,USX,NYM
2001-08-03,41.349998474121094,42.0,41.29999923706055,41.900001525878906,41.900001525878906,212.0,CT=F,USX,NYM
2001-08-06,41.900001525878906,42.0,41.599998474121094,41.970001220703125,41.970001220703125,450.0,CT=F,USX,NYM
2001-08-07,42.5,42.650001525878906,41.04999923706055,41.130001068115234,41.130001068115234,464.0,CT=F,USX,NYM
2001-08-08,41.099998474121094,41.25,40.599998474121094,40.81999969482422,40.81999969482422,272.0,CT=F,USX,NYM
2001-08-09,40.619998931884766,40.79999923706055,40.400001525878906,40.45000076293945,40.45000076293945,1379.0,CT=F,USX,NYM
2001-08-10,39.5,39.5,38.0,38.45000076293945,38.45000076293945,294.0,CT=F,USX,NYM
2001-08-13,38.20000076293945,38.54999923706055,38.099998474121094,38.400001525878906,38.400001525878906,282.0,CT=F,USX,NYM
2001-08-14,38.349998474121094,38.900001525878906,38.349998474121094,38.7599983215332,38.7599983215332,397.0,CT=F,USX,NYM
2001-08-15,38.849998474121094,38.849998474121094,38.400001525878906,38.720001220703125,38.720001220703125,240.0,CT=F,USX,NYM
2001-08-16,38.779998779296875,38.900001525878906,38.599998474121094,38.70000076293945,38.70000076293945,236.0,CT=F,USX,NYM
2001-08-17,38.75,38.900001525878906,38.25,38.279998779296875,38.279998779296875,166.0,CT=F,USX,NYM
2001-08-20,38.5,38.79999923706055,38.20000076293945,38.380001068115234,38.380001068115234,310.0,CT=F,USX,NYM
2001-08-21,38.5,38.5,38.29999923706055,38.349998474121094,38.349998474121094,355.0,CT=F,USX,NYM
2001-08-22,38.20000076293945,38.400001525878906,37.90999984741211,38.36000061035156,38.36000061035156,339.0,CT=F,USX,NYM
2001-08-23,38.400001525878906,38.70000076293945,38.0,38.040000915527344,38.040000915527344,221.0,CT=F,USX,NYM
2001-08-24,38.0,38.20000076293945,37.849998474121094,38.0,38.0,458.0,CT=F,USX,NYM
2001-08-27,37.900001525878906,39.25,37.810001373291016,38.5,38.5,217.0,CT=F,USX,NYM
2001-08-28,38.75,38.95000076293945,38.349998474121094,38.349998474121094,38.349998474121094,102.0,CT=F,USX,NYM
2001-08-29,38.5,38.599998474121094,38.220001220703125,38.54999923706055,38.54999923706055,491.0,CT=F,USX,NYM
2001-08-30,38.599998474121094,38.599998474121094,37.650001525878906,37.900001525878906,37.900001525878906,113.0,CT=F,USX,NYM
2001-08-31,38.0,38.29999923706055,37.900001525878906,37.939998626708984,37.939998626708984,532.0,CT=F,USX,NYM
2001-09-04,38.04999923706055,39.0,38.04999923706055,38.880001068115234,38.880001068115234,612.0,CT=F,USX,NYM
2001-09-05,38.599998474121094,38.650001525878906,37.61000061035156,38.25,38.25,859.0,CT=F,USX,NYM
2001-09-06,38.04999923706055,38.099998474121094,37.04999923706055,37.099998474121094,37.099998474121094,478.0,CT=F,USX,NYM
2001-09-07,37.20000076293945,37.349998474121094,36.5,36.5,36.5,0.0,CT=F,USX,NYM
2001-09-10,36.619998931884766,36.849998474121094,36.5,36.5,36.5,682.0,CT=F,USX,NYM
2001-09-17,36.5,36.5,35.5,35.58000183105469,35.58000183105469,833.0,CT=F,USX,NYM
2001-09-18,35.45000076293945,35.45000076293945,35.0,35.150001525878906,35.150001525878906,1170.0,CT=F,USX,NYM
2001-09-19,34.79999923706055,34.79999923706055,34.29999923706055,34.29999923706055,34.29999923706055,968.0,CT=F,USX,NYM
2001-09-20,33.79999923706055,34.5,33.599998474121094,34.41999816894531,34.41999816894531,2073.0,CT=F,USX,NYM
2001-09-21,34.25,34.400001525878906,34.099998474121094,34.34000015258789,34.34000015258789,168.0,CT=F,USX,NYM
2001-09-24,34.70000076293945,35.5,34.70000076293945,35.380001068115234,35.380001068115234,115.0,CT=F,USX,NYM
2001-09-25,35.29999923706055,35.29999923706055,34.79999923706055,35.0,35.0,9.0,CT=F,USX,NYM
2001-09-26,34.900001525878906,34.900001525878906,34.900001525878906,34.900001525878906,34.900001525878906,30.0,CT=F,USX,NYM
2001-09-27,34.70000076293945,34.79999923706055,33.150001525878906,33.150001525878906,33.150001525878906,5.0,CT=F,USX,NYM
2001-09-28,33.75,33.75,33.5,33.5,33.5,15.0,CT=F,USX,NYM
2001-10-01,32.65999984741211,34.0,32.5,33.29999923706055,33.29999923706055,9.0,CT=F,USX,NYM
2001-10-02,33.599998474121094,33.95000076293945,33.599998474121094,33.95000076293945,33.95000076293945,8.0,CT=F,USX,NYM
2001-10-03,34.5,34.5,33.45000076293945,33.45000076293945,33.45000076293945,2.0,CT=F,USX,NYM
2001-10-04,33.400001525878906,33.400001525878906,33.0,33.0,33.0,9.0,CT=F,USX,NYM
2001-10-05,33.5,33.5,31.899999618530273,31.950000762939453,31.950000762939453,5.0,CT=F,USX,NYM
2001-10-08,31.799999237060547,31.799999237060547,30.5,31.100000381469727,31.100000381469727,0.0,CT=F,USX,NYM
2001-10-09,29.799999237060547,30.700000762939453,29.5,30.649999618530273,30.649999618530273,0.0,CT=F,USX,NYM
2001-10-10,31.200000762939453,31.200000762939453,31.200000762939453,31.200000762939453,31.200000762939453,0.0,CT=F,USX,NYM
2001-10-11,31.0,31.0,31.0,31.0,31.0,0.0,CT=F,USX,NYM
2001-10-12,31.5,32.150001525878906,31.309999465942383,32.0099983215332,32.0099983215332,0.0,CT=F,USX,NYM
2001-10-15,31.760000228881836,32.20000076293945,31.260000228881836,31.329999923706055,31.329999923706055,0.0,CT=F,USX,NYM
2001-10-16,31.100000381469727,31.600000381469727,30.799999237060547,31.469999313354492,31.469999313354492,0.0,CT=F,USX,NYM
2001-10-17,31.540000915527344,31.700000762939453,31.25,31.530000686645508,31.530000686645508,0.0,CT=F,USX,NYM
2001-10-18,31.399999618530273,31.600000381469727,30.950000762939453,31.18000030517578,31.18000030517578,0.0,CT=F,USX,NYM
2001-10-19,30.979999542236328,31.389999389648438,30.510000228881836,30.549999237060547,30.549999237060547,0.0,CT=F,USX,NYM
2001-10-22,30.200000762939453,30.350000381469727,29.600000381469727,29.809999465942383,29.809999465942383,0.0,CT=F,USX,NYM
2001-10-23,29.700000762939453,30.0,29.600000381469727,29.760000228881836,29.760000228881836,0.0,CT=F,USX,NYM
2001-10-24,29.489999771118164,29.489999771118164,28.90999984741211,29.09000015258789,29.09000015258789,0.0,CT=F,USX,NYM
2001-10-25,28.799999237060547,28.950000762939453,28.5,28.520000457763672,28.520000457763672,0.0,CT=F,USX,NYM
2001-10-26,28.350000381469727,29.100000381469727,28.200000762939453,28.860000610351562,28.860000610351562,0.0,CT=F,USX,NYM
2001-10-29,28.649999618530273,29.200000762939453,28.649999618530273,28.940000534057617,28.940000534057617,0.0,CT=F,USX,NYM
2001-10-30,28.600000381469727,28.989999771118164,28.549999237060547,28.920000076293945,28.920000076293945,0.0,CT=F,USX,NYM
2001-10-31,28.899999618530273,29.899999618530273,28.850000381469727,29.899999618530273,29.899999618530273,0.0,CT=F,USX,NYM
2001-11-01,29.799999237060547,30.600000381469727,29.75,30.030000686645508,30.030000686645508,0.0,CT=F,USX,NYM
2001-11-02,30.399999618530273,30.450000762939453,29.770000457763672,29.959999084472656,29.959999084472656,0.0,CT=F,USX,NYM
2001-11-05,30.100000381469727,30.649999618530273,30.049999237060547,30.579999923706055,30.579999923706055,0.0,CT=F,USX,NYM
2001-11-06,30.850000381469727,30.950000762939453,30.450000762939453,30.809999465942383,30.809999465942383,0.0,CT=F,USX,NYM
2001-11-07,31.200000762939453,33.70000076293945,31.100000381469727,32.22999954223633,32.22999954223633,0.0,CT=F,USX,NYM
2001-11-08,32.25,32.650001525878906,31.600000381469727,32.150001525878906,32.150001525878906,0.0,CT=F,USX,NYM
2001-11-09,32.29999923706055,32.849998474121094,32.0,32.779998779296875,32.779998779296875,0.0,CT=F,USX,NYM
2001-11-13,33.58000183105469,35.400001525878906,33.5,35.209999084472656,35.209999084472656,0.0,CT=F,USX,NYM
2001-11-14,35.25,35.599998474121094,34.599998474121094,35.439998626708984,35.439998626708984,0.0,CT=F,USX,NYM
2001-11-15,35.0,35.0,33.400001525878906,34.2599983215332,34.2599983215332,0.0,CT=F,USX,NYM
2001-11-16,34.349998474121094,35.439998626708984,34.349998474121094,34.709999084472656,34.709999084472656,0.0,CT=F,USX,NYM
2001-11-19,34.349998474121094,34.5,33.900001525878906,34.09000015258789,34.09000015258789,0.0,CT=F,USX,NYM
2001-11-20,33.900001525878906,34.20000076293945,33.599998474121094,33.81999969482422,33.81999969482422,0.0,CT=F,USX,NYM
2001-11-21,33.5,34.5,33.5,33.81999969482422,33.81999969482422,0.0,CT=F,USX,NYM
2001-11-26,33.70000076293945,34.099998474121094,33.599998474121094,33.779998779296875,33.779998779296875,0.0,CT=F,USX,NYM
2001-11-27,34.099998474121094,34.099998474121094,32.900001525878906,34.0,34.0,0.0,CT=F,USX,NYM
2001-11-28,35.0,36.20000076293945,35.0,35.779998779296875,35.779998779296875,0.0,CT=F,USX,NYM
2001-11-29,37.0,37.0,35.79999923706055,36.70000076293945,36.70000076293945,0.0,CT=F,USX,NYM
2001-11-30,37.900001525878906,37.900001525878906,36.70000076293945,37.29999923706055,37.29999923706055,0.0,CT=F,USX,NYM
2001-12-03,37.0,37.0,35.40999984741211,35.40999984741211,35.40999984741211,0.0,CT=F,USX,NYM
2001-12-04,35.099998474121094,35.099998474121094,34.45000076293945,34.709999084472656,34.709999084472656,4643.0,CT=F,USX,NYM
2001-12-05,37.0,37.150001525878906,36.65999984741211,36.779998779296875,36.779998779296875,6331.0,CT=F,USX,NYM
2001-12-06,36.810001373291016,38.29999923706055,36.810001373291016,37.93000030517578,37.93000030517578,4177.0,CT=F,USX,NYM
2001-12-07,38.70000076293945,38.75,37.25,37.34000015258789,37.34000015258789,5485.0,CT=F,USX,NYM
2001-12-10,37.5,37.5,36.099998474121094,36.34000015258789,36.34000015258789,4562.0,CT=F,USX,NYM
2001-12-11,37.0,37.20000076293945,36.349998474121094,37.11000061035156,37.11000061035156,4067.0,CT=F,USX,NYM
2001-12-12,37.04999923706055,37.29999923706055,36.04999923706055,36.11000061035156,36.11000061035156,5946.0,CT=F,USX,NYM
2001-12-13,35.849998474121094,35.900001525878906,35.099998474121094,35.150001525878906,35.150001525878906,8943.0,CT=F,USX,NYM
2001-12-14,35.0,37.5,34.90999984741211,37.29999923706055,37.29999923706055,5781.0,CT=F,USX,NYM
2001-12-17,37.0,37.599998474121094,36.25,37.45000076293945,37.45000076293945,2161.0,CT=F,USX,NYM
2001-12-18,37.29999923706055,37.400001525878906,36.75,36.810001373291016,36.810001373291016,5236.0,CT=F,USX,NYM
2001-12-19,36.0,36.5,35.25,36.45000076293945,36.45000076293945,2182.0,CT=F,USX,NYM
2001-12-20,35.650001525878906,36.20000076293945,35.56999969482422,35.90999984741211,35.90999984741211,2182.0,CT=F,USX,NYM
2001-12-21,35.91999816894531,36.400001525878906,35.81999969482422,36.22999954223633,36.22999954223633,1590.0,CT=F,USX,NYM
2001-12-26,36.0,36.79999923706055,35.81999969482422,36.5,36.5,1717.0,CT=F,USX,NYM
2001-12-27,36.5,36.70000076293945,36.0099983215332,36.33000183105469,36.33000183105469,4133.0,CT=F,USX,NYM
2001-12-28,35.90999984741211,36.20000076293945,35.5,35.59000015258789,35.59000015258789,4358.0,CT=F,USX,NYM
2002-01-02,35.099998474121094,36.599998474121094,35.0,36.459999084472656,36.459999084472656,2549.0,CT=F,USX,NYM
2002-01-03,36.599998474121094,36.650001525878906,36.02000045776367,36.13999938964844,36.13999938964844,10339.0,CT=F,USX,NYM
2002-01-04,35.95000076293945,38.06999969482422,35.599998474121094,36.619998931884766,36.619998931884766,3604.0,CT=F,USX,NYM
2002-01-07,37.099998474121094,37.70000076293945,36.70000076293945,37.560001373291016,37.560001373291016,5918.0,CT=F,USX,NYM
2002-01-08,37.65999984741211,38.5,37.54999923706055,38.45000076293945,38.45000076293945,3861.0,CT=F,USX,NYM
2002-01-09,38.400001525878906,38.400001525878906,37.70000076293945,37.72999954223633,37.72999954223633,6493.0,CT=F,USX,NYM
2002-01-10,37.77000045776367,37.900001525878906,37.0,37.400001525878906,37.400001525878906,4619.0,CT=F,USX,NYM
2002-01-11,37.400001525878906,37.79999923706055,36.849998474121094,37.040000915527344,37.040000915527344,3302.0,CT=F,USX,NYM
2002-01-14,37.060001373291016,37.25,36.54999923706055,36.650001525878906,36.650001525878906,4418.0,CT=F,USX,NYM
2002-01-15,36.599998474121094,37.400001525878906,36.29999923706055,37.34000015258789,37.34000015258789,4517.0,CT=F,USX,NYM
2002-01-16,37.5,38.0,37.400001525878906,37.68000030517578,37.68000030517578,5779.0,CT=F,USX,NYM
2002-01-17,37.66999816894531,38.0,37.25,37.959999084472656,37.959999084472656,5199.0,CT=F,USX,NYM
2002-01-18,38.20000076293945,38.349998474121094,37.150001525878906,37.33000183105469,37.33000183105469,4877.0,CT=F,USX,NYM
2002-01-22,37.04999923706055,37.599998474121094,36.709999084472656,36.779998779296875,36.779998779296875,3686.0,CT=F,USX,NYM
2002-01-23,36.599998474121094,36.88999938964844,36.400001525878906,36.72999954223633,36.72999954223633,6870.0,CT=F,USX,NYM
2002-01-24,36.5,36.5,35.95000076293945,36.09000015258789,36.09000015258789,5325.0,CT=F,USX,NYM
2002-01-25,36.0,36.900001525878906,36.0,36.68000030517578,36.68000030517578,2796.0,CT=F,USX,NYM
2002-01-28,36.79999923706055,36.900001525878906,36.099998474121094,36.209999084472656,36.209999084472656,4144.0,CT=F,USX,NYM
2002-01-29,36.2599983215332,36.599998474121094,35.970001220703125,36.540000915527344,36.540000915527344,8771.0,CT=F,USX,NYM
2002-01-30,36.29999923706055,36.349998474121094,35.5,35.52000045776367,35.52000045776367,8002.0,CT=F,USX,NYM
2002-01-31,35.52000045776367,35.75,35.29999923706055,35.47999954223633,35.47999954223633,11984.0,CT=F,USX,NYM
2002-02-01,35.900001525878906,37.5,35.849998474121094,37.45000076293945,37.45000076293945,9174.0,CT=F,USX,NYM
2002-02-04,37.400001525878906,38.099998474121094,37.04999923706055,37.83000183105469,37.83000183105469,4065.0,CT=F,USX,NYM
2002-02-05,37.650001525878906,37.650001525878906,37.099998474121094,37.29999923706055,37.29999923706055,3653.0,CT=F,USX,NYM
2002-02-06,37.400001525878906,37.5,37.119998931884766,37.369998931884766,37.369998931884766,7394.0,CT=F,USX,NYM
2002-02-07,37.5,38.400001525878906,37.400001525878906,38.13999938964844,38.13999938964844,7125.0,CT=F,USX,NYM
2002-02-08,37.95000076293945,38.650001525878906,37.70000076293945,38.2599983215332,38.2599983215332,6793.0,CT=F,USX,NYM
2002-02-11,37.599998474121094,38.04999923706055,37.20000076293945,37.459999084472656,37.459999084472656,5510.0,CT=F,USX,NYM
2002-02-12,37.2400016784668,38.5,37.119998931884766,38.439998626708984,38.439998626708984,13515.0,CT=F,USX,NYM
2002-02-13,38.400001525878906,39.099998474121094,35.5,35.70000076293945,35.70000076293945,6896.0,CT=F,USX,NYM
2002-02-14,36.0,36.869998931884766,35.79999923706055,36.310001373291016,36.310001373291016,4469.0,CT=F,USX,NYM
2002-02-15,36.27000045776367,36.27000045776367,35.400001525878906,35.56999969482422,35.56999969482422,6529.0,CT=F,USX,NYM
2002-02-19,35.66999816894531,35.75,33.79999923706055,33.849998474121094,33.849998474121094,4441.0,CT=F,USX,NYM
2002-02-20,33.79999923706055,34.099998474121094,33.29999923706055,33.5,33.5,4617.0,CT=F,USX,NYM
2002-02-21,33.599998474121094,34.0,33.0099983215332,33.060001373291016,33.060001373291016,476.0,CT=F,USX,NYM
2002-02-22,33.400001525878906,34.400001525878906,33.29999923706055,33.529998779296875,33.529998779296875,117.0,CT=F,USX,NYM
2002-02-25,33.529998779296875,34.29999923706055,33.529998779296875,34.099998474121094,34.099998474121094,98.0,CT=F,USX,NYM
2002-02-26,34.29999923706055,34.900001525878906,34.29999923706055,34.70000076293945,34.70000076293945,97.0,CT=F,USX,NYM
2002-02-27,35.25,35.599998474121094,35.0,35.099998474121094,35.099998474121094,40.0,CT=F,USX,NYM
2002-02-28,35.20000076293945,35.900001525878906,33.70000076293945,33.70000076293945,33.70000076293945,9.0,CT=F,USX,NYM
2002-03-01,34.5,34.79999923706055,34.5,34.54999923706055,34.54999923706055,85.0,CT=F,USX,NYM
2002-03-04,34.5,35.20000076293945,34.5,34.599998474121094,34.599998474121094,16.0,CT=F,USX,NYM
2002-03-05,35.0,35.25,34.900001525878906,35.150001525878906,35.150001525878906,0.0,CT=F,USX,NYM
2002-03-06,35.150001525878906,35.150001525878906,34.95000076293945,34.95000076293945,34.95000076293945,12601.0,CT=F,USX,NYM
2002-03-07,36.79999923706055,38.599998474121094,36.79999923706055,38.45000076293945,38.45000076293945,8612.0,CT=F,USX,NYM
2002-03-08,38.20000076293945,38.599998474121094,37.79999923706055,37.83000183105469,37.83000183105469,2886.0,CT=F,USX,NYM
2002-03-11,38.0,38.400001525878906,37.900001525878906,38.119998931884766,38.119998931884766,3552.0,CT=F,USX,NYM
2002-03-12,38.29999923706055,38.38999938964844,37.400001525878906,37.54999923706055,37.54999923706055,5581.0,CT=F,USX,NYM
2002-03-13,37.560001373291016,38.400001525878906,37.11000061035156,38.29999923706055,38.29999923706055,7528.0,CT=F,USX,NYM
2002-03-14,38.529998779296875,39.04999923706055,38.5,38.810001373291016,38.810001373291016,6409.0,CT=F,USX,NYM
2002-03-15,38.79999923706055,38.79999923706055,38.060001373291016,38.70000076293945,38.70000076293945,2547.0,CT=F,USX,NYM
2002-03-18,38.5,38.75,38.150001525878906,38.689998626708984,38.689998626708984,3599.0,CT=F,USX,NYM
2002-03-19,38.79999923706055,38.84000015258789,38.25,38.7599983215332,38.7599983215332,3454.0,CT=F,USX,NYM
2002-03-20,38.650001525878906,39.0,38.5,38.95000076293945,38.95000076293945,9417.0,CT=F,USX,NYM
2002-03-21,39.099998474121094,39.900001525878906,39.099998474121094,39.810001373291016,39.810001373291016,9270.0,CT=F,USX,NYM
2002-03-22,39.849998474121094,40.189998626708984,39.04999923706055,39.20000076293945,39.20000076293945,4773.0,CT=F,USX,NYM
2002-03-25,38.900001525878906,38.900001525878906,38.349998474121094,38.709999084472656,38.709999084472656,3940.0,CT=F,USX,NYM
2002-03-26,38.5,38.75,38.119998931884766,38.15999984741211,38.15999984741211,5057.0,CT=F,USX,NYM
2002-03-27,38.13999938964844,39.45000076293945,38.11000061035156,39.38999938964844,39.38999938964844,9337.0,CT=F,USX,NYM
2002-03-28,38.86000061035156,38.900001525878906,38.060001373291016,38.15999984741211,38.15999984741211,3491.0,CT=F,USX,NYM
2002-04-01,38.15999984741211,38.45000076293945,37.81999969482422,38.40999984741211,38.40999984741211,7837.0,CT=F,USX,NYM
2002-04-02,38.400001525878906,38.70000076293945,37.599998474121094,38.630001068115234,38.630001068115234,3834.0,CT=F,USX,NYM
2002-04-03,38.54999923706055,38.900001525878906,38.04999923706055,38.20000076293945,38.20000076293945,3891.0,CT=F,USX,NYM
2002-04-04,38.04999923706055,38.29999923706055,37.650001525878906,37.720001220703125,37.720001220703125,4623.0,CT=F,USX,NYM
2002-04-05,37.720001220703125,37.88999938964844,37.45000076293945,37.72999954223633,37.72999954223633,5483.0,CT=F,USX,NYM
2002-04-08,37.45000076293945,37.54999923706055,37.02000045776367,37.060001373291016,37.060001373291016,6548.0,CT=F,USX,NYM
2002-04-09,36.79999923706055,37.0,36.560001373291016,36.86000061035156,36.86000061035156,9325.0,CT=F,USX,NYM
2002-04-10,36.86000061035156,39.099998474121094,36.79999923706055,38.13999938964844,38.13999938964844,6330.0,CT=F,USX,NYM
2002-04-11,37.900001525878906,38.20000076293945,37.29999923706055,37.369998931884766,37.369998931884766,4623.0,CT=F,USX,NYM
2002-04-12,36.849998474121094,37.099998474121094,36.599998474121094,37.04999923706055,37.04999923706055,3648.0,CT=F,USX,NYM
2002-04-15,36.54999923706055,37.099998474121094,36.349998474121094,36.470001220703125,36.470001220703125,2383.0,CT=F,USX,NYM
2002-04-16,36.52000045776367,36.880001068115234,36.43000030517578,36.779998779296875,36.779998779296875,2739.0,CT=F,USX,NYM
2002-04-17,36.779998779296875,37.20000076293945,36.45000076293945,36.459999084472656,36.459999084472656,4615.0,CT=F,USX,NYM
2002-04-18,36.25,36.5,35.29999923706055,35.349998474121094,35.349998474121094,2393.0,CT=F,USX,NYM
2002-04-19,35.25,35.400001525878906,34.400001525878906,34.5,34.5,2391.0,CT=F,USX,NYM
2002-04-22,34.5,34.75,34.400001525878906,34.459999084472656,34.459999084472656,3315.0,CT=F,USX,NYM
2002-04-23,34.70000076293945,34.79999923706055,34.20000076293945,34.349998474121094,34.349998474121094,360.0,CT=F,USX,NYM
2002-04-24,35.0,36.0,35.0,35.75,35.75,161.0,CT=F,USX,NYM
2002-04-25,35.29999923706055,35.79999923706055,35.0,35.0,35.0,29.0,CT=F,USX,NYM
2002-04-26,34.5,34.5,33.5,33.54999923706055,33.54999923706055,9.0,CT=F,USX,NYM
2002-04-29,32.79999923706055,32.79999923706055,32.79999923706055,32.79999923706055,32.79999923706055,10.0,CT=F,USX,NYM
2002-04-30,33.599998474121094,33.599998474121094,33.349998474121094,33.349998474121094,33.349998474121094,1.0,CT=F,USX,NYM
2002-05-01,33.5,33.5,33.5,33.5,33.5,0.0,CT=F,USX,NYM
2002-05-02,32.099998474121094,32.099998474121094,32.099998474121094,32.099998474121094,32.099998474121094,6.0,CT=F,USX,NYM
2002-05-03,31.899999618530273,31.899999618530273,31.5,31.899999618530273,31.899999618530273,5.0,CT=F,USX,NYM
2002-05-06,31.899999618530273,32.04999923706055,31.899999618530273,32.04999923706055,32.04999923706055,26.0,CT=F,USX,NYM
2002-05-07,32.099998474121094,32.20000076293945,31.469999313354492,31.469999313354492,31.469999313354492,0.0,CT=F,USX,NYM
2002-05-08,32.400001525878906,32.400001525878906,32.20000076293945,32.20000076293945,32.20000076293945,3746.0,CT=F,USX,NYM
2002-05-09,34.20000076293945,34.400001525878906,33.75,33.95000076293945,33.95000076293945,7358.0,CT=F,USX,NYM
2002-05-10,35.25,35.900001525878906,35.04999923706055,35.209999084472656,35.209999084472656,6018.0,CT=F,USX,NYM
2002-05-13,35.599998474121094,35.79999923706055,34.70000076293945,34.709999084472656,34.709999084472656,2576.0,CT=F,USX,NYM
2002-05-14,35.150001525878906,35.349998474121094,34.709999084472656,35.16999816894531,35.16999816894531,4968.0,CT=F,USX,NYM
2002-05-15,35.45000076293945,36.20000076293945,35.45000076293945,36.11000061035156,36.11000061035156,5564.0,CT=F,USX,NYM
2002-05-16,36.29999923706055,36.5,35.29999923706055,35.47999954223633,35.47999954223633,2253.0,CT=F,USX,NYM
2002-05-17,35.70000076293945,36.099998474121094,35.560001373291016,35.88999938964844,35.88999938964844,3381.0,CT=F,USX,NYM
2002-05-20,36.04999923706055,36.29999923706055,35.25,35.7400016784668,35.7400016784668,5263.0,CT=F,USX,NYM
2002-05-21,35.79999923706055,36.5,35.650001525878906,36.45000076293945,36.45000076293945,5679.0,CT=F,USX,NYM
2002-05-22,36.650001525878906,37.20000076293945,36.5,37.150001525878906,37.150001525878906,7301.0,CT=F,USX,NYM
2002-05-23,36.900001525878906,37.599998474121094,36.849998474121094,37.29999923706055,37.29999923706055,4478.0,CT=F,USX,NYM
2002-05-24,36.810001373291016,37.25,36.599998474121094,36.939998626708984,36.939998626708984,10406.0,CT=F,USX,NYM
2002-05-28,37.04999923706055,38.349998474121094,37.04999923706055,38.25,38.25,8054.0,CT=F,USX,NYM
2002-05-29,38.5,38.5,37.5,38.150001525878906,38.150001525878906,4486.0,CT=F,USX,NYM
2002-05-30,38.02000045776367,38.349998474121094,37.599998474121094,38.2400016784668,38.2400016784668,10015.0,CT=F,USX,NYM
2002-05-31,38.70000076293945,39.5,38.70000076293945,39.470001220703125,39.470001220703125,5972.0,CT=F,USX,NYM
2002-06-03,39.400001525878906,39.849998474121094,39.099998474121094,39.47999954223633,39.47999954223633,4113.0,CT=F,USX,NYM
2002-06-04,38.900001525878906,38.900001525878906,38.5,38.83000183105469,38.83000183105469,4544.0,CT=F,USX,NYM
2002-06-05,38.83000183105469,39.45000076293945,38.79999923706055,39.029998779296875,39.029998779296875,5899.0,CT=F,USX,NYM
2002-06-06,38.79999923706055,39.689998626708984,38.54999923706055,39.15999984741211,39.15999984741211,3991.0,CT=F,USX,NYM
2002-06-07,39.0,39.349998474121094,38.650001525878906,39.150001525878906,39.150001525878906,5281.0,CT=F,USX,NYM
2002-06-10,38.849998474121094,38.95000076293945,38.29999923706055,38.709999084472656,38.709999084472656,3869.0,CT=F,USX,NYM
2002-06-11,38.61000061035156,39.04999923706055,38.400001525878906,38.95000076293945,38.95000076293945,7787.0,CT=F,USX,NYM
2002-06-12,38.95000076293945,40.2400016784668,38.91999816894531,40.06999969482422,40.06999969482422,7831.0,CT=F,USX,NYM
2002-06-13,40.0,40.400001525878906,39.5,39.540000915527344,39.540000915527344,5083.0,CT=F,USX,NYM
2002-06-14,39.25,39.5,38.95000076293945,38.9900016784668,38.9900016784668,5425.0,CT=F,USX,NYM
2002-06-17,38.9900016784668,40.0,38.95000076293945,39.7599983215332,39.7599983215332,4347.0,CT=F,USX,NYM
2002-06-18,39.86000061035156,39.95000076293945,39.29999923706055,39.47999954223633,39.47999954223633,2908.0,CT=F,USX,NYM
2002-06-19,39.29999923706055,39.900001525878906,39.099998474121094,39.849998474121094,39.849998474121094,5735.0,CT=F,USX,NYM
2002-06-20,39.79999923706055,42.849998474121094,39.79999923706055,42.849998474121094,42.849998474121094,3621.0,CT=F,USX,NYM
2002-06-21,42.349998474121094,43.95000076293945,42.0,43.09000015258789,43.09000015258789,507.0,CT=F,USX,NYM
2002-06-24,43.0,43.5,42.349998474121094,43.47999954223633,43.47999954223633,141.0,CT=F,USX,NYM
2002-06-25,42.79999923706055,45.0,42.79999923706055,43.79999923706055,43.79999923706055,70.0,CT=F,USX,NYM
2002-06-26,43.599998474121094,44.25,43.599998474121094,43.900001525878906,43.900001525878906,46.0,CT=F,USX,NYM
2002-06-27,43.900001525878906,44.599998474121094,43.20000076293945,43.900001525878906,43.900001525878906,33.0,CT=F,USX,NYM
2002-06-28,44.400001525878906,46.79999923706055,43.5,46.79999923706055,46.79999923706055,32.0,CT=F,USX,NYM
2002-07-01,46.70000076293945,46.79999923706055,45.29999923706055,45.29999923706055,45.29999923706055,27.0,CT=F,USX,NYM
2002-07-02,44.0,46.5,44.0,45.25,45.25,0.0,CT=F,USX,NYM
2002-07-03,45.29999923706055,46.04999923706055,45.29999923706055,46.04999923706055,46.04999923706055,67.0,CT=F,USX,NYM
2002-07-08,45.5,45.5,44.75,44.75,44.75,0.0,CT=F,USX,NYM
2002-07-09,45.0,45.349998474121094,44.79999923706055,44.84000015258789,44.84000015258789,405.0,CT=F,USX,NYM
2002-07-10,46.54999923706055,48.04999923706055,46.54999923706055,47.95000076293945,47.95000076293945,808.0,CT=F,USX,NYM
2002-07-11,47.0,48.20000076293945,45.849998474121094,46.060001373291016,46.060001373291016,715.0,CT=F,USX,NYM
2002-07-12,46.2599983215332,47.470001220703125,44.709999084472656,44.7400016784668,44.7400016784668,1221.0,CT=F,USX,NYM
2002-07-15,44.400001525878906,44.599998474121094,43.25,43.4900016784668,43.4900016784668,776.0,CT=F,USX,NYM
2002-07-16,43.54999923706055,44.099998474121094,43.20000076293945,43.380001068115234,43.380001068115234,553.0,CT=F,USX,NYM
2002-07-17,43.70000076293945,45.400001525878906,43.70000076293945,45.099998474121094,45.099998474121094,575.0,CT=F,USX,NYM
2002-07-18,44.900001525878906,47.099998474121094,44.650001525878906,46.939998626708984,46.939998626708984,421.0,CT=F,USX,NYM
2002-07-19,47.20000076293945,47.619998931884766,46.34000015258789,47.099998474121094,47.099998474121094,245.0,CT=F,USX,NYM
2002-07-22,47.150001525878906,47.54999923706055,47.099998474121094,47.540000915527344,47.540000915527344,663.0,CT=F,USX,NYM
2002-07-23,47.29999923706055,47.650001525878906,45.70000076293945,46.33000183105469,46.33000183105469,337.0,CT=F,USX,NYM
2002-07-24,46.0,46.75,45.349998474121094,45.900001525878906,45.900001525878906,236.0,CT=F,USX,NYM
2002-07-25,45.400001525878906,46.20000076293945,45.29999923706055,45.939998626708984,45.939998626708984,257.0,CT=F,USX,NYM
2002-07-26,45.7400016784668,46.04999923706055,45.5,45.75,45.75,345.0,CT=F,USX,NYM
2002-07-29,45.400001525878906,45.400001525878906,44.900001525878906,45.25,45.25,403.0,CT=F,USX,NYM
2002-07-30,45.369998931884766,47.04999923706055,45.0,47.029998779296875,47.029998779296875,279.0,CT=F,USX,NYM
2002-07-31,47.25,47.630001068115234,46.599998474121094,46.95000076293945,46.95000076293945,222.0,CT=F,USX,NYM
2002-08-01,46.75,47.349998474121094,46.54999923706055,47.2599983215332,47.2599983215332,214.0,CT=F,USX,NYM
2002-08-02,47.20000076293945,47.29999923706055,46.349998474121094,46.47999954223633,46.47999954223633,664.0,CT=F,USX,NYM
2002-08-05,46.20000076293945,46.20000076293945,44.099998474121094,44.220001220703125,44.220001220703125,324.0,CT=F,USX,NYM
2002-08-06,44.349998474121094,45.650001525878906,44.20000076293945,44.79999923706055,44.79999923706055,156.0,CT=F,USX,NYM
2002-08-07,44.79999923706055,45.20000076293945,44.79999923706055,44.959999084472656,44.959999084472656,92.0,CT=F,USX,NYM
2002-08-08,44.75,45.400001525878906,44.599998474121094,44.599998474121094,44.599998474121094,292.0,CT=F,USX,NYM
2002-08-09,44.220001220703125,45.099998474121094,43.900001525878906,44.290000915527344,44.290000915527344,576.0,CT=F,USX,NYM
2002-08-12,43.79999923706055,47.290000915527344,43.7599983215332,45.43000030517578,45.43000030517578,178.0,CT=F,USX,NYM
2002-08-13,46.0,46.29999923706055,44.79999923706055,44.97999954223633,44.97999954223633,109.0,CT=F,USX,NYM
2002-08-14,45.099998474121094,45.5,44.599998474121094,45.47999954223633,45.47999954223633,211.0,CT=F,USX,NYM
2002-08-15,45.52000045776367,45.95000076293945,44.150001525878906,44.220001220703125,44.220001220703125,285.0,CT=F,USX,NYM
2002-08-16,44.20000076293945,44.900001525878906,43.95000076293945,44.2599983215332,44.2599983215332,177.0,CT=F,USX,NYM
2002-08-19,44.0,45.20000076293945,43.79999923706055,45.130001068115234,45.130001068115234,424.0,CT=F,USX,NYM
2002-08-20,45.099998474121094,45.099998474121094,43.70000076293945,43.70000076293945,43.70000076293945,624.0,CT=F,USX,NYM
2002-08-21,43.70000076293945,44.29999923706055,43.0,43.04999923706055,43.04999923706055,431.0,CT=F,USX,NYM
2002-08-22,43.0,44.0,42.79999923706055,43.939998626708984,43.939998626708984,211.0,CT=F,USX,NYM
2002-08-23,43.540000915527344,44.900001525878906,43.5,43.79999923706055,43.79999923706055,382.0,CT=F,USX,NYM
2002-08-26,43.91999816894531,43.91999816894531,43.04999923706055,43.20000076293945,43.20000076293945,215.0,CT=F,USX,NYM
2002-08-27,43.560001373291016,43.75,43.04999923706055,43.349998474121094,43.349998474121094,591.0,CT=F,USX,NYM
2002-08-28,44.79999923706055,45.5,44.400001525878906,45.22999954223633,45.22999954223633,189.0,CT=F,USX,NYM
2002-08-29,45.0,45.150001525878906,44.29999923706055,45.0,45.0,186.0,CT=F,USX,NYM
2002-08-30,44.70000076293945,44.849998474121094,44.5,44.65999984741211,44.65999984741211,265.0,CT=F,USX,NYM
2002-09-03,44.5,44.5,43.70000076293945,43.79999923706055,43.79999923706055,368.0,CT=F,USX,NYM
2002-09-04,44.0,44.0,43.29999923706055,43.5,43.5,405.0,CT=F,USX,NYM
2002-09-05,43.29999923706055,44.400001525878906,43.04999923706055,43.84000015258789,43.84000015258789,238.0,CT=F,USX,NYM
2002-09-06,43.9900016784668,44.04999923706055,43.29999923706055,43.34000015258789,43.34000015258789,353.0,CT=F,USX,NYM
2002-09-09,43.0,43.70000076293945,43.0,43.38999938964844,43.38999938964844,275.0,CT=F,USX,NYM
2002-09-10,43.5,43.599998474121094,43.060001373291016,43.43000030517578,43.43000030517578,248.0,CT=F,USX,NYM
2002-09-11,43.58000183105469,43.58000183105469,43.0,43.209999084472656,43.209999084472656,774.0,CT=F,USX,NYM
2002-09-12,43.75,44.0,41.599998474121094,41.72999954223633,41.72999954223633,816.0,CT=F,USX,NYM
2002-09-13,41.900001525878906,42.0,41.25,41.27000045776367,41.27000045776367,291.0,CT=F,USX,NYM
2002-09-16,41.20000076293945,41.650001525878906,41.04999923706055,41.150001525878906,41.150001525878906,437.0,CT=F,USX,NYM
2002-09-17,41.29999923706055,41.5,41.04999923706055,41.18000030517578,41.18000030517578,350.0,CT=F,USX,NYM
2002-09-18,41.900001525878906,41.95000076293945,41.5,41.95000076293945,41.95000076293945,347.0,CT=F,USX,NYM
2002-09-19,41.97999954223633,42.20000076293945,41.70000076293945,41.849998474121094,41.849998474121094,451.0,CT=F,USX,NYM
2002-09-20,42.150001525878906,42.599998474121094,41.95000076293945,41.95000076293945,41.95000076293945,629.0,CT=F,USX,NYM
2002-09-23,42.099998474121094,42.150001525878906,41.099998474121094,41.79999923706055,41.79999923706055,98.0,CT=F,USX,NYM
2002-09-24,42.5,42.5,42.0,42.150001525878906,42.150001525878906,39.0,CT=F,USX,NYM
2002-09-25,42.25,42.25,41.5,41.79999923706055,41.79999923706055,130.0,CT=F,USX,NYM
2002-09-26,41.29999923706055,41.70000076293945,41.099998474121094,41.70000076293945,41.70000076293945,10.0,CT=F,USX,NYM
2002-09-27,42.150001525878906,42.29999923706055,42.150001525878906,42.29999923706055,42.29999923706055,21.0,CT=F,USX,NYM
2002-09-30,42.20000076293945,42.400001525878906,42.0,42.400001525878906,42.400001525878906,33.0,CT=F,USX,NYM
2002-10-01,42.599998474121094,43.38999938964844,42.599998474121094,43.38999938964844,43.38999938964844,27.0,CT=F,USX,NYM
2002-10-02,43.849998474121094,44.20000076293945,43.79999923706055,44.20000076293945,44.20000076293945,16.0,CT=F,USX,NYM
2002-10-03,43.599998474121094,44.20000076293945,42.5,42.54999923706055,42.54999923706055,34.0,CT=F,USX,NYM
2002-10-04,43.0,43.0,40.5,40.599998474121094,40.599998474121094,5.0,CT=F,USX,NYM
2002-10-07,40.5,41.099998474121094,40.5,41.099998474121094,41.099998474121094,6.0,CT=F,USX,NYM
2002-10-08,41.20000076293945,41.20000076293945,40.95000076293945,41.04999923706055,41.04999923706055,0.0,CT=F,USX,NYM
2002-10-09,41.41999816894531,41.41999816894531,41.41999816894531,41.41999816894531,41.41999816894531,3416.0,CT=F,USX,NYM
2002-10-10,43.29999923706055,43.79999923706055,43.25,43.540000915527344,43.540000915527344,4418.0,CT=F,USX,NYM
2002-10-11,43.119998931884766,43.54999923706055,42.54999923706055,42.84000015258789,42.84000015258789,3501.0,CT=F,USX,NYM
2002-10-14,42.650001525878906,43.45000076293945,42.54999923706055,42.7599983215332,42.7599983215332,7723.0,CT=F,USX,NYM
2002-10-15,43.70000076293945,44.70000076293945,43.70000076293945,44.040000915527344,44.040000915527344,3230.0,CT=F,USX,NYM
2002-10-16,43.83000183105469,43.83000183105469,43.45000076293945,43.58000183105469,43.58000183105469,3156.0,CT=F,USX,NYM
2002-10-17,43.650001525878906,44.150001525878906,43.27000045776367,44.040000915527344,44.040000915527344,4800.0,CT=F,USX,NYM
2002-10-18,43.79999923706055,44.650001525878906,43.75,44.45000076293945,44.45000076293945,6283.0,CT=F,USX,NYM
2002-10-21,44.400001525878906,45.150001525878906,44.310001373291016,44.400001525878906,44.400001525878906,3363.0,CT=F,USX,NYM
2002-10-22,44.400001525878906,44.79999923706055,44.15999984741211,44.72999954223633,44.72999954223633,3831.0,CT=F,USX,NYM
2002-10-23,45.099998474121094,45.29999923706055,44.900001525878906,45.209999084472656,45.209999084472656,9237.0,CT=F,USX,NYM
2002-10-24,45.400001525878906,45.900001525878906,45.349998474121094,45.88999938964844,45.88999938964844,15296.0,CT=F,USX,NYM
2002-10-25,46.04999923706055,47.0,45.900001525878906,46.630001068115234,46.630001068115234,6497.0,CT=F,USX,NYM
2002-10-28,46.849998474121094,46.900001525878906,46.25,46.310001373291016,46.310001373291016,4235.0,CT=F,USX,NYM
2002-10-29,45.95000076293945,46.25,45.599998474121094,46.220001220703125,46.220001220703125,3139.0,CT=F,USX,NYM
2002-10-30,46.45000076293945,46.599998474121094,46.04999923706055,46.099998474121094,46.099998474121094,8562.0,CT=F,USX,NYM
2002-10-31,45.95000076293945,46.75,45.88999938964844,46.25,46.25,6324.0,CT=F,USX,NYM
2002-11-01,46.29999923706055,46.95000076293945,45.95000076293945,46.90999984741211,46.90999984741211,17628.0,CT=F,USX,NYM
2002-11-04,47.5,49.150001525878906,47.5,49.130001068115234,49.130001068115234,21545.0,CT=F,USX,NYM
2002-11-05,49.400001525878906,50.099998474121094,47.40999984741211,47.95000076293945,47.95000076293945,5579.0,CT=F,USX,NYM
2002-11-06,48.79999923706055,48.79999923706055,47.599998474121094,47.689998626708984,47.689998626708984,6358.0,CT=F,USX,NYM
2002-11-07,47.400001525878906,48.45000076293945,47.150001525878906,48.22999954223633,48.22999954223633,7316.0,CT=F,USX,NYM
2002-11-08,48.4900016784668,48.70000076293945,48.099998474121094,48.38999938964844,48.38999938964844,6320.0,CT=F,USX,NYM
2002-11-11,48.650001525878906,48.79999923706055,47.900001525878906,48.41999816894531,48.41999816894531,8728.0,CT=F,USX,NYM
2002-11-12,47.900001525878906,48.5,47.5,47.56999969482422,47.56999969482422,8967.0,CT=F,USX,NYM
2002-11-13,47.58000183105469,47.599998474121094,46.599998474121094,47.349998474121094,47.349998474121094,9232.0,CT=F,USX,NYM
2002-11-14,47.54999923706055,47.95000076293945,47.099998474121094,47.66999816894531,47.66999816894531,10798.0,CT=F,USX,NYM
2002-11-15,47.70000076293945,49.599998474121094,47.70000076293945,49.0099983215332,49.0099983215332,12698.0,CT=F,USX,NYM
2002-11-18,49.20000076293945,49.29999923706055,48.099998474121094,48.209999084472656,48.209999084472656,10495.0,CT=F,USX,NYM
2002-11-19,48.209999084472656,48.220001220703125,46.720001220703125,46.79999923706055,46.79999923706055,6354.0,CT=F,USX,NYM
2002-11-20,46.5,48.0,46.150001525878906,47.810001373291016,47.810001373291016,1070.0,CT=F,USX,NYM
2002-11-21,47.70000076293945,47.79999923706055,47.20000076293945,47.290000915527344,47.290000915527344,140.0,CT=F,USX,NYM
2002-11-22,47.0,47.689998626708984,47.0,47.45000076293945,47.45000076293945,78.0,CT=F,USX,NYM
2002-11-25,47.04999923706055,47.849998474121094,47.04999923706055,47.849998474121094,47.849998474121094,55.0,CT=F,USX,NYM
2002-11-26,47.720001220703125,47.720001220703125,46.95000076293945,47.20000076293945,47.20000076293945,0.0,CT=F,USX,NYM
2002-11-27,47.20000076293945,47.70000076293945,47.150001525878906,47.5,47.5,17.0,CT=F,USX,NYM
2002-12-02,47.400001525878906,47.70000076293945,46.79999923706055,47.29999923706055,47.29999923706055,84.0,CT=F,USX,NYM
2002-12-03,47.099998474121094,47.20000076293945,45.70000076293945,45.70000076293945,45.70000076293945,44.0,CT=F,USX,NYM
2002-12-04,46.5,46.5,45.650001525878906,45.650001525878906,45.650001525878906,0.0,CT=F,USX,NYM
2002-12-05,46.099998474121094,46.29999923706055,45.75,46.150001525878906,46.150001525878906,3186.0,CT=F,USX,NYM
2002-12-06,48.79999923706055,49.400001525878906,48.70000076293945,49.11000061035156,49.11000061035156,3434.0,CT=F,USX,NYM
2002-12-09,49.2400016784668,49.45000076293945,48.650001525878906,48.720001220703125,48.720001220703125,8759.0,CT=F,USX,NYM
2002-12-10,49.220001220703125,50.79999923706055,49.220001220703125,50.630001068115234,50.630001068115234,5640.0,CT=F,USX,NYM
2002-12-11,50.20000076293945,50.5,49.95000076293945,50.310001373291016,50.310001373291016,10986.0,CT=F,USX,NYM
2002-12-12,50.630001068115234,50.75,48.400001525878906,49.220001220703125,49.220001220703125,5548.0,CT=F,USX,NYM
2002-12-13,49.25,50.150001525878906,49.25,49.58000183105469,49.58000183105469,1873.0,CT=F,USX,NYM
2002-12-16,49.849998474121094,50.0,49.54999923706055,49.599998474121094,49.599998474121094,2531.0,CT=F,USX,NYM
2002-12-17,49.70000076293945,49.75,49.25,49.33000183105469,49.33000183105469,9267.0,CT=F,USX,NYM
2002-12-18,49.54999923706055,50.95000076293945,49.41999816894531,50.779998779296875,50.779998779296875,3932.0,CT=F,USX,NYM
2002-12-19,50.29999923706055,50.599998474121094,50.20000076293945,50.31999969482422,50.31999969482422,8399.0,CT=F,USX,NYM
2002-12-20,50.900001525878906,51.599998474121094,50.31999969482422,51.45000076293945,51.45000076293945,0.0,CT=F,USX,NYM
2002-12-23,51.70000076293945,52.25,51.650001525878906,52.16999816894531,52.16999816894531,2618.0,CT=F,USX,NYM
2002-12-26,51.900001525878906,51.900001525878906,51.29999923706055,51.529998779296875,51.529998779296875,2602.0,CT=F,USX,NYM
2002-12-27,51.689998626708984,51.900001525878906,51.20000076293945,51.79999923706055,51.79999923706055,4683.0,CT=F,USX,NYM
2002-12-30,51.79999923706055,51.79999923706055,50.54999923706055,51.56999969482422,51.56999969482422,3026.0,CT=F,USX,NYM
2002-12-31,51.38999938964844,51.75,50.95000076293945,51.15999984741211,51.15999984741211,5853.0,CT=F,USX,NYM
2003-01-02,51.900001525878906,52.099998474121094,51.54999923706055,52.0099983215332,52.0099983215332,5053.0,CT=F,USX,NYM
2003-01-03,51.70000076293945,52.20000076293945,51.099998474121094,51.619998931884766,51.619998931884766,3829.0,CT=F,USX,NYM
2003-01-06,51.400001525878906,51.599998474121094,50.900001525878906,51.08000183105469,51.08000183105469,4684.0,CT=F,USX,NYM
2003-01-07,50.95000076293945,51.5,50.75,51.16999816894531,51.16999816894531,5494.0,CT=F,USX,NYM
2003-01-08,51.279998779296875,52.099998474121094,51.20000076293945,51.7400016784668,51.7400016784668,8510.0,CT=F,USX,NYM
2003-01-09,52.099998474121094,52.470001220703125,50.900001525878906,51.060001373291016,51.060001373291016,4357.0,CT=F,USX,NYM
2003-01-10,51.349998474121094,51.79999923706055,50.75,51.400001525878906,51.400001525878906,2362.0,CT=F,USX,NYM
2003-01-13,51.099998474121094,51.400001525878906,50.900001525878906,50.90999984741211,50.90999984741211,2458.0,CT=F,USX,NYM
2003-01-14,50.900001525878906,51.400001525878906,50.810001373291016,51.29999923706055,51.29999923706055,3795.0,CT=F,USX,NYM
2003-01-15,51.20000076293945,51.599998474121094,51.0,51.459999084472656,51.459999084472656,3473.0,CT=F,USX,NYM
2003-01-16,51.45000076293945,51.70000076293945,51.349998474121094,51.52000045776367,51.52000045776367,6424.0,CT=F,USX,NYM
2003-01-17,51.70000076293945,51.70000076293945,50.56999969482422,50.630001068115234,50.630001068115234,10412.0,CT=F,USX,NYM
2003-01-21,50.400001525878906,50.5,49.91999816894531,49.959999084472656,49.959999084472656,13697.0,CT=F,USX,NYM
2003-01-22,49.91999816894531,49.91999816894531,49.11000061035156,49.5099983215332,49.5099983215332,7056.0,CT=F,USX,NYM
2003-01-23,49.650001525878906,50.599998474121094,49.650001525878906,50.22999954223633,50.22999954223633,3032.0,CT=F,USX,NYM
2003-01-24,50.099998474121094,50.5,50.02000045776367,50.310001373291016,50.310001373291016,3156.0,CT=F,USX,NYM
2003-01-27,50.25,50.900001525878906,50.150001525878906,50.58000183105469,50.58000183105469,3292.0,CT=F,USX,NYM
2003-01-28,50.599998474121094,50.779998779296875,50.349998474121094,50.36000061035156,50.36000061035156,7853.0,CT=F,USX,NYM
2003-01-29,50.400001525878906,51.400001525878906,50.25,51.11000061035156,51.11000061035156,8679.0,CT=F,USX,NYM
2003-01-30,50.849998474121094,51.900001525878906,50.650001525878906,51.43000030517578,51.43000030517578,10365.0,CT=F,USX,NYM
2003-01-31,51.70000076293945,52.38999938964844,51.599998474121094,52.36000061035156,52.36000061035156,4702.0,CT=F,USX,NYM
2003-02-03,52.0,52.29999923706055,51.869998931884766,52.18000030517578,52.18000030517578,5766.0,CT=F,USX,NYM
2003-02-04,52.29999923706055,52.29999923706055,51.400001525878906,51.97999954223633,51.97999954223633,4191.0,CT=F,USX,NYM
2003-02-05,52.400001525878906,52.400001525878906,51.79999923706055,51.849998474121094,51.849998474121094,3236.0,CT=F,USX,NYM
2003-02-06,51.75,51.900001525878906,51.45000076293945,51.70000076293945,51.70000076293945,14650.0,CT=F,USX,NYM
2003-02-07,51.599998474121094,51.599998474121094,50.099998474121094,50.150001525878906,50.150001525878906,8900.0,CT=F,USX,NYM
2003-02-10,50.459999084472656,50.79999923706055,50.36000061035156,50.68000030517578,50.68000030517578,14395.0,CT=F,USX,NYM
2003-02-11,50.81999969482422,53.68000030517578,50.40999984741211,53.27000045776367,53.27000045776367,10277.0,CT=F,USX,NYM
2003-02-12,53.20000076293945,53.349998474121094,52.099998474121094,52.34000015258789,52.34000015258789,5713.0,CT=F,USX,NYM
2003-02-13,52.349998474121094,52.349998474121094,51.650001525878906,51.709999084472656,51.709999084472656,4014.0,CT=F,USX,NYM
2003-02-14,51.70000076293945,52.150001525878906,51.54999923706055,52.040000915527344,52.040000915527344,7553.0,CT=F,USX,NYM
2003-02-19,52.29999923706055,52.84000015258789,52.0,52.0,52.0,8001.0,CT=F,USX,NYM
2003-02-20,51.959999084472656,51.959999084472656,51.209999084472656,51.31999969482422,51.31999969482422,6220.0,CT=F,USX,NYM
2003-02-21,51.36000061035156,51.45000076293945,50.0,50.56999969482422,50.56999969482422,764.0,CT=F,USX,NYM
2003-02-24,47.75,48.880001068115234,47.400001525878906,47.70000076293945,47.70000076293945,254.0,CT=F,USX,NYM
2003-02-25,47.0,49.0,46.29999923706055,48.599998474121094,48.599998474121094,27.0,CT=F,USX,NYM
2003-02-26,49.0,49.0,48.20000076293945,48.70000076293945,48.70000076293945,13.0,CT=F,USX,NYM
2003-02-27,48.650001525878906,48.650001525878906,47.75,47.849998474121094,47.849998474121094,15.0,CT=F,USX,NYM
2003-02-28,48.0,48.9900016784668,48.0,48.9900016784668,48.9900016784668,27.0,CT=F,USX,NYM
2003-03-03,49.0,49.79999923706055,49.0,49.56999969482422,49.56999969482422,5.0,CT=F,USX,NYM
2003-03-04,49.79999923706055,49.79999923706055,48.650001525878906,48.650001525878906,48.650001525878906,13.0,CT=F,USX,NYM
2003-03-05,48.0,49.0,48.0,49.0,49.0,6.0,CT=F,USX,NYM
2003-03-06,50.5,50.5,48.5,49.5,49.5,0.0,CT=F,USX,NYM
2003-03-07,50.25,51.79999923706055,48.75,50.63999938964844,50.63999938964844,5110.0,CT=F,USX,NYM
2003-03-10,58.0,58.150001525878906,57.5099983215332,58.029998779296875,58.029998779296875,3593.0,CT=F,USX,NYM
2003-03-11,58.279998779296875,58.29999923706055,57.75,58.060001373291016,58.060001373291016,13073.0,CT=F,USX,NYM
2003-03-12,57.650001525878906,59.38999938964844,57.0099983215332,58.79999923706055,58.79999923706055,7167.0,CT=F,USX,NYM
2003-03-13,58.650001525878906,59.400001525878906,58.650001525878906,59.310001373291016,59.310001373291016,9321.0,CT=F,USX,NYM
2003-03-14,59.459999084472656,60.5,59.04999923706055,60.02000045776367,60.02000045776367,7385.0,CT=F,USX,NYM
2003-03-17,59.599998474121094,60.54999923706055,59.54999923706055,60.02000045776367,60.02000045776367,4680.0,CT=F,USX,NYM
2003-03-18,59.849998474121094,60.04999923706055,59.349998474121094,59.529998779296875,59.529998779296875,4683.0,CT=F,USX,NYM
2003-03-19,59.5,59.599998474121094,59.0099983215332,59.09000015258789,59.09000015258789,5082.0,CT=F,USX,NYM
2003-03-20,58.91999816894531,59.5,58.65999984741211,58.79999923706055,58.79999923706055,3771.0,CT=F,USX,NYM
2003-03-21,58.849998474121094,59.20000076293945,58.5,58.779998779296875,58.779998779296875,9207.0,CT=F,USX,NYM
2003-03-24,58.58000183105469,58.630001068115234,57.22999954223633,57.310001373291016,57.310001373291016,4814.0,CT=F,USX,NYM
2003-03-25,57.4900016784668,58.099998474121094,57.400001525878906,57.45000076293945,57.45000076293945,16329.0,CT=F,USX,NYM
2003-03-26,57.29999923706055,57.599998474121094,56.29999923706055,56.52000045776367,56.52000045776367,12699.0,CT=F,USX,NYM
2003-03-27,56.45000076293945,56.650001525878906,55.9900016784668,56.0,56.0,7603.0,CT=F,USX,NYM
2003-03-28,56.0,56.7400016784668,55.599998474121094,56.540000915527344,56.540000915527344,9114.0,CT=F,USX,NYM
2003-03-31,56.97999954223633,58.20000076293945,56.95000076293945,57.709999084472656,57.709999084472656,8672.0,CT=F,USX,NYM
2003-04-01,57.79999923706055,58.189998626708984,57.5099983215332,57.720001220703125,57.720001220703125,5752.0,CT=F,USX,NYM
2003-04-02,57.79999923706055,58.099998474121094,57.400001525878906,57.95000076293945,57.95000076293945,5670.0,CT=F,USX,NYM
2003-04-03,58.04999923706055,58.04999923706055,57.29999923706055,57.5,57.5,2668.0,CT=F,USX,NYM
2003-04-04,57.5,57.849998474121094,57.20000076293945,57.689998626708984,57.689998626708984,5369.0,CT=F,USX,NYM
2003-04-07,58.0,58.0,57.29999923706055,57.31999969482422,57.31999969482422,7268.0,CT=F,USX,NYM
2003-04-08,57.20000076293945,57.25,56.56999969482422,56.970001220703125,56.970001220703125,6755.0,CT=F,USX,NYM
2003-04-09,56.599998474121094,57.25,56.45000076293945,56.869998931884766,56.869998931884766,9922.0,CT=F,USX,NYM
2003-04-10,57.349998474121094,58.099998474121094,57.20000076293945,57.91999816894531,57.91999816894531,9382.0,CT=F,USX,NYM
2003-04-11,57.95000076293945,58.099998474121094,57.599998474121094,58.0,58.0,9494.0,CT=F,USX,NYM
2003-04-14,57.599998474121094,57.650001525878906,57.0,57.11000061035156,57.11000061035156,5875.0,CT=F,USX,NYM
2003-04-15,57.20000076293945,58.5,57.150001525878906,58.0,58.0,4516.0,CT=F,USX,NYM
2003-04-16,58.099998474121094,58.150001525878906,57.650001525878906,58.029998779296875,58.029998779296875,4032.0,CT=F,USX,NYM
2003-04-17,58.20000076293945,58.4900016784668,58.04999923706055,58.43000030517578,58.43000030517578,4220.0,CT=F,USX,NYM
2003-04-21,58.400001525878906,58.4900016784668,57.86000061035156,58.439998626708984,58.439998626708984,0.0,CT=F,USX,NYM
2003-04-22,58.400001525878906,58.400001525878906,58.0,58.380001068115234,58.380001068115234,4843.0,CT=F,USX,NYM
2003-04-23,58.11000061035156,58.29999923706055,57.25,58.20000076293945,58.20000076293945,1177.0,CT=F,USX,NYM
2003-04-24,57.099998474121094,57.349998474121094,56.20000076293945,56.400001525878906,56.400001525878906,457.0,CT=F,USX,NYM
2003-04-25,56.79999923706055,57.79999923706055,56.150001525878906,57.79999923706055,57.79999923706055,115.0,CT=F,USX,NYM
2003-04-28,57.400001525878906,57.400001525878906,55.75,55.75,55.75,69.0,CT=F,USX,NYM
2003-04-29,55.5,55.5,53.79999923706055,54.29999923706055,54.29999923706055,21.0,CT=F,USX,NYM
2003-04-30,54.29999923706055,54.5,53.95000076293945,53.95000076293945,53.95000076293945,12.0,CT=F,USX,NYM
2003-05-01,54.54999923706055,54.75,54.29999923706055,54.29999923706055,54.29999923706055,11.0,CT=F,USX,NYM
2003-05-02,54.349998474121094,54.349998474121094,54.0,54.099998474121094,54.099998474121094,43.0,CT=F,USX,NYM
2003-05-05,53.400001525878906,53.5,51.099998474121094,52.25,52.25,14.0,CT=F,USX,NYM
2003-05-06,52.5,52.5,50.20000076293945,50.20000076293945,50.20000076293945,0.0,CT=F,USX,NYM
2003-05-07,51.0,51.0,49.0099983215332,49.0099983215332,49.0099983215332,9317.0,CT=F,USX,NYM
2003-05-08,51.20000076293945,52.45000076293945,51.04999923706055,52.34000015258789,52.34000015258789,7367.0,CT=F,USX,NYM
2003-05-09,52.0,53.599998474121094,51.79999923706055,53.34000015258789,53.34000015258789,8743.0,CT=F,USX,NYM
2003-05-12,54.29999923706055,55.20000076293945,53.869998931884766,54.150001525878906,54.150001525878906,2769.0,CT=F,USX,NYM
2003-05-13,54.04999923706055,54.45000076293945,53.849998474121094,54.0099983215332,54.0099983215332,5081.0,CT=F,USX,NYM
2003-05-14,54.33000183105469,55.25,54.33000183105469,54.7400016784668,54.7400016784668,4891.0,CT=F,USX,NYM
2003-05-15,54.900001525878906,55.20000076293945,53.95000076293945,53.97999954223633,53.97999954223633,3509.0,CT=F,USX,NYM
2003-05-16,54.29999923706055,55.04999923706055,54.0,54.20000076293945,54.20000076293945,6536.0,CT=F,USX,NYM
2003-05-19,54.099998474121094,55.599998474121094,54.099998474121094,54.20000076293945,54.20000076293945,4394.0,CT=F,USX,NYM
2003-05-20,53.45000076293945,53.650001525878906,53.02000045776367,53.439998626708984,53.439998626708984,3945.0,CT=F,USX,NYM
2003-05-21,53.220001220703125,53.5,53.0,53.41999816894531,53.41999816894531,1868.0,CT=F,USX,NYM
2003-05-22,53.5,53.75,53.25,53.5,53.5,1972.0,CT=F,USX,NYM
2003-05-23,53.04999923706055,53.5,53.0,53.189998626708984,53.189998626708984,0.0,CT=F,USX,NYM
2003-05-27,52.349998474121094,52.70000076293945,52.099998474121094,52.45000076293945,52.45000076293945,0.0,CT=F,USX,NYM
2003-05-28,52.97999954223633,53.04999923706055,51.70000076293945,52.02000045776367,52.02000045776367,9007.0,CT=F,USX,NYM
2003-05-29,51.79999923706055,51.849998474121094,50.0,51.18000030517578,51.18000030517578,6768.0,CT=F,USX,NYM
2003-05-30,51.20000076293945,51.400001525878906,50.5,50.58000183105469,50.58000183105469,4468.0,CT=F,USX,NYM
2003-06-02,50.20000076293945,50.70000076293945,50.099998474121094,50.119998931884766,50.119998931884766,10169.0,CT=F,USX,NYM
2003-06-03,50.099998474121094,50.099998474121094,48.599998474121094,48.630001068115234,48.630001068115234,11767.0,CT=F,USX,NYM
2003-06-04,48.5,50.04999923706055,48.150001525878906,49.63999938964844,49.63999938964844,7323.0,CT=F,USX,NYM
2003-06-05,49.79999923706055,50.75,49.599998474121094,50.5099983215332,50.5099983215332,5577.0,CT=F,USX,NYM
2003-06-06,50.650001525878906,50.900001525878906,49.900001525878906,50.7599983215332,50.7599983215332,7414.0,CT=F,USX,NYM
2003-06-09,50.86000061035156,52.25,50.25,52.209999084472656,52.209999084472656,9949.0,CT=F,USX,NYM
2003-06-10,52.209999084472656,53.900001525878906,52.20000076293945,53.189998626708984,53.189998626708984,12822.0,CT=F,USX,NYM
2003-06-11,54.68000030517578,55.70000076293945,54.5,55.18000030517578,55.18000030517578,11717.0,CT=F,USX,NYM
2003-06-12,55.79999923706055,56.900001525878906,54.900001525878906,55.66999816894531,55.66999816894531,5203.0,CT=F,USX,NYM
2003-06-13,55.099998474121094,55.54999923706055,54.79999923706055,55.040000915527344,55.040000915527344,5260.0,CT=F,USX,NYM
2003-06-16,55.290000915527344,55.75,54.599998474121094,55.66999816894531,55.66999816894531,0.0,CT=F,USX,NYM
2003-06-17,56.0,56.650001525878906,55.70000076293945,56.599998474121094,56.599998474121094,7092.0,CT=F,USX,NYM
2003-06-18,57.0,57.59000015258789,56.099998474121094,56.22999954223633,56.22999954223633,4565.0,CT=F,USX,NYM
2003-06-19,55.25,56.400001525878906,54.61000061035156,56.060001373291016,56.060001373291016,3246.0,CT=F,USX,NYM
2003-06-20,55.5,56.400001525878906,55.5,56.060001373291016,56.060001373291016,4706.0,CT=F,USX,NYM
2003-06-23,56.099998474121094,56.5,54.20000076293945,54.70000076293945,54.70000076293945,499.0,CT=F,USX,NYM
2003-06-24,54.70000076293945,54.900001525878906,53.5,53.529998779296875,53.529998779296875,216.0,CT=F,USX,NYM
2003-06-25,53.5,55.45000076293945,53.400001525878906,55.33000183105469,55.33000183105469,37.0,CT=F,USX,NYM
2003-06-26,54.849998474121094,55.20000076293945,54.650001525878906,54.70000076293945,54.70000076293945,21.0,CT=F,USX,NYM
2003-06-27,55.0,55.5,55.0,55.5,55.5,28.0,CT=F,USX,NYM
2003-06-30,55.79999923706055,56.75,55.79999923706055,56.20000076293945,56.20000076293945,69.0,CT=F,USX,NYM
2003-07-01,57.0,58.099998474121094,56.5,58.099998474121094,58.099998474121094,3.0,CT=F,USX,NYM
2003-07-02,58.5,58.5,58.25,58.25,58.25,57.0,CT=F,USX,NYM
2003-07-03,58.400001525878906,58.5,58.400001525878906,58.400001525878906,58.400001525878906,15.0,CT=F,USX,NYM
2003-07-07,58.900001525878906,59.29999923706055,58.900001525878906,59.29999923706055,59.29999923706055,0.0,CT=F,USX,NYM
2003-07-08,58.41999816894531,58.41999816894531,58.41999816894531,58.41999816894531,58.41999816894531,0.0,CT=F,USX,NYM
2003-07-09,57.5,58.849998474121094,57.5,58.849998474121094,58.849998474121094,339.0,CT=F,USX,NYM
2003-07-10,60.75,61.29999923706055,59.95000076293945,59.97999954223633,59.97999954223633,275.0,CT=F,USX,NYM
2003-07-11,60.20000076293945,60.45000076293945,59.849998474121094,60.08000183105469,60.08000183105469,779.0,CT=F,USX,NYM
2003-07-14,60.099998474121094,61.099998474121094,59.20000076293945,60.849998474121094,60.849998474121094,0.0,CT=F,USX,NYM
2003-07-15,60.599998474121094,60.599998474121094,59.900001525878906,60.20000076293945,60.20000076293945,271.0,CT=F,USX,NYM
2003-07-16,59.900001525878906,59.900001525878906,59.0,59.22999954223633,59.22999954223633,466.0,CT=F,USX,NYM
2003-07-17,59.0,59.0,58.400001525878906,58.599998474121094,58.599998474121094,177.0,CT=F,USX,NYM
2003-07-18,58.400001525878906,59.599998474121094,58.349998474121094,59.599998474121094,59.599998474121094,199.0,CT=F,USX,NYM
2003-07-21,59.400001525878906,59.45000076293945,59.099998474121094,59.29999923706055,59.29999923706055,367.0,CT=F,USX,NYM
2003-07-22,59.099998474121094,59.099998474121094,57.900001525878906,57.90999984741211,57.90999984741211,392.0,CT=F,USX,NYM
2003-07-23,57.20000076293945,57.599998474121094,57.0,57.599998474121094,57.599998474121094,287.0,CT=F,USX,NYM
2003-07-24,57.95000076293945,59.150001525878906,57.95000076293945,58.83000183105469,58.83000183105469,122.0,CT=F,USX,NYM
2003-07-25,58.84000015258789,58.849998474121094,58.25,58.58000183105469,58.58000183105469,146.0,CT=F,USX,NYM
2003-07-28,58.349998474121094,59.099998474121094,58.099998474121094,58.900001525878906,58.900001525878906,142.0,CT=F,USX,NYM
2003-07-29,58.599998474121094,58.599998474121094,57.77000045776367,57.77000045776367,57.77000045776367,187.0,CT=F,USX,NYM
2003-07-30,57.16999816894531,57.54999923706055,57.0,57.27000045776367,57.27000045776367,525.0,CT=F,USX,NYM
2003-07-31,57.0099983215332,57.79999923706055,56.5,56.90999984741211,56.90999984741211,371.0,CT=F,USX,NYM
2003-08-01,57.0,57.099998474121094,56.29999923706055,56.349998474121094,56.349998474121094,525.0,CT=F,USX,NYM
2003-08-04,56.29999923706055,56.400001525878906,55.75,55.95000076293945,55.95000076293945,309.0,CT=F,USX,NYM
2003-08-05,56.150001525878906,56.650001525878906,55.849998474121094,55.93000030517578,55.93000030517578,202.0,CT=F,USX,NYM
2003-08-06,56.099998474121094,57.400001525878906,56.0,57.400001525878906,57.400001525878906,258.0,CT=F,USX,NYM
2003-08-07,57.099998474121094,57.25,56.25,56.400001525878906,56.400001525878906,350.0,CT=F,USX,NYM
2003-08-08,56.400001525878906,56.75,56.150001525878906,56.599998474121094,56.599998474121094,424.0,CT=F,USX,NYM
2003-08-11,56.95000076293945,57.0,55.650001525878906,55.900001525878906,55.900001525878906,335.0,CT=F,USX,NYM
2003-08-12,55.0,55.29999923706055,54.650001525878906,54.790000915527344,54.790000915527344,211.0,CT=F,USX,NYM
2003-08-13,55.0,55.45000076293945,54.900001525878906,55.45000076293945,55.45000076293945,0.0,CT=F,USX,NYM
2003-08-14,55.220001220703125,55.349998474121094,54.70000076293945,54.79999923706055,54.79999923706055,159.0,CT=F,USX,NYM
2003-08-15,54.599998474121094,55.400001525878906,54.400001525878906,54.52000045776367,54.52000045776367,399.0,CT=F,USX,NYM
2003-08-18,54.29999923706055,54.900001525878906,54.29999923706055,54.900001525878906,54.900001525878906,193.0,CT=F,USX,NYM
2003-08-19,55.70000076293945,55.790000915527344,55.099998474121094,55.16999816894531,55.16999816894531,431.0,CT=F,USX,NYM
2003-08-20,56.25,56.5,56.04999923706055,56.20000076293945,56.20000076293945,172.0,CT=F,USX,NYM
2003-08-21,56.25,56.5,55.900001525878906,55.970001220703125,55.970001220703125,93.0,CT=F,USX,NYM
2003-08-22,55.79999923706055,56.04999923706055,55.70000076293945,55.70000076293945,55.70000076293945,92.0,CT=F,USX,NYM
2003-08-25,55.5,55.880001068115234,55.5,55.650001525878906,55.650001525878906,96.0,CT=F,USX,NYM
2003-08-26,56.0,56.25,55.900001525878906,56.0,56.0,131.0,CT=F,USX,NYM
2003-08-27,56.150001525878906,56.20000076293945,56.0,56.130001068115234,56.130001068115234,196.0,CT=F,USX,NYM
2003-08-28,56.459999084472656,56.900001525878906,55.40999984741211,56.75,56.75,247.0,CT=F,USX,NYM
2003-08-29,57.29999923706055,57.650001525878906,57.0,57.54999923706055,57.54999923706055,547.0,CT=F,USX,NYM
2003-09-02,57.45000076293945,57.900001525878906,57.20000076293945,57.5,57.5,379.0,CT=F,USX,NYM
2003-09-03,57.349998474121094,57.599998474121094,57.0099983215332,57.59000015258789,57.59000015258789,916.0,CT=F,USX,NYM
2003-09-04,57.45000076293945,58.29999923706055,57.45000076293945,57.91999816894531,57.91999816894531,241.0,CT=F,USX,NYM
2003-09-05,57.959999084472656,58.25,57.75,58.25,58.25,729.0,CT=F,USX,NYM
2003-09-08,58.70000076293945,58.79999923706055,57.29999923706055,57.650001525878906,57.650001525878906,254.0,CT=F,USX,NYM
2003-09-09,58.0,58.29999923706055,57.650001525878906,58.18000030517578,58.18000030517578,1535.0,CT=F,USX,NYM
2003-09-10,58.79999923706055,61.0,58.79999923706055,60.70000076293945,60.70000076293945,980.0,CT=F,USX,NYM
2003-09-11,62.70000076293945,63.70000076293945,62.5,63.70000076293945,63.70000076293945,802.0,CT=F,USX,NYM
2003-09-12,63.400001525878906,64.5,63.150001525878906,64.47000122070312,64.47000122070312,553.0,CT=F,USX,NYM
2003-09-15,63.650001525878906,64.19999694824219,62.650001525878906,63.849998474121094,63.849998474121094,389.0,CT=F,USX,NYM
2003-09-16,63.45000076293945,63.5,62.54999923706055,62.599998474121094,62.599998474121094,609.0,CT=F,USX,NYM
2003-09-17,62.849998474121094,64.6500015258789,62.099998474121094,64.62999725341797,64.62999725341797,235.0,CT=F,USX,NYM
2003-09-18,64.4000015258789,65.0,63.79999923706055,63.869998931884766,63.869998931884766,269.0,CT=F,USX,NYM
2003-09-19,63.470001220703125,64.05000305175781,63.04999923706055,63.599998474121094,63.599998474121094,213.0,CT=F,USX,NYM
2003-09-22,64.30000305175781,64.30000305175781,63.400001525878906,63.54999923706055,63.54999923706055,480.0,CT=F,USX,NYM
2003-09-23,64.19999694824219,65.5999984741211,64.19999694824219,65.4000015258789,65.4000015258789,29.0,CT=F,USX,NYM
2003-09-24,65.6500015258789,66.5,65.19999694824219,65.19999694824219,65.19999694824219,3.0,CT=F,USX,NYM
2003-09-25,64.5,64.80000305175781,64.5,64.80000305175781,64.80000305175781,3.0,CT=F,USX,NYM
2003-09-26,64.19999694824219,64.41000366210938,64.19999694824219,64.41000366210938,64.41000366210938,28.0,CT=F,USX,NYM
2003-09-29,64.19999694824219,66.69999694824219,64.19999694824219,66.69999694824219,66.69999694824219,17.0,CT=F,USX,NYM
2003-09-30,67.25,67.25,66.75,66.75,66.75,1.0,CT=F,USX,NYM
2003-10-01,66.69999694824219,66.69999694824219,66.44999694824219,66.44999694824219,66.44999694824219,1.0,CT=F,USX,NYM
2003-10-02,66.69999694824219,67.0999984741211,66.69999694824219,67.0999984741211,67.0999984741211,0.0,CT=F,USX,NYM
2003-10-03,66.4000015258789,66.4000015258789,66.4000015258789,66.4000015258789,66.4000015258789,23.0,CT=F,USX,NYM
2003-10-06,67.25,67.4000015258789,67.25,67.4000015258789,67.4000015258789,20.0,CT=F,USX,NYM
2003-10-07,67.5999984741211,67.8499984741211,66.8499984741211,66.8499984741211,66.8499984741211,19.0,CT=F,USX,NYM
2003-10-08,67.69999694824219,68.69999694824219,67.69999694824219,68.6500015258789,68.6500015258789,0.0,CT=F,USX,NYM
2003-10-09,69.0,69.75,68.75,68.75,68.75,16506.0,CT=F,USX,NYM
2003-10-10,68.0,71.69999694824219,67.9000015258789,71.54000091552734,71.54000091552734,7511.0,CT=F,USX,NYM
2003-10-13,71.80000305175781,71.98999786376953,70.80000305175781,71.27999877929688,71.27999877929688,8935.0,CT=F,USX,NYM
2003-10-14,71.69999694824219,71.8499984741211,71.30000305175781,71.62000274658203,71.62000274658203,19845.0,CT=F,USX,NYM
2003-10-15,72.5999984741211,74.58999633789062,72.5,74.4800033569336,74.4800033569336,10863.0,CT=F,USX,NYM
2003-10-16,74.0,75.25,73.81999969482422,74.08999633789062,74.08999633789062,9342.0,CT=F,USX,NYM
2003-10-17,75.69999694824219,76.94999694824219,75.19999694824219,75.5199966430664,75.5199966430664,6226.0,CT=F,USX,NYM
2003-10-20,74.6500015258789,75.75,74.5,75.44000244140625,75.44000244140625,5957.0,CT=F,USX,NYM
2003-10-21,74.9000015258789,75.5999984741211,74.55000305175781,75.30999755859375,75.30999755859375,10587.0,CT=F,USX,NYM
2003-10-22,76.0,78.30999755859375,75.19999694824219,77.58999633789062,77.58999633789062,12724.0,CT=F,USX,NYM
2003-10-23,78.25,80.58999633789062,78.25,80.58999633789062,80.58999633789062,13004.0,CT=F,USX,NYM
2003-10-24,81.0,82.16999816894531,79.4000015258789,82.11000061035156,82.11000061035156,8748.0,CT=F,USX,NYM
2003-10-27,82.30000305175781,82.8499984741211,81.5,82.22000122070312,82.22000122070312,8044.0,CT=F,USX,NYM
2003-10-28,82.30000305175781,82.69999694824219,81.55000305175781,81.9800033569336,81.9800033569336,5319.0,CT=F,USX,NYM
2003-10-29,82.5999984741211,82.94999694824219,82.06999969482422,82.7300033569336,82.7300033569336,13865.0,CT=F,USX,NYM
2003-10-30,84.5,84.80000305175781,79.7300033569336,79.7300033569336,79.7300033569336,12988.0,CT=F,USX,NYM
2003-10-31,77.25,78.0,76.7300033569336,76.7300033569336,76.7300033569336,15994.0,CT=F,USX,NYM
2003-11-03,76.4000015258789,77.80000305175781,75.7300033569336,76.41000366210938,76.41000366210938,6567.0,CT=F,USX,NYM
2003-11-04,77.0,77.69999694824219,76.5,77.55000305175781,77.55000305175781,7568.0,CT=F,USX,NYM
2003-11-05,78.0999984741211,78.19999694824219,77.4000015258789,77.81999969482422,77.81999969482422,11463.0,CT=F,USX,NYM
2003-11-06,77.80000305175781,77.9000015258789,74.81999969482422,75.5199966430664,75.5199966430664,11862.0,CT=F,USX,NYM
2003-11-07,75.0,77.44999694824219,74.9000015258789,77.2699966430664,77.2699966430664,9500.0,CT=F,USX,NYM
2003-11-10,77.30000305175781,77.5,75.69999694824219,76.69999694824219,76.69999694824219,5636.0,CT=F,USX,NYM
2003-11-11,76.9000015258789,76.9000015258789,75.80000305175781,75.94999694824219,75.94999694824219,12157.0,CT=F,USX,NYM
2003-11-12,77.0,77.4000015258789,72.94999694824219,73.05999755859375,73.05999755859375,8917.0,CT=F,USX,NYM
2003-11-13,73.5999984741211,74.0999984741211,72.41000366210938,74.01000213623047,74.01000213623047,5653.0,CT=F,USX,NYM
2003-11-14,74.16999816894531,75.0999984741211,73.0,74.9000015258789,74.9000015258789,5387.0,CT=F,USX,NYM
2003-11-17,74.30000305175781,75.0999984741211,74.0999984741211,74.0999984741211,74.0999984741211,5361.0,CT=F,USX,NYM
2003-11-18,73.4000015258789,73.4000015258789,71.0999984741211,71.2300033569336,71.2300033569336,5421.0,CT=F,USX,NYM
2003-11-19,71.4000015258789,71.69999694824219,70.0,71.52999877929688,71.52999877929688,534.0,CT=F,USX,NYM
2003-11-20,71.0,71.4000015258789,69.69999694824219,70.23999786376953,70.23999786376953,190.0,CT=F,USX,NYM
2003-11-21,70.6500015258789,70.69999694824219,67.5,67.5999984741211,67.5999984741211,258.0,CT=F,USX,NYM
2003-11-24,67.44999694824219,67.44999694824219,63.869998931884766,63.869998931884766,63.869998931884766,100.0,CT=F,USX,NYM
2003-11-25,64.4000015258789,64.4000015258789,61.5,62.59000015258789,62.59000015258789,0.0,CT=F,USX,NYM
2003-11-26,61.5,71.0,61.5,68.0,68.0,72.0,CT=F,USX,NYM
2003-12-01,73.0,73.0,68.25,68.25,68.25,9.0,CT=F,USX,NYM
2003-12-02,70.0,70.0,67.5,68.5,68.5,33.0,CT=F,USX,NYM
2003-12-03,68.5,68.94999694824219,68.19999694824219,68.19999694824219,68.19999694824219,18.0,CT=F,USX,NYM
2003-12-04,67.0,67.0,67.0,67.0,67.0,0.0,CT=F,USX,NYM
2003-12-05,68.5,68.5,67.73999786376953,67.73999786376953,67.73999786376953,8401.0,CT=F,USX,NYM
2003-12-08,71.6500015258789,71.80000305175781,68.9000015258789,70.04000091552734,70.04000091552734,8590.0,CT=F,USX,NYM
2003-12-09,70.5,70.5999984741211,67.69999694824219,70.23999786376953,70.23999786376953,6227.0,CT=F,USX,NYM
2003-12-10,71.0,71.80000305175781,69.76000213623047,69.80999755859375,69.80999755859375,5276.0,CT=F,USX,NYM
2003-12-11,69.5,70.75,68.8499984741211,69.88999938964844,69.88999938964844,2536.0,CT=F,USX,NYM
2003-12-12,70.19999694824219,70.5999984741211,69.9000015258789,70.30999755859375,70.30999755859375,4967.0,CT=F,USX,NYM
2003-12-15,70.80000305175781,70.9000015258789,70.30999755859375,70.56999969482422,70.56999969482422,3779.0,CT=F,USX,NYM
2003-12-16,70.5999984741211,71.0,69.8499984741211,69.91999816894531,69.91999816894531,2837.0,CT=F,USX,NYM
2003-12-17,70.4000015258789,70.48999786376953,69.91999816894531,70.37000274658203,70.37000274658203,4563.0,CT=F,USX,NYM
2003-12-18,70.52999877929688,70.69999694824219,69.26000213623047,69.33000183105469,69.33000183105469,8303.0,CT=F,USX,NYM
2003-12-19,69.5,71.91999816894531,69.0199966430664,71.29000091552734,71.29000091552734,2401.0,CT=F,USX,NYM
2003-12-22,71.0999984741211,71.25,70.25,70.58000183105469,70.58000183105469,1572.0,CT=F,USX,NYM
2003-12-23,70.68000030517578,71.19999694824219,70.29000091552734,70.5999984741211,70.5999984741211,0.0,CT=F,USX,NYM
2003-12-24,70.4000015258789,71.19999694824219,70.30999755859375,71.04000091552734,71.04000091552734,11056.0,CT=F,USX,NYM
2003-12-29,72.19999694824219,74.04000091552734,72.05000305175781,73.97000122070312,73.97000122070312,7391.0,CT=F,USX,NYM
2003-12-30,74.79000091552734,74.8499984741211,73.9000015258789,74.37000274658203,74.37000274658203,0.0,CT=F,USX,NYM
2003-12-31,74.5,75.0999984741211,74.1500015258789,75.06999969482422,75.06999969482422,13822.0,CT=F,USX,NYM
2004-01-05,75.1500015258789,76.0,75.0999984741211,75.80000305175781,75.80000305175781,8943.0,CT=F,USX,NYM
2004-01-06,75.9000015258789,76.0,75.19999694824219,75.66999816894531,75.66999816894531,8972.0,CT=F,USX,NYM
2004-01-07,75.4000015258789,75.44999694824219,73.5,74.04000091552734,74.04000091552734,7638.0,CT=F,USX,NYM
2004-01-08,73.94999694824219,75.25,73.9000015258789,75.12999725341797,75.12999725341797,4284.0,CT=F,USX,NYM
2004-01-09,75.12999725341797,75.48999786376953,74.1500015258789,74.16999816894531,74.16999816894531,7221.0,CT=F,USX,NYM
2004-01-12,74.25,74.69999694824219,73.0999984741211,74.26000213623047,74.26000213623047,4030.0,CT=F,USX,NYM
2004-01-13,73.9000015258789,74.4000015258789,73.80000305175781,74.30999755859375,74.30999755859375,4871.0,CT=F,USX,NYM
2004-01-14,74.30000305175781,74.4000015258789,73.5,73.56999969482422,73.56999969482422,10782.0,CT=F,USX,NYM
2004-01-15,73.0,75.0999984741211,72.30000305175781,74.48999786376953,74.48999786376953,4492.0,CT=F,USX,NYM
2004-01-16,75.0,75.0999984741211,74.05000305175781,74.72000122070312,74.72000122070312,8415.0,CT=F,USX,NYM
2004-01-20,74.5999984741211,75.30000305175781,73.3499984741211,75.2699966430664,75.2699966430664,7502.0,CT=F,USX,NYM
2004-01-21,75.2699966430664,75.80000305175781,75.0999984741211,75.66000366210938,75.66000366210938,4698.0,CT=F,USX,NYM
2004-01-22,75.6500015258789,75.9000015258789,75.19999694824219,75.81999969482422,75.81999969482422,7113.0,CT=F,USX,NYM
2004-01-23,75.55000305175781,76.0,75.55000305175781,75.94000244140625,75.94000244140625,6559.0,CT=F,USX,NYM
2004-01-26,75.98999786376953,76.18000030517578,75.0,75.63999938964844,75.63999938964844,13629.0,CT=F,USX,NYM
2004-01-27,75.22000122070312,75.25,73.41000366210938,73.76000213623047,73.76000213623047,17625.0,CT=F,USX,NYM
2004-01-28,73.11000061035156,73.30000305175781,70.76000213623047,70.76000213623047,70.76000213623047,28471.0,CT=F,USX,NYM
2004-01-29,70.55999755859375,70.5999984741211,67.76000213623047,68.66000366210938,68.66000366210938,15191.0,CT=F,USX,NYM
2004-01-30,70.0,71.5999984741211,69.80000305175781,70.7300033569336,70.7300033569336,10753.0,CT=F,USX,NYM
2004-02-02,70.6500015258789,70.7300033569336,68.4000015258789,68.63999938964844,68.63999938964844,12170.0,CT=F,USX,NYM
2004-02-03,68.0999984741211,69.0999984741211,67.19999694824219,68.9000015258789,68.9000015258789,7103.0,CT=F,USX,NYM
2004-02-04,69.25,69.9000015258789,68.69999694824219,69.25,69.25,8769.0,CT=F,USX,NYM
2004-02-05,69.5,69.69999694824219,68.4000015258789,68.5,68.5,10308.0,CT=F,USX,NYM
2004-02-06,68.30000305175781,69.25,67.51000213623047,69.06999969482422,69.06999969482422,11741.0,CT=F,USX,NYM
2004-02-09,68.69999694824219,69.19999694824219,67.80000305175781,67.95999908447266,67.95999908447266,12737.0,CT=F,USX,NYM
2004-02-10,67.5,67.9000015258789,64.95999908447266,64.95999908447266,64.95999908447266,11720.0,CT=F,USX,NYM
2004-02-11,65.5,66.5,64.19999694824219,64.94000244140625,64.94000244140625,8865.0,CT=F,USX,NYM
2004-02-12,67.0,67.4000015258789,65.5,66.41999816894531,66.41999816894531,3735.0,CT=F,USX,NYM
2004-02-13,66.0999984741211,67.30000305175781,66.05000305175781,66.3499984741211,66.3499984741211,6163.0,CT=F,USX,NYM
2004-02-17,66.4000015258789,67.25,66.4000015258789,67.19999694824219,67.19999694824219,4492.0,CT=F,USX,NYM
2004-02-18,67.30000305175781,67.3499984741211,66.30000305175781,66.4000015258789,66.4000015258789,5734.0,CT=F,USX,NYM
2004-02-19,66.80000305175781,68.0,66.62000274658203,67.88999938964844,67.88999938964844,7146.0,CT=F,USX,NYM
2004-02-20,68.13999938964844,68.80000305175781,67.25,67.69000244140625,67.69000244140625,531.0,CT=F,USX,NYM
2004-02-23,67.80000305175781,68.8499984741211,67.80000305175781,68.69999694824219,68.69999694824219,502.0,CT=F,USX,NYM
2004-02-24,69.0,70.0,68.5,69.0,69.0,47.0,CT=F,USX,NYM
2004-02-25,69.4000015258789,69.4000015258789,68.80000305175781,69.0999984741211,69.0999984741211,55.0,CT=F,USX,NYM
2004-02-26,68.3499984741211,71.5999984741211,68.3499984741211,71.5,71.5,40.0,CT=F,USX,NYM
2004-02-27,72.0,73.05000305175781,71.9000015258789,72.0999984741211,72.0999984741211,19.0,CT=F,USX,NYM
2004-03-01,71.6500015258789,72.05000305175781,71.6500015258789,71.75,71.75,7.0,CT=F,USX,NYM
2004-03-02,70.5999984741211,70.5999984741211,69.9000015258789,69.9000015258789,69.9000015258789,9.0,CT=F,USX,NYM
2004-03-03,68.0,68.5,67.19999694824219,68.5,68.5,9.0,CT=F,USX,NYM
2004-03-04,68.05000305175781,68.05000305175781,67.5999984741211,67.5999984741211,67.5999984741211,10.0,CT=F,USX,NYM
2004-03-05,67.5999984741211,68.0,67.5999984741211,68.0,68.0,5.0,CT=F,USX,NYM
2004-03-08,65.75,65.75,65.75,65.75,65.75,0.0,CT=F,USX,NYM
2004-03-09,63.70000076293945,63.70000076293945,62.83000183105469,62.849998474121094,62.849998474121094,14955.0,CT=F,USX,NYM
2004-03-10,65.02999877929688,65.69999694824219,63.75,64.62999725341797,64.62999725341797,8377.0,CT=F,USX,NYM
2004-03-11,65.0999984741211,66.44999694824219,64.75,65.93000030517578,65.93000030517578,5357.0,CT=F,USX,NYM
2004-03-12,65.25,65.75,64.55000305175781,64.62000274658203,64.62000274658203,11276.0,CT=F,USX,NYM
2004-03-15,64.0999984741211,65.5,62.970001220703125,65.43000030517578,65.43000030517578,5173.0,CT=F,USX,NYM
2004-03-16,65.9000015258789,66.30000305175781,65.1500015258789,65.79000091552734,65.79000091552734,5477.0,CT=F,USX,NYM
2004-03-17,65.16999816894531,66.4000015258789,65.0,66.0999984741211,66.0999984741211,5889.0,CT=F,USX,NYM
2004-03-18,67.0999984741211,67.79000091552734,66.9000015258789,67.75,67.75,3911.0,CT=F,USX,NYM
2004-03-19,67.9000015258789,68.3499984741211,67.11000061035156,67.91999816894531,67.91999816894531,5348.0,CT=F,USX,NYM
2004-03-22,68.5,68.8499984741211,66.80000305175781,67.0,67.0,10536.0,CT=F,USX,NYM
2004-03-23,66.80000305175781,67.0,64.5999984741211,64.86000061035156,64.86000061035156,5763.0,CT=F,USX,NYM
2004-03-24,64.05000305175781,65.94999694824219,64.0,65.26000213623047,65.26000213623047,8186.0,CT=F,USX,NYM
2004-03-25,65.0,65.80000305175781,63.7599983215332,64.19999694824219,64.19999694824219,5901.0,CT=F,USX,NYM
2004-03-26,64.62000274658203,65.05000305175781,64.01000213623047,64.9000015258789,64.9000015258789,5740.0,CT=F,USX,NYM
2004-03-29,64.75,65.69999694824219,64.30000305175781,65.55000305175781,65.55000305175781,4874.0,CT=F,USX,NYM
2004-03-30,65.55000305175781,65.6500015258789,64.8499984741211,65.0999984741211,65.0999984741211,12235.0,CT=F,USX,NYM
2004-03-31,63.54999923706055,64.44999694824219,62.099998474121094,62.099998474121094,62.099998474121094,15199.0,CT=F,USX,NYM
2004-04-01,61.400001525878906,62.45000076293945,60.29999923706055,61.529998779296875,61.529998779296875,6937.0,CT=F,USX,NYM
2004-04-02,61.900001525878906,63.150001525878906,61.720001220703125,62.619998931884766,62.619998931884766,6894.0,CT=F,USX,NYM
2004-04-05,62.79999923706055,62.81999969482422,61.150001525878906,62.18000030517578,62.18000030517578,5815.0,CT=F,USX,NYM
2004-04-06,61.880001068115234,62.25,61.08000183105469,61.720001220703125,61.720001220703125,7892.0,CT=F,USX,NYM
2004-04-07,62.04999923706055,62.29999923706055,61.400001525878906,61.68000030517578,61.68000030517578,9808.0,CT=F,USX,NYM
2004-04-08,62.20000076293945,62.75,61.70000076293945,61.709999084472656,61.709999084472656,11300.0,CT=F,USX,NYM
2004-04-12,61.5,61.70000076293945,58.709999084472656,58.7599983215332,58.7599983215332,13450.0,CT=F,USX,NYM
2004-04-13,58.95000076293945,59.0,56.7599983215332,57.369998931884766,57.369998931884766,13576.0,CT=F,USX,NYM
2004-04-14,57.900001525878906,60.369998931884766,57.900001525878906,60.369998931884766,60.369998931884766,11619.0,CT=F,USX,NYM
2004-04-15,61.900001525878906,62.29999923706055,60.900001525878906,61.400001525878906,61.400001525878906,11626.0,CT=F,USX,NYM
2004-04-16,61.79999923706055,62.900001525878906,61.599998474121094,61.9900016784668,61.9900016784668,5976.0,CT=F,USX,NYM
2004-04-19,62.0,62.5,61.400001525878906,62.209999084472656,62.209999084472656,3695.0,CT=F,USX,NYM
2004-04-20,61.75,61.849998474121094,61.099998474121094,61.5,61.5,7142.0,CT=F,USX,NYM
2004-04-21,61.599998474121094,63.970001220703125,61.04999923706055,63.45000076293945,63.45000076293945,3431.0,CT=F,USX,NYM
2004-04-22,64.4000015258789,64.55000305175781,62.400001525878906,64.4800033569336,64.4800033569336,2294.0,CT=F,USX,NYM
2004-04-23,64.5999984741211,65.0,63.5,63.95000076293945,63.95000076293945,932.0,CT=F,USX,NYM
2004-04-26,64.69999694824219,65.9000015258789,64.0999984741211,64.18000030517578,64.18000030517578,332.0,CT=F,USX,NYM
2004-04-27,63.20000076293945,64.9000015258789,63.20000076293945,64.8499984741211,64.8499984741211,134.0,CT=F,USX,NYM
2004-04-28,65.5,65.5,57.0,60.0,60.0,50.0,CT=F,USX,NYM
2004-04-29,59.849998474121094,61.0,58.5,60.31999969482422,60.31999969482422,6.0,CT=F,USX,NYM
2004-04-30,61.25,61.25,59.5,59.5,59.5,11.0,CT=F,USX,NYM
2004-05-03,61.20000076293945,61.5,61.0,61.5,61.5,20.0,CT=F,USX,NYM
2004-05-04,60.79999923706055,60.79999923706055,60.599998474121094,60.599998474121094,60.599998474121094,8.0,CT=F,USX,NYM
2004-05-05,60.5,61.93000030517578,60.150001525878906,61.93000030517578,61.93000030517578,0.0,CT=F,USX,NYM
2004-05-06,61.93000030517578,63.75,61.93000030517578,63.75,63.75,14573.0,CT=F,USX,NYM
2004-05-07,62.75,64.75,62.599998474121094,64.75,64.75,10614.0,CT=F,USX,NYM
2004-05-10,65.5,65.75,64.30000305175781,64.54000091552734,64.54000091552734,6849.0,CT=F,USX,NYM
2004-05-11,64.69999694824219,64.69999694824219,62.400001525878906,64.1500015258789,64.1500015258789,5371.0,CT=F,USX,NYM
2004-05-12,63.900001525878906,64.25,62.099998474121094,63.150001525878906,63.150001525878906,8530.0,CT=F,USX,NYM
2004-05-13,63.7599983215332,65.5999984741211,63.20000076293945,65.33999633789062,65.33999633789062,9601.0,CT=F,USX,NYM
2004-05-14,65.5,66.19000244140625,63.650001525878906,64.97000122070312,64.97000122070312,5232.0,CT=F,USX,NYM
2004-05-17,64.5,64.5,63.5,64.20999908447266,64.20999908447266,6808.0,CT=F,USX,NYM
2004-05-18,63.900001525878906,64.69999694824219,62.650001525878906,62.939998626708984,62.939998626708984,6330.0,CT=F,USX,NYM
2004-05-19,62.75,64.0,62.06999969482422,63.970001220703125,63.970001220703125,2625.0,CT=F,USX,NYM
2004-05-20,63.599998474121094,64.5,63.20000076293945,63.540000915527344,63.540000915527344,3259.0,CT=F,USX,NYM
2004-05-21,63.900001525878906,63.900001525878906,62.5,63.0,63.0,2348.0,CT=F,USX,NYM
2004-05-24,63.0,63.75,62.5,63.540000915527344,63.540000915527344,2844.0,CT=F,USX,NYM
2004-05-25,63.900001525878906,64.0,62.900001525878906,63.68000030517578,63.68000030517578,7821.0,CT=F,USX,NYM
2004-05-26,63.849998474121094,64.19999694824219,61.95000076293945,62.349998474121094,62.349998474121094,13331.0,CT=F,USX,NYM
2004-05-27,61.599998474121094,61.849998474121094,59.349998474121094,61.150001525878906,61.150001525878906,7259.0,CT=F,USX,NYM
2004-05-28,61.45000076293945,62.599998474121094,60.849998474121094,61.189998626708984,61.189998626708984,10273.0,CT=F,USX,NYM
2004-06-01,61.25,61.5,58.189998626708984,58.22999954223633,58.22999954223633,13074.0,CT=F,USX,NYM
2004-06-02,58.5,59.150001525878906,55.5,57.380001068115234,57.380001068115234,9458.0,CT=F,USX,NYM
2004-06-03,56.5,57.849998474121094,56.20000076293945,57.040000915527344,57.040000915527344,6295.0,CT=F,USX,NYM
2004-06-04,57.5,58.70000076293945,57.29999923706055,57.79999923706055,57.79999923706055,9931.0,CT=F,USX,NYM
2004-06-07,58.04999923706055,58.20000076293945,56.25,56.529998779296875,56.529998779296875,12502.0,CT=F,USX,NYM
2004-06-08,56.75,56.959999084472656,55.04999923706055,55.689998626708984,55.689998626708984,8218.0,CT=F,USX,NYM
2004-06-09,56.45000076293945,56.900001525878906,55.45000076293945,56.59000015258789,56.59000015258789,0.0,CT=F,USX,NYM
2004-06-10,57.400001525878906,58.75,56.900001525878906,58.16999816894531,58.16999816894531,15005.0,CT=F,USX,NYM
2004-06-14,59.0,59.400001525878906,57.099998474121094,57.31999969482422,57.31999969482422,13018.0,CT=F,USX,NYM
2004-06-15,56.900001525878906,56.9900016784668,54.31999969482422,54.31999969482422,54.31999969482422,8513.0,CT=F,USX,NYM
2004-06-16,53.79999923706055,54.70000076293945,51.31999969482422,51.529998779296875,51.529998779296875,3459.0,CT=F,USX,NYM
2004-06-17,52.400001525878906,52.5,51.529998779296875,52.290000915527344,52.290000915527344,2290.0,CT=F,USX,NYM
2004-06-18,52.0,52.599998474121094,51.5,52.0,52.0,2494.0,CT=F,USX,NYM
2004-06-21,50.5,51.5,49.599998474121094,50.09000015258789,50.09000015258789,5027.0,CT=F,USX,NYM
2004-06-22,50.5,50.5,48.20000076293945,48.400001525878906,48.400001525878906,7242.0,CT=F,USX,NYM
2004-06-23,47.20000076293945,48.400001525878906,47.0,47.95000076293945,47.95000076293945,670.0,CT=F,USX,NYM
2004-06-24,48.0,50.849998474121094,47.900001525878906,49.29999923706055,49.29999923706055,94.0,CT=F,USX,NYM
2004-06-25,51.0,51.29999923706055,50.0,50.0,50.0,60.0,CT=F,USX,NYM
2004-06-28,50.5,50.70000076293945,48.0,48.650001525878906,48.650001525878906,102.0,CT=F,USX,NYM
2004-06-29,49.5,50.599998474121094,49.0,49.70000076293945,49.70000076293945,47.0,CT=F,USX,NYM
2004-06-30,48.25,48.25,47.0,48.25,48.25,26.0,CT=F,USX,NYM
2004-07-01,49.29999923706055,49.29999923706055,46.650001525878906,46.650001525878906,46.650001525878906,23.0,CT=F,USX,NYM
2004-07-02,47.099998474121094,48.0,46.900001525878906,47.25,47.25,17.0,CT=F,USX,NYM
2004-07-06,47.5,47.5,46.5,46.5,46.5,7.0,CT=F,USX,NYM
2004-07-07,47.29999923706055,47.29999923706055,46.75,46.75,46.75,0.0,CT=F,USX,NYM
2004-07-08,46.70000076293945,46.70000076293945,44.20000076293945,44.869998931884766,44.869998931884766,283.0,CT=F,USX,NYM
2004-07-09,48.0,48.25,47.75,47.849998474121094,47.849998474121094,485.0,CT=F,USX,NYM
2004-07-12,47.20000076293945,47.20000076293945,45.5,46.599998474121094,46.599998474121094,226.0,CT=F,USX,NYM
2004-07-13,47.20000076293945,47.20000076293945,46.099998474121094,46.599998474121094,46.599998474121094,303.0,CT=F,USX,NYM
2004-07-14,46.900001525878906,47.95000076293945,46.599998474121094,46.79999923706055,46.79999923706055,203.0,CT=F,USX,NYM
2004-07-15,46.70000076293945,47.349998474121094,46.400001525878906,47.279998779296875,47.279998779296875,137.0,CT=F,USX,NYM
2004-07-16,47.79999923706055,47.900001525878906,47.29999923706055,47.29999923706055,47.29999923706055,194.0,CT=F,USX,NYM
2004-07-19,47.04999923706055,47.599998474121094,46.900001525878906,47.5,47.5,393.0,CT=F,USX,NYM
2004-07-20,47.70000076293945,48.75,47.70000076293945,48.68000030517578,48.68000030517578,385.0,CT=F,USX,NYM
2004-07-21,48.79999923706055,49.099998474121094,47.900001525878906,48.0,48.0,508.0,CT=F,USX,NYM
2004-07-22,47.29999923706055,47.349998474121094,46.20000076293945,46.849998474121094,46.849998474121094,368.0,CT=F,USX,NYM
2004-07-23,46.81999969482422,47.13999938964844,45.900001525878906,46.45000076293945,46.45000076293945,587.0,CT=F,USX,NYM
2004-07-26,45.75,45.75,43.79999923706055,44.310001373291016,44.310001373291016,496.0,CT=F,USX,NYM
2004-07-27,44.5,44.5,43.5,43.939998626708984,43.939998626708984,409.0,CT=F,USX,NYM
2004-07-28,43.939998626708984,44.79999923706055,43.599998474121094,44.45000076293945,44.45000076293945,288.0,CT=F,USX,NYM
2004-07-29,44.52000045776367,45.400001525878906,43.5,43.72999954223633,43.72999954223633,265.0,CT=F,USX,NYM
2004-07-30,43.75,44.20000076293945,43.5,43.83000183105469,43.83000183105469,467.0,CT=F,USX,NYM
2004-08-02,44.599998474121094,44.599998474121094,43.75,44.29999923706055,44.29999923706055,465.0,CT=F,USX,NYM
2004-08-03,44.0,45.5,43.79999923706055,45.459999084472656,45.459999084472656,285.0,CT=F,USX,NYM
2004-08-04,45.5,45.849998474121094,44.79999923706055,44.95000076293945,44.95000076293945,289.0,CT=F,USX,NYM
2004-08-05,45.79999923706055,45.79999923706055,45.099998474121094,45.72999954223633,45.72999954223633,175.0,CT=F,USX,NYM
2004-08-06,45.650001525878906,45.95000076293945,44.599998474121094,44.900001525878906,44.900001525878906,206.0,CT=F,USX,NYM
2004-08-09,44.400001525878906,45.0,44.0,44.900001525878906,44.900001525878906,110.0,CT=F,USX,NYM
2004-08-10,45.0,45.20000076293945,44.70000076293945,45.04999923706055,45.04999923706055,181.0,CT=F,USX,NYM
2004-08-11,45.04999923706055,45.04999923706055,44.599998474121094,44.880001068115234,44.880001068115234,751.0,CT=F,USX,NYM
2004-08-12,42.0,43.02000045776367,42.0,43.02000045776367,43.02000045776367,180.0,CT=F,USX,NYM
2004-08-13,43.5,43.70000076293945,42.900001525878906,43.54999923706055,43.54999923706055,178.0,CT=F,USX,NYM
2004-08-16,43.56999969482422,44.20000076293945,43.099998474121094,43.599998474121094,43.599998474121094,1070.0,CT=F,USX,NYM
2004-08-17,43.720001220703125,46.599998474121094,43.5,46.599998474121094,46.599998474121094,585.0,CT=F,USX,NYM
2004-08-18,47.5,48.0,46.349998474121094,47.349998474121094,47.349998474121094,430.0,CT=F,USX,NYM
2004-08-19,46.599998474121094,47.900001525878906,46.400001525878906,47.83000183105469,47.83000183105469,786.0,CT=F,USX,NYM
2004-08-20,48.0,50.79999923706055,48.0,50.79999923706055,50.79999923706055,566.0,CT=F,USX,NYM
2004-08-23,50.79999923706055,51.150001525878906,50.099998474121094,50.599998474121094,50.599998474121094,465.0,CT=F,USX,NYM
2004-08-24,51.0,51.0,50.0,50.95000076293945,50.95000076293945,431.0,CT=F,USX,NYM
2004-08-25,51.25,51.279998779296875,50.0,50.2400016784668,50.2400016784668,552.0,CT=F,USX,NYM
2004-08-26,49.5,50.45000076293945,48.20000076293945,48.400001525878906,48.400001525878906,360.0,CT=F,USX,NYM
2004-08-27,48.0,48.20000076293945,47.119998931884766,47.900001525878906,47.900001525878906,401.0,CT=F,USX,NYM
2004-08-30,48.25,50.900001525878906,48.25,50.900001525878906,50.900001525878906,570.0,CT=F,USX,NYM
2004-08-31,53.20000076293945,53.900001525878906,51.20000076293945,53.79999923706055,53.79999923706055,588.0,CT=F,USX,NYM
2004-09-01,54.75,55.20000076293945,53.04999923706055,53.400001525878906,53.400001525878906,810.0,CT=F,USX,NYM
2004-09-02,55.0,55.0,53.5,54.0,54.0,492.0,CT=F,USX,NYM
2004-09-03,53.0,53.0,51.0,51.0,51.0,389.0,CT=F,USX,NYM
2004-09-07,51.599998474121094,52.20000076293945,48.0,52.20000076293945,52.20000076293945,588.0,CT=F,USX,NYM
2004-09-08,52.099998474121094,53.849998474121094,51.900001525878906,53.0,53.0,564.0,CT=F,USX,NYM
2004-09-09,52.29999923706055,52.599998474121094,50.25,52.54999923706055,52.54999923706055,445.0,CT=F,USX,NYM
2004-09-10,50.5,52.0,50.5,51.25,51.25,252.0,CT=F,USX,NYM
2004-09-13,52.70000076293945,53.04999923706055,51.5,53.04999923706055,53.04999923706055,271.0,CT=F,USX,NYM
2004-09-14,53.02000045776367,54.0,51.400001525878906,51.45000076293945,51.45000076293945,146.0,CT=F,USX,NYM
2004-09-15,51.400001525878906,52.70000076293945,51.20000076293945,51.75,51.75,178.0,CT=F,USX,NYM
2004-09-16,52.0,52.0,48.900001525878906,48.970001220703125,48.970001220703125,60.0,CT=F,USX,NYM
2004-09-17,49.099998474121094,50.5,49.099998474121094,50.209999084472656,50.209999084472656,296.0,CT=F,USX,NYM
2004-09-20,49.79999923706055,49.79999923706055,48.599998474121094,49.349998474121094,49.349998474121094,145.0,CT=F,USX,NYM
2004-09-21,49.79999923706055,50.25,49.54999923706055,50.20000076293945,50.20000076293945,314.0,CT=F,USX,NYM
2004-09-22,50.599998474121094,51.599998474121094,50.5,51.400001525878906,51.400001525878906,232.0,CT=F,USX,NYM
2004-09-23,51.5,51.54999923706055,51.0,51.0099983215332,51.0099983215332,170.0,CT=F,USX,NYM
2004-09-24,51.0099983215332,51.0099983215332,49.400001525878906,49.400001525878906,49.400001525878906,13.0,CT=F,USX,NYM
2004-09-27,50.0,51.5,50.0,50.29999923706055,50.29999923706055,28.0,CT=F,USX,NYM
2004-09-28,50.59000015258789,50.59000015258789,47.95000076293945,47.95000076293945,47.95000076293945,29.0,CT=F,USX,NYM
2004-09-29,48.0,49.349998474121094,47.599998474121094,48.20000076293945,48.20000076293945,21.0,CT=F,USX,NYM
2004-09-30,47.5,48.099998474121094,47.5,48.099998474121094,48.099998474121094,14.0,CT=F,USX,NYM
2004-10-01,48.099998474121094,48.5,47.5,48.0,48.0,11.0,CT=F,USX,NYM
2004-10-04,49.20000076293945,49.5,49.20000076293945,49.25,49.25,20.0,CT=F,USX,NYM
2004-10-05,50.0,50.0,48.869998931884766,48.869998931884766,48.869998931884766,32.0,CT=F,USX,NYM
2004-10-06,49.900001525878906,50.349998474121094,49.29999923706055,50.349998474121094,50.349998474121094,0.0,CT=F,USX,NYM
2004-10-07,50.5,50.5,46.869998931884766,46.869998931884766,46.869998931884766,2806.0,CT=F,USX,NYM
2004-10-08,47.150001525878906,47.95000076293945,46.810001373291016,47.349998474121094,47.349998474121094,4026.0,CT=F,USX,NYM
2004-10-11,47.29999923706055,47.400001525878906,46.400001525878906,46.52000045776367,46.52000045776367,12406.0,CT=F,USX,NYM
2004-10-12,44.599998474121094,45.5,43.75,44.790000915527344,44.790000915527344,10417.0,CT=F,USX,NYM
2004-10-13,44.529998779296875,46.25,44.5,45.95000076293945,45.95000076293945,12018.0,CT=F,USX,NYM
2004-10-14,46.79999923706055,48.5,46.45000076293945,46.52000045776367,46.52000045776367,6229.0,CT=F,USX,NYM
2004-10-15,46.79999923706055,47.130001068115234,45.650001525878906,45.81999969482422,45.81999969482422,5094.0,CT=F,USX,NYM
2004-10-18,46.38999938964844,46.5,45.5,46.41999816894531,46.41999816894531,10116.0,CT=F,USX,NYM
2004-10-19,46.20000076293945,47.75,46.0,47.540000915527344,47.540000915527344,10444.0,CT=F,USX,NYM
2004-10-20,48.400001525878906,48.900001525878906,47.099998474121094,47.9900016784668,47.9900016784668,6881.0,CT=F,USX,NYM
2004-10-21,47.400001525878906,47.400001525878906,45.79999923706055,45.810001373291016,45.810001373291016,5080.0,CT=F,USX,NYM
2004-10-22,46.0,46.25,45.11000061035156,45.66999816894531,45.66999816894531,7136.0,CT=F,USX,NYM
2004-10-25,45.900001525878906,47.150001525878906,45.900001525878906,46.540000915527344,46.540000915527344,2624.0,CT=F,USX,NYM
2004-10-26,46.75,47.0,46.400001525878906,46.619998931884766,46.619998931884766,3961.0,CT=F,USX,NYM
2004-10-27,46.97999954223633,47.20000076293945,46.5,46.83000183105469,46.83000183105469,9073.0,CT=F,USX,NYM
2004-10-28,46.400001525878906,46.400001525878906,45.0,45.310001373291016,45.310001373291016,8679.0,CT=F,USX,NYM
2004-10-29,45.310001373291016,45.79999923706055,44.650001525878906,44.97999954223633,44.97999954223633,9200.0,CT=F,USX,NYM
2004-11-01,44.65999984741211,44.900001525878906,43.54999923706055,43.97999954223633,43.97999954223633,6600.0,CT=F,USX,NYM
2004-11-02,43.70000076293945,45.29999923706055,43.54999923706055,45.150001525878906,45.150001525878906,7635.0,CT=F,USX,NYM
2004-11-03,44.650001525878906,45.599998474121094,44.2599983215332,44.58000183105469,44.58000183105469,8251.0,CT=F,USX,NYM
2004-11-04,44.33000183105469,44.58000183105469,43.099998474121094,43.369998931884766,43.369998931884766,7338.0,CT=F,USX,NYM
2004-11-05,43.52000045776367,43.79999923706055,43.20000076293945,43.36000061035156,43.36000061035156,7417.0,CT=F,USX,NYM
2004-11-08,43.36000061035156,44.20000076293945,43.36000061035156,43.83000183105469,43.83000183105469,12107.0,CT=F,USX,NYM
2004-11-09,44.04999923706055,44.70000076293945,43.79999923706055,44.040000915527344,44.040000915527344,10953.0,CT=F,USX,NYM
2004-11-10,44.5,44.58000183105469,43.349998474121094,43.650001525878906,43.650001525878906,8767.0,CT=F,USX,NYM
2004-11-11,43.5,44.20000076293945,43.5,43.880001068115234,43.880001068115234,9973.0,CT=F,USX,NYM
2004-11-12,43.5,44.400001525878906,43.5,44.34000015258789,44.34000015258789,13229.0,CT=F,USX,NYM
2004-11-15,44.400001525878906,45.5,44.400001525878906,44.90999984741211,44.90999984741211,14831.0,CT=F,USX,NYM
2004-11-16,45.400001525878906,47.400001525878906,45.20000076293945,46.59000015258789,46.59000015258789,5256.0,CT=F,USX,NYM
2004-11-17,46.5,47.29999923706055,46.099998474121094,47.13999938964844,47.13999938964844,6154.0,CT=F,USX,NYM
2004-11-18,47.599998474121094,48.5,47.5,48.5,48.5,5591.0,CT=F,USX,NYM
2004-11-19,48.849998474121094,48.849998474121094,45.5,47.83000183105469,47.83000183105469,609.0,CT=F,USX,NYM
2004-11-22,47.95000076293945,48.79999923706055,47.70000076293945,48.779998779296875,48.779998779296875,1275.0,CT=F,USX,NYM
2004-11-23,48.900001525878906,49.099998474121094,48.5,49.0,49.0,0.0,CT=F,USX,NYM
2004-11-24,48.79999923706055,49.150001525878906,48.400001525878906,48.400001525878906,48.400001525878906,282.0,CT=F,USX,NYM
2004-11-29,48.400001525878906,48.5,47.95000076293945,48.5,48.5,257.0,CT=F,USX,NYM
2004-11-30,48.400001525878906,48.650001525878906,48.099998474121094,48.650001525878906,48.650001525878906,362.0,CT=F,USX,NYM
2004-12-01,48.5099983215332,48.5099983215332,46.400001525878906,47.880001068115234,47.880001068115234,124.0,CT=F,USX,NYM
2004-12-02,47.29999923706055,47.5,47.29999923706055,47.400001525878906,47.400001525878906,223.0,CT=F,USX,NYM
2004-12-03,47.0,47.0,45.0,45.25,45.25,46.0,CT=F,USX,NYM
2004-12-06,46.0,46.0,45.29999923706055,45.79999923706055,45.79999923706055,43.0,CT=F,USX,NYM
2004-12-07,45.5,46.0,45.5,45.970001220703125,45.970001220703125,0.0,CT=F,USX,NYM
2004-12-08,46.599998474121094,46.599998474121094,42.5,44.0,44.0,3371.0,CT=F,USX,NYM
2004-12-09,43.0,43.04999923706055,42.599998474121094,42.86000061035156,42.86000061035156,7989.0,CT=F,USX,NYM
2004-12-10,42.599998474121094,43.75,42.099998474121094,42.310001373291016,42.310001373291016,5623.0,CT=F,USX,NYM
2004-12-13,42.849998474121094,43.25,42.599998474121094,43.220001220703125,43.220001220703125,5809.0,CT=F,USX,NYM
2004-12-14,43.20000076293945,43.54999923706055,42.599998474121094,42.630001068115234,42.630001068115234,4772.0,CT=F,USX,NYM
2004-12-15,42.900001525878906,43.5,42.650001525878906,42.7599983215332,42.7599983215332,3623.0,CT=F,USX,NYM
2004-12-16,42.779998779296875,43.47999954223633,42.7599983215332,43.459999084472656,43.459999084472656,8880.0,CT=F,USX,NYM
2004-12-17,43.900001525878906,44.150001525878906,43.29999923706055,44.130001068115234,44.130001068115234,6853.0,CT=F,USX,NYM
2004-12-20,44.20000076293945,44.5,43.900001525878906,43.9900016784668,43.9900016784668,4388.0,CT=F,USX,NYM
2004-12-21,44.20000076293945,44.25,43.599998474121094,43.619998931884766,43.619998931884766,10954.0,CT=F,USX,NYM
2004-12-22,43.599998474121094,43.70000076293945,42.209999084472656,42.720001220703125,42.720001220703125,2801.0,CT=F,USX,NYM
2004-12-23,42.9900016784668,43.0,42.5099983215332,42.900001525878906,42.900001525878906,5218.0,CT=F,USX,NYM
2004-12-27,42.380001068115234,42.95000076293945,42.16999816894531,42.91999816894531,42.91999816894531,12513.0,CT=F,USX,NYM
2004-12-28,43.2599983215332,44.2400016784668,43.0,44.20000076293945,44.20000076293945,9573.0,CT=F,USX,NYM
2004-12-29,43.95000076293945,44.58000183105469,43.650001525878906,44.0099983215332,44.0099983215332,13604.0,CT=F,USX,NYM
2004-12-30,43.400001525878906,44.95000076293945,43.0,44.77000045776367,44.77000045776367,7081.0,CT=F,USX,NYM
2005-01-03,44.599998474121094,44.900001525878906,43.900001525878906,44.119998931884766,44.119998931884766,7900.0,CT=F,USX,NYM
2005-01-04,43.849998474121094,44.599998474121094,43.40999984741211,44.4900016784668,44.4900016784668,19262.0,CT=F,USX,NYM
2005-01-05,44.75,45.70000076293945,44.5,45.619998931884766,45.619998931884766,17671.0,CT=F,USX,NYM
2005-01-06,45.75,46.189998626708984,45.5099983215332,45.810001373291016,45.810001373291016,18899.0,CT=F,USX,NYM
2005-01-07,45.54999923706055,46.97999954223633,45.400001525878906,46.560001373291016,46.560001373291016,12817.0,CT=F,USX,NYM
2005-01-10,46.400001525878906,47.29999923706055,46.099998474121094,47.2400016784668,47.2400016784668,12996.0,CT=F,USX,NYM
2005-01-11,46.79999923706055,47.0,45.86000061035156,46.20000076293945,46.20000076293945,9494.0,CT=F,USX,NYM
2005-01-12,46.400001525878906,46.70000076293945,45.88999938964844,46.59000015258789,46.59000015258789,9309.0,CT=F,USX,NYM
2005-01-13,46.29999923706055,46.45000076293945,45.619998931884766,46.279998779296875,46.279998779296875,4865.0,CT=F,USX,NYM
2005-01-14,45.900001525878906,46.29999923706055,45.65999984741211,46.16999816894531,46.16999816894531,5550.0,CT=F,USX,NYM
2005-01-18,45.900001525878906,46.79999923706055,45.79999923706055,46.709999084472656,46.709999084472656,13820.0,CT=F,USX,NYM
2005-01-19,46.709999084472656,48.0,46.650001525878906,47.959999084472656,47.959999084472656,10640.0,CT=F,USX,NYM
2005-01-20,47.900001525878906,48.310001373291016,47.45000076293945,47.58000183105469,47.58000183105469,10821.0,CT=F,USX,NYM
2005-01-21,47.20000076293945,47.400001525878906,46.150001525878906,46.970001220703125,46.970001220703125,4886.0,CT=F,USX,NYM
2005-01-24,46.79999923706055,46.849998474121094,46.04999923706055,46.439998626708984,46.439998626708984,8296.0,CT=F,USX,NYM
2005-01-25,46.400001525878906,46.79999923706055,45.75,46.779998779296875,46.779998779296875,6133.0,CT=F,USX,NYM
2005-01-26,46.81999969482422,47.349998474121094,46.599998474121094,46.779998779296875,46.779998779296875,26628.0,CT=F,USX,NYM
2005-01-27,46.54999923706055,47.099998474121094,43.83000183105469,43.86000061035156,43.86000061035156,27566.0,CT=F,USX,NYM
2005-01-28,44.099998474121094,44.25,42.400001525878906,43.349998474121094,43.349998474121094,9201.0,CT=F,USX,NYM
2005-01-31,43.70000076293945,44.099998474121094,43.349998474121094,43.7599983215332,43.7599983215332,8192.0,CT=F,USX,NYM
2005-02-01,44.20000076293945,44.349998474121094,43.40999984741211,43.880001068115234,43.880001068115234,6094.0,CT=F,USX,NYM
2005-02-02,44.0,44.5,43.75,44.27000045776367,44.27000045776367,7459.0,CT=F,USX,NYM
2005-02-03,44.29999923706055,44.45000076293945,43.099998474121094,43.119998931884766,43.119998931884766,6720.0,CT=F,USX,NYM
2005-02-04,43.0,43.45000076293945,42.810001373291016,43.20000076293945,43.20000076293945,10354.0,CT=F,USX,NYM
2005-02-07,43.5,43.75,43.0099983215332,43.2400016784668,43.2400016784668,10505.0,CT=F,USX,NYM
2005-02-08,43.04999923706055,43.150001525878906,42.650001525878906,42.70000076293945,42.70000076293945,12879.0,CT=F,USX,NYM
2005-02-09,42.70000076293945,43.70000076293945,42.61000061035156,43.06999969482422,43.06999969482422,17582.0,CT=F,USX,NYM
2005-02-10,43.52000045776367,45.0,43.400001525878906,44.7400016784668,44.7400016784668,11698.0,CT=F,USX,NYM
2005-02-11,45.099998474121094,45.29999923706055,44.75,44.95000076293945,44.95000076293945,11570.0,CT=F,USX,NYM
2005-02-14,45.5,46.0,45.099998474121094,45.560001373291016,45.560001373291016,15216.0,CT=F,USX,NYM
2005-02-15,45.95000076293945,46.900001525878906,45.849998474121094,46.279998779296875,46.279998779296875,7421.0,CT=F,USX,NYM
2005-02-16,46.900001525878906,46.95000076293945,45.25,46.20000076293945,46.20000076293945,6728.0,CT=F,USX,NYM
2005-02-17,46.099998474121094,46.20000076293945,45.709999084472656,45.97999954223633,45.97999954223633,5286.0,CT=F,USX,NYM
2005-02-18,45.95000076293945,46.70000076293945,45.54999923706055,46.540000915527344,46.540000915527344,1175.0,CT=F,USX,NYM
2005-02-22,46.650001525878906,48.29999923706055,46.54999923706055,48.25,48.25,275.0,CT=F,USX,NYM
2005-02-23,48.5,48.5,47.599998474121094,47.900001525878906,47.900001525878906,105.0,CT=F,USX,NYM
2005-02-24,47.79999923706055,47.79999923706055,47.0,47.5,47.5,96.0,CT=F,USX,NYM
2005-02-25,47.5,49.25,47.29999923706055,49.099998474121094,49.099998474121094,20.0,CT=F,USX,NYM
2005-02-28,50.0,50.29999923706055,49.79999923706055,50.29999923706055,50.29999923706055,14.0,CT=F,USX,NYM
2005-03-01,50.150001525878906,50.150001525878906,49.400001525878906,49.54999923706055,49.54999923706055,16.0,CT=F,USX,NYM
2005-03-02,50.0,50.20000076293945,48.959999084472656,49.119998931884766,49.119998931884766,12.0,CT=F,USX,NYM
2005-03-03,48.79999923706055,49.150001525878906,47.75,49.150001525878906,49.150001525878906,13.0,CT=F,USX,NYM
2005-03-04,50.75,50.75,49.75,50.75,50.75,27.0,CT=F,USX,NYM
2005-03-07,50.45000076293945,50.5,49.5,49.529998779296875,49.529998779296875,0.0,CT=F,USX,NYM
2005-03-08,50.20000076293945,50.45000076293945,50.0,50.41999816894531,50.41999816894531,11508.0,CT=F,USX,NYM
2005-03-09,51.66999816894531,52.400001525878906,51.25,52.0,52.0,11766.0,CT=F,USX,NYM
2005-03-10,52.29999923706055,53.20000076293945,51.650001525878906,52.650001525878906,52.650001525878906,8830.0,CT=F,USX,NYM
2005-03-11,52.650001525878906,53.79999923706055,52.150001525878906,53.650001525878906,53.650001525878906,9372.0,CT=F,USX,NYM
2005-03-14,53.150001525878906,53.20000076293945,51.79999923706055,53.11000061035156,53.11000061035156,7256.0,CT=F,USX,NYM
2005-03-15,53.400001525878906,53.70000076293945,52.5,53.630001068115234,53.630001068115234,8233.0,CT=F,USX,NYM
2005-03-16,53.599998474121094,54.20000076293945,53.0,53.779998779296875,53.779998779296875,20988.0,CT=F,USX,NYM
2005-03-17,52.79999923706055,53.25,50.849998474121094,51.33000183105469,51.33000183105469,7982.0,CT=F,USX,NYM
2005-03-18,51.45000076293945,51.75,50.599998474121094,50.939998626708984,50.939998626708984,18208.0,CT=F,USX,NYM
2005-03-21,50.29999923706055,50.29999923706055,49.099998474121094,50.119998931884766,50.119998931884766,7212.0,CT=F,USX,NYM
2005-03-22,50.29999923706055,51.70000076293945,50.25,51.380001068115234,51.380001068115234,6400.0,CT=F,USX,NYM
2005-03-23,50.400001525878906,50.970001220703125,49.75,50.58000183105469,50.58000183105469,6139.0,CT=F,USX,NYM
2005-03-24,50.099998474121094,52.400001525878906,50.0,51.59000015258789,51.59000015258789,12201.0,CT=F,USX,NYM
2005-03-28,52.20000076293945,54.54999923706055,52.099998474121094,53.959999084472656,53.959999084472656,8307.0,CT=F,USX,NYM
2005-03-29,54.0,54.599998474121094,53.20000076293945,53.58000183105469,53.58000183105469,6816.0,CT=F,USX,NYM
2005-03-30,53.349998474121094,53.58000183105469,52.849998474121094,53.380001068115234,53.380001068115234,10279.0,CT=F,USX,NYM
2005-03-31,54.099998474121094,54.099998474121094,52.650001525878906,53.029998779296875,53.029998779296875,19070.0,CT=F,USX,NYM
2005-04-01,53.29999923706055,53.349998474121094,50.54999923706055,52.79999923706055,52.79999923706055,6978.0,CT=F,USX,NYM
2005-04-04,52.79999923706055,53.20000076293945,52.29999923706055,52.599998474121094,52.599998474121094,6728.0,CT=F,USX,NYM
2005-04-05,52.400001525878906,52.5,51.95000076293945,52.04999923706055,52.04999923706055,10094.0,CT=F,USX,NYM
2005-04-06,51.599998474121094,52.0,51.25,51.880001068115234,51.880001068115234,11795.0,CT=F,USX,NYM
2005-04-07,52.25,53.0,52.099998474121094,52.220001220703125,52.220001220703125,12424.0,CT=F,USX,NYM
2005-04-08,52.0,53.400001525878906,51.52000045776367,53.209999084472656,53.209999084472656,8685.0,CT=F,USX,NYM
2005-04-11,53.599998474121094,53.70000076293945,52.650001525878906,53.27000045776367,53.27000045776367,15036.0,CT=F,USX,NYM
2005-04-12,52.900001525878906,53.29999923706055,52.75,53.0,53.0,22574.0,CT=F,USX,NYM
2005-04-13,52.0,52.849998474121094,50.900001525878906,51.220001220703125,51.220001220703125,13703.0,CT=F,USX,NYM
2005-04-14,51.20000076293945,52.5,51.04999923706055,52.13999938964844,52.13999938964844,9856.0,CT=F,USX,NYM
2005-04-15,52.13999938964844,52.349998474121094,51.900001525878906,52.060001373291016,52.060001373291016,12246.0,CT=F,USX,NYM
2005-04-18,51.900001525878906,54.0,51.900001525878906,52.779998779296875,52.779998779296875,8868.0,CT=F,USX,NYM
2005-04-19,53.70000076293945,55.0,53.349998474121094,54.18000030517578,54.18000030517578,9753.0,CT=F,USX,NYM
2005-04-20,54.0,55.70000076293945,53.849998474121094,55.540000915527344,55.540000915527344,9277.0,CT=F,USX,NYM
2005-04-21,55.540000915527344,56.20000076293945,54.900001525878906,55.70000076293945,55.70000076293945,7004.0,CT=F,USX,NYM
2005-04-22,55.5,56.20000076293945,54.5099983215332,56.150001525878906,56.150001525878906,1461.0,CT=F,USX,NYM
2005-04-25,56.29999923706055,60.5,56.29999923706055,58.25,58.25,320.0,CT=F,USX,NYM
2005-04-26,57.70000076293945,58.599998474121094,57.45000076293945,58.5,58.5,209.0,CT=F,USX,NYM
2005-04-27,59.0,59.0,57.54999923706055,57.70000076293945,57.70000076293945,158.0,CT=F,USX,NYM
2005-04-28,57.0,58.5,56.5,58.400001525878906,58.400001525878906,105.0,CT=F,USX,NYM
2005-04-29,58.0,58.20000076293945,57.79999923706055,58.0,58.0,32.0,CT=F,USX,NYM
2005-05-02,57.70000076293945,58.0,57.25,57.79999923706055,57.79999923706055,45.0,CT=F,USX,NYM
2005-05-03,56.900001525878906,57.5,55.5,55.5,55.5,84.0,CT=F,USX,NYM
2005-05-04,54.5,55.0,53.0,55.0,55.0,33.0,CT=F,USX,NYM
2005-05-05,55.0,55.0,54.29999923706055,54.599998474121094,54.599998474121094,0.0,CT=F,USX,NYM
2005-05-06,54.599998474121094,55.0,53.790000915527344,53.790000915527344,53.790000915527344,9452.0,CT=F,USX,NYM
2005-05-09,54.29999923706055,55.20000076293945,53.5,55.0099983215332,55.0099983215332,7723.0,CT=F,USX,NYM
2005-05-10,55.20000076293945,56.0,55.0099983215332,55.93000030517578,55.93000030517578,7099.0,CT=F,USX,NYM
2005-05-11,55.79999923706055,56.900001525878906,55.349998474121094,56.79999923706055,56.79999923706055,7500.0,CT=F,USX,NYM
2005-05-12,55.70000076293945,56.150001525878906,54.79999923706055,55.08000183105469,55.08000183105469,11179.0,CT=F,USX,NYM
2005-05-13,54.900001525878906,54.900001525878906,53.04999923706055,53.75,53.75,12497.0,CT=F,USX,NYM
2005-05-16,53.099998474121094,53.150001525878906,52.0,52.0099983215332,52.0099983215332,18572.0,CT=F,USX,NYM
2005-05-17,51.70000076293945,52.150001525878906,50.45000076293945,52.060001373291016,52.060001373291016,8439.0,CT=F,USX,NYM
2005-05-18,52.20000076293945,52.66999816894531,51.54999923706055,51.79999923706055,51.79999923706055,19321.0,CT=F,USX,NYM
2005-05-19,51.599998474121094,51.599998474121094,50.099998474121094,50.150001525878906,50.150001525878906,10775.0,CT=F,USX,NYM
2005-05-20,49.900001525878906,50.75,49.810001373291016,50.04999923706055,50.04999923706055,5877.0,CT=F,USX,NYM
2005-05-23,50.099998474121094,51.04999923706055,50.099998474121094,50.27000045776367,50.27000045776367,7543.0,CT=F,USX,NYM
2005-05-24,50.25,50.900001525878906,49.61000061035156,50.08000183105469,50.08000183105469,4626.0,CT=F,USX,NYM
2005-05-25,50.099998474121094,50.45000076293945,49.869998931884766,50.369998931884766,50.369998931884766,4689.0,CT=F,USX,NYM
2005-05-26,50.599998474121094,50.900001525878906,50.349998474121094,50.380001068115234,50.380001068115234,3029.0,CT=F,USX,NYM
2005-05-27,50.45000076293945,50.900001525878906,50.279998779296875,50.43000030517578,50.43000030517578,17079.0,CT=F,USX,NYM
2005-05-31,49.849998474121094,49.95000076293945,48.5,48.63999938964844,48.63999938964844,18831.0,CT=F,USX,NYM
2005-06-01,48.45000076293945,48.70000076293945,47.650001525878906,48.59000015258789,48.59000015258789,12180.0,CT=F,USX,NYM
2005-06-02,48.400001525878906,49.209999084472656,48.150001525878906,48.7599983215332,48.7599983215332,9025.0,CT=F,USX,NYM
2005-06-03,48.79999923706055,49.099998474121094,48.099998474121094,48.34000015258789,48.34000015258789,11324.0,CT=F,USX,NYM
2005-06-06,48.4900016784668,48.650001525878906,47.150001525878906,47.369998931884766,47.369998931884766,14869.0,CT=F,USX,NYM
2005-06-07,47.54999923706055,47.650001525878906,46.849998474121094,46.939998626708984,46.939998626708984,14562.0,CT=F,USX,NYM
2005-06-08,46.79999923706055,47.150001525878906,46.20000076293945,46.88999938964844,46.88999938964844,17553.0,CT=F,USX,NYM
2005-06-09,47.349998474121094,47.650001525878906,46.099998474121094,46.290000915527344,46.290000915527344,13906.0,CT=F,USX,NYM
2005-06-10,46.349998474121094,47.150001525878906,46.29999923706055,46.959999084472656,46.959999084472656,12646.0,CT=F,USX,NYM
2005-06-13,47.29999923706055,47.70000076293945,47.25,47.529998779296875,47.529998779296875,10711.0,CT=F,USX,NYM
2005-06-14,47.5,47.75,47.25,47.599998474121094,47.599998474121094,10148.0,CT=F,USX,NYM
2005-06-15,47.70000076293945,47.75,47.0,47.06999969482422,47.06999969482422,8314.0,CT=F,USX,NYM
2005-06-16,47.150001525878906,47.849998474121094,46.54999923706055,46.63999938964844,46.63999938964844,5844.0,CT=F,USX,NYM
2005-06-17,47.25,47.5,46.79999923706055,47.380001068115234,47.380001068115234,5756.0,CT=F,USX,NYM
2005-06-20,47.79999923706055,48.54999923706055,47.5,48.15999984741211,48.15999984741211,6076.0,CT=F,USX,NYM
2005-06-21,48.29999923706055,49.0,48.0,48.72999954223633,48.72999954223633,6398.0,CT=F,USX,NYM
2005-06-22,49.25,49.25,47.5,47.5099983215332,47.5099983215332,6686.0,CT=F,USX,NYM
2005-06-23,48.0,50.04999923706055,47.099998474121094,49.650001525878906,49.650001525878906,591.0,CT=F,USX,NYM
2005-06-24,49.099998474121094,50.29999923706055,48.900001525878906,50.130001068115234,50.130001068115234,636.0,CT=F,USX,NYM
2005-06-27,50.70000076293945,50.849998474121094,50.04999923706055,50.75,50.75,355.0,CT=F,USX,NYM
2005-06-28,50.70000076293945,50.70000076293945,49.20000076293945,49.349998474121094,49.349998474121094,172.0,CT=F,USX,NYM
2005-06-29,49.099998474121094,50.79999923706055,49.099998474121094,50.79999923706055,50.79999923706055,52.0,CT=F,USX,NYM
2005-06-30,50.5,52.20000076293945,50.5,52.0,52.0,6.0,CT=F,USX,NYM
2005-07-01,52.0,52.150001525878906,51.5,52.150001525878906,52.150001525878906,41.0,CT=F,USX,NYM
2005-07-05,52.0,52.900001525878906,51.5,52.25,52.25,18.0,CT=F,USX,NYM
2005-07-06,51.79999923706055,51.79999923706055,50.900001525878906,51.099998474121094,51.099998474121094,0.0,CT=F,USX,NYM
2005-07-07,51.400001525878906,52.04999923706055,50.900001525878906,50.900001525878906,50.900001525878906,323.0,CT=F,USX,NYM
2005-07-08,53.900001525878906,54.099998474121094,52.900001525878906,53.79999923706055,53.79999923706055,165.0,CT=F,USX,NYM
2005-07-11,53.599998474121094,53.599998474121094,52.900001525878906,53.150001525878906,53.150001525878906,531.0,CT=F,USX,NYM
2005-07-12,51.900001525878906,51.900001525878906,50.150001525878906,50.150001525878906,50.150001525878906,844.0,CT=F,USX,NYM
2005-07-13,49.29999923706055,50.0,48.849998474121094,49.599998474121094,49.599998474121094,477.0,CT=F,USX,NYM
2005-07-14,49.75,50.20000076293945,49.25,50.20000076293945,50.20000076293945,366.0,CT=F,USX,NYM
2005-07-15,50.150001525878906,50.5,49.5,49.540000915527344,49.540000915527344,457.0,CT=F,USX,NYM
2005-07-18,49.5,49.54999923706055,48.54999923706055,49.09000015258789,49.09000015258789,883.0,CT=F,USX,NYM
2005-07-19,48.650001525878906,48.650001525878906,47.95000076293945,48.45000076293945,48.45000076293945,0.0,CT=F,USX,NYM
2005-07-20,48.5,48.900001525878906,47.95000076293945,48.25,48.25,344.0,CT=F,USX,NYM
2005-07-21,48.900001525878906,49.099998474121094,48.099998474121094,48.900001525878906,48.900001525878906,245.0,CT=F,USX,NYM
2005-07-22,48.650001525878906,50.27000045776367,48.650001525878906,50.20000076293945,50.20000076293945,214.0,CT=F,USX,NYM
2005-07-25,50.099998474121094,50.20000076293945,49.5,50.20000076293945,50.20000076293945,343.0,CT=F,USX,NYM
2005-07-26,50.20000076293945,51.349998474121094,50.0,50.5,50.5,238.0,CT=F,USX,NYM
2005-07-27,49.900001525878906,50.29999923706055,49.5,50.04999923706055,50.04999923706055,149.0,CT=F,USX,NYM
2005-07-28,50.400001525878906,50.70000076293945,49.88999938964844,50.11000061035156,50.11000061035156,1761.0,CT=F,USX,NYM
2005-07-29,50.45000076293945,51.0,50.150001525878906,50.9900016784668,50.9900016784668,210.0,CT=F,USX,NYM
2005-08-01,51.0,51.0,50.529998779296875,50.70000076293945,50.70000076293945,557.0,CT=F,USX,NYM
2005-08-02,50.25,51.400001525878906,49.79999923706055,50.95000076293945,50.95000076293945,337.0,CT=F,USX,NYM
2005-08-03,51.349998474121094,51.349998474121094,50.29999923706055,50.38999938964844,50.38999938964844,143.0,CT=F,USX,NYM
2005-08-04,50.47999954223633,50.75,50.099998474121094,50.599998474121094,50.599998474121094,384.0,CT=F,USX,NYM
2005-08-05,50.5,50.5,49.599998474121094,49.79999923706055,49.79999923706055,230.0,CT=F,USX,NYM
2005-08-08,49.70000076293945,49.79999923706055,49.400001525878906,49.41999816894531,49.41999816894531,190.0,CT=F,USX,NYM
2005-08-09,49.25,49.5,49.150001525878906,49.150001525878906,49.150001525878906,538.0,CT=F,USX,NYM
2005-08-10,49.11000061035156,49.11000061035156,48.45000076293945,48.5099983215332,48.5099983215332,666.0,CT=F,USX,NYM
2005-08-11,48.5,48.900001525878906,47.79999923706055,47.880001068115234,47.880001068115234,325.0,CT=F,USX,NYM
2005-08-12,48.04999923706055,48.20000076293945,47.0,47.130001068115234,47.130001068115234,467.0,CT=F,USX,NYM
2005-08-15,46.79999923706055,46.79999923706055,46.099998474121094,46.150001525878906,46.150001525878906,502.0,CT=F,USX,NYM
2005-08-16,46.5,46.900001525878906,46.25,46.25,46.25,256.0,CT=F,USX,NYM
2005-08-17,46.54999923706055,47.099998474121094,46.54999923706055,47.0,47.0,326.0,CT=F,USX,NYM
2005-08-18,47.150001525878906,47.400001525878906,46.20000076293945,46.2599983215332,46.2599983215332,429.0,CT=F,USX,NYM
2005-08-19,46.400001525878906,46.900001525878906,46.0,46.869998931884766,46.869998931884766,960.0,CT=F,USX,NYM
2005-08-22,46.400001525878906,47.79999923706055,46.400001525878906,47.29999923706055,47.29999923706055,416.0,CT=F,USX,NYM
2005-08-23,47.20000076293945,47.79999923706055,47.099998474121094,47.66999816894531,47.66999816894531,540.0,CT=F,USX,NYM
2005-08-24,47.70000076293945,48.04999923706055,46.54999923706055,47.0,47.0,175.0,CT=F,USX,NYM
2005-08-25,47.099998474121094,47.099998474121094,46.52000045776367,46.52000045776367,46.52000045776367,369.0,CT=F,USX,NYM
2005-08-26,46.75,46.900001525878906,46.70000076293945,46.900001525878906,46.900001525878906,321.0,CT=F,USX,NYM
2005-08-29,48.5,48.5,46.75,47.630001068115234,47.630001068115234,876.0,CT=F,USX,NYM
2005-08-30,47.70000076293945,49.20000076293945,47.70000076293945,48.75,48.75,875.0,CT=F,USX,NYM
2005-08-31,48.95000076293945,48.95000076293945,48.0,48.150001525878906,48.150001525878906,636.0,CT=F,USX,NYM
2005-09-01,48.5,48.5,46.400001525878906,48.290000915527344,48.290000915527344,502.0,CT=F,USX,NYM
2005-09-02,48.400001525878906,48.79999923706055,47.599998474121094,48.470001220703125,48.470001220703125,1530.0,CT=F,USX,NYM
2005-09-06,48.849998474121094,50.5,48.70000076293945,50.45000076293945,50.45000076293945,1073.0,CT=F,USX,NYM
2005-09-07,50.599998474121094,51.27000045776367,50.25,51.25,51.25,962.0,CT=F,USX,NYM
2005-09-08,51.0,51.20000076293945,50.150001525878906,50.369998931884766,50.369998931884766,366.0,CT=F,USX,NYM
2005-09-09,50.369998931884766,50.5,50.04999923706055,50.04999923706055,50.04999923706055,293.0,CT=F,USX,NYM
2005-09-12,49.0,49.650001525878906,48.70000076293945,49.599998474121094,49.599998474121094,536.0,CT=F,USX,NYM
2005-09-13,49.099998474121094,49.150001525878906,48.0,48.369998931884766,48.369998931884766,325.0,CT=F,USX,NYM
2005-09-14,48.369998931884766,48.79999923706055,48.099998474121094,48.599998474121094,48.599998474121094,241.0,CT=F,USX,NYM
2005-09-15,48.099998474121094,48.5,48.0,48.040000915527344,48.040000915527344,460.0,CT=F,USX,NYM
2005-09-16,48.29999923706055,48.599998474121094,47.849998474121094,47.9900016784668,47.9900016784668,533.0,CT=F,USX,NYM
2005-09-19,48.5,50.25,48.400001525878906,50.16999816894531,50.16999816894531,398.0,CT=F,USX,NYM
2005-09-20,49.20000076293945,49.75,48.650001525878906,49.0,49.0,308.0,CT=F,USX,NYM
2005-09-21,49.70000076293945,50.29999923706055,49.599998474121094,50.0,50.0,701.0,CT=F,USX,NYM
2005-09-22,50.400001525878906,50.400001525878906,48.900001525878906,50.0,50.0,1767.0,CT=F,USX,NYM
2005-09-23,49.79999923706055,50.04999923706055,49.0,49.150001525878906,49.150001525878906,76.0,CT=F,USX,NYM
2005-09-26,48.5,49.5,48.25,49.08000183105469,49.08000183105469,32.0,CT=F,USX,NYM
2005-09-27,49.29999923706055,52.5,49.29999923706055,52.0,52.0,48.0,CT=F,USX,NYM
2005-09-28,53.0,53.0,51.849998474121094,52.70000076293945,52.70000076293945,1.0,CT=F,USX,NYM
2005-09-29,52.20000076293945,53.099998474121094,52.20000076293945,53.099998474121094,53.099998474121094,2.0,CT=F,USX,NYM
2005-09-30,53.0,53.0,51.5,51.5,51.5,0.0,CT=F,USX,NYM
2005-10-03,52.54999923706055,52.54999923706055,52.54999923706055,52.54999923706055,52.54999923706055,2.0,CT=F,USX,NYM
2005-10-04,52.75,52.75,51.54999923706055,51.54999923706055,51.54999923706055,3.0,CT=F,USX,NYM
2005-10-05,52.20000076293945,52.45000076293945,52.20000076293945,52.45000076293945,52.45000076293945,7.0,CT=F,USX,NYM
2005-10-06,53.5,53.5,52.75,52.75,52.75,0.0,CT=F,USX,NYM
2005-10-07,53.599998474121094,53.70000076293945,52.20000076293945,52.20000076293945,52.20000076293945,14852.0,CT=F,USX,NYM
2005-10-10,54.70000076293945,56.54999923706055,54.5,55.65999984741211,55.65999984741211,8335.0,CT=F,USX,NYM
2005-10-11,55.599998474121094,55.849998474121094,55.099998474121094,55.16999816894531,55.16999816894531,7460.0,CT=F,USX,NYM
2005-10-12,55.5,56.06999969482422,55.27000045776367,55.900001525878906,55.900001525878906,20244.0,CT=F,USX,NYM
2005-10-13,55.900001525878906,57.79999923706055,55.79999923706055,56.18000030517578,56.18000030517578,11038.0,CT=F,USX,NYM
2005-10-14,55.400001525878906,57.0,55.099998474121094,56.93000030517578,56.93000030517578,7369.0,CT=F,USX,NYM
2005-10-17,56.93000030517578,56.93000030517578,55.900001525878906,56.0,56.0,10911.0,CT=F,USX,NYM
2005-10-18,55.70000076293945,55.75,54.52000045776367,55.369998931884766,55.369998931884766,10934.0,CT=F,USX,NYM
2005-10-19,54.900001525878906,54.95000076293945,53.56999969482422,54.290000915527344,54.290000915527344,11096.0,CT=F,USX,NYM
2005-10-20,54.70000076293945,54.900001525878906,53.04999923706055,53.209999084472656,53.209999084472656,7887.0,CT=F,USX,NYM
2005-10-21,53.5,54.599998474121094,53.06999969482422,54.4900016784668,54.4900016784668,6336.0,CT=F,USX,NYM
2005-10-24,54.349998474121094,54.650001525878906,53.75,54.029998779296875,54.029998779296875,8246.0,CT=F,USX,NYM
2005-10-25,54.47999954223633,55.34000015258789,54.099998474121094,55.22999954223633,55.22999954223633,5962.0,CT=F,USX,NYM
2005-10-26,55.0,55.0,54.25,54.7599983215332,54.7599983215332,20032.0,CT=F,USX,NYM
2005-10-27,54.0,54.099998474121094,52.099998474121094,52.130001068115234,52.130001068115234,13751.0,CT=F,USX,NYM
2005-10-28,52.29999923706055,52.79999923706055,51.709999084472656,52.52000045776367,52.52000045776367,13809.0,CT=F,USX,NYM
2005-10-31,52.5,52.75,51.56999969482422,51.869998931884766,51.869998931884766,8439.0,CT=F,USX,NYM
2005-11-01,52.0,52.70000076293945,51.900001525878906,52.11000061035156,52.11000061035156,8752.0,CT=F,USX,NYM
2005-11-02,52.0,52.349998474121094,51.650001525878906,52.290000915527344,52.290000915527344,10993.0,CT=F,USX,NYM
2005-11-03,52.400001525878906,52.9900016784668,51.599998474121094,51.72999954223633,51.72999954223633,10099.0,CT=F,USX,NYM
2005-11-04,51.54999923706055,52.150001525878906,51.29999923706055,51.439998626708984,51.439998626708984,15488.0,CT=F,USX,NYM
2005-11-07,51.439998626708984,52.0,51.16999816894531,51.2599983215332,51.2599983215332,17174.0,CT=F,USX,NYM
2005-11-08,51.18000030517578,51.45000076293945,50.900001525878906,50.959999084472656,50.959999084472656,16251.0,CT=F,USX,NYM
2005-11-09,51.0,51.29999923706055,50.400001525878906,50.40999984741211,50.40999984741211,19470.0,CT=F,USX,NYM
2005-11-10,50.79999923706055,51.25,49.95000076293945,50.20000076293945,50.20000076293945,15692.0,CT=F,USX,NYM
2005-11-11,50.27000045776367,50.939998626708984,50.119998931884766,50.720001220703125,50.720001220703125,8987.0,CT=F,USX,NYM
2005-11-14,50.79999923706055,51.290000915527344,50.61000061035156,50.88999938964844,50.88999938964844,9960.0,CT=F,USX,NYM
2005-11-15,51.04999923706055,51.04999923706055,50.2599983215332,50.279998779296875,50.279998779296875,8921.0,CT=F,USX,NYM
2005-11-16,50.20000076293945,50.20000076293945,49.29999923706055,49.790000915527344,49.790000915527344,9295.0,CT=F,USX,NYM
2005-11-17,49.29999923706055,50.150001525878906,49.2599983215332,49.63999938964844,49.63999938964844,8939.0,CT=F,USX,NYM
2005-11-18,49.720001220703125,49.79999923706055,49.25,49.310001373291016,49.310001373291016,8810.0,CT=F,USX,NYM
2005-11-21,49.400001525878906,49.54999923706055,48.400001525878906,48.540000915527344,48.540000915527344,1388.0,CT=F,USX,NYM
2005-11-22,48.75,50.5,48.75,49.900001525878906,49.900001525878906,358.0,CT=F,USX,NYM
2005-11-23,50.099998474121094,50.099998474121094,48.650001525878906,48.95000076293945,48.95000076293945,91.0,CT=F,USX,NYM
2005-11-28,50.29999923706055,50.5,48.25,48.849998474121094,48.849998474121094,119.0,CT=F,USX,NYM
2005-11-29,49.75,49.75,48.97999954223633,48.97999954223633,48.97999954223633,28.0,CT=F,USX,NYM
2005-11-30,49.5,49.5,49.0,49.189998626708984,49.189998626708984,64.0,CT=F,USX,NYM
2005-12-01,49.5,49.5,48.29999923706055,48.29999923706055,48.29999923706055,11.0,CT=F,USX,NYM
2005-12-02,48.900001525878906,48.900001525878906,48.29999923706055,48.29999923706055,48.29999923706055,8.0,CT=F,USX,NYM
2005-12-05,49.20000076293945,49.20000076293945,49.0,49.04999923706055,49.04999923706055,32.0,CT=F,USX,NYM
2005-12-06,49.20000076293945,49.5,49.0,49.099998474121094,49.099998474121094,0.0,CT=F,USX,NYM
2005-12-07,49.09000015258789,49.79999923706055,49.0,49.619998931884766,49.619998931884766,9852.0,CT=F,USX,NYM
2005-12-08,52.400001525878906,53.25,52.29999923706055,52.75,52.75,5348.0,CT=F,USX,NYM
2005-12-09,52.25,52.75,52.16999816894531,52.720001220703125,52.720001220703125,12407.0,CT=F,USX,NYM
2005-12-12,53.349998474121094,53.599998474121094,53.099998474121094,53.40999984741211,53.40999984741211,9920.0,CT=F,USX,NYM
2005-12-13,53.349998474121094,53.75,53.29999923706055,53.689998626708984,53.689998626708984,9851.0,CT=F,USX,NYM
2005-12-14,53.599998474121094,53.599998474121094,52.5,53.2400016784668,53.2400016784668,8058.0,CT=F,USX,NYM
2005-12-15,53.25,53.349998474121094,52.900001525878906,53.0099983215332,53.0099983215332,4381.0,CT=F,USX,NYM
2005-12-16,52.88999938964844,53.45000076293945,52.79999923706055,53.38999938964844,53.38999938964844,4388.0,CT=F,USX,NYM
2005-12-19,53.5,53.650001525878906,53.38999938964844,53.630001068115234,53.630001068115234,4023.0,CT=F,USX,NYM
2005-12-20,53.5,53.5,53.099998474121094,53.220001220703125,53.220001220703125,6920.0,CT=F,USX,NYM
2005-12-21,53.38999938964844,53.45000076293945,52.709999084472656,52.849998474121094,52.849998474121094,15927.0,CT=F,USX,NYM
2005-12-22,53.20000076293945,54.25,53.04999923706055,54.13999938964844,54.13999938964844,6721.0,CT=F,USX,NYM
2005-12-23,54.150001525878906,54.189998626708984,53.220001220703125,53.540000915527344,53.540000915527344,5790.0,CT=F,USX,NYM
2005-12-27,53.650001525878906,54.25,53.599998474121094,53.79999923706055,53.79999923706055,5968.0,CT=F,USX,NYM
2005-12-28,54.150001525878906,54.25,53.849998474121094,54.06999969482422,54.06999969482422,10167.0,CT=F,USX,NYM
2005-12-29,54.25,54.54999923706055,53.5,53.650001525878906,53.650001525878906,10769.0,CT=F,USX,NYM
2005-12-30,54.0,54.25,53.06999969482422,54.189998626708984,54.189998626708984,18064.0,CT=F,USX,NYM
2006-01-03,54.400001525878906,55.25,54.400001525878906,55.2400016784668,55.2400016784668,10095.0,CT=F,USX,NYM
2006-01-04,55.04999923706055,55.25,54.349998474121094,54.939998626708984,54.939998626708984,8854.0,CT=F,USX,NYM
2006-01-05,54.75,55.20000076293945,54.5099983215332,54.689998626708984,54.689998626708984,5919.0,CT=F,USX,NYM
2006-01-06,54.689998626708984,55.09000015258789,54.5,55.04999923706055,55.04999923706055,13457.0,CT=F,USX,NYM
2006-01-09,55.75,56.0,55.5,55.70000076293945,55.70000076293945,8071.0,CT=F,USX,NYM
2006-01-10,55.29999923706055,55.63999938964844,55.25,55.59000015258789,55.59000015258789,9720.0,CT=F,USX,NYM
2006-01-11,55.45000076293945,55.54999923706055,54.77000045776367,55.43000030517578,55.43000030517578,8793.0,CT=F,USX,NYM
2006-01-12,55.0,55.599998474121094,54.79999923706055,55.439998626708984,55.439998626708984,0.0,CT=F,USX,NYM
2006-01-13,55.25,55.95000076293945,55.20000076293945,55.93000030517578,55.93000030517578,7331.0,CT=F,USX,NYM
2006-01-17,55.900001525878906,56.0099983215332,55.70000076293945,55.9900016784668,55.9900016784668,13267.0,CT=F,USX,NYM
2006-01-18,55.79999923706055,55.79999923706055,54.5,54.560001373291016,54.560001373291016,10131.0,CT=F,USX,NYM
2006-01-19,54.79999923706055,55.88999938964844,54.70000076293945,55.7599983215332,55.7599983215332,14152.0,CT=F,USX,NYM
2006-01-20,55.7599983215332,56.650001525878906,55.7599983215332,56.56999969482422,56.56999969482422,9028.0,CT=F,USX,NYM
2006-01-23,56.79999923706055,56.849998474121094,56.04999923706055,56.779998779296875,56.779998779296875,7649.0,CT=F,USX,NYM
2006-01-24,56.36000061035156,56.70000076293945,56.0099983215332,56.599998474121094,56.599998474121094,7490.0,CT=F,USX,NYM
2006-01-25,56.25,56.650001525878906,55.970001220703125,56.529998779296875,56.529998779296875,7272.0,CT=F,USX,NYM
2006-01-26,56.5,56.70000076293945,56.150001525878906,56.47999954223633,56.47999954223633,15230.0,CT=F,USX,NYM
2006-01-27,56.47999954223633,56.47999954223633,54.91999816894531,55.529998779296875,55.529998779296875,9160.0,CT=F,USX,NYM
2006-01-30,55.630001068115234,55.79999923706055,54.91999816894531,55.16999816894531,55.16999816894531,20870.0,CT=F,USX,NYM
2006-01-31,55.25,55.79999923706055,54.70000076293945,55.720001220703125,55.720001220703125,9949.0,CT=F,USX,NYM
2006-02-01,55.75,55.95000076293945,55.400001525878906,55.869998931884766,55.869998931884766,20832.0,CT=F,USX,NYM
2006-02-02,55.79999923706055,57.29999923706055,55.650001525878906,57.22999954223633,57.22999954223633,9353.0,CT=F,USX,NYM
2006-02-03,57.38999938964844,57.45000076293945,56.790000915527344,56.95000076293945,56.95000076293945,9320.0,CT=F,USX,NYM
2006-02-06,57.099998474121094,57.29999923706055,56.900001525878906,57.189998626708984,57.189998626708984,26040.0,CT=F,USX,NYM
2006-02-07,56.70000076293945,56.849998474121094,54.95000076293945,55.099998474121094,55.099998474121094,19131.0,CT=F,USX,NYM
2006-02-08,55.70000076293945,57.20000076293945,55.54999923706055,56.279998779296875,56.279998779296875,15193.0,CT=F,USX,NYM
2006-02-09,56.11000061035156,56.54999923706055,55.86000061035156,56.41999816894531,56.41999816894531,19357.0,CT=F,USX,NYM
2006-02-10,56.150001525878906,56.400001525878906,55.91999816894531,55.970001220703125,55.970001220703125,21109.0,CT=F,USX,NYM
2006-02-13,55.75,55.79999923706055,55.150001525878906,55.15999984741211,55.15999984741211,19759.0,CT=F,USX,NYM
2006-02-14,55.150001525878906,57.290000915527344,55.04999923706055,57.040000915527344,57.040000915527344,17086.0,CT=F,USX,NYM
2006-02-15,56.79999923706055,57.650001525878906,56.04999923706055,56.91999816894531,56.91999816894531,5895.0,CT=F,USX,NYM
2006-02-16,57.20000076293945,57.25,56.2599983215332,56.459999084472656,56.459999084472656,6434.0,CT=F,USX,NYM
2006-02-17,56.900001525878906,57.5,56.79999923706055,57.43000030517578,57.43000030517578,8591.0,CT=F,USX,NYM
2006-02-21,57.599998474121094,57.599998474121094,56.5,56.68000030517578,56.68000030517578,980.0,CT=F,USX,NYM
2006-02-22,56.5,57.20000076293945,55.70000076293945,56.900001525878906,56.900001525878906,510.0,CT=F,USX,NYM
2006-02-23,56.650001525878906,57.380001068115234,56.54999923706055,57.380001068115234,57.380001068115234,465.0,CT=F,USX,NYM
2006-02-24,57.599998474121094,57.650001525878906,56.900001525878906,56.91999816894531,56.91999816894531,1069.0,CT=F,USX,NYM
2006-02-27,56.5,56.5,55.45000076293945,55.45000076293945,55.45000076293945,29.0,CT=F,USX,NYM
2006-02-28,55.900001525878906,56.0,55.5,56.0,56.0,57.0,CT=F,USX,NYM
2006-03-01,56.29999923706055,56.29999923706055,55.599998474121094,55.599998474121094,55.599998474121094,47.0,CT=F,USX,NYM
2006-03-02,55.099998474121094,55.5,55.0,55.18000030517578,55.18000030517578,64.0,CT=F,USX,NYM
2006-03-03,54.79999923706055,55.20000076293945,54.20000076293945,54.599998474121094,54.599998474121094,14.0,CT=F,USX,NYM
2006-03-06,54.119998931884766,54.20000076293945,54.02000045776367,54.02000045776367,54.02000045776367,31.0,CT=F,USX,NYM
2006-03-07,54.25,54.349998474121094,53.599998474121094,53.79999923706055,53.79999923706055,49.0,CT=F,USX,NYM
2006-03-08,54.29999923706055,54.5,52.099998474121094,53.099998474121094,53.099998474121094,0.0,CT=F,USX,NYM
2006-03-09,54.5,54.5,53.619998931884766,53.619998931884766,53.619998931884766,9453.0,CT=F,USX,NYM
2006-03-10,54.45000076293945,55.150001525878906,54.29999923706055,55.11000061035156,55.11000061035156,8822.0,CT=F,USX,NYM
2006-03-13,54.81999969482422,55.0,54.150001525878906,54.2400016784668,54.2400016784668,6567.0,CT=F,USX,NYM
2006-03-14,54.45000076293945,54.779998779296875,54.02000045776367,54.099998474121094,54.099998474121094,8868.0,CT=F,USX,NYM
2006-03-15,54.5,54.79999923706055,54.29999923706055,54.58000183105469,54.58000183105469,5765.0,CT=F,USX,NYM
2006-03-16,54.79999923706055,55.099998474121094,54.47999954223633,54.4900016784668,54.4900016784668,6899.0,CT=F,USX,NYM
2006-03-17,54.54999923706055,54.54999923706055,54.04999923706055,54.060001373291016,54.060001373291016,9685.0,CT=F,USX,NYM
2006-03-20,53.900001525878906,53.97999954223633,53.349998474121094,53.5099983215332,53.5099983215332,9123.0,CT=F,USX,NYM
2006-03-21,53.45000076293945,53.599998474121094,53.16999816894531,53.209999084472656,53.209999084472656,18718.0,CT=F,USX,NYM
2006-03-22,53.38999938964844,53.400001525878906,52.20000076293945,52.220001220703125,52.220001220703125,13447.0,CT=F,USX,NYM
2006-03-23,52.25,53.150001525878906,51.900001525878906,52.9900016784668,52.9900016784668,7550.0,CT=F,USX,NYM
2006-03-24,52.79999923706055,52.900001525878906,52.380001068115234,52.5,52.5,5374.0,CT=F,USX,NYM
2006-03-27,52.90999984741211,53.150001525878906,52.5,53.099998474121094,53.099998474121094,9395.0,CT=F,USX,NYM
2006-03-28,53.150001525878906,53.349998474121094,52.72999954223633,52.90999984741211,52.90999984741211,6812.0,CT=F,USX,NYM
2006-03-29,53.150001525878906,53.20000076293945,52.75,53.15999984741211,53.15999984741211,9321.0,CT=F,USX,NYM
2006-03-30,53.599998474121094,53.900001525878906,53.349998474121094,53.70000076293945,53.70000076293945,21899.0,CT=F,USX,NYM
2006-03-31,53.54999923706055,53.56999969482422,52.560001373291016,52.650001525878906,52.650001525878906,9076.0,CT=F,USX,NYM
2006-04-03,52.900001525878906,53.349998474121094,52.54999923706055,52.56999969482422,52.56999969482422,7981.0,CT=F,USX,NYM
2006-04-04,52.599998474121094,53.099998474121094,52.400001525878906,52.810001373291016,52.810001373291016,14272.0,CT=F,USX,NYM
2006-04-05,53.25,54.25,53.150001525878906,53.959999084472656,53.959999084472656,6559.0,CT=F,USX,NYM
2006-04-06,53.900001525878906,53.959999084472656,53.5,53.63999938964844,53.63999938964844,17510.0,CT=F,USX,NYM
2006-04-07,53.75,54.400001525878906,53.650001525878906,53.970001220703125,53.970001220703125,16642.0,CT=F,USX,NYM
2006-04-10,54.400001525878906,54.45000076293945,53.150001525878906,53.20000076293945,53.20000076293945,23565.0,CT=F,USX,NYM
2006-04-11,53.29999923706055,53.380001068115234,51.630001068115234,52.310001373291016,52.310001373291016,20300.0,CT=F,USX,NYM
2006-04-12,52.04999923706055,52.75,52.029998779296875,52.279998779296875,52.279998779296875,22958.0,CT=F,USX,NYM
2006-04-13,52.599998474121094,52.70000076293945,51.900001525878906,52.0099983215332,52.0099983215332,14559.0,CT=F,USX,NYM
2006-04-17,52.349998474121094,53.04999923706055,52.29999923706055,52.599998474121094,52.599998474121094,15287.0,CT=F,USX,NYM
2006-04-18,52.5,52.79999923706055,52.400001525878906,52.5,52.5,11102.0,CT=F,USX,NYM
2006-04-19,52.75,52.75,52.25,52.54999923706055,52.54999923706055,7520.0,CT=F,USX,NYM
2006-04-20,52.70000076293945,52.70000076293945,50.7599983215332,50.880001068115234,50.880001068115234,7607.0,CT=F,USX,NYM
2006-04-21,50.5,51.20000076293945,50.5,50.66999816894531,50.66999816894531,820.0,CT=F,USX,NYM
2006-04-24,50.5,50.900001525878906,50.099998474121094,50.11000061035156,50.11000061035156,270.0,CT=F,USX,NYM
2006-04-25,50.11000061035156,50.20000076293945,48.900001525878906,49.5,49.5,46.0,CT=F,USX,NYM
2006-04-26,49.29999923706055,50.0,48.29999923706055,50.0,50.0,30.0,CT=F,USX,NYM
2006-04-27,50.099998474121094,50.099998474121094,49.099998474121094,49.099998474121094,49.099998474121094,0.0,CT=F,USX,NYM
2006-04-28,49.900001525878906,49.900001525878906,49.900001525878906,49.900001525878906,49.900001525878906,7.0,CT=F,USX,NYM
2006-05-01,50.75,51.099998474121094,50.150001525878906,50.150001525878906,50.150001525878906,13.0,CT=F,USX,NYM
2006-05-02,49.25,49.25,49.25,49.25,49.25,9.0,CT=F,USX,NYM
2006-05-03,49.400001525878906,49.45000076293945,49.20000076293945,49.45000076293945,49.45000076293945,5.0,CT=F,USX,NYM
2006-05-04,48.79999923706055,48.849998474121094,48.79999923706055,48.849998474121094,48.849998474121094,32.0,CT=F,USX,NYM
2006-05-05,48.849998474121094,48.849998474121094,48.650001525878906,48.70000076293945,48.70000076293945,0.0,CT=F,USX,NYM
2006-05-08,49.439998626708984,49.439998626708984,49.439998626708984,49.439998626708984,49.439998626708984,6585.0,CT=F,USX,NYM
2006-05-09,51.04999923706055,51.29999923706055,50.75,51.130001068115234,51.130001068115234,9052.0,CT=F,USX,NYM
2006-05-10,51.0,51.04999923706055,50.29999923706055,50.439998626708984,50.439998626708984,13015.0,CT=F,USX,NYM
2006-05-11,50.56999969482422,51.400001525878906,50.349998474121094,51.310001373291016,51.310001373291016,14154.0,CT=F,USX,NYM
2006-05-12,51.75,52.150001525878906,51.5,52.04999923706055,52.04999923706055,7018.0,CT=F,USX,NYM
2006-05-15,51.790000915527344,52.04999923706055,51.400001525878906,51.599998474121094,51.599998474121094,4566.0,CT=F,USX,NYM
2006-05-16,51.599998474121094,51.75,51.349998474121094,51.38999938964844,51.38999938964844,8507.0,CT=F,USX,NYM
2006-05-17,51.54999923706055,51.70000076293945,50.5099983215332,50.810001373291016,50.810001373291016,13303.0,CT=F,USX,NYM
2006-05-18,50.95000076293945,50.95000076293945,49.5099983215332,50.02000045776367,50.02000045776367,11687.0,CT=F,USX,NYM
2006-05-19,49.400001525878906,49.54999923706055,48.95000076293945,49.36000061035156,49.36000061035156,5921.0,CT=F,USX,NYM
2006-05-22,49.689998626708984,49.75,48.75,49.16999816894531,49.16999816894531,7957.0,CT=F,USX,NYM
2006-05-23,49.599998474121094,50.79999923706055,49.599998474121094,50.779998779296875,50.779998779296875,6344.0,CT=F,USX,NYM
2006-05-24,50.20000076293945,50.5,49.849998474121094,49.95000076293945,49.95000076293945,7215.0,CT=F,USX,NYM
2006-05-25,50.0,51.150001525878906,50.0,50.060001373291016,50.060001373291016,4207.0,CT=F,USX,NYM
2006-05-26,50.349998474121094,51.0,50.040000915527344,50.939998626708984,50.939998626708984,6977.0,CT=F,USX,NYM
2006-05-30,51.0,51.68000030517578,51.0,51.650001525878906,51.650001525878906,26814.0,CT=F,USX,NYM
2006-05-31,51.27000045776367,51.75,50.45000076293945,50.939998626708984,50.939998626708984,19621.0,CT=F,USX,NYM
2006-06-01,51.5,52.5,51.5,52.349998474121094,52.349998474121094,15953.0,CT=F,USX,NYM
2006-06-02,52.5099983215332,53.0,52.11000061035156,52.91999816894531,52.91999816894531,10623.0,CT=F,USX,NYM
2006-06-05,52.900001525878906,53.45000076293945,52.54999923706055,52.63999938964844,52.63999938964844,13344.0,CT=F,USX,NYM
2006-06-06,52.29999923706055,52.54999923706055,51.5,51.880001068115234,51.880001068115234,17724.0,CT=F,USX,NYM
2006-06-07,52.29999923706055,52.56999969482422,51.90999984741211,52.119998931884766,52.119998931884766,17421.0,CT=F,USX,NYM
2006-06-08,52.150001525878906,53.150001525878906,51.900001525878906,52.81999969482422,52.81999969482422,15554.0,CT=F,USX,NYM
2006-06-09,53.06999969482422,53.47999954223633,52.599998474121094,52.61000061035156,52.61000061035156,25139.0,CT=F,USX,NYM
2006-06-12,52.95000076293945,53.599998474121094,52.61000061035156,52.70000076293945,52.70000076293945,25170.0,CT=F,USX,NYM
2006-06-13,52.70000076293945,52.70000076293945,51.5,51.75,51.75,8698.0,CT=F,USX,NYM
2006-06-14,51.95000076293945,52.79999923706055,51.599998474121094,51.83000183105469,51.83000183105469,13871.0,CT=F,USX,NYM
2006-06-15,52.25,52.54999923706055,52.0,52.439998626708984,52.439998626708984,11830.0,CT=F,USX,NYM
2006-06-16,52.150001525878906,52.5,51.470001220703125,52.06999969482422,52.06999969482422,6425.0,CT=F,USX,NYM
2006-06-19,51.810001373291016,51.900001525878906,50.86000061035156,50.900001525878906,50.900001525878906,9463.0,CT=F,USX,NYM
2006-06-20,50.599998474121094,51.599998474121094,50.5,51.099998474121094,51.099998474121094,7733.0,CT=F,USX,NYM
2006-06-21,51.20000076293945,51.349998474121094,50.75,50.88999938964844,50.88999938964844,15985.0,CT=F,USX,NYM
2006-06-22,50.849998474121094,50.900001525878906,49.0,49.119998931884766,49.119998931884766,13324.0,CT=F,USX,NYM
2006-06-23,48.54999923706055,49.25,46.119998931884766,46.119998931884766,46.119998931884766,2080.0,CT=F,USX,NYM
2006-06-26,48.5,49.0,47.7599983215332,47.7599983215332,47.7599983215332,320.0,CT=F,USX,NYM
2006-06-27,48.29999923706055,48.5,47.5,47.95000076293945,47.95000076293945,51.0,CT=F,USX,NYM
2006-06-28,48.5,49.5,48.0,48.75,48.75,39.0,CT=F,USX,NYM
2006-06-29,49.25,50.0,48.75,49.5,49.5,39.0,CT=F,USX,NYM
2006-06-30,49.20000076293945,49.75,49.20000076293945,49.75,49.75,0.0,CT=F,USX,NYM
2006-07-03,51.0,51.0,48.5,49.0,49.0,10.0,CT=F,USX,NYM
2006-07-05,49.20000076293945,49.20000076293945,49.20000076293945,49.20000076293945,49.20000076293945,11.0,CT=F,USX,NYM
2006-07-06,49.5,49.5,49.0,49.150001525878906,49.150001525878906,0.0,CT=F,USX,NYM
2006-07-07,45.0,47.79999923706055,45.0,47.5,47.5,979.0,CT=F,USX,NYM
2006-07-10,50.29999923706055,50.5,50.0,50.4900016784668,50.4900016784668,340.0,CT=F,USX,NYM
2006-07-11,50.54999923706055,51.0,50.4900016784668,50.68000030517578,50.68000030517578,273.0,CT=F,USX,NYM
2006-07-12,50.79999923706055,52.150001525878906,50.79999923706055,51.88999938964844,51.88999938964844,634.0,CT=F,USX,NYM
2006-07-13,51.54999923706055,51.599998474121094,51.150001525878906,51.150001525878906,51.150001525878906,298.0,CT=F,USX,NYM
2006-07-14,51.150001525878906,51.150001525878906,50.20000076293945,50.369998931884766,50.369998931884766,536.0,CT=F,USX,NYM
2006-07-17,50.5,51.5,50.45000076293945,50.95000076293945,50.95000076293945,184.0,CT=F,USX,NYM
2006-07-18,50.75,52.79999923706055,50.75,52.400001525878906,52.400001525878906,504.0,CT=F,USX,NYM
2006-07-19,52.79999923706055,53.25,52.5,52.900001525878906,52.900001525878906,727.0,CT=F,USX,NYM
2006-07-20,52.70000076293945,52.70000076293945,52.0,52.25,52.25,289.0,CT=F,USX,NYM
2006-07-21,52.5,53.70000076293945,52.04999923706055,53.599998474121094,53.599998474121094,311.0,CT=F,USX,NYM
2006-07-24,53.599998474121094,54.400001525878906,52.900001525878906,54.150001525878906,54.150001525878906,514.0,CT=F,USX,NYM
2006-07-25,54.0,54.0,52.900001525878906,53.400001525878906,53.400001525878906,320.0,CT=F,USX,NYM
2006-07-26,53.900001525878906,53.900001525878906,53.150001525878906,53.25,53.25,193.0,CT=F,USX,NYM
2006-07-27,53.0,53.599998474121094,53.0,53.599998474121094,53.599998474121094,259.0,CT=F,USX,NYM
2006-07-28,53.79999923706055,53.79999923706055,53.29999923706055,53.70000076293945,53.70000076293945,462.0,CT=F,USX,NYM
2006-07-31,53.599998474121094,53.599998474121094,52.349998474121094,53.45000076293945,53.45000076293945,430.0,CT=F,USX,NYM
2006-08-01,53.599998474121094,54.95000076293945,53.599998474121094,54.72999954223633,54.72999954223633,632.0,CT=F,USX,NYM
2006-08-02,54.75,54.849998474121094,54.45000076293945,54.83000183105469,54.83000183105469,322.0,CT=F,USX,NYM
2006-08-03,54.5,55.349998474121094,54.5,55.22999954223633,55.22999954223633,550.0,CT=F,USX,NYM
2006-08-04,55.20000076293945,55.25,53.900001525878906,54.47999954223633,54.47999954223633,403.0,CT=F,USX,NYM
2006-08-07,54.650001525878906,55.900001525878906,54.650001525878906,54.79999923706055,54.79999923706055,283.0,CT=F,USX,NYM
2006-08-08,54.75,54.79999923706055,54.349998474121094,54.75,54.75,248.0,CT=F,USX,NYM
2006-08-09,54.650001525878906,54.95000076293945,54.650001525878906,54.779998779296875,54.779998779296875,186.0,CT=F,USX,NYM
2006-08-10,54.900001525878906,55.5,53.900001525878906,55.08000183105469,55.08000183105469,470.0,CT=F,USX,NYM
2006-08-11,53.400001525878906,54.75,53.400001525878906,53.7400016784668,53.7400016784668,409.0,CT=F,USX,NYM
2006-08-14,53.04999923706055,53.400001525878906,52.70000076293945,52.709999084472656,52.709999084472656,373.0,CT=F,USX,NYM
2006-08-15,52.459999084472656,53.400001525878906,52.29999923706055,53.349998474121094,53.349998474121094,625.0,CT=F,USX,NYM
2006-08-16,53.5,54.150001525878906,53.04999923706055,53.20000076293945,53.20000076293945,148.0,CT=F,USX,NYM
2006-08-17,53.290000915527344,53.400001525878906,52.79999923706055,52.79999923706055,52.79999923706055,569.0,CT=F,USX,NYM
2006-08-18,52.599998474121094,52.79999923706055,52.349998474121094,52.400001525878906,52.400001525878906,229.0,CT=F,USX,NYM
2006-08-21,52.20000076293945,52.54999923706055,52.0,52.11000061035156,52.11000061035156,233.0,CT=F,USX,NYM
2006-08-22,52.150001525878906,53.79999923706055,52.150001525878906,53.25,53.25,150.0,CT=F,USX,NYM
2006-08-23,53.25,53.400001525878906,52.75,53.04999923706055,53.04999923706055,138.0,CT=F,USX,NYM
2006-08-24,53.20000076293945,53.5,52.79999923706055,53.099998474121094,53.099998474121094,60.0,CT=F,USX,NYM
2006-08-25,53.4900016784668,54.0,53.25,53.5,53.5,182.0,CT=F,USX,NYM
2006-08-28,53.349998474121094,53.5,52.599998474121094,53.18000030517578,53.18000030517578,168.0,CT=F,USX,NYM
2006-08-29,53.380001068115234,53.45000076293945,53.2400016784668,53.349998474121094,53.349998474121094,358.0,CT=F,USX,NYM
2006-08-30,53.25,53.25,52.5,52.5,52.5,311.0,CT=F,USX,NYM
2006-08-31,52.5,53.099998474121094,52.29999923706055,53.04999923706055,53.04999923706055,552.0,CT=F,USX,NYM
2006-09-01,53.04999923706055,53.04999923706055,52.04999923706055,52.060001373291016,52.060001373291016,235.0,CT=F,USX,NYM
2006-09-05,52.400001525878906,52.5,51.599998474121094,51.650001525878906,51.650001525878906,270.0,CT=F,USX,NYM
2006-09-06,51.5,51.599998474121094,51.25,51.439998626708984,51.439998626708984,589.0,CT=F,USX,NYM
2006-09-07,51.599998474121094,52.0,51.150001525878906,51.189998626708984,51.189998626708984,195.0,CT=F,USX,NYM
2006-09-08,51.189998626708984,51.400001525878906,50.599998474121094,50.630001068115234,50.630001068115234,452.0,CT=F,USX,NYM
2006-09-11,50.599998474121094,50.599998474121094,50.0,50.0,50.0,633.0,CT=F,USX,NYM
2006-09-12,50.400001525878906,51.650001525878906,50.400001525878906,51.029998779296875,51.029998779296875,289.0,CT=F,USX,NYM
2006-09-13,50.70000076293945,50.95000076293945,50.5,50.54999923706055,50.54999923706055,459.0,CT=F,USX,NYM
2006-09-14,50.939998626708984,50.95000076293945,50.36000061035156,50.380001068115234,50.380001068115234,537.0,CT=F,USX,NYM
2006-09-15,50.20000076293945,51.20000076293945,50.119998931884766,50.81999969482422,50.81999969482422,863.0,CT=F,USX,NYM
2006-09-18,51.29999923706055,51.900001525878906,51.099998474121094,51.11000061035156,51.11000061035156,301.0,CT=F,USX,NYM
2006-09-19,50.900001525878906,51.0,49.349998474121094,49.36000061035156,49.36000061035156,1070.0,CT=F,USX,NYM
2006-09-20,49.5,50.25,49.5,50.099998474121094,50.099998474121094,412.0,CT=F,USX,NYM
2006-09-21,49.849998474121094,49.900001525878906,49.54999923706055,49.900001525878906,49.900001525878906,473.0,CT=F,USX,NYM
2006-09-22,49.54999923706055,50.20000076293945,49.20000076293945,50.06999969482422,50.06999969482422,1972.0,CT=F,USX,NYM
2006-09-25,50.0,50.79999923706055,50.0,50.310001373291016,50.310001373291016,404.0,CT=F,USX,NYM
2006-09-26,50.900001525878906,51.400001525878906,50.70000076293945,50.54999923706055,50.54999923706055,53.0,CT=F,USX,NYM
2006-09-27,50.0,50.5,50.0,50.5,50.5,27.0,CT=F,USX,NYM
2006-09-28,50.75,50.0,49.599998474121094,50.0,50.0,13.0,CT=F,USX,NYM
2006-09-29,49.56999969482422,49.75,49.099998474121094,49.29999923706055,49.29999923706055,77.0,CT=F,USX,NYM
2006-10-02,48.25,49.400001525878906,48.79999923706055,48.400001525878906,48.400001525878906,55.0,CT=F,USX,NYM
2006-10-03,48.25,48.400001525878906,48.25,48.400001525878906,48.400001525878906,47.0,CT=F,USX,NYM
2006-10-04,47.75,48.900001525878906,48.29999923706055,48.900001525878906,48.900001525878906,71.0,CT=F,USX,NYM
2006-10-05,48.5,48.400001525878906,48.400001525878906,48.5,48.5,6.0,CT=F,USX,NYM
2006-10-06,48.0,48.099998474121094,48.099998474121094,48.099998474121094,48.099998474121094,0.0,CT=F,USX,NYM
2006-10-09,47.0,48.25,48.25,47.79999923706055,47.79999923706055,3675.0,CT=F,USX,NYM
2006-10-10,49.0099983215332,49.5,48.619998931884766,48.70000076293945,48.70000076293945,6115.0,CT=F,USX,NYM
2006-10-11,48.5,48.650001525878906,48.06999969482422,48.380001068115234,48.380001068115234,7454.0,CT=F,USX,NYM
2006-10-12,48.099998474121094,50.0,48.099998474121094,48.93000030517578,48.93000030517578,14346.0,CT=F,USX,NYM
2006-10-13,49.0,49.279998779296875,48.75,49.0099983215332,49.0099983215332,4684.0,CT=F,USX,NYM
2006-10-16,49.150001525878906,49.349998474121094,48.79999923706055,49.18000030517578,49.18000030517578,4212.0,CT=F,USX,NYM
2006-10-17,49.33000183105469,50.290000915527344,49.150001525878906,49.20000076293945,49.20000076293945,9503.0,CT=F,USX,NYM
2006-10-18,48.56999969482422,48.70000076293945,48.08000183105469,48.33000183105469,48.33000183105469,8277.0,CT=F,USX,NYM
2006-10-19,48.33000183105469,48.97999954223633,48.25,48.75,48.75,7129.0,CT=F,USX,NYM
2006-10-20,48.79999923706055,49.25,48.45000076293945,49.209999084472656,49.209999084472656,4943.0,CT=F,USX,NYM
2006-10-23,49.25,50.18000030517578,49.25,50.02000045776367,50.02000045776367,9319.0,CT=F,USX,NYM
2006-10-24,49.86000061035156,50.40999984741211,49.5,49.56999969482422,49.56999969482422,9514.0,CT=F,USX,NYM
2006-10-25,49.400001525878906,50.099998474121094,49.04999923706055,49.91999816894531,49.91999816894531,7973.0,CT=F,USX,NYM
2006-10-26,50.0,50.900001525878906,50.0,50.599998474121094,50.599998474121094,14180.0,CT=F,USX,NYM
2006-10-27,50.25,50.79999923706055,50.25,50.790000915527344,50.790000915527344,8289.0,CT=F,USX,NYM
2006-10-30,50.650001525878906,50.849998474121094,49.29999923706055,49.36000061035156,49.36000061035156,12735.0,CT=F,USX,NYM
2006-10-31,49.16999816894531,49.36000061035156,48.810001373291016,49.279998779296875,49.279998779296875,23251.0,CT=F,USX,NYM
2006-11-01,48.849998474121094,49.20000076293945,48.650001525878906,48.779998779296875,48.779998779296875,14281.0,CT=F,USX,NYM
2006-11-02,48.400001525878906,49.349998474121094,48.400001525878906,49.18000030517578,49.18000030517578,9947.0,CT=F,USX,NYM
2006-11-03,48.900001525878906,49.400001525878906,48.7599983215332,49.209999084472656,49.209999084472656,7489.0,CT=F,USX,NYM
2006-11-06,49.20000076293945,50.0,48.77000045776367,49.91999816894531,49.91999816894531,12423.0,CT=F,USX,NYM
2006-11-07,49.849998474121094,50.25,49.79999923706055,49.88999938964844,49.88999938964844,20045.0,CT=F,USX,NYM
2006-11-08,49.599998474121094,50.70000076293945,49.45000076293945,49.52000045776367,49.52000045776367,21226.0,CT=F,USX,NYM
2006-11-09,49.45000076293945,50.04999923706055,49.45000076293945,49.83000183105469,49.83000183105469,20711.0,CT=F,USX,NYM
2006-11-10,50.0,50.099998474121094,49.0,49.09000015258789,49.09000015258789,25821.0,CT=F,USX,NYM
2006-11-13,48.900001525878906,49.0,47.599998474121094,47.83000183105469,47.83000183105469,29275.0,CT=F,USX,NYM
2006-11-14,47.790000915527344,48.72999954223633,47.790000915527344,48.560001373291016,48.560001373291016,21382.0,CT=F,USX,NYM
2006-11-15,48.599998474121094,48.95000076293945,47.79999923706055,48.689998626708984,48.689998626708984,16497.0,CT=F,USX,NYM
2006-11-16,48.75,49.20000076293945,47.79999923706055,47.880001068115234,47.880001068115234,9586.0,CT=F,USX,NYM
2006-11-17,47.25,48.0,47.060001373291016,47.400001525878906,47.400001525878906,8286.0,CT=F,USX,NYM
2006-11-20,47.400001525878906,47.70000076293945,46.5,46.900001525878906,46.900001525878906,11918.0,CT=F,USX,NYM
2006-11-21,46.79999923706055,47.0099983215332,46.599998474121094,46.79999923706055,46.79999923706055,12128.0,CT=F,USX,NYM
2006-11-22,47.5,49.5,47.5,47.59000015258789,47.59000015258789,1295.0,CT=F,USX,NYM
2006-11-27,47.70000076293945,49.0,47.70000076293945,49.0,49.0,454.0,CT=F,USX,NYM
2006-11-28,48.599998474121094,49.04999923706055,48.599998474121094,48.709999084472656,48.709999084472656,88.0,CT=F,USX,NYM
2006-11-29,48.75,48.75,47.0,47.779998779296875,47.779998779296875,67.0,CT=F,USX,NYM
2006-11-30,48.0,49.25,48.5,48.900001525878906,48.900001525878906,33.0,CT=F,USX,NYM
2006-12-01,48.0,50.0,48.5,49.33000183105469,49.33000183105469,46.0,CT=F,USX,NYM
2006-12-04,49.0,49.95000076293945,48.849998474121094,49.349998474121094,49.349998474121094,28.0,CT=F,USX,NYM
2006-12-05,50.0,50.0,49.0,49.0,49.0,8.0,CT=F,USX,NYM
2006-12-06,49.849998474121094,49.849998474121094,49.0,49.0,49.0,5693.0,CT=F,USX,NYM
2006-12-07,53.400001525878906,53.599998474121094,53.04999923706055,53.060001373291016,53.060001373291016,5569.0,CT=F,USX,NYM
2006-12-08,52.90999984741211,53.25,52.70000076293945,52.72999954223633,52.72999954223633,8208.0,CT=F,USX,NYM
2006-12-11,52.61000061035156,54.29999923706055,52.5099983215332,54.290000915527344,54.290000915527344,16820.0,CT=F,USX,NYM
2006-12-12,54.29999923706055,54.70000076293945,54.04999923706055,54.47999954223633,54.47999954223633,10967.0,CT=F,USX,NYM
2006-12-13,54.599998474121094,54.75,54.04999923706055,54.34000015258789,54.34000015258789,8350.0,CT=F,USX,NYM
2006-12-14,54.20000076293945,55.20000076293945,54.20000076293945,55.18000030517578,55.18000030517578,15999.0,CT=F,USX,NYM
2006-12-15,55.150001525878906,55.349998474121094,54.95000076293945,54.959999084472656,54.959999084472656,11073.0,CT=F,USX,NYM
2006-12-18,54.939998626708984,55.29999923706055,54.79999923706055,54.810001373291016,54.810001373291016,7592.0,CT=F,USX,NYM
2006-12-19,55.150001525878906,55.29999923706055,54.849998474121094,55.029998779296875,55.029998779296875,4928.0,CT=F,USX,NYM
2006-12-20,54.900001525878906,55.2400016784668,54.45000076293945,54.619998931884766,54.619998931884766,9955.0,CT=F,USX,NYM
2006-12-21,54.849998474121094,55.5,54.75,55.369998931884766,55.369998931884766,10379.0,CT=F,USX,NYM
2006-12-22,55.599998474121094,56.04999923706055,55.349998474121094,55.779998779296875,55.779998779296875,10769.0,CT=F,USX,NYM
2006-12-26,55.97999954223633,56.63999938964844,55.70000076293945,56.61000061035156,56.61000061035156,8928.0,CT=F,USX,NYM
2006-12-27,56.25,56.54999923706055,56.099998474121094,56.380001068115234,56.380001068115234,8006.0,CT=F,USX,NYM
2006-12-28,56.5,56.97999954223633,56.45000076293945,56.959999084472656,56.959999084472656,9077.0,CT=F,USX,NYM
2006-12-29,57.0,57.04999923706055,55.7599983215332,56.189998626708984,56.189998626708984,11008.0,CT=F,USX,NYM
2007-01-03,55.54999923706055,55.900001525878906,54.099998474121094,54.88999938964844,54.88999938964844,24113.0,CT=F,USX,NYM
2007-01-04,54.400001525878906,55.400001525878906,54.400001525878906,54.560001373291016,54.560001373291016,8629.0,CT=F,USX,NYM
2007-01-05,54.25,54.70000076293945,53.81999969482422,54.41999816894531,54.41999816894531,12144.0,CT=F,USX,NYM
2007-01-08,54.150001525878906,54.79999923706055,54.150001525878906,54.529998779296875,54.529998779296875,7359.0,CT=F,USX,NYM
2007-01-09,54.25,54.529998779296875,54.029998779296875,54.099998474121094,54.099998474121094,9907.0,CT=F,USX,NYM
2007-01-10,54.25,54.400001525878906,53.349998474121094,53.93000030517578,53.93000030517578,16383.0,CT=F,USX,NYM
2007-01-11,53.95000076293945,54.25,53.79999923706055,54.040000915527344,54.040000915527344,7875.0,CT=F,USX,NYM
2007-01-12,53.470001220703125,55.189998626708984,52.849998474121094,54.70000076293945,54.70000076293945,20420.0,CT=F,USX,NYM
2007-01-16,55.0,55.09000015258789,54.29999923706055,54.91999816894531,54.91999816894531,11332.0,CT=F,USX,NYM
2007-01-17,54.599998474121094,55.099998474121094,54.599998474121094,55.060001373291016,55.060001373291016,5807.0,CT=F,USX,NYM
2007-01-18,54.75,55.0,54.349998474121094,54.529998779296875,54.529998779296875,9741.0,CT=F,USX,NYM
2007-01-19,54.45000076293945,54.79999923706055,54.349998474121094,54.54999923706055,54.54999923706055,4771.0,CT=F,USX,NYM
2007-01-22,54.45000076293945,54.599998474121094,54.08000183105469,54.09000015258789,54.09000015258789,8752.0,CT=F,USX,NYM
2007-01-23,54.25,55.0,54.25,54.81999969482422,54.81999969482422,10782.0,CT=F,USX,NYM
2007-01-24,54.400001525878906,54.79999923706055,54.400001525878906,54.470001220703125,54.470001220703125,5423.0,CT=F,USX,NYM
2007-01-25,54.400001525878906,54.599998474121094,54.220001220703125,54.369998931884766,54.369998931884766,6169.0,CT=F,USX,NYM
2007-01-26,54.45000076293945,54.63999938964844,54.099998474121094,54.119998931884766,54.119998931884766,8980.0,CT=F,USX,NYM
2007-01-29,54.150001525878906,54.20000076293945,53.560001373291016,53.56999969482422,53.56999969482422,9725.0,CT=F,USX,NYM
2007-01-30,53.54999923706055,53.900001525878906,53.31999969482422,53.349998474121094,53.349998474121094,10942.0,CT=F,USX,NYM
2007-01-31,53.400001525878906,54.400001525878906,53.400001525878906,54.0,54.0,26195.0,CT=F,USX,NYM
2007-02-01,53.79999923706055,54.400001525878906,53.54999923706055,53.56999969482422,53.56999969482422,13533.0,CT=F,USX,NYM
2007-02-02,53.70000076293945,54.099998474121094,53.5,53.88999938964844,53.88999938964844,9133.0,CT=F,USX,NYM
2007-02-05,53.849998474121094,54.95000076293945,54.20000076293945,54.630001068115234,54.630001068115234,15995.0,CT=F,USX,NYM
2007-02-06,54.599998474121094,54.61000061035156,53.599998474121094,53.66999816894531,53.66999816894531,16787.0,CT=F,USX,NYM
2007-02-07,53.5099983215332,54.0,52.95000076293945,53.0,53.0,31254.0,CT=F,USX,NYM
2007-02-08,53.20000076293945,53.400001525878906,52.0,52.40999984741211,52.40999984741211,31379.0,CT=F,USX,NYM
2007-02-09,52.45000076293945,53.0,52.5,52.7599983215332,52.7599983215332,25805.0,CT=F,USX,NYM
2007-02-12,53.0,52.7599983215332,52.20000076293945,52.2400016784668,52.2400016784668,26959.0,CT=F,USX,NYM
2007-02-13,52.29999923706055,52.900001525878906,52.20000076293945,52.59000015258789,52.59000015258789,25734.0,CT=F,USX,NYM
2007-02-14,52.70000076293945,53.20000076293945,51.650001525878906,51.7599983215332,51.7599983215332,27210.0,CT=F,USX,NYM
2007-02-15,51.900001525878906,53.779998779296875,51.689998626708984,53.650001525878906,53.650001525878906,20473.0,CT=F,USX,NYM
2007-02-16,53.91999816894531,54.400001525878906,53.5099983215332,54.0,54.0,16341.0,CT=F,USX,NYM
2007-02-20,53.77000045776367,54.720001220703125,53.77000045776367,54.61000061035156,54.61000061035156,8468.0,CT=F,USX,NYM
2007-02-21,54.5,54.70000076293945,53.400001525878906,54.65999984741211,54.65999984741211,9477.0,CT=F,USX,NYM
2007-02-22,54.150001525878906,54.95000076293945,54.150001525878906,54.95000076293945,54.95000076293945,1275.0,CT=F,USX,NYM
2007-02-23,54.900001525878906,55.79999923706055,54.810001373291016,55.33000183105469,55.33000183105469,929.0,CT=F,USX,NYM
2007-02-26,55.349998474121094,55.54999923706055,55.349998474121094,55.369998931884766,55.369998931884766,255.0,CT=F,USX,NYM
2007-02-27,55.04999923706055,55.650001525878906,54.79999923706055,55.04999923706055,55.04999923706055,153.0,CT=F,USX,NYM
2007-02-28,55.099998474121094,55.650001525878906,55.099998474121094,55.54999923706055,55.54999923706055,169.0,CT=F,USX,NYM
2007-03-01,55.75,55.849998474121094,53.650001525878906,55.79999923706055,55.79999923706055,154.0,CT=F,USX,NYM
2007-03-02,55.849998474121094,55.95000076293945,55.54999923706055,55.849998474121094,55.849998474121094,270.0,CT=F,USX,NYM
2007-03-05,55.54999923706055,55.79999923706055,54.70000076293945,55.06999969482422,55.06999969482422,206.0,CT=F,USX,NYM
2007-03-06,55.150001525878906,55.25,54.70000076293945,54.5,54.5,77.0,CT=F,USX,NYM
2007-03-07,54.380001068115234,55.0,54.380001068115234,54.45000076293945,54.45000076293945,82.0,CT=F,USX,NYM
2007-03-08,54.29999923706055,55.0,54.25,54.34000015258789,54.34000015258789,7576.0,CT=F,USX,NYM
2007-03-09,54.47999954223633,54.599998474121094,53.95000076293945,54.5,54.5,8596.0,CT=F,USX,NYM
2007-03-12,54.650001525878906,54.650001525878906,54.25,54.560001373291016,54.560001373291016,4094.0,CT=F,USX,NYM
2007-03-13,54.54999923706055,54.70000076293945,53.54999923706055,53.560001373291016,53.560001373291016,12369.0,CT=F,USX,NYM
2007-03-14,53.900001525878906,53.900001525878906,53.40999984741211,53.5,53.5,6387.0,CT=F,USX,NYM
2007-03-15,53.599998474121094,53.900001525878906,53.400001525878906,53.439998626708984,53.439998626708984,3538.0,CT=F,USX,NYM
2007-03-16,53.45000076293945,54.25,53.290000915527344,53.90999984741211,53.90999984741211,9039.0,CT=F,USX,NYM
2007-03-19,53.90999984741211,54.29999923706055,53.599998474121094,53.709999084472656,53.709999084472656,7973.0,CT=F,USX,NYM
2007-03-20,53.70000076293945,54.45000076293945,53.20000076293945,53.29999923706055,53.29999923706055,12917.0,CT=F,USX,NYM
2007-03-21,53.27000045776367,53.45000076293945,53.099998474121094,53.11000061035156,53.11000061035156,7690.0,CT=F,USX,NYM
2007-03-22,53.119998931884766,53.599998474121094,53.119998931884766,53.220001220703125,53.220001220703125,6284.0,CT=F,USX,NYM
2007-03-23,53.25,53.599998474121094,53.16999816894531,53.27000045776367,53.27000045776367,6076.0,CT=F,USX,NYM
2007-03-26,53.290000915527344,53.5,53.11000061035156,53.290000915527344,53.290000915527344,5668.0,CT=F,USX,NYM
2007-03-27,53.45000076293945,53.75,53.130001068115234,53.38999938964844,53.38999938964844,8023.0,CT=F,USX,NYM
2007-03-28,53.5,53.97999954223633,53.349998474121094,53.90999984741211,53.90999984741211,8503.0,CT=F,USX,NYM
2007-03-29,53.95000076293945,54.20000076293945,53.650001525878906,54.189998626708984,54.189998626708984,9651.0,CT=F,USX,NYM
2007-03-30,54.20000076293945,54.70000076293945,53.15999984741211,53.56999969482422,53.56999969482422,30916.0,CT=F,USX,NYM
2007-04-02,53.599998474121094,53.810001373291016,52.77000045776367,53.2400016784668,53.2400016784668,26838.0,CT=F,USX,NYM
2007-04-03,53.2400016784668,53.349998474121094,52.970001220703125,53.04999923706055,53.04999923706055,12391.0,CT=F,USX,NYM
2007-04-04,53.04999923706055,53.5,52.95000076293945,53.2599983215332,53.2599983215332,11951.0,CT=F,USX,NYM
2007-04-05,53.25,53.470001220703125,52.880001068115234,52.90999984741211,52.90999984741211,13205.0,CT=F,USX,NYM
2007-04-09,53.04999923706055,53.18000030517578,51.79999923706055,51.810001373291016,51.810001373291016,37914.0,CT=F,USX,NYM
2007-04-10,51.779998779296875,52.25,51.650001525878906,51.689998626708984,51.689998626708984,26762.0,CT=F,USX,NYM
2007-04-11,51.79999923706055,52.25,51.650001525878906,51.81999969482422,51.81999969482422,23521.0,CT=F,USX,NYM
2007-04-12,51.79999923706055,52.060001373291016,51.099998474121094,51.119998931884766,51.119998931884766,32190.0,CT=F,USX,NYM
2007-04-13,51.29999923706055,51.75,51.130001068115234,51.369998931884766,51.369998931884766,25468.0,CT=F,USX,NYM
2007-04-16,51.400001525878906,51.5,50.0,50.380001068115234,50.380001068115234,20018.0,CT=F,USX,NYM
2007-04-17,50.380001068115234,50.599998474121094,49.70000076293945,49.72999954223633,49.72999954223633,15477.0,CT=F,USX,NYM
2007-04-18,49.869998931884766,50.25,49.650001525878906,50.15999984741211,50.15999984741211,10913.0,CT=F,USX,NYM
2007-04-19,50.15999984741211,50.7400016784668,49.099998474121094,49.150001525878906,49.150001525878906,10561.0,CT=F,USX,NYM
2007-04-20,48.95000076293945,49.79999923706055,48.79999923706055,49.63999938964844,49.63999938964844,8381.0,CT=F,USX,NYM
2007-04-23,49.54999923706055,49.79999923706055,48.880001068115234,49.099998474121094,49.099998474121094,9752.0,CT=F,USX,NYM
2007-04-24,49.20000076293945,49.650001525878906,48.029998779296875,48.68000030517578,48.68000030517578,845.0,CT=F,USX,NYM
2007-04-25,48.779998779296875,49.0,48.349998474121094,48.900001525878906,48.900001525878906,342.0,CT=F,USX,NYM
2007-04-26,48.9900016784668,49.0,47.16999816894531,47.70000076293945,47.70000076293945,103.0,CT=F,USX,NYM
2007-04-27,49.900001525878906,49.0,47.5,47.900001525878906,47.900001525878906,32.0,CT=F,USX,NYM
2007-04-30,48.15999984741211,48.15999984741211,47.5,47.25,47.25,224.0,CT=F,USX,NYM
2007-05-01,47.68000030517578,47.70000076293945,46.29999923706055,46.25,46.25,5.0,CT=F,USX,NYM
2007-05-02,46.54999923706055,46.54999923706055,46.54999923706055,46.54999923706055,46.54999923706055,3.0,CT=F,USX,NYM
2007-05-03,46.349998474121094,45.95000076293945,45.939998626708984,46.5,46.5,5.0,CT=F,USX,NYM
2007-05-04,46.900001525878906,46.900001525878906,46.349998474121094,46.29999923706055,46.29999923706055,16.0,CT=F,USX,NYM
2007-05-07,46.650001525878906,46.790000915527344,46.29999923706055,46.290000915527344,46.290000915527344,4.0,CT=F,USX,NYM
2007-05-08,46.099998474121094,46.790000915527344,46.099998474121094,46.70000076293945,46.70000076293945,9550.0,CT=F,USX,NYM
2007-05-09,48.70000076293945,49.2400016784668,48.5,48.81999969482422,48.81999969482422,7319.0,CT=F,USX,NYM
2007-05-10,48.900001525878906,49.150001525878906,48.880001068115234,49.029998779296875,49.029998779296875,5128.0,CT=F,USX,NYM
2007-05-11,49.16999816894531,49.34000015258789,47.52000045776367,48.11000061035156,48.11000061035156,14191.0,CT=F,USX,NYM
2007-05-14,48.0,48.380001068115234,46.849998474121094,46.91999816894531,46.91999816894531,13215.0,CT=F,USX,NYM
2007-05-15,47.0,47.93000030517578,46.86000061035156,47.75,47.75,10285.0,CT=F,USX,NYM
2007-05-16,47.58000183105469,50.20000076293945,47.58000183105469,49.189998626708984,49.189998626708984,39186.0,CT=F,USX,NYM
2007-05-17,49.189998626708984,49.900001525878906,49.02000045776367,49.59000015258789,49.59000015258789,11902.0,CT=F,USX,NYM
2007-05-18,49.58000183105469,50.04999923706055,49.310001373291016,49.7599983215332,49.7599983215332,9799.0,CT=F,USX,NYM
2007-05-21,49.77000045776367,50.75,49.70000076293945,50.540000915527344,50.540000915527344,12938.0,CT=F,USX,NYM
2007-05-22,50.470001220703125,50.72999954223633,49.79999923706055,50.31999969482422,50.31999969482422,12288.0,CT=F,USX,NYM
2007-05-23,50.29999923706055,50.29999923706055,49.099998474121094,49.13999938964844,49.13999938964844,11505.0,CT=F,USX,NYM
2007-05-24,49.099998474121094,50.25,49.04999923706055,50.09000015258789,50.09000015258789,8658.0,CT=F,USX,NYM
2007-05-25,50.09000015258789,51.20000076293945,50.09000015258789,51.13999938964844,51.13999938964844,14290.0,CT=F,USX,NYM
2007-05-29,51.04999923706055,51.130001068115234,49.900001525878906,50.029998779296875,50.029998779296875,14643.0,CT=F,USX,NYM
2007-05-30,50.029998779296875,51.099998474121094,49.95000076293945,50.380001068115234,50.380001068115234,15690.0,CT=F,USX,NYM
2007-05-31,50.380001068115234,51.45000076293945,50.380001068115234,51.04999923706055,51.04999923706055,17715.0,CT=F,USX,NYM
2007-06-01,51.04999923706055,51.220001220703125,50.349998474121094,50.47999954223633,50.47999954223633,15803.0,CT=F,USX,NYM
2007-06-04,50.54999923706055,50.68000030517578,49.599998474121094,49.9900016784668,49.9900016784668,13976.0,CT=F,USX,NYM
2007-06-05,49.9900016784668,51.95000076293945,49.9900016784668,51.75,51.75,23731.0,CT=F,USX,NYM
2007-06-06,51.650001525878906,52.11000061035156,51.25,51.54999923706055,51.54999923706055,16342.0,CT=F,USX,NYM
2007-06-07,51.54999923706055,52.0,51.20000076293945,51.7599983215332,51.7599983215332,21301.0,CT=F,USX,NYM
2007-06-08,51.849998474121094,52.20000076293945,51.20000076293945,51.41999816894531,51.41999816894531,22034.0,CT=F,USX,NYM
2007-06-11,51.5,52.189998626708984,51.20000076293945,51.91999816894531,51.91999816894531,21333.0,CT=F,USX,NYM
2007-06-12,51.900001525878906,52.029998779296875,51.599998474121094,51.599998474121094,51.599998474121094,25524.0,CT=F,USX,NYM
2007-06-13,51.5099983215332,52.599998474121094,51.310001373291016,52.439998626708984,52.439998626708984,27889.0,CT=F,USX,NYM
2007-06-14,52.43000030517578,54.5,52.349998474121094,54.0,54.0,32403.0,CT=F,USX,NYM
2007-06-15,54.15999984741211,55.099998474121094,53.97999954223633,54.91999816894531,54.91999816894531,23830.0,CT=F,USX,NYM
2007-06-18,54.75,55.2599983215332,54.400001525878906,54.75,54.75,16060.0,CT=F,USX,NYM
2007-06-19,54.65999984741211,54.849998474121094,53.95000076293945,54.29999923706055,54.29999923706055,9183.0,CT=F,USX,NYM
2007-06-20,54.220001220703125,56.5,53.5,55.75,55.75,12351.0,CT=F,USX,NYM
2007-06-21,56.0,56.58000183105469,54.9900016784668,56.5,56.5,6279.0,CT=F,USX,NYM
2007-06-22,56.33000183105469,56.63999938964844,55.0,55.88999938964844,55.88999938964844,5232.0,CT=F,USX,NYM
2007-06-25,55.400001525878906,56.20000076293945,55.29999923706055,55.45000076293945,55.45000076293945,840.0,CT=F,USX,NYM
2007-06-26,55.40999984741211,55.79999923706055,55.40999984741211,56.0,56.0,141.0,CT=F,USX,NYM
2007-06-27,55.70000076293945,56.79999923706055,55.29999923706055,56.849998474121094,56.849998474121094,61.0,CT=F,USX,NYM
2007-06-28,57.0,57.0,56.72999954223633,57.0,57.0,38.0,CT=F,USX,NYM
2007-06-29,58.560001373291016,61.5,58.560001373291016,58.5,58.5,58.0,CT=F,USX,NYM
2007-07-02,56.0,59.349998474121094,56.0,58.0,58.0,3.0,CT=F,USX,NYM
2007-07-03,58.0,59.099998474121094,58.0,59.25,59.25,16.0,CT=F,USX,NYM
2007-07-05,59.5,60.0,59.25,59.25,59.25,8.0,CT=F,USX,NYM
2007-07-06,60.0,60.0,60.0,60.0,60.0,1.0,CT=F,USX,NYM
2007-07-09,59.5,61.0,59.5,61.0,61.0,608.0,CT=F,USX,NYM
2007-07-10,64.62999725341797,65.19999694824219,64.01000213623047,65.16000366210938,65.16000366210938,443.0,CT=F,USX,NYM
2007-07-11,65.25,65.55000305175781,64.30000305175781,65.25,65.25,662.0,CT=F,USX,NYM
2007-07-12,65.0999984741211,65.4000015258789,64.30000305175781,65.25,65.25,387.0,CT=F,USX,NYM
2007-07-13,65.05999755859375,66.69999694824219,65.05999755859375,66.48999786376953,66.48999786376953,321.0,CT=F,USX,NYM
2007-07-16,66.08999633789062,66.69999694824219,65.4000015258789,65.91999816894531,65.91999816894531,473.0,CT=F,USX,NYM
2007-07-17,65.5199966430664,65.5199966430664,63.29999923706055,63.61000061035156,63.61000061035156,1686.0,CT=F,USX,NYM
2007-07-18,63.75,64.44999694824219,62.97999954223633,64.44999694824219,64.44999694824219,406.0,CT=F,USX,NYM
2007-07-19,64.5999984741211,64.5999984741211,62.25,62.650001525878906,62.650001525878906,620.0,CT=F,USX,NYM
2007-07-20,62.25,62.5,59.95000076293945,61.099998474121094,61.099998474121094,1844.0,CT=F,USX,NYM
2007-07-23,60.88999938964844,61.16999816894531,60.25,61.0,61.0,314.0,CT=F,USX,NYM
2007-07-24,61.36000061035156,62.08000183105469,61.36000061035156,61.849998474121094,61.849998474121094,514.0,CT=F,USX,NYM
2007-07-25,62.11000061035156,62.11000061035156,61.349998474121094,62.0,62.0,218.0,CT=F,USX,NYM
2007-07-26,61.900001525878906,62.04999923706055,60.70000076293945,60.75,60.75,628.0,CT=F,USX,NYM
2007-07-27,60.7400016784668,61.900001525878906,60.7400016784668,61.54999923706055,61.54999923706055,158.0,CT=F,USX,NYM
2007-07-30,61.66999816894531,62.630001068115234,61.66999816894531,62.4900016784668,62.4900016784668,454.0,CT=F,USX,NYM
2007-07-31,62.5,63.0,61.900001525878906,63.0,63.0,605.0,CT=F,USX,NYM
2007-08-01,62.779998779296875,62.79999923706055,61.720001220703125,62.25,62.25,453.0,CT=F,USX,NYM
2007-08-02,62.25,62.599998474121094,61.959999084472656,62.599998474121094,62.599998474121094,252.0,CT=F,USX,NYM
2007-08-03,62.52000045776367,62.900001525878906,62.380001068115234,62.849998474121094,62.849998474121094,157.0,CT=F,USX,NYM
2007-08-06,62.709999084472656,62.709999084472656,61.79999923706055,61.95000076293945,61.95000076293945,185.0,CT=F,USX,NYM
2007-08-07,62.0,62.16999816894531,60.599998474121094,60.599998474121094,60.599998474121094,388.0,CT=F,USX,NYM
2007-08-08,60.70000076293945,61.560001373291016,60.70000076293945,61.150001525878906,61.150001525878906,182.0,CT=F,USX,NYM
2007-08-09,61.150001525878906,61.25,59.5,60.25,60.25,675.0,CT=F,USX,NYM
2007-08-10,60.0,60.5,58.66999816894531,59.25,59.25,549.0,CT=F,USX,NYM
2007-08-13,59.25,59.720001220703125,58.849998474121094,59.04999923706055,59.04999923706055,432.0,CT=F,USX,NYM
2007-08-14,59.25,59.54999923706055,58.18000030517578,58.349998474121094,58.349998474121094,698.0,CT=F,USX,NYM
2007-08-15,58.5,59.0,58.0,58.0,58.0,359.0,CT=F,USX,NYM
2007-08-16,58.15999984741211,58.15999984741211,55.0,55.22999954223633,55.22999954223633,1752.0,CT=F,USX,NYM
2007-08-17,55.70000076293945,56.20000076293945,55.130001068115234,55.5,55.5,883.0,CT=F,USX,NYM
2007-08-20,56.5,57.400001525878906,56.400001525878906,56.779998779296875,56.779998779296875,867.0,CT=F,USX,NYM
2007-08-21,57.04999923706055,57.150001525878906,56.22999954223633,56.349998474121094,56.349998474121094,395.0,CT=F,USX,NYM
2007-08-22,56.5,56.599998474121094,56.0,56.20000076293945,56.20000076293945,1067.0,CT=F,USX,NYM
2007-08-23,55.900001525878906,56.70000076293945,55.900001525878906,56.400001525878906,56.400001525878906,581.0,CT=F,USX,NYM
2007-08-24,56.70000076293945,58.20000076293945,55.81999969482422,56.20000076293945,56.20000076293945,486.0,CT=F,USX,NYM
2007-08-27,56.75,56.75,54.810001373291016,55.150001525878906,55.150001525878906,474.0,CT=F,USX,NYM
2007-08-28,54.9900016784668,55.70000076293945,54.9900016784668,55.52000045776367,55.52000045776367,224.0,CT=F,USX,NYM
2007-08-29,55.380001068115234,56.150001525878906,55.380001068115234,55.58000183105469,55.58000183105469,152.0,CT=F,USX,NYM
2007-08-30,56.150001525878906,57.459999084472656,56.150001525878906,57.150001525878906,57.150001525878906,442.0,CT=F,USX,NYM
2007-08-31,57.279998779296875,59.900001525878906,57.279998779296875,58.869998931884766,58.869998931884766,622.0,CT=F,USX,NYM
2007-09-04,59.04999923706055,59.79999923706055,59.0,59.45000076293945,59.45000076293945,536.0,CT=F,USX,NYM
2007-09-05,59.900001525878906,60.63999938964844,58.34000015258789,58.349998474121094,58.349998474121094,264.0,CT=F,USX,NYM
2007-09-06,58.349998474121094,58.93000030517578,57.70000076293945,58.15999984741211,58.15999984741211,296.0,CT=F,USX,NYM
2007-09-07,58.29999923706055,58.29999923706055,57.54999923706055,57.900001525878906,57.900001525878906,534.0,CT=F,USX,NYM
2007-09-10,58.400001525878906,58.83000183105469,58.349998474121094,58.54999923706055,58.54999923706055,545.0,CT=F,USX,NYM
2007-09-11,59.099998474121094,59.36000061035156,58.400001525878906,59.150001525878906,59.150001525878906,415.0,CT=F,USX,NYM
2007-09-12,59.20000076293945,60.25,58.5,60.099998474121094,60.099998474121094,683.0,CT=F,USX,NYM
2007-09-13,60.63999938964844,60.439998626708984,59.849998474121094,60.25,60.25,530.0,CT=F,USX,NYM
2007-09-14,61.0,61.04999923706055,60.33000183105469,60.91999816894531,60.91999816894531,791.0,CT=F,USX,NYM
2007-09-17,60.83000183105469,61.900001525878906,60.83000183105469,61.66999816894531,61.66999816894531,438.0,CT=F,USX,NYM
2007-09-18,61.5,62.349998474121094,60.79999923706055,62.25,62.25,338.0,CT=F,USX,NYM
2007-09-19,62.0,63.400001525878906,61.20000076293945,61.33000183105469,61.33000183105469,633.0,CT=F,USX,NYM
2007-09-20,61.349998474121094,62.25,60.849998474121094,62.20000076293945,62.20000076293945,789.0,CT=F,USX,NYM
2007-09-21,62.0,63.599998474121094,61.70000076293945,63.47999954223633,63.47999954223633,2249.0,CT=F,USX,NYM
2007-09-24,63.0,63.650001525878906,62.400001525878906,63.2400016784668,63.2400016784668,135.0,CT=F,USX,NYM
2007-09-25,63.29999923706055,63.29999923706055,63.0,63.08000183105469,63.08000183105469,64.0,CT=F,USX,NYM
2007-09-26,62.68000030517578,63.29999923706055,62.650001525878906,63.130001068115234,63.130001068115234,82.0,CT=F,USX,NYM
2007-09-27,63.70000076293945,63.79999923706055,63.47999954223633,63.66999816894531,63.66999816894531,4.0,CT=F,USX,NYM
2007-09-28,62.04999923706055,62.04999923706055,62.04999923706055,62.04999923706055,62.04999923706055,0.0,CT=F,USX,NYM
2007-10-01,62.04999923706055,63.47999954223633,61.04999923706055,62.04999923706055,62.04999923706055,2.0,CT=F,USX,NYM
2007-10-02,61.75,63.47999954223633,61.75,60.29999923706055,60.29999923706055,4.0,CT=F,USX,NYM
2007-10-03,59.099998474121094,63.47999954223633,59.099998474121094,60.43000030517578,60.43000030517578,25.0,CT=F,USX,NYM
2007-10-04,60.4900016784668,60.4900016784668,60.4900016784668,60.4900016784668,60.4900016784668,0.0,CT=F,USX,NYM
2007-10-05,61.25,63.47999954223633,60.25,60.220001220703125,60.220001220703125,2.0,CT=F,USX,NYM
2007-10-08,59.5,59.5,59.5,59.5,59.5,0.0,CT=F,USX,NYM
2007-10-09,59.47999954223633,59.47999954223633,59.47999954223633,59.47999954223633,59.47999954223633,8783.0,CT=F,USX,NYM
2007-10-10,63.0,64.27999877929688,62.5,64.20999908447266,64.20999908447266,13094.0,CT=F,USX,NYM
2007-10-11,64.25,64.4800033569336,63.20000076293945,63.72999954223633,63.72999954223633,15433.0,CT=F,USX,NYM
2007-10-12,63.20000076293945,64.5999984741211,62.849998474121094,63.869998931884766,63.869998931884766,16775.0,CT=F,USX,NYM
2007-10-15,63.7599983215332,64.4800033569336,63.25,63.31999969482422,63.31999969482422,13457.0,CT=F,USX,NYM
2007-10-16,63.25,63.650001525878906,62.619998931884766,63.45000076293945,63.45000076293945,12707.0,CT=F,USX,NYM
2007-10-17,63.45000076293945,63.900001525878906,63.25,63.560001373291016,63.560001373291016,7317.0,CT=F,USX,NYM
2007-10-18,63.650001525878906,65.31999969482422,63.400001525878906,65.1500015258789,65.1500015258789,19929.0,CT=F,USX,NYM
2007-10-19,65.1500015258789,65.5199966430664,64.51000213623047,65.4000015258789,65.4000015258789,11846.0,CT=F,USX,NYM
2007-10-22,65.25,65.25,64.0999984741211,64.87000274658203,64.87000274658203,16986.0,CT=F,USX,NYM
2007-10-23,65.0,65.63999938964844,64.58000183105469,65.26000213623047,65.26000213623047,10530.0,CT=F,USX,NYM
2007-10-24,65.26000213623047,65.6500015258789,63.75,63.81999969482422,63.81999969482422,17198.0,CT=F,USX,NYM
2007-10-25,63.75,64.75,63.45000076293945,64.38999938964844,64.38999938964844,13890.0,CT=F,USX,NYM
2007-10-26,64.66999816894531,65.20999908447266,64.0,64.62999725341797,64.62999725341797,19334.0,CT=F,USX,NYM
2007-10-29,64.88999938964844,65.12000274658203,64.44999694824219,64.7699966430664,64.7699966430664,10745.0,CT=F,USX,NYM
2007-10-30,64.66999816894531,64.7699966430664,63.58000183105469,63.869998931884766,63.869998931884766,20034.0,CT=F,USX,NYM
2007-10-31,64.0,64.3499984741211,63.79999923706055,64.08000183105469,64.08000183105469,12359.0,CT=F,USX,NYM
2007-11-01,64.08000183105469,64.29000091552734,63.349998474121094,63.7400016784668,63.7400016784668,17155.0,CT=F,USX,NYM
2007-11-02,63.869998931884766,64.5999984741211,63.45000076293945,64.30999755859375,64.30999755859375,14868.0,CT=F,USX,NYM
2007-11-05,64.05999755859375,64.33999633789062,63.599998474121094,64.0199966430664,64.0199966430664,14093.0,CT=F,USX,NYM
2007-11-06,63.880001068115234,65.30000305175781,63.849998474121094,65.16999816894531,65.16999816894531,23074.0,CT=F,USX,NYM
2007-11-07,65.30000305175781,65.86000061035156,64.8499984741211,65.06999969482422,65.06999969482422,28536.0,CT=F,USX,NYM
2007-11-08,65.06999969482422,65.41000366210938,64.5999984741211,64.69000244140625,64.69000244140625,22837.0,CT=F,USX,NYM
2007-11-09,64.88999938964844,64.9800033569336,63.95000076293945,64.63999938964844,64.63999938964844,25143.0,CT=F,USX,NYM
2007-11-12,64.7699966430664,64.7699966430664,63.0099983215332,63.119998931884766,63.119998931884766,30552.0,CT=F,USX,NYM
2007-11-13,63.150001525878906,63.45000076293945,63.040000915527344,63.13999938964844,63.13999938964844,31623.0,CT=F,USX,NYM
2007-11-14,63.15999984741211,63.75,63.040000915527344,63.150001525878906,63.150001525878906,14367.0,CT=F,USX,NYM
2007-11-15,63.13999938964844,63.189998626708984,61.630001068115234,61.70000076293945,61.70000076293945,27712.0,CT=F,USX,NYM
2007-11-16,61.79999923706055,62.25,60.61000061035156,60.900001525878906,60.900001525878906,18067.0,CT=F,USX,NYM
2007-11-19,60.900001525878906,61.279998779296875,60.0,60.029998779296875,60.029998779296875,13328.0,CT=F,USX,NYM
2007-11-20,60.029998779296875,60.349998474121094,59.560001373291016,60.060001373291016,60.060001373291016,12213.0,CT=F,USX,NYM
2007-11-21,60.060001373291016,60.45000076293945,59.5,60.06999969482422,60.06999969482422,10384.0,CT=F,USX,NYM
2007-11-26,60.060001373291016,60.060001373291016,58.560001373291016,58.61000061035156,58.61000061035156,1808.0,CT=F,USX,NYM
2007-11-27,58.61000061035156,60.20000076293945,58.0,58.369998931884766,58.369998931884766,352.0,CT=F,USX,NYM
2007-11-28,59.25,60.349998474121094,59.08000183105469,59.93000030517578,59.93000030517578,213.0,CT=F,USX,NYM
2007-11-29,60.400001525878906,60.400001525878906,59.099998474121094,59.38999938964844,59.38999938964844,50.0,CT=F,USX,NYM
2007-11-30,58.900001525878906,59.720001220703125,58.20000076293945,58.20000076293945,58.20000076293945,107.0,CT=F,USX,NYM
2007-12-03,58.099998474121094,59.0,58.099998474121094,58.2400016784668,58.2400016784668,71.0,CT=F,USX,NYM
2007-12-04,58.349998474121094,59.0,58.20000076293945,58.349998474121094,58.349998474121094,12.0,CT=F,USX,NYM
2007-12-05,58.75,58.900001525878906,58.099998474121094,58.099998474121094,58.099998474121094,29.0,CT=F,USX,NYM
2007-12-06,58.29999923706055,58.900001525878906,57.20000076293945,58.099998474121094,58.099998474121094,10748.0,CT=F,USX,NYM
2007-12-07,63.810001373291016,64.79000091552734,63.79999923706055,64.55000305175781,64.55000305175781,10733.0,CT=F,USX,NYM
2007-12-10,64.5999984741211,65.25,64.45999908447266,64.69999694824219,64.69999694824219,11663.0,CT=F,USX,NYM
2007-12-11,64.69000244140625,64.75,63.91999816894531,64.12999725341797,64.12999725341797,9767.0,CT=F,USX,NYM
2007-12-12,64.12999725341797,65.5,63.900001525878906,65.25,65.25,17272.0,CT=F,USX,NYM
2007-12-13,65.19999694824219,65.5,64.5999984741211,64.91000366210938,64.91000366210938,9543.0,CT=F,USX,NYM
2007-12-14,64.91000366210938,65.9000015258789,64.55000305175781,65.8499984741211,65.8499984741211,14128.0,CT=F,USX,NYM
2007-12-17,65.8499984741211,66.0999984741211,65.25,65.6500015258789,65.6500015258789,12852.0,CT=F,USX,NYM
2007-12-18,65.4000015258789,66.0,65.4000015258789,65.72000122070312,65.72000122070312,6285.0,CT=F,USX,NYM
2007-12-19,65.72000122070312,66.44999694824219,65.66000366210938,66.2699966430664,66.2699966430664,16203.0,CT=F,USX,NYM
2007-12-20,66.2699966430664,66.58000183105469,66.0199966430664,66.16999816894531,66.16999816894531,10830.0,CT=F,USX,NYM
2007-12-21,66.16999816894531,66.66000366210938,65.97000122070312,66.58000183105469,66.58000183105469,10593.0,CT=F,USX,NYM
2007-12-26,66.5,67.13999938964844,66.3499984741211,67.12000274658203,67.12000274658203,12080.0,CT=F,USX,NYM
2007-12-27,67.12000274658203,67.79000091552734,67.12000274658203,67.77999877929688,67.77999877929688,19544.0,CT=F,USX,NYM
2007-12-28,67.77999877929688,68.08000183105469,67.55000305175781,67.88999938964844,67.88999938964844,12869.0,CT=F,USX,NYM
2007-12-31,67.88999938964844,68.0999984741211,67.3499984741211,68.01000213623047,68.01000213623047,11205.0,CT=F,USX,NYM
2008-01-02,68.01000213623047,68.9800033569336,67.7300033569336,68.87999725341797,68.87999725341797,26373.0,CT=F,USX,NYM
2008-01-03,68.88999938964844,69.05000305175781,68.12000274658203,68.70999908447266,68.70999908447266,15813.0,CT=F,USX,NYM
2008-01-04,68.69999694824219,68.70999908447266,67.75,68.69000244140625,68.69000244140625,15281.0,CT=F,USX,NYM
2008-01-07,68.69000244140625,69.0,68.3499984741211,68.94999694824219,68.94999694824219,10234.0,CT=F,USX,NYM
2008-01-08,68.94999694824219,69.6500015258789,68.62000274658203,69.43000030517578,69.43000030517578,23815.0,CT=F,USX,NYM
2008-01-09,69.43000030517578,69.8499984741211,68.62000274658203,69.0199966430664,69.0199966430664,15260.0,CT=F,USX,NYM
2008-01-10,68.94999694824219,68.94999694824219,66.66000366210938,66.95999908447266,66.95999908447266,32272.0,CT=F,USX,NYM
2008-01-11,66.66000366210938,69.95999908447266,66.66000366210938,69.95999908447266,69.95999908447266,34848.0,CT=F,USX,NYM
2008-01-14,70.18000030517578,72.95999908447266,70.04000091552734,71.19999694824219,71.19999694824219,35964.0,CT=F,USX,NYM
2008-01-15,71.19999694824219,72.37999725341797,71.01000213623047,71.69000244140625,71.69000244140625,33079.0,CT=F,USX,NYM
2008-01-16,71.58000183105469,71.70999908447266,70.1500015258789,71.30999755859375,71.30999755859375,25449.0,CT=F,USX,NYM
2008-01-17,71.30999755859375,72.58999633789062,71.0999984741211,71.91999816894531,71.91999816894531,19141.0,CT=F,USX,NYM
2008-01-18,71.91999816894531,71.91999816894531,70.37999725341797,70.7300033569336,70.7300033569336,13723.0,CT=F,USX,NYM
2008-01-22,70.0,70.23999786376953,67.95999908447266,69.83000183105469,69.83000183105469,19773.0,CT=F,USX,NYM
2008-01-23,69.83000183105469,70.16000366210938,66.83000183105469,66.83000183105469,66.83000183105469,36349.0,CT=F,USX,NYM
2008-01-24,67.05000305175781,68.55000305175781,67.05000305175781,68.38999938964844,68.38999938964844,25616.0,CT=F,USX,NYM
2008-01-25,68.38999938964844,68.9000015258789,67.55999755859375,67.88999938964844,67.88999938964844,14619.0,CT=F,USX,NYM
2008-01-28,67.88999938964844,68.68000030517578,67.33000183105469,68.30000305175781,68.30000305175781,12979.0,CT=F,USX,NYM
2008-01-29,68.41999816894531,68.88999938964844,67.8499984741211,68.23999786376953,68.23999786376953,13632.0,CT=F,USX,NYM
2008-01-30,68.12000274658203,68.88999938964844,67.69999694824219,68.55999755859375,68.55999755859375,14426.0,CT=F,USX,NYM
2008-01-31,68.5,68.69999694824219,67.2300033569336,67.79000091552734,67.79000091552734,24109.0,CT=F,USX,NYM
2008-02-01,67.8499984741211,68.4000015258789,67.8499984741211,68.16000366210938,68.16000366210938,17210.0,CT=F,USX,NYM
2008-02-04,68.19999694824219,68.94999694824219,68.06999969482422,68.87000274658203,68.87000274658203,15954.0,CT=F,USX,NYM
2008-02-05,68.87999725341797,68.93000030517578,67.8499984741211,68.0999984741211,68.0999984741211,14514.0,CT=F,USX,NYM
2008-02-06,68.1500015258789,69.9000015258789,68.0999984741211,68.66999816894531,68.66999816894531,27125.0,CT=F,USX,NYM
2008-02-07,68.6500015258789,68.88999938964844,68.0,68.41000366210938,68.41000366210938,23928.0,CT=F,USX,NYM
2008-02-08,68.69999694824219,69.44999694824219,68.2300033569336,69.08999633789062,69.08999633789062,28820.0,CT=F,USX,NYM
2008-02-11,68.95999908447266,69.13999938964844,66.3499984741211,67.16000366210938,67.16000366210938,40120.0,CT=F,USX,NYM
2008-02-12,67.5,67.55000305175781,66.62999725341797,67.0199966430664,67.0199966430664,21235.0,CT=F,USX,NYM
2008-02-13,66.80000305175781,67.37000274658203,66.69999694824219,66.91000366210938,66.91000366210938,16992.0,CT=F,USX,NYM
2008-02-14,67.0999984741211,69.91000366210938,67.0,69.91000366210938,69.91000366210938,28114.0,CT=F,USX,NYM
2008-02-15,70.0,71.63999938964844,68.55000305175781,68.81999969482422,68.81999969482422,36555.0,CT=F,USX,NYM
2008-02-19,68.80000305175781,70.19999694824219,68.80000305175781,69.44000244140625,69.44000244140625,15405.0,CT=F,USX,NYM
2008-02-20,69.3499984741211,70.5,68.41999816894531,70.2300033569336,70.2300033569336,10445.0,CT=F,USX,NYM
2008-02-21,70.4000015258789,73.2300033569336,70.2300033569336,73.2300033569336,73.2300033569336,8368.0,CT=F,USX,NYM
2008-02-22,75.4000015258789,76.2300033569336,74.5,75.62000274658203,75.62000274658203,11467.0,CT=F,USX,NYM
2008-02-25,75.5199966430664,78.5,74.62000274658203,77.5999984741211,77.5999984741211,672.0,CT=F,USX,NYM
2008-02-26,78.0,79.63999938964844,76.3499984741211,78.47000122070312,78.47000122070312,833.0,CT=F,USX,NYM
2008-02-27,78.16000366210938,78.77999877929688,76.27999877929688,76.8499984741211,76.8499984741211,486.0,CT=F,USX,NYM
2008-02-28,76.23999786376953,78.5999984741211,76.23999786376953,78.12999725341797,78.12999725341797,130.0,CT=F,USX,NYM
2008-02-29,78.4000015258789,80.0,78.4000015258789,79.66000366210938,79.66000366210938,462.0,CT=F,USX,NYM
2008-03-03,86.87999725341797,88.0,86.87999725341797,86.87999725341797,86.87999725341797,24.0,CT=F,USX,NYM
2008-03-04,88.86000061035156,91.37999725341797,86.0,89.0,89.0,176.0,CT=F,USX,NYM
2008-03-05,89.1500015258789,89.5,89.0999984741211,87.25,87.25,12.0,CT=F,USX,NYM
2008-03-06,86.0,86.0,85.0,81.68000030517578,81.68000030517578,15672.0,CT=F,USX,NYM
2008-03-07,83.55000305175781,83.55000305175781,81.27999877929688,81.27999877929688,81.27999877929688,9816.0,CT=F,USX,NYM
2008-03-10,78.22000122070312,78.22000122070312,77.27999877929688,77.27999877929688,77.27999877929688,13023.0,CT=F,USX,NYM
2008-03-11,76.8499984741211,81.27999877929688,76.51000213623047,81.27999877929688,81.27999877929688,20870.0,CT=F,USX,NYM
2008-03-12,82.0,83.75,77.27999877929688,82.05999755859375,82.05999755859375,27658.0,CT=F,USX,NYM
2008-03-13,81.98999786376953,83.1500015258789,80.5199966430664,80.80999755859375,80.80999755859375,12626.0,CT=F,USX,NYM
2008-03-14,81.0,81.55000305175781,78.16000366210938,79.30000305175781,79.30000305175781,13651.0,CT=F,USX,NYM
2008-03-17,79.05000305175781,79.05000305175781,75.30000305175781,75.30000305175781,75.30000305175781,13713.0,CT=F,USX,NYM
2008-03-18,74.30000305175781,76.5999984741211,73.25,75.0199966430664,75.0199966430664,20879.0,CT=F,USX,NYM
2008-03-19,75.0199966430664,76.22000122070312,72.0199966430664,72.0199966430664,72.0199966430664,21333.0,CT=F,USX,NYM
2008-03-20,71.58999633789062,74.98999786376953,69.0199966430664,71.0199966430664,71.0199966430664,31607.0,CT=F,USX,NYM
2008-03-24,71.87999725341797,73.63999938964844,71.62000274658203,73.05000305175781,73.05000305175781,13866.0,CT=F,USX,NYM
2008-03-25,73.58999633789062,74.95999908447266,73.16999816894531,74.12999725341797,74.12999725341797,20485.0,CT=F,USX,NYM
2008-03-26,74.68000030517578,75.37999725341797,73.05999755859375,73.79000091552734,73.79000091552734,11026.0,CT=F,USX,NYM
2008-03-27,73.36000061035156,74.68000030517578,72.52999877929688,72.9000015258789,72.9000015258789,8461.0,CT=F,USX,NYM
2008-03-28,72.69999694824219,73.3499984741211,71.27999877929688,71.68000030517578,71.68000030517578,11784.0,CT=F,USX,NYM
2008-03-31,72.0,72.97000122070312,69.08000183105469,69.33999633789062,69.33999633789062,22342.0,CT=F,USX,NYM
2008-04-01,69.80000305175781,71.77999877929688,67.30999755859375,70.44999694824219,70.44999694824219,40495.0,CT=F,USX,NYM
2008-04-02,70.44999694824219,71.01000213623047,69.55999755859375,70.18000030517578,70.18000030517578,10885.0,CT=F,USX,NYM
2008-04-03,70.18000030517578,70.87999725341797,70.02999877929688,70.41000366210938,70.41000366210938,8828.0,CT=F,USX,NYM
2008-04-04,70.5,71.16000366210938,69.83000183105469,70.86000061035156,70.86000061035156,9195.0,CT=F,USX,NYM
2008-04-07,70.9000015258789,73.3499984741211,70.5,72.80000305175781,72.80000305175781,18827.0,CT=F,USX,NYM
2008-04-08,72.73999786376953,72.75,71.55999755859375,71.94000244140625,71.94000244140625,13611.0,CT=F,USX,NYM
2008-04-09,71.9000015258789,74.25,71.80000305175781,73.8499984741211,73.8499984741211,18360.0,CT=F,USX,NYM
2008-04-10,73.8499984741211,75.7300033569336,73.13999938964844,74.75,74.75,22420.0,CT=F,USX,NYM
2008-04-11,74.75,74.7699966430664,73.6500015258789,74.16000366210938,74.16000366210938,20950.0,CT=F,USX,NYM
2008-04-14,73.80000305175781,74.41000366210938,73.06999969482422,74.0199966430664,74.0199966430664,15299.0,CT=F,USX,NYM
2008-04-15,74.3499984741211,75.44999694824219,74.23999786376953,75.2300033569336,75.2300033569336,8874.0,CT=F,USX,NYM
2008-04-16,75.30000305175781,78.94999694824219,73.25,73.54000091552734,73.54000091552734,11487.0,CT=F,USX,NYM
2008-04-17,73.33000183105469,74.23999786376953,71.0999984741211,71.75,71.75,3515.0,CT=F,USX,NYM
2008-04-18,72.19999694824219,72.29000091552734,70.20999908447266,70.87999725341797,70.87999725341797,3767.0,CT=F,USX,NYM
2008-04-21,70.80000305175781,71.26000213623047,69.16999816894531,69.43000030517578,69.43000030517578,10591.0,CT=F,USX,NYM
2008-04-22,69.5,71.08999633789062,69.47000122070312,70.80000305175781,70.80000305175781,4460.0,CT=F,USX,NYM
2008-04-23,70.8499984741211,71.55999755859375,69.5999984741211,70.79000091552734,70.79000091552734,3155.0,CT=F,USX,NYM
2008-04-24,71.44999694824219,71.44999694824219,67.58000183105469,68.62000274658203,68.62000274658203,350.0,CT=F,USX,NYM
2008-04-25,68.16000366210938,70.06999969482422,68.0999984741211,68.45999908447266,68.45999908447266,178.0,CT=F,USX,NYM
2008-04-28,69.91999816894531,70.05000305175781,69.16000366210938,69.12999725341797,69.12999725341797,93.0,CT=F,USX,NYM
2008-04-29,69.08000183105469,69.12999725341797,67.94999694824219,68.18000030517578,68.18000030517578,6.0,CT=F,USX,NYM
2008-04-30,68.5999984741211,68.69999694824219,68.26000213623047,68.73999786376953,68.73999786376953,13.0,CT=F,USX,NYM
2008-05-01,67.5,68.0,66.5,66.94999694824219,66.94999694824219,448.0,CT=F,USX,NYM
2008-05-02,67.08000183105469,67.52999877929688,67.08000183105469,67.05000305175781,67.05000305175781,50.0,CT=F,USX,NYM
2008-05-05,66.79000091552734,66.79000091552734,66.79000091552734,66.79000091552734,66.79000091552734,1000.0,CT=F,USX,NYM
2008-05-06,67.5999984741211,68.4000015258789,67.5999984741211,68.11000061035156,68.11000061035156,10.0,CT=F,USX,NYM
2008-05-07,66.16999816894531,67.94999694824219,66.16999816894531,67.87999725341797,67.87999725341797,7215.0,CT=F,USX,NYM
2008-05-08,70.37000274658203,71.13999938964844,70.05000305175781,70.8499984741211,70.8499984741211,13023.0,CT=F,USX,NYM
2008-05-09,70.8499984741211,72.25,70.54000091552734,71.55000305175781,71.55000305175781,13023.0,CT=F,USX,NYM
2008-05-12,71.69999694824219,71.95999908447266,70.19999694824219,71.80999755859375,71.80999755859375,11660.0,CT=F,USX,NYM
2008-05-13,72.0,72.0,70.80000305175781,70.9000015258789,70.9000015258789,6784.0,CT=F,USX,NYM
2008-05-14,70.9000015258789,71.19999694824219,69.75,69.98999786376953,69.98999786376953,9713.0,CT=F,USX,NYM
2008-05-15,70.0,70.4000015258789,69.55000305175781,70.12999725341797,70.12999725341797,7095.0,CT=F,USX,NYM
2008-05-16,70.5,72.4000015258789,70.26000213623047,71.95999908447266,71.95999908447266,13328.0,CT=F,USX,NYM
2008-05-19,71.91999816894531,71.95999908447266,70.23999786376953,71.80999755859375,71.80999755859375,9259.0,CT=F,USX,NYM
2008-05-20,71.83999633789062,72.69000244140625,70.6500015258789,70.7699966430664,70.7699966430664,18517.0,CT=F,USX,NYM
2008-05-21,70.7699966430664,71.55000305175781,70.5,70.9800033569336,70.9800033569336,6959.0,CT=F,USX,NYM
2008-05-22,70.9800033569336,71.75,69.76000213623047,69.98999786376953,69.98999786376953,16828.0,CT=F,USX,NYM
2008-05-23,70.0,70.44999694824219,67.8499984741211,69.20999908447266,69.20999908447266,20710.0,CT=F,USX,NYM
2008-05-27,69.25,69.6500015258789,66.20999908447266,66.25,66.25,20942.0,CT=F,USX,NYM
2008-05-28,66.44999694824219,67.19999694824219,65.11000061035156,66.48999786376953,66.48999786376953,13745.0,CT=F,USX,NYM
2008-05-29,66.48999786376953,66.6500015258789,65.76000213623047,65.98999786376953,65.98999786376953,12321.0,CT=F,USX,NYM
2008-05-30,66.25,66.33000183105469,65.54000091552734,65.73999786376953,65.73999786376953,12447.0,CT=F,USX,NYM
2008-06-02,65.75,66.76000213623047,64.8499984741211,65.44000244140625,65.44000244140625,18468.0,CT=F,USX,NYM
2008-06-03,64.8499984741211,65.01000213623047,63.099998474121094,64.20999908447266,64.20999908447266,22556.0,CT=F,USX,NYM
2008-06-04,64.20999908447266,64.38999938964844,63.290000915527344,64.31999969482422,64.31999969482422,11312.0,CT=F,USX,NYM
2008-06-05,64.3499984741211,65.37000274658203,63.709999084472656,64.6500015258789,64.6500015258789,11445.0,CT=F,USX,NYM
2008-06-06,64.91999816894531,67.38999938964844,64.55999755859375,66.5199966430664,66.5199966430664,16460.0,CT=F,USX,NYM
2008-06-09,66.75,67.93000030517578,65.5,66.0,66.0,13254.0,CT=F,USX,NYM
2008-06-10,66.0,66.9000015258789,65.51000213623047,66.25,66.25,14366.0,CT=F,USX,NYM
2008-06-11,66.68000030517578,69.25,66.20999908447266,69.25,69.25,15751.0,CT=F,USX,NYM
2008-06-12,69.4000015258789,70.20999908447266,68.6500015258789,69.63999938964844,69.63999938964844,17012.0,CT=F,USX,NYM
2008-06-13,69.69999694824219,72.4000015258789,69.41000366210938,71.62999725341797,71.62999725341797,31456.0,CT=F,USX,NYM
2008-06-16,71.87999725341797,74.62999725341797,71.87999725341797,74.62000274658203,74.62000274658203,8205.0,CT=F,USX,NYM
2008-06-17,74.26000213623047,76.19999694824219,72.5999984741211,72.80999755859375,72.80999755859375,6086.0,CT=F,USX,NYM
2008-06-18,72.80000305175781,73.9800033569336,72.06999969482422,73.81999969482422,73.81999969482422,3587.0,CT=F,USX,NYM
2008-06-19,73.80000305175781,74.0999984741211,70.31999969482422,71.44000244140625,71.44000244140625,4323.0,CT=F,USX,NYM
2008-06-20,70.7699966430664,72.9000015258789,70.0,71.66999816894531,71.66999816894531,2381.0,CT=F,USX,NYM
2008-06-23,71.66999816894531,71.79000091552734,70.5,70.87999725341797,70.87999725341797,2767.0,CT=F,USX,NYM
2008-06-24,71.05000305175781,72.80000305175781,71.02999877929688,72.19000244140625,72.19000244140625,399.0,CT=F,USX,NYM
2008-06-25,72.43000030517578,73.94000244140625,71.80000305175781,72.9800033569336,72.9800033569336,488.0,CT=F,USX,NYM
2008-06-26,72.81999969482422,74.25,72.81999969482422,74.08999633789062,74.08999633789062,109.0,CT=F,USX,NYM
2008-06-27,74.9000015258789,74.9000015258789,73.5,73.41000366210938,73.41000366210938,33.0,CT=F,USX,NYM
2008-06-30,73.0,73.0,70.80999755859375,71.4000015258789,71.4000015258789,59.0,CT=F,USX,NYM
2008-07-01,71.45999908447266,71.45999908447266,68.33000183105469,68.77999877929688,68.77999877929688,35.0,CT=F,USX,NYM
2008-07-02,68.33000183105469,68.33999633789062,68.33000183105469,68.12000274658203,68.12000274658203,2.0,CT=F,USX,NYM
2008-07-03,67.51000213623047,67.51000213623047,67.30999755859375,68.0199966430664,68.0199966430664,0.0,CT=F,USX,NYM
2008-07-07,66.19999694824219,66.5,66.19999694824219,66.16000366210938,66.16000366210938,14.0,CT=F,USX,NYM
2008-07-08,65.31999969482422,66.0,64.08000183105469,64.94000244140625,64.94000244140625,63.0,CT=F,USX,NYM
2008-07-09,66.2300033569336,66.80999755859375,64.95999908447266,66.25,66.25,220.0,CT=F,USX,NYM
2008-07-10,70.75,70.7699966430664,69.19999694824219,70.61000061035156,70.61000061035156,209.0,CT=F,USX,NYM
2008-07-11,70.44999694824219,72.27999877929688,69.30000305175781,70.62999725341797,70.62999725341797,304.0,CT=F,USX,NYM
2008-07-14,69.80000305175781,70.22000122070312,69.0,69.13999938964844,69.13999938964844,266.0,CT=F,USX,NYM
2008-07-15,69.05999755859375,71.5,68.75,70.87999725341797,70.87999725341797,630.0,CT=F,USX,NYM
2008-07-16,70.69999694824219,71.0999984741211,69.75,70.91000366210938,70.91000366210938,111.0,CT=F,USX,NYM
2008-07-17,71.0999984741211,71.12999725341797,69.0999984741211,70.29000091552734,70.29000091552734,192.0,CT=F,USX,NYM
2008-07-18,70.22000122070312,71.18000030517578,69.70999908447266,70.3499984741211,70.3499984741211,140.0,CT=F,USX,NYM
2008-07-21,70.44999694824219,70.79000091552734,69.20999908447266,69.88999938964844,69.88999938964844,91.0,CT=F,USX,NYM
2008-07-22,69.88999938964844,70.01000213623047,68.66000366210938,68.76000213623047,68.76000213623047,269.0,CT=F,USX,NYM
2008-07-23,68.8499984741211,70.80000305175781,68.0,70.16000366210938,70.16000366210938,466.0,CT=F,USX,NYM
2008-07-24,70.29000091552734,71.23999786376953,69.94999694824219,71.04000091552734,71.04000091552734,203.0,CT=F,USX,NYM
2008-07-25,71.2300033569336,72.01000213623047,70.75,71.68000030517578,71.68000030517578,156.0,CT=F,USX,NYM
2008-07-28,71.80999755859375,72.08999633789062,71.0,71.08000183105469,71.08000183105469,127.0,CT=F,USX,NYM
2008-07-29,71.0,71.75,70.1500015258789,71.66000366210938,71.66000366210938,169.0,CT=F,USX,NYM
2008-07-30,71.66000366210938,71.77999877929688,71.29000091552734,71.4000015258789,71.4000015258789,183.0,CT=F,USX,NYM
2008-07-31,71.30999755859375,71.98999786376953,71.23999786376953,71.6500015258789,71.6500015258789,136.0,CT=F,USX,NYM
2008-08-01,71.6500015258789,72.08999633789062,68.8499984741211,69.30999755859375,69.30999755859375,466.0,CT=F,USX,NYM
2008-08-04,69.0,69.33000183105469,67.0,67.04000091552734,67.04000091552734,2189.0,CT=F,USX,NYM
2008-08-05,67.0,69.88999938964844,66.19999694824219,66.97000122070312,66.97000122070312,693.0,CT=F,USX,NYM
2008-08-06,67.16000366210938,68.0,66.97000122070312,67.45999908447266,67.45999908447266,413.0,CT=F,USX,NYM
2008-08-07,67.66999816894531,69.36000061035156,67.5,69.33000183105469,69.33000183105469,534.0,CT=F,USX,NYM
2008-08-08,69.0,69.0,67.0,67.25,67.25,495.0,CT=F,USX,NYM
2008-08-11,67.01000213623047,67.5,66.55000305175781,66.72000122070312,66.72000122070312,140.0,CT=F,USX,NYM
2008-08-12,66.94999694824219,69.5,66.94999694824219,67.27999877929688,67.27999877929688,303.0,CT=F,USX,NYM
2008-08-13,67.87000274658203,68.9000015258789,67.5999984741211,68.81999969482422,68.81999969482422,86.0,CT=F,USX,NYM
2008-08-14,68.8499984741211,68.8499984741211,66.5999984741211,67.08999633789062,67.08999633789062,97.0,CT=F,USX,NYM
2008-08-15,66.75,66.75,65.01000213623047,65.06999969482422,65.06999969482422,636.0,CT=F,USX,NYM
2008-08-18,65.0,66.0999984741211,64.9000015258789,65.16000366210938,65.16000366210938,171.0,CT=F,USX,NYM
2008-08-19,65.25,65.75,64.75,64.94999694824219,64.94999694824219,160.0,CT=F,USX,NYM
2008-08-20,65.16999816894531,65.9000015258789,64.5199966430664,65.5999984741211,65.5999984741211,215.0,CT=F,USX,NYM
2008-08-21,66.0,67.70999908447266,66.0,67.52999877929688,67.52999877929688,429.0,CT=F,USX,NYM
2008-08-22,67.80000305175781,67.80000305175781,66.77999877929688,67.41999816894531,67.41999816894531,163.0,CT=F,USX,NYM
2008-08-25,67.80000305175781,68.19999694824219,65.5999984741211,66.91000366210938,66.91000366210938,161.0,CT=F,USX,NYM
2008-08-26,66.87999725341797,67.80000305175781,66.30000305175781,67.2699966430664,67.2699966430664,77.0,CT=F,USX,NYM
2008-08-27,67.9000015258789,69.0,67.9000015258789,68.44999694824219,68.44999694824219,83.0,CT=F,USX,NYM
2008-08-28,68.18000030517578,68.69000244140625,66.5,67.16000366210938,67.16000366210938,79.0,CT=F,USX,NYM
2008-08-29,67.4800033569336,68.5,67.19999694824219,67.52999877929688,67.52999877929688,79.0,CT=F,USX,NYM
2008-09-02,67.0999984741211,68.04000091552734,65.81999969482422,67.91000366210938,67.91000366210938,191.0,CT=F,USX,NYM
2008-09-03,67.91000366210938,68.0999984741211,66.9000015258789,67.19000244140625,67.19000244140625,334.0,CT=F,USX,NYM
2008-09-04,67.23999786376953,67.63999938964844,65.5999984741211,65.9800033569336,65.9800033569336,389.0,CT=F,USX,NYM
2008-09-05,65.56999969482422,65.93000030517578,63.029998779296875,63.2599983215332,63.2599983215332,569.0,CT=F,USX,NYM
2008-09-08,63.599998474121094,64.30999755859375,63.11000061035156,63.29999923706055,63.29999923706055,162.0,CT=F,USX,NYM
2008-09-09,63.0,63.0,61.5,61.65999984741211,61.65999984741211,414.0,CT=F,USX,NYM
2008-09-10,61.13999938964844,62.45000076293945,61.13999938964844,61.68000030517578,61.68000030517578,482.0,CT=F,USX,NYM
2008-09-11,61.88999938964844,61.88999938964844,61.41999816894531,61.540000915527344,61.540000915527344,57.0,CT=F,USX,NYM
2008-09-12,62.0,63.29999923706055,61.900001525878906,62.16999816894531,62.16999816894531,186.0,CT=F,USX,NYM
2008-09-15,62.0,62.290000915527344,59.599998474121094,59.970001220703125,59.970001220703125,685.0,CT=F,USX,NYM
2008-09-16,59.7400016784668,59.7400016784668,58.099998474121094,58.31999969482422,58.31999969482422,571.0,CT=F,USX,NYM
2008-09-17,58.75,59.779998779296875,58.75,59.36000061035156,59.36000061035156,339.0,CT=F,USX,NYM
2008-09-18,59.83000183105469,60.93000030517578,57.5,58.75,58.75,219.0,CT=F,USX,NYM
2008-09-19,59.2400016784668,60.130001068115234,59.20000076293945,59.79999923706055,59.79999923706055,588.0,CT=F,USX,NYM
2008-09-22,61.0,61.900001525878906,60.459999084472656,61.56999969482422,61.56999969482422,641.0,CT=F,USX,NYM
2008-09-23,60.79999923706055,61.02000045776367,59.0,59.34000015258789,59.34000015258789,461.0,CT=F,USX,NYM
2008-09-24,58.68000030517578,58.68000030517578,58.0,58.81999969482422,58.81999969482422,19.0,CT=F,USX,NYM
2008-09-25,58.439998626708984,59.58000183105469,58.439998626708984,59.209999084472656,59.209999084472656,12.0,CT=F,USX,NYM
2008-09-26,58.63999938964844,58.63999938964844,58.060001373291016,58.060001373291016,58.060001373291016,12.0,CT=F,USX,NYM
2008-09-29,55.38999938964844,55.849998474121094,54.540000915527344,55.060001373291016,55.060001373291016,24.0,CT=F,USX,NYM
2008-09-30,55.0,55.5,54.25,55.5,55.5,8.0,CT=F,USX,NYM
2008-10-01,59.0,60.5,56.70000076293945,56.59000015258789,56.59000015258789,6.0,CT=F,USX,NYM
2008-10-02,57.0,57.0,57.0,56.689998626708984,56.689998626708984,0.0,CT=F,USX,NYM
2008-10-03,55.61000061035156,55.61000061035156,55.61000061035156,55.61000061035156,55.61000061035156,0.0,CT=F,USX,NYM
2008-10-06,54.0,54.0,54.0,52.40999984741211,52.40999984741211,5.0,CT=F,USX,NYM
2008-10-07,54.15999984741211,54.15999984741211,54.15999984741211,51.560001373291016,51.560001373291016,0.0,CT=F,USX,NYM
2008-10-08,51.58000183105469,51.58000183105469,51.58000183105469,51.58000183105469,51.58000183105469,0.0,CT=F,USX,NYM
2008-10-09,50.34000015258789,50.34000015258789,50.34000015258789,50.34000015258789,50.34000015258789,7455.0,CT=F,USX,NYM
2008-10-10,51.5,51.599998474121094,49.439998626708984,49.439998626708984,49.439998626708984,7455.0,CT=F,USX,NYM
2008-10-13,50.29999923706055,52.119998931884766,50.04999923706055,50.220001220703125,50.220001220703125,9313.0,CT=F,USX,NYM
2008-10-14,51.5,52.41999816894531,50.150001525878906,50.16999816894531,50.16999816894531,9559.0,CT=F,USX,NYM
2008-10-15,50.20000076293945,50.869998931884766,47.400001525878906,47.540000915527344,47.540000915527344,11514.0,CT=F,USX,NYM
2008-10-16,47.29999923706055,49.939998626708984,45.65999984741211,49.56999969482422,49.56999969482422,13082.0,CT=F,USX,NYM
2008-10-17,50.0,52.56999969482422,49.650001525878906,52.56999969482422,52.56999969482422,13082.0,CT=F,USX,NYM
2008-10-20,53.56999969482422,54.77000045776367,48.75,49.060001373291016,49.060001373291016,20997.0,CT=F,USX,NYM
2008-10-21,49.56999969482422,50.790000915527344,48.209999084472656,50.599998474121094,50.599998474121094,9179.0,CT=F,USX,NYM
2008-10-22,50.20000076293945,50.939998626708984,48.75,50.41999816894531,50.41999816894531,8179.0,CT=F,USX,NYM
2008-10-23,50.5,50.75,48.810001373291016,49.08000183105469,49.08000183105469,13729.0,CT=F,USX,NYM
2008-10-24,49.099998474121094,49.099998474121094,46.08000183105469,46.22999954223633,46.22999954223633,13729.0,CT=F,USX,NYM
2008-10-27,46.09000015258789,47.88999938964844,45.349998474121094,47.099998474121094,47.099998474121094,7873.0,CT=F,USX,NYM
2008-10-28,47.130001068115234,48.93000030517578,46.27000045776367,46.66999816894531,46.66999816894531,6925.0,CT=F,USX,NYM
2008-10-29,47.459999084472656,48.22999954223633,46.41999816894531,46.880001068115234,46.880001068115234,8741.0,CT=F,USX,NYM
2008-10-30,47.599998474121094,47.619998931884766,45.029998779296875,45.09000015258789,45.09000015258789,13032.0,CT=F,USX,NYM
2008-10-31,45.09000015258789,45.7400016784668,43.63999938964844,44.290000915527344,44.290000915527344,13032.0,CT=F,USX,NYM
2008-11-03,44.880001068115234,45.13999938964844,44.36000061035156,44.68000030517578,44.68000030517578,9713.0,CT=F,USX,NYM
2008-11-04,44.41999816894531,46.88999938964844,44.36000061035156,46.31999969482422,46.31999969482422,8405.0,CT=F,USX,NYM
2008-11-05,46.0,46.56999969482422,44.20000076293945,44.310001373291016,44.310001373291016,10151.0,CT=F,USX,NYM
2008-11-06,44.209999084472656,44.310001373291016,42.83000183105469,42.97999954223633,42.97999954223633,10156.0,CT=F,USX,NYM
2008-11-07,43.11000061035156,43.810001373291016,42.0,42.06999969482422,42.06999969482422,10156.0,CT=F,USX,NYM
2008-11-10,42.54999923706055,44.099998474121094,39.779998779296875,41.2400016784668,41.2400016784668,17481.0,CT=F,USX,NYM
2008-11-11,41.2400016784668,41.36000061035156,38.45000076293945,39.13999938964844,39.13999938964844,14226.0,CT=F,USX,NYM
2008-11-12,39.68000030517578,39.90999984741211,36.70000076293945,39.45000076293945,39.45000076293945,15946.0,CT=F,USX,NYM
2008-11-13,39.099998474121094,42.45000076293945,38.61000061035156,41.29999923706055,41.29999923706055,20383.0,CT=F,USX,NYM
2008-11-14,41.18000030517578,43.150001525878906,41.0099983215332,41.029998779296875,41.029998779296875,20383.0,CT=F,USX,NYM
2008-11-17,41.029998779296875,42.08000183105469,39.150001525878906,39.369998931884766,39.369998931884766,5666.0,CT=F,USX,NYM
2008-11-18,39.70000076293945,40.0,38.75,39.38999938964844,39.38999938964844,3232.0,CT=F,USX,NYM
2008-11-19,39.20000076293945,41.720001220703125,38.709999084472656,40.810001373291016,40.810001373291016,4424.0,CT=F,USX,NYM
2008-11-20,40.5,40.77000045776367,39.0099983215332,39.63999938964844,39.63999938964844,3719.0,CT=F,USX,NYM
2008-11-21,39.349998474121094,41.95000076293945,39.349998474121094,40.9900016784668,40.9900016784668,3719.0,CT=F,USX,NYM
2008-11-24,41.47999954223633,44.29999923706055,41.47999954223633,44.29999923706055,44.29999923706055,397.0,CT=F,USX,NYM
2008-11-25,44.5099983215332,45.0099983215332,42.0,42.369998931884766,42.369998931884766,463.0,CT=F,USX,NYM
2008-11-26,43.130001068115234,45.310001373291016,42.70000076293945,46.150001525878906,46.150001525878906,463.0,CT=F,USX,NYM
2008-11-28,45.529998779296875,46.619998931884766,44.77000045776367,45.75,45.75,463.0,CT=F,USX,NYM
2008-12-01,46.0,46.0,43.5,45.11000061035156,45.11000061035156,60.0,CT=F,USX,NYM
2008-12-02,45.41999816894531,46.0,44.79999923706055,45.060001373291016,45.060001373291016,0.0,CT=F,USX,NYM
2008-12-03,45.099998474121094,45.099998474121094,45.099998474121094,45.099998474121094,45.099998474121094,4.0,CT=F,USX,NYM
2008-12-04,45.5,45.52000045776367,43.0,41.65999984741211,41.65999984741211,14.0,CT=F,USX,NYM
2008-12-05,42.689998626708984,42.779998779296875,39.099998474121094,39.33000183105469,39.33000183105469,0.0,CT=F,USX,NYM
2008-12-08,42.189998626708984,42.189998626708984,42.189998626708984,42.189998626708984,42.189998626708984,6720.0,CT=F,USX,NYM
2008-12-09,44.29999923706055,45.130001068115234,42.84000015258789,42.95000076293945,42.95000076293945,5070.0,CT=F,USX,NYM
2008-12-10,43.400001525878906,44.9900016784668,43.29999923706055,43.66999816894531,43.66999816894531,7500.0,CT=F,USX,NYM
2008-12-11,43.75,44.9900016784668,43.75,44.459999084472656,44.459999084472656,4920.0,CT=F,USX,NYM
2008-12-12,43.79999923706055,44.380001068115234,42.7599983215332,43.43000030517578,43.43000030517578,4920.0,CT=F,USX,NYM
2008-12-15,43.79999923706055,44.79999923706055,43.43000030517578,44.15999984741211,44.15999984741211,4902.0,CT=F,USX,NYM
2008-12-16,44.15999984741211,44.650001525878906,43.900001525878906,44.13999938964844,44.13999938964844,4319.0,CT=F,USX,NYM
2008-12-17,44.099998474121094,46.33000183105469,44.06999969482422,45.959999084472656,45.959999084472656,7616.0,CT=F,USX,NYM
2008-12-18,45.75,47.13999938964844,44.7599983215332,45.279998779296875,45.279998779296875,6869.0,CT=F,USX,NYM
2008-12-19,45.2400016784668,45.5,44.209999084472656,45.22999954223633,45.22999954223633,6869.0,CT=F,USX,NYM
2008-12-22,45.45000076293945,46.45000076293945,45.2599983215332,45.88999938964844,45.88999938964844,3246.0,CT=F,USX,NYM
2008-12-23,45.79999923706055,46.18000030517578,45.40999984741211,46.02000045776367,46.02000045776367,2681.0,CT=F,USX,NYM
2008-12-24,46.029998779296875,46.5,45.900001525878906,46.36000061035156,46.36000061035156,2681.0,CT=F,USX,NYM
2008-12-26,46.36000061035156,46.45000076293945,45.5,46.18000030517578,46.18000030517578,2681.0,CT=F,USX,NYM
2008-12-29,46.29999923706055,47.040000915527344,46.040000915527344,46.25,46.25,3284.0,CT=F,USX,NYM
2008-12-30,46.70000076293945,48.38999938964844,46.2599983215332,47.970001220703125,47.970001220703125,6239.0,CT=F,USX,NYM
2008-12-31,48.22999954223633,49.29999923706055,47.810001373291016,49.02000045776367,49.02000045776367,6239.0,CT=F,USX,NYM
2009-01-02,49.25,49.439998626708984,46.040000915527344,48.90999984741211,48.90999984741211,6239.0,CT=F,USX,NYM
2009-01-05,48.08000183105469,48.900001525878906,46.900001525878906,48.310001373291016,48.310001373291016,7940.0,CT=F,USX,NYM
2009-01-06,48.349998474121094,50.34000015258789,48.349998474121094,50.279998779296875,50.279998779296875,12435.0,CT=F,USX,NYM
2009-01-07,50.150001525878906,50.22999954223633,49.099998474121094,49.61000061035156,49.61000061035156,7341.0,CT=F,USX,NYM
2009-01-08,49.58000183105469,50.599998474121094,48.689998626708984,50.41999816894531,50.41999816894531,8103.0,CT=F,USX,NYM
2009-01-09,50.66999816894531,50.900001525878906,49.18000030517578,49.31999969482422,49.31999969482422,8103.0,CT=F,USX,NYM
2009-01-12,49.16999816894531,49.97999954223633,46.58000183105469,46.66999816894531,46.66999816894531,13163.0,CT=F,USX,NYM
2009-01-13,46.75,47.349998474121094,46.150001525878906,46.22999954223633,46.22999954223633,7938.0,CT=F,USX,NYM
2009-01-14,46.369998931884766,47.11000061035156,45.58000183105469,46.0,46.0,7224.0,CT=F,USX,NYM
2009-01-15,45.970001220703125,49.0,45.619998931884766,48.529998779296875,48.529998779296875,10771.0,CT=F,USX,NYM
2009-01-16,48.5,49.77000045776367,47.650001525878906,49.0,49.0,10771.0,CT=F,USX,NYM
2009-01-20,49.25,49.25,46.7599983215332,46.810001373291016,46.810001373291016,6419.0,CT=F,USX,NYM
2009-01-21,47.099998474121094,47.720001220703125,46.650001525878906,47.22999954223633,47.22999954223633,6311.0,CT=F,USX,NYM
2009-01-22,47.709999084472656,49.13999938964844,47.119998931884766,48.93000030517578,48.93000030517578,6676.0,CT=F,USX,NYM
2009-01-23,48.900001525878906,51.54999923706055,48.88999938964844,50.63999938964844,50.63999938964844,6676.0,CT=F,USX,NYM
2009-01-26,50.5099983215332,52.20000076293945,50.310001373291016,52.06999969482422,52.06999969482422,11313.0,CT=F,USX,NYM
2009-01-27,52.0099983215332,52.400001525878906,50.90999984741211,51.349998474121094,51.349998474121094,7590.0,CT=F,USX,NYM
2009-01-28,51.400001525878906,51.70000076293945,50.439998626708984,51.06999969482422,51.06999969482422,6049.0,CT=F,USX,NYM
2009-01-29,51.099998474121094,51.20000076293945,49.77000045776367,50.06999969482422,50.06999969482422,10630.0,CT=F,USX,NYM
2009-01-30,50.0,50.29999923706055,49.369998931884766,49.40999984741211,49.40999984741211,10630.0,CT=F,USX,NYM
2009-02-02,49.31999969482422,50.20000076293945,48.689998626708984,49.709999084472656,49.709999084472656,8333.0,CT=F,USX,NYM
2009-02-03,49.529998779296875,49.95000076293945,48.75,49.380001068115234,49.380001068115234,6611.0,CT=F,USX,NYM
2009-02-04,49.29999923706055,50.099998474121094,49.02000045776367,49.66999816894531,49.66999816894531,7134.0,CT=F,USX,NYM
2009-02-05,49.900001525878906,50.08000183105469,49.45000076293945,49.709999084472656,49.709999084472656,7685.0,CT=F,USX,NYM
2009-02-06,49.970001220703125,50.45000076293945,49.470001220703125,49.86000061035156,49.86000061035156,7685.0,CT=F,USX,NYM
2009-02-09,49.79999923706055,50.34000015258789,49.689998626708984,49.97999954223633,49.97999954223633,8051.0,CT=F,USX,NYM
2009-02-10,50.0,50.209999084472656,46.97999954223633,46.97999954223633,46.97999954223633,18708.0,CT=F,USX,NYM
2009-02-11,46.709999084472656,46.959999084472656,45.75,45.83000183105469,45.83000183105469,13556.0,CT=F,USX,NYM
2009-02-12,45.91999816894531,46.4900016784668,45.0,45.029998779296875,45.029998779296875,13620.0,CT=F,USX,NYM
2009-02-13,45.08000183105469,45.400001525878906,44.0,44.029998779296875,44.029998779296875,13620.0,CT=F,USX,NYM
2009-02-17,44.029998779296875,44.79999923706055,43.099998474121094,43.529998779296875,43.529998779296875,4373.0,CT=F,USX,NYM
2009-02-18,44.0,44.279998779296875,43.36000061035156,43.88999938964844,43.88999938964844,2359.0,CT=F,USX,NYM
2009-02-19,43.93000030517578,44.130001068115234,43.06999969482422,43.41999816894531,43.41999816894531,2803.0,CT=F,USX,NYM
2009-02-20,43.45000076293945,43.900001525878906,42.599998474121094,43.029998779296875,43.029998779296875,2803.0,CT=F,USX,NYM
2009-02-23,43.029998779296875,44.2400016784668,42.52000045776367,42.65999984741211,42.65999984741211,306.0,CT=F,USX,NYM
2009-02-24,42.790000915527344,42.91999816894531,42.52000045776367,42.779998779296875,42.779998779296875,95.0,CT=F,USX,NYM
2009-02-25,42.86000061035156,43.02000045776367,42.56999969482422,42.560001373291016,42.560001373291016,24.0,CT=F,USX,NYM
2009-02-26,43.029998779296875,43.689998626708984,42.56999969482422,43.08000183105469,43.08000183105469,30.0,CT=F,USX,NYM
2009-02-27,43.029998779296875,43.029998779296875,42.220001220703125,42.060001373291016,42.060001373291016,30.0,CT=F,USX,NYM
2009-03-02,41.25,41.38999938964844,40.880001068115234,40.290000915527344,40.290000915527344,6.0,CT=F,USX,NYM
2009-03-03,40.79999923706055,40.79999923706055,40.79999923706055,40.52000045776367,40.52000045776367,0.0,CT=F,USX,NYM
2009-03-04,40.7599983215332,40.7599983215332,40.7599983215332,40.7599983215332,40.7599983215332,0.0,CT=F,USX,NYM
2009-03-05,41.36000061035156,41.36000061035156,40.79999923706055,40.189998626708984,40.189998626708984,10.0,CT=F,USX,NYM
2009-03-06,41.040000915527344,41.5099983215332,40.970001220703125,40.2599983215332,40.2599983215332,0.0,CT=F,USX,NYM
2009-03-09,40.0099983215332,40.0099983215332,40.0099983215332,40.0099983215332,40.0099983215332,6571.0,CT=F,USX,NYM
2009-03-10,41.20000076293945,42.380001068115234,41.150001525878906,41.79999923706055,41.79999923706055,6866.0,CT=F,USX,NYM
2009-03-11,41.849998474121094,42.470001220703125,41.56999969482422,41.81999969482422,41.81999969482422,6174.0,CT=F,USX,NYM
2009-03-12,41.66999816894531,42.939998626708984,41.41999816894531,42.83000183105469,42.83000183105469,6459.0,CT=F,USX,NYM
2009-03-13,42.849998474121094,43.439998626708984,42.150001525878906,42.83000183105469,42.83000183105469,6459.0,CT=F,USX,NYM
2009-03-16,42.7599983215332,43.56999969482422,42.7599983215332,43.04999923706055,43.04999923706055,7413.0,CT=F,USX,NYM
2009-03-17,43.16999816894531,43.220001220703125,42.59000015258789,42.849998474121094,42.849998474121094,7996.0,CT=F,USX,NYM
2009-03-18,43.06999969482422,43.09000015258789,41.540000915527344,41.720001220703125,41.720001220703125,10871.0,CT=F,USX,NYM
2009-03-19,42.5,43.47999954223633,42.400001525878906,42.869998931884766,42.869998931884766,10454.0,CT=F,USX,NYM
2009-03-20,42.970001220703125,44.34000015258789,42.95000076293945,44.08000183105469,44.08000183105469,0.0,CT=F,USX,NYM
2009-03-23,44.34000015258789,45.099998474121094,44.34000015258789,45.029998779296875,45.029998779296875,8451.0,CT=F,USX,NYM
2009-03-24,44.75,45.0099983215332,43.95000076293945,44.310001373291016,44.310001373291016,6657.0,CT=F,USX,NYM
2009-03-25,44.5,44.790000915527344,43.81999969482422,44.58000183105469,44.58000183105469,4753.0,CT=F,USX,NYM
2009-03-26,44.4900016784668,44.939998626708984,43.720001220703125,43.959999084472656,43.959999084472656,9426.0,CT=F,USX,NYM
2009-03-27,43.88999938964844,44.2400016784668,43.209999084472656,43.34000015258789,43.34000015258789,9426.0,CT=F,USX,NYM
2009-03-30,43.34000015258789,44.91999816894531,43.04999923706055,44.38999938964844,44.38999938964844,9263.0,CT=F,USX,NYM
2009-03-31,44.5,46.5,44.5,46.470001220703125,46.470001220703125,23143.0,CT=F,USX,NYM
2009-04-01,46.25,46.779998779296875,45.810001373291016,46.150001525878906,46.150001525878906,13611.0,CT=F,USX,NYM
2009-04-02,46.20000076293945,46.939998626708984,45.91999816894531,46.150001525878906,46.150001525878906,9321.0,CT=F,USX,NYM
2009-04-03,46.13999938964844,47.689998626708984,45.849998474121094,47.599998474121094,47.599998474121094,9321.0,CT=F,USX,NYM
2009-04-06,47.400001525878906,47.939998626708984,46.560001373291016,47.029998779296875,47.029998779296875,8469.0,CT=F,USX,NYM
2009-04-07,47.20000076293945,47.650001525878906,46.54999923706055,47.08000183105469,47.08000183105469,10671.0,CT=F,USX,NYM
2009-04-08,47.08000183105469,48.7599983215332,46.5,48.720001220703125,48.720001220703125,16068.0,CT=F,USX,NYM
2009-04-09,48.689998626708984,49.91999816894531,48.06999969482422,48.40999984741211,48.40999984741211,16068.0,CT=F,USX,NYM
2009-04-13,48.209999084472656,48.90999984741211,46.779998779296875,48.150001525878906,48.150001525878906,8822.0,CT=F,USX,NYM
2009-04-14,48.0,48.5,47.09000015258789,47.119998931884766,47.119998931884766,7545.0,CT=F,USX,NYM
2009-04-15,47.150001525878906,48.43000030517578,47.130001068115234,48.33000183105469,48.33000183105469,6205.0,CT=F,USX,NYM
2009-04-16,48.33000183105469,49.45000076293945,47.540000915527344,49.310001373291016,49.310001373291016,5244.0,CT=F,USX,NYM
2009-04-17,49.400001525878906,50.13999938964844,49.150001525878906,49.939998626708984,49.939998626708984,5244.0,CT=F,USX,NYM
2009-04-20,49.939998626708984,49.939998626708984,47.59000015258789,47.790000915527344,47.790000915527344,4432.0,CT=F,USX,NYM
2009-04-21,47.7400016784668,50.470001220703125,47.09000015258789,49.83000183105469,49.83000183105469,2315.0,CT=F,USX,NYM
2009-04-22,48.400001525878906,49.95000076293945,48.599998474121094,49.290000915527344,49.290000915527344,1511.0,CT=F,USX,NYM
2009-04-23,48.959999084472656,52.0,48.790000915527344,51.0,51.0,994.0,CT=F,USX,NYM
2009-04-24,51.15999984741211,51.63999938964844,50.77000045776367,51.70000076293945,51.70000076293945,994.0,CT=F,USX,NYM
2009-04-27,50.61000061035156,51.9900016784668,50.41999816894531,51.970001220703125,51.970001220703125,42.0,CT=F,USX,NYM
2009-04-28,51.31999969482422,52.400001525878906,51.29999923706055,52.04999923706055,52.04999923706055,48.0,CT=F,USX,NYM
2009-04-29,52.65999984741211,53.0,52.5099983215332,52.84000015258789,52.84000015258789,24.0,CT=F,USX,NYM
2009-04-30,52.5099983215332,53.08000183105469,52.5,53.4900016784668,53.4900016784668,16.0,CT=F,USX,NYM
2009-05-01,54.380001068115234,54.91999816894531,54.08000183105469,56.52000045776367,56.52000045776367,16.0,CT=F,USX,NYM
2009-05-04,56.380001068115234,56.869998931884766,55.79999923706055,56.81999969482422,56.81999969482422,10.0,CT=F,USX,NYM
2009-05-05,56.90999984741211,58.70000076293945,56.65999984741211,57.619998931884766,57.619998931884766,39.0,CT=F,USX,NYM
2009-05-06,57.08000183105469,57.61000061035156,57.060001373291016,57.290000915527344,57.290000915527344,6154.0,CT=F,USX,NYM
2009-05-07,58.38999938964844,59.400001525878906,58.0,58.880001068115234,58.880001068115234,10409.0,CT=F,USX,NYM
2009-05-08,58.88999938964844,59.970001220703125,58.630001068115234,59.849998474121094,59.849998474121094,10409.0,CT=F,USX,NYM
2009-05-11,59.79999923706055,60.720001220703125,58.09000015258789,60.540000915527344,60.540000915527344,12353.0,CT=F,USX,NYM
2009-05-12,60.72999954223633,61.66999816894531,59.5099983215332,60.31999969482422,60.31999969482422,12429.0,CT=F,USX,NYM
2009-05-13,60.150001525878906,60.52000045776367,58.88999938964844,59.040000915527344,59.040000915527344,8323.0,CT=F,USX,NYM
2009-05-14,59.16999816894531,59.290000915527344,58.04999923706055,59.060001373291016,59.060001373291016,6941.0,CT=F,USX,NYM
2009-05-15,59.16999816894531,59.25,56.11000061035156,56.29999923706055,56.29999923706055,6941.0,CT=F,USX,NYM
2009-05-18,56.099998474121094,57.709999084472656,55.52000045776367,57.54999923706055,57.54999923706055,8961.0,CT=F,USX,NYM
2009-05-19,57.54999923706055,57.900001525878906,55.779998779296875,56.220001220703125,56.220001220703125,9148.0,CT=F,USX,NYM
2009-05-20,56.04999923706055,57.599998474121094,55.849998474121094,57.150001525878906,57.150001525878906,6082.0,CT=F,USX,NYM
2009-05-21,57.099998474121094,57.31999969482422,56.099998474121094,56.779998779296875,56.779998779296875,5788.0,CT=F,USX,NYM
2009-05-22,56.58000183105469,57.5099983215332,56.58000183105469,57.11000061035156,57.11000061035156,5788.0,CT=F,USX,NYM
2009-05-26,57.11000061035156,57.25,54.5099983215332,55.060001373291016,55.060001373291016,11640.0,CT=F,USX,NYM
2009-05-27,55.099998474121094,55.75,54.7599983215332,55.58000183105469,55.58000183105469,5920.0,CT=F,USX,NYM
2009-05-28,55.52000045776367,55.54999923706055,54.15999984741211,54.22999954223633,54.22999954223633,8727.0,CT=F,USX,NYM
2009-05-29,54.58000183105469,57.22999954223633,54.22999954223633,56.970001220703125,56.970001220703125,8727.0,CT=F,USX,NYM
2009-06-01,56.9900016784668,58.04999923706055,56.68000030517578,57.790000915527344,57.790000915527344,11216.0,CT=F,USX,NYM
2009-06-02,57.790000915527344,58.880001068115234,57.25,58.650001525878906,58.650001525878906,9295.0,CT=F,USX,NYM
2009-06-03,58.70000076293945,58.869998931884766,55.709999084472656,55.84000015258789,55.84000015258789,14507.0,CT=F,USX,NYM
2009-06-04,55.95000076293945,56.88999938964844,55.189998626708984,56.880001068115234,56.880001068115234,8812.0,CT=F,USX,NYM
2009-06-05,56.75,56.88999938964844,54.849998474121094,55.11000061035156,55.11000061035156,8812.0,CT=F,USX,NYM
2009-06-08,55.369998931884766,55.86000061035156,54.2599983215332,55.66999816894531,55.66999816894531,11656.0,CT=F,USX,NYM
2009-06-09,55.25,56.27000045776367,54.77000045776367,54.86000061035156,54.86000061035156,9129.0,CT=F,USX,NYM
2009-06-10,55.099998474121094,56.20000076293945,54.45000076293945,54.630001068115234,54.630001068115234,10191.0,CT=F,USX,NYM
2009-06-11,54.68000030517578,56.540000915527344,54.54999923706055,56.29999923706055,56.29999923706055,14293.0,CT=F,USX,NYM
2009-06-12,56.33000183105469,56.81999969482422,55.5,56.099998474121094,56.099998474121094,14293.0,CT=F,USX,NYM
2009-06-15,56.20000076293945,56.220001220703125,53.099998474121094,53.099998474121094,53.099998474121094,14515.0,CT=F,USX,NYM
2009-06-16,53.08000183105469,53.970001220703125,52.290000915527344,52.43000030517578,52.43000030517578,8537.0,CT=F,USX,NYM
2009-06-17,52.369998931884766,52.79999923706055,52.0,52.029998779296875,52.029998779296875,8885.0,CT=F,USX,NYM
2009-06-18,52.04999923706055,54.5,51.47999954223633,53.869998931884766,53.869998931884766,4740.0,CT=F,USX,NYM
2009-06-19,53.83000183105469,53.83000183105469,51.529998779296875,51.560001373291016,51.560001373291016,4740.0,CT=F,USX,NYM
2009-06-22,51.58000183105469,51.79999923706055,50.150001525878906,50.5099983215332,50.5099983215332,3543.0,CT=F,USX,NYM
2009-06-23,50.560001373291016,51.56999969482422,50.150001525878906,51.099998474121094,51.099998474121094,2111.0,CT=F,USX,NYM
2009-06-24,51.5,52.810001373291016,50.34000015258789,52.290000915527344,52.290000915527344,287.0,CT=F,USX,NYM
2009-06-25,52.290000915527344,53.220001220703125,52.130001068115234,53.02000045776367,53.02000045776367,18.0,CT=F,USX,NYM
2009-06-26,53.220001220703125,53.220001220703125,52.119998931884766,52.540000915527344,52.540000915527344,18.0,CT=F,USX,NYM
2009-06-29,53.5099983215332,53.65999984741211,52.869998931884766,52.86000061035156,52.86000061035156,33.0,CT=F,USX,NYM
2009-06-30,52.95000076293945,53.29999923706055,52.279998779296875,53.29999923706055,53.29999923706055,16.0,CT=F,USX,NYM
2009-07-01,54.0,57.0,54.0,56.72999954223633,56.72999954223633,32.0,CT=F,USX,NYM
2009-07-02,56.75,56.880001068115234,55.630001068115234,56.79999923706055,56.79999923706055,0.0,CT=F,USX,NYM
2009-07-06,55.40999984741211,55.40999984741211,55.40999984741211,55.900001525878906,55.900001525878906,10.0,CT=F,USX,NYM
2009-07-07,56.470001220703125,56.470001220703125,54.45000076293945,55.36000061035156,55.36000061035156,26.0,CT=F,USX,NYM
2009-07-08,55.04999923706055,55.04999923706055,54.849998474121094,54.709999084472656,54.709999084472656,9.0,CT=F,USX,NYM
2009-07-09,55.099998474121094,55.099998474121094,55.099998474121094,57.029998779296875,57.029998779296875,286.0,CT=F,USX,NYM
2009-07-10,59.09000015258789,60.380001068115234,58.58000183105469,60.38999938964844,60.38999938964844,450.0,CT=F,USX,NYM
2009-07-13,60.7599983215332,61.13999938964844,59.720001220703125,60.959999084472656,60.959999084472656,283.0,CT=F,USX,NYM
2009-07-14,60.75,61.599998474121094,60.68000030517578,61.59000015258789,61.59000015258789,93.0,CT=F,USX,NYM
2009-07-15,61.529998779296875,62.45000076293945,60.400001525878906,61.38999938964844,61.38999938964844,166.0,CT=F,USX,NYM
2009-07-16,60.900001525878906,61.83000183105469,60.209999084472656,61.58000183105469,61.58000183105469,83.0,CT=F,USX,NYM
2009-07-17,61.400001525878906,62.2400016784668,61.209999084472656,62.099998474121094,62.099998474121094,73.0,CT=F,USX,NYM
2009-07-20,61.900001525878906,63.029998779296875,61.560001373291016,63.0099983215332,63.0099983215332,147.0,CT=F,USX,NYM
2009-07-21,63.0,63.099998474121094,60.0099983215332,60.0099983215332,60.0099983215332,245.0,CT=F,USX,NYM
2009-07-22,59.70000076293945,59.849998474121094,58.290000915527344,59.040000915527344,59.040000915527344,596.0,CT=F,USX,NYM
2009-07-23,59.040000915527344,60.0099983215332,58.54999923706055,59.5,59.5,217.0,CT=F,USX,NYM
2009-07-24,59.290000915527344,59.599998474121094,57.2599983215332,57.38999938964844,57.38999938964844,252.0,CT=F,USX,NYM
2009-07-27,57.0,57.560001373291016,55.81999969482422,57.310001373291016,57.310001373291016,236.0,CT=F,USX,NYM
2009-07-28,57.349998474121094,57.900001525878906,56.7599983215332,56.970001220703125,56.970001220703125,125.0,CT=F,USX,NYM
2009-07-29,57.0,57.16999816894531,56.599998474121094,57.060001373291016,57.060001373291016,92.0,CT=F,USX,NYM
2009-07-30,56.95000076293945,58.68000030517578,56.849998474121094,58.08000183105469,58.08000183105469,152.0,CT=F,USX,NYM
2009-07-31,58.75,58.75,57.43000030517578,57.93000030517578,57.93000030517578,54.0,CT=F,USX,NYM
2009-08-03,57.79999923706055,60.93000030517578,57.79999923706055,60.65999984741211,60.65999984741211,252.0,CT=F,USX,NYM
2009-08-04,60.720001220703125,60.900001525878906,59.790000915527344,60.650001525878906,60.650001525878906,80.0,CT=F,USX,NYM
2009-08-05,60.869998931884766,60.869998931884766,59.83000183105469,60.38999938964844,60.38999938964844,37.0,CT=F,USX,NYM
2009-08-06,60.0099983215332,61.060001373291016,58.400001525878906,58.97999954223633,58.97999954223633,112.0,CT=F,USX,NYM
2009-08-07,58.7599983215332,61.97999954223633,58.56999969482422,60.529998779296875,60.529998779296875,127.0,CT=F,USX,NYM
2009-08-10,60.400001525878906,62.099998474121094,60.400001525878906,61.95000076293945,61.95000076293945,63.0,CT=F,USX,NYM
2009-08-11,62.099998474121094,62.290000915527344,60.939998626708984,62.2400016784668,62.2400016784668,159.0,CT=F,USX,NYM
2009-08-12,62.0,62.72999954223633,61.52000045776367,62.040000915527344,62.040000915527344,143.0,CT=F,USX,NYM
2009-08-13,61.900001525878906,63.58000183105469,61.900001525878906,62.209999084472656,62.209999084472656,140.0,CT=F,USX,NYM
2009-08-14,62.209999084472656,62.209999084472656,59.209999084472656,59.209999084472656,59.209999084472656,204.0,CT=F,USX,NYM
2009-08-17,59.11000061035156,59.11000061035156,56.79999923706055,57.279998779296875,57.279998779296875,361.0,CT=F,USX,NYM
2009-08-18,57.66999816894531,58.09000015258789,56.650001525878906,56.709999084472656,56.709999084472656,60.0,CT=F,USX,NYM
2009-08-19,56.90999984741211,57.41999816894531,56.689998626708984,56.86000061035156,56.86000061035156,60.0,CT=F,USX,NYM
2009-08-20,57.04999923706055,57.77000045776367,56.599998474121094,56.619998931884766,56.619998931884766,74.0,CT=F,USX,NYM
2009-08-21,56.72999954223633,58.04999923706055,56.38999938964844,56.45000076293945,56.45000076293945,124.0,CT=F,USX,NYM
2009-08-24,56.45000076293945,57.540000915527344,56.45000076293945,56.91999816894531,56.91999816894531,69.0,CT=F,USX,NYM
2009-08-25,56.93000030517578,57.20000076293945,55.849998474121094,55.970001220703125,55.970001220703125,185.0,CT=F,USX,NYM
2009-08-26,56.220001220703125,56.959999084472656,55.099998474121094,55.369998931884766,55.369998931884766,166.0,CT=F,USX,NYM
2009-08-27,55.29999923706055,55.70000076293945,54.970001220703125,55.540000915527344,55.540000915527344,137.0,CT=F,USX,NYM
2009-08-28,55.54999923706055,56.33000183105469,55.5,56.29999923706055,56.29999923706055,82.0,CT=F,USX,NYM
2009-08-31,55.869998931884766,57.689998626708984,55.5,57.7599983215332,57.7599983215332,90.0,CT=F,USX,NYM
2009-09-01,57.41999816894531,57.5,55.56999969482422,56.369998931884766,56.369998931884766,265.0,CT=F,USX,NYM
2009-09-02,56.400001525878906,57.209999084472656,55.79999923706055,56.88999938964844,56.88999938964844,75.0,CT=F,USX,NYM
2009-09-03,57.099998474121094,57.52000045776367,56.83000183105469,57.150001525878906,57.150001525878906,92.0,CT=F,USX,NYM
2009-09-04,56.720001220703125,57.59000015258789,56.720001220703125,57.529998779296875,57.529998779296875,0.0,CT=F,USX,NYM
2009-09-08,57.95000076293945,59.27000045776367,57.95000076293945,58.779998779296875,58.779998779296875,108.0,CT=F,USX,NYM
2009-09-09,58.779998779296875,59.290000915527344,58.54999923706055,58.779998779296875,58.779998779296875,68.0,CT=F,USX,NYM
2009-09-10,58.790000915527344,58.939998626708984,58.060001373291016,58.9900016784668,58.9900016784668,73.0,CT=F,USX,NYM
2009-09-11,59.529998779296875,60.349998474121094,59.18000030517578,59.310001373291016,59.310001373291016,413.0,CT=F,USX,NYM
2009-09-14,59.20000076293945,60.77000045776367,58.52000045776367,60.459999084472656,60.459999084472656,174.0,CT=F,USX,NYM
2009-09-15,61.349998474121094,61.75,60.95000076293945,61.41999816894531,61.41999816894531,73.0,CT=F,USX,NYM
2009-09-16,61.52000045776367,62.439998626708984,61.52000045776367,62.119998931884766,62.119998931884766,141.0,CT=F,USX,NYM
2009-09-17,62.29999923706055,62.45000076293945,62.150001525878906,62.65999984741211,62.65999984741211,63.0,CT=F,USX,NYM
2009-09-18,61.939998626708984,63.400001525878906,61.65999984741211,63.18000030517578,63.18000030517578,218.0,CT=F,USX,NYM
2009-09-21,62.599998474121094,62.720001220703125,60.68000030517578,61.189998626708984,61.189998626708984,49.0,CT=F,USX,NYM
2009-09-22,60.70000076293945,62.5,60.59000015258789,62.38999938964844,62.38999938964844,306.0,CT=F,USX,NYM
2009-09-23,61.9900016784668,62.939998626708984,61.84000015258789,62.93000030517578,62.93000030517578,167.0,CT=F,USX,NYM
2009-09-24,62.56999969482422,62.79999923706055,61.880001068115234,63.060001373291016,63.060001373291016,28.0,CT=F,USX,NYM
2009-09-25,62.59000015258789,63.90999984741211,62.59000015258789,60.599998474121094,60.599998474121094,6.0,CT=F,USX,NYM
2009-09-28,60.599998474121094,61.630001068115234,60.599998474121094,61.5,61.5,2.0,CT=F,USX,NYM
2009-09-29,61.630001068115234,61.630001068115234,61.630001068115234,60.04999923706055,60.04999923706055,5.0,CT=F,USX,NYM
2009-09-30,60.470001220703125,60.470001220703125,59.72999954223633,61.34000015258789,61.34000015258789,5.0,CT=F,USX,NYM
2009-10-01,60.25,60.75,60.25,59.84000015258789,59.84000015258789,4.0,CT=F,USX,NYM
2009-10-02,59.63999938964844,59.63999938964844,59.63999938964844,59.2599983215332,59.2599983215332,16.0,CT=F,USX,NYM
2009-10-05,59.83000183105469,59.83000183105469,59.83000183105469,60.650001525878906,60.650001525878906,1.0,CT=F,USX,NYM
2009-10-06,61.66999816894531,63.29999923706055,61.66999816894531,62.06999969482422,62.06999969482422,0.0,CT=F,USX,NYM
2009-10-07,61.59000015258789,61.59000015258789,61.59000015258789,61.59000015258789,61.59000015258789,14.0,CT=F,USX,NYM
2009-10-08,62.70000076293945,62.70000076293945,62.70000076293945,62.90999984741211,62.90999984741211,7347.0,CT=F,USX,NYM
2009-10-09,63.459999084472656,63.959999084472656,62.810001373291016,63.02000045776367,63.02000045776367,6214.0,CT=F,USX,NYM
2009-10-12,63.040000915527344,64.83999633789062,63.02000045776367,64.68000030517578,64.68000030517578,8051.0,CT=F,USX,NYM
2009-10-13,64.5999984741211,65.94999694824219,64.01000213623047,65.87999725341797,65.87999725341797,12858.0,CT=F,USX,NYM
2009-10-14,65.87999725341797,67.61000061035156,65.7300033569336,67.08000183105469,67.08000183105469,16175.0,CT=F,USX,NYM
2009-10-15,67.05000305175781,69.48999786376953,66.12000274658203,67.63999938964844,67.63999938964844,19310.0,CT=F,USX,NYM
2009-10-16,67.5999984741211,68.30999755859375,66.66999816894531,68.20999908447266,68.20999908447266,9394.0,CT=F,USX,NYM
2009-10-19,67.9000015258789,68.91999816894531,66.3499984741211,66.47000122070312,66.47000122070312,14405.0,CT=F,USX,NYM
2009-10-20,66.51000213623047,67.88999938964844,66.48999786376953,67.2300033569336,67.2300033569336,11176.0,CT=F,USX,NYM
2009-10-21,67.30000305175781,68.4800033569336,66.87000274658203,68.37999725341797,68.37999725341797,6981.0,CT=F,USX,NYM
2009-10-22,68.0,68.61000061035156,67.2699966430664,68.55000305175781,68.55000305175781,8246.0,CT=F,USX,NYM
2009-10-23,68.44999694824219,68.83999633789062,66.70999908447266,67.37999725341797,67.37999725341797,10293.0,CT=F,USX,NYM
2009-10-26,67.68000030517578,68.58999633789062,66.66000366210938,67.41000366210938,67.41000366210938,10214.0,CT=F,USX,NYM
2009-10-27,67.41000366210938,67.55000305175781,66.0999984741211,67.05000305175781,67.05000305175781,9699.0,CT=F,USX,NYM
2009-10-28,67.05000305175781,67.25,66.12999725341797,66.87999725341797,66.87999725341797,10768.0,CT=F,USX,NYM
2009-10-29,66.8499984741211,68.33999633789062,66.44000244140625,67.56999969482422,67.56999969482422,13246.0,CT=F,USX,NYM
2009-10-30,67.54000091552734,67.93000030517578,66.56999969482422,67.63999938964844,67.63999938964844,13922.0,CT=F,USX,NYM
2009-11-02,67.48999786376953,69.26000213623047,67.05000305175781,67.63999938964844,67.63999938964844,14014.0,CT=F,USX,NYM
2009-11-03,67.69999694824219,68.30999755859375,66.80000305175781,67.44999694824219,67.44999694824219,9787.0,CT=F,USX,NYM
2009-11-04,67.5,68.69999694824219,67.44999694824219,68.11000061035156,68.11000061035156,6222.0,CT=F,USX,NYM
2009-11-05,67.80000305175781,68.41000366210938,67.20999908447266,67.41000366210938,67.41000366210938,8060.0,CT=F,USX,NYM
2009-11-06,67.4800033569336,67.81999969482422,66.47000122070312,66.54000091552734,66.54000091552734,14963.0,CT=F,USX,NYM
2009-11-09,66.88999938964844,68.0999984741211,66.75,67.61000061035156,67.61000061035156,11601.0,CT=F,USX,NYM
2009-11-10,67.61000061035156,69.2300033569336,67.25,69.05000305175781,69.05000305175781,15525.0,CT=F,USX,NYM
2009-11-11,69.0999984741211,70.61000061035156,67.2300033569336,67.30000305175781,67.30000305175781,23222.0,CT=F,USX,NYM
2009-11-12,67.31999969482422,68.0,65.87000274658203,66.41999816894531,66.41999816894531,23295.0,CT=F,USX,NYM
2009-11-13,66.33999633789062,67.38999938964844,66.30999755859375,67.0999984741211,67.0999984741211,18876.0,CT=F,USX,NYM
2009-11-16,67.44999694824219,68.55000305175781,66.80000305175781,68.44000244140625,68.44000244140625,14849.0,CT=F,USX,NYM
2009-11-17,68.22000122070312,68.56999969482422,67.51000213623047,67.88999938964844,67.88999938964844,10582.0,CT=F,USX,NYM
2009-11-18,68.0,69.18000030517578,67.80999755859375,68.54000091552734,68.54000091552734,9261.0,CT=F,USX,NYM
2009-11-19,68.54000091552734,69.04000091552734,68.02999877929688,68.81999969482422,68.81999969482422,8306.0,CT=F,USX,NYM
2009-11-20,68.98999786376953,70.91999816894531,68.94999694824219,70.41000366210938,70.41000366210938,7646.0,CT=F,USX,NYM
2009-11-23,70.29000091552734,72.0,70.29000091552734,70.37999725341797,70.37999725341797,427.0,CT=F,USX,NYM
2009-11-24,70.44999694824219,71.44999694824219,70.44999694824219,71.5199966430664,71.5199966430664,48.0,CT=F,USX,NYM
2009-11-25,71.36000061035156,71.75,70.5999984741211,71.06999969482422,71.06999969482422,0.0,CT=F,USX,NYM
2009-11-27,70.70999908447266,70.70999908447266,69.19999694824219,69.73999786376953,69.73999786376953,66.0,CT=F,USX,NYM
2009-11-30,70.23999786376953,70.91999816894531,70.23999786376953,70.75,70.75,25.0,CT=F,USX,NYM
2009-12-01,71.13999938964844,71.13999938964844,70.25,69.6500015258789,69.6500015258789,50.0,CT=F,USX,NYM
2009-12-02,70.1500015258789,70.23999786376953,69.44999694824219,69.68000030517578,69.68000030517578,21.0,CT=F,USX,NYM
2009-12-03,71.25,71.25,70.5199966430664,70.55000305175781,70.55000305175781,15.0,CT=F,USX,NYM
2009-12-04,70.3499984741211,71.33000183105469,70.16999816894531,70.20999908447266,70.20999908447266,29.0,CT=F,USX,NYM
2009-12-07,70.52999877929688,70.55999755859375,70.0,70.83000183105469,70.83000183105469,17.0,CT=F,USX,NYM
2009-12-08,70.91000366210938,70.91000366210938,70.4000015258789,70.30000305175781,70.30000305175781,6753.0,CT=F,USX,NYM
2009-12-09,74.25,74.5,73.30000305175781,74.41999816894531,74.41999816894531,10038.0,CT=F,USX,NYM
2009-12-10,74.37999725341797,74.9000015258789,73.61000061035156,73.72000122070312,73.72000122070312,6700.0,CT=F,USX,NYM
2009-12-11,73.72000122070312,74.5999984741211,73.62000274658203,74.30999755859375,74.30999755859375,5845.0,CT=F,USX,NYM
2009-12-14,74.0,76.12999725341797,73.80999755859375,75.7699966430664,75.7699966430664,14442.0,CT=F,USX,NYM
2009-12-15,75.2699966430664,76.16999816894531,74.7699966430664,74.87999725341797,74.87999725341797,8858.0,CT=F,USX,NYM
2009-12-16,74.88999938964844,76.58000183105469,74.88999938964844,76.25,76.25,9315.0,CT=F,USX,NYM
2009-12-17,76.01000213623047,76.16999816894531,75.01000213623047,75.73999786376953,75.73999786376953,10306.0,CT=F,USX,NYM
2009-12-18,75.69999694824219,75.97000122070312,74.5,75.27999877929688,75.27999877929688,7284.0,CT=F,USX,NYM
2009-12-21,75.0,75.79000091552734,74.88999938964844,74.95999908447266,74.95999908447266,5245.0,CT=F,USX,NYM
2009-12-22,75.04000091552734,75.25,73.5199966430664,73.80000305175781,73.80000305175781,13336.0,CT=F,USX,NYM
2009-12-23,73.94000244140625,74.05999755859375,73.3499984741211,73.9000015258789,73.9000015258789,4982.0,CT=F,USX,NYM
2009-12-24,73.9000015258789,74.02999877929688,73.41999816894531,73.6500015258789,73.6500015258789,0.0,CT=F,USX,NYM
2009-12-28,74.25,76.54000091552734,74.25,75.81999969482422,75.81999969482422,10708.0,CT=F,USX,NYM
2009-12-29,75.81999969482422,76.18000030517578,75.0,75.06999969482422,75.06999969482422,3532.0,CT=F,USX,NYM
2009-12-30,75.06999969482422,75.58999633789062,74.77999877929688,75.43000030517578,75.43000030517578,5110.0,CT=F,USX,NYM
2009-12-31,75.48999786376953,75.94999694824219,75.37000274658203,75.5999984741211,75.5999984741211,0.0,CT=F,USX,NYM
2010-01-04,75.9000015258789,76.7699966430664,75.66999816894531,76.0,76.0,10595.0,CT=F,USX,NYM
2010-01-05,75.86000061035156,76.27999877929688,73.04000091552734,73.12000274658203,73.12000274658203,24242.0,CT=F,USX,NYM
2010-01-06,73.19999694824219,74.2699966430664,73.1500015258789,73.55000305175781,73.55000305175781,11376.0,CT=F,USX,NYM
2010-01-07,73.97000122070312,74.12000274658203,72.55999755859375,72.88999938964844,72.88999938964844,11138.0,CT=F,USX,NYM
2010-01-08,72.94999694824219,73.4000015258789,72.43000030517578,72.44000244140625,72.44000244140625,8906.0,CT=F,USX,NYM
2010-01-11,72.55000305175781,74.48999786376953,72.55000305175781,74.23999786376953,74.23999786376953,9531.0,CT=F,USX,NYM
2010-01-12,74.0,74.19999694824219,72.62999725341797,72.79000091552734,72.79000091552734,9117.0,CT=F,USX,NYM
2010-01-13,72.69999694824219,73.98999786376953,72.44999694824219,73.43000030517578,73.43000030517578,8660.0,CT=F,USX,NYM
2010-01-14,73.52999877929688,73.80000305175781,72.22000122070312,72.91000366210938,72.91000366210938,10645.0,CT=F,USX,NYM
2010-01-15,72.9000015258789,72.91000366210938,71.93000030517578,72.08000183105469,72.08000183105469,8913.0,CT=F,USX,NYM
2010-01-19,72.19999694824219,72.63999938964844,71.52999877929688,71.63999938964844,71.63999938964844,10295.0,CT=F,USX,NYM
2010-01-20,71.63999938964844,71.7300033569336,70.5199966430664,70.80000305175781,70.80000305175781,13206.0,CT=F,USX,NYM
2010-01-21,71.01000213623047,72.08000183105469,70.81999969482422,71.8499984741211,71.8499984741211,8262.0,CT=F,USX,NYM
2010-01-22,71.8499984741211,71.94999694824219,70.9800033569336,71.06999969482422,71.06999969482422,7993.0,CT=F,USX,NYM
2010-01-25,71.0999984741211,71.6500015258789,69.80999755859375,69.95999908447266,69.95999908447266,12258.0,CT=F,USX,NYM
2010-01-26,70.0,70.44000244140625,69.37999725341797,69.81999969482422,69.81999969482422,12445.0,CT=F,USX,NYM
2010-01-27,70.01000213623047,70.27999877929688,69.02999877929688,69.2300033569336,69.2300033569336,11324.0,CT=F,USX,NYM
2010-01-28,69.41000366210938,69.83000183105469,68.83000183105469,69.13999938964844,69.13999938964844,12053.0,CT=F,USX,NYM
2010-01-29,69.13999938964844,69.72000122070312,68.91999816894531,69.02999877929688,69.02999877929688,10711.0,CT=F,USX,NYM
2010-02-01,69.05999755859375,69.37000274658203,68.19999694824219,68.22000122070312,68.22000122070312,12878.0,CT=F,USX,NYM
2010-02-02,68.25,69.45999908447266,68.18000030517578,69.26000213623047,69.26000213623047,10371.0,CT=F,USX,NYM
2010-02-03,69.5,70.66999816894531,69.26000213623047,69.81999969482422,69.81999969482422,11204.0,CT=F,USX,NYM
2010-02-04,69.81999969482422,70.05000305175781,68.20999908447266,68.98999786376953,68.98999786376953,11082.0,CT=F,USX,NYM
2010-02-05,69.08999633789062,69.37999725341797,66.55000305175781,66.62000274658203,66.62000274658203,26560.0,CT=F,USX,NYM
2010-02-08,67.0999984741211,69.54000091552734,67.0999984741211,69.16000366210938,69.16000366210938,17563.0,CT=F,USX,NYM
2010-02-09,69.11000061035156,72.16000366210938,69.0,72.16000366210938,72.16000366210938,21978.0,CT=F,USX,NYM
2010-02-10,72.16000366210938,73.91000366210938,71.54000091552734,72.81999969482422,72.81999969482422,24648.0,CT=F,USX,NYM
2010-02-11,72.81999969482422,73.26000213623047,72.26000213623047,72.91999816894531,72.91999816894531,9667.0,CT=F,USX,NYM
2010-02-12,73.26000213623047,74.5999984741211,72.43000030517578,74.38999938964844,74.38999938964844,10085.0,CT=F,USX,NYM
2010-02-16,74.29000091552734,75.73999786376953,74.2699966430664,75.33999633789062,75.33999633789062,8610.0,CT=F,USX,NYM
2010-02-17,75.0,75.63999938964844,74.76000213623047,75.16999816894531,75.16999816894531,5950.0,CT=F,USX,NYM
2010-02-18,75.1500015258789,78.0,74.7300033569336,76.97000122070312,76.97000122070312,7607.0,CT=F,USX,NYM
2010-02-19,76.47000122070312,79.87000274658203,76.30999755859375,78.79000091552734,78.79000091552734,3506.0,CT=F,USX,NYM
2010-02-22,79.30000305175781,80.88999938964844,78.79000091552734,80.73999786376953,80.73999786376953,646.0,CT=F,USX,NYM
2010-02-23,80.72000122070312,80.95999908447266,79.55999755859375,80.0,80.0,255.0,CT=F,USX,NYM
2010-02-24,79.91000366210938,79.91000366210938,78.41999816894531,79.37000274658203,79.37000274658203,27.0,CT=F,USX,NYM
2010-02-25,78.97000122070312,80.8499984741211,78.97000122070312,81.37999725341797,81.37999725341797,69.0,CT=F,USX,NYM
2010-02-26,83.29000091552734,83.29000091552734,81.66999816894531,82.61000061035156,82.61000061035156,55.0,CT=F,USX,NYM
2010-03-01,83.75,84.31999969482422,83.75,83.44000244140625,83.44000244140625,24.0,CT=F,USX,NYM
2010-03-02,84.11000061035156,84.11000061035156,81.0,81.9000015258789,81.9000015258789,18.0,CT=F,USX,NYM
2010-03-03,82.81999969482422,83.0,82.81999969482422,83.19000244140625,83.19000244140625,4.0,CT=F,USX,NYM
2010-03-04,82.72000122070312,82.8499984741211,82.52999877929688,82.12000274658203,82.12000274658203,7.0,CT=F,USX,NYM
2010-03-05,81.5,83.70999908447266,81.45999908447266,82.52999877929688,82.52999877929688,32.0,CT=F,USX,NYM
2010-03-08,82.75,82.75,82.4000015258789,82.1500015258789,82.1500015258789,8.0,CT=F,USX,NYM
2010-03-09,81.9000015258789,81.9000015258789,80.0999984741211,79.7300033569336,79.7300033569336,9118.0,CT=F,USX,NYM
2010-03-10,80.5,81.2699966430664,79.41999816894531,80.20999908447266,80.20999908447266,10216.0,CT=F,USX,NYM
2010-03-11,80.2699966430664,80.2699966430664,78.69999694824219,78.7699966430664,78.7699966430664,7945.0,CT=F,USX,NYM
2010-03-12,78.7699966430664,80.7699966430664,78.76000213623047,80.47000122070312,80.47000122070312,8180.0,CT=F,USX,NYM
2010-03-15,80.47000122070312,81.2699966430664,79.81999969482422,80.76000213623047,80.76000213623047,6743.0,CT=F,USX,NYM
2010-03-16,80.76000213623047,81.94999694824219,80.11000061035156,81.83999633789062,81.83999633789062,7688.0,CT=F,USX,NYM
2010-03-17,81.83999633789062,81.9000015258789,80.86000061035156,81.16999816894531,81.16999816894531,5561.0,CT=F,USX,NYM
2010-03-18,81.16999816894531,82.4800033569336,80.55000305175781,82.20999908447266,82.20999908447266,8727.0,CT=F,USX,NYM
2010-03-19,82.30999755859375,82.83000183105469,81.62000274658203,82.18000030517578,82.18000030517578,6437.0,CT=F,USX,NYM
2010-03-22,82.27999877929688,82.80000305175781,81.69000244140625,82.48999786376953,82.48999786376953,6155.0,CT=F,USX,NYM
2010-03-23,82.48999786376953,82.95999908447266,82.0,82.88999938964844,82.88999938964844,4185.0,CT=F,USX,NYM
2010-03-24,82.79000091552734,82.95999908447266,80.9000015258789,81.41000366210938,81.41000366210938,9275.0,CT=F,USX,NYM
2010-03-25,81.30000305175781,81.94000244140625,80.11000061035156,80.18000030517578,80.18000030517578,9947.0,CT=F,USX,NYM
2010-03-26,80.18000030517578,80.7300033569336,79.2699966430664,79.69000244140625,79.69000244140625,10819.0,CT=F,USX,NYM
2010-03-29,79.88999938964844,80.8499984741211,79.73999786376953,80.43000030517578,80.43000030517578,5748.0,CT=F,USX,NYM
2010-03-30,80.55000305175781,81.12000274658203,79.37000274658203,79.54000091552734,79.54000091552734,9089.0,CT=F,USX,NYM
2010-03-31,79.5999984741211,81.72000122070312,79.5,80.55000305175781,80.55000305175781,15975.0,CT=F,USX,NYM
2010-04-01,81.12999725341797,81.63999938964844,80.68000030517578,81.5,81.5,0.0,CT=F,USX,NYM
2010-04-05,81.69999694824219,82.72000122070312,81.55000305175781,82.27999877929688,82.27999877929688,7826.0,CT=F,USX,NYM
2010-04-06,82.44999694824219,83.16999816894531,82.0,82.29000091552734,82.29000091552734,8513.0,CT=F,USX,NYM
2010-04-07,82.3499984741211,82.3499984741211,80.55999755859375,80.9800033569336,80.9800033569336,10701.0,CT=F,USX,NYM
2010-04-08,80.87999725341797,81.5,78.4800033569336,78.5999984741211,78.5999984741211,25450.0,CT=F,USX,NYM
2010-04-09,78.6500015258789,79.41999816894531,78.0,78.06999969482422,78.06999969482422,0.0,CT=F,USX,NYM
2010-04-12,78.37000274658203,79.22000122070312,78.0999984741211,78.12999725341797,78.12999725341797,12418.0,CT=F,USX,NYM
2010-04-13,78.19000244140625,80.68000030517578,78.13999938964844,80.02999877929688,80.02999877929688,18190.0,CT=F,USX,NYM
2010-04-14,80.02999877929688,80.66000366210938,79.27999877929688,79.5,79.5,12797.0,CT=F,USX,NYM
2010-04-15,79.37999725341797,80.98999786376953,79.06999969482422,80.5,80.5,17365.0,CT=F,USX,NYM
2010-04-16,80.72000122070312,81.26000213623047,79.04000091552734,80.01000213623047,80.01000213623047,11295.0,CT=F,USX,NYM
2010-04-19,80.05000305175781,80.05999755859375,79.05999755859375,79.8499984741211,79.8499984741211,8912.0,CT=F,USX,NYM
2010-04-20,79.91999816894531,82.8499984741211,79.8499984741211,82.8499984741211,82.8499984741211,10517.0,CT=F,USX,NYM
2010-04-21,82.98999786376953,84.79000091552734,82.8499984741211,83.04000091552734,83.04000091552734,7938.0,CT=F,USX,NYM
2010-04-22,83.05000305175781,83.77999877929688,82.05000305175781,82.41999816894531,82.41999816894531,4473.0,CT=F,USX,NYM
2010-04-23,82.62000274658203,84.31999969482422,82.61000061035156,84.26000213623047,84.26000213623047,3063.0,CT=F,USX,NYM
2010-04-26,84.41999816894531,85.0999984741211,83.69000244140625,84.0199966430664,84.0199966430664,252.0,CT=F,USX,NYM
2010-04-27,84.08999633789062,84.31999969482422,82.69999694824219,83.05000305175781,83.05000305175781,246.0,CT=F,USX,NYM
2010-04-28,84.19999694824219,84.19999694824219,83.20999908447266,83.62999725341797,83.62999725341797,54.0,CT=F,USX,NYM
2010-04-29,83.94999694824219,83.97000122070312,81.58000183105469,81.6500015258789,81.6500015258789,70.0,CT=F,USX,NYM
2010-04-30,82.66000366210938,82.66000366210938,82.4000015258789,82.76000213623047,82.76000213623047,28.0,CT=F,USX,NYM
2010-05-03,82.93000030517578,82.93000030517578,81.80999755859375,81.86000061035156,81.86000061035156,20.0,CT=F,USX,NYM
2010-05-04,81.43000030517578,82.19000244140625,80.05000305175781,79.58999633789062,79.58999633789062,43.0,CT=F,USX,NYM
2010-05-05,80.0999984741211,81.05000305175781,79.4800033569336,80.37999725341797,80.37999725341797,6.0,CT=F,USX,NYM
2010-05-06,80.41000366210938,80.41000366210938,79.36000061035156,78.25,78.25,15664.0,CT=F,USX,NYM
2010-05-07,80.01000213623047,82.29000091552734,80.01000213623047,80.70999908447266,80.70999908447266,14968.0,CT=F,USX,NYM
2010-05-10,81.25,82.16000366210938,81.01000213623047,81.04000091552734,81.04000091552734,7126.0,CT=F,USX,NYM
2010-05-11,81.1500015258789,81.9000015258789,80.5,80.52999877929688,80.52999877929688,9134.0,CT=F,USX,NYM
2010-05-12,80.75,82.48999786376953,80.29000091552734,80.37000274658203,80.37000274658203,9553.0,CT=F,USX,NYM
2010-05-13,80.5,81.5999984741211,80.38999938964844,80.76000213623047,80.76000213623047,7817.0,CT=F,USX,NYM
2010-05-14,80.98999786376953,81.52999877929688,80.4000015258789,80.72000122070312,80.72000122070312,6277.0,CT=F,USX,NYM
2010-05-17,80.8499984741211,81.63999938964844,80.51000213623047,81.19999694824219,81.19999694824219,7479.0,CT=F,USX,NYM
2010-05-18,81.4000015258789,82.44000244140625,81.3499984741211,82.19999694824219,82.19999694824219,8613.0,CT=F,USX,NYM
2010-05-19,82.19999694824219,84.12999725341797,81.75,83.27999877929688,83.27999877929688,15336.0,CT=F,USX,NYM
2010-05-20,83.27999877929688,83.4000015258789,81.44999694824219,82.08999633789062,82.08999633789062,10391.0,CT=F,USX,NYM
2010-05-21,81.5999984741211,83.20999908447266,81.54000091552734,82.97000122070312,82.97000122070312,7726.0,CT=F,USX,NYM
2010-05-24,82.97000122070312,83.2300033569336,82.12000274658203,82.25,82.25,6148.0,CT=F,USX,NYM
2010-05-25,82.25,82.2699966430664,81.1500015258789,82.06999969482422,82.06999969482422,11896.0,CT=F,USX,NYM
2010-05-26,82.06999969482422,82.9000015258789,81.76000213623047,81.83999633789062,81.83999633789062,7493.0,CT=F,USX,NYM
2010-05-27,81.83999633789062,82.36000061035156,81.19999694824219,81.27999877929688,81.27999877929688,9496.0,CT=F,USX,NYM
2010-05-28,81.44999694824219,81.45999908447266,80.0,80.05000305175781,80.05000305175781,16486.0,CT=F,USX,NYM
2010-06-01,80.33000183105469,80.33000183105469,79.01000213623047,79.06999969482422,79.06999969482422,20174.0,CT=F,USX,NYM
2010-06-02,79.0,79.4800033569336,78.31999969482422,78.4000015258789,78.4000015258789,16918.0,CT=F,USX,NYM
2010-06-03,78.4000015258789,79.2699966430664,78.08999633789062,78.20999908447266,78.20999908447266,10401.0,CT=F,USX,NYM
2010-06-04,78.30000305175781,78.48999786376953,76.55999755859375,77.05999755859375,77.05999755859375,17194.0,CT=F,USX,NYM
2010-06-07,77.05999755859375,77.48999786376953,75.80000305175781,77.22000122070312,77.22000122070312,15673.0,CT=F,USX,NYM
2010-06-08,77.36000061035156,78.44999694824219,76.9800033569336,78.31999969482422,78.31999969482422,18446.0,CT=F,USX,NYM
2010-06-09,78.45999908447266,81.31999969482422,78.41999816894531,81.31999969482422,81.31999969482422,17766.0,CT=F,USX,NYM
2010-06-10,82.05000305175781,83.98999786376953,81.66000366210938,82.51000213623047,82.51000213623047,26419.0,CT=F,USX,NYM
2010-06-11,82.4000015258789,82.69999694824219,81.48999786376953,81.54000091552734,81.54000091552734,17665.0,CT=F,USX,NYM
2010-06-14,81.69999694824219,83.04000091552734,81.37999725341797,82.55999755859375,82.55999755859375,8266.0,CT=F,USX,NYM
2010-06-15,82.73999786376953,82.83999633789062,81.69000244140625,81.97000122070312,81.97000122070312,8110.0,CT=F,USX,NYM
2010-06-16,81.87000274658203,82.44999694824219,81.61000061035156,81.7699966430664,81.7699966430664,6026.0,CT=F,USX,NYM
2010-06-17,81.86000061035156,81.94999694824219,80.45999908447266,80.80000305175781,80.80000305175781,9245.0,CT=F,USX,NYM
2010-06-18,80.81999969482422,82.37000274658203,79.83999633789062,81.77999877929688,81.77999877929688,4481.0,CT=F,USX,NYM
2010-06-21,82.0999984741211,83.0,81.80000305175781,82.1500015258789,82.1500015258789,3549.0,CT=F,USX,NYM
2010-06-22,82.0,82.55000305175781,81.55000305175781,82.45999908447266,82.45999908447266,4187.0,CT=F,USX,NYM
2010-06-23,82.61000061035156,84.44000244140625,82.20999908447266,84.44999694824219,84.44999694824219,3651.0,CT=F,USX,NYM
2010-06-24,84.63999938964844,84.80000305175781,83.55000305175781,84.4800033569336,84.4800033569336,204.0,CT=F,USX,NYM
2010-06-25,83.5,84.8499984741211,83.5,84.72000122070312,84.72000122070312,103.0,CT=F,USX,NYM
2010-06-28,84.8499984741211,84.94000244140625,84.41000366210938,84.48999786376953,84.48999786376953,107.0,CT=F,USX,NYM
2010-06-29,84.41999816894531,84.44999694824219,83.05000305175781,83.68000030517578,83.68000030517578,64.0,CT=F,USX,NYM
2010-06-30,83.5999984741211,84.26000213623047,81.80000305175781,82.5999984741211,82.5999984741211,71.0,CT=F,USX,NYM
2010-07-01,82.75,82.75,80.31999969482422,81.22000122070312,81.22000122070312,63.0,CT=F,USX,NYM
2010-07-02,82.55000305175781,82.87000274658203,81.75,81.63999938964844,81.63999938964844,0.0,CT=F,USX,NYM
2010-07-06,81.6500015258789,82.45999908447266,81.4000015258789,81.5999984741211,81.5999984741211,125.0,CT=F,USX,NYM
2010-07-07,82.37999725341797,83.66999816894531,81.25,82.70999908447266,82.70999908447266,114.0,CT=F,USX,NYM
2010-07-08,83.37000274658203,83.62999725341797,81.5,81.8499984741211,81.8499984741211,133.0,CT=F,USX,NYM
2010-07-09,77.5,78.4000015258789,77.06999969482422,78.1500015258789,78.1500015258789,60.0,CT=F,USX,NYM
2010-07-12,77.5,77.54000091552734,76.83999633789062,77.16000366210938,77.16000366210938,157.0,CT=F,USX,NYM
2010-07-13,77.1500015258789,78.54000091552734,76.83000183105469,78.13999938964844,78.13999938964844,118.0,CT=F,USX,NYM
2010-07-14,78.05000305175781,78.44000244140625,77.08000183105469,77.25,77.25,36.0,CT=F,USX,NYM
2010-07-15,77.12999725341797,78.98999786376953,77.0999984741211,78.5199966430664,78.5199966430664,146.0,CT=F,USX,NYM
2010-07-16,78.54000091552734,80.77999877929688,78.5199966430664,79.95999908447266,79.95999908447266,304.0,CT=F,USX,NYM
2010-07-19,80.1500015258789,81.13999938964844,78.66000366210938,78.7699966430664,78.7699966430664,149.0,CT=F,USX,NYM
2010-07-20,78.43000030517578,79.29000091552734,77.86000061035156,77.77999877929688,77.77999877929688,56.0,CT=F,USX,NYM
2010-07-21,78.44999694824219,79.2699966430664,78.44999694824219,78.7699966430664,78.7699966430664,128.0,CT=F,USX,NYM
2010-07-22,79.1500015258789,79.3499984741211,78.58999633789062,79.56999969482422,79.56999969482422,112.0,CT=F,USX,NYM
2010-07-23,79.80000305175781,80.47000122070312,79.62000274658203,80.31999969482422,80.31999969482422,38.0,CT=F,USX,NYM
2010-07-26,80.81999969482422,81.20999908447266,80.20999908447266,81.22000122070312,81.22000122070312,139.0,CT=F,USX,NYM
2010-07-27,80.30000305175781,81.4800033569336,80.30000305175781,81.44999694824219,81.44999694824219,83.0,CT=F,USX,NYM
2010-07-28,81.44999694824219,81.5,80.48999786376953,80.56999969482422,80.56999969482422,229.0,CT=F,USX,NYM
2010-07-29,81.0,81.11000061035156,80.5999984741211,80.68000030517578,80.68000030517578,54.0,CT=F,USX,NYM
2010-07-30,80.4800033569336,82.80999755859375,80.4800033569336,82.36000061035156,82.36000061035156,111.0,CT=F,USX,NYM
2010-08-02,82.18000030517578,84.05000305175781,82.18000030517578,83.8499984741211,83.8499984741211,106.0,CT=F,USX,NYM
2010-08-03,83.80999755859375,84.58000183105469,83.08999633789062,84.51000213623047,84.51000213623047,131.0,CT=F,USX,NYM
2010-08-04,85.0,85.0,83.94000244140625,84.0,84.0,77.0,CT=F,USX,NYM
2010-08-05,84.1500015258789,86.0,83.94000244140625,84.19999694824219,84.19999694824219,246.0,CT=F,USX,NYM
2010-08-06,84.83000183105469,84.83000183105469,83.6500015258789,84.4000015258789,84.4000015258789,0.0,CT=F,USX,NYM
2010-08-09,84.19999694824219,84.30000305175781,83.7699966430664,84.16999816894531,84.16999816894531,30.0,CT=F,USX,NYM
2010-08-10,84.0999984741211,84.19999694824219,82.80000305175781,84.37999725341797,84.37999725341797,48.0,CT=F,USX,NYM
2010-08-11,84.11000061035156,84.5,83.94999694824219,84.22000122070312,84.22000122070312,20.0,CT=F,USX,NYM
2010-08-12,84.20999908447266,86.9000015258789,84.20999908447266,86.75,86.75,155.0,CT=F,USX,NYM
2010-08-13,87.0,89.16999816894531,87.0,87.48999786376953,87.48999786376953,72.0,CT=F,USX,NYM
2010-08-16,87.3499984741211,87.66000366210938,87.06999969482422,87.43000030517578,87.43000030517578,80.0,CT=F,USX,NYM
2010-08-17,87.43000030517578,88.0,87.25,87.7300033569336,87.7300033569336,29.0,CT=F,USX,NYM
2010-08-18,87.7300033569336,87.9000015258789,87.0,87.41999816894531,87.41999816894531,64.0,CT=F,USX,NYM
2010-08-19,87.94999694824219,88.33000183105469,87.73999786376953,87.9800033569336,87.9800033569336,40.0,CT=F,USX,NYM
2010-08-20,87.43000030517578,87.43000030517578,86.97000122070312,87.1500015258789,87.1500015258789,68.0,CT=F,USX,NYM
2010-08-23,87.29000091552734,88.52999877929688,87.29000091552734,87.6500015258789,87.6500015258789,36.0,CT=F,USX,NYM
2010-08-24,87.6500015258789,88.75,86.30000305175781,88.41999816894531,88.41999816894531,48.0,CT=F,USX,NYM
2010-08-25,88.69000244140625,88.75,88.30000305175781,88.1500015258789,88.1500015258789,16.0,CT=F,USX,NYM
2010-08-26,88.62999725341797,89.58999633789062,88.54000091552734,89.23999786376953,89.23999786376953,29.0,CT=F,USX,NYM
2010-08-27,89.25,90.0999984741211,88.91000366210938,89.02999877929688,89.02999877929688,76.0,CT=F,USX,NYM
2010-08-30,89.08000183105469,89.98999786376953,88.88999938964844,89.37000274658203,89.37000274658203,31.0,CT=F,USX,NYM
2010-08-31,89.9000015258789,90.33999633789062,89.30000305175781,89.08000183105469,89.08000183105469,51.0,CT=F,USX,NYM
2010-09-01,89.08000183105469,90.73999786376953,89.0,90.12999725341797,90.12999725341797,31.0,CT=F,USX,NYM
2010-09-02,90.19999694824219,91.80000305175781,90.11000061035156,90.87000274658203,90.87000274658203,157.0,CT=F,USX,NYM
2010-09-03,90.91000366210938,91.29000091552734,90.37000274658203,90.94999694824219,90.94999694824219,0.0,CT=F,USX,NYM
2010-09-07,91.9000015258789,93.8499984741211,91.25,91.31999969482422,91.31999969482422,152.0,CT=F,USX,NYM
2010-09-08,91.5199966430664,91.5999984741211,90.5199966430664,90.56999969482422,90.56999969482422,86.0,CT=F,USX,NYM
2010-09-09,90.5,91.33999633789062,90.02999877929688,90.37000274658203,90.37000274658203,58.0,CT=F,USX,NYM
2010-09-10,90.9000015258789,91.95999908447266,90.2300033569336,90.87000274658203,90.87000274658203,156.0,CT=F,USX,NYM
2010-09-13,90.81999969482422,92.31999969482422,90.81999969482422,91.80000305175781,91.80000305175781,49.0,CT=F,USX,NYM
2010-09-14,93.0,93.79000091552734,93.0,93.79000091552734,93.79000091552734,117.0,CT=F,USX,NYM
2010-09-15,94.0,94.0,92.81999969482422,92.80999755859375,92.80999755859375,65.0,CT=F,USX,NYM
2010-09-16,93.05000305175781,95.0,93.05000305175781,94.93000030517578,94.93000030517578,24.0,CT=F,USX,NYM
2010-09-17,95.87000274658203,97.75,95.87000274658203,97.61000061035156,97.61000061035156,120.0,CT=F,USX,NYM
2010-09-20,99.94999694824219,101.5,99.69999694824219,100.37000274658203,100.37000274658203,170.0,CT=F,USX,NYM
2010-09-21,101.66999816894531,103.5,101.66999816894531,101.69000244140625,101.69000244140625,67.0,CT=F,USX,NYM
2010-09-22,102.04000091552734,102.93000030517578,100.4000015258789,100.37000274658203,100.37000274658203,56.0,CT=F,USX,NYM
2010-09-23,100.4000015258789,100.4000015258789,97.5199966430664,97.7699966430664,97.7699966430664,92.0,CT=F,USX,NYM
2010-09-24,97.54000091552734,101.55999755859375,97.54000091552734,101.30000305175781,101.30000305175781,21.0,CT=F,USX,NYM
2010-09-27,101.01000213623047,104.5,101.01000213623047,105.93000030517578,105.93000030517578,4.0,CT=F,USX,NYM
2010-09-28,109.0999984741211,109.0999984741211,108.25,108.13999938964844,108.13999938964844,18.0,CT=F,USX,NYM
2010-09-29,103.4000015258789,103.41000366210938,103.4000015258789,103.19000244140625,103.19000244140625,7.0,CT=F,USX,NYM
2010-09-30,105.12999725341797,105.12999725341797,105.12999725341797,104.18000030517578,104.18000030517578,5.0,CT=F,USX,NYM
2010-10-01,103.70999908447266,103.70999908447266,103.55999755859375,99.97000122070312,99.97000122070312,0.0,CT=F,USX,NYM
2010-10-04,99.77999877929688,99.77999877929688,99.77999877929688,99.77999877929688,99.77999877929688,2.0,CT=F,USX,NYM
2010-10-05,102.19999694824219,102.19999694824219,101.66999816894531,101.43000030517578,101.43000030517578,2.0,CT=F,USX,NYM
2010-10-06,102.70999908447266,102.80999755859375,102.70999908447266,102.66000366210938,102.66000366210938,0.0,CT=F,USX,NYM
2010-10-07,106.66000366210938,106.66000366210938,106.66000366210938,106.66000366210938,106.66000366210938,18516.0,CT=F,USX,NYM
2010-10-08,104.5,107.75,104.5,107.16999816894531,107.16999816894531,16180.0,CT=F,USX,NYM
2010-10-11,107.25,111.16999816894531,107.25,110.5,110.5,13121.0,CT=F,USX,NYM
2010-10-12,110.45999908447266,112.37999725341797,108.56999969482422,109.58000183105469,109.58000183105469,13433.0,CT=F,USX,NYM
2010-10-13,109.58999633789062,111.87999725341797,109.08999633789062,110.87000274658203,110.87000274658203,12746.0,CT=F,USX,NYM
2010-10-14,111.41000366210938,114.87000274658203,110.9000015258789,114.87000274658203,114.87000274658203,8802.0,CT=F,USX,NYM
2010-10-15,118.5,119.80000305175781,109.87000274658203,109.87000274658203,109.87000274658203,18931.0,CT=F,USX,NYM
2010-10-18,109.16000366210938,113.7699966430664,108.0,113.37000274658203,113.37000274658203,13458.0,CT=F,USX,NYM
2010-10-19,113.45999908447266,114.75,109.25,110.26000213623047,110.26000213623047,12937.0,CT=F,USX,NYM
2010-10-20,109.9800033569336,114.26000213623047,109.41999816894531,114.26000213623047,114.26000213623047,11036.0,CT=F,USX,NYM
2010-10-21,114.33999633789062,117.5999984741211,113.91999816894531,115.70999908447266,115.70999908447266,16333.0,CT=F,USX,NYM
2010-10-22,115.94999694824219,119.70999908447266,115.25,119.70999908447266,119.70999908447266,12197.0,CT=F,USX,NYM
2010-10-25,120.97000122070312,124.70999908447266,120.5,124.70999908447266,124.70999908447266,8347.0,CT=F,USX,NYM
2010-10-26,127.12000274658203,130.5,123.5199966430664,129.58999633789062,129.58999633789062,25892.0,CT=F,USX,NYM
2010-10-27,128.97999572753906,129.0500030517578,123.58999633789062,123.58999633789062,123.58999633789062,8542.0,CT=F,USX,NYM
2010-10-28,123.58999633789062,127.4000015258789,121.6500015258789,121.68000030517578,121.68000030517578,28843.0,CT=F,USX,NYM
2010-10-29,121.83000183105469,126.47000122070312,121.68000030517578,125.26000213623047,125.26000213623047,15682.0,CT=F,USX,NYM
2010-11-01,125.80000305175781,129.25999450683594,125.80000305175781,129.25999450683594,129.25999450683594,10761.0,CT=F,USX,NYM
2010-11-02,130.0,134.25999450683594,129.4499969482422,134.25999450683594,134.25999450683594,6271.0,CT=F,USX,NYM
2010-11-03,134.52000427246094,139.1999969482422,132.30999755859375,135.52000427246094,135.52000427246094,29902.0,CT=F,USX,NYM
2010-11-04,136.14999389648438,140.52000427246094,134.89999389648438,140.4499969482422,140.4499969482422,20381.0,CT=F,USX,NYM
2010-11-05,139.89999389648438,144.60000610351562,138.5500030517578,142.22999572753906,142.22999572753906,24078.0,CT=F,USX,NYM
2010-11-08,143.14999389648438,146.22999572753906,143.14999389648438,146.22999572753906,146.22999572753906,10690.0,CT=F,USX,NYM
2010-11-09,149.19000244140625,151.22999572753906,147.27000427246094,151.22999572753906,151.22999572753906,12739.0,CT=F,USX,NYM
2010-11-10,154.0,157.22999572753906,145.22999572753906,145.64999389648438,145.64999389648438,45039.0,CT=F,USX,NYM
2010-11-11,145.80999755859375,150.0,143.5500030517578,144.2100067138672,144.2100067138672,33060.0,CT=F,USX,NYM
2010-11-12,142.86000061035156,142.86000061035156,139.2100067138672,140.17999267578125,140.17999267578125,17927.0,CT=F,USX,NYM
2010-11-15,138.75,140.6699981689453,135.41000366210938,138.75,138.75,17164.0,CT=F,USX,NYM
2010-11-16,138.75,142.47999572753906,133.75,133.75,133.75,13266.0,CT=F,USX,NYM
2010-11-17,133.0,135.0,127.75,128.89999389648438,128.89999389648438,8093.0,CT=F,USX,NYM
2010-11-18,128.89999389648438,133.89999389648438,128.5,133.89999389648438,133.89999389648438,7214.0,CT=F,USX,NYM
2010-11-19,133.89999389648438,133.89999389648438,127.9000015258789,127.9000015258789,127.9000015258789,6619.0,CT=F,USX,NYM
2010-11-22,127.5,127.9000015258789,121.9000015258789,121.9000015258789,121.9000015258789,3635.0,CT=F,USX,NYM
2010-11-23,121.44999694824219,121.44999694824219,110.8499984741211,113.08999633789062,113.08999633789062,770.0,CT=F,USX,NYM
2010-11-24,113.08999633789062,122.87999725341797,113.08999633789062,119.38999938964844,119.38999938964844,0.0,CT=F,USX,NYM
2010-11-26,115.5,116.5,113.0,116.05999755859375,116.05999755859375,76.0,CT=F,USX,NYM
2010-11-29,118.9000015258789,123.5999984741211,118.9000015258789,122.51000213623047,122.51000213623047,58.0,CT=F,USX,NYM
2010-11-30,125.0,127.94000244140625,122.4000015258789,126.2300033569336,126.2300033569336,30.0,CT=F,USX,NYM
2010-12-01,128.8000030517578,135.0,128.0,131.9499969482422,131.9499969482422,31.0,CT=F,USX,NYM
2010-12-02,140.0,140.0,135.0,137.33999633789062,137.33999633789062,19.0,CT=F,USX,NYM
2010-12-03,149.97999572753906,149.97999572753906,140.0,142.3300018310547,142.3300018310547,53.0,CT=F,USX,NYM
2010-12-06,140.0,142.0,140.0,141.9199981689453,141.9199981689453,14.0,CT=F,USX,NYM
2010-12-07,141.5,145.83999633789062,135.0,137.99000549316406,137.99000549316406,72.0,CT=F,USX,NYM
2010-12-08,142.0,142.0,137.0,138.0,138.0,15452.0,CT=F,USX,NYM
2010-12-09,132.19000244140625,135.9499969482422,129.6699981689453,135.9499969482422,135.9499969482422,8301.0,CT=F,USX,NYM
2010-12-10,137.0800018310547,140.9499969482422,135.3000030517578,136.97000122070312,136.97000122070312,16685.0,CT=F,USX,NYM
2010-12-13,137.3000030517578,140.97000122070312,136.97000122070312,140.97000122070312,140.97000122070312,6171.0,CT=F,USX,NYM
2010-12-14,143.00999450683594,145.97000122070312,142.9499969482422,144.49000549316406,144.49000549316406,14405.0,CT=F,USX,NYM
2010-12-15,144.39999389648438,145.6999969482422,141.05999755859375,142.13999938964844,142.13999938964844,11270.0,CT=F,USX,NYM
2010-12-16,143.72999572753906,146.13999938964844,142.5800018310547,146.1199951171875,146.1199951171875,8414.0,CT=F,USX,NYM
2010-12-17,146.1199951171875,150.1199951171875,143.39999389648438,150.1199951171875,150.1199951171875,15161.0,CT=F,USX,NYM
2010-12-20,151.63999938964844,154.1199951171875,151.5,154.1199951171875,154.1199951171875,5047.0,CT=F,USX,NYM
2010-12-21,159.1199951171875,159.1199951171875,156.6999969482422,159.1199951171875,159.1199951171875,7481.0,CT=F,USX,NYM
2010-12-22,155.5,155.94000244140625,154.1199951171875,154.1199951171875,154.1199951171875,4500.0,CT=F,USX,NYM
2010-12-23,148.1199951171875,155.44000244140625,148.1199951171875,148.1199951171875,148.1199951171875,14906.0,CT=F,USX,NYM
2010-12-27,147.1199951171875,147.1199951171875,142.1199951171875,145.75999450683594,145.75999450683594,8276.0,CT=F,USX,NYM
2010-12-28,146.30999755859375,149.49000549316406,144.0,144.35000610351562,144.35000610351562,4636.0,CT=F,USX,NYM
2010-12-29,143.86000061035156,146.35000610351562,140.3800048828125,140.42999267578125,140.42999267578125,7230.0,CT=F,USX,NYM
2010-12-30,140.0,144.42999267578125,137.5500030517578,142.83999633789062,142.83999633789062,10522.0,CT=F,USX,NYM
2010-12-31,144.0,146.83999633789062,143.52999877929688,144.80999755859375,144.80999755859375,10522.0,CT=F,USX,NYM
2011-01-03,144.97000122070312,146.5,141.3699951171875,142.1999969482422,142.1999969482422,6879.0,CT=F,USX,NYM
2011-01-04,141.25,145.0,139.8000030517578,143.77999877929688,143.77999877929688,9363.0,CT=F,USX,NYM
2011-01-05,143.5,147.77999877929688,142.0500030517578,145.1999969482422,145.1999969482422,10195.0,CT=F,USX,NYM
2011-01-06,146.38999938964844,149.08999633789062,141.1999969482422,141.22000122070312,141.22000122070312,15563.0,CT=F,USX,NYM
2011-01-07,141.0,142.5,139.61000061035156,140.60000610351562,140.60000610351562,11385.0,CT=F,USX,NYM
2011-01-10,140.5,144.60000610351562,140.5,143.25,143.25,9859.0,CT=F,USX,NYM
2011-01-11,143.25,147.25,143.14999389648438,147.25,147.25,8129.0,CT=F,USX,NYM
2011-01-12,149.33999633789062,152.25,147.6999969482422,147.97000122070312,147.97000122070312,17388.0,CT=F,USX,NYM
2011-01-13,150.8800048828125,151.6300048828125,143.97000122070312,144.05999755859375,144.05999755859375,14650.0,CT=F,USX,NYM
2011-01-14,144.0,145.9499969482422,141.19000244140625,141.44000244140625,141.44000244140625,0.0,CT=F,USX,NYM
2011-01-18,142.99000549316406,145.44000244140625,142.47000122070312,145.44000244140625,145.44000244140625,4312.0,CT=F,USX,NYM
2011-01-19,148.0399932861328,150.44000244140625,147.75999450683594,148.94000244140625,148.94000244140625,11734.0,CT=F,USX,NYM
2011-01-20,149.25,152.94000244140625,148.02000427246094,152.94000244140625,152.94000244140625,10989.0,CT=F,USX,NYM
2011-01-21,153.89999389648438,156.94000244140625,153.72000122070312,156.94000244140625,156.94000244140625,4032.0,CT=F,USX,NYM
2011-01-24,160.99000549316406,161.94000244140625,160.5,161.94000244140625,161.94000244140625,4621.0,CT=F,USX,NYM
2011-01-25,163.83999633789062,167.88999938964844,158.00999450683594,161.8300018310547,161.8300018310547,21609.0,CT=F,USX,NYM
2011-01-26,163.0399932861328,166.8300018310547,160.80999755859375,166.8300018310547,166.8300018310547,10746.0,CT=F,USX,NYM
2011-01-27,168.0,172.8300018310547,166.25,169.38999938964844,169.38999938964844,20056.0,CT=F,USX,NYM
2011-01-28,169.38999938964844,171.10000610351562,164.50999450683594,164.75,164.75,13951.0,CT=F,USX,NYM
2011-01-31,165.88999938964844,168.75,165.4600067138672,168.44000244140625,168.44000244140625,11318.0,CT=F,USX,NYM
2011-02-01,170.77000427246094,172.44000244140625,169.22999572753906,172.22000122070312,172.22000122070312,14060.0,CT=F,USX,NYM
2011-02-02,173.0,176.22000122070312,173.0,176.22000122070312,176.22000122070312,11940.0,CT=F,USX,NYM
2011-02-03,179.10000610351562,181.22000122070312,171.22000122070312,171.86000061035156,171.86000061035156,25374.0,CT=F,USX,NYM
2011-02-04,171.86000061035156,172.44000244140625,167.86000061035156,167.86000061035156,167.86000061035156,14810.0,CT=F,USX,NYM
2011-02-07,167.50999450683594,174.86000061035156,164.75999450683594,174.50999450683594,174.50999450683594,15709.0,CT=F,USX,NYM
2011-02-08,174.50999450683594,178.16000366210938,172.94000244140625,175.2899932861328,175.2899932861328,21756.0,CT=F,USX,NYM
2011-02-09,175.3000030517578,182.2899932861328,173.6699981689453,180.5800018310547,180.5800018310547,21157.0,CT=F,USX,NYM
2011-02-10,183.17999267578125,187.5800018310547,183.0,187.5800018310547,187.5800018310547,16456.0,CT=F,USX,NYM
2011-02-11,190.52000427246094,194.5500030517578,187.9600067138672,189.97000122070312,189.97000122070312,29483.0,CT=F,USX,NYM
2011-02-14,190.75,191.60000610351562,185.10000610351562,186.0500030517578,186.0500030517578,19074.0,CT=F,USX,NYM
2011-02-15,186.0,191.75,185.9199981689453,190.02000427246094,190.02000427246094,16327.0,CT=F,USX,NYM
2011-02-16,192.8300018310547,197.02000427246094,191.3800048828125,197.02000427246094,197.02000427246094,13771.0,CT=F,USX,NYM
2011-02-17,204.02000427246094,204.02000427246094,204.02000427246094,204.02000427246094,204.02000427246094,9991.0,CT=F,USX,NYM
2011-02-18,211.02000427246094,211.02000427246094,197.02000427246094,197.02000427246094,197.02000427246094,0.0,CT=F,USX,NYM
2011-02-22,185.0,190.02000427246094,177.1999969482422,187.94000244140625,187.94000244140625,740.0,CT=F,USX,NYM
2011-02-23,182.58999633789062,187.75999450683594,180.89999389648438,186.55999755859375,186.55999755859375,913.0,CT=F,USX,NYM
2011-02-24,185.0,185.07000732421875,179.0,181.27999877929688,181.27999877929688,190.0,CT=F,USX,NYM
2011-02-25,178.14999389648438,192.5,178.14999389648438,191.33999633789062,191.33999633789062,190.0,CT=F,USX,NYM
2011-02-28,200.25,206.75,198.33999633789062,205.13999938964844,205.13999938964844,85.0,CT=F,USX,NYM
2011-03-01,205.77000427246094,209.5,190.0,195.8699951171875,195.8699951171875,222.0,CT=F,USX,NYM
2011-03-02,202.0,209.25,195.25,204.4499969482422,204.4499969482422,161.0,CT=F,USX,NYM
2011-03-03,203.0,210.5,203.0,208.1999969482422,208.1999969482422,32.0,CT=F,USX,NYM
2011-03-04,211.7899932861328,217.77000427246094,204.0,215.14999389648438,215.14999389648438,67.0,CT=F,USX,NYM
2011-03-07,215.6199951171875,227.0,210.75,214.5,214.5,278.0,CT=F,USX,NYM
2011-03-08,211.0,215.0,202.0500030517578,207.0399932861328,207.0399932861328,38.0,CT=F,USX,NYM
2011-03-09,204.0,204.0,204.0,205.99000549316406,205.99000549316406,14987.0,CT=F,USX,NYM
2011-03-10,204.41000366210938,207.7100067138672,200.3800048828125,200.97999572753906,200.97999572753906,9684.0,CT=F,USX,NYM
2011-03-11,202.3699951171875,207.97999572753906,196.60000610351562,204.94000244140625,204.94000244140625,14052.0,CT=F,USX,NYM
2011-03-14,204.94000244140625,206.8300018310547,197.94000244140625,197.94000244140625,197.94000244140625,6987.0,CT=F,USX,NYM
2011-03-15,196.10000610351562,199.57000732421875,190.94000244140625,190.94000244140625,190.94000244140625,8284.0,CT=F,USX,NYM
2011-03-16,190.0,197.94000244140625,185.00999450683594,185.1199951171875,185.1199951171875,15654.0,CT=F,USX,NYM
2011-03-17,186.9499969482422,192.1199951171875,185.0,192.1199951171875,192.1199951171875,8125.0,CT=F,USX,NYM
2011-03-18,196.1300048828125,199.1199951171875,195.30999755859375,199.1199951171875,199.1199951171875,8530.0,CT=F,USX,NYM
2011-03-21,202.6199951171875,204.8800048828125,197.35000610351562,198.9600067138672,198.9600067138672,8683.0,CT=F,USX,NYM
2011-03-22,200.5,205.9600067138672,197.42999267578125,205.9600067138672,205.9600067138672,7122.0,CT=F,USX,NYM
2011-03-23,209.8000030517578,209.97000122070312,198.9600067138672,201.8699951171875,201.8699951171875,12042.0,CT=F,USX,NYM
2011-03-24,202.2899932861328,208.8699951171875,196.8699951171875,208.82000732421875,208.82000732421875,12042.0,CT=F,USX,NYM
2011-03-25,209.67999267578125,211.16000366210938,202.6300048828125,204.49000549316406,204.49000549316406,9619.0,CT=F,USX,NYM
2011-03-28,202.88999938964844,204.0,197.49000549316406,197.49000549316406,197.49000549316406,6662.0,CT=F,USX,NYM
2011-03-29,196.52999877929688,201.0,194.10000610351562,194.8800048828125,194.8800048828125,7329.0,CT=F,USX,NYM
2011-03-30,195.02999877929688,199.92999267578125,192.22999572753906,193.6699981689453,193.6699981689453,13351.0,CT=F,USX,NYM
2011-03-31,195.25,200.6699981689453,192.57000732421875,200.22999572753906,200.22999572753906,16902.0,CT=F,USX,NYM
2011-04-01,201.0,201.0,195.05999755859375,195.5500030517578,195.5500030517578,11462.0,CT=F,USX,NYM
2011-04-04,195.00999450683594,196.49000549316406,192.2100067138672,195.5500030517578,195.5500030517578,8762.0,CT=F,USX,NYM
2011-04-05,194.5800018310547,202.5500030517578,188.85000610351562,201.05999755859375,201.05999755859375,19038.0,CT=F,USX,NYM
2011-04-06,200.0,208.05999755859375,199.33999633789062,208.05999755859375,208.05999755859375,7325.0,CT=F,USX,NYM
2011-04-07,210.0500030517578,215.05999755859375,207.13999938964844,208.22000122070312,208.22000122070312,22970.0,CT=F,USX,NYM
2011-04-08,208.22000122070312,212.39999389648438,201.25,202.97000122070312,202.97000122070312,16082.0,CT=F,USX,NYM
2011-04-11,204.97999572753906,207.72999572753906,199.35000610351562,204.5800018310547,204.5800018310547,15241.0,CT=F,USX,NYM
2011-04-12,205.5,206.0800018310547,197.60000610351562,199.72999572753906,199.72999572753906,14785.0,CT=F,USX,NYM
2011-04-13,201.85000610351562,206.72999572753906,196.6999969482422,197.35000610351562,197.35000610351562,17671.0,CT=F,USX,NYM
2011-04-14,197.5,197.8800048828125,194.05999755859375,196.0399932861328,196.0399932861328,7352.0,CT=F,USX,NYM
2011-04-15,196.0399932861328,198.00999450683594,194.25,195.52000427246094,195.52000427246094,7282.0,CT=F,USX,NYM
2011-04-18,195.52000427246094,197.97000122070312,192.0,196.4499969482422,196.4499969482422,13327.0,CT=F,USX,NYM
2011-04-19,196.4499969482422,196.86000061035156,189.61000061035156,189.82000732421875,189.82000732421875,15638.0,CT=F,USX,NYM
2011-04-20,190.3000030517578,193.75,183.02000427246094,183.1699981689453,183.1699981689453,7907.0,CT=F,USX,NYM
2011-04-21,183.3000030517578,188.82000732421875,180.5500030517578,186.6699981689453,186.6699981689453,0.0,CT=F,USX,NYM
2011-04-25,189.42999267578125,190.6999969482422,186.9600067138672,188.0800018310547,188.0800018310547,721.0,CT=F,USX,NYM
2011-04-26,187.0,187.0,180.89999389648438,181.83999633789062,181.83999633789062,398.0,CT=F,USX,NYM
2011-04-27,179.94000244140625,179.94000244140625,171.66000366210938,174.88999938964844,174.88999938964844,634.0,CT=F,USX,NYM
2011-04-28,173.30999755859375,176.52999877929688,168.3000030517578,172.82000732421875,172.82000732421875,283.0,CT=F,USX,NYM
2011-04-29,172.97999572753906,178.86000061035156,170.75999450683594,178.77999877929688,178.77999877929688,55.0,CT=F,USX,NYM
2011-05-02,178.0500030517578,178.77000427246094,172.7899932861328,175.91000366210938,175.91000366210938,398.0,CT=F,USX,NYM
2011-05-03,177.22999572753906,180.22999572753906,176.2899932861328,179.2100067138672,179.2100067138672,294.0,CT=F,USX,NYM
2011-05-04,177.0,177.0500030517578,170.99000549316406,173.19000244140625,173.19000244140625,453.0,CT=F,USX,NYM
2011-05-05,170.99000549316406,170.99000549316406,165.1999969482422,165.36000061035156,165.36000061035156,327.0,CT=F,USX,NYM
2011-05-06,166.97000122070312,169.6199951171875,154.25999450683594,153.8000030517578,153.8000030517578,8339.0,CT=F,USX,NYM
2011-05-09,145.10000610351562,148.55999755859375,143.2100067138672,145.39999389648438,145.39999389648438,7286.0,CT=F,USX,NYM
2011-05-10,144.57000732421875,151.39999389648438,143.0,151.39999389648438,151.39999389648438,12510.0,CT=F,USX,NYM
2011-05-11,152.0,155.1199951171875,147.75999450683594,150.3000030517578,150.3000030517578,11839.0,CT=F,USX,NYM
2011-05-12,151.61000061035156,151.9199981689453,144.3000030517578,144.3000030517578,144.3000030517578,6761.0,CT=F,USX,NYM
2011-05-13,143.0,148.49000549316406,142.05999755859375,145.14999389648438,145.14999389648438,8057.0,CT=F,USX,NYM
2011-05-16,146.6999969482422,151.14999389648438,145.17999267578125,151.14999389648438,151.14999389648438,7991.0,CT=F,USX,NYM
2011-05-17,152.0500030517578,157.86000061035156,150.8300018310547,155.0399932861328,155.0399932861328,13445.0,CT=F,USX,NYM
2011-05-18,155.9499969482422,160.8000030517578,155.3000030517578,159.86000061035156,159.86000061035156,8593.0,CT=F,USX,NYM
2011-05-19,159.63999938964844,161.32000732421875,153.86000061035156,155.64999389648438,155.64999389648438,9046.0,CT=F,USX,NYM
2011-05-20,155.0,157.02000427246094,150.05999755859375,155.61000061035156,155.61000061035156,7329.0,CT=F,USX,NYM
2011-05-23,155.85000610351562,157.47000122070312,153.2100067138672,153.88999938964844,153.88999938964844,3971.0,CT=F,USX,NYM
2011-05-24,153.88999938964844,157.74000549316406,153.5,153.8800048828125,153.8800048828125,7935.0,CT=F,USX,NYM
2011-05-25,153.8800048828125,159.6699981689453,153.64999389648438,156.02999877929688,156.02999877929688,9065.0,CT=F,USX,NYM
2011-05-26,156.02999877929688,158.44000244140625,150.75,151.02999877929688,151.02999877929688,10109.0,CT=F,USX,NYM
2011-05-27,151.0500030517578,154.5,151.02999877929688,152.6699981689453,152.6699981689453,0.0,CT=F,USX,NYM
2011-05-31,153.4499969482422,158.6699981689453,153.39999389648438,158.6699981689453,158.6699981689453,6454.0,CT=F,USX,NYM
2011-06-01,161.38999938964844,163.0,158.5,160.97000122070312,160.97000122070312,12817.0,CT=F,USX,NYM
2011-06-02,163.61000061035156,166.22999572753906,159.14999389648438,164.24000549316406,164.24000549316406,16791.0,CT=F,USX,NYM
2011-06-03,165.22999572753906,168.49000549316406,160.66000366210938,161.6300048828125,161.6300048828125,12984.0,CT=F,USX,NYM
2011-06-06,161.5500030517578,163.55999755859375,155.6300048828125,155.6300048828125,155.6300048828125,12621.0,CT=F,USX,NYM
2011-06-07,155.0,156.0,148.6300048828125,148.6300048828125,148.6300048828125,14363.0,CT=F,USX,NYM
2011-06-08,147.9499969482422,150.14999389648438,144.30999755859375,145.0500030517578,145.0500030517578,16850.0,CT=F,USX,NYM
2011-06-09,146.0500030517578,151.0500030517578,145.36000061035156,151.0500030517578,151.0500030517578,10714.0,CT=F,USX,NYM
2011-06-10,152.1999969482422,154.39999389648438,148.5,150.02999877929688,150.02999877929688,22392.0,CT=F,USX,NYM
2011-06-13,150.10000610351562,152.8000030517578,146.83999633789062,150.9499969482422,150.9499969482422,13639.0,CT=F,USX,NYM
2011-06-14,150.6999969482422,155.85000610351562,149.32000732421875,155.5399932861328,155.5399932861328,9097.0,CT=F,USX,NYM
2011-06-15,155.5,158.0,150.2899932861328,151.9600067138672,151.9600067138672,8469.0,CT=F,USX,NYM
2011-06-16,151.0,152.75,145.9600067138672,145.9600067138672,145.9600067138672,5982.0,CT=F,USX,NYM
2011-06-17,145.9600067138672,148.32000732421875,144.10000610351562,145.17999267578125,145.17999267578125,7442.0,CT=F,USX,NYM
2011-06-20,145.39999389648438,150.60000610351562,144.10000610351562,148.72999572753906,148.72999572753906,4516.0,CT=F,USX,NYM
2011-06-21,149.0500030517578,154.72999572753906,149.0399932861328,154.72999572753906,154.72999572753906,9639.0,CT=F,USX,NYM
2011-06-22,156.1999969482422,161.5800018310547,156.1999969482422,161.22000122070312,161.22000122070312,12117.0,CT=F,USX,NYM
2011-06-23,162.0,166.6999969482422,162.0,164.5500030517578,164.5500030517578,6402.0,CT=F,USX,NYM
2011-06-24,165.9199981689453,166.58999633789062,163.39999389648438,165.22000122070312,165.22000122070312,230.0,CT=F,USX,NYM
2011-06-27,161.5,164.08999633789062,158.60000610351562,162.0,162.0,288.0,CT=F,USX,NYM
2011-06-28,159.02999877929688,161.89999389648438,159.02000427246094,160.91000366210938,160.91000366210938,76.0,CT=F,USX,NYM
2011-06-29,161.9600067138672,162.75,161.0,162.13999938964844,162.13999938964844,51.0,CT=F,USX,NYM
2011-06-30,162.75,163.0,158.0,159.7899932861328,159.7899932861328,242.0,CT=F,USX,NYM
2011-07-01,160.1999969482422,161.5,160.0,161.41000366210938,161.41000366210938,0.0,CT=F,USX,NYM
2011-07-05,161.5,162.0500030517578,158.0,159.0,159.0,282.0,CT=F,USX,NYM
2011-07-06,159.97000122070312,160.9499969482422,152.0,155.39999389648438,155.39999389648438,147.0,CT=F,USX,NYM
2011-07-07,148.0,151.25,135.57000732421875,136.1999969482422,136.1999969482422,73.0,CT=F,USX,NYM
2011-07-08,117.0,119.33000183105469,116.08999633789062,116.58000183105469,116.58000183105469,40.0,CT=F,USX,NYM
2011-07-11,115.7699966430664,115.7699966430664,111.58000183105469,111.58000183105469,111.58000183105469,55.0,CT=F,USX,NYM
2011-07-12,107.94999694824219,110.48999786376953,106.58000183105469,106.58999633789062,106.58999633789062,149.0,CT=F,USX,NYM
2011-07-13,107.0,111.58999633789062,106.6500015258789,110.3499984741211,110.3499984741211,81.0,CT=F,USX,NYM
2011-07-14,110.9800033569336,111.58999633789062,106.3499984741211,106.3499984741211,106.3499984741211,54.0,CT=F,USX,NYM
2011-07-15,105.0,105.0,101.3499984741211,101.45999908447266,101.45999908447266,98.0,CT=F,USX,NYM
2011-07-18,101.3499984741211,101.3499984741211,96.45999908447266,97.94999694824219,97.94999694824219,182.0,CT=F,USX,NYM
2011-07-19,98.55000305175781,101.94999694824219,98.55000305175781,101.94999694824219,101.94999694824219,63.0,CT=F,USX,NYM
2011-07-20,101.19999694824219,102.4000015258789,98.66999816894531,101.29000091552734,101.29000091552734,57.0,CT=F,USX,NYM
2011-07-21,100.4000015258789,100.44999694824219,97.30000305175781,99.33000183105469,99.33000183105469,49.0,CT=F,USX,NYM
2011-07-22,100.37000274658203,101.0,97.43000030517578,99.13999938964844,99.13999938964844,31.0,CT=F,USX,NYM
2011-07-25,98.91000366210938,98.95999908447266,95.20999908447266,97.08999633789062,97.08999633789062,67.0,CT=F,USX,NYM
2011-07-26,97.68000030517578,101.08999633789062,93.5,101.08999633789062,101.08999633789062,88.0,CT=F,USX,NYM
2011-07-27,101.86000061035156,104.66000366210938,101.0199966430664,103.8499984741211,103.8499984741211,61.0,CT=F,USX,NYM
2011-07-28,103.83999633789062,103.83999633789062,101.30000305175781,102.80999755859375,102.80999755859375,30.0,CT=F,USX,NYM
2011-07-29,103.1500015258789,103.37999725341797,98.80999755859375,102.08000183105469,102.08000183105469,99.0,CT=F,USX,NYM
2011-08-01,100.9000015258789,105.98999786376953,100.61000061035156,105.58999633789062,105.58999633789062,121.0,CT=F,USX,NYM
2011-08-02,105.69999694824219,108.4000015258789,102.5999984741211,107.16999816894531,107.16999816894531,127.0,CT=F,USX,NYM
2011-08-03,106.5199966430664,106.52999877929688,103.52999877929688,104.41999816894531,104.41999816894531,85.0,CT=F,USX,NYM
2011-08-04,104.5999984741211,105.70999908447266,102.73999786376953,105.01000213623047,105.01000213623047,44.0,CT=F,USX,NYM
2011-08-05,103.0999984741211,104.9000015258789,101.0199966430664,101.4800033569336,101.4800033569336,90.0,CT=F,USX,NYM
2011-08-08,100.43000030517578,103.41000366210938,98.5,99.01000213623047,99.01000213623047,79.0,CT=F,USX,NYM
2011-08-09,97.7699966430664,100.62000274658203,95.01000213623047,97.26000213623047,97.26000213623047,89.0,CT=F,USX,NYM
2011-08-10,99.0,99.83999633789062,97.0,99.16000366210938,99.16000366210938,25.0,CT=F,USX,NYM
2011-08-11,99.5,99.5999984741211,97.26000213623047,97.79000091552734,97.79000091552734,20.0,CT=F,USX,NYM
2011-08-12,98.0,101.25,97.98999786376953,100.72000122070312,100.72000122070312,66.0,CT=F,USX,NYM
2011-08-15,101.02999877929688,105.72000122070312,101.0,105.02999877929688,105.02999877929688,75.0,CT=F,USX,NYM
2011-08-16,104.5,104.5,103.58999633789062,104.62000274658203,104.62000274658203,31.0,CT=F,USX,NYM
2011-08-17,103.88999938964844,108.62000274658203,103.88999938964844,108.43000030517578,108.43000030517578,39.0,CT=F,USX,NYM
2011-08-18,107.98999786376953,107.98999786376953,104.68000030517578,107.55000305175781,107.55000305175781,30.0,CT=F,USX,NYM
2011-08-19,106.87000274658203,108.0,105.9000015258789,106.76000213623047,106.76000213623047,22.0,CT=F,USX,NYM
2011-08-22,105.5,106.83999633789062,105.30000305175781,106.61000061035156,106.61000061035156,49.0,CT=F,USX,NYM
2011-08-23,106.0199966430664,107.30999755859375,105.8499984741211,105.13999938964844,105.13999938964844,19.0,CT=F,USX,NYM
2011-08-24,106.75,108.5,104.62000274658203,104.62000274658203,104.62000274658203,32.0,CT=F,USX,NYM
2011-08-25,105.08999633789062,105.08999633789062,100.9800033569336,102.58999633789062,102.58999633789062,17.0,CT=F,USX,NYM
2011-08-26,103.0999984741211,104.86000061035156,101.88999938964844,103.91999816894531,103.91999816894531,16.0,CT=F,USX,NYM
2011-08-29,103.0999984741211,105.41000366210938,103.0999984741211,104.7699966430664,104.7699966430664,10.0,CT=F,USX,NYM
2011-08-30,104.44999694824219,105.58000183105469,103.5999984741211,104.91000366210938,104.91000366210938,28.0,CT=F,USX,NYM
2011-08-31,105.0,106.0,104.69999694824219,105.87999725341797,105.87999725341797,28.0,CT=F,USX,NYM
2011-09-01,106.80000305175781,107.0,106.68000030517578,106.08000183105469,106.08000183105469,83.0,CT=F,USX,NYM
2011-09-02,107.0,107.0,105.83000183105469,106.58999633789062,106.58999633789062,0.0,CT=F,USX,NYM
2011-09-06,105.29000091552734,106.1500015258789,104.66000366210938,106.23999786376953,106.23999786376953,165.0,CT=F,USX,NYM
2011-09-07,106.81999969482422,110.23999786376953,106.81999969482422,110.23999786376953,110.23999786376953,42.0,CT=F,USX,NYM
2011-09-08,111.13999938964844,114.19000244140625,111.02999877929688,112.44999694824219,112.44999694824219,72.0,CT=F,USX,NYM
2011-09-09,112.75,112.75,109.94999694824219,110.30000305175781,110.30000305175781,18.0,CT=F,USX,NYM
2011-09-12,110.23999786376953,110.5999984741211,109.86000061035156,110.72000122070312,110.72000122070312,12.0,CT=F,USX,NYM
2011-09-13,110.7699966430664,111.77999877929688,109.80000305175781,111.55999755859375,111.55999755859375,122.0,CT=F,USX,NYM
2011-09-14,111.36000061035156,113.5,111.19999694824219,113.38999938964844,113.38999938964844,56.0,CT=F,USX,NYM
2011-09-15,112.87000274658203,113.94000244140625,109.69999694824219,110.62000274658203,110.62000274658203,43.0,CT=F,USX,NYM
2011-09-16,109.19999694824219,109.83999633789062,108.94999694824219,109.08000183105469,109.08000183105469,13.0,CT=F,USX,NYM
2011-09-19,108.7300033569336,108.7300033569336,104.3499984741211,104.08000183105469,104.08000183105469,32.0,CT=F,USX,NYM
2011-09-20,102.44999694824219,105.1500015258789,102.44999694824219,103.80999755859375,103.80999755859375,16.0,CT=F,USX,NYM
2011-09-21,103.86000061035156,103.86000061035156,101.25,101.2699966430664,101.2699966430664,26.0,CT=F,USX,NYM
2011-09-22,101.2699966430664,101.3499984741211,97.2699966430664,97.63999938964844,97.63999938964844,35.0,CT=F,USX,NYM
2011-09-23,98.0,99.9000015258789,98.0,99.98999786376953,99.98999786376953,67.0,CT=F,USX,NYM
2011-09-26,100.06999969482422,100.06999969482422,100.02999877929688,98.43000030517578,98.43000030517578,2.0,CT=F,USX,NYM
2011-09-27,98.97000122070312,99.38999938964844,98.97000122070312,98.8499984741211,98.8499984741211,2.0,CT=F,USX,NYM
2011-09-28,98.04000091552734,98.04000091552734,98.04000091552734,98.33000183105469,98.33000183105469,2.0,CT=F,USX,NYM
2011-09-29,100.97000122070312,100.97000122070312,100.97000122070312,100.97000122070312,100.97000122070312,2.0,CT=F,USX,NYM
2011-09-30,98.69999694824219,99.30999755859375,98.69999694824219,98.70999908447266,98.70999908447266,6.0,CT=F,USX,NYM
2011-10-03,99.29000091552734,99.29000091552734,99.29000091552734,97.75,97.75,1.0,CT=F,USX,NYM
2011-10-04,99.69000244140625,103.98999786376953,99.69000244140625,100.91999816894531,100.91999816894531,4.0,CT=F,USX,NYM
2011-10-05,103.0,103.0,102.5,102.75,102.75,17.0,CT=F,USX,NYM
2011-10-06,102.25,102.25,102.25,102.25,102.25,17.0,CT=F,USX,NYM
2011-10-07,101.4800033569336,101.4800033569336,101.4800033569336,101.4800033569336,101.4800033569336,4693.0,CT=F,USX,NYM
2011-10-10,102.12000274658203,103.9000015258789,102.11000061035156,103.33999633789062,103.33999633789062,6516.0,CT=F,USX,NYM
2011-10-11,103.5,104.0,102.69000244140625,103.47000122070312,103.47000122070312,6316.0,CT=F,USX,NYM
2011-10-12,103.01000213623047,104.0,99.66999816894531,100.51000213623047,100.51000213623047,12331.0,CT=F,USX,NYM
2011-10-13,100.4000015258789,102.4800033569336,100.11000061035156,101.55999755859375,101.55999755859375,7846.0,CT=F,USX,NYM
2011-10-14,101.08000183105469,103.6500015258789,101.08000183105469,101.94000244140625,101.94000244140625,6766.0,CT=F,USX,NYM
2011-10-17,102.0,102.4800033569336,99.88999938964844,100.36000061035156,100.36000061035156,12629.0,CT=F,USX,NYM
2011-10-18,100.81999969482422,100.81999969482422,99.61000061035156,100.18000030517578,100.18000030517578,6656.0,CT=F,USX,NYM
2011-10-19,100.3499984741211,101.41999816894531,99.5999984741211,99.72000122070312,99.72000122070312,7957.0,CT=F,USX,NYM
2011-10-20,99.5999984741211,100.04000091552734,96.77999877929688,96.86000061035156,96.86000061035156,15052.0,CT=F,USX,NYM
2011-10-21,96.8499984741211,98.80000305175781,96.47000122070312,97.0999984741211,97.0999984741211,9746.0,CT=F,USX,NYM
2011-10-24,97.0999984741211,98.38999938964844,96.95999908447266,97.94000244140625,97.94000244140625,7958.0,CT=F,USX,NYM
2011-10-25,98.19000244140625,100.62999725341797,97.56999969482422,99.68000030517578,99.68000030517578,17590.0,CT=F,USX,NYM
2011-10-26,99.68000030517578,100.7300033569336,99.4800033569336,100.31999969482422,100.31999969482422,8169.0,CT=F,USX,NYM
2011-10-27,100.30000305175781,104.31999969482422,99.91000366210938,104.31999969482422,104.31999969482422,14677.0,CT=F,USX,NYM
2011-10-28,104.33999633789062,105.05000305175781,102.58999633789062,104.37000274658203,104.37000274658203,15773.0,CT=F,USX,NYM
2011-10-31,104.0,104.63999938964844,101.13999938964844,102.29000091552734,102.29000091552734,13389.0,CT=F,USX,NYM
2011-11-01,102.75,102.75,98.7699966430664,99.54000091552734,99.54000091552734,19695.0,CT=F,USX,NYM
2011-11-02,99.5,100.69999694824219,98.0,98.33999633789062,98.33999633789062,11598.0,CT=F,USX,NYM
2011-11-03,98.61000061035156,99.44000244140625,97.30000305175781,98.12000274658203,98.12000274658203,11022.0,CT=F,USX,NYM
2011-11-04,98.12000274658203,99.81999969482422,98.05000305175781,98.73999786376953,98.73999786376953,7235.0,CT=F,USX,NYM
2011-11-07,98.66999816894531,98.95999908447266,96.51000213623047,96.76000213623047,96.76000213623047,14010.0,CT=F,USX,NYM
2011-11-08,96.9800033569336,97.95999908447266,95.95999908447266,97.62000274658203,97.62000274658203,16226.0,CT=F,USX,NYM
2011-11-09,97.91000366210938,98.18000030517578,96.62000274658203,97.18000030517578,97.18000030517578,12632.0,CT=F,USX,NYM
2011-11-10,97.18000030517578,100.77999877929688,96.80999755859375,99.5,99.5,25569.0,CT=F,USX,NYM
2011-11-11,99.2699966430664,99.98999786376953,98.41999816894531,99.23999786376953,99.23999786376953,19615.0,CT=F,USX,NYM
2011-11-14,99.87999725341797,100.9000015258789,97.79000091552734,100.79000091552734,100.79000091552734,14840.0,CT=F,USX,NYM
2011-11-15,100.11000061035156,104.69000244140625,100.11000061035156,102.66000366210938,102.66000366210938,35212.0,CT=F,USX,NYM
2011-11-16,102.5,104.36000061035156,102.06999969482422,103.5,103.5,9586.0,CT=F,USX,NYM
2011-11-17,103.05999755859375,103.95999908447266,99.5,99.5,99.5,5723.0,CT=F,USX,NYM
2011-11-18,99.19000244140625,100.1500015258789,94.7699966430664,94.80999755859375,94.80999755859375,5294.0,CT=F,USX,NYM
2011-11-21,95.16000366210938,95.77999877929688,90.80999755859375,90.80999755859375,90.80999755859375,6631.0,CT=F,USX,NYM
2011-11-22,90.69999694824219,90.75,87.5,89.94999694824219,89.94999694824219,4051.0,CT=F,USX,NYM
2011-11-23,90.25,91.69999694824219,89.22000122070312,90.70999908447266,90.70999908447266,0.0,CT=F,USX,NYM
2011-11-25,91.55000305175781,91.55000305175781,90.4000015258789,90.81999969482422,90.81999969482422,44.0,CT=F,USX,NYM
2011-11-28,92.0999984741211,92.0999984741211,91.0999984741211,91.30000305175781,91.30000305175781,28.0,CT=F,USX,NYM
2011-11-29,91.23999786376953,92.7300033569336,88.38999938964844,92.69000244140625,92.69000244140625,98.0,CT=F,USX,NYM
2011-11-30,93.45999908447266,93.5,92.4000015258789,90.30999755859375,90.30999755859375,13.0,CT=F,USX,NYM
2011-12-01,92.0,92.0,91.5,90.69999694824219,90.69999694824219,28.0,CT=F,USX,NYM
2011-12-02,91.27999877929688,91.73999786376953,90.9000015258789,91.3499984741211,91.3499984741211,24.0,CT=F,USX,NYM
2011-12-05,92.5,92.58999633789062,90.93000030517578,91.51000213623047,91.51000213623047,19.0,CT=F,USX,NYM
2011-12-06,91.93000030517578,93.6500015258789,91.93000030517578,93.30999755859375,93.30999755859375,10.0,CT=F,USX,NYM
2011-12-07,91.5999984741211,91.5999984741211,91.5999984741211,91.5999984741211,91.5999984741211,6375.0,CT=F,USX,NYM
2011-12-08,92.58999633789062,92.98999786376953,91.66000366210938,92.05000305175781,92.05000305175781,4321.0,CT=F,USX,NYM
2011-12-09,91.94999694824219,92.75,90.1500015258789,90.43000030517578,90.43000030517578,8266.0,CT=F,USX,NYM
2011-12-12,90.44999694824219,90.83999633789062,87.05999755859375,87.16000366210938,87.16000366210938,12339.0,CT=F,USX,NYM
2011-12-13,87.16000366210938,88.22000122070312,86.62999725341797,87.30999755859375,87.30999755859375,7808.0,CT=F,USX,NYM
2011-12-14,87.30999755859375,87.41999816894531,84.3499984741211,85.12000274658203,85.12000274658203,10647.0,CT=F,USX,NYM
2011-12-15,85.12000274658203,86.70999908447266,85.0,86.29000091552734,86.29000091552734,6627.0,CT=F,USX,NYM
2011-12-16,86.80000305175781,88.29000091552734,85.58000183105469,86.29000091552734,86.29000091552734,5069.0,CT=F,USX,NYM
2011-12-19,86.23999786376953,87.5,85.9000015258789,87.08999633789062,87.08999633789062,3788.0,CT=F,USX,NYM
2011-12-20,87.0,88.13999938964844,86.44999694824219,86.80000305175781,86.80000305175781,5302.0,CT=F,USX,NYM
2011-12-21,86.94000244140625,87.37999725341797,86.26000213623047,86.83999633789062,86.83999633789062,5403.0,CT=F,USX,NYM
2011-12-22,86.5999984741211,87.44000244140625,86.5999984741211,87.23999786376953,87.23999786376953,3602.0,CT=F,USX,NYM
2011-12-23,87.12000274658203,87.6500015258789,86.86000061035156,87.23999786376953,87.23999786376953,0.0,CT=F,USX,NYM
2011-12-27,87.25,88.12000274658203,87.23999786376953,87.91000366210938,87.91000366210938,2306.0,CT=F,USX,NYM
2011-12-28,87.87999725341797,91.91000366210938,87.75,90.68000030517578,90.68000030517578,18747.0,CT=F,USX,NYM
2011-12-29,90.43000030517578,92.08999633789062,89.52999877929688,91.62999725341797,91.62999725341797,6924.0,CT=F,USX,NYM
2011-12-30,91.56999969482422,91.8499984741211,90.80000305175781,91.80000305175781,91.80000305175781,0.0,CT=F,USX,NYM
2012-01-03,92.25,95.80000305175781,91.8499984741211,95.80000305175781,95.80000305175781,17767.0,CT=F,USX,NYM
2012-01-04,95.80000305175781,96.4800033569336,94.75,95.91999816894531,95.91999816894531,14682.0,CT=F,USX,NYM
2012-01-05,95.38999938964844,95.91999816894531,94.37999725341797,94.73999786376953,94.73999786376953,9293.0,CT=F,USX,NYM
2012-01-06,95.0,95.91999816894531,94.4000015258789,95.86000061035156,95.86000061035156,7880.0,CT=F,USX,NYM
2012-01-09,96.0,96.9000015258789,93.22000122070312,96.44000244140625,96.44000244140625,17813.0,CT=F,USX,NYM
2012-01-10,96.5,97.08000183105469,95.69999694824219,96.95999908447266,96.95999908447266,10067.0,CT=F,USX,NYM
2012-01-11,96.95999908447266,97.27999877929688,95.19999694824219,96.87000274658203,96.87000274658203,10449.0,CT=F,USX,NYM
2012-01-12,96.56999969482422,97.5,94.12999725341797,95.69000244140625,95.69000244140625,18474.0,CT=F,USX,NYM
2012-01-13,95.55000305175781,95.9800033569336,94.5199966430664,95.47000122070312,95.47000122070312,0.0,CT=F,USX,NYM
2012-01-17,95.94000244140625,99.47000122070312,95.66999816894531,98.19000244140625,98.19000244140625,18922.0,CT=F,USX,NYM
2012-01-18,98.16000366210938,98.16000366210938,95.80000305175781,97.52999877929688,97.52999877929688,12563.0,CT=F,USX,NYM
2012-01-19,97.5,98.5,96.76000213623047,98.16999816894531,98.16999816894531,10788.0,CT=F,USX,NYM
2012-01-20,98.0,98.69999694824219,97.41000366210938,98.5999984741211,98.5999984741211,9072.0,CT=F,USX,NYM
2012-01-23,98.38999938964844,99.44000244140625,98.05999755859375,99.37000274658203,99.37000274658203,9314.0,CT=F,USX,NYM
2012-01-24,99.0,99.47000122070312,97.12999725341797,98.18000030517578,98.18000030517578,10234.0,CT=F,USX,NYM
2012-01-25,97.98999786376953,98.05000305175781,94.58999633789062,96.91999816894531,96.91999816894531,15156.0,CT=F,USX,NYM
2012-01-26,96.66000366210938,97.41000366210938,95.29000091552734,95.58999633789062,95.58999633789062,11201.0,CT=F,USX,NYM
2012-01-27,95.30000305175781,96.48999786376953,95.30000305175781,95.61000061035156,95.61000061035156,7465.0,CT=F,USX,NYM
2012-01-30,95.62999725341797,96.30000305175781,94.11000061035156,94.1500015258789,94.1500015258789,13539.0,CT=F,USX,NYM
2012-01-31,94.62000274658203,95.29000091552734,93.11000061035156,93.25,93.25,17923.0,CT=F,USX,NYM
2012-02-01,93.55999755859375,94.20999908447266,93.19999694824219,93.38999938964844,93.38999938964844,14151.0,CT=F,USX,NYM
2012-02-02,93.4000015258789,94.87999725341797,92.69000244140625,94.20999908447266,94.20999908447266,13208.0,CT=F,USX,NYM
2012-02-03,95.0,97.86000061035156,94.12000274658203,96.33999633789062,96.33999633789062,14224.0,CT=F,USX,NYM
2012-02-06,96.95999908447266,97.26000213623047,95.9000015258789,96.30999755859375,96.30999755859375,11567.0,CT=F,USX,NYM
2012-02-07,96.30999755859375,96.93000030517578,94.3499984741211,94.56999969482422,94.56999969482422,15812.0,CT=F,USX,NYM
2012-02-08,94.7699966430664,95.79000091552734,93.5199966430664,93.62000274658203,93.62000274658203,14168.0,CT=F,USX,NYM
2012-02-09,93.8499984741211,94.44000244140625,90.2300033569336,90.37999725341797,90.37999725341797,32582.0,CT=F,USX,NYM
2012-02-10,91.12000274658203,91.45999908447266,89.98999786376953,90.61000061035156,90.61000061035156,21883.0,CT=F,USX,NYM
2012-02-13,90.86000061035156,93.05000305175781,90.62000274658203,91.5199966430664,91.5199966430664,13911.0,CT=F,USX,NYM
2012-02-14,91.44999694824219,92.33999633789062,91.0,92.25,92.25,11858.0,CT=F,USX,NYM
2012-02-15,92.25,94.37000274658203,92.1500015258789,92.5,92.5,17971.0,CT=F,USX,NYM
2012-02-16,92.4000015258789,92.80000305175781,91.80000305175781,92.44999694824219,92.44999694824219,10562.0,CT=F,USX,NYM
2012-02-17,92.44999694824219,93.2699966430664,91.30999755859375,91.44999694824219,91.44999694824219,10690.0,CT=F,USX,NYM
2012-02-21,91.86000061035156,92.23999786376953,91.12000274658203,91.25,91.25,7736.0,CT=F,USX,NYM
2012-02-22,91.19999694824219,91.6500015258789,88.5,88.56999969482422,88.56999969482422,6876.0,CT=F,USX,NYM
2012-02-23,88.8499984741211,88.8499984741211,87.45999908447266,87.4800033569336,87.4800033569336,207.0,CT=F,USX,NYM
2012-02-24,88.4800033569336,90.11000061035156,88.22000122070312,89.8499984741211,89.8499984741211,146.0,CT=F,USX,NYM
2012-02-27,90.37000274658203,90.37999725341797,89.5999984741211,90.4000015258789,90.4000015258789,51.0,CT=F,USX,NYM
2012-02-28,90.97000122070312,92.12000274658203,90.97000122070312,91.66000366210938,91.66000366210938,11.0,CT=F,USX,NYM
2012-02-29,91.0,91.69999694824219,90.0999984741211,89.86000061035156,89.86000061035156,13.0,CT=F,USX,NYM
2012-03-01,90.0999984741211,90.0999984741211,87.37999725341797,88.45999908447266,88.45999908447266,14.0,CT=F,USX,NYM
2012-03-02,88.29000091552734,88.29000091552734,87.5999984741211,87.45999908447266,87.45999908447266,50.0,CT=F,USX,NYM
2012-03-05,96.20999908447266,96.20999908447266,90.0,92.70999908447266,92.70999908447266,10.0,CT=F,USX,NYM
2012-03-06,93.19999694824219,94.27999877929688,91.75,92.37000274658203,92.37000274658203,26.0,CT=F,USX,NYM
2012-03-07,92.05999755859375,92.16000366210938,91.37999725341797,91.37999725341797,91.37999725341797,66.0,CT=F,USX,NYM
2012-03-08,89.4800033569336,89.4800033569336,89.4800033569336,89.4800033569336,89.4800033569336,9095.0,CT=F,USX,NYM
2012-03-09,89.69999694824219,90.45999908447266,88.25,88.80000305175781,88.80000305175781,11966.0,CT=F,USX,NYM
2012-03-12,88.18000030517578,89.16000366210938,87.01000213623047,88.0,88.0,12929.0,CT=F,USX,NYM
2012-03-13,88.0,88.93000030517578,87.94000244140625,88.04000091552734,88.04000091552734,10676.0,CT=F,USX,NYM
2012-03-14,88.1500015258789,88.58999633789062,87.05000305175781,87.13999938964844,87.13999938964844,9570.0,CT=F,USX,NYM
2012-03-15,87.20999908447266,88.26000213623047,87.06999969482422,87.33999633789062,87.33999633789062,11189.0,CT=F,USX,NYM
2012-03-16,87.19999694824219,88.16999816894531,87.0,87.4800033569336,87.4800033569336,7715.0,CT=F,USX,NYM
2012-03-19,87.7300033569336,89.58000183105469,87.62000274658203,89.08000183105469,89.08000183105469,12708.0,CT=F,USX,NYM
2012-03-20,88.95999908447266,89.0999984741211,87.43000030517578,87.9000015258789,87.9000015258789,11116.0,CT=F,USX,NYM
2012-03-21,87.86000061035156,89.48999786376953,87.86000061035156,88.30999755859375,88.30999755859375,8954.0,CT=F,USX,NYM
2012-03-22,88.5,89.73999786376953,88.05000305175781,89.58000183105469,89.58000183105469,11366.0,CT=F,USX,NYM
2012-03-23,89.58000183105469,90.5,89.31999969482422,89.62999725341797,89.62999725341797,9235.0,CT=F,USX,NYM
2012-03-26,89.6500015258789,91.01000213623047,89.36000061035156,90.91000366210938,90.91000366210938,12810.0,CT=F,USX,NYM
2012-03-27,91.0,93.18000030517578,90.41000366210938,92.58999633789062,92.58999633789062,20582.0,CT=F,USX,NYM
2012-03-28,92.37999725341797,94.08000183105469,91.9000015258789,94.02999877929688,94.02999877929688,17031.0,CT=F,USX,NYM
2012-03-29,94.0,94.38999938964844,93.06999969482422,93.54000091552734,93.54000091552734,18052.0,CT=F,USX,NYM
2012-03-30,93.54000091552734,94.0,92.27999877929688,93.5199966430664,93.5199966430664,13361.0,CT=F,USX,NYM
2012-04-02,93.5199966430664,93.69999694824219,92.05000305175781,93.12000274658203,93.12000274658203,13827.0,CT=F,USX,NYM
2012-04-03,93.19000244140625,93.80000305175781,92.41000366210938,92.63999938964844,92.63999938964844,12710.0,CT=F,USX,NYM
2012-04-04,92.54000091552734,92.63999938964844,88.91999816894531,89.31999969482422,89.31999969482422,20871.0,CT=F,USX,NYM
2012-04-05,89.43000030517578,90.44000244140625,88.19999694824219,88.54000091552734,88.54000091552734,0.0,CT=F,USX,NYM
2012-04-09,88.54000091552734,90.23999786376953,88.5,89.4800033569336,89.4800033569336,15450.0,CT=F,USX,NYM
2012-04-10,89.52999877929688,90.9000015258789,89.33999633789062,89.7300033569336,89.7300033569336,26208.0,CT=F,USX,NYM
2012-04-11,89.7300033569336,92.62000274658203,89.69999694824219,91.37999725341797,91.37999725341797,21746.0,CT=F,USX,NYM
2012-04-12,91.41000366210938,93.30000305175781,91.0999984741211,93.0,93.0,19633.0,CT=F,USX,NYM
2012-04-13,93.01000213623047,93.75,91.01000213623047,92.08000183105469,92.08000183105469,29440.0,CT=F,USX,NYM
2012-04-16,92.0,92.12999725341797,88.08000183105469,88.08000183105469,88.08000183105469,19245.0,CT=F,USX,NYM
2012-04-17,88.04000091552734,90.12999725341797,87.41999816894531,89.43000030517578,89.43000030517578,10312.0,CT=F,USX,NYM
2012-04-18,89.72000122070312,93.43000030517578,89.5,91.93000030517578,91.93000030517578,13200.0,CT=F,USX,NYM
2012-04-19,92.29000091552734,93.11000061035156,90.55999755859375,91.52999877929688,91.52999877929688,3287.0,CT=F,USX,NYM
2012-04-20,91.2699966430664,91.68000030517578,89.69999694824219,90.04000091552734,90.04000091552734,3748.0,CT=F,USX,NYM
2012-04-23,90.05999755859375,91.1500015258789,89.30000305175781,90.4000015258789,90.4000015258789,2038.0,CT=F,USX,NYM
2012-04-24,89.91000366210938,91.4000015258789,88.5,89.36000061035156,89.36000061035156,46.0,CT=F,USX,NYM
2012-04-25,90.0,90.0,89.0,88.88999938964844,88.88999938964844,32.0,CT=F,USX,NYM
2012-04-26,89.0999984741211,90.3499984741211,88.95999908447266,90.30999755859375,90.30999755859375,50.0,CT=F,USX,NYM
2012-04-27,90.37000274658203,90.37000274658203,88.7699966430664,89.2300033569336,89.2300033569336,51.0,CT=F,USX,NYM
2012-04-30,87.37000274658203,87.37000274658203,85.11000061035156,87.25,87.25,20.0,CT=F,USX,NYM
2012-05-01,86.94999694824219,87.70999908447266,86.94999694824219,87.51000213623047,87.51000213623047,6.0,CT=F,USX,NYM
2012-05-02,87.45999908447266,87.45999908447266,87.45999908447266,87.45999908447266,87.45999908447266,6.0,CT=F,USX,NYM
2012-05-03,88.04000091552734,88.04000091552734,87.4000015258789,87.23999786376953,87.23999786376953,7.0,CT=F,USX,NYM
2012-05-04,87.2300033569336,87.83000183105469,86.70999908447266,86.06999969482422,86.06999969482422,15.0,CT=F,USX,NYM
2012-05-07,84.83999633789062,84.83999633789062,84.83999633789062,84.83999633789062,84.83999633789062,1.0,CT=F,USX,NYM
2012-05-08,85.33999633789062,85.33999633789062,85.33999633789062,84.51000213623047,84.51000213623047,14384.0,CT=F,USX,NYM
2012-05-09,87.33999633789062,87.33999633789062,85.30999755859375,85.81999969482422,85.81999969482422,14499.0,CT=F,USX,NYM
2012-05-10,85.8499984741211,86.30000305175781,81.81999969482422,81.81999969482422,81.81999969482422,28100.0,CT=F,USX,NYM
2012-05-11,81.5,81.76000213623047,77.16000366210938,78.97000122070312,78.97000122070312,26753.0,CT=F,USX,NYM
2012-05-14,78.7699966430664,79.9000015258789,77.8499984741211,78.81999969482422,78.81999969482422,15066.0,CT=F,USX,NYM
2012-05-15,78.72000122070312,80.6500015258789,78.5,79.16000366210938,79.16000366210938,14218.0,CT=F,USX,NYM
2012-05-16,79.19999694824219,79.33999633789062,76.8499984741211,76.97000122070312,76.97000122070312,16869.0,CT=F,USX,NYM
2012-05-17,77.0999984741211,78.2300033569336,76.26000213623047,76.6500015258789,76.6500015258789,11245.0,CT=F,USX,NYM
2012-05-18,76.75,78.12000274658203,76.47000122070312,77.98999786376953,77.98999786376953,9748.0,CT=F,USX,NYM
2012-05-21,77.98999786376953,79.05000305175781,76.48999786376953,77.5199966430664,77.5199966430664,12566.0,CT=F,USX,NYM
2012-05-22,77.8499984741211,78.01000213623047,74.5199966430664,74.5199966430664,74.5199966430664,14060.0,CT=F,USX,NYM
2012-05-23,74.1500015258789,74.26000213623047,70.52999877929688,71.51000213623047,71.51000213623047,19548.0,CT=F,USX,NYM
2012-05-24,72.0,74.5,71.87000274658203,73.94000244140625,73.94000244140625,16277.0,CT=F,USX,NYM
2012-05-25,74.30000305175781,74.76000213623047,72.6500015258789,73.62000274658203,73.62000274658203,0.0,CT=F,USX,NYM
2012-05-29,73.6500015258789,75.33000183105469,72.44999694824219,72.80000305175781,72.80000305175781,13381.0,CT=F,USX,NYM
2012-05-30,72.43000030517578,73.1500015258789,70.37999725341797,70.91000366210938,70.91000366210938,22236.0,CT=F,USX,NYM
2012-05-31,71.3499984741211,71.75,70.62000274658203,71.55000305175781,71.55000305175781,17611.0,CT=F,USX,NYM
2012-06-01,71.7300033569336,71.8499984741211,68.55000305175781,68.58999633789062,68.58999633789062,19847.0,CT=F,USX,NYM
2012-06-04,68.58999633789062,69.05999755859375,66.0999984741211,68.52999877929688,68.52999877929688,15999.0,CT=F,USX,NYM
2012-06-05,68.45999908447266,69.8499984741211,66.79000091552734,66.88999938964844,66.88999938964844,14678.0,CT=F,USX,NYM
2012-06-06,67.0999984741211,69.88999938964844,67.0999984741211,69.88999938964844,69.88999938964844,12304.0,CT=F,USX,NYM
2012-06-07,70.66000366210938,73.88999938964844,70.43000030517578,73.88999938964844,73.88999938964844,21433.0,CT=F,USX,NYM
2012-06-08,74.80000305175781,74.87999725341797,70.79000091552734,72.9000015258789,72.9000015258789,33782.0,CT=F,USX,NYM
2012-06-11,74.25,75.73999786376953,73.2699966430664,75.08999633789062,75.08999633789062,24880.0,CT=F,USX,NYM
2012-06-12,75.0,76.41999816894531,74.08999633789062,75.56999969482422,75.56999969482422,22701.0,CT=F,USX,NYM
2012-06-13,75.6500015258789,76.3499984741211,74.25,75.08999633789062,75.08999633789062,17800.0,CT=F,USX,NYM
2012-06-14,75.1500015258789,78.08999633789062,74.66000366210938,78.08999633789062,78.08999633789062,21462.0,CT=F,USX,NYM
2012-06-15,79.98999786376953,81.37000274658203,79.37000274658203,79.9800033569336,79.9800033569336,23806.0,CT=F,USX,NYM
2012-06-18,80.05000305175781,82.9800033569336,79.9800033569336,82.9800033569336,82.9800033569336,12498.0,CT=F,USX,NYM
2012-06-19,83.5,87.9800033569336,83.5,87.9800033569336,87.9800033569336,18191.0,CT=F,USX,NYM
2012-06-20,89.37999725341797,89.4800033569336,82.9800033569336,83.16999816894531,83.16999816894531,16640.0,CT=F,USX,NYM
2012-06-21,82.5,82.5,78.16999816894531,78.16999816894531,78.16999816894531,5096.0,CT=F,USX,NYM
2012-06-22,74.16999816894531,74.16999816894531,74.16999816894531,74.16999816894531,74.16999816894531,4570.0,CT=F,USX,NYM
2012-06-25,70.70999908447266,72.5,68.2300033569336,70.45999908447266,70.45999908447266,193.0,CT=F,USX,NYM
2012-06-26,70.3499984741211,70.62999725341797,68.30999755859375,68.30999755859375,68.30999755859375,31.0,CT=F,USX,NYM
2012-06-27,69.44999694824219,69.94999694824219,69.44999694824219,68.01000213623047,68.01000213623047,33.0,CT=F,USX,NYM
2012-06-28,68.5,69.5999984741211,67.69999694824219,70.30000305175781,70.30000305175781,40.0,CT=F,USX,NYM
2012-06-29,70.9800033569336,71.52999877929688,70.9800033569336,72.16000366210938,72.16000366210938,11.0,CT=F,USX,NYM
2012-07-02,72.1500015258789,72.1500015258789,72.1500015258789,72.1500015258789,72.1500015258789,11.0,CT=F,USX,NYM
2012-07-03,72.75,72.75,72.75,72.75,72.75,11.0,CT=F,USX,NYM
2012-07-05,70.91999816894531,70.91999816894531,70.91999816894531,70.91999816894531,70.91999816894531,11.0,CT=F,USX,NYM
2012-07-06,71.86000061035156,71.86000061035156,71.86000061035156,70.77999877929688,70.77999877929688,17.0,CT=F,USX,NYM
2012-07-09,70.83999633789062,70.83999633789062,70.83999633789062,70.83999633789062,70.83999633789062,68.0,CT=F,USX,NYM
2012-07-10,70.72000122070312,71.20999908447266,70.19999694824219,70.06999969482422,70.06999969482422,59.0,CT=F,USX,NYM
2012-07-11,70.45999908447266,71.41999816894531,69.45999908447266,70.63999938964844,70.63999938964844,265.0,CT=F,USX,NYM
2012-07-12,70.8499984741211,70.93000030517578,69.0999984741211,69.36000061035156,69.36000061035156,116.0,CT=F,USX,NYM
2012-07-13,69.80000305175781,71.88999938964844,69.80000305175781,71.76000213623047,71.76000213623047,146.0,CT=F,USX,NYM
2012-07-16,71.7300033569336,72.2699966430664,71.41999816894531,72.30000305175781,72.30000305175781,59.0,CT=F,USX,NYM
2012-07-17,71.77999877929688,71.81999969482422,70.01000213623047,70.11000061035156,70.11000061035156,82.0,CT=F,USX,NYM
2012-07-18,70.0,71.9000015258789,69.72000122070312,71.0999984741211,71.0999984741211,99.0,CT=F,USX,NYM
2012-07-19,71.16999816894531,72.19999694824219,71.05999755859375,71.79000091552734,71.79000091552734,114.0,CT=F,USX,NYM
2012-07-20,71.79000091552734,72.1500015258789,71.54000091552734,72.05999755859375,72.05999755859375,51.0,CT=F,USX,NYM
2012-07-23,71.73999786376953,71.8499984741211,70.62000274658203,71.3499984741211,71.3499984741211,50.0,CT=F,USX,NYM
2012-07-24,71.0,71.52999877929688,69.88999938964844,70.29000091552734,70.29000091552734,49.0,CT=F,USX,NYM
2012-07-25,70.81999969482422,70.81999969482422,68.94999694824219,69.0999984741211,69.0999984741211,69.0,CT=F,USX,NYM
2012-07-26,69.5999984741211,71.20999908447266,69.2300033569336,70.68000030517578,70.68000030517578,76.0,CT=F,USX,NYM
2012-07-27,70.37999725341797,71.98999786376953,70.3499984741211,70.7300033569336,70.7300033569336,94.0,CT=F,USX,NYM
2012-07-30,70.77999877929688,71.19999694824219,70.19000244140625,70.62000274658203,70.62000274658203,80.0,CT=F,USX,NYM
2012-07-31,71.22000122070312,71.4000015258789,70.22000122070312,70.58000183105469,70.58000183105469,54.0,CT=F,USX,NYM
2012-08-01,70.61000061035156,71.06999969482422,70.1500015258789,70.05999755859375,70.05999755859375,32.0,CT=F,USX,NYM
2012-08-02,70.11000061035156,70.47000122070312,69.86000061035156,70.44000244140625,70.44000244140625,26.0,CT=F,USX,NYM
2012-08-03,70.41000366210938,73.44000244140625,70.2699966430664,73.22000122070312,73.22000122070312,73.0,CT=F,USX,NYM
2012-08-06,73.02999877929688,74.9800033569336,73.01000213623047,75.12000274658203,75.12000274658203,65.0,CT=F,USX,NYM
2012-08-07,74.41000366210938,75.56999969482422,74.38999938964844,74.95999908447266,74.95999908447266,70.0,CT=F,USX,NYM
2012-08-08,74.87999725341797,75.80000305175781,73.86000061035156,75.5,75.5,54.0,CT=F,USX,NYM
2012-08-09,75.12000274658203,76.19999694824219,75.12000274658203,75.58999633789062,75.58999633789062,55.0,CT=F,USX,NYM
2012-08-10,75.5199966430664,75.5199966430664,72.68000030517578,72.9000015258789,72.9000015258789,128.0,CT=F,USX,NYM
2012-08-13,73.0999984741211,73.0999984741211,71.16999816894531,71.30000305175781,71.30000305175781,61.0,CT=F,USX,NYM
2012-08-14,72.19000244140625,72.30000305175781,71.37999725341797,71.58999633789062,71.58999633789062,26.0,CT=F,USX,NYM
2012-08-15,72.62000274658203,72.95999908447266,71.66999816894531,72.70999908447266,72.70999908447266,74.0,CT=F,USX,NYM
2012-08-16,72.69999694824219,72.86000061035156,72.19000244140625,72.37000274658203,72.37000274658203,35.0,CT=F,USX,NYM
2012-08-17,72.36000061035156,73.5,72.36000061035156,72.66000366210938,72.66000366210938,41.0,CT=F,USX,NYM
2012-08-20,72.77999877929688,74.69999694824219,72.76000213623047,74.16999816894531,74.16999816894531,39.0,CT=F,USX,NYM
2012-08-21,74.0,76.44999694824219,74.0,76.44999694824219,76.44999694824219,45.0,CT=F,USX,NYM
2012-08-22,75.91999816894531,76.0,74.4000015258789,76.06999969482422,76.06999969482422,64.0,CT=F,USX,NYM
2012-08-23,75.0,75.93000030517578,74.98999786376953,75.9000015258789,75.9000015258789,16.0,CT=F,USX,NYM
2012-08-24,75.31999969482422,75.97000122070312,74.05000305175781,74.44999694824219,74.44999694824219,63.0,CT=F,USX,NYM
2012-08-27,75.19999694824219,75.4800033569336,74.87000274658203,75.33000183105469,75.33000183105469,13.0,CT=F,USX,NYM
2012-08-28,74.7699966430664,74.88999938964844,74.5,74.79000091552734,74.79000091552734,17.0,CT=F,USX,NYM
2012-08-29,74.79000091552734,75.87000274658203,74.79000091552734,75.83000183105469,75.83000183105469,21.0,CT=F,USX,NYM
2012-08-30,75.61000061035156,76.4800033569336,75.29000091552734,76.1500015258789,76.1500015258789,25.0,CT=F,USX,NYM
2012-08-31,76.0999984741211,76.41999816894531,76.0199966430664,76.4800033569336,76.4800033569336,0.0,CT=F,USX,NYM
2012-09-04,76.55000305175781,76.55999755859375,74.69999694824219,75.02999877929688,75.02999877929688,39.0,CT=F,USX,NYM
2012-09-05,75.38999938964844,75.52999877929688,74.2699966430664,74.88999938964844,74.88999938964844,43.0,CT=F,USX,NYM
2012-09-06,75.41999816894531,75.5999984741211,74.94999694824219,75.58999633789062,75.58999633789062,44.0,CT=F,USX,NYM
2012-09-07,75.5999984741211,76.5,75.37000274658203,75.72000122070312,75.72000122070312,48.0,CT=F,USX,NYM
2012-09-10,75.73999786376953,75.93000030517578,74.98999786376953,74.9800033569336,74.9800033569336,15.0,CT=F,USX,NYM
2012-09-11,75.4000015258789,75.4000015258789,74.44999694824219,74.27999877929688,74.27999877929688,49.0,CT=F,USX,NYM
2012-09-12,74.66999816894531,75.0,72.41999816894531,72.83000183105469,72.83000183105469,49.0,CT=F,USX,NYM
2012-09-13,72.5999984741211,73.33999633789062,72.2699966430664,72.94999694824219,72.94999694824219,8.0,CT=F,USX,NYM
2012-09-14,73.6500015258789,75.47000122070312,73.6500015258789,75.38999938964844,75.38999938964844,51.0,CT=F,USX,NYM
2012-09-17,74.69999694824219,75.94000244140625,74.38999938964844,74.52999877929688,74.52999877929688,65.0,CT=F,USX,NYM
2012-09-18,75.33000183105469,75.37999725341797,74.94000244140625,74.9800033569336,74.9800033569336,34.0,CT=F,USX,NYM
2012-09-19,74.76000213623047,75.5,74.19999694824219,74.87999725341797,74.87999725341797,120.0,CT=F,USX,NYM
2012-09-20,74.44000244140625,74.44000244140625,73.70999908447266,73.73999786376953,73.73999786376953,20.0,CT=F,USX,NYM
2012-09-21,73.7699966430664,74.41999816894531,71.76000213623047,72.0,72.0,48.0,CT=F,USX,NYM
2012-09-24,72.0,72.25,71.25,71.01000213623047,71.01000213623047,8.0,CT=F,USX,NYM
2012-09-25,71.4000015258789,71.4000015258789,71.4000015258789,70.80999755859375,70.80999755859375,4.0,CT=F,USX,NYM
2012-09-26,69.5199966430664,69.5199966430664,69.5199966430664,69.5199966430664,69.5199966430664,8.0,CT=F,USX,NYM
2012-09-27,69.5,69.5,69.5,70.02999877929688,70.02999877929688,1.0,CT=F,USX,NYM
2012-09-28,70.62999725341797,70.62999725341797,70.62999725341797,69.1500015258789,69.1500015258789,2.0,CT=F,USX,NYM
2012-10-01,69.70999908447266,69.70999908447266,69.70999908447266,69.70999908447266,69.70999908447266,7.0,CT=F,USX,NYM
2012-10-02,70.30000305175781,70.30000305175781,70.30000305175781,70.30000305175781,70.30000305175781,7.0,CT=F,USX,NYM
2012-10-03,70.54000091552734,70.54000091552734,70.54000091552734,70.54000091552734,70.54000091552734,7.0,CT=F,USX,NYM
2012-10-04,70.4000015258789,70.4000015258789,70.4000015258789,70.4000015258789,70.4000015258789,7.0,CT=F,USX,NYM
2012-10-05,69.80000305175781,69.80000305175781,69.80000305175781,69.80000305175781,69.80000305175781,7.0,CT=F,USX,NYM
2012-10-08,70.0999984741211,70.5,70.0999984741211,70.43000030517578,70.43000030517578,4.0,CT=F,USX,NYM
2012-10-09,71.13999938964844,71.13999938964844,71.13999938964844,70.48999786376953,70.48999786376953,12049.0,CT=F,USX,NYM
2012-10-10,71.80999755859375,72.30999755859375,71.66000366210938,72.0999984741211,72.0999984741211,9836.0,CT=F,USX,NYM
2012-10-11,72.0,72.0,70.41000366210938,70.70999908447266,70.70999908447266,19584.0,CT=F,USX,NYM
2012-10-12,71.08000183105469,71.41999816894531,70.70999908447266,71.36000061035156,71.36000061035156,12284.0,CT=F,USX,NYM
2012-10-15,71.43000030517578,72.4000015258789,71.08999633789062,72.33999633789062,72.33999633789062,12283.0,CT=F,USX,NYM
2012-10-16,72.33999633789062,75.16999816894531,72.0,74.86000061035156,74.86000061035156,40295.0,CT=F,USX,NYM
2012-10-17,74.5999984741211,77.86000061035156,74.30000305175781,77.86000061035156,77.86000061035156,39246.0,CT=F,USX,NYM
2012-10-18,78.0999984741211,79.19000244140625,74.86000061035156,77.72000122070312,77.72000122070312,50431.0,CT=F,USX,NYM
2012-10-19,77.72000122070312,77.91999816894531,76.5199966430664,76.87999725341797,76.87999725341797,15349.0,CT=F,USX,NYM
2012-10-22,76.80000305175781,77.62999725341797,76.44999694824219,76.93000030517578,76.93000030517578,13643.0,CT=F,USX,NYM
2012-10-23,77.0,77.0,73.93000030517578,74.2699966430664,74.2699966430664,20023.0,CT=F,USX,NYM
2012-10-24,74.30000305175781,74.33999633789062,72.05999755859375,72.66999816894531,72.66999816894531,20259.0,CT=F,USX,NYM
2012-10-25,72.37999725341797,73.5,72.18000030517578,72.7300033569336,72.7300033569336,11448.0,CT=F,USX,NYM
2012-10-26,72.94999694824219,73.19000244140625,72.20999908447266,72.41999816894531,72.41999816894531,8734.0,CT=F,USX,NYM
2012-10-31,70.91999816894531,71.86000061035156,69.83000183105469,70.06999969482422,70.06999969482422,26554.0,CT=F,USX,NYM
2012-11-01,70.33999633789062,70.75,69.80000305175781,70.20999908447266,70.20999908447266,20359.0,CT=F,USX,NYM
2012-11-02,70.27999877929688,70.54000091552734,69.66000366210938,70.3499984741211,70.3499984741211,13790.0,CT=F,USX,NYM
2012-11-05,70.19999694824219,70.52999877929688,69.94999694824219,70.4000015258789,70.4000015258789,13328.0,CT=F,USX,NYM
2012-11-06,70.4000015258789,71.0999984741211,70.01000213623047,70.0999984741211,70.0999984741211,16275.0,CT=F,USX,NYM
2012-11-07,70.08000183105469,70.54000091552734,69.80000305175781,69.83000183105469,69.83000183105469,19384.0,CT=F,USX,NYM
2012-11-08,70.0,70.25,69.02999877929688,69.26000213623047,69.26000213623047,31178.0,CT=F,USX,NYM
2012-11-09,69.47000122070312,70.0199966430664,69.11000061035156,69.58000183105469,69.58000183105469,31079.0,CT=F,USX,NYM
2012-11-12,69.79000091552734,71.69000244140625,69.5999984741211,70.87999725341797,70.87999725341797,30647.0,CT=F,USX,NYM
2012-11-13,70.62999725341797,71.27999877929688,70.41000366210938,70.80999755859375,70.80999755859375,19644.0,CT=F,USX,NYM
2012-11-14,70.69999694824219,71.8499984741211,70.56999969482422,71.62999725341797,71.62999725341797,10968.0,CT=F,USX,NYM
2012-11-15,71.51000213623047,74.62999725341797,71.51000213623047,73.95999908447266,73.95999908447266,18139.0,CT=F,USX,NYM
2012-11-16,73.76000213623047,74.47000122070312,72.18000030517578,72.7300033569336,72.7300033569336,11861.0,CT=F,USX,NYM
2012-11-19,72.58000183105469,73.26000213623047,71.95999908447266,72.05000305175781,72.05000305175781,6154.0,CT=F,USX,NYM
2012-11-20,71.98999786376953,72.83999633789062,71.70999908447266,72.5,72.5,10315.0,CT=F,USX,NYM
2012-11-21,72.5,72.8499984741211,72.0999984741211,72.37999725341797,72.37999725341797,0.0,CT=F,USX,NYM
2012-11-23,72.25,72.37000274658203,69.5,69.83000183105469,69.83000183105469,4530.0,CT=F,USX,NYM
2012-11-26,70.44999694824219,71.76000213623047,70.12999725341797,71.26000213623047,71.26000213623047,197.0,CT=F,USX,NYM
2012-11-27,71.4800033569336,71.4800033569336,71.26000213623047,71.04000091552734,71.04000091552734,51.0,CT=F,USX,NYM
2012-11-28,70.70999908447266,71.30000305175781,70.70999908447266,71.2300033569336,71.2300033569336,39.0,CT=F,USX,NYM
2012-11-29,71.7300033569336,72.44999694824219,71.7300033569336,71.75,71.75,19.0,CT=F,USX,NYM
2012-11-30,72.08000183105469,72.4800033569336,72.08000183105469,72.6500015258789,72.6500015258789,22.0,CT=F,USX,NYM
2012-12-03,73.08999633789062,73.30000305175781,72.9000015258789,72.93000030517578,72.93000030517578,73.0,CT=F,USX,NYM
2012-12-04,71.94000244140625,72.01000213623047,71.63999938964844,71.91000366210938,71.91000366210938,10.0,CT=F,USX,NYM
2012-12-05,71.86000061035156,71.88999938964844,71.72000122070312,72.04000091552734,72.04000091552734,12.0,CT=F,USX,NYM
2012-12-06,72.25,72.29000091552734,72.25,72.23999786376953,72.23999786376953,10148.0,CT=F,USX,NYM
2012-12-07,73.54000091552734,73.91999816894531,73.0999984741211,73.79000091552734,73.79000091552734,8280.0,CT=F,USX,NYM
2012-12-10,73.8499984741211,74.33000183105469,73.2699966430664,73.4000015258789,73.4000015258789,10280.0,CT=F,USX,NYM
2012-12-11,73.41000366210938,74.98999786376953,73.37000274658203,74.9000015258789,74.9000015258789,19135.0,CT=F,USX,NYM
2012-12-12,74.73999786376953,75.52999877929688,74.52999877929688,75.12000274658203,75.12000274658203,16623.0,CT=F,USX,NYM
2012-12-13,75.0,75.19999694824219,74.37000274658203,74.55999755859375,74.55999755859375,12094.0,CT=F,USX,NYM
2012-12-14,74.5,75.16000366210938,74.4000015258789,75.08999633789062,75.08999633789062,10225.0,CT=F,USX,NYM
2012-12-17,75.01000213623047,76.25,75.01000213623047,75.8499984741211,75.8499984741211,15959.0,CT=F,USX,NYM
2012-12-18,75.7699966430664,76.29000091552734,75.25,75.94999694824219,75.94999694824219,10980.0,CT=F,USX,NYM
2012-12-19,75.94999694824219,76.05000305175781,75.41000366210938,75.88999938964844,75.88999938964844,7102.0,CT=F,USX,NYM
2012-12-20,75.76000213623047,75.87999725341797,75.05000305175781,75.83000183105469,75.83000183105469,10809.0,CT=F,USX,NYM
2012-12-21,75.5999984741211,76.27999877929688,75.29000091552734,76.18000030517578,76.18000030517578,8369.0,CT=F,USX,NYM
2012-12-24,76.18000030517578,76.5,75.98999786376953,76.4000015258789,76.4000015258789,0.0,CT=F,USX,NYM
2012-12-26,76.51000213623047,77.06999969482422,76.4000015258789,77.05999755859375,77.05999755859375,8091.0,CT=F,USX,NYM
2012-12-27,77.05999755859375,77.0999984741211,75.41999816894531,76.01000213623047,76.01000213623047,12362.0,CT=F,USX,NYM
2012-12-28,75.87999725341797,76.01000213623047,74.62000274658203,74.66000366210938,74.66000366210938,14499.0,CT=F,USX,NYM
2012-12-31,74.70999908447266,75.80999755859375,74.6500015258789,75.13999938964844,75.13999938964844,9050.0,CT=F,USX,NYM
2013-01-02,75.75,76.94999694824219,74.91000366210938,75.36000061035156,75.36000061035156,19174.0,CT=F,USX,NYM
2013-01-03,75.36000061035156,76.33999633789062,75.04000091552734,75.38999938964844,75.38999938964844,14431.0,CT=F,USX,NYM
2013-01-04,75.6500015258789,75.81999969482422,73.72000122070312,75.05000305175781,75.05000305175781,23658.0,CT=F,USX,NYM
2013-01-07,75.1500015258789,75.87000274658203,74.63999938964844,75.70999908447266,75.70999908447266,12385.0,CT=F,USX,NYM
2013-01-08,75.69999694824219,75.86000061035156,74.94000244140625,75.12000274658203,75.12000274658203,15354.0,CT=F,USX,NYM
2013-01-09,75.19999694824219,75.5,74.5999984741211,74.79000091552734,74.79000091552734,14329.0,CT=F,USX,NYM
2013-01-10,74.88999938964844,75.33000183105469,74.55000305175781,75.19999694824219,75.19999694824219,10664.0,CT=F,USX,NYM
2013-01-11,75.02999877929688,76.44000244140625,74.4000015258789,75.62000274658203,75.62000274658203,22215.0,CT=F,USX,NYM
2013-01-14,75.62000274658203,76.02999877929688,75.12000274658203,75.5199966430664,75.5199966430664,11905.0,CT=F,USX,NYM
2013-01-15,75.55000305175781,76.30000305175781,75.55000305175781,76.20999908447266,76.20999908447266,12828.0,CT=F,USX,NYM
2013-01-16,76.12000274658203,77.77999877929688,76.0999984741211,77.33000183105469,77.33000183105469,28335.0,CT=F,USX,NYM
2013-01-17,77.2699966430664,78.18000030517578,76.87999725341797,77.77999877929688,77.77999877929688,19075.0,CT=F,USX,NYM
2013-01-18,77.75,78.87999725341797,77.55000305175781,78.55000305175781,78.55000305175781,0.0,CT=F,USX,NYM
2013-01-22,78.4000015258789,80.19999694824219,78.22000122070312,79.93000030517578,79.93000030517578,30800.0,CT=F,USX,NYM
2013-01-23,79.9000015258789,80.51000213623047,78.94000244140625,80.4800033569336,80.4800033569336,23867.0,CT=F,USX,NYM
2013-01-24,80.0999984741211,84.0,80.0,82.88999938964844,82.88999938964844,42327.0,CT=F,USX,NYM
2013-01-25,82.33000183105469,82.75,80.4000015258789,80.5199966430664,80.5199966430664,25487.0,CT=F,USX,NYM
2013-01-28,80.72000122070312,81.37999725341797,80.18000030517578,81.05000305175781,81.05000305175781,14720.0,CT=F,USX,NYM
2013-01-29,81.44999694824219,83.87999725341797,81.44999694824219,82.38999938964844,82.38999938964844,24204.0,CT=F,USX,NYM
2013-01-30,82.30999755859375,83.08999633789062,82.05000305175781,82.95999908447266,82.95999908447266,16089.0,CT=F,USX,NYM
2013-01-31,82.95999908447266,83.33999633789062,82.08000183105469,82.94999694824219,82.94999694824219,19133.0,CT=F,USX,NYM
2013-02-01,83.0999984741211,83.44999694824219,82.30000305175781,82.9800033569336,82.9800033569336,23379.0,CT=F,USX,NYM
2013-02-04,82.9000015258789,82.9000015258789,81.30000305175781,81.73999786376953,81.73999786376953,24415.0,CT=F,USX,NYM
2013-02-05,81.6500015258789,81.87999725341797,80.79000091552734,81.51000213623047,81.51000213623047,18561.0,CT=F,USX,NYM
2013-02-06,81.70999908447266,81.95999908447266,80.98999786376953,81.72000122070312,81.72000122070312,15068.0,CT=F,USX,NYM
2013-02-07,81.51000213623047,82.12999725341797,80.5999984741211,81.4000015258789,81.4000015258789,30758.0,CT=F,USX,NYM
2013-02-08,81.2699966430664,83.02999877929688,81.01000213623047,82.66999816894531,82.66999816894531,29576.0,CT=F,USX,NYM
2013-02-11,82.55000305175781,83.31999969482422,82.2300033569336,82.91999816894531,82.91999816894531,25399.0,CT=F,USX,NYM
2013-02-12,82.9000015258789,82.9000015258789,81.5199966430664,81.80999755859375,81.80999755859375,26148.0,CT=F,USX,NYM
2013-02-13,81.69999694824219,81.69999694824219,80.05000305175781,80.81999969482422,80.81999969482422,27508.0,CT=F,USX,NYM
2013-02-14,80.75,81.63999938964844,80.63999938964844,81.0199966430664,81.0199966430664,16839.0,CT=F,USX,NYM
2013-02-15,81.06999969482422,82.12000274658203,80.55000305175781,81.31999969482422,81.31999969482422,0.0,CT=F,USX,NYM
2013-02-19,81.5,82.94999694824219,81.22000122070312,82.18000030517578,82.18000030517578,11284.0,CT=F,USX,NYM
2013-02-20,82.0999984741211,83.25,81.87999725341797,82.27999877929688,82.27999877929688,8862.0,CT=F,USX,NYM
2013-02-21,82.0999984741211,82.5999984741211,81.19999694824219,81.30999755859375,81.30999755859375,5510.0,CT=F,USX,NYM
2013-02-22,81.30000305175781,82.23999786376953,81.12000274658203,81.38999938964844,81.38999938964844,147.0,CT=F,USX,NYM
2013-02-25,81.23999786376953,81.69000244140625,80.33999633789062,80.22000122070312,80.22000122070312,320.0,CT=F,USX,NYM
2013-02-26,80.7699966430664,81.0999984741211,80.05999755859375,80.33000183105469,80.33000183105469,135.0,CT=F,USX,NYM
2013-02-27,81.61000061035156,83.25,81.5999984741211,82.7300033569336,82.7300033569336,20.0,CT=F,USX,NYM
2013-02-28,82.55000305175781,84.36000061035156,81.9000015258789,83.55999755859375,83.55999755859375,34.0,CT=F,USX,NYM
2013-03-01,83.9800033569336,84.05000305175781,83.4000015258789,83.68000030517578,83.68000030517578,9.0,CT=F,USX,NYM
2013-03-04,84.30000305175781,84.88999938964844,84.30000305175781,84.91000366210938,84.91000366210938,24.0,CT=F,USX,NYM
2013-03-05,86.13999938964844,86.13999938964844,85.68000030517578,85.97000122070312,85.97000122070312,66.0,CT=F,USX,NYM
2013-03-06,86.08999633789062,86.08999633789062,86.08999633789062,86.2300033569336,86.2300033569336,12436.0,CT=F,USX,NYM
2013-03-07,87.23999786376953,87.25,86.20999908447266,86.5,86.5,10935.0,CT=F,USX,NYM
2013-03-08,86.16999816894531,88.77999877929688,86.0999984741211,86.87999725341797,86.87999725341797,20996.0,CT=F,USX,NYM
2013-03-11,86.91999816894531,87.41000366210938,85.58999633789062,86.72000122070312,86.72000122070312,12421.0,CT=F,USX,NYM
2013-03-12,86.5999984741211,87.73999786376953,86.2300033569336,87.33000183105469,87.33000183105469,9488.0,CT=F,USX,NYM
2013-03-13,87.19999694824219,89.1500015258789,87.19999694824219,88.61000061035156,88.61000061035156,17083.0,CT=F,USX,NYM
2013-03-14,88.45999908447266,91.16999816894531,88.30999755859375,90.86000061035156,90.86000061035156,19526.0,CT=F,USX,NYM
2013-03-15,90.86000061035156,93.93000030517578,90.5,92.5,92.5,21647.0,CT=F,USX,NYM
2013-03-18,92.41000366210938,92.5,89.80000305175781,90.83000183105469,90.83000183105469,14836.0,CT=F,USX,NYM
2013-03-19,90.83000183105469,91.66999816894531,90.44999694824219,91.12999725341797,91.12999725341797,9216.0,CT=F,USX,NYM
2013-03-20,91.13999938964844,91.77999877929688,88.16999816894531,89.0999984741211,89.0999984741211,18741.0,CT=F,USX,NYM
2013-03-21,89.0999984741211,89.0999984741211,87.95999908447266,88.19999694824219,88.19999694824219,13114.0,CT=F,USX,NYM
2013-03-22,88.23999786376953,88.83000183105469,87.11000061035156,87.29000091552734,87.29000091552734,12955.0,CT=F,USX,NYM
2013-03-25,87.30000305175781,87.38999938964844,86.12000274658203,86.58999633789062,86.58999633789062,13865.0,CT=F,USX,NYM
2013-03-26,86.62999725341797,88.87999725341797,86.51000213623047,88.04000091552734,88.04000091552734,14266.0,CT=F,USX,NYM
2013-03-27,87.80000305175781,88.66000366210938,87.12999725341797,88.52999877929688,88.52999877929688,11378.0,CT=F,USX,NYM
2013-03-28,88.44000244140625,90.2699966430664,87.93000030517578,88.45999908447266,88.45999908447266,0.0,CT=F,USX,NYM
2013-04-01,88.70999908447266,89.27999877929688,87.26000213623047,87.38999938964844,87.38999938964844,18429.0,CT=F,USX,NYM
2013-04-02,87.38999938964844,89.69000244140625,87.20999908447266,88.87000274658203,88.87000274658203,23999.0,CT=F,USX,NYM
2013-04-03,88.87000274658203,89.69999694824219,88.72000122070312,89.22000122070312,89.22000122070312,16153.0,CT=F,USX,NYM
2013-04-04,89.27999877929688,89.36000061035156,87.80999755859375,88.33000183105469,88.33000183105469,23059.0,CT=F,USX,NYM
2013-04-05,88.30000305175781,88.33000183105469,86.55999755859375,86.79000091552734,86.79000091552734,25767.0,CT=F,USX,NYM
2013-04-08,86.79000091552734,87.38999938964844,85.22000122070312,85.37999725341797,85.37999725341797,30096.0,CT=F,USX,NYM
2013-04-09,85.37999725341797,85.86000061035156,84.37999725341797,84.63999938964844,84.63999938964844,28880.0,CT=F,USX,NYM
2013-04-10,84.63999938964844,86.52999877929688,84.63999938964844,85.37000274658203,85.37000274658203,26996.0,CT=F,USX,NYM
2013-04-11,85.38999938964844,86.2699966430664,84.58999633789062,84.66000366210938,84.66000366210938,21884.0,CT=F,USX,NYM
2013-04-12,84.5999984741211,86.02999877929688,83.45999908447266,85.58000183105469,85.58000183105469,33137.0,CT=F,USX,NYM
2013-04-15,85.80999755859375,86.19999694824219,84.19000244140625,84.33000183105469,84.33000183105469,14263.0,CT=F,USX,NYM
2013-04-16,84.19000244140625,85.0,83.31999969482422,83.3499984741211,83.3499984741211,13823.0,CT=F,USX,NYM
2013-04-17,83.4000015258789,85.45999908447266,82.97000122070312,84.6500015258789,84.6500015258789,9405.0,CT=F,USX,NYM
2013-04-18,84.51000213623047,84.86000061035156,83.30999755859375,83.4800033569336,83.4800033569336,6788.0,CT=F,USX,NYM
2013-04-19,83.5,84.08999633789062,83.12000274658203,83.4800033569336,83.4800033569336,3302.0,CT=F,USX,NYM
2013-04-22,83.69999694824219,84.4000015258789,83.3499984741211,84.33000183105469,84.33000183105469,2611.0,CT=F,USX,NYM
2013-04-23,84.33000183105469,84.36000061035156,82.54000091552734,82.68000030517578,82.68000030517578,4732.0,CT=F,USX,NYM
2013-04-24,82.75,83.06999969482422,80.81999969482422,81.0999984741211,81.0999984741211,435.0,CT=F,USX,NYM
2013-04-25,81.20999908447266,81.76000213623047,81.20999908447266,81.33000183105469,81.33000183105469,55.0,CT=F,USX,NYM
2013-04-26,82.16999816894531,82.41999816894531,81.11000061035156,82.25,82.25,67.0,CT=F,USX,NYM
2013-04-29,84.0,84.0,82.5,83.5999984741211,83.5999984741211,14.0,CT=F,USX,NYM
2013-04-30,83.30000305175781,85.06999969482422,82.9800033569336,85.52999877929688,85.52999877929688,97.0,CT=F,USX,NYM
2013-05-01,85.68000030517578,85.68000030517578,82.5999984741211,82.08999633789062,82.08999633789062,23.0,CT=F,USX,NYM
2013-05-02,82.16999816894531,84.75,82.1500015258789,83.83000183105469,83.83000183105469,9.0,CT=F,USX,NYM
2013-05-03,84.36000061035156,84.36000061035156,84.36000061035156,84.72000122070312,84.72000122070312,6.0,CT=F,USX,NYM
2013-05-06,85.2699966430664,85.80000305175781,84.37000274658203,85.30999755859375,85.30999755859375,15.0,CT=F,USX,NYM
2013-05-07,85.68000030517578,86.0,85.6500015258789,86.01000213623047,86.01000213623047,30.0,CT=F,USX,NYM
2013-05-08,84.94999694824219,85.94000244140625,84.94999694824219,86.19999694824219,86.19999694824219,20916.0,CT=F,USX,NYM
2013-05-09,87.5999984741211,88.4000015258789,86.61000061035156,87.91999816894531,87.91999816894531,16217.0,CT=F,USX,NYM
2013-05-10,87.70999908447266,87.87999725341797,85.44999694824219,86.4800033569336,86.4800033569336,14987.0,CT=F,USX,NYM
2013-05-13,86.5199966430664,86.75,85.0,86.04000091552734,86.04000091552734,13096.0,CT=F,USX,NYM
2013-05-14,85.93000030517578,87.12000274658203,85.45999908447266,86.91999816894531,86.91999816894531,14132.0,CT=F,USX,NYM
2013-05-15,86.8499984741211,86.88999938964844,85.61000061035156,86.44999694824219,86.44999694824219,11281.0,CT=F,USX,NYM
2013-05-16,86.19999694824219,86.76000213623047,85.69999694824219,86.02999877929688,86.02999877929688,8674.0,CT=F,USX,NYM
2013-05-17,86.02999877929688,86.5,85.54000091552734,86.41000366210938,86.41000366210938,11852.0,CT=F,USX,NYM
2013-05-20,86.3499984741211,86.91000366210938,85.31999969482422,85.77999877929688,85.77999877929688,12783.0,CT=F,USX,NYM
2013-05-21,85.58000183105469,85.75,83.81999969482422,83.86000061035156,83.86000061035156,19561.0,CT=F,USX,NYM
2013-05-22,84.04000091552734,84.81999969482422,83.31999969482422,83.41999816894531,83.41999816894531,14630.0,CT=F,USX,NYM
2013-05-23,83.41999816894531,83.87999725341797,81.5199966430664,81.77999877929688,81.77999877929688,28020.0,CT=F,USX,NYM
2013-05-24,81.77999877929688,82.37999725341797,81.02999877929688,81.48999786376953,81.48999786376953,0.0,CT=F,USX,NYM
2013-05-28,81.5,82.93000030517578,81.33000183105469,81.41999816894531,81.41999816894531,14836.0,CT=F,USX,NYM
2013-05-29,81.62000274658203,81.70999908447266,80.61000061035156,80.69999694824219,80.69999694824219,14580.0,CT=F,USX,NYM
2013-05-30,80.8499984741211,81.75,79.87000274658203,80.12999725341797,80.12999725341797,25399.0,CT=F,USX,NYM
2013-05-31,80.12999725341797,80.55999755859375,79.30000305175781,79.36000061035156,79.36000061035156,18281.0,CT=F,USX,NYM
2013-06-03,79.45999908447266,82.36000061035156,79.31999969482422,82.36000061035156,82.36000061035156,22638.0,CT=F,USX,NYM
2013-06-04,82.69999694824219,86.37999725341797,81.80000305175781,84.55999755859375,84.55999755859375,37456.0,CT=F,USX,NYM
2013-06-05,84.44999694824219,84.75,83.25,83.5199966430664,83.5199966430664,16510.0,CT=F,USX,NYM
2013-06-06,83.4000015258789,84.9800033569336,82.7300033569336,84.87000274658203,84.87000274658203,20670.0,CT=F,USX,NYM
2013-06-07,84.80000305175781,85.98999786376953,84.30999755859375,84.86000061035156,84.86000061035156,24490.0,CT=F,USX,NYM
2013-06-10,84.75,86.9000015258789,84.58999633789062,86.6500015258789,86.6500015258789,24144.0,CT=F,USX,NYM
2013-06-11,86.80000305175781,90.48999786376953,86.45999908447266,88.05999755859375,88.05999755859375,38886.0,CT=F,USX,NYM
2013-06-12,88.16999816894531,90.30999755859375,86.87999725341797,90.05999755859375,90.05999755859375,28544.0,CT=F,USX,NYM
2013-06-13,90.0,91.81999969482422,88.43000030517578,91.72000122070312,91.72000122070312,32773.0,CT=F,USX,NYM
2013-06-14,91.5,92.58000183105469,90.06999969482422,91.29000091552734,91.29000091552734,27103.0,CT=F,USX,NYM
2013-06-17,90.41000366210938,90.41000366210938,87.29000091552734,87.43000030517578,87.43000030517578,30873.0,CT=F,USX,NYM
2013-06-18,87.19999694824219,87.19999694824219,85.0,84.9800033569336,84.9800033569336,6933.0,CT=F,USX,NYM
2013-06-19,85.0199966430664,85.93000030517578,84.4000015258789,85.4000015258789,85.4000015258789,3924.0,CT=F,USX,NYM
2013-06-20,86.20999908447266,86.20999908447266,84.3499984741211,84.91999816894531,84.91999816894531,5224.0,CT=F,USX,NYM
2013-06-21,84.51000213623047,85.58999633789062,84.20999908447266,85.1500015258789,85.1500015258789,6230.0,CT=F,USX,NYM
2013-06-24,85.77999877929688,85.77999877929688,82.37999725341797,82.9800033569336,82.9800033569336,333.0,CT=F,USX,NYM
2013-06-25,84.04000091552734,84.44999694824219,83.16999816894531,85.08999633789062,85.08999633789062,28.0,CT=F,USX,NYM
2013-06-26,85.0999984741211,85.0999984741211,83.80000305175781,83.68000030517578,83.68000030517578,76.0,CT=F,USX,NYM
2013-06-27,83.2699966430664,83.79000091552734,83.2699966430664,83.12999725341797,83.12999725341797,546.0,CT=F,USX,NYM
2013-06-28,82.80999755859375,83.8499984741211,82.80999755859375,82.70999908447266,82.70999908447266,102.0,CT=F,USX,NYM
2013-07-01,82.75,82.75,82.73999786376953,84.29000091552734,84.29000091552734,5.0,CT=F,USX,NYM
2013-07-02,84.25,84.25,84.25,83.22000122070312,83.22000122070312,15.0,CT=F,USX,NYM
2013-07-03,84.38999938964844,84.38999938964844,84.38999938964844,84.38999938964844,84.38999938964844,1.0,CT=F,USX,NYM
2013-07-05,84.0,84.0,83.5,83.68000030517578,83.68000030517578,7.0,CT=F,USX,NYM
2013-07-08,83.75,83.75,83.45999908447266,83.83000183105469,83.83000183105469,10.0,CT=F,USX,NYM
2013-07-09,84.19000244140625,84.19000244140625,83.9000015258789,83.9000015258789,83.9000015258789,53.0,CT=F,USX,NYM
2013-07-10,86.5,87.0,86.5,87.30000305175781,87.30000305175781,7.0,CT=F,USX,NYM
2013-07-11,87.36000061035156,87.81999969482422,85.69999694824219,85.18000030517578,85.18000030517578,34.0,CT=F,USX,NYM
2013-07-12,85.19999694824219,85.19999694824219,84.41999816894531,85.12999725341797,85.12999725341797,32.0,CT=F,USX,NYM
2013-07-15,84.98999786376953,85.4800033569336,84.30000305175781,85.3499984741211,85.3499984741211,21.0,CT=F,USX,NYM
2013-07-16,84.66999816894531,84.66999816894531,84.66999816894531,84.66999816894531,84.66999816894531,21.0,CT=F,USX,NYM
2013-07-17,84.30000305175781,84.30000305175781,84.05000305175781,84.06999969482422,84.06999969482422,8.0,CT=F,USX,NYM
2013-07-18,83.95999908447266,85.5,83.55000305175781,84.98999786376953,84.98999786376953,33.0,CT=F,USX,NYM
2013-07-19,85.22000122070312,86.41999816894531,85.22000122070312,86.5199966430664,86.5199966430664,7.0,CT=F,USX,NYM
2013-07-22,86.16999816894531,86.25,86.16999816894531,86.38999938964844,86.38999938964844,6.0,CT=F,USX,NYM
2013-07-23,86.25,86.25,85.0999984741211,86.01000213623047,86.01000213623047,5.0,CT=F,USX,NYM
2013-07-24,86.16000366210938,86.16000366210938,86.16000366210938,86.16000366210938,86.16000366210938,5.0,CT=F,USX,NYM
2013-07-25,86.37000274658203,86.37000274658203,86.37000274658203,86.19000244140625,86.19000244140625,8.0,CT=F,USX,NYM
2013-07-26,86.33999633789062,86.33999633789062,85.13999938964844,85.37000274658203,85.37000274658203,15.0,CT=F,USX,NYM
2013-07-29,85.55999755859375,85.55999755859375,84.98999786376953,84.8499984741211,84.8499984741211,4.0,CT=F,USX,NYM
2013-07-30,85.16000366210938,85.5199966430664,85.08999633789062,85.4800033569336,85.4800033569336,10.0,CT=F,USX,NYM
2013-07-31,85.55000305175781,85.5999984741211,85.18000030517578,85.62999725341797,85.62999725341797,17.0,CT=F,USX,NYM
2013-08-01,85.37999725341797,85.6500015258789,85.16999816894531,85.87999725341797,85.87999725341797,10.0,CT=F,USX,NYM
2013-08-02,85.55000305175781,85.7300033569336,85.08000183105469,85.31999969482422,85.31999969482422,8.0,CT=F,USX,NYM
2013-08-05,85.25,85.7699966430664,85.25,85.4000015258789,85.4000015258789,7.0,CT=F,USX,NYM
2013-08-06,85.75,85.75,85.75,85.81999969482422,85.81999969482422,1.0,CT=F,USX,NYM
2013-08-07,86.19999694824219,88.55999755859375,86.19999694824219,88.52999877929688,88.52999877929688,27.0,CT=F,USX,NYM
2013-08-08,88.72000122070312,89.44999694824219,88.52999877929688,89.37999725341797,89.37999725341797,50.0,CT=F,USX,NYM
2013-08-09,89.12999725341797,89.12999725341797,88.86000061035156,89.05000305175781,89.05000305175781,18.0,CT=F,USX,NYM
2013-08-12,89.0199966430664,90.0,89.0199966430664,90.05999755859375,90.05999755859375,23.0,CT=F,USX,NYM
2013-08-13,90.19999694824219,92.0,90.06999969482422,91.58999633789062,91.58999633789062,20.0,CT=F,USX,NYM
2013-08-14,91.48999786376953,92.0,90.9800033569336,91.44999694824219,91.44999694824219,15.0,CT=F,USX,NYM
2013-08-15,90.75,91.62000274658203,90.75,91.63999938964844,91.63999938964844,8.0,CT=F,USX,NYM
2013-08-16,92.0,93.9000015258789,92.0,93.4000015258789,93.4000015258789,36.0,CT=F,USX,NYM
2013-08-19,93.4000015258789,93.4000015258789,92.5999984741211,92.76000213623047,92.76000213623047,20.0,CT=F,USX,NYM
2013-08-20,92.0,92.0,88.76000213623047,88.76000213623047,88.76000213623047,62.0,CT=F,USX,NYM
2013-08-21,87.94999694824219,88.0999984741211,83.83999633789062,83.91000366210938,83.91000366210938,83.0,CT=F,USX,NYM
2013-08-22,84.0,84.55999755859375,83.81999969482422,83.94999694824219,83.94999694824219,33.0,CT=F,USX,NYM
2013-08-23,85.0,85.22000122070312,85.0,84.23999786376953,84.23999786376953,44.0,CT=F,USX,NYM
2013-08-26,85.05999755859375,85.25,85.05000305175781,85.25,85.25,5.0,CT=F,USX,NYM
2013-08-27,85.30000305175781,85.36000061035156,85.30000305175781,84.5,84.5,3.0,CT=F,USX,NYM
2013-08-28,85.12000274658203,85.12000274658203,83.86000061035156,84.01000213623047,84.01000213623047,5.0,CT=F,USX,NYM
2013-08-29,84.01000213623047,84.05000305175781,84.0,83.5999984741211,83.5999984741211,13.0,CT=F,USX,NYM
2013-08-30,83.5,83.87999725341797,83.01000213623047,83.69999694824219,83.69999694824219,0.0,CT=F,USX,NYM
2013-09-03,83.94000244140625,84.0,82.80000305175781,82.81999969482422,82.81999969482422,6.0,CT=F,USX,NYM
2013-09-04,83.0,83.0,82.75,82.83000183105469,82.83000183105469,26.0,CT=F,USX,NYM
2013-09-05,82.70999908447266,82.8499984741211,82.30000305175781,82.4000015258789,82.4000015258789,36.0,CT=F,USX,NYM
2013-09-06,83.0,83.0999984741211,83.0,83.23999786376953,83.23999786376953,3.0,CT=F,USX,NYM
2013-09-09,83.11000061035156,84.18000030517578,83.11000061035156,83.70999908447266,83.70999908447266,18.0,CT=F,USX,NYM
2013-09-10,83.9000015258789,84.73999786376953,83.9000015258789,84.8499984741211,84.8499984741211,6.0,CT=F,USX,NYM
2013-09-11,84.5999984741211,85.01000213623047,84.5999984741211,84.80000305175781,84.80000305175781,4.0,CT=F,USX,NYM
2013-09-12,85.05000305175781,86.0,85.0,85.87999725341797,85.87999725341797,19.0,CT=F,USX,NYM
2013-09-13,85.79000091552734,85.79000091552734,85.0199966430664,85.20999908447266,85.20999908447266,29.0,CT=F,USX,NYM
2013-09-16,84.80000305175781,84.91000366210938,84.80000305175781,85.0,85.0,10.0,CT=F,USX,NYM
2013-09-17,85.12000274658203,85.12000274658203,84.83000183105469,84.7699966430664,84.7699966430664,16.0,CT=F,USX,NYM
2013-09-18,84.63999938964844,85.5,84.63999938964844,85.7300033569336,85.7300033569336,4.0,CT=F,USX,NYM
2013-09-19,85.5,85.5,85.0999984741211,85.33999633789062,85.33999633789062,7.0,CT=F,USX,NYM
2013-09-20,84.87999725341797,84.87999725341797,82.83999633789062,83.33000183105469,83.33000183105469,64.0,CT=F,USX,NYM
2013-09-23,82.87000274658203,83.51000213623047,82.83999633789062,83.01000213623047,83.01000213623047,39.0,CT=F,USX,NYM
2013-09-24,83.26000213623047,84.33999633789062,83.26000213623047,83.43000030517578,83.43000030517578,2.0,CT=F,USX,NYM
2013-09-25,83.7300033569336,83.7300033569336,83.7300033569336,83.7300033569336,83.7300033569336,2.0,CT=F,USX,NYM
2013-09-26,84.69000244140625,84.69000244140625,84.69000244140625,84.5,84.5,1.0,CT=F,USX,NYM
2013-09-27,85.66000366210938,85.66000366210938,85.66000366210938,85.66000366210938,85.66000366210938,1.0,CT=F,USX,NYM
2013-09-30,86.11000061035156,86.11000061035156,86.11000061035156,86.11000061035156,86.11000061035156,1.0,CT=F,USX,NYM
2013-10-01,86.11000061035156,86.36000061035156,84.36000061035156,84.94999694824219,84.94999694824219,3.0,CT=F,USX,NYM
2013-10-02,85.22000122070312,85.22000122070312,85.22000122070312,85.22000122070312,85.22000122070312,1.0,CT=F,USX,NYM
2013-10-03,85.79000091552734,85.79000091552734,85.79000091552734,85.79000091552734,85.79000091552734,1.0,CT=F,USX,NYM
2013-10-04,85.83000183105469,85.83000183105469,85.83000183105469,85.83000183105469,85.83000183105469,1.0,CT=F,USX,NYM
2013-10-07,82.56999969482422,82.56999969482422,82.56999969482422,82.56999969482422,82.56999969482422,1.0,CT=F,USX,NYM
2013-10-08,82.19000244140625,82.19000244140625,82.19000244140625,82.19000244140625,82.19000244140625,1.0,CT=F,USX,NYM
2013-10-09,81.94999694824219,81.94999694824219,81.94999694824219,81.94999694824219,81.94999694824219,14966.0,CT=F,USX,NYM
2013-10-10,83.33999633789062,84.26000213623047,83.12999725341797,83.16999816894531,83.16999816894531,10708.0,CT=F,USX,NYM
2013-10-11,83.2699966430664,84.08999633789062,83.16999816894531,83.37000274658203,83.37000274658203,10524.0,CT=F,USX,NYM
2013-10-14,83.51000213623047,83.97000122070312,83.37999725341797,83.61000061035156,83.61000061035156,7180.0,CT=F,USX,NYM
2013-10-15,83.80000305175781,84.08000183105469,83.41999816894531,83.70999908447266,83.70999908447266,8470.0,CT=F,USX,NYM
2013-10-16,83.75,83.9800033569336,82.93000030517578,83.16000366210938,83.16000366210938,11076.0,CT=F,USX,NYM
2013-10-17,83.25,83.91999816894531,82.56999969482422,83.81999969482422,83.81999969482422,11992.0,CT=F,USX,NYM
2013-10-18,83.8499984741211,84.4000015258789,82.83000183105469,83.11000061035156,83.11000061035156,11666.0,CT=F,USX,NYM
2013-10-21,83.11000061035156,83.4000015258789,82.80000305175781,83.05999755859375,83.05999755859375,8956.0,CT=F,USX,NYM
2013-10-22,83.05999755859375,83.11000061035156,82.44000244140625,82.44999694824219,82.44999694824219,8481.0,CT=F,USX,NYM
2013-10-23,82.5,82.83999633789062,80.5199966430664,80.69000244140625,80.69000244140625,26893.0,CT=F,USX,NYM
2013-10-24,80.80999755859375,80.8499984741211,78.76000213623047,79.20999908447266,79.20999908447266,21643.0,CT=F,USX,NYM
2013-10-25,79.20999908447266,80.13999938964844,78.80999755859375,79.08000183105469,79.08000183105469,19020.0,CT=F,USX,NYM
2013-10-28,79.08000183105469,79.48999786376953,78.5199966430664,78.6500015258789,78.6500015258789,15446.0,CT=F,USX,NYM
2013-10-29,78.80000305175781,78.9800033569336,78.29000091552734,78.33999633789062,78.33999633789062,13344.0,CT=F,USX,NYM
2013-10-30,78.37999725341797,78.7300033569336,77.68000030517578,77.83999633789062,77.83999633789062,18488.0,CT=F,USX,NYM
2013-10-31,77.95999908447266,79.08999633789062,77.11000061035156,77.18000030517578,77.18000030517578,23661.0,CT=F,USX,NYM
2013-11-01,77.1500015258789,77.62999725341797,76.54000091552734,76.58000183105469,76.58000183105469,12945.0,CT=F,USX,NYM
2013-11-04,76.58000183105469,77.12000274658203,75.8499984741211,75.94999694824219,75.94999694824219,13637.0,CT=F,USX,NYM
2013-11-05,76.05999755859375,76.25,75.2699966430664,75.94000244140625,75.94000244140625,17113.0,CT=F,USX,NYM
2013-11-06,76.08999633789062,78.94000244140625,75.9800033569336,77.06999969482422,77.06999969482422,21894.0,CT=F,USX,NYM
2013-11-07,77.06999969482422,77.73999786376953,76.22000122070312,76.76000213623047,76.76000213623047,16765.0,CT=F,USX,NYM
2013-11-08,76.76000213623047,77.87999725341797,75.8499984741211,76.87999725341797,76.87999725341797,24094.0,CT=F,USX,NYM
2013-11-11,76.87999725341797,77.63999938964844,76.47000122070312,76.97000122070312,76.97000122070312,21841.0,CT=F,USX,NYM
2013-11-12,76.87999725341797,78.44000244140625,76.87999725341797,77.87999725341797,77.87999725341797,29015.0,CT=F,USX,NYM
2013-11-13,77.87999725341797,78.5,77.70999908447266,77.97000122070312,77.97000122070312,20727.0,CT=F,USX,NYM
2013-11-14,77.9000015258789,77.97000122070312,76.2699966430664,76.5199966430664,76.5199966430664,14528.0,CT=F,USX,NYM
2013-11-15,76.62000274658203,77.4000015258789,76.5199966430664,77.12000274658203,77.12000274658203,6444.0,CT=F,USX,NYM
2013-11-18,77.08999633789062,77.23999786376953,76.30000305175781,76.37000274658203,76.37000274658203,4974.0,CT=F,USX,NYM
2013-11-19,76.26000213623047,76.5999984741211,75.69999694824219,75.87999725341797,75.87999725341797,7864.0,CT=F,USX,NYM
2013-11-20,75.76000213623047,77.44000244140625,75.37999725341797,75.62999725341797,75.62999725341797,6461.0,CT=F,USX,NYM
2013-11-21,75.77999877929688,76.05000305175781,74.5,74.79000091552734,74.79000091552734,4280.0,CT=F,USX,NYM
2013-11-22,75.25,75.37999725341797,73.79000091552734,75.20999908447266,75.20999908447266,238.0,CT=F,USX,NYM
2013-11-25,75.69999694824219,77.0999984741211,75.63999938964844,76.95999908447266,76.95999908447266,188.0,CT=F,USX,NYM
2013-11-26,77.0999984741211,78.0,77.0999984741211,77.8499984741211,77.8499984741211,57.0,CT=F,USX,NYM
2013-11-27,77.62999725341797,77.69999694824219,76.70999908447266,76.75,76.75,0.0,CT=F,USX,NYM
2013-11-29,77.05000305175781,77.05000305175781,77.05000305175781,78.13999938964844,78.13999938964844,15.0,CT=F,USX,NYM
2013-12-02,77.72000122070312,78.08999633789062,77.01000213623047,77.2699966430664,77.2699966430664,22.0,CT=F,USX,NYM
2013-12-03,77.41000366210938,77.41000366210938,77.41000366210938,77.41000366210938,77.41000366210938,12.0,CT=F,USX,NYM
2013-12-04,77.52999877929688,78.25,77.2699966430664,78.0199966430664,78.0199966430664,19.0,CT=F,USX,NYM
2013-12-05,77.62000274658203,78.23999786376953,76.83000183105469,77.81999969482422,77.81999969482422,30.0,CT=F,USX,NYM
2013-12-06,79.37999725341797,79.37999725341797,79.37999725341797,79.37999725341797,79.37999725341797,18495.0,CT=F,USX,NYM
2013-12-09,80.31999969482422,80.75,80.05000305175781,80.36000061035156,80.36000061035156,9929.0,CT=F,USX,NYM
2013-12-10,80.45999908447266,80.79000091552734,79.76000213623047,80.69000244140625,80.69000244140625,10019.0,CT=F,USX,NYM
2013-12-11,80.66999816894531,82.93000030517578,80.58000183105469,82.48999786376953,82.48999786376953,20681.0,CT=F,USX,NYM
2013-12-12,82.25,83.12999725341797,81.69000244140625,83.05999755859375,83.05999755859375,16125.0,CT=F,USX,NYM
2013-12-13,83.04000091552734,83.41999816894531,82.47000122070312,83.22000122070312,83.22000122070312,13640.0,CT=F,USX,NYM
2013-12-16,83.20999908447266,83.41999816894531,82.33999633789062,83.37999725341797,83.37999725341797,8935.0,CT=F,USX,NYM
2013-12-17,83.2699966430664,83.72000122070312,82.63999938964844,82.94999694824219,82.94999694824219,9410.0,CT=F,USX,NYM
2013-12-18,82.94999694824219,83.19999694824219,82.5,83.0,83.0,11256.0,CT=F,USX,NYM
2013-12-19,83.0,83.62000274658203,82.9000015258789,83.33000183105469,83.33000183105469,6247.0,CT=F,USX,NYM
2013-12-20,83.2300033569336,83.8499984741211,83.02999877929688,83.1500015258789,83.1500015258789,8432.0,CT=F,USX,NYM
2013-12-23,83.0,83.05999755859375,81.41999816894531,82.23999786376953,82.23999786376953,10325.0,CT=F,USX,NYM
2013-12-24,82.23999786376953,83.4000015258789,81.9000015258789,83.18000030517578,83.18000030517578,6542.0,CT=F,USX,NYM
2013-12-26,82.48999786376953,83.38999938964844,82.36000061035156,82.88999938964844,82.88999938964844,3544.0,CT=F,USX,NYM
2013-12-27,83.19999694824219,85.19999694824219,83.19999694824219,84.12000274658203,84.12000274658203,13071.0,CT=F,USX,NYM
2013-12-30,84.12000274658203,85.06999969482422,83.80000305175781,84.66000366210938,84.66000366210938,7942.0,CT=F,USX,NYM
2013-12-31,84.45999908447266,85.29000091552734,84.4000015258789,84.63999938964844,84.63999938964844,13322.0,CT=F,USX,NYM
2014-01-02,84.5999984741211,85.06999969482422,83.5,84.04000091552734,84.04000091552734,13322.0,CT=F,USX,NYM
2014-01-03,84.12000274658203,84.19000244140625,82.9000015258789,82.94000244140625,82.94000244140625,14675.0,CT=F,USX,NYM
2014-01-06,82.93000030517578,83.80000305175781,82.66000366210938,83.62999725341797,83.62999725341797,10483.0,CT=F,USX,NYM
2014-01-07,83.5999984741211,85.02999877929688,83.44999694824219,84.66999816894531,84.66999816894531,10036.0,CT=F,USX,NYM
2014-01-08,84.4800033569336,84.66999816894531,83.0199966430664,83.13999938964844,83.13999938964844,17182.0,CT=F,USX,NYM
2014-01-09,83.2300033569336,84.62999725341797,82.7300033569336,82.80999755859375,82.80999755859375,18664.0,CT=F,USX,NYM
2014-01-10,82.7699966430664,84.08000183105469,82.38999938964844,82.58999633789062,82.58999633789062,21658.0,CT=F,USX,NYM
2014-01-13,82.7300033569336,84.47000122070312,82.62000274658203,83.68000030517578,83.68000030517578,19117.0,CT=F,USX,NYM
2014-01-14,83.5199966430664,84.30999755859375,83.33999633789062,83.7300033569336,83.7300033569336,13658.0,CT=F,USX,NYM
2014-01-15,83.69999694824219,84.88999938964844,83.62999725341797,84.79000091552734,84.79000091552734,13694.0,CT=F,USX,NYM
2014-01-16,84.44999694824219,86.66999816894531,84.30999755859375,86.19000244140625,86.19000244140625,21984.0,CT=F,USX,NYM
2014-01-17,86.01000213623047,87.13999938964844,85.88999938964844,86.80000305175781,86.80000305175781,15651.0,CT=F,USX,NYM
2014-01-21,86.95999908447266,88.43000030517578,86.3499984741211,88.12999725341797,88.12999725341797,18799.0,CT=F,USX,NYM
2014-01-22,88.0,88.19999694824219,86.63999938964844,87.83999633789062,87.83999633789062,15216.0,CT=F,USX,NYM
2014-01-23,87.91000366210938,88.1500015258789,86.94999694824219,87.33000183105469,87.33000183105469,12794.0,CT=F,USX,NYM
2014-01-24,87.29000091552734,88.19000244140625,86.48999786376953,87.20999908447266,87.20999908447266,15950.0,CT=F,USX,NYM
2014-01-27,87.0,87.16000366210938,83.66000366210938,84.25,84.25,27931.0,CT=F,USX,NYM
2014-01-28,84.0199966430664,84.98999786376953,84.0199966430664,84.3499984741211,84.3499984741211,13969.0,CT=F,USX,NYM
2014-01-29,84.37000274658203,86.61000061035156,84.0,85.55000305175781,85.55000305175781,19038.0,CT=F,USX,NYM
2014-01-30,85.5,86.80999755859375,85.25,86.02999877929688,86.02999877929688,17488.0,CT=F,USX,NYM
2014-01-31,86.02999877929688,86.55000305175781,85.69999694824219,85.83000183105469,85.83000183105469,14060.0,CT=F,USX,NYM
2014-02-03,85.83000183105469,85.88999938964844,84.76000213623047,85.01000213623047,85.01000213623047,14496.0,CT=F,USX,NYM
2014-02-04,85.0999984741211,86.30000305175781,85.0999984741211,85.4000015258789,85.4000015258789,12337.0,CT=F,USX,NYM
2014-02-05,85.19999694824219,85.72000122070312,85.0999984741211,85.5199966430664,85.5199966430664,10455.0,CT=F,USX,NYM
2014-02-06,86.12999725341797,86.69000244140625,85.77999877929688,86.30999755859375,86.30999755859375,13359.0,CT=F,USX,NYM
2014-02-07,86.05000305175781,88.05000305175781,85.83999633789062,87.47000122070312,87.47000122070312,27901.0,CT=F,USX,NYM
2014-02-10,87.54000091552734,88.83999633789062,87.04000091552734,87.37000274658203,87.37000274658203,24619.0,CT=F,USX,NYM
2014-02-11,87.33999633789062,88.83999633789062,86.66000366210938,88.66999816894531,88.66999816894531,21177.0,CT=F,USX,NYM
2014-02-12,88.66999816894531,89.30999755859375,87.9800033569336,88.37000274658203,88.37000274658203,20438.0,CT=F,USX,NYM
2014-02-13,88.13999938964844,89.0,86.80000305175781,87.5999984741211,87.5999984741211,22706.0,CT=F,USX,NYM
2014-02-14,87.77999877929688,88.5199966430664,87.06999969482422,87.55000305175781,87.55000305175781,0.0,CT=F,USX,NYM
2014-02-18,88.0,88.23999786376953,87.30000305175781,87.91000366210938,87.91000366210938,9968.0,CT=F,USX,NYM
2014-02-19,87.91000366210938,88.05000305175781,86.80999755859375,86.97000122070312,86.97000122070312,8818.0,CT=F,USX,NYM
2014-02-20,87.0999984741211,87.30000305175781,86.23999786376953,86.37000274658203,86.37000274658203,4063.0,CT=F,USX,NYM
2014-02-21,86.29000091552734,88.05000305175781,86.29000091552734,87.08999633789062,87.08999633789062,5543.0,CT=F,USX,NYM
2014-02-24,87.06999969482422,89.0,87.06999969482422,87.91999816894531,87.91999816894531,459.0,CT=F,USX,NYM
2014-02-25,88.0,88.58000183105469,85.91000366210938,86.22000122070312,86.22000122070312,154.0,CT=F,USX,NYM
2014-02-26,86.22000122070312,86.72000122070312,85.27999877929688,85.37000274658203,85.37000274658203,53.0,CT=F,USX,NYM
2014-02-27,85.22000122070312,86.5,84.6500015258789,86.91000366210938,86.91000366210938,12.0,CT=F,USX,NYM
2014-02-28,86.16000366210938,86.16999816894531,86.01000213623047,86.58999633789062,86.58999633789062,8.0,CT=F,USX,NYM
2014-03-03,87.80000305175781,88.3499984741211,86.6500015258789,87.86000061035156,87.86000061035156,39.0,CT=F,USX,NYM
2014-03-04,88.0,88.3499984741211,88.0,88.31999969482422,88.31999969482422,7.0,CT=F,USX,NYM
2014-03-05,88.4000015258789,88.5,87.01000213623047,87.9000015258789,87.9000015258789,7.0,CT=F,USX,NYM
2014-03-06,88.80000305175781,89.5199966430664,87.55000305175781,90.0,90.0,9.0,CT=F,USX,NYM
2014-03-07,90.97000122070312,90.97000122070312,90.27999877929688,91.0199966430664,91.0199966430664,19176.0,CT=F,USX,NYM
2014-03-10,91.0999984741211,92.5999984741211,90.68000030517578,91.55999755859375,91.55999755859375,11048.0,CT=F,USX,NYM
2014-03-11,91.66999816894531,92.23999786376953,91.0,91.6500015258789,91.6500015258789,8691.0,CT=F,USX,NYM
2014-03-12,91.5,92.93000030517578,90.44000244140625,92.19999694824219,92.19999694824219,14492.0,CT=F,USX,NYM
2014-03-13,92.66000366210938,93.75,91.45999908447266,91.68000030517578,91.68000030517578,9960.0,CT=F,USX,NYM
2014-03-14,91.68000030517578,92.5999984741211,90.55999755859375,92.19000244140625,92.19000244140625,9681.0,CT=F,USX,NYM
2014-03-17,92.1500015258789,92.4800033569336,91.66000366210938,92.02999877929688,92.02999877929688,6623.0,CT=F,USX,NYM
2014-03-18,91.8499984741211,92.97000122070312,91.8499984741211,92.93000030517578,92.93000030517578,6271.0,CT=F,USX,NYM
2014-03-19,93.0,93.29000091552734,92.4800033569336,92.62000274658203,92.62000274658203,5740.0,CT=F,USX,NYM
2014-03-20,92.45999908447266,92.95999908447266,91.81999969482422,92.18000030517578,92.18000030517578,8206.0,CT=F,USX,NYM
2014-03-21,92.05000305175781,93.5999984741211,92.05000305175781,93.30999755859375,93.30999755859375,10418.0,CT=F,USX,NYM
2014-03-24,93.30999755859375,93.75,89.83999633789062,90.62999725341797,90.62999725341797,23983.0,CT=F,USX,NYM
2014-03-25,90.83000183105469,94.62999725341797,89.9000015258789,94.11000061035156,94.11000061035156,20574.0,CT=F,USX,NYM
2014-03-26,94.12000274658203,97.3499984741211,90.83000183105469,91.66000366210938,91.66000366210938,33075.0,CT=F,USX,NYM
2014-03-27,91.5999984741211,93.91000366210938,91.5999984741211,92.55999755859375,92.55999755859375,12021.0,CT=F,USX,NYM
2014-03-28,92.45999908447266,93.80000305175781,92.25,93.73999786376953,93.73999786376953,11523.0,CT=F,USX,NYM
2014-03-31,93.91000366210938,94.80000305175781,92.51000213623047,93.5199966430664,93.5199966430664,12739.0,CT=F,USX,NYM
2014-04-01,93.02999877929688,93.2300033569336,91.81999969482422,92.06999969482422,92.06999969482422,16392.0,CT=F,USX,NYM
2014-04-02,92.08999633789062,92.9800033569336,91.20999908447266,91.51000213623047,91.51000213623047,14469.0,CT=F,USX,NYM
2014-04-03,91.51000213623047,91.7300033569336,90.61000061035156,90.9800033569336,90.9800033569336,13614.0,CT=F,USX,NYM
2014-04-04,90.93000030517578,93.2300033569336,90.80000305175781,92.4000015258789,92.4000015258789,13727.0,CT=F,USX,NYM
2014-04-07,92.4000015258789,92.86000061035156,90.52999877929688,90.62000274658203,90.62000274658203,19156.0,CT=F,USX,NYM
2014-04-08,90.62000274658203,92.44000244140625,90.56999969482422,91.79000091552734,91.79000091552734,15419.0,CT=F,USX,NYM
2014-04-09,91.66000366210938,92.31999969482422,90.30999755859375,90.44000244140625,90.44000244140625,25148.0,CT=F,USX,NYM
2014-04-10,90.44000244140625,91.2300033569336,88.9800033569336,89.0199966430664,89.0199966430664,27173.0,CT=F,USX,NYM
2014-04-11,89.0199966430664,90.01000213623047,88.62999725341797,89.0199966430664,89.0199966430664,19867.0,CT=F,USX,NYM
2014-04-14,90.0,91.66999816894531,89.5199966430664,90.91000366210938,90.91000366210938,10503.0,CT=F,USX,NYM
2014-04-15,91.0,91.58000183105469,89.13999938964844,89.91999816894531,89.91999816894531,9311.0,CT=F,USX,NYM
2014-04-16,90.4000015258789,91.2300033569336,90.05999755859375,91.04000091552734,91.04000091552734,7064.0,CT=F,USX,NYM
2014-04-17,90.95999908447266,91.31999969482422,90.05000305175781,90.16999816894531,90.16999816894531,10243.0,CT=F,USX,NYM
2014-04-21,90.30000305175781,90.80000305175781,89.3499984741211,89.69000244140625,89.69000244140625,4233.0,CT=F,USX,NYM
2014-04-22,89.66000366210938,91.16000366210938,89.66000366210938,91.01000213623047,91.01000213623047,2653.0,CT=F,USX,NYM
2014-04-23,91.01000213623047,93.20999908447266,89.75,92.9000015258789,92.9000015258789,7703.0,CT=F,USX,NYM
2014-04-24,92.9800033569336,92.98999786376953,91.30000305175781,92.66000366210938,92.66000366210938,82.0,CT=F,USX,NYM
2014-04-25,92.9800033569336,93.11000061035156,92.5999984741211,92.94999694824219,92.94999694824219,6.0,CT=F,USX,NYM
2014-04-28,92.91000366210938,92.91000366210938,92.0999984741211,92.37999725341797,92.37999725341797,32.0,CT=F,USX,NYM
2014-04-29,92.58999633789062,94.44999694824219,92.5,94.26000213623047,94.26000213623047,48.0,CT=F,USX,NYM
2014-04-30,94.30999755859375,94.5999984741211,94.30999755859375,94.13999938964844,94.13999938964844,47.0,CT=F,USX,NYM
2014-05-01,94.44000244140625,94.47000122070312,93.0,94.06999969482422,94.06999969482422,28.0,CT=F,USX,NYM
2014-05-02,94.5,94.88999938964844,93.95999908447266,94.19000244140625,94.19000244140625,76.0,CT=F,USX,NYM
2014-05-05,94.3499984741211,94.6500015258789,94.23999786376953,94.62000274658203,94.62000274658203,59.0,CT=F,USX,NYM
2014-05-06,94.0,94.19000244140625,92.70999908447266,93.69999694824219,93.69999694824219,31.0,CT=F,USX,NYM
2014-05-07,94.04000091552734,94.04000091552734,92.0,91.83999633789062,91.83999633789062,13493.0,CT=F,USX,NYM
2014-05-08,92.55999755859375,94.2699966430664,92.2699966430664,93.05000305175781,93.05000305175781,11252.0,CT=F,USX,NYM
2014-05-09,93.05000305175781,93.70999908447266,92.0,92.36000061035156,92.36000061035156,7364.0,CT=F,USX,NYM
2014-05-12,92.37999725341797,92.5,90.5,91.30000305175781,91.30000305175781,13564.0,CT=F,USX,NYM
2014-05-13,91.30000305175781,91.54000091552734,90.51000213623047,90.93000030517578,90.93000030517578,9139.0,CT=F,USX,NYM
2014-05-14,90.93000030517578,92.12999725341797,90.61000061035156,90.69999694824219,90.69999694824219,10137.0,CT=F,USX,NYM
2014-05-15,90.69999694824219,91.29000091552734,90.0999984741211,90.36000061035156,90.36000061035156,11690.0,CT=F,USX,NYM
2014-05-16,90.44000244140625,90.83999633789062,89.76000213623047,89.81999969482422,89.81999969482422,9479.0,CT=F,USX,NYM
2014-05-19,89.80000305175781,89.93000030517578,89.12000274658203,89.1500015258789,89.1500015258789,12557.0,CT=F,USX,NYM
2014-05-20,89.19999694824219,89.73999786376953,88.70999908447266,89.0,89.0,12946.0,CT=F,USX,NYM
2014-05-21,89.0,90.62999725341797,88.93000030517578,89.29000091552734,89.29000091552734,12532.0,CT=F,USX,NYM
2014-05-22,89.29000091552734,90.66000366210938,87.76000213623047,87.77999877929688,87.77999877929688,22957.0,CT=F,USX,NYM
2014-05-23,87.9000015258789,88.16999816894531,85.26000213623047,86.30999755859375,86.30999755859375,0.0,CT=F,USX,NYM
2014-05-27,86.5,86.5,84.8499984741211,84.97000122070312,84.97000122070312,14245.0,CT=F,USX,NYM
2014-05-28,85.26000213623047,85.7699966430664,83.86000061035156,84.87000274658203,84.87000274658203,17218.0,CT=F,USX,NYM
2014-05-29,84.87000274658203,86.94000244140625,84.5199966430664,86.1500015258789,86.1500015258789,19013.0,CT=F,USX,NYM
2014-05-30,86.26000213623047,86.69000244140625,85.41000366210938,86.2699966430664,86.2699966430664,16044.0,CT=F,USX,NYM
2014-06-02,86.2699966430664,86.70999908447266,85.63999938964844,86.4800033569336,86.4800033569336,16798.0,CT=F,USX,NYM
2014-06-03,86.58999633789062,88.5999984741211,86.11000061035156,87.36000061035156,87.36000061035156,19815.0,CT=F,USX,NYM
2014-06-04,87.47000122070312,87.81999969482422,85.91999816894531,86.08000183105469,86.08000183105469,16787.0,CT=F,USX,NYM
2014-06-05,86.08000183105469,86.3499984741211,85.44000244140625,85.5,85.5,13740.0,CT=F,USX,NYM
2014-06-06,85.55000305175781,85.68000030517578,84.72000122070312,84.77999877929688,84.77999877929688,17449.0,CT=F,USX,NYM
2014-06-09,84.69999694824219,84.94999694824219,84.06999969482422,84.55000305175781,84.55000305175781,15990.0,CT=F,USX,NYM
2014-06-10,84.55000305175781,86.66000366210938,84.44999694824219,86.30000305175781,86.30000305175781,28882.0,CT=F,USX,NYM
2014-06-11,86.44000244140625,86.9000015258789,85.08000183105469,85.51000213623047,85.51000213623047,23142.0,CT=F,USX,NYM
2014-06-12,85.37999725341797,86.5999984741211,84.80999755859375,85.62000274658203,85.62000274658203,21647.0,CT=F,USX,NYM
2014-06-13,86.0,87.0999984741211,85.41999816894531,86.9800033569336,86.9800033569336,15361.0,CT=F,USX,NYM
2014-06-16,87.0,88.44000244140625,87.0,87.6500015258789,87.6500015258789,12489.0,CT=F,USX,NYM
2014-06-17,87.6500015258789,90.37000274658203,87.62000274658203,90.05999755859375,90.05999755859375,17880.0,CT=F,USX,NYM
2014-06-18,90.0199966430664,91.43000030517578,90.0199966430664,91.1500015258789,91.1500015258789,9426.0,CT=F,USX,NYM
2014-06-19,91.0999984741211,91.2300033569336,87.80000305175781,88.36000061035156,88.36000061035156,10523.0,CT=F,USX,NYM
2014-06-20,87.94000244140625,88.7699966430664,87.05999755859375,88.16000366210938,88.16000366210938,7762.0,CT=F,USX,NYM
2014-06-23,88.0999984741211,88.58000183105469,84.16000366210938,87.5199966430664,87.5199966430664,12722.0,CT=F,USX,NYM
2014-06-24,84.36000061035156,85.30000305175781,81.33000183105469,81.80999755859375,81.80999755859375,361.0,CT=F,USX,NYM
2014-06-25,82.88999938964844,83.75,81.25,81.80000305175781,81.80000305175781,113.0,CT=F,USX,NYM
2014-06-26,81.1500015258789,81.1500015258789,80.2699966430664,80.37000274658203,80.37000274658203,50.0,CT=F,USX,NYM
2014-06-27,81.2699966430664,81.41000366210938,80.69999694824219,80.88999938964844,80.88999938964844,13.0,CT=F,USX,NYM
2014-06-30,80.77999877929688,80.77999877929688,79.0999984741211,79.20999908447266,79.20999908447266,28.0,CT=F,USX,NYM
2014-07-01,78.0199966430664,78.25,77.19999694824219,77.08000183105469,77.08000183105469,44.0,CT=F,USX,NYM
2014-07-02,76.75,76.75,76.75,76.69000244140625,76.69000244140625,1.0,CT=F,USX,NYM
2014-07-03,76.22000122070312,76.22000122070312,76.22000122070312,76.22000122070312,76.22000122070312,5.0,CT=F,USX,NYM
2014-07-07,75.63999938964844,75.63999938964844,75.63999938964844,74.83000183105469,74.83000183105469,152.0,CT=F,USX,NYM
2014-07-08,75.62000274658203,75.62000274658203,75.0999984741211,75.0,75.0,88.0,CT=F,USX,NYM
2014-07-09,74.58999633789062,75.0,74.58999633789062,74.97000122070312,74.97000122070312,63.0,CT=F,USX,NYM
2014-07-10,70.4000015258789,70.4000015258789,69.05999755859375,68.9000015258789,68.9000015258789,62.0,CT=F,USX,NYM
2014-07-11,68.66999816894531,69.41000366210938,68.26000213623047,68.73999786376953,68.73999786376953,42.0,CT=F,USX,NYM
2014-07-14,69.01000213623047,69.48999786376953,68.4000015258789,68.5999984741211,68.5999984741211,24.0,CT=F,USX,NYM
2014-07-15,68.5999984741211,68.72000122070312,67.83999633789062,68.25,68.25,30.0,CT=F,USX,NYM
2014-07-16,68.25,69.0999984741211,68.25,68.38999938964844,68.38999938964844,17.0,CT=F,USX,NYM
2014-07-17,68.4800033569336,68.7699966430664,68.30000305175781,68.44999694824219,68.44999694824219,12.0,CT=F,USX,NYM
2014-07-18,68.3499984741211,68.5999984741211,68.3499984741211,68.62999725341797,68.62999725341797,2.0,CT=F,USX,NYM
2014-07-21,68.38999938964844,68.7699966430664,68.38999938964844,68.5199966430664,68.5199966430664,3.0,CT=F,USX,NYM
2014-07-22,68.6500015258789,69.55999755859375,68.6500015258789,68.80000305175781,68.80000305175781,33.0,CT=F,USX,NYM
2014-07-23,68.80000305175781,68.87999725341797,68.80000305175781,68.7699966430664,68.7699966430664,5.0,CT=F,USX,NYM
2014-07-24,68.87999725341797,68.87999725341797,66.0999984741211,66.4000015258789,66.4000015258789,56.0,CT=F,USX,NYM
2014-07-25,66.54000091552734,66.70999908447266,64.4000015258789,65.16000366210938,65.16000366210938,50.0,CT=F,USX,NYM
2014-07-28,65.36000061035156,65.5199966430664,65.08999633789062,65.36000061035156,65.36000061035156,20.0,CT=F,USX,NYM
2014-07-29,65.30000305175781,65.30000305175781,63.970001220703125,64.44000244140625,64.44000244140625,17.0,CT=F,USX,NYM
2014-07-30,64.76000213623047,64.76000213623047,63.06999969482422,63.34000015258789,63.34000015258789,29.0,CT=F,USX,NYM
2014-07-31,63.29999923706055,63.29999923706055,61.900001525878906,62.09000015258789,62.09000015258789,28.0,CT=F,USX,NYM
2014-08-01,62.33000183105469,62.970001220703125,61.34000015258789,62.4900016784668,62.4900016784668,24.0,CT=F,USX,NYM
2014-08-04,62.5099983215332,64.20999908447266,62.5099983215332,63.91999816894531,63.91999816894531,19.0,CT=F,USX,NYM
2014-08-05,64.31999969482422,64.37000274658203,63.34000015258789,63.459999084472656,63.459999084472656,13.0,CT=F,USX,NYM
2014-08-06,63.869998931884766,64.16999816894531,63.810001373291016,63.970001220703125,63.970001220703125,20.0,CT=F,USX,NYM
2014-08-07,63.95000076293945,63.95000076293945,63.40999984741211,63.56999969482422,63.56999969482422,12.0,CT=F,USX,NYM
2014-08-08,63.75,64.1500015258789,63.529998779296875,63.810001373291016,63.810001373291016,6.0,CT=F,USX,NYM
2014-08-11,63.91999816894531,64.8499984741211,63.91999816894531,64.12999725341797,64.12999725341797,19.0,CT=F,USX,NYM
2014-08-12,64.12999725341797,64.4000015258789,63.0099983215332,63.029998779296875,63.029998779296875,12.0,CT=F,USX,NYM
2014-08-13,63.279998779296875,64.66000366210938,63.279998779296875,64.0199966430664,64.0199966430664,59.0,CT=F,USX,NYM
2014-08-14,64.37000274658203,64.4000015258789,63.54999923706055,63.88999938964844,63.88999938964844,7.0,CT=F,USX,NYM
2014-08-15,63.88999938964844,64.33000183105469,63.630001068115234,63.599998474121094,63.599998474121094,9.0,CT=F,USX,NYM
2014-08-18,63.54999923706055,63.72999954223633,63.16999816894531,63.34000015258789,63.34000015258789,17.0,CT=F,USX,NYM
2014-08-19,63.43000030517578,63.5,63.33000183105469,63.470001220703125,63.470001220703125,12.0,CT=F,USX,NYM
2014-08-20,63.59000015258789,65.4800033569336,63.59000015258789,65.31999969482422,65.31999969482422,26.0,CT=F,USX,NYM
2014-08-21,65.63999938964844,67.63999938964844,65.63999938964844,66.5,66.5,112.0,CT=F,USX,NYM
2014-08-22,66.5999984741211,67.5,66.55000305175781,67.45999908447266,67.45999908447266,22.0,CT=F,USX,NYM
2014-08-25,67.45999908447266,67.93000030517578,66.93000030517578,67.66000366210938,67.66000366210938,28.0,CT=F,USX,NYM
2014-08-26,67.66000366210938,68.30999755859375,67.52999877929688,68.26000213623047,68.26000213623047,12.0,CT=F,USX,NYM
2014-08-27,68.26000213623047,68.4800033569336,67.68000030517578,68.30000305175781,68.30000305175781,10.0,CT=F,USX,NYM
2014-08-28,68.30000305175781,68.44000244140625,66.58000183105469,67.13999938964844,67.13999938964844,41.0,CT=F,USX,NYM
2014-08-29,67.31999969482422,68.02999877929688,66.56999969482422,67.5999984741211,67.5999984741211,33.0,CT=F,USX,NYM
2014-09-02,66.55000305175781,66.55000305175781,66.05000305175781,66.33999633789062,66.33999633789062,21.0,CT=F,USX,NYM
2014-09-03,66.26000213623047,66.36000061035156,66.05000305175781,66.69999694824219,66.69999694824219,19.0,CT=F,USX,NYM
2014-09-04,66.91999816894531,66.9800033569336,66.75,66.7699966430664,66.7699966430664,15.0,CT=F,USX,NYM
2014-09-05,66.81999969482422,66.81999969482422,65.55000305175781,66.08000183105469,66.08000183105469,11.0,CT=F,USX,NYM
2014-09-08,66.30000305175781,66.98999786376953,65.75,66.55999755859375,66.55999755859375,11.0,CT=F,USX,NYM
2014-09-09,66.55999755859375,68.55000305175781,66.55999755859375,67.77999877929688,67.77999877929688,57.0,CT=F,USX,NYM
2014-09-10,67.77999877929688,70.4800033569336,67.77999877929688,70.13999938964844,70.13999938964844,41.0,CT=F,USX,NYM
2014-09-11,70.13999938964844,71.1500015258789,69.9800033569336,70.79000091552734,70.79000091552734,89.0,CT=F,USX,NYM
2014-09-12,71.1500015258789,71.48999786376953,69.80000305175781,70.61000061035156,70.61000061035156,28.0,CT=F,USX,NYM
2014-09-15,70.86000061035156,70.86000061035156,68.20999908447266,68.18000030517578,68.18000030517578,88.0,CT=F,USX,NYM
2014-09-16,68.29000091552734,68.30000305175781,67.76000213623047,68.27999877929688,68.27999877929688,6.0,CT=F,USX,NYM
2014-09-17,68.87000274658203,70.30000305175781,68.5999984741211,69.9000015258789,69.9000015258789,21.0,CT=F,USX,NYM
2014-09-18,69.19000244140625,69.19000244140625,66.9000015258789,66.9000015258789,66.9000015258789,44.0,CT=F,USX,NYM
2014-09-19,65.51000213623047,65.80999755859375,65.37999725341797,65.98999786376953,65.98999786376953,17.0,CT=F,USX,NYM
2014-09-22,65.0,65.0,63.25,64.86000061035156,64.86000061035156,29.0,CT=F,USX,NYM
2014-09-23,64.8499984741211,64.8499984741211,62.93000030517578,62.93000030517578,62.93000030517578,105.0,CT=F,USX,NYM
2014-09-24,60.58000183105469,62.939998626708984,60.58000183105469,61.65999984741211,61.65999984741211,3.0,CT=F,USX,NYM
2014-09-25,61.4900016784668,61.4900016784668,61.4900016784668,61.4900016784668,61.4900016784668,3.0,CT=F,USX,NYM
2014-09-26,63.68000030517578,63.68000030517578,63.599998474121094,62.47999954223633,62.47999954223633,3.0,CT=F,USX,NYM
2014-09-29,62.060001373291016,62.060001373291016,62.060001373291016,62.060001373291016,62.060001373291016,3.0,CT=F,USX,NYM
2014-09-30,61.959999084472656,61.959999084472656,61.959999084472656,61.959999084472656,61.959999084472656,3.0,CT=F,USX,NYM
2014-10-01,62.7599983215332,62.7599983215332,62.7599983215332,62.7599983215332,62.7599983215332,3.0,CT=F,USX,NYM
2014-10-02,62.45000076293945,62.45000076293945,62.45000076293945,62.45000076293945,62.45000076293945,3.0,CT=F,USX,NYM
2014-10-03,63.06999969482422,63.06999969482422,63.06999969482422,63.06999969482422,63.06999969482422,3.0,CT=F,USX,NYM
2014-10-06,64.9800033569336,64.9800033569336,64.9800033569336,64.9800033569336,64.9800033569336,3.0,CT=F,USX,NYM
2014-10-07,65.83000183105469,65.83000183105469,65.83000183105469,65.83000183105469,65.83000183105469,3.0,CT=F,USX,NYM
2014-10-08,66.62000274658203,66.62000274658203,66.62000274658203,65.51000213623047,65.51000213623047,1.0,CT=F,USX,NYM
2014-10-09,64.55000305175781,64.55000305175781,64.55000305175781,64.55000305175781,64.55000305175781,15056.0,CT=F,USX,NYM
2014-10-10,63.939998626708984,65.5,63.599998474121094,64.0999984741211,64.0999984741211,18229.0,CT=F,USX,NYM
2014-10-13,64.25,65.41000366210938,64.13999938964844,65.0199966430664,65.0199966430664,8549.0,CT=F,USX,NYM
2014-10-14,65.30000305175781,65.6500015258789,64.01000213623047,64.16000366210938,64.16000366210938,13406.0,CT=F,USX,NYM
2014-10-15,64.37999725341797,64.45999908447266,63.290000915527344,63.709999084472656,63.709999084472656,12354.0,CT=F,USX,NYM
2014-10-16,63.709999084472656,64.19000244140625,63.459999084472656,63.560001373291016,63.560001373291016,9211.0,CT=F,USX,NYM
2014-10-17,63.72999954223633,64.13999938964844,62.959999084472656,63.0,63.0,12984.0,CT=F,USX,NYM
2014-10-20,63.150001525878906,63.400001525878906,62.22999954223633,62.290000915527344,62.290000915527344,11724.0,CT=F,USX,NYM
2014-10-21,62.290000915527344,63.630001068115234,62.099998474121094,62.790000915527344,62.790000915527344,11975.0,CT=F,USX,NYM
2014-10-22,63.0,63.40999984741211,62.43000030517578,62.68000030517578,62.68000030517578,8770.0,CT=F,USX,NYM
2014-10-23,62.540000915527344,63.29999923706055,61.97999954223633,63.040000915527344,63.040000915527344,11940.0,CT=F,USX,NYM
2014-10-24,63.040000915527344,64.66000366210938,62.72999954223633,63.810001373291016,63.810001373291016,14930.0,CT=F,USX,NYM
2014-10-27,63.79999923706055,64.26000213623047,63.310001373291016,63.66999816894531,63.66999816894531,8910.0,CT=F,USX,NYM
2014-10-28,63.529998779296875,64.5,63.209999084472656,64.47000122070312,64.47000122070312,9377.0,CT=F,USX,NYM
2014-10-29,64.4000015258789,65.98999786376953,64.16999816894531,65.3499984741211,65.3499984741211,21599.0,CT=F,USX,NYM
2014-10-30,65.33999633789062,66.05000305175781,64.33000183105469,64.5,64.5,20783.0,CT=F,USX,NYM
2014-10-31,64.44000244140625,64.81999969482422,63.2599983215332,64.44999694824219,64.44999694824219,20546.0,CT=F,USX,NYM
2014-11-03,64.44999694824219,64.87999725341797,63.66999816894531,64.25,64.25,15511.0,CT=F,USX,NYM
2014-11-04,64.04000091552734,64.33999633789062,62.7400016784668,62.79999923706055,62.79999923706055,19665.0,CT=F,USX,NYM
2014-11-05,63.09000015258789,63.119998931884766,62.02000045776367,62.709999084472656,62.709999084472656,17564.0,CT=F,USX,NYM
2014-11-06,62.810001373291016,63.349998474121094,62.52000045776367,63.189998626708984,63.189998626708984,12322.0,CT=F,USX,NYM
2014-11-07,63.189998626708984,64.37999725341797,62.630001068115234,63.959999084472656,63.959999084472656,22369.0,CT=F,USX,NYM
2014-11-10,63.97999954223633,65.7699966430664,62.279998779296875,62.43000030517578,62.43000030517578,37777.0,CT=F,USX,NYM
2014-11-11,62.29999923706055,64.5,62.29999923706055,63.29999923706055,63.29999923706055,22427.0,CT=F,USX,NYM
2014-11-12,63.189998626708984,63.650001525878906,61.900001525878906,61.939998626708984,61.939998626708984,23406.0,CT=F,USX,NYM
2014-11-13,61.939998626708984,62.529998779296875,59.5099983215332,59.72999954223633,59.72999954223633,20229.0,CT=F,USX,NYM
2014-11-14,59.7599983215332,60.369998931884766,59.599998474121094,59.79999923706055,59.79999923706055,16487.0,CT=F,USX,NYM
2014-11-17,59.560001373291016,59.65999984741211,58.65999984741211,58.810001373291016,58.810001373291016,9178.0,CT=F,USX,NYM
2014-11-18,58.84000015258789,60.099998474121094,58.560001373291016,59.970001220703125,59.970001220703125,7155.0,CT=F,USX,NYM
2014-11-19,59.959999084472656,59.97999954223633,58.9900016784668,59.11000061035156,59.11000061035156,5192.0,CT=F,USX,NYM
2014-11-20,58.900001525878906,59.97999954223633,57.84000015258789,58.540000915527344,58.540000915527344,3937.0,CT=F,USX,NYM
2014-11-21,58.61000061035156,59.790000915527344,58.5099983215332,59.7599983215332,59.7599983215332,233.0,CT=F,USX,NYM
2014-11-24,59.36000061035156,59.689998626708984,59.0099983215332,59.15999984741211,59.15999984741211,106.0,CT=F,USX,NYM
2014-11-25,59.25,59.959999084472656,59.25,59.65999984741211,59.65999984741211,11.0,CT=F,USX,NYM
2014-11-26,59.689998626708984,62.0,59.689998626708984,61.40999984741211,61.40999984741211,180.0,CT=F,USX,NYM
2014-11-28,61.43000030517578,61.7400016784668,61.43000030517578,60.959999084472656,60.959999084472656,7.0,CT=F,USX,NYM
2014-12-01,61.2599983215332,61.279998779296875,60.040000915527344,60.18000030517578,60.18000030517578,26.0,CT=F,USX,NYM
2014-12-02,61.029998779296875,61.029998779296875,60.08000183105469,60.75,60.75,22.0,CT=F,USX,NYM
2014-12-03,61.0,61.0,60.75,61.0099983215332,61.0099983215332,22.0,CT=F,USX,NYM
2014-12-04,61.81999969482422,61.84000015258789,61.400001525878906,61.52000045776367,61.52000045776367,49.0,CT=F,USX,NYM
2014-12-05,62.189998626708984,62.20000076293945,60.900001525878906,60.540000915527344,60.540000915527344,15.0,CT=F,USX,NYM
2014-12-08,60.79999923706055,60.79999923706055,60.79999923706055,60.209999084472656,60.209999084472656,10525.0,CT=F,USX,NYM
2014-12-09,59.310001373291016,60.400001525878906,59.15999984741211,59.880001068115234,59.880001068115234,14304.0,CT=F,USX,NYM
2014-12-10,59.72999954223633,60.79999923706055,59.40999984741211,59.56999969482422,59.56999969482422,17971.0,CT=F,USX,NYM
2014-12-11,59.56999969482422,61.08000183105469,59.56999969482422,60.47999954223633,60.47999954223633,20552.0,CT=F,USX,NYM
2014-12-12,60.47999954223633,61.25,60.41999816894531,60.540000915527344,60.540000915527344,10354.0,CT=F,USX,NYM
2014-12-15,60.599998474121094,61.130001068115234,60.5099983215332,60.650001525878906,60.650001525878906,7299.0,CT=F,USX,NYM
2014-12-16,60.56999969482422,60.790000915527344,59.709999084472656,59.779998779296875,59.779998779296875,12673.0,CT=F,USX,NYM
2014-12-17,59.849998474121094,60.900001525878906,59.4900016784668,60.650001525878906,60.650001525878906,11354.0,CT=F,USX,NYM
2014-12-18,60.720001220703125,60.9900016784668,60.18000030517578,60.81999969482422,60.81999969482422,10048.0,CT=F,USX,NYM
2014-12-19,60.619998931884766,60.959999084472656,60.310001373291016,60.88999938964844,60.88999938964844,7914.0,CT=F,USX,NYM
2014-12-22,60.5099983215332,62.16999816894531,60.459999084472656,62.040000915527344,62.040000915527344,17240.0,CT=F,USX,NYM
2014-12-23,62.040000915527344,62.84000015258789,61.560001373291016,61.81999969482422,61.81999969482422,14889.0,CT=F,USX,NYM
2014-12-24,61.65999984741211,62.150001525878906,61.529998779296875,61.779998779296875,61.779998779296875,4163.0,CT=F,USX,NYM
2014-12-26,61.779998779296875,61.95000076293945,61.56999969482422,61.630001068115234,61.630001068115234,3386.0,CT=F,USX,NYM
2014-12-29,61.54999923706055,62.290000915527344,61.36000061035156,62.0099983215332,62.0099983215332,8121.0,CT=F,USX,NYM
2014-12-30,62.0,62.15999984741211,61.810001373291016,61.97999954223633,61.97999954223633,8429.0,CT=F,USX,NYM
2014-12-31,61.9900016784668,62.08000183105469,60.220001220703125,60.27000045776367,60.27000045776367,20112.0,CT=F,USX,NYM
2015-01-02,60.27000045776367,60.369998931884766,59.470001220703125,59.58000183105469,59.58000183105469,15585.0,CT=F,USX,NYM
2015-01-05,59.61000061035156,61.13999938964844,59.61000061035156,60.709999084472656,60.709999084472656,14335.0,CT=F,USX,NYM
2015-01-06,60.54999923706055,61.25,60.099998474121094,60.20000076293945,60.20000076293945,12978.0,CT=F,USX,NYM
2015-01-07,60.099998474121094,60.52000045776367,59.84000015258789,60.43000030517578,60.43000030517578,9853.0,CT=F,USX,NYM
2015-01-08,60.43000030517578,60.63999938964844,60.20000076293945,60.560001373291016,60.560001373291016,8747.0,CT=F,USX,NYM
2015-01-09,60.5,60.86000061035156,60.310001373291016,60.7599983215332,60.7599983215332,10366.0,CT=F,USX,NYM
2015-01-12,60.70000076293945,60.75,59.5099983215332,59.72999954223633,59.72999954223633,16287.0,CT=F,USX,NYM
2015-01-13,59.720001220703125,60.2599983215332,59.540000915527344,60.150001525878906,60.150001525878906,10849.0,CT=F,USX,NYM
2015-01-14,60.04999923706055,60.04999923706055,58.65999984741211,58.97999954223633,58.97999954223633,23748.0,CT=F,USX,NYM
2015-01-15,59.04999923706055,60.27000045776367,58.84000015258789,59.4900016784668,59.4900016784668,17320.0,CT=F,USX,NYM
2015-01-16,59.40999984741211,59.849998474121094,59.15999984741211,59.22999954223633,59.22999954223633,0.0,CT=F,USX,NYM
2015-01-20,59.20000076293945,59.38999938964844,57.77000045776367,57.790000915527344,57.790000915527344,25648.0,CT=F,USX,NYM
2015-01-21,57.79999923706055,58.22999954223633,57.66999816894531,58.0099983215332,58.0099983215332,14441.0,CT=F,USX,NYM
2015-01-22,58.0,58.400001525878906,57.58000183105469,57.7599983215332,57.7599983215332,12728.0,CT=F,USX,NYM
2015-01-23,57.77000045776367,58.66999816894531,57.04999923706055,57.29999923706055,57.29999923706055,22252.0,CT=F,USX,NYM
2015-01-26,57.400001525878906,58.790000915527344,57.2599983215332,58.619998931884766,58.619998931884766,18519.0,CT=F,USX,NYM
2015-01-27,58.380001068115234,58.88999938964844,58.040000915527344,58.779998779296875,58.779998779296875,13861.0,CT=F,USX,NYM
2015-01-28,58.40999984741211,59.47999954223633,58.11000061035156,59.439998626708984,59.439998626708984,17413.0,CT=F,USX,NYM
2015-01-29,59.11000061035156,59.779998779296875,59.099998474121094,59.56999969482422,59.56999969482422,18780.0,CT=F,USX,NYM
2015-01-30,59.540000915527344,59.68000030517578,59.04999923706055,59.36000061035156,59.36000061035156,14353.0,CT=F,USX,NYM
2015-02-02,59.099998474121094,60.08000183105469,58.880001068115234,59.88999938964844,59.88999938964844,22069.0,CT=F,USX,NYM
2015-02-03,59.900001525878906,61.5099983215332,59.88999938964844,61.45000076293945,61.45000076293945,35393.0,CT=F,USX,NYM
2015-02-04,61.47999954223633,61.70000076293945,61.02000045776367,61.22999954223633,61.22999954223633,23836.0,CT=F,USX,NYM
2015-02-05,61.0,61.91999816894531,60.54999923706055,61.790000915527344,61.790000915527344,32951.0,CT=F,USX,NYM
2015-02-06,61.790000915527344,61.97999954223633,60.90999984741211,61.59000015258789,61.59000015258789,25927.0,CT=F,USX,NYM
2015-02-09,61.630001068115234,62.810001373291016,61.25,62.29999923706055,62.29999923706055,23707.0,CT=F,USX,NYM
2015-02-10,62.54999923706055,63.439998626708984,62.130001068115234,62.5099983215332,62.5099983215332,24613.0,CT=F,USX,NYM
2015-02-11,62.4900016784668,62.56999969482422,61.709999084472656,62.02000045776367,62.02000045776367,18817.0,CT=F,USX,NYM
2015-02-12,62.20000076293945,62.560001373291016,61.529998779296875,62.47999954223633,62.47999954223633,18555.0,CT=F,USX,NYM
2015-02-13,62.540000915527344,62.93000030517578,62.43000030517578,62.70000076293945,62.70000076293945,14659.0,CT=F,USX,NYM
2015-02-17,62.61000061035156,64.0,62.310001373291016,63.79999923706055,63.79999923706055,14182.0,CT=F,USX,NYM
2015-02-18,63.689998626708984,64.7300033569336,63.54999923706055,64.62000274658203,64.62000274658203,9019.0,CT=F,USX,NYM
2015-02-19,64.62999725341797,65.33000183105469,64.19999694824219,64.44000244140625,64.44000244140625,7138.0,CT=F,USX,NYM
2015-02-20,64.4000015258789,64.73999786376953,63.970001220703125,64.66999816894531,64.66999816894531,6167.0,CT=F,USX,NYM
2015-02-23,65.5,67.55000305175781,63.900001525878906,64.75,64.75,145.0,CT=F,USX,NYM
2015-02-24,64.75,65.48999786376953,64.75,64.76000213623047,64.76000213623047,220.0,CT=F,USX,NYM
2015-02-25,64.5,65.41999816894531,64.2699966430664,65.5199966430664,65.5199966430664,163.0,CT=F,USX,NYM
2015-02-26,65.5999984741211,66.25,65.2699966430664,65.16999816894531,65.16999816894531,45.0,CT=F,USX,NYM
2015-02-27,65.0999984741211,65.3499984741211,64.0,64.7300033569336,64.7300033569336,190.0,CT=F,USX,NYM
2015-03-02,64.86000061035156,64.97000122070312,64.8499984741211,64.62999725341797,64.62999725341797,3.0,CT=F,USX,NYM
2015-03-03,63.900001525878906,64.19999694824219,63.709999084472656,63.72999954223633,63.72999954223633,41.0,CT=F,USX,NYM
2015-03-04,63.06999969482422,63.4900016784668,63.0,63.61000061035156,63.61000061035156,28.0,CT=F,USX,NYM
2015-03-05,63.77000045776367,63.83000183105469,63.560001373291016,63.209999084472656,63.209999084472656,21.0,CT=F,USX,NYM
2015-03-06,62.5,62.84000015258789,62.11000061035156,62.95000076293945,62.95000076293945,3.0,CT=F,USX,NYM
2015-03-09,61.91999816894531,61.91999816894531,61.91999816894531,61.91999816894531,61.91999816894531,12695.0,CT=F,USX,NYM
2015-03-10,62.20000076293945,62.36000061035156,60.810001373291016,60.869998931884766,60.869998931884766,25517.0,CT=F,USX,NYM
2015-03-11,61.04999923706055,61.119998931884766,60.279998779296875,60.33000183105469,60.33000183105469,19557.0,CT=F,USX,NYM
2015-03-12,60.34000015258789,61.58000183105469,60.2599983215332,61.220001220703125,61.220001220703125,18740.0,CT=F,USX,NYM
2015-03-13,61.150001525878906,61.58000183105469,60.41999816894531,60.5,60.5,13189.0,CT=F,USX,NYM
2015-03-16,60.70000076293945,61.220001220703125,60.310001373291016,60.4900016784668,60.4900016784668,10494.0,CT=F,USX,NYM
2015-03-17,60.40999984741211,60.869998931884766,60.189998626708984,60.209999084472656,60.209999084472656,10646.0,CT=F,USX,NYM
2015-03-18,60.20000076293945,62.650001525878906,59.83000183105469,62.47999954223633,62.47999954223633,25261.0,CT=F,USX,NYM
2015-03-19,62.529998779296875,63.40999984741211,61.720001220703125,62.95000076293945,62.95000076293945,26628.0,CT=F,USX,NYM
2015-03-20,62.63999938964844,63.2599983215332,62.29999923706055,62.81999969482422,62.81999969482422,13394.0,CT=F,USX,NYM
2015-03-23,62.59000015258789,64.55000305175781,62.36000061035156,64.05000305175781,64.05000305175781,17662.0,CT=F,USX,NYM
2015-03-24,64.0,64.4000015258789,63.61000061035156,63.90999984741211,63.90999984741211,16722.0,CT=F,USX,NYM
2015-03-25,63.95000076293945,64.08999633789062,62.7599983215332,63.15999984741211,63.15999984741211,13549.0,CT=F,USX,NYM
2015-03-26,63.0,63.47999954223633,62.65999984741211,63.08000183105469,63.08000183105469,10715.0,CT=F,USX,NYM
2015-03-27,62.83000183105469,63.939998626708984,62.79999923706055,63.54999923706055,63.54999923706055,8316.0,CT=F,USX,NYM
2015-03-30,63.54999923706055,64.18000030517578,62.369998931884766,62.52000045776367,62.52000045776367,16678.0,CT=F,USX,NYM
2015-03-31,62.59000015258789,63.939998626708984,62.16999816894531,63.099998474121094,63.099998474121094,22154.0,CT=F,USX,NYM
2015-04-01,62.95000076293945,63.2599983215332,62.439998626708984,62.58000183105469,62.58000183105469,11977.0,CT=F,USX,NYM
2015-04-02,62.58000183105469,63.88999938964844,62.58000183105469,63.689998626708984,63.689998626708984,14596.0,CT=F,USX,NYM
2015-04-06,63.84000015258789,65.45999908447266,63.75,65.33999633789062,65.33999633789062,19375.0,CT=F,USX,NYM
2015-04-07,65.33999633789062,66.66000366210938,65.16999816894531,66.41999816894531,66.41999816894531,24149.0,CT=F,USX,NYM
2015-04-08,66.41999816894531,67.19000244140625,66.16999816894531,66.7300033569336,66.7300033569336,27518.0,CT=F,USX,NYM
2015-04-09,66.75,67.12999725341797,66.11000061035156,66.22000122070312,66.22000122070312,32619.0,CT=F,USX,NYM
2015-04-10,66.44000244140625,66.61000061035156,64.80999755859375,65.05999755859375,65.05999755859375,34976.0,CT=F,USX,NYM
2015-04-13,65.11000061035156,65.69999694824219,64.58000183105469,65.12999725341797,65.12999725341797,20680.0,CT=F,USX,NYM
2015-04-14,65.12999725341797,65.41000366210938,64.43000030517578,64.69000244140625,64.69000244140625,20713.0,CT=F,USX,NYM
2015-04-15,64.63999938964844,65.12000274658203,64.3499984741211,64.58999633789062,64.58999633789062,16634.0,CT=F,USX,NYM
2015-04-16,64.72000122070312,64.93000030517578,63.470001220703125,64.01000213623047,64.01000213623047,14093.0,CT=F,USX,NYM
2015-04-17,64.36000061035156,64.4000015258789,63.15999984741211,63.290000915527344,63.290000915527344,9602.0,CT=F,USX,NYM
2015-04-20,63.29999923706055,63.709999084472656,62.720001220703125,63.040000915527344,63.040000915527344,3481.0,CT=F,USX,NYM
2015-04-21,63.099998474121094,63.11000061035156,62.5099983215332,62.630001068115234,62.630001068115234,2937.0,CT=F,USX,NYM
2015-04-22,62.810001373291016,63.2400016784668,62.20000076293945,62.4900016784668,62.4900016784668,2480.0,CT=F,USX,NYM
2015-04-23,62.5099983215332,65.48999786376953,62.349998474121094,64.58999633789062,64.58999633789062,1937.0,CT=F,USX,NYM
2015-04-24,64.9000015258789,66.88999938964844,64.9000015258789,66.5,66.5,191.0,CT=F,USX,NYM
2015-04-27,67.08999633789062,67.5999984741211,66.70999908447266,66.38999938964844,66.38999938964844,14.0,CT=F,USX,NYM
2015-04-28,66.0,67.12000274658203,65.11000061035156,66.62000274658203,66.62000274658203,36.0,CT=F,USX,NYM
2015-04-29,67.31999969482422,67.31999969482422,67.31999969482422,67.31999969482422,67.31999969482422,1.0,CT=F,USX,NYM
2015-04-30,68.0999984741211,68.0999984741211,68.0999984741211,68.12000274658203,68.12000274658203,8.0,CT=F,USX,NYM
2015-05-01,66.98999786376953,67.02999877929688,64.63999938964844,66.8499984741211,66.8499984741211,9.0,CT=F,USX,NYM
2015-05-04,66.91000366210938,66.91000366210938,66.91000366210938,66.91000366210938,66.91000366210938,1.0,CT=F,USX,NYM
2015-05-05,67.36000061035156,67.36000061035156,67.36000061035156,66.98999786376953,66.98999786376953,13173.0,CT=F,USX,NYM
2015-05-07,65.95999908447266,66.01000213623047,64.95999908447266,65.52999877929688,65.52999877929688,15823.0,CT=F,USX,NYM
2015-05-08,65.52999877929688,66.22000122070312,65.27999877929688,66.16000366210938,66.16000366210938,10415.0,CT=F,USX,NYM
2015-05-11,66.16000366210938,66.30999755859375,64.6500015258789,65.38999938964844,65.38999938964844,16368.0,CT=F,USX,NYM
2015-05-12,65.38999938964844,65.56999969482422,64.56999969482422,65.0199966430664,65.0199966430664,13573.0,CT=F,USX,NYM
2015-05-13,65.19000244140625,65.80000305175781,64.8499984741211,65.7699966430664,65.7699966430664,13012.0,CT=F,USX,NYM
2015-05-14,65.88999938964844,66.7300033569336,65.58999633789062,66.52999877929688,66.52999877929688,13462.0,CT=F,USX,NYM
2015-05-15,66.63999938964844,66.87000274658203,66.11000061035156,66.83999633789062,66.83999633789062,9234.0,CT=F,USX,NYM
2015-05-18,66.83999633789062,66.93000030517578,64.87000274658203,64.91999816894531,64.91999816894531,19854.0,CT=F,USX,NYM
2015-05-19,64.87999725341797,65.23999786376953,64.05000305175781,64.3499984741211,64.3499984741211,24167.0,CT=F,USX,NYM
2015-05-20,64.16999816894531,64.80999755859375,63.709999084472656,64.1500015258789,64.1500015258789,21417.0,CT=F,USX,NYM
2015-05-21,64.16000366210938,64.93000030517578,63.619998931884766,63.72999954223633,63.72999954223633,19732.0,CT=F,USX,NYM
2015-05-22,63.70000076293945,64.12000274658203,63.279998779296875,63.29999923706055,63.29999923706055,16455.0,CT=F,USX,NYM
2015-05-26,63.33000183105469,64.66000366210938,63.27000045776367,63.310001373291016,63.310001373291016,18285.0,CT=F,USX,NYM
2015-05-27,63.31999969482422,63.88999938964844,63.029998779296875,63.04999923706055,63.04999923706055,17617.0,CT=F,USX,NYM
2015-05-28,63.040000915527344,64.54000091552734,63.029998779296875,64.33000183105469,64.33000183105469,15804.0,CT=F,USX,NYM
2015-05-29,64.75,66.58999633789062,64.2699966430664,64.3499984741211,64.3499984741211,38272.0,CT=F,USX,NYM
2015-06-01,64.3499984741211,65.1500015258789,63.689998626708984,63.75,63.75,21056.0,CT=F,USX,NYM
2015-06-02,63.599998474121094,64.29000091552734,63.33000183105469,63.599998474121094,63.599998474121094,14801.0,CT=F,USX,NYM
2015-06-03,63.7400016784668,65.38999938964844,63.439998626708984,65.23999786376953,65.23999786376953,21577.0,CT=F,USX,NYM
2015-06-04,65.44000244140625,65.94999694824219,64.94000244140625,65.12000274658203,65.12000274658203,19018.0,CT=F,USX,NYM
2015-06-05,65.12000274658203,65.19999694824219,63.93000030517578,64.01000213623047,64.01000213623047,20682.0,CT=F,USX,NYM
2015-06-08,64.41000366210938,65.05000305175781,64.16999816894531,64.80000305175781,64.80000305175781,18740.0,CT=F,USX,NYM
2015-06-09,64.80000305175781,65.2699966430664,64.4800033569336,64.55000305175781,64.55000305175781,20357.0,CT=F,USX,NYM
2015-06-10,64.72000122070312,65.16000366210938,64.51000213623047,64.88999938964844,64.88999938964844,27759.0,CT=F,USX,NYM
2015-06-11,64.95999908447266,64.95999908447266,63.4900016784668,63.529998779296875,63.529998779296875,26151.0,CT=F,USX,NYM
2015-06-12,63.88999938964844,64.94000244140625,63.52000045776367,64.06999969482422,64.06999969482422,20084.0,CT=F,USX,NYM
2015-06-15,64.30000305175781,64.31999969482422,62.599998474121094,63.209999084472656,63.209999084472656,21035.0,CT=F,USX,NYM
2015-06-16,63.310001373291016,65.01000213623047,62.72999954223633,64.43000030517578,64.43000030517578,12558.0,CT=F,USX,NYM
2015-06-17,64.66000366210938,64.70999908447266,63.529998779296875,63.880001068115234,63.880001068115234,9991.0,CT=F,USX,NYM
2015-06-18,64.19999694824219,64.43000030517578,63.810001373291016,64.08000183105469,64.08000183105469,4186.0,CT=F,USX,NYM
2015-06-19,64.0,64.0,62.79999923706055,63.31999969482422,63.31999969482422,3856.0,CT=F,USX,NYM
2015-06-22,63.59000015258789,64.12999725341797,63.099998474121094,64.02999877929688,64.02999877929688,5194.0,CT=F,USX,NYM
2015-06-23,64.0,64.05000305175781,62.97999954223633,63.58000183105469,63.58000183105469,3434.0,CT=F,USX,NYM
2015-06-24,63.25,64.33999633789062,62.5,63.7599983215332,63.7599983215332,159.0,CT=F,USX,NYM
2015-06-25,64.27999877929688,65.08999633789062,64.27999877929688,64.87999725341797,64.87999725341797,26.0,CT=F,USX,NYM
2015-06-26,65.56999969482422,67.0,65.56999969482422,67.16000366210938,67.16000366210938,21.0,CT=F,USX,NYM
2015-06-29,67.0999984741211,67.37999725341797,66.9000015258789,66.80000305175781,66.80000305175781,33.0,CT=F,USX,NYM
2015-06-30,64.94999694824219,65.8499984741211,64.94999694824219,67.51000213623047,67.51000213623047,14.0,CT=F,USX,NYM
2015-07-01,67.01000213623047,67.01000213623047,67.01000213623047,66.08999633789062,66.08999633789062,1.0,CT=F,USX,NYM
2015-07-02,67.5199966430664,67.52999877929688,67.5199966430664,66.36000061035156,66.36000061035156,3.0,CT=F,USX,NYM
2015-07-06,66.94999694824219,66.94999694824219,66.94000244140625,66.43000030517578,66.43000030517578,4.0,CT=F,USX,NYM
2015-07-07,65.37999725341797,65.47000122070312,65.0,65.52999877929688,65.52999877929688,10.0,CT=F,USX,NYM
2015-07-08,64.58999633789062,64.58999633789062,64.58999633789062,64.58999633789062,64.58999633789062,2.0,CT=F,USX,NYM
2015-07-09,64.83000183105469,64.83000183105469,64.83000183105469,64.83000183105469,64.83000183105469,24.0,CT=F,USX,NYM
2015-07-10,66.16999816894531,67.0,65.55999755859375,65.51000213623047,65.51000213623047,16.0,CT=F,USX,NYM
2015-07-13,65.51000213623047,65.75,65.30000305175781,65.7300033569336,65.7300033569336,11.0,CT=F,USX,NYM
2015-07-14,65.51000213623047,66.0999984741211,65.5,66.16999816894531,66.16999816894531,61.0,CT=F,USX,NYM
2015-07-15,65.9800033569336,66.16999816894531,65.0,65.31999969482422,65.31999969482422,29.0,CT=F,USX,NYM
2015-07-16,65.51000213623047,65.51000213623047,64.87000274658203,65.30000305175781,65.30000305175781,18.0,CT=F,USX,NYM
2015-07-17,65.30000305175781,65.91000366210938,65.30000305175781,65.87000274658203,65.87000274658203,33.0,CT=F,USX,NYM
2015-07-20,65.56999969482422,66.72000122070312,65.08999633789062,65.8499984741211,65.8499984741211,41.0,CT=F,USX,NYM
2015-07-21,65.69000244140625,65.69000244140625,65.69000244140625,65.4000015258789,65.4000015258789,3.0,CT=F,USX,NYM
2015-07-22,65.33999633789062,65.72000122070312,65.04000091552734,65.63999938964844,65.63999938964844,10.0,CT=F,USX,NYM
2015-07-23,65.5999984741211,66.25,65.4000015258789,65.91999816894531,65.91999816894531,17.0,CT=F,USX,NYM
2015-07-24,66.08000183105469,66.08000183105469,65.62999725341797,65.83999633789062,65.83999633789062,6.0,CT=F,USX,NYM
2015-07-27,65.83999633789062,65.83999633789062,64.02999877929688,64.30999755859375,64.30999755859375,62.0,CT=F,USX,NYM
2015-07-28,64.12999725341797,64.58999633789062,63.29999923706055,64.37999725341797,64.37999725341797,88.0,CT=F,USX,NYM
2015-07-29,64.12999725341797,64.19999694824219,63.709999084472656,63.88999938964844,63.88999938964844,19.0,CT=F,USX,NYM
2015-07-30,63.88999938964844,64.20999908447266,63.88999938964844,63.65999984741211,63.65999984741211,5.0,CT=F,USX,NYM
2015-07-31,63.5099983215332,64.33999633789062,63.40999984741211,64.01000213623047,64.01000213623047,16.0,CT=F,USX,NYM
2015-08-03,64.05999755859375,65.5,63.310001373291016,65.36000061035156,65.36000061035156,311.0,CT=F,USX,NYM
2015-08-04,65.25,65.48999786376953,65.01000213623047,64.91000366210938,64.91000366210938,10.0,CT=F,USX,NYM
2015-08-05,65.0199966430664,65.0199966430664,64.81999969482422,64.75,64.75,6.0,CT=F,USX,NYM
2015-08-06,64.75,64.75,63.5099983215332,63.5,63.5,49.0,CT=F,USX,NYM
2015-08-07,63.40999984741211,63.40999984741211,62.689998626708984,62.77000045776367,62.77000045776367,36.0,CT=F,USX,NYM
2015-08-10,62.77000045776367,63.5,62.400001525878906,63.119998931884766,63.119998931884766,32.0,CT=F,USX,NYM
2015-08-11,63.119998931884766,63.119998931884766,62.72999954223633,62.709999084472656,62.709999084472656,9.0,CT=F,USX,NYM
2015-08-12,62.709999084472656,65.70999908447266,61.77000045776367,65.70999908447266,65.70999908447266,103.0,CT=F,USX,NYM
2015-08-13,65.8499984741211,67.9000015258789,65.70999908447266,67.1500015258789,67.1500015258789,86.0,CT=F,USX,NYM
2015-08-14,67.41000366210938,67.68000030517578,66.91999816894531,67.16000366210938,67.16000366210938,15.0,CT=F,USX,NYM
2015-08-17,67.37999725341797,68.30000305175781,67.29000091552734,67.9800033569336,67.9800033569336,21.0,CT=F,USX,NYM
2015-08-18,67.69000244140625,68.0,67.31999969482422,67.93000030517578,67.93000030517578,15.0,CT=F,USX,NYM
2015-08-19,67.76000213623047,67.88999938964844,66.75,67.36000061035156,67.36000061035156,21.0,CT=F,USX,NYM
2015-08-20,67.44000244140625,67.72000122070312,67.0,67.66000366210938,67.66000366210938,9.0,CT=F,USX,NYM
2015-08-21,67.11000061035156,67.11000061035156,67.0199966430664,67.63999938964844,67.63999938964844,3.0,CT=F,USX,NYM
2015-08-24,66.70999908447266,66.70999908447266,64.63999938964844,64.63999938964844,64.63999938964844,18.0,CT=F,USX,NYM
2015-08-25,64.44999694824219,64.63999938964844,63.209999084472656,63.7599983215332,63.7599983215332,11.0,CT=F,USX,NYM
2015-08-26,63.209999084472656,63.209999084472656,62.310001373291016,62.560001373291016,62.560001373291016,13.0,CT=F,USX,NYM
2015-08-27,63.060001373291016,63.189998626708984,63.060001373291016,63.83000183105469,63.83000183105469,4.0,CT=F,USX,NYM
2015-08-28,63.83000183105469,64.23999786376953,63.7400016784668,63.75,63.75,8.0,CT=F,USX,NYM
2015-08-31,64.0999984741211,64.0999984741211,64.0999984741211,63.7400016784668,63.7400016784668,1.0,CT=F,USX,NYM
2015-09-01,63.650001525878906,63.72999954223633,63.36000061035156,63.58000183105469,63.58000183105469,5.0,CT=F,USX,NYM
2015-09-02,62.83000183105469,63.0,62.779998779296875,63.18000030517578,63.18000030517578,3.0,CT=F,USX,NYM
2015-09-03,62.900001525878906,63.279998779296875,62.900001525878906,63.119998931884766,63.119998931884766,5.0,CT=F,USX,NYM
2015-09-04,62.5,63.0,62.5,63.06999969482422,63.06999969482422,9.0,CT=F,USX,NYM
2015-09-08,62.5,62.5,62.5,63.290000915527344,63.290000915527344,2.0,CT=F,USX,NYM
2015-09-09,63.150001525878906,63.939998626708984,63.150001525878906,63.31999969482422,63.31999969482422,3.0,CT=F,USX,NYM
2015-09-10,63.720001220703125,63.720001220703125,63.25,63.47999954223633,63.47999954223633,4.0,CT=F,USX,NYM
2015-09-11,63.34000015258789,65.02999877929688,62.380001068115234,64.08999633789062,64.08999633789062,19.0,CT=F,USX,NYM
2015-09-14,64.23999786376953,64.44000244140625,63.5099983215332,63.5099983215332,63.5099983215332,6.0,CT=F,USX,NYM
2015-09-15,63.45000076293945,63.45000076293945,62.45000076293945,62.81999969482422,62.81999969482422,11.0,CT=F,USX,NYM
2015-09-16,63.349998474121094,63.349998474121094,62.290000915527344,62.380001068115234,62.380001068115234,15.0,CT=F,USX,NYM
2015-09-17,62.310001373291016,62.310001373291016,61.310001373291016,61.83000183105469,61.83000183105469,13.0,CT=F,USX,NYM
2015-09-18,61.79999923706055,61.79999923706055,59.529998779296875,59.849998474121094,59.849998474121094,20.0,CT=F,USX,NYM
2015-09-21,59.2599983215332,60.40999984741211,59.15999984741211,59.75,59.75,19.0,CT=F,USX,NYM
2015-09-22,60.0,60.68000030517578,58.56999969482422,58.72999954223633,58.72999954223633,66.0,CT=F,USX,NYM
2015-09-23,58.75,59.58000183105469,58.47999954223633,58.70000076293945,58.70000076293945,14.0,CT=F,USX,NYM
2015-09-24,59.040000915527344,59.040000915527344,59.040000915527344,59.040000915527344,59.040000915527344,14.0,CT=F,USX,NYM
2015-09-25,60.209999084472656,60.209999084472656,60.209999084472656,59.63999938964844,59.63999938964844,1.0,CT=F,USX,NYM
2015-09-28,60.29999923706055,60.310001373291016,60.29999923706055,59.79999923706055,59.79999923706055,8.0,CT=F,USX,NYM
2015-09-29,60.04999923706055,60.04999923706055,60.04999923706055,60.04999923706055,60.04999923706055,8.0,CT=F,USX,NYM
2015-09-30,59.4900016784668,59.4900016784668,59.4900016784668,59.4900016784668,59.4900016784668,8.0,CT=F,USX,NYM
2015-10-01,59.650001525878906,59.650001525878906,59.650001525878906,59.650001525878906,59.650001525878906,8.0,CT=F,USX,NYM
2015-10-02,59.20000076293945,59.20000076293945,59.20000076293945,59.20000076293945,59.20000076293945,0.0,CT=F,USX,NYM
2015-10-05,60.93000030517578,60.93000030517578,60.93000030517578,60.93000030517578,60.93000030517578,1.0,CT=F,USX,NYM
2015-10-06,61.13999938964844,61.13999938964844,61.13999938964844,61.13999938964844,61.13999938964844,7.0,CT=F,USX,NYM
2015-10-07,61.90999984741211,61.93000030517578,61.90999984741211,61.939998626708984,61.939998626708984,7.0,CT=F,USX,NYM
2015-10-08,61.61000061035156,61.61000061035156,61.61000061035156,61.61000061035156,61.61000061035156,12617.0,CT=F,USX,NYM
2015-10-09,61.58000183105469,62.2400016784668,60.970001220703125,61.61000061035156,61.61000061035156,11195.0,CT=F,USX,NYM
2015-10-12,61.81999969482422,62.189998626708984,61.5099983215332,61.689998626708984,61.689998626708984,34360.0,CT=F,USX,NYM
2015-10-13,61.650001525878906,64.16000366210938,61.529998779296875,63.86000061035156,63.86000061035156,17317.0,CT=F,USX,NYM
2015-10-14,63.86000061035156,64.08000183105469,63.40999984741211,63.7599983215332,63.7599983215332,13481.0,CT=F,USX,NYM
2015-10-15,63.75,63.7599983215332,63.150001525878906,63.439998626708984,63.439998626708984,13481.0,CT=F,USX,NYM
2015-10-16,63.54999923706055,63.95000076293945,62.869998931884766,63.849998474121094,63.849998474121094,13521.0,CT=F,USX,NYM
2015-10-19,63.95000076293945,64.06999969482422,62.959999084472656,63.2400016784668,63.2400016784668,9200.0,CT=F,USX,NYM
2015-10-20,63.470001220703125,63.869998931884766,63.15999984741211,63.779998779296875,63.779998779296875,21090.0,CT=F,USX,NYM
2015-10-21,63.650001525878906,64.66000366210938,63.650001525878906,64.2300033569336,64.2300033569336,23118.0,CT=F,USX,NYM
2015-10-22,64.2300033569336,64.69000244140625,62.369998931884766,62.52000045776367,62.52000045776367,23118.0,CT=F,USX,NYM
2015-10-23,62.75,63.06999969482422,62.41999816894531,62.7599983215332,62.7599983215332,14207.0,CT=F,USX,NYM
2015-10-26,62.68000030517578,62.75,61.90999984741211,62.130001068115234,62.130001068115234,11875.0,CT=F,USX,NYM
2015-10-27,62.36000061035156,63.18000030517578,62.18000030517578,62.34000015258789,62.34000015258789,9990.0,CT=F,USX,NYM
2015-10-28,62.34000015258789,62.900001525878906,62.20000076293945,62.66999816894531,62.66999816894531,13095.0,CT=F,USX,NYM
2015-10-29,62.689998626708984,62.91999816894531,62.15999984741211,62.31999969482422,62.31999969482422,13095.0,CT=F,USX,NYM
2015-10-30,62.36000061035156,63.439998626708984,62.36000061035156,63.31999969482422,63.31999969482422,17159.0,CT=F,USX,NYM
2015-11-02,63.34000015258789,63.439998626708984,62.13999938964844,63.290000915527344,63.290000915527344,19523.0,CT=F,USX,NYM
2015-11-03,63.369998931884766,63.849998474121094,62.52000045776367,62.56999969482422,62.56999969482422,28525.0,CT=F,USX,NYM
2015-11-04,62.63999938964844,62.88999938964844,61.79999923706055,61.939998626708984,61.939998626708984,16099.0,CT=F,USX,NYM
2015-11-05,62.130001068115234,62.29999923706055,61.7599983215332,61.95000076293945,61.95000076293945,16099.0,CT=F,USX,NYM
2015-11-06,62.130001068115234,62.20000076293945,61.650001525878906,61.65999984741211,61.65999984741211,24812.0,CT=F,USX,NYM
2015-11-09,61.869998931884766,62.06999969482422,61.61000061035156,61.900001525878906,61.900001525878906,27620.0,CT=F,USX,NYM
2015-11-10,61.939998626708984,62.90999984741211,61.61000061035156,61.93000030517578,61.93000030517578,18490.0,CT=F,USX,NYM
2015-11-11,61.939998626708984,62.59000015258789,61.869998931884766,62.18000030517578,62.18000030517578,23749.0,CT=F,USX,NYM
2015-11-12,62.18000030517578,62.470001220703125,61.720001220703125,61.84000015258789,61.84000015258789,23749.0,CT=F,USX,NYM
2015-11-13,61.84000015258789,62.02000045776367,61.36000061035156,61.68000030517578,61.68000030517578,21637.0,CT=F,USX,NYM
2015-11-16,61.58000183105469,62.849998474121094,61.2599983215332,61.7400016784668,61.7400016784668,11525.0,CT=F,USX,NYM
2015-11-17,61.880001068115234,62.25,61.439998626708984,61.529998779296875,61.529998779296875,6027.0,CT=F,USX,NYM
2015-11-18,61.599998474121094,61.95000076293945,61.4900016784668,61.52000045776367,61.52000045776367,6009.0,CT=F,USX,NYM
2015-11-19,61.54999923706055,62.220001220703125,61.52000045776367,61.58000183105469,61.58000183105469,6009.0,CT=F,USX,NYM
2015-11-20,61.790000915527344,61.97999954223633,59.81999969482422,60.040000915527344,60.040000915527344,627.0,CT=F,USX,NYM
2015-11-23,59.9900016784668,60.95000076293945,59.720001220703125,60.15999984741211,60.15999984741211,69.0,CT=F,USX,NYM
2015-11-24,60.4900016784668,60.88999938964844,60.400001525878906,60.599998474121094,60.599998474121094,69.0,CT=F,USX,NYM
2015-11-25,60.75,62.34000015258789,60.75,61.97999954223633,61.97999954223633,23.0,CT=F,USX,NYM
2015-11-27,62.75,62.75,62.4900016784668,62.630001068115234,62.630001068115234,26.0,CT=F,USX,NYM
2015-11-30,62.45000076293945,62.45000076293945,61.470001220703125,61.29999923706055,61.29999923706055,7.0,CT=F,USX,NYM
2015-12-01,60.040000915527344,62.209999084472656,60.040000915527344,62.20000076293945,62.20000076293945,14.0,CT=F,USX,NYM
2015-12-02,62.209999084472656,62.209999084472656,62.0099983215332,62.11000061035156,62.11000061035156,6.0,CT=F,USX,NYM
2015-12-03,61.0,62.650001525878906,60.43000030517578,61.86000061035156,61.86000061035156,6.0,CT=F,USX,NYM
2015-12-04,62.779998779296875,62.79999923706055,62.779998779296875,63.22999954223633,63.22999954223633,23.0,CT=F,USX,NYM
2015-12-07,63.25,63.4900016784668,61.29999923706055,62.400001525878906,62.400001525878906,23.0,CT=F,USX,NYM
2015-12-08,62.27000045776367,62.27000045776367,62.27000045776367,62.27000045776367,62.27000045776367,21955.0,CT=F,USX,NYM
2015-12-09,64.44000244140625,65.2300033569336,64.02999877929688,64.80999755859375,64.80999755859375,19836.0,CT=F,USX,NYM
2015-12-10,64.80999755859375,64.83999633789062,63.58000183105469,63.77000045776367,63.77000045776367,19836.0,CT=F,USX,NYM
2015-12-11,63.77000045776367,63.90999984741211,63.43000030517578,63.709999084472656,63.709999084472656,15514.0,CT=F,USX,NYM
2015-12-14,63.810001373291016,63.90999984741211,62.97999954223633,63.380001068115234,63.380001068115234,12648.0,CT=F,USX,NYM
2015-12-15,63.380001068115234,64.0,63.029998779296875,63.310001373291016,63.310001373291016,11373.0,CT=F,USX,NYM
2015-12-16,63.279998779296875,63.619998931884766,63.060001373291016,63.25,63.25,13021.0,CT=F,USX,NYM
2015-12-17,63.25,63.45000076293945,62.869998931884766,62.9900016784668,62.9900016784668,13021.0,CT=F,USX,NYM
2015-12-18,62.9900016784668,63.93000030517578,62.95000076293945,63.689998626708984,63.689998626708984,10939.0,CT=F,USX,NYM
2015-12-21,63.81999969482422,64.16000366210938,63.16999816894531,63.31999969482422,63.31999969482422,7117.0,CT=F,USX,NYM
2015-12-22,63.31999969482422,63.70000076293945,63.060001373291016,63.15999984741211,63.15999984741211,11440.0,CT=F,USX,NYM
2015-12-23,63.15999984741211,63.369998931884766,62.75,62.77000045776367,62.77000045776367,11440.0,CT=F,USX,NYM
2015-12-24,62.81999969482422,63.939998626708984,62.72999954223633,63.65999984741211,63.65999984741211,12204.0,CT=F,USX,NYM
2015-12-28,63.65999984741211,64.44000244140625,63.38999938964844,63.970001220703125,63.970001220703125,9168.0,CT=F,USX,NYM
2015-12-29,64.0999984741211,64.25,63.81999969482422,63.869998931884766,63.869998931884766,6365.0,CT=F,USX,NYM
2015-12-30,63.869998931884766,64.13999938964844,63.779998779296875,63.970001220703125,63.970001220703125,6365.0,CT=F,USX,NYM
2015-12-31,63.90999984741211,63.90999984741211,63.04999923706055,63.279998779296875,63.279998779296875,22710.0,CT=F,USX,NYM
2016-01-04,63.279998779296875,63.54999923706055,62.5099983215332,62.61000061035156,62.61000061035156,11960.0,CT=F,USX,NYM
2016-01-05,62.59000015258789,62.86000061035156,62.5099983215332,62.68000030517578,62.68000030517578,24620.0,CT=F,USX,NYM
2016-01-06,62.61000061035156,62.68000030517578,61.86000061035156,62.0,62.0,29785.0,CT=F,USX,NYM
2016-01-07,61.90999984741211,62.189998626708984,61.209999084472656,61.43000030517578,61.43000030517578,29785.0,CT=F,USX,NYM
2016-01-08,61.52000045776367,61.900001525878906,61.310001373291016,61.400001525878906,61.400001525878906,21495.0,CT=F,USX,NYM
2016-01-11,61.400001525878906,62.279998779296875,61.150001525878906,61.5,61.5,19567.0,CT=F,USX,NYM
2016-01-12,61.5,62.279998779296875,61.45000076293945,61.59000015258789,61.59000015258789,15722.0,CT=F,USX,NYM
2016-01-13,61.5,62.43000030517578,61.5,62.13999938964844,62.13999938964844,14959.0,CT=F,USX,NYM
2016-01-14,62.02000045776367,62.459999084472656,61.75,61.900001525878906,61.900001525878906,14959.0,CT=F,USX,NYM
2016-01-15,61.90999984741211,62.02000045776367,61.34000015258789,61.40999984741211,61.40999984741211,26376.0,CT=F,USX,NYM
2016-01-19,61.400001525878906,62.93000030517578,61.29999923706055,62.470001220703125,62.470001220703125,17131.0,CT=F,USX,NYM
2016-01-20,62.45000076293945,62.459999084472656,61.52000045776367,61.970001220703125,61.970001220703125,13073.0,CT=F,USX,NYM
2016-01-21,61.970001220703125,62.45000076293945,61.75,62.09000015258789,62.09000015258789,13073.0,CT=F,USX,NYM
2016-01-22,62.09000015258789,62.75,62.04999923706055,62.45000076293945,62.45000076293945,17642.0,CT=F,USX,NYM
2016-01-25,62.369998931884766,62.4900016784668,61.40999984741211,61.599998474121094,61.599998474121094,23330.0,CT=F,USX,NYM
2016-01-26,61.45000076293945,61.75,60.959999084472656,61.40999984741211,61.40999984741211,18450.0,CT=F,USX,NYM
2016-01-27,61.349998474121094,61.470001220703125,60.70000076293945,60.86000061035156,60.86000061035156,19927.0,CT=F,USX,NYM
2016-01-28,60.86000061035156,61.52000045776367,60.66999816894531,61.36000061035156,61.36000061035156,19927.0,CT=F,USX,NYM
2016-01-29,61.34000015258789,61.88999938964844,60.7599983215332,61.130001068115234,61.130001068115234,23581.0,CT=F,USX,NYM
2016-02-01,60.849998474121094,62.0,60.849998474121094,61.790000915527344,61.790000915527344,26371.0,CT=F,USX,NYM
2016-02-02,61.61000061035156,62.5,61.4900016784668,62.29999923706055,62.29999923706055,22309.0,CT=F,USX,NYM
2016-02-03,62.13999938964844,62.59000015258789,61.77000045776367,61.939998626708984,61.939998626708984,32085.0,CT=F,USX,NYM
2016-02-04,61.88999938964844,61.88999938964844,59.9900016784668,60.22999954223633,60.22999954223633,32085.0,CT=F,USX,NYM
2016-02-05,60.25,60.59000015258789,59.83000183105469,59.970001220703125,59.970001220703125,31368.0,CT=F,USX,NYM
2016-02-08,59.95000076293945,60.119998931884766,58.75,59.599998474121094,59.599998474121094,31771.0,CT=F,USX,NYM
2016-02-09,59.56999969482422,59.75,58.25,58.63999938964844,58.63999938964844,27184.0,CT=F,USX,NYM
2016-02-10,58.619998931884766,58.939998626708984,58.349998474121094,58.880001068115234,58.880001068115234,33682.0,CT=F,USX,NYM
2016-02-11,58.880001068115234,59.029998779296875,57.849998474121094,58.41999816894531,58.41999816894531,33682.0,CT=F,USX,NYM
2016-02-12,58.349998474121094,59.15999984741211,58.150001525878906,58.900001525878906,58.900001525878906,25941.0,CT=F,USX,NYM
2016-02-16,59.0,60.439998626708984,58.959999084472656,59.849998474121094,59.849998474121094,11154.0,CT=F,USX,NYM
2016-02-17,59.72999954223633,60.29999923706055,59.54999923706055,59.869998931884766,59.869998931884766,11134.0,CT=F,USX,NYM
2016-02-18,59.790000915527344,60.84000015258789,59.689998626708984,59.90999984741211,59.90999984741211,11134.0,CT=F,USX,NYM
2016-02-19,60.099998474121094,60.41999816894531,59.79999923706055,60.0099983215332,60.0099983215332,6224.0,CT=F,USX,NYM
2016-02-22,60.040000915527344,60.650001525878906,57.400001525878906,57.7400016784668,57.7400016784668,265.0,CT=F,USX,NYM
2016-02-23,58.75,60.0,58.0,58.16999816894531,58.16999816894531,15.0,CT=F,USX,NYM
2016-02-24,58.189998626708984,58.209999084472656,57.15999984741211,57.70000076293945,57.70000076293945,15.0,CT=F,USX,NYM
2016-02-25,58.0099983215332,58.06999969482422,57.970001220703125,58.15999984741211,58.15999984741211,15.0,CT=F,USX,NYM
2016-02-26,58.060001373291016,58.310001373291016,58.040000915527344,57.91999816894531,57.91999816894531,11.0,CT=F,USX,NYM
2016-02-29,58.36000061035156,58.36000061035156,56.970001220703125,58.0099983215332,58.0099983215332,12.0,CT=F,USX,NYM
2016-03-01,58.2599983215332,58.400001525878906,56.97999954223633,58.25,58.25,14.0,CT=F,USX,NYM
2016-03-02,58.84000015258789,59.31999969482422,58.84000015258789,58.040000915527344,58.040000915527344,14.0,CT=F,USX,NYM
2016-03-03,58.65999984741211,58.75,58.65999984741211,58.41999816894531,58.41999816894531,6.0,CT=F,USX,NYM
2016-03-04,58.93000030517578,58.93000030517578,58.93000030517578,58.93000030517578,58.93000030517578,6.0,CT=F,USX,NYM
2016-03-07,59.27000045776367,60.380001068115234,59.20000076293945,58.91999816894531,58.91999816894531,43.0,CT=F,USX,NYM
2016-03-08,58.209999084472656,58.209999084472656,58.209999084472656,58.209999084472656,58.209999084472656,12235.0,CT=F,USX,NYM
2016-03-09,56.84000015258789,56.900001525878906,56.0,56.59000015258789,56.59000015258789,16081.0,CT=F,USX,NYM
2016-03-10,56.630001068115234,56.9900016784668,55.65999984741211,56.83000183105469,56.83000183105469,19997.0,CT=F,USX,NYM
2016-03-11,56.560001373291016,57.45000076293945,56.4900016784668,57.150001525878906,57.150001525878906,14839.0,CT=F,USX,NYM
2016-03-14,57.150001525878906,58.369998931884766,57.150001525878906,58.290000915527344,58.290000915527344,16431.0,CT=F,USX,NYM
2016-03-15,58.29999923706055,58.4900016784668,58.0,58.2400016784668,58.2400016784668,14671.0,CT=F,USX,NYM
2016-03-16,58.0,58.5099983215332,57.52000045776367,58.31999969482422,58.31999969482422,13075.0,CT=F,USX,NYM
2016-03-17,58.369998931884766,58.88999938964844,58.220001220703125,58.36000061035156,58.36000061035156,13033.0,CT=F,USX,NYM
2016-03-18,58.36000061035156,58.54999923706055,56.81999969482422,57.15999984741211,57.15999984741211,16803.0,CT=F,USX,NYM
2016-03-21,57.099998474121094,58.58000183105469,57.060001373291016,58.16999816894531,58.16999816894531,15255.0,CT=F,USX,NYM
2016-03-22,58.029998779296875,58.439998626708984,57.619998931884766,58.369998931884766,58.369998931884766,9404.0,CT=F,USX,NYM
2016-03-23,58.369998931884766,58.58000183105469,57.95000076293945,58.38999938964844,58.38999938964844,10193.0,CT=F,USX,NYM
2016-03-24,58.2599983215332,58.310001373291016,57.33000183105469,57.720001220703125,57.720001220703125,14117.0,CT=F,USX,NYM
2016-03-28,57.63999938964844,57.9900016784668,57.20000076293945,57.79999923706055,57.79999923706055,9276.0,CT=F,USX,NYM
2016-03-29,57.939998626708984,57.939998626708984,57.220001220703125,57.380001068115234,57.380001068115234,9398.0,CT=F,USX,NYM
2016-03-30,57.290000915527344,57.91999816894531,57.279998779296875,57.66999816894531,57.66999816894531,15717.0,CT=F,USX,NYM
2016-03-31,57.5099983215332,58.59000015258789,57.0099983215332,58.439998626708984,58.439998626708984,23174.0,CT=F,USX,NYM
2016-04-01,58.2599983215332,59.38999938964844,58.150001525878906,59.20000076293945,59.20000076293945,24099.0,CT=F,USX,NYM
2016-04-04,59.290000915527344,59.47999954223633,58.72999954223633,58.959999084472656,58.959999084472656,18583.0,CT=F,USX,NYM
2016-04-05,58.959999084472656,59.18000030517578,58.540000915527344,58.900001525878906,58.900001525878906,12698.0,CT=F,USX,NYM
2016-04-06,58.849998474121094,59.279998779296875,58.650001525878906,58.75,58.75,12425.0,CT=F,USX,NYM
2016-04-07,58.779998779296875,59.369998931884766,58.560001373291016,59.029998779296875,59.029998779296875,25924.0,CT=F,USX,NYM
2016-04-08,59.220001220703125,60.58000183105469,59.04999923706055,60.06999969482422,60.06999969482422,32550.0,CT=F,USX,NYM
2016-04-11,60.439998626708984,60.83000183105469,60.279998779296875,60.709999084472656,60.709999084472656,26295.0,CT=F,USX,NYM
2016-04-12,60.900001525878906,61.849998474121094,60.16999816894531,61.5099983215332,61.5099983215332,32962.0,CT=F,USX,NYM
2016-04-13,61.61000061035156,62.369998931884766,61.310001373291016,61.630001068115234,61.630001068115234,29080.0,CT=F,USX,NYM
2016-04-14,61.709999084472656,61.91999816894531,59.93000030517578,60.63999938964844,60.63999938964844,22590.0,CT=F,USX,NYM
2016-04-15,60.099998474121094,60.560001373291016,59.16999816894531,60.029998779296875,60.029998779296875,19734.0,CT=F,USX,NYM
2016-04-18,59.79999923706055,62.16999816894531,59.61000061035156,62.150001525878906,62.150001525878906,14895.0,CT=F,USX,NYM
2016-04-19,62.15999984741211,63.11000061035156,61.5,62.689998626708984,62.689998626708984,7123.0,CT=F,USX,NYM
2016-04-20,62.75,64.37999725341797,61.81999969482422,63.79999923706055,63.79999923706055,4732.0,CT=F,USX,NYM
2016-04-21,63.9900016784668,64.2699966430664,62.75,63.4900016784668,63.4900016784668,3787.0,CT=F,USX,NYM
2016-04-22,63.68000030517578,64.41999816894531,62.20000076293945,63.08000183105469,63.08000183105469,3961.0,CT=F,USX,NYM
2016-04-25,63.88999938964844,65.94000244140625,63.150001525878906,64.7699966430664,64.7699966430664,262.0,CT=F,USX,NYM
2016-04-26,64.98999786376953,64.98999786376953,63.45000076293945,63.459999084472656,63.459999084472656,92.0,CT=F,USX,NYM
2016-04-27,63.790000915527344,63.83000183105469,63.43000030517578,64.06999969482422,64.06999969482422,46.0,CT=F,USX,NYM
2016-04-28,63.45000076293945,63.70000076293945,63.43000030517578,63.689998626708984,63.689998626708984,7.0,CT=F,USX,NYM
2016-04-29,63.5099983215332,63.5099983215332,63.2599983215332,63.7599983215332,63.7599983215332,17.0,CT=F,USX,NYM
2016-05-02,64.36000061035156,64.36000061035156,64.36000061035156,64.36000061035156,64.36000061035156,17.0,CT=F,USX,NYM
2016-05-03,62.619998931884766,62.619998931884766,62.5,63.04999923706055,63.04999923706055,48.0,CT=F,USX,NYM
2016-05-04,62.5,62.5,62.5,62.16999816894531,62.16999816894531,5.0,CT=F,USX,NYM
2016-05-05,62.5,62.5,61.810001373291016,61.630001068115234,61.630001068115234,9.0,CT=F,USX,NYM
2016-05-06,62.0,62.0,62.0,61.630001068115234,61.630001068115234,13453.0,CT=F,USX,NYM
2016-05-09,61.810001373291016,62.060001373291016,61.18000030517578,61.33000183105469,61.33000183105469,17289.0,CT=F,USX,NYM
2016-05-10,61.540000915527344,61.970001220703125,60.599998474121094,60.900001525878906,60.900001525878906,25523.0,CT=F,USX,NYM
2016-05-11,61.060001373291016,61.75,60.54999923706055,60.599998474121094,60.599998474121094,21782.0,CT=F,USX,NYM
2016-05-12,60.650001525878906,61.369998931884766,60.54999923706055,60.72999954223633,60.72999954223633,18753.0,CT=F,USX,NYM
2016-05-13,60.65999984741211,61.040000915527344,60.25,60.619998931884766,60.619998931884766,15887.0,CT=F,USX,NYM
2016-05-16,60.68000030517578,61.52000045776367,60.619998931884766,60.9900016784668,60.9900016784668,14579.0,CT=F,USX,NYM
2016-05-17,61.0,62.5,61.0,62.20000076293945,62.20000076293945,20819.0,CT=F,USX,NYM
2016-05-18,62.09000015258789,62.880001068115234,61.400001525878906,62.04999923706055,62.04999923706055,16864.0,CT=F,USX,NYM
2016-05-19,62.099998474121094,62.150001525878906,60.599998474121094,61.06999969482422,61.06999969482422,19268.0,CT=F,USX,NYM
2016-05-20,61.220001220703125,62.06999969482422,61.06999969482422,61.66999816894531,61.66999816894531,12922.0,CT=F,USX,NYM
2016-05-23,61.66999816894531,61.83000183105469,61.099998474121094,61.45000076293945,61.45000076293945,10702.0,CT=F,USX,NYM
2016-05-24,61.380001068115234,63.20000076293945,61.150001525878906,63.0099983215332,63.0099983215332,26363.0,CT=F,USX,NYM
2016-05-25,63.04999923706055,63.41999816894531,62.369998931884766,62.900001525878906,62.900001525878906,14261.0,CT=F,USX,NYM
2016-05-26,62.88999938964844,64.55000305175781,62.849998474121094,64.33000183105469,64.33000183105469,25673.0,CT=F,USX,NYM
2016-05-27,64.33000183105469,64.58999633789062,63.58000183105469,64.27999877929688,64.27999877929688,0.0,CT=F,USX,NYM
2016-05-31,64.27999877929688,64.45999908447266,62.900001525878906,63.939998626708984,63.939998626708984,18683.0,CT=F,USX,NYM
2016-06-01,64.08000183105469,64.08000183105469,62.939998626708984,63.16999816894531,63.16999816894531,21251.0,CT=F,USX,NYM
2016-06-02,63.16999816894531,63.66999816894531,62.810001373291016,62.869998931884766,62.869998931884766,16995.0,CT=F,USX,NYM
2016-06-03,63.22999954223633,64.11000061035156,63.060001373291016,63.91999816894531,63.91999816894531,20000.0,CT=F,USX,NYM
2016-06-06,63.849998474121094,65.9000015258789,63.810001373291016,65.55000305175781,65.55000305175781,30604.0,CT=F,USX,NYM
2016-06-07,65.55999755859375,66.16000366210938,65.19999694824219,65.8499984741211,65.8499984741211,30693.0,CT=F,USX,NYM
2016-06-08,65.86000061035156,66.5,65.5,65.77999877929688,65.77999877929688,29558.0,CT=F,USX,NYM
2016-06-09,65.66999816894531,65.66999816894531,64.45999908447266,64.95999908447266,64.95999908447266,19792.0,CT=F,USX,NYM
2016-06-10,65.05000305175781,65.51000213623047,64.4800033569336,64.75,64.75,22770.0,CT=F,USX,NYM
2016-06-13,65.02999877929688,66.25,63.709999084472656,63.790000915527344,63.790000915527344,21498.0,CT=F,USX,NYM
2016-06-14,63.790000915527344,63.790000915527344,62.58000183105469,63.040000915527344,63.040000915527344,19664.0,CT=F,USX,NYM
2016-06-15,63.220001220703125,63.4900016784668,62.52000045776367,62.599998474121094,62.599998474121094,13954.0,CT=F,USX,NYM
2016-06-16,62.720001220703125,63.77000045776367,62.29999923706055,63.29999923706055,63.29999923706055,10404.0,CT=F,USX,NYM
2016-06-17,63.27000045776367,65.0999984741211,63.11000061035156,64.56999969482422,64.56999969482422,8268.0,CT=F,USX,NYM
2016-06-20,64.55000305175781,65.3499984741211,63.939998626708984,64.38999938964844,64.38999938964844,4391.0,CT=F,USX,NYM
2016-06-21,64.55999755859375,64.69000244140625,62.45000076293945,62.849998474121094,62.849998474121094,5816.0,CT=F,USX,NYM
2016-06-22,62.83000183105469,63.45000076293945,62.529998779296875,62.939998626708984,62.939998626708984,3682.0,CT=F,USX,NYM
2016-06-23,62.939998626708984,65.44999694824219,62.91999816894531,64.87999725341797,64.87999725341797,3490.0,CT=F,USX,NYM
2016-06-24,63.900001525878906,64.94000244140625,63.70000076293945,64.5,64.5,358.0,CT=F,USX,NYM
2016-06-27,65.48999786376953,65.48999786376953,63.290000915527344,63.47999954223633,63.47999954223633,487.0,CT=F,USX,NYM
2016-06-28,64.36000061035156,65.0,64.36000061035156,64.66000366210938,64.66000366210938,10.0,CT=F,USX,NYM
2016-06-29,64.76000213623047,64.76000213623047,64.76000213623047,64.5,64.5,1.0,CT=F,USX,NYM
2016-06-30,63.08000183105469,63.08000183105469,63.08000183105469,62.81999969482422,62.81999969482422,1.0,CT=F,USX,NYM
2016-07-01,63.619998931884766,63.619998931884766,63.619998931884766,63.619998931884766,63.619998931884766,1.0,CT=F,USX,NYM
2016-07-05,62.91999816894531,62.91999816894531,62.91999816894531,63.75,63.75,47.0,CT=F,USX,NYM
2016-07-06,63.400001525878906,63.540000915527344,63.400001525878906,63.779998779296875,63.779998779296875,2.0,CT=F,USX,NYM
2016-07-07,63.66999816894531,63.66999816894531,63.66999816894531,63.66999816894531,63.66999816894531,13.0,CT=F,USX,NYM
2016-07-08,64.8499984741211,66.69999694824219,64.8499984741211,65.91999816894531,65.91999816894531,19.0,CT=F,USX,NYM
2016-07-11,66.37000274658203,68.1500015258789,66.37000274658203,68.13999938964844,68.13999938964844,71.0,CT=F,USX,NYM
2016-07-12,68.26000213623047,71.13999938964844,67.9000015258789,71.13999938964844,71.13999938964844,54.0,CT=F,USX,NYM
2016-07-13,71.5,75.13999938964844,71.5,73.37999725341797,73.37999725341797,156.0,CT=F,USX,NYM
2016-07-14,73.13999938964844,74.62000274658203,72.38999938964844,73.81999969482422,73.81999969482422,53.0,CT=F,USX,NYM
2016-07-15,73.33999633789062,74.51000213623047,73.33999633789062,73.86000061035156,73.86000061035156,70.0,CT=F,USX,NYM
2016-07-18,73.66999816894531,74.44000244140625,73.55000305175781,73.62999725341797,73.62999725341797,31.0,CT=F,USX,NYM
2016-07-19,73.54000091552734,73.94000244140625,72.47000122070312,72.95999908447266,72.95999908447266,13.0,CT=F,USX,NYM
2016-07-20,72.91999816894531,72.91999816894531,71.16999816894531,71.94999694824219,71.94999694824219,33.0,CT=F,USX,NYM
2016-07-21,71.87999725341797,73.47000122070312,71.77999877929688,72.66000366210938,72.66000366210938,30.0,CT=F,USX,NYM
2016-07-22,72.75,72.75,71.72000122070312,72.5199966430664,72.5199966430664,24.0,CT=F,USX,NYM
2016-07-25,72.4800033569336,72.58999633789062,71.69999694824219,72.12000274658203,72.12000274658203,17.0,CT=F,USX,NYM
2016-07-26,72.4800033569336,74.41999816894531,72.4800033569336,73.62999725341797,73.62999725341797,24.0,CT=F,USX,NYM
2016-07-27,74.52999877929688,75.0,73.31999969482422,73.83000183105469,73.83000183105469,71.0,CT=F,USX,NYM
2016-07-28,73.8499984741211,73.8499984741211,71.37000274658203,73.0199966430664,73.0199966430664,46.0,CT=F,USX,NYM
2016-07-29,72.69000244140625,74.0,71.76000213623047,74.16000366210938,74.16000366210938,20.0,CT=F,USX,NYM
2016-08-01,74.16000366210938,74.91000366210938,73.9800033569336,74.16999816894531,74.16999816894531,72.0,CT=F,USX,NYM
2016-08-02,74.23999786376953,74.23999786376953,72.94000244140625,73.66999816894531,73.66999816894531,69.0,CT=F,USX,NYM
2016-08-03,73.66999816894531,73.81999969482422,73.19999694824219,73.83999633789062,73.83999633789062,17.0,CT=F,USX,NYM
2016-08-04,73.52999877929688,76.16000366210938,73.52999877929688,75.86000061035156,75.86000061035156,67.0,CT=F,USX,NYM
2016-08-05,76.16000366210938,77.80000305175781,75.61000061035156,76.63999938964844,76.63999938964844,82.0,CT=F,USX,NYM
2016-08-08,77.01000213623047,77.0999984741211,75.98999786376953,76.05999755859375,76.05999755859375,28.0,CT=F,USX,NYM
2016-08-09,74.5,74.5,73.05999755859375,73.05999755859375,73.05999755859375,58.0,CT=F,USX,NYM
2016-08-10,72.0,72.27999877929688,71.0199966430664,71.16000366210938,71.16000366210938,53.0,CT=F,USX,NYM
2016-08-11,71.16000366210938,71.7699966430664,70.75,71.2699966430664,71.2699966430664,56.0,CT=F,USX,NYM
2016-08-12,71.30999755859375,71.88999938964844,69.80000305175781,69.87999725341797,69.87999725341797,45.0,CT=F,USX,NYM
2016-08-15,70.4800033569336,70.5199966430664,68.01000213623047,68.08999633789062,68.08999633789062,51.0,CT=F,USX,NYM
2016-08-16,68.08999633789062,68.08999633789062,66.2300033569336,68.01000213623047,68.01000213623047,51.0,CT=F,USX,NYM
2016-08-17,68.61000061035156,68.95999908447266,68.2300033569336,68.36000061035156,68.36000061035156,59.0,CT=F,USX,NYM
2016-08-18,68.37000274658203,69.55000305175781,68.37000274658203,68.5,68.5,23.0,CT=F,USX,NYM
2016-08-19,68.61000061035156,68.61000061035156,67.29000091552734,67.56999969482422,67.56999969482422,47.0,CT=F,USX,NYM
2016-08-22,67.1500015258789,68.56999969482422,67.1500015258789,67.91999816894531,67.91999816894531,27.0,CT=F,USX,NYM
2016-08-23,68.56999969482422,68.68000030517578,68.18000030517578,68.12000274658203,68.12000274658203,13.0,CT=F,USX,NYM
2016-08-24,68.08000183105469,68.08000183105469,67.30000305175781,67.41000366210938,67.41000366210938,15.0,CT=F,USX,NYM
2016-08-25,67.08000183105469,68.08000183105469,67.08000183105469,67.75,67.75,5.0,CT=F,USX,NYM
2016-08-26,67.87000274658203,68.44999694824219,67.87000274658203,67.70999908447266,67.70999908447266,13.0,CT=F,USX,NYM
2016-08-29,67.0,67.08999633789062,66.45999908447266,66.69000244140625,66.69000244140625,19.0,CT=F,USX,NYM
2016-08-30,66.2699966430664,66.2699966430664,65.72000122070312,65.97000122070312,65.97000122070312,11.0,CT=F,USX,NYM
2016-08-31,65.22000122070312,65.69999694824219,65.22000122070312,65.31999969482422,65.31999969482422,10.0,CT=F,USX,NYM
2016-09-01,66.0,68.08000183105469,65.98999786376953,68.01000213623047,68.01000213623047,28.0,CT=F,USX,NYM
2016-09-02,67.9000015258789,68.02999877929688,67.0999984741211,67.51000213623047,67.51000213623047,0.0,CT=F,USX,NYM
2016-09-06,67.52999877929688,69.12999725341797,67.52999877929688,69.05999755859375,69.05999755859375,33.0,CT=F,USX,NYM
2016-09-07,69.0199966430664,69.08000183105469,68.7300033569336,69.52999877929688,69.52999877929688,22.0,CT=F,USX,NYM
2016-09-08,69.19999694824219,69.29000091552734,68.91000366210938,69.25,69.25,18.0,CT=F,USX,NYM
2016-09-09,68.98999786376953,68.98999786376953,68.0199966430664,68.87999725341797,68.87999725341797,19.0,CT=F,USX,NYM
2016-09-12,68.9000015258789,69.12000274658203,66.87000274658203,66.97000122070312,66.97000122070312,179.0,CT=F,USX,NYM
2016-09-13,67.25,67.27999877929688,66.47000122070312,67.19999694824219,67.19999694824219,32.0,CT=F,USX,NYM
2016-09-14,67.79000091552734,67.79000091552734,67.79000091552734,68.08000183105469,68.08000183105469,1.0,CT=F,USX,NYM
2016-09-15,67.62000274658203,68.3499984741211,67.58000183105469,68.37999725341797,68.37999725341797,8.0,CT=F,USX,NYM
2016-09-16,68.48999786376953,68.5,67.61000061035156,67.73999786376953,67.73999786376953,8.0,CT=F,USX,NYM
2016-09-19,69.16000366210938,69.4800033569336,69.0999984741211,68.9800033569336,68.9800033569336,9.0,CT=F,USX,NYM
2016-09-20,68.48999786376953,69.5,68.48999786376953,70.81999969482422,70.81999969482422,13.0,CT=F,USX,NYM
2016-09-21,70.48999786376953,71.76000213623047,70.36000061035156,71.80999755859375,71.80999755859375,10.0,CT=F,USX,NYM
2016-09-22,72.0999984741211,72.18000030517578,71.05000305175781,71.16999816894531,71.16999816894531,168.0,CT=F,USX,NYM
2016-09-23,70.70999908447266,70.70999908447266,68.19000244140625,69.08000183105469,69.08000183105469,106.0,CT=F,USX,NYM
2016-09-26,69.3499984741211,69.83999633789062,69.3499984741211,69.16000366210938,69.16000366210938,6.0,CT=F,USX,NYM
2016-09-27,69.38999938964844,69.38999938964844,69.38999938964844,69.38999938964844,69.38999938964844,6.0,CT=F,USX,NYM
2016-09-28,68.12999725341797,68.12999725341797,68.12999725341797,68.12999725341797,68.12999725341797,6.0,CT=F,USX,NYM
2016-09-29,67.80000305175781,67.80000305175781,67.80000305175781,67.94999694824219,67.94999694824219,2.0,CT=F,USX,NYM
2016-09-30,68.29000091552734,68.29000091552734,68.29000091552734,68.29000091552734,68.29000091552734,2.0,CT=F,USX,NYM
2016-10-03,68.7300033569336,68.7300033569336,68.7300033569336,68.7300033569336,68.7300033569336,2.0,CT=F,USX,NYM
2016-10-04,69.87999725341797,69.87999725341797,69.87999725341797,69.87999725341797,69.87999725341797,2.0,CT=F,USX,NYM
2016-10-05,68.02999877929688,68.02999877929688,68.02999877929688,68.02999877929688,68.02999877929688,2.0,CT=F,USX,NYM
2016-10-06,68.12000274658203,68.12000274658203,68.12000274658203,67.70999908447266,67.70999908447266,4.0,CT=F,USX,NYM
2016-10-07,67.19000244140625,67.19000244140625,67.19000244140625,67.19000244140625,67.19000244140625,13571.0,CT=F,USX,NYM
2016-10-11,67.69999694824219,68.04000091552734,67.0199966430664,67.13999938964844,67.13999938964844,13367.0,CT=F,USX,NYM
2016-10-12,67.13999938964844,69.79000091552734,66.76000213623047,68.97000122070312,68.97000122070312,32011.0,CT=F,USX,NYM
2016-10-13,68.70999908447266,70.05000305175781,68.4000015258789,69.30999755859375,69.30999755859375,18468.0,CT=F,USX,NYM
2016-10-14,69.5999984741211,70.73999786376953,69.30999755859375,70.56999969482422,70.56999969482422,16639.0,CT=F,USX,NYM
2016-10-17,70.48999786376953,71.26000213623047,69.8499984741211,71.19000244140625,71.19000244140625,17697.0,CT=F,USX,NYM
2016-10-18,71.23999786376953,71.69999694824219,70.66999816894531,71.1500015258789,71.1500015258789,17765.0,CT=F,USX,NYM
2016-10-19,71.16999816894531,71.2699966430664,70.22000122070312,71.0999984741211,71.0999984741211,14870.0,CT=F,USX,NYM
2016-10-20,71.11000061035156,71.79000091552734,68.94999694824219,69.80000305175781,69.80000305175781,23410.0,CT=F,USX,NYM
2016-10-21,69.80000305175781,69.91000366210938,68.61000061035156,69.06999969482422,69.06999969482422,14234.0,CT=F,USX,NYM
2016-10-24,68.95999908447266,69.19000244140625,68.52999877929688,68.7699966430664,68.7699966430664,11938.0,CT=F,USX,NYM
2016-10-25,69.13999938964844,69.13999938964844,68.08000183105469,68.48999786376953,68.48999786376953,14410.0,CT=F,USX,NYM
2016-10-26,68.2300033569336,69.87999725341797,68.22000122070312,69.26000213623047,69.26000213623047,18598.0,CT=F,USX,NYM
2016-10-27,69.05000305175781,70.0,68.77999877929688,69.76000213623047,69.76000213623047,13591.0,CT=F,USX,NYM
2016-10-28,69.61000061035156,71.08999633789062,69.25,70.81999969482422,70.81999969482422,16853.0,CT=F,USX,NYM
2016-10-31,70.72000122070312,70.8499984741211,68.73999786376953,68.86000061035156,68.86000061035156,22346.0,CT=F,USX,NYM
2016-11-01,68.76000213623047,68.91999816894531,68.0999984741211,68.19999694824219,68.19999694824219,21303.0,CT=F,USX,NYM
2016-11-02,68.25,68.77999877929688,68.06999969482422,68.5999984741211,68.5999984741211,16883.0,CT=F,USX,NYM
2016-11-03,68.55999755859375,69.19000244140625,67.81999969482422,68.06999969482422,68.06999969482422,22862.0,CT=F,USX,NYM
2016-11-04,68.0,69.04000091552734,67.69999694824219,68.52999877929688,68.52999877929688,15211.0,CT=F,USX,NYM
2016-11-07,68.12999725341797,69.47000122070312,68.05999755859375,68.44999694824219,68.44999694824219,29296.0,CT=F,USX,NYM
2016-11-08,68.54000091552734,70.11000061035156,68.19000244140625,68.75,68.75,32036.0,CT=F,USX,NYM
2016-11-09,68.58000183105469,69.29000091552734,67.87000274658203,68.29000091552734,68.29000091552734,30563.0,CT=F,USX,NYM
2016-11-10,68.29000091552734,69.79000091552734,68.16000366210938,69.19999694824219,69.19999694824219,40751.0,CT=F,USX,NYM
2016-11-14,68.5,69.01000213623047,67.97000122070312,68.9000015258789,68.9000015258789,17564.0,CT=F,USX,NYM
2016-11-15,69.0999984741211,71.33999633789062,69.08999633789062,70.69000244140625,70.69000244140625,20454.0,CT=F,USX,NYM
2016-11-16,70.66000366210938,72.27999877929688,70.37000274658203,72.12999725341797,72.12999725341797,11319.0,CT=F,USX,NYM
2016-11-17,72.26000213623047,73.48999786376953,70.9800033569336,73.37999725341797,73.37999725341797,8212.0,CT=F,USX,NYM
2016-11-18,73.5,73.62000274658203,72.66999816894531,73.4000015258789,73.4000015258789,6004.0,CT=F,USX,NYM
2016-11-21,73.25,73.70999908447266,73.11000061035156,73.5999984741211,73.5999984741211,6364.0,CT=F,USX,NYM
2016-11-22,73.5999984741211,73.8499984741211,72.79000091552734,73.72000122070312,73.72000122070312,6605.0,CT=F,USX,NYM
2016-11-23,73.30000305175781,73.55000305175781,72.0,73.08000183105469,73.08000183105469,0.0,CT=F,USX,NYM
2016-11-25,72.18000030517578,72.80000305175781,71.95999908447266,72.6500015258789,72.6500015258789,155.0,CT=F,USX,NYM
2016-11-28,72.01000213623047,73.31999969482422,72.01000213623047,73.2699966430664,73.2699966430664,83.0,CT=F,USX,NYM
2016-11-29,73.5,73.5,72.25,72.37999725341797,72.37999725341797,157.0,CT=F,USX,NYM
2016-11-30,72.62000274658203,72.62000274658203,72.13999938964844,72.45999908447266,72.45999908447266,291.0,CT=F,USX,NYM
2016-12-01,72.5,73.0,71.80000305175781,71.80000305175781,71.80000305175781,226.0,CT=F,USX,NYM
2016-12-02,71.5999984741211,72.5,71.29000091552734,71.9800033569336,71.9800033569336,56.0,CT=F,USX,NYM
2016-12-05,72.5,72.5,72.41000366210938,72.30999755859375,72.30999755859375,54.0,CT=F,USX,NYM
2016-12-06,72.47000122070312,72.5,71.7300033569336,72.38999938964844,72.38999938964844,86.0,CT=F,USX,NYM
2016-12-07,72.11000061035156,72.11000061035156,72.11000061035156,72.11000061035156,72.11000061035156,12163.0,CT=F,USX,NYM
2016-12-08,71.05000305175781,71.94999694824219,70.9000015258789,71.41999816894531,71.41999816894531,16269.0,CT=F,USX,NYM
2016-12-09,71.25,71.80999755859375,70.30000305175781,70.80000305175781,70.80000305175781,16199.0,CT=F,USX,NYM
2016-12-12,70.7699966430664,71.77999877929688,70.6500015258789,71.69000244140625,71.69000244140625,16427.0,CT=F,USX,NYM
2016-12-13,71.55000305175781,72.43000030517578,71.19000244140625,72.04000091552734,72.04000091552734,19279.0,CT=F,USX,NYM
2016-12-14,72.04000091552734,72.30000305175781,71.30999755859375,71.47000122070312,71.47000122070312,12087.0,CT=F,USX,NYM
2016-12-15,71.31999969482422,71.7699966430664,71.0999984741211,71.66999816894531,71.66999816894531,10507.0,CT=F,USX,NYM
2016-12-16,71.66000366210938,71.69000244140625,70.9000015258789,71.04000091552734,71.04000091552734,11852.0,CT=F,USX,NYM
2016-12-19,70.9000015258789,71.0,69.52999877929688,69.56999969482422,69.56999969482422,28062.0,CT=F,USX,NYM
2016-12-20,69.54000091552734,69.83999633789062,69.31999969482422,69.33999633789062,69.33999633789062,13966.0,CT=F,USX,NYM
2016-12-21,69.33999633789062,70.91999816894531,69.33999633789062,70.12999725341797,70.12999725341797,22467.0,CT=F,USX,NYM
2016-12-22,70.12999725341797,70.7699966430664,69.76000213623047,70.19999694824219,70.19999694824219,10518.0,CT=F,USX,NYM
2016-12-23,70.19000244140625,70.54000091552734,69.8499984741211,69.87000274658203,69.87000274658203,7551.0,CT=F,USX,NYM
2016-12-27,69.7699966430664,70.23999786376953,69.5199966430664,69.73999786376953,69.73999786376953,8108.0,CT=F,USX,NYM
2016-12-28,69.83000183105469,70.0,69.5999984741211,69.75,69.75,7756.0,CT=F,USX,NYM
2016-12-29,69.75,71.13999938964844,69.63999938964844,70.5,70.5,14684.0,CT=F,USX,NYM
2016-12-30,70.68000030517578,71.95999908447266,70.43000030517578,70.6500015258789,70.6500015258789,16443.0,CT=F,USX,NYM
2017-01-03,71.19000244140625,71.8499984741211,71.13999938964844,71.77999877929688,71.77999877929688,12604.0,CT=F,USX,NYM
2017-01-04,71.77999877929688,74.2300033569336,71.56999969482422,74.08000183105469,74.08000183105469,37372.0,CT=F,USX,NYM
2017-01-05,74.16999816894531,75.37000274658203,73.61000061035156,73.77999877929688,73.77999877929688,28247.0,CT=F,USX,NYM
2017-01-06,73.93000030517578,74.19000244140625,72.9000015258789,73.98999786376953,73.98999786376953,19467.0,CT=F,USX,NYM
2017-01-09,73.98999786376953,74.18000030517578,72.80999755859375,72.98999786376953,72.98999786376953,17978.0,CT=F,USX,NYM
2017-01-10,72.98999786376953,73.69999694824219,72.81999969482422,73.19000244140625,73.19000244140625,15295.0,CT=F,USX,NYM
2017-01-11,73.25,73.80999755859375,72.98999786376953,73.13999938964844,73.13999938964844,16131.0,CT=F,USX,NYM
2017-01-12,73.25,73.80000305175781,72.25,72.33999633789062,72.33999633789062,21926.0,CT=F,USX,NYM
2017-01-13,72.33999633789062,72.75,72.0,72.2699966430664,72.2699966430664,0.0,CT=F,USX,NYM
2017-01-17,72.2699966430664,72.87000274658203,71.80999755859375,72.11000061035156,72.11000061035156,16974.0,CT=F,USX,NYM
2017-01-18,72.12000274658203,72.55000305175781,72.0199966430664,72.26000213623047,72.26000213623047,12813.0,CT=F,USX,NYM
2017-01-19,72.38999938964844,73.29000091552734,72.2699966430664,72.69000244140625,72.69000244140625,13939.0,CT=F,USX,NYM
2017-01-20,72.86000061035156,73.43000030517578,72.72000122070312,73.04000091552734,73.04000091552734,12811.0,CT=F,USX,NYM
2017-01-23,73.13999938964844,74.94000244140625,73.02999877929688,74.62999725341797,74.62999725341797,25740.0,CT=F,USX,NYM
2017-01-24,74.63999938964844,75.0,72.52999877929688,73.56999969482422,73.56999969482422,30919.0,CT=F,USX,NYM
2017-01-25,73.27999877929688,74.16999816894531,73.13999938964844,73.87999725341797,73.87999725341797,15003.0,CT=F,USX,NYM
2017-01-26,73.94000244140625,74.93000030517578,73.66999816894531,74.19000244140625,74.19000244140625,16782.0,CT=F,USX,NYM
2017-01-27,74.19000244140625,74.97000122070312,74.19000244140625,74.8499984741211,74.8499984741211,13319.0,CT=F,USX,NYM
2017-01-30,74.9000015258789,75.31999969482422,74.05999755859375,74.13999938964844,74.13999938964844,17741.0,CT=F,USX,NYM
2017-01-31,74.16000366210938,75.12999725341797,74.0999984741211,74.94000244140625,74.94000244140625,17121.0,CT=F,USX,NYM
2017-02-01,75.0,76.55999755859375,74.91000366210938,76.44000244140625,76.44000244140625,25699.0,CT=F,USX,NYM
2017-02-02,76.36000061035156,77.4000015258789,75.72000122070312,76.91000366210938,76.91000366210938,32545.0,CT=F,USX,NYM
2017-02-03,76.73999786376953,77.1500015258789,76.20999908447266,76.41000366210938,76.41000366210938,21823.0,CT=F,USX,NYM
2017-02-06,76.45999908447266,76.5,75.55999755859375,75.62999725341797,75.62999725341797,21502.0,CT=F,USX,NYM
2017-02-07,75.75,76.08999633789062,75.05000305175781,75.08999633789062,75.08999633789062,38502.0,CT=F,USX,NYM
2017-02-08,75.2300033569336,75.72000122070312,75.06999969482422,75.25,75.25,30984.0,CT=F,USX,NYM
2017-02-09,75.43000030517578,76.12999725341797,75.25,75.58000183105469,75.58000183105469,31003.0,CT=F,USX,NYM
2017-02-10,75.58999633789062,76.2300033569336,75.55000305175781,75.81999969482422,75.81999969482422,36960.0,CT=F,USX,NYM
2017-02-13,75.9000015258789,76.94999694824219,75.88999938964844,76.61000061035156,76.61000061035156,31297.0,CT=F,USX,NYM
2017-02-14,76.6500015258789,76.7300033569336,75.9000015258789,76.31999969482422,76.31999969482422,20888.0,CT=F,USX,NYM
2017-02-15,76.31999969482422,76.6500015258789,75.62999725341797,75.70999908447266,75.70999908447266,14067.0,CT=F,USX,NYM
2017-02-16,75.7300033569336,75.83000183105469,74.95999908447266,75.01000213623047,75.01000213623047,20907.0,CT=F,USX,NYM
2017-02-17,75.05999755859375,75.1500015258789,73.0199966430664,73.4800033569336,73.4800033569336,0.0,CT=F,USX,NYM
2017-02-21,73.4800033569336,73.94999694824219,73.37000274658203,73.5199966430664,73.5199966430664,8263.0,CT=F,USX,NYM
2017-02-22,74.19999694824219,74.88999938964844,73.80000305175781,74.13999938964844,74.13999938964844,241.0,CT=F,USX,NYM
2017-02-23,75.04000091552734,75.38999938964844,74.95999908447266,75.0199966430664,75.0199966430664,30.0,CT=F,USX,NYM
2017-02-24,75.97000122070312,75.98999786376953,75.9000015258789,75.41999816894531,75.41999816894531,30.0,CT=F,USX,NYM
2017-02-27,74.97000122070312,74.97000122070312,74.97000122070312,74.97000122070312,74.97000122070312,30.0,CT=F,USX,NYM
2017-02-28,75.79000091552734,75.79000091552734,75.0,75.33000183105469,75.33000183105469,26.0,CT=F,USX,NYM
2017-03-01,75.33999633789062,75.44999694824219,75.33999633789062,76.8499984741211,76.8499984741211,6.0,CT=F,USX,NYM
2017-03-02,76.83999633789062,78.0,76.83999633789062,75.69000244140625,75.69000244140625,49.0,CT=F,USX,NYM
2017-03-03,77.0,77.0,75.98999786376953,77.27999877929688,77.27999877929688,8.0,CT=F,USX,NYM
2017-03-06,78.12000274658203,78.27999877929688,78.12000274658203,78.38999938964844,78.38999938964844,8.0,CT=F,USX,NYM
2017-03-07,78.44000244140625,78.5,77.33999633789062,77.27999877929688,77.27999877929688,16.0,CT=F,USX,NYM
2017-03-08,77.33999633789062,77.33999633789062,77.0,76.9000015258789,76.9000015258789,4.0,CT=F,USX,NYM
2017-03-09,76.62999725341797,76.62999725341797,76.62999725341797,76.62999725341797,76.62999725341797,17308.0,CT=F,USX,NYM
2017-03-10,78.0,78.0,77.1500015258789,77.29000091552734,77.29000091552734,11745.0,CT=F,USX,NYM
2017-03-13,77.1500015258789,77.58000183105469,76.80999755859375,76.87000274658203,76.87000274658203,11301.0,CT=F,USX,NYM
2017-03-14,76.91999816894531,77.33999633789062,76.80000305175781,77.1500015258789,77.1500015258789,10516.0,CT=F,USX,NYM
2017-03-15,77.33000183105469,78.26000213623047,77.16999816894531,78.08000183105469,78.08000183105469,11838.0,CT=F,USX,NYM
2017-03-16,78.08000183105469,78.88999938964844,78.0,78.16999816894531,78.16999816894531,12108.0,CT=F,USX,NYM
2017-03-17,78.08999633789062,78.5999984741211,77.9000015258789,78.36000061035156,78.36000061035156,9344.0,CT=F,USX,NYM
2017-03-20,78.33000183105469,78.73999786376953,77.30000305175781,77.33000183105469,77.33000183105469,13703.0,CT=F,USX,NYM
2017-03-21,77.33000183105469,77.4800033569336,76.68000030517578,76.83999633789062,76.83999633789062,19422.0,CT=F,USX,NYM
2017-03-22,76.76000213623047,78.18000030517578,76.66999816894531,77.33999633789062,77.33999633789062,16630.0,CT=F,USX,NYM
2017-03-23,77.61000061035156,77.97000122070312,77.2300033569336,77.2699966430664,77.2699966430664,11262.0,CT=F,USX,NYM
2017-03-24,77.2699966430664,78.1500015258789,77.16999816894531,77.47000122070312,77.47000122070312,14929.0,CT=F,USX,NYM
2017-03-27,77.47000122070312,77.7300033569336,76.9000015258789,76.94000244140625,76.94000244140625,15269.0,CT=F,USX,NYM
2017-03-28,77.0,77.51000213623047,76.69999694824219,76.87999725341797,76.87999725341797,14264.0,CT=F,USX,NYM
2017-03-29,76.98999786376953,77.08000183105469,76.0999984741211,76.13999938964844,76.13999938964844,18145.0,CT=F,USX,NYM
2017-03-30,76.1500015258789,76.54000091552734,76.0999984741211,76.2300033569336,76.2300033569336,14905.0,CT=F,USX,NYM
2017-03-31,76.2300033569336,77.4000015258789,75.80000305175781,77.33000183105469,77.33000183105469,24305.0,CT=F,USX,NYM
2017-04-03,77.30999755859375,78.06999969482422,75.44000244140625,75.47000122070312,75.47000122070312,34359.0,CT=F,USX,NYM
2017-04-04,75.43000030517578,75.72000122070312,74.55000305175781,74.8499984741211,74.8499984741211,31054.0,CT=F,USX,NYM
2017-04-05,74.6500015258789,75.19000244140625,74.6500015258789,74.87000274658203,74.87000274658203,18912.0,CT=F,USX,NYM
2017-04-06,74.83999633789062,75.06999969482422,74.4800033569336,74.51000213623047,74.51000213623047,17788.0,CT=F,USX,NYM
2017-04-07,74.51000213623047,74.5999984741211,73.37999725341797,73.45999908447266,73.45999908447266,34565.0,CT=F,USX,NYM
2017-04-10,73.5,75.29000091552734,73.3499984741211,75.1500015258789,75.1500015258789,29831.0,CT=F,USX,NYM
2017-04-11,75.11000061035156,75.80000305175781,74.41000366210938,75.01000213623047,75.01000213623047,31026.0,CT=F,USX,NYM
2017-04-12,74.87999725341797,75.16000366210938,74.58000183105469,74.7300033569336,74.7300033569336,24969.0,CT=F,USX,NYM
2017-04-13,74.80000305175781,75.73999786376953,74.66000366210938,75.62000274658203,75.62000274658203,21190.0,CT=F,USX,NYM
2017-04-17,75.18000030517578,77.19000244140625,75.18000030517578,77.02999877929688,77.02999877929688,11335.0,CT=F,USX,NYM
2017-04-18,77.26000213623047,77.48999786376953,76.27999877929688,76.81999969482422,76.81999969482422,15916.0,CT=F,USX,NYM
2017-04-19,76.80999755859375,77.75,76.58000183105469,77.66999816894531,77.66999816894531,7448.0,CT=F,USX,NYM
2017-04-20,77.66999816894531,80.66999816894531,77.66999816894531,80.06999969482422,80.06999969482422,5840.0,CT=F,USX,NYM
2017-04-21,80.0,80.30000305175781,78.4800033569336,78.98999786376953,78.98999786376953,3875.0,CT=F,USX,NYM
2017-04-24,79.5,80.0199966430664,79.18000030517578,80.08999633789062,80.08999633789062,194.0,CT=F,USX,NYM
2017-04-25,79.94000244140625,80.06999969482422,79.0,80.70999908447266,80.70999908447266,67.0,CT=F,USX,NYM
2017-04-26,80.83999633789062,81.19999694824219,80.6500015258789,80.69000244140625,80.69000244140625,24.0,CT=F,USX,NYM
2017-04-27,79.91000366210938,79.91000366210938,79.2300033569336,79.31999969482422,79.31999969482422,22.0,CT=F,USX,NYM
2017-04-28,79.31999969482422,79.31999969482422,79.31999969482422,80.2300033569336,80.2300033569336,25.0,CT=F,USX,NYM
2017-05-01,80.44999694824219,80.44999694824219,80.44999694824219,80.44999694824219,80.44999694824219,5.0,CT=F,USX,NYM
2017-05-02,80.83000183105469,80.83000183105469,80.83000183105469,80.83000183105469,80.83000183105469,5.0,CT=F,USX,NYM
2017-05-03,80.91000366210938,80.91000366210938,80.58999633789062,80.69000244140625,80.69000244140625,10.0,CT=F,USX,NYM
2017-05-04,80.20999908447266,81.55999755859375,80.20999908447266,80.83000183105469,80.83000183105469,13.0,CT=F,USX,NYM
2017-05-05,80.63999938964844,80.63999938964844,79.94999694824219,79.76000213623047,79.76000213623047,44.0,CT=F,USX,NYM
2017-05-08,77.4800033569336,77.4800033569336,77.4800033569336,76.77999877929688,76.77999877929688,14903.0,CT=F,USX,NYM
2017-05-09,77.19000244140625,77.81999969482422,77.06999969482422,77.43000030517578,77.43000030517578,16111.0,CT=F,USX,NYM
2017-05-10,77.52999877929688,77.56999969482422,76.36000061035156,76.48999786376953,76.48999786376953,24655.0,CT=F,USX,NYM
2017-05-11,76.33999633789062,79.20999908447266,76.16999816894531,79.18000030517578,79.18000030517578,44527.0,CT=F,USX,NYM
2017-05-12,79.22000122070312,82.18000030517578,79.1500015258789,82.18000030517578,82.18000030517578,27101.0,CT=F,USX,NYM
2017-05-15,83.02999877929688,87.18000030517578,82.5199966430664,85.31999969482422,85.31999969482422,69381.0,CT=F,USX,NYM
2017-05-16,85.13999938964844,85.18000030517578,81.31999969482422,81.31999969482422,81.31999969482422,31029.0,CT=F,USX,NYM
2017-05-17,81.31999969482422,83.04000091552734,79.62999725341797,80.16999816894531,80.16999816894531,24376.0,CT=F,USX,NYM
2017-05-18,80.36000061035156,80.62999725341797,78.83999633789062,79.23999786376953,79.23999786376953,17955.0,CT=F,USX,NYM
2017-05-19,79.4000015258789,79.5,78.41999816894531,79.44999694824219,79.44999694824219,21349.0,CT=F,USX,NYM
2017-05-22,79.5,79.5,78.30000305175781,78.38999938964844,78.38999938964844,14469.0,CT=F,USX,NYM
2017-05-23,78.4000015258789,78.43000030517578,77.0999984741211,77.22000122070312,77.22000122070312,20876.0,CT=F,USX,NYM
2017-05-24,77.36000061035156,78.72000122070312,77.0999984741211,77.54000091552734,77.54000091552734,17306.0,CT=F,USX,NYM
2017-05-25,77.51000213623047,78.13999938964844,77.0999984741211,77.16000366210938,77.16000366210938,16718.0,CT=F,USX,NYM
2017-05-26,77.2699966430664,77.5999984741211,77.01000213623047,77.08999633789062,77.08999633789062,0.0,CT=F,USX,NYM
2017-05-30,77.0999984741211,77.66999816894531,76.9000015258789,77.26000213623047,77.26000213623047,12771.0,CT=F,USX,NYM
2017-05-31,77.08999633789062,77.3499984741211,76.70999908447266,76.9800033569336,76.9800033569336,13114.0,CT=F,USX,NYM
2017-06-01,76.95999908447266,77.80999755859375,76.80999755859375,77.62999725341797,77.62999725341797,16436.0,CT=F,USX,NYM
2017-06-02,77.72000122070312,77.7699966430664,76.56999969482422,76.69000244140625,76.69000244140625,17229.0,CT=F,USX,NYM
2017-06-05,76.75,77.02999877929688,76.27999877929688,76.30999755859375,76.30999755859375,15982.0,CT=F,USX,NYM
2017-06-06,76.30999755859375,76.66000366210938,75.91000366210938,76.0199966430664,76.0199966430664,18116.0,CT=F,USX,NYM
2017-06-07,76.05999755859375,76.22000122070312,75.6500015258789,75.79000091552734,75.79000091552734,15283.0,CT=F,USX,NYM
2017-06-08,75.9000015258789,76.75,75.61000061035156,76.55000305175781,76.55000305175781,18102.0,CT=F,USX,NYM
2017-06-09,76.4800033569336,76.48999786376953,75.55000305175781,75.69000244140625,75.69000244140625,21986.0,CT=F,USX,NYM
2017-06-12,75.72000122070312,75.75,75.08999633789062,75.12999725341797,75.12999725341797,21492.0,CT=F,USX,NYM
2017-06-13,75.0999984741211,75.13999938964844,74.30999755859375,74.4800033569336,74.4800033569336,23922.0,CT=F,USX,NYM
2017-06-14,74.47000122070312,74.83000183105469,73.4000015258789,73.5,73.5,16499.0,CT=F,USX,NYM
2017-06-15,73.5,73.5,71.2699966430664,71.91000366210938,71.91000366210938,21242.0,CT=F,USX,NYM
2017-06-16,71.87999725341797,72.54000091552734,70.9000015258789,71.87999725341797,71.87999725341797,18987.0,CT=F,USX,NYM
2017-06-19,71.8499984741211,73.4000015258789,71.1500015258789,71.38999938964844,71.38999938964844,7237.0,CT=F,USX,NYM
2017-06-20,71.54000091552734,71.6500015258789,70.80000305175781,71.3499984741211,71.3499984741211,4059.0,CT=F,USX,NYM
2017-06-21,71.33000183105469,71.94000244140625,70.76000213623047,70.88999938964844,70.88999938964844,4915.0,CT=F,USX,NYM
2017-06-22,71.0,71.38999938964844,70.68000030517578,71.13999938964844,71.13999938964844,4839.0,CT=F,USX,NYM
2017-06-23,71.23999786376953,73.0999984741211,71.02999877929688,72.6500015258789,72.6500015258789,4606.0,CT=F,USX,NYM
2017-06-26,73.54000091552734,73.9800033569336,71.45999908447266,73.68000030517578,73.68000030517578,116.0,CT=F,USX,NYM
2017-06-27,74.5199966430664,74.5999984741211,74.33999633789062,74.44000244140625,74.44000244140625,92.0,CT=F,USX,NYM
2017-06-28,73.9000015258789,74.56999969482422,73.7699966430664,74.41000366210938,74.41000366210938,9.0,CT=F,USX,NYM
2017-06-29,74.19999694824219,74.44999694824219,74.0,74.0,74.0,13.0,CT=F,USX,NYM
2017-06-30,75.30999755859375,75.30999755859375,75.30999755859375,75.30999755859375,75.30999755859375,13.0,CT=F,USX,NYM
2017-07-03,73.69000244140625,73.69000244140625,73.69000244140625,73.69000244140625,73.69000244140625,13.0,CT=F,USX,NYM
2017-07-05,73.62000274658203,73.62000274658203,73.62000274658203,73.86000061035156,73.86000061035156,2.0,CT=F,USX,NYM
2017-07-06,74.4800033569336,75.22000122070312,74.4800033569336,75.01000213623047,75.01000213623047,18.0,CT=F,USX,NYM
2017-07-07,75.29000091552734,75.29000091552734,75.29000091552734,75.29000091552734,75.29000091552734,23.0,CT=F,USX,NYM
2017-07-10,69.5,71.41999816894531,67.55999755859375,67.72000122070312,67.72000122070312,125.0,CT=F,USX,NYM
2017-07-11,67.55999755859375,68.29000091552734,66.97000122070312,68.1500015258789,68.1500015258789,57.0,CT=F,USX,NYM
2017-07-12,67.9000015258789,68.45999908447266,67.43000030517578,68.12999725341797,68.12999725341797,65.0,CT=F,USX,NYM
2017-07-13,68.3499984741211,68.3499984741211,66.48999786376953,66.54000091552734,66.54000091552734,54.0,CT=F,USX,NYM
2017-07-14,66.54000091552734,67.75,66.48999786376953,67.18000030517578,67.18000030517578,18.0,CT=F,USX,NYM
2017-07-17,67.52999877929688,68.6500015258789,67.05999755859375,68.56999969482422,68.56999969482422,14.0,CT=F,USX,NYM
2017-07-18,68.5,69.0999984741211,67.8499984741211,68.86000061035156,68.86000061035156,13.0,CT=F,USX,NYM
2017-07-19,69.2300033569336,69.45999908447266,68.69999694824219,68.76000213623047,68.76000213623047,14.0,CT=F,USX,NYM
2017-07-20,69.5199966430664,69.7699966430664,69.37000274658203,69.55000305175781,69.55000305175781,10.0,CT=F,USX,NYM
2017-07-21,69.05999755859375,69.45999908447266,68.5199966430664,69.13999938964844,69.13999938964844,22.0,CT=F,USX,NYM
2017-07-24,69.3499984741211,69.3499984741211,69.06999969482422,69.0,69.0,4.0,CT=F,USX,NYM
2017-07-25,69.47000122070312,69.47000122070312,69.47000122070312,69.55000305175781,69.55000305175781,1.0,CT=F,USX,NYM
2017-07-26,69.5,69.8499984741211,68.23999786376953,69.0199966430664,69.0199966430664,200.0,CT=F,USX,NYM
2017-07-27,69.33000183105469,72.0199966430664,69.33000183105469,70.5,70.5,256.0,CT=F,USX,NYM
2017-07-28,69.81999969482422,70.68000030517578,69.81999969482422,70.22000122070312,70.22000122070312,5.0,CT=F,USX,NYM
2017-07-31,70.33999633789062,71.12999725341797,69.83000183105469,70.5,70.5,12.0,CT=F,USX,NYM
2017-08-01,70.7300033569336,71.16999816894531,70.51000213623047,71.16999816894531,71.16999816894531,19.0,CT=F,USX,NYM
2017-08-02,71.16999816894531,71.8499984741211,71.16999816894531,71.75,71.75,12.0,CT=F,USX,NYM
2017-08-03,72.1500015258789,72.43000030517578,71.2300033569336,71.55000305175781,71.55000305175781,38.0,CT=F,USX,NYM
2017-08-04,72.0,72.22000122070312,70.4000015258789,70.98999786376953,70.98999786376953,86.0,CT=F,USX,NYM
2017-08-07,70.98999786376953,71.5199966430664,70.98999786376953,71.22000122070312,71.22000122070312,11.0,CT=F,USX,NYM
2017-08-08,71.37999725341797,71.94000244140625,70.62000274658203,71.91000366210938,71.91000366210938,75.0,CT=F,USX,NYM
2017-08-09,71.37000274658203,71.94000244140625,71.29000091552734,71.81999969482422,71.81999969482422,10.0,CT=F,USX,NYM
2017-08-10,71.61000061035156,71.61000061035156,68.8499984741211,69.26000213623047,69.26000213623047,54.0,CT=F,USX,NYM
2017-08-11,69.11000061035156,69.8499984741211,69.06999969482422,69.23999786376953,69.23999786376953,13.0,CT=F,USX,NYM
2017-08-14,69.23999786376953,69.23999786376953,68.4000015258789,68.5,68.5,11.0,CT=F,USX,NYM
2017-08-15,68.29000091552734,68.29000091552734,67.66999816894531,67.68000030517578,67.68000030517578,7.0,CT=F,USX,NYM
2017-08-16,67.5999984741211,67.72000122070312,67.5,67.55000305175781,67.55000305175781,12.0,CT=F,USX,NYM
2017-08-17,67.3499984741211,67.3499984741211,67.25,67.44999694824219,67.44999694824219,19.0,CT=F,USX,NYM
2017-08-18,67.79000091552734,67.79000091552734,67.79000091552734,67.79000091552734,67.79000091552734,0.0,CT=F,USX,NYM
2017-08-21,67.91000366210938,68.77999877929688,67.51000213623047,68.70999908447266,68.70999908447266,69.0,CT=F,USX,NYM
2017-08-22,68.76000213623047,69.06999969482422,68.76000213623047,68.87999725341797,68.87999725341797,2.0,CT=F,USX,NYM
2017-08-23,69.11000061035156,70.52999877929688,69.11000061035156,69.5999984741211,69.5999984741211,15.0,CT=F,USX,NYM
2017-08-24,69.5,70.20999908447266,69.44000244140625,70.16999816894531,70.16999816894531,35.0,CT=F,USX,NYM
2017-08-25,70.25,70.25,68.62000274658203,68.61000061035156,68.61000061035156,22.0,CT=F,USX,NYM
2017-08-28,68.61000061035156,70.19000244140625,68.61000061035156,70.33000183105469,70.33000183105469,28.0,CT=F,USX,NYM
2017-08-29,70.26000213623047,70.8499984741211,70.1500015258789,70.55999755859375,70.55999755859375,37.0,CT=F,USX,NYM
2017-08-30,70.8499984741211,71.5199966430664,70.8499984741211,71.47000122070312,71.47000122070312,24.0,CT=F,USX,NYM
2017-08-31,71.23999786376953,71.52999877929688,71.13999938964844,71.4800033569336,71.4800033569336,12.0,CT=F,USX,NYM
2017-09-01,71.9000015258789,72.70999908447266,71.88999938964844,72.55000305175781,72.55000305175781,28.0,CT=F,USX,NYM
2017-09-05,72.94999694824219,75.55000305175781,72.94999694824219,75.26000213623047,75.26000213623047,93.0,CT=F,USX,NYM
2017-09-06,75.79000091552734,75.79000091552734,75.0,75.26000213623047,75.26000213623047,43.0,CT=F,USX,NYM
2017-09-07,74.70999908447266,75.0999984741211,74.5,75.02999877929688,75.02999877929688,19.0,CT=F,USX,NYM
2017-09-08,75.19999694824219,76.1500015258789,75.19000244140625,75.58999633789062,75.58999633789062,23.0,CT=F,USX,NYM
2017-09-11,75.56999969482422,75.56999969482422,72.58999633789062,73.70999908447266,73.70999908447266,72.0,CT=F,USX,NYM
2017-09-12,73.37999725341797,73.47000122070312,70.70999908447266,70.70999908447266,70.70999908447266,17.0,CT=F,USX,NYM
2017-09-13,70.30000305175781,70.30000305175781,69.61000061035156,69.9800033569336,69.9800033569336,56.0,CT=F,USX,NYM
2017-09-14,69.86000061035156,69.86000061035156,69.0199966430664,69.77999877929688,69.77999877929688,35.0,CT=F,USX,NYM
2017-09-15,69.94999694824219,70.26000213623047,69.94999694824219,70.12999725341797,70.12999725341797,4.0,CT=F,USX,NYM
2017-09-18,69.47000122070312,70.94000244140625,69.47000122070312,70.41000366210938,70.41000366210938,45.0,CT=F,USX,NYM
2017-09-19,70.69000244140625,70.94000244140625,70.41000366210938,69.9800033569336,69.9800033569336,20.0,CT=F,USX,NYM
2017-09-20,70.5199966430664,71.11000061035156,69.63999938964844,70.04000091552734,70.04000091552734,38.0,CT=F,USX,NYM
2017-09-21,69.04000091552734,69.04000091552734,69.04000091552734,69.04000091552734,69.04000091552734,1.0,CT=F,USX,NYM
2017-09-22,69.11000061035156,69.30000305175781,68.80000305175781,69.08999633789062,69.08999633789062,25.0,CT=F,USX,NYM
2017-09-25,70.08999633789062,70.08999633789062,70.08999633789062,70.08999633789062,70.08999633789062,0.0,CT=F,USX,NYM
2017-09-26,69.37999725341797,69.37999725341797,69.37999725341797,69.37999725341797,69.37999725341797,0.0,CT=F,USX,NYM
2017-09-27,69.27999877929688,69.27999877929688,69.27999877929688,69.27999877929688,69.27999877929688,0.0,CT=F,USX,NYM
2017-09-28,69.5999984741211,69.5999984741211,69.5999984741211,69.5999984741211,69.5999984741211,0.0,CT=F,USX,NYM
2017-09-29,69.08000183105469,69.08000183105469,69.08000183105469,69.08000183105469,69.08000183105469,0.0,CT=F,USX,NYM
2017-10-02,68.19999694824219,68.19999694824219,68.19999694824219,68.19999694824219,68.19999694824219,0.0,CT=F,USX,NYM
2017-10-03,68.1500015258789,68.1500015258789,68.1500015258789,68.1500015258789,68.1500015258789,0.0,CT=F,USX,NYM
2017-10-04,69.43000030517578,69.43000030517578,69.43000030517578,69.43000030517578,69.43000030517578,0.0,CT=F,USX,NYM
2017-10-05,68.9000015258789,68.9000015258789,68.9000015258789,68.9000015258789,68.9000015258789,0.0,CT=F,USX,NYM
2017-10-06,69.47000122070312,69.47000122070312,69.47000122070312,69.47000122070312,69.47000122070312,55.0,CT=F,USX,NYM
2017-10-09,69.58000183105469,69.58000183105469,69.58000183105469,69.58000183105469,69.58000183105469,9241.0,CT=F,USX,NYM
2017-10-10,69.0,69.87999725341797,68.61000061035156,68.94999694824219,68.94999694824219,12927.0,CT=F,USX,NYM
2017-10-11,69.23999786376953,69.44999694824219,68.45999908447266,68.7300033569336,68.7300033569336,8776.0,CT=F,USX,NYM
2017-10-12,68.83000183105469,69.11000061035156,67.66000366210938,67.83999633789062,67.83999633789062,17355.0,CT=F,USX,NYM
2017-10-13,67.73999786376953,68.94000244140625,67.66999816894531,68.62000274658203,68.62000274658203,10971.0,CT=F,USX,NYM
2017-10-16,68.54000091552734,68.87999725341797,67.52999877929688,67.52999877929688,67.52999877929688,15596.0,CT=F,USX,NYM
2017-10-17,67.56999969482422,68.5999984741211,67.44999694824219,67.7699966430664,67.7699966430664,14237.0,CT=F,USX,NYM
2017-10-18,67.80999755859375,68.16999816894531,67.54000091552734,67.62999725341797,67.62999725341797,10302.0,CT=F,USX,NYM
2017-10-19,67.81999969482422,67.87999725341797,67.26000213623047,67.30999755859375,67.30999755859375,12914.0,CT=F,USX,NYM
2017-10-20,67.30000305175781,67.58000183105469,66.83999633789062,66.87999725341797,66.87999725341797,16514.0,CT=F,USX,NYM
2017-10-23,66.88999938964844,69.79000091552734,66.88999938964844,69.72000122070312,69.72000122070312,33450.0,CT=F,USX,NYM
2017-10-24,69.44000244140625,70.22000122070312,69.0199966430664,69.54000091552734,69.54000091552734,21156.0,CT=F,USX,NYM
2017-10-25,69.56999969482422,69.9000015258789,69.12000274658203,69.30999755859375,69.30999755859375,11524.0,CT=F,USX,NYM
2017-10-26,69.25,69.2699966430664,68.0999984741211,68.19000244140625,68.19000244140625,14473.0,CT=F,USX,NYM
2017-10-27,68.48999786376953,68.48999786376953,67.80000305175781,68.19999694824219,68.19999694824219,12315.0,CT=F,USX,NYM
2017-10-30,68.0,69.19999694824219,67.94999694824219,68.63999938964844,68.63999938964844,15684.0,CT=F,USX,NYM
2017-10-31,68.70999908447266,68.91000366210938,68.11000061035156,68.37999725341797,68.37999725341797,17214.0,CT=F,USX,NYM
2017-11-01,68.68000030517578,69.05000305175781,68.0999984741211,68.16999816894531,68.16999816894531,19933.0,CT=F,USX,NYM
2017-11-02,68.4000015258789,69.30000305175781,68.11000061035156,69.08000183105469,69.08000183105469,21896.0,CT=F,USX,NYM
2017-11-03,69.05999755859375,69.37000274658203,68.3499984741211,68.72000122070312,68.72000122070312,17444.0,CT=F,USX,NYM
2017-11-06,68.86000061035156,69.12000274658203,68.2300033569336,68.8499984741211,68.8499984741211,23635.0,CT=F,USX,NYM
2017-11-07,68.8499984741211,68.88999938964844,68.01000213623047,68.06999969482422,68.06999969482422,29271.0,CT=F,USX,NYM
2017-11-08,68.06999969482422,69.1500015258789,68.05999755859375,68.62999725341797,68.62999725341797,33534.0,CT=F,USX,NYM
2017-11-09,68.77999877929688,69.4800033569336,68.18000030517578,68.29000091552734,68.29000091552734,31783.0,CT=F,USX,NYM
2017-11-10,68.38999938964844,69.18000030517578,68.3499984741211,69.05000305175781,69.05000305175781,20774.0,CT=F,USX,NYM
2017-11-13,69.0,69.68000030517578,68.8499984741211,68.87999725341797,68.87999725341797,24703.0,CT=F,USX,NYM
2017-11-14,68.9000015258789,69.38999938964844,68.58000183105469,68.5999984741211,68.5999984741211,19455.0,CT=F,USX,NYM
2017-11-15,68.62999725341797,68.91000366210938,68.58999633789062,68.80999755859375,68.80999755859375,12974.0,CT=F,USX,NYM
2017-11-16,68.91999816894531,69.5,68.79000091552734,69.20999908447266,69.20999908447266,11003.0,CT=F,USX,NYM
2017-11-17,69.20999908447266,70.08000183105469,69.20999908447266,69.77999877929688,69.77999877929688,10903.0,CT=F,USX,NYM
2017-11-20,69.80000305175781,71.5,69.79000091552734,71.37000274658203,71.37000274658203,8351.0,CT=F,USX,NYM
2017-11-21,71.06999969482422,72.5199966430664,70.4000015258789,70.9000015258789,70.9000015258789,7045.0,CT=F,USX,NYM
2017-11-22,70.9000015258789,72.41000366210938,70.5,70.73999786376953,70.73999786376953,4609.0,CT=F,USX,NYM
2017-11-24,70.80000305175781,72.33999633789062,70.5999984741211,72.2300033569336,72.2300033569336,126.0,CT=F,USX,NYM
2017-11-27,71.91000366210938,72.6500015258789,71.83999633789062,72.1500015258789,72.1500015258789,131.0,CT=F,USX,NYM
2017-11-28,72.19999694824219,73.94000244140625,72.0,74.05000305175781,74.05000305175781,141.0,CT=F,USX,NYM
2017-11-29,72.44999694824219,75.47000122070312,72.44999694824219,75.5199966430664,75.5199966430664,97.0,CT=F,USX,NYM
2017-11-30,75.54000091552734,75.54000091552734,74.5,75.04000091552734,75.04000091552734,77.0,CT=F,USX,NYM
2017-12-01,75.75,75.81999969482422,75.0,75.43000030517578,75.43000030517578,74.0,CT=F,USX,NYM
2017-12-04,75.0,75.33999633789062,75.0,75.02999877929688,75.02999877929688,36.0,CT=F,USX,NYM
2017-12-05,75.0,75.41999816894531,74.80000305175781,74.95999908447266,74.95999908447266,35.0,CT=F,USX,NYM
2017-12-06,75.16999816894531,75.16999816894531,75.16999816894531,75.16999816894531,75.16999816894531,13354.0,CT=F,USX,NYM
2017-12-07,72.83999633789062,74.2699966430664,72.0999984741211,74.2300033569336,74.2300033569336,26597.0,CT=F,USX,NYM
2017-12-08,74.0999984741211,74.27999877929688,73.62000274658203,73.72000122070312,73.72000122070312,21103.0,CT=F,USX,NYM
2017-12-11,73.72000122070312,73.83000183105469,72.80000305175781,73.0,73.0,16646.0,CT=F,USX,NYM
2017-12-12,72.86000061035156,74.19000244140625,72.76000213623047,72.91000366210938,72.91000366210938,22039.0,CT=F,USX,NYM
2017-12-13,72.91000366210938,74.2300033569336,72.91000366210938,74.12999725341797,74.12999725341797,16151.0,CT=F,USX,NYM
2017-12-14,74.08999633789062,75.55999755859375,73.9000015258789,75.33000183105469,75.33000183105469,21761.0,CT=F,USX,NYM
2017-12-15,75.05999755859375,76.75,75.04000091552734,75.91999816894531,75.91999816894531,30467.0,CT=F,USX,NYM
2017-12-18,75.9800033569336,76.44999694824219,75.12999725341797,75.19999694824219,75.19999694824219,15719.0,CT=F,USX,NYM
2017-12-19,75.30000305175781,75.91999816894531,74.93000030517578,75.02999877929688,75.02999877929688,15357.0,CT=F,USX,NYM
2017-12-20,75.0,75.94999694824219,74.94999694824219,75.70999908447266,75.70999908447266,12087.0,CT=F,USX,NYM
2017-12-21,75.62999725341797,78.06999969482422,75.41000366210938,77.94000244140625,77.94000244140625,24539.0,CT=F,USX,NYM
2017-12-22,77.3499984741211,78.06999969482422,77.0,77.87000274658203,77.87000274658203,17795.0,CT=F,USX,NYM
2017-12-26,77.9000015258789,78.16000366210938,77.16999816894531,77.43000030517578,77.43000030517578,8623.0,CT=F,USX,NYM
2017-12-27,77.5,78.98999786376953,77.25,78.94999694824219,78.94999694824219,18514.0,CT=F,USX,NYM
2017-12-28,78.73999786376953,79.44999694824219,78.5999984741211,78.80000305175781,78.80000305175781,12897.0,CT=F,USX,NYM
2017-12-29,78.75,78.93000030517578,78.22000122070312,78.62999725341797,78.62999725341797,14101.0,CT=F,USX,NYM
2018-01-02,78.63999938964844,79.29000091552734,77.30000305175781,77.5,77.5,20981.0,CT=F,USX,NYM
2018-01-03,77.51000213623047,78.29000091552734,77.37000274658203,78.11000061035156,78.11000061035156,13372.0,CT=F,USX,NYM
2018-01-04,78.11000061035156,79.38999938964844,78.05999755859375,79.25,79.25,15374.0,CT=F,USX,NYM
2018-01-05,79.1500015258789,80.05000305175781,77.80999755859375,78.01000213623047,78.01000213623047,24676.0,CT=F,USX,NYM
2018-01-08,78.0999984741211,78.79000091552734,77.93000030517578,78.13999938964844,78.13999938964844,16891.0,CT=F,USX,NYM
2018-01-09,78.08000183105469,78.69999694824219,78.02999877929688,78.3499984741211,78.3499984741211,12810.0,CT=F,USX,NYM
2018-01-10,78.3499984741211,79.93000030517578,78.33000183105469,79.6500015258789,79.6500015258789,16686.0,CT=F,USX,NYM
2018-01-11,79.55000305175781,82.6500015258789,79.41999816894531,82.6500015258789,82.6500015258789,34198.0,CT=F,USX,NYM
2018-01-12,82.8499984741211,84.6500015258789,80.30000305175781,81.68000030517578,81.68000030517578,43200.0,CT=F,USX,NYM
2018-01-16,81.81999969482422,82.05000305175781,80.62000274658203,81.43000030517578,81.43000030517578,19313.0,CT=F,USX,NYM
2018-01-17,81.30000305175781,82.22000122070312,80.95999908447266,82.13999938964844,82.13999938964844,13635.0,CT=F,USX,NYM
2018-01-18,82.01000213623047,83.94000244140625,81.81999969482422,82.62999725341797,82.62999725341797,26971.0,CT=F,USX,NYM
2018-01-19,82.52999877929688,83.76000213623047,82.36000061035156,83.41999816894531,83.41999816894531,19303.0,CT=F,USX,NYM
2018-01-22,83.3499984741211,83.94999694824219,83.0,83.41000366210938,83.41000366210938,17156.0,CT=F,USX,NYM
2018-01-23,83.41999816894531,83.68000030517578,82.01000213623047,82.26000213623047,82.26000213623047,21793.0,CT=F,USX,NYM
2018-01-24,82.06999969482422,82.7300033569336,81.61000061035156,82.2699966430664,82.2699966430664,25404.0,CT=F,USX,NYM
2018-01-25,82.27999877929688,82.8499984741211,81.7699966430664,81.87999725341797,81.87999725341797,18011.0,CT=F,USX,NYM
2018-01-26,81.86000061035156,81.9800033569336,80.31999969482422,80.4800033569336,80.4800033569336,26965.0,CT=F,USX,NYM
2018-01-29,80.5199966430664,80.62000274658203,78.1500015258789,78.36000061035156,78.36000061035156,36663.0,CT=F,USX,NYM
2018-01-30,78.36000061035156,78.93000030517578,76.95999908447266,77.02999877929688,77.02999877929688,29236.0,CT=F,USX,NYM
2018-01-31,77.23999786376953,78.19999694824219,76.5199966430664,77.27999877929688,77.27999877929688,38453.0,CT=F,USX,NYM
2018-02-01,77.30000305175781,79.93000030517578,77.16000366210938,78.3499984741211,78.3499984741211,37574.0,CT=F,USX,NYM
2018-02-02,78.44999694824219,78.81999969482422,77.2300033569336,77.30000305175781,77.30000305175781,30885.0,CT=F,USX,NYM
2018-02-05,77.36000061035156,77.91000366210938,76.44999694824219,76.56999969482422,76.56999969482422,25997.0,CT=F,USX,NYM
2018-02-06,76.55000305175781,76.80000305175781,75.8499984741211,76.19000244140625,76.19000244140625,24696.0,CT=F,USX,NYM
2018-02-07,76.11000061035156,76.93000030517578,75.81999969482422,75.95999908447266,75.95999908447266,27161.0,CT=F,USX,NYM
2018-02-08,75.91000366210938,77.5199966430664,75.88999938964844,76.62000274658203,76.62000274658203,37960.0,CT=F,USX,NYM
2018-02-09,77.0,77.2699966430664,75.73999786376953,76.68000030517578,76.68000030517578,27401.0,CT=F,USX,NYM
2018-02-12,76.68000030517578,77.47000122070312,76.0999984741211,76.44999694824219,76.44999694824219,27908.0,CT=F,USX,NYM
2018-02-13,76.41000366210938,76.5,75.66000366210938,76.37999725341797,76.37999725341797,18895.0,CT=F,USX,NYM
2018-02-14,76.44999694824219,76.44999694824219,75.41000366210938,75.5999984741211,75.5999984741211,14711.0,CT=F,USX,NYM
2018-02-15,75.5999984741211,76.29000091552734,75.11000061035156,75.41000366210938,75.41000366210938,7781.0,CT=F,USX,NYM
2018-02-16,75.33999633789062,75.87000274658203,75.12999725341797,75.72000122070312,75.72000122070312,0.0,CT=F,USX,NYM
2018-02-20,75.69999694824219,78.30999755859375,75.5999984741211,77.51000213623047,77.51000213623047,8757.0,CT=F,USX,NYM
2018-02-21,77.5,79.0999984741211,77.44999694824219,78.91000366210938,78.91000366210938,7830.0,CT=F,USX,NYM
2018-02-22,78.8499984741211,81.33999633789062,78.41999816894531,80.54000091552734,80.54000091552734,257.0,CT=F,USX,NYM
2018-02-23,80.75,81.5,80.25,81.44999694824219,81.44999694824219,158.0,CT=F,USX,NYM
2018-02-26,81.75,81.75,80.55000305175781,81.69999694824219,81.69999694824219,34.0,CT=F,USX,NYM
2018-02-27,81.0,81.75,81.0,81.76000213623047,81.76000213623047,29.0,CT=F,USX,NYM
2018-02-28,81.75,81.75,81.5,81.6500015258789,81.6500015258789,21.0,CT=F,USX,NYM
2018-03-01,81.80000305175781,81.80000305175781,81.5,82.56999969482422,82.56999969482422,12.0,CT=F,USX,NYM
2018-03-02,82.69999694824219,82.69999694824219,82.5,82.72000122070312,82.72000122070312,59.0,CT=F,USX,NYM
2018-03-05,83.80999755859375,83.80999755859375,82.5999984741211,85.41000366210938,85.41000366210938,4.0,CT=F,USX,NYM
2018-03-06,87.75,87.75,85.20999908447266,83.83999633789062,83.83999633789062,19.0,CT=F,USX,NYM
2018-03-07,84.19999694824219,84.19999694824219,84.19999694824219,84.19999694824219,84.19999694824219,22478.0,CT=F,USX,NYM
2018-03-08,83.26000213623047,85.25,82.95999908447266,85.12000274658203,85.12000274658203,22263.0,CT=F,USX,NYM
2018-03-09,84.94000244140625,85.55000305175781,84.2300033569336,84.5199966430664,84.5199966430664,15189.0,CT=F,USX,NYM
2018-03-12,84.48999786376953,85.02999877929688,82.87999725341797,83.27999877929688,83.27999877929688,14497.0,CT=F,USX,NYM
2018-03-13,83.19000244140625,84.20999908447266,82.04000091552734,82.9800033569336,82.9800033569336,19947.0,CT=F,USX,NYM
2018-03-14,83.38999938964844,83.87000274658203,82.41000366210938,83.44000244140625,83.44000244140625,11018.0,CT=F,USX,NYM
2018-03-15,83.58999633789062,83.86000061035156,82.6500015258789,83.52999877929688,83.52999877929688,12456.0,CT=F,USX,NYM
2018-03-16,83.69999694824219,83.69999694824219,82.41999816894531,82.8499984741211,82.8499984741211,10030.0,CT=F,USX,NYM
2018-03-19,82.98999786376953,82.98999786376953,81.19000244140625,81.2300033569336,81.2300033569336,16728.0,CT=F,USX,NYM
2018-03-20,81.1500015258789,83.3499984741211,80.94999694824219,83.08000183105469,83.08000183105469,19576.0,CT=F,USX,NYM
2018-03-21,82.9800033569336,83.86000061035156,82.54000091552734,82.58999633789062,82.58999633789062,13920.0,CT=F,USX,NYM
2018-03-22,82.66000366210938,83.20999908447266,81.7699966430664,82.1500015258789,82.1500015258789,12699.0,CT=F,USX,NYM
2018-03-23,82.27999877929688,82.38999938964844,81.38999938964844,81.83000183105469,81.83000183105469,14903.0,CT=F,USX,NYM
2018-03-26,82.08000183105469,82.56999969482422,81.5,81.77999877929688,81.77999877929688,14523.0,CT=F,USX,NYM
2018-03-27,81.87999725341797,82.7699966430664,81.72000122070312,82.0199966430664,82.0199966430664,13131.0,CT=F,USX,NYM
2018-03-28,82.0,82.12999725341797,80.66999816894531,80.73999786376953,80.73999786376953,17420.0,CT=F,USX,NYM
2018-03-29,80.73999786376953,82.19999694824219,80.68000030517578,81.45999908447266,81.45999908447266,18621.0,CT=F,USX,NYM
2018-04-02,81.80000305175781,82.70999908447266,80.91999816894531,80.97000122070312,80.97000122070312,15144.0,CT=F,USX,NYM
2018-04-03,80.97000122070312,82.80999755859375,80.97000122070312,82.0199966430664,82.0199966430664,22369.0,CT=F,USX,NYM
2018-04-04,82.0999984741211,82.30999755859375,78.62000274658203,79.63999938964844,79.63999938964844,43856.0,CT=F,USX,NYM
2018-04-05,79.5,82.63999938964844,79.44999694824219,82.56999969482422,82.56999969482422,35612.0,CT=F,USX,NYM
2018-04-06,82.0,83.45999908447266,81.80000305175781,82.54000091552734,82.54000091552734,26500.0,CT=F,USX,NYM
2018-04-09,82.88999938964844,83.69000244140625,82.69999694824219,82.91000366210938,82.91000366210938,28417.0,CT=F,USX,NYM
2018-04-10,82.87999725341797,83.58999633789062,82.30999755859375,83.52999877929688,83.52999877929688,30865.0,CT=F,USX,NYM
2018-04-11,83.66000366210938,84.04000091552734,83.30999755859375,83.83000183105469,83.83000183105469,22891.0,CT=F,USX,NYM
2018-04-12,83.83000183105469,83.97000122070312,83.16999816894531,83.69000244140625,83.69000244140625,20127.0,CT=F,USX,NYM
2018-04-13,83.83000183105469,84.44999694824219,83.05999755859375,83.41000366210938,83.41000366210938,26393.0,CT=F,USX,NYM
2018-04-16,83.25,84.04000091552734,83.0,83.25,83.25,12700.0,CT=F,USX,NYM
2018-04-17,83.27999877929688,83.58000183105469,82.05999755859375,83.12999725341797,83.12999725341797,9763.0,CT=F,USX,NYM
2018-04-18,83.27999877929688,83.38999938964844,82.5,82.73999786376953,82.73999786376953,6160.0,CT=F,USX,NYM
2018-04-19,82.70999908447266,83.16000366210938,82.55999755859375,82.97000122070312,82.97000122070312,3536.0,CT=F,USX,NYM
2018-04-20,83.0,85.62999725341797,83.0,85.47000122070312,85.47000122070312,5827.0,CT=F,USX,NYM
2018-04-23,85.69999694824219,86.44000244140625,82.9000015258789,83.19000244140625,83.19000244140625,3444.0,CT=F,USX,NYM
2018-04-24,83.25,84.47000122070312,82.93000030517578,82.26000213623047,82.26000213623047,246.0,CT=F,USX,NYM
2018-04-25,83.16999816894531,84.56999969482422,82.88999938964844,84.76000213623047,84.76000213623047,19.0,CT=F,USX,NYM
2018-04-26,85.0,85.0,84.62999725341797,84.98999786376953,84.98999786376953,6.0,CT=F,USX,NYM
2018-04-27,85.33000183105469,85.33000183105469,85.33000183105469,85.33000183105469,85.33000183105469,0.0,CT=F,USX,NYM
2018-04-30,84.62999725341797,84.62999725341797,84.43000030517578,84.68000030517578,84.68000030517578,3.0,CT=F,USX,NYM
2018-05-01,84.66000366210938,85.30000305175781,84.66000366210938,85.12000274658203,85.12000274658203,17.0,CT=F,USX,NYM
2018-05-02,85.33000183105469,85.37999725341797,84.6500015258789,85.01000213623047,85.01000213623047,12.0,CT=F,USX,NYM
2018-05-03,84.75,84.8499984741211,84.75,84.44999694824219,84.44999694824219,5.0,CT=F,USX,NYM
2018-05-04,84.9000015258789,86.0,84.9000015258789,86.3499984741211,86.3499984741211,13.0,CT=F,USX,NYM
2018-05-07,87.69000244140625,87.69000244140625,86.6500015258789,85.98999786376953,85.98999786376953,3.0,CT=F,USX,NYM
2018-05-08,85.37999725341797,85.37999725341797,85.37999725341797,85.37999725341797,85.37999725341797,18277.0,CT=F,USX,NYM
2018-05-09,85.6500015258789,86.04000091552734,85.18000030517578,85.86000061035156,85.86000061035156,12916.0,CT=F,USX,NYM
2018-05-10,86.01000213623047,86.16999816894531,84.05000305175781,84.55999755859375,84.55999755859375,21069.0,CT=F,USX,NYM
2018-05-11,84.55999755859375,84.95999908447266,83.5,84.62000274658203,84.62000274658203,19111.0,CT=F,USX,NYM
2018-05-14,84.69999694824219,84.9000015258789,83.5,83.69999694824219,83.69999694824219,15145.0,CT=F,USX,NYM
2018-05-15,84.11000061035156,84.38999938964844,83.36000061035156,83.76000213623047,83.76000213623047,15675.0,CT=F,USX,NYM
2018-05-16,83.87999725341797,85.38999938964844,83.62999725341797,84.3499984741211,84.3499984741211,15890.0,CT=F,USX,NYM
2018-05-17,84.4800033569336,85.69000244140625,84.05000305175781,85.02999877929688,85.02999877929688,15148.0,CT=F,USX,NYM
2018-05-18,85.12000274658203,87.5999984741211,85.05000305175781,86.55000305175781,86.55000305175781,20707.0,CT=F,USX,NYM
2018-05-21,87.30000305175781,88.7300033569336,87.0999984741211,88.41999816894531,88.41999816894531,25290.0,CT=F,USX,NYM
2018-05-22,88.5999984741211,89.87999725341797,86.62999725341797,87.3499984741211,87.3499984741211,22417.0,CT=F,USX,NYM
2018-05-23,87.33999633789062,87.75,86.72000122070312,86.95999908447266,86.95999908447266,19700.0,CT=F,USX,NYM
2018-05-24,87.18000030517578,87.8499984741211,86.63999938964844,87.45999908447266,87.45999908447266,20915.0,CT=F,USX,NYM
2018-05-25,87.69000244140625,89.69000244140625,87.1500015258789,89.20999908447266,89.20999908447266,25564.0,CT=F,USX,NYM
2018-05-29,89.69000244140625,93.20999908447266,89.56999969482422,93.20999908447266,93.20999908447266,13547.0,CT=F,USX,NYM
2018-05-30,94.20999908447266,96.4000015258789,91.22000122070312,92.48999786376953,92.48999786376953,46735.0,CT=F,USX,NYM
2018-05-31,92.4800033569336,93.75,91.73999786376953,93.1500015258789,93.1500015258789,23262.0,CT=F,USX,NYM
2018-06-01,93.16000366210938,94.48999786376953,92.72000122070312,93.30000305175781,93.30000305175781,25665.0,CT=F,USX,NYM
2018-06-04,93.30000305175781,94.5199966430664,92.06999969482422,92.0999984741211,92.0999984741211,20224.0,CT=F,USX,NYM
2018-06-05,92.23999786376953,92.27999877929688,89.7300033569336,89.83999633789062,89.83999633789062,23560.0,CT=F,USX,NYM
2018-06-06,89.75,91.70999908447266,89.3499984741211,90.94999694824219,90.94999694824219,17261.0,CT=F,USX,NYM
2018-06-07,91.30000305175781,94.94999694824219,90.44999694824219,93.72000122070312,93.72000122070312,33503.0,CT=F,USX,NYM
2018-06-08,93.97000122070312,95.83999633789062,93.58999633789062,94.94000244140625,94.94000244140625,31101.0,CT=F,USX,NYM
2018-06-11,95.55000305175781,96.5,94.0,94.75,94.75,22047.0,CT=F,USX,NYM
2018-06-12,95.19000244140625,95.8499984741211,94.66999816894531,95.20999908447266,95.20999908447266,21458.0,CT=F,USX,NYM
2018-06-13,95.30000305175781,95.66000366210938,93.20999908447266,93.80999755859375,93.80999755859375,26904.0,CT=F,USX,NYM
2018-06-14,93.6500015258789,94.5,92.61000061035156,93.41000366210938,93.41000366210938,13682.0,CT=F,USX,NYM
2018-06-15,93.13999938964844,93.13999938964844,90.5,90.72000122070312,90.72000122070312,21715.0,CT=F,USX,NYM
2018-06-18,90.55000305175781,90.55000305175781,86.80000305175781,87.31999969482422,87.31999969482422,9387.0,CT=F,USX,NYM
2018-06-19,87.4000015258789,88.1500015258789,83.31999969482422,83.31999969482422,83.31999969482422,9421.0,CT=F,USX,NYM
2018-06-20,83.25,85.69999694824219,83.0999984741211,83.20999908447266,83.20999908447266,6148.0,CT=F,USX,NYM
2018-06-21,83.4000015258789,84.19999694824219,83.01000213623047,83.20999908447266,83.20999908447266,3585.0,CT=F,USX,NYM
2018-06-22,83.25,85.80000305175781,83.0999984741211,85.43000030517578,85.43000030517578,2639.0,CT=F,USX,NYM
2018-06-25,85.5,86.4800033569336,84.19999694824219,85.94000244140625,85.94000244140625,52.0,CT=F,USX,NYM
2018-06-26,85.79000091552734,86.31999969482422,84.08999633789062,85.04000091552734,85.04000091552734,12.0,CT=F,USX,NYM
2018-06-27,86.12000274658203,86.12000274658203,86.08000183105469,85.75,85.75,3.0,CT=F,USX,NYM
2018-06-28,85.6500015258789,85.6500015258789,85.1500015258789,84.93000030517578,84.93000030517578,13.0,CT=F,USX,NYM
2018-06-29,85.41000366210938,86.02999877929688,85.05999755859375,85.37999725341797,85.37999725341797,12.0,CT=F,USX,NYM
2018-07-02,84.44000244140625,84.44000244140625,84.44000244140625,84.5,84.5,51.0,CT=F,USX,NYM
2018-07-03,84.44000244140625,84.44000244140625,84.44000244140625,84.54000091552734,84.54000091552734,7.0,CT=F,USX,NYM
2018-07-05,84.44000244140625,84.44000244140625,83.7300033569336,83.7300033569336,83.7300033569336,17.0,CT=F,USX,NYM
2018-07-06,84.12000274658203,84.94999694824219,84.12000274658203,86.37999725341797,86.37999725341797,3.0,CT=F,USX,NYM
2018-07-09,87.16000366210938,87.16000366210938,87.16000366210938,87.16000366210938,87.16000366210938,26.0,CT=F,USX,NYM
2018-07-10,86.66000366210938,86.83000183105469,86.30999755859375,87.5,87.5,12.0,CT=F,USX,NYM
2018-07-11,86.58000183105469,86.58000183105469,85.20999908447266,85.23999786376953,85.23999786376953,61.0,CT=F,USX,NYM
2018-07-12,86.12999725341797,89.23999786376953,86.12999725341797,89.23999786376953,89.23999786376953,44.0,CT=F,USX,NYM
2018-07-13,89.75,89.88999938964844,88.0199966430664,88.9000015258789,88.9000015258789,54.0,CT=F,USX,NYM
2018-07-16,89.0,89.31999969482422,88.68000030517578,88.87999725341797,88.87999725341797,14.0,CT=F,USX,NYM
2018-07-17,88.66999816894531,89.3499984741211,87.94999694824219,89.19999694824219,89.19999694824219,30.0,CT=F,USX,NYM
2018-07-18,88.80000305175781,89.22000122070312,88.80000305175781,88.83000183105469,88.83000183105469,6.0,CT=F,USX,NYM
2018-07-19,88.80999755859375,88.80999755859375,88.30000305175781,88.30000305175781,88.30000305175781,12.0,CT=F,USX,NYM
2018-07-20,88.43000030517578,88.5199966430664,86.9000015258789,87.73999786376953,87.73999786376953,33.0,CT=F,USX,NYM
2018-07-23,87.47000122070312,87.62000274658203,87.23999786376953,87.47000122070312,87.47000122070312,5.0,CT=F,USX,NYM
2018-07-24,87.93000030517578,87.93000030517578,87.45999908447266,87.31999969482422,87.31999969482422,6.0,CT=F,USX,NYM
2018-07-25,88.91999816894531,89.37999725341797,88.61000061035156,88.80000305175781,88.80000305175781,27.0,CT=F,USX,NYM
2018-07-26,88.87999725341797,89.16999816894531,88.2300033569336,89.02999877929688,89.02999877929688,6.0,CT=F,USX,NYM
2018-07-27,89.05999755859375,89.05999755859375,89.05999755859375,89.05999755859375,89.05999755859375,0.0,CT=F,USX,NYM
2018-07-30,89.08000183105469,90.61000061035156,88.4800033569336,89.94999694824219,89.94999694824219,77.0,CT=F,USX,NYM
2018-07-31,90.44000244140625,90.56999969482422,90.30999755859375,90.27999877929688,90.27999877929688,5.0,CT=F,USX,NYM
2018-08-01,89.58999633789062,90.56999969482422,89.58999633789062,89.05999755859375,89.05999755859375,13.0,CT=F,USX,NYM
2018-08-02,88.87999725341797,89.26000213623047,88.66000366210938,89.44000244140625,89.44000244140625,17.0,CT=F,USX,NYM
2018-08-03,89.38999938964844,89.9000015258789,87.4000015258789,88.66999816894531,88.66999816894531,48.0,CT=F,USX,NYM
2018-08-06,87.87000274658203,88.54000091552734,87.62999725341797,88.69000244140625,88.69000244140625,33.0,CT=F,USX,NYM
2018-08-07,88.52999877929688,89.30999755859375,87.80999755859375,88.22000122070312,88.22000122070312,25.0,CT=F,USX,NYM
2018-08-08,88.08000183105469,88.08000183105469,87.48999786376953,87.38999938964844,87.38999938964844,11.0,CT=F,USX,NYM
2018-08-09,87.37999725341797,87.37999725341797,87.05000305175781,87.26000213623047,87.26000213623047,15.0,CT=F,USX,NYM
2018-08-10,87.66000366210938,87.81999969482422,85.5199966430664,85.86000061035156,85.86000061035156,62.0,CT=F,USX,NYM
2018-08-13,85.3499984741211,85.3499984741211,82.30999755859375,83.13999938964844,83.13999938964844,38.0,CT=F,USX,NYM
2018-08-14,82.77999877929688,83.5,82.66999816894531,83.41000366210938,83.41000366210938,10.0,CT=F,USX,NYM
2018-08-15,82.51000213623047,82.51000213623047,81.20999908447266,81.08000183105469,81.08000183105469,5.0,CT=F,USX,NYM
2018-08-16,81.5999984741211,82.3499984741211,81.55000305175781,82.12999725341797,82.12999725341797,27.0,CT=F,USX,NYM
2018-08-17,81.58000183105469,81.75,81.58000183105469,81.75,81.75,7.0,CT=F,USX,NYM
2018-08-20,83.0999984741211,83.0999984741211,83.0999984741211,83.0999984741211,83.0999984741211,1.0,CT=F,USX,NYM
2018-08-21,83.08000183105469,83.79000091552734,83.08000183105469,83.5,83.5,5.0,CT=F,USX,NYM
2018-08-22,83.73999786376953,83.73999786376953,83.2300033569336,82.5199966430664,82.5199966430664,4.0,CT=F,USX,NYM
2018-08-23,82.48999786376953,82.48999786376953,81.5,81.7300033569336,81.7300033569336,5.0,CT=F,USX,NYM
2018-08-24,81.95999908447266,82.72000122070312,81.95999908447266,81.80999755859375,81.80999755859375,10.0,CT=F,USX,NYM
2018-08-27,82.1500015258789,82.94999694824219,82.1500015258789,83.5199966430664,83.5199966430664,2.0,CT=F,USX,NYM
2018-08-28,83.13999938964844,83.9800033569336,83.12000274658203,83.80999755859375,83.80999755859375,18.0,CT=F,USX,NYM
2018-08-29,83.9800033569336,83.9800033569336,83.30000305175781,82.97000122070312,82.97000122070312,4.0,CT=F,USX,NYM
2018-08-30,82.9000015258789,82.9000015258789,82.08999633789062,82.41999816894531,82.41999816894531,15.0,CT=F,USX,NYM
2018-08-31,82.70999908447266,82.9800033569336,82.61000061035156,82.30999755859375,82.30999755859375,15.0,CT=F,USX,NYM
2018-09-04,82.69999694824219,83.0199966430664,81.5199966430664,82.77999877929688,82.77999877929688,12.0,CT=F,USX,NYM
2018-09-05,81.70999908447266,81.70999908447266,81.70999908447266,81.70999908447266,81.70999908447266,26.0,CT=F,USX,NYM
2018-09-06,81.61000061035156,81.97000122070312,81.5999984741211,81.37999725341797,81.37999725341797,12.0,CT=F,USX,NYM
2018-09-07,82.12999725341797,82.12999725341797,82.12999725341797,82.12999725341797,82.12999725341797,1.0,CT=F,USX,NYM
2018-09-10,83.1500015258789,83.81999969482422,83.1500015258789,83.93000030517578,83.93000030517578,9.0,CT=F,USX,NYM
2018-09-11,83.87999725341797,83.88999938964844,82.73999786376953,83.02999877929688,83.02999877929688,9.0,CT=F,USX,NYM
2018-09-12,83.4000015258789,83.4000015258789,83.4000015258789,82.76000213623047,82.76000213623047,1.0,CT=F,USX,NYM
2018-09-13,82.18000030517578,82.19999694824219,81.91000366210938,81.62000274658203,81.62000274658203,60.0,CT=F,USX,NYM
2018-09-14,81.9800033569336,82.08000183105469,81.73999786376953,81.9000015258789,81.9000015258789,8.0,CT=F,USX,NYM
2018-09-17,81.94000244140625,82.33999633789062,81.94000244140625,81.51000213623047,81.51000213623047,19.0,CT=F,USX,NYM
2018-09-18,82.01000213623047,82.01000213623047,79.16999816894531,79.1500015258789,79.1500015258789,37.0,CT=F,USX,NYM
2018-09-19,79.38999938964844,80.06999969482422,79.30000305175781,79.62999725341797,79.62999725341797,6.0,CT=F,USX,NYM
2018-09-20,79.55999755859375,79.91999816894531,78.23999786376953,79.06999969482422,79.06999969482422,38.0,CT=F,USX,NYM
2018-09-21,79.18000030517578,79.44000244140625,79.0999984741211,79.27999877929688,79.27999877929688,5.0,CT=F,USX,NYM
2018-09-24,78.7300033569336,78.7300033569336,78.7300033569336,78.7300033569336,78.7300033569336,0.0,CT=F,USX,NYM
2018-09-25,80.0,80.19999694824219,80.0,80.41000366210938,80.41000366210938,2.0,CT=F,USX,NYM
2018-09-26,79.0,79.0,79.0,79.0,79.0,0.0,CT=F,USX,NYM
2018-09-27,78.12000274658203,78.12000274658203,78.12000274658203,78.12000274658203,78.12000274658203,0.0,CT=F,USX,NYM
2018-09-28,76.76000213623047,76.76000213623047,76.76000213623047,76.76000213623047,76.76000213623047,0.0,CT=F,USX,NYM
2018-10-01,76.77999877929688,76.77999877929688,76.77999877929688,76.69999694824219,76.69999694824219,1.0,CT=F,USX,NYM
2018-10-02,76.58000183105469,76.58000183105469,76.58000183105469,76.58000183105469,76.58000183105469,0.0,CT=F,USX,NYM
2018-10-03,76.8499984741211,76.8499984741211,76.8499984741211,76.8499984741211,76.8499984741211,0.0,CT=F,USX,NYM
2018-10-04,76.38999938964844,76.38999938964844,76.38999938964844,76.38999938964844,76.38999938964844,0.0,CT=F,USX,NYM
2018-10-05,76.48999786376953,76.48999786376953,76.48999786376953,76.48999786376953,76.48999786376953,0.0,CT=F,USX,NYM
2018-10-08,77.94000244140625,77.94000244140625,77.94000244140625,77.94000244140625,77.94000244140625,0.0,CT=F,USX,NYM
2018-10-09,77.4000015258789,77.4000015258789,77.4000015258789,77.4000015258789,77.4000015258789,16131.0,CT=F,USX,NYM
2018-10-10,77.01000213623047,77.56999969482422,76.48999786376953,76.80000305175781,76.80000305175781,14968.0,CT=F,USX,NYM
2018-10-11,76.87000274658203,77.76000213623047,76.1500015258789,76.80999755859375,76.80999755859375,18575.0,CT=F,USX,NYM
2018-10-12,76.87999725341797,78.87999725341797,76.87999725341797,78.37000274658203,78.37000274658203,18051.0,CT=F,USX,NYM
2018-10-15,78.69999694824219,79.16000366210938,77.8499984741211,78.72000122070312,78.72000122070312,15163.0,CT=F,USX,NYM
2018-10-16,78.93000030517578,79.0,78.25,78.33000183105469,78.33000183105469,13539.0,CT=F,USX,NYM
2018-10-17,78.44999694824219,78.5999984741211,77.66000366210938,77.91999816894531,77.91999816894531,11790.0,CT=F,USX,NYM
2018-10-18,77.91999816894531,78.4000015258789,77.33000183105469,78.05000305175781,78.05000305175781,14282.0,CT=F,USX,NYM
2018-10-19,78.1500015258789,78.1500015258789,77.5199966430664,77.91999816894531,77.91999816894531,11714.0,CT=F,USX,NYM
2018-10-22,77.8499984741211,80.13999938964844,77.76000213623047,80.0199966430664,80.0199966430664,23655.0,CT=F,USX,NYM
2018-10-23,80.0,80.0,78.18000030517578,78.98999786376953,78.98999786376953,22824.0,CT=F,USX,NYM
2018-10-24,79.02999877929688,79.5,77.0,77.06999969482422,77.06999969482422,22829.0,CT=F,USX,NYM
2018-10-25,77.06999969482422,77.75,76.13999938964844,77.68000030517578,77.68000030517578,21715.0,CT=F,USX,NYM
2018-10-26,77.88999938964844,78.7300033569336,77.11000061035156,78.52999877929688,78.52999877929688,15186.0,CT=F,USX,NYM
2018-10-29,78.83000183105469,79.5999984741211,77.05999755859375,77.16999816894531,77.16999816894531,12938.0,CT=F,USX,NYM
2018-10-30,77.11000061035156,77.5,76.55000305175781,76.9000015258789,76.9000015258789,10681.0,CT=F,USX,NYM
2018-10-31,76.7699966430664,77.04000091552734,76.48999786376953,76.86000061035156,76.86000061035156,13106.0,CT=F,USX,NYM
2018-11-01,77.06999969482422,79.5999984741211,76.52999877929688,79.02999877929688,79.02999877929688,35132.0,CT=F,USX,NYM
2018-11-02,79.02999877929688,79.77999877929688,78.30000305175781,78.79000091552734,78.79000091552734,16005.0,CT=F,USX,NYM
2018-11-05,78.88999938964844,79.4000015258789,78.29000091552734,78.87000274658203,78.87000274658203,17763.0,CT=F,USX,NYM
2018-11-06,78.94999694824219,79.16999816894531,76.83000183105469,77.43000030517578,77.43000030517578,31382.0,CT=F,USX,NYM
2018-11-07,77.36000061035156,79.7699966430664,77.19999694824219,78.95999908447266,78.95999908447266,30683.0,CT=F,USX,NYM
2018-11-08,79.06999969482422,80.5,78.69999694824219,79.01000213623047,79.01000213623047,29323.0,CT=F,USX,NYM
2018-11-09,79.01000213623047,79.19000244140625,77.19999694824219,78.08999633789062,78.08999633789062,36792.0,CT=F,USX,NYM
2018-11-12,78.08999633789062,78.11000061035156,76.33999633789062,76.37999725341797,76.37999725341797,24506.0,CT=F,USX,NYM
2018-11-13,76.37999725341797,76.81999969482422,75.62000274658203,75.86000061035156,75.86000061035156,21318.0,CT=F,USX,NYM
2018-11-14,76.08000183105469,76.79000091552734,75.86000061035156,76.38999938964844,76.38999938964844,18349.0,CT=F,USX,NYM
2018-11-15,76.44999694824219,76.87000274658203,75.8499984741211,76.25,76.25,14328.0,CT=F,USX,NYM
2018-11-16,76.25,77.25,76.0,76.12000274658203,76.12000274658203,12126.0,CT=F,USX,NYM
2018-11-19,76.41999816894531,76.87999725341797,75.58000183105469,75.87999725341797,75.87999725341797,10480.0,CT=F,USX,NYM
2018-11-20,75.79000091552734,76.19000244140625,75.22000122070312,75.2699966430664,75.2699966430664,10575.0,CT=F,USX,NYM
2018-11-21,75.30000305175781,77.19999694824219,75.11000061035156,76.51000213623047,76.51000213623047,11342.0,CT=F,USX,NYM
2018-11-23,76.4000015258789,76.4000015258789,74.86000061035156,74.91999816894531,74.91999816894531,3703.0,CT=F,USX,NYM
2018-11-26,75.22000122070312,77.36000061035156,75.19000244140625,77.4000015258789,77.4000015258789,343.0,CT=F,USX,NYM
2018-11-27,77.08999633789062,77.12999725341797,76.5,76.7699966430664,76.7699966430664,210.0,CT=F,USX,NYM
2018-11-28,77.36000061035156,77.8499984741211,77.33000183105469,77.76000213623047,77.76000213623047,222.0,CT=F,USX,NYM
2018-11-29,78.11000061035156,78.11000061035156,76.44999694824219,76.63999938964844,76.63999938964844,88.0,CT=F,USX,NYM
2018-11-30,77.94000244140625,77.94000244140625,77.79000091552734,77.16000366210938,77.16000366210938,72.0,CT=F,USX,NYM
2018-12-03,80.0,80.0,79.9000015258789,78.91000366210938,78.91000366210938,16.0,CT=F,USX,NYM
2018-12-04,79.22000122070312,79.25,78.44999694824219,78.7699966430664,78.7699966430664,20.0,CT=F,USX,NYM
2018-12-06,78.0199966430664,78.0199966430664,78.0199966430664,78.0199966430664,78.0199966430664,22141.0,CT=F,USX,NYM
2018-12-07,78.9000015258789,80.93000030517578,78.80000305175781,80.2300033569336,80.2300033569336,19461.0,CT=F,USX,NYM
2018-12-10,80.3499984741211,80.5999984741211,79.3499984741211,79.87999725341797,79.87999725341797,11456.0,CT=F,USX,NYM
2018-12-11,79.87999725341797,80.66000366210938,79.11000061035156,80.0199966430664,80.0199966430664,14248.0,CT=F,USX,NYM
2018-12-12,80.13999938964844,80.30000305175781,79.56999969482422,79.97000122070312,79.97000122070312,9776.0,CT=F,USX,NYM
2018-12-13,79.94000244140625,79.97000122070312,78.94999694824219,79.41000366210938,79.41000366210938,13158.0,CT=F,USX,NYM
2018-12-14,79.4000015258789,79.94000244140625,78.62000274658203,79.5999984741211,79.5999984741211,10297.0,CT=F,USX,NYM
2018-12-17,79.20999908447266,79.80000305175781,77.9000015258789,78.54000091552734,78.54000091552734,15076.0,CT=F,USX,NYM
2018-12-18,78.4000015258789,78.6500015258789,77.76000213623047,77.8499984741211,77.8499984741211,14419.0,CT=F,USX,NYM
2018-12-19,77.76000213623047,78.02999877929688,76.62999725341797,76.70999908447266,76.70999908447266,18118.0,CT=F,USX,NYM
2018-12-20,76.66999816894531,77.44000244140625,75.0199966430664,75.05999755859375,75.05999755859375,24813.0,CT=F,USX,NYM
2018-12-21,75.05999755859375,75.5999984741211,73.06999969482422,73.18000030517578,73.18000030517578,24738.0,CT=F,USX,NYM
2018-12-24,73.80000305175781,74.0,72.4000015258789,72.55000305175781,72.55000305175781,14458.0,CT=F,USX,NYM
2018-12-26,72.69999694824219,73.54000091552734,72.1500015258789,73.5,73.5,10452.0,CT=F,USX,NYM
2018-12-27,73.80000305175781,74.18000030517578,71.87000274658203,72.05999755859375,72.05999755859375,16933.0,CT=F,USX,NYM
2018-12-28,72.05000305175781,72.87000274658203,72.05000305175781,72.19000244140625,72.19000244140625,11409.0,CT=F,USX,NYM
2018-12-31,72.25,72.86000061035156,72.0999984741211,72.19999694824219,72.19999694824219,9085.0,CT=F,USX,NYM
2019-01-02,72.30000305175781,72.58999633789062,70.76000213623047,70.83999633789062,70.83999633789062,18923.0,CT=F,USX,NYM
2019-01-03,70.83000183105469,72.0,70.6500015258789,70.83000183105469,70.83000183105469,14610.0,CT=F,USX,NYM
2019-01-04,71.0,73.37000274658203,70.93000030517578,72.5199966430664,72.5199966430664,19774.0,CT=F,USX,NYM
2019-01-07,72.5199966430664,73.91999816894531,72.4800033569336,72.75,72.75,14287.0,CT=F,USX,NYM
2019-01-08,72.80999755859375,73.8499984741211,71.54000091552734,71.66999816894531,71.66999816894531,17142.0,CT=F,USX,NYM
2019-01-09,71.63999938964844,73.63999938964844,71.63999938964844,73.12999725341797,73.12999725341797,16726.0,CT=F,USX,NYM
2019-01-10,73.19999694824219,73.81999969482422,72.44000244140625,72.8499984741211,72.8499984741211,14447.0,CT=F,USX,NYM
2019-01-11,72.80000305175781,73.25,72.33999633789062,72.48999786376953,72.48999786376953,12850.0,CT=F,USX,NYM
2019-01-14,72.5999984741211,73.58000183105469,72.43000030517578,72.98999786376953,72.98999786376953,11234.0,CT=F,USX,NYM
2019-01-15,73.0199966430664,73.45999908447266,72.25,72.36000061035156,72.36000061035156,12598.0,CT=F,USX,NYM
2019-01-16,72.30000305175781,73.55999755859375,72.20999908447266,73.2699966430664,73.2699966430664,14341.0,CT=F,USX,NYM
2019-01-17,73.20999908447266,74.5999984741211,73.20999908447266,74.37000274658203,74.37000274658203,13742.0,CT=F,USX,NYM
2019-01-18,74.37000274658203,74.66000366210938,73.76000213623047,73.88999938964844,73.88999938964844,12577.0,CT=F,USX,NYM
2019-01-22,74.0,74.29000091552734,72.75,73.12999725341797,73.12999725341797,16729.0,CT=F,USX,NYM
2019-01-23,73.12999725341797,74.27999877929688,72.9800033569336,73.5199966430664,73.5199966430664,12432.0,CT=F,USX,NYM
2019-01-24,73.51000213623047,73.91000366210938,73.02999877929688,73.13999938964844,73.13999938964844,10129.0,CT=F,USX,NYM
2019-01-25,73.25,74.23999786376953,73.25,74.12999725341797,74.12999725341797,13846.0,CT=F,USX,NYM
2019-01-28,74.0,74.12999725341797,73.1500015258789,73.8499984741211,73.8499984741211,11814.0,CT=F,USX,NYM
2019-01-29,73.66000366210938,74.44999694824219,73.5,74.1500015258789,74.1500015258789,15274.0,CT=F,USX,NYM
2019-01-30,74.13999938964844,74.55000305175781,73.76000213623047,74.36000061035156,74.36000061035156,16901.0,CT=F,USX,NYM
2019-01-31,74.16000366210938,74.8499984741211,74.0,74.4000015258789,74.4000015258789,26336.0,CT=F,USX,NYM
2019-02-01,74.44999694824219,74.7300033569336,73.55999755859375,73.63999938964844,73.63999938964844,15855.0,CT=F,USX,NYM
2019-02-04,73.75,73.87000274658203,72.66000366210938,72.76000213623047,72.76000213623047,22446.0,CT=F,USX,NYM
2019-02-05,72.77999877929688,73.73999786376953,72.6500015258789,73.4000015258789,73.4000015258789,16326.0,CT=F,USX,NYM
2019-02-06,73.4000015258789,74.11000061035156,73.0999984741211,73.66000366210938,73.66000366210938,20600.0,CT=F,USX,NYM
2019-02-07,73.5999984741211,73.86000061035156,72.4800033569336,72.80999755859375,72.80999755859375,25564.0,CT=F,USX,NYM
2019-02-08,72.66000366210938,73.01000213623047,72.44999694824219,72.55000305175781,72.55000305175781,22138.0,CT=F,USX,NYM
2019-02-11,72.48999786376953,72.70999908447266,70.30000305175781,70.55000305175781,70.55000305175781,33763.0,CT=F,USX,NYM
2019-02-12,70.62000274658203,70.93000030517578,69.72000122070312,69.77999877929688,69.77999877929688,22365.0,CT=F,USX,NYM
2019-02-13,69.8499984741211,70.62000274658203,69.6500015258789,69.86000061035156,69.86000061035156,20329.0,CT=F,USX,NYM
2019-02-14,69.95999908447266,70.38999938964844,69.52999877929688,70.12999725341797,70.12999725341797,15191.0,CT=F,USX,NYM
2019-02-15,70.27999877929688,70.5,69.70999908447266,70.22000122070312,70.22000122070312,10072.0,CT=F,USX,NYM
2019-02-19,70.22000122070312,71.08999633789062,70.19999694824219,70.41000366210938,70.41000366210938,12345.0,CT=F,USX,NYM
2019-02-20,70.30000305175781,70.8499984741211,70.19999694824219,70.27999877929688,70.27999877929688,8618.0,CT=F,USX,NYM
2019-02-21,70.37000274658203,72.30000305175781,70.05000305175781,72.19000244140625,72.19000244140625,5409.0,CT=F,USX,NYM
2019-02-22,72.41999816894531,72.98999786376953,71.0,71.83999633789062,71.83999633789062,138.0,CT=F,USX,NYM
2019-02-25,72.19999694824219,72.54000091552734,72.05999755859375,71.93000030517578,71.93000030517578,55.0,CT=F,USX,NYM
2019-02-26,72.2699966430664,72.2699966430664,71.16000366210938,70.8499984741211,70.8499984741211,33.0,CT=F,USX,NYM
2019-02-27,71.25,71.2699966430664,71.25,71.19000244140625,71.19000244140625,6.0,CT=F,USX,NYM
2019-02-28,71.80000305175781,71.80000305175781,71.80000305175781,71.73999786376953,71.73999786376953,8.0,CT=F,USX,NYM
2019-03-01,72.33999633789062,72.33999633789062,71.4000015258789,72.7300033569336,72.7300033569336,9.0,CT=F,USX,NYM
2019-03-04,72.97000122070312,72.9800033569336,72.4800033569336,71.97000122070312,71.97000122070312,5.0,CT=F,USX,NYM
2019-03-05,72.7300033569336,72.7300033569336,72.62000274658203,73.44999694824219,73.44999694824219,4.0,CT=F,USX,NYM
2019-03-06,73.05000305175781,73.05000305175781,73.05000305175781,73.05000305175781,73.05000305175781,0.0,CT=F,USX,NYM
2019-03-07,72.12999725341797,72.12999725341797,72.12999725341797,71.9000015258789,71.9000015258789,17142.0,CT=F,USX,NYM
2019-03-08,73.13999938964844,73.7699966430664,72.51000213623047,73.48999786376953,73.48999786376953,14477.0,CT=F,USX,NYM
2019-03-11,73.37000274658203,73.8499984741211,73.05000305175781,73.19999694824219,73.19999694824219,11344.0,CT=F,USX,NYM
2019-03-12,73.0999984741211,75.0,73.0999984741211,74.8499984741211,74.8499984741211,22548.0,CT=F,USX,NYM
2019-03-13,74.94000244140625,75.9800033569336,74.72000122070312,75.72000122070312,75.72000122070312,22677.0,CT=F,USX,NYM
2019-03-14,75.69999694824219,75.87999725341797,74.0199966430664,74.30000305175781,74.30000305175781,19153.0,CT=F,USX,NYM
2019-03-15,74.30000305175781,75.83000183105469,74.27999877929688,75.5,75.5,14096.0,CT=F,USX,NYM
2019-03-18,75.4000015258789,75.91000366210938,74.88999938964844,75.2699966430664,75.2699966430664,12739.0,CT=F,USX,NYM
2019-03-19,75.22000122070312,76.3499984741211,75.20999908447266,75.6500015258789,75.6500015258789,17287.0,CT=F,USX,NYM
2019-03-20,75.52999877929688,75.87999725341797,75.1500015258789,75.5,75.5,11184.0,CT=F,USX,NYM
2019-03-21,75.69000244140625,77.81999969482422,75.37000274658203,77.18000030517578,77.18000030517578,24839.0,CT=F,USX,NYM
2019-03-22,77.0,77.58999633789062,76.05000305175781,76.58000183105469,76.58000183105469,18916.0,CT=F,USX,NYM
2019-03-25,76.69999694824219,77.7699966430664,76.16999816894531,77.7300033569336,77.7300033569336,18749.0,CT=F,USX,NYM
2019-03-26,77.62999725341797,77.9800033569336,77.41999816894531,77.88999938964844,77.88999938964844,14679.0,CT=F,USX,NYM
2019-03-27,77.75,77.7699966430664,76.58999633789062,76.94999694824219,76.94999694824219,16692.0,CT=F,USX,NYM
2019-03-28,76.94999694824219,77.1500015258789,75.5199966430664,75.87000274658203,75.87000274658203,16636.0,CT=F,USX,NYM
2019-03-29,75.9000015258789,77.80000305175781,75.72000122070312,77.61000061035156,77.61000061035156,20337.0,CT=F,USX,NYM
2019-04-01,77.7300033569336,77.87999725341797,77.18000030517578,77.36000061035156,77.36000061035156,17584.0,CT=F,USX,NYM
2019-04-02,77.2699966430664,77.37000274658203,76.47000122070312,77.2699966430664,77.2699966430664,15142.0,CT=F,USX,NYM
2019-04-03,77.2699966430664,77.93000030517578,76.91000366210938,77.05000305175781,77.05000305175781,15407.0,CT=F,USX,NYM
2019-04-04,76.8499984741211,77.80000305175781,76.8499984741211,77.31999969482422,77.31999969482422,14261.0,CT=F,USX,NYM
2019-04-05,77.31999969482422,78.4800033569336,77.05000305175781,78.25,78.25,22971.0,CT=F,USX,NYM
2019-04-08,78.38999938964844,79.08000183105469,77.8499984741211,78.91999816894531,78.91999816894531,28062.0,CT=F,USX,NYM
2019-04-09,78.87999725341797,79.30999755859375,77.56999969482422,78.08999633789062,78.08999633789062,31732.0,CT=F,USX,NYM
2019-04-10,78.18000030517578,78.3499984741211,77.31999969482422,77.62000274658203,77.62000274658203,22494.0,CT=F,USX,NYM
2019-04-11,77.7699966430664,77.94000244140625,76.86000061035156,76.9800033569336,76.9800033569336,26656.0,CT=F,USX,NYM
2019-04-12,76.9800033569336,78.6500015258789,76.87999725341797,78.11000061035156,78.11000061035156,21717.0,CT=F,USX,NYM
2019-04-15,78.13999938964844,78.43000030517578,75.69999694824219,76.48999786376953,76.48999786376953,14478.0,CT=F,USX,NYM
2019-04-16,76.48999786376953,78.22000122070312,76.48999786376953,77.94000244140625,77.94000244140625,8922.0,CT=F,USX,NYM
2019-04-17,77.94000244140625,78.44000244140625,77.5,78.11000061035156,78.11000061035156,6652.0,CT=F,USX,NYM
2019-04-18,78.31999969482422,78.31999969482422,77.02999877929688,77.30999755859375,77.30999755859375,4677.0,CT=F,USX,NYM
2019-04-22,77.6500015258789,77.86000061035156,77.0,77.19000244140625,77.19000244140625,4322.0,CT=F,USX,NYM
2019-04-23,77.0999984741211,77.0999984741211,76.11000061035156,76.56999969482422,76.56999969482422,2695.0,CT=F,USX,NYM
2019-04-24,76.4000015258789,76.4000015258789,75.8499984741211,75.7699966430664,75.7699966430664,43.0,CT=F,USX,NYM
2019-04-25,76.30000305175781,76.5,76.30000305175781,76.97000122070312,76.97000122070312,21.0,CT=F,USX,NYM
2019-04-26,76.58000183105469,76.58000183105469,76.54000091552734,76.75,76.75,2.0,CT=F,USX,NYM
2019-04-29,76.06999969482422,76.1500015258789,76.06999969482422,76.12999725341797,76.12999725341797,26.0,CT=F,USX,NYM
2019-04-30,75.9800033569336,75.9800033569336,75.9800033569336,75.9800033569336,75.9800033569336,3.0,CT=F,USX,NYM
2019-05-01,75.45999908447266,75.45999908447266,75.45999908447266,75.91000366210938,75.91000366210938,1.0,CT=F,USX,NYM
2019-05-02,75.6500015258789,75.6500015258789,74.9800033569336,74.6500015258789,74.6500015258789,4.0,CT=F,USX,NYM
2019-05-03,74.77999877929688,74.77999877929688,74.77999877929688,74.77999877929688,74.77999877929688,0.0,CT=F,USX,NYM
2019-05-06,73.19999694824219,73.19999694824219,72.4000015258789,72.6500015258789,72.6500015258789,2.0,CT=F,USX,NYM
2019-05-07,72.9000015258789,72.9000015258789,72.2699966430664,72.27999877929688,72.27999877929688,2.0,CT=F,USX,NYM
2019-05-08,72.0,72.0,72.0,71.44999694824219,71.44999694824219,28039.0,CT=F,USX,NYM
2019-05-09,72.19999694824219,72.33999633789062,69.63999938964844,70.2300033569336,70.2300033569336,34573.0,CT=F,USX,NYM
2019-05-10,70.30999755859375,71.5199966430664,68.3499984741211,68.44999694824219,68.44999694824219,26951.0,CT=F,USX,NYM
2019-05-13,68.5,68.58999633789062,65.44999694824219,65.44999694824219,65.44999694824219,32758.0,CT=F,USX,NYM
2019-05-14,65.8499984741211,67.1500015258789,64.5,66.76000213623047,66.76000213623047,28629.0,CT=F,USX,NYM
2019-05-15,66.80000305175781,67.2699966430664,65.79000091552734,66.3499984741211,66.3499984741211,18427.0,CT=F,USX,NYM
2019-05-16,66.33000183105469,67.16999816894531,66.33000183105469,66.80000305175781,66.80000305175781,13732.0,CT=F,USX,NYM
2019-05-17,66.66000366210938,66.80000305175781,65.83000183105469,65.98999786376953,65.98999786376953,12236.0,CT=F,USX,NYM
2019-05-20,66.1500015258789,67.98999786376953,65.8499984741211,67.91000366210938,67.91000366210938,17056.0,CT=F,USX,NYM
2019-05-21,68.0,68.23999786376953,67.01000213623047,67.31999969482422,67.31999969482422,14216.0,CT=F,USX,NYM
2019-05-22,67.33000183105469,67.44999694824219,66.12000274658203,66.75,66.75,11000.0,CT=F,USX,NYM
2019-05-23,66.75,68.22000122070312,66.51000213623047,67.4800033569336,67.4800033569336,14727.0,CT=F,USX,NYM
2019-05-24,67.3499984741211,68.58999633789062,67.3499984741211,68.38999938964844,68.38999938964844,13417.0,CT=F,USX,NYM
2019-05-28,68.45999908447266,69.5,68.45999908447266,69.47000122070312,69.47000122070312,17323.0,CT=F,USX,NYM
2019-05-29,69.66000366210938,69.80999755859375,68.61000061035156,69.05999755859375,69.05999755859375,14394.0,CT=F,USX,NYM
2019-05-30,68.80999755859375,69.5,68.18000030517578,69.33999633789062,69.33999633789062,12082.0,CT=F,USX,NYM
2019-05-31,69.4800033569336,69.69000244140625,68.0,68.08000183105469,68.08000183105469,13822.0,CT=F,USX,NYM
2019-06-03,68.19999694824219,69.54000091552734,66.9000015258789,69.41999816894531,69.41999816894531,29977.0,CT=F,USX,NYM
2019-06-04,69.91000366210938,69.91000366210938,68.4800033569336,68.97000122070312,68.97000122070312,24464.0,CT=F,USX,NYM
2019-06-05,69.30000305175781,69.62000274658203,68.41999816894531,68.73999786376953,68.73999786376953,16640.0,CT=F,USX,NYM
2019-06-06,68.63999938964844,68.72000122070312,67.4800033569336,68.58999633789062,68.58999633789062,16514.0,CT=F,USX,NYM
2019-06-07,68.58999633789062,68.72000122070312,65.58999633789062,65.58999633789062,65.58999633789062,31251.0,CT=F,USX,NYM
2019-06-10,65.6500015258789,66.5,64.8499984741211,65.98999786376953,65.98999786376953,32585.0,CT=F,USX,NYM
2019-06-11,66.13999938964844,66.36000061035156,65.29000091552734,65.6500015258789,65.6500015258789,21366.0,CT=F,USX,NYM
2019-06-12,65.66000366210938,66.94999694824219,65.43000030517578,66.56999969482422,66.56999969482422,24617.0,CT=F,USX,NYM
2019-06-13,66.56999969482422,67.5199966430664,66.04000091552734,66.83000183105469,66.83000183105469,19727.0,CT=F,USX,NYM
2019-06-14,66.83999633789062,66.95999908447266,65.9000015258789,65.94000244140625,65.94000244140625,13798.0,CT=F,USX,NYM
2019-06-17,66.02999877929688,66.5,65.31999969482422,65.62999725341797,65.62999725341797,12302.0,CT=F,USX,NYM
2019-06-18,65.62999725341797,66.98999786376953,64.97000122070312,65.31999969482422,65.31999969482422,9666.0,CT=F,USX,NYM
2019-06-19,65.48999786376953,66.30000305175781,65.31999969482422,65.37999725341797,65.37999725341797,6695.0,CT=F,USX,NYM
2019-06-20,65.31999969482422,65.80000305175781,62.380001068115234,63.209999084472656,63.209999084472656,7572.0,CT=F,USX,NYM
2019-06-21,63.349998474121094,64.0,60.27000045776367,61.189998626708984,61.189998626708984,2659.0,CT=F,USX,NYM
2019-06-24,61.75,62.790000915527344,61.75,62.29999923706055,62.29999923706055,154.0,CT=F,USX,NYM
2019-06-25,62.43000030517578,62.54999923706055,61.79999923706055,62.20000076293945,62.20000076293945,106.0,CT=F,USX,NYM
2019-06-26,64.45999908447266,64.45999908447266,64.45999908447266,63.4900016784668,63.4900016784668,17.0,CT=F,USX,NYM
2019-06-27,62.380001068115234,64.29000091552734,62.0,62.9900016784668,62.9900016784668,24.0,CT=F,USX,NYM
2019-06-28,63.599998474121094,63.599998474121094,63.599998474121094,63.150001525878906,63.150001525878906,3.0,CT=F,USX,NYM
2019-07-01,66.2300033569336,66.2300033569336,66.2300033569336,63.16999816894531,63.16999816894531,2.0,CT=F,USX,NYM
2019-07-02,63.77000045776367,63.77000045776367,63.77000045776367,63.77000045776367,63.77000045776367,0.0,CT=F,USX,NYM
2019-07-03,63.75,63.75,63.75,63.75,63.75,0.0,CT=F,USX,NYM
2019-07-05,65.56999969482422,65.56999969482422,62.93000030517578,63.439998626708984,63.439998626708984,2.0,CT=F,USX,NYM
2019-07-08,62.33000183105469,62.33000183105469,62.33000183105469,62.33000183105469,62.33000183105469,0.0,CT=F,USX,NYM
2019-07-09,60.22999954223633,60.22999954223633,60.22999954223633,60.22999954223633,60.22999954223633,53.0,CT=F,USX,NYM
2019-07-10,62.869998931884766,63.79999923706055,62.869998931884766,63.540000915527344,63.540000915527344,43.0,CT=F,USX,NYM
2019-07-11,63.630001068115234,63.75,62.56999969482422,62.88999938964844,62.88999938964844,32.0,CT=F,USX,NYM
2019-07-12,63.220001220703125,63.220001220703125,62.36000061035156,62.36000061035156,62.36000061035156,25.0,CT=F,USX,NYM
2019-07-15,62.650001525878906,63.68000030517578,62.119998931884766,63.70000076293945,63.70000076293945,35.0,CT=F,USX,NYM
2019-07-16,63.2400016784668,63.380001068115234,62.25,62.33000183105469,62.33000183105469,29.0,CT=F,USX,NYM
2019-07-17,62.25,62.439998626708984,61.540000915527344,61.88999938964844,61.88999938964844,13.0,CT=F,USX,NYM
2019-07-18,61.599998474121094,61.599998474121094,60.779998779296875,60.779998779296875,60.779998779296875,34.0,CT=F,USX,NYM
2019-07-19,60.959999084472656,62.31999969482422,60.959999084472656,62.25,62.25,32.0,CT=F,USX,NYM
2019-07-22,62.70000076293945,63.709999084472656,62.63999938964844,62.790000915527344,62.790000915527344,66.0,CT=F,USX,NYM
2019-07-23,62.790000915527344,63.25,62.52000045776367,63.290000915527344,63.290000915527344,10.0,CT=F,USX,NYM
2019-07-24,63.529998779296875,64.16999816894531,63.529998779296875,63.88999938964844,63.88999938964844,17.0,CT=F,USX,NYM
2019-07-25,63.97999954223633,64.30000305175781,63.599998474121094,63.810001373291016,63.810001373291016,18.0,CT=F,USX,NYM
2019-07-26,63.81999969482422,63.81999969482422,63.45000076293945,64.23999786376953,64.23999786376953,8.0,CT=F,USX,NYM
2019-07-29,63.529998779296875,63.65999984741211,62.810001373291016,63.77000045776367,63.77000045776367,23.0,CT=F,USX,NYM
2019-07-30,63.84000015258789,63.84000015258789,63.0,62.869998931884766,62.869998931884766,6.0,CT=F,USX,NYM
2019-07-31,62.56999969482422,63.34000015258789,62.56999969482422,63.220001220703125,63.220001220703125,10.0,CT=F,USX,NYM
2019-08-01,64.0199966430664,64.0199966430664,61.61000061035156,61.84000015258789,61.84000015258789,25.0,CT=F,USX,NYM
2019-08-02,61.5,61.5,58.84000015258789,58.939998626708984,58.939998626708984,36.0,CT=F,USX,NYM
2019-08-05,59.0099983215332,59.0099983215332,56.4900016784668,57.90999984741211,57.90999984741211,64.0,CT=F,USX,NYM
2019-08-06,57.95000076293945,58.22999954223633,57.91999816894531,58.27000045776367,58.27000045776367,10.0,CT=F,USX,NYM
2019-08-07,57.9900016784668,58.40999984741211,57.2400016784668,58.58000183105469,58.58000183105469,31.0,CT=F,USX,NYM
2019-08-08,58.779998779296875,59.529998779296875,58.61000061035156,59.540000915527344,59.540000915527344,45.0,CT=F,USX,NYM
2019-08-09,59.0,59.349998474121094,58.7599983215332,59.04999923706055,59.04999923706055,17.0,CT=F,USX,NYM
2019-08-12,58.91999816894531,58.91999816894531,57.7599983215332,58.029998779296875,58.029998779296875,52.0,CT=F,USX,NYM
2019-08-13,58.13999938964844,59.90999984741211,57.70000076293945,59.34000015258789,59.34000015258789,20.0,CT=F,USX,NYM
2019-08-14,59.380001068115234,59.68000030517578,59.150001525878906,59.61000061035156,59.61000061035156,6.0,CT=F,USX,NYM
2019-08-15,59.900001525878906,60.119998931884766,59.52000045776367,59.65999984741211,59.65999984741211,8.0,CT=F,USX,NYM
2019-08-16,60.0,60.0,59.95000076293945,60.08000183105469,60.08000183105469,3.0,CT=F,USX,NYM
2019-08-19,59.68000030517578,60.029998779296875,59.20000076293945,59.18000030517578,59.18000030517578,7.0,CT=F,USX,NYM
2019-08-20,59.59000015258789,59.7599983215332,59.59000015258789,59.16999816894531,59.16999816894531,24.0,CT=F,USX,NYM
2019-08-21,59.0,59.65999984741211,58.650001525878906,59.869998931884766,59.869998931884766,34.0,CT=F,USX,NYM
2019-08-22,60.029998779296875,60.06999969482422,59.189998626708984,58.869998931884766,58.869998931884766,8.0,CT=F,USX,NYM
2019-08-23,58.43000030517578,58.7400016784668,58.06999969482422,57.970001220703125,57.970001220703125,7.0,CT=F,USX,NYM
2019-08-26,57.58000183105469,57.599998474121094,56.189998626708984,57.65999984741211,57.65999984741211,27.0,CT=F,USX,NYM
2019-08-27,57.25,58.61000061035156,57.2400016784668,57.540000915527344,57.540000915527344,42.0,CT=F,USX,NYM
2019-08-28,58.029998779296875,58.029998779296875,58.029998779296875,58.349998474121094,58.349998474121094,4.0,CT=F,USX,NYM
2019-08-29,58.36000061035156,58.68000030517578,57.720001220703125,58.880001068115234,58.880001068115234,40.0,CT=F,USX,NYM
2019-08-30,58.7400016784668,59.08000183105469,58.72999954223633,59.04999923706055,59.04999923706055,15.0,CT=F,USX,NYM
2019-09-03,59.209999084472656,59.209999084472656,58.0,58.310001373291016,58.310001373291016,35.0,CT=F,USX,NYM
2019-09-04,58.81999969482422,59.41999816894531,58.59000015258789,58.77000045776367,58.77000045776367,40.0,CT=F,USX,NYM
2019-09-05,58.790000915527344,59.439998626708984,58.790000915527344,59.15999984741211,59.15999984741211,23.0,CT=F,USX,NYM
2019-09-06,59.4900016784668,59.4900016784668,58.54999923706055,58.72999954223633,58.72999954223633,38.0,CT=F,USX,NYM
2019-09-09,58.75,59.20000076293945,58.709999084472656,59.119998931884766,59.119998931884766,19.0,CT=F,USX,NYM
2019-09-10,59.20000076293945,59.7599983215332,59.20000076293945,59.5,59.5,19.0,CT=F,USX,NYM
2019-09-11,59.47999954223633,59.47999954223633,59.349998474121094,59.369998931884766,59.369998931884766,6.0,CT=F,USX,NYM
2019-09-12,59.400001525878906,62.25,59.400001525878906,62.25,62.25,142.0,CT=F,USX,NYM
2019-09-13,62.27000045776367,62.810001373291016,61.58000183105469,61.630001068115234,61.630001068115234,73.0,CT=F,USX,NYM
2019-09-16,61.29999923706055,61.619998931884766,61.29999923706055,61.59000015258789,61.59000015258789,56.0,CT=F,USX,NYM
2019-09-17,61.59000015258789,61.59000015258789,59.970001220703125,60.119998931884766,60.119998931884766,35.0,CT=F,USX,NYM
2019-09-18,59.7599983215332,59.7599983215332,59.25,59.36000061035156,59.36000061035156,36.0,CT=F,USX,NYM
2019-09-19,59.099998474121094,59.380001068115234,59.099998474121094,58.9900016784668,58.9900016784668,30.0,CT=F,USX,NYM
2019-09-20,59.349998474121094,59.43000030517578,59.02000045776367,59.130001068115234,59.130001068115234,56.0,CT=F,USX,NYM
2019-09-23,58.81999969482422,60.25,58.68000030517578,59.83000183105469,59.83000183105469,69.0,CT=F,USX,NYM
2019-09-24,60.34000015258789,60.34000015258789,58.79999923706055,59.31999969482422,59.31999969482422,8.0,CT=F,USX,NYM
2019-09-25,59.369998931884766,59.369998931884766,59.369998931884766,59.369998931884766,59.369998931884766,0.0,CT=F,USX,NYM
2019-09-26,59.20000076293945,59.20000076293945,59.20000076293945,59.20000076293945,59.20000076293945,0.0,CT=F,USX,NYM
2019-09-27,59.81999969482422,59.81999969482422,59.81999969482422,59.81999969482422,59.81999969482422,0.0,CT=F,USX,NYM
2019-09-30,59.75,59.75,59.75,59.75,59.75,0.0,CT=F,USX,NYM
2019-10-01,59.900001525878906,59.900001525878906,59.900001525878906,59.900001525878906,59.900001525878906,0.0,CT=F,USX,NYM
2019-10-02,60.709999084472656,60.709999084472656,60.709999084472656,60.25,60.25,1.0,CT=F,USX,NYM
2019-10-03,60.52000045776367,60.52000045776367,60.52000045776367,60.52000045776367,60.52000045776367,0.0,CT=F,USX,NYM
2019-10-04,60.59000015258789,60.59000015258789,60.59000015258789,60.59000015258789,60.59000015258789,0.0,CT=F,USX,NYM
2019-10-07,60.75,60.75,60.75,60.75,60.75,0.0,CT=F,USX,NYM
2019-10-08,60.2400016784668,60.2400016784668,60.2400016784668,60.2400016784668,60.2400016784668,0.0,CT=F,USX,NYM
2019-10-09,61.0099983215332,61.0099983215332,61.0099983215332,61.0099983215332,61.0099983215332,13585.0,CT=F,USX,NYM
2019-10-10,62.0,62.470001220703125,61.36000061035156,61.41999816894531,61.41999816894531,12571.0,CT=F,USX,NYM
2019-10-11,61.81999969482422,64.0,61.47999954223633,63.880001068115234,63.880001068115234,39033.0,CT=F,USX,NYM
2019-10-14,64.19999694824219,65.8499984741211,62.189998626708984,62.220001220703125,62.220001220703125,33245.0,CT=F,USX,NYM
2019-10-15,62.150001525878906,63.68000030517578,61.720001220703125,63.529998779296875,63.529998779296875,22278.0,CT=F,USX,NYM
2019-10-16,63.5,64.58000183105469,63.040000915527344,64.54000091552734,64.54000091552734,21137.0,CT=F,USX,NYM
2019-10-17,64.5,65.13999938964844,64.19000244140625,64.98999786376953,64.98999786376953,17549.0,CT=F,USX,NYM
2019-10-18,65.19999694824219,65.38999938964844,65.0,65.16000366210938,65.16000366210938,16479.0,CT=F,USX,NYM
2019-10-21,65.19000244140625,65.4800033569336,64.44000244140625,64.55999755859375,64.55999755859375,18874.0,CT=F,USX,NYM
2019-10-22,64.44000244140625,65.19999694824219,63.959999084472656,64.66999816894531,64.66999816894531,17911.0,CT=F,USX,NYM
2019-10-23,64.44999694824219,65.18000030517578,64.4000015258789,64.94999694824219,64.94999694824219,12477.0,CT=F,USX,NYM
2019-10-24,65.0,65.55000305175781,64.5999984741211,64.6500015258789,64.6500015258789,12270.0,CT=F,USX,NYM
2019-10-25,64.69999694824219,65.69999694824219,64.58000183105469,64.9000015258789,64.9000015258789,16448.0,CT=F,USX,NYM
2019-10-28,65.11000061035156,65.30000305175781,64.4800033569336,64.79000091552734,64.79000091552734,14899.0,CT=F,USX,NYM
2019-10-29,64.91000366210938,65.4800033569336,64.69999694824219,64.72000122070312,64.72000122070312,13548.0,CT=F,USX,NYM
2019-10-30,64.6500015258789,65.98999786376953,64.63999938964844,65.69999694824219,65.69999694824219,22714.0,CT=F,USX,NYM
2019-10-31,65.5999984741211,65.95999908447266,64.0199966430664,64.44000244140625,64.44000244140625,35383.0,CT=F,USX,NYM
2019-11-01,64.45999908447266,64.91000366210938,63.810001373291016,64.2300033569336,64.2300033569336,24411.0,CT=F,USX,NYM
2019-11-04,64.7300033569336,64.9800033569336,63.540000915527344,63.65999984741211,63.65999984741211,24139.0,CT=F,USX,NYM
2019-11-05,63.66999816894531,64.20999908447266,63.54999923706055,63.810001373291016,63.810001373291016,24082.0,CT=F,USX,NYM
2019-11-06,63.810001373291016,64.11000061035156,63.45000076293945,63.689998626708984,63.689998626708984,23267.0,CT=F,USX,NYM
2019-11-07,63.630001068115234,64.8499984741211,63.459999084472656,64.3499984741211,64.3499984741211,29235.0,CT=F,USX,NYM
2019-11-08,64.3499984741211,65.05999755859375,63.61000061035156,64.72000122070312,64.72000122070312,35657.0,CT=F,USX,NYM
2019-11-11,64.56999969482422,64.8499984741211,63.72999954223633,64.29000091552734,64.29000091552734,33881.0,CT=F,USX,NYM
2019-11-12,64.0999984741211,64.83000183105469,64.01000213623047,64.73999786376953,64.73999786376953,25686.0,CT=F,USX,NYM
2019-11-13,64.80000305175781,64.8499984741211,64.12999725341797,64.22000122070312,64.22000122070312,18788.0,CT=F,USX,NYM
2019-11-14,64.18000030517578,64.91999816894531,63.849998474121094,64.2699966430664,64.2699966430664,10324.0,CT=F,USX,NYM
2019-11-15,64.26000213623047,65.0,64.23999786376953,64.86000061035156,64.86000061035156,11335.0,CT=F,USX,NYM
2019-11-18,64.9000015258789,64.9000015258789,63.5099983215332,64.20999908447266,64.20999908447266,8768.0,CT=F,USX,NYM
2019-11-19,63.849998474121094,64.23999786376953,63.29999923706055,63.439998626708984,63.439998626708984,8816.0,CT=F,USX,NYM
2019-11-20,63.349998474121094,63.79999923706055,62.150001525878906,62.2400016784668,62.2400016784668,13229.0,CT=F,USX,NYM
2019-11-21,62.099998474121094,62.75,61.72999954223633,61.84000015258789,61.84000015258789,7342.0,CT=F,USX,NYM
2019-11-22,63.349998474121094,63.619998931884766,62.27000045776367,63.41999816894531,63.41999816894531,236.0,CT=F,USX,NYM
2019-11-25,64.0,64.75,63.5,64.69000244140625,64.69000244140625,45.0,CT=F,USX,NYM
2019-11-26,64.70999908447266,64.70999908447266,64.66000366210938,64.9000015258789,64.9000015258789,5.0,CT=F,USX,NYM
2019-11-27,64.8499984741211,64.86000061035156,64.66999816894531,64.91000366210938,64.91000366210938,585.0,CT=F,USX,NYM
2019-11-29,64.69000244140625,64.69000244140625,63.380001068115234,64.4000015258789,64.4000015258789,41.0,CT=F,USX,NYM
2019-12-02,64.75,64.75,64.5199966430664,63.849998474121094,63.849998474121094,6.0,CT=F,USX,NYM
2019-12-03,63.099998474121094,63.099998474121094,63.099998474121094,63.099998474121094,63.099998474121094,0.0,CT=F,USX,NYM
2019-12-04,63.540000915527344,64.5,63.20000076293945,63.16999816894531,63.16999816894531,221.0,CT=F,USX,NYM
2019-12-05,64.69999694824219,64.70999908447266,64.69999694824219,63.5099983215332,63.5099983215332,2.0,CT=F,USX,NYM
2019-12-06,64.05999755859375,64.05999755859375,64.05999755859375,65.0,65.0,24205.0,CT=F,USX,NYM
2019-12-09,66.01000213623047,66.25,64.80999755859375,65.37999725341797,65.37999725341797,19314.0,CT=F,USX,NYM
2019-12-10,65.73999786376953,66.2300033569336,64.87999725341797,65.93000030517578,65.93000030517578,16233.0,CT=F,USX,NYM
2019-12-11,65.93000030517578,66.19000244140625,65.33999633789062,65.87999725341797,65.87999725341797,12650.0,CT=F,USX,NYM
2019-12-12,65.76000213623047,67.37999725341797,65.56999969482422,67.16999816894531,67.16999816894531,31698.0,CT=F,USX,NYM
2019-12-13,67.48999786376953,67.80000305175781,66.43000030517578,66.80000305175781,66.80000305175781,31004.0,CT=F,USX,NYM
2019-12-16,66.80000305175781,67.43000030517578,66.43000030517578,66.97000122070312,66.97000122070312,19347.0,CT=F,USX,NYM
2019-12-17,66.75,67.06999969482422,66.30000305175781,66.44000244140625,66.44000244140625,15404.0,CT=F,USX,NYM
2019-12-18,66.44999694824219,67.18000030517578,66.25,66.73999786376953,66.73999786376953,13865.0,CT=F,USX,NYM
2019-12-19,66.73999786376953,67.87999725341797,66.69000244140625,67.58000183105469,67.58000183105469,16097.0,CT=F,USX,NYM
2019-12-20,67.58000183105469,68.30999755859375,67.12000274658203,67.95999908447266,67.95999908447266,18094.0,CT=F,USX,NYM
2019-12-23,67.97000122070312,68.75,67.56999969482422,68.61000061035156,68.61000061035156,16399.0,CT=F,USX,NYM
2019-12-24,68.5,68.7300033569336,68.22000122070312,68.69999694824219,68.69999694824219,15411.0,CT=F,USX,NYM
2019-12-26,68.69999694824219,69.33999633789062,68.45999908447266,68.69999694824219,68.69999694824219,13713.0,CT=F,USX,NYM
2019-12-27,68.75,69.33000183105469,68.5,68.91999816894531,68.91999816894531,13708.0,CT=F,USX,NYM
2019-12-30,68.94000244140625,69.69000244140625,68.94000244140625,69.55999755859375,69.55999755859375,17634.0,CT=F,USX,NYM
2019-12-31,69.55999755859375,69.72000122070312,68.80000305175781,69.05000305175781,69.05000305175781,15411.0,CT=F,USX,NYM
2020-01-02,69.12000274658203,69.73999786376953,69.04000091552734,69.2699966430664,69.2699966430664,21477.0,CT=F,USX,NYM
2020-01-03,69.01000213623047,69.61000061035156,68.5,69.19999694824219,69.19999694824219,19512.0,CT=F,USX,NYM
2020-01-06,69.29000091552734,70.0999984741211,69.29000091552734,70.04000091552734,70.04000091552734,21680.0,CT=F,USX,NYM
2020-01-07,70.06999969482422,70.25,69.45999908447266,69.83000183105469,69.83000183105469,14186.0,CT=F,USX,NYM
2020-01-08,69.69000244140625,70.04000091552734,69.05000305175781,69.95999908447266,69.95999908447266,18796.0,CT=F,USX,NYM
2020-01-09,69.95999908447266,70.8499984741211,69.55999755859375,70.69000244140625,70.69000244140625,22487.0,CT=F,USX,NYM
2020-01-10,70.5,71.38999938964844,70.3499984741211,71.30999755859375,71.30999755859375,25520.0,CT=F,USX,NYM
2020-01-13,71.30999755859375,71.95999908447266,71.18000030517578,71.52999877929688,71.52999877929688,19665.0,CT=F,USX,NYM
2020-01-14,71.5,71.75,70.9000015258789,71.37999725341797,71.37999725341797,19646.0,CT=F,USX,NYM
2020-01-15,71.37999725341797,71.37999725341797,70.0999984741211,70.31999969482422,70.31999969482422,19480.0,CT=F,USX,NYM
2020-01-16,70.25,70.37999725341797,69.7300033569336,70.22000122070312,70.22000122070312,15939.0,CT=F,USX,NYM
2020-01-17,70.0,71.37000274658203,69.94999694824219,71.25,71.25,20092.0,CT=F,USX,NYM
2020-01-21,71.25,71.25,69.12000274658203,69.23999786376953,69.23999786376953,31895.0,CT=F,USX,NYM
2020-01-22,69.0199966430664,71.30000305175781,68.70999908447266,71.12999725341797,71.12999725341797,32181.0,CT=F,USX,NYM
2020-01-23,71.0,71.0,69.80000305175781,70.02999877929688,70.02999877929688,19121.0,CT=F,USX,NYM
2020-01-24,69.9800033569336,70.25,69.3499984741211,69.4000015258789,69.4000015258789,16514.0,CT=F,USX,NYM
2020-01-27,69.25,69.80999755859375,68.0,69.51000213623047,69.51000213623047,29857.0,CT=F,USX,NYM
2020-01-28,69.02999877929688,70.5999984741211,69.0199966430664,70.36000061035156,70.36000061035156,18256.0,CT=F,USX,NYM
2020-01-29,70.4000015258789,70.91999816894531,69.87000274658203,70.05999755859375,70.05999755859375,13506.0,CT=F,USX,NYM
2020-01-30,70.05999755859375,70.05999755859375,68.54000091552734,69.05000305175781,69.05000305175781,16499.0,CT=F,USX,NYM
2020-01-31,68.95999908447266,69.3499984741211,67.4000015258789,67.5,67.5,27610.0,CT=F,USX,NYM
2020-02-03,67.29000091552734,68.05999755859375,66.75,66.83999633789062,66.83999633789062,29333.0,CT=F,USX,NYM
2020-02-04,66.8499984741211,68.2300033569336,66.8499984741211,67.3499984741211,67.3499984741211,36866.0,CT=F,USX,NYM
2020-02-05,67.5999984741211,68.41999816894531,67.31999969482422,67.51000213623047,67.51000213623047,24834.0,CT=F,USX,NYM
2020-02-06,67.52999877929688,68.19999694824219,67.51000213623047,67.91000366210938,67.91000366210938,25014.0,CT=F,USX,NYM
2020-02-07,67.8499984741211,68.0,67.0999984741211,67.75,67.75,27935.0,CT=F,USX,NYM
2020-02-10,67.62000274658203,68.36000061035156,67.62000274658203,68.19000244140625,68.19000244140625,30316.0,CT=F,USX,NYM
2020-02-11,68.0,68.55000305175781,67.88999938964844,68.2300033569336,68.2300033569336,24289.0,CT=F,USX,NYM
2020-02-12,68.25,68.79000091552734,67.7699966430664,68.58000183105469,68.58000183105469,22534.0,CT=F,USX,NYM
2020-02-13,68.56999969482422,68.56999969482422,67.72000122070312,67.75,67.75,18205.0,CT=F,USX,NYM
2020-02-14,67.76000213623047,67.93000030517578,67.20999908447266,67.41000366210938,67.41000366210938,12470.0,CT=F,USX,NYM
2020-02-18,67.94000244140625,68.91000366210938,67.83000183105469,67.87000274658203,67.87000274658203,10513.0,CT=F,USX,NYM
2020-02-19,67.94000244140625,69.02999877929688,67.94000244140625,68.4800033569336,68.4800033569336,9243.0,CT=F,USX,NYM
2020-02-20,68.4000015258789,68.80000305175781,67.7300033569336,68.75,68.75,7816.0,CT=F,USX,NYM
2020-02-21,68.75,68.98999786376953,68.0,68.93000030517578,68.93000030517578,3750.0,CT=F,USX,NYM
2020-02-24,67.93000030517578,67.93000030517578,65.9000015258789,67.52999877929688,67.52999877929688,112.0,CT=F,USX,NYM
2020-02-25,67.05000305175781,67.05000305175781,67.05000305175781,66.33000183105469,66.33000183105469,3.0,CT=F,USX,NYM
2020-02-26,65.68000030517578,65.7300033569336,65.66000366210938,65.55000305175781,65.55000305175781,26.0,CT=F,USX,NYM
2020-02-27,65.25,64.37999725341797,64.37999725341797,62.599998474121094,62.599998474121094,8.0,CT=F,USX,NYM
2020-02-28,61.95000076293945,61.95000076293945,60.70000076293945,61.59000015258789,61.59000015258789,4.0,CT=F,USX,NYM
2020-03-02,62.97999954223633,62.97999954223633,62.97999954223633,63.47999954223633,63.47999954223633,1.0,CT=F,USX,NYM
2020-03-03,62.75,62.75,62.75,62.75,62.75,0.0,CT=F,USX,NYM
2020-03-04,62.959999084472656,62.959999084472656,62.959999084472656,62.959999084472656,62.959999084472656,0.0,CT=F,USX,NYM
2020-03-05,63.689998626708984,63.689998626708984,63.689998626708984,63.529998779296875,63.529998779296875,1.0,CT=F,USX,NYM
2020-03-06,62.970001220703125,62.970001220703125,62.970001220703125,62.970001220703125,62.970001220703125,0.0,CT=F,USX,NYM
2020-03-09,61.38999938964844,61.38999938964844,61.38999938964844,61.38999938964844,61.38999938964844,30022.0,CT=F,USX,NYM
2020-03-10,62.25,62.90999984741211,61.0099983215332,61.40999984741211,61.40999984741211,19931.0,CT=F,USX,NYM
2020-03-11,61.40999984741211,61.939998626708984,61.310001373291016,61.54999923706055,61.54999923706055,14480.0,CT=F,USX,NYM
2020-03-12,61.599998474121094,61.599998474121094,59.349998474121094,59.70000076293945,59.70000076293945,34718.0,CT=F,USX,NYM
2020-03-13,59.349998474121094,61.90999984741211,58.56999969482422,60.4900016784668,60.4900016784668,31028.0,CT=F,USX,NYM
2020-03-16,59.400001525878906,59.720001220703125,58.099998474121094,58.79999923706055,58.79999923706055,25832.0,CT=F,USX,NYM
2020-03-17,58.7599983215332,59.66999816894531,57.86000061035156,57.91999816894531,57.91999816894531,19127.0,CT=F,USX,NYM
2020-03-18,57.959999084472656,58.59000015258789,55.650001525878906,56.63999938964844,56.63999938964844,28005.0,CT=F,USX,NYM
2020-03-19,56.29999923706055,56.95000076293945,53.63999938964844,54.93000030517578,54.93000030517578,27427.0,CT=F,USX,NYM
2020-03-20,55.31999969482422,56.349998474121094,53.20000076293945,53.68000030517578,53.68000030517578,22807.0,CT=F,USX,NYM
2020-03-23,52.77000045776367,52.900001525878906,50.68000030517578,52.150001525878906,52.150001525878906,30377.0,CT=F,USX,NYM
2020-03-24,52.040000915527344,54.869998931884766,51.15999984741211,52.88999938964844,52.88999938964844,23556.0,CT=F,USX,NYM
2020-03-25,53.189998626708984,54.279998779296875,52.220001220703125,53.439998626708984,53.439998626708984,15522.0,CT=F,USX,NYM
2020-03-26,53.439998626708984,54.0099983215332,52.5,52.779998779296875,52.779998779296875,11744.0,CT=F,USX,NYM
2020-03-27,52.779998779296875,53.31999969482422,51.150001525878906,51.33000183105469,51.33000183105469,14026.0,CT=F,USX,NYM
2020-03-30,51.04999923706055,51.130001068115234,48.79999923706055,50.70000076293945,50.70000076293945,18721.0,CT=F,USX,NYM
2020-03-31,50.5,51.72999954223633,49.459999084472656,51.130001068115234,51.130001068115234,15783.0,CT=F,USX,NYM
2020-04-01,50.97999954223633,51.25,48.349998474121094,48.40999984741211,48.40999984741211,19089.0,CT=F,USX,NYM
2020-04-02,48.95000076293945,51.47999954223633,48.58000183105469,49.9900016784668,49.9900016784668,20779.0,CT=F,USX,NYM
2020-04-03,49.970001220703125,51.13999938964844,49.66999816894531,50.97999954223633,50.97999954223633,13730.0,CT=F,USX,NYM
2020-04-06,50.880001068115234,53.86000061035156,49.310001373291016,53.04999923706055,53.04999923706055,34088.0,CT=F,USX,NYM
2020-04-07,53.41999816894531,53.58000183105469,52.36000061035156,52.900001525878906,52.900001525878906,24014.0,CT=F,USX,NYM
2020-04-08,52.709999084472656,54.130001068115234,52.189998626708984,53.84000015258789,53.84000015258789,23953.0,CT=F,USX,NYM
2020-04-09,53.630001068115234,54.5,53.06999969482422,54.369998931884766,54.369998931884766,18492.0,CT=F,USX,NYM
2020-04-13,54.33000183105469,54.54999923706055,52.349998474121094,52.7599983215332,52.7599983215332,16617.0,CT=F,USX,NYM
2020-04-14,52.7599983215332,53.06999969482422,52.349998474121094,52.5099983215332,52.5099983215332,12622.0,CT=F,USX,NYM
2020-04-15,52.63999938964844,53.189998626708984,51.90999984741211,52.75,52.75,14095.0,CT=F,USX,NYM
2020-04-16,52.709999084472656,53.380001068115234,52.099998474121094,52.790000915527344,52.790000915527344,4447.0,CT=F,USX,NYM
2020-04-17,53.5,53.7599983215332,52.650001525878906,52.77000045776367,52.77000045776367,3080.0,CT=F,USX,NYM
2020-04-20,52.77000045776367,54.27000045776367,52.5099983215332,54.029998779296875,54.029998779296875,4548.0,CT=F,USX,NYM
2020-04-21,54.099998474121094,54.099998474121094,52.0,53.310001373291016,53.310001373291016,3470.0,CT=F,USX,NYM
2020-04-22,52.72999954223633,56.310001373291016,52.29999923706055,56.279998779296875,56.279998779296875,3175.0,CT=F,USX,NYM
2020-04-23,56.540000915527344,57.95000076293945,56.0099983215332,56.880001068115234,56.880001068115234,2374.0,CT=F,USX,NYM
2020-04-24,56.25,56.599998474121094,54.630001068115234,54.93000030517578,54.93000030517578,59.0,CT=F,USX,NYM
2020-04-27,53.93000030517578,53.93000030517578,53.93000030517578,53.93000030517578,53.93000030517578,0.0,CT=F,USX,NYM
2020-04-28,57.77000045776367,57.77000045776367,57.77000045776367,56.18000030517578,56.18000030517578,1.0,CT=F,USX,NYM
2020-04-29,57.83000183105469,57.83000183105469,57.83000183105469,58.02000045776367,58.02000045776367,3.0,CT=F,USX,NYM
2020-04-30,58.060001373291016,58.060001373291016,58.060001373291016,58.060001373291016,58.060001373291016,0.0,CT=F,USX,NYM
2020-05-01,56.560001373291016,56.560001373291016,56.560001373291016,56.560001373291016,56.560001373291016,0.0,CT=F,USX,NYM
2020-05-04,55.0,55.0,55.0,55.0,55.0,0.0,CT=F,USX,NYM
2020-05-05,54.060001373291016,54.060001373291016,52.150001525878906,53.90999984741211,53.90999984741211,4.0,CT=F,USX,NYM
2020-05-06,54.83000183105469,54.83000183105469,54.83000183105469,54.83000183105469,54.83000183105469,13765.0,CT=F,USX,NYM
2020-05-07,54.599998474121094,56.45000076293945,54.41999816894531,55.38999938964844,55.38999938964844,14437.0,CT=F,USX,NYM
2020-05-08,55.38999938964844,57.04999923706055,55.38999938964844,56.27000045776367,56.27000045776367,12673.0,CT=F,USX,NYM
2020-05-11,55.75,57.150001525878906,55.75,56.630001068115234,56.630001068115234,10207.0,CT=F,USX,NYM
2020-05-12,56.560001373291016,58.59000015258789,56.0,58.34000015258789,58.34000015258789,19223.0,CT=F,USX,NYM
2020-05-13,58.29999923706055,58.43000030517578,56.959999084472656,57.459999084472656,57.459999084472656,18961.0,CT=F,USX,NYM
2020-05-14,57.66999816894531,58.22999954223633,56.79999923706055,57.849998474121094,57.849998474121094,9917.0,CT=F,USX,NYM
2020-05-15,57.849998474121094,58.86000061035156,57.349998474121094,58.25,58.25,12545.0,CT=F,USX,NYM
2020-05-18,58.400001525878906,58.959999084472656,57.400001525878906,57.79999923706055,57.79999923706055,11952.0,CT=F,USX,NYM
2020-05-19,57.9900016784668,59.4900016784668,57.91999816894531,59.20000076293945,59.20000076293945,14707.0,CT=F,USX,NYM
2020-05-20,59.38999938964844,59.849998474121094,58.099998474121094,58.209999084472656,58.209999084472656,14289.0,CT=F,USX,NYM
2020-05-21,58.150001525878906,58.70000076293945,57.31999969482422,58.060001373291016,58.060001373291016,15732.0,CT=F,USX,NYM
2020-05-22,58.06999969482422,58.209999084472656,57.060001373291016,57.61000061035156,57.61000061035156,0.0,CT=F,USX,NYM
2020-05-26,57.79999923706055,59.45000076293945,57.65999984741211,58.22999954223633,58.22999954223633,11820.0,CT=F,USX,NYM
2020-05-27,58.459999084472656,58.599998474121094,57.619998931884766,58.34000015258789,58.34000015258789,9822.0,CT=F,USX,NYM
2020-05-28,58.4900016784668,58.540000915527344,57.529998779296875,57.56999969482422,57.56999969482422,8639.0,CT=F,USX,NYM
2020-05-29,57.5,57.72999954223633,56.560001373291016,57.59000015258789,57.59000015258789,16745.0,CT=F,USX,NYM
2020-06-01,57.59000015258789,60.38999938964844,57.2599983215332,60.060001373291016,60.060001373291016,32114.0,CT=F,USX,NYM
2020-06-02,60.29999923706055,61.150001525878906,60.0,60.369998931884766,60.369998931884766,20390.0,CT=F,USX,NYM
2020-06-03,60.369998931884766,60.72999954223633,59.84000015258789,60.47999954223633,60.47999954223633,10644.0,CT=F,USX,NYM
2020-06-04,60.16999816894531,60.43000030517578,59.65999984741211,60.0,60.0,13450.0,CT=F,USX,NYM
2020-06-05,59.88999938964844,62.31999969482422,59.75,61.790000915527344,61.790000915527344,26742.0,CT=F,USX,NYM
2020-06-08,62.15999984741211,62.15999984741211,60.58000183105469,60.810001373291016,60.810001373291016,15193.0,CT=F,USX,NYM
2020-06-09,60.86000061035156,61.33000183105469,60.209999084472656,60.52000045776367,60.52000045776367,14910.0,CT=F,USX,NYM
2020-06-10,60.599998474121094,60.70000076293945,59.810001373291016,60.5099983215332,60.5099983215332,13805.0,CT=F,USX,NYM
2020-06-11,60.20000076293945,60.5099983215332,59.349998474121094,60.02000045776367,60.02000045776367,21245.0,CT=F,USX,NYM
2020-06-12,60.02000045776367,60.380001068115234,59.47999954223633,59.84000015258789,59.84000015258789,10003.0,CT=F,USX,NYM
2020-06-15,59.79999923706055,59.79999923706055,58.689998626708984,59.0099983215332,59.0099983215332,9617.0,CT=F,USX,NYM
2020-06-16,59.400001525878906,60.380001068115234,59.150001525878906,60.06999969482422,60.06999969482422,5735.0,CT=F,USX,NYM
2020-06-17,60.060001373291016,61.36000061035156,59.90999984741211,61.34000015258789,61.34000015258789,4804.0,CT=F,USX,NYM
2020-06-18,61.380001068115234,61.72999954223633,60.849998474121094,61.16999816894531,61.16999816894531,4449.0,CT=F,USX,NYM
2020-06-19,61.029998779296875,62.0,61.029998779296875,61.560001373291016,61.560001373291016,2857.0,CT=F,USX,NYM
2020-06-22,61.5,62.849998474121094,61.150001525878906,62.52000045776367,62.52000045776367,3598.0,CT=F,USX,NYM
2020-06-23,62.52000045776367,63.13999938964844,61.75,63.040000915527344,63.040000915527344,5025.0,CT=F,USX,NYM
2020-06-24,63.040000915527344,63.040000915527344,61.79999923706055,61.65999984741211,61.65999984741211,190.0,CT=F,USX,NYM
2020-06-25,61.5,61.79999923706055,61.5,61.810001373291016,61.810001373291016,248.0,CT=F,USX,NYM
2020-06-26,61.5,61.5,60.099998474121094,60.54999923706055,60.54999923706055,134.0,CT=F,USX,NYM
2020-06-29,60.099998474121094,60.099998474121094,59.130001068115234,59.619998931884766,59.619998931884766,79.0,CT=F,USX,NYM
2020-06-30,60.97999954223633,60.97999954223633,60.97999954223633,60.97999954223633,60.97999954223633,37.0,CT=F,USX,NYM
2020-07-01,62.58000183105469,62.58000183105469,62.58000183105469,62.58000183105469,62.58000183105469,0.0,CT=F,USX,NYM
2020-07-02,63.04999923706055,63.04999923706055,63.04999923706055,63.04999923706055,63.04999923706055,0.0,CT=F,USX,NYM
2020-07-06,63.06999969482422,63.06999969482422,63.06999969482422,63.06999969482422,63.06999969482422,0.0,CT=F,USX,NYM
2020-07-07,63.2400016784668,63.2400016784668,63.2400016784668,63.2400016784668,63.2400016784668,0.0,CT=F,USX,NYM
2020-07-08,64.87000274658203,64.87999725341797,64.87000274658203,64.66000366210938,64.66000366210938,43.0,CT=F,USX,NYM
2020-07-09,64.01000213623047,64.01000213623047,62.099998474121094,63.34000015258789,63.34000015258789,34.0,CT=F,USX,NYM
2020-07-10,64.94000244140625,64.94000244140625,64.41999816894531,64.70999908447266,64.70999908447266,15.0,CT=F,USX,NYM
2020-07-13,63.75,63.75,63.75,63.75,63.75,0.0,CT=F,USX,NYM
2020-07-14,63.060001373291016,63.060001373291016,62.810001373291016,62.689998626708984,62.689998626708984,11.0,CT=F,USX,NYM
2020-07-15,63.220001220703125,63.310001373291016,62.599998474121094,62.59000015258789,62.59000015258789,12.0,CT=F,USX,NYM
2020-07-16,62.29999923706055,62.86000061035156,62.29999923706055,62.880001068115234,62.880001068115234,5.0,CT=F,USX,NYM
2020-07-17,62.959999084472656,62.959999084472656,62.08000183105469,62.0099983215332,62.0099983215332,10.0,CT=F,USX,NYM
2020-07-20,62.59000015258789,63.060001373291016,62.59000015258789,62.9900016784668,62.9900016784668,0.0,CT=F,USX,NYM
2020-07-21,63.11000061035156,63.27000045776367,62.88999938964844,62.90999984741211,62.90999984741211,20.0,CT=F,USX,NYM
2020-07-22,62.619998931884766,62.959999084472656,62.619998931884766,62.7400016784668,62.7400016784668,13.0,CT=F,USX,NYM
2020-07-23,62.93000030517578,62.939998626708984,61.68000030517578,61.68000030517578,61.68000030517578,40.0,CT=F,USX,NYM
2020-07-24,62.06999969482422,62.130001068115234,59.54999923706055,59.959999084472656,59.959999084472656,93.0,CT=F,USX,NYM
2020-07-27,59.5099983215332,61.459999084472656,59.04999923706055,60.689998626708984,60.689998626708984,148.0,CT=F,USX,NYM
2020-07-28,60.540000915527344,60.95000076293945,60.119998931884766,60.59000015258789,60.59000015258789,75.0,CT=F,USX,NYM
2020-07-29,61.20000076293945,61.20000076293945,61.0,61.029998779296875,61.029998779296875,5.0,CT=F,USX,NYM
2020-07-30,61.060001373291016,62.66999816894531,60.529998779296875,62.81999969482422,62.81999969482422,14.0,CT=F,USX,NYM
2020-07-31,62.619998931884766,62.630001068115234,61.959999084472656,62.29999923706055,62.29999923706055,6.0,CT=F,USX,NYM
2020-08-03,62.70000076293945,63.70000076293945,62.29999923706055,63.529998779296875,63.529998779296875,75.0,CT=F,USX,NYM
2020-08-04,63.79999923706055,63.939998626708984,63.25,63.93000030517578,63.93000030517578,10.0,CT=F,USX,NYM
2020-08-05,63.900001525878906,64.13999938964844,63.4900016784668,64.36000061035156,64.36000061035156,14.0,CT=F,USX,NYM
2020-08-06,64.58000183105469,64.58000183105469,64.16999816894531,64.41000366210938,64.41000366210938,15.0,CT=F,USX,NYM
2020-08-07,64.73999786376953,64.73999786376953,61.779998779296875,61.880001068115234,61.880001068115234,27.0,CT=F,USX,NYM
2020-08-10,62.400001525878906,62.779998779296875,62.400001525878906,62.34000015258789,62.34000015258789,8.0,CT=F,USX,NYM
2020-08-11,62.77000045776367,62.77000045776367,62.45000076293945,63.029998779296875,63.029998779296875,7.0,CT=F,USX,NYM
2020-08-12,61.97999954223633,61.97999954223633,61.97999954223633,61.84000015258789,61.84000015258789,2.0,CT=F,USX,NYM
2020-08-13,62.369998931884766,62.65999984741211,62.22999954223633,62.43000030517578,62.43000030517578,5.0,CT=F,USX,NYM
2020-08-14,62.790000915527344,62.790000915527344,62.560001373291016,62.290000915527344,62.290000915527344,10.0,CT=F,USX,NYM
2020-08-17,62.880001068115234,62.880001068115234,62.86000061035156,62.619998931884766,62.619998931884766,3.0,CT=F,USX,NYM
2020-08-18,62.38999938964844,62.38999938964844,62.38999938964844,62.38999938964844,62.38999938964844,1.0,CT=F,USX,NYM
2020-08-19,62.290000915527344,62.650001525878906,62.290000915527344,63.209999084472656,63.209999084472656,3.0,CT=F,USX,NYM
2020-08-20,62.689998626708984,64.25,62.689998626708984,63.91999816894531,63.91999816894531,45.0,CT=F,USX,NYM
2020-08-21,63.77000045776367,63.77000045776367,63.56999969482422,63.72999954223633,63.72999954223633,4.0,CT=F,USX,NYM
2020-08-24,64.12999725341797,65.29000091552734,64.08999633789062,65.16000366210938,65.16000366210938,31.0,CT=F,USX,NYM
2020-08-25,65.19999694824219,65.79000091552734,65.16000366210938,64.9800033569336,64.9800033569336,10.0,CT=F,USX,NYM
2020-08-26,64.9800033569336,64.9800033569336,64.9800033569336,64.9800033569336,64.9800033569336,0.0,CT=F,USX,NYM
2020-08-27,64.48999786376953,64.94999694824219,64.48999786376953,64.76000213623047,64.76000213623047,2.0,CT=F,USX,NYM
2020-08-28,64.31999969482422,64.31999969482422,64.25,64.37000274658203,64.37000274658203,3.0,CT=F,USX,NYM
2020-08-31,64.5999984741211,64.5999984741211,64.5999984741211,64.41000366210938,64.41000366210938,1.0,CT=F,USX,NYM
2020-09-01,64.94000244140625,65.61000061035156,64.87999725341797,64.66000366210938,64.66000366210938,22.0,CT=F,USX,NYM
2020-09-02,64.75,64.75,64.1500015258789,64.18000030517578,64.18000030517578,26.0,CT=F,USX,NYM
2020-09-03,63.790000915527344,63.790000915527344,63.529998779296875,63.560001373291016,63.560001373291016,15.0,CT=F,USX,NYM
2020-09-04,63.43000030517578,63.47999954223633,63.43000030517578,64.12000274658203,64.12000274658203,2.0,CT=F,USX,NYM
2020-09-08,64.33000183105469,64.43000030517578,63.0099983215332,63.189998626708984,63.189998626708984,9.0,CT=F,USX,NYM
2020-09-09,63.04999923706055,63.33000183105469,63.04999923706055,63.349998474121094,63.349998474121094,16.0,CT=F,USX,NYM
2020-09-10,64.37000274658203,64.44999694824219,64.37000274658203,63.959999084472656,63.959999084472656,9.0,CT=F,USX,NYM
2020-09-11,64.70999908447266,64.72000122070312,64.70999908447266,64.05999755859375,64.05999755859375,3.0,CT=F,USX,NYM
2020-09-14,64.68000030517578,65.83999633789062,64.68000030517578,65.45999908447266,65.45999908447266,38.0,CT=F,USX,NYM
2020-09-15,65.5,65.5,64.37000274658203,65.38999938964844,65.38999938964844,22.0,CT=F,USX,NYM
2020-09-16,65.43000030517578,65.43000030517578,65.20999908447266,64.97000122070312,64.97000122070312,11.0,CT=F,USX,NYM
2020-09-17,64.97000122070312,64.97000122070312,64.43000030517578,64.3499984741211,64.3499984741211,49.0,CT=F,USX,NYM
2020-09-18,64.18000030517578,64.18000030517578,64.18000030517578,64.16000366210938,64.16000366210938,12.0,CT=F,USX,NYM
2020-09-21,65.05000305175781,65.79000091552734,63.959999084472656,63.7400016784668,63.7400016784668,11.0,CT=F,USX,NYM
2020-09-22,63.91999816894531,64.30999755859375,63.560001373291016,63.84000015258789,63.84000015258789,12.0,CT=F,USX,NYM
2020-09-23,63.380001068115234,63.59000015258789,63.380001068115234,63.7599983215332,63.7599983215332,2.0,CT=F,USX,NYM
2020-09-24,63.970001220703125,63.970001220703125,63.970001220703125,63.970001220703125,63.970001220703125,0.0,CT=F,USX,NYM
2020-09-25,64.66000366210938,64.66000366210938,64.66000366210938,64.66000366210938,64.66000366210938,0.0,CT=F,USX,NYM
2020-09-28,64.4000015258789,64.4000015258789,64.4000015258789,64.4000015258789,64.4000015258789,0.0,CT=F,USX,NYM
2020-09-29,64.0,64.0,64.0,64.0,64.0,0.0,CT=F,USX,NYM
2020-09-30,64.48999786376953,64.48999786376953,64.48999786376953,64.48999786376953,64.48999786376953,0.0,CT=F,USX,NYM
2020-10-01,64.61000061035156,64.61000061035156,64.61000061035156,64.61000061035156,64.61000061035156,0.0,CT=F,USX,NYM
2020-10-02,64.5199966430664,64.5199966430664,64.5199966430664,64.5199966430664,64.5199966430664,0.0,CT=F,USX,NYM
2020-10-05,64.7300033569336,64.7300033569336,64.7300033569336,64.7300033569336,64.7300033569336,0.0,CT=F,USX,NYM
2020-10-06,65.55999755859375,65.55999755859375,65.55999755859375,65.55999755859375,65.55999755859375,0.0,CT=F,USX,NYM
2020-10-07,66.29000091552734,66.29000091552734,66.29000091552734,66.29000091552734,66.29000091552734,0.0,CT=F,USX,NYM
2020-10-08,66.19000244140625,66.19000244140625,66.19000244140625,66.19000244140625,66.19000244140625,16721.0,CT=F,USX,NYM
2020-10-09,67.75,68.68000030517578,67.54000091552734,67.63999938964844,67.63999938964844,20722.0,CT=F,USX,NYM
2020-10-12,68.0199966430664,69.47000122070312,68.0199966430664,68.37000274658203,68.37000274658203,21406.0,CT=F,USX,NYM
2020-10-13,68.66999816894531,69.25,68.26000213623047,68.83000183105469,68.83000183105469,14282.0,CT=F,USX,NYM
2020-10-14,68.81999969482422,69.38999938964844,68.55000305175781,68.93000030517578,68.93000030517578,13709.0,CT=F,USX,NYM
2020-10-15,69.0999984741211,69.2699966430664,68.41000366210938,69.22000122070312,69.22000122070312,13654.0,CT=F,USX,NYM
2020-10-16,69.01000213623047,70.04000091552734,69.0,69.91999816894531,69.91999816894531,19953.0,CT=F,USX,NYM
2020-10-19,70.0,71.22000122070312,70.0,71.16000366210938,71.16000366210938,22482.0,CT=F,USX,NYM
2020-10-20,70.97000122070312,71.6500015258789,70.30000305175781,71.0199966430664,71.0199966430664,18384.0,CT=F,USX,NYM
2020-10-21,70.80999755859375,72.12999725341797,70.56999969482422,71.04000091552734,71.04000091552734,19935.0,CT=F,USX,NYM
2020-10-22,71.0,72.0999984741211,70.81999969482422,71.94000244140625,71.94000244140625,16513.0,CT=F,USX,NYM
2020-10-23,71.69999694824219,71.91000366210938,71.0999984741211,71.29000091552734,71.29000091552734,15318.0,CT=F,USX,NYM
2020-10-26,71.3499984741211,72.37999725341797,71.22000122070312,72.11000061035156,72.11000061035156,16208.0,CT=F,USX,NYM
2020-10-27,72.0,72.52999877929688,71.76000213623047,72.02999877929688,72.02999877929688,17287.0,CT=F,USX,NYM
2020-10-28,72.0,72.5999984741211,70.05000305175781,70.16999816894531,70.16999816894531,26624.0,CT=F,USX,NYM
2020-10-29,70.1500015258789,70.45999908447266,69.58000183105469,69.81999969482422,69.81999969482422,22637.0,CT=F,USX,NYM
2020-10-30,69.86000061035156,70.05000305175781,68.37000274658203,68.91999816894531,68.91999816894531,24444.0,CT=F,USX,NYM
2020-11-02,68.75,69.08999633789062,68.05999755859375,68.7300033569336,68.7300033569336,17855.0,CT=F,USX,NYM
2020-11-03,68.73999786376953,70.33000183105469,68.7300033569336,70.23999786376953,70.23999786376953,18580.0,CT=F,USX,NYM
2020-11-04,69.94999694824219,70.72000122070312,69.62999725341797,70.2300033569336,70.2300033569336,17070.0,CT=F,USX,NYM
2020-11-05,70.29000091552734,70.94000244140625,69.86000061035156,70.06999969482422,70.06999969482422,17450.0,CT=F,USX,NYM
2020-11-06,70.0,70.2699966430664,68.55000305175781,68.62000274658203,68.62000274658203,28448.0,CT=F,USX,NYM
2020-11-09,68.66000366210938,70.44000244140625,68.62000274658203,70.0,70.0,30760.0,CT=F,USX,NYM
2020-11-10,70.0,70.16000366210938,69.11000061035156,69.8499984741211,69.8499984741211,32464.0,CT=F,USX,NYM
2020-11-11,69.94000244140625,70.37999725341797,69.25,69.27999877929688,69.27999877929688,22323.0,CT=F,USX,NYM
2020-11-12,69.36000061035156,69.41999816894531,68.37000274658203,68.4800033569336,68.4800033569336,25217.0,CT=F,USX,NYM
2020-11-13,68.44999694824219,68.7699966430664,68.22000122070312,68.45999908447266,68.45999908447266,17211.0,CT=F,USX,NYM
2020-11-16,68.4000015258789,70.0,68.4000015258789,69.56999969482422,69.56999969482422,14210.0,CT=F,USX,NYM
2020-11-17,69.56999969482422,69.87999725341797,68.8499984741211,69.11000061035156,69.11000061035156,9651.0,CT=F,USX,NYM
2020-11-18,68.95999908447266,69.76000213623047,68.91999816894531,69.68000030517578,69.68000030517578,6416.0,CT=F,USX,NYM
2020-11-19,69.5,69.9000015258789,69.1500015258789,69.31999969482422,69.31999969482422,5281.0,CT=F,USX,NYM
2020-11-20,69.31999969482422,71.25,69.31999969482422,70.87999725341797,70.87999725341797,3146.0,CT=F,USX,NYM
2020-11-23,71.73999786376953,72.69999694824219,71.51000213623047,72.1500015258789,72.1500015258789,133.0,CT=F,USX,NYM
2020-11-24,72.0,72.0,70.87000274658203,71.52999877929688,71.52999877929688,93.0,CT=F,USX,NYM
2020-11-25,71.0199966430664,71.0199966430664,70.9000015258789,70.80000305175781,70.80000305175781,74.0,CT=F,USX,NYM
2020-11-27,71.52999877929688,71.52999877929688,71.52999877929688,71.68000030517578,71.68000030517578,6.0,CT=F,USX,NYM
2020-11-30,70.75,70.75,69.55999755859375,70.58999633789062,70.58999633789062,6.0,CT=F,USX,NYM
2020-12-01,71.19000244140625,71.20999908447266,69.9800033569336,70.58999633789062,70.58999633789062,14.0,CT=F,USX,NYM
2020-12-02,70.16000366210938,70.16000366210938,69.6500015258789,69.98999786376953,69.98999786376953,73.0,CT=F,USX,NYM
2020-12-03,69.8499984741211,69.8499984741211,69.25,69.41999816894531,69.41999816894531,3.0,CT=F,USX,NYM
2020-12-04,69.44999694824219,69.55000305175781,69.44999694824219,69.86000061035156,69.86000061035156,10.0,CT=F,USX,NYM
2020-12-07,70.62999725341797,70.62999725341797,70.62999725341797,70.62999725341797,70.62999725341797,0.0,CT=F,USX,NYM
2020-12-08,70.18000030517578,70.18000030517578,70.18000030517578,70.18000030517578,70.18000030517578,9012.0,CT=F,USX,NYM
2020-12-09,72.0,73.22000122070312,71.86000061035156,73.05000305175781,73.05000305175781,14697.0,CT=F,USX,NYM
2020-12-10,73.05000305175781,74.5999984741211,72.7300033569336,74.26000213623047,74.26000213623047,23699.0,CT=F,USX,NYM
2020-12-11,74.25,74.75,74.0,74.08000183105469,74.08000183105469,14101.0,CT=F,USX,NYM
2020-12-14,74.19999694824219,75.19999694824219,74.19999694824219,74.66999816894531,74.66999816894531,14720.0,CT=F,USX,NYM
2020-12-15,74.66999816894531,75.68000030517578,74.55000305175781,75.58999633789062,75.58999633789062,15183.0,CT=F,USX,NYM
2020-12-16,75.52999877929688,76.06999969482422,75.33999633789062,75.6500015258789,75.6500015258789,12246.0,CT=F,USX,NYM
2020-12-17,75.6500015258789,77.41000366210938,75.51000213623047,77.19000244140625,77.19000244140625,19056.0,CT=F,USX,NYM
2020-12-18,77.19000244140625,77.41000366210938,76.8499984741211,77.16000366210938,77.16000366210938,14192.0,CT=F,USX,NYM
2020-12-21,77.19999694824219,77.30000305175781,74.5999984741211,74.76000213623047,74.76000213623047,24705.0,CT=F,USX,NYM
2020-12-22,74.76000213623047,75.22000122070312,74.27999877929688,74.81999969482422,74.81999969482422,14575.0,CT=F,USX,NYM
2020-12-23,74.80000305175781,76.4000015258789,74.4000015258789,76.13999938964844,76.13999938964844,12873.0,CT=F,USX,NYM
2020-12-24,76.05000305175781,76.58999633789062,75.91000366210938,76.19999694824219,76.19999694824219,5393.0,CT=F,USX,NYM
2020-12-28,76.4000015258789,76.66999816894531,76.1500015258789,76.3499984741211,76.3499984741211,5770.0,CT=F,USX,NYM
2020-12-29,76.69999694824219,77.25,76.36000061035156,77.01000213623047,77.01000213623047,9514.0,CT=F,USX,NYM
2020-12-30,77.0,78.05999755859375,76.9000015258789,77.97000122070312,77.97000122070312,13031.0,CT=F,USX,NYM
2020-12-31,77.97000122070312,78.38999938964844,77.4800033569336,78.12000274658203,78.12000274658203,8154.0,CT=F,USX,NYM
2021-01-04,78.25,79.9000015258789,78.25,78.97000122070312,78.97000122070312,22289.0,CT=F,USX,NYM
2021-01-05,78.97000122070312,80.72000122070312,78.97000122070312,80.3499984741211,80.3499984741211,20742.0,CT=F,USX,NYM
2021-01-06,80.41000366210938,80.93000030517578,79.91999816894531,80.05999755859375,80.05999755859375,17483.0,CT=F,USX,NYM
2021-01-07,79.98999786376953,80.69999694824219,79.6500015258789,79.76000213623047,79.76000213623047,14656.0,CT=F,USX,NYM
2021-01-08,79.76000213623047,80.38999938964844,79.55000305175781,79.7699966430664,79.7699966430664,12252.0,CT=F,USX,NYM
2021-01-11,80.0,80.5,78.6500015258789,80.43000030517578,80.43000030517578,20161.0,CT=F,USX,NYM
2021-01-12,80.44999694824219,81.7699966430664,79.86000061035156,81.69999694824219,81.69999694824219,22764.0,CT=F,USX,NYM
2021-01-13,81.69999694824219,82.08000183105469,80.76000213623047,80.91999816894531,80.91999816894531,18709.0,CT=F,USX,NYM
2021-01-14,80.91999816894531,81.5199966430664,80.25,81.1500015258789,81.1500015258789,12643.0,CT=F,USX,NYM
2021-01-15,81.12000274658203,81.43000030517578,80.5999984741211,80.69999694824219,80.69999694824219,13109.0,CT=F,USX,NYM
2021-01-19,80.87999725341797,81.8499984741211,80.75,81.1500015258789,81.1500015258789,16481.0,CT=F,USX,NYM
2021-01-20,81.0,81.75,80.5999984741211,81.58999633789062,81.58999633789062,15919.0,CT=F,USX,NYM
2021-01-21,81.58999633789062,83.05999755859375,81.4000015258789,82.56999969482422,82.56999969482422,17535.0,CT=F,USX,NYM
2021-01-22,82.5199966430664,82.55999755859375,81.5,81.55999755859375,81.55999755859375,22431.0,CT=F,USX,NYM
2021-01-25,81.55999755859375,82.47000122070312,81.5,82.33000183105469,82.33000183105469,14813.0,CT=F,USX,NYM
2021-01-26,82.30000305175781,82.31999969482422,81.11000061035156,81.70999908447266,81.70999908447266,22579.0,CT=F,USX,NYM
2021-01-27,81.72000122070312,82.43000030517578,80.68000030517578,80.83999633789062,80.83999633789062,17426.0,CT=F,USX,NYM
2021-01-28,80.8499984741211,81.4000015258789,79.8499984741211,79.93000030517578,79.93000030517578,20641.0,CT=F,USX,NYM
2021-01-29,79.9800033569336,80.8499984741211,79.75,80.63999938964844,80.63999938964844,14622.0,CT=F,USX,NYM
2021-02-01,80.68000030517578,81.5999984741211,79.80999755859375,80.02999877929688,80.02999877929688,20150.0,CT=F,USX,NYM
2021-02-02,80.23999786376953,81.01000213623047,79.80000305175781,80.69000244140625,80.69000244140625,17987.0,CT=F,USX,NYM
2021-02-03,80.69000244140625,81.13999938964844,80.44999694824219,80.98999786376953,80.98999786376953,16385.0,CT=F,USX,NYM
2021-02-04,81.0,84.81999969482422,80.83999633789062,84.27999877929688,84.27999877929688,38431.0,CT=F,USX,NYM
2021-02-05,84.25,84.88999938964844,82.58999633789062,82.73999786376953,82.73999786376953,33611.0,CT=F,USX,NYM
2021-02-08,83.0,84.76000213623047,82.7300033569336,84.27999877929688,84.27999877929688,25257.0,CT=F,USX,NYM
2021-02-09,84.4000015258789,87.12999725341797,84.4000015258789,86.93000030517578,86.93000030517578,27854.0,CT=F,USX,NYM
2021-02-10,86.5,86.75,84.41000366210938,84.66999816894531,84.66999816894531,27045.0,CT=F,USX,NYM
2021-02-11,84.5,86.7699966430664,84.5,86.41000366210938,86.41000366210938,17956.0,CT=F,USX,NYM
2021-02-12,86.16000366210938,87.33000183105469,85.3499984741211,87.2699966430664,87.2699966430664,11909.0,CT=F,USX,NYM
2021-02-16,87.30000305175781,88.9000015258789,87.30000305175781,88.12000274658203,88.12000274658203,8347.0,CT=F,USX,NYM
2021-02-17,88.01000213623047,88.48999786376953,87.58000183105469,88.36000061035156,88.36000061035156,6122.0,CT=F,USX,NYM
2021-02-18,88.36000061035156,89.2300033569336,88.0,88.7300033569336,88.7300033569336,5404.0,CT=F,USX,NYM
2021-02-19,88.75,89.36000061035156,88.06999969482422,88.94999694824219,88.94999694824219,2668.0,CT=F,USX,NYM
2021-02-22,89.0,90.7699966430664,89.0,90.91000366210938,90.91000366210938,173.0,CT=F,USX,NYM
2021-02-23,91.37999725341797,91.4800033569336,90.5,91.37000274658203,91.37000274658203,21.0,CT=F,USX,NYM
2021-02-24,92.33000183105469,92.33000183105469,92.33000183105469,92.33000183105469,92.33000183105469,0.0,CT=F,USX,NYM
2021-02-25,91.88999938964844,92.94999694824219,89.44000244140625,88.23999786376953,88.23999786376953,98.0,CT=F,USX,NYM
2021-02-26,87.87999725341797,87.87999725341797,87.80999755859375,87.81999969482422,87.81999969482422,11.0,CT=F,USX,NYM
2021-03-01,88.4800033569336,88.4800033569336,88.4800033569336,90.26000213623047,90.26000213623047,10.0,CT=F,USX,NYM
2021-03-02,89.69999694824219,89.69999694824219,89.69999694824219,89.44000244140625,89.44000244140625,1.0,CT=F,USX,NYM
2021-03-03,86.9000015258789,86.9000015258789,86.9000015258789,86.9000015258789,86.9000015258789,0.0,CT=F,USX,NYM
2021-03-04,85.58999633789062,85.58999633789062,85.58999633789062,85.58999633789062,85.58999633789062,0.0,CT=F,USX,NYM
2021-03-05,86.20999908447266,86.20999908447266,86.20999908447266,86.20999908447266,86.20999908447266,0.0,CT=F,USX,NYM
2021-03-08,86.7699966430664,86.7699966430664,86.7699966430664,86.7699966430664,86.7699966430664,0.0,CT=F,USX,NYM
2021-03-09,82.7699966430664,82.7699966430664,82.7699966430664,82.7699966430664,82.7699966430664,23885.0,CT=F,USX,NYM
2021-03-10,84.31999969482422,86.58999633789062,82.87000274658203,85.22000122070312,85.22000122070312,23348.0,CT=F,USX,NYM
2021-03-11,85.22000122070312,88.55999755859375,85.01000213623047,88.3499984741211,88.3499984741211,17086.0,CT=F,USX,NYM
2021-03-12,88.3499984741211,88.48999786376953,85.94999694824219,87.55999755859375,87.55999755859375,13022.0,CT=F,USX,NYM
2021-03-15,87.87000274658203,87.87000274658203,85.58000183105469,86.72000122070312,86.72000122070312,11766.0,CT=F,USX,NYM
2021-03-16,86.6500015258789,87.52999877929688,86.12000274658203,86.91999816894531,86.91999816894531,9440.0,CT=F,USX,NYM
2021-03-17,86.91999816894531,87.54000091552734,86.22000122070312,86.51000213623047,86.51000213623047,7624.0,CT=F,USX,NYM
2021-03-18,86.62000274658203,87.37999725341797,85.3499984741211,85.44999694824219,85.44999694824219,10122.0,CT=F,USX,NYM
2021-03-19,85.73999786376953,85.77999877929688,83.6500015258789,84.68000030517578,84.68000030517578,14630.0,CT=F,USX,NYM
2021-03-22,84.94999694824219,85.16000366210938,84.16999816894531,84.62000274658203,84.62000274658203,7589.0,CT=F,USX,NYM
2021-03-23,84.58999633789062,84.87000274658203,83.3499984741211,83.52999877929688,83.52999877929688,10225.0,CT=F,USX,NYM
2021-03-24,83.52999877929688,83.70999908447266,81.91000366210938,82.44000244140625,82.44000244140625,15536.0,CT=F,USX,NYM
2021-03-25,82.4000015258789,82.80999755859375,78.44000244140625,78.44000244140625,78.44000244140625,30348.0,CT=F,USX,NYM
2021-03-26,78.23999786376953,81.12999725341797,77.12000274658203,80.37999725341797,80.37999725341797,22031.0,CT=F,USX,NYM
2021-03-29,80.73999786376953,80.8499984741211,79.93000030517578,80.48999786376953,80.48999786376953,11472.0,CT=F,USX,NYM
2021-03-30,80.4800033569336,81.19999694824219,79.81999969482422,80.63999938964844,80.63999938964844,10761.0,CT=F,USX,NYM
2021-03-31,80.69999694824219,81.4000015258789,78.5999984741211,80.87999725341797,80.87999725341797,20609.0,CT=F,USX,NYM
2021-04-01,80.75,81.5199966430664,77.75,77.94999694824219,77.94999694824219,22212.0,CT=F,USX,NYM
2021-04-05,78.75,79.5999984741211,77.6500015258789,77.87999725341797,77.87999725341797,10987.0,CT=F,USX,NYM
2021-04-06,77.69999694824219,80.87999725341797,77.69999694824219,79.22000122070312,79.22000122070312,21896.0,CT=F,USX,NYM
2021-04-07,79.22000122070312,80.63999938964844,78.83999633789062,79.5,79.5,18192.0,CT=F,USX,NYM
2021-04-08,79.80000305175781,81.94000244140625,79.5999984741211,81.41000366210938,81.41000366210938,20684.0,CT=F,USX,NYM
2021-04-09,81.33000183105469,83.43000030517578,81.2699966430664,82.4000015258789,82.4000015258789,20738.0,CT=F,USX,NYM
2021-04-12,82.4000015258789,82.58999633789062,80.0199966430664,80.13999938964844,80.13999938964844,22018.0,CT=F,USX,NYM
2021-04-13,80.13999938964844,81.97000122070312,79.83999633789062,81.81999969482422,81.81999969482422,23102.0,CT=F,USX,NYM
2021-04-14,81.69999694824219,84.33000183105469,81.38999938964844,84.19999694824219,84.19999694824219,16852.0,CT=F,USX,NYM
2021-04-15,84.16999816894531,85.2300033569336,83.48999786376953,85.0199966430664,85.0199966430664,16041.0,CT=F,USX,NYM
2021-04-16,84.77999877929688,85.0999984741211,83.58999633789062,83.70999908447266,83.70999908447266,8030.0,CT=F,USX,NYM
2021-04-19,83.80999755859375,85.04000091552734,83.12000274658203,83.26000213623047,83.26000213623047,8357.0,CT=F,USX,NYM
2021-04-20,83.48999786376953,84.5999984741211,83.48999786376953,83.7699966430664,83.7699966430664,5171.0,CT=F,USX,NYM
2021-04-21,83.94999694824219,84.86000061035156,83.5,84.83000183105469,84.83000183105469,2637.0,CT=F,USX,NYM
2021-04-22,85.0,85.79000091552734,84.27999877929688,84.63999938964844,84.63999938964844,3159.0,CT=F,USX,NYM
2021-04-23,84.5999984741211,87.7300033569336,84.5999984741211,87.51000213623047,87.51000213623047,1703.0,CT=F,USX,NYM
2021-04-26,88.4000015258789,88.4000015258789,87.38999938964844,87.86000061035156,87.86000061035156,7.0,CT=F,USX,NYM
2021-04-27,87.63999938964844,88.9000015258789,87.63999938964844,90.06999969482422,90.06999969482422,7.0,CT=F,USX,NYM
2021-04-28,88.73999786376953,88.73999786376953,88.73999786376953,88.73999786376953,88.73999786376953,0.0,CT=F,USX,NYM
2021-04-29,88.25,88.25,87.55999755859375,85.88999938964844,85.88999938964844,2.0,CT=F,USX,NYM
2021-04-30,87.58999633789062,87.58999633789062,87.51000213623047,87.43000030517578,87.43000030517578,2.0,CT=F,USX,NYM
2021-05-03,87.20999908447266,87.20999908447266,87.20999908447266,87.20999908447266,87.20999908447266,0.0,CT=F,USX,NYM
2021-05-04,86.4000015258789,86.4000015258789,86.4000015258789,86.16999816894531,86.16999816894531,1.0,CT=F,USX,NYM
2021-05-05,85.29000091552734,86.48999786376953,85.29000091552734,86.2300033569336,86.2300033569336,2.0,CT=F,USX,NYM
2021-05-06,89.4800033569336,89.4800033569336,89.4800033569336,89.4800033569336,89.4800033569336,15415.0,CT=F,USX,NYM
2021-05-07,90.80000305175781,91.0,88.5199966430664,89.66000366210938,89.66000366210938,15724.0,CT=F,USX,NYM
2021-05-10,89.4000015258789,89.66999816894531,87.06999969482422,88.47000122070312,88.47000122070312,15080.0,CT=F,USX,NYM
2021-05-11,88.18000030517578,88.8499984741211,87.3499984741211,87.75,87.75,12054.0,CT=F,USX,NYM
2021-05-12,87.69000244140625,89.73999786376953,87.44000244140625,88.2300033569336,88.2300033569336,15259.0,CT=F,USX,NYM
2021-05-13,88.2699966430664,88.2699966430664,84.75,84.9800033569336,84.9800033569336,23547.0,CT=F,USX,NYM
2021-05-14,84.9800033569336,86.25,82.0999984741211,82.43000030517578,82.43000030517578,22928.0,CT=F,USX,NYM
2021-05-17,82.69999694824219,83.56999969482422,82.0,82.31999969482422,82.31999969482422,16939.0,CT=F,USX,NYM
2021-05-18,82.31999969482422,84.30000305175781,82.31999969482422,84.01000213623047,84.01000213623047,14835.0,CT=F,USX,NYM
2021-05-19,84.19000244140625,84.26000213623047,82.16000366210938,82.91999816894531,82.91999816894531,15976.0,CT=F,USX,NYM
2021-05-20,83.2300033569336,83.79000091552734,81.5,81.52999877929688,81.52999877929688,21349.0,CT=F,USX,NYM
2021-05-21,81.52999877929688,83.97000122070312,81.52999877929688,82.81999969482422,82.81999969482422,15495.0,CT=F,USX,NYM
2021-05-24,82.69999694824219,82.93000030517578,82.12000274658203,82.81999969482422,82.81999969482422,9200.0,CT=F,USX,NYM
2021-05-25,82.5999984741211,83.52999877929688,82.4000015258789,82.70999908447266,82.70999908447266,13429.0,CT=F,USX,NYM
2021-05-26,82.69999694824219,83.12999725341797,81.8499984741211,82.44000244140625,82.44000244140625,10342.0,CT=F,USX,NYM
2021-05-27,82.45999908447266,82.77999877929688,81.6500015258789,82.61000061035156,82.61000061035156,11402.0,CT=F,USX,NYM
2021-05-28,82.61000061035156,82.91000366210938,81.93000030517578,82.12000274658203,82.12000274658203,11371.0,CT=F,USX,NYM
2021-06-01,82.38999938964844,84.8499984741211,82.30000305175781,84.25,84.25,18122.0,CT=F,USX,NYM
2021-06-02,84.06999969482422,84.55999755859375,83.30000305175781,83.7699966430664,83.7699966430664,14992.0,CT=F,USX,NYM
2021-06-03,83.94000244140625,84.62000274658203,83.55000305175781,84.20999908447266,84.20999908447266,13158.0,CT=F,USX,NYM
2021-06-04,84.20999908447266,86.33999633789062,83.58000183105469,85.80000305175781,85.80000305175781,19092.0,CT=F,USX,NYM
2021-06-07,85.83000183105469,86.5,84.0999984741211,84.36000061035156,84.36000061035156,15772.0,CT=F,USX,NYM
2021-06-08,84.5,85.9000015258789,84.26000213623047,85.13999938964844,85.13999938964844,15852.0,CT=F,USX,NYM
2021-06-09,85.86000061035156,86.7699966430664,85.22000122070312,86.62000274658203,86.62000274658203,13239.0,CT=F,USX,NYM
2021-06-10,86.55000305175781,87.44999694824219,85.79000091552734,87.36000061035156,87.36000061035156,17670.0,CT=F,USX,NYM
2021-06-11,87.19999694824219,87.73999786376953,86.61000061035156,87.0,87.0,17975.0,CT=F,USX,NYM
2021-06-14,87.0,87.0,83.0999984741211,84.94999694824219,84.94999694824219,16253.0,CT=F,USX,NYM
2021-06-15,84.9000015258789,85.5999984741211,84.13999938964844,85.27999877929688,85.27999877929688,8536.0,CT=F,USX,NYM
2021-06-16,85.44999694824219,85.94999694824219,84.55999755859375,85.33000183105469,85.33000183105469,5795.0,CT=F,USX,NYM
2021-06-17,85.1500015258789,85.4800033569336,83.6500015258789,84.16999816894531,84.16999816894531,6063.0,CT=F,USX,NYM
2021-06-18,84.13999938964844,85.19999694824219,84.11000061035156,84.41999816894531,84.41999816894531,3969.0,CT=F,USX,NYM
2021-06-21,84.3499984741211,84.5,83.5999984741211,84.08999633789062,84.08999633789062,3666.0,CT=F,USX,NYM
2021-06-22,83.88999938964844,84.8499984741211,83.5999984741211,84.22000122070312,84.22000122070312,2797.0,CT=F,USX,NYM
2021-06-23,84.5,86.66000366210938,84.19999694824219,86.45999908447266,86.45999908447266,2443.0,CT=F,USX,NYM
2021-06-24,85.27999877929688,86.2699966430664,85.27999877929688,86.02999877929688,86.02999877929688,99.0,CT=F,USX,NYM
2021-06-25,86.43000030517578,86.43000030517578,86.43000030517578,86.43000030517578,86.43000030517578,0.0,CT=F,USX,NYM
2021-06-28,85.16999816894531,85.16999816894531,85.16999816894531,86.66000366210938,86.66000366210938,4.0,CT=F,USX,NYM
2021-06-29,86.48999786376953,86.48999786376953,86.48999786376953,86.48999786376953,86.48999786376953,1.0,CT=F,USX,NYM
2021-06-30,85.19999694824219,85.19999694824219,85.19999694824219,84.02999877929688,84.02999877929688,2.0,CT=F,USX,NYM
2021-07-01,85.01000213623047,85.01000213623047,85.01000213623047,85.01000213623047,85.01000213623047,0.0,CT=F,USX,NYM
2021-07-02,86.02999877929688,86.02999877929688,86.02999877929688,86.02999877929688,86.02999877929688,0.0,CT=F,USX,NYM
2021-07-06,86.37999725341797,86.37999725341797,86.37999725341797,86.37999725341797,86.37999725341797,0.0,CT=F,USX,NYM
2021-07-07,86.62999725341797,86.62999725341797,86.62999725341797,86.62999725341797,86.62999725341797,0.0,CT=F,USX,NYM
2021-07-08,85.87999725341797,85.87999725341797,85.87999725341797,85.87999725341797,85.87999725341797,6.0,CT=F,USX,NYM
2021-07-09,86.98999786376953,88.0,86.98999786376953,87.98999786376953,87.98999786376953,11.0,CT=F,USX,NYM
2021-07-12,88.0999984741211,88.41000366210938,88.0,88.47000122070312,88.47000122070312,8.0,CT=F,USX,NYM
2021-07-13,88.66999816894531,88.66999816894531,88.66999816894531,88.7699966430664,88.7699966430664,11.0,CT=F,USX,NYM
2021-07-14,89.5,90.33000183105469,89.5,90.56999969482422,90.56999969482422,65.0,CT=F,USX,NYM
2021-07-15,90.43000030517578,90.7300033569336,90.05000305175781,89.83999633789062,89.83999633789062,37.0,CT=F,USX,NYM
2021-07-16,89.6500015258789,90.68000030517578,89.6500015258789,90.69999694824219,90.69999694824219,7.0,CT=F,USX,NYM
2021-07-19,90.55000305175781,90.55000305175781,86.94000244140625,87.11000061035156,87.11000061035156,205.0,CT=F,USX,NYM
2021-07-20,87.87999725341797,89.3499984741211,87.56999969482422,88.87000274658203,88.87000274658203,15.0,CT=F,USX,NYM
2021-07-21,88.47000122070312,88.91999816894531,88.47000122070312,89.08999633789062,89.08999633789062,5.0,CT=F,USX,NYM
2021-07-22,89.30999755859375,90.62999725341797,89.30999755859375,90.2699966430664,90.2699966430664,20.0,CT=F,USX,NYM
2021-07-23,90.62000274658203,90.62999725341797,89.7300033569336,90.31999969482422,90.31999969482422,20.0,CT=F,USX,NYM
2021-07-26,89.56999969482422,90.37999725341797,88.6500015258789,90.29000091552734,90.29000091552734,17.0,CT=F,USX,NYM
2021-07-27,90.69999694824219,91.0,90.44999694824219,90.73999786376953,90.73999786376953,35.0,CT=F,USX,NYM
2021-07-28,91.0,91.51000213623047,90.79000091552734,90.91000366210938,90.91000366210938,41.0,CT=F,USX,NYM
2021-07-29,91.30000305175781,91.43000030517578,90.41000366210938,90.76000213623047,90.76000213623047,30.0,CT=F,USX,NYM
2021-07-30,90.43000030517578,90.43000030517578,89.26000213623047,89.83000183105469,89.83000183105469,50.0,CT=F,USX,NYM
2021-08-02,90.08999633789062,90.69000244140625,89.75,90.06999969482422,90.06999969482422,12.0,CT=F,USX,NYM
2021-08-03,89.83999633789062,90.19999694824219,89.63999938964844,90.30000305175781,90.30000305175781,17.0,CT=F,USX,NYM
2021-08-04,90.69000244140625,91.0199966430664,90.44000244140625,90.72000122070312,90.72000122070312,39.0,CT=F,USX,NYM
2021-08-05,90.37999725341797,91.41000366210938,90.37999725341797,91.16999816894531,91.16999816894531,35.0,CT=F,USX,NYM
2021-08-06,91.13999938964844,92.44000244140625,91.13999938964844,92.41999816894531,92.41999816894531,47.0,CT=F,USX,NYM
2021-08-09,92.13999938964844,92.13999938964844,90.69999694824219,91.30000305175781,91.30000305175781,46.0,CT=F,USX,NYM
2021-08-10,91.8499984741211,92.86000061035156,91.81999969482422,92.73999786376953,92.73999786376953,13.0,CT=F,USX,NYM
2021-08-11,92.62999725341797,92.69000244140625,92.4800033569336,91.63999938964844,91.63999938964844,6.0,CT=F,USX,NYM
2021-08-12,91.79000091552734,94.0999984741211,91.55999755859375,93.7699966430664,93.7699966430664,32.0,CT=F,USX,NYM
2021-08-13,93.19999694824219,95.5,93.19999694824219,95.20999908447266,95.20999908447266,35.0,CT=F,USX,NYM
2021-08-16,94.9800033569336,95.0,94.58000183105469,94.8499984741211,94.8499984741211,13.0,CT=F,USX,NYM
2021-08-17,95.80999755859375,97.33000183105469,95.18000030517578,95.69999694824219,95.69999694824219,41.0,CT=F,USX,NYM
2021-08-18,95.44000244140625,96.31999969482422,94.38999938964844,95.5199966430664,95.5199966430664,41.0,CT=F,USX,NYM
2021-08-19,95.23999786376953,95.48999786376953,93.2699966430664,93.47000122070312,93.47000122070312,21.0,CT=F,USX,NYM
2021-08-20,92.77999877929688,94.54000091552734,92.77999877929688,93.9000015258789,93.9000015258789,13.0,CT=F,USX,NYM
2021-08-23,94.87000274658203,95.0199966430664,94.37000274658203,94.54000091552734,94.54000091552734,19.0,CT=F,USX,NYM
2021-08-24,94.38999938964844,95.87999725341797,93.08999633789062,95.76000213623047,95.76000213623047,10.0,CT=F,USX,NYM
2021-08-25,95.87000274658203,96.20999908447266,95.6500015258789,95.94999694824219,95.94999694824219,8.0,CT=F,USX,NYM
2021-08-26,95.66000366210938,95.66000366210938,95.31999969482422,95.36000061035156,95.36000061035156,7.0,CT=F,USX,NYM
2021-08-27,95.19000244140625,96.30999755859375,95.1500015258789,96.2699966430664,96.2699966430664,11.0,CT=F,USX,NYM
2021-08-30,96.01000213623047,96.08000183105469,95.52999877929688,95.61000061035156,95.61000061035156,5.0,CT=F,USX,NYM
2021-08-31,95.26000213623047,95.26000213623047,94.45999908447266,93.91000366210938,93.91000366210938,13.0,CT=F,USX,NYM
2021-09-01,94.0999984741211,95.25,93.88999938964844,94.1500015258789,94.1500015258789,36.0,CT=F,USX,NYM
2021-09-02,95.13999938964844,95.13999938964844,95.13999938964844,95.13999938964844,95.13999938964844,0.0,CT=F,USX,NYM
2021-09-03,95.5,95.5,95.37999725341797,95.62000274658203,95.62000274658203,7.0,CT=F,USX,NYM
2021-09-07,95.9000015258789,95.9000015258789,95.87999725341797,95.41000366210938,95.41000366210938,9.0,CT=F,USX,NYM
2021-09-08,95.83999633789062,96.12000274658203,95.83999633789062,95.19999694824219,95.19999694824219,3.0,CT=F,USX,NYM
2021-09-09,95.58999633789062,95.58999633789062,94.55000305175781,94.55999755859375,94.55999755859375,9.0,CT=F,USX,NYM
2021-09-10,94.76000213623047,95.30999755859375,93.5,95.2300033569336,95.2300033569336,32.0,CT=F,USX,NYM
2021-09-13,94.18000030517578,94.18000030517578,94.18000030517578,94.41000366210938,94.41000366210938,2.0,CT=F,USX,NYM
2021-09-14,94.51000213623047,95.0999984741211,93.72000122070312,94.95999908447266,94.95999908447266,60.0,CT=F,USX,NYM
2021-09-15,94.7699966430664,94.7699966430664,94.63999938964844,94.66999816894531,94.66999816894531,6.0,CT=F,USX,NYM
2021-09-16,95.54000091552734,95.54000091552734,93.4000015258789,93.41000366210938,93.41000366210938,47.0,CT=F,USX,NYM
2021-09-17,93.12000274658203,93.27999877929688,93.11000061035156,93.31999969482422,93.31999969482422,15.0,CT=F,USX,NYM
2021-09-20,92.37000274658203,92.8499984741211,90.52999877929688,89.88999938964844,89.88999938964844,56.0,CT=F,USX,NYM
2021-09-21,89.79000091552734,91.87999725341797,89.79000091552734,91.18000030517578,91.18000030517578,48.0,CT=F,USX,NYM
2021-09-22,92.04000091552734,92.11000061035156,91.77999877929688,91.83000183105469,91.83000183105469,45.0,CT=F,USX,NYM
2021-09-23,92.13999938964844,92.13999938964844,92.13999938964844,93.30999755859375,93.30999755859375,3.0,CT=F,USX,NYM
2021-09-24,96.8499984741211,96.8499984741211,96.8499984741211,96.8499984741211,96.8499984741211,0.0,CT=F,USX,NYM
2021-09-27,98.91000366210938,98.91000366210938,98.91000366210938,98.91000366210938,98.91000366210938,0.0,CT=F,USX,NYM
2021-09-28,100.91000366210938,100.91000366210938,100.91000366210938,100.91000366210938,100.91000366210938,0.0,CT=F,USX,NYM
2021-09-29,101.91000366210938,101.91000366210938,101.91000366210938,103.94000244140625,103.94000244140625,2.0,CT=F,USX,NYM
2021-09-30,107.80000305175781,107.80000305175781,107.80000305175781,107.80000305175781,107.80000305175781,0.0,CT=F,USX,NYM
2021-10-01,106.52999877929688,106.52999877929688,106.52999877929688,106.52999877929688,106.52999877929688,0.0,CT=F,USX,NYM
2021-10-04,106.93000030517578,106.93000030517578,106.93000030517578,106.93000030517578,106.93000030517578,0.0,CT=F,USX,NYM
2021-10-05,110.93000030517578,110.93000030517578,110.93000030517578,110.93000030517578,110.93000030517578,0.0,CT=F,USX,NYM
2021-10-06,113.0999984741211,113.0999984741211,113.0999984741211,113.0999984741211,113.0999984741211,48.0,CT=F,USX,NYM
2021-10-07,113.6500015258789,113.6500015258789,113.6500015258789,113.6500015258789,113.6500015258789,26439.0,CT=F,USX,NYM
2021-10-08,111.61000061035156,116.4800033569336,110.33000183105469,110.5999984741211,110.5999984741211,32335.0,CT=F,USX,NYM
2021-10-11,110.0,110.93000030517578,107.3499984741211,109.79000091552734,109.79000091552734,22843.0,CT=F,USX,NYM
2021-10-12,109.41999816894531,112.88999938964844,106.06999969482422,106.37999725341797,106.37999725341797,24515.0,CT=F,USX,NYM
2021-10-13,106.37999725341797,106.4000015258789,103.5,103.86000061035156,103.86000061035156,25100.0,CT=F,USX,NYM
2021-10-14,104.0,107.86000061035156,103.91000366210938,107.0999984741211,107.0999984741211,20790.0,CT=F,USX,NYM
2021-10-15,107.44999694824219,111.0999984741211,106.44999694824219,107.33000183105469,107.33000183105469,27340.0,CT=F,USX,NYM
2021-10-18,107.23999786376953,109.69000244140625,105.41000366210938,107.04000091552734,107.04000091552734,15931.0,CT=F,USX,NYM
2021-10-19,107.12999725341797,108.37000274658203,105.25,107.83000183105469,107.83000183105469,14642.0,CT=F,USX,NYM
2021-10-20,107.3499984741211,111.0,106.5,110.7300033569336,110.7300033569336,16189.0,CT=F,USX,NYM
2021-10-21,110.41999816894531,111.3499984741211,105.87999725341797,106.13999938964844,106.13999938964844,20954.0,CT=F,USX,NYM
2021-10-22,106.29000091552734,109.05000305175781,106.23999786376953,108.26000213623047,108.26000213623047,13639.0,CT=F,USX,NYM
2021-10-25,107.83999633789062,110.13999938964844,107.69999694824219,108.54000091552734,108.54000091552734,11645.0,CT=F,USX,NYM
2021-10-26,108.52999877929688,109.55000305175781,108.33999633789062,108.70999908447266,108.70999908447266,11798.0,CT=F,USX,NYM
2021-10-27,108.80999755859375,110.94999694824219,107.66000366210938,110.5199966430664,110.5199966430664,16856.0,CT=F,USX,NYM
2021-10-28,110.55999755859375,114.19999694824219,109.5,113.7300033569336,113.7300033569336,21371.0,CT=F,USX,NYM
2021-10-29,113.75,115.1500015258789,112.1500015258789,114.8499984741211,114.8499984741211,22844.0,CT=F,USX,NYM
2021-11-01,115.13999938964844,119.8499984741211,115.06999969482422,119.83999633789062,119.83999633789062,38039.0,CT=F,USX,NYM
2021-11-02,120.36000061035156,121.66999816894531,116.68000030517578,117.25,117.25,26534.0,CT=F,USX,NYM
2021-11-03,117.5,119.47000122070312,115.75,118.81999969482422,118.81999969482422,23911.0,CT=F,USX,NYM
2021-11-04,118.58999633789062,118.58999633789062,116.19000244140625,116.45999908447266,116.45999908447266,20157.0,CT=F,USX,NYM
2021-11-05,116.69999694824219,117.56999969482422,115.7699966430664,116.87000274658203,116.87000274658203,21721.0,CT=F,USX,NYM
2021-11-08,117.19999694824219,118.37999725341797,116.31999969482422,116.55000305175781,116.55000305175781,19423.0,CT=F,USX,NYM
2021-11-09,116.55000305175781,120.5,116.19999694824219,119.37999725341797,119.37999725341797,22188.0,CT=F,USX,NYM
2021-11-10,118.83999633789062,120.75,118.44999694824219,118.68000030517578,118.68000030517578,20208.0,CT=F,USX,NYM
2021-11-11,118.81999969482422,119.20999908447266,117.54000091552734,118.54000091552734,118.54000091552734,18162.0,CT=F,USX,NYM
2021-11-12,118.6500015258789,118.91000366210938,116.52999877929688,117.69000244140625,117.69000244140625,23517.0,CT=F,USX,NYM
2021-11-15,117.6500015258789,118.19000244140625,116.5,117.62000274658203,117.62000274658203,9018.0,CT=F,USX,NYM
2021-11-16,117.8499984741211,118.41000366210938,117.06999969482422,117.9800033569336,117.9800033569336,11986.0,CT=F,USX,NYM
2021-11-17,117.91000366210938,121.62999725341797,117.61000061035156,119.69999694824219,119.69999694824219,8447.0,CT=F,USX,NYM
2021-11-18,119.69999694824219,120.48999786376953,117.0999984741211,117.58999633789062,117.58999633789062,6535.0,CT=F,USX,NYM
2021-11-19,117.62000274658203,120.29000091552734,117.20999908447266,119.22000122070312,119.22000122070312,4626.0,CT=F,USX,NYM
2021-11-22,118.93000030517578,119.45999908447266,117.5,117.70999908447266,117.70999908447266,2846.0,CT=F,USX,NYM
2021-11-23,117.6500015258789,120.62999725341797,116.80000305175781,120.36000061035156,120.36000061035156,214.0,CT=F,USX,NYM
2021-11-24,119.83000183105469,120.77999877929688,119.48999786376953,120.37999725341797,120.37999725341797,91.0,CT=F,USX,NYM
2021-11-26,117.5,118.5,114.97000122070312,116.5999984741211,116.5999984741211,97.0,CT=F,USX,NYM
2021-11-29,118.02999877929688,118.19999694824219,116.01000213623047,116.6500015258789,116.6500015258789,29.0,CT=F,USX,NYM
2021-11-30,116.4000015258789,116.4000015258789,111.5,111.6500015258789,111.6500015258789,49.0,CT=F,USX,NYM
2021-12-01,110.97000122070312,113.25,110.41000366210938,109.38999938964844,109.38999938964844,8.0,CT=F,USX,NYM
2021-12-02,110.05000305175781,110.05000305175781,109.44999694824219,108.9000015258789,108.9000015258789,3.0,CT=F,USX,NYM
2021-12-03,108.9000015258789,110.58999633789062,108.9000015258789,109.30000305175781,109.30000305175781,24.0,CT=F,USX,NYM
2021-12-06,110.55000305175781,110.55000305175781,110.55000305175781,112.01000213623047,112.01000213623047,1.0,CT=F,USX,NYM
2021-12-07,111.93000030517578,112.1500015258789,111.38999938964844,111.2699966430664,111.2699966430664,9.0,CT=F,USX,NYM
2021-12-08,111.55000305175781,111.55000305175781,111.55000305175781,111.55000305175781,111.55000305175781,9451.0,CT=F,USX,NYM
2021-12-09,106.29000091552734,107.0,105.01000213623047,106.58999633789062,106.58999633789062,10134.0,CT=F,USX,NYM
2021-12-10,106.29000091552734,107.11000061035156,105.72000122070312,106.2300033569336,106.2300033569336,9021.0,CT=F,USX,NYM
2021-12-13,106.2300033569336,107.81999969482422,106.01000213623047,106.80999755859375,106.80999755859375,9152.0,CT=F,USX,NYM
2021-12-14,106.72000122070312,107.04000091552734,105.63999938964844,105.9000015258789,105.9000015258789,8779.0,CT=F,USX,NYM
2021-12-15,105.9000015258789,106.62999725341797,105.44999694824219,105.79000091552734,105.79000091552734,9658.0,CT=F,USX,NYM
2021-12-16,105.87999725341797,109.79000091552734,105.87999725341797,109.68000030517578,109.68000030517578,17271.0,CT=F,USX,NYM
2021-12-17,109.22000122070312,109.4000015258789,106.94000244140625,107.30000305175781,107.30000305175781,12205.0,CT=F,USX,NYM
2021-12-20,107.69000244140625,107.69000244140625,104.2699966430664,105.54000091552734,105.54000091552734,14244.0,CT=F,USX,NYM
2021-12-21,105.77999877929688,108.3499984741211,105.72000122070312,107.2699966430664,107.2699966430664,9671.0,CT=F,USX,NYM
2021-12-22,107.02999877929688,109.3499984741211,106.56999969482422,108.83000183105469,108.83000183105469,9278.0,CT=F,USX,NYM
2021-12-23,108.6500015258789,109.44999694824219,108.20999908447266,109.12000274658203,109.12000274658203,0.0,CT=F,USX,NYM
2021-12-27,108.91000366210938,112.69000244140625,108.51000213623047,112.27999877929688,112.27999877929688,11076.0,CT=F,USX,NYM
2021-12-28,112.12000274658203,112.66999816894531,109.75,110.05000305175781,110.05000305175781,9561.0,CT=F,USX,NYM
2021-12-29,110.05000305175781,113.95999908447266,110.0,112.98999786376953,112.98999786376953,12202.0,CT=F,USX,NYM
2021-12-30,112.98999786376953,115.33000183105469,112.0,114.33999633789062,114.33999633789062,10994.0,CT=F,USX,NYM
2021-12-31,114.0,114.48999786376953,112.36000061035156,112.5999984741211,112.5999984741211,7797.0,CT=F,USX,NYM
2022-01-03,112.76000213623047,114.61000061035156,112.76000213623047,113.2300033569336,113.2300033569336,8190.0,CT=F,USX,NYM
2022-01-04,113.43000030517578,117.68000030517578,113.37000274658203,116.38999938964844,116.38999938964844,17431.0,CT=F,USX,NYM
2022-01-05,116.26000213623047,117.66000366210938,115.51000213623047,116.27999877929688,116.27999877929688,12212.0,CT=F,USX,NYM
2022-01-06,115.75,116.12999725341797,114.5999984741211,114.72000122070312,114.72000122070312,12438.0,CT=F,USX,NYM
2022-01-07,114.95999908447266,116.86000061035156,114.80000305175781,115.12000274658203,115.12000274658203,12577.0,CT=F,USX,NYM
2022-01-10,115.12999725341797,116.37999725341797,114.81999969482422,115.22000122070312,115.22000122070312,13645.0,CT=F,USX,NYM
2022-01-11,115.08000183105469,116.58000183105469,115.0,116.0199966430664,116.0199966430664,10672.0,CT=F,USX,NYM
2022-01-12,115.9000015258789,118.98999786376953,115.69999694824219,117.63999938964844,117.63999938964844,18911.0,CT=F,USX,NYM
2022-01-13,117.6500015258789,118.44999694824219,116.44000244140625,116.83999633789062,116.83999633789062,14037.0,CT=F,USX,NYM
2022-01-14,116.94999694824219,119.9000015258789,116.26000213623047,119.69999694824219,119.69999694824219,12652.0,CT=F,USX,NYM
2022-01-18,119.7699966430664,121.37000274658203,119.05000305175781,121.08000183105469,121.08000183105469,15842.0,CT=F,USX,NYM
2022-01-19,121.08999633789062,124.77999877929688,120.91000366210938,123.94999694824219,123.94999694824219,17235.0,CT=F,USX,NYM
2022-01-20,123.9800033569336,124.77999877929688,122.11000061035156,122.87000274658203,122.87000274658203,13288.0,CT=F,USX,NYM
2022-01-21,121.86000061035156,122.87999725341797,120.66999816894531,120.75,120.75,15815.0,CT=F,USX,NYM
2022-01-24,121.19999694824219,122.5,119.19999694824219,120.37999725341797,120.37999725341797,17635.0,CT=F,USX,NYM
2022-01-25,120.4000015258789,121.44000244140625,120.05000305175781,120.91999816894531,120.91999816894531,13360.0,CT=F,USX,NYM
2022-01-26,120.93000030517578,122.69000244140625,120.7699966430664,122.33000183105469,122.33000183105469,12474.0,CT=F,USX,NYM
2022-01-27,121.91999816894531,122.13999938964844,120.8499984741211,121.62999725341797,121.62999725341797,10742.0,CT=F,USX,NYM
2022-01-28,121.80000305175781,125.5999984741211,120.01000213623047,123.76000213623047,123.76000213623047,22800.0,CT=F,USX,NYM
2022-01-31,123.76000213623047,127.70999908447266,123.25,127.56999969482422,127.56999969482422,19566.0,CT=F,USX,NYM
2022-02-01,127.44999694824219,129.3699951171875,124.5999984741211,127.33000183105469,127.33000183105469,25488.0,CT=F,USX,NYM
2022-02-02,127.45999908447266,128.4499969482422,125.87000274658203,126.33000183105469,126.33000183105469,15461.0,CT=F,USX,NYM
2022-02-03,126.19999694824219,127.69999694824219,125.2699966430664,127.62000274658203,127.62000274658203,18190.0,CT=F,USX,NYM
2022-02-04,127.69999694824219,128.8300018310547,125.69999694824219,126.73999786376953,126.73999786376953,21676.0,CT=F,USX,NYM
2022-02-07,126.76000213623047,126.94000244140625,125.3499984741211,125.56999969482422,125.56999969482422,24554.0,CT=F,USX,NYM
2022-02-08,125.56999969482422,127.31999969482422,125.05000305175781,127.1500015258789,127.1500015258789,23177.0,CT=F,USX,NYM
2022-02-09,127.06999969482422,127.37000274658203,125.83000183105469,126.43000030517578,126.43000030517578,22197.0,CT=F,USX,NYM
2022-02-10,126.44999694824219,127.26000213623047,125.5,125.66000366210938,125.66000366210938,21935.0,CT=F,USX,NYM
2022-02-11,125.5999984741211,126.41000366210938,124.91999816894531,125.27999877929688,125.27999877929688,22279.0,CT=F,USX,NYM
2022-02-14,125.27999877929688,125.47000122070312,121.62000274658203,122.93000030517578,122.93000030517578,16361.0,CT=F,USX,NYM
2022-02-15,123.19000244140625,123.44999694824219,122.5,123.04000091552734,123.04000091552734,9770.0,CT=F,USX,NYM
2022-02-16,123.04000091552734,123.27999877929688,121.55999755859375,121.91000366210938,121.91000366210938,10000.0,CT=F,USX,NYM
2022-02-17,122.26000213623047,122.72000122070312,121.43000030517578,121.93000030517578,121.93000030517578,6761.0,CT=F,USX,NYM
2022-02-18,121.93000030517578,124.19000244140625,121.93000030517578,122.98999786376953,122.98999786376953,6196.0,CT=F,USX,NYM
2022-02-22,121.62999725341797,121.69999694824219,119.69999694824219,121.11000061035156,121.11000061035156,279.0,CT=F,USX,NYM
2022-02-23,121.8499984741211,122.5,120.58000183105469,122.4000015258789,122.4000015258789,53.0,CT=F,USX,NYM
2022-02-24,123.44999694824219,125.33000183105469,122.69999694824219,122.58999633789062,122.58999633789062,24.0,CT=F,USX,NYM
2022-02-25,120.0,122.20999908447266,120.0,122.12000274658203,122.12000274658203,7.0,CT=F,USX,NYM
2022-02-28,123.11000061035156,123.12000274658203,123.11000061035156,122.56999969482422,122.56999969482422,15.0,CT=F,USX,NYM
2022-03-01,121.62000274658203,128.0,121.62000274658203,126.3499984741211,126.3499984741211,17.0,CT=F,USX,NYM
2022-03-02,124.56999969482422,125.27999877929688,121.63999938964844,122.04000091552734,122.04000091552734,26.0,CT=F,USX,NYM
2022-03-03,123.44999694824219,123.83000183105469,123.44999694824219,123.55000305175781,123.55000305175781,8.0,CT=F,USX,NYM
2022-03-04,123.75,123.75,120.4000015258789,120.19999694824219,120.19999694824219,11.0,CT=F,USX,NYM
2022-03-07,119.30000305175781,120.79000091552734,119.30000305175781,120.66000366210938,120.66000366210938,47.0,CT=F,USX,NYM
2022-03-08,121.23999786376953,122.0,121.23999786376953,122.16999816894531,122.16999816894531,3.0,CT=F,USX,NYM
2022-03-09,121.66999816894531,121.66999816894531,121.66999816894531,121.66999816894531,121.66999816894531,10646.0,CT=F,USX,NYM
2022-03-10,117.47000122070312,118.47000122070312,116.66999816894531,116.86000061035156,116.86000061035156,9164.0,CT=F,USX,NYM
2022-03-11,117.0999984741211,121.7300033569336,116.91999816894531,121.02999877929688,121.02999877929688,18291.0,CT=F,USX,NYM
2022-03-14,121.02999877929688,121.26000213623047,117.6500015258789,118.7699966430664,118.7699966430664,13727.0,CT=F,USX,NYM
2022-03-15,118.7699966430664,119.76000213623047,117.05000305175781,118.5999984741211,118.5999984741211,14652.0,CT=F,USX,NYM
2022-03-16,118.5,121.48999786376953,118.16000366210938,119.80000305175781,119.80000305175781,10029.0,CT=F,USX,NYM
2022-03-17,119.80000305175781,122.66999816894531,119.62999725341797,121.86000061035156,121.86000061035156,11660.0,CT=F,USX,NYM
2022-03-18,121.86000061035156,126.86000061035156,121.83999633789062,126.86000061035156,126.86000061035156,18974.0,CT=F,USX,NYM
2022-03-21,127.33999633789062,131.7100067138672,127.0999984741211,130.00999450683594,130.00999450683594,22796.0,CT=F,USX,NYM
2022-03-22,130.25999450683594,130.4499969482422,128.1199951171875,130.0399932861328,130.0399932861328,11117.0,CT=F,USX,NYM
2022-03-23,130.1999969482422,132.9600067138672,129.86000061035156,130.02999877929688,130.02999877929688,12688.0,CT=F,USX,NYM
2022-03-24,130.0399932861328,131.61000061035156,129.36000061035156,130.89999389648438,130.89999389648438,13524.0,CT=F,USX,NYM
2022-03-25,130.89999389648438,135.89999389648438,130.89999389648438,135.89999389648438,135.89999389648438,15240.0,CT=F,USX,NYM
2022-03-28,135.6999969482422,141.8000030517578,134.0500030517578,139.07000732421875,139.07000732421875,27201.0,CT=F,USX,NYM
2022-03-29,139.5800018310547,141.58999633789062,136.67999267578125,136.80999755859375,136.80999755859375,17765.0,CT=F,USX,NYM
2022-03-30,137.0399932861328,140.1999969482422,136.36000061035156,139.83999633789062,139.83999633789062,13504.0,CT=F,USX,NYM
2022-03-31,139.83999633789062,140.6699981689453,135.36000061035156,135.69000244140625,135.69000244140625,18805.0,CT=F,USX,NYM
2022-04-01,136.0,137.49000549316406,134.1199951171875,134.5500030517578,134.5500030517578,15922.0,CT=F,USX,NYM
2022-04-04,134.60000610351562,138.60000610351562,134.60000610351562,137.94000244140625,137.94000244140625,12877.0,CT=F,USX,NYM
2022-04-05,137.92999267578125,140.4499969482422,136.86000061035156,137.52999877929688,137.52999877929688,16015.0,CT=F,USX,NYM
2022-04-06,137.67999267578125,138.44000244140625,135.13999938964844,135.69000244140625,135.69000244140625,22044.0,CT=F,USX,NYM
2022-04-07,135.85000610351562,136.4600067138672,132.8699951171875,133.1999969482422,133.1999969482422,26169.0,CT=F,USX,NYM
2022-04-08,133.39999389648438,134.58999633789062,132.3000030517578,132.41000366210938,132.41000366210938,25578.0,CT=F,USX,NYM
2022-04-11,132.4600067138672,136.27000427246094,131.5800018310547,135.2899932861328,135.2899932861328,22597.0,CT=F,USX,NYM
2022-04-12,135.24000549316406,139.25,135.17999267578125,138.50999450683594,138.50999450683594,20846.0,CT=F,USX,NYM
2022-04-13,138.8300018310547,143.3800048828125,137.49000549316406,142.77000427246094,142.77000427246094,18906.0,CT=F,USX,NYM
2022-04-14,142.9199981689453,146.13999938964844,140.72999572753906,141.97999572753906,141.97999572753906,12774.0,CT=F,USX,NYM
2022-04-18,142.0,145.33999633789062,142.0,144.74000549316406,144.74000549316406,5539.0,CT=F,USX,NYM
2022-04-19,144.8000030517578,145.61000061035156,139.02000427246094,139.67999267578125,139.67999267578125,12022.0,CT=F,USX,NYM
2022-04-20,139.8000030517578,142.4499969482422,139.3800048828125,140.38999938964844,140.38999938964844,5182.0,CT=F,USX,NYM
2022-04-21,140.3800048828125,140.85000610351562,138.5500030517578,138.58999633789062,138.58999633789062,3259.0,CT=F,USX,NYM
2022-04-22,138.60000610351562,141.42999267578125,136.39999389648438,139.4600067138672,139.4600067138672,1582.0,CT=F,USX,NYM
2022-04-25,138.32000732421875,139.0,138.32000732421875,141.41000366210938,141.41000366210938,30.0,CT=F,USX,NYM
2022-04-26,141.92999267578125,142.3300018310547,141.17999267578125,142.52999877929688,142.52999877929688,13.0,CT=F,USX,NYM
2022-04-27,143.2899932861328,143.30999755859375,142.97000122070312,146.0800018310547,146.0800018310547,19.0,CT=F,USX,NYM
2022-04-28,153.0800018310547,153.0800018310547,153.0800018310547,153.0800018310547,153.0800018310547,1.0,CT=F,USX,NYM
2022-04-29,155.0,155.14999389648438,154.75999450683594,152.3300018310547,152.3300018310547,3.0,CT=F,USX,NYM
2022-05-02,155.0,156.63999938964844,155.0,157.16000366210938,157.16000366210938,5.0,CT=F,USX,NYM
2022-05-03,153.3300018310547,153.3300018310547,153.3300018310547,153.3300018310547,153.3300018310547,18.0,CT=F,USX,NYM
2022-05-04,158.02000427246094,158.02000427246094,158.02000427246094,158.02000427246094,158.02000427246094,0.0,CT=F,USX,NYM
2022-05-05,152.02000427246094,152.02000427246094,152.02000427246094,152.02000427246094,152.02000427246094,0.0,CT=F,USX,NYM
2022-05-06,146.8699951171875,146.8699951171875,146.8699951171875,146.8699951171875,146.8699951171875,19170.0,CT=F,USX,NYM
2022-05-09,143.47999572753906,148.1699981689453,142.61000061035156,142.92999267578125,142.92999267578125,17047.0,CT=F,USX,NYM
2022-05-10,142.57000732421875,145.22000122070312,142.10000610351562,142.94000244140625,142.94000244140625,10849.0,CT=F,USX,NYM
2022-05-11,143.17999267578125,144.9600067138672,142.36000061035156,143.60000610351562,143.60000610351562,12967.0,CT=F,USX,NYM
2022-05-12,143.5800018310547,147.9499969482422,143.05999755859375,145.52999877929688,145.52999877929688,14081.0,CT=F,USX,NYM
2022-05-13,145.52999877929688,146.6199951171875,143.5500030517578,145.1999969482422,145.1999969482422,11409.0,CT=F,USX,NYM
2022-05-16,145.66000366210938,150.97000122070312,145.66000366210938,150.64999389648438,150.64999389648438,15677.0,CT=F,USX,NYM
2022-05-17,150.52000427246094,151.9499969482422,148.25,148.4600067138672,148.4600067138672,14819.0,CT=F,USX,NYM
2022-05-18,148.94000244140625,149.1699981689453,143.16000366210938,144.47000122070312,144.47000122070312,16384.0,CT=F,USX,NYM
2022-05-19,144.4499969482422,148.86000061035156,141.1199951171875,147.6999969482422,147.6999969482422,19702.0,CT=F,USX,NYM
2022-05-20,147.35000610351562,148.0,141.86000061035156,142.27000427246094,142.27000427246094,13619.0,CT=F,USX,NYM
2022-05-23,142.61000061035156,144.9499969482422,140.8300018310547,142.75,142.75,12400.0,CT=F,USX,NYM
2022-05-24,142.75,142.82000732421875,140.67999267578125,141.5399932861328,141.5399932861328,13333.0,CT=F,USX,NYM
2022-05-25,141.39999389648438,147.13999938964844,140.75,145.16000366210938,145.16000366210938,19079.0,CT=F,USX,NYM
2022-05-26,144.57000732421875,145.3699951171875,140.36000061035156,140.61000061035156,140.61000061035156,20395.0,CT=F,USX,NYM
2022-05-27,140.6999969482422,141.99000549316406,139.0500030517578,139.4199981689453,139.4199981689453,11381.0,CT=F,USX,NYM
2022-05-31,139.4199981689453,142.0,138.64999389648438,138.97999572753906,138.97999572753906,12501.0,CT=F,USX,NYM
2022-06-01,139.1999969482422,139.75,135.58999633789062,136.05999755859375,136.05999755859375,20895.0,CT=F,USX,NYM
2022-06-02,136.10000610351562,140.63999938964844,134.1199951171875,139.11000061035156,139.11000061035156,15857.0,CT=F,USX,NYM
2022-06-03,139.13999938964844,140.6999969482422,136.05999755859375,138.17999267578125,138.17999267578125,11953.0,CT=F,USX,NYM
2022-06-06,139.47999572753906,141.58999633789062,136.9600067138672,137.74000549316406,137.74000549316406,15548.0,CT=F,USX,NYM
2022-06-07,137.74000549316406,138.47000122070312,136.10000610351562,136.9499969482422,136.9499969482422,18342.0,CT=F,USX,NYM
2022-06-08,137.47000122070312,141.89999389648438,137.07000732421875,140.6199951171875,140.6199951171875,16023.0,CT=F,USX,NYM
2022-06-09,140.3000030517578,146.6199951171875,139.57000732421875,146.50999450683594,146.50999450683594,16928.0,CT=F,USX,NYM
2022-06-10,146.9199981689453,147.6999969482422,144.5,145.05999755859375,145.05999755859375,25754.0,CT=F,USX,NYM
2022-06-13,145.3000030517578,146.5500030517578,143.8000030517578,145.66000366210938,145.66000366210938,12174.0,CT=F,USX,NYM
2022-06-14,145.64999389648438,145.9199981689453,143.36000061035156,143.47999572753906,143.47999572753906,7975.0,CT=F,USX,NYM
2022-06-15,143.63999938964844,145.4499969482422,142.5,143.17999267578125,143.17999267578125,8173.0,CT=F,USX,NYM
2022-06-16,143.50999450683594,147.5,143.4499969482422,143.52999877929688,143.52999877929688,6840.0,CT=F,USX,NYM
2022-06-17,143.57000732421875,145.8800048828125,143.17999267578125,143.4499969482422,143.4499969482422,5106.0,CT=F,USX,NYM
2022-06-21,143.5,146.0,143.39999389648438,143.50999450683594,143.50999450683594,8436.0,CT=F,USX,NYM
2022-06-22,143.5800018310547,145.0,143.0,143.32000732421875,143.32000732421875,6298.0,CT=F,USX,NYM
2022-06-23,143.5,143.72999572753906,136.32000732421875,136.32000732421875,136.32000732421875,5807.0,CT=F,USX,NYM
2022-06-24,132.25,132.25,100.0,103.76000213623047,103.76000213623047,174.0,CT=F,USX,NYM
2022-06-27,102.0,102.0,102.0,100.3499984741211,100.3499984741211,7.0,CT=F,USX,NYM
2022-06-28,103.0,103.0,103.0,100.12000274658203,100.12000274658203,6.0,CT=F,USX,NYM
2022-06-29,103.0,105.0,103.0,104.27999877929688,104.27999877929688,3.0,CT=F,USX,NYM
2022-06-30,104.0,105.0,104.0,103.94000244140625,103.94000244140625,34.0,CT=F,USX,NYM
2022-07-01,109.0,109.0,109.0,103.68000030517578,103.68000030517578,2.0,CT=F,USX,NYM
2022-07-05,99.68000030517578,99.68000030517578,99.68000030517578,99.68000030517578,99.68000030517578,0.0,CT=F,USX,NYM
2022-07-06,94.69000244140625,94.69000244140625,94.69000244140625,94.69000244140625,94.69000244140625,0.0,CT=F,USX,NYM
2022-07-07,98.12000274658203,98.12000274658203,98.12000274658203,98.12000274658203,98.12000274658203,57.0,CT=F,USX,NYM
2022-07-08,100.3499984741211,102.77999877929688,98.76000213623047,102.61000061035156,102.61000061035156,93.0,CT=F,USX,NYM
2022-07-11,104.0,104.08999633789062,101.19999694824219,102.44000244140625,102.44000244140625,9.0,CT=F,USX,NYM
2022-07-12,101.20999908447266,101.20999908447266,98.62999725341797,98.44000244140625,98.44000244140625,14.0,CT=F,USX,NYM
2022-07-13,98.0,98.0,94.26000213623047,95.41000366210938,95.41000366210938,40.0,CT=F,USX,NYM
2022-07-14,95.19000244140625,95.19999694824219,91.41000366210938,91.41000366210938,91.41000366210938,57.0,CT=F,USX,NYM
2022-07-15,90.8499984741211,96.41000366210938,90.8499984741211,96.41000366210938,96.41000366210938,16.0,CT=F,USX,NYM
2022-07-18,97.06999969482422,100.81999969482422,97.06999969482422,100.41999816894531,100.41999816894531,11.0,CT=F,USX,NYM
2022-07-19,100.56999969482422,100.77999877929688,97.44000244140625,100.19999694824219,100.19999694824219,19.0,CT=F,USX,NYM
2022-07-20,99.9000015258789,101.13999938964844,99.88999938964844,100.37999725341797,100.37999725341797,16.0,CT=F,USX,NYM
2022-07-21,100.54000091552734,102.94999694824219,98.4800033569336,99.5999984741211,99.5999984741211,80.0,CT=F,USX,NYM
2022-07-22,100.19000244140625,100.33000183105469,99.25,99.43000030517578,99.43000030517578,8.0,CT=F,USX,NYM
2022-07-25,98.94000244140625,98.98999786376953,97.31999969482422,97.5199966430664,97.5199966430664,78.0,CT=F,USX,NYM
2022-07-26,97.51000213623047,99.83999633789062,95.0199966430664,99.69000244140625,99.69000244140625,84.0,CT=F,USX,NYM
2022-07-27,99.83999633789062,101.5,98.94999694824219,99.83000183105469,99.83000183105469,36.0,CT=F,USX,NYM
2022-07-28,100.63999938964844,102.8499984741211,100.63999938964844,102.37000274658203,102.37000274658203,36.0,CT=F,USX,NYM
2022-07-29,103.05000305175781,104.05999755859375,103.05000305175781,103.12999725341797,103.12999725341797,12.0,CT=F,USX,NYM
2022-08-01,102.37999725341797,102.37999725341797,99.12999725341797,100.29000091552734,100.29000091552734,33.0,CT=F,USX,NYM
2022-08-02,99.80999755859375,102.37000274658203,98.0,100.87000274658203,100.87000274658203,14.0,CT=F,USX,NYM
2022-08-03,100.86000061035156,100.86000061035156,100.4800033569336,100.36000061035156,100.36000061035156,5.0,CT=F,USX,NYM
2022-08-04,100.29000091552734,100.29000091552734,99.77999877929688,100.12000274658203,100.12000274658203,5.0,CT=F,USX,NYM
2022-08-05,101.69000244140625,101.7300033569336,100.30000305175781,101.68000030517578,101.68000030517578,10.0,CT=F,USX,NYM
2022-08-08,101.4800033569336,102.37999725341797,101.38999938964844,101.58000183105469,101.58000183105469,11.0,CT=F,USX,NYM
2022-08-09,101.33000183105469,104.7300033569336,101.23999786376953,104.54000091552734,104.54000091552734,26.0,CT=F,USX,NYM
2022-08-10,104.13999938964844,108.41000366210938,103.7699966430664,106.75,106.75,66.0,CT=F,USX,NYM
2022-08-11,106.94000244140625,110.4000015258789,106.91000366210938,110.44000244140625,110.44000244140625,20.0,CT=F,USX,NYM
2022-08-12,110.4000015258789,114.44000244140625,108.80000305175781,114.44000244140625,114.44000244140625,20.0,CT=F,USX,NYM
2022-08-15,116.05999755859375,119.44000244140625,116.05999755859375,119.44000244140625,119.44000244140625,23.0,CT=F,USX,NYM
2022-08-16,120.20999908447266,125.0,120.20999908447266,122.25,122.25,73.0,CT=F,USX,NYM
2022-08-17,122.1500015258789,122.1500015258789,117.26000213623047,118.31999969482422,118.31999969482422,27.0,CT=F,USX,NYM
2022-08-18,118.73999786376953,118.75,118.73999786376953,117.12000274658203,117.12000274658203,12.0,CT=F,USX,NYM
2022-08-19,115.80999755859375,118.5999984741211,115.38999938964844,119.75,119.75,11.0,CT=F,USX,NYM
2022-08-22,121.04000091552734,121.43000030517578,121.04000091552734,117.88999938964844,117.88999938964844,4.0,CT=F,USX,NYM
2022-08-23,116.0,116.69000244140625,116.0,116.26000213623047,116.26000213623047,8.0,CT=F,USX,NYM
2022-08-24,117.05999755859375,117.93000030517578,116.7300033569336,117.56999969482422,117.56999969482422,6.0,CT=F,USX,NYM
2022-08-25,117.18000030517578,117.18000030517578,117.18000030517578,117.18000030517578,117.18000030517578,0.0,CT=F,USX,NYM
2022-08-26,119.33000183105469,122.18000030517578,119.31999969482422,122.12000274658203,122.12000274658203,53.0,CT=F,USX,NYM
2022-08-29,121.43000030517578,121.61000061035156,120.83999633789062,122.0199966430664,122.0199966430664,12.0,CT=F,USX,NYM
2022-08-30,119.47000122070312,119.47000122070312,117.12999725341797,117.47000122070312,117.47000122070312,42.0,CT=F,USX,NYM
2022-08-31,119.11000061035156,119.11000061035156,117.11000061035156,118.29000091552734,118.29000091552734,12.0,CT=F,USX,NYM
2022-09-01,117.66999816894531,117.94999694824219,113.30000305175781,113.29000091552734,113.29000091552734,29.0,CT=F,USX,NYM
2022-09-02,113.2699966430664,113.79000091552734,109.30000305175781,108.38999938964844,108.38999938964844,45.0,CT=F,USX,NYM
2022-09-06,110.8499984741211,110.8499984741211,108.41000366210938,108.29000091552734,108.29000091552734,8.0,CT=F,USX,NYM
2022-09-07,108.55999755859375,109.02999877929688,106.29000091552734,106.0999984741211,106.0999984741211,17.0,CT=F,USX,NYM
2022-09-08,106.61000061035156,108.5,106.61000061035156,108.31999969482422,108.31999969482422,8.0,CT=F,USX,NYM
2022-09-09,109.5199966430664,109.5199966430664,109.5199966430664,109.5199966430664,109.5199966430664,0.0,CT=F,USX,NYM
2022-09-12,110.20999908447266,110.20999908447266,110.20999908447266,110.20999908447266,110.20999908447266,9.0,CT=F,USX,NYM
2022-09-13,108.33999633789062,108.33999633789062,106.48999786376953,106.31999969482422,106.31999969482422,7.0,CT=F,USX,NYM
2022-09-14,105.9800033569336,105.9800033569336,105.9800033569336,107.08999633789062,107.08999633789062,2.0,CT=F,USX,NYM
2022-09-15,105.23999786376953,105.23999786376953,105.23999786376953,105.23999786376953,105.23999786376953,9.0,CT=F,USX,NYM
2022-09-16,102.44999694824219,102.44999694824219,102.44999694824219,101.23999786376953,101.23999786376953,9.0,CT=F,USX,NYM
2022-09-19,97.54000091552734,97.54000091552734,97.54000091552734,97.54000091552734,97.54000091552734,3.0,CT=F,USX,NYM
2022-09-20,95.38999938964844,95.38999938964844,94.01000213623047,93.54000091552734,93.54000091552734,14.0,CT=F,USX,NYM
2022-09-21,94.30999755859375,97.54000091552734,94.30999755859375,97.25,97.25,44.0,CT=F,USX,NYM
2022-09-22,97.44999694824219,98.69999694824219,96.55999755859375,96.83000183105469,96.83000183105469,46.0,CT=F,USX,NYM
2022-09-23,98.26000213623047,98.26000213623047,94.19000244140625,94.48999786376953,94.48999786376953,2.0,CT=F,USX,NYM
2022-09-26,90.31999969482422,90.31999969482422,90.31999969482422,90.31999969482422,90.31999969482422,0.0,CT=F,USX,NYM
2022-09-27,90.04000091552734,90.04000091552734,90.04000091552734,90.04000091552734,90.04000091552734,0.0,CT=F,USX,NYM
2022-09-28,90.44000244140625,90.44000244140625,90.44000244140625,90.44000244140625,90.44000244140625,0.0,CT=F,USX,NYM
2022-09-29,87.11000061035156,87.11000061035156,87.11000061035156,87.11000061035156,87.11000061035156,3.0,CT=F,USX,NYM
2022-09-30,93.0,93.0,93.0,93.22000122070312,93.22000122070312,1.0,CT=F,USX,NYM
2022-10-03,92.13999938964844,92.13999938964844,92.13999938964844,92.13999938964844,92.13999938964844,0.0,CT=F,USX,NYM
2022-10-04,96.13999938964844,96.13999938964844,96.13999938964844,96.13999938964844,96.13999938964844,0.0,CT=F,USX,NYM
2022-10-05,91.2300033569336,91.2300033569336,91.2300033569336,91.2300033569336,91.2300033569336,0.0,CT=F,USX,NYM
2022-10-06,90.9000015258789,90.9000015258789,90.9000015258789,90.9000015258789,90.9000015258789,0.0,CT=F,USX,NYM
2022-10-07,92.2300033569336,92.2300033569336,92.2300033569336,92.2300033569336,92.2300033569336,17276.0,CT=F,USX,NYM
2022-10-10,84.75,88.2300033569336,83.55000305175781,88.2300033569336,88.2300033569336,16061.0,CT=F,USX,NYM
2022-10-11,88.63999938964844,89.77999877929688,87.05000305175781,88.86000061035156,88.86000061035156,19677.0,CT=F,USX,NYM
2022-10-12,88.48999786376953,88.76000213623047,84.86000061035156,84.91999816894531,84.91999816894531,21059.0,CT=F,USX,NYM
2022-10-13,84.91999816894531,85.58000183105469,82.0,84.79000091552734,84.79000091552734,21950.0,CT=F,USX,NYM
2022-10-14,84.79000091552734,85.86000061035156,83.0,83.1500015258789,83.1500015258789,12790.0,CT=F,USX,NYM
2022-10-17,83.04000091552734,84.68000030517578,83.0,83.08999633789062,83.08999633789062,13029.0,CT=F,USX,NYM
2022-10-18,83.08999633789062,83.75,81.77999877929688,82.29000091552734,82.29000091552734,15750.0,CT=F,USX,NYM
2022-10-19,82.58000183105469,83.69000244140625,78.29000091552734,78.29000091552734,78.29000091552734,25444.0,CT=F,USX,NYM
2022-10-20,78.19999694824219,79.66000366210938,77.13999938964844,77.4000015258789,77.4000015258789,21487.0,CT=F,USX,NYM
2022-10-21,77.5,79.93000030517578,75.80000305175781,79.12999725341797,79.12999725341797,25078.0,CT=F,USX,NYM
2022-10-24,79.4000015258789,80.80000305175781,76.12999725341797,76.12999725341797,76.12999725341797,17879.0,CT=F,USX,NYM
2022-10-25,76.12999725341797,79.08999633789062,76.05000305175781,78.47000122070312,78.47000122070312,17090.0,CT=F,USX,NYM
2022-10-26,78.47000122070312,79.63999938964844,77.66999816894531,77.81999969482422,77.81999969482422,12697.0,CT=F,USX,NYM
2022-10-27,77.80999755859375,78.0999984741211,74.81999969482422,75.11000061035156,75.11000061035156,18100.0,CT=F,USX,NYM
2022-10-28,74.73999786376953,75.37000274658203,72.11000061035156,72.11000061035156,72.11000061035156,16486.0,CT=F,USX,NYM
2022-10-31,72.11000061035156,73.22000122070312,70.20999908447266,72.0,72.0,22708.0,CT=F,USX,NYM
2022-11-01,72.1500015258789,75.0,72.0,75.0,75.0,13666.0,CT=F,USX,NYM
2022-11-02,78.4000015258789,79.0,76.5199966430664,79.0,79.0,31098.0,CT=F,USX,NYM
2022-11-03,79.9000015258789,83.0,77.69000244140625,83.0,83.0,35910.0,CT=F,USX,NYM
2022-11-04,83.44999694824219,87.87000274658203,81.25,86.93000030517578,86.93000030517578,36848.0,CT=F,USX,NYM
2022-11-07,86.2300033569336,88.25,84.8499984741211,87.48999786376953,87.48999786376953,33512.0,CT=F,USX,NYM
2022-11-08,87.45999908447266,89.30999755859375,86.25,87.68000030517578,87.68000030517578,21385.0,CT=F,USX,NYM
2022-11-09,87.68000030517578,88.75,84.19000244140625,86.5,86.5,24710.0,CT=F,USX,NYM
2022-11-10,86.48999786376953,87.44000244140625,84.93000030517578,86.37999725341797,86.37999725341797,18529.0,CT=F,USX,NYM
2022-11-11,86.5199966430664,88.75,86.37999725341797,88.19999694824219,88.19999694824219,19789.0,CT=F,USX,NYM
2022-11-14,88.19999694824219,88.4000015258789,85.12000274658203,85.27999877929688,85.27999877929688,15438.0,CT=F,USX,NYM
2022-11-15,85.3499984741211,89.27999877929688,85.2300033569336,88.73999786376953,88.73999786376953,14469.0,CT=F,USX,NYM
2022-11-16,88.80000305175781,91.8499984741211,87.80999755859375,88.44000244140625,88.44000244140625,9021.0,CT=F,USX,NYM
2022-11-17,88.06999969482422,88.81999969482422,85.63999938964844,87.04000091552734,87.04000091552734,6717.0,CT=F,USX,NYM
2022-11-18,87.04000091552734,87.12999725341797,84.18000030517578,85.16000366210938,85.16000366210938,8735.0,CT=F,USX,NYM
2022-11-21,84.98999786376953,84.98999786376953,81.16000366210938,81.16000366210938,81.16000366210938,7984.0,CT=F,USX,NYM
2022-11-22,81.0,83.94000244140625,80.04000091552734,83.22000122070312,83.22000122070312,2713.0,CT=F,USX,NYM
2022-11-23,83.56999969482422,84.0199966430664,82.0,83.94000244140625,83.94000244140625,484.0,CT=F,USX,NYM
2022-11-25,83.5999984741211,83.5999984741211,83.47000122070312,81.33999633789062,81.33999633789062,2.0,CT=F,USX,NYM
2022-11-28,81.86000061035156,81.86000061035156,79.98999786376953,80.19999694824219,80.19999694824219,126.0,CT=F,USX,NYM
2022-11-29,80.80000305175781,80.80000305175781,80.80000305175781,81.5999984741211,81.5999984741211,4.0,CT=F,USX,NYM
2022-11-30,83.19999694824219,85.5,83.19999694824219,86.05000305175781,86.05000305175781,37.0,CT=F,USX,NYM
2022-12-01,87.75,87.76000213623047,85.9800033569336,85.93000030517578,85.93000030517578,39.0,CT=F,USX,NYM
2022-12-02,84.27999877929688,84.27999877929688,84.27999877929688,84.27999877929688,84.27999877929688,0.0,CT=F,USX,NYM
2022-12-05,84.80000305175781,85.3499984741211,84.72000122070312,84.94000244140625,84.94000244140625,5.0,CT=F,USX,NYM
2022-12-06,85.27999877929688,86.05999755859375,85.27999877929688,85.38999938964844,85.38999938964844,4.0,CT=F,USX,NYM
2022-12-07,82.61000061035156,82.61000061035156,82.61000061035156,82.61000061035156,82.61000061035156,17226.0,CT=F,USX,NYM
2022-12-08,82.1500015258789,84.0999984741211,80.76000213623047,80.8499984741211,80.8499984741211,13719.0,CT=F,USX,NYM
2022-12-09,80.9000015258789,83.75,80.0999984741211,80.94999694824219,80.94999694824219,18902.0,CT=F,USX,NYM
2022-12-12,80.94999694824219,81.87999725341797,79.02999877929688,79.38999938964844,79.38999938964844,14218.0,CT=F,USX,NYM
2022-12-13,79.29000091552734,82.38999938964844,78.80000305175781,81.62999725341797,81.62999725341797,18266.0,CT=F,USX,NYM
2022-12-14,81.47000122070312,82.55000305175781,80.62999725341797,81.37000274658203,81.37000274658203,10979.0,CT=F,USX,NYM
2022-12-15,81.37000274658203,81.97000122070312,80.41000366210938,81.02999877929688,81.02999877929688,11576.0,CT=F,USX,NYM
2022-12-16,81.02999877929688,82.30000305175781,79.80000305175781,81.91999816894531,81.91999816894531,13485.0,CT=F,USX,NYM
2022-12-19,81.91999816894531,85.75,81.33000183105469,84.08000183105469,84.08000183105469,16981.0,CT=F,USX,NYM
2022-12-20,84.08000183105469,88.08000183105469,83.62999725341797,87.83999633789062,87.83999633789062,16356.0,CT=F,USX,NYM
2022-12-21,87.80000305175781,89.6500015258789,87.36000061035156,88.30000305175781,88.30000305175781,15598.0,CT=F,USX,NYM
2022-12-22,88.30000305175781,88.5999984741211,84.30000305175781,84.30000305175781,84.30000305175781,13093.0,CT=F,USX,NYM
2022-12-23,84.30000305175781,85.79000091552734,84.01000213623047,85.20999908447266,85.20999908447266,9295.0,CT=F,USX,NYM
2022-12-27,85.2300033569336,85.63999938964844,84.0199966430664,84.23999786376953,84.23999786376953,7355.0,CT=F,USX,NYM
2022-12-28,84.08999633789062,85.08000183105469,82.36000061035156,83.26000213623047,83.26000213623047,10367.0,CT=F,USX,NYM
2022-12-29,83.25,83.88999938964844,82.5199966430664,82.63999938964844,82.63999938964844,7102.0,CT=F,USX,NYM
2022-12-30,82.63999938964844,84.63999938964844,82.55000305175781,83.37000274658203,83.37000274658203,7527.0,CT=F,USX,NYM
2023-01-03,83.37000274658203,85.8499984741211,82.80000305175781,83.13999938964844,83.13999938964844,13015.0,CT=F,USX,NYM
2023-01-04,83.16999816894531,84.25,80.37000274658203,80.44000244140625,80.44000244140625,18860.0,CT=F,USX,NYM
2023-01-05,80.51000213623047,83.7300033569336,80.5,82.58000183105469,82.58000183105469,16637.0,CT=F,USX,NYM
2023-01-06,82.58000183105469,86.0999984741211,82.11000061035156,85.68000030517578,85.68000030517578,16468.0,CT=F,USX,NYM
2023-01-09,85.66999816894531,87.97000122070312,84.58000183105469,86.22000122070312,86.22000122070312,21882.0,CT=F,USX,NYM
2023-01-10,86.0,86.1500015258789,84.30000305175781,84.76000213623047,84.76000213623047,14170.0,CT=F,USX,NYM
2023-01-11,84.61000061035156,85.83999633789062,83.4000015258789,84.26000213623047,84.26000213623047,14877.0,CT=F,USX,NYM
2023-01-12,84.4000015258789,84.87000274658203,81.8499984741211,82.04000091552734,82.04000091552734,19971.0,CT=F,USX,NYM
2023-01-13,82.0,83.4000015258789,81.6500015258789,82.29000091552734,82.29000091552734,18126.0,CT=F,USX,NYM
2023-01-17,82.4000015258789,83.22000122070312,81.97000122070312,82.81999969482422,82.81999969482422,14294.0,CT=F,USX,NYM
2023-01-18,82.86000061035156,86.30000305175781,82.86000061035156,84.80999755859375,84.80999755859375,21390.0,CT=F,USX,NYM
2023-01-19,84.80000305175781,85.63999938964844,83.2300033569336,83.38999938964844,83.38999938964844,18151.0,CT=F,USX,NYM
2023-01-20,83.58000183105469,86.79000091552734,83.56999969482422,86.69999694824219,86.69999694824219,19412.0,CT=F,USX,NYM
2023-01-23,86.69999694824219,88.68000030517578,85.80000305175781,87.38999938964844,87.38999938964844,22806.0,CT=F,USX,NYM
2023-01-24,87.31999969482422,87.31999969482422,85.62999725341797,86.23999786376953,86.23999786376953,13358.0,CT=F,USX,NYM
2023-01-25,86.16000366210938,87.5,85.12000274658203,86.66000366210938,86.66000366210938,12755.0,CT=F,USX,NYM
2023-01-26,86.80000305175781,88.87999725341797,86.62999725341797,87.5,87.5,17023.0,CT=F,USX,NYM
2023-01-27,87.3499984741211,87.55999755859375,86.11000061035156,86.88999938964844,86.88999938964844,10049.0,CT=F,USX,NYM
2023-01-30,87.25,87.4000015258789,84.5,85.0999984741211,85.0999984741211,18477.0,CT=F,USX,NYM
2023-01-31,85.30000305175781,86.8499984741211,85.01000213623047,86.22000122070312,86.22000122070312,22411.0,CT=F,USX,NYM
2023-02-01,86.01000213623047,87.0,85.30000305175781,85.61000061035156,85.61000061035156,17239.0,CT=F,USX,NYM
2023-02-02,85.80000305175781,87.29000091552734,85.43000030517578,86.38999938964844,86.38999938964844,16548.0,CT=F,USX,NYM
2023-02-03,86.1500015258789,86.44999694824219,85.05000305175781,85.43000030517578,85.43000030517578,17020.0,CT=F,USX,NYM
2023-02-06,85.12999725341797,85.5999984741211,83.06999969482422,83.2699966430664,83.2699966430664,22341.0,CT=F,USX,NYM
2023-02-07,83.2699966430664,86.98999786376953,83.2699966430664,85.62999725341797,85.62999725341797,32551.0,CT=F,USX,NYM
2023-02-08,85.61000061035156,85.88999938964844,84.13999938964844,85.37000274658203,85.37000274658203,23424.0,CT=F,USX,NYM
2023-02-09,85.31999969482422,86.30000305175781,85.0999984741211,85.5,85.5,27192.0,CT=F,USX,NYM
2023-02-10,85.30000305175781,85.6500015258789,84.26000213623047,85.2699966430664,85.2699966430664,17697.0,CT=F,USX,NYM
2023-02-13,85.1500015258789,86.7300033569336,84.52999877929688,85.63999938964844,85.63999938964844,16690.0,CT=F,USX,NYM
2023-02-14,85.5,85.9000015258789,84.4000015258789,85.4000015258789,85.4000015258789,9372.0,CT=F,USX,NYM
2023-02-15,85.25,85.5,82.02999877929688,82.55000305175781,82.55000305175781,14275.0,CT=F,USX,NYM
2023-02-16,82.5,83.79000091552734,81.0,81.25,81.25,7681.0,CT=F,USX,NYM
2023-02-17,81.25,81.75,80.0,80.25,80.25,6547.0,CT=F,USX,NYM
2023-02-21,80.36000061035156,83.5,79.80000305175781,80.91999816894531,80.91999816894531,4284.0,CT=F,USX,NYM
2023-02-22,81.87000274658203,82.77999877929688,81.87000274658203,82.25,82.25,89.0,CT=F,USX,NYM
2023-02-23,83.05999755859375,83.05999755859375,82.0,82.41000366210938,82.41000366210938,15.0,CT=F,USX,NYM
2023-02-24,82.0,82.5999984741211,82.0,85.12999725341797,85.12999725341797,7.0,CT=F,USX,NYM
2023-02-27,85.0,85.0,85.0,85.0,85.0,0.0,CT=F,USX,NYM
2023-02-28,84.75,84.75,83.75,84.19000244140625,84.19000244140625,3.0,CT=F,USX,NYM
2023-03-01,84.56999969482422,84.56999969482422,84.56999969482422,84.56999969482422,84.56999969482422,0.0,CT=F,USX,NYM
2023-03-02,82.8499984741211,82.8499984741211,82.8499984741211,82.8499984741211,82.8499984741211,0.0,CT=F,USX,NYM
2023-03-03,84.30000305175781,84.30000305175781,84.30000305175781,84.37000274658203,84.37000274658203,1.0,CT=F,USX,NYM
2023-03-06,84.86000061035156,84.86000061035156,84.86000061035156,84.86000061035156,84.86000061035156,0.0,CT=F,USX,NYM
2023-03-07,83.12000274658203,83.12000274658203,83.12000274658203,82.88999938964844,82.88999938964844,1.0,CT=F,USX,NYM
2023-03-08,82.73999786376953,82.73999786376953,82.73999786376953,82.73999786376953,82.73999786376953,0.0,CT=F,USX,NYM
2023-03-09,82.30000305175781,82.30000305175781,82.30000305175781,82.30000305175781,82.30000305175781,15573.0,CT=F,USX,NYM
2023-03-10,82.19999694824219,82.25,78.18000030517578,78.18000030517578,78.18000030517578,37570.0,CT=F,USX,NYM
2023-03-13,78.69000244140625,81.18000030517578,77.94999694824219,81.18000030517578,81.18000030517578,34654.0,CT=F,USX,NYM
2023-03-14,80.5999984741211,82.48999786376953,80.30000305175781,81.37000274658203,81.37000274658203,20007.0,CT=F,USX,NYM
2023-03-15,81.30000305175781,81.7300033569336,78.22000122070312,79.11000061035156,79.11000061035156,21827.0,CT=F,USX,NYM
2023-03-16,79.25,79.87000274658203,77.55000305175781,79.16000366210938,79.16000366210938,20984.0,CT=F,USX,NYM
2023-03-17,79.0999984741211,79.31999969482422,76.86000061035156,77.83000183105469,77.83000183105469,17533.0,CT=F,USX,NYM
2023-03-20,77.5999984741211,79.48999786376953,76.68000030517578,77.22000122070312,77.22000122070312,17454.0,CT=F,USX,NYM
2023-03-21,77.30000305175781,79.16000366210938,77.22000122070312,77.8499984741211,77.8499984741211,14038.0,CT=F,USX,NYM
2023-03-22,78.01000213623047,79.80000305175781,77.77999877929688,78.27999877929688,78.27999877929688,13918.0,CT=F,USX,NYM
2023-03-23,78.19999694824219,79.47000122070312,77.1500015258789,77.58000183105469,77.58000183105469,13791.0,CT=F,USX,NYM
2023-03-24,77.54000091552734,77.86000061035156,75.69999694824219,76.54000091552734,76.54000091552734,17861.0,CT=F,USX,NYM
2023-03-27,76.83999633789062,79.54000091552734,76.55000305175781,79.5199966430664,79.5199966430664,18669.0,CT=F,USX,NYM
2023-03-28,79.66000366210938,82.5199966430664,79.66000366210938,82.5199966430664,82.5199966430664,21277.0,CT=F,USX,NYM
2023-03-29,82.5199966430664,83.41999816894531,81.30999755859375,82.76000213623047,82.76000213623047,22288.0,CT=F,USX,NYM
2023-03-30,82.68000030517578,83.94999694824219,82.05000305175781,83.5,83.5,16772.0,CT=F,USX,NYM
2023-03-31,83.63999938964844,83.69000244140625,82.26000213623047,82.77999877929688,82.77999877929688,16291.0,CT=F,USX,NYM
2023-04-03,83.37999725341797,83.63999938964844,81.87999725341797,82.37999725341797,82.37999725341797,15886.0,CT=F,USX,NYM
2023-04-04,82.37999725341797,83.0,80.22000122070312,81.05000305175781,81.05000305175781,17752.0,CT=F,USX,NYM
2023-04-05,81.0,81.97000122070312,80.51000213623047,81.06999969482422,81.06999969482422,13538.0,CT=F,USX,NYM
2023-04-06,81.44999694824219,83.43000030517578,81.19999694824219,83.19999694824219,83.19999694824219,0.0,CT=F,USX,NYM
2023-04-10,83.0,83.62999725341797,82.33000183105469,82.44999694824219,82.44999694824219,19613.0,CT=F,USX,NYM
2023-04-11,82.33000183105469,83.06999969482422,81.9000015258789,82.75,82.75,20090.0,CT=F,USX,NYM
2023-04-12,82.69000244140625,83.16999816894531,82.04000091552734,82.44999694824219,82.44999694824219,23937.0,CT=F,USX,NYM
2023-04-13,82.5,83.80999755859375,82.25,83.3499984741211,83.3499984741211,23172.0,CT=F,USX,NYM
2023-04-14,83.31999969482422,83.7699966430664,82.76000213623047,82.86000061035156,82.86000061035156,18248.0,CT=F,USX,NYM
2023-04-17,82.88999938964844,83.95999908447266,82.6500015258789,83.30000305175781,83.30000305175781,12605.0,CT=F,USX,NYM
2023-04-18,83.30000305175781,84.93000030517578,83.19999694824219,84.55000305175781,84.55000305175781,10075.0,CT=F,USX,NYM
2023-04-19,84.5,84.93000030517578,83.0999984741211,83.23999786376953,83.23999786376953,5731.0,CT=F,USX,NYM
2023-04-20,83.12000274658203,83.25,79.23999786376953,79.23999786376953,79.23999786376953,5553.0,CT=F,USX,NYM
2023-04-21,79.19000244140625,79.97000122070312,78.41999816894531,78.41000366210938,78.41000366210938,1587.0,CT=F,USX,NYM
2023-04-24,80.95999908447266,81.44999694824219,79.6500015258789,78.9800033569336,78.9800033569336,307.0,CT=F,USX,NYM
2023-04-25,76.22000122070312,76.22000122070312,76.22000122070312,77.0,77.0,6.0,CT=F,USX,NYM
2023-04-26,76.51000213623047,76.51000213623047,76.51000213623047,76.51000213623047,76.51000213623047,73.0,CT=F,USX,NYM
2023-04-27,78.62999725341797,78.62999725341797,78.62999725341797,78.62999725341797,78.62999725341797,0.0,CT=F,USX,NYM
2023-04-28,80.81999969482422,80.81999969482422,80.81999969482422,79.02999877929688,79.02999877929688,1.0,CT=F,USX,NYM
2023-05-01,79.54000091552734,79.54000091552734,79.54000091552734,79.54000091552734,79.54000091552734,0.0,CT=F,USX,NYM
2023-05-02,78.5999984741211,78.5999984741211,78.5999984741211,78.5999984741211,78.5999984741211,0.0,CT=F,USX,NYM
2023-05-03,76.98999786376953,76.98999786376953,76.98999786376953,76.98999786376953,76.98999786376953,0.0,CT=F,USX,NYM
2023-05-04,79.98999786376953,79.98999786376953,79.98999786376953,79.98999786376953,79.98999786376953,0.0,CT=F,USX,NYM
2023-05-05,83.5,83.5,83.5,82.12999725341797,82.12999725341797,40.0,CT=F,USX,NYM
2023-05-08,81.52999877929688,81.52999877929688,81.52999877929688,81.52999877929688,81.52999877929688,16344.0,CT=F,USX,NYM
2023-05-09,83.18000030517578,83.18000030517578,80.4000015258789,80.98999786376953,80.98999786376953,21699.0,CT=F,USX,NYM
2023-05-10,80.95999908447266,81.5999984741211,80.19999694824219,80.76000213623047,80.76000213623047,14457.0,CT=F,USX,NYM
2023-05-11,80.7300033569336,81.23999786376953,79.5199966430664,79.62000274658203,79.62000274658203,17793.0,CT=F,USX,NYM
2023-05-12,79.5999984741211,81.76000213623047,79.5999984741211,80.52999877929688,80.52999877929688,16110.0,CT=F,USX,NYM
2023-05-15,80.54000091552734,83.23999786376953,80.52999877929688,82.37000274658203,82.37000274658203,17250.0,CT=F,USX,NYM
2023-05-16,82.3499984741211,83.97000122070312,81.5,83.37999725341797,83.37999725341797,20901.0,CT=F,USX,NYM
2023-05-17,83.19999694824219,87.0,82.83999633789062,86.94000244140625,86.94000244140625,41227.0,CT=F,USX,NYM
2023-05-18,86.5,87.16000366210938,85.62000274658203,86.66000366210938,86.66000366210938,32316.0,CT=F,USX,NYM
2023-05-19,86.30000305175781,87.9800033569336,86.12999725341797,86.72000122070312,86.72000122070312,23929.0,CT=F,USX,NYM
2023-05-22,86.72000122070312,87.25,84.61000061035156,85.31999969482422,85.31999969482422,20543.0,CT=F,USX,NYM
2023-05-23,85.31999969482422,85.66000366210938,83.86000061035156,84.3499984741211,84.3499984741211,15477.0,CT=F,USX,NYM
2023-05-24,84.3499984741211,84.4000015258789,81.4000015258789,81.72000122070312,81.72000122070312,22721.0,CT=F,USX,NYM
2023-05-25,81.70999908447266,82.77999877929688,79.86000061035156,80.12000274658203,80.12000274658203,25928.0,CT=F,USX,NYM
2023-05-26,80.11000061035156,83.73999786376953,80.11000061035156,83.3499984741211,83.3499984741211,30517.0,CT=F,USX,NYM
2023-05-30,83.63999938964844,86.54000091552734,82.76000213623047,83.98999786376953,83.98999786376953,26840.0,CT=F,USX,NYM
2023-05-31,84.48999786376953,84.48999786376953,82.55999755859375,83.4800033569336,83.4800033569336,19748.0,CT=F,USX,NYM
2023-06-01,83.7699966430664,86.88999938964844,83.55000305175781,86.41999816894531,86.41999816894531,26191.0,CT=F,USX,NYM
2023-06-02,86.41999816894531,87.16000366210938,85.5,86.05000305175781,86.05000305175781,16756.0,CT=F,USX,NYM
2023-06-05,85.98999786376953,86.44999694824219,84.37999725341797,84.79000091552734,84.79000091552734,20752.0,CT=F,USX,NYM
2023-06-06,84.69000244140625,85.70999908447266,84.4800033569336,85.33999633789062,85.33999633789062,17012.0,CT=F,USX,NYM
2023-06-07,85.33000183105469,85.5,84.05999755859375,85.01000213623047,85.01000213623047,20246.0,CT=F,USX,NYM
2023-06-08,85.0,86.95999908447266,84.11000061035156,84.30999755859375,84.30999755859375,27976.0,CT=F,USX,NYM
2023-06-09,84.30999755859375,84.62999725341797,83.7699966430664,84.04000091552734,84.04000091552734,20293.0,CT=F,USX,NYM
2023-06-12,84.0999984741211,84.0999984741211,83.08000183105469,83.48999786376953,83.48999786376953,14447.0,CT=F,USX,NYM
2023-06-13,83.52999877929688,84.2699966430664,82.5999984741211,82.72000122070312,82.72000122070312,11123.0,CT=F,USX,NYM
2023-06-14,82.72000122070312,82.9000015258789,81.69999694824219,81.79000091552734,81.79000091552734,7331.0,CT=F,USX,NYM
2023-06-15,82.05000305175781,82.05999755859375,80.5,80.63999938964844,80.63999938964844,7680.0,CT=F,USX,NYM
2023-06-16,80.52999877929688,81.9800033569336,80.52999877929688,81.45999908447266,81.45999908447266,6825.0,CT=F,USX,NYM
2023-06-20,81.6500015258789,81.77999877929688,80.51000213623047,80.66000366210938,80.66000366210938,6751.0,CT=F,USX,NYM
2023-06-21,80.66000366210938,80.91999816894531,79.19999694824219,79.30999755859375,79.30999755859375,6167.0,CT=F,USX,NYM
2023-06-22,79.0999984741211,79.94000244140625,78.0,79.29000091552734,79.29000091552734,4443.0,CT=F,USX,NYM
2023-06-23,79.5999984741211,79.70999908447266,76.91000366210938,78.05999755859375,78.05999755859375,2498.0,CT=F,USX,NYM
2023-06-26,80.8499984741211,80.8499984741211,80.55000305175781,77.06999969482422,77.06999969482422,116.0,CT=F,USX,NYM
2023-06-27,79.55999755859375,79.62999725341797,79.55999755859375,77.63999938964844,77.63999938964844,36.0,CT=F,USX,NYM
2023-06-28,80.12000274658203,80.12000274658203,80.12000274658203,80.12000274658203,80.12000274658203,50.0,CT=F,USX,NYM
2023-06-29,81.25,81.25,81.25,81.25,81.25,4.0,CT=F,USX,NYM
2023-06-30,82.83999633789062,82.83999633789062,82.83999633789062,82.83999633789062,82.83999633789062,0.0,CT=F,USX,NYM
2023-07-03,83.29000091552734,83.30000305175781,83.29000091552734,83.43000030517578,83.43000030517578,3.0,CT=F,USX,NYM
2023-07-05,84.0,84.0,84.0,82.44999694824219,82.44999694824219,1.0,CT=F,USX,NYM
2023-07-06,82.87999725341797,82.87999725341797,82.87999725341797,82.87999725341797,82.87999725341797,0.0,CT=F,USX,NYM
2023-07-07,81.19999694824219,81.19999694824219,81.19999694824219,81.19999694824219,81.19999694824219,101.0,CT=F,USX,NYM
2023-07-10,80.76000213623047,80.76000213623047,80.41999816894531,79.94999694824219,79.94999694824219,3.0,CT=F,USX,NYM
2023-07-11,82.87999725341797,82.94999694824219,81.83000183105469,82.94999694824219,82.94999694824219,23.0,CT=F,USX,NYM
2023-07-12,83.52999877929688,83.97000122070312,82.26000213623047,82.51000213623047,82.51000213623047,21.0,CT=F,USX,NYM
2023-07-13,82.33000183105469,82.66000366210938,82.11000061035156,82.79000091552734,82.79000091552734,226.0,CT=F,USX,NYM
2023-07-14,82.4800033569336,85.23999786376953,82.16000366210938,82.66000366210938,82.66000366210938,263.0,CT=F,USX,NYM
2023-07-17,82.2699966430664,83.29000091552734,82.2699966430664,83.48999786376953,83.48999786376953,3.0,CT=F,USX,NYM
2023-07-18,83.9000015258789,84.5,83.44999694824219,83.77999877929688,83.77999877929688,14.0,CT=F,USX,NYM
2023-07-19,84.19999694824219,86.06999969482422,84.19999694824219,85.62000274658203,85.62000274658203,22.0,CT=F,USX,NYM
2023-07-20,86.31999969482422,86.31999969482422,85.93000030517578,85.93000030517578,85.93000030517578,4.0,CT=F,USX,NYM
2023-07-21,86.87999725341797,86.9000015258789,84.25,85.08000183105469,85.08000183105469,48.0,CT=F,USX,NYM
2023-07-24,84.76000213623047,85.80000305175781,84.76000213623047,85.58000183105469,85.58000183105469,68.0,CT=F,USX,NYM
2023-07-25,86.18000030517578,88.68000030517578,86.05000305175781,88.55000305175781,88.55000305175781,54.0,CT=F,USX,NYM
2023-07-26,88.23999786376953,90.33000183105469,87.9000015258789,89.9800033569336,89.9800033569336,25.0,CT=F,USX,NYM
2023-07-27,89.76000213623047,89.76000213623047,86.2300033569336,86.62000274658203,86.62000274658203,69.0,CT=F,USX,NYM
2023-07-28,87.81999969482422,87.8499984741211,85.0199966430664,85.05999755859375,85.05999755859375,65.0,CT=F,USX,NYM
2023-07-31,85.04000091552734,87.19999694824219,84.5,85.44000244140625,85.44000244140625,29.0,CT=F,USX,NYM
2023-08-01,86.5999984741211,86.68000030517578,85.94999694824219,86.87000274658203,86.87000274658203,7.0,CT=F,USX,NYM
2023-08-02,85.83000183105469,85.87000274658203,84.80000305175781,85.08000183105469,85.08000183105469,8.0,CT=F,USX,NYM
2023-08-03,84.94000244140625,85.25,83.8499984741211,85.27999877929688,85.27999877929688,16.0,CT=F,USX,NYM
2023-08-04,85.0,86.05000305175781,85.0,85.2699966430664,85.2699966430664,10.0,CT=F,USX,NYM
2023-08-07,85.0,86.05000305175781,85.0,86.37999725341797,86.37999725341797,1.0,CT=F,USX,NYM
2023-08-08,85.5,86.18000030517578,85.26000213623047,86.19999694824219,86.19999694824219,13.0,CT=F,USX,NYM
2023-08-09,85.43000030517578,85.43000030517578,85.43000030517578,86.11000061035156,86.11000061035156,1.0,CT=F,USX,NYM
2023-08-10,86.66999816894531,87.68000030517578,86.66999816894531,87.29000091552734,87.29000091552734,16.0,CT=F,USX,NYM
2023-08-11,87.30999755859375,90.16000366210938,87.04000091552734,89.29000091552734,89.29000091552734,9.0,CT=F,USX,NYM
2023-08-14,88.5999984741211,88.5999984741211,86.69000244140625,87.6500015258789,87.6500015258789,14.0,CT=F,USX,NYM
2023-08-15,86.58000183105469,86.58000183105469,85.83999633789062,86.19999694824219,86.19999694824219,9.0,CT=F,USX,NYM
2023-08-16,86.06999969482422,86.06999969482422,85.2699966430664,85.31999969482422,85.31999969482422,17.0,CT=F,USX,NYM
2023-08-17,85.0999984741211,85.0999984741211,84.77999877929688,84.36000061035156,84.36000061035156,5.0,CT=F,USX,NYM
2023-08-18,85.1500015258789,85.16000366210938,84.52999877929688,84.31999969482422,84.31999969482422,6.0,CT=F,USX,NYM
2023-08-21,85.54000091552734,85.56999969482422,85.54000091552734,84.45999908447266,84.45999908447266,2.0,CT=F,USX,NYM
2023-08-22,84.9000015258789,84.9000015258789,84.61000061035156,84.98999786376953,84.98999786376953,3.0,CT=F,USX,NYM
2023-08-23,86.08000183105469,86.23999786376953,84.93000030517578,86.20999908447266,86.20999908447266,23.0,CT=F,USX,NYM
2023-08-24,86.7699966430664,86.94000244140625,85.98999786376953,86.08999633789062,86.08999633789062,67.0,CT=F,USX,NYM
2023-08-25,86.05000305175781,87.68000030517578,86.05000305175781,87.51000213623047,87.51000213623047,7.0,CT=F,USX,NYM
2023-08-28,87.05999755859375,87.0999984741211,87.05999755859375,87.06999969482422,87.06999969482422,2.0,CT=F,USX,NYM
2023-08-29,86.4000015258789,86.81999969482422,86.4000015258789,87.08999633789062,87.08999633789062,2.0,CT=F,USX,NYM
2023-08-30,87.83999633789062,88.30000305175781,87.18000030517578,88.27999877929688,88.27999877929688,29.0,CT=F,USX,NYM
2023-08-31,87.94999694824219,88.55000305175781,87.80999755859375,88.0999984741211,88.0999984741211,7.0,CT=F,USX,NYM
2023-09-01,88.79000091552734,90.13999938964844,88.4000015258789,89.61000061035156,89.61000061035156,42.0,CT=F,USX,NYM
2023-09-05,88.63999938964844,88.63999938964844,86.79000091552734,88.0,88.0,28.0,CT=F,USX,NYM
2023-09-06,87.0,87.0,86.0,86.0,86.0,6.0,CT=F,USX,NYM
2023-09-07,85.56999969482422,85.56999969482422,83.41000366210938,83.62000274658203,83.62000274658203,22.0,CT=F,USX,NYM
2023-09-08,83.61000061035156,84.80000305175781,83.61000061035156,84.41000366210938,84.41000366210938,8.0,CT=F,USX,NYM
2023-09-11,86.25,87.44999694824219,86.12999725341797,86.97000122070312,86.97000122070312,12.0,CT=F,USX,NYM
2023-09-12,87.41000366210938,87.6500015258789,86.20999908447266,87.48999786376953,87.48999786376953,16.0,CT=F,USX,NYM
2023-09-13,86.70999908447266,86.70999908447266,85.05999755859375,85.66999816894531,85.66999816894531,23.0,CT=F,USX,NYM
2023-09-14,86.4000015258789,86.4000015258789,86.05999755859375,86.47000122070312,86.47000122070312,9.0,CT=F,USX,NYM
2023-09-15,86.75,86.75,85.19999694824219,85.38999938964844,85.38999938964844,16.0,CT=F,USX,NYM
2023-09-18,85.77999877929688,85.97000122070312,85.77999877929688,85.54000091552734,85.54000091552734,7.0,CT=F,USX,NYM
2023-09-19,86.52999877929688,86.52999877929688,86.52999877929688,86.05999755859375,86.05999755859375,7.0,CT=F,USX,NYM
2023-09-20,85.7300033569336,85.7300033569336,85.3499984741211,85.37000274658203,85.37000274658203,6.0,CT=F,USX,NYM
2023-09-21,85.0,85.0199966430664,84.69999694824219,84.87000274658203,84.87000274658203,12.0,CT=F,USX,NYM
2023-09-22,84.87000274658203,84.87000274658203,84.87000274658203,84.04000091552734,84.04000091552734,6.0,CT=F,USX,NYM
2023-09-25,86.41999816894531,86.41999816894531,86.41999816894531,86.41999816894531,86.41999816894531,0.0,CT=F,USX,NYM
2023-09-26,88.18000030517578,88.18000030517578,88.18000030517578,88.18000030517578,88.18000030517578,0.0,CT=F,USX,NYM
2023-09-27,88.4000015258789,88.4000015258789,88.4000015258789,88.4000015258789,88.4000015258789,0.0,CT=F,USX,NYM
2023-09-28,89.19999694824219,89.19999694824219,89.19999694824219,88.7300033569336,88.7300033569336,1.0,CT=F,USX,NYM
2023-09-29,90.75,90.75,85.20999908447266,86.86000061035156,86.86000061035156,22.0,CT=F,USX,NYM
2023-10-02,87.45999908447266,87.45999908447266,87.45999908447266,87.45999908447266,87.45999908447266,0.0,CT=F,USX,NYM
2023-10-03,87.13999938964844,87.13999938964844,87.13999938964844,87.13999938964844,87.13999938964844,0.0,CT=F,USX,NYM
2023-10-04,86.72000122070312,86.72000122070312,86.72000122070312,86.72000122070312,86.72000122070312,0.0,CT=F,USX,NYM
2023-10-05,86.25,86.25,86.25,86.25,86.25,0.0,CT=F,USX,NYM
2023-10-06,86.8499984741211,86.8499984741211,86.8499984741211,86.8499984741211,86.8499984741211,0.0,CT=F,USX,NYM
2023-10-09,86.66999816894531,86.66999816894531,86.66999816894531,86.66999816894531,86.66999816894531,23365.0,CT=F,USX,NYM
2023-10-10,87.0999984741211,87.37000274658203,85.36000061035156,85.44999694824219,85.44999694824219,27442.0,CT=F,USX,NYM
2023-10-11,85.5,86.1500015258789,84.37999725341797,85.05000305175781,85.05000305175781,28531.0,CT=F,USX,NYM
2023-10-12,85.01000213623047,85.69999694824219,84.13999938964844,84.91999816894531,84.91999816894531,22993.0,CT=F,USX,NYM
2023-10-13,85.0999984741211,86.48999786376953,84.7300033569336,86.05999755859375,86.05999755859375,19832.0,CT=F,USX,NYM
2023-10-16,86.19999694824219,86.2300033569336,84.58000183105469,85.1500015258789,85.1500015258789,23441.0,CT=F,USX,NYM
2023-10-17,85.1500015258789,85.1500015258789,82.97000122070312,83.2300033569336,83.2300033569336,32468.0,CT=F,USX,NYM
2023-10-18,83.30999755859375,84.5,82.01000213623047,84.23999786376953,84.23999786376953,35021.0,CT=F,USX,NYM
2023-10-19,84.18000030517578,84.38999938964844,82.41000366210938,84.2699966430664,84.2699966430664,20510.0,CT=F,USX,NYM
2023-10-20,84.11000061035156,84.12999725341797,81.51000213623047,82.4000015258789,82.4000015258789,31366.0,CT=F,USX,NYM
2023-10-23,82.29000091552734,84.9000015258789,81.68000030517578,83.7300033569336,83.7300033569336,33193.0,CT=F,USX,NYM
2023-10-24,83.7300033569336,84.44000244140625,82.56999969482422,82.93000030517578,82.93000030517578,19572.0,CT=F,USX,NYM
2023-10-25,82.77999877929688,84.16000366210938,82.7300033569336,83.80999755859375,83.80999755859375,14634.0,CT=F,USX,NYM
2023-10-26,83.76000213623047,85.19999694824219,83.51000213623047,84.58999633789062,84.58999633789062,19467.0,CT=F,USX,NYM
2023-10-27,84.77999877929688,85.44000244140625,83.83000183105469,84.37999725341797,84.37999725341797,17145.0,CT=F,USX,NYM
2023-10-30,84.37999725341797,85.25,82.79000091552734,82.91000366210938,82.91000366210938,19829.0,CT=F,USX,NYM
2023-10-31,82.94999694824219,83.0999984741211,81.1500015258789,81.22000122070312,81.22000122070312,26784.0,CT=F,USX,NYM
2023-11-01,81.37999725341797,81.37999725341797,79.30000305175781,79.44000244140625,79.44000244140625,32215.0,CT=F,USX,NYM
2023-11-02,79.55000305175781,80.81999969482422,79.4800033569336,79.80000305175781,79.80000305175781,24071.0,CT=F,USX,NYM
2023-11-03,79.80000305175781,80.5,79.19999694824219,79.62000274658203,79.62000274658203,16748.0,CT=F,USX,NYM
2023-11-06,79.41999816894531,79.97000122070312,77.86000061035156,78.0,78.0,29926.0,CT=F,USX,NYM
2023-11-07,77.94999694824219,78.16000366210938,76.25,76.4800033569336,76.4800033569336,36280.0,CT=F,USX,NYM
2023-11-08,76.5,76.91999816894531,74.7699966430664,74.88999938964844,74.88999938964844,36591.0,CT=F,USX,NYM
2023-11-09,75.0,77.29000091552734,74.9000015258789,76.5199966430664,76.5199966430664,35683.0,CT=F,USX,NYM
2023-11-10,76.27999877929688,77.75,75.52999877929688,77.31999969482422,77.31999969482422,27663.0,CT=F,USX,NYM
2023-11-13,77.30000305175781,78.0,76.81999969482422,77.4800033569336,77.4800033569336,23202.0,CT=F,USX,NYM
2023-11-14,77.4800033569336,79.87999725341797,77.30999755859375,78.68000030517578,78.68000030517578,19467.0,CT=F,USX,NYM
2023-11-15,78.54000091552734,79.19000244140625,78.04000091552734,78.41000366210938,78.41000366210938,8681.0,CT=F,USX,NYM
2023-11-16,78.2300033569336,79.48999786376953,77.91000366210938,78.68000030517578,78.68000030517578,7847.0,CT=F,USX,NYM
2023-11-17,78.62000274658203,79.41000366210938,78.2300033569336,78.91999816894531,78.91999816894531,5649.0,CT=F,USX,NYM
2023-11-20,78.5999984741211,79.12000274658203,77.0199966430664,77.97000122070312,77.97000122070312,7393.0,CT=F,USX,NYM
2023-11-21,77.75,77.75,76.68000030517578,77.33999633789062,77.33999633789062,10659.0,CT=F,USX,NYM
2023-11-22,77.5999984741211,79.75,77.55000305175781,79.58000183105469,79.58000183105469,3756.0,CT=F,USX,NYM
2023-11-23,77.5999984741211,79.75,77.55000305175781,79.58000183105469,79.58000183105469,3756.0,CT=F,USX,NYM
2023-11-24,79.58000183105469,80.68000030517578,78.2699966430664,80.38999938964844,80.38999938964844,376.0,CT=F,USX,NYM
2023-11-27,80.41999816894531,80.41999816894531,80.41999816894531,78.58999633789062,78.58999633789062,35.0,CT=F,USX,NYM
2023-11-28,78.79000091552734,78.79000091552734,78.79000091552734,78.5999984741211,78.5999984741211,5.0,CT=F,USX,NYM
2023-11-29,78.81999969482422,78.81999969482422,78.81999969482422,78.58999633789062,78.58999633789062,1.0,CT=F,USX,NYM
2023-11-30,79.7699966430664,79.7699966430664,79.06999969482422,79.4000015258789,79.4000015258789,9.0,CT=F,USX,NYM
2023-12-01,76.0,79.4800033569336,76.0,78.41999816894531,78.41999816894531,6.0,CT=F,USX,NYM
2023-12-04,78.41999816894531,78.41999816894531,78.25,77.68000030517578,77.68000030517578,35.0,CT=F,USX,NYM
2023-12-05,78.68000030517578,78.68000030517578,78.68000030517578,78.68000030517578,78.68000030517578,0.0,CT=F,USX,NYM
2023-12-06,78.75,78.75,78.75,78.75,78.75,15441.0,CT=F,USX,NYM
2023-12-07,79.61000061035156,82.75,79.5199966430664,82.58999633789062,82.58999633789062,35322.0,CT=F,USX,NYM
2023-12-08,82.7300033569336,83.12999725341797,81.12000274658203,81.44000244140625,81.44000244140625,23492.0,CT=F,USX,NYM
2023-12-11,81.45999908447266,82.5,81.38999938964844,82.0,82.0,16661.0,CT=F,USX,NYM
2023-12-12,81.9800033569336,82.36000061035156,80.5999984741211,81.05000305175781,81.05000305175781,15833.0,CT=F,USX,NYM
2023-12-13,81.05000305175781,81.70999908447266,80.77999877929688,81.18000030517578,81.18000030517578,12002.0,CT=F,USX,NYM
2023-12-14,81.18000030517578,82.27999877929688,80.69999694824219,80.80999755859375,80.80999755859375,15886.0,CT=F,USX,NYM
2023-12-15,80.80999755859375,81.5,79.83000183105469,79.93000030517578,79.93000030517578,15218.0,CT=F,USX,NYM
2023-12-18,80.0,80.12000274658203,79.05000305175781,79.0999984741211,79.0999984741211,17264.0,CT=F,USX,NYM
2023-12-19,79.18000030517578,79.87000274658203,78.86000061035156,79.45999908447266,79.45999908447266,14595.0,CT=F,USX,NYM
2023-12-20,79.45999908447266,80.58999633789062,79.01000213623047,79.20999908447266,79.20999908447266,14506.0,CT=F,USX,NYM
2023-12-21,79.5,79.8499984741211,78.30999755859375,79.12999725341797,79.12999725341797,17454.0,CT=F,USX,NYM
2023-12-22,79.26000213623047,80.88999938964844,79.25,79.76000213623047,79.76000213623047,15234.0,CT=F,USX,NYM
2023-12-26,79.76000213623047,80.5,79.62000274658203,80.05000305175781,80.05000305175781,6761.0,CT=F,USX,NYM
2023-12-27,80.0,80.76000213623047,79.51000213623047,80.52999877929688,80.52999877929688,13598.0,CT=F,USX,NYM
2023-12-28,80.4800033569336,81.30000305175781,80.19000244140625,80.94999694824219,80.94999694824219,13252.0,CT=F,USX,NYM
2023-12-29,80.80999755859375,81.75,80.44000244140625,81.0,81.0,14269.0,CT=F,USX,NYM
2024-01-02,80.87000274658203,81.75,79.69000244140625,79.94000244140625,79.94000244140625,18900.0,CT=F,USX,NYM
2024-01-03,80.25,81.44999694824219,80.11000061035156,80.93000030517578,80.93000030517578,18949.0,CT=F,USX,NYM
2024-01-04,80.80999755859375,81.25,80.08000183105469,80.12000274658203,80.12000274658203,15899.0,CT=F,USX,NYM
2024-01-05,80.12000274658203,80.56999969482422,79.58999633789062,80.19000244140625,80.19000244140625,15706.0,CT=F,USX,NYM
2024-01-08,80.01000213623047,80.80999755859375,79.5999984741211,80.41999816894531,80.41999816894531,16715.0,CT=F,USX,NYM
2024-01-09,80.45999908447266,81.2300033569336,80.30000305175781,80.7300033569336,80.7300033569336,15329.0,CT=F,USX,NYM
2024-01-10,80.72000122070312,81.0999984741211,79.91999816894531,80.18000030517578,80.18000030517578,18115.0,CT=F,USX,NYM
2024-01-11,80.02999877929688,81.94999694824219,80.0199966430664,81.36000061035156,81.36000061035156,24270.0,CT=F,USX,NYM
2024-01-12,81.36000061035156,82.22000122070312,81.05999755859375,81.30999755859375,81.30999755859375,21837.0,CT=F,USX,NYM
2024-01-16,81.30999755859375,81.5199966430664,80.68000030517578,81.33000183105469,81.33000183105469,15884.0,CT=F,USX,NYM
2024-01-17,81.30999755859375,82.44999694824219,81.01000213623047,81.69999694824219,81.69999694824219,21917.0,CT=F,USX,NYM
2024-01-18,81.87000274658203,82.5999984741211,81.6500015258789,82.51000213623047,82.51000213623047,18093.0,CT=F,USX,NYM
2024-01-19,82.5,84.72000122070312,82.30999755859375,83.94999694824219,83.94999694824219,45229.0,CT=F,USX,NYM
2024-01-22,83.88999938964844,84.98999786376953,83.54000091552734,84.83000183105469,84.83000183105469,33550.0,CT=F,USX,NYM
2024-01-23,84.81999969482422,84.83000183105469,84.02999877929688,84.5999984741211,84.5999984741211,26242.0,CT=F,USX,NYM
2024-01-24,84.5,85.48999786376953,84.29000091552734,85.4000015258789,85.4000015258789,24638.0,CT=F,USX,NYM
2024-01-25,85.30000305175781,85.83000183105469,85.08000183105469,85.76000213623047,85.76000213623047,22811.0,CT=F,USX,NYM
2024-01-26,85.68000030517578,85.86000061035156,84.16000366210938,84.37000274658203,84.37000274658203,23260.0,CT=F,USX,NYM
2024-01-29,84.45999908447266,85.20999908447266,83.86000061035156,84.26000213623047,84.26000213623047,21851.0,CT=F,USX,NYM
2024-01-30,84.5,84.93000030517578,83.6500015258789,84.77999877929688,84.77999877929688,21341.0,CT=F,USX,NYM
2024-01-31,84.68000030517578,85.37000274658203,84.5,85.16999816894531,85.16999816894531,20541.0,CT=F,USX,NYM
2024-02-01,85.0999984741211,86.9000015258789,84.80000305175781,86.48999786376953,86.48999786376953,35547.0,CT=F,USX,NYM
2024-02-02,86.41999816894531,87.31999969482422,85.80000305175781,87.11000061035156,87.11000061035156,28330.0,CT=F,USX,NYM
2024-02-05,86.93000030517578,87.44999694824219,86.51000213623047,87.04000091552734,87.04000091552734,27689.0,CT=F,USX,NYM
2024-02-06,87.0,87.83000183105469,86.94999694824219,87.54000091552734,87.54000091552734,18566.0,CT=F,USX,NYM
2024-02-07,87.58999633789062,88.68000030517578,87.20999908447266,88.47000122070312,88.47000122070312,29945.0,CT=F,USX,NYM
2024-02-08,88.47000122070312,89.27999877929688,88.13999938964844,89.0999984741211,89.0999984741211,29499.0,CT=F,USX,NYM
2024-02-09,89.43000030517578,92.0,88.55999755859375,91.77999877929688,91.77999877929688,39786.0,CT=F,USX,NYM
2024-02-12,91.5199966430664,91.6500015258789,89.4000015258789,90.52999877929688,90.52999877929688,28352.0,CT=F,USX,NYM
2024-02-13,90.25,92.5,90.0999984741211,91.5199966430664,91.5199966430664,17961.0,CT=F,USX,NYM
2024-02-14,91.5199966430664,94.48999786376953,90.91000366210938,93.4800033569336,93.4800033569336,15177.0,CT=F,USX,NYM
2024-02-15,93.4800033569336,95.19999694824219,93.0999984741211,94.62999725341797,94.62999725341797,9358.0,CT=F,USX,NYM
2024-02-16,94.62999725341797,95.93000030517578,92.95999908447266,93.87000274658203,93.87000274658203,5945.0,CT=F,USX,NYM
2024-02-20,93.55000305175781,93.72000122070312,90.5,91.19000244140625,91.19000244140625,10965.0,CT=F,USX,NYM
2024-02-21,91.0999984741211,93.93000030517578,90.88999938964844,92.5999984741211,92.5999984741211,4175.0,CT=F,USX,NYM
2024-02-22,92.5999984741211,94.55000305175781,92.12999725341797,94.19999694824219,94.19999694824219,2582.0,CT=F,USX,NYM
2024-02-23,93.87999725341797,95.41999816894531,93.51000213623047,94.93000030517578,94.93000030517578,222.0,CT=F,USX,NYM
2024-02-26,94.77999877929688,96.12999725341797,94.77999877929688,96.58000183105469,96.58000183105469,8.0,CT=F,USX,NYM
2024-02-27,96.75,99.0,96.70999908447266,100.75,100.75,33.0,CT=F,USX,NYM
2024-02-28,103.79000091552734,107.25,103.79000091552734,103.06999969482422,103.06999969482422,10.0,CT=F,USX,NYM
2024-02-29,101.55999755859375,101.55999755859375,101.55999755859375,101.55999755859375,101.55999755859375,0.0,CT=F,USX,NYM
2024-03-01,97.55999755859375,97.55999755859375,97.55999755859375,97.55999755859375,97.55999755859375,0.0,CT=F,USX,NYM
2024-03-04,99.0,99.0,99.0,98.44000244140625,98.44000244140625,3.0,CT=F,USX,NYM
2024-03-05,98.0999984741211,98.0999984741211,98.0999984741211,98.0999984741211,98.0999984741211,0.0,CT=F,USX,NYM
2024-03-06,99.13999938964844,99.13999938964844,99.13999938964844,99.13999938964844,99.13999938964844,22019.0,CT=F,USX,NYM
2024-03-07,94.86000061035156,99.27999877929688,94.86000061035156,99.27999877929688,99.27999877929688,27154.0,CT=F,USX,NYM
2024-03-08,99.19999694824219,101.5,95.27999877929688,95.27999877929688,95.27999877929688,30104.0,CT=F,USX,NYM
2024-03-11,94.86000061035156,97.52999877929688,94.55000305175781,95.05999755859375,95.05999755859375,23698.0,CT=F,USX,NYM
2024-03-12,95.05999755859375,95.7699966430664,94.05000305175781,95.2300033569336,95.2300033569336,20011.0,CT=F,USX,NYM
2024-03-13,95.2300033569336,96.2300033569336,94.5199966430664,94.9000015258789,94.9000015258789,13685.0,CT=F,USX,NYM
2024-03-14,95.05000305175781,95.54000091552734,93.19999694824219,93.4800033569336,93.4800033569336,22296.0,CT=F,USX,NYM
2024-03-15,93.62999725341797,94.55000305175781,93.26000213623047,93.94000244140625,93.94000244140625,14917.0,CT=F,USX,NYM
2024-03-18,93.87999725341797,96.19999694824219,93.80000305175781,94.56999969482422,94.56999969482422,16245.0,CT=F,USX,NYM
2024-03-19,94.56999969482422,94.6500015258789,92.19000244140625,93.33999633789062,93.33999633789062,24585.0,CT=F,USX,NYM
2024-03-20,93.41999816894531,93.47000122070312,91.80999755859375,92.18000030517578,92.18000030517578,16312.0,CT=F,USX,NYM
2024-03-21,92.5,93.5,91.83999633789062,92.20999908447266,92.20999908447266,16106.0,CT=F,USX,NYM
2024-03-22,92.22000122070312,92.8499984741211,91.41999816894531,91.52999877929688,91.52999877929688,15275.0,CT=F,USX,NYM
2024-03-25,91.69000244140625,92.30999755859375,90.9800033569336,92.0199966430664,92.0199966430664,16372.0,CT=F,USX,NYM
2024-03-26,92.02999877929688,94.2699966430664,92.02999877929688,93.41000366210938,93.41000366210938,18482.0,CT=F,USX,NYM
2024-03-27,93.41000366210938,93.41000366210938,90.55999755859375,90.7699966430664,90.7699966430664,21775.0,CT=F,USX,NYM
2024-03-28,90.9800033569336,91.97000122070312,90.51000213623047,91.37999725341797,91.37999725341797,20169.0,CT=F,USX,NYM
2024-04-01,91.56999969482422,92.87999725341797,91.54000091552734,92.76000213623047,92.76000213623047,12909.0,CT=F,USX,NYM
2024-04-02,92.76000213623047,92.9000015258789,90.69999694824219,90.80999755859375,90.80999755859375,22771.0,CT=F,USX,NYM
2024-04-03,90.80999755859375,91.1500015258789,88.86000061035156,88.9800033569336,88.9800033569336,29024.0,CT=F,USX,NYM
2024-04-04,88.9000015258789,89.25,87.0999984741211,87.13999938964844,87.13999938964844,30417.0,CT=F,USX,NYM
2024-04-05,87.19999694824219,87.5999984741211,86.16999816894531,86.25,86.25,34886.0,CT=F,USX,NYM
2024-04-08,86.33000183105469,88.23999786376953,86.12000274658203,86.6500015258789,86.6500015258789,31716.0,CT=F,USX,NYM
2024-04-09,86.79000091552734,87.2300033569336,85.95999908447266,86.04000091552734,86.04000091552734,32185.0,CT=F,USX,NYM
2024-04-10,86.11000061035156,86.69000244140625,85.25,85.30999755859375,85.30999755859375,36691.0,CT=F,USX,NYM
2024-04-11,85.33999633789062,85.4800033569336,83.1500015258789,83.37000274658203,83.37000274658203,28458.0,CT=F,USX,NYM
2024-04-12,83.36000061035156,83.97000122070312,81.69999694824219,82.62000274658203,82.62000274658203,21652.0,CT=F,USX,NYM
2024-04-15,82.5999984741211,84.2699966430664,82.5999984741211,82.93000030517578,82.93000030517578,15084.0,CT=F,USX,NYM
2024-04-16,83.06999969482422,83.4000015258789,79.5,81.29000091552734,81.29000091552734,15199.0,CT=F,USX,NYM
2024-04-17,81.2699966430664,81.94000244140625,79.02999877929688,79.55999755859375,79.55999755859375,7256.0,CT=F,USX,NYM
2024-04-18,79.6500015258789,79.93000030517578,77.41000366210938,78.0999984741211,78.0999984741211,8597.0,CT=F,USX,NYM
2024-04-19,78.2699966430664,79.7699966430664,77.86000061035156,78.69000244140625,78.69000244140625,4183.0,CT=F,USX,NYM
2024-04-22,78.80000305175781,80.36000061035156,78.77999877929688,80.04000091552734,80.04000091552734,2821.0,CT=F,USX,NYM
2024-04-23,80.0,80.80999755859375,78.12999725341797,80.22000122070312,80.22000122070312,1221.0,CT=F,USX,NYM
2024-04-24,79.51000213623047,79.51000213623047,79.51000213623047,79.51000213623047,79.51000213623047,0.0,CT=F,USX,NYM
2024-04-25,79.58000183105469,79.58000183105469,79.58000183105469,79.58000183105469,79.58000183105469,0.0,CT=F,USX,NYM
2024-04-26,80.06999969482422,80.06999969482422,80.06999969482422,79.4000015258789,79.4000015258789,1.0,CT=F,USX,NYM
2024-04-29,80.18000030517578,80.18000030517578,80.18000030517578,80.0199966430664,80.0199966430664,2.0,CT=F,USX,NYM
2024-04-30,79.30000305175781,79.30000305175781,79.30000305175781,77.91999816894531,77.91999816894531,9.0,CT=F,USX,NYM
2024-05-01,75.80999755859375,75.80999755859375,75.80999755859375,75.80999755859375,75.80999755859375,0.0,CT=F,USX,NYM
2024-05-02,74.91999816894531,74.91999816894531,74.91999816894531,74.91999816894531,74.91999816894531,0.0,CT=F,USX,NYM
2024-05-03,77.36000061035156,77.36000061035156,77.36000061035156,77.36000061035156,77.36000061035156,0.0,CT=F,USX,NYM
2024-05-06,76.55999755859375,76.55999755859375,76.55999755859375,76.55999755859375,76.55999755859375,1.0,CT=F,USX,NYM
2024-05-07,77.0,77.0,77.0,77.0,77.0,0.0,CT=F,USX,NYM
2024-05-08,80.05999755859375,80.05999755859375,80.05999755859375,80.05999755859375,80.05999755859375,28975.0,CT=F,USX,NYM
2024-05-09,80.2300033569336,80.2300033569336,77.77999877929688,78.5999984741211,78.5999984741211,25699.0,CT=F,USX,NYM
2024-05-10,78.37999725341797,78.58000183105469,76.6500015258789,77.30999755859375,77.30999755859375,16775.0,CT=F,USX,NYM
2024-05-13,77.44999694824219,78.43000030517578,77.11000061035156,77.62999725341797,77.62999725341797,14068.0,CT=F,USX,NYM
2024-05-14,77.73999786376953,77.91000366210938,74.62999725341797,74.62999725341797,74.62999725341797,28504.0,CT=F,USX,NYM
2024-05-15,74.5999984741211,75.91000366210938,73.68000030517578,75.41000366210938,75.41000366210938,25618.0,CT=F,USX,NYM
2024-05-16,75.63999938964844,77.23999786376953,75.22000122070312,76.23999786376953,76.23999786376953,18848.0,CT=F,USX,NYM
2024-05-17,75.91999816894531,76.83000183105469,75.55000305175781,75.88999938964844,75.88999938964844,9604.0,CT=F,USX,NYM
2024-05-20,75.91000366210938,76.9800033569336,75.5,76.02999877929688,76.02999877929688,13523.0,CT=F,USX,NYM
2024-05-21,76.02999877929688,76.70999908447266,74.9800033569336,76.37999725341797,76.37999725341797,15887.0,CT=F,USX,NYM
2024-05-22,76.2300033569336,79.37999725341797,76.2300033569336,79.37999725341797,79.37999725341797,20584.0,CT=F,USX,NYM
2024-05-23,79.37999725341797,82.5999984741211,78.36000061035156,81.72000122070312,81.72000122070312,38868.0,CT=F,USX,NYM
2024-05-24,81.4000015258789,82.16999816894531,79.52999877929688,80.5199966430664,80.5199966430664,22721.0,CT=F,USX,NYM
2024-05-28,80.66000366210938,83.19000244140625,80.30000305175781,82.43000030517578,82.43000030517578,24063.0,CT=F,USX,NYM
2024-05-29,82.33000183105469,82.5,80.25,81.0999984741211,81.0999984741211,16692.0,CT=F,USX,NYM
2024-05-30,81.08999633789062,82.16999816894531,77.20999908447266,77.76000213623047,77.76000213623047,26689.0,CT=F,USX,NYM
2024-05-31,78.4800033569336,78.83000183105469,76.06999969482422,76.1500015258789,76.1500015258789,24767.0,CT=F,USX,NYM
2024-06-03,76.1500015258789,76.52999877929688,73.1500015258789,73.1500015258789,73.1500015258789,33071.0,CT=F,USX,NYM
2024-06-04,73.1500015258789,74.04000091552734,72.26000213623047,73.4800033569336,73.4800033569336,27890.0,CT=F,USX,NYM
2024-06-05,73.5999984741211,75.36000061035156,73.4800033569336,74.44000244140625,74.44000244140625,19144.0,CT=F,USX,NYM
2024-06-06,74.33000183105469,75.91000366210938,73.69999694824219,75.44000244140625,75.44000244140625,21192.0,CT=F,USX,NYM
2024-06-07,75.61000061035156,76.0,73.54000091552734,73.83999633789062,73.83999633789062,23032.0,CT=F,USX,NYM
2024-06-10,73.83999633789062,74.27999877929688,71.27999877929688,71.80999755859375,71.80999755859375,24595.0,CT=F,USX,NYM
2024-06-11,72.11000061035156,73.54000091552734,71.51000213623047,72.7300033569336,72.7300033569336,19346.0,CT=F,USX,NYM
2024-06-12,73.0,73.23999786376953,71.5,71.73999786376953,71.73999786376953,18968.0,CT=F,USX,NYM
2024-06-13,71.7300033569336,72.19999694824219,71.30000305175781,71.3499984741211,71.3499984741211,12084.0,CT=F,USX,NYM
2024-06-14,71.58999633789062,71.81999969482422,70.83999633789062,70.97000122070312,70.97000122070312,11388.0,CT=F,USX,NYM
2024-06-17,70.8499984741211,71.22000122070312,68.29000091552734,69.94000244140625,69.94000244140625,12440.0,CT=F,USX,NYM
2024-06-18,70.01000213623047,71.94999694824219,68.9000015258789,71.02999877929688,71.02999877929688,9937.0,CT=F,USX,NYM
2024-06-20,71.01000213623047,71.9800033569336,70.69000244140625,70.8499984741211,70.8499984741211,5208.0,CT=F,USX,NYM
2024-06-21,71.05999755859375,71.19999694824219,67.8499984741211,68.19000244140625,68.19000244140625,4805.0,CT=F,USX,NYM
2024-06-24,67.91999816894531,71.52999877929688,67.9000015258789,71.29000091552734,71.29000091552734,57.0,CT=F,USX,NYM
2024-06-25,72.0,73.69000244140625,72.0,72.5999984741211,72.5999984741211,6.0,CT=F,USX,NYM
2024-06-26,73.25,73.29000091552734,70.08999633789062,72.69999694824219,72.69999694824219,7.0,CT=F,USX,NYM
2024-06-27,72.0199966430664,72.0199966430664,72.0199966430664,72.0199966430664,72.0199966430664,0.0,CT=F,USX,NYM
2024-06-28,69.80999755859375,69.80999755859375,69.80999755859375,69.80999755859375,69.80999755859375,24.0,CT=F,USX,NYM
2024-07-01,71.9000015258789,71.9000015258789,71.9000015258789,70.06999969482422,70.06999969482422,1.0,CT=F,USX,NYM
2024-07-02,69.33000183105469,69.33000183105469,69.33000183105469,69.33000183105469,69.33000183105469,0.0,CT=F,USX,NYM
2024-07-03,68.68000030517578,68.68000030517578,68.68000030517578,68.68000030517578,68.68000030517578,0.0,CT=F,USX,NYM
2024-07-05,67.30999755859375,67.30999755859375,67.30999755859375,67.30999755859375,67.30999755859375,0.0,CT=F,USX,NYM
2024-07-08,67.31999969482422,67.31999969482422,67.31999969482422,67.31999969482422,67.31999969482422,0.0,CT=F,USX,NYM
2024-07-09,66.95999908447266,66.95999908447266,66.95999908447266,66.95999908447266,66.95999908447266,32.0,CT=F,USX,NYM
2024-07-10,69.2699966430664,70.25,69.0999984741211,69.33000183105469,69.33000183105469,77.0,CT=F,USX,NYM
2024-07-11,69.83999633789062,69.93000030517578,68.93000030517578,69.05999755859375,69.05999755859375,46.0,CT=F,USX,NYM
2024-07-12,69.0999984741211,69.0999984741211,68.30000305175781,68.91999816894531,68.91999816894531,34.0,CT=F,USX,NYM
2024-07-15,69.33000183105469,71.55999755859375,68.9000015258789,70.86000061035156,70.86000061035156,64.0,CT=F,USX,NYM
2024-07-16,70.6500015258789,70.94999694824219,69.80999755859375,70.37000274658203,70.37000274658203,42.0,CT=F,USX,NYM
2024-07-17,71.0,72.04000091552734,71.0,71.12000274658203,71.12000274658203,28.0,CT=F,USX,NYM
2024-07-18,71.01000213623047,71.5999984741211,71.01000213623047,71.37000274658203,71.37000274658203,19.0,CT=F,USX,NYM
2024-07-19,70.30999755859375,71.04000091552734,69.93000030517578,69.9800033569336,69.9800033569336,7.0,CT=F,USX,NYM
2024-07-22,70.12999725341797,70.87000274658203,69.8499984741211,70.12999725341797,70.12999725341797,28.0,CT=F,USX,NYM
2024-07-23,70.63999938964844,70.63999938964844,67.58999633789062,68.02999877929688,68.02999877929688,94.0,CT=F,USX,NYM
2024-07-24,68.01000213623047,68.01000213623047,65.9000015258789,67.01000213623047,67.01000213623047,84.0,CT=F,USX,NYM
2024-07-25,66.4000015258789,67.25,66.23999786376953,67.20999908447266,67.20999908447266,27.0,CT=F,USX,NYM
2024-07-26,66.4000015258789,66.4000015258789,65.68000030517578,66.06999969482422,66.06999969482422,9.0,CT=F,USX,NYM
2024-07-29,66.7699966430664,67.73999786376953,66.7699966430664,67.51000213623047,67.51000213623047,23.0,CT=F,USX,NYM
2024-07-30,67.5199966430664,68.5,67.5199966430664,68.1500015258789,68.1500015258789,23.0,CT=F,USX,NYM
2024-07-31,68.3499984741211,68.36000061035156,67.16000366210938,67.9800033569336,67.9800033569336,39.0,CT=F,USX,NYM
2024-08-01,67.5999984741211,68.69999694824219,66.69999694824219,66.87999725341797,66.87999725341797,13.0,CT=F,USX,NYM
2024-08-02,66.5199966430664,67.93000030517578,66.5199966430664,67.18000030517578,67.18000030517578,17.0,CT=F,USX,NYM
2024-08-05,67.08999633789062,67.73999786376953,65.68000030517578,66.55000305175781,66.55000305175781,16.0,CT=F,USX,NYM
2024-08-06,66.69000244140625,66.69000244140625,66.22000122070312,66.19999694824219,66.19999694824219,7.0,CT=F,USX,NYM
2024-08-07,66.0,67.0,65.91999816894531,66.47000122070312,66.47000122070312,30.0,CT=F,USX,NYM
2024-08-08,66.06999969482422,66.0999984741211,65.30000305175781,65.79000091552734,65.79000091552734,17.0,CT=F,USX,NYM
2024-08-09,66.20999908447266,67.4000015258789,66.20999908447266,67.08999633789062,67.08999633789062,33.0,CT=F,USX,NYM
2024-08-12,67.55000305175781,69.94999694824219,67.55000305175781,68.29000091552734,68.29000091552734,57.0,CT=F,USX,NYM
2024-08-13,67.80000305175781,67.94999694824219,67.33999633789062,67.0999984741211,67.0999984741211,23.0,CT=F,USX,NYM
2024-08-14,66.97000122070312,67.55000305175781,66.12000274658203,66.18000030517578,66.18000030517578,31.0,CT=F,USX,NYM
2024-08-15,66.5999984741211,66.75,66.44999694824219,66.33999633789062,66.33999633789062,9.0,CT=F,USX,NYM
2024-08-16,66.3499984741211,66.36000061035156,65.77999877929688,66.45999908447266,66.45999908447266,17.0,CT=F,USX,NYM
2024-08-19,66.77999877929688,68.5,66.77999877929688,67.9800033569336,67.9800033569336,23.0,CT=F,USX,NYM
2024-08-20,68.55000305175781,69.19000244140625,68.41999816894531,68.80000305175781,68.80000305175781,18.0,CT=F,USX,NYM
2024-08-21,68.81999969482422,69.75,68.81999969482422,69.70999908447266,69.70999908447266,51.0,CT=F,USX,NYM
2024-08-22,69.79000091552734,70.87000274658203,68.51000213623047,69.58999633789062,69.58999633789062,41.0,CT=F,USX,NYM
2024-08-23,70.41999816894531,71.0999984741211,70.41999816894531,71.29000091552734,71.29000091552734,9.0,CT=F,USX,NYM
2024-08-26,71.97000122070312,71.98999786376953,71.26000213623047,70.58000183105469,70.58000183105469,12.0,CT=F,USX,NYM
2024-08-27,70.2699966430664,70.91000366210938,69.31999969482422,70.0199966430664,70.0199966430664,28.0,CT=F,USX,NYM
2024-08-28,69.55000305175781,69.55000305175781,68.5999984741211,68.73999786376953,68.73999786376953,9.0,CT=F,USX,NYM
2024-08-29,69.5,70.19999694824219,69.08999633789062,70.12999725341797,70.12999725341797,9.0,CT=F,USX,NYM
2024-08-30,69.93000030517578,69.93000030517578,69.55000305175781,69.79000091552734,69.79000091552734,10.0,CT=F,USX,NYM
2024-09-03,69.1500015258789,71.70999908447266,69.1500015258789,70.76000213623047,70.76000213623047,27.0,CT=F,USX,NYM
2024-09-04,69.55000305175781,70.18000030517578,69.37000274658203,69.88999938964844,69.88999938964844,4.0,CT=F,USX,NYM
2024-09-05,69.9000015258789,70.05000305175781,69.33000183105469,69.48999786376953,69.48999786376953,5.0,CT=F,USX,NYM
2024-09-06,69.0,69.0,66.93000030517578,67.12000274658203,67.12000274658203,16.0,CT=F,USX,NYM
2024-09-09,67.62000274658203,68.41000366210938,67.25,67.54000091552734,67.54000091552734,16.0,CT=F,USX,NYM
2024-09-10,68.47000122070312,68.52999877929688,67.77999877929688,68.08000183105469,68.08000183105469,5.0,CT=F,USX,NYM
2024-09-11,68.4000015258789,70.6500015258789,68.4000015258789,69.30999755859375,69.30999755859375,50.0,CT=F,USX,NYM
2024-09-12,70.05000305175781,70.05000305175781,70.05000305175781,70.05000305175781,70.05000305175781,0.0,CT=F,USX,NYM
2024-09-13,69.4800033569336,69.4800033569336,69.4800033569336,69.4800033569336,69.4800033569336,2.0,CT=F,USX,NYM
2024-09-16,70.0999984741211,72.47000122070312,70.0999984741211,71.75,71.75,33.0,CT=F,USX,NYM
2024-09-17,71.16000366210938,71.16000366210938,70.41999816894531,70.80999755859375,70.80999755859375,33.0,CT=F,USX,NYM
2024-09-18,71.0,71.0,69.68000030517578,69.68000030517578,69.68000030517578,12.0,CT=F,USX,NYM
2024-09-19,69.61000061035156,70.0199966430664,69.61000061035156,71.58000183105469,71.58000183105469,12.0,CT=F,USX,NYM
2024-09-20,71.91999816894531,74.58000183105469,71.86000061035156,72.20999908447266,72.20999908447266,42.0,CT=F,USX,NYM
2024-09-23,74.04000091552734,74.05000305175781,71.62999725341797,71.69999694824219,71.69999694824219,12.0,CT=F,USX,NYM
2024-09-24,73.0999984741211,73.0999984741211,73.0999984741211,73.0999984741211,73.0999984741211,0.0,CT=F,USX,NYM
2024-09-25,74.23999786376953,74.4000015258789,74.19999694824219,74.0199966430664,74.0199966430664,6.0,CT=F,USX,NYM
2024-09-26,73.86000061035156,73.86000061035156,73.86000061035156,73.86000061035156,73.86000061035156,5.0,CT=F,USX,NYM
2024-09-27,73.54000091552734,73.54000091552734,73.54000091552734,73.54000091552734,73.54000091552734,0.0,CT=F,USX,NYM
2024-09-30,73.55999755859375,73.55999755859375,73.55999755859375,73.55999755859375,73.55999755859375,0.0,CT=F,USX,NYM
2024-10-01,73.0,73.0,73.0,73.0,73.0,0.0,CT=F,USX,NYM
2024-10-02,73.16000366210938,73.16000366210938,73.16000366210938,73.16000366210938,73.16000366210938,0.0,CT=F,USX,NYM
2024-10-03,72.48999786376953,72.48999786376953,72.48999786376953,72.48999786376953,72.48999786376953,0.0,CT=F,USX,NYM
2024-10-04,73.02999877929688,73.02999877929688,73.02999877929688,73.02999877929688,73.02999877929688,10.0,CT=F,USX,NYM
2024-10-07,73.29000091552734,73.29000091552734,73.29000091552734,73.29000091552734,73.29000091552734,0.0,CT=F,USX,NYM
2024-10-08,72.02999877929688,72.02999877929688,72.02999877929688,72.02999877929688,72.02999877929688,0.0,CT=F,USX,NYM
2024-10-09,72.01000213623047,72.01000213623047,72.01000213623047,72.01000213623047,72.01000213623047,17267.0,CT=F,USX,NYM
2024-10-10,72.19999694824219,72.72000122070312,71.75,72.66000366210938,72.66000366210938,16847.0,CT=F,USX,NYM
2024-10-11,72.62000274658203,73.5,71.76000213623047,72.20999908447266,72.20999908447266,21777.0,CT=F,USX,NYM
2024-10-14,72.19999694824219,72.19999694824219,70.5999984741211,71.02999877929688,71.02999877929688,23567.0,CT=F,USX,NYM
2024-10-15,71.05999755859375,71.37999725341797,70.55000305175781,70.62000274658203,70.62000274658203,15029.0,CT=F,USX,NYM
2024-10-16,70.62000274658203,71.98999786376953,70.62000274658203,71.26000213623047,71.26000213623047,17861.0,CT=F,USX,NYM
2024-10-17,71.27999877929688,71.5,70.16000366210938,70.76000213623047,70.76000213623047,23989.0,CT=F,USX,NYM
2024-10-18,70.81999969482422,71.7300033569336,70.80000305175781,70.98999786376953,70.98999786376953,16221.0,CT=F,USX,NYM
2024-10-21,71.05000305175781,72.5999984741211,71.0,72.19999694824219,72.19999694824219,24054.0,CT=F,USX,NYM
2024-10-22,72.3499984741211,72.41999816894531,71.72000122070312,72.08000183105469,72.08000183105469,18925.0,CT=F,USX,NYM
2024-10-23,72.08000183105469,72.75,71.86000061035156,72.51000213623047,72.51000213623047,16046.0,CT=F,USX,NYM
2024-10-24,72.45999908447266,72.69000244140625,71.25,71.52999877929688,71.52999877929688,16299.0,CT=F,USX,NYM
2024-10-25,71.45999908447266,71.6500015258789,70.61000061035156,70.66000366210938,70.66000366210938,20878.0,CT=F,USX,NYM
2024-10-28,70.69000244140625,71.04000091552734,69.93000030517578,70.36000061035156,70.36000061035156,21182.0,CT=F,USX,NYM
2024-10-29,70.36000061035156,71.11000061035156,70.0,70.55999755859375,70.55999755859375,17990.0,CT=F,USX,NYM
2024-10-30,70.51000213623047,70.73999786376953,69.77999877929688,69.91999816894531,69.91999816894531,17633.0,CT=F,USX,NYM
2024-10-31,70.12000274658203,70.12000274658203,69.26000213623047,69.56999969482422,69.56999969482422,24518.0,CT=F,USX,NYM
2024-11-01,69.61000061035156,71.4000015258789,69.4000015258789,70.16999816894531,70.16999816894531,33376.0,CT=F,USX,NYM
2024-11-04,70.18000030517578,70.98999786376953,69.70999908447266,69.93000030517578,69.93000030517578,27017.0,CT=F,USX,NYM
2024-11-05,69.93000030517578,70.18000030517578,69.41999816894531,69.94999694824219,69.94999694824219,20299.0,CT=F,USX,NYM
2024-11-06,69.94999694824219,70.0,68.94999694824219,69.69000244140625,69.69000244140625,32812.0,CT=F,USX,NYM
2024-11-07,69.75,71.18000030517578,69.75,71.05000305175781,71.05000305175781,38882.0,CT=F,USX,NYM
2024-11-08,71.02999877929688,71.36000061035156,70.01000213623047,70.9800033569336,70.9800033569336,41797.0,CT=F,USX,NYM
2024-11-11,70.97000122070312,71.23999786376953,69.61000061035156,69.69000244140625,69.69000244140625,36125.0,CT=F,USX,NYM
2024-11-12,69.87999725341797,70.0199966430664,68.72000122070312,68.7699966430664,68.7699966430664,29252.0,CT=F,USX,NYM
2024-11-13,68.75,69.04000091552734,67.95999908447266,68.9000015258789,68.9000015258789,24301.0,CT=F,USX,NYM
2024-11-14,68.80000305175781,69.73999786376953,68.2699966430664,68.31999969482422,68.31999969482422,15821.0,CT=F,USX,NYM
2024-11-15,68.3499984741211,68.37000274658203,66.6500015258789,66.80000305175781,66.80000305175781,13473.0,CT=F,USX,NYM
2024-11-18,66.83000183105469,67.0999984741211,66.41999816894531,66.62000274658203,66.62000274658203,12221.0,CT=F,USX,NYM
2024-11-19,66.61000061035156,67.08000183105469,66.0,66.88999938964844,66.88999938964844,12141.0,CT=F,USX,NYM
2024-11-20,66.79000091552734,68.97000122070312,66.75,68.45999908447266,68.45999908447266,11708.0,CT=F,USX,NYM
2024-11-21,68.45999908447266,71.45999908447266,68.05000305175781,69.19000244140625,69.19000244140625,4082.0,CT=F,USX,NYM
2024-11-22,71.0199966430664,71.44999694824219,71.0199966430664,71.6500015258789,71.6500015258789,559.0,CT=F,USX,NYM
2024-11-25,71.98999786376953,73.33999633789062,71.98999786376953,73.19999694824219,73.19999694824219,51.0,CT=F,USX,NYM
2024-11-26,72.8499984741211,73.25,72.8499984741211,73.37000274658203,73.37000274658203,781.0,CT=F,USX,NYM
2024-11-27,73.47000122070312,73.69999694824219,73.47000122070312,73.56999969482422,73.56999969482422,10.0,CT=F,USX,NYM
2024-11-29,73.62999725341797,73.6500015258789,73.38999938964844,73.3499984741211,73.3499984741211,4.0,CT=F,USX,NYM
2024-12-02,72.43000030517578,72.43000030517578,72.43000030517578,72.43000030517578,72.43000030517578,0.0,CT=F,USX,NYM
2024-12-03,72.3499984741211,72.3499984741211,72.3499984741211,72.69000244140625,72.69000244140625,4.0,CT=F,USX,NYM
2024-12-04,72.80999755859375,72.81999969482422,72.80999755859375,72.5999984741211,72.5999984741211,187.0,CT=F,USX,NYM
2024-12-05,72.83999633789062,72.94000244140625,72.83999633789062,72.38999938964844,72.38999938964844,15.0,CT=F,USX,NYM
2024-12-06,71.4000015258789,71.4000015258789,71.4000015258789,71.4000015258789,71.4000015258789,22621.0,CT=F,USX,NYM
2024-12-09,70.01000213623047,70.75,69.75,69.94999694824219,69.94999694824219,20505.0,CT=F,USX,NYM
2024-12-10,69.94999694824219,70.16999816894531,69.25,69.4800033569336,69.4800033569336,22721.0,CT=F,USX,NYM
2024-12-11,69.4800033569336,70.38999938964844,69.05000305175781,70.1500015258789,70.1500015258789,22937.0,CT=F,USX,NYM
2024-12-12,69.87000274658203,70.47000122070312,69.83999633789062,70.08999633789062,70.08999633789062,15616.0,CT=F,USX,NYM
2024-12-13,70.0,70.06999969482422,69.19999694824219,69.2699966430664,69.2699966430664,15256.0,CT=F,USX,NYM
2024-12-16,69.2699966430664,69.91000366210938,69.0199966430664,69.05999755859375,69.05999755859375,13699.0,CT=F,USX,NYM
2024-12-17,69.05999755859375,69.19000244140625,68.55000305175781,68.69000244140625,68.69000244140625,20097.0,CT=F,USX,NYM
2024-12-18,68.6500015258789,68.9000015258789,68.05000305175781,68.08000183105469,68.08000183105469,21110.0,CT=F,USX,NYM
2024-12-19,68.11000061035156,68.33999633789062,67.55999755859375,67.91000366210938,67.91000366210938,19798.0,CT=F,USX,NYM
2024-12-20,67.91000366210938,68.20999908447266,67.4800033569336,68.05999755859375,68.05999755859375,18359.0,CT=F,USX,NYM
2024-12-23,68.1500015258789,69.86000061035156,68.1500015258789,69.41999816894531,69.41999816894531,21944.0,CT=F,USX,NYM
2024-12-24,69.37000274658203,69.6500015258789,68.68000030517578,68.77999877929688,68.77999877929688,0.0,CT=F,USX,NYM
2024-12-26,68.77999877929688,69.16999816894531,68.5,68.75,68.75,7666.0,CT=F,USX,NYM
2024-12-27,68.66999816894531,69.0,68.30000305175781,68.88999938964844,68.88999938964844,8142.0,CT=F,USX,NYM
2024-12-30,68.77999877929688,69.25,68.26000213623047,68.4800033569336,68.4800033569336,10233.0,CT=F,USX,NYM
2024-12-31,68.5,68.88999938964844,68.2699966430664,68.4000015258789,68.4000015258789,0.0,CT=F,USX,NYM
2025-01-02,68.4000015258789,69.44000244140625,68.26000213623047,68.56999969482422,68.56999969482422,16088.0,CT=F,USX,NYM
2025-01-03,68.5,68.72000122070312,67.62999725341797,67.66000366210938,67.66000366210938,18805.0,CT=F,USX,NYM
2025-01-06,67.76000213623047,68.75,67.76000213623047,68.68000030517578,68.68000030517578,19355.0,CT=F,USX,NYM
2025-01-07,68.5999984741211,69.1500015258789,68.41000366210938,68.51000213623047,68.51000213623047,16526.0,CT=F,USX,NYM
2025-01-08,68.5199966430664,68.63999938964844,68.04000091552734,68.2300033569336,68.2300033569336,15483.0,CT=F,USX,NYM
2025-01-09,68.22000122070312,68.75,67.86000061035156,68.5,68.5,15851.0,CT=F,USX,NYM
2025-01-10,68.51000213623047,68.69999694824219,66.9000015258789,67.01000213623047,67.01000213623047,30964.0,CT=F,USX,NYM
2025-01-13,67.08000183105469,67.80999755859375,66.76000213623047,67.63999938964844,67.63999938964844,30088.0,CT=F,USX,NYM
2025-01-14,67.63999938964844,67.9800033569336,67.36000061035156,67.5,67.5,18690.0,CT=F,USX,NYM
2025-01-15,67.48999786376953,67.83999633789062,67.27999877929688,67.7699966430664,67.7699966430664,16479.0,CT=F,USX,NYM
2025-01-16,67.7699966430664,67.7699966430664,66.5999984741211,66.7300033569336,66.7300033569336,21379.0,CT=F,USX,NYM
2025-01-17,66.80000305175781,67.62999725341797,66.63999938964844,67.5999984741211,67.5999984741211,24864.0,CT=F,USX,NYM
2025-01-21,67.66000366210938,68.30000305175781,67.36000061035156,67.66000366210938,67.66000366210938,22951.0,CT=F,USX,NYM
2025-01-22,67.62000274658203,67.95999908447266,67.11000061035156,67.13999938964844,67.13999938964844,18282.0,CT=F,USX,NYM
2025-01-23,67.13999938964844,67.69999694824219,66.76000213623047,67.47000122070312,67.47000122070312,17759.0,CT=F,USX,NYM
2025-01-24,67.47000122070312,68.44000244140625,67.45999908447266,67.61000061035156,67.61000061035156,19029.0,CT=F,USX,NYM
2025-01-27,67.69000244140625,68.16999816894531,67.20999908447266,67.2699966430664,67.2699966430664,19018.0,CT=F,USX,NYM
2025-01-28,67.30000305175781,67.5999984741211,66.91000366210938,66.9800033569336,66.9800033569336,17863.0,CT=F,USX,NYM
2025-01-29,67.0,67.16000366210938,66.62999725341797,66.66000366210938,66.66000366210938,23159.0,CT=F,USX,NYM
2025-01-30,66.66999816894531,66.68000030517578,66.01000213623047,66.2699966430664,66.2699966430664,27788.0,CT=F,USX,NYM
2025-01-31,66.25,66.4800033569336,65.69999694824219,65.87999725341797,65.87999725341797,27249.0,CT=F,USX,NYM
2025-02-03,65.56999969482422,66.20999908447266,65.01000213623047,66.04000091552734,66.04000091552734,40493.0,CT=F,USX,NYM
2025-02-04,66.04000091552734,67.1500015258789,66.04000091552734,66.94000244140625,66.94000244140625,36669.0,CT=F,USX,NYM
2025-02-05,66.9000015258789,67.30999755859375,65.94000244140625,66.04000091552734,66.04000091552734,34034.0,CT=F,USX,NYM
2025-02-06,66.02999877929688,66.51000213623047,65.75,66.02999877929688,66.02999877929688,27669.0,CT=F,USX,NYM
2025-02-07,66.02999877929688,66.5999984741211,65.55999755859375,65.62999725341797,65.62999725341797,37787.0,CT=F,USX,NYM
2025-02-10,65.7300033569336,67.08000183105469,65.7300033569336,66.54000091552734,66.54000091552734,37829.0,CT=F,USX,NYM
2025-02-11,66.56999969482422,67.62999725341797,66.56999969482422,67.4000015258789,67.4000015258789,36959.0,CT=F,USX,NYM
2025-02-12,67.4000015258789,67.97000122070312,67.31999969482422,67.47000122070312,67.47000122070312,25368.0,CT=F,USX,NYM
2025-02-13,67.44999694824219,67.52999877929688,66.75,66.83000183105469,66.83000183105469,25450.0,CT=F,USX,NYM
2025-02-14,67.0,67.7300033569336,66.94000244140625,67.11000061035156,67.11000061035156,15537.0,CT=F,USX,NYM
2025-02-18,67.4000015258789,67.94999694824219,67.22000122070312,67.51000213623047,67.51000213623047,21687.0,CT=F,USX,NYM
2025-02-19,67.5,67.58000183105469,66.20999908447266,66.23999786376953,66.23999786376953,17147.0,CT=F,USX,NYM
2025-02-20,66.20999908447266,66.41000366210938,65.80000305175781,65.97000122070312,65.97000122070312,11853.0,CT=F,USX,NYM
2025-02-21,65.97000122070312,66.25,65.4800033569336,66.08000183105469,66.08000183105469,5570.0,CT=F,USX,NYM
2025-02-24,65.87999725341797,66.80999755859375,65.87999725341797,66.51000213623047,66.51000213623047,170.0,CT=F,USX,NYM
2025-02-25,66.05000305175781,66.08000183105469,66.05000305175781,65.95999908447266,65.95999908447266,24.0,CT=F,USX,NYM
2025-02-26,65.94999694824219,65.94999694824219,65.94999694824219,65.37000274658203,65.37000274658203,7.0,CT=F,USX,NYM
2025-02-27,65.19999694824219,65.19999694824219,65.19999694824219,65.19999694824219,65.19999694824219,0.0,CT=F,USX,NYM
2025-02-28,64.37000274658203,64.58000183105469,64.37000274658203,63.880001068115234,63.880001068115234,43.0,CT=F,USX,NYM
2025-03-03,64.69000244140625,64.69000244140625,64.69000244140625,64.13999938964844,64.13999938964844,2.0,CT=F,USX,NYM
2025-03-04,63.45000076293945,63.72999954223633,63.45000076293945,62.040000915527344,62.040000915527344,41.0,CT=F,USX,NYM
2025-03-05,61.619998931884766,61.619998931884766,61.619998931884766,62.36000061035156,62.36000061035156,8.0,CT=F,USX,NYM
2025-03-06,63.900001525878906,63.900001525878906,63.900001525878906,63.900001525878906,63.900001525878906,0.0,CT=F,USX,NYM
2025-03-07,64.76000213623047,64.76000213623047,64.76000213623047,64.76000213623047,64.76000213623047,20350.0,CT=F,USX,NYM
2025-03-10,66.0,67.06999969482422,65.62000274658203,66.0,66.0,30193.0,CT=F,USX,NYM
2025-03-11,65.9000015258789,66.7300033569336,65.41999816894531,66.0,66.0,17577.0,CT=F,USX,NYM
2025-03-12,65.94999694824219,67.02999877929688,65.94999694824219,66.9800033569336,66.9800033569336,20107.0,CT=F,USX,NYM
2025-03-13,67.0,67.33000183105469,66.41000366210938,66.52999877929688,66.52999877929688,20580.0,CT=F,USX,NYM
2025-03-14,66.51000213623047,67.62999725341797,66.51000213623047,67.37000274658203,67.37000274658203,22877.0,CT=F,USX,NYM
2025-03-17,67.48999786376953,67.80000305175781,66.80000305175781,66.9800033569336,66.9800033569336,16432.0,CT=F,USX,NYM
2025-03-18,66.9000015258789,67.08000183105469,66.3499984741211,66.47000122070312,66.47000122070312,16627.0,CT=F,USX,NYM
2025-03-19,66.44999694824219,66.61000061035156,65.95999908447266,66.3499984741211,66.3499984741211,15842.0,CT=F,USX,NYM
2025-03-20,66.37999725341797,66.83999633789062,65.76000213623047,66.08000183105469,66.08000183105469,14617.0,CT=F,USX,NYM
2025-03-21,66.08000183105469,66.41999816894531,65.23999786376953,65.2699966430664,65.2699966430664,15300.0,CT=F,USX,NYM
2025-03-24,65.38999938964844,65.68000030517578,64.83000183105469,65.41999816894531,65.41999816894531,17071.0,CT=F,USX,NYM
2025-03-25,65.44000244140625,65.87000274658203,64.87000274658203,65.13999938964844,65.13999938964844,18370.0,CT=F,USX,NYM
2025-03-26,65.19000244140625,65.98999786376953,65.0199966430664,65.68000030517578,65.68000030517578,18432.0,CT=F,USX,NYM
2025-03-27,65.68000030517578,67.08999633789062,65.45999908447266,67.06999969482422,67.06999969482422,27726.0,CT=F,USX,NYM
2025-03-28,67.0,67.0999984741211,66.5,66.9000015258789,66.9000015258789,23449.0,CT=F,USX,NYM
2025-03-31,66.80000305175781,66.97000122070312,65.98999786376953,66.83000183105469,66.83000183105469,27548.0,CT=F,USX,NYM
2025-04-01,66.83000183105469,68.31999969482422,66.4000015258789,68.25,68.25,38086.0,CT=F,USX,NYM
2025-04-02,68.01000213623047,68.58000183105469,67.66000366210938,67.80000305175781,67.80000305175781,36894.0,CT=F,USX,NYM
2025-04-03,66.05999755859375,66.19000244140625,64.80000305175781,64.80000305175781,64.80000305175781,36465.0,CT=F,USX,NYM
2025-04-04,64.5999984741211,64.66000366210938,60.79999923706055,63.36000061035156,63.36000061035156,72060.0,CT=F,USX,NYM
2025-04-07,62.220001220703125,66.1500015258789,61.810001373291016,65.98999786376953,65.98999786376953,67149.0,CT=F,USX,NYM
2025-04-08,65.94999694824219,66.26000213623047,64.73999786376953,65.55000305175781,65.55000305175781,47281.0,CT=F,USX,NYM
2025-04-09,64.70999908447266,67.0,64.25,66.62999725341797,66.62999725341797,56255.0,CT=F,USX,NYM
2025-04-10,66.5999984741211,67.62000274658203,66.18000030517578,66.47000122070312,66.47000122070312,41847.0,CT=F,USX,NYM
2025-04-11,66.4000015258789,67.13999938964844,65.55999755859375,65.88999938964844,65.88999938964844,33635.0,CT=F,USX,NYM
2025-04-14,66.0,66.0999984741211,63.75,64.08999633789062,64.08999633789062,13358.0,CT=F,USX,NYM
2025-04-15,64.25,65.13999938964844,63.83000183105469,65.08000183105469,65.08000183105469,11328.0,CT=F,USX,NYM
2025-04-16,65.08999633789062,65.98999786376953,64.6500015258789,65.79000091552734,65.79000091552734,7584.0,CT=F,USX,NYM
2025-04-17,65.72000122070312,66.44000244140625,65.63999938964844,66.31999969482422,66.31999969482422,0.0,CT=F,USX,NYM
2025-04-21,66.25,66.80000305175781,65.3499984741211,65.7699966430664,65.7699966430664,6171.0,CT=F,USX,NYM
2025-04-22,65.81999969482422,67.16999816894531,65.43000030517578,67.04000091552734,67.04000091552734,7488.0,CT=F,USX,NYM
2025-04-23,67.4000015258789,69.87999725341797,66.94999694824219,68.75,68.75,2580.0,CT=F,USX,NYM
2025-04-24,68.86000061035156,68.86000061035156,66.44000244140625,67.30000305175781,67.30000305175781,43.0,CT=F,USX,NYM
2025-04-25,67.1500015258789,67.1500015258789,67.1500015258789,66.8499984741211,66.8499984741211,1.0,CT=F,USX,NYM
2025-04-28,66.37999725341797,66.37999725341797,66.37999725341797,66.37999725341797,66.37999725341797,0.0,CT=F,USX,NYM
2025-04-29,67.12999725341797,67.12999725341797,66.25,66.3499984741211,66.3499984741211,7.0,CT=F,USX,NYM
2025-04-30,65.80000305175781,65.80000305175781,65.5,65.7699966430664,65.7699966430664,9.0,CT=F,USX,NYM
2025-05-01,65.61000061035156,65.61000061035156,65.61000061035156,65.61000061035156,65.61000061035156,0.0,CT=F,USX,NYM
2025-05-02,70.18000030517578,70.18000030517578,70.18000030517578,70.18000030517578,70.18000030517578,0.0,CT=F,USX,NYM
2025-05-05,70.3499984741211,70.3499984741211,70.3499984741211,70.3499984741211,70.3499984741211,4.0,CT=F,USX,NYM
2025-05-06,70.8499984741211,73.5,70.8499984741211,71.94000244140625,71.94000244140625,9.0,CT=F,USX,NYM
2025-05-07,70.47000122070312,70.47000122070312,70.47000122070312,70.47000122070312,70.47000122070312,24941.0,CT=F,USX,NYM
2025-05-08,67.37999725341797,67.70999908447266,66.22000122070312,66.69000244140625,66.69000244140625,21525.0,CT=F,USX,NYM
2025-05-09,66.69000244140625,67.22000122070312,66.4000015258789,66.61000061035156,66.61000061035156,16362.0,CT=F,USX,NYM
2025-05-12,67.61000061035156,68.88999938964844,66.56999969482422,66.62999725341797,66.62999725341797,31551.0,CT=F,USX,NYM
2025-05-13,66.69999694824219,67.2300033569336,66.25,66.27999877929688,66.27999877929688,19981.0,CT=F,USX,NYM
2025-05-14,66.41999816894531,66.70999908447266,65.43000030517578,65.4800033569336,65.4800033569336,25325.0,CT=F,USX,NYM
2025-05-15,65.52999877929688,65.73999786376953,64.86000061035156,65.43000030517578,65.43000030517578,24616.0,CT=F,USX,NYM
2025-05-16,65.44999694824219,65.88999938964844,64.75,64.88999938964844,64.88999938964844,19019.0,CT=F,USX,NYM
2025-05-19,65.0999984741211,66.05000305175781,64.87999725341797,65.63999938964844,65.63999938964844,21604.0,CT=F,USX,NYM
2025-05-20,65.63999938964844,66.33999633789062,65.22000122070312,66.12000274658203,66.12000274658203,17916.0,CT=F,USX,NYM
2025-05-21,66.0999984741211,66.38999938964844,65.61000061035156,66.06999969482422,66.06999969482422,15515.0,CT=F,USX,NYM
2025-05-22,65.95999908447266,66.13999938964844,65.2699966430664,65.62999725341797,65.62999725341797,15730.0,CT=F,USX,NYM
2025-05-23,65.73999786376953,66.52999877929688,65.30999755859375,66.11000061035156,66.11000061035156,0.0,CT=F,USX,NYM
2025-05-27,66.0999984741211,66.79000091552734,65.51000213623047,65.56999969482422,65.56999969482422,21178.0,CT=F,USX,NYM
2025-05-28,65.62000274658203,65.76000213623047,64.91000366210938,65.33000183105469,65.33000183105469,22877.0,CT=F,USX,NYM
2025-05-29,65.44999694824219,65.80999755859375,64.5999984741211,64.83999633789062,64.83999633789062,18947.0,CT=F,USX,NYM
2025-05-30,65.02999877929688,65.33000183105469,64.51000213623047,65.05999755859375,65.05999755859375,20320.0,CT=F,USX,NYM
2025-06-02,65.16000366210938,66.69999694824219,65.12999725341797,66.12999725341797,66.12999725341797,32827.0,CT=F,USX,NYM
2025-06-03,66.12999725341797,66.36000061035156,65.33000183105469,66.05000305175781,66.05000305175781,31313.0,CT=F,USX,NYM
2025-06-04,65.98999786376953,66.12999725341797,64.93000030517578,64.98999786376953,64.98999786376953,21960.0,CT=F,USX,NYM
2025-06-05,65.05000305175781,65.73999786376953,64.70999908447266,65.36000061035156,65.36000061035156,26931.0,CT=F,USX,NYM
2025-06-06,65.33999633789062,65.97000122070312,65.18000030517578,65.62000274658203,65.62000274658203,24020.0,CT=F,USX,NYM
2025-06-09,65.55999755859375,66.05000305175781,65.43000030517578,65.98999786376953,65.98999786376953,32633.0,CT=F,USX,NYM
2025-06-10,66.0,66.29000091552734,65.33000183105469,65.41999816894531,65.41999816894531,43572.0,CT=F,USX,NYM
2025-06-11,65.30999755859375,65.79000091552734,65.05000305175781,65.47000122070312,65.47000122070312,26332.0,CT=F,USX,NYM
2025-06-12,65.41000366210938,65.47000122070312,64.69000244140625,65.13999938964844,65.13999938964844,26281.0,CT=F,USX,NYM
2025-06-13,65.0999984741211,65.5999984741211,64.79000091552734,65.36000061035156,65.36000061035156,21815.0,CT=F,USX,NYM
2025-06-16,65.36000061035156,65.69999694824219,65.13999938964844,65.44000244140625,65.44000244140625,14020.0,CT=F,USX,NYM
2025-06-17,65.41999816894531,65.48999786376953,64.94000244140625,65.05000305175781,65.05000305175781,10277.0,CT=F,USX,NYM
2025-06-18,65.0,65.27999877929688,64.44999694824219,64.83999633789062,64.83999633789062,0.0,CT=F,USX,NYM
2025-06-20,64.75,65.0,64.0,64.04000091552734,64.04000091552734,11676.0,CT=F,USX,NYM
2025-06-23,64.05000305175781,64.83000183105469,63.63999938964844,63.959999084472656,63.959999084472656,4219.0,CT=F,USX,NYM
2025-06-24,64.69999694824219,67.02999877929688,64.66999816894531,66.01000213623047,66.01000213623047,77.0,CT=F,USX,NYM
2025-06-25,66.55999755859375,67.0199966430664,66.55999755859375,66.44000244140625,66.44000244140625,5.0,CT=F,USX,NYM
2025-06-26,63.59000015258789,63.59000015258789,63.59000015258789,67.06999969482422,67.06999969482422,2.0,CT=F,USX,NYM
2025-06-27,67.62999725341797,67.62999725341797,67.62999725341797,67.5199966430664,67.5199966430664,1.0,CT=F,USX,NYM
2025-06-30,66.27999877929688,66.27999877929688,66.27999877929688,66.27999877929688,66.27999877929688,0.0,CT=F,USX,NYM
2025-07-01,68.0199966430664,68.0199966430664,68.0199966430664,66.27999877929688,66.27999877929688,5.0,CT=F,USX,NYM
2025-07-02,66.7699966430664,66.7699966430664,66.7699966430664,66.7699966430664,66.7699966430664,0.0,CT=F,USX,NYM
2025-07-03,65.66000366210938,65.66000366210938,65.66000366210938,65.66000366210938,65.66000366210938,0.0,CT=F,USX,NYM
2025-07-04,65.66000366210938,65.66000366210938,65.66000366210938,65.66000366210938,65.66000366210938,0.0,CT=F,USX,NYM
2025-07-07,65.38999938964844,65.38999938964844,65.38999938964844,65.38999938964844,65.38999938964844,0.0,CT=F,USX,NYM
2025-07-08,64.68000030517578,64.68000030517578,64.68000030517578,64.68000030517578,64.68000030517578,0.0,CT=F,USX,NYM
2025-07-09,64.95999908447266,64.95999908447266,64.95999908447266,64.95999908447266,64.95999908447266,33.0,CT=F,USX,NYM
2025-07-10,66.5,66.5999984741211,66.11000061035156,66.25,66.25,85.0,CT=F,USX,NYM
2025-07-11,66.56999969482422,66.56999969482422,66.05000305175781,66.19999694824219,66.19999694824219,8.0,CT=F,USX,NYM
2025-07-14,66.0,66.58999633789062,66.0,66.41000366210938,66.41000366210938,32.0,CT=F,USX,NYM
2025-07-15,66.4800033569336,67.55000305175781,66.45999908447266,67.20999908447266,67.20999908447266,103.0,CT=F,USX,NYM
2025-07-16,67.69999694824219,67.69999694824219,66.75,66.94999694824219,66.94999694824219,64.0,CT=F,USX,NYM
2025-07-17,67.33000183105469,67.37000274658203,67.12999725341797,67.25,67.25,26.0,CT=F,USX,NYM
2025-07-18,67.37999725341797,67.44999694824219,66.83000183105469,67.12000274658203,67.12000274658203,29.0,CT=F,USX,NYM
2025-07-21,67.0199966430664,67.0199966430664,66.48999786376953,66.54000091552734,66.54000091552734,30.0,CT=F,USX,NYM
2025-07-22,66.54000091552734,66.69999694824219,66.25,66.58999633789062,66.58999633789062,36.0,CT=F,USX,NYM
2025-07-23,66.5999984741211,67.0,66.5999984741211,66.62000274658203,66.62000274658203,15.0,CT=F,USX,NYM
2025-07-24,66.80000305175781,67.5,66.80000305175781,67.33999633789062,67.33999633789062,36.0,CT=F,USX,NYM
2025-07-25,67.69999694824219,67.69999694824219,67.11000061035156,67.01000213623047,67.01000213623047,37.0,CT=F,USX,NYM
2025-07-28,67.25,67.4000015258789,67.18000030517578,67.4000015258789,67.4000015258789,13.0,CT=F,USX,NYM
2025-07-29,67.2300033569336,67.41999816894531,66.12999725341797,66.30000305175781,66.30000305175781,55.0,CT=F,USX,NYM
2025-07-30,66.11000061035156,66.2699966430664,65.70999908447266,65.9000015258789,65.9000015258789,74.0,CT=F,USX,NYM
2025-07-31,65.5,66.30000305175781,65.5,65.61000061035156,65.61000061035156,65.0,CT=F,USX,NYM
2025-08-01,65.33999633789062,65.4800033569336,64.38999938964844,64.41999816894531,64.41999816894531,151.0,CT=F,USX,NYM
2025-08-04,64.43000030517578,65.18000030517578,64.4000015258789,64.55999755859375,64.55999755859375,421.0,CT=F,USX,NYM
2025-08-05,64.30000305175781,65.76000213623047,64.30000305175781,65.58999633789062,65.58999633789062,112.0,CT=F,USX,NYM
2025-08-06,66.0,66.25,65.04000091552734,65.69999694824219,65.69999694824219,162.0,CT=F,USX,NYM
2025-08-07,66.11000061035156,66.25,64.87999725341797,64.95999908447266,64.95999908447266,66.0,CT=F,USX,NYM
2025-08-08,65.19000244140625,65.41000366210938,64.69999694824219,65.31999969482422,65.31999969482422,19.0,CT=F,USX,NYM
2025-08-11,65.4000015258789,65.88999938964844,65.25,65.29000091552734,65.29000091552734,13.0,CT=F,USX,NYM
2025-08-12,65.5,67.33000183105469,65.5,67.06999969482422,67.06999969482422,93.0,CT=F,USX,NYM
2025-08-13,66.87999725341797,66.9000015258789,66.05999755859375,66.41000366210938,66.41000366210938,142.0,CT=F,USX,NYM
2025-08-14,66.23999786376953,66.45999908447266,66.19000244140625,66.16999816894531,66.16999816894531,23.0,CT=F,USX,NYM
2025-08-15,65.95999908447266,66.05999755859375,65.6500015258789,66.0999984741211,66.0999984741211,13.0,CT=F,USX,NYM
2025-08-18,65.93000030517578,66.66999816894531,65.8499984741211,66.41999816894531,66.41999816894531,65.0,CT=F,USX,NYM
2025-08-19,66.44000244140625,66.44000244140625,66.08999633789062,66.25,66.25,2.0,CT=F,USX,NYM
2025-08-20,66.3499984741211,66.91999816894531,66.12999725341797,66.63999938964844,66.63999938964844,74.0,CT=F,USX,NYM
2025-08-21,66.29000091552734,66.29000091552734,65.58000183105469,65.88999938964844,65.88999938964844,110.0,CT=F,USX,NYM
2025-08-22,65.83999633789062,66.33000183105469,65.80000305175781,66.43000030517578,66.43000030517578,6.0,CT=F,USX,NYM
2025-08-25,66.73999786376953,66.73999786376953,65.98999786376953,65.98999786376953,65.98999786376953,82.0,CT=F,USX,NYM
2025-08-26,65.5,65.5,65.30999755859375,65.47000122070312,65.47000122070312,70.0,CT=F,USX,NYM
2025-08-27,65.29000091552734,65.41000366210938,64.7699966430664,65.41000366210938,65.41000366210938,211.0,CT=F,USX,NYM
2025-08-28,65.4000015258789,66.08999633789062,65.38999938964844,66.04000091552734,66.04000091552734,58.0,CT=F,USX,NYM
2025-08-29,65.68000030517578,65.94999694824219,64.94999694824219,65.20999908447266,65.20999908447266,0.0,CT=F,USX,NYM
2025-09-02,65.0199966430664,65.22000122070312,64.45999908447266,64.56999969482422,64.56999969482422,10.0,CT=F,USX,NYM
2025-09-03,64.83000183105469,65.33000183105469,64.66999816894531,64.7300033569336,64.7300033569336,106.0,CT=F,USX,NYM
2025-09-04,64.7300033569336,64.88999938964844,64.7300033569336,64.69000244140625,64.69000244140625,11.0,CT=F,USX,NYM
2025-09-05,64.69000244140625,64.69000244140625,64.69000244140625,64.38999938964844,64.38999938964844,14.0,CT=F,USX,NYM
2025-09-08,64.75,64.75,64.75,64.56999969482422,64.56999969482422,15.0,CT=F,USX,NYM
2025-09-09,64.79000091552734,64.81999969482422,64.66000366210938,64.6500015258789,64.6500015258789,18.0,CT=F,USX,NYM
2025-09-10,64.7300033569336,65.55999755859375,64.63999938964844,65.55999755859375,65.55999755859375,224.0,CT=F,USX,NYM
2025-09-11,65.36000061035156,65.36000061035156,65.20999908447266,65.37000274658203,65.37000274658203,8.0,CT=F,USX,NYM
2025-09-12,65.29000091552734,65.44000244140625,64.91000366210938,65.19000244140625,65.19000244140625,29.0,CT=F,USX,NYM
2025-09-15,65.05000305175781,65.5,65.0199966430664,65.41999816894531,65.41999816894531,13.0,CT=F,USX,NYM
2025-09-16,65.55999755859375,66.41999816894531,65.5,66.38999938964844,66.38999938964844,23.0,CT=F,USX,NYM
2025-09-17,66.05000305175781,66.5,65.83000183105469,65.86000061035156,65.86000061035156,68.0,CT=F,USX,NYM
2025-09-18,65.58000183105469,65.58000183105469,64.5199966430664,65.19000244140625,65.19000244140625,57.0,CT=F,USX,NYM
2025-09-19,65.19000244140625,65.51000213623047,64.41000366210938,64.94000244140625,64.94000244140625,97.0,CT=F,USX,NYM
2025-09-22,64.44000244140625,64.95999908447266,64.16000366210938,64.31999969482422,64.31999969482422,40.0,CT=F,USX,NYM
2025-09-23,63.86000061035156,64.23999786376953,63.86000061035156,64.52999877929688,64.52999877929688,17.0,CT=F,USX,NYM
2025-09-24,64.2300033569336,64.2300033569336,64.2300033569336,64.04000091552734,64.04000091552734,2.0,CT=F,USX,NYM
2025-09-25,63.619998931884766,63.619998931884766,63.619998931884766,63.83000183105469,63.83000183105469,1.0,CT=F,USX,NYM
2025-09-26,63.95000076293945,63.95000076293945,63.95000076293945,63.95000076293945,63.95000076293945,0.0,CT=F,USX,NYM
2025-09-29,63.04999923706055,63.04999923706055,63.04999923706055,63.04999923706055,63.04999923706055,0.0,CT=F,USX,NYM
2025-09-30,63.04999923706055,63.04999923706055,63.04999923706055,63.31999969482422,63.31999969482422,0.0,CT=F,USX,NYM
2025-10-01,63.31999969482422,63.31999969482422,63.31999969482422,63.150001525878906,63.150001525878906,0.0,CT=F,USX,NYM
2025-10-02,63.150001525878906,63.150001525878906,63.150001525878906,62.650001525878906,62.650001525878906,0.0,CT=F,USX,NYM
2025-10-03,62.86000061035156,62.86000061035156,62.86000061035156,62.86000061035156,62.86000061035156,0.0,CT=F,USX,NYM
2025-10-06,62.70000076293945,62.70000076293945,62.70000076293945,62.70000076293945,62.70000076293945,0.0,CT=F,USX,NYM
2025-10-07,62.02000045776367,62.02000045776367,62.02000045776367,62.02000045776367,62.02000045776367,0.0,CT=F,USX,NYM
2025-10-08,62.470001220703125,62.470001220703125,62.470001220703125,62.470001220703125,62.470001220703125,0.0,CT=F,USX,NYM
2025-10-09,62.029998779296875,62.029998779296875,62.029998779296875,62.029998779296875,62.029998779296875,25329.0,CT=F,USX,NYM
2025-10-10,64.45999908447266,64.79000091552734,63.2599983215332,63.84000015258789,63.84000015258789,35795.0,CT=F,USX,NYM
2025-10-13,64.0,64.41999816894531,63.5,63.59000015258789,63.59000015258789,21665.0,CT=F,USX,NYM
2025-10-14,63.58000183105469,63.70000076293945,62.709999084472656,63.5099983215332,63.5099983215332,27455.0,CT=F,USX,NYM
2025-10-15,63.45000076293945,64.18000030517578,63.25,63.7599983215332,63.7599983215332,23552.0,CT=F,USX,NYM
2025-10-16,63.83000183105469,63.95000076293945,63.29999923706055,63.72999954223633,63.72999954223633,17388.0,CT=F,USX,NYM
2025-10-17,63.720001220703125,64.5,63.459999084472656,64.27999877929688,64.27999877929688,19562.0,CT=F,USX,NYM
2025-10-20,64.16999816894531,64.77999877929688,64.05000305175781,64.16000366210938,64.16000366210938,19954.0,CT=F,USX,NYM
2025-10-21,64.16999816894531,64.73999786376953,63.81999969482422,64.41999816894531,64.41999816894531,18826.0,CT=F,USX,NYM
2025-10-22,64.30999755859375,64.5,63.650001525878906,63.7400016784668,63.7400016784668,19400.0,CT=F,USX,NYM
2025-10-23,63.66999816894531,64.19999694824219,63.66999816894531,64.06999969482422,64.06999969482422,15308.0,CT=F,USX,NYM
2025-10-24,64.11000061035156,64.37000274658203,63.810001373291016,64.19999694824219,64.19999694824219,16606.0,CT=F,USX,NYM
2025-10-27,64.5,65.3499984741211,64.33999633789062,64.55999755859375,64.55999755859375,25343.0,CT=F,USX,NYM
2025-10-28,64.55999755859375,65.12000274658203,64.37999725341797,65.05000305175781,65.05000305175781,21596.0,CT=F,USX,NYM
2025-10-29,65.0,66.0999984741211,64.9000015258789,66.01000213623047,66.01000213623047,39627.0,CT=F,USX,NYM
2025-10-30,65.94999694824219,66.04000091552734,64.54000091552734,65.12000274658203,65.12000274658203,32682.0,CT=F,USX,NYM
2025-10-31,65.08000183105469,65.5999984741211,64.69999694824219,65.54000091552734,65.54000091552734,34157.0,CT=F,USX,NYM
2025-11-03,65.8499984741211,66.04000091552734,65.0199966430664,65.68000030517578,65.68000030517578,36803.0,CT=F,USX,NYM
2025-11-04,65.68000030517578,65.75,65.0999984741211,65.19999694824219,65.19999694824219,25015.0,CT=F,USX,NYM
2025-11-05,65.37999725341797,65.44000244140625,64.80999755859375,65.2300033569336,65.2300033569336,29779.0,CT=F,USX,NYM
2025-11-06,65.1500015258789,65.30000305175781,64.45999908447266,64.54000091552734,64.54000091552734,35470.0,CT=F,USX,NYM
2025-11-07,64.48999786376953,64.73999786376953,63.52000045776367,63.619998931884766,63.619998931884766,44298.0,CT=F,USX,NYM
2025-11-10,63.7599983215332,64.41000366210938,63.720001220703125,64.30999755859375,64.30999755859375,44387.0,CT=F,USX,NYM
2025-11-11,64.30999755859375,64.58999633789062,63.83000183105469,63.880001068115234,63.880001068115234,40198.0,CT=F,USX,NYM
2025-11-12,63.880001068115234,63.9900016784668,62.86000061035156,63.29999923706055,63.29999923706055,34852.0,CT=F,USX,NYM
2025-11-13,63.29999923706055,63.4900016784668,62.880001068115234,62.900001525878906,62.900001525878906,23596.0,CT=F,USX,NYM
2025-11-14,62.90999984741211,63.5,62.130001068115234,62.4900016784668,62.4900016784668,24057.0,CT=F,USX,NYM
2025-11-17,62.5,62.81999969482422,62.130001068115234,62.36000061035156,62.36000061035156,12946.0,CT=F,USX,NYM
2025-11-18,62.36000061035156,63.0,61.97999954223633,62.56999969482422,62.56999969482422,15662.0,CT=F,USX,NYM
2025-11-19,62.5,63.119998931884766,62.27000045776367,62.29999923706055,62.29999923706055,9108.0,CT=F,USX,NYM
2025-11-20,62.43000030517578,63.0,61.2400016784668,61.68000030517578,61.68000030517578,3582.0,CT=F,USX,NYM
2025-11-21,62.66999816894531,62.66999816894531,60.790000915527344,61.349998474121094,61.349998474121094,138.0,CT=F,USX,NYM
2025-11-24,61.369998931884766,62.97999954223633,61.27000045776367,61.439998626708984,61.439998626708984,57.0,CT=F,USX,NYM
2025-11-25,62.970001220703125,62.970001220703125,62.970001220703125,62.43000030517578,62.43000030517578,23.0,CT=F,USX,NYM
2025-11-26,62.77000045776367,62.77000045776367,62.77000045776367,62.77000045776367,62.77000045776367,0.0,CT=F,USX,NYM
2025-11-28,62.90999984741211,62.90999984741211,62.90999984741211,62.90999984741211,62.90999984741211,0.0,CT=F,USX,NYM
2025-12-01,62.83000183105469,62.83000183105469,62.83000183105469,62.83000183105469,62.83000183105469,0.0,CT=F,USX,NYM
2025-12-02,62.77000045776367,62.77000045776367,62.77000045776367,62.77000045776367,62.77000045776367,0.0,CT=F,USX,NYM
2025-12-03,62.65999984741211,62.65999984741211,62.65999984741211,62.65999984741211,62.65999984741211,0.0,CT=F,USX,NYM
2025-12-04,62.279998779296875,62.279998779296875,62.279998779296875,62.279998779296875,62.279998779296875,0.0,CT=F,USX,NYM
2025-12-05,62.130001068115234,62.130001068115234,62.130001068115234,62.130001068115234,62.130001068115234,0.0,CT=F,USX,NYM
2025-12-08,61.880001068115234,61.880001068115234,61.880001068115234,61.880001068115234,61.880001068115234,19971.0,CT=F,USX,NYM
2025-12-09,63.75,64.05999755859375,63.54999923706055,63.86000061035156,63.86000061035156,17484.0,CT=F,USX,NYM
2025-12-10,63.810001373291016,64.2300033569336,63.810001373291016,64.12000274658203,64.12000274658203,14986.0,CT=F,USX,NYM
2025-12-11,64.0999984741211,64.3499984741211,63.88999938964844,63.970001220703125,63.970001220703125,15499.0,CT=F,USX,NYM
2025-12-12,63.86000061035156,64.20999908447266,63.709999084472656,63.83000183105469,63.83000183105469,18559.0,CT=F,USX,NYM
2025-12-15,63.83000183105469,64.38999938964844,63.83000183105469,63.939998626708984,63.939998626708984,17137.0,CT=F,USX,NYM
2025-12-16,63.88999938964844,64.08000183105469,62.970001220703125,63.099998474121094,63.099998474121094,31690.0,CT=F,USX,NYM
2025-12-17,63.150001525878906,63.70000076293945,63.150001525878906,63.43000030517578,63.43000030517578,20674.0,CT=F,USX,NYM
2025-12-18,63.43000030517578,63.779998779296875,63.2599983215332,63.5099983215332,63.5099983215332,12482.0,CT=F,USX,NYM
2025-12-19,63.5099983215332,63.88999938964844,63.45000076293945,63.75,63.75,14965.0,CT=F,USX,NYM
2025-12-22,63.75,64.0,63.47999954223633,63.61000061035156,63.61000061035156,17890.0,CT=F,USX,NYM
2025-12-23,63.61000061035156,64.30000305175781,63.61000061035156,64.01000213623047,64.01000213623047,22308.0,CT=F,USX,NYM
2025-12-24,64.01000213623047,64.30000305175781,63.959999084472656,64.23999786376953,64.23999786376953,0.0,CT=F,USX,NYM
2025-12-26,64.4000015258789,64.80999755859375,64.36000061035156,64.48999786376953,64.48999786376953,16386.0,CT=F,USX,NYM
2025-12-29,64.45999908447266,64.79000091552734,64.29000091552734,64.3499984741211,64.3499984741211,17930.0,CT=F,USX,NYM
2025-12-30,64.3499984741211,64.80000305175781,64.19999694824219,64.31999969482422,64.31999969482422,18588.0,CT=F,USX,NYM
2025-12-31,64.31999969482422,64.52999877929688,63.97999954223633,64.2699966430664,64.2699966430664,0.0,CT=F,USX,NYM
2026-01-02,64.27999877929688,64.44000244140625,63.68000030517578,64.01000213623047,64.01000213623047,23254.0,CT=F,USX,NYM
2026-01-05,64.30000305175781,64.87000274658203,64.23999786376953,64.6500015258789,64.6500015258789,27914.0,CT=F,USX,NYM
2026-01-06,64.6500015258789,65.76000213623047,64.6500015258789,65.05999755859375,65.05999755859375,44463.0,CT=F,USX,NYM
2026-01-07,65.12000274658203,65.62000274658203,64.80000305175781,64.8499984741211,64.8499984741211,29724.0,CT=F,USX,NYM
2026-01-08,64.81999969482422,64.91000366210938,64.37999725341797,64.45999908447266,64.45999908447266,27310.0,CT=F,USX,NYM
2026-01-09,64.41000366210938,64.66000366210938,64.26000213623047,64.41000366210938,64.41000366210938,23261.0,CT=F,USX,NYM
2026-01-12,64.47000122070312,65.25,64.47000122070312,64.91000366210938,64.91000366210938,32122.0,CT=F,USX,NYM
2026-01-13,64.93000030517578,65.25,64.8499984741211,64.87999725341797,64.87999725341797,29112.0,CT=F,USX,NYM
2026-01-14,64.9000015258789,65.19999694824219,64.7699966430664,64.98999786376953,64.98999786376953,20372.0,CT=F,USX,NYM
2026-01-15,64.9800033569336,65.08999633789062,64.5999984741211,64.70999908447266,64.70999908447266,20558.0,CT=F,USX,NYM
2026-01-16,64.6500015258789,64.83999633789062,64.51000213623047,64.66000366210938,64.66000366210938,16603.0,CT=F,USX,NYM
2026-01-20,64.72000122070312,64.97000122070312,64.33000183105469,64.33999633789062,64.33999633789062,26214.0,CT=F,USX,NYM
2026-01-21,64.3499984741211,64.55999755859375,64.2699966430664,64.30000305175781,64.30000305175781,19469.0,CT=F,USX,NYM
2026-01-22,64.30000305175781,64.66999816894531,63.810001373291016,63.880001068115234,63.880001068115234,27770.0,CT=F,USX,NYM
2026-01-23,63.900001525878906,64.1500015258789,63.56999969482422,63.810001373291016,63.810001373291016,29149.0,CT=F,USX,NYM
2026-01-26,63.84000015258789,64.05999755859375,62.54999923706055,62.970001220703125,62.970001220703125,49977.0,CT=F,USX,NYM
2026-01-27,62.83000183105469,63.86000061035156,62.7400016784668,63.83000183105469,63.83000183105469,36660.0,CT=F,USX,NYM
2026-01-28,63.77000045776367,64.4000015258789,63.630001068115234,63.72999954223633,63.72999954223633,30940.0,CT=F,USX,NYM
2026-01-29,63.72999954223633,64.08999633789062,63.040000915527344,63.47999954223633,63.47999954223633,24443.0,CT=F,USX,NYM
2026-01-30,63.45000076293945,63.54999923706055,62.91999816894531,63.16999816894531,63.16999816894531,34824.0,CT=F,USX,NYM
2026-02-02,62.970001220703125,63.209999084472656,62.20000076293945,62.66999816894531,62.66999816894531,41718.0,CT=F,USX,NYM
2026-02-03,62.849998474121094,62.9900016784668,62.15999984741211,62.310001373291016,62.310001373291016,38918.0,CT=F,USX,NYM
2026-02-04,62.310001373291016,62.720001220703125,62.150001525878906,62.2400016784668,62.2400016784668,38393.0,CT=F,USX,NYM
2026-02-05,62.220001220703125,62.5,61.560001373291016,61.7599983215332,61.7599983215332,33926.0,CT=F,USX,NYM
2026-02-06,61.70000076293945,62.060001373291016,60.900001525878906,61.060001373291016,61.060001373291016,49509.0,CT=F,USX,NYM
2026-02-09,61.099998474121094,61.779998779296875,60.9900016784668,61.61000061035156,61.61000061035156,51243.0,CT=F,USX,NYM
2026-02-10,61.56999969482422,62.279998779296875,61.5,61.59000015258789,61.59000015258789,43410.0,CT=F,USX,NYM
2026-02-11,61.599998474121094,62.22999954223633,61.599998474121094,61.9900016784668,61.9900016784668,39805.0,CT=F,USX,NYM
2026-02-12,61.9900016784668,62.45000076293945,61.849998474121094,62.290000915527344,62.290000915527344,29165.0,CT=F,USX,NYM
2026-02-13,62.189998626708984,62.40999984741211,61.70000076293945,62.11000061035156,62.11000061035156,17965.0,CT=F,USX,NYM
2026-02-17,62.119998931884766,62.20000076293945,61.34000015258789,61.52000045776367,61.52000045776367,17314.0,CT=F,USX,NYM
2026-02-18,61.310001373291016,61.880001068115234,61.310001373291016,61.54999923706055,61.54999923706055,20101.0,CT=F,USX,NYM
2026-02-19,61.5099983215332,62.04999923706055,61.45000076293945,61.93000030517578,61.93000030517578,15167.0,CT=F,USX,NYM
2026-02-20,62.0,63.380001068115234,61.939998626708984,63.029998779296875,63.029998779296875,5139.0,CT=F,USX,NYM
2026-02-23,63.43000030517578,63.599998474121094,62.66999816894531,63.560001373291016,63.560001373291016,101.0,CT=F,USX,NYM
2026-02-24,64.11000061035156,64.30999755859375,63.150001525878906,63.560001373291016,63.560001373291016,21.0,CT=F,USX,NYM
2026-02-25,64.80000305175781,64.80000305175781,64.80000305175781,64.16999816894531,64.16999816894531,1.0,CT=F,USX,NYM
2026-02-26,63.36000061035156,63.36000061035156,63.36000061035156,63.36000061035156,63.36000061035156,0.0,CT=F,USX,NYM
2026-02-27,63.61000061035156,63.61000061035156,63.61000061035156,63.61000061035156,63.61000061035156,0.0,CT=F,USX,NYM
2026-03-02,62.59000015258789,62.59000015258789,62.59000015258789,62.59000015258789,62.59000015258789,0.0,CT=F,USX,NYM
2026-03-03,62.040000915527344,62.040000915527344,62.040000915527344,62.040000915527344,62.040000915527344,0.0,CT=F,USX,NYM
2026-03-04,62.15999984741211,62.15999984741211,62.15999984741211,62.15999984741211,62.15999984741211,0.0,CT=F,USX,NYM
2026-03-05,60.720001220703125,62.81999969482422,60.709999084472656,63.029998779296875,63.029998779296875,100.0,CT=F,USX,NYM
2026-03-06,63.189998626708984,63.189998626708984,63.189998626708984,63.189998626708984,63.189998626708984,0.0,CT=F,USX,NYM
2026-03-09,63.59000015258789,63.59000015258789,63.59000015258789,63.59000015258789,63.59000015258789,33747.0,CT=F,USX,NYM
2026-03-10,64.5999984741211,65.58000183105469,64.5999984741211,65.30000305175781,65.30000305175781,33956.0,CT=F,USX,NYM
2026-03-11,65.37000274658203,65.77999877929688,65.0999984741211,65.16999816894531,65.16999816894531,22770.0,CT=F,USX,NYM
2026-03-12,65.19000244140625,65.72000122070312,65.05000305175781,65.13999938964844,65.13999938964844,24648.0,CT=F,USX,NYM
2026-03-13,65.13999938964844,66.25,65.13999938964844,65.8499984741211,65.8499984741211,33041.0,CT=F,USX,NYM
2026-03-16,65.9000015258789,68.75,65.9000015258789,68.19000244140625,68.19000244140625,82807.0,CT=F,USX,NYM
2026-03-17,68.26000213623047,69.22000122070312,67.93000030517578,68.7699966430664,68.7699966430664,63587.0,CT=F,USX,NYM
2026-03-18,68.69999694824219,69.05999755859375,68.26000213623047,68.69999694824219,68.69999694824219,39267.0,CT=F,USX,NYM
2026-03-19,68.69999694824219,68.76000213623047,67.51000213623047,67.66999816894531,67.66999816894531,41317.0,CT=F,USX,NYM
2026-03-20,67.69000244140625,68.20999908447266,67.0999984741211,67.30999755859375,67.30999755859375,26659.0,CT=F,USX,NYM
2026-03-23,67.5999984741211,67.97000122070312,66.93000030517578,67.18000030517578,67.18000030517578,33679.0,CT=F,USX,NYM
2026-03-24,67.30000305175781,67.63999938964844,66.6500015258789,67.62000274658203,67.62000274658203,26086.0,CT=F,USX,NYM
2026-03-25,67.3499984741211,68.37000274658203,67.3499984741211,68.18000030517578,68.18000030517578,27786.0,CT=F,USX,NYM
2026-03-26,68.18000030517578,69.69999694824219,67.8499984741211,69.41000366210938,69.41000366210938,44080.0,CT=F,USX,NYM
2026-03-27,69.5,70.30999755859375,68.87999725341797,69.45999908447266,69.45999908447266,43092.0,CT=F,USX,NYM
2026-03-30,69.4800033569336,70.75,69.4000015258789,70.19000244140625,70.19000244140625,33702.0,CT=F,USX,NYM
2026-03-31,70.08999633789062,71.37999725341797,69.86000061035156,70.0,70.0,49593.0,CT=F,USX,NYM
2026-04-01,70.0,70.87999725341797,68.5999984741211,70.76000213623047,70.76000213623047,49627.0,CT=F,USX,NYM
2026-04-02,70.76000213623047,71.29000091552734,69.97000122070312,70.91999816894531,70.91999816894531,40131.0,CT=F,USX,NYM
2026-04-06,70.91999816894531,71.93000030517578,70.77999877929688,71.66999816894531,71.66999816894531,28609.0,CT=F,USX,NYM
2026-04-07,71.5999984741211,72.1500015258789,70.9800033569336,71.30999755859375,71.30999755859375,36338.0,CT=F,USX,NYM
2026-04-08,70.51000213623047,71.97000122070312,70.30000305175781,71.66999816894531,71.66999816894531,63242.0,CT=F,USX,NYM
2026-04-09,71.47000122070312,73.33999633789062,70.8499984741211,73.26000213623047,73.26000213623047,48215.0,CT=F,USX,NYM
2026-04-10,73.26000213623047,73.63999938964844,72.70999908447266,73.22000122070312,73.22000122070312,45611.0,CT=F,USX,NYM
2026-04-13,73.33000183105469,74.73999786376953,72.6500015258789,74.52999877929688,74.52999877929688,38295.0,CT=F,USX,NYM
2026-04-14,74.52999877929688,75.05999755859375,74.0199966430664,74.33999633789062,74.33999633789062,23533.0,CT=F,USX,NYM
2026-04-15,74.30000305175781,75.45999908447266,74.29000091552734,75.11000061035156,75.11000061035156,14460.0,CT=F,USX,NYM
2026-04-16,75.1500015258789,76.1500015258789,75.08000183105469,75.69999694824219,75.69999694824219,12563.0,CT=F,USX,NYM
2026-04-17,75.73999786376953,77.5,74.33000183105469,77.4000015258789,77.4000015258789,11656.0,CT=F,USX,NYM
2026-04-20,77.4000015258789,77.9800033569336,76.43000030517578,77.5999984741211,77.5999984741211,5060.0,CT=F,USX,NYM
2026-04-21,77.29000091552734,78.51000213623047,77.08999633789062,78.26000213623047,78.26000213623047,7063.0,CT=F,USX,NYM
2026-04-22,78.1500015258789,79.08999633789062,75.9800033569336,76.33000183105469,76.33000183105469,3648.0,CT=F,USX,NYM
2026-04-23,76.33000183105469,77.25,75.4000015258789,76.80000305175781,76.80000305175781,1651.0,CT=F,USX,NYM
2026-04-24,76.80000305175781,76.95999908447266,76.62999725341797,77.0,77.0,72.0,CT=F,USX,NYM
2026-04-27,77.55999755859375,77.55999755859375,77.55999755859375,77.33000183105469,77.33000183105469,11.0,CT=F,USX,NYM
2026-04-28,77.33999633789062,77.33999633789062,77.33999633789062,77.33999633789062,77.33999633789062,0.0,CT=F,USX,NYM
2026-04-29,78.6500015258789,78.66000366210938,78.6500015258789,76.86000061035156,76.86000061035156,3.0,CT=F,USX,NYM
2026-04-30,79.5,82.37999725341797,79.5,79.86000061035156,79.86000061035156,3.0,CT=F,USX,NYM
2026-05-01,81.8499984741211,81.8499984741211,81.8499984741211,81.8499984741211,81.8499984741211,0.0,CT=F,USX,NYM
2026-05-04,80.58000183105469,80.58000183105469,80.58000183105469,80.58000183105469,80.58000183105469,0.0,CT=F,USX,NYM
2026-05-05,83.2300033569336,83.2300033569336,83.2300033569336,82.45999908447266,82.45999908447266,1.0,CT=F,USX,NYM
2026-05-06,81.70999908447266,81.70999908447266,81.70999908447266,81.70999908447266,81.70999908447266,39352.0,CT=F,USX,NYM
2026-05-07,83.98999786376953,84.18000030517578,81.9000015258789,83.0,83.0,28736.0,CT=F,USX,NYM
2026-05-08,82.75,84.81999969482422,82.36000061035156,84.7300033569336,84.7300033569336,30136.0,CT=F,USX,NYM
2026-05-11,84.75,88.25,84.25,87.7699966430664,87.7699966430664,41382.0,CT=F,USX,NYM
2026-05-12,87.9000015258789,88.55000305175781,86.02999877929688,86.31999969482422,86.31999969482422,51364.0,CT=F,USX,NYM
2026-05-13,86.1500015258789,88.87999725341797,86.1500015258789,86.80999755859375,86.80999755859375,36527.0,CT=F,USX,NYM
2026-05-14,87.0199966430664,87.36000061035156,82.86000061035156,83.94000244140625,83.94000244140625,46598.0,CT=F,USX,NYM
2026-05-15,83.9000015258789,84.23999786376953,79.94000244140625,80.61000061035156,80.61000061035156,61042.0,CT=F,USX,NYM
2026-05-18,81.22000122070312,84.0999984741211,81.04000091552734,83.69999694824219,83.69999694824219,33703.0,CT=F,USX,NYM
2026-05-19,83.8499984741211,83.9000015258789,81.70999908447266,82.33000183105469,82.33000183105469,23993.0,CT=F,USX,NYM
2026-05-20,82.26000213623047,82.36000061035156,80.75,81.5999984741211,81.5999984741211,25027.0,CT=F,USX,NYM
2026-05-21,81.5,81.54000091552734,77.69999694824219,77.9800033569336,77.9800033569336,40904.0,CT=F,USX,NYM
2026-05-22,78.11000061035156,78.87999725341797,76.83999633789062,77.41999816894531,77.41999816894531,37017.0,CT=F,USX,NYM
2026-05-26,77.0,79.08999633789062,76.80000305175781,77.37000274658203,77.37000274658203,28671.0,CT=F,USX,NYM
2026-05-27,77.5,77.77999877929688,75.72000122070312,76.16000366210938,76.16000366210938,34844.0,CT=F,USX,NYM
2026-05-28,76.0999984741211,77.1500015258789,75.41999816894531,76.7699966430664,76.7699966430664,31349.0,CT=F,USX,NYM
2026-05-29,76.7699966430664,77.16999816894531,75.87000274658203,76.1500015258789,76.1500015258789,33959.0,CT=F,USX,NYM
2026-06-01,77.45999908447266,78.1500015258789,76.36000061035156,76.63999938964844,76.63999938964844,30395.0,CT=F,USX,NYM
2026-06-02,76.66000366210938,78.36000061035156,76.18000030517578,77.04000091552734,77.04000091552734,28986.0,CT=F,USX,NYM
2026-06-03,77.19000244140625,77.45999908447266,75.9800033569336,76.7300033569336,76.7300033569336,21793.0,CT=F,USX,NYM
2026-06-04,76.5999984741211,77.1500015258789,74.27999877929688,74.88999938964844,74.88999938964844,27977.0,CT=F,USX,NYM
2026-06-05,74.73999786376953,75.31999969482422,73.27999877929688,73.75,73.75,33476.0,CT=F,USX,NYM
2026-06-08,73.75,74.47000122070312,72.91999816894531,73.38999938964844,73.38999938964844,35578.0,CT=F,USX,NYM
2026-06-09,73.25,73.86000061035156,71.08000183105469,71.26000213623047,71.26000213623047,40278.0,CT=F,USX,NYM
2026-06-10,71.30000305175781,72.08999633789062,71.01000213623047,71.0999984741211,71.0999984741211,31893.0,CT=F,USX,NYM
2026-06-11,71.0999984741211,72.75,70.91999816894531,72.48999786376953,72.48999786376953,36293.0,CT=F,USX,NYM
2026-06-12,72.51000213623047,73.1500015258789,72.30000305175781,72.94000244140625,72.94000244140625,26503.0,CT=F,USX,NYM
2026-06-15,73.0199966430664,73.5999984741211,72.66999816894531,73.43000030517578,73.43000030517578,7998.0,CT=F,USX,NYM
2026-06-16,73.3499984741211,75.4000015258789,73.0,75.01000213623047,75.01000213623047,7673.0,CT=F,USX,NYM
2026-06-17,75.12999725341797,77.95999908447266,75.05000305175781,76.9000015258789,76.9000015258789,6307.0,CT=F,USX,NYM
2026-06-18,76.5999984741211,76.9000015258789,75.12999725341797,76.05000305175781,76.05000305175781,5067.0,CT=F,USX,NYM
2026-06-22,76.05000305175781,76.3499984741211,74.5,75.20999908447266,75.20999908447266,3305.0,CT=F,USX,NYM
2026-06-23,75.20999908447266,75.5,72.30000305175781,73.95999908447266,73.95999908447266,3071.0,CT=F,USX,NYM
2026-06-24,74.61000061035156,74.61000061035156,72.5,72.08999633789062,72.08999633789062,3.0,CT=F,USX,NYM
2026-06-25,73.4000015258789,73.4000015258789,73.4000015258789,73.4000015258789,73.4000015258789,19.0,CT=F,USX,NYM
2026-06-26,72.91000366210938,72.91999816894531,70.66000366210938,71.66000366210938,71.66000366210938,6.0,CT=F,USX,NYM
2026-06-29,72.0,72.0,72.0,72.0,72.0,0.0,CT=F,USX,NYM
2026-06-30,72.22000122070312,72.22000122070312,72.22000122070312,72.22000122070312,72.22000122070312,0.0,CT=F,USX,NYM
2026-07-01,73.27999877929688,73.27999877929688,73.27999877929688,73.27999877929688,73.27999877929688,0.0,CT=F,USX,NYM
2026-07-02,72.56999969482422,72.56999969482422,72.56999969482422,72.56999969482422,72.56999969482422,0.0,CT=F,USX,NYM
2026-07-06,73.94999694824219,73.94999694824219,73.94999694824219,73.94999694824219,73.94999694824219,0.0,CT=F,USX,NYM
2026-07-07,76.94000244140625,76.94000244140625,76.94000244140625,76.94000244140625,76.94000244140625,0.0,CT=F,USX,NYM
2026-07-08,76.20999908447266,76.20999908447266,76.20999908447266,76.20999908447266,76.20999908447266,0.0,CT=F,USX,NYM
2026-07-09,76.16000366210938,76.16000366210938,76.16000366210938,76.16000366210938,76.16000366210938,10.0,CT=F,USX,NYM
2026-07-10,79.23999786376953,79.66999816894531,78.68000030517578,79.91999816894531,79.91999816894531,15.0,CT=F,USX,NYM
2026-07-13,79.98999786376953,81.08000183105469,79.62000274658203,79.83000183105469,79.83000183105469,28.0,CT=F,USX,NYM
2026-07-14,80.27999877929688,80.97000122070312,78.9800033569336,79.5999984741211,79.5999984741211,90.0,CT=F,USX,NYM
2026-07-15,79.23999786376953,81.25,79.23999786376953,80.55999755859375,80.55999755859375,27.0,CT=F,USX,NYM
2026-07-16,79.0,79.0,76.5999984741211,77.69000244140625,77.69000244140625,69.0,CT=F,USX,NYM
2026-07-17,76.81999969482422,77.58000183105469,76.63999938964844,77.06999969482422,77.06999969482422,24.0,CT=F,USX,NYM
2026-07-20,77.44999694824219,78.37999725341797,77.36000061035156,77.37000274658203,77.37000274658203,22.0,CT=F,USX,NYM
2026-07-21,78.41000366210938,78.83999633789062,78.16000366210938,78.95999908447266,78.95999908447266,8.0,CT=F,USX,NYM
2026-07-22,78.77999877929688,79.95999908447266,78.76000213623047,79.87000274658203,79.87000274658203,23.0,CT=F,USX,NYM
2026-07-23,79.5999984741211,80.54000091552734,79.5999984741211,79.83999633789062,79.83999633789062,22.0,CT=F,USX,NYM
2026-07-24,80.12999725341797,80.12999725341797,78.43000030517578,78.55000305175781,78.55000305175781,16.0,CT=F,USX,NYM
2026-07-27,78.62999725341797,79.5199966430664,78.20999908447266,79.33999633789062,79.33999633789062,26.0,CT=F,USX,NYM
2026-07-28,78.9800033569336,79.47000122070312,78.6500015258789,79.20999908447266,79.20999908447266,32.0,CT=F,USX,NYM
2026-07-29,79.44000244140625,79.44000244140625,77.86000061035156,78.0199966430664,78.0199966430664,26.0,CT=F,USX,NYM
2026-07-30,79.33999633789062,80.01000213623047,79.25,79.41000366210938,79.41000366210938,21.0,CT=F,USX,NYM
2026-07-31,79.75,80.48999786376953,79.5999984741211,80.5,80.5,24.0,CT=F,USX,NYM
2026-08-03,79.9000015258789,81.37999725341797,79.68000030517578,81.3499984741211,81.3499984741211,26.0,CT=F,USX,NYM
2026-08-04,80.77999877929688,81.25,80.05999755859375,81.12999725341797,81.12999725341797,16.0,CT=F,USX,NYM
2026-08-05,81.48999786376953,82.2300033569336,81.2699966430664,81.83999633789062,81.83999633789062,12.0,CT=F,USX,NYM
2026-08-06,81.79000091552734,81.9800033569336,81.79000091552734,81.95999908447266,81.95999908447266,3.0,CT=F,USX,NYM
2026-08-07,82.22000122070312,83.7300033569336,81.37999725341797,83.22000122070312,83.22000122070312,73.0,CT=F,USX,NYM
2026-08-10,83.23999786376953,83.36000061035156,82.55999755859375,82.72000122070312,82.72000122070312,12.0,CT=F,USX,NYM
2026-08-11,82.87999725341797,82.94999694824219,82.52999877929688,83.08999633789062,83.08999633789062,9.0,CT=F,USX,NYM
2026-08-12,83.33999633789062,83.83000183105469,82.41000366210938,83.20999908447266,83.20999908447266,12.0,CT=F,USX,NYM
2026-08-13,82.9000015258789,82.9000015258789,81.48999786376953,82.36000061035156,82.36000061035156,15.0,CT=F,USX,NYM
2026-08-14,82.30000305175781,83.66000366210938,82.30000305175781,83.5999984741211,83.5999984741211,31.0,CT=F,USX,NYM
2026-08-17,83.7300033569336,84.31999969482422,83.22000122070312,84.06999969482422,84.06999969482422,32.0,CT=F,USX,NYM
2026-08-18,84.51000213623047,84.94999694824219,83.91999816894531,84.12000274658203,84.12000274658203,37.0,CT=F,USX,NYM
2026-08-19,84.91999816894531,86.62000274658203,84.91999816894531,87.0,87.0,10.0,CT=F,USX,NYM
2026-08-20,86.37999725341797,87.3499984741211,86.37999725341797,87.0199966430664,87.0199966430664,5.0,CT=F,USX,NYM
2026-08-21,87.30000305175781,87.62000274658203,87.12000274658203,87.06999969482422,87.06999969482422,17.0,CT=F,USX,NYM
2026-08-24,87.05999755859375,87.9000015258789,86.29000091552734,87.4800033569336,87.4800033569336,30.0,CT=F,USX,NYM
2026-08-25,86.45999908447266,87.16000366210938,86.05000305175781,87.08000183105469,87.08000183105469,22.0,CT=F,USX,NYM
2026-08-26,87.22000122070312,87.91000366210938,87.11000061035156,87.7699966430664,87.7699966430664,15.0,CT=F,USX,NYM
2026-08-27,88.0999984741211,91.0,87.55000305175781,91.05999755859375,91.05999755859375,15.0,CT=F,USX,NYM
