date,open,high,low,close,adj_close,volume,ticker,currency,exchange
2000-01-03,124.0,124.0,116.0999984741211,116.5,116.5,6640.0,KC=F,USX,NYB
2000-01-04,116.5,120.5,115.75,116.25,116.25,5492.0,KC=F,USX,NYB
2000-01-05,115.0,121.0,115.0,118.5999984741211,118.5999984741211,6165.0,KC=F,USX,NYB
2000-01-06,119.0,121.4000015258789,116.5,116.8499984741211,116.8499984741211,5094.0,KC=F,USX,NYB
2000-01-07,117.75,117.75,113.80000305175781,114.1500015258789,114.1500015258789,6855.0,KC=F,USX,NYB
2000-01-10,126.0,126.0,116.69999694824219,117.55000305175781,117.55000305175781,7499.0,KC=F,USX,NYB
2000-01-11,115.5,118.25,115.5,117.80000305175781,117.80000305175781,3976.0,KC=F,USX,NYB
2000-01-12,118.0,120.5,116.9000015258789,118.94999694824219,118.94999694824219,5184.0,KC=F,USX,NYB
2000-01-13,120.0,120.0,117.5,118.55000305175781,118.55000305175781,3717.0,KC=F,USX,NYB
2000-01-14,118.0,120.25,112.25,112.55000305175781,112.55000305175781,10115.0,KC=F,USX,NYB
2000-01-18,112.0,118.25,110.5999984741211,115.75,115.75,7364.0,KC=F,USX,NYB
2000-01-19,116.5,118.25,114.75,116.69999694824219,116.69999694824219,6626.0,KC=F,USX,NYB
2000-01-20,118.25,118.80000305175781,111.69999694824219,112.0,112.0,8834.0,KC=F,USX,NYB
2000-01-21,112.0,113.5,110.80000305175781,111.19999694824219,111.19999694824219,5625.0,KC=F,USX,NYB
2000-01-24,111.0,114.4000015258789,110.94999694824219,111.9000015258789,111.9000015258789,5821.0,KC=F,USX,NYB
2000-01-25,111.9000015258789,113.69999694824219,111.5999984741211,112.8499984741211,112.8499984741211,4014.0,KC=F,USX,NYB
2000-01-26,113.0,115.30000305175781,111.9000015258789,115.1500015258789,115.1500015258789,5796.0,KC=F,USX,NYB
2000-01-27,114.75,116.4000015258789,112.80000305175781,114.5999984741211,114.5999984741211,5477.0,KC=F,USX,NYB
2000-01-28,115.1500015258789,115.4000015258789,113.69999694824219,114.69999694824219,114.69999694824219,3334.0,KC=F,USX,NYB
2000-01-31,114.0,114.0,110.5,111.0999984741211,111.0999984741211,6465.0,KC=F,USX,NYB
2000-02-01,110.5999984741211,112.75,109.80000305175781,111.6500015258789,111.6500015258789,5964.0,KC=F,USX,NYB
2000-02-02,112.75,114.25,111.75,112.25,112.25,5055.0,KC=F,USX,NYB
2000-02-03,112.0,113.5,111.25,112.94999694824219,112.94999694824219,4181.0,KC=F,USX,NYB
2000-02-04,112.5,114.5,112.5,112.9000015258789,112.9000015258789,4107.0,KC=F,USX,NYB
2000-02-07,114.0,114.25,111.25,111.69999694824219,111.69999694824219,6155.0,KC=F,USX,NYB
2000-02-08,112.25,112.4000015258789,108.5,108.55000305175781,108.55000305175781,11717.0,KC=F,USX,NYB
2000-02-09,108.55000305175781,109.4000015258789,106.9000015258789,107.69999694824219,107.69999694824219,6700.0,KC=F,USX,NYB
2000-02-10,108.0,109.0,107.30000305175781,108.75,108.75,5121.0,KC=F,USX,NYB
2000-02-11,108.75,110.69999694824219,108.4000015258789,108.80000305175781,108.80000305175781,6053.0,KC=F,USX,NYB
2000-02-14,107.0,107.5999984741211,104.25,105.0,105.0,7749.0,KC=F,USX,NYB
2000-02-15,106.0,106.69999694824219,105.30000305175781,105.80000305175781,105.80000305175781,6638.0,KC=F,USX,NYB
2000-02-16,105.5,107.0,104.9000015258789,104.94999694824219,104.94999694824219,8616.0,KC=F,USX,NYB
2000-02-17,105.0,105.75,104.4000015258789,105.3499984741211,105.3499984741211,7419.0,KC=F,USX,NYB
2000-02-18,105.75,106.4000015258789,103.75,104.30000305175781,104.30000305175781,7419.0,KC=F,USX,NYB
2000-02-22,103.0,104.75,103.0,103.19999694824219,103.19999694824219,1209.0,KC=F,USX,NYB
2000-02-23,103.0,104.25,102.5,103.5999984741211,103.5999984741211,1237.0,KC=F,USX,NYB
2000-02-24,103.9000015258789,104.0,101.75,101.75,101.75,727.0,KC=F,USX,NYB
2000-02-25,102.0,102.0,98.19999694824219,98.80000305175781,98.80000305175781,1908.0,KC=F,USX,NYB
2000-02-28,98.25,101.75,98.0,101.6500015258789,101.6500015258789,473.0,KC=F,USX,NYB
2000-02-29,102.0,103.0,99.44999694824219,99.9000015258789,99.9000015258789,287.0,KC=F,USX,NYB
2000-03-01,101.25,101.69999694824219,100.25,101.1500015258789,101.1500015258789,166.0,KC=F,USX,NYB
2000-03-02,102.5,105.5,102.5,105.0999984741211,105.0999984741211,198.0,KC=F,USX,NYB
2000-03-03,104.75,105.4000015258789,103.8499984741211,104.3499984741211,104.3499984741211,187.0,KC=F,USX,NYB
2000-03-06,103.5,106.5,103.5,106.30000305175781,106.30000305175781,106.0,KC=F,USX,NYB
2000-03-07,108.0,108.5999984741211,108.0,108.4000015258789,108.4000015258789,171.0,KC=F,USX,NYB
2000-03-08,108.75,108.75,107.0,107.4000015258789,107.4000015258789,67.0,KC=F,USX,NYB
2000-03-09,108.5,109.0,107.19999694824219,107.19999694824219,107.19999694824219,93.0,KC=F,USX,NYB
2000-03-10,106.0,106.69999694824219,105.80000305175781,106.0999984741211,106.0999984741211,112.0,KC=F,USX,NYB
2000-03-13,106.5,106.5,105.75,106.0,106.0,91.0,KC=F,USX,NYB
2000-03-14,106.5,106.5,102.25,102.55000305175781,102.55000305175781,198.0,KC=F,USX,NYB
2000-03-15,103.0,103.0,101.5,103.0,103.0,178.0,KC=F,USX,NYB
2000-03-16,103.5,106.75,103.5,106.3499984741211,106.3499984741211,169.0,KC=F,USX,NYB
2000-03-17,105.5,106.1500015258789,105.5,106.0999984741211,106.0999984741211,138.0,KC=F,USX,NYB
2000-03-20,104.75,105.0,103.0999984741211,103.0999984741211,103.0999984741211,186.0,KC=F,USX,NYB
2000-03-21,103.5,104.0,103.5,103.75,103.75,0.0,KC=F,USX,NYB
2000-03-22,104.5,105.9000015258789,104.5,105.80000305175781,105.80000305175781,3326.0,KC=F,USX,NYB
2000-03-23,105.75,107.0,101.5,102.0999984741211,102.0999984741211,9191.0,KC=F,USX,NYB
2000-03-24,103.0,103.25,101.05000305175781,103.1500015258789,103.1500015258789,4240.0,KC=F,USX,NYB
2000-03-27,102.75,103.25,101.3499984741211,103.1500015258789,103.1500015258789,3871.0,KC=F,USX,NYB
2000-03-28,104.0,105.30000305175781,103.80000305175781,104.5,104.5,4242.0,KC=F,USX,NYB
2000-03-29,104.75,105.25,103.5,103.9000015258789,103.9000015258789,3651.0,KC=F,USX,NYB
2000-03-30,103.80000305175781,104.4000015258789,103.25,103.5,103.5,2999.0,KC=F,USX,NYB
2000-03-31,103.5,104.5999984741211,102.0,103.69999694824219,103.69999694824219,5523.0,KC=F,USX,NYB
2000-04-03,103.5,103.69999694824219,101.30000305175781,102.0999984741211,102.0999984741211,4398.0,KC=F,USX,NYB
2000-04-04,102.0999984741211,102.4000015258789,99.9000015258789,100.0999984741211,100.0999984741211,5658.0,KC=F,USX,NYB
2000-04-05,99.5,102.5,97.19999694824219,101.80000305175781,101.80000305175781,9620.0,KC=F,USX,NYB
2000-04-06,100.5,101.5,98.69999694824219,100.8499984741211,100.8499984741211,6398.0,KC=F,USX,NYB
2000-04-07,100.3499984741211,101.30000305175781,99.3499984741211,99.5999984741211,99.5999984741211,4023.0,KC=F,USX,NYB
2000-04-10,98.5,99.30000305175781,96.5,96.6500015258789,96.6500015258789,6840.0,KC=F,USX,NYB
2000-04-11,96.0,97.25,96.0,96.55000305175781,96.55000305175781,5538.0,KC=F,USX,NYB
2000-04-12,95.75,96.5,94.0999984741211,94.19999694824219,94.19999694824219,9650.0,KC=F,USX,NYB
2000-04-13,94.0,94.9000015258789,93.25,94.69999694824219,94.69999694824219,7596.0,KC=F,USX,NYB
2000-04-14,94.0,95.25,91.94999694824219,92.6500015258789,92.6500015258789,7347.0,KC=F,USX,NYB
2000-04-17,93.0,93.5,92.30000305175781,92.80000305175781,92.80000305175781,9443.0,KC=F,USX,NYB
2000-04-18,92.0,95.80000305175781,92.0,94.05000305175781,94.05000305175781,14039.0,KC=F,USX,NYB
2000-04-19,94.5,95.80000305175781,94.0,95.69999694824219,95.69999694824219,2932.0,KC=F,USX,NYB
2000-04-20,95.69999694824219,98.19999694824219,95.69999694824219,97.75,97.75,1044.0,KC=F,USX,NYB
2000-04-24,98.0,98.4000015258789,94.0,94.25,94.25,440.0,KC=F,USX,NYB
2000-04-25,94.5,95.75,94.0,95.5999984741211,95.5999984741211,540.0,KC=F,USX,NYB
2000-04-26,95.0,95.0,94.25,94.75,94.75,175.0,KC=F,USX,NYB
2000-04-27,94.75,95.3499984741211,94.5,94.8499984741211,94.8499984741211,618.0,KC=F,USX,NYB
2000-04-28,94.5,96.0,94.0,95.30000305175781,95.30000305175781,202.0,KC=F,USX,NYB
2000-05-01,99.0,100.30000305175781,99.0,100.30000305175781,100.30000305175781,276.0,KC=F,USX,NYB
2000-05-02,100.0,100.25,98.0,99.0999984741211,99.0999984741211,149.0,KC=F,USX,NYB
2000-05-03,98.0,98.3499984741211,94.25,94.44999694824219,94.44999694824219,242.0,KC=F,USX,NYB
2000-05-04,96.0,97.0,95.80000305175781,96.8499984741211,96.8499984741211,140.0,KC=F,USX,NYB
2000-05-05,97.5,97.5,96.5,96.8499984741211,96.8499984741211,291.0,KC=F,USX,NYB
2000-05-08,96.0,97.1500015258789,96.0,97.1500015258789,97.1500015258789,275.0,KC=F,USX,NYB
2000-05-09,98.0,99.0999984741211,97.0,97.44999694824219,97.44999694824219,230.0,KC=F,USX,NYB
2000-05-10,98.5,98.5,97.0,97.25,97.25,112.0,KC=F,USX,NYB
2000-05-11,97.0,97.0,95.0999984741211,95.9000015258789,95.9000015258789,37.0,KC=F,USX,NYB
2000-05-12,95.5,95.5,91.80000305175781,91.80000305175781,91.80000305175781,137.0,KC=F,USX,NYB
2000-05-15,92.75,92.75,91.25,91.25,91.25,67.0,KC=F,USX,NYB
2000-05-16,92.5,92.5,92.0,92.25,92.25,146.0,KC=F,USX,NYB
2000-05-17,92.25,92.25,90.3499984741211,91.80000305175781,91.80000305175781,296.0,KC=F,USX,NYB
2000-05-18,91.25,93.0,91.0,91.5,91.5,0.0,KC=F,USX,NYB
2000-05-19,95.5,98.75,94.80000305175781,97.94999694824219,97.94999694824219,8338.0,KC=F,USX,NYB
2000-05-22,97.94999694824219,104.69999694824219,97.5,103.30000305175781,103.30000305175781,14769.0,KC=F,USX,NYB
2000-05-23,103.5,104.25,101.30000305175781,103.69999694824219,103.69999694824219,7216.0,KC=F,USX,NYB
2000-05-24,103.25,103.5,100.75,101.8499984741211,101.8499984741211,4667.0,KC=F,USX,NYB
2000-05-25,100.0,101.4000015258789,98.5,99.25,99.25,6264.0,KC=F,USX,NYB
2000-05-26,97.5,99.75,97.5,99.19999694824219,99.19999694824219,3239.0,KC=F,USX,NYB
2000-05-30,99.0,100.9000015258789,99.0,100.4000015258789,100.4000015258789,3895.0,KC=F,USX,NYB
2000-05-31,101.25,101.69999694824219,92.5999984741211,93.0,93.0,11773.0,KC=F,USX,NYB
2000-06-01,94.0,97.25,93.05000305175781,94.44999694824219,94.44999694824219,7358.0,KC=F,USX,NYB
2000-06-02,94.5,96.75,94.30000305175781,95.55000305175781,95.55000305175781,3308.0,KC=F,USX,NYB
2000-06-05,94.9000015258789,94.9000015258789,93.0,93.3499984741211,93.3499984741211,4290.0,KC=F,USX,NYB
2000-06-06,93.0,93.0,88.80000305175781,89.1500015258789,89.1500015258789,10278.0,KC=F,USX,NYB
2000-06-07,91.0,92.9000015258789,90.5,92.05000305175781,92.05000305175781,6901.0,KC=F,USX,NYB
2000-06-08,91.0,94.75,90.25,92.55000305175781,92.55000305175781,8028.0,KC=F,USX,NYB
2000-06-09,92.25,92.75,91.25,91.8499984741211,91.8499984741211,4287.0,KC=F,USX,NYB
2000-06-12,91.0,93.25,89.5,91.1500015258789,91.1500015258789,5043.0,KC=F,USX,NYB
2000-06-13,91.1500015258789,91.3499984741211,89.0999984741211,90.80000305175781,90.80000305175781,5001.0,KC=F,USX,NYB
2000-06-14,90.0,91.30000305175781,89.25,89.8499984741211,89.8499984741211,6995.0,KC=F,USX,NYB
2000-06-15,89.5,89.80000305175781,86.5,88.1500015258789,88.1500015258789,7002.0,KC=F,USX,NYB
2000-06-16,88.5,89.0,86.75,87.25,87.25,4197.0,KC=F,USX,NYB
2000-06-19,86.75,88.25,86.25,87.19999694824219,87.19999694824219,5391.0,KC=F,USX,NYB
2000-06-20,87.0,88.0,86.75,87.25,87.25,6173.0,KC=F,USX,NYB
2000-06-21,86.69999694824219,87.69999694824219,84.0,84.44999694824219,84.44999694824219,9823.0,KC=F,USX,NYB
2000-06-22,85.5,86.75,85.25,86.1500015258789,86.1500015258789,1687.0,KC=F,USX,NYB
2000-06-23,86.75,89.5,86.75,87.05000305175781,87.05000305175781,1151.0,KC=F,USX,NYB
2000-06-26,86.75,87.4000015258789,86.0,87.1500015258789,87.1500015258789,184.0,KC=F,USX,NYB
2000-06-27,86.5,88.5,86.0,88.5,88.5,374.0,KC=F,USX,NYB
2000-06-28,88.5,89.25,87.30000305175781,87.6500015258789,87.6500015258789,281.0,KC=F,USX,NYB
2000-06-29,87.25,87.6500015258789,86.30000305175781,86.4000015258789,86.4000015258789,150.0,KC=F,USX,NYB
2000-06-30,86.9000015258789,87.0,84.5999984741211,84.8499984741211,84.8499984741211,150.0,KC=F,USX,NYB
2000-07-05,85.4000015258789,85.9000015258789,85.0,85.4000015258789,85.4000015258789,120.0,KC=F,USX,NYB
2000-07-06,85.25,85.5,82.8499984741211,82.8499984741211,82.8499984741211,262.0,KC=F,USX,NYB
2000-07-07,82.75,82.75,79.75,80.80000305175781,80.80000305175781,173.0,KC=F,USX,NYB
2000-07-10,83.5,85.5,83.5,84.0,84.0,46.0,KC=F,USX,NYB
2000-07-11,84.75,91.1500015258789,84.5,90.0999984741211,90.0999984741211,41.0,KC=F,USX,NYB
2000-07-12,90.5,90.5,88.80000305175781,89.69999694824219,89.69999694824219,12.0,KC=F,USX,NYB
2000-07-13,93.0,99.5,93.0,99.19999694824219,99.19999694824219,20.0,KC=F,USX,NYB
2000-07-14,95.5,95.5,89.1500015258789,89.1500015258789,89.1500015258789,20.0,KC=F,USX,NYB
2000-07-17,98.5,98.6500015258789,98.5,98.6500015258789,98.6500015258789,59.0,KC=F,USX,NYB
2000-07-18,119.0,119.0,113.0,116.5,116.5,93.0,KC=F,USX,NYB
2000-07-19,113.0,113.0,111.1500015258789,111.1500015258789,111.1500015258789,0.0,KC=F,USX,NYB
2000-07-20,101.5,104.0,95.3499984741211,97.75,97.75,7265.0,KC=F,USX,NYB
2000-07-21,100.0,103.25,96.25,96.6500015258789,96.6500015258789,10789.0,KC=F,USX,NYB
2000-07-24,89.0,89.0,84.4000015258789,86.30000305175781,86.30000305175781,4751.0,KC=F,USX,NYB
2000-07-25,85.5,87.25,85.0,85.19999694824219,85.19999694824219,3200.0,KC=F,USX,NYB
2000-07-26,85.0,87.5,85.0,86.94999694824219,86.94999694824219,3893.0,KC=F,USX,NYB
2000-07-27,86.75,88.75,86.0,86.0999984741211,86.0999984741211,2476.0,KC=F,USX,NYB
2000-07-28,86.75,88.0999984741211,86.75,87.4000015258789,87.4000015258789,3993.0,KC=F,USX,NYB
2000-07-31,86.5,87.0,84.0999984741211,86.44999694824219,86.44999694824219,2738.0,KC=F,USX,NYB
2000-08-01,86.5,87.75,86.0999984741211,86.30000305175781,86.30000305175781,2630.0,KC=F,USX,NYB
2000-08-02,87.5,87.5,86.0,86.44999694824219,86.44999694824219,2664.0,KC=F,USX,NYB
2000-08-03,86.5,87.5,85.0,85.8499984741211,85.8499984741211,2522.0,KC=F,USX,NYB
2000-08-04,86.0,86.25,85.0,85.5999984741211,85.5999984741211,2529.0,KC=F,USX,NYB
2000-08-07,85.5999984741211,86.0,84.80000305175781,85.4000015258789,85.4000015258789,4497.0,KC=F,USX,NYB
2000-08-08,85.75,86.0,83.4000015258789,83.69999694824219,83.69999694824219,8564.0,KC=F,USX,NYB
2000-08-09,83.0,83.5,79.30000305175781,79.5,79.5,5813.0,KC=F,USX,NYB
2000-08-10,79.5,81.19999694824219,78.44999694824219,79.5999984741211,79.5999984741211,3627.0,KC=F,USX,NYB
2000-08-11,79.5999984741211,81.0,79.5999984741211,80.6500015258789,80.6500015258789,6715.0,KC=F,USX,NYB
2000-08-14,80.0,80.0,76.5,78.80000305175781,78.80000305175781,3717.0,KC=F,USX,NYB
2000-08-15,78.75,79.0999984741211,77.75,78.5999984741211,78.5999984741211,5053.0,KC=F,USX,NYB
2000-08-16,76.0,78.5,75.5999984741211,78.30000305175781,78.30000305175781,0.0,KC=F,USX,NYB
2000-08-17,78.30000305175781,79.1500015258789,77.4000015258789,78.55000305175781,78.55000305175781,3283.0,KC=F,USX,NYB
2000-08-18,78.75,78.9000015258789,77.5,78.4000015258789,78.4000015258789,5703.0,KC=F,USX,NYB
2000-08-21,77.75,78.5,77.0999984741211,77.5,77.5,6549.0,KC=F,USX,NYB
2000-08-22,76.25,77.80000305175781,76.25,77.0999984741211,77.0999984741211,2306.0,KC=F,USX,NYB
2000-08-23,76.75,77.4000015258789,74.5,74.5999984741211,74.5999984741211,709.0,KC=F,USX,NYB
2000-08-24,75.0,78.5,75.0,77.80000305175781,77.80000305175781,347.0,KC=F,USX,NYB
2000-08-25,78.25,78.25,77.4000015258789,77.75,77.75,283.0,KC=F,USX,NYB
2000-08-28,78.0,78.0,74.5,75.19999694824219,75.19999694824219,327.0,KC=F,USX,NYB
2000-08-29,75.25,75.69999694824219,74.4000015258789,74.69999694824219,74.69999694824219,186.0,KC=F,USX,NYB
2000-08-30,74.0,74.75,73.5999984741211,73.9000015258789,73.9000015258789,127.0,KC=F,USX,NYB
2000-08-31,73.5,75.19999694824219,73.5,74.5,74.5,110.0,KC=F,USX,NYB
2000-09-01,75.5,77.0,75.0,75.0,75.0,307.0,KC=F,USX,NYB
2000-09-05,73.4000015258789,73.69999694824219,72.19999694824219,73.0999984741211,73.0999984741211,50.0,KC=F,USX,NYB
2000-09-06,74.5,75.25,74.5,75.25,75.25,65.0,KC=F,USX,NYB
2000-09-07,77.0,78.0,76.5,78.0,78.0,37.0,KC=F,USX,NYB
2000-09-08,78.0,78.0,76.5999984741211,77.4000015258789,77.4000015258789,15.0,KC=F,USX,NYB
2000-09-11,77.0,78.0,76.5,77.75,77.75,22.0,KC=F,USX,NYB
2000-09-12,78.5,78.6500015258789,78.0,78.6500015258789,78.6500015258789,42.0,KC=F,USX,NYB
2000-09-13,79.0,80.0,79.0,79.55000305175781,79.55000305175781,14.0,KC=F,USX,NYB
2000-09-14,78.0,78.0,76.5,77.19999694824219,77.19999694824219,47.0,KC=F,USX,NYB
2000-09-15,77.55000305175781,77.75,76.0,76.25,76.25,9.0,KC=F,USX,NYB
2000-09-18,77.0,77.5,77.0,77.4000015258789,77.4000015258789,0.0,KC=F,USX,NYB
2000-09-19,77.0,77.19999694824219,77.0,77.19999694824219,77.19999694824219,7975.0,KC=F,USX,NYB
2000-09-20,81.25,81.25,78.0,79.1500015258789,79.1500015258789,4583.0,KC=F,USX,NYB
2000-09-21,78.5,79.1500015258789,77.5999984741211,77.80000305175781,77.80000305175781,3611.0,KC=F,USX,NYB
2000-09-22,78.25,78.94999694824219,77.4000015258789,78.0,78.0,1921.0,KC=F,USX,NYB
2000-09-25,78.25,79.0999984741211,78.19999694824219,79.05000305175781,79.05000305175781,6515.0,KC=F,USX,NYB
2000-09-26,79.5,82.19999694824219,79.5,81.75,81.75,7089.0,KC=F,USX,NYB
2000-09-27,81.5,81.8499984741211,78.19999694824219,78.94999694824219,78.94999694824219,2795.0,KC=F,USX,NYB
2000-09-28,79.4000015258789,80.0,78.94999694824219,79.8499984741211,79.8499984741211,10181.0,KC=F,USX,NYB
2000-09-29,79.19999694824219,84.4000015258789,77.80000305175781,83.0,83.0,6085.0,KC=F,USX,NYB
2000-10-02,81.0,82.1500015258789,78.80000305175781,79.3499984741211,79.3499984741211,4868.0,KC=F,USX,NYB
2000-10-03,79.0,79.8499984741211,77.5999984741211,79.4000015258789,79.4000015258789,2209.0,KC=F,USX,NYB
2000-10-04,78.75,79.44999694824219,78.4000015258789,79.3499984741211,79.3499984741211,2511.0,KC=F,USX,NYB
2000-10-05,79.25,79.5,78.25,78.69999694824219,78.69999694824219,3724.0,KC=F,USX,NYB
2000-10-06,79.0,80.25,78.30000305175781,79.44999694824219,79.44999694824219,2029.0,KC=F,USX,NYB
2000-10-09,79.25,80.0,79.0999984741211,79.94999694824219,79.94999694824219,4796.0,KC=F,USX,NYB
2000-10-10,80.0999984741211,80.80000305175781,78.5,80.75,80.75,7525.0,KC=F,USX,NYB
2000-10-11,81.0,83.25,81.0,83.1500015258789,83.1500015258789,5784.0,KC=F,USX,NYB
2000-10-12,83.0,84.0,79.9000015258789,81.30000305175781,81.30000305175781,3264.0,KC=F,USX,NYB
2000-10-13,80.5,81.5,79.5999984741211,81.05000305175781,81.05000305175781,10815.0,KC=F,USX,NYB
2000-10-16,81.6500015258789,87.5,81.6500015258789,85.6500015258789,85.6500015258789,9230.0,KC=F,USX,NYB
2000-10-17,85.0,91.0,84.25,88.69999694824219,88.69999694824219,7017.0,KC=F,USX,NYB
2000-10-18,90.0,91.0,87.30000305175781,88.25,88.25,4196.0,KC=F,USX,NYB
2000-10-19,88.0,88.0,85.9000015258789,86.69999694824219,86.69999694824219,5330.0,KC=F,USX,NYB
2000-10-20,86.69999694824219,87.19999694824219,83.5,84.1500015258789,84.1500015258789,11524.0,KC=F,USX,NYB
2000-10-23,84.0,85.1500015258789,78.0,78.44999694824219,78.44999694824219,4457.0,KC=F,USX,NYB
2000-10-24,79.0,79.9000015258789,78.80000305175781,79.25,79.25,3863.0,KC=F,USX,NYB
2000-10-25,78.0,79.0,77.75,78.05000305175781,78.05000305175781,8500.0,KC=F,USX,NYB
2000-10-26,78.5,79.69999694824219,75.0999984741211,75.4000015258789,75.4000015258789,2783.0,KC=F,USX,NYB
2000-10-27,75.19999694824219,76.0999984741211,75.0999984741211,75.5999984741211,75.5999984741211,5718.0,KC=F,USX,NYB
2000-10-30,75.3499984741211,75.3499984741211,73.3499984741211,73.5,73.5,5116.0,KC=F,USX,NYB
2000-10-31,73.75,75.1500015258789,73.5,74.4000015258789,74.4000015258789,3804.0,KC=F,USX,NYB
2000-11-01,75.0,75.9000015258789,73.5,73.9000015258789,73.9000015258789,2799.0,KC=F,USX,NYB
2000-11-02,74.25,75.0,73.9000015258789,74.25,74.25,4846.0,KC=F,USX,NYB
2000-11-03,74.0,74.0,72.55000305175781,73.5999984741211,73.5999984741211,3594.0,KC=F,USX,NYB
2000-11-06,73.75,75.1500015258789,73.75,74.69999694824219,74.69999694824219,3011.0,KC=F,USX,NYB
2000-11-07,74.0,74.69999694824219,74.0,74.5999984741211,74.5999984741211,6203.0,KC=F,USX,NYB
2000-11-08,73.4000015258789,75.94999694824219,73.30000305175781,75.30000305175781,75.30000305175781,5304.0,KC=F,USX,NYB
2000-11-09,74.5,75.25,73.75,74.0,74.0,4678.0,KC=F,USX,NYB
2000-11-10,74.25,75.0,73.80000305175781,74.1500015258789,74.1500015258789,6782.0,KC=F,USX,NYB
2000-11-13,73.75,74.0,71.0,71.44999694824219,71.44999694824219,6893.0,KC=F,USX,NYB
2000-11-14,72.0,72.25,70.75,71.4000015258789,71.4000015258789,7087.0,KC=F,USX,NYB
2000-11-15,71.30000305175781,71.69999694824219,70.25,70.30000305175781,70.30000305175781,8594.0,KC=F,USX,NYB
2000-11-16,70.5,70.5,68.69999694824219,68.8499984741211,68.8499984741211,11530.0,KC=F,USX,NYB
2000-11-17,68.0,69.30000305175781,68.0,68.55000305175781,68.55000305175781,2131.0,KC=F,USX,NYB
2000-11-20,69.0,70.9000015258789,68.9000015258789,70.3499984741211,70.3499984741211,735.0,KC=F,USX,NYB
2000-11-21,70.25,70.5,67.3499984741211,68.55000305175781,68.55000305175781,0.0,KC=F,USX,NYB
2000-11-22,68.75,69.0,68.0,68.30000305175781,68.30000305175781,511.0,KC=F,USX,NYB
2000-11-27,67.3499984741211,69.25,67.1500015258789,68.0,68.0,79.0,KC=F,USX,NYB
2000-11-28,68.25,69.5,68.25,69.5,69.5,345.0,KC=F,USX,NYB
2000-11-29,69.5,70.5,69.5,70.0999984741211,70.0999984741211,102.0,KC=F,USX,NYB
2000-11-30,70.25,70.4000015258789,67.19999694824219,67.19999694824219,67.19999694824219,97.0,KC=F,USX,NYB
2000-12-01,68.19999694824219,68.19999694824219,66.5,67.0,67.0,147.0,KC=F,USX,NYB
2000-12-04,66.5,68.0,65.75,67.30000305175781,67.30000305175781,82.0,KC=F,USX,NYB
2000-12-05,67.0,67.0,66.25,66.5,66.5,41.0,KC=F,USX,NYB
2000-12-06,66.0,67.25,66.0,66.1500015258789,66.1500015258789,32.0,KC=F,USX,NYB
2000-12-07,67.0,67.25,66.0,66.3499984741211,66.3499984741211,34.0,KC=F,USX,NYB
2000-12-08,66.75,66.75,63.650001525878906,63.650001525878906,63.650001525878906,114.0,KC=F,USX,NYB
2000-12-11,64.80000305175781,65.0,64.0999984741211,64.0999984741211,64.0999984741211,62.0,KC=F,USX,NYB
2000-12-12,64.0,64.19999694824219,64.0,64.19999694824219,64.19999694824219,48.0,KC=F,USX,NYB
2000-12-13,64.75,65.0,63.75,63.75,63.75,36.0,KC=F,USX,NYB
2000-12-14,62.900001525878906,62.900001525878906,61.54999923706055,61.54999923706055,61.54999923706055,55.0,KC=F,USX,NYB
2000-12-15,63.0,63.0,62.5,62.900001525878906,62.900001525878906,0.0,KC=F,USX,NYB
2000-12-18,64.0,64.0,62.70000076293945,62.70000076293945,62.70000076293945,4030.0,KC=F,USX,NYB
2000-12-19,65.80000305175781,66.19999694824219,65.0,65.05000305175781,65.05000305175781,3008.0,KC=F,USX,NYB
2000-12-20,65.5999984741211,65.5999984741211,64.9000015258789,65.44999694824219,65.44999694824219,5648.0,KC=F,USX,NYB
2000-12-21,65.80000305175781,67.5999984741211,65.80000305175781,66.55000305175781,66.55000305175781,2477.0,KC=F,USX,NYB
2000-12-22,66.0,66.30000305175781,65.0,65.4000015258789,65.4000015258789,4678.0,KC=F,USX,NYB
2000-12-26,65.75,69.0,65.75,67.30000305175781,67.30000305175781,3745.0,KC=F,USX,NYB
2000-12-27,67.0,67.75,65.69999694824219,66.4000015258789,66.4000015258789,3453.0,KC=F,USX,NYB
2000-12-28,66.25,67.5,66.25,67.3499984741211,67.3499984741211,3475.0,KC=F,USX,NYB
2000-12-29,67.25,67.5,65.30000305175781,65.55000305175781,65.55000305175781,6496.0,KC=F,USX,NYB
2001-01-02,65.25,65.4000015258789,62.900001525878906,63.400001525878906,63.400001525878906,4711.0,KC=F,USX,NYB
2001-01-03,64.0,64.0,62.599998474121094,63.45000076293945,63.45000076293945,3252.0,KC=F,USX,NYB
2001-01-04,63.75,63.900001525878906,63.0,63.349998474121094,63.349998474121094,4630.0,KC=F,USX,NYB
2001-01-05,63.29999923706055,64.5999984741211,62.5,64.3499984741211,64.3499984741211,8190.0,KC=F,USX,NYB
2001-01-08,65.5,68.0,63.0,63.849998474121094,63.849998474121094,5797.0,KC=F,USX,NYB
2001-01-09,63.5,63.900001525878906,62.0,63.79999923706055,63.79999923706055,3340.0,KC=F,USX,NYB
2001-01-10,63.5,64.0,62.849998474121094,63.349998474121094,63.349998474121094,3775.0,KC=F,USX,NYB
2001-01-11,63.5,64.80000305175781,63.349998474121094,63.599998474121094,63.599998474121094,6051.0,KC=F,USX,NYB
2001-01-12,64.25,65.5,63.20000076293945,65.0,65.0,7967.0,KC=F,USX,NYB
2001-01-16,66.5,67.5,64.5999984741211,67.4000015258789,67.4000015258789,14173.0,KC=F,USX,NYB
2001-01-17,67.25,71.25,66.5999984741211,70.19999694824219,70.19999694824219,9236.0,KC=F,USX,NYB
2001-01-18,69.5,70.1500015258789,65.75,66.75,66.75,5281.0,KC=F,USX,NYB
2001-01-19,67.4000015258789,68.69999694824219,67.0,68.30000305175781,68.30000305175781,7907.0,KC=F,USX,NYB
2001-01-22,68.75,71.75,68.5,71.25,71.25,7383.0,KC=F,USX,NYB
2001-01-23,72.5,72.5,68.75,69.8499984741211,69.8499984741211,5022.0,KC=F,USX,NYB
2001-01-24,70.75,71.19999694824219,69.0999984741211,70.05000305175781,70.05000305175781,8197.0,KC=F,USX,NYB
2001-01-25,69.25,69.25,65.9000015258789,67.8499984741211,67.8499984741211,2329.0,KC=F,USX,NYB
2001-01-26,68.0,68.5,66.94999694824219,67.0999984741211,67.0999984741211,4099.0,KC=F,USX,NYB
2001-01-29,66.5,66.5,65.25,65.4000015258789,65.4000015258789,6233.0,KC=F,USX,NYB
2001-01-30,64.0,64.75,63.0,64.19999694824219,64.19999694824219,6677.0,KC=F,USX,NYB
2001-01-31,63.75,64.8499984741211,63.25,63.75,63.75,4335.0,KC=F,USX,NYB
2001-02-01,64.0,65.0,63.5,64.69999694824219,64.69999694824219,6431.0,KC=F,USX,NYB
2001-02-02,65.0,65.0,62.900001525878906,63.20000076293945,63.20000076293945,3659.0,KC=F,USX,NYB
2001-02-05,62.75,63.400001525878906,62.25,62.70000076293945,62.70000076293945,4397.0,KC=F,USX,NYB
2001-02-06,62.70000076293945,63.099998474121094,62.0,62.20000076293945,62.20000076293945,6247.0,KC=F,USX,NYB
2001-02-07,61.5,62.79999923706055,61.29999923706055,61.75,61.75,4310.0,KC=F,USX,NYB
2001-02-08,61.70000076293945,62.400001525878906,61.400001525878906,62.0,62.0,7044.0,KC=F,USX,NYB
2001-02-09,62.25,63.20000076293945,62.099998474121094,62.650001525878906,62.650001525878906,0.0,KC=F,USX,NYB
2001-02-12,62.25,62.650001525878906,61.849998474121094,62.29999923706055,62.29999923706055,0.0,KC=F,USX,NYB
2001-02-13,62.5,63.900001525878906,62.25,62.79999923706055,62.79999923706055,7704.0,KC=F,USX,NYB
2001-02-14,63.79999923706055,64.0,62.25,62.79999923706055,62.79999923706055,6522.0,KC=F,USX,NYB
2001-02-15,62.75,63.099998474121094,61.25,61.5,61.5,11646.0,KC=F,USX,NYB
2001-02-16,60.75,61.099998474121094,59.29999923706055,59.79999923706055,59.79999923706055,2348.0,KC=F,USX,NYB
2001-02-20,59.5,63.0,59.25,62.75,62.75,618.0,KC=F,USX,NYB
2001-02-21,63.0,63.5,62.5,63.150001525878906,63.150001525878906,602.0,KC=F,USX,NYB
2001-02-22,63.0,64.80000305175781,62.75,62.849998474121094,62.849998474121094,375.0,KC=F,USX,NYB
2001-02-23,64.0,65.0,63.0,64.94999694824219,64.94999694824219,331.0,KC=F,USX,NYB
2001-02-26,65.5,65.5,62.900001525878906,63.900001525878906,63.900001525878906,239.0,KC=F,USX,NYB
2001-02-27,64.75,64.75,64.0999984741211,64.4000015258789,64.4000015258789,144.0,KC=F,USX,NYB
2001-02-28,65.0,65.0,63.5,63.900001525878906,63.900001525878906,115.0,KC=F,USX,NYB
2001-03-01,64.25,64.25,62.400001525878906,62.75,62.75,68.0,KC=F,USX,NYB
2001-03-02,63.599998474121094,63.79999923706055,63.29999923706055,63.29999923706055,63.29999923706055,49.0,KC=F,USX,NYB
2001-03-05,63.20000076293945,63.70000076293945,63.20000076293945,63.70000076293945,63.70000076293945,60.0,KC=F,USX,NYB
2001-03-06,64.0,65.75,64.0,65.0,65.0,30.0,KC=F,USX,NYB
2001-03-07,65.5,66.80000305175781,65.25,65.80000305175781,65.80000305175781,79.0,KC=F,USX,NYB
2001-03-08,66.25,66.4000015258789,64.1500015258789,64.1500015258789,64.1500015258789,40.0,KC=F,USX,NYB
2001-03-09,62.75,63.0,61.099998474121094,61.70000076293945,61.70000076293945,48.0,KC=F,USX,NYB
2001-03-12,62.0,62.04999923706055,61.349998474121094,62.04999923706055,62.04999923706055,18.0,KC=F,USX,NYB
2001-03-13,62.75,62.75,60.849998474121094,60.95000076293945,60.95000076293945,26.0,KC=F,USX,NYB
2001-03-14,61.0,61.0,60.45000076293945,61.0,61.0,19.0,KC=F,USX,NYB
2001-03-15,60.25,60.29999923706055,59.099998474121094,59.099998474121094,59.099998474121094,8.0,KC=F,USX,NYB
2001-03-16,59.0,59.0,59.0,59.0,59.0,60.0,KC=F,USX,NYB
2001-03-19,59.900001525878906,60.25,58.849998474121094,59.900001525878906,59.900001525878906,0.0,KC=F,USX,NYB
2001-03-20,60.04999923706055,60.04999923706055,60.04999923706055,60.04999923706055,60.04999923706055,2843.0,KC=F,USX,NYB
2001-03-21,61.70000076293945,61.79999923706055,60.900001525878906,61.150001525878906,61.150001525878906,6210.0,KC=F,USX,NYB
2001-03-22,61.25,61.25,59.400001525878906,60.20000076293945,60.20000076293945,3269.0,KC=F,USX,NYB
2001-03-23,60.5,60.75,59.849998474121094,60.099998474121094,60.099998474121094,7365.0,KC=F,USX,NYB
2001-03-26,60.25,63.400001525878906,60.25,61.849998474121094,61.849998474121094,3682.0,KC=F,USX,NYB
2001-03-27,61.75,61.849998474121094,60.599998474121094,61.04999923706055,61.04999923706055,3557.0,KC=F,USX,NYB
2001-03-28,61.25,62.5,60.900001525878906,61.150001525878906,61.150001525878906,4504.0,KC=F,USX,NYB
2001-03-29,60.79999923706055,62.0,60.599998474121094,61.75,61.75,5154.0,KC=F,USX,NYB
2001-03-30,61.900001525878906,62.900001525878906,60.20000076293945,60.29999923706055,60.29999923706055,5862.0,KC=F,USX,NYB
2001-04-02,60.5,60.5,59.0,59.5,59.5,5794.0,KC=F,USX,NYB
2001-04-03,59.5,59.900001525878906,58.599998474121094,58.70000076293945,58.70000076293945,4816.0,KC=F,USX,NYB
2001-04-04,59.0,59.70000076293945,58.599998474121094,59.25,59.25,4236.0,KC=F,USX,NYB
2001-04-05,59.0,59.599998474121094,58.75,59.099998474121094,59.099998474121094,5877.0,KC=F,USX,NYB
2001-04-06,59.0,59.25,57.70000076293945,58.099998474121094,58.099998474121094,4761.0,KC=F,USX,NYB
2001-04-09,58.0,58.5,57.5,57.599998474121094,57.599998474121094,7077.0,KC=F,USX,NYB
2001-04-10,57.29999923706055,58.20000076293945,57.099998474121094,57.349998474121094,57.349998474121094,5785.0,KC=F,USX,NYB
2001-04-11,57.5,58.0,57.150001525878906,57.349998474121094,57.349998474121094,5889.0,KC=F,USX,NYB
2001-04-12,57.5,58.0,57.29999923706055,57.599998474121094,57.599998474121094,5702.0,KC=F,USX,NYB
2001-04-16,57.75,58.0,56.5,56.650001525878906,56.650001525878906,6945.0,KC=F,USX,NYB
2001-04-17,56.400001525878906,56.5,56.0,56.20000076293945,56.20000076293945,6477.0,KC=F,USX,NYB
2001-04-18,56.25,58.900001525878906,56.099998474121094,58.650001525878906,58.650001525878906,7649.0,KC=F,USX,NYB
2001-04-19,58.0,58.29999923706055,56.75,57.54999923706055,57.54999923706055,1081.0,KC=F,USX,NYB
2001-04-20,57.5,57.599998474121094,57.0,57.150001525878906,57.150001525878906,1269.0,KC=F,USX,NYB
2001-04-23,57.0,62.0,56.599998474121094,61.75,61.75,353.0,KC=F,USX,NYB
2001-04-24,61.5,61.75,58.0,58.599998474121094,58.599998474121094,289.0,KC=F,USX,NYB
2001-04-25,58.25,58.5,56.900001525878906,57.79999923706055,57.79999923706055,159.0,KC=F,USX,NYB
2001-04-26,57.0,58.5,56.650001525878906,58.5,58.5,217.0,KC=F,USX,NYB
2001-04-27,58.5,61.599998474121094,58.5,60.95000076293945,60.95000076293945,138.0,KC=F,USX,NYB
2001-04-30,61.70000076293945,62.5,60.0,61.849998474121094,61.849998474121094,72.0,KC=F,USX,NYB
2001-05-01,62.5,64.5,62.5,64.5,64.5,120.0,KC=F,USX,NYB
2001-05-02,64.5,65.0,63.20000076293945,63.20000076293945,63.20000076293945,38.0,KC=F,USX,NYB
2001-05-03,63.0,64.5999984741211,63.0,64.5999984741211,64.5999984741211,23.0,KC=F,USX,NYB
2001-05-04,64.5999984741211,64.5999984741211,63.650001525878906,63.650001525878906,63.650001525878906,44.0,KC=F,USX,NYB
2001-05-07,64.5,66.0,64.5,66.0,66.0,12.0,KC=F,USX,NYB
2001-05-08,66.80000305175781,66.80000305175781,66.4000015258789,66.4000015258789,66.4000015258789,55.0,KC=F,USX,NYB
2001-05-09,65.9000015258789,66.30000305175781,65.5,65.55000305175781,65.55000305175781,24.0,KC=F,USX,NYB
2001-05-10,64.25,65.80000305175781,64.25,65.80000305175781,65.80000305175781,54.0,KC=F,USX,NYB
2001-05-11,64.75,65.30000305175781,64.75,64.94999694824219,64.94999694824219,114.0,KC=F,USX,NYB
2001-05-14,64.0,64.0,62.0,62.0,62.0,51.0,KC=F,USX,NYB
2001-05-15,63.0,63.0,61.650001525878906,62.349998474121094,62.349998474121094,55.0,KC=F,USX,NYB
2001-05-16,63.5,63.70000076293945,62.75,62.75,62.75,6.0,KC=F,USX,NYB
2001-05-17,62.75,63.29999923706055,62.5,62.75,62.75,0.0,KC=F,USX,NYB
2001-05-18,62.5,63.79999923706055,62.5,63.79999923706055,63.79999923706055,2224.0,KC=F,USX,NYB
2001-05-21,65.9000015258789,65.9000015258789,64.80000305175781,64.9000015258789,64.9000015258789,2213.0,KC=F,USX,NYB
2001-05-22,65.5,65.80000305175781,64.8499984741211,65.05000305175781,65.05000305175781,5514.0,KC=F,USX,NYB
2001-05-23,64.80000305175781,65.0,63.0,63.54999923706055,63.54999923706055,4814.0,KC=F,USX,NYB
2001-05-24,63.0,64.19999694824219,62.25,62.79999923706055,62.79999923706055,9787.0,KC=F,USX,NYB
2001-05-25,62.5,63.20000076293945,59.29999923706055,59.900001525878906,59.900001525878906,5986.0,KC=F,USX,NYB
2001-05-29,59.5,60.5,59.29999923706055,59.79999923706055,59.79999923706055,5719.0,KC=F,USX,NYB
2001-05-30,60.0,60.79999923706055,58.900001525878906,59.150001525878906,59.150001525878906,10021.0,KC=F,USX,NYB
2001-05-31,59.0,59.099998474121094,57.099998474121094,57.150001525878906,57.150001525878906,7006.0,KC=F,USX,NYB
2001-06-01,58.25,59.599998474121094,57.5,57.900001525878906,57.900001525878906,6245.0,KC=F,USX,NYB
2001-06-04,57.5,60.0,57.25,59.45000076293945,59.45000076293945,3863.0,KC=F,USX,NYB
2001-06-05,59.75,60.25,58.900001525878906,59.70000076293945,59.70000076293945,3740.0,KC=F,USX,NYB
2001-06-06,59.5,59.599998474121094,58.29999923706055,58.400001525878906,58.400001525878906,0.0,KC=F,USX,NYB
2001-06-07,58.0,59.04999923706055,57.599998474121094,57.70000076293945,57.70000076293945,4590.0,KC=F,USX,NYB
2001-06-08,57.70000076293945,59.20000076293945,57.599998474121094,58.150001525878906,58.150001525878906,5451.0,KC=F,USX,NYB
2001-06-11,58.0,58.0,56.70000076293945,57.0,57.0,4290.0,KC=F,USX,NYB
2001-06-12,57.5,58.0,56.95000076293945,57.650001525878906,57.650001525878906,5378.0,KC=F,USX,NYB
2001-06-13,57.650001525878906,58.599998474121094,57.20000076293945,57.75,57.75,4580.0,KC=F,USX,NYB
2001-06-14,58.150001525878906,58.900001525878906,57.75,58.849998474121094,58.849998474121094,7549.0,KC=F,USX,NYB
2001-06-15,58.25,60.0,58.20000076293945,59.400001525878906,59.400001525878906,5706.0,KC=F,USX,NYB
2001-06-18,59.75,61.70000076293945,59.75,60.95000076293945,60.95000076293945,6394.0,KC=F,USX,NYB
2001-06-19,61.0,61.0,57.400001525878906,57.54999923706055,57.54999923706055,9564.0,KC=F,USX,NYB
2001-06-20,57.099998474121094,58.0,54.79999923706055,55.20000076293945,55.20000076293945,1931.0,KC=F,USX,NYB
2001-06-21,56.0,58.0,55.79999923706055,57.5,57.5,500.0,KC=F,USX,NYB
2001-06-22,56.75,57.5,55.5,55.900001525878906,55.900001525878906,202.0,KC=F,USX,NYB
2001-06-25,55.79999923706055,56.20000076293945,55.150001525878906,55.29999923706055,55.29999923706055,203.0,KC=F,USX,NYB
2001-06-26,55.5,56.79999923706055,55.400001525878906,55.5,55.5,97.0,KC=F,USX,NYB
2001-06-27,56.25,56.29999923706055,55.0,55.25,55.25,27.0,KC=F,USX,NYB
2001-06-28,56.0,56.0,55.0,55.5,55.5,57.0,KC=F,USX,NYB
2001-06-29,55.5,56.099998474121094,54.099998474121094,56.099998474121094,56.099998474121094,97.0,KC=F,USX,NYB
2001-07-02,56.0,56.0,54.75,54.900001525878906,54.900001525878906,26.0,KC=F,USX,NYB
2001-07-03,55.5,55.5,54.5,55.0,55.0,68.0,KC=F,USX,NYB
2001-07-05,54.5,54.5,53.5,54.0,54.0,15.0,KC=F,USX,NYB
2001-07-06,53.0,53.849998474121094,53.0,53.849998474121094,53.849998474121094,8.0,KC=F,USX,NYB
2001-07-09,54.25,54.25,52.5,52.95000076293945,52.95000076293945,51.0,KC=F,USX,NYB
2001-07-10,53.5,53.5,52.25,52.5,52.5,14.0,KC=F,USX,NYB
2001-07-11,52.0,53.25,51.849998474121094,52.5,52.5,28.0,KC=F,USX,NYB
2001-07-12,52.25,52.599998474121094,52.0,52.099998474121094,52.099998474121094,34.0,KC=F,USX,NYB
2001-07-13,52.5,53.0,52.04999923706055,52.04999923706055,52.04999923706055,3.0,KC=F,USX,NYB
2001-07-16,52.20000076293945,52.25,52.20000076293945,52.25,52.25,27.0,KC=F,USX,NYB
2001-07-17,52.25,52.25,52.0,52.0,52.0,14.0,KC=F,USX,NYB
2001-07-18,52.5,52.849998474121094,52.5,52.849998474121094,52.849998474121094,0.0,KC=F,USX,NYB
2001-07-19,52.5,53.0,52.0,52.20000076293945,52.20000076293945,2059.0,KC=F,USX,NYB
2001-07-20,54.0,54.25,53.599998474121094,53.75,53.75,2585.0,KC=F,USX,NYB
2001-07-23,54.0,54.150001525878906,53.5,53.95000076293945,53.95000076293945,7735.0,KC=F,USX,NYB
2001-07-24,54.25,55.79999923706055,54.25,55.20000076293945,55.20000076293945,6508.0,KC=F,USX,NYB
2001-07-25,54.75,55.04999923706055,52.5,52.650001525878906,52.650001525878906,6557.0,KC=F,USX,NYB
2001-07-26,53.0,53.0,51.25,51.400001525878906,51.400001525878906,2771.0,KC=F,USX,NYB
2001-07-27,51.5,51.70000076293945,50.95000076293945,51.29999923706055,51.29999923706055,5154.0,KC=F,USX,NYB
2001-07-30,51.0,52.400001525878906,50.599998474121094,51.849998474121094,51.849998474121094,8131.0,KC=F,USX,NYB
2001-07-31,52.0,53.75,51.5,51.95000076293945,51.95000076293945,3080.0,KC=F,USX,NYB
2001-08-01,51.70000076293945,51.70000076293945,51.04999923706055,51.25,51.25,4745.0,KC=F,USX,NYB
2001-08-02,50.79999923706055,50.900001525878906,50.150001525878906,50.45000076293945,50.45000076293945,4224.0,KC=F,USX,NYB
2001-08-03,49.900001525878906,50.599998474121094,49.79999923706055,50.400001525878906,50.400001525878906,2960.0,KC=F,USX,NYB
2001-08-06,49.5,50.099998474121094,49.5,49.849998474121094,49.849998474121094,5355.0,KC=F,USX,NYB
2001-08-07,50.0,51.099998474121094,49.599998474121094,49.70000076293945,49.70000076293945,3348.0,KC=F,USX,NYB
2001-08-08,50.0,50.45000076293945,49.599998474121094,49.650001525878906,49.650001525878906,4254.0,KC=F,USX,NYB
2001-08-09,50.0,50.20000076293945,49.70000076293945,50.099998474121094,50.099998474121094,9358.0,KC=F,USX,NYB
2001-08-10,50.099998474121094,50.400001525878906,48.099998474121094,48.400001525878906,48.400001525878906,5878.0,KC=F,USX,NYB
2001-08-13,48.75,49.45000076293945,48.150001525878906,49.349998474121094,49.349998474121094,5138.0,KC=F,USX,NYB
2001-08-14,48.849998474121094,49.5,48.849998474121094,49.45000076293945,49.45000076293945,4797.0,KC=F,USX,NYB
2001-08-15,49.45000076293945,49.70000076293945,48.79999923706055,49.20000076293945,49.20000076293945,5117.0,KC=F,USX,NYB
2001-08-16,49.5,49.79999923706055,49.0,49.150001525878906,49.150001525878906,18286.0,KC=F,USX,NYB
2001-08-17,48.54999923706055,54.900001525878906,48.54999923706055,54.349998474121094,54.349998474121094,10300.0,KC=F,USX,NYB
2001-08-20,53.0,53.75,49.79999923706055,50.0,50.0,6209.0,KC=F,USX,NYB
2001-08-21,50.25,50.900001525878906,49.900001525878906,50.349998474121094,50.349998474121094,7661.0,KC=F,USX,NYB
2001-08-22,50.25,52.20000076293945,50.099998474121094,50.79999923706055,50.79999923706055,1064.0,KC=F,USX,NYB
2001-08-23,51.0,52.70000076293945,51.0,52.29999923706055,52.29999923706055,454.0,KC=F,USX,NYB
2001-08-24,52.70000076293945,52.900001525878906,50.75,50.95000076293945,50.95000076293945,212.0,KC=F,USX,NYB
2001-08-27,51.20000076293945,51.25,50.79999923706055,51.0,51.0,189.0,KC=F,USX,NYB
2001-08-28,50.599998474121094,51.20000076293945,50.5,51.150001525878906,51.150001525878906,78.0,KC=F,USX,NYB
2001-08-29,51.25,51.70000076293945,50.900001525878906,51.70000076293945,51.70000076293945,189.0,KC=F,USX,NYB
2001-08-30,51.75,51.79999923706055,50.5,50.79999923706055,50.79999923706055,240.0,KC=F,USX,NYB
2001-08-31,51.0,51.70000076293945,50.5,50.5,50.5,157.0,KC=F,USX,NYB
2001-09-04,50.0,50.0,47.5,47.5,47.5,87.0,KC=F,USX,NYB
2001-09-05,48.45000076293945,48.5,47.75,48.5,48.5,17.0,KC=F,USX,NYB
2001-09-06,48.5,48.650001525878906,47.75,48.650001525878906,48.650001525878906,17.0,KC=F,USX,NYB
2001-09-07,48.20000076293945,48.5,48.0,48.5,48.5,0.0,KC=F,USX,NYB
2001-09-10,50.400001525878906,50.400001525878906,48.0,48.349998474121094,48.349998474121094,188.0,KC=F,USX,NYB
2001-09-17,48.5,49.5,47.5,48.29999923706055,48.29999923706055,109.0,KC=F,USX,NYB
2001-09-18,48.79999923706055,48.79999923706055,47.5,48.0,48.0,38.0,KC=F,USX,NYB
2001-09-19,48.0,48.0,47.0,47.400001525878906,47.400001525878906,0.0,KC=F,USX,NYB
2001-09-20,47.400001525878906,47.400001525878906,46.25,46.25,46.25,5184.0,KC=F,USX,NYB
2001-09-21,48.0,49.20000076293945,47.75,49.04999923706055,49.04999923706055,3321.0,KC=F,USX,NYB
2001-09-24,49.150001525878906,50.0,49.04999923706055,49.099998474121094,49.099998474121094,3347.0,KC=F,USX,NYB
2001-09-25,49.099998474121094,49.349998474121094,48.400001525878906,48.900001525878906,48.900001525878906,3271.0,KC=F,USX,NYB
2001-09-26,48.849998474121094,49.70000076293945,48.599998474121094,49.150001525878906,49.150001525878906,2943.0,KC=F,USX,NYB
2001-09-27,49.349998474121094,49.79999923706055,48.79999923706055,49.150001525878906,49.150001525878906,3683.0,KC=F,USX,NYB
2001-09-28,49.0,49.25,48.20000076293945,48.29999923706055,48.29999923706055,3555.0,KC=F,USX,NYB
2001-10-01,47.75,48.0,47.099998474121094,47.400001525878906,47.400001525878906,4689.0,KC=F,USX,NYB
2001-10-02,47.5,47.5,46.29999923706055,46.75,46.75,3783.0,KC=F,USX,NYB
2001-10-03,46.0,46.20000076293945,45.650001525878906,46.0,46.0,4055.0,KC=F,USX,NYB
2001-10-04,46.0,47.25,45.75,46.5,46.5,2223.0,KC=F,USX,NYB
2001-10-05,46.5,46.79999923706055,46.25,46.650001525878906,46.650001525878906,2983.0,KC=F,USX,NYB
2001-10-08,46.25,46.75,45.849998474121094,45.900001525878906,45.900001525878906,3533.0,KC=F,USX,NYB
2001-10-09,45.75,46.099998474121094,45.29999923706055,45.349998474121094,45.349998474121094,2783.0,KC=F,USX,NYB
2001-10-10,45.349998474121094,45.650001525878906,45.150001525878906,45.349998474121094,45.349998474121094,4755.0,KC=F,USX,NYB
2001-10-11,45.75,46.20000076293945,44.29999923706055,44.650001525878906,44.650001525878906,2734.0,KC=F,USX,NYB
2001-10-12,44.75,44.900001525878906,44.400001525878906,44.70000076293945,44.70000076293945,3618.0,KC=F,USX,NYB
2001-10-15,44.900001525878906,45.0,43.75,43.849998474121094,43.849998474121094,3277.0,KC=F,USX,NYB
2001-10-16,43.75,44.0,43.5,43.900001525878906,43.900001525878906,4963.0,KC=F,USX,NYB
2001-10-17,44.5,45.400001525878906,44.400001525878906,44.75,44.75,7602.0,KC=F,USX,NYB
2001-10-18,45.75,47.5,45.400001525878906,45.599998474121094,45.599998474121094,4942.0,KC=F,USX,NYB
2001-10-19,45.0,45.25,43.79999923706055,43.849998474121094,43.849998474121094,4902.0,KC=F,USX,NYB
2001-10-22,43.5,43.5,42.20000076293945,42.5,42.5,4221.0,KC=F,USX,NYB
2001-10-23,43.0,43.70000076293945,42.75,43.54999923706055,43.54999923706055,3148.0,KC=F,USX,NYB
2001-10-24,43.900001525878906,43.900001525878906,43.099998474121094,43.29999923706055,43.29999923706055,3458.0,KC=F,USX,NYB
2001-10-25,43.75,44.400001525878906,43.599998474121094,44.29999923706055,44.29999923706055,4334.0,KC=F,USX,NYB
2001-10-26,45.0,45.20000076293945,43.099998474121094,43.400001525878906,43.400001525878906,2665.0,KC=F,USX,NYB
2001-10-29,43.20000076293945,43.70000076293945,42.79999923706055,43.650001525878906,43.650001525878906,2664.0,KC=F,USX,NYB
2001-10-30,43.5,43.599998474121094,43.099998474121094,43.349998474121094,43.349998474121094,8565.0,KC=F,USX,NYB
2001-10-31,43.54999923706055,45.70000076293945,43.5,43.900001525878906,43.900001525878906,5953.0,KC=F,USX,NYB
2001-11-01,43.70000076293945,46.29999923706055,43.45000076293945,45.20000076293945,45.20000076293945,4029.0,KC=F,USX,NYB
2001-11-02,46.0,46.25,44.5,45.400001525878906,45.400001525878906,6838.0,KC=F,USX,NYB
2001-11-05,45.25,47.400001525878906,45.099998474121094,46.849998474121094,46.849998474121094,6278.0,KC=F,USX,NYB
2001-11-06,47.5,48.20000076293945,46.5,48.0,48.0,6273.0,KC=F,USX,NYB
2001-11-07,48.0,48.75,47.0,47.29999923706055,47.29999923706055,6434.0,KC=F,USX,NYB
2001-11-08,47.25,47.400001525878906,45.20000076293945,45.75,45.75,5392.0,KC=F,USX,NYB
2001-11-09,45.5,45.5,44.5,44.70000076293945,44.70000076293945,6487.0,KC=F,USX,NYB
2001-11-13,44.5,45.400001525878906,44.25,44.849998474121094,44.849998474121094,8253.0,KC=F,USX,NYB
2001-11-14,44.75,50.0,44.599998474121094,49.70000076293945,49.70000076293945,11080.0,KC=F,USX,NYB
2001-11-15,49.0,49.5,46.29999923706055,48.400001525878906,48.400001525878906,7351.0,KC=F,USX,NYB
2001-11-16,47.650001525878906,49.5,47.0,48.650001525878906,48.650001525878906,10864.0,KC=F,USX,NYB
2001-11-19,48.0,48.45000076293945,45.0,45.95000076293945,45.95000076293945,2809.0,KC=F,USX,NYB
2001-11-20,45.0,46.75,44.900001525878906,46.150001525878906,46.150001525878906,0.0,KC=F,USX,NYB
2001-11-21,46.0,47.0,45.599998474121094,46.400001525878906,46.400001525878906,526.0,KC=F,USX,NYB
2001-11-26,46.75,47.70000076293945,45.599998474121094,45.75,45.75,599.0,KC=F,USX,NYB
2001-11-27,45.400001525878906,45.400001525878906,42.29999923706055,42.400001525878906,42.400001525878906,171.0,KC=F,USX,NYB
2001-11-28,42.25,42.900001525878906,41.900001525878906,42.400001525878906,42.400001525878906,275.0,KC=F,USX,NYB
2001-11-29,42.0,42.79999923706055,42.0,42.0,42.0,90.0,KC=F,USX,NYB
2001-11-30,42.0,42.79999923706055,42.0,42.599998474121094,42.599998474121094,71.0,KC=F,USX,NYB
2001-12-03,42.5,42.5,42.0,42.20000076293945,42.20000076293945,148.0,KC=F,USX,NYB
2001-12-04,42.099998474121094,42.20000076293945,41.5,41.5,41.5,44.0,KC=F,USX,NYB
2001-12-05,41.5,42.099998474121094,41.5,42.099998474121094,42.099998474121094,59.0,KC=F,USX,NYB
2001-12-06,42.75,43.25,42.0,42.0,42.0,28.0,KC=F,USX,NYB
2001-12-07,43.0,43.0,42.79999923706055,43.0,43.0,55.0,KC=F,USX,NYB
2001-12-10,43.5,43.5,43.25,43.5,43.5,20.0,KC=F,USX,NYB
2001-12-11,44.400001525878906,44.400001525878906,43.5,43.900001525878906,43.900001525878906,102.0,KC=F,USX,NYB
2001-12-12,44.0,44.75,43.599998474121094,44.349998474121094,44.349998474121094,91.0,KC=F,USX,NYB
2001-12-13,44.0,44.150001525878906,44.0,44.150001525878906,44.150001525878906,0.0,KC=F,USX,NYB
2001-12-14,43.5,45.0,43.5,43.79999923706055,43.79999923706055,6243.0,KC=F,USX,NYB
2001-12-17,47.25,47.25,45.650001525878906,46.349998474121094,46.349998474121094,3456.0,KC=F,USX,NYB
2001-12-18,45.75,46.20000076293945,45.29999923706055,46.099998474121094,46.099998474121094,5042.0,KC=F,USX,NYB
2001-12-19,45.75,47.599998474121094,45.599998474121094,46.900001525878906,46.900001525878906,10298.0,KC=F,USX,NYB
2001-12-20,46.79999923706055,49.75,46.79999923706055,49.599998474121094,49.599998474121094,10298.0,KC=F,USX,NYB
2001-12-21,48.75,50.0,46.0,46.650001525878906,46.650001525878906,4128.0,KC=F,USX,NYB
2001-12-27,46.5,46.900001525878906,46.25,46.5,46.5,4128.0,KC=F,USX,NYB
2001-12-28,47.0,47.099998474121094,46.04999923706055,46.20000076293945,46.20000076293945,5599.0,KC=F,USX,NYB
2002-01-02,45.75,47.75,45.5,47.349998474121094,47.349998474121094,4573.0,KC=F,USX,NYB
2002-01-03,48.0,48.29999923706055,46.849998474121094,47.5,47.5,4988.0,KC=F,USX,NYB
2002-01-04,48.0,48.900001525878906,47.400001525878906,48.54999923706055,48.54999923706055,4738.0,KC=F,USX,NYB
2002-01-07,48.5,49.5,48.099998474121094,48.25,48.25,4348.0,KC=F,USX,NYB
2002-01-08,48.0,48.75,47.29999923706055,48.54999923706055,48.54999923706055,11459.0,KC=F,USX,NYB
2002-01-09,49.25,51.0,49.25,50.849998474121094,50.849998474121094,8535.0,KC=F,USX,NYB
2002-01-10,51.5,51.5,50.25,51.29999923706055,51.29999923706055,7132.0,KC=F,USX,NYB
2002-01-11,51.0,51.0,48.79999923706055,49.54999923706055,49.54999923706055,6340.0,KC=F,USX,NYB
2002-01-14,49.45000076293945,50.599998474121094,48.54999923706055,50.400001525878906,50.400001525878906,6357.0,KC=F,USX,NYB
2002-01-15,50.75,51.599998474121094,49.5,50.25,50.25,5105.0,KC=F,USX,NYB
2002-01-16,49.5,49.79999923706055,48.79999923706055,49.25,49.25,4881.0,KC=F,USX,NYB
2002-01-17,49.25,49.29999923706055,48.25,48.849998474121094,48.849998474121094,7095.0,KC=F,USX,NYB
2002-01-18,48.849998474121094,49.599998474121094,47.25,47.400001525878906,47.400001525878906,7128.0,KC=F,USX,NYB
2002-01-22,46.75,47.20000076293945,46.5,46.79999923706055,46.79999923706055,5764.0,KC=F,USX,NYB
2002-01-23,46.5,47.70000076293945,46.5,46.75,46.75,5027.0,KC=F,USX,NYB
2002-01-24,46.5,47.400001525878906,46.29999923706055,46.45000076293945,46.45000076293945,4867.0,KC=F,USX,NYB
2002-01-25,46.70000076293945,46.900001525878906,45.79999923706055,45.900001525878906,45.900001525878906,6432.0,KC=F,USX,NYB
2002-01-28,45.79999923706055,45.79999923706055,45.0,45.04999923706055,45.04999923706055,5480.0,KC=F,USX,NYB
2002-01-29,45.0,45.150001525878906,44.5,44.70000076293945,44.70000076293945,4904.0,KC=F,USX,NYB
2002-01-30,45.0,45.849998474121094,44.900001525878906,45.150001525878906,45.150001525878906,5668.0,KC=F,USX,NYB
2002-01-31,45.29999923706055,45.79999923706055,44.900001525878906,45.099998474121094,45.099998474121094,4889.0,KC=F,USX,NYB
2002-02-01,44.25,45.5,44.0,45.45000076293945,45.45000076293945,3136.0,KC=F,USX,NYB
2002-02-04,45.75,46.20000076293945,45.25,45.5,45.5,4099.0,KC=F,USX,NYB
2002-02-05,45.5,45.5,44.54999923706055,44.849998474121094,44.849998474121094,3886.0,KC=F,USX,NYB
2002-02-06,44.400001525878906,45.29999923706055,44.400001525878906,45.099998474121094,45.099998474121094,3071.0,KC=F,USX,NYB
2002-02-07,45.0,45.5,44.70000076293945,44.79999923706055,44.79999923706055,4236.0,KC=F,USX,NYB
2002-02-08,44.75,45.25,44.5,44.54999923706055,44.54999923706055,10618.0,KC=F,USX,NYB
2002-02-11,45.0,45.20000076293945,43.0,43.099998474121094,43.099998474121094,5626.0,KC=F,USX,NYB
2002-02-12,42.70000076293945,43.20000076293945,42.70000076293945,43.0,43.0,9108.0,KC=F,USX,NYB
2002-02-13,43.099998474121094,43.900001525878906,43.0,43.400001525878906,43.400001525878906,9835.0,KC=F,USX,NYB
2002-02-14,43.400001525878906,44.099998474121094,43.29999923706055,43.75,43.75,12037.0,KC=F,USX,NYB
2002-02-15,44.25,44.5,43.900001525878906,44.099998474121094,44.099998474121094,10905.0,KC=F,USX,NYB
2002-02-19,44.349998474121094,44.70000076293945,43.20000076293945,43.79999923706055,43.79999923706055,3724.0,KC=F,USX,NYB
2002-02-20,44.25,47.25,44.0,47.04999923706055,47.04999923706055,1591.0,KC=F,USX,NYB
2002-02-21,48.0,49.5,47.5,49.0,49.0,608.0,KC=F,USX,NYB
2002-02-22,49.5,50.5,47.900001525878906,48.0,48.0,362.0,KC=F,USX,NYB
2002-02-25,47.5,48.0,46.75,47.04999923706055,47.04999923706055,488.0,KC=F,USX,NYB
2002-02-26,47.20000076293945,47.20000076293945,45.650001525878906,45.849998474121094,45.849998474121094,558.0,KC=F,USX,NYB
2002-02-27,45.5,45.75,44.599998474121094,44.650001525878906,44.650001525878906,111.0,KC=F,USX,NYB
2002-02-28,44.75,45.29999923706055,44.599998474121094,44.75,44.75,230.0,KC=F,USX,NYB
2002-03-01,45.0,45.849998474121094,44.95000076293945,45.849998474121094,45.849998474121094,253.0,KC=F,USX,NYB
2002-03-04,47.5,47.5,45.70000076293945,45.75,45.75,96.0,KC=F,USX,NYB
2002-03-05,46.25,48.0,46.25,46.79999923706055,46.79999923706055,88.0,KC=F,USX,NYB
2002-03-06,47.349998474121094,48.25,47.349998474121094,48.25,48.25,200.0,KC=F,USX,NYB
2002-03-07,49.0,49.0,47.099998474121094,47.400001525878906,47.400001525878906,73.0,KC=F,USX,NYB
2002-03-08,47.79999923706055,48.45000076293945,47.79999923706055,48.45000076293945,48.45000076293945,54.0,KC=F,USX,NYB
2002-03-11,49.0,53.20000076293945,49.0,52.849998474121094,52.849998474121094,103.0,KC=F,USX,NYB
2002-03-12,52.5,55.400001525878906,52.5,55.400001525878906,55.400001525878906,125.0,KC=F,USX,NYB
2002-03-13,54.75,55.5,53.5,54.400001525878906,54.400001525878906,128.0,KC=F,USX,NYB
2002-03-14,53.5,54.5,53.5,54.29999923706055,54.29999923706055,104.0,KC=F,USX,NYB
2002-03-15,53.5,54.79999923706055,53.5,54.75,54.75,0.0,KC=F,USX,NYB
2002-03-18,54.0,54.0,50.29999923706055,50.599998474121094,50.599998474121094,8465.0,KC=F,USX,NYB
2002-03-19,51.0,53.599998474121094,50.5,53.349998474121094,53.349998474121094,7401.0,KC=F,USX,NYB
2002-03-20,54.5,56.099998474121094,54.5,56.0,56.0,6462.0,KC=F,USX,NYB
2002-03-21,56.20000076293945,56.25,53.75,53.95000076293945,53.95000076293945,4000.0,KC=F,USX,NYB
2002-03-22,54.25,55.400001525878906,53.599998474121094,54.29999923706055,54.29999923706055,3631.0,KC=F,USX,NYB
2002-03-25,53.75,54.5,52.79999923706055,54.45000076293945,54.45000076293945,4341.0,KC=F,USX,NYB
2002-03-26,55.0,55.400001525878906,53.5,55.04999923706055,55.04999923706055,7361.0,KC=F,USX,NYB
2002-03-27,55.75,57.099998474121094,54.599998474121094,55.95000076293945,55.95000076293945,6340.0,KC=F,USX,NYB
2002-03-28,55.5,57.400001525878906,55.04999923706055,57.20000076293945,57.20000076293945,6170.0,KC=F,USX,NYB
2002-04-01,56.5,58.70000076293945,56.5,58.5,58.5,8332.0,KC=F,USX,NYB
2002-04-02,58.5,59.599998474121094,57.5,59.349998474121094,59.349998474121094,6800.0,KC=F,USX,NYB
2002-04-03,58.0,59.70000076293945,57.5,59.45000076293945,59.45000076293945,10296.0,KC=F,USX,NYB
2002-04-04,58.75,59.400001525878906,55.599998474121094,56.79999923706055,56.79999923706055,7030.0,KC=F,USX,NYB
2002-04-05,57.0,57.25,54.75,55.0,55.0,5911.0,KC=F,USX,NYB
2002-04-08,55.25,55.5,53.79999923706055,54.04999923706055,54.04999923706055,6359.0,KC=F,USX,NYB
2002-04-09,54.29999923706055,56.20000076293945,53.70000076293945,56.099998474121094,56.099998474121094,6073.0,KC=F,USX,NYB
2002-04-10,56.0,56.79999923706055,55.25,56.04999923706055,56.04999923706055,5031.0,KC=F,USX,NYB
2002-04-11,55.900001525878906,56.29999923706055,54.900001525878906,54.95000076293945,54.95000076293945,7723.0,KC=F,USX,NYB
2002-04-12,54.25,54.25,53.099998474121094,53.20000076293945,53.20000076293945,7160.0,KC=F,USX,NYB
2002-04-15,53.0,54.400001525878906,52.5,53.150001525878906,53.150001525878906,7388.0,KC=F,USX,NYB
2002-04-16,52.5,53.20000076293945,52.04999923706055,53.0,53.0,12557.0,KC=F,USX,NYB
2002-04-17,52.79999923706055,53.900001525878906,52.79999923706055,53.5,53.5,7628.0,KC=F,USX,NYB
2002-04-18,54.0,56.0,53.900001525878906,55.75,55.75,5268.0,KC=F,USX,NYB
2002-04-19,55.5,55.75,53.0,53.04999923706055,53.04999923706055,1162.0,KC=F,USX,NYB
2002-04-22,52.0,54.5,51.79999923706055,53.849998474121094,53.849998474121094,606.0,KC=F,USX,NYB
2002-04-23,54.0,54.5,53.75,54.400001525878906,54.400001525878906,700.0,KC=F,USX,NYB
2002-04-24,54.25,54.25,52.79999923706055,52.849998474121094,52.849998474121094,575.0,KC=F,USX,NYB
2002-04-25,52.45000076293945,52.45000076293945,50.5,50.5,50.5,408.0,KC=F,USX,NYB
2002-04-26,50.0,50.5,49.5,49.70000076293945,49.70000076293945,86.0,KC=F,USX,NYB
2002-04-29,49.5,49.5,48.5,49.400001525878906,49.400001525878906,84.0,KC=F,USX,NYB
2002-04-30,50.099998474121094,50.900001525878906,50.099998474121094,50.70000076293945,50.70000076293945,47.0,KC=F,USX,NYB
2002-05-01,50.5,51.29999923706055,49.5,49.5,49.5,72.0,KC=F,USX,NYB
2002-05-02,49.5,49.5,48.849998474121094,48.849998474121094,48.849998474121094,38.0,KC=F,USX,NYB
2002-05-03,48.0,49.0,47.75,49.0,49.0,37.0,KC=F,USX,NYB
2002-05-06,48.75,49.25,48.099998474121094,48.79999923706055,48.79999923706055,22.0,KC=F,USX,NYB
2002-05-07,48.75,49.45000076293945,48.75,49.0,49.0,74.0,KC=F,USX,NYB
2002-05-08,49.0,49.0,48.0,48.400001525878906,48.400001525878906,29.0,KC=F,USX,NYB
2002-05-09,47.599998474121094,47.599998474121094,47.25,47.29999923706055,47.29999923706055,22.0,KC=F,USX,NYB
2002-05-10,47.25,47.900001525878906,47.0,47.5,47.5,3.0,KC=F,USX,NYB
2002-05-13,47.25,47.25,46.75,46.75,46.75,42.0,KC=F,USX,NYB
2002-05-14,47.400001525878906,47.75,47.400001525878906,47.5,47.5,29.0,KC=F,USX,NYB
2002-05-15,48.20000076293945,48.20000076293945,47.29999923706055,47.45000076293945,47.45000076293945,6.0,KC=F,USX,NYB
2002-05-16,48.400001525878906,48.400001525878906,48.400001525878906,48.400001525878906,48.400001525878906,7.0,KC=F,USX,NYB
2002-05-17,49.0,49.0,48.400001525878906,48.400001525878906,48.400001525878906,0.0,KC=F,USX,NYB
2002-05-20,49.0,49.29999923706055,48.29999923706055,49.29999923706055,49.29999923706055,6659.0,KC=F,USX,NYB
2002-05-21,52.0,53.099998474121094,51.79999923706055,52.70000076293945,52.70000076293945,5997.0,KC=F,USX,NYB
2002-05-22,51.79999923706055,52.04999923706055,50.099998474121094,50.70000076293945,50.70000076293945,2876.0,KC=F,USX,NYB
2002-05-23,50.75,51.0,50.29999923706055,50.70000076293945,50.70000076293945,2631.0,KC=F,USX,NYB
2002-05-24,50.75,51.5,50.75,51.400001525878906,51.400001525878906,3134.0,KC=F,USX,NYB
2002-05-28,51.25,51.25,50.349998474121094,50.599998474121094,50.599998474121094,5407.0,KC=F,USX,NYB
2002-05-29,50.75,52.099998474121094,50.650001525878906,51.650001525878906,51.650001525878906,2797.0,KC=F,USX,NYB
2002-05-30,52.0,52.0,51.20000076293945,51.599998474121094,51.599998474121094,6296.0,KC=F,USX,NYB
2002-05-31,51.79999923706055,52.400001525878906,51.400001525878906,51.900001525878906,51.900001525878906,5614.0,KC=F,USX,NYB
2002-06-03,52.0,52.0,50.349998474121094,51.20000076293945,51.20000076293945,4789.0,KC=F,USX,NYB
2002-06-04,51.0,51.29999923706055,50.400001525878906,50.849998474121094,50.849998474121094,4166.0,KC=F,USX,NYB
2002-06-05,49.75,50.349998474121094,49.599998474121094,50.150001525878906,50.150001525878906,3933.0,KC=F,USX,NYB
2002-06-06,49.79999923706055,50.70000076293945,49.75,50.25,50.25,7084.0,KC=F,USX,NYB
2002-06-07,50.0,50.099998474121094,48.75,49.150001525878906,49.150001525878906,3466.0,KC=F,USX,NYB
2002-06-10,48.900001525878906,49.70000076293945,48.75,49.5,49.5,4242.0,KC=F,USX,NYB
2002-06-11,49.349998474121094,49.70000076293945,49.099998474121094,49.349998474121094,49.349998474121094,3780.0,KC=F,USX,NYB
2002-06-12,48.900001525878906,49.099998474121094,48.75,48.900001525878906,48.900001525878906,12853.0,KC=F,USX,NYB
2002-06-13,48.75,48.75,47.0,47.20000076293945,47.20000076293945,8333.0,KC=F,USX,NYB
2002-06-14,47.0,47.400001525878906,46.400001525878906,46.45000076293945,46.45000076293945,5962.0,KC=F,USX,NYB
2002-06-17,46.25,47.25,46.25,47.099998474121094,47.099998474121094,6881.0,KC=F,USX,NYB
2002-06-18,47.0,47.349998474121094,46.29999923706055,46.54999923706055,46.54999923706055,8751.0,KC=F,USX,NYB
2002-06-19,46.150001525878906,46.70000076293945,46.099998474121094,46.45000076293945,46.45000076293945,1235.0,KC=F,USX,NYB
2002-06-20,46.5,48.25,46.150001525878906,47.79999923706055,47.79999923706055,513.0,KC=F,USX,NYB
2002-06-21,47.25,47.900001525878906,46.599998474121094,47.099998474121094,47.099998474121094,200.0,KC=F,USX,NYB
2002-06-24,47.0,47.900001525878906,46.5,47.900001525878906,47.900001525878906,365.0,KC=F,USX,NYB
2002-06-25,47.5,47.75,46.900001525878906,47.20000076293945,47.20000076293945,298.0,KC=F,USX,NYB
2002-06-26,47.75,47.75,46.900001525878906,46.900001525878906,46.900001525878906,223.0,KC=F,USX,NYB
2002-06-27,46.79999923706055,47.5,46.75,46.849998474121094,46.849998474121094,229.0,KC=F,USX,NYB
2002-06-28,47.0,47.5,46.29999923706055,46.5,46.5,98.0,KC=F,USX,NYB
2002-07-01,46.5,47.79999923706055,46.5,47.79999923706055,47.79999923706055,72.0,KC=F,USX,NYB
2002-07-02,48.5,49.900001525878906,48.400001525878906,49.900001525878906,49.900001525878906,0.0,KC=F,USX,NYB
2002-07-03,49.900001525878906,50.0,48.150001525878906,48.150001525878906,48.150001525878906,57.0,KC=F,USX,NYB
2002-07-08,48.25,48.5,48.0,48.5,48.5,34.0,KC=F,USX,NYB
2002-07-09,49.0,49.75,48.79999923706055,49.29999923706055,49.29999923706055,36.0,KC=F,USX,NYB
2002-07-10,49.75,50.0,49.29999923706055,50.0,50.0,51.0,KC=F,USX,NYB
2002-07-11,50.400001525878906,51.900001525878906,50.400001525878906,51.900001525878906,51.900001525878906,35.0,KC=F,USX,NYB
2002-07-12,50.5,50.5,49.75,49.849998474121094,49.849998474121094,13.0,KC=F,USX,NYB
2002-07-15,49.25,49.25,49.0,49.0,49.0,43.0,KC=F,USX,NYB
2002-07-16,49.5,49.75,49.29999923706055,49.29999923706055,49.29999923706055,62.0,KC=F,USX,NYB
2002-07-17,49.5,49.75,49.5,49.75,49.75,68.0,KC=F,USX,NYB
2002-07-18,50.5,50.5,47.25,47.599998474121094,47.599998474121094,0.0,KC=F,USX,NYB
2002-07-19,48.0,48.0,46.5,47.349998474121094,47.349998474121094,2796.0,KC=F,USX,NYB
2002-07-22,48.5,48.70000076293945,48.099998474121094,48.45000076293945,48.45000076293945,3302.0,KC=F,USX,NYB
2002-07-23,48.5,49.20000076293945,48.25,48.79999923706055,48.79999923706055,4290.0,KC=F,USX,NYB
2002-07-24,48.79999923706055,48.79999923706055,47.599998474121094,47.79999923706055,47.79999923706055,3205.0,KC=F,USX,NYB
2002-07-25,48.0,48.45000076293945,47.599998474121094,48.349998474121094,48.349998474121094,2663.0,KC=F,USX,NYB
2002-07-26,48.349998474121094,48.70000076293945,47.849998474121094,48.400001525878906,48.400001525878906,5140.0,KC=F,USX,NYB
2002-07-29,48.0,48.0,47.20000076293945,47.25,47.25,3919.0,KC=F,USX,NYB
2002-07-30,47.0,47.400001525878906,46.849998474121094,47.04999923706055,47.04999923706055,5530.0,KC=F,USX,NYB
2002-07-31,46.849998474121094,47.04999923706055,46.5,46.79999923706055,46.79999923706055,5490.0,KC=F,USX,NYB
2002-08-01,46.5,47.75,46.5,47.5,47.5,4286.0,KC=F,USX,NYB
2002-08-02,48.099998474121094,48.75,47.79999923706055,48.099998474121094,48.099998474121094,4191.0,KC=F,USX,NYB
2002-08-05,48.29999923706055,48.29999923706055,46.79999923706055,47.150001525878906,47.150001525878906,3670.0,KC=F,USX,NYB
2002-08-06,47.25,47.5,47.04999923706055,47.349998474121094,47.349998474121094,2801.0,KC=F,USX,NYB
2002-08-07,47.25,47.5,46.849998474121094,47.349998474121094,47.349998474121094,7010.0,KC=F,USX,NYB
2002-08-08,48.0,49.5,47.400001525878906,47.900001525878906,47.900001525878906,3834.0,KC=F,USX,NYB
2002-08-09,47.900001525878906,48.04999923706055,47.400001525878906,47.54999923706055,47.54999923706055,5438.0,KC=F,USX,NYB
2002-08-12,47.25,48.5,47.099998474121094,48.45000076293945,48.45000076293945,6175.0,KC=F,USX,NYB
2002-08-13,48.25,48.400001525878906,47.599998474121094,47.900001525878906,47.900001525878906,7499.0,KC=F,USX,NYB
2002-08-14,47.75,49.25,47.70000076293945,48.20000076293945,48.20000076293945,8884.0,KC=F,USX,NYB
2002-08-15,48.0,48.400001525878906,46.0,46.5,46.5,8038.0,KC=F,USX,NYB
2002-08-16,46.75,47.099998474121094,46.5,46.900001525878906,46.900001525878906,7196.0,KC=F,USX,NYB
2002-08-19,46.849998474121094,47.0,46.20000076293945,46.45000076293945,46.45000076293945,9611.0,KC=F,USX,NYB
2002-08-20,46.25,47.29999923706055,46.099998474121094,47.0,47.0,7307.0,KC=F,USX,NYB
2002-08-21,46.75,47.45000076293945,46.349998474121094,46.70000076293945,46.70000076293945,1130.0,KC=F,USX,NYB
2002-08-22,46.70000076293945,48.45000076293945,46.599998474121094,48.25,48.25,743.0,KC=F,USX,NYB
2002-08-23,48.25,49.599998474121094,48.25,49.20000076293945,49.20000076293945,1133.0,KC=F,USX,NYB
2002-08-26,49.04999923706055,49.20000076293945,48.0,48.349998474121094,48.349998474121094,215.0,KC=F,USX,NYB
2002-08-27,48.400001525878906,48.70000076293945,48.25,48.599998474121094,48.599998474121094,446.0,KC=F,USX,NYB
2002-08-28,49.5,50.79999923706055,49.400001525878906,50.79999923706055,50.79999923706055,289.0,KC=F,USX,NYB
2002-08-29,51.0,51.0,50.0,50.75,50.75,244.0,KC=F,USX,NYB
2002-08-30,51.0,51.75,50.25,51.5,51.5,117.0,KC=F,USX,NYB
2002-09-03,51.5,54.25,50.400001525878906,54.25,54.25,353.0,KC=F,USX,NYB
2002-09-04,55.0,56.5,53.75,55.95000076293945,55.95000076293945,341.0,KC=F,USX,NYB
2002-09-05,56.0,56.0,54.650001525878906,55.0,55.0,101.0,KC=F,USX,NYB
2002-09-06,54.75,55.75,54.5,55.5,55.5,277.0,KC=F,USX,NYB
2002-09-09,56.25,60.0,56.25,59.29999923706055,59.29999923706055,150.0,KC=F,USX,NYB
2002-09-10,60.0,61.5,58.25,58.25,58.25,40.0,KC=F,USX,NYB
2002-09-11,57.75,57.75,57.5,57.5,57.5,71.0,KC=F,USX,NYB
2002-09-12,58.0,59.0,58.0,58.75,58.75,62.0,KC=F,USX,NYB
2002-09-13,58.75,59.79999923706055,58.75,59.79999923706055,59.79999923706055,52.0,KC=F,USX,NYB
2002-09-16,61.5,62.5,61.0,61.349998474121094,61.349998474121094,115.0,KC=F,USX,NYB
2002-09-17,62.0,62.5,60.75,61.0,61.0,0.0,KC=F,USX,NYB
2002-09-18,60.75,60.75,58.0,59.0,59.0,6851.0,KC=F,USX,NYB
2002-09-19,59.25,59.599998474121094,58.25,58.45000076293945,58.45000076293945,12095.0,KC=F,USX,NYB
2002-09-20,58.5,59.0,55.75,56.04999923706055,56.04999923706055,10187.0,KC=F,USX,NYB
2002-09-23,56.5,57.04999923706055,54.400001525878906,54.650001525878906,54.650001525878906,6442.0,KC=F,USX,NYB
2002-09-24,55.25,55.650001525878906,54.400001525878906,54.849998474121094,54.849998474121094,5105.0,KC=F,USX,NYB
2002-09-25,55.400001525878906,56.25,54.599998474121094,56.150001525878906,56.150001525878906,4907.0,KC=F,USX,NYB
2002-09-26,56.20000076293945,56.400001525878906,54.900001525878906,55.20000076293945,55.20000076293945,3573.0,KC=F,USX,NYB
2002-09-27,54.5,55.849998474121094,54.25,55.650001525878906,55.650001525878906,3990.0,KC=F,USX,NYB
2002-09-30,55.0,55.400001525878906,54.349998474121094,54.5,54.5,7704.0,KC=F,USX,NYB
2002-10-01,54.25,57.25,54.25,56.54999923706055,56.54999923706055,5391.0,KC=F,USX,NYB
2002-10-02,56.5,58.0,56.29999923706055,56.95000076293945,56.95000076293945,3075.0,KC=F,USX,NYB
2002-10-03,56.650001525878906,56.95000076293945,55.650001525878906,56.45000076293945,56.45000076293945,2688.0,KC=F,USX,NYB
2002-10-04,55.79999923706055,56.400001525878906,55.75,56.0,56.0,6602.0,KC=F,USX,NYB
2002-10-07,55.5,58.599998474121094,55.400001525878906,57.75,57.75,4699.0,KC=F,USX,NYB
2002-10-08,58.5,58.599998474121094,57.599998474121094,58.25,58.25,5420.0,KC=F,USX,NYB
2002-10-09,58.25,59.29999923706055,58.0,58.79999923706055,58.79999923706055,7213.0,KC=F,USX,NYB
2002-10-10,59.20000076293945,59.20000076293945,56.5,57.400001525878906,57.400001525878906,2625.0,KC=F,USX,NYB
2002-10-11,57.70000076293945,57.79999923706055,57.20000076293945,57.349998474121094,57.349998474121094,12178.0,KC=F,USX,NYB
2002-10-14,58.0,63.099998474121094,57.79999923706055,62.79999923706055,62.79999923706055,17922.0,KC=F,USX,NYB
2002-10-15,65.0,71.25,65.0,69.69999694824219,69.69999694824219,9640.0,KC=F,USX,NYB
2002-10-16,67.75,69.0999984741211,65.5,67.0999984741211,67.0999984741211,7988.0,KC=F,USX,NYB
2002-10-17,65.5,68.25,64.80000305175781,66.30000305175781,66.30000305175781,9446.0,KC=F,USX,NYB
2002-10-18,64.75,65.25,61.29999923706055,62.599998474121094,62.599998474121094,5981.0,KC=F,USX,NYB
2002-10-21,64.0,65.9000015258789,63.5,65.30000305175781,65.30000305175781,6463.0,KC=F,USX,NYB
2002-10-22,65.75,66.0,63.25,64.0999984741211,64.0999984741211,4319.0,KC=F,USX,NYB
2002-10-23,64.30000305175781,65.4000015258789,63.849998474121094,64.30000305175781,64.30000305175781,8346.0,KC=F,USX,NYB
2002-10-24,64.75,68.25,64.5999984741211,67.5,67.5,9579.0,KC=F,USX,NYB
2002-10-25,70.0,73.5,68.0,68.55000305175781,68.55000305175781,7346.0,KC=F,USX,NYB
2002-10-28,68.0,68.25,64.5999984741211,64.69999694824219,64.69999694824219,11075.0,KC=F,USX,NYB
2002-10-29,62.70000076293945,63.20000076293945,60.79999923706055,62.900001525878906,62.900001525878906,6415.0,KC=F,USX,NYB
2002-10-30,62.25,63.29999923706055,61.349998474121094,63.0,63.0,8455.0,KC=F,USX,NYB
2002-10-31,63.5,66.30000305175781,62.0,65.94999694824219,65.94999694824219,5488.0,KC=F,USX,NYB
2002-11-01,65.3499984741211,65.3499984741211,63.70000076293945,64.0,64.0,5373.0,KC=F,USX,NYB
2002-11-04,62.900001525878906,65.80000305175781,62.75,65.25,65.25,4796.0,KC=F,USX,NYB
2002-11-05,66.5,66.75,64.80000305175781,65.9000015258789,65.9000015258789,4243.0,KC=F,USX,NYB
2002-11-06,65.5,66.5,64.30000305175781,66.1500015258789,66.1500015258789,6931.0,KC=F,USX,NYB
2002-11-07,67.0999984741211,67.75,65.0,66.55000305175781,66.55000305175781,8312.0,KC=F,USX,NYB
2002-11-08,66.0,68.0999984741211,65.5999984741211,67.8499984741211,67.8499984741211,5070.0,KC=F,USX,NYB
2002-11-11,67.0,67.4000015258789,65.9000015258789,66.0999984741211,66.0999984741211,7425.0,KC=F,USX,NYB
2002-11-12,65.0,65.0,63.5,63.75,63.75,9393.0,KC=F,USX,NYB
2002-11-13,63.5,65.3499984741211,63.0,64.0,64.0,7135.0,KC=F,USX,NYB
2002-11-14,63.5,64.69999694824219,63.25,64.25,64.25,11606.0,KC=F,USX,NYB
2002-11-15,65.5,67.0,64.25,66.4000015258789,66.4000015258789,11564.0,KC=F,USX,NYB
2002-11-18,67.4000015258789,68.0,64.0999984741211,64.75,64.75,2487.0,KC=F,USX,NYB
2002-11-19,64.0,68.5,63.400001525878906,66.75,66.75,1138.0,KC=F,USX,NYB
2002-11-20,67.75,69.0,67.0,68.0999984741211,68.0999984741211,683.0,KC=F,USX,NYB
2002-11-21,67.25,68.0,66.80000305175781,67.30000305175781,67.30000305175781,623.0,KC=F,USX,NYB
2002-11-22,67.0,68.0,66.5,66.80000305175781,66.80000305175781,811.0,KC=F,USX,NYB
2002-11-25,66.5,66.80000305175781,65.25,65.25,65.25,162.0,KC=F,USX,NYB
2002-11-26,65.0999984741211,66.0,64.4000015258789,66.0,66.0,0.0,KC=F,USX,NYB
2002-11-27,66.75,67.0,66.0,66.5999984741211,66.5999984741211,86.0,KC=F,USX,NYB
2002-12-02,67.0,68.80000305175781,65.9000015258789,68.80000305175781,68.80000305175781,148.0,KC=F,USX,NYB
2002-12-03,68.30000305175781,68.5,66.8499984741211,66.8499984741211,66.8499984741211,112.0,KC=F,USX,NYB
2002-12-04,66.5,66.5,65.5,65.80000305175781,65.80000305175781,83.0,KC=F,USX,NYB
2002-12-05,66.5999984741211,67.19999694824219,66.5,66.9000015258789,66.9000015258789,298.0,KC=F,USX,NYB
2002-12-06,67.0,67.0,63.400001525878906,63.400001525878906,63.400001525878906,151.0,KC=F,USX,NYB
2002-12-09,62.5,62.5,61.5,62.20000076293945,62.20000076293945,36.0,KC=F,USX,NYB
2002-12-10,62.25,62.45000076293945,61.599998474121094,61.900001525878906,61.900001525878906,222.0,KC=F,USX,NYB
2002-12-11,61.5,61.5,58.25,58.25,58.25,30.0,KC=F,USX,NYB
2002-12-12,57.0,58.04999923706055,56.5,58.04999923706055,58.04999923706055,24.0,KC=F,USX,NYB
2002-12-13,58.04999923706055,58.04999923706055,56.849998474121094,56.849998474121094,56.849998474121094,6.0,KC=F,USX,NYB
2002-12-16,58.5,58.5,57.599998474121094,58.0,58.0,0.0,KC=F,USX,NYB
2002-12-17,59.25,59.70000076293945,58.900001525878906,58.900001525878906,58.900001525878906,4768.0,KC=F,USX,NYB
2002-12-18,63.0,63.20000076293945,61.70000076293945,62.599998474121094,62.599998474121094,4791.0,KC=F,USX,NYB
2002-12-19,62.79999923706055,62.849998474121094,61.099998474121094,61.54999923706055,61.54999923706055,4041.0,KC=F,USX,NYB
2002-12-20,61.599998474121094,62.5,61.04999923706055,62.20000076293945,62.20000076293945,3533.0,KC=F,USX,NYB
2002-12-23,62.0,62.400001525878906,60.75,61.45000076293945,61.45000076293945,0.0,KC=F,USX,NYB
2002-12-24,61.400001525878906,61.54999923706055,60.650001525878906,61.099998474121094,61.099998474121094,3108.0,KC=F,USX,NYB
2002-12-27,61.0,61.900001525878906,60.45000076293945,61.349998474121094,61.349998474121094,4254.0,KC=F,USX,NYB
2002-12-30,61.0,62.599998474121094,61.0,61.349998474121094,61.349998474121094,7895.0,KC=F,USX,NYB
2002-12-31,61.20000076293945,61.29999923706055,59.04999923706055,60.20000076293945,60.20000076293945,5418.0,KC=F,USX,NYB
2003-01-02,60.5,62.0,60.25,61.650001525878906,61.650001525878906,3633.0,KC=F,USX,NYB
2003-01-03,60.79999923706055,61.599998474121094,60.5,61.25,61.25,8984.0,KC=F,USX,NYB
2003-01-06,60.900001525878906,63.900001525878906,60.75,63.25,63.25,5971.0,KC=F,USX,NYB
2003-01-07,62.5,64.25,62.5,63.5,63.5,5708.0,KC=F,USX,NYB
2003-01-08,63.0,63.70000076293945,62.5,62.849998474121094,62.849998474121094,4846.0,KC=F,USX,NYB
2003-01-09,63.5,63.5,62.099998474121094,62.70000076293945,62.70000076293945,10110.0,KC=F,USX,NYB
2003-01-10,63.0,65.25,62.79999923706055,65.05000305175781,65.05000305175781,6660.0,KC=F,USX,NYB
2003-01-13,64.75,65.69999694824219,64.0,64.9000015258789,64.9000015258789,5390.0,KC=F,USX,NYB
2003-01-14,64.69999694824219,65.0,63.79999923706055,64.9000015258789,64.9000015258789,5730.0,KC=F,USX,NYB
2003-01-15,65.5,66.0,64.6500015258789,65.94999694824219,65.94999694824219,6892.0,KC=F,USX,NYB
2003-01-16,65.44999694824219,66.4000015258789,64.9000015258789,65.8499984741211,65.8499984741211,5087.0,KC=F,USX,NYB
2003-01-17,66.0,66.5999984741211,65.19999694824219,66.25,66.25,6152.0,KC=F,USX,NYB
2003-01-21,66.0,66.94999694824219,65.9000015258789,66.4000015258789,66.4000015258789,11344.0,KC=F,USX,NYB
2003-01-22,65.5,68.4000015258789,65.5,68.1500015258789,68.1500015258789,8861.0,KC=F,USX,NYB
2003-01-23,68.0,69.5,67.69999694824219,68.19999694824219,68.19999694824219,4621.0,KC=F,USX,NYB
2003-01-24,68.0,68.4000015258789,67.25,67.6500015258789,67.6500015258789,8524.0,KC=F,USX,NYB
2003-01-27,67.30000305175781,68.0999984741211,64.4000015258789,65.6500015258789,65.6500015258789,4434.0,KC=F,USX,NYB
2003-01-28,65.5,65.75,64.9000015258789,65.1500015258789,65.1500015258789,8431.0,KC=F,USX,NYB
2003-01-29,65.5,65.69999694824219,63.0,63.75,63.75,6038.0,KC=F,USX,NYB
2003-01-30,63.75,64.0999984741211,63.099998474121094,63.95000076293945,63.95000076293945,8648.0,KC=F,USX,NYB
2003-01-31,64.5,66.0999984741211,64.0999984741211,65.30000305175781,65.30000305175781,5965.0,KC=F,USX,NYB
2003-02-03,64.9000015258789,67.0,64.80000305175781,66.1500015258789,66.1500015258789,5022.0,KC=F,USX,NYB
2003-02-04,66.30000305175781,66.69999694824219,65.0,65.05000305175781,65.05000305175781,6757.0,KC=F,USX,NYB
2003-02-05,64.5,64.9000015258789,63.79999923706055,64.25,64.25,6662.0,KC=F,USX,NYB
2003-02-06,64.30000305175781,65.80000305175781,63.79999923706055,65.6500015258789,65.6500015258789,7069.0,KC=F,USX,NYB
2003-02-07,66.0,66.69999694824219,65.5,65.80000305175781,65.80000305175781,7316.0,KC=F,USX,NYB
2003-02-10,64.5,66.94999694824219,64.25,66.80000305175781,66.80000305175781,8064.0,KC=F,USX,NYB
2003-02-11,66.5,67.25,65.30000305175781,66.0999984741211,66.0999984741211,5907.0,KC=F,USX,NYB
2003-02-12,66.25,66.25,64.80000305175781,64.80000305175781,64.80000305175781,13278.0,KC=F,USX,NYB
2003-02-13,65.0,65.19999694824219,61.20000076293945,61.70000076293945,61.70000076293945,6770.0,KC=F,USX,NYB
2003-02-14,62.0,62.79999923706055,60.79999923706055,62.650001525878906,62.650001525878906,19129.0,KC=F,USX,NYB
2003-02-19,61.5,61.75,60.45000076293945,61.150001525878906,61.150001525878906,2414.0,KC=F,USX,NYB
2003-02-20,61.75,62.5,61.70000076293945,62.25,62.25,1149.0,KC=F,USX,NYB
2003-02-21,62.0,62.0,61.29999923706055,61.599998474121094,61.599998474121094,1236.0,KC=F,USX,NYB
2003-02-24,60.79999923706055,61.0,59.79999923706055,60.0,60.0,429.0,KC=F,USX,NYB
2003-02-25,60.5,60.900001525878906,58.70000076293945,58.70000076293945,58.70000076293945,557.0,KC=F,USX,NYB
2003-02-26,58.5,58.5,57.29999923706055,57.95000076293945,57.95000076293945,241.0,KC=F,USX,NYB
2003-02-27,58.0,58.70000076293945,57.54999923706055,58.349998474121094,58.349998474121094,359.0,KC=F,USX,NYB
2003-02-28,58.5,58.5,56.79999923706055,56.849998474121094,56.849998474121094,166.0,KC=F,USX,NYB
2003-03-03,56.5,57.5,56.25,57.5,57.5,82.0,KC=F,USX,NYB
2003-03-04,57.5,57.70000076293945,56.75,57.0,57.0,27.0,KC=F,USX,NYB
2003-03-05,56.29999923706055,58.29999923706055,56.150001525878906,58.29999923706055,58.29999923706055,12.0,KC=F,USX,NYB
2003-03-06,58.25,58.349998474121094,58.099998474121094,58.349998474121094,58.349998474121094,140.0,KC=F,USX,NYB
2003-03-07,59.0,59.25,58.25,58.650001525878906,58.650001525878906,40.0,KC=F,USX,NYB
2003-03-10,58.5,59.75,58.5,59.150001525878906,59.150001525878906,54.0,KC=F,USX,NYB
2003-03-11,58.29999923706055,58.29999923706055,57.349998474121094,57.349998474121094,57.349998474121094,40.0,KC=F,USX,NYB
2003-03-12,57.5,57.5,56.29999923706055,56.849998474121094,56.849998474121094,95.0,KC=F,USX,NYB
2003-03-13,56.5,57.45000076293945,56.5,57.29999923706055,57.29999923706055,22.0,KC=F,USX,NYB
2003-03-14,58.0,58.099998474121094,57.70000076293945,57.70000076293945,57.70000076293945,23.0,KC=F,USX,NYB
2003-03-17,57.70000076293945,57.70000076293945,55.5,55.5,55.5,54.0,KC=F,USX,NYB
2003-03-18,55.79999923706055,56.75,55.29999923706055,56.599998474121094,56.599998474121094,0.0,KC=F,USX,NYB
2003-03-19,57.0,57.20000076293945,57.0,57.20000076293945,57.20000076293945,8463.0,KC=F,USX,NYB
2003-03-20,60.0,61.5,59.900001525878906,60.70000076293945,60.70000076293945,4547.0,KC=F,USX,NYB
2003-03-21,60.25,61.400001525878906,59.900001525878906,61.29999923706055,61.29999923706055,3742.0,KC=F,USX,NYB
2003-03-24,60.5,60.75,59.79999923706055,59.849998474121094,59.849998474121094,7534.0,KC=F,USX,NYB
2003-03-25,59.400001525878906,59.5,57.75,58.04999923706055,58.04999923706055,4884.0,KC=F,USX,NYB
2003-03-26,57.79999923706055,58.900001525878906,57.400001525878906,57.95000076293945,57.95000076293945,5248.0,KC=F,USX,NYB
2003-03-27,58.0,59.099998474121094,57.0,57.150001525878906,57.150001525878906,6402.0,KC=F,USX,NYB
2003-03-28,58.0,58.70000076293945,57.29999923706055,58.25,58.25,3305.0,KC=F,USX,NYB
2003-03-31,57.5,58.900001525878906,57.5,58.650001525878906,58.650001525878906,5264.0,KC=F,USX,NYB
2003-04-01,58.75,59.25,58.099998474121094,58.29999923706055,58.29999923706055,8044.0,KC=F,USX,NYB
2003-04-02,58.5,60.29999923706055,58.25,60.150001525878906,60.150001525878906,12700.0,KC=F,USX,NYB
2003-04-03,60.099998474121094,62.20000076293945,59.900001525878906,61.400001525878906,61.400001525878906,4706.0,KC=F,USX,NYB
2003-04-04,60.79999923706055,60.95000076293945,60.099998474121094,60.79999923706055,60.79999923706055,7702.0,KC=F,USX,NYB
2003-04-07,61.29999923706055,62.5,61.099998474121094,62.25,62.25,8224.0,KC=F,USX,NYB
2003-04-08,62.25,62.400001525878906,60.400001525878906,61.20000076293945,61.20000076293945,7142.0,KC=F,USX,NYB
2003-04-09,61.20000076293945,61.599998474121094,60.400001525878906,60.79999923706055,60.79999923706055,7373.0,KC=F,USX,NYB
2003-04-10,60.79999923706055,61.20000076293945,59.75,60.45000076293945,60.45000076293945,6151.0,KC=F,USX,NYB
2003-04-11,60.79999923706055,60.900001525878906,60.0,60.45000076293945,60.45000076293945,13399.0,KC=F,USX,NYB
2003-04-14,60.25,60.25,57.0,57.900001525878906,57.900001525878906,8639.0,KC=F,USX,NYB
2003-04-15,58.5,59.20000076293945,58.25,59.20000076293945,59.20000076293945,11695.0,KC=F,USX,NYB
2003-04-16,59.5,60.0,58.5,59.70000076293945,59.70000076293945,12511.0,KC=F,USX,NYB
2003-04-17,59.400001525878906,62.900001525878906,58.849998474121094,62.45000076293945,62.45000076293945,7502.0,KC=F,USX,NYB
2003-04-21,62.400001525878906,63.45000076293945,61.599998474121094,63.349998474121094,63.349998474121094,0.0,KC=F,USX,NYB
2003-04-22,63.5,64.94999694824219,62.5,64.80000305175781,64.80000305175781,2123.0,KC=F,USX,NYB
2003-04-23,65.5,66.25,64.0,64.3499984741211,64.3499984741211,1177.0,KC=F,USX,NYB
2003-04-24,64.80000305175781,65.69999694824219,64.0,64.05000305175781,64.05000305175781,972.0,KC=F,USX,NYB
2003-04-25,64.25,64.75,63.5,63.75,63.75,383.0,KC=F,USX,NYB
2003-04-28,63.75,64.0,63.0,63.04999923706055,63.04999923706055,481.0,KC=F,USX,NYB
2003-04-29,63.0,65.4000015258789,62.79999923706055,65.4000015258789,65.4000015258789,235.0,KC=F,USX,NYB
2003-04-30,66.0,68.25,65.4000015258789,68.25,68.25,170.0,KC=F,USX,NYB
2003-05-01,68.69999694824219,69.5,68.0,68.1500015258789,68.1500015258789,125.0,KC=F,USX,NYB
2003-05-02,68.5,68.5,67.0,67.0,67.0,82.0,KC=F,USX,NYB
2003-05-05,66.5,67.80000305175781,66.1500015258789,67.4000015258789,67.4000015258789,124.0,KC=F,USX,NYB
2003-05-06,67.0,68.75,66.5999984741211,68.69999694824219,68.69999694824219,200.0,KC=F,USX,NYB
2003-05-07,70.0,70.0,67.80000305175781,67.8499984741211,67.8499984741211,47.0,KC=F,USX,NYB
2003-05-08,68.0,68.5,67.5,68.0,68.0,100.0,KC=F,USX,NYB
2003-05-09,67.75,68.19999694824219,67.4000015258789,67.69999694824219,67.69999694824219,125.0,KC=F,USX,NYB
2003-05-12,66.5,67.75,66.0999984741211,67.75,67.75,87.0,KC=F,USX,NYB
2003-05-13,68.25,68.25,66.5999984741211,67.0,67.0,183.0,KC=F,USX,NYB
2003-05-14,66.5,66.5999984741211,65.0,65.05000305175781,65.05000305175781,72.0,KC=F,USX,NYB
2003-05-15,65.75,65.80000305175781,64.44999694824219,64.44999694824219,64.44999694824219,57.0,KC=F,USX,NYB
2003-05-16,65.0,65.69999694824219,64.4000015258789,64.69999694824219,64.69999694824219,0.0,KC=F,USX,NYB
2003-05-19,64.4000015258789,64.9000015258789,63.75,63.79999923706055,63.79999923706055,9869.0,KC=F,USX,NYB
2003-05-20,65.0,67.75,64.80000305175781,67.1500015258789,67.1500015258789,6983.0,KC=F,USX,NYB
2003-05-21,66.75,67.0999984741211,65.6500015258789,66.05000305175781,66.05000305175781,6031.0,KC=F,USX,NYB
2003-05-22,65.75,67.5,65.5999984741211,66.3499984741211,66.3499984741211,4554.0,KC=F,USX,NYB
2003-05-23,66.0999984741211,66.69999694824219,65.5,65.6500015258789,65.6500015258789,19866.0,KC=F,USX,NYB
2003-05-27,64.0,64.0,60.900001525878906,61.150001525878906,61.150001525878906,9636.0,KC=F,USX,NYB
2003-05-28,61.0,61.70000076293945,60.400001525878906,60.54999923706055,60.54999923706055,11776.0,KC=F,USX,NYB
2003-05-29,60.0,61.5,59.099998474121094,59.29999923706055,59.29999923706055,12742.0,KC=F,USX,NYB
2003-05-30,59.0,59.5,58.099998474121094,58.349998474121094,58.349998474121094,6988.0,KC=F,USX,NYB
2003-06-02,58.5,60.400001525878906,58.5,60.0,60.0,4878.0,KC=F,USX,NYB
2003-06-03,60.0,60.29999923706055,59.099998474121094,59.599998474121094,59.599998474121094,6235.0,KC=F,USX,NYB
2003-06-04,59.0,60.599998474121094,58.75,59.29999923706055,59.29999923706055,4605.0,KC=F,USX,NYB
2003-06-05,59.0,59.70000076293945,58.70000076293945,59.04999923706055,59.04999923706055,4469.0,KC=F,USX,NYB
2003-06-06,59.0,60.099998474121094,58.70000076293945,59.400001525878906,59.400001525878906,5413.0,KC=F,USX,NYB
2003-06-09,59.79999923706055,60.75,58.849998474121094,58.900001525878906,58.900001525878906,6826.0,KC=F,USX,NYB
2003-06-10,58.75,60.400001525878906,58.54999923706055,60.29999923706055,60.29999923706055,7212.0,KC=F,USX,NYB
2003-06-11,61.0,61.400001525878906,59.79999923706055,61.25,61.25,6499.0,KC=F,USX,NYB
2003-06-12,60.5,61.75,60.20000076293945,61.349998474121094,61.349998474121094,9527.0,KC=F,USX,NYB
2003-06-13,61.349998474121094,61.5,60.0,60.5,60.5,4920.0,KC=F,USX,NYB
2003-06-16,60.900001525878906,61.0,60.099998474121094,60.099998474121094,60.099998474121094,7155.0,KC=F,USX,NYB
2003-06-17,59.79999923706055,60.099998474121094,59.099998474121094,59.650001525878906,59.650001525878906,10154.0,KC=F,USX,NYB
2003-06-18,59.5,60.25,58.349998474121094,58.5,58.5,10151.0,KC=F,USX,NYB
2003-06-19,58.0,58.25,56.25,56.54999923706055,56.54999923706055,2190.0,KC=F,USX,NYB
2003-06-20,56.5,56.900001525878906,55.79999923706055,56.04999923706055,56.04999923706055,787.0,KC=F,USX,NYB
2003-06-23,56.75,57.0,56.20000076293945,56.29999923706055,56.29999923706055,373.0,KC=F,USX,NYB
2003-06-24,56.5,57.45000076293945,56.5,57.45000076293945,57.45000076293945,401.0,KC=F,USX,NYB
2003-06-25,57.70000076293945,57.70000076293945,55.79999923706055,56.099998474121094,56.099998474121094,177.0,KC=F,USX,NYB
2003-06-26,56.25,58.0,56.150001525878906,58.0,58.0,77.0,KC=F,USX,NYB
2003-06-27,59.0,59.0,58.0,58.400001525878906,58.400001525878906,65.0,KC=F,USX,NYB
2003-06-30,58.400001525878906,59.70000076293945,58.400001525878906,58.900001525878906,58.900001525878906,52.0,KC=F,USX,NYB
2003-07-01,59.0,59.0,58.0,58.79999923706055,58.79999923706055,78.0,KC=F,USX,NYB
2003-07-02,59.0,61.5,59.0,61.5,61.5,77.0,KC=F,USX,NYB
2003-07-03,61.5,62.20000076293945,60.5,60.5,60.5,26.0,KC=F,USX,NYB
2003-07-07,58.5,60.5,58.5,60.150001525878906,60.150001525878906,24.0,KC=F,USX,NYB
2003-07-08,61.0,61.599998474121094,60.75,60.75,60.75,26.0,KC=F,USX,NYB
2003-07-09,61.0,61.599998474121094,61.0,61.599998474121094,61.599998474121094,22.0,KC=F,USX,NYB
2003-07-10,62.5,62.5,59.79999923706055,60.0,60.0,29.0,KC=F,USX,NYB
2003-07-11,60.5,60.5,60.0,60.20000076293945,60.20000076293945,36.0,KC=F,USX,NYB
2003-07-14,59.900001525878906,61.29999923706055,59.900001525878906,61.29999923706055,61.29999923706055,0.0,KC=F,USX,NYB
2003-07-15,62.20000076293945,62.20000076293945,61.0,61.0,61.0,14.0,KC=F,USX,NYB
2003-07-16,61.70000076293945,61.70000076293945,61.70000076293945,61.70000076293945,61.70000076293945,54.0,KC=F,USX,NYB
2003-07-17,61.75,62.5,61.599998474121094,62.29999923706055,62.29999923706055,40.0,KC=F,USX,NYB
2003-07-18,62.0,62.29999923706055,62.0,62.29999923706055,62.29999923706055,0.0,KC=F,USX,NYB
2003-07-21,60.0,60.0,59.150001525878906,59.150001525878906,59.150001525878906,10257.0,KC=F,USX,NYB
2003-07-22,60.29999923706055,60.70000076293945,59.29999923706055,59.5,59.5,8365.0,KC=F,USX,NYB
2003-07-23,59.5,60.0,58.900001525878906,59.400001525878906,59.400001525878906,4893.0,KC=F,USX,NYB
2003-07-24,59.400001525878906,59.650001525878906,59.0,59.0,59.0,6213.0,KC=F,USX,NYB
2003-07-25,59.0,61.0,58.79999923706055,60.849998474121094,60.849998474121094,5400.0,KC=F,USX,NYB
2003-07-28,61.0,61.5,60.45000076293945,61.349998474121094,61.349998474121094,14682.0,KC=F,USX,NYB
2003-07-29,61.75,63.70000076293945,61.54999923706055,62.95000076293945,62.95000076293945,8283.0,KC=F,USX,NYB
2003-07-30,62.5,63.599998474121094,62.5,62.75,62.75,11842.0,KC=F,USX,NYB
2003-07-31,62.5,64.0999984741211,62.0,63.45000076293945,63.45000076293945,14659.0,KC=F,USX,NYB
2003-08-01,64.0,65.69999694824219,64.0,65.05000305175781,65.05000305175781,10322.0,KC=F,USX,NYB
2003-08-04,66.5,66.75,64.4000015258789,65.0,65.0,6329.0,KC=F,USX,NYB
2003-08-05,65.0,65.0,63.099998474121094,63.25,63.25,4629.0,KC=F,USX,NYB
2003-08-06,63.5,64.0,63.04999923706055,63.900001525878906,63.900001525878906,7701.0,KC=F,USX,NYB
2003-08-07,64.25,64.6500015258789,62.79999923706055,64.44999694824219,64.44999694824219,5433.0,KC=F,USX,NYB
2003-08-08,64.5,64.8499984741211,63.5,63.70000076293945,63.70000076293945,13554.0,KC=F,USX,NYB
2003-08-11,63.0,63.400001525878906,60.29999923706055,61.099998474121094,61.099998474121094,9102.0,KC=F,USX,NYB
2003-08-12,61.0,61.70000076293945,60.349998474121094,60.45000076293945,60.45000076293945,10535.0,KC=F,USX,NYB
2003-08-13,60.0,62.20000076293945,59.79999923706055,61.75,61.75,0.0,KC=F,USX,NYB
2003-08-14,61.0,61.599998474121094,60.29999923706055,60.45000076293945,60.45000076293945,2491.0,KC=F,USX,NYB
2003-08-15,60.400001525878906,61.20000076293945,60.0,60.099998474121094,60.099998474121094,6801.0,KC=F,USX,NYB
2003-08-18,59.70000076293945,60.0,59.400001525878906,59.45000076293945,59.45000076293945,9305.0,KC=F,USX,NYB
2003-08-19,59.400001525878906,60.0,59.099998474121094,59.20000076293945,59.20000076293945,10700.0,KC=F,USX,NYB
2003-08-20,59.0,59.900001525878906,59.0,59.099998474121094,59.099998474121094,1607.0,KC=F,USX,NYB
2003-08-21,59.5,61.75,59.5,61.099998474121094,61.099998474121094,621.0,KC=F,USX,NYB
2003-08-22,61.75,61.75,60.099998474121094,60.29999923706055,60.29999923706055,321.0,KC=F,USX,NYB
2003-08-25,60.5,61.099998474121094,60.150001525878906,60.70000076293945,60.70000076293945,194.0,KC=F,USX,NYB
2003-08-26,61.0,61.0,60.29999923706055,60.29999923706055,60.29999923706055,93.0,KC=F,USX,NYB
2003-08-27,60.5,60.5,60.099998474121094,60.099998474121094,60.099998474121094,276.0,KC=F,USX,NYB
2003-08-28,60.29999923706055,61.5,60.25,60.900001525878906,60.900001525878906,126.0,KC=F,USX,NYB
2003-08-29,61.25,61.5,60.400001525878906,61.45000076293945,61.45000076293945,134.0,KC=F,USX,NYB
2003-09-02,61.900001525878906,62.0,61.0,61.900001525878906,61.900001525878906,116.0,KC=F,USX,NYB
2003-09-03,62.25,62.25,61.29999923706055,61.75,61.75,242.0,KC=F,USX,NYB
2003-09-04,61.79999923706055,63.150001525878906,61.599998474121094,63.150001525878906,63.150001525878906,50.0,KC=F,USX,NYB
2003-09-05,63.25,64.55000305175781,63.25,64.55000305175781,64.55000305175781,88.0,KC=F,USX,NYB
2003-09-08,64.5,68.5,64.5,68.5,68.5,101.0,KC=F,USX,NYB
2003-09-09,68.5,69.75,67.5,69.19999694824219,69.19999694824219,14.0,KC=F,USX,NYB
2003-09-10,68.0,69.0999984741211,68.0,69.0999984741211,69.0999984741211,56.0,KC=F,USX,NYB
2003-09-11,69.0,70.5,68.5,70.3499984741211,70.3499984741211,14.0,KC=F,USX,NYB
2003-09-12,70.75,70.75,68.0,68.44999694824219,68.44999694824219,75.0,KC=F,USX,NYB
2003-09-15,66.5,66.5,64.05000305175781,64.05000305175781,64.05000305175781,29.0,KC=F,USX,NYB
2003-09-16,64.25,64.5,60.5,60.5,60.5,7.0,KC=F,USX,NYB
2003-09-17,61.5,61.75,61.5,61.70000076293945,61.70000076293945,0.0,KC=F,USX,NYB
2003-09-18,61.5,62.0,60.599998474121094,60.599998474121094,60.599998474121094,5355.0,KC=F,USX,NYB
2003-09-19,62.70000076293945,63.25,62.5,63.0,63.0,8053.0,KC=F,USX,NYB
2003-09-22,63.0,64.8499984741211,63.0,64.75,64.75,9539.0,KC=F,USX,NYB
2003-09-23,64.25,65.80000305175781,64.0,64.19999694824219,64.19999694824219,7977.0,KC=F,USX,NYB
2003-09-24,64.0,65.9000015258789,63.79999923706055,65.3499984741211,65.3499984741211,6876.0,KC=F,USX,NYB
2003-09-25,65.19999694824219,66.25,64.75,65.05000305175781,65.05000305175781,5894.0,KC=F,USX,NYB
2003-09-26,64.5,64.5,63.0,63.349998474121094,63.349998474121094,4136.0,KC=F,USX,NYB
2003-09-29,63.25,64.25,63.20000076293945,63.400001525878906,63.400001525878906,7197.0,KC=F,USX,NYB
2003-09-30,63.5,64.0999984741211,62.79999923706055,62.900001525878906,62.900001525878906,10330.0,KC=F,USX,NYB
2003-10-01,63.5,65.9000015258789,63.400001525878906,65.1500015258789,65.1500015258789,13990.0,KC=F,USX,NYB
2003-10-02,66.0,66.9000015258789,63.29999923706055,64.5,64.5,5943.0,KC=F,USX,NYB
2003-10-03,65.19999694824219,65.9000015258789,64.55000305175781,65.0999984741211,65.0999984741211,7060.0,KC=F,USX,NYB
2003-10-06,63.0,63.75,62.79999923706055,63.20000076293945,63.20000076293945,4855.0,KC=F,USX,NYB
2003-10-07,63.29999923706055,63.70000076293945,63.0,63.29999923706055,63.29999923706055,9509.0,KC=F,USX,NYB
2003-10-08,63.54999923706055,63.599998474121094,62.29999923706055,62.650001525878906,62.650001525878906,12891.0,KC=F,USX,NYB
2003-10-09,62.0,62.5,61.20000076293945,62.20000076293945,62.20000076293945,9642.0,KC=F,USX,NYB
2003-10-10,62.29999923706055,62.45000076293945,61.099998474121094,61.20000076293945,61.20000076293945,8670.0,KC=F,USX,NYB
2003-10-13,60.5,60.900001525878906,60.29999923706055,60.54999923706055,60.54999923706055,6686.0,KC=F,USX,NYB
2003-10-14,60.54999923706055,61.75,60.349998474121094,61.45000076293945,61.45000076293945,8575.0,KC=F,USX,NYB
2003-10-15,61.650001525878906,62.20000076293945,60.79999923706055,61.04999923706055,61.04999923706055,6047.0,KC=F,USX,NYB
2003-10-16,60.75,61.599998474121094,60.599998474121094,61.400001525878906,61.400001525878906,6927.0,KC=F,USX,NYB
2003-10-17,61.0,61.400001525878906,60.349998474121094,60.5,60.5,7057.0,KC=F,USX,NYB
2003-10-20,60.5,61.95000076293945,60.5,61.599998474121094,61.599998474121094,8281.0,KC=F,USX,NYB
2003-10-21,61.599998474121094,62.900001525878906,61.150001525878906,62.45000076293945,62.45000076293945,7535.0,KC=F,USX,NYB
2003-10-22,62.5,63.20000076293945,61.75,61.849998474121094,61.849998474121094,7497.0,KC=F,USX,NYB
2003-10-23,62.0,63.099998474121094,61.599998474121094,62.5,62.5,5971.0,KC=F,USX,NYB
2003-10-24,62.75,63.5,62.5,63.099998474121094,63.099998474121094,10965.0,KC=F,USX,NYB
2003-10-27,63.599998474121094,64.8499984741211,63.0,64.55000305175781,64.55000305175781,11319.0,KC=F,USX,NYB
2003-10-28,65.5,65.5,64.55000305175781,64.55000305175781,64.55000305175781,17425.0,KC=F,USX,NYB
2003-10-29,64.0,64.19999694824219,60.599998474121094,61.29999923706055,61.29999923706055,14411.0,KC=F,USX,NYB
2003-10-30,61.29999923706055,61.75,59.599998474121094,59.70000076293945,59.70000076293945,14758.0,KC=F,USX,NYB
2003-10-31,59.70000076293945,60.25,58.599998474121094,58.650001525878906,58.650001525878906,8514.0,KC=F,USX,NYB
2003-11-03,59.0,59.400001525878906,58.599998474121094,58.650001525878906,58.650001525878906,6723.0,KC=F,USX,NYB
2003-11-04,58.75,60.150001525878906,58.650001525878906,59.75,59.75,4754.0,KC=F,USX,NYB
2003-11-05,59.75,60.20000076293945,59.25,59.45000076293945,59.45000076293945,7630.0,KC=F,USX,NYB
2003-11-06,59.400001525878906,60.45000076293945,59.0,59.70000076293945,59.70000076293945,9686.0,KC=F,USX,NYB
2003-11-07,59.29999923706055,60.400001525878906,59.29999923706055,60.349998474121094,60.349998474121094,11429.0,KC=F,USX,NYB
2003-11-10,60.599998474121094,60.79999923706055,58.70000076293945,59.099998474121094,59.099998474121094,10767.0,KC=F,USX,NYB
2003-11-11,59.0,59.900001525878906,58.79999923706055,59.29999923706055,59.29999923706055,11689.0,KC=F,USX,NYB
2003-11-12,59.75,60.0,58.900001525878906,59.0,59.0,16924.0,KC=F,USX,NYB
2003-11-13,59.0,60.400001525878906,58.25,60.150001525878906,60.150001525878906,15456.0,KC=F,USX,NYB
2003-11-14,60.5,61.20000076293945,59.29999923706055,59.5,59.5,15356.0,KC=F,USX,NYB
2003-11-17,59.75,60.0,58.900001525878906,59.25,59.25,2420.0,KC=F,USX,NYB
2003-11-18,59.25,59.900001525878906,59.0,59.599998474121094,59.599998474121094,805.0,KC=F,USX,NYB
2003-11-19,59.5,60.29999923706055,59.29999923706055,59.599998474121094,59.599998474121094,922.0,KC=F,USX,NYB
2003-11-20,59.70000076293945,59.70000076293945,57.5,57.650001525878906,57.650001525878906,912.0,KC=F,USX,NYB
2003-11-21,58.0,58.0,56.400001525878906,56.650001525878906,56.650001525878906,138.0,KC=F,USX,NYB
2003-11-24,56.75,57.349998474121094,56.650001525878906,57.25,57.25,80.0,KC=F,USX,NYB
2003-11-25,58.0,58.25,57.45000076293945,57.5,57.5,0.0,KC=F,USX,NYB
2003-11-26,58.0,58.0,57.599998474121094,57.75,57.75,56.0,KC=F,USX,NYB
2003-12-01,57.900001525878906,59.79999923706055,57.599998474121094,59.599998474121094,59.599998474121094,99.0,KC=F,USX,NYB
2003-12-02,61.0,62.75,60.75,62.0,62.0,73.0,KC=F,USX,NYB
2003-12-03,62.70000076293945,62.79999923706055,61.900001525878906,62.5,62.5,32.0,KC=F,USX,NYB
2003-12-04,62.5,62.5,60.599998474121094,60.95000076293945,60.95000076293945,18.0,KC=F,USX,NYB
2003-12-05,60.900001525878906,61.900001525878906,60.900001525878906,61.900001525878906,61.900001525878906,28.0,KC=F,USX,NYB
2003-12-08,63.0,64.30000305175781,63.0,63.849998474121094,63.849998474121094,10.0,KC=F,USX,NYB
2003-12-09,63.75,64.0,63.25,63.5,63.5,5.0,KC=F,USX,NYB
2003-12-10,64.25,64.25,63.0,63.0,63.0,10.0,KC=F,USX,NYB
2003-12-11,63.45000076293945,63.45000076293945,62.0,62.0,62.0,3.0,KC=F,USX,NYB
2003-12-12,61.5,63.0,61.5,63.0,63.0,8.0,KC=F,USX,NYB
2003-12-15,63.0,63.0,59.900001525878906,59.900001525878906,59.900001525878906,7.0,KC=F,USX,NYB
2003-12-16,60.0,60.0,60.0,60.0,60.0,0.0,KC=F,USX,NYB
2003-12-17,61.5,61.5,61.150001525878906,61.150001525878906,61.150001525878906,6976.0,KC=F,USX,NYB
2003-12-18,63.599998474121094,64.0999984741211,62.599998474121094,63.150001525878906,63.150001525878906,6370.0,KC=F,USX,NYB
2003-12-19,63.0,64.3499984741211,62.5,64.30000305175781,64.30000305175781,3899.0,KC=F,USX,NYB
2003-12-22,64.30000305175781,64.69999694824219,63.75,64.0999984741211,64.0999984741211,4002.0,KC=F,USX,NYB
2003-12-23,63.75,64.44999694824219,63.25,63.849998474121094,63.849998474121094,0.0,KC=F,USX,NYB
2003-12-24,63.75,64.1500015258789,63.099998474121094,63.25,63.25,3089.0,KC=F,USX,NYB
2003-12-29,63.25,64.0,62.75,63.95000076293945,63.95000076293945,3600.0,KC=F,USX,NYB
2003-12-30,64.0,64.5,63.599998474121094,63.650001525878906,63.650001525878906,0.0,KC=F,USX,NYB
2003-12-31,63.599998474121094,65.0,63.04999923706055,64.94999694824219,64.94999694824219,23987.0,KC=F,USX,NYB
2004-01-05,64.75,68.80000305175781,64.0,68.5999984741211,68.5999984741211,26255.0,KC=F,USX,NYB
2004-01-06,68.0,70.5,68.0,70.05000305175781,70.05000305175781,13973.0,KC=F,USX,NYB
2004-01-07,69.25,70.25,68.5999984741211,68.8499984741211,68.8499984741211,12701.0,KC=F,USX,NYB
2004-01-08,68.6500015258789,69.94999694824219,67.5,68.3499984741211,68.3499984741211,9987.0,KC=F,USX,NYB
2004-01-09,69.25,69.9000015258789,68.0,68.80000305175781,68.80000305175781,13534.0,KC=F,USX,NYB
2004-01-12,71.0,72.0,70.1500015258789,70.80000305175781,70.80000305175781,11726.0,KC=F,USX,NYB
2004-01-13,70.80000305175781,71.5,69.05000305175781,69.94999694824219,69.94999694824219,9553.0,KC=F,USX,NYB
2004-01-14,69.94999694824219,69.94999694824219,68.4000015258789,69.3499984741211,69.3499984741211,9055.0,KC=F,USX,NYB
2004-01-15,69.69999694824219,69.69999694824219,68.0,69.55000305175781,69.55000305175781,9269.0,KC=F,USX,NYB
2004-01-16,69.69999694824219,71.44999694824219,69.5999984741211,71.1500015258789,71.1500015258789,23597.0,KC=F,USX,NYB
2004-01-20,71.44999694824219,74.80000305175781,70.9000015258789,74.69999694824219,74.69999694824219,21714.0,KC=F,USX,NYB
2004-01-21,74.25,75.9000015258789,73.4000015258789,73.94999694824219,73.94999694824219,11889.0,KC=F,USX,NYB
2004-01-22,73.5,75.5,72.80000305175781,75.30000305175781,75.30000305175781,8874.0,KC=F,USX,NYB
2004-01-23,74.5,75.4000015258789,73.80000305175781,74.44999694824219,74.44999694824219,16036.0,KC=F,USX,NYB
2004-01-26,76.0,78.69999694824219,75.75,77.3499984741211,77.3499984741211,13297.0,KC=F,USX,NYB
2004-01-27,76.75,79.19999694824219,75.9000015258789,78.6500015258789,78.6500015258789,10234.0,KC=F,USX,NYB
2004-01-28,78.0,78.55000305175781,76.25,76.75,76.75,8818.0,KC=F,USX,NYB
2004-01-29,75.75,75.75,74.5999984741211,75.19999694824219,75.19999694824219,21827.0,KC=F,USX,NYB
2004-01-30,75.25,76.0,72.0999984741211,75.5,75.5,9666.0,KC=F,USX,NYB
2004-02-02,74.0,75.1500015258789,73.0,74.94999694824219,74.94999694824219,9476.0,KC=F,USX,NYB
2004-02-03,75.0,76.80000305175781,74.5,74.6500015258789,74.6500015258789,18489.0,KC=F,USX,NYB
2004-02-04,74.0,74.0,71.5999984741211,72.5999984741211,72.5999984741211,12471.0,KC=F,USX,NYB
2004-02-05,72.19999694824219,72.94999694824219,70.75,72.5999984741211,72.5999984741211,10121.0,KC=F,USX,NYB
2004-02-06,72.5,73.5,71.69999694824219,71.80000305175781,71.80000305175781,10269.0,KC=F,USX,NYB
2004-02-09,71.4000015258789,72.5,70.8499984741211,71.5,71.5,11276.0,KC=F,USX,NYB
2004-02-10,72.0,74.25,72.0,74.1500015258789,74.1500015258789,13910.0,KC=F,USX,NYB
2004-02-11,74.30000305175781,74.5999984741211,73.0999984741211,74.3499984741211,74.3499984741211,15087.0,KC=F,USX,NYB
2004-02-12,74.0,75.9000015258789,73.5,75.1500015258789,75.1500015258789,8071.0,KC=F,USX,NYB
2004-02-13,76.0,76.44999694824219,73.9000015258789,74.0,74.0,15820.0,KC=F,USX,NYB
2004-02-17,74.0,74.9000015258789,73.19999694824219,74.30000305175781,74.30000305175781,14171.0,KC=F,USX,NYB
2004-02-18,73.5,73.5999984741211,70.0,70.3499984741211,70.3499984741211,1648.0,KC=F,USX,NYB
2004-02-19,70.3499984741211,71.0999984741211,69.5,70.6500015258789,70.6500015258789,840.0,KC=F,USX,NYB
2004-02-20,70.5,71.19999694824219,69.80000305175781,70.30000305175781,70.30000305175781,903.0,KC=F,USX,NYB
2004-02-23,70.0999984741211,70.0999984741211,69.0,69.75,69.75,408.0,KC=F,USX,NYB
2004-02-24,69.80000305175781,73.0999984741211,69.80000305175781,73.0999984741211,73.0999984741211,368.0,KC=F,USX,NYB
2004-02-25,73.0,73.25,72.4000015258789,72.44999694824219,72.44999694824219,346.0,KC=F,USX,NYB
2004-02-26,72.3499984741211,75.8499984741211,71.9000015258789,74.5999984741211,74.5999984741211,145.0,KC=F,USX,NYB
2004-02-27,75.25,75.25,74.5,75.05000305175781,75.05000305175781,91.0,KC=F,USX,NYB
2004-03-01,74.80000305175781,75.44999694824219,74.0,74.4000015258789,74.4000015258789,144.0,KC=F,USX,NYB
2004-03-02,74.4000015258789,75.0,73.69999694824219,73.69999694824219,73.69999694824219,345.0,KC=F,USX,NYB
2004-03-03,73.30000305175781,73.30000305175781,71.69999694824219,71.80000305175781,71.80000305175781,315.0,KC=F,USX,NYB
2004-03-04,71.5,72.5999984741211,70.9000015258789,72.5999984741211,72.5999984741211,2.0,KC=F,USX,NYB
2004-03-05,72.0999984741211,73.05000305175781,72.0999984741211,73.05000305175781,73.05000305175781,66.0,KC=F,USX,NYB
2004-03-08,73.69999694824219,74.0,73.5999984741211,73.5999984741211,73.5999984741211,88.0,KC=F,USX,NYB
2004-03-09,74.0,74.0,72.0,72.0999984741211,72.0999984741211,89.0,KC=F,USX,NYB
2004-03-10,72.25,73.1500015258789,71.5999984741211,73.1500015258789,73.1500015258789,49.0,KC=F,USX,NYB
2004-03-11,73.05000305175781,74.75,73.05000305175781,74.75,74.75,55.0,KC=F,USX,NYB
2004-03-12,75.19999694824219,75.25,74.5,74.6500015258789,74.6500015258789,81.0,KC=F,USX,NYB
2004-03-15,75.0,76.0,74.0,76.0,76.0,43.0,KC=F,USX,NYB
2004-03-16,76.75,77.80000305175781,75.25,76.55000305175781,76.55000305175781,49.0,KC=F,USX,NYB
2004-03-17,77.0,77.0,75.75,75.75,75.75,105.0,KC=F,USX,NYB
2004-03-18,75.25,75.25,74.0,75.19999694824219,75.19999694824219,0.0,KC=F,USX,NYB
2004-03-19,75.0,76.80000305175781,74.0,75.55000305175781,75.55000305175781,6534.0,KC=F,USX,NYB
2004-03-22,77.30000305175781,78.0999984741211,76.30000305175781,77.3499984741211,77.3499984741211,7582.0,KC=F,USX,NYB
2004-03-23,77.5,77.5999984741211,75.80000305175781,76.4000015258789,76.4000015258789,7484.0,KC=F,USX,NYB
2004-03-24,76.0,76.25,74.8499984741211,75.05000305175781,75.05000305175781,25720.0,KC=F,USX,NYB
2004-03-25,73.5,73.5,71.19999694824219,71.25,71.25,14355.0,KC=F,USX,NYB
2004-03-26,71.0,72.0999984741211,70.8499984741211,71.94999694824219,71.94999694824219,6750.0,KC=F,USX,NYB
2004-03-29,71.94999694824219,73.05000305175781,71.75,72.4000015258789,72.4000015258789,7805.0,KC=F,USX,NYB
2004-03-30,72.4000015258789,73.4000015258789,71.9000015258789,73.30000305175781,73.30000305175781,8600.0,KC=F,USX,NYB
2004-03-31,73.69999694824219,74.1500015258789,73.30000305175781,73.75,73.75,13590.0,KC=F,USX,NYB
2004-04-01,74.0,74.4000015258789,73.25,74.0999984741211,74.0999984741211,8063.0,KC=F,USX,NYB
2004-04-02,74.19999694824219,74.19999694824219,72.5999984741211,73.4000015258789,73.4000015258789,14206.0,KC=F,USX,NYB
2004-04-05,73.0,73.19999694824219,71.9000015258789,71.94999694824219,71.94999694824219,7357.0,KC=F,USX,NYB
2004-04-06,71.5999984741211,73.0,71.5999984741211,72.80000305175781,72.80000305175781,10708.0,KC=F,USX,NYB
2004-04-07,72.5999984741211,73.80000305175781,72.4000015258789,73.25,73.25,9176.0,KC=F,USX,NYB
2004-04-08,73.19999694824219,74.0,72.5,72.55000305175781,72.55000305175781,9242.0,KC=F,USX,NYB
2004-04-12,72.4000015258789,73.0,71.75,72.05000305175781,72.05000305175781,18096.0,KC=F,USX,NYB
2004-04-13,71.9000015258789,71.9000015258789,69.05000305175781,69.3499984741211,69.3499984741211,10658.0,KC=F,USX,NYB
2004-04-14,69.25,70.80000305175781,69.19999694824219,70.5,70.5,7772.0,KC=F,USX,NYB
2004-04-15,70.5,70.8499984741211,70.0999984741211,70.4000015258789,70.4000015258789,7021.0,KC=F,USX,NYB
2004-04-16,70.30000305175781,70.5,69.30000305175781,70.05000305175781,70.05000305175781,8356.0,KC=F,USX,NYB
2004-04-19,70.0,70.4000015258789,69.75,70.4000015258789,70.4000015258789,10238.0,KC=F,USX,NYB
2004-04-20,70.25,71.69999694824219,69.5,69.6500015258789,69.6500015258789,12437.0,KC=F,USX,NYB
2004-04-21,69.69999694824219,69.75,67.0999984741211,67.3499984741211,67.3499984741211,1936.0,KC=F,USX,NYB
2004-04-22,67.5,68.4000015258789,66.80000305175781,67.69999694824219,67.69999694824219,470.0,KC=F,USX,NYB
2004-04-23,68.0,68.25,67.69999694824219,67.94999694824219,67.94999694824219,142.0,KC=F,USX,NYB
2004-04-26,68.0,68.4000015258789,67.9000015258789,68.05000305175781,68.05000305175781,125.0,KC=F,USX,NYB
2004-04-27,67.94999694824219,69.5,67.30000305175781,69.19999694824219,69.19999694824219,154.0,KC=F,USX,NYB
2004-04-28,69.25,69.9000015258789,68.30000305175781,69.0,69.0,95.0,KC=F,USX,NYB
2004-04-29,69.25,69.5,68.05000305175781,68.05000305175781,68.05000305175781,53.0,KC=F,USX,NYB
2004-04-30,68.05000305175781,68.5,66.9000015258789,67.1500015258789,67.1500015258789,107.0,KC=F,USX,NYB
2004-05-03,67.5,67.75,67.0,67.75,67.75,41.0,KC=F,USX,NYB
2004-05-04,68.25,70.0999984741211,68.25,70.0999984741211,70.0999984741211,105.0,KC=F,USX,NYB
2004-05-05,70.0,70.5,70.0,70.19999694824219,70.19999694824219,45.0,KC=F,USX,NYB
2004-05-06,70.75,70.75,68.9000015258789,69.1500015258789,69.1500015258789,32.0,KC=F,USX,NYB
2004-05-07,68.69999694824219,68.69999694824219,67.69999694824219,68.0999984741211,68.0999984741211,2.0,KC=F,USX,NYB
2004-05-10,68.0999984741211,69.9000015258789,68.0999984741211,69.9000015258789,69.9000015258789,64.0,KC=F,USX,NYB
2004-05-11,70.0,70.75,70.0,70.44999694824219,70.44999694824219,76.0,KC=F,USX,NYB
2004-05-12,70.5,71.4000015258789,69.5,69.6500015258789,69.6500015258789,30.0,KC=F,USX,NYB
2004-05-13,70.0,70.30000305175781,69.5,70.30000305175781,70.30000305175781,16.0,KC=F,USX,NYB
2004-05-14,70.5,70.5,70.25,70.4000015258789,70.4000015258789,24.0,KC=F,USX,NYB
2004-05-17,70.9000015258789,70.9000015258789,68.30000305175781,68.30000305175781,68.30000305175781,0.0,KC=F,USX,NYB
2004-05-18,68.0,70.75,68.0,70.75,70.75,10672.0,KC=F,USX,NYB
2004-05-19,71.75,73.75,71.0,72.94999694824219,72.94999694824219,7853.0,KC=F,USX,NYB
2004-05-20,72.5999984741211,73.30000305175781,71.0,71.5,71.5,4916.0,KC=F,USX,NYB
2004-05-21,71.80000305175781,72.80000305175781,71.1500015258789,72.3499984741211,72.3499984741211,21528.0,KC=F,USX,NYB
2004-05-24,72.5,76.80000305175781,72.19999694824219,76.6500015258789,76.6500015258789,17335.0,KC=F,USX,NYB
2004-05-25,76.5,78.0,76.25,77.80000305175781,77.80000305175781,27393.0,KC=F,USX,NYB
2004-05-26,79.0,82.1500015258789,78.30000305175781,80.1500015258789,80.1500015258789,14929.0,KC=F,USX,NYB
2004-05-27,80.0,80.0,78.69999694824219,79.94999694824219,79.94999694824219,24944.0,KC=F,USX,NYB
2004-05-28,82.5,86.5,82.5,85.55000305175781,85.55000305175781,18733.0,KC=F,USX,NYB
2004-06-01,85.5999984741211,85.80000305175781,81.69999694824219,82.9000015258789,82.9000015258789,14180.0,KC=F,USX,NYB
2004-06-02,84.0,86.1500015258789,82.30000305175781,83.9000015258789,83.9000015258789,9494.0,KC=F,USX,NYB
2004-06-03,85.0,85.0,82.0,83.0999984741211,83.0999984741211,7923.0,KC=F,USX,NYB
2004-06-04,84.0,84.0999984741211,82.5999984741211,83.0,83.0,10382.0,KC=F,USX,NYB
2004-06-07,82.75,82.75,80.80000305175781,81.05000305175781,81.05000305175781,11078.0,KC=F,USX,NYB
2004-06-08,81.0,82.0999984741211,80.80000305175781,81.5999984741211,81.5999984741211,14348.0,KC=F,USX,NYB
2004-06-09,81.5999984741211,83.30000305175781,80.6500015258789,83.0,83.0,0.0,KC=F,USX,NYB
2004-06-10,84.0,85.0,82.5,83.25,83.25,22137.0,KC=F,USX,NYB
2004-06-14,83.0,83.0,79.80000305175781,79.94999694824219,79.94999694824219,16466.0,KC=F,USX,NYB
2004-06-15,79.30000305175781,79.5999984741211,77.5,78.19999694824219,78.19999694824219,9494.0,KC=F,USX,NYB
2004-06-16,78.0,79.0,77.30000305175781,78.1500015258789,78.1500015258789,9687.0,KC=F,USX,NYB
2004-06-17,77.5,78.4000015258789,75.55000305175781,75.94999694824219,75.94999694824219,10719.0,KC=F,USX,NYB
2004-06-18,76.94999694824219,76.94999694824219,75.6500015258789,75.69999694824219,75.69999694824219,9821.0,KC=F,USX,NYB
2004-06-21,75.5,75.75,72.8499984741211,73.5999984741211,73.5999984741211,2325.0,KC=F,USX,NYB
2004-06-22,73.9000015258789,74.69999694824219,73.55000305175781,74.0999984741211,74.0999984741211,1086.0,KC=F,USX,NYB
2004-06-23,75.25,75.5999984741211,74.0,74.44999694824219,74.44999694824219,482.0,KC=F,USX,NYB
2004-06-24,74.5999984741211,74.5999984741211,73.5999984741211,74.05000305175781,74.05000305175781,562.0,KC=F,USX,NYB
2004-06-25,74.25,74.75,71.5,71.5999984741211,71.5999984741211,176.0,KC=F,USX,NYB
2004-06-28,72.0,72.55000305175781,70.5,72.55000305175781,72.55000305175781,225.0,KC=F,USX,NYB
2004-06-29,73.0,73.0,71.75,71.75,71.75,43.0,KC=F,USX,NYB
2004-06-30,72.0,73.0999984741211,71.30000305175781,73.0999984741211,73.0999984741211,17.0,KC=F,USX,NYB
2004-07-01,72.9000015258789,73.19999694824219,72.19999694824219,72.75,72.75,80.0,KC=F,USX,NYB
2004-07-02,72.5,72.5,70.0,70.05000305175781,70.05000305175781,112.0,KC=F,USX,NYB
2004-07-06,69.9000015258789,70.0,68.5,68.69999694824219,68.69999694824219,61.0,KC=F,USX,NYB
2004-07-07,69.4000015258789,69.69999694824219,69.0,69.4000015258789,69.4000015258789,27.0,KC=F,USX,NYB
2004-07-08,69.94999694824219,69.94999694824219,67.80000305175781,67.80000305175781,67.80000305175781,324.0,KC=F,USX,NYB
2004-07-09,68.3499984741211,68.8499984741211,68.3499984741211,68.8499984741211,68.8499984741211,8.0,KC=F,USX,NYB
2004-07-12,68.80000305175781,69.0,68.6500015258789,68.6500015258789,68.6500015258789,76.0,KC=F,USX,NYB
2004-07-13,68.69999694824219,69.9000015258789,68.55000305175781,68.55000305175781,68.55000305175781,35.0,KC=F,USX,NYB
2004-07-14,69.5,69.55000305175781,69.3499984741211,69.55000305175781,69.55000305175781,7.0,KC=F,USX,NYB
2004-07-15,69.5999984741211,70.5,69.5999984741211,70.19999694824219,70.19999694824219,48.0,KC=F,USX,NYB
2004-07-16,69.75,69.8499984741211,69.0,69.75,69.75,41.0,KC=F,USX,NYB
2004-07-19,70.0,70.5,69.75,70.19999694824219,70.19999694824219,0.0,KC=F,USX,NYB
2004-07-20,71.4000015258789,71.8499984741211,71.4000015258789,71.8499984741211,71.8499984741211,13584.0,KC=F,USX,NYB
2004-07-21,73.75,74.30000305175781,70.5,71.3499984741211,71.3499984741211,5992.0,KC=F,USX,NYB
2004-07-22,70.9000015258789,71.8499984741211,70.80000305175781,71.69999694824219,71.69999694824219,8362.0,KC=F,USX,NYB
2004-07-23,71.80000305175781,72.0,69.5,69.8499984741211,69.8499984741211,9728.0,KC=F,USX,NYB
2004-07-26,69.5,69.80000305175781,68.30000305175781,68.6500015258789,68.6500015258789,7209.0,KC=F,USX,NYB
2004-07-27,68.4000015258789,68.4000015258789,67.80000305175781,67.94999694824219,67.94999694824219,8219.0,KC=F,USX,NYB
2004-07-28,68.0999984741211,68.9000015258789,67.9000015258789,67.94999694824219,67.94999694824219,6976.0,KC=F,USX,NYB
2004-07-29,68.25,68.4000015258789,67.5,67.6500015258789,67.6500015258789,11754.0,KC=F,USX,NYB
2004-07-30,67.5,67.75,66.19999694824219,66.44999694824219,66.44999694824219,9447.0,KC=F,USX,NYB
2004-08-02,66.25,66.5999984741211,65.69999694824219,66.44999694824219,66.44999694824219,8286.0,KC=F,USX,NYB
2004-08-03,66.5999984741211,67.4000015258789,66.5,66.80000305175781,66.80000305175781,7078.0,KC=F,USX,NYB
2004-08-04,66.0,66.9000015258789,66.0,66.30000305175781,66.30000305175781,7269.0,KC=F,USX,NYB
2004-08-05,65.0,66.19999694824219,65.0,65.9000015258789,65.9000015258789,10720.0,KC=F,USX,NYB
2004-08-06,65.75,67.69999694824219,65.75,67.05000305175781,67.05000305175781,11000.0,KC=F,USX,NYB
2004-08-09,67.5,67.80000305175781,66.55000305175781,67.3499984741211,67.3499984741211,8242.0,KC=F,USX,NYB
2004-08-10,67.25,67.25,66.4000015258789,67.05000305175781,67.05000305175781,14290.0,KC=F,USX,NYB
2004-08-11,67.25,67.75,67.0,67.0999984741211,67.0999984741211,16323.0,KC=F,USX,NYB
2004-08-12,67.0,67.30000305175781,65.0999984741211,65.55000305175781,65.55000305175781,8817.0,KC=F,USX,NYB
2004-08-13,65.69999694824219,65.9000015258789,65.0999984741211,65.5999984741211,65.5999984741211,12232.0,KC=F,USX,NYB
2004-08-16,65.5999984741211,69.75,64.80000305175781,68.9000015258789,68.9000015258789,7574.0,KC=F,USX,NYB
2004-08-17,69.0,70.0,68.30000305175781,69.19999694824219,69.19999694824219,11982.0,KC=F,USX,NYB
2004-08-18,68.5,69.0999984741211,66.5,66.5999984741211,66.5999984741211,7226.0,KC=F,USX,NYB
2004-08-19,66.6500015258789,67.5,66.30000305175781,67.0999984741211,67.0999984741211,10873.0,KC=F,USX,NYB
2004-08-20,66.75,67.19999694824219,66.1500015258789,66.55000305175781,66.55000305175781,1429.0,KC=F,USX,NYB
2004-08-23,67.25,70.0,67.25,69.8499984741211,69.8499984741211,580.0,KC=F,USX,NYB
2004-08-24,70.0,70.19999694824219,68.0,69.44999694824219,69.44999694824219,416.0,KC=F,USX,NYB
2004-08-25,69.9000015258789,69.9000015258789,68.9000015258789,69.80000305175781,69.80000305175781,260.0,KC=F,USX,NYB
2004-08-26,69.5,71.0,69.5,70.6500015258789,70.6500015258789,80.0,KC=F,USX,NYB
2004-08-27,70.9000015258789,70.9000015258789,69.5,70.0,70.0,68.0,KC=F,USX,NYB
2004-08-30,70.0,70.0,68.0999984741211,68.6500015258789,68.6500015258789,57.0,KC=F,USX,NYB
2004-08-31,69.0,69.4000015258789,68.5,69.30000305175781,69.30000305175781,133.0,KC=F,USX,NYB
2004-09-01,70.0,70.69999694824219,69.80000305175781,70.44999694824219,70.44999694824219,96.0,KC=F,USX,NYB
2004-09-02,70.4000015258789,71.0,70.30000305175781,70.55000305175781,70.55000305175781,110.0,KC=F,USX,NYB
2004-09-03,70.25,70.94999694824219,68.30000305175781,68.30000305175781,68.30000305175781,69.0,KC=F,USX,NYB
2004-09-07,68.5,68.5,67.0,67.1500015258789,67.1500015258789,68.0,KC=F,USX,NYB
2004-09-08,67.5,67.8499984741211,67.0,67.55000305175781,67.55000305175781,138.0,KC=F,USX,NYB
2004-09-09,68.25,70.19999694824219,68.0999984741211,70.19999694824219,70.19999694824219,24.0,KC=F,USX,NYB
2004-09-10,70.19999694824219,70.4000015258789,70.19999694824219,70.4000015258789,70.4000015258789,110.0,KC=F,USX,NYB
2004-09-13,70.5,73.55000305175781,70.5,73.55000305175781,73.55000305175781,2.0,KC=F,USX,NYB
2004-09-14,74.0,74.0,74.0,74.0,74.0,30.0,KC=F,USX,NYB
2004-09-15,73.5,73.5,73.30000305175781,73.30000305175781,73.30000305175781,23.0,KC=F,USX,NYB
2004-09-16,73.0,75.5,72.75,74.69999694824219,74.69999694824219,27.0,KC=F,USX,NYB
2004-09-17,75.4000015258789,75.4000015258789,75.3499984741211,75.3499984741211,75.3499984741211,0.0,KC=F,USX,NYB
2004-09-20,75.5,77.19999694824219,74.94999694824219,77.19999694824219,77.19999694824219,14703.0,KC=F,USX,NYB
2004-09-21,81.25,82.4000015258789,80.8499984741211,81.6500015258789,81.6500015258789,16011.0,KC=F,USX,NYB
2004-09-22,81.75,84.0,81.1500015258789,83.55000305175781,83.55000305175781,18565.0,KC=F,USX,NYB
2004-09-23,84.0,84.80000305175781,80.5,81.05000305175781,81.05000305175781,9518.0,KC=F,USX,NYB
2004-09-24,82.25,83.80000305175781,81.80000305175781,83.0,83.0,11487.0,KC=F,USX,NYB
2004-09-27,84.25,86.4000015258789,83.30000305175781,86.0,86.0,13324.0,KC=F,USX,NYB
2004-09-28,84.5,84.5,80.8499984741211,81.0999984741211,81.0999984741211,7919.0,KC=F,USX,NYB
2004-09-29,81.4000015258789,82.69999694824219,80.5,82.4000015258789,82.4000015258789,13654.0,KC=F,USX,NYB
2004-09-30,81.5,83.25,80.0999984741211,82.3499984741211,82.3499984741211,9309.0,KC=F,USX,NYB
2004-10-01,81.25,81.30000305175781,79.3499984741211,80.1500015258789,80.1500015258789,14532.0,KC=F,USX,NYB
2004-10-04,79.0,79.0,75.6500015258789,76.19999694824219,76.19999694824219,10448.0,KC=F,USX,NYB
2004-10-05,77.0,78.5,76.0999984741211,78.1500015258789,78.1500015258789,7137.0,KC=F,USX,NYB
2004-10-06,78.0,78.80000305175781,77.05000305175781,77.6500015258789,77.6500015258789,9192.0,KC=F,USX,NYB
2004-10-07,77.25,78.25,75.80000305175781,78.1500015258789,78.1500015258789,6802.0,KC=F,USX,NYB
2004-10-08,78.5,78.5999984741211,77.05000305175781,77.19999694824219,77.19999694824219,9809.0,KC=F,USX,NYB
2004-10-11,75.5,76.19999694824219,74.5999984741211,75.8499984741211,75.8499984741211,11307.0,KC=F,USX,NYB
2004-10-12,76.0,76.55000305175781,74.5,74.5,74.5,11126.0,KC=F,USX,NYB
2004-10-13,73.5,74.19999694824219,72.75,73.80000305175781,73.80000305175781,7648.0,KC=F,USX,NYB
2004-10-14,74.19999694824219,74.4000015258789,72.9000015258789,73.25,73.25,6834.0,KC=F,USX,NYB
2004-10-15,73.5,74.9000015258789,72.8499984741211,74.6500015258789,74.6500015258789,4936.0,KC=F,USX,NYB
2004-10-18,74.5,74.5,73.4000015258789,73.8499984741211,73.8499984741211,5655.0,KC=F,USX,NYB
2004-10-19,73.69999694824219,73.69999694824219,72.8499984741211,72.94999694824219,72.94999694824219,14067.0,KC=F,USX,NYB
2004-10-20,72.5,75.75,71.9000015258789,74.6500015258789,74.6500015258789,11112.0,KC=F,USX,NYB
2004-10-21,74.5999984741211,76.05000305175781,74.4000015258789,75.55000305175781,75.55000305175781,11736.0,KC=F,USX,NYB
2004-10-22,75.4000015258789,76.5999984741211,74.5,75.0999984741211,75.0999984741211,8363.0,KC=F,USX,NYB
2004-10-25,75.5,76.4000015258789,74.80000305175781,75.5999984741211,75.5999984741211,4994.0,KC=F,USX,NYB
2004-10-26,75.25,76.05000305175781,75.0999984741211,75.80000305175781,75.80000305175781,12916.0,KC=F,USX,NYB
2004-10-27,76.5,78.9000015258789,76.30000305175781,77.9000015258789,77.9000015258789,8014.0,KC=F,USX,NYB
2004-10-28,78.25,78.8499984741211,77.3499984741211,77.69999694824219,77.69999694824219,15039.0,KC=F,USX,NYB
2004-10-29,77.19999694824219,78.6500015258789,74.0999984741211,74.4000015258789,74.4000015258789,10978.0,KC=F,USX,NYB
2004-11-01,75.0,75.5999984741211,73.80000305175781,74.19999694824219,74.19999694824219,7417.0,KC=F,USX,NYB
2004-11-02,74.80000305175781,75.80000305175781,73.9000015258789,75.69999694824219,75.69999694824219,8314.0,KC=F,USX,NYB
2004-11-03,75.5,77.5,75.30000305175781,77.1500015258789,77.1500015258789,10642.0,KC=F,USX,NYB
2004-11-04,77.1500015258789,78.5999984741211,76.80000305175781,77.9000015258789,77.9000015258789,9530.0,KC=F,USX,NYB
2004-11-05,78.25,79.19999694824219,78.0,78.30000305175781,78.30000305175781,13315.0,KC=F,USX,NYB
2004-11-08,78.25,80.5,78.0999984741211,79.8499984741211,79.8499984741211,9900.0,KC=F,USX,NYB
2004-11-09,80.0,80.0999984741211,78.80000305175781,80.0,80.0,12264.0,KC=F,USX,NYB
2004-11-10,81.5,82.0999984741211,81.0999984741211,81.3499984741211,81.3499984741211,14355.0,KC=F,USX,NYB
2004-11-11,80.5,81.69999694824219,79.80000305175781,81.44999694824219,81.44999694824219,11400.0,KC=F,USX,NYB
2004-11-12,81.19999694824219,81.19999694824219,80.19999694824219,80.5,80.5,14840.0,KC=F,USX,NYB
2004-11-15,80.25,95.0,80.25,91.6500015258789,91.6500015258789,13191.0,KC=F,USX,NYB
2004-11-16,88.5,88.69999694824219,85.75,86.05000305175781,86.05000305175781,16350.0,KC=F,USX,NYB
2004-11-17,86.0,89.75,84.0,88.05000305175781,88.05000305175781,2302.0,KC=F,USX,NYB
2004-11-18,88.5,90.0,87.25,88.9000015258789,88.9000015258789,1173.0,KC=F,USX,NYB
2004-11-19,87.75,89.5,86.4000015258789,87.25,87.25,987.0,KC=F,USX,NYB
2004-11-22,88.0,90.5,88.0,89.3499984741211,89.3499984741211,914.0,KC=F,USX,NYB
2004-11-23,91.0,91.5,88.5,89.25,89.25,1043.0,KC=F,USX,NYB
2004-11-24,90.0,90.0,87.4000015258789,88.9000015258789,88.9000015258789,488.0,KC=F,USX,NYB
2004-11-29,90.0,95.0,89.75,94.6500015258789,94.6500015258789,193.0,KC=F,USX,NYB
2004-11-30,96.0,96.5,93.5,94.44999694824219,94.44999694824219,175.0,KC=F,USX,NYB
2004-12-01,94.5,96.0,93.5,95.69999694824219,95.69999694824219,175.0,KC=F,USX,NYB
2004-12-02,99.0,99.0,94.9000015258789,94.9000015258789,94.9000015258789,137.0,KC=F,USX,NYB
2004-12-03,95.19999694824219,95.30000305175781,93.5,94.9000015258789,94.9000015258789,209.0,KC=F,USX,NYB
2004-12-06,95.25,95.25,94.5,94.5,94.5,69.0,KC=F,USX,NYB
2004-12-07,94.5,94.5999984741211,93.5,94.5999984741211,94.5999984741211,98.0,KC=F,USX,NYB
2004-12-08,93.5,97.0,93.30000305175781,95.25,95.25,56.0,KC=F,USX,NYB
2004-12-09,96.5,98.0,95.0999984741211,95.30000305175781,95.30000305175781,111.0,KC=F,USX,NYB
2004-12-10,97.0,97.0,94.25,94.80000305175781,94.80000305175781,69.0,KC=F,USX,NYB
2004-12-13,94.0,94.0,91.0,91.4000015258789,91.4000015258789,100.0,KC=F,USX,NYB
2004-12-14,91.0,92.4000015258789,91.0,91.69999694824219,91.69999694824219,29.0,KC=F,USX,NYB
2004-12-15,92.5,97.80000305175781,92.5,97.80000305175781,97.80000305175781,78.0,KC=F,USX,NYB
2004-12-16,99.0,100.5,98.0,98.0,98.0,31.0,KC=F,USX,NYB
2004-12-17,98.4000015258789,103.0,98.4000015258789,102.30000305175781,102.30000305175781,0.0,KC=F,USX,NYB
2004-12-20,106.19999694824219,106.19999694824219,103.4000015258789,105.0999984741211,105.0999984741211,12336.0,KC=F,USX,NYB
2004-12-21,107.0,108.69999694824219,104.9000015258789,105.05000305175781,105.05000305175781,16035.0,KC=F,USX,NYB
2004-12-22,103.5,104.5,99.0,101.25,101.25,9525.0,KC=F,USX,NYB
2004-12-23,102.25,106.69999694824219,101.80000305175781,105.0999984741211,105.0999984741211,6789.0,KC=F,USX,NYB
2004-12-27,107.5,107.5,103.9000015258789,104.69999694824219,104.69999694824219,5462.0,KC=F,USX,NYB
2004-12-28,104.0,106.25,103.75,105.19999694824219,105.19999694824219,8577.0,KC=F,USX,NYB
2004-12-29,105.5,108.4000015258789,105.0999984741211,107.94999694824219,107.94999694824219,13355.0,KC=F,USX,NYB
2004-12-30,107.9000015258789,108.0999984741211,103.0,103.75,103.75,9787.0,KC=F,USX,NYB
2005-01-03,103.5,105.0999984741211,102.5,103.0999984741211,103.0999984741211,12032.0,KC=F,USX,NYB
2005-01-04,101.5,102.5,99.80000305175781,101.44999694824219,101.44999694824219,14840.0,KC=F,USX,NYB
2005-01-05,101.0,104.75,98.0,98.5,98.5,16983.0,KC=F,USX,NYB
2005-01-06,98.0,99.0,95.5999984741211,96.80000305175781,96.80000305175781,8470.0,KC=F,USX,NYB
2005-01-07,97.0,98.6500015258789,96.0999984741211,96.25,96.25,8380.0,KC=F,USX,NYB
2005-01-10,95.25,97.0,95.0999984741211,95.5999984741211,95.5999984741211,9029.0,KC=F,USX,NYB
2005-01-11,96.0,97.25,95.5,95.6500015258789,95.6500015258789,11989.0,KC=F,USX,NYB
2005-01-12,96.5,100.1500015258789,96.25,98.8499984741211,98.8499984741211,10965.0,KC=F,USX,NYB
2005-01-13,99.25,102.19999694824219,99.25,101.0999984741211,101.0999984741211,7420.0,KC=F,USX,NYB
2005-01-14,100.75,100.75,99.5999984741211,100.0999984741211,100.0999984741211,14374.0,KC=F,USX,NYB
2005-01-18,99.75,104.5999984741211,98.75,104.4000015258789,104.4000015258789,8001.0,KC=F,USX,NYB
2005-01-19,104.0,105.25,103.30000305175781,104.0999984741211,104.0999984741211,13750.0,KC=F,USX,NYB
2005-01-20,105.0,105.69999694824219,100.75,102.0,102.0,6743.0,KC=F,USX,NYB
2005-01-21,102.0999984741211,103.4000015258789,101.30000305175781,103.25,103.25,6775.0,KC=F,USX,NYB
2005-01-24,104.0,104.80000305175781,103.0999984741211,104.6500015258789,104.6500015258789,11646.0,KC=F,USX,NYB
2005-01-25,104.44999694824219,105.9000015258789,102.30000305175781,105.75,105.75,7690.0,KC=F,USX,NYB
2005-01-26,106.0,106.25,104.0,105.0999984741211,105.0999984741211,8684.0,KC=F,USX,NYB
2005-01-27,105.0,105.5999984741211,103.05000305175781,103.19999694824219,103.19999694824219,11968.0,KC=F,USX,NYB
2005-01-28,102.5,105.69999694824219,101.5,105.30000305175781,105.30000305175781,6985.0,KC=F,USX,NYB
2005-01-31,105.0,106.0,104.5999984741211,105.3499984741211,105.3499984741211,12628.0,KC=F,USX,NYB
2005-02-01,104.25,105.9000015258789,103.30000305175781,105.80000305175781,105.80000305175781,9246.0,KC=F,USX,NYB
2005-02-02,106.0,106.69999694824219,104.80000305175781,104.9000015258789,104.9000015258789,9385.0,KC=F,USX,NYB
2005-02-03,105.30000305175781,105.8499984741211,104.5,105.30000305175781,105.30000305175781,17588.0,KC=F,USX,NYB
2005-02-04,106.0,111.75,104.30000305175781,110.5,110.5,15233.0,KC=F,USX,NYB
2005-02-07,110.5,112.94999694824219,110.4000015258789,112.75,112.75,13996.0,KC=F,USX,NYB
2005-02-08,111.69999694824219,114.0,110.75,111.69999694824219,111.69999694824219,17006.0,KC=F,USX,NYB
2005-02-09,111.5,113.69999694824219,111.0999984741211,112.44999694824219,112.44999694824219,13689.0,KC=F,USX,NYB
2005-02-10,112.5,114.69999694824219,111.9000015258789,113.8499984741211,113.8499984741211,15777.0,KC=F,USX,NYB
2005-02-11,113.80000305175781,115.30000305175781,113.19999694824219,113.44999694824219,113.44999694824219,16614.0,KC=F,USX,NYB
2005-02-14,113.3499984741211,114.0,111.80000305175781,112.4000015258789,112.4000015258789,15531.0,KC=F,USX,NYB
2005-02-15,112.0,118.25,111.80000305175781,117.80000305175781,117.80000305175781,13282.0,KC=F,USX,NYB
2005-02-16,117.4000015258789,119.0,116.5999984741211,116.8499984741211,116.8499984741211,2743.0,KC=F,USX,NYB
2005-02-17,116.80000305175781,119.5,115.25,117.05000305175781,117.05000305175781,910.0,KC=F,USX,NYB
2005-02-18,117.05000305175781,118.9000015258789,116.4000015258789,118.05000305175781,118.05000305175781,1279.0,KC=F,USX,NYB
2005-02-22,117.25,117.5,114.75,115.0999984741211,115.0999984741211,702.0,KC=F,USX,NYB
2005-02-23,115.5,122.0,115.0999984741211,121.55000305175781,121.55000305175781,1008.0,KC=F,USX,NYB
2005-02-24,122.5,124.0999984741211,117.4000015258789,119.19999694824219,119.19999694824219,421.0,KC=F,USX,NYB
2005-02-25,119.5,120.75,115.0,115.25,115.25,265.0,KC=F,USX,NYB
2005-02-28,116.25,120.5,116.25,119.1500015258789,119.1500015258789,291.0,KC=F,USX,NYB
2005-03-01,119.5,120.5,118.75,119.05000305175781,119.05000305175781,201.0,KC=F,USX,NYB
2005-03-02,119.75,122.5,119.3499984741211,119.3499984741211,119.3499984741211,256.0,KC=F,USX,NYB
2005-03-03,121.25,121.5999984741211,120.9000015258789,120.9000015258789,120.9000015258789,348.0,KC=F,USX,NYB
2005-03-04,120.4000015258789,122.69999694824219,120.4000015258789,121.8499984741211,121.8499984741211,134.0,KC=F,USX,NYB
2005-03-07,122.5,128.0,122.5,128.0,128.0,281.0,KC=F,USX,NYB
2005-03-08,132.0,133.5,129.5,130.64999389648438,130.64999389648438,165.0,KC=F,USX,NYB
2005-03-09,130.75,131.0,128.0,129.5,129.5,108.0,KC=F,USX,NYB
2005-03-10,131.5,135.75,131.25,135.75,135.75,54.0,KC=F,USX,NYB
2005-03-11,136.5,136.5,134.4499969482422,134.4499969482422,134.4499969482422,53.0,KC=F,USX,NYB
2005-03-14,136.0,136.0,131.5,132.5,132.5,37.0,KC=F,USX,NYB
2005-03-15,130.0,135.0,129.0,135.0,135.0,42.0,KC=F,USX,NYB
2005-03-16,134.5,136.0,134.0,134.60000610351562,134.60000610351562,86.0,KC=F,USX,NYB
2005-03-17,136.0,136.0,135.10000610351562,135.10000610351562,135.10000610351562,0.0,KC=F,USX,NYB
2005-03-18,137.0,137.0,130.0,131.60000610351562,131.60000610351562,11816.0,KC=F,USX,NYB
2005-03-21,131.0,132.6999969482422,129.1999969482422,130.64999389648438,130.64999389648438,8680.0,KC=F,USX,NYB
2005-03-22,130.0,131.8000030517578,129.5,131.35000610351562,131.35000610351562,14388.0,KC=F,USX,NYB
2005-03-23,126.0,128.39999389648438,125.0,125.25,125.25,18718.0,KC=F,USX,NYB
2005-03-24,125.25,125.5,119.75,120.9000015258789,120.9000015258789,9598.0,KC=F,USX,NYB
2005-03-28,119.55000305175781,122.5,119.55000305175781,122.3499984741211,122.3499984741211,9540.0,KC=F,USX,NYB
2005-03-29,122.5,123.30000305175781,121.3499984741211,122.05000305175781,122.05000305175781,11748.0,KC=F,USX,NYB
2005-03-30,122.5,127.0,121.80000305175781,125.0,125.0,10257.0,KC=F,USX,NYB
2005-03-31,125.5,127.75,125.0999984741211,126.4000015258789,126.4000015258789,9182.0,KC=F,USX,NYB
2005-04-01,126.4000015258789,128.8000030517578,122.5999984741211,123.94999694824219,123.94999694824219,9296.0,KC=F,USX,NYB
2005-04-04,122.0,123.75,120.30000305175781,123.05000305175781,123.05000305175781,8951.0,KC=F,USX,NYB
2005-04-05,123.0999984741211,126.5,123.0999984741211,126.0999984741211,126.0999984741211,15107.0,KC=F,USX,NYB
2005-04-06,127.5,128.85000610351562,124.19999694824219,124.69999694824219,124.69999694824219,12486.0,KC=F,USX,NYB
2005-04-07,125.0,125.75,121.5,121.94999694824219,121.94999694824219,26876.0,KC=F,USX,NYB
2005-04-08,120.9000015258789,121.80000305175781,114.75,116.8499984741211,116.8499984741211,15075.0,KC=F,USX,NYB
2005-04-11,115.5,116.5999984741211,113.30000305175781,113.5,113.5,10596.0,KC=F,USX,NYB
2005-04-12,114.0,115.80000305175781,112.80000305175781,114.8499984741211,114.8499984741211,9085.0,KC=F,USX,NYB
2005-04-13,114.5,115.69999694824219,113.69999694824219,114.5999984741211,114.5999984741211,16818.0,KC=F,USX,NYB
2005-04-14,114.0,114.0,110.5,111.05000305175781,111.05000305175781,11611.0,KC=F,USX,NYB
2005-04-15,111.75,112.69999694824219,109.75,112.55000305175781,112.55000305175781,15341.0,KC=F,USX,NYB
2005-04-18,112.80000305175781,113.80000305175781,110.0,111.94999694824219,111.94999694824219,11692.0,KC=F,USX,NYB
2005-04-19,112.5999984741211,118.25,112.5999984741211,118.0,118.0,7764.0,KC=F,USX,NYB
2005-04-20,118.0,123.0,116.5,121.8499984741211,121.8499984741211,827.0,KC=F,USX,NYB
2005-04-21,120.5,122.25,119.0,119.75,119.75,487.0,KC=F,USX,NYB
2005-04-22,119.5,126.0,118.5,124.80000305175781,124.80000305175781,394.0,KC=F,USX,NYB
2005-04-25,124.5,125.5,123.4000015258789,124.4000015258789,124.4000015258789,203.0,KC=F,USX,NYB
2005-04-26,124.4000015258789,130.0,124.4000015258789,129.60000610351562,129.60000610351562,143.0,KC=F,USX,NYB
2005-04-27,130.5,132.25,128.0,130.4499969482422,130.4499969482422,197.0,KC=F,USX,NYB
2005-04-28,129.5,130.1999969482422,127.5,128.0,128.0,163.0,KC=F,USX,NYB
2005-04-29,129.5,129.5,125.0,125.1500015258789,125.1500015258789,272.0,KC=F,USX,NYB
2005-05-02,125.0,125.0,120.0999984741211,120.69999694824219,120.69999694824219,98.0,KC=F,USX,NYB
2005-05-03,121.5,122.0,119.0999984741211,119.0999984741211,119.0999984741211,108.0,KC=F,USX,NYB
2005-05-04,120.5,125.0,119.0,122.69999694824219,122.69999694824219,70.0,KC=F,USX,NYB
2005-05-05,122.5,122.5,117.0,120.3499984741211,120.3499984741211,41.0,KC=F,USX,NYB
2005-05-06,120.5,121.9000015258789,119.0,121.9000015258789,121.9000015258789,24.0,KC=F,USX,NYB
2005-05-09,122.75,122.75,121.44999694824219,121.44999694824219,121.44999694824219,24.0,KC=F,USX,NYB
2005-05-10,120.5,120.5,118.5,119.1500015258789,119.1500015258789,8.0,KC=F,USX,NYB
2005-05-11,120.0999984741211,122.1500015258789,120.0999984741211,122.1500015258789,122.1500015258789,23.0,KC=F,USX,NYB
2005-05-12,124.0,124.0,119.9000015258789,119.9000015258789,119.9000015258789,8.0,KC=F,USX,NYB
2005-05-13,120.5,120.5,119.0,119.0,119.0,16.0,KC=F,USX,NYB
2005-05-16,119.8499984741211,119.8499984741211,113.75,113.75,113.75,18.0,KC=F,USX,NYB
2005-05-17,115.0,116.0,115.0,115.69999694824219,115.69999694824219,0.0,KC=F,USX,NYB
2005-05-18,117.0,117.5,116.0,116.05000305175781,116.05000305175781,6519.0,KC=F,USX,NYB
2005-05-19,118.69999694824219,119.30000305175781,116.5,116.80000305175781,116.80000305175781,4848.0,KC=F,USX,NYB
2005-05-20,116.80000305175781,118.0,116.25,117.0,117.0,9994.0,KC=F,USX,NYB
2005-05-23,117.0,120.25,116.5,118.1500015258789,118.1500015258789,11490.0,KC=F,USX,NYB
2005-05-24,118.75,121.80000305175781,118.75,119.6500015258789,119.6500015258789,8178.0,KC=F,USX,NYB
2005-05-25,120.5,123.0,120.5,122.4000015258789,122.4000015258789,7078.0,KC=F,USX,NYB
2005-05-26,122.3499984741211,124.0,121.80000305175781,123.69999694824219,123.69999694824219,6099.0,KC=F,USX,NYB
2005-05-27,124.25,124.4000015258789,121.0999984741211,121.9000015258789,121.9000015258789,11815.0,KC=F,USX,NYB
2005-05-31,120.4000015258789,120.5,117.25,118.3499984741211,118.3499984741211,9404.0,KC=F,USX,NYB
2005-06-01,118.75,120.0,117.5,118.05000305175781,118.05000305175781,12538.0,KC=F,USX,NYB
2005-06-02,119.25,122.75,119.25,122.0,122.0,11290.0,KC=F,USX,NYB
2005-06-03,123.0,125.9000015258789,122.5999984741211,125.55000305175781,125.55000305175781,11226.0,KC=F,USX,NYB
2005-06-06,125.0,126.75,122.9000015258789,124.0999984741211,124.0999984741211,9068.0,KC=F,USX,NYB
2005-06-07,125.25,126.0,123.5999984741211,125.75,125.75,15538.0,KC=F,USX,NYB
2005-06-08,125.5,125.5,120.75,121.4000015258789,121.4000015258789,14485.0,KC=F,USX,NYB
2005-06-09,122.0,122.25,116.0,116.4000015258789,116.4000015258789,19091.0,KC=F,USX,NYB
2005-06-10,115.0,115.30000305175781,112.9000015258789,113.0,113.0,16874.0,KC=F,USX,NYB
2005-06-13,114.0,115.0,109.5,109.75,109.75,14200.0,KC=F,USX,NYB
2005-06-14,109.0,111.0,108.5,110.75,110.75,8606.0,KC=F,USX,NYB
2005-06-15,111.5,112.19999694824219,108.5,111.1500015258789,111.1500015258789,6383.0,KC=F,USX,NYB
2005-06-16,111.1500015258789,111.44999694824219,108.80000305175781,109.55000305175781,109.55000305175781,7023.0,KC=F,USX,NYB
2005-06-17,109.5,109.55000305175781,106.5999984741211,107.5999984741211,107.5999984741211,9227.0,KC=F,USX,NYB
2005-06-20,108.0,111.19999694824219,107.75,109.0,109.0,8325.0,KC=F,USX,NYB
2005-06-21,109.80000305175781,109.80000305175781,107.19999694824219,107.75,107.75,1701.0,KC=F,USX,NYB
2005-06-22,108.5,111.5,108.5,110.80000305175781,110.80000305175781,390.0,KC=F,USX,NYB
2005-06-23,111.25,111.80000305175781,107.0,108.4000015258789,108.4000015258789,232.0,KC=F,USX,NYB
2005-06-24,108.0,108.75,104.9000015258789,105.44999694824219,105.44999694824219,67.0,KC=F,USX,NYB
2005-06-27,105.0,105.0,102.0,102.69999694824219,102.69999694824219,100.0,KC=F,USX,NYB
2005-06-28,103.0,104.30000305175781,101.69999694824219,104.30000305175781,104.30000305175781,41.0,KC=F,USX,NYB
2005-06-29,103.5,105.0,103.0,103.0999984741211,103.0999984741211,231.0,KC=F,USX,NYB
2005-06-30,104.5,104.6500015258789,103.8499984741211,104.6500015258789,104.6500015258789,70.0,KC=F,USX,NYB
2005-07-01,106.5,106.5,102.0999984741211,102.0999984741211,102.0999984741211,95.0,KC=F,USX,NYB
2005-07-05,102.5,102.5,101.75,102.19999694824219,102.19999694824219,79.0,KC=F,USX,NYB
2005-07-06,103.5,104.6500015258789,103.0,104.6500015258789,104.6500015258789,28.0,KC=F,USX,NYB
2005-07-07,104.0,104.5,103.5,104.5,104.5,37.0,KC=F,USX,NYB
2005-07-08,105.0,105.0,104.1500015258789,104.1500015258789,104.1500015258789,16.0,KC=F,USX,NYB
2005-07-11,104.0,104.0,101.75,101.75,101.75,136.0,KC=F,USX,NYB
2005-07-12,102.0999984741211,102.75,102.0999984741211,102.3499984741211,102.3499984741211,45.0,KC=F,USX,NYB
2005-07-13,102.4000015258789,102.5,102.4000015258789,102.5,102.5,4.0,KC=F,USX,NYB
2005-07-14,106.1500015258789,106.1500015258789,106.1500015258789,106.1500015258789,106.1500015258789,23.0,KC=F,USX,NYB
2005-07-15,107.0,107.25,103.0,103.25,103.25,71.0,KC=F,USX,NYB
2005-07-18,100.0,100.0,97.8499984741211,97.8499984741211,97.8499984741211,0.0,KC=F,USX,NYB
2005-07-19,97.0,97.0,94.1500015258789,94.1500015258789,94.1500015258789,0.0,KC=F,USX,NYB
2005-07-20,97.0,98.5999984741211,96.69999694824219,98.44999694824219,98.44999694824219,7460.0,KC=F,USX,NYB
2005-07-21,98.5,99.25,96.9000015258789,98.9000015258789,98.9000015258789,4829.0,KC=F,USX,NYB
2005-07-22,100.0,100.25,98.5999984741211,99.44999694824219,99.44999694824219,9556.0,KC=F,USX,NYB
2005-07-25,98.0,102.69999694824219,97.0,102.0999984741211,102.0999984741211,6209.0,KC=F,USX,NYB
2005-07-26,101.75,103.0,100.80000305175781,101.8499984741211,101.8499984741211,8682.0,KC=F,USX,NYB
2005-07-27,100.5,101.0,98.30000305175781,99.3499984741211,99.3499984741211,9219.0,KC=F,USX,NYB
2005-07-28,98.5,103.0,97.30000305175781,101.80000305175781,101.80000305175781,8814.0,KC=F,USX,NYB
2005-07-29,101.5,104.5,101.25,103.1500015258789,103.1500015258789,7354.0,KC=F,USX,NYB
2005-08-01,103.0,103.69999694824219,101.5,102.1500015258789,102.1500015258789,11896.0,KC=F,USX,NYB
2005-08-02,101.5999984741211,106.9000015258789,101.25,106.5999984741211,106.5999984741211,7090.0,KC=F,USX,NYB
2005-08-03,106.3499984741211,107.30000305175781,105.69999694824219,105.75,105.75,7277.0,KC=F,USX,NYB
2005-08-04,107.5,108.5999984741211,105.5,106.25,106.25,8533.0,KC=F,USX,NYB
2005-08-05,106.5,106.80000305175781,104.5999984741211,105.3499984741211,105.3499984741211,12165.0,KC=F,USX,NYB
2005-08-08,105.5,105.9000015258789,101.75,102.30000305175781,102.30000305175781,12881.0,KC=F,USX,NYB
2005-08-09,102.5,103.5999984741211,101.55000305175781,102.5999984741211,102.5999984741211,11506.0,KC=F,USX,NYB
2005-08-10,103.0999984741211,107.0,103.0999984741211,105.69999694824219,105.69999694824219,9681.0,KC=F,USX,NYB
2005-08-11,106.25,107.4000015258789,106.0,106.75,106.75,11399.0,KC=F,USX,NYB
2005-08-12,105.75,108.0,104.19999694824219,104.9000015258789,104.9000015258789,16092.0,KC=F,USX,NYB
2005-08-15,102.9000015258789,102.9000015258789,94.0,96.1500015258789,96.1500015258789,10567.0,KC=F,USX,NYB
2005-08-16,96.5,97.9000015258789,96.0,96.9000015258789,96.9000015258789,7100.0,KC=F,USX,NYB
2005-08-17,97.5,98.25,95.80000305175781,97.75,97.75,4208.0,KC=F,USX,NYB
2005-08-18,95.5,96.0999984741211,95.0,95.30000305175781,95.30000305175781,6393.0,KC=F,USX,NYB
2005-08-19,95.75,97.25,95.25,96.0999984741211,96.0999984741211,14893.0,KC=F,USX,NYB
2005-08-22,96.75,97.75,94.75,96.3499984741211,96.3499984741211,1714.0,KC=F,USX,NYB
2005-08-23,97.0,99.75,97.0,98.94999694824219,98.94999694824219,854.0,KC=F,USX,NYB
2005-08-24,99.5,100.5,95.25,96.1500015258789,96.1500015258789,218.0,KC=F,USX,NYB
2005-08-25,96.5,96.75,93.1500015258789,93.1500015258789,93.1500015258789,169.0,KC=F,USX,NYB
2005-08-26,92.75,93.25,91.5999984741211,91.6500015258789,91.6500015258789,131.0,KC=F,USX,NYB
2005-08-29,93.75,94.9000015258789,92.0,92.5999984741211,92.5999984741211,107.0,KC=F,USX,NYB
2005-08-30,93.75,94.75,92.5,94.5,94.5,167.0,KC=F,USX,NYB
2005-08-31,98.0,98.5,97.0,97.75,97.75,581.0,KC=F,USX,NYB
2005-09-01,99.75,101.94999694824219,98.5,101.94999694824219,101.94999694824219,107.0,KC=F,USX,NYB
2005-09-02,101.5,101.5,99.5999984741211,100.0,100.0,29.0,KC=F,USX,NYB
2005-09-06,99.0,100.0,97.44999694824219,97.44999694824219,97.44999694824219,15.0,KC=F,USX,NYB
2005-09-07,97.0,97.0,91.5,91.5,91.5,48.0,KC=F,USX,NYB
2005-09-08,92.5,93.0,90.80000305175781,92.69999694824219,92.69999694824219,89.0,KC=F,USX,NYB
2005-09-09,94.0,94.0,92.19999694824219,92.19999694824219,92.19999694824219,20.0,KC=F,USX,NYB
2005-09-12,93.0,93.0,89.05000305175781,89.05000305175781,89.05000305175781,50.0,KC=F,USX,NYB
2005-09-13,88.6500015258789,88.6500015258789,88.6500015258789,88.6500015258789,88.6500015258789,16.0,KC=F,USX,NYB
2005-09-14,89.9000015258789,91.4000015258789,89.9000015258789,91.4000015258789,91.4000015258789,15.0,KC=F,USX,NYB
2005-09-15,89.3499984741211,89.3499984741211,89.3499984741211,89.3499984741211,89.3499984741211,34.0,KC=F,USX,NYB
2005-09-16,90.5,90.75,88.19999694824219,88.19999694824219,88.19999694824219,66.0,KC=F,USX,NYB
2005-09-19,88.0,89.0,84.44999694824219,84.44999694824219,84.44999694824219,0.0,KC=F,USX,NYB
2005-09-20,91.75,91.75,91.75,91.75,91.75,22.0,KC=F,USX,NYB
2005-09-21,90.3499984741211,90.3499984741211,90.3499984741211,90.3499984741211,90.3499984741211,6.0,KC=F,USX,NYB
2005-09-22,91.30000305175781,91.30000305175781,91.30000305175781,91.30000305175781,91.30000305175781,0.0,KC=F,USX,NYB
2005-09-23,89.0,89.0,89.0,89.0,89.0,1.0,KC=F,USX,NYB
2005-09-26,88.1500015258789,88.1500015258789,88.1500015258789,88.1500015258789,88.1500015258789,0.0,KC=F,USX,NYB
2005-09-27,88.6500015258789,88.6500015258789,88.6500015258789,88.6500015258789,88.6500015258789,0.0,KC=F,USX,NYB
2005-09-28,93.4000015258789,93.4000015258789,93.4000015258789,93.4000015258789,93.4000015258789,10259.0,KC=F,USX,NYB
2005-09-29,92.5,95.0,91.75,92.94999694824219,92.94999694824219,8999.0,KC=F,USX,NYB
2005-09-30,93.0,93.80000305175781,90.30000305175781,93.44999694824219,93.44999694824219,7574.0,KC=F,USX,NYB
2005-10-03,93.5,95.5,92.5,92.8499984741211,92.8499984741211,5745.0,KC=F,USX,NYB
2005-10-04,93.30000305175781,94.0,91.5999984741211,92.69999694824219,92.69999694824219,6480.0,KC=F,USX,NYB
2005-10-05,92.5,94.4000015258789,92.0999984741211,93.69999694824219,93.69999694824219,7353.0,KC=F,USX,NYB
2005-10-06,94.5,95.44999694824219,93.25,93.5,93.5,6335.0,KC=F,USX,NYB
2005-10-07,94.0,95.0,92.80000305175781,94.8499984741211,94.8499984741211,11918.0,KC=F,USX,NYB
2005-10-10,96.0,99.4000015258789,95.0999984741211,98.9000015258789,98.9000015258789,12066.0,KC=F,USX,NYB
2005-10-11,99.80000305175781,101.69999694824219,99.5,100.75,100.75,8827.0,KC=F,USX,NYB
2005-10-12,102.0,102.4000015258789,99.80000305175781,101.30000305175781,101.30000305175781,8221.0,KC=F,USX,NYB
2005-10-13,100.5,101.0999984741211,99.0,100.3499984741211,100.3499984741211,9036.0,KC=F,USX,NYB
2005-10-14,100.0,100.30000305175781,98.30000305175781,99.6500015258789,99.6500015258789,12497.0,KC=F,USX,NYB
2005-10-17,101.0,104.5,101.0,104.0999984741211,104.0999984741211,12504.0,KC=F,USX,NYB
2005-10-18,105.25,106.80000305175781,103.5,104.6500015258789,104.6500015258789,9091.0,KC=F,USX,NYB
2005-10-19,105.80000305175781,106.69999694824219,102.5,104.05000305175781,104.05000305175781,9031.0,KC=F,USX,NYB
2005-10-20,104.0,105.80000305175781,103.0999984741211,105.69999694824219,105.69999694824219,11569.0,KC=F,USX,NYB
2005-10-21,105.0,106.69999694824219,102.69999694824219,103.44999694824219,103.44999694824219,5843.0,KC=F,USX,NYB
2005-10-24,103.19999694824219,104.19999694824219,102.55000305175781,103.1500015258789,103.1500015258789,6870.0,KC=F,USX,NYB
2005-10-25,104.5,105.25,102.5999984741211,103.69999694824219,103.69999694824219,10096.0,KC=F,USX,NYB
2005-10-26,104.5,105.0,101.0,101.69999694824219,101.69999694824219,8136.0,KC=F,USX,NYB
2005-10-27,101.0,101.69999694824219,99.9000015258789,100.1500015258789,100.1500015258789,8719.0,KC=F,USX,NYB
2005-10-28,99.0,99.69999694824219,97.9000015258789,98.3499984741211,98.3499984741211,10703.0,KC=F,USX,NYB
2005-10-31,98.0,98.0,96.4000015258789,96.6500015258789,96.6500015258789,8275.0,KC=F,USX,NYB
2005-11-01,97.4000015258789,97.75,96.0,97.0999984741211,97.0999984741211,9716.0,KC=F,USX,NYB
2005-11-02,98.0,101.25,97.75,101.05000305175781,101.05000305175781,11735.0,KC=F,USX,NYB
2005-11-03,101.5,104.0999984741211,101.0,103.75,103.75,9523.0,KC=F,USX,NYB
2005-11-04,104.75,105.0,102.5,103.9000015258789,103.9000015258789,11807.0,KC=F,USX,NYB
2005-11-07,102.75,104.0,101.80000305175781,102.94999694824219,102.94999694824219,16237.0,KC=F,USX,NYB
2005-11-08,104.0,108.0,104.0,107.8499984741211,107.8499984741211,13431.0,KC=F,USX,NYB
2005-11-09,107.0,108.5,105.8499984741211,106.9000015258789,106.9000015258789,9806.0,KC=F,USX,NYB
2005-11-10,107.4000015258789,107.5999984741211,105.69999694824219,106.75,106.75,10903.0,KC=F,USX,NYB
2005-11-11,106.0,107.4000015258789,105.19999694824219,106.94999694824219,106.94999694824219,12848.0,KC=F,USX,NYB
2005-11-14,106.75,106.80000305175781,99.0,99.8499984741211,99.8499984741211,11384.0,KC=F,USX,NYB
2005-11-15,100.0,100.8499984741211,95.5,96.5,96.5,11057.0,KC=F,USX,NYB
2005-11-16,99.25,99.5,96.0999984741211,96.55000305175781,96.55000305175781,13490.0,KC=F,USX,NYB
2005-11-17,96.0,98.0,95.5999984741211,98.0,98.0,1568.0,KC=F,USX,NYB
2005-11-18,98.75,99.4000015258789,96.75,96.80000305175781,96.80000305175781,504.0,KC=F,USX,NYB
2005-11-21,96.25,99.05000305175781,95.4000015258789,99.05000305175781,99.05000305175781,630.0,KC=F,USX,NYB
2005-11-22,99.0,100.4000015258789,98.25,98.6500015258789,98.6500015258789,390.0,KC=F,USX,NYB
2005-11-23,99.0,99.0,96.5,97.4000015258789,97.4000015258789,404.0,KC=F,USX,NYB
2005-11-28,99.19999694824219,99.5999984741211,95.80000305175781,96.1500015258789,96.1500015258789,141.0,KC=F,USX,NYB
2005-11-29,96.5,96.5,94.5,95.69999694824219,95.69999694824219,218.0,KC=F,USX,NYB
2005-11-30,96.25,96.75,92.25,93.0,93.0,54.0,KC=F,USX,NYB
2005-12-01,92.5,93.4000015258789,92.4000015258789,92.4000015258789,92.4000015258789,128.0,KC=F,USX,NYB
2005-12-02,93.0,93.0,90.75,90.75,90.75,51.0,KC=F,USX,NYB
2005-12-05,92.0,92.0,91.30000305175781,91.8499984741211,91.8499984741211,45.0,KC=F,USX,NYB
2005-12-06,91.9000015258789,92.75,91.9000015258789,92.69999694824219,92.69999694824219,58.0,KC=F,USX,NYB
2005-12-07,92.5,92.5,91.69999694824219,92.0,92.0,110.0,KC=F,USX,NYB
2005-12-08,92.5,92.80000305175781,91.0,92.80000305175781,92.80000305175781,34.0,KC=F,USX,NYB
2005-12-09,94.5,94.5,92.75,92.75,92.75,22.0,KC=F,USX,NYB
2005-12-12,96.0,96.44999694824219,96.0,96.44999694824219,96.44999694824219,8.0,KC=F,USX,NYB
2005-12-13,96.1500015258789,96.1500015258789,95.25,95.4000015258789,95.4000015258789,18.0,KC=F,USX,NYB
2005-12-14,92.5,93.19999694824219,91.0,93.19999694824219,93.19999694824219,2.0,KC=F,USX,NYB
2005-12-15,95.0,95.0,94.3499984741211,94.3499984741211,94.3499984741211,9.0,KC=F,USX,NYB
2005-12-16,95.69999694824219,95.69999694824219,94.3499984741211,94.3499984741211,94.3499984741211,0.0,KC=F,USX,NYB
2005-12-19,97.69999694824219,99.0,97.69999694824219,98.0999984741211,98.0999984741211,9626.0,KC=F,USX,NYB
2005-12-20,101.0,103.5999984741211,100.69999694824219,102.4000015258789,102.4000015258789,5528.0,KC=F,USX,NYB
2005-12-21,101.0,101.9000015258789,100.25,101.19999694824219,101.19999694824219,8965.0,KC=F,USX,NYB
2005-12-22,100.19999694824219,103.0999984741211,99.69999694824219,102.80000305175781,102.80000305175781,3950.0,KC=F,USX,NYB
2005-12-23,102.69999694824219,103.75,102.25,102.5999984741211,102.5999984741211,10282.0,KC=F,USX,NYB
2005-12-27,102.0,106.75,101.5,106.19999694824219,106.19999694824219,9396.0,KC=F,USX,NYB
2005-12-28,107.0,107.9000015258789,105.5,107.0,107.0,7247.0,KC=F,USX,NYB
2005-12-29,107.0,108.4000015258789,106.4000015258789,106.9000015258789,106.9000015258789,7077.0,KC=F,USX,NYB
2005-12-30,107.5,107.5,105.0999984741211,107.0999984741211,107.0999984741211,7845.0,KC=F,USX,NYB
2006-01-03,107.5,108.80000305175781,106.19999694824219,108.5999984741211,108.5999984741211,12076.0,KC=F,USX,NYB
2006-01-04,108.4000015258789,110.9000015258789,106.8499984741211,110.6500015258789,110.6500015258789,25706.0,KC=F,USX,NYB
2006-01-05,110.5,118.19999694824219,110.0999984741211,117.44999694824219,117.44999694824219,16642.0,KC=F,USX,NYB
2006-01-06,116.5,120.25,115.5,119.55000305175781,119.55000305175781,16392.0,KC=F,USX,NYB
2006-01-09,119.0,121.5,117.25,120.1500015258789,120.1500015258789,13718.0,KC=F,USX,NYB
2006-01-10,119.0,121.5999984741211,117.5999984741211,119.0999984741211,119.0999984741211,10492.0,KC=F,USX,NYB
2006-01-11,117.5,118.80000305175781,116.25,117.19999694824219,117.19999694824219,7675.0,KC=F,USX,NYB
2006-01-12,117.0,118.5,116.19999694824219,117.55000305175781,117.55000305175781,0.0,KC=F,USX,NYB
2006-01-13,120.0,120.5,117.19999694824219,119.94999694824219,119.94999694824219,12144.0,KC=F,USX,NYB
2006-01-17,121.0,124.0999984741211,120.5,123.80000305175781,123.80000305175781,11872.0,KC=F,USX,NYB
2006-01-18,124.0,124.0,121.0999984741211,121.5999984741211,121.5999984741211,12205.0,KC=F,USX,NYB
2006-01-19,119.5,121.5,117.19999694824219,119.4000015258789,119.4000015258789,9986.0,KC=F,USX,NYB
2006-01-20,121.0,123.4000015258789,118.19999694824219,118.4000015258789,118.4000015258789,10413.0,KC=F,USX,NYB
2006-01-23,119.5,122.0,116.05000305175781,120.44999694824219,120.44999694824219,8698.0,KC=F,USX,NYB
2006-01-24,121.0999984741211,122.69999694824219,120.5,122.4000015258789,122.4000015258789,11768.0,KC=F,USX,NYB
2006-01-25,124.0,125.8499984741211,122.80000305175781,123.05000305175781,123.05000305175781,10431.0,KC=F,USX,NYB
2006-01-26,123.19999694824219,123.80000305175781,120.5999984741211,122.8499984741211,122.8499984741211,6126.0,KC=F,USX,NYB
2006-01-27,123.05000305175781,124.5999984741211,121.55000305175781,124.30000305175781,124.30000305175781,9846.0,KC=F,USX,NYB
2006-01-30,125.0,125.9000015258789,121.19999694824219,121.9000015258789,121.9000015258789,21196.0,KC=F,USX,NYB
2006-01-31,121.9000015258789,121.9000015258789,116.25,118.19999694824219,118.19999694824219,12176.0,KC=F,USX,NYB
2006-02-01,118.5,120.19999694824219,116.5999984741211,117.25,117.25,12692.0,KC=F,USX,NYB
2006-02-02,117.0,119.19999694824219,114.80000305175781,118.0,118.0,7203.0,KC=F,USX,NYB
2006-02-03,118.5,119.69999694824219,117.25,117.5999984741211,117.5999984741211,13863.0,KC=F,USX,NYB
2006-02-06,114.75,115.6500015258789,113.0,113.19999694824219,113.19999694824219,13469.0,KC=F,USX,NYB
2006-02-07,112.9000015258789,115.19999694824219,112.19999694824219,114.9000015258789,114.9000015258789,18030.0,KC=F,USX,NYB
2006-02-08,116.0,117.0,112.5,113.44999694824219,113.44999694824219,14004.0,KC=F,USX,NYB
2006-02-09,113.0,114.69999694824219,112.6500015258789,113.80000305175781,113.80000305175781,13897.0,KC=F,USX,NYB
2006-02-10,114.0,115.5,113.0999984741211,115.0999984741211,115.0999984741211,16013.0,KC=F,USX,NYB
2006-02-13,113.0,113.9000015258789,109.19999694824219,109.44999694824219,109.44999694824219,9873.0,KC=F,USX,NYB
2006-02-14,109.4000015258789,110.4000015258789,106.80000305175781,107.55000305175781,107.55000305175781,7336.0,KC=F,USX,NYB
2006-02-15,108.0,109.30000305175781,107.5,107.80000305175781,107.80000305175781,13653.0,KC=F,USX,NYB
2006-02-16,106.44999694824219,107.19999694824219,103.80000305175781,106.0,106.0,2473.0,KC=F,USX,NYB
2006-02-17,107.5,110.0,107.5,109.44999694824219,109.44999694824219,1084.0,KC=F,USX,NYB
2006-02-21,109.75,111.25,109.0,111.1500015258789,111.1500015258789,372.0,KC=F,USX,NYB
2006-02-22,111.94999694824219,112.0,109.0999984741211,109.5,109.5,161.0,KC=F,USX,NYB
2006-02-23,109.0,113.0,108.5,110.94999694824219,110.94999694824219,161.0,KC=F,USX,NYB
2006-02-24,112.0,113.0,110.75,110.94999694824219,110.94999694824219,277.0,KC=F,USX,NYB
2006-02-27,111.5,111.5,108.25,108.3499984741211,108.3499984741211,62.0,KC=F,USX,NYB
2006-02-28,108.5999984741211,113.8499984741211,108.25,111.80000305175781,111.80000305175781,46.0,KC=F,USX,NYB
2006-03-01,111.5,113.30000305175781,111.5,112.19999694824219,112.19999694824219,167.0,KC=F,USX,NYB
2006-03-02,111.5,112.19999694824219,110.0,110.0999984741211,110.0999984741211,82.0,KC=F,USX,NYB
2006-03-03,110.0999984741211,112.0999984741211,110.0,112.0999984741211,112.0999984741211,92.0,KC=F,USX,NYB
2006-03-06,112.1500015258789,112.4000015258789,109.0,109.0,109.0,121.0,KC=F,USX,NYB
2006-03-07,109.5999984741211,109.5999984741211,106.5,106.69999694824219,106.69999694824219,44.0,KC=F,USX,NYB
2006-03-08,107.0,107.19999694824219,106.5,106.75,106.75,40.0,KC=F,USX,NYB
2006-03-09,108.25,108.25,106.8499984741211,106.8499984741211,106.8499984741211,22.0,KC=F,USX,NYB
2006-03-10,106.0,106.19999694824219,105.5999984741211,105.69999694824219,105.69999694824219,36.0,KC=F,USX,NYB
2006-03-13,105.0,105.0,102.80000305175781,104.4000015258789,104.4000015258789,50.0,KC=F,USX,NYB
2006-03-14,104.80000305175781,105.19999694824219,104.5999984741211,104.5999984741211,104.5999984741211,17.0,KC=F,USX,NYB
2006-03-15,103.5,108.0,103.5,107.0999984741211,107.0999984741211,22.0,KC=F,USX,NYB
2006-03-16,106.5,106.5,105.30000305175781,105.30000305175781,105.30000305175781,52.0,KC=F,USX,NYB
2006-03-17,106.0,106.5,103.5,103.6500015258789,103.6500015258789,37.0,KC=F,USX,NYB
2006-03-20,104.5,104.5,104.0,104.0999984741211,104.0999984741211,0.0,KC=F,USX,NYB
2006-03-21,106.0,106.0,105.44999694824219,105.44999694824219,105.44999694824219,14010.0,KC=F,USX,NYB
2006-03-22,107.30000305175781,107.9000015258789,103.5,104.1500015258789,104.1500015258789,6905.0,KC=F,USX,NYB
2006-03-23,104.30000305175781,105.69999694824219,103.69999694824219,104.9000015258789,104.9000015258789,8024.0,KC=F,USX,NYB
2006-03-24,104.75,106.5,104.4000015258789,105.30000305175781,105.30000305175781,9138.0,KC=F,USX,NYB
2006-03-27,104.80000305175781,106.19999694824219,104.0,105.94999694824219,105.94999694824219,8020.0,KC=F,USX,NYB
2006-03-28,106.25,106.9000015258789,104.5999984741211,105.55000305175781,105.55000305175781,6209.0,KC=F,USX,NYB
2006-03-29,105.0999984741211,106.0,104.19999694824219,104.3499984741211,104.3499984741211,15651.0,KC=F,USX,NYB
2006-03-30,104.6500015258789,109.5999984741211,104.5,108.5999984741211,108.5999984741211,11954.0,KC=F,USX,NYB
2006-03-31,108.0,108.69999694824219,106.25,107.0,107.0,14335.0,KC=F,USX,NYB
2006-04-03,106.5,110.69999694824219,106.5,109.44999694824219,109.44999694824219,12568.0,KC=F,USX,NYB
2006-04-04,109.80000305175781,110.69999694824219,106.9000015258789,107.05000305175781,107.05000305175781,10654.0,KC=F,USX,NYB
2006-04-05,107.69999694824219,110.69999694824219,106.80000305175781,108.05000305175781,108.05000305175781,11354.0,KC=F,USX,NYB
2006-04-06,110.0,110.6500015258789,107.69999694824219,108.8499984741211,108.8499984741211,8680.0,KC=F,USX,NYB
2006-04-07,109.30000305175781,109.69999694824219,108.0,108.3499984741211,108.3499984741211,19917.0,KC=F,USX,NYB
2006-04-10,109.0999984741211,111.75,106.30000305175781,108.1500015258789,108.1500015258789,16840.0,KC=F,USX,NYB
2006-04-11,108.0,108.0,104.5999984741211,104.75,104.75,15562.0,KC=F,USX,NYB
2006-04-12,105.0,105.8499984741211,104.0999984741211,104.69999694824219,104.69999694824219,16341.0,KC=F,USX,NYB
2006-04-13,104.5,105.4000015258789,103.80000305175781,105.25,105.25,6508.0,KC=F,USX,NYB
2006-04-17,106.0,107.25,105.9000015258789,106.6500015258789,106.6500015258789,16073.0,KC=F,USX,NYB
2006-04-18,106.0999984741211,109.80000305175781,105.69999694824219,109.19999694824219,109.19999694824219,16835.0,KC=F,USX,NYB
2006-04-19,109.69999694824219,110.19999694824219,108.19999694824219,110.0999984741211,110.0999984741211,2020.0,KC=F,USX,NYB
2006-04-20,110.5,113.3499984741211,109.5,112.9000015258789,112.9000015258789,786.0,KC=F,USX,NYB
2006-04-21,113.0,113.9000015258789,111.5,112.0,112.0,305.0,KC=F,USX,NYB
2006-04-24,113.0,113.0,111.0,111.3499984741211,111.3499984741211,363.0,KC=F,USX,NYB
2006-04-25,112.0,112.75,106.69999694824219,106.69999694824219,106.69999694824219,308.0,KC=F,USX,NYB
2006-04-26,107.0,110.0,106.30000305175781,109.0,109.0,350.0,KC=F,USX,NYB
2006-04-27,109.5,109.5,105.19999694824219,105.5,105.5,187.0,KC=F,USX,NYB
2006-04-28,105.5,107.25,105.5,107.19999694824219,107.19999694824219,44.0,KC=F,USX,NYB
2006-05-01,108.5,108.5,107.0999984741211,107.0999984741211,107.0999984741211,112.0,KC=F,USX,NYB
2006-05-02,107.5,110.5999984741211,107.5,110.3499984741211,110.3499984741211,121.0,KC=F,USX,NYB
2006-05-03,111.25,111.5,108.0999984741211,108.8499984741211,108.8499984741211,35.0,KC=F,USX,NYB
2006-05-04,108.5,109.25,107.1500015258789,107.1500015258789,107.1500015258789,63.0,KC=F,USX,NYB
2006-05-05,106.0999984741211,106.80000305175781,106.0999984741211,106.5,106.5,44.0,KC=F,USX,NYB
2006-05-08,107.5,107.5,105.5,105.75,105.75,21.0,KC=F,USX,NYB
2006-05-09,105.5999984741211,107.25,105.5999984741211,107.05000305175781,107.05000305175781,65.0,KC=F,USX,NYB
2006-05-10,107.0,107.19999694824219,106.5,107.19999694824219,107.19999694824219,86.0,KC=F,USX,NYB
2006-05-11,107.0999984741211,107.5,102.69999694824219,102.69999694824219,102.69999694824219,33.0,KC=F,USX,NYB
2006-05-12,103.0,103.0,101.80000305175781,101.80000305175781,101.80000305175781,12.0,KC=F,USX,NYB
2006-05-15,100.5,100.5,99.5999984741211,99.5999984741211,99.5999984741211,28.0,KC=F,USX,NYB
2006-05-16,100.5,101.0,100.5,100.8499984741211,100.8499984741211,10.0,KC=F,USX,NYB
2006-05-17,100.5,100.5,98.25,98.25,98.25,0.0,KC=F,USX,NYB
2006-05-18,98.0,100.0,97.5,99.6500015258789,99.6500015258789,8883.0,KC=F,USX,NYB
2006-05-19,101.75,102.25,100.19999694824219,100.6500015258789,100.6500015258789,10040.0,KC=F,USX,NYB
2006-05-22,100.30000305175781,101.44999694824219,99.0,99.5999984741211,99.5999984741211,11019.0,KC=F,USX,NYB
2006-05-23,99.5,101.75,99.30000305175781,101.4000015258789,101.4000015258789,9401.0,KC=F,USX,NYB
2006-05-24,100.5,100.6500015258789,99.30000305175781,99.80000305175781,99.80000305175781,7120.0,KC=F,USX,NYB
2006-05-25,99.5,100.5,98.0999984741211,98.6500015258789,98.6500015258789,5337.0,KC=F,USX,NYB
2006-05-26,98.69999694824219,99.19999694824219,98.05000305175781,98.0999984741211,98.0999984741211,11365.0,KC=F,USX,NYB
2006-05-30,99.0,99.0,97.0999984741211,98.75,98.75,13404.0,KC=F,USX,NYB
2006-05-31,98.5,99.05000305175781,97.3499984741211,98.94999694824219,98.94999694824219,13396.0,KC=F,USX,NYB
2006-06-01,98.55000305175781,100.30000305175781,98.25,99.94999694824219,99.94999694824219,15586.0,KC=F,USX,NYB
2006-06-02,100.25,103.0,99.8499984741211,101.25,101.25,8195.0,KC=F,USX,NYB
2006-06-05,100.94999694824219,101.19999694824219,98.0,98.44999694824219,98.44999694824219,15460.0,KC=F,USX,NYB
2006-06-06,98.4000015258789,98.5999984741211,95.5,96.0999984741211,96.0999984741211,9804.0,KC=F,USX,NYB
2006-06-07,95.5,96.9000015258789,95.0999984741211,96.0,96.0,13158.0,KC=F,USX,NYB
2006-06-08,95.5,97.0,95.30000305175781,96.44999694824219,96.44999694824219,14441.0,KC=F,USX,NYB
2006-06-09,97.19999694824219,97.9000015258789,95.69999694824219,95.9000015258789,95.9000015258789,10986.0,KC=F,USX,NYB
2006-06-12,95.9000015258789,96.5,95.5,95.6500015258789,95.6500015258789,14515.0,KC=F,USX,NYB
2006-06-13,95.30000305175781,96.4000015258789,95.25,95.30000305175781,95.30000305175781,11597.0,KC=F,USX,NYB
2006-06-14,95.0,97.0999984741211,95.0,96.05000305175781,96.05000305175781,9652.0,KC=F,USX,NYB
2006-06-15,96.5,97.5,96.0999984741211,96.55000305175781,96.55000305175781,7852.0,KC=F,USX,NYB
2006-06-16,96.75,97.19999694824219,94.5,95.25,95.25,6764.0,KC=F,USX,NYB
2006-06-19,95.0,95.44999694824219,94.5999984741211,94.94999694824219,94.94999694824219,8147.0,KC=F,USX,NYB
2006-06-20,95.25,96.55000305175781,95.25,95.44999694824219,95.44999694824219,9200.0,KC=F,USX,NYB
2006-06-21,96.0,96.25,95.0999984741211,95.0999984741211,95.0999984741211,2089.0,KC=F,USX,NYB
2006-06-22,95.25,95.80000305175781,95.0,95.69999694824219,95.69999694824219,652.0,KC=F,USX,NYB
2006-06-23,95.4000015258789,95.9000015258789,95.0,95.30000305175781,95.30000305175781,530.0,KC=F,USX,NYB
2006-06-26,95.5,96.19999694824219,94.5999984741211,94.5999984741211,94.5999984741211,952.0,KC=F,USX,NYB
2006-06-27,95.25,95.75,95.05000305175781,95.3499984741211,95.3499984741211,401.0,KC=F,USX,NYB
2006-06-28,95.75,98.5,95.75,97.69999694824219,97.69999694824219,233.0,KC=F,USX,NYB
2006-06-29,98.5,98.80000305175781,97.19999694824219,97.5,97.5,164.0,KC=F,USX,NYB
2006-06-30,98.0999984741211,99.9000015258789,97.5999984741211,99.5,99.5,0.0,KC=F,USX,NYB
2006-07-03,100.0,103.0,100.0,102.0,102.0,35.0,KC=F,USX,NYB
2006-07-05,101.5,102.0,101.0,101.8499984741211,101.8499984741211,16.0,KC=F,USX,NYB
2006-07-06,101.0,101.30000305175781,101.0,101.30000305175781,101.30000305175781,117.0,KC=F,USX,NYB
2006-07-07,102.5,103.0,98.4000015258789,98.4000015258789,98.4000015258789,41.0,KC=F,USX,NYB
2006-07-10,99.0,99.0999984741211,98.25,99.0999984741211,99.0999984741211,86.0,KC=F,USX,NYB
2006-07-11,100.5,100.5,98.0,98.3499984741211,98.3499984741211,56.0,KC=F,USX,NYB
2006-07-12,97.75,98.55000305175781,97.0,98.55000305175781,98.55000305175781,6.0,KC=F,USX,NYB
2006-07-13,98.5,99.5,98.5,99.3499984741211,99.3499984741211,58.0,KC=F,USX,NYB
2006-07-14,99.0,99.0,97.0,97.0,97.0,13.0,KC=F,USX,NYB
2006-07-17,98.0,98.0,95.5,95.75,95.75,100.0,KC=F,USX,NYB
2006-07-18,97.0,97.0,96.0,96.0999984741211,96.0999984741211,0.0,KC=F,USX,NYB
2006-07-19,96.75,96.75,93.5,95.9000015258789,95.9000015258789,5872.0,KC=F,USX,NYB
2006-07-20,97.25,97.3499984741211,95.5999984741211,95.80000305175781,95.80000305175781,8533.0,KC=F,USX,NYB
2006-07-21,94.9000015258789,95.80000305175781,94.80000305175781,95.5999984741211,95.5999984741211,7471.0,KC=F,USX,NYB
2006-07-24,95.25,96.25,93.94999694824219,94.05000305175781,94.05000305175781,11564.0,KC=F,USX,NYB
2006-07-25,93.94999694824219,95.5,93.94999694824219,95.0999984741211,95.0999984741211,7306.0,KC=F,USX,NYB
2006-07-26,95.19999694824219,95.80000305175781,94.55000305175781,95.5,95.5,8477.0,KC=F,USX,NYB
2006-07-27,95.19999694824219,97.0,95.0,96.80000305175781,96.80000305175781,9388.0,KC=F,USX,NYB
2006-07-28,97.25,99.69999694824219,97.25,99.4000015258789,99.4000015258789,13803.0,KC=F,USX,NYB
2006-07-31,99.9000015258789,100.4000015258789,98.80000305175781,99.3499984741211,99.3499984741211,14074.0,KC=F,USX,NYB
2006-08-01,98.75,99.30000305175781,97.5,98.30000305175781,98.30000305175781,8892.0,KC=F,USX,NYB
2006-08-02,99.25,103.9000015258789,99.0,103.69999694824219,103.69999694824219,19517.0,KC=F,USX,NYB
2006-08-03,103.4000015258789,108.9000015258789,102.75,105.8499984741211,105.8499984741211,24449.0,KC=F,USX,NYB
2006-08-04,105.30000305175781,106.75,104.5999984741211,105.44999694824219,105.44999694824219,11119.0,KC=F,USX,NYB
2006-08-07,106.69999694824219,107.9000015258789,106.4000015258789,107.1500015258789,107.1500015258789,15405.0,KC=F,USX,NYB
2006-08-08,106.0,107.4000015258789,105.25,107.0999984741211,107.0999984741211,11672.0,KC=F,USX,NYB
2006-08-09,108.19999694824219,109.19999694824219,107.30000305175781,107.6500015258789,107.6500015258789,15624.0,KC=F,USX,NYB
2006-08-10,107.0999984741211,107.5,105.19999694824219,105.55000305175781,105.55000305175781,14855.0,KC=F,USX,NYB
2006-08-11,103.0,105.0999984741211,103.0,104.30000305175781,104.30000305175781,14714.0,KC=F,USX,NYB
2006-08-14,101.5,103.0,100.5,100.75,100.75,9432.0,KC=F,USX,NYB
2006-08-15,101.5,103.0,101.0999984741211,102.8499984741211,102.8499984741211,8272.0,KC=F,USX,NYB
2006-08-16,103.8499984741211,106.75,103.8499984741211,104.6500015258789,104.6500015258789,10130.0,KC=F,USX,NYB
2006-08-17,105.5,105.9000015258789,103.25,103.55000305175781,103.55000305175781,6077.0,KC=F,USX,NYB
2006-08-18,103.75,104.0,101.25,103.25,103.25,4697.0,KC=F,USX,NYB
2006-08-21,104.4000015258789,107.0,104.4000015258789,107.0,107.0,11277.0,KC=F,USX,NYB
2006-08-22,107.5,108.25,105.5999984741211,108.19999694824219,108.19999694824219,16555.0,KC=F,USX,NYB
2006-08-23,106.75,109.5,106.75,107.3499984741211,107.3499984741211,1393.0,KC=F,USX,NYB
2006-08-24,106.0999984741211,108.0,106.0999984741211,107.05000305175781,107.05000305175781,819.0,KC=F,USX,NYB
2006-08-25,106.5,107.25,105.5,106.19999694824219,106.19999694824219,404.0,KC=F,USX,NYB
2006-08-28,106.25,106.25,102.8499984741211,103.19999694824219,103.19999694824219,313.0,KC=F,USX,NYB
2006-08-29,104.5,105.0,102.0,103.30000305175781,103.30000305175781,162.0,KC=F,USX,NYB
2006-08-30,103.69999694824219,103.75,102.69999694824219,103.3499984741211,103.3499984741211,151.0,KC=F,USX,NYB
2006-08-31,104.25,104.25,103.0999984741211,104.0,104.0,39.0,KC=F,USX,NYB
2006-09-01,103.30000305175781,103.80000305175781,102.9000015258789,103.4000015258789,103.4000015258789,29.0,KC=F,USX,NYB
2006-09-05,105.75,107.0,105.75,106.44999694824219,106.44999694824219,45.0,KC=F,USX,NYB
2006-09-06,105.5,106.4000015258789,105.69999694824219,106.25,106.25,33.0,KC=F,USX,NYB
2006-09-07,102.0999984741211,105.69999694824219,103.75,103.5,103.5,25.0,KC=F,USX,NYB
2006-09-08,100.0,102.4000015258789,101.0,102.44999694824219,102.44999694824219,128.0,KC=F,USX,NYB
2006-09-11,100.25,101.75,101.0,100.25,100.25,43.0,KC=F,USX,NYB
2006-09-12,100.0,100.94999694824219,100.0,100.0999984741211,100.0999984741211,20.0,KC=F,USX,NYB
2006-09-13,100.19999694824219,101.5,100.0,100.5,100.5,13.0,KC=F,USX,NYB
2006-09-14,100.25,100.5,100.0,99.94999694824219,99.94999694824219,8.0,KC=F,USX,NYB
2006-09-15,99.75,98.6500015258789,98.6500015258789,98.6500015258789,98.6500015258789,12.0,KC=F,USX,NYB
2006-09-18,98.0,98.94999694824219,98.0,99.19999694824219,99.19999694824219,47.0,KC=F,USX,NYB
2006-09-19,99.25,100.75,99.69999694824219,100.44999694824219,100.44999694824219,4996.0,KC=F,USX,NYB
2006-09-20,103.05000305175781,103.8499984741211,101.4000015258789,101.94999694824219,101.94999694824219,8559.0,KC=F,USX,NYB
2006-09-21,101.94999694824219,103.80000305175781,101.19999694824219,103.55000305175781,103.55000305175781,8109.0,KC=F,USX,NYB
2006-09-22,103.5999984741211,104.9000015258789,102.8499984741211,104.44999694824219,104.44999694824219,6782.0,KC=F,USX,NYB
2006-09-25,103.94999694824219,107.5,102.0,106.6500015258789,106.6500015258789,15576.0,KC=F,USX,NYB
2006-09-26,108.0,108.5,106.25,106.9000015258789,106.9000015258789,11145.0,KC=F,USX,NYB
2006-09-27,106.5,107.5,105.80000305175781,106.9000015258789,106.9000015258789,5593.0,KC=F,USX,NYB
2006-09-28,107.30000305175781,107.75,106.05000305175781,107.5,107.5,6281.0,KC=F,USX,NYB
2006-09-29,107.5,108.5999984741211,106.5999984741211,107.6500015258789,107.6500015258789,10873.0,KC=F,USX,NYB
2006-10-02,107.0999984741211,107.9000015258789,103.25,103.55000305175781,103.55000305175781,13574.0,KC=F,USX,NYB
2006-10-03,102.5,104.5,102.5,104.25,104.25,9019.0,KC=F,USX,NYB
2006-10-04,104.0,105.0,103.75,104.44999694824219,104.44999694824219,5294.0,KC=F,USX,NYB
2006-10-05,105.0,106.4000015258789,104.0,104.5,104.5,9576.0,KC=F,USX,NYB
2006-10-06,103.5999984741211,104.5999984741211,103.5,103.9000015258789,103.9000015258789,5788.0,KC=F,USX,NYB
2006-10-09,104.0999984741211,104.5,102.75,103.05000305175781,103.05000305175781,7056.0,KC=F,USX,NYB
2006-10-10,101.80000305175781,103.30000305175781,101.80000305175781,102.8499984741211,102.8499984741211,7045.0,KC=F,USX,NYB
2006-10-11,102.0999984741211,104.5,102.0999984741211,103.05000305175781,103.05000305175781,8254.0,KC=F,USX,NYB
2006-10-12,102.80000305175781,103.80000305175781,101.94999694824219,103.30000305175781,103.30000305175781,6517.0,KC=F,USX,NYB
2006-10-13,104.30000305175781,105.5,103.80000305175781,104.05000305175781,104.05000305175781,7674.0,KC=F,USX,NYB
2006-10-16,103.4000015258789,104.0,101.0999984741211,101.9000015258789,101.9000015258789,13669.0,KC=F,USX,NYB
2006-10-17,101.69999694824219,102.75,101.4000015258789,102.44999694824219,102.44999694824219,7156.0,KC=F,USX,NYB
2006-10-18,102.0999984741211,103.80000305175781,102.0999984741211,102.25,102.25,6547.0,KC=F,USX,NYB
2006-10-19,100.9000015258789,102.69999694824219,100.9000015258789,101.8499984741211,101.8499984741211,6265.0,KC=F,USX,NYB
2006-10-20,101.9000015258789,103.0,101.25,102.05000305175781,102.05000305175781,6661.0,KC=F,USX,NYB
2006-10-23,101.5999984741211,107.19999694824219,101.5999984741211,106.8499984741211,106.8499984741211,18615.0,KC=F,USX,NYB
2006-10-24,107.0,108.5,106.4000015258789,107.1500015258789,107.1500015258789,13776.0,KC=F,USX,NYB
2006-10-25,107.5999984741211,108.25,106.30000305175781,106.8499984741211,106.8499984741211,7087.0,KC=F,USX,NYB
2006-10-26,107.0,108.0,107.0,107.5999984741211,107.5999984741211,7941.0,KC=F,USX,NYB
2006-10-27,107.0999984741211,108.19999694824219,106.30000305175781,108.0,108.0,8972.0,KC=F,USX,NYB
2006-10-30,107.80000305175781,110.0,106.69999694824219,108.0,108.0,18110.0,KC=F,USX,NYB
2006-10-31,106.9000015258789,109.4000015258789,106.9000015258789,108.25,108.25,13689.0,KC=F,USX,NYB
2006-11-01,108.0,111.19999694824219,107.4000015258789,108.6500015258789,108.6500015258789,15692.0,KC=F,USX,NYB
2006-11-02,109.0999984741211,110.8499984741211,109.0999984741211,110.55000305175781,110.55000305175781,11856.0,KC=F,USX,NYB
2006-11-03,111.25,112.80000305175781,111.25,112.44999694824219,112.44999694824219,12038.0,KC=F,USX,NYB
2006-11-06,113.5,113.9000015258789,111.80000305175781,113.19999694824219,113.19999694824219,12207.0,KC=F,USX,NYB
2006-11-07,113.80000305175781,114.25,112.0999984741211,112.94999694824219,112.94999694824219,14444.0,KC=F,USX,NYB
2006-11-08,112.19999694824219,116.0,111.9000015258789,115.75,115.75,19426.0,KC=F,USX,NYB
2006-11-09,116.5999984741211,119.4000015258789,115.9000015258789,119.19999694824219,119.19999694824219,21530.0,KC=F,USX,NYB
2006-11-10,118.0999984741211,118.8499984741211,115.5999984741211,115.8499984741211,115.8499984741211,22540.0,KC=F,USX,NYB
2006-11-13,115.5,116.69999694824219,114.5,115.1500015258789,115.1500015258789,18584.0,KC=F,USX,NYB
2006-11-14,114.5,117.0,114.5,115.80000305175781,115.80000305175781,11182.0,KC=F,USX,NYB
2006-11-15,115.4000015258789,118.5,115.4000015258789,118.1500015258789,118.1500015258789,12420.0,KC=F,USX,NYB
2006-11-16,119.25,120.19999694824219,116.4000015258789,116.5,116.5,9391.0,KC=F,USX,NYB
2006-11-17,115.25,116.0,111.0,113.0999984741211,113.0999984741211,15735.0,KC=F,USX,NYB
2006-11-20,112.30000305175781,115.5,112.30000305175781,115.1500015258789,115.1500015258789,2457.0,KC=F,USX,NYB
2006-11-21,115.4000015258789,116.4000015258789,114.75,115.4000015258789,115.4000015258789,1008.0,KC=F,USX,NYB
2006-11-22,115.0,115.69999694824219,114.80000305175781,115.55000305175781,115.55000305175781,526.0,KC=F,USX,NYB
2006-11-27,116.55000305175781,118.0,115.80000305175781,118.0,118.0,225.0,KC=F,USX,NYB
2006-11-28,119.0,121.0,118.5999984741211,120.3499984741211,120.3499984741211,299.0,KC=F,USX,NYB
2006-11-29,119.75,121.5,118.5999984741211,118.55000305175781,118.55000305175781,230.0,KC=F,USX,NYB
2006-11-30,119.0,120.5,118.75,119.69999694824219,119.69999694824219,93.0,KC=F,USX,NYB
2006-12-01,120.5,123.4000015258789,118.5,123.19999694824219,123.19999694824219,90.0,KC=F,USX,NYB
2006-12-04,122.75,123.4000015258789,121.0,120.19999694824219,120.19999694824219,216.0,KC=F,USX,NYB
2006-12-05,122.5,125.0,119.0,123.4000015258789,123.4000015258789,119.0,KC=F,USX,NYB
2006-12-06,123.5,123.5,121.05000305175781,121.69999694824219,121.69999694824219,43.0,KC=F,USX,NYB
2006-12-07,122.0,122.0,120.9000015258789,121.9000015258789,121.9000015258789,23.0,KC=F,USX,NYB
2006-12-08,120.94999694824219,122.80000305175781,121.4000015258789,121.8499984741211,121.8499984741211,74.0,KC=F,USX,NYB
2006-12-11,121.8499984741211,124.0,121.25,124.69999694824219,124.69999694824219,232.0,KC=F,USX,NYB
2006-12-12,124.1500015258789,125.75,124.69999694824219,123.8499984741211,123.8499984741211,42.0,KC=F,USX,NYB
2006-12-13,124.25,124.8499984741211,123.8499984741211,124.94999694824219,124.94999694824219,59.0,KC=F,USX,NYB
2006-12-14,124.0,125.5,125.0,125.05000305175781,125.05000305175781,51.0,KC=F,USX,NYB
2006-12-15,125.75,125.25,122.0,121.55000305175781,121.55000305175781,154.0,KC=F,USX,NYB
2006-12-18,121.5,122.25,121.5,120.69999694824219,120.69999694824219,7658.0,KC=F,USX,NYB
2006-12-19,123.9000015258789,124.4000015258789,121.9000015258789,123.0,123.0,11063.0,KC=F,USX,NYB
2006-12-20,123.25,126.9000015258789,122.6500015258789,126.75,126.75,12756.0,KC=F,USX,NYB
2006-12-21,126.5999984741211,127.25,123.80000305175781,126.3499984741211,126.3499984741211,8831.0,KC=F,USX,NYB
2006-12-22,125.25,125.9000015258789,124.5999984741211,125.4000015258789,125.4000015258789,3828.0,KC=F,USX,NYB
2006-12-26,125.75,128.10000610351562,125.25,127.69999694824219,127.69999694824219,5224.0,KC=F,USX,NYB
2006-12-27,127.30000305175781,129.10000610351562,127.0,128.89999389648438,128.89999389648438,8251.0,KC=F,USX,NYB
2006-12-28,128.6999969482422,129.75,124.5,125.0,125.0,9204.0,KC=F,USX,NYB
2006-12-29,125.0999984741211,126.5,124.30000305175781,126.19999694824219,126.19999694824219,9270.0,KC=F,USX,NYB
2007-01-03,124.30000305175781,125.9000015258789,122.4000015258789,123.5999984741211,123.5999984741211,18092.0,KC=F,USX,NYB
2007-01-04,123.80000305175781,125.25,122.5999984741211,125.0,125.0,9997.0,KC=F,USX,NYB
2007-01-05,123.25,124.0,119.5999984741211,120.44999694824219,120.44999694824219,19079.0,KC=F,USX,NYB
2007-01-08,120.25,120.9000015258789,119.19999694824219,120.0999984741211,120.0999984741211,10339.0,KC=F,USX,NYB
2007-01-09,119.4000015258789,120.0,118.0,118.4000015258789,118.4000015258789,14688.0,KC=F,USX,NYB
2007-01-10,118.0999984741211,121.4000015258789,118.0999984741211,120.75,120.75,10643.0,KC=F,USX,NYB
2007-01-11,120.25,121.75,119.80000305175781,120.6500015258789,120.6500015258789,9278.0,KC=F,USX,NYB
2007-01-12,119.5,120.5,119.5,120.30000305175781,120.30000305175781,6946.0,KC=F,USX,NYB
2007-01-16,120.5999984741211,122.19999694824219,120.0999984741211,121.6500015258789,121.6500015258789,11812.0,KC=F,USX,NYB
2007-01-17,120.5,121.75,119.30000305175781,121.5999984741211,121.5999984741211,9000.0,KC=F,USX,NYB
2007-01-18,121.0999984741211,121.5999984741211,119.5999984741211,119.75,119.75,7107.0,KC=F,USX,NYB
2007-01-19,119.25,120.5,119.25,119.69999694824219,119.69999694824219,5286.0,KC=F,USX,NYB
2007-01-22,119.0999984741211,119.5999984741211,116.80000305175781,117.3499984741211,117.3499984741211,16688.0,KC=F,USX,NYB
2007-01-23,116.9000015258789,117.25,115.3499984741211,115.6500015258789,115.6500015258789,14668.0,KC=F,USX,NYB
2007-01-24,115.30000305175781,117.30000305175781,115.30000305175781,116.94999694824219,116.94999694824219,11276.0,KC=F,USX,NYB
2007-01-25,116.5,117.0,115.9000015258789,116.0,116.0,6964.0,KC=F,USX,NYB
2007-01-26,115.69999694824219,116.5999984741211,115.4000015258789,116.30000305175781,116.30000305175781,5294.0,KC=F,USX,NYB
2007-01-29,116.0,117.69999694824219,115.80000305175781,116.5999984741211,116.5999984741211,8256.0,KC=F,USX,NYB
2007-01-30,116.0,117.0999984741211,115.80000305175781,116.55000305175781,116.55000305175781,7721.0,KC=F,USX,NYB
2007-01-31,117.1500015258789,118.30000305175781,116.75,117.6500015258789,117.6500015258789,13358.0,KC=F,USX,NYB
2007-02-01,118.30000305175781,119.30000305175781,117.80000305175781,118.75,118.75,14619.0,KC=F,USX,NYB
2007-02-02,119.25,119.5999984741211,117.75,118.3499984741211,118.3499984741211,9795.0,KC=F,USX,NYB
2007-02-05,118.30000305175781,118.3499984741211,116.0999984741211,116.5999984741211,116.5999984741211,9849.0,KC=F,USX,NYB
2007-02-06,117.0,117.25,116.25,116.5,116.5,10088.0,KC=F,USX,NYB
2007-02-07,116.19999694824219,118.0,116.30000305175781,116.8499984741211,116.8499984741211,16192.0,KC=F,USX,NYB
2007-02-08,117.0,117.1500015258789,115.4000015258789,115.55000305175781,115.55000305175781,12610.0,KC=F,USX,NYB
2007-02-09,115.5,115.80000305175781,114.5999984741211,114.75,114.75,18101.0,KC=F,USX,NYB
2007-02-12,115.0999984741211,115.44999694824219,113.44999694824219,113.9000015258789,113.9000015258789,15830.0,KC=F,USX,NYB
2007-02-13,113.25,114.4000015258789,112.75,113.69999694824219,113.69999694824219,18464.0,KC=F,USX,NYB
2007-02-14,113.4000015258789,114.94999694824219,113.25,114.05000305175781,114.05000305175781,10386.0,KC=F,USX,NYB
2007-02-15,114.05000305175781,115.5,114.0,115.30000305175781,115.30000305175781,11289.0,KC=F,USX,NYB
2007-02-16,115.05000305175781,115.05000305175781,112.9000015258789,113.19999694824219,113.19999694824219,16185.0,KC=F,USX,NYB
2007-02-20,113.1500015258789,114.19999694824219,112.9000015258789,113.19999694824219,113.19999694824219,3031.0,KC=F,USX,NYB
2007-02-21,113.5,115.8499984741211,112.75,115.1500015258789,115.1500015258789,2368.0,KC=F,USX,NYB
2007-02-22,115.5,119.25,115.5,118.9000015258789,118.9000015258789,1489.0,KC=F,USX,NYB
2007-02-23,119.30000305175781,120.0,118.4000015258789,119.25,119.25,622.0,KC=F,USX,NYB
2007-02-26,118.94999694824219,118.94999694824219,117.5,117.8499984741211,117.8499984741211,163.0,KC=F,USX,NYB
2007-02-27,117.5999984741211,117.5999984741211,116.5999984741211,117.30000305175781,117.30000305175781,151.0,KC=F,USX,NYB
2007-02-28,116.6500015258789,118.0,116.6500015258789,117.69999694824219,117.69999694824219,129.0,KC=F,USX,NYB
2007-03-01,117.0,117.80000305175781,114.0,116.0,116.0,293.0,KC=F,USX,NYB
2007-03-02,115.25,115.3499984741211,114.25,114.3499984741211,114.3499984741211,326.0,KC=F,USX,NYB
2007-03-05,114.25,114.25,110.80000305175781,110.55000305175781,110.55000305175781,301.0,KC=F,USX,NYB
2007-03-06,111.0,112.05000305175781,111.0,112.0,112.0,81.0,KC=F,USX,NYB
2007-03-07,112.0999984741211,112.0999984741211,110.5,111.0999984741211,111.0999984741211,45.0,KC=F,USX,NYB
2007-03-08,111.0999984741211,112.55000305175781,110.5,111.0999984741211,111.0999984741211,5.0,KC=F,USX,NYB
2007-03-09,111.25,111.25,110.0,111.5,111.5,18.0,KC=F,USX,NYB
2007-03-12,111.25,111.44999694824219,110.5,111.0,111.0,74.0,KC=F,USX,NYB
2007-03-13,111.94999694824219,112.30000305175781,110.0,110.19999694824219,110.19999694824219,199.0,KC=F,USX,NYB
2007-03-14,109.94999694824219,110.0,107.44999694824219,109.0,109.0,23.0,KC=F,USX,NYB
2007-03-15,110.5,110.5,109.0,109.6500015258789,109.6500015258789,12.0,KC=F,USX,NYB
2007-03-16,109.80000305175781,109.80000305175781,108.5,109.44999694824219,109.44999694824219,19.0,KC=F,USX,NYB
2007-03-19,108.25,109.5,107.44999694824219,107.5999984741211,107.5999984741211,18.0,KC=F,USX,NYB
2007-03-20,108.9000015258789,108.9000015258789,108.9000015258789,108.9000015258789,108.9000015258789,10153.0,KC=F,USX,NYB
2007-03-21,109.4000015258789,112.9000015258789,108.9000015258789,112.5,112.5,15750.0,KC=F,USX,NYB
2007-03-22,112.25,112.4000015258789,111.0,111.75,111.75,9355.0,KC=F,USX,NYB
2007-03-23,112.25,114.1500015258789,112.19999694824219,113.3499984741211,113.3499984741211,11189.0,KC=F,USX,NYB
2007-03-26,113.9000015258789,114.8499984741211,112.80000305175781,114.3499984741211,114.3499984741211,9719.0,KC=F,USX,NYB
2007-03-27,114.0,114.44999694824219,112.05000305175781,112.44999694824219,112.44999694824219,9415.0,KC=F,USX,NYB
2007-03-28,112.19999694824219,113.0,111.9000015258789,112.69999694824219,112.69999694824219,6373.0,KC=F,USX,NYB
2007-03-29,112.55000305175781,112.9000015258789,109.8499984741211,110.5999984741211,110.5999984741211,11336.0,KC=F,USX,NYB
2007-03-30,110.19999694824219,110.5,108.4000015258789,109.25,109.25,16975.0,KC=F,USX,NYB
2007-04-02,109.25,111.5,108.30000305175781,108.5999984741211,108.5999984741211,14063.0,KC=F,USX,NYB
2007-04-03,108.75,111.4000015258789,108.5999984741211,110.75,110.75,14046.0,KC=F,USX,NYB
2007-04-04,110.75,111.69999694824219,110.0,110.55000305175781,110.55000305175781,8378.0,KC=F,USX,NYB
2007-04-05,110.75,111.5999984741211,110.0999984741211,110.8499984741211,110.8499984741211,5999.0,KC=F,USX,NYB
2007-04-09,110.8499984741211,111.5999984741211,109.0999984741211,109.6500015258789,109.6500015258789,14521.0,KC=F,USX,NYB
2007-04-10,109.6500015258789,110.05000305175781,109.05000305175781,109.25,109.25,16161.0,KC=F,USX,NYB
2007-04-11,109.0,109.9000015258789,109.0,109.44999694824219,109.44999694824219,11737.0,KC=F,USX,NYB
2007-04-12,109.44999694824219,113.25,109.44999694824219,112.8499984741211,112.8499984741211,23706.0,KC=F,USX,NYB
2007-04-13,113.0,114.25,111.5999984741211,111.80000305175781,111.80000305175781,17182.0,KC=F,USX,NYB
2007-04-16,111.5,112.05000305175781,108.30000305175781,108.44999694824219,108.44999694824219,18995.0,KC=F,USX,NYB
2007-04-17,108.6500015258789,109.9000015258789,108.25,109.5999984741211,109.5999984741211,12115.0,KC=F,USX,NYB
2007-04-18,109.5,111.1500015258789,108.69999694824219,109.3499984741211,109.3499984741211,12976.0,KC=F,USX,NYB
2007-04-19,109.19999694824219,109.5999984741211,108.19999694824219,108.5,108.5,15224.0,KC=F,USX,NYB
2007-04-20,108.69999694824219,109.3499984741211,107.4000015258789,107.69999694824219,107.69999694824219,2044.0,KC=F,USX,NYB
2007-04-23,108.4000015258789,108.55000305175781,106.05000305175781,106.3499984741211,106.3499984741211,395.0,KC=F,USX,NYB
2007-04-24,106.25,106.5999984741211,103.9000015258789,104.4000015258789,104.4000015258789,154.0,KC=F,USX,NYB
2007-04-25,104.0,104.8499984741211,104.0,104.3499984741211,104.3499984741211,150.0,KC=F,USX,NYB
2007-04-26,104.0,104.05000305175781,103.3499984741211,103.75,103.75,51.0,KC=F,USX,NYB
2007-04-27,103.69999694824219,104.4000015258789,103.0,104.0,104.0,60.0,KC=F,USX,NYB
2007-04-30,104.0,104.0,102.55000305175781,103.1500015258789,103.1500015258789,22.0,KC=F,USX,NYB
2007-05-01,102.05000305175781,102.05000305175781,100.3499984741211,101.8499984741211,101.8499984741211,17.0,KC=F,USX,NYB
2007-05-02,102.3499984741211,102.5,101.55000305175781,101.69999694824219,101.69999694824219,72.0,KC=F,USX,NYB
2007-05-03,101.55000305175781,101.5999984741211,101.0999984741211,101.3499984741211,101.3499984741211,27.0,KC=F,USX,NYB
2007-05-04,103.0,103.0,103.0,103.0,103.0,28.0,KC=F,USX,NYB
2007-05-07,103.0,102.5,101.3499984741211,101.9000015258789,101.9000015258789,22.0,KC=F,USX,NYB
2007-05-08,101.5,101.9000015258789,101.3499984741211,102.25,102.25,2.0,KC=F,USX,NYB
2007-05-09,102.69999694824219,103.55000305175781,102.69999694824219,103.25,103.25,106.0,KC=F,USX,NYB
2007-05-10,103.5999984741211,103.5999984741211,103.5999984741211,103.5999984741211,103.5999984741211,0.0,KC=F,USX,NYB
2007-05-11,103.75,103.75,102.0,102.80000305175781,102.80000305175781,2.0,KC=F,USX,NYB
2007-05-14,104.19999694824219,104.19999694824219,104.19999694824219,104.19999694824219,104.19999694824219,5.0,KC=F,USX,NYB
2007-05-15,104.6500015258789,104.6500015258789,104.6500015258789,104.6500015258789,104.6500015258789,7.0,KC=F,USX,NYB
2007-05-16,105.25,107.05000305175781,105.25,107.25,107.25,7.0,KC=F,USX,NYB
2007-05-17,109.0,109.0,107.0,110.3499984741211,110.3499984741211,8.0,KC=F,USX,NYB
2007-05-18,109.5,109.5,109.5,109.5,109.5,12130.0,KC=F,USX,NYB
2007-05-21,111.5,113.1500015258789,111.19999694824219,112.0,112.0,10229.0,KC=F,USX,NYB
2007-05-22,112.25,113.05000305175781,111.1500015258789,111.55000305175781,111.55000305175781,9195.0,KC=F,USX,NYB
2007-05-23,111.6500015258789,112.4000015258789,110.69999694824219,112.05000305175781,112.05000305175781,10644.0,KC=F,USX,NYB
2007-05-24,112.19999694824219,114.0,112.0999984741211,113.3499984741211,113.3499984741211,10682.0,KC=F,USX,NYB
2007-05-25,113.6500015258789,114.05000305175781,112.19999694824219,112.9000015258789,112.9000015258789,8340.0,KC=F,USX,NYB
2007-05-29,112.5,112.69999694824219,110.1500015258789,110.69999694824219,110.69999694824219,12660.0,KC=F,USX,NYB
2007-05-30,110.4000015258789,111.5,110.1500015258789,111.3499984741211,111.3499984741211,9661.0,KC=F,USX,NYB
2007-05-31,111.05000305175781,112.25,110.0999984741211,111.9000015258789,111.9000015258789,10816.0,KC=F,USX,NYB
2007-06-01,111.9000015258789,117.9000015258789,111.9000015258789,117.4000015258789,117.4000015258789,31055.0,KC=F,USX,NYB
2007-06-04,116.9000015258789,118.4000015258789,114.80000305175781,115.30000305175781,115.30000305175781,19650.0,KC=F,USX,NYB
2007-06-05,115.5,117.1500015258789,115.30000305175781,116.55000305175781,116.55000305175781,12428.0,KC=F,USX,NYB
2007-06-06,117.0,118.1500015258789,115.1500015258789,116.44999694824219,116.44999694824219,17998.0,KC=F,USX,NYB
2007-06-07,116.19999694824219,117.5,115.5,116.94999694824219,116.94999694824219,16844.0,KC=F,USX,NYB
2007-06-08,117.0,117.44999694824219,114.4000015258789,114.8499984741211,114.8499984741211,21320.0,KC=F,USX,NYB
2007-06-11,115.0,116.19999694824219,113.8499984741211,115.4000015258789,115.4000015258789,19343.0,KC=F,USX,NYB
2007-06-12,115.25,115.75,112.4000015258789,113.44999694824219,113.44999694824219,17941.0,KC=F,USX,NYB
2007-06-13,113.8499984741211,114.9000015258789,112.80000305175781,114.5999984741211,114.5999984741211,19390.0,KC=F,USX,NYB
2007-06-14,114.6500015258789,115.8499984741211,113.80000305175781,114.75,114.75,13778.0,KC=F,USX,NYB
2007-06-15,115.0,115.69999694824219,114.30000305175781,114.69999694824219,114.69999694824219,9441.0,KC=F,USX,NYB
2007-06-18,114.5999984741211,116.69999694824219,114.4000015258789,115.19999694824219,115.19999694824219,14385.0,KC=F,USX,NYB
2007-06-19,114.69999694824219,114.94999694824219,112.6500015258789,113.3499984741211,113.3499984741211,10592.0,KC=F,USX,NYB
2007-06-20,113.3499984741211,115.4000015258789,113.1500015258789,115.0,115.0,10370.0,KC=F,USX,NYB
2007-06-21,115.0,115.5,114.30000305175781,114.55000305175781,114.55000305175781,1248.0,KC=F,USX,NYB
2007-06-22,114.94999694824219,115.5,113.05000305175781,113.5999984741211,113.5999984741211,423.0,KC=F,USX,NYB
2007-06-25,113.5,113.55000305175781,110.0,110.0,110.0,820.0,KC=F,USX,NYB
2007-06-26,110.0,110.9000015258789,109.25,109.94999694824219,109.94999694824219,461.0,KC=F,USX,NYB
2007-06-27,109.9000015258789,110.5,109.25,110.4000015258789,110.4000015258789,137.0,KC=F,USX,NYB
2007-06-28,110.80000305175781,110.80000305175781,110.80000305175781,110.80000305175781,110.80000305175781,43.0,KC=F,USX,NYB
2007-06-29,110.5,111.1500015258789,110.25,111.0,111.0,104.0,KC=F,USX,NYB
2007-07-02,109.0,111.19999694824219,109.0999984741211,110.19999694824219,110.19999694824219,98.0,KC=F,USX,NYB
2007-07-03,109.1500015258789,109.30000305175781,109.0,109.0999984741211,109.0999984741211,57.0,KC=F,USX,NYB
2007-07-05,108.30000305175781,108.30000305175781,108.30000305175781,108.30000305175781,108.30000305175781,64.0,KC=F,USX,NYB
2007-07-06,107.4000015258789,108.25,107.0,107.25,107.25,38.0,KC=F,USX,NYB
2007-07-09,107.19999694824219,108.0,106.9000015258789,107.05000305175781,107.05000305175781,17.0,KC=F,USX,NYB
2007-07-10,107.0,108.5999984741211,107.0,108.5,108.5,39.0,KC=F,USX,NYB
2007-07-11,109.19999694824219,109.19999694824219,109.19999694824219,109.19999694824219,109.19999694824219,30.0,KC=F,USX,NYB
2007-07-12,108.55000305175781,108.55000305175781,108.5,109.4000015258789,109.4000015258789,10.0,KC=F,USX,NYB
2007-07-13,109.0,109.0,107.0,107.75,107.75,7.0,KC=F,USX,NYB
2007-07-16,109.25,109.25,109.25,109.25,109.25,32.0,KC=F,USX,NYB
2007-07-17,110.5999984741211,110.5999984741211,110.0,110.5999984741211,110.5999984741211,6.0,KC=F,USX,NYB
2007-07-18,111.5999984741211,112.0999984741211,111.0,112.5,112.5,32.0,KC=F,USX,NYB
2007-07-19,113.0999984741211,113.75,111.0999984741211,112.75,112.75,12439.0,KC=F,USX,NYB
2007-07-20,114.19999694824219,114.69999694824219,113.30000305175781,114.0,114.0,5335.0,KC=F,USX,NYB
2007-07-23,113.5,114.9000015258789,111.75,112.3499984741211,112.3499984741211,11039.0,KC=F,USX,NYB
2007-07-24,111.94999694824219,116.19999694824219,111.25,115.75,115.75,20075.0,KC=F,USX,NYB
2007-07-25,115.5,115.5999984741211,114.0,114.19999694824219,114.19999694824219,10869.0,KC=F,USX,NYB
2007-07-26,114.4000015258789,115.0,111.0,111.4000015258789,111.4000015258789,13666.0,KC=F,USX,NYB
2007-07-27,111.5,113.30000305175781,111.0,112.69999694824219,112.69999694824219,10291.0,KC=F,USX,NYB
2007-07-30,112.5,113.44999694824219,111.5999984741211,112.94999694824219,112.94999694824219,10143.0,KC=F,USX,NYB
2007-07-31,112.94999694824219,114.4000015258789,112.5,114.30000305175781,114.30000305175781,10318.0,KC=F,USX,NYB
2007-08-01,113.80000305175781,114.5,112.75,113.0999984741211,113.0999984741211,11888.0,KC=F,USX,NYB
2007-08-02,113.1500015258789,116.5999984741211,113.1500015258789,116.19999694824219,116.19999694824219,21660.0,KC=F,USX,NYB
2007-08-03,116.5,118.4000015258789,116.19999694824219,117.6500015258789,117.6500015258789,15011.0,KC=F,USX,NYB
2007-08-06,117.9000015258789,119.5,116.25,118.4000015258789,118.4000015258789,16460.0,KC=F,USX,NYB
2007-08-07,118.9000015258789,118.9000015258789,116.5,117.44999694824219,117.44999694824219,17461.0,KC=F,USX,NYB
2007-08-08,116.94999694824219,119.0,116.44999694824219,118.5,118.5,14565.0,KC=F,USX,NYB
2007-08-09,118.5,119.9000015258789,117.80000305175781,119.5,119.5,18855.0,KC=F,USX,NYB
2007-08-10,118.8499984741211,121.0,116.9000015258789,120.5999984741211,120.5999984741211,23619.0,KC=F,USX,NYB
2007-08-13,119.3499984741211,121.9000015258789,118.94999694824219,120.75,120.75,25700.0,KC=F,USX,NYB
2007-08-14,120.5999984741211,121.9000015258789,118.3499984741211,119.1500015258789,119.1500015258789,17850.0,KC=F,USX,NYB
2007-08-15,118.9000015258789,119.8499984741211,117.30000305175781,119.19999694824219,119.19999694824219,11777.0,KC=F,USX,NYB
2007-08-16,118.5,118.9000015258789,110.94999694824219,111.30000305175781,111.30000305175781,18087.0,KC=F,USX,NYB
2007-08-17,112.0999984741211,115.94999694824219,112.0999984741211,115.55000305175781,115.55000305175781,7546.0,KC=F,USX,NYB
2007-08-20,115.19999694824219,116.30000305175781,114.25,114.8499984741211,114.8499984741211,7546.0,KC=F,USX,NYB
2007-08-21,114.8499984741211,115.30000305175781,113.9000015258789,114.25,114.25,10353.0,KC=F,USX,NYB
2007-08-22,114.4000015258789,115.05000305175781,113.75,114.44999694824219,114.44999694824219,11256.0,KC=F,USX,NYB
2007-08-23,114.4000015258789,116.3499984741211,114.4000015258789,115.8499984741211,115.8499984741211,1042.0,KC=F,USX,NYB
2007-08-24,116.4000015258789,116.6500015258789,114.4000015258789,114.6500015258789,114.6500015258789,557.0,KC=F,USX,NYB
2007-08-27,114.69999694824219,114.69999694824219,113.0,113.0999984741211,113.0999984741211,184.0,KC=F,USX,NYB
2007-08-28,113.30000305175781,114.8499984741211,113.0,113.6500015258789,113.6500015258789,388.0,KC=F,USX,NYB
2007-08-29,113.9000015258789,114.25,112.5,112.6500015258789,112.6500015258789,83.0,KC=F,USX,NYB
2007-08-30,112.6500015258789,112.94999694824219,111.75,111.75,111.75,92.0,KC=F,USX,NYB
2007-08-31,112.25,113.44999694824219,111.75,112.6500015258789,112.6500015258789,112.0,KC=F,USX,NYB
2007-09-04,112.80000305175781,115.80000305175781,112.80000305175781,114.55000305175781,114.55000305175781,12.0,KC=F,USX,NYB
2007-09-05,114.25,114.25,112.5,112.44999694824219,112.44999694824219,27.0,KC=F,USX,NYB
2007-09-06,112.6500015258789,113.5999984741211,112.6500015258789,113.55000305175781,113.55000305175781,9.0,KC=F,USX,NYB
2007-09-07,113.75,113.75,113.75,113.75,113.75,14.0,KC=F,USX,NYB
2007-09-10,117.05000305175781,117.05000305175781,117.05000305175781,117.05000305175781,117.05000305175781,25.0,KC=F,USX,NYB
2007-09-11,116.55000305175781,116.55000305175781,116.55000305175781,116.55000305175781,116.55000305175781,12.0,KC=F,USX,NYB
2007-09-12,117.0999984741211,117.0999984741211,117.0999984741211,117.0999984741211,117.0999984741211,4.0,KC=F,USX,NYB
2007-09-13,116.0,116.0999984741211,115.1500015258789,116.19999694824219,116.19999694824219,18.0,KC=F,USX,NYB
2007-09-14,118.05000305175781,118.05000305175781,118.05000305175781,118.05000305175781,118.05000305175781,12.0,KC=F,USX,NYB
2007-09-17,122.25,125.25,122.1500015258789,125.0,125.0,42.0,KC=F,USX,NYB
2007-09-18,126.69999694824219,126.69999694824219,126.69999694824219,126.69999694824219,126.69999694824219,23806.0,KC=F,USX,NYB
2007-09-19,129.14999389648438,131.39999389648438,128.10000610351562,131.35000610351562,131.35000610351562,16542.0,KC=F,USX,NYB
2007-09-20,129.6999969482422,134.4499969482422,128.5500030517578,133.14999389648438,133.14999389648438,20981.0,KC=F,USX,NYB
2007-09-21,132.0,132.5500030517578,128.5500030517578,129.89999389648438,129.89999389648438,18051.0,KC=F,USX,NYB
2007-09-24,128.1999969482422,133.25,127.9000015258789,132.39999389648438,132.39999389648438,13629.0,KC=F,USX,NYB
2007-09-25,132.0,135.0,130.5,133.10000610351562,133.10000610351562,18210.0,KC=F,USX,NYB
2007-09-26,131.1999969482422,131.9499969482422,127.25,128.60000610351562,128.60000610351562,14477.0,KC=F,USX,NYB
2007-09-27,127.9000015258789,130.6999969482422,126.5,128.8000030517578,128.8000030517578,11895.0,KC=F,USX,NYB
2007-09-28,129.89999389648438,130.39999389648438,127.5,128.64999389648438,128.64999389648438,10588.0,KC=F,USX,NYB
2007-10-01,130.0,136.39999389648438,130.0,134.85000610351562,134.85000610351562,21562.0,KC=F,USX,NYB
2007-10-02,134.85000610351562,135.5,133.5,134.3000030517578,134.3000030517578,11203.0,KC=F,USX,NYB
2007-10-03,134.0,136.25,133.14999389648438,135.85000610351562,135.85000610351562,10769.0,KC=F,USX,NYB
2007-10-04,135.85000610351562,137.39999389648438,134.10000610351562,135.1999969482422,135.1999969482422,12504.0,KC=F,USX,NYB
2007-10-05,135.1999969482422,137.85000610351562,134.1999969482422,137.0,137.0,9358.0,KC=F,USX,NYB
2007-10-08,138.0,139.89999389648438,136.85000610351562,138.75,138.75,11624.0,KC=F,USX,NYB
2007-10-09,138.0500030517578,138.39999389648438,132.5500030517578,133.75,133.75,16707.0,KC=F,USX,NYB
2007-10-10,133.4499969482422,136.25,133.10000610351562,133.39999389648438,133.39999389648438,11127.0,KC=F,USX,NYB
2007-10-11,134.89999389648438,139.6999969482422,134.0,138.25,138.25,15527.0,KC=F,USX,NYB
2007-10-12,137.8000030517578,140.8000030517578,136.1999969482422,139.3000030517578,139.3000030517578,12363.0,KC=F,USX,NYB
2007-10-15,138.0500030517578,138.5,129.25,130.0500030517578,130.0500030517578,23434.0,KC=F,USX,NYB
2007-10-16,130.3000030517578,131.0,127.5,128.14999389648438,128.14999389648438,15131.0,KC=F,USX,NYB
2007-10-17,129.0,130.10000610351562,128.25,129.5500030517578,129.5500030517578,8934.0,KC=F,USX,NYB
2007-10-18,128.89999389648438,129.1999969482422,122.19999694824219,125.4000015258789,125.4000015258789,27072.0,KC=F,USX,NYB
2007-10-19,126.0,126.8499984741211,124.30000305175781,125.0,125.0,8827.0,KC=F,USX,NYB
2007-10-22,123.9000015258789,125.75,121.9000015258789,123.55000305175781,123.55000305175781,18873.0,KC=F,USX,NYB
2007-10-23,122.55000305175781,124.80000305175781,122.30000305175781,123.8499984741211,123.8499984741211,11117.0,KC=F,USX,NYB
2007-10-24,124.8499984741211,125.25,122.75,123.5,123.5,8612.0,KC=F,USX,NYB
2007-10-25,123.0,123.94999694824219,120.25,120.5999984741211,120.5999984741211,13241.0,KC=F,USX,NYB
2007-10-26,121.0,122.0999984741211,119.80000305175781,121.44999694824219,121.44999694824219,10318.0,KC=F,USX,NYB
2007-10-29,120.8499984741211,122.5,120.19999694824219,122.3499984741211,122.3499984741211,8422.0,KC=F,USX,NYB
2007-10-30,122.0,123.25,120.4000015258789,121.9000015258789,121.9000015258789,13124.0,KC=F,USX,NYB
2007-10-31,121.94999694824219,123.05000305175781,120.80000305175781,121.3499984741211,121.3499984741211,9107.0,KC=F,USX,NYB
2007-11-01,121.80000305175781,123.9000015258789,121.4000015258789,122.5999984741211,122.5999984741211,14063.0,KC=F,USX,NYB
2007-11-02,123.25,123.25,118.0,118.9000015258789,118.9000015258789,19021.0,KC=F,USX,NYB
2007-11-05,119.5,120.44999694824219,118.44999694824219,119.94999694824219,119.94999694824219,9086.0,KC=F,USX,NYB
2007-11-06,119.94999694824219,121.4000015258789,119.5999984741211,120.69999694824219,120.69999694824219,9896.0,KC=F,USX,NYB
2007-11-07,120.94999694824219,122.3499984741211,120.30000305175781,120.44999694824219,120.44999694824219,15353.0,KC=F,USX,NYB
2007-11-08,120.94999694824219,122.75,120.3499984741211,121.9000015258789,121.9000015258789,14736.0,KC=F,USX,NYB
2007-11-09,122.25,122.9000015258789,121.4000015258789,121.75,121.75,11937.0,KC=F,USX,NYB
2007-11-12,121.80000305175781,122.5,118.4000015258789,121.75,121.75,21939.0,KC=F,USX,NYB
2007-11-13,121.69999694824219,124.8499984741211,121.69999694824219,122.5999984741211,122.5999984741211,16203.0,KC=F,USX,NYB
2007-11-14,123.0,125.05000305175781,122.6500015258789,124.19999694824219,124.19999694824219,8969.0,KC=F,USX,NYB
2007-11-15,124.80000305175781,125.80000305175781,123.25,124.80000305175781,124.80000305175781,6816.0,KC=F,USX,NYB
2007-11-16,124.80000305175781,126.0999984741211,124.4000015258789,124.9000015258789,124.9000015258789,12831.0,KC=F,USX,NYB
2007-11-19,124.0,124.25,120.80000305175781,121.6500015258789,121.6500015258789,16970.0,KC=F,USX,NYB
2007-11-20,121.3499984741211,124.69999694824219,121.3499984741211,124.3499984741211,124.3499984741211,1950.0,KC=F,USX,NYB
2007-11-21,124.4000015258789,124.44999694824219,122.75,123.44999694824219,123.44999694824219,906.0,KC=F,USX,NYB
2007-11-26,124.4000015258789,124.19999694824219,122.0,122.0999984741211,122.0999984741211,314.0,KC=F,USX,NYB
2007-11-27,122.0999984741211,122.5,120.3499984741211,122.25,122.25,680.0,KC=F,USX,NYB
2007-11-28,122.8499984741211,127.5,122.5999984741211,125.80000305175781,125.80000305175781,201.0,KC=F,USX,NYB
2007-11-29,126.5,126.5,124.80000305175781,125.19999694824219,125.19999694824219,129.0,KC=F,USX,NYB
2007-11-30,125.8499984741211,127.30000305175781,124.80000305175781,125.94999694824219,125.94999694824219,191.0,KC=F,USX,NYB
2007-12-03,125.4000015258789,126.80000305175781,124.5,126.6500015258789,126.6500015258789,106.0,KC=F,USX,NYB
2007-12-04,127.3499984741211,127.3499984741211,127.3499984741211,127.3499984741211,127.3499984741211,91.0,KC=F,USX,NYB
2007-12-05,127.0,128.25,127.0,128.0500030517578,128.0500030517578,79.0,KC=F,USX,NYB
2007-12-06,126.5,127.6500015258789,125.80000305175781,125.9000015258789,125.9000015258789,50.0,KC=F,USX,NYB
2007-12-07,126.44999694824219,127.75,126.3499984741211,127.75,127.75,105.0,KC=F,USX,NYB
2007-12-10,127.75,130.3000030517578,127.4000015258789,130.1999969482422,130.1999969482422,40.0,KC=F,USX,NYB
2007-12-11,130.10000610351562,131.1999969482422,129.60000610351562,130.10000610351562,130.10000610351562,53.0,KC=F,USX,NYB
2007-12-12,130.8000030517578,130.8000030517578,130.8000030517578,130.8000030517578,130.8000030517578,30.0,KC=F,USX,NYB
2007-12-13,130.6999969482422,131.60000610351562,129.3000030517578,130.14999389648438,130.14999389648438,56.0,KC=F,USX,NYB
2007-12-14,130.14999389648438,130.75,129.9499969482422,130.75,130.75,61.0,KC=F,USX,NYB
2007-12-17,130.5,131.8000030517578,129.0,130.1999969482422,130.1999969482422,58.0,KC=F,USX,NYB
2007-12-18,130.10000610351562,131.60000610351562,130.0,131.35000610351562,131.35000610351562,7044.0,KC=F,USX,NYB
2007-12-19,134.5500030517578,136.0,133.5,134.5,134.5,10357.0,KC=F,USX,NYB
2007-12-20,133.89999389648438,135.14999389648438,132.9499969482422,133.6999969482422,133.6999969482422,6625.0,KC=F,USX,NYB
2007-12-21,133.5500030517578,134.5,133.5,134.1999969482422,134.1999969482422,3227.0,KC=F,USX,NYB
2007-12-26,133.5500030517578,134.9499969482422,129.5,133.64999389648438,133.64999389648438,9722.0,KC=F,USX,NYB
2007-12-27,133.75,133.75,131.35000610351562,131.8000030517578,131.8000030517578,7251.0,KC=F,USX,NYB
2007-12-28,131.89999389648438,133.5,131.6999969482422,133.10000610351562,133.10000610351562,6946.0,KC=F,USX,NYB
2007-12-31,133.1999969482422,137.0,133.10000610351562,136.1999969482422,136.1999969482422,11479.0,KC=F,USX,NYB
2008-01-02,136.0,137.0,132.8000030517578,134.0,134.0,10342.0,KC=F,USX,NYB
2008-01-03,134.25,136.5,134.1999969482422,135.1999969482422,135.1999969482422,8441.0,KC=F,USX,NYB
2008-01-04,135.1999969482422,135.9499969482422,130.1999969482422,132.6999969482422,132.6999969482422,12915.0,KC=F,USX,NYB
2008-01-07,133.0,133.25,130.60000610351562,131.39999389648438,131.39999389648438,10460.0,KC=F,USX,NYB
2008-01-08,131.5,136.0,131.35000610351562,135.4499969482422,135.4499969482422,15615.0,KC=F,USX,NYB
2008-01-09,135.39999389648438,135.85000610351562,134.14999389648438,135.60000610351562,135.60000610351562,11079.0,KC=F,USX,NYB
2008-01-10,135.5,137.0,134.85000610351562,136.64999389648438,136.64999389648438,14882.0,KC=F,USX,NYB
2008-01-11,136.5500030517578,137.39999389648438,135.0500030517578,136.3000030517578,136.3000030517578,15225.0,KC=F,USX,NYB
2008-01-14,135.5,137.8000030517578,134.10000610351562,137.5500030517578,137.5500030517578,17019.0,KC=F,USX,NYB
2008-01-15,137.8000030517578,139.39999389648438,135.6999969482422,136.85000610351562,136.85000610351562,18933.0,KC=F,USX,NYB
2008-01-16,136.6999969482422,136.89999389648438,133.39999389648438,134.89999389648438,134.89999389648438,12431.0,KC=F,USX,NYB
2008-01-17,134.8000030517578,135.85000610351562,133.3000030517578,134.39999389648438,134.39999389648438,10703.0,KC=F,USX,NYB
2008-01-18,134.0,134.5,132.60000610351562,133.10000610351562,133.10000610351562,10224.0,KC=F,USX,NYB
2008-01-22,132.0,135.3000030517578,129.6999969482422,135.0,135.0,24485.0,KC=F,USX,NYB
2008-01-23,134.60000610351562,135.3000030517578,130.8000030517578,131.3000030517578,131.3000030517578,13194.0,KC=F,USX,NYB
2008-01-24,132.0500030517578,133.1999969482422,130.5,132.35000610351562,132.35000610351562,11855.0,KC=F,USX,NYB
2008-01-25,132.5500030517578,132.89999389648438,131.0,131.4499969482422,131.4499969482422,8158.0,KC=F,USX,NYB
2008-01-28,131.1999969482422,134.60000610351562,130.6999969482422,134.1999969482422,134.1999969482422,12256.0,KC=F,USX,NYB
2008-01-29,133.85000610351562,134.89999389648438,133.0,133.6999969482422,133.6999969482422,12674.0,KC=F,USX,NYB
2008-01-30,133.89999389648438,137.1999969482422,133.5,136.5500030517578,136.5500030517578,19686.0,KC=F,USX,NYB
2008-01-31,136.5500030517578,138.5,136.25,138.14999389648438,138.14999389648438,16841.0,KC=F,USX,NYB
2008-02-01,137.60000610351562,139.5,137.14999389648438,139.10000610351562,139.10000610351562,16319.0,KC=F,USX,NYB
2008-02-04,139.0,144.5,139.0,142.6999969482422,142.6999969482422,24034.0,KC=F,USX,NYB
2008-02-05,142.85000610351562,143.6999969482422,141.0,142.60000610351562,142.60000610351562,14371.0,KC=F,USX,NYB
2008-02-06,142.60000610351562,143.39999389648438,140.6999969482422,143.14999389648438,143.14999389648438,15031.0,KC=F,USX,NYB
2008-02-07,142.60000610351562,143.8000030517578,141.5,143.3000030517578,143.3000030517578,19023.0,KC=F,USX,NYB
2008-02-08,143.0,147.39999389648438,142.0,147.1999969482422,147.1999969482422,25971.0,KC=F,USX,NYB
2008-02-11,147.0,148.64999389648438,145.39999389648438,147.89999389648438,147.89999389648438,24073.0,KC=F,USX,NYB
2008-02-12,147.39999389648438,148.75,146.5500030517578,147.9499969482422,147.9499969482422,22167.0,KC=F,USX,NYB
2008-02-13,147.0500030517578,150.25,146.5,149.5,149.5,19296.0,KC=F,USX,NYB
2008-02-14,149.3000030517578,153.3000030517578,149.0,152.60000610351562,152.60000610351562,18759.0,KC=F,USX,NYB
2008-02-15,152.60000610351562,157.75,149.25,149.85000610351562,149.85000610351562,17195.0,KC=F,USX,NYB
2008-02-19,149.0,155.75,147.5,155.0500030517578,155.0500030517578,20257.0,KC=F,USX,NYB
2008-02-20,154.89999389648438,156.10000610351562,151.0,154.60000610351562,154.60000610351562,17957.0,KC=F,USX,NYB
2008-02-21,154.64999389648438,157.64999389648438,154.64999389648438,156.35000610351562,156.35000610351562,1427.0,KC=F,USX,NYB
2008-02-22,158.0,160.6999969482422,157.0,160.14999389648438,160.14999389648438,870.0,KC=F,USX,NYB
2008-02-25,161.0,163.89999389648438,159.85000610351562,161.6999969482422,161.6999969482422,707.0,KC=F,USX,NYB
2008-02-26,160.14999389648438,161.35000610351562,157.0,158.1999969482422,158.1999969482422,540.0,KC=F,USX,NYB
2008-02-27,161.5,163.6999969482422,159.8000030517578,161.5,161.5,269.0,KC=F,USX,NYB
2008-02-28,162.0,165.0,159.3000030517578,165.0,165.0,357.0,KC=F,USX,NYB
2008-02-29,165.5,169.60000610351562,163.0,164.60000610351562,164.60000610351562,317.0,KC=F,USX,NYB
2008-03-03,165.25,165.39999389648438,162.39999389648438,165.39999389648438,165.39999389648438,140.0,KC=F,USX,NYB
2008-03-04,164.0,166.35000610351562,160.64999389648438,162.8000030517578,162.8000030517578,91.0,KC=F,USX,NYB
2008-03-05,162.1999969482422,162.39999389648438,160.0,161.75,161.75,120.0,KC=F,USX,NYB
2008-03-06,161.6999969482422,163.10000610351562,151.35000610351562,152.0,152.0,96.0,KC=F,USX,NYB
2008-03-07,151.35000610351562,151.35000610351562,144.85000610351562,148.75,148.75,295.0,KC=F,USX,NYB
2008-03-10,147.4499969482422,149.10000610351562,146.1999969482422,148.25,148.25,19.0,KC=F,USX,NYB
2008-03-11,149.14999389648438,151.5,148.75,150.14999389648438,150.14999389648438,54.0,KC=F,USX,NYB
2008-03-12,152.0,152.75,150.75,151.85000610351562,151.85000610351562,68.0,KC=F,USX,NYB
2008-03-13,151.89999389648438,156.0500030517578,151.89999389648438,155.60000610351562,155.60000610351562,14.0,KC=F,USX,NYB
2008-03-14,157.0,157.0,147.64999389648438,150.0500030517578,150.0500030517578,51.0,KC=F,USX,NYB
2008-03-17,147.0,147.0,133.25,134.3000030517578,134.3000030517578,31.0,KC=F,USX,NYB
2008-03-18,134.3000030517578,134.5500030517578,133.9499969482422,135.8000030517578,135.8000030517578,16705.0,KC=F,USX,NYB
2008-03-19,138.0500030517578,139.1999969482422,130.60000610351562,132.9499969482422,132.9499969482422,22969.0,KC=F,USX,NYB
2008-03-20,132.8000030517578,134.0,125.8499984741211,130.89999389648438,130.89999389648438,20914.0,KC=F,USX,NYB
2008-03-24,131.64999389648438,133.1999969482422,128.0500030517578,128.75,128.75,11029.0,KC=F,USX,NYB
2008-03-25,130.0,133.75,129.64999389648438,132.64999389648438,132.64999389648438,11858.0,KC=F,USX,NYB
2008-03-26,132.6999969482422,135.35000610351562,130.60000610351562,132.3000030517578,132.3000030517578,12067.0,KC=F,USX,NYB
2008-03-27,132.64999389648438,133.5,129.64999389648438,132.5500030517578,132.5500030517578,8656.0,KC=F,USX,NYB
2008-03-28,133.14999389648438,133.3000030517578,129.4499969482422,130.39999389648438,130.39999389648438,10382.0,KC=F,USX,NYB
2008-03-31,130.0,131.5,126.94999694824219,127.4000015258789,127.4000015258789,18762.0,KC=F,USX,NYB
2008-04-01,127.0,130.25,126.19999694824219,129.10000610351562,129.10000610351562,15877.0,KC=F,USX,NYB
2008-04-02,129.75,131.4499969482422,128.35000610351562,128.64999389648438,128.64999389648438,11708.0,KC=F,USX,NYB
2008-04-03,129.25,132.6999969482422,128.4499969482422,131.3000030517578,131.3000030517578,10533.0,KC=F,USX,NYB
2008-04-04,131.3000030517578,132.4499969482422,130.5,131.89999389648438,131.89999389648438,7142.0,KC=F,USX,NYB
2008-04-07,132.1999969482422,134.0,131.75,133.60000610351562,133.60000610351562,14246.0,KC=F,USX,NYB
2008-04-08,133.75,134.5,132.8000030517578,133.1999969482422,133.1999969482422,12021.0,KC=F,USX,NYB
2008-04-09,133.14999389648438,137.5,131.4499969482422,136.5,136.5,22809.0,KC=F,USX,NYB
2008-04-10,136.9499969482422,137.9499969482422,130.0,131.75,131.75,22846.0,KC=F,USX,NYB
2008-04-11,131.5500030517578,133.4499969482422,130.35000610351562,130.85000610351562,130.85000610351562,17736.0,KC=F,USX,NYB
2008-04-14,130.85000610351562,132.3000030517578,130.4499969482422,131.10000610351562,131.10000610351562,11341.0,KC=F,USX,NYB
2008-04-15,130.9499969482422,136.14999389648438,130.89999389648438,134.1999969482422,134.1999969482422,11903.0,KC=F,USX,NYB
2008-04-16,134.1999969482422,136.85000610351562,134.0,134.75,134.75,9938.0,KC=F,USX,NYB
2008-04-17,134.39999389648438,140.64999389648438,134.39999389648438,139.64999389648438,139.64999389648438,11028.0,KC=F,USX,NYB
2008-04-18,138.64999389648438,139.5500030517578,132.5,135.25,135.25,8342.0,KC=F,USX,NYB
2008-04-21,134.75,137.0,131.0,131.39999389648438,131.39999389648438,12881.0,KC=F,USX,NYB
2008-04-22,131.35000610351562,136.5500030517578,131.35000610351562,135.3000030517578,135.3000030517578,11548.0,KC=F,USX,NYB
2008-04-23,136.0500030517578,136.0500030517578,134.0,135.39999389648438,135.39999389648438,1111.0,KC=F,USX,NYB
2008-04-24,135.10000610351562,135.10000610351562,130.75,130.75,130.75,963.0,KC=F,USX,NYB
2008-04-25,131.0500030517578,131.4499969482422,128.60000610351562,130.4499969482422,130.4499969482422,694.0,KC=F,USX,NYB
2008-04-28,130.60000610351562,134.25,130.60000610351562,133.5500030517578,133.5500030517578,424.0,KC=F,USX,NYB
2008-04-29,133.3000030517578,134.5500030517578,132.0,134.35000610351562,134.35000610351562,148.0,KC=F,USX,NYB
2008-04-30,134.5500030517578,135.25,133.6999969482422,134.5500030517578,134.5500030517578,451.0,KC=F,USX,NYB
2008-05-01,133.5,133.5,128.39999389648438,128.39999389648438,128.39999389648438,405.0,KC=F,USX,NYB
2008-05-02,128.85000610351562,130.3000030517578,128.0,128.5500030517578,128.5500030517578,327.0,KC=F,USX,NYB
2008-05-05,129.35000610351562,132.5,128.10000610351562,131.75,131.75,95.0,KC=F,USX,NYB
2008-05-06,131.9499969482422,132.9499969482422,131.39999389648438,132.85000610351562,132.85000610351562,191.0,KC=F,USX,NYB
2008-05-07,132.5,132.89999389648438,129.5,130.14999389648438,130.14999389648438,98.0,KC=F,USX,NYB
2008-05-08,132.25,134.10000610351562,132.25,133.89999389648438,133.89999389648438,247.0,KC=F,USX,NYB
2008-05-09,134.1999969482422,137.5500030517578,134.1999969482422,136.0,136.0,247.0,KC=F,USX,NYB
2008-05-12,137.14999389648438,138.0,135.5,138.1999969482422,138.1999969482422,59.0,KC=F,USX,NYB
2008-05-13,137.6999969482422,137.6999969482422,135.39999389648438,136.89999389648438,136.89999389648438,29.0,KC=F,USX,NYB
2008-05-14,137.8000030517578,137.85000610351562,137.8000030517578,137.3000030517578,137.3000030517578,10.0,KC=F,USX,NYB
2008-05-15,136.5,138.85000610351562,136.5,136.6999969482422,136.6999969482422,55.0,KC=F,USX,NYB
2008-05-16,137.5,138.14999389648438,137.0,138.0,138.0,51.0,KC=F,USX,NYB
2008-05-19,138.0,139.4499969482422,138.0,135.10000610351562,135.10000610351562,12418.0,KC=F,USX,NYB
2008-05-20,135.0,137.6999969482422,135.0,136.8000030517578,136.8000030517578,10577.0,KC=F,USX,NYB
2008-05-21,137.0,141.64999389648438,136.8000030517578,140.4499969482422,140.4499969482422,20937.0,KC=F,USX,NYB
2008-05-22,141.14999389648438,142.0,133.25,134.1999969482422,134.1999969482422,18911.0,KC=F,USX,NYB
2008-05-23,134.3000030517578,135.39999389648438,133.14999389648438,134.0,134.0,9731.0,KC=F,USX,NYB
2008-05-27,134.5,135.39999389648438,131.5,132.0,132.0,11557.0,KC=F,USX,NYB
2008-05-28,132.0,136.25,131.35000610351562,135.60000610351562,135.60000610351562,11316.0,KC=F,USX,NYB
2008-05-29,135.8000030517578,137.0,132.1999969482422,132.5,132.5,10724.0,KC=F,USX,NYB
2008-05-30,132.64999389648438,134.75,132.60000610351562,133.89999389648438,133.89999389648438,7824.0,KC=F,USX,NYB
2008-06-02,133.85000610351562,138.5,132.6999969482422,137.35000610351562,137.35000610351562,18812.0,KC=F,USX,NYB
2008-06-03,137.4499969482422,137.4499969482422,131.5500030517578,132.5,132.5,20148.0,KC=F,USX,NYB
2008-06-04,132.75,133.75,131.60000610351562,132.75,132.75,11863.0,KC=F,USX,NYB
2008-06-05,133.14999389648438,137.25,132.8000030517578,135.8000030517578,135.8000030517578,15387.0,KC=F,USX,NYB
2008-06-06,135.9499969482422,137.5,134.4499969482422,135.85000610351562,135.85000610351562,15448.0,KC=F,USX,NYB
2008-06-09,135.85000610351562,136.0500030517578,130.5,131.0500030517578,131.0500030517578,23374.0,KC=F,USX,NYB
2008-06-10,131.5,135.85000610351562,130.85000610351562,135.0500030517578,135.0500030517578,19620.0,KC=F,USX,NYB
2008-06-11,134.89999389648438,135.75,131.9499969482422,133.60000610351562,133.60000610351562,18692.0,KC=F,USX,NYB
2008-06-12,134.0,135.10000610351562,133.35000610351562,134.60000610351562,134.60000610351562,13290.0,KC=F,USX,NYB
2008-06-13,134.5,135.0500030517578,133.39999389648438,134.39999389648438,134.39999389648438,8567.0,KC=F,USX,NYB
2008-06-16,134.5,139.60000610351562,134.39999389648438,136.0500030517578,136.0500030517578,34857.0,KC=F,USX,NYB
2008-06-17,137.60000610351562,139.35000610351562,135.5,139.10000610351562,139.10000610351562,12913.0,KC=F,USX,NYB
2008-06-18,139.0,140.0,135.0500030517578,136.64999389648438,136.64999389648438,7219.0,KC=F,USX,NYB
2008-06-19,137.75,139.5,136.0,136.9499969482422,136.9499969482422,4640.0,KC=F,USX,NYB
2008-06-20,137.9499969482422,145.64999389648438,137.0,143.9499969482422,143.9499969482422,1762.0,KC=F,USX,NYB
2008-06-23,143.0500030517578,145.5,142.0,143.8000030517578,143.8000030517578,454.0,KC=F,USX,NYB
2008-06-24,144.64999389648438,148.14999389648438,143.89999389648438,145.85000610351562,145.85000610351562,241.0,KC=F,USX,NYB
2008-06-25,146.5,148.25,144.9499969482422,147.60000610351562,147.60000610351562,521.0,KC=F,USX,NYB
2008-06-26,148.14999389648438,152.60000610351562,148.0,151.25,151.25,315.0,KC=F,USX,NYB
2008-06-27,151.25,151.6999969482422,149.0,150.14999389648438,150.14999389648438,54.0,KC=F,USX,NYB
2008-06-30,150.3000030517578,154.0500030517578,148.60000610351562,150.89999389648438,150.89999389648438,145.0,KC=F,USX,NYB
2008-07-01,151.14999389648438,152.89999389648438,150.85000610351562,152.6999969482422,152.6999969482422,62.0,KC=F,USX,NYB
2008-07-02,152.60000610351562,153.75,151.9499969482422,153.4499969482422,153.4499969482422,20.0,KC=F,USX,NYB
2008-07-03,153.64999389648438,153.64999389648438,149.0,149.5500030517578,149.5500030517578,0.0,KC=F,USX,NYB
2008-07-07,149.64999389648438,149.64999389648438,139.89999389648438,141.0500030517578,141.0500030517578,82.0,KC=F,USX,NYB
2008-07-08,139.9499969482422,141.3000030517578,136.9499969482422,139.6999969482422,139.6999969482422,29.0,KC=F,USX,NYB
2008-07-09,138.3000030517578,139.0,138.3000030517578,138.35000610351562,138.35000610351562,13.0,KC=F,USX,NYB
2008-07-10,139.0,139.85000610351562,138.5,139.25,139.25,13.0,KC=F,USX,NYB
2008-07-11,140.0,142.1999969482422,139.4499969482422,140.0500030517578,140.0500030517578,66.0,KC=F,USX,NYB
2008-07-14,141.14999389648438,141.6999969482422,139.60000610351562,140.8000030517578,140.8000030517578,5.0,KC=F,USX,NYB
2008-07-15,142.0,142.0,136.9499969482422,138.5,138.5,21.0,KC=F,USX,NYB
2008-07-16,139.5,139.5,138.0,138.85000610351562,138.85000610351562,23.0,KC=F,USX,NYB
2008-07-17,138.89999389648438,140.0,134.89999389648438,135.5500030517578,135.5500030517578,21.0,KC=F,USX,NYB
2008-07-18,136.5,136.5,134.9499969482422,135.64999389648438,135.64999389648438,0.0,KC=F,USX,NYB
2008-07-21,135.39999389648438,135.39999389648438,135.39999389648438,135.39999389648438,135.39999389648438,4894.0,KC=F,USX,NYB
2008-07-22,137.8000030517578,138.5500030517578,136.64999389648438,137.4499969482422,137.4499969482422,6052.0,KC=F,USX,NYB
2008-07-23,137.1999969482422,137.5,134.89999389648438,135.9499969482422,135.9499969482422,11870.0,KC=F,USX,NYB
2008-07-24,135.1999969482422,135.75,133.9499969482422,135.1999969482422,135.1999969482422,7108.0,KC=F,USX,NYB
2008-07-25,135.25,138.0,134.35000610351562,137.3000030517578,137.3000030517578,8979.0,KC=F,USX,NYB
2008-07-28,137.3000030517578,137.5500030517578,134.75,135.3000030517578,135.3000030517578,6498.0,KC=F,USX,NYB
2008-07-29,135.5,137.4499969482422,135.0,136.39999389648438,136.39999389648438,8419.0,KC=F,USX,NYB
2008-07-30,137.1999969482422,138.39999389648438,136.4499969482422,137.5500030517578,137.5500030517578,7261.0,KC=F,USX,NYB
2008-07-31,137.5500030517578,139.60000610351562,137.0,139.35000610351562,139.35000610351562,12896.0,KC=F,USX,NYB
2008-08-01,139.5,140.75,137.64999389648438,140.14999389648438,140.14999389648438,10356.0,KC=F,USX,NYB
2008-08-04,139.8000030517578,140.25,134.8000030517578,136.85000610351562,136.85000610351562,17075.0,KC=F,USX,NYB
2008-08-05,136.5,142.25,135.10000610351562,140.1999969482422,140.1999969482422,18712.0,KC=F,USX,NYB
2008-08-06,140.1999969482422,140.9499969482422,137.1999969482422,137.89999389648438,137.89999389648438,13345.0,KC=F,USX,NYB
2008-08-07,138.0500030517578,141.8000030517578,137.8000030517578,140.4499969482422,140.4499969482422,14575.0,KC=F,USX,NYB
2008-08-08,140.25,140.4499969482422,135.60000610351562,135.8000030517578,135.8000030517578,26090.0,KC=F,USX,NYB
2008-08-11,136.0,138.10000610351562,135.60000610351562,135.85000610351562,135.85000610351562,14993.0,KC=F,USX,NYB
2008-08-12,135.89999389648438,140.10000610351562,134.5500030517578,137.4499969482422,137.4499969482422,22949.0,KC=F,USX,NYB
2008-08-13,137.5,137.9499969482422,133.0,135.5500030517578,135.5500030517578,20193.0,KC=F,USX,NYB
2008-08-14,135.5,136.9499969482422,134.64999389648438,135.14999389648438,135.14999389648438,12193.0,KC=F,USX,NYB
2008-08-15,135.0500030517578,135.10000610351562,131.1999969482422,132.85000610351562,132.85000610351562,8303.0,KC=F,USX,NYB
2008-08-18,133.5,134.89999389648438,132.5,133.9499969482422,133.9499969482422,12441.0,KC=F,USX,NYB
2008-08-19,134.0,137.6999969482422,132.89999389648438,136.1999969482422,136.1999969482422,7795.0,KC=F,USX,NYB
2008-08-20,136.64999389648438,138.3000030517578,136.0,137.3000030517578,137.3000030517578,5671.0,KC=F,USX,NYB
2008-08-21,138.0,141.3000030517578,137.85000610351562,139.85000610351562,139.85000610351562,905.0,KC=F,USX,NYB
2008-08-22,139.35000610351562,140.5,138.5,140.25,140.25,248.0,KC=F,USX,NYB
2008-08-25,139.5,140.10000610351562,138.8000030517578,139.10000610351562,139.10000610351562,415.0,KC=F,USX,NYB
2008-08-26,143.1999969482422,143.60000610351562,138.25,143.6999969482422,143.6999969482422,166.0,KC=F,USX,NYB
2008-08-27,145.3000030517578,147.85000610351562,143.1999969482422,143.8000030517578,143.8000030517578,115.0,KC=F,USX,NYB
2008-08-28,144.5,146.35000610351562,144.3000030517578,143.25,143.25,103.0,KC=F,USX,NYB
2008-08-29,144.4499969482422,144.5,143.39999389648438,141.89999389648438,141.89999389648438,103.0,KC=F,USX,NYB
2008-09-02,139.5,141.0500030517578,139.1999969482422,140.5500030517578,140.5500030517578,102.0,KC=F,USX,NYB
2008-09-03,141.0,141.3000030517578,141.0,139.89999389648438,139.89999389648438,31.0,KC=F,USX,NYB
2008-09-04,140.3000030517578,143.10000610351562,139.89999389648438,143.5,143.5,96.0,KC=F,USX,NYB
2008-09-05,143.60000610351562,143.60000610351562,138.10000610351562,138.85000610351562,138.85000610351562,21.0,KC=F,USX,NYB
2008-09-08,139.4499969482422,140.35000610351562,138.5,139.6999969482422,139.6999969482422,46.0,KC=F,USX,NYB
2008-09-09,138.64999389648438,138.64999389648438,135.75,136.0,136.0,14.0,KC=F,USX,NYB
2008-09-10,135.60000610351562,136.0,134.8000030517578,136.6999969482422,136.6999969482422,7.0,KC=F,USX,NYB
2008-09-11,136.5,136.5,134.0,134.35000610351562,134.35000610351562,35.0,KC=F,USX,NYB
2008-09-12,134.8000030517578,134.89999389648438,134.75,135.10000610351562,135.10000610351562,5.0,KC=F,USX,NYB
2008-09-15,135.8000030517578,135.8000030517578,134.0,135.25,135.25,7.0,KC=F,USX,NYB
2008-09-16,134.8000030517578,134.8000030517578,131.0,129.85000610351562,129.85000610351562,12.0,KC=F,USX,NYB
2008-09-17,129.64999389648438,129.64999389648438,129.3000030517578,129.4499969482422,129.4499969482422,6.0,KC=F,USX,NYB
2008-09-18,127.94999694824219,127.94999694824219,126.80000305175781,126.44999694824219,126.44999694824219,15744.0,KC=F,USX,NYB
2008-09-19,131.10000610351562,134.39999389648438,130.39999389648438,133.10000610351562,133.10000610351562,8567.0,KC=F,USX,NYB
2008-09-22,134.39999389648438,137.14999389648438,133.9499969482422,136.60000610351562,136.60000610351562,10063.0,KC=F,USX,NYB
2008-09-23,137.0,137.8000030517578,134.5500030517578,134.89999389648438,134.89999389648438,7640.0,KC=F,USX,NYB
2008-09-24,135.5,137.0,134.64999389648438,135.64999389648438,135.64999389648438,5944.0,KC=F,USX,NYB
2008-09-25,135.14999389648438,138.5,133.75,137.60000610351562,137.60000610351562,11525.0,KC=F,USX,NYB
2008-09-26,137.60000610351562,137.64999389648438,132.85000610351562,134.14999389648438,134.14999389648438,11525.0,KC=F,USX,NYB
2008-09-29,134.0,134.0,129.3000030517578,130.25,130.25,12320.0,KC=F,USX,NYB
2008-09-30,129.8000030517578,131.35000610351562,128.8000030517578,130.4499969482422,130.4499969482422,9207.0,KC=F,USX,NYB
2008-10-01,131.10000610351562,131.89999389648438,128.4499969482422,129.10000610351562,129.10000610351562,10664.0,KC=F,USX,NYB
2008-10-02,129.10000610351562,129.5,124.80000305175781,125.44999694824219,125.44999694824219,14011.0,KC=F,USX,NYB
2008-10-03,125.1500015258789,125.8499984741211,121.5999984741211,122.05000305175781,122.05000305175781,14011.0,KC=F,USX,NYB
2008-10-06,120.9000015258789,122.05000305175781,112.94999694824219,114.5,114.5,25007.0,KC=F,USX,NYB
2008-10-07,114.5,116.30000305175781,114.0,114.19999694824219,114.19999694824219,10881.0,KC=F,USX,NYB
2008-10-08,114.0,116.0,109.3499984741211,114.55000305175781,114.55000305175781,15842.0,KC=F,USX,NYB
2008-10-09,114.55000305175781,116.44999694824219,114.5,114.6500015258789,114.6500015258789,7673.0,KC=F,USX,NYB
2008-10-10,113.4000015258789,116.9000015258789,110.30000305175781,115.3499984741211,115.3499984741211,7673.0,KC=F,USX,NYB
2008-10-13,116.3499984741211,120.3499984741211,116.05000305175781,117.6500015258789,117.6500015258789,7970.0,KC=F,USX,NYB
2008-10-14,118.94999694824219,121.0999984741211,118.3499984741211,118.94999694824219,118.94999694824219,7805.0,KC=F,USX,NYB
2008-10-15,118.75,118.75,112.19999694824219,113.25,113.25,8906.0,KC=F,USX,NYB
2008-10-16,112.0,115.55000305175781,111.44999694824219,112.94999694824219,112.94999694824219,9875.0,KC=F,USX,NYB
2008-10-17,114.19999694824219,116.3499984741211,113.55000305175781,115.5999984741211,115.5999984741211,9875.0,KC=F,USX,NYB
2008-10-20,117.0,117.3499984741211,114.30000305175781,114.5,114.5,6553.0,KC=F,USX,NYB
2008-10-21,115.4000015258789,116.5,113.44999694824219,114.25,114.25,5865.0,KC=F,USX,NYB
2008-10-22,114.05000305175781,114.19999694824219,112.1500015258789,112.5999984741211,112.5999984741211,5744.0,KC=F,USX,NYB
2008-10-23,112.0999984741211,112.8499984741211,109.75,110.0999984741211,110.0999984741211,9094.0,KC=F,USX,NYB
2008-10-24,110.0999984741211,111.94999694824219,106.30000305175781,108.6500015258789,108.6500015258789,9094.0,KC=F,USX,NYB
2008-10-27,108.05000305175781,108.5,105.05000305175781,107.75,107.75,9690.0,KC=F,USX,NYB
2008-10-28,108.94999694824219,110.9000015258789,107.0,107.69999694824219,107.69999694824219,6417.0,KC=F,USX,NYB
2008-10-29,109.25,114.1500015258789,109.25,112.19999694824219,112.19999694824219,9416.0,KC=F,USX,NYB
2008-10-30,114.4000015258789,114.6500015258789,110.5,111.0,111.0,8821.0,KC=F,USX,NYB
2008-10-31,111.0,114.05000305175781,109.1500015258789,113.0,113.0,8821.0,KC=F,USX,NYB
2008-11-03,114.0,114.5,111.5,112.3499984741211,112.3499984741211,7166.0,KC=F,USX,NYB
2008-11-04,113.0,117.94999694824219,112.25,116.69999694824219,116.69999694824219,12097.0,KC=F,USX,NYB
2008-11-05,116.5,118.5,115.0,116.4000015258789,116.4000015258789,10092.0,KC=F,USX,NYB
2008-11-06,115.69999694824219,116.25,109.3499984741211,111.0,111.0,13906.0,KC=F,USX,NYB
2008-11-07,111.0,112.6500015258789,110.6500015258789,112.0999984741211,112.0999984741211,13906.0,KC=F,USX,NYB
2008-11-10,112.94999694824219,116.5,112.4000015258789,112.80000305175781,112.80000305175781,19186.0,KC=F,USX,NYB
2008-11-11,112.69999694824219,114.0,111.75,112.30000305175781,112.30000305175781,14772.0,KC=F,USX,NYB
2008-11-12,113.30000305175781,113.55000305175781,111.1500015258789,111.75,111.75,12387.0,KC=F,USX,NYB
2008-11-13,111.75,114.9000015258789,110.30000305175781,110.4000015258789,110.4000015258789,14559.0,KC=F,USX,NYB
2008-11-14,111.5,112.55000305175781,110.5,110.94999694824219,110.94999694824219,14559.0,KC=F,USX,NYB
2008-11-17,110.94999694824219,112.0,106.25,110.55000305175781,110.55000305175781,8952.0,KC=F,USX,NYB
2008-11-18,109.75,111.94999694824219,109.75,110.5999984741211,110.5999984741211,4543.0,KC=F,USX,NYB
2008-11-19,111.3499984741211,114.25,109.19999694824219,111.0,111.0,603.0,KC=F,USX,NYB
2008-11-20,110.0999984741211,111.1500015258789,107.94999694824219,108.30000305175781,108.30000305175781,390.0,KC=F,USX,NYB
2008-11-21,108.4000015258789,110.8499984741211,108.4000015258789,108.94999694824219,108.94999694824219,390.0,KC=F,USX,NYB
2008-11-24,109.6500015258789,113.3499984741211,109.6500015258789,112.19999694824219,112.19999694824219,269.0,KC=F,USX,NYB
2008-11-25,114.25,114.25,112.0,112.5,112.5,114.0,KC=F,USX,NYB
2008-11-26,112.5,114.19999694824219,111.94999694824219,114.0999984741211,114.0999984741211,114.0,KC=F,USX,NYB
2008-11-28,114.0999984741211,114.0999984741211,114.0999984741211,114.0999984741211,114.0999984741211,114.0,KC=F,USX,NYB
2008-12-01,113.1500015258789,113.19999694824219,111.30000305175781,111.6500015258789,111.6500015258789,64.0,KC=F,USX,NYB
2008-12-02,112.0,112.0,109.8499984741211,110.25,110.25,74.0,KC=F,USX,NYB
2008-12-03,110.5,110.5,108.75,109.5999984741211,109.5999984741211,15.0,KC=F,USX,NYB
2008-12-04,109.0,109.0,105.0,104.5,104.5,61.0,KC=F,USX,NYB
2008-12-05,104.0,104.0,101.69999694824219,101.5999984741211,101.5999984741211,61.0,KC=F,USX,NYB
2008-12-08,106.3499984741211,107.80000305175781,106.3499984741211,107.75,107.75,6.0,KC=F,USX,NYB
2008-12-09,107.25,108.5999984741211,107.25,108.05000305175781,108.05000305175781,6.0,KC=F,USX,NYB
2008-12-10,108.25,108.4000015258789,108.25,108.44999694824219,108.44999694824219,8.0,KC=F,USX,NYB
2008-12-11,110.4000015258789,111.75,110.4000015258789,111.05000305175781,111.05000305175781,0.0,KC=F,USX,NYB
2008-12-12,109.8499984741211,109.8499984741211,109.8499984741211,109.8499984741211,109.8499984741211,0.0,KC=F,USX,NYB
2008-12-15,111.44999694824219,111.44999694824219,111.44999694824219,108.30000305175781,108.30000305175781,1.0,KC=F,USX,NYB
2008-12-16,110.19999694824219,111.25,110.0,109.5999984741211,109.5999984741211,0.0,KC=F,USX,NYB
2008-12-17,110.5,110.5,110.5,110.5,110.5,0.0,KC=F,USX,NYB
2008-12-18,111.6500015258789,111.6500015258789,111.6500015258789,110.69999694824219,110.69999694824219,4527.0,KC=F,USX,NYB
2008-12-19,112.25,112.3499984741211,110.25,110.94999694824219,110.94999694824219,4527.0,KC=F,USX,NYB
2008-12-22,111.0,111.25,107.05000305175781,108.3499984741211,108.3499984741211,6175.0,KC=F,USX,NYB
2008-12-23,108.0,108.9000015258789,107.05000305175781,107.44999694824219,107.44999694824219,2843.0,KC=F,USX,NYB
2008-12-24,107.5,108.55000305175781,107.3499984741211,108.05000305175781,108.05000305175781,2843.0,KC=F,USX,NYB
2008-12-26,108.30000305175781,109.3499984741211,107.94999694824219,108.4000015258789,108.4000015258789,2843.0,KC=F,USX,NYB
2008-12-29,108.25,109.3499984741211,106.25,106.6500015258789,106.6500015258789,3899.0,KC=F,USX,NYB
2008-12-30,106.5999984741211,108.0,106.55000305175781,107.55000305175781,107.55000305175781,2509.0,KC=F,USX,NYB
2008-12-31,107.75,113.0,107.25,112.05000305175781,112.05000305175781,2509.0,KC=F,USX,NYB
2009-01-02,111.8499984741211,112.05000305175781,109.0999984741211,110.9000015258789,110.9000015258789,2509.0,KC=F,USX,NYB
2009-01-05,110.9000015258789,111.5999984741211,106.05000305175781,107.69999694824219,107.69999694824219,12052.0,KC=F,USX,NYB
2009-01-06,108.5,116.69999694824219,108.25,116.0999984741211,116.0999984741211,21427.0,KC=F,USX,NYB
2009-01-07,116.0,117.19999694824219,113.75,114.19999694824219,114.19999694824219,11618.0,KC=F,USX,NYB
2009-01-08,113.69999694824219,116.4000015258789,113.05000305175781,113.44999694824219,113.44999694824219,7952.0,KC=F,USX,NYB
2009-01-09,114.05000305175781,119.5,113.75,116.9000015258789,116.9000015258789,7952.0,KC=F,USX,NYB
2009-01-12,116.75,118.8499984741211,114.30000305175781,114.5,114.5,8213.0,KC=F,USX,NYB
2009-01-13,114.05000305175781,116.8499984741211,113.55000305175781,114.75,114.75,7784.0,KC=F,USX,NYB
2009-01-14,115.80000305175781,116.6500015258789,114.3499984741211,114.6500015258789,114.6500015258789,6926.0,KC=F,USX,NYB
2009-01-15,115.0,115.6500015258789,113.25,113.9000015258789,113.9000015258789,7020.0,KC=F,USX,NYB
2009-01-16,115.5,117.5,115.0,115.80000305175781,115.80000305175781,7020.0,KC=F,USX,NYB
2009-01-20,115.1500015258789,116.3499984741211,113.9000015258789,114.9000015258789,114.9000015258789,5587.0,KC=F,USX,NYB
2009-01-21,115.0,118.0,112.69999694824219,117.55000305175781,117.55000305175781,12200.0,KC=F,USX,NYB
2009-01-22,117.75,120.4000015258789,117.55000305175781,119.44999694824219,119.44999694824219,17634.0,KC=F,USX,NYB
2009-01-23,119.0,120.5999984741211,118.0,119.6500015258789,119.6500015258789,17634.0,KC=F,USX,NYB
2009-01-26,119.05000305175781,122.5,118.75,122.19999694824219,122.19999694824219,8555.0,KC=F,USX,NYB
2009-01-27,122.44999694824219,123.4000015258789,120.3499984741211,121.9000015258789,121.9000015258789,10006.0,KC=F,USX,NYB
2009-01-28,122.0,122.75,120.9000015258789,122.5,122.5,5139.0,KC=F,USX,NYB
2009-01-29,122.30000305175781,122.5,120.6500015258789,121.5,121.5,5765.0,KC=F,USX,NYB
2009-01-30,121.30000305175781,121.8499984741211,117.9000015258789,118.9000015258789,118.9000015258789,5765.0,KC=F,USX,NYB
2009-02-02,118.9000015258789,120.5,117.0,119.75,119.75,9806.0,KC=F,USX,NYB
2009-02-03,119.75,120.19999694824219,117.80000305175781,119.25,119.25,9464.0,KC=F,USX,NYB
2009-02-04,119.1500015258789,119.25,115.30000305175781,115.9000015258789,115.9000015258789,13296.0,KC=F,USX,NYB
2009-02-05,115.8499984741211,119.8499984741211,114.0999984741211,119.19999694824219,119.19999694824219,13370.0,KC=F,USX,NYB
2009-02-06,118.9000015258789,120.75,117.75,119.55000305175781,119.55000305175781,13370.0,KC=F,USX,NYB
2009-02-09,119.19999694824219,122.1500015258789,118.25,121.4000015258789,121.4000015258789,15151.0,KC=F,USX,NYB
2009-02-10,120.75,121.4000015258789,116.4000015258789,116.8499984741211,116.8499984741211,16438.0,KC=F,USX,NYB
2009-02-11,116.6500015258789,118.0999984741211,115.44999694824219,115.80000305175781,115.80000305175781,14890.0,KC=F,USX,NYB
2009-02-12,115.80000305175781,116.44999694824219,111.4000015258789,112.1500015258789,112.1500015258789,22167.0,KC=F,USX,NYB
2009-02-13,112.75,113.55000305175781,111.1500015258789,112.3499984741211,112.3499984741211,22167.0,KC=F,USX,NYB
2009-02-17,112.3499984741211,112.3499984741211,110.0,110.3499984741211,110.3499984741211,8296.0,KC=F,USX,NYB
2009-02-18,110.19999694824219,110.9000015258789,108.30000305175781,108.8499984741211,108.8499984741211,5184.0,KC=F,USX,NYB
2009-02-19,108.69999694824219,110.5999984741211,108.6500015258789,109.69999694824219,109.69999694824219,1233.0,KC=F,USX,NYB
2009-02-20,109.5999984741211,109.94999694824219,108.25,108.9000015258789,108.9000015258789,1233.0,KC=F,USX,NYB
2009-02-23,110.19999694824219,111.8499984741211,109.80000305175781,110.8499984741211,110.8499984741211,111.0,KC=F,USX,NYB
2009-02-24,110.69999694824219,111.69999694824219,110.05000305175781,111.19999694824219,111.19999694824219,56.0,KC=F,USX,NYB
2009-02-25,111.05000305175781,111.5999984741211,110.1500015258789,110.6500015258789,110.6500015258789,60.0,KC=F,USX,NYB
2009-02-26,111.05000305175781,111.5999984741211,110.19999694824219,110.69999694824219,110.69999694824219,39.0,KC=F,USX,NYB
2009-02-27,110.44999694824219,110.69999694824219,108.0,109.44999694824219,109.44999694824219,39.0,KC=F,USX,NYB
2009-03-02,109.44999694824219,109.44999694824219,103.80000305175781,103.55000305175781,103.55000305175781,54.0,KC=F,USX,NYB
2009-03-03,104.3499984741211,104.94999694824219,104.30000305175781,104.0999984741211,104.0999984741211,35.0,KC=F,USX,NYB
2009-03-04,107.0999984741211,107.0999984741211,107.0999984741211,106.30000305175781,106.30000305175781,11.0,KC=F,USX,NYB
2009-03-05,106.0999984741211,106.0999984741211,105.0,106.55000305175781,106.55000305175781,8.0,KC=F,USX,NYB
2009-03-06,106.6500015258789,106.6500015258789,105.5,105.30000305175781,105.30000305175781,8.0,KC=F,USX,NYB
2009-03-09,105.25,105.25,103.30000305175781,104.19999694824219,104.19999694824219,6.0,KC=F,USX,NYB
2009-03-10,103.6500015258789,103.6500015258789,103.6500015258789,103.8499984741211,103.8499984741211,9.0,KC=F,USX,NYB
2009-03-11,105.0,105.0,105.0,104.94999694824219,104.94999694824219,5.0,KC=F,USX,NYB
2009-03-12,109.30000305175781,109.30000305175781,108.44999694824219,108.44999694824219,108.44999694824219,2.0,KC=F,USX,NYB
2009-03-13,108.4000015258789,108.4000015258789,108.4000015258789,108.30000305175781,108.30000305175781,2.0,KC=F,USX,NYB
2009-03-16,109.0999984741211,109.69999694824219,107.5999984741211,108.8499984741211,108.8499984741211,22.0,KC=F,USX,NYB
2009-03-17,110.44999694824219,110.44999694824219,110.44999694824219,109.25,109.25,0.0,KC=F,USX,NYB
2009-03-18,111.1500015258789,111.1500015258789,111.1500015258789,111.1500015258789,111.1500015258789,3.0,KC=F,USX,NYB
2009-03-19,115.3499984741211,115.3499984741211,113.44999694824219,114.19999694824219,114.19999694824219,16945.0,KC=F,USX,NYB
2009-03-20,115.69999694824219,118.0999984741211,115.1500015258789,116.19999694824219,116.19999694824219,0.0,KC=F,USX,NYB
2009-03-23,116.55000305175781,117.6500015258789,115.9000015258789,117.5,117.5,7888.0,KC=F,USX,NYB
2009-03-24,117.0,117.9000015258789,116.25,116.75,116.75,7306.0,KC=F,USX,NYB
2009-03-25,116.30000305175781,117.19999694824219,115.30000305175781,116.69999694824219,116.69999694824219,7619.0,KC=F,USX,NYB
2009-03-26,117.0,119.19999694824219,117.0,117.3499984741211,117.3499984741211,9527.0,KC=F,USX,NYB
2009-03-27,117.4000015258789,117.6500015258789,114.55000305175781,115.8499984741211,115.8499984741211,9527.0,KC=F,USX,NYB
2009-03-30,115.5,115.55000305175781,112.8499984741211,113.0,113.0,10239.0,KC=F,USX,NYB
2009-03-31,113.3499984741211,116.1500015258789,113.30000305175781,115.75,115.75,9116.0,KC=F,USX,NYB
2009-04-01,115.55000305175781,116.05000305175781,114.1500015258789,114.5,114.5,8876.0,KC=F,USX,NYB
2009-04-02,114.6500015258789,118.1500015258789,114.6500015258789,116.80000305175781,116.80000305175781,10572.0,KC=F,USX,NYB
2009-04-03,116.80000305175781,119.4000015258789,115.9000015258789,118.4000015258789,118.4000015258789,10572.0,KC=F,USX,NYB
2009-04-06,119.0,119.30000305175781,116.4000015258789,117.5,117.5,6936.0,KC=F,USX,NYB
2009-04-07,117.19999694824219,118.3499984741211,116.05000305175781,117.5,117.5,10384.0,KC=F,USX,NYB
2009-04-08,117.0,118.80000305175781,116.80000305175781,118.19999694824219,118.19999694824219,11305.0,KC=F,USX,NYB
2009-04-09,118.44999694824219,120.0,118.25,119.30000305175781,119.30000305175781,11305.0,KC=F,USX,NYB
2009-04-13,119.1500015258789,120.30000305175781,113.0,115.19999694824219,115.19999694824219,16216.0,KC=F,USX,NYB
2009-04-14,115.30000305175781,116.0999984741211,113.5,115.4000015258789,115.4000015258789,16362.0,KC=F,USX,NYB
2009-04-15,115.0,116.4000015258789,114.30000305175781,115.69999694824219,115.69999694824219,12961.0,KC=F,USX,NYB
2009-04-16,115.5,116.3499984741211,113.3499984741211,113.75,113.75,6015.0,KC=F,USX,NYB
2009-04-17,113.75,114.5,111.05000305175781,111.8499984741211,111.8499984741211,6015.0,KC=F,USX,NYB
2009-04-20,112.44999694824219,112.5,111.0,111.6500015258789,111.6500015258789,7693.0,KC=F,USX,NYB
2009-04-21,111.6500015258789,112.5,110.80000305175781,112.25,112.25,9518.0,KC=F,USX,NYB
2009-04-22,112.44999694824219,117.5,111.4000015258789,116.94999694824219,116.94999694824219,1096.0,KC=F,USX,NYB
2009-04-23,116.19999694824219,118.1500015258789,116.19999694824219,117.75,117.75,266.0,KC=F,USX,NYB
2009-04-24,117.5999984741211,118.94999694824219,116.55000305175781,119.0,119.0,266.0,KC=F,USX,NYB
2009-04-27,117.6500015258789,117.6500015258789,114.0,114.9000015258789,114.9000015258789,361.0,KC=F,USX,NYB
2009-04-28,114.9000015258789,115.94999694824219,114.0,115.69999694824219,115.69999694824219,114.0,KC=F,USX,NYB
2009-04-29,116.0,116.5,115.9000015258789,116.05000305175781,116.05000305175781,46.0,KC=F,USX,NYB
2009-04-30,116.6500015258789,116.6500015258789,113.5,115.0,115.0,80.0,KC=F,USX,NYB
2009-05-01,119.9000015258789,120.0,119.75,119.8499984741211,119.8499984741211,80.0,KC=F,USX,NYB
2009-05-04,120.0,120.55000305175781,120.0,120.19999694824219,120.19999694824219,17.0,KC=F,USX,NYB
2009-05-05,122.4000015258789,123.4000015258789,122.4000015258789,123.6500015258789,123.6500015258789,11.0,KC=F,USX,NYB
2009-05-06,122.8499984741211,124.19999694824219,122.8499984741211,123.94999694824219,123.94999694824219,12.0,KC=F,USX,NYB
2009-05-07,123.05000305175781,124.44999694824219,123.05000305175781,123.6500015258789,123.6500015258789,0.0,KC=F,USX,NYB
2009-05-08,125.69999694824219,125.69999694824219,125.69999694824219,125.69999694824219,125.69999694824219,0.0,KC=F,USX,NYB
2009-05-11,128.5,128.5,126.5,127.8499984741211,127.8499984741211,0.0,KC=F,USX,NYB
2009-05-12,128.14999389648438,128.14999389648438,128.14999389648438,128.14999389648438,128.14999389648438,0.0,KC=F,USX,NYB
2009-05-13,127.5,127.5,126.5,126.9000015258789,126.9000015258789,27.0,KC=F,USX,NYB
2009-05-14,125.9000015258789,128.0,125.5,127.94999694824219,127.94999694824219,35.0,KC=F,USX,NYB
2009-05-15,127.3499984741211,129.10000610351562,127.30000305175781,127.55000305175781,127.55000305175781,35.0,KC=F,USX,NYB
2009-05-18,127.1500015258789,129.0500030517578,127.1500015258789,129.39999389648438,129.39999389648438,5316.0,KC=F,USX,NYB
2009-05-19,129.39999389648438,132.4499969482422,129.10000610351562,132.3000030517578,132.3000030517578,8977.0,KC=F,USX,NYB
2009-05-20,131.85000610351562,134.60000610351562,130.75,133.3000030517578,133.3000030517578,11138.0,KC=F,USX,NYB
2009-05-21,133.10000610351562,135.9499969482422,131.75,135.8000030517578,135.8000030517578,8569.0,KC=F,USX,NYB
2009-05-22,135.60000610351562,137.39999389648438,133.64999389648438,135.0,135.0,8569.0,KC=F,USX,NYB
2009-05-26,134.39999389648438,137.14999389648438,131.60000610351562,136.4499969482422,136.4499969482422,9321.0,KC=F,USX,NYB
2009-05-27,136.6999969482422,137.8000030517578,134.10000610351562,135.5,135.5,9776.0,KC=F,USX,NYB
2009-05-28,133.5,137.39999389648438,133.0500030517578,136.8000030517578,136.8000030517578,8499.0,KC=F,USX,NYB
2009-05-29,136.5,138.85000610351562,135.8000030517578,137.39999389648438,137.39999389648438,8499.0,KC=F,USX,NYB
2009-06-01,137.0,142.75,136.64999389648438,142.25,142.25,10075.0,KC=F,USX,NYB
2009-06-02,141.5,142.89999389648438,140.0,142.0,142.0,9460.0,KC=F,USX,NYB
2009-06-03,142.0,142.25,135.0,138.35000610351562,138.35000610351562,12243.0,KC=F,USX,NYB
2009-06-04,138.35000610351562,139.5,136.0500030517578,139.1999969482422,139.1999969482422,8460.0,KC=F,USX,NYB
2009-06-05,139.14999389648438,139.5,133.5500030517578,133.85000610351562,133.85000610351562,8460.0,KC=F,USX,NYB
2009-06-08,133.60000610351562,133.85000610351562,128.5,130.0500030517578,130.0500030517578,18730.0,KC=F,USX,NYB
2009-06-09,130.9499969482422,132.25,130.4499969482422,131.14999389648438,131.14999389648438,12469.0,KC=F,USX,NYB
2009-06-10,132.0,132.0,127.94999694824219,130.3000030517578,130.3000030517578,14511.0,KC=F,USX,NYB
2009-06-11,130.8000030517578,131.89999389648438,129.14999389648438,131.60000610351562,131.60000610351562,11268.0,KC=F,USX,NYB
2009-06-12,131.35000610351562,131.35000610351562,128.25,129.5500030517578,129.5500030517578,11268.0,KC=F,USX,NYB
2009-06-15,128.89999389648438,129.0500030517578,121.1500015258789,121.3499984741211,121.3499984741211,17659.0,KC=F,USX,NYB
2009-06-16,122.0999984741211,123.44999694824219,121.5,122.4000015258789,122.4000015258789,8080.0,KC=F,USX,NYB
2009-06-17,123.0999984741211,123.25,118.30000305175781,118.44999694824219,118.44999694824219,8039.0,KC=F,USX,NYB
2009-06-18,119.30000305175781,121.30000305175781,117.80000305175781,120.44999694824219,120.44999694824219,6051.0,KC=F,USX,NYB
2009-06-19,120.19999694824219,120.5999984741211,116.55000305175781,116.69999694824219,116.69999694824219,6051.0,KC=F,USX,NYB
2009-06-22,116.94999694824219,117.9000015258789,116.3499984741211,117.69999694824219,117.69999694824219,681.0,KC=F,USX,NYB
2009-06-23,117.1500015258789,118.0,115.1500015258789,116.1500015258789,116.1500015258789,267.0,KC=F,USX,NYB
2009-06-24,115.69999694824219,118.1500015258789,115.6500015258789,116.1500015258789,116.1500015258789,128.0,KC=F,USX,NYB
2009-06-25,116.69999694824219,118.0,115.0,117.55000305175781,117.55000305175781,63.0,KC=F,USX,NYB
2009-06-26,117.80000305175781,118.0,116.94999694824219,116.75,116.75,63.0,KC=F,USX,NYB
2009-06-29,116.6500015258789,118.80000305175781,116.6500015258789,117.8499984741211,117.8499984741211,45.0,KC=F,USX,NYB
2009-06-30,118.0,118.5,116.75,117.30000305175781,117.30000305175781,18.0,KC=F,USX,NYB
2009-07-01,118.05000305175781,118.4000015258789,116.5,116.4000015258789,116.4000015258789,28.0,KC=F,USX,NYB
2009-07-02,116.4000015258789,116.8499984741211,115.0,115.05000305175781,115.05000305175781,0.0,KC=F,USX,NYB
2009-07-06,115.0999984741211,115.75,114.0,115.4000015258789,115.4000015258789,28.0,KC=F,USX,NYB
2009-07-07,114.80000305175781,114.8499984741211,114.19999694824219,114.0,114.0,8.0,KC=F,USX,NYB
2009-07-08,113.0,113.0,113.0,113.0,113.0,0.0,KC=F,USX,NYB
2009-07-09,113.55000305175781,113.55000305175781,113.55000305175781,113.55000305175781,113.55000305175781,2.0,KC=F,USX,NYB
2009-07-10,112.0,112.0,112.0,112.30000305175781,112.30000305175781,2.0,KC=F,USX,NYB
2009-07-13,111.5,112.30000305175781,111.5,112.30000305175781,112.30000305175781,13.0,KC=F,USX,NYB
2009-07-14,113.19999694824219,113.75,113.19999694824219,112.9000015258789,112.9000015258789,15.0,KC=F,USX,NYB
2009-07-15,114.5999984741211,114.5999984741211,114.5999984741211,115.6500015258789,115.6500015258789,2.0,KC=F,USX,NYB
2009-07-16,115.55000305175781,115.55000305175781,113.5,113.5,113.5,0.0,KC=F,USX,NYB
2009-07-17,116.25,116.25,116.25,116.25,116.25,0.0,KC=F,USX,NYB
2009-07-20,118.0,118.0,116.8499984741211,119.75,119.75,5.0,KC=F,USX,NYB
2009-07-21,121.0,121.0999984741211,120.4000015258789,119.94999694824219,119.94999694824219,6934.0,KC=F,USX,NYB
2009-07-22,122.55000305175781,123.30000305175781,116.3499984741211,120.0999984741211,120.0999984741211,11665.0,KC=F,USX,NYB
2009-07-23,120.5,125.44999694824219,119.6500015258789,124.55000305175781,124.55000305175781,13489.0,KC=F,USX,NYB
2009-07-24,124.55000305175781,125.4000015258789,123.4000015258789,123.94999694824219,123.94999694824219,11665.0,KC=F,USX,NYB
2009-07-27,124.0,125.0,122.9000015258789,124.44999694824219,124.44999694824219,4744.0,KC=F,USX,NYB
2009-07-28,125.0,126.30000305175781,120.30000305175781,122.80000305175781,122.80000305175781,11665.0,KC=F,USX,NYB
2009-07-29,122.4000015258789,124.4000015258789,121.25,122.8499984741211,122.8499984741211,8288.0,KC=F,USX,NYB
2009-07-30,123.4000015258789,125.9000015258789,123.0999984741211,124.94999694824219,124.94999694824219,8407.0,KC=F,USX,NYB
2009-07-31,125.0999984741211,128.0,123.5999984741211,127.8499984741211,127.8499984741211,10709.0,KC=F,USX,NYB
2009-08-03,128.14999389648438,133.39999389648438,128.0500030517578,133.0500030517578,133.0500030517578,13290.0,KC=F,USX,NYB
2009-08-04,132.60000610351562,134.10000610351562,131.3000030517578,133.0,133.0,9577.0,KC=F,USX,NYB
2009-08-05,133.0,133.85000610351562,130.60000610351562,131.5,131.5,7669.0,KC=F,USX,NYB
2009-08-06,132.1999969482422,134.75,131.5,134.6999969482422,134.6999969482422,9710.0,KC=F,USX,NYB
2009-08-07,134.39999389648438,138.0500030517578,133.10000610351562,137.89999389648438,137.89999389648438,16047.0,KC=F,USX,NYB
2009-08-10,137.35000610351562,138.60000610351562,134.89999389648438,135.85000610351562,135.85000610351562,10196.0,KC=F,USX,NYB
2009-08-11,135.8000030517578,137.39999389648438,134.14999389648438,136.89999389648438,136.89999389648438,13224.0,KC=F,USX,NYB
2009-08-12,136.1999969482422,137.3000030517578,134.9499969482422,135.5500030517578,135.5500030517578,12473.0,KC=F,USX,NYB
2009-08-13,135.5,136.3000030517578,131.6999969482422,132.75,132.75,14003.0,KC=F,USX,NYB
2009-08-14,132.60000610351562,133.4499969482422,128.1999969482422,128.9499969482422,128.9499969482422,12824.0,KC=F,USX,NYB
2009-08-17,127.94999694824219,127.94999694824219,124.25,125.44999694824219,125.44999694824219,10160.0,KC=F,USX,NYB
2009-08-18,125.9000015258789,126.1500015258789,123.0,124.75,124.75,4842.0,KC=F,USX,NYB
2009-08-19,124.75,125.5,123.4000015258789,125.3499984741211,125.3499984741211,4842.0,KC=F,USX,NYB
2009-08-20,125.4000015258789,125.5,122.44999694824219,122.69999694824219,122.69999694824219,9713.0,KC=F,USX,NYB
2009-08-21,122.0,125.5999984741211,122.0,123.69999694824219,123.69999694824219,558.0,KC=F,USX,NYB
2009-08-24,123.69999694824219,124.5,121.0,121.0,121.0,287.0,KC=F,USX,NYB
2009-08-25,121.0999984741211,122.1500015258789,120.0,120.05000305175781,120.05000305175781,288.0,KC=F,USX,NYB
2009-08-26,120.4000015258789,123.5999984741211,119.9000015258789,123.5999984741211,123.5999984741211,215.0,KC=F,USX,NYB
2009-08-27,124.19999694824219,124.19999694824219,120.3499984741211,120.1500015258789,120.1500015258789,131.0,KC=F,USX,NYB
2009-08-28,121.25,122.0,120.6500015258789,121.0999984741211,121.0999984741211,57.0,KC=F,USX,NYB
2009-08-31,120.8499984741211,121.0,118.5999984741211,120.9000015258789,120.9000015258789,33.0,KC=F,USX,NYB
2009-09-01,120.69999694824219,120.9000015258789,119.4000015258789,119.19999694824219,119.19999694824219,12.0,KC=F,USX,NYB
2009-09-02,119.19999694824219,120.69999694824219,119.19999694824219,120.4000015258789,120.4000015258789,6.0,KC=F,USX,NYB
2009-09-03,122.0,122.0,119.6500015258789,119.80000305175781,119.80000305175781,19.0,KC=F,USX,NYB
2009-09-04,119.5,120.4000015258789,119.5,122.8499984741211,122.8499984741211,0.0,KC=F,USX,NYB
2009-09-08,125.69999694824219,125.69999694824219,121.80000305175781,123.0,123.0,8.0,KC=F,USX,NYB
2009-09-09,122.69999694824219,123.25,122.69999694824219,123.69999694824219,123.69999694824219,10.0,KC=F,USX,NYB
2009-09-10,123.19999694824219,123.19999694824219,122.94999694824219,123.4000015258789,123.4000015258789,6.0,KC=F,USX,NYB
2009-09-11,124.55000305175781,125.5999984741211,124.55000305175781,125.30000305175781,125.30000305175781,11.0,KC=F,USX,NYB
2009-09-14,124.69999694824219,131.6999969482422,123.1500015258789,132.10000610351562,132.10000610351562,0.0,KC=F,USX,NYB
2009-09-15,133.60000610351562,133.60000610351562,133.60000610351562,133.60000610351562,133.60000610351562,22.0,KC=F,USX,NYB
2009-09-16,133.5,134.75,132.1999969482422,133.1999969482422,133.1999969482422,36.0,KC=F,USX,NYB
2009-09-17,135.5,135.5,135.0,135.0500030517578,135.0500030517578,14.0,KC=F,USX,NYB
2009-09-18,134.10000610351562,134.10000610351562,134.10000610351562,134.8000030517578,134.8000030517578,9374.0,KC=F,USX,NYB
2009-09-21,135.60000610351562,138.3000030517578,135.10000610351562,135.64999389648438,135.64999389648438,7721.0,KC=F,USX,NYB
2009-09-22,136.0,138.25,135.10000610351562,138.0500030517578,138.0500030517578,10557.0,KC=F,USX,NYB
2009-09-23,137.5,138.25,135.0500030517578,136.39999389648438,136.39999389648438,7383.0,KC=F,USX,NYB
2009-09-24,135.5,135.75,128.5,129.3000030517578,129.3000030517578,16185.0,KC=F,USX,NYB
2009-09-25,129.3000030517578,129.85000610351562,127.0999984741211,127.69999694824219,127.69999694824219,7038.0,KC=F,USX,NYB
2009-09-28,127.3499984741211,128.5500030517578,127.0,127.1500015258789,127.1500015258789,4571.0,KC=F,USX,NYB
2009-09-29,127.1500015258789,127.4000015258789,125.30000305175781,125.5,125.5,9034.0,KC=F,USX,NYB
2009-09-30,125.6500015258789,128.0,125.55000305175781,127.80000305175781,127.80000305175781,6851.0,KC=F,USX,NYB
2009-10-01,127.5,129.75,125.9000015258789,126.69999694824219,126.69999694824219,10202.0,KC=F,USX,NYB
2009-10-02,126.69999694824219,130.0,126.25,129.6999969482422,129.6999969482422,8171.0,KC=F,USX,NYB
2009-10-05,129.6999969482422,131.64999389648438,128.85000610351562,129.4499969482422,129.4499969482422,8499.0,KC=F,USX,NYB
2009-10-06,130.0,135.35000610351562,129.6999969482422,133.60000610351562,133.60000610351562,11728.0,KC=F,USX,NYB
2009-10-07,133.60000610351562,135.35000610351562,133.0500030517578,134.25,134.25,6781.0,KC=F,USX,NYB
2009-10-08,135.0,139.0,134.89999389648438,137.89999389648438,137.89999389648438,12736.0,KC=F,USX,NYB
2009-10-09,137.0,138.9499969482422,135.1999969482422,135.64999389648438,135.64999389648438,8767.0,KC=F,USX,NYB
2009-10-12,135.25,138.89999389648438,133.60000610351562,138.0500030517578,138.0500030517578,8677.0,KC=F,USX,NYB
2009-10-13,138.14999389648438,139.75,135.8000030517578,138.4499969482422,138.4499969482422,9444.0,KC=F,USX,NYB
2009-10-14,138.75,139.4499969482422,138.0,139.25,139.25,6502.0,KC=F,USX,NYB
2009-10-15,139.25,139.4499969482422,136.3000030517578,137.75,137.75,8726.0,KC=F,USX,NYB
2009-10-16,137.75,143.0,136.60000610351562,142.85000610351562,142.85000610351562,17109.0,KC=F,USX,NYB
2009-10-19,142.85000610351562,145.39999389648438,141.25,144.25,144.25,11532.0,KC=F,USX,NYB
2009-10-20,144.0,144.0,140.0,141.8000030517578,141.8000030517578,9760.0,KC=F,USX,NYB
2009-10-21,141.85000610351562,144.39999389648438,140.0,144.3000030517578,144.3000030517578,9349.0,KC=F,USX,NYB
2009-10-22,143.5500030517578,143.8000030517578,140.3000030517578,143.64999389648438,143.64999389648438,11317.0,KC=F,USX,NYB
2009-10-23,143.25,143.25,135.9499969482422,137.14999389648438,137.14999389648438,16884.0,KC=F,USX,NYB
2009-10-26,136.75,139.1999969482422,134.1999969482422,136.5,136.5,12861.0,KC=F,USX,NYB
2009-10-27,136.39999389648438,137.6999969482422,135.39999389648438,136.35000610351562,136.35000610351562,7117.0,KC=F,USX,NYB
2009-10-28,136.35000610351562,136.5500030517578,132.9499969482422,134.60000610351562,134.60000610351562,10271.0,KC=F,USX,NYB
2009-10-29,134.5,137.5500030517578,133.5500030517578,136.75,136.75,11592.0,KC=F,USX,NYB
2009-10-30,136.9499969482422,138.5,133.85000610351562,135.5,135.5,12062.0,KC=F,USX,NYB
2009-11-02,135.0,143.10000610351562,134.9499969482422,142.35000610351562,142.35000610351562,21953.0,KC=F,USX,NYB
2009-11-03,141.75,142.0500030517578,139.0,141.10000610351562,141.10000610351562,12989.0,KC=F,USX,NYB
2009-11-04,141.10000610351562,142.9499969482422,139.6999969482422,140.75,140.75,10810.0,KC=F,USX,NYB
2009-11-05,140.5500030517578,144.0,139.75,142.10000610351562,142.10000610351562,17053.0,KC=F,USX,NYB
2009-11-06,142.10000610351562,143.14999389648438,138.10000610351562,138.89999389648438,138.89999389648438,15652.0,KC=F,USX,NYB
2009-11-09,139.5,142.25,139.10000610351562,140.0500030517578,140.0500030517578,11836.0,KC=F,USX,NYB
2009-11-10,139.4499969482422,140.10000610351562,133.14999389648438,134.0500030517578,134.0500030517578,20703.0,KC=F,USX,NYB
2009-11-11,134.5500030517578,136.0,132.0,132.6999969482422,132.6999969482422,14494.0,KC=F,USX,NYB
2009-11-12,132.6999969482422,132.85000610351562,130.0,130.64999389648438,130.64999389648438,21951.0,KC=F,USX,NYB
2009-11-13,130.10000610351562,132.60000610351562,130.0,131.10000610351562,131.10000610351562,14864.0,KC=F,USX,NYB
2009-11-16,132.60000610351562,137.25,132.10000610351562,136.35000610351562,136.35000610351562,15029.0,KC=F,USX,NYB
2009-11-17,136.5,136.5,134.1999969482422,135.75,135.75,17054.0,KC=F,USX,NYB
2009-11-18,136.0500030517578,140.0,136.0500030517578,138.0500030517578,138.0500030517578,9070.0,KC=F,USX,NYB
2009-11-19,138.14999389648438,138.14999389648438,133.5,135.0500030517578,135.0500030517578,3595.0,KC=F,USX,NYB
2009-11-20,135.0500030517578,136.25,134.0,134.60000610351562,134.60000610351562,564.0,KC=F,USX,NYB
2009-11-23,138.1999969482422,138.1999969482422,136.25,136.3000030517578,136.3000030517578,442.0,KC=F,USX,NYB
2009-11-24,136.0500030517578,137.0500030517578,135.5,136.0500030517578,136.0500030517578,296.0,KC=F,USX,NYB
2009-11-25,137.0500030517578,139.10000610351562,137.0,138.8000030517578,138.8000030517578,0.0,KC=F,USX,NYB
2009-11-27,137.5,138.0,134.0,137.9499969482422,137.9499969482422,315.0,KC=F,USX,NYB
2009-11-30,137.9499969482422,142.14999389648438,137.9499969482422,141.75,141.75,207.0,KC=F,USX,NYB
2009-12-01,142.5,143.6999969482422,142.0,142.5,142.5,127.0,KC=F,USX,NYB
2009-12-02,142.75,144.10000610351562,142.10000610351562,143.1999969482422,143.1999969482422,80.0,KC=F,USX,NYB
2009-12-03,144.0,144.8000030517578,143.64999389648438,144.14999389648438,144.14999389648438,20.0,KC=F,USX,NYB
2009-12-04,144.5,144.5,140.0,141.10000610351562,141.10000610351562,61.0,KC=F,USX,NYB
2009-12-07,141.85000610351562,147.0500030517578,141.0,146.25,146.25,26.0,KC=F,USX,NYB
2009-12-08,146.14999389648438,146.14999389648438,144.0,143.64999389648438,143.64999389648438,28.0,KC=F,USX,NYB
2009-12-09,145.4499969482422,145.89999389648438,141.39999389648438,141.5500030517578,141.5500030517578,35.0,KC=F,USX,NYB
2009-12-10,142.5500030517578,142.89999389648438,142.5,142.64999389648438,142.64999389648438,13.0,KC=F,USX,NYB
2009-12-11,143.75,143.75,141.0,142.60000610351562,142.60000610351562,11.0,KC=F,USX,NYB
2009-12-14,143.39999389648438,143.39999389648438,143.0,145.85000610351562,145.85000610351562,7.0,KC=F,USX,NYB
2009-12-15,145.0,149.1999969482422,145.0,147.1999969482422,147.1999969482422,28.0,KC=F,USX,NYB
2009-12-16,147.75,148.5500030517578,147.75,148.1999969482422,148.1999969482422,37.0,KC=F,USX,NYB
2009-12-17,146.6999969482422,147.8000030517578,145.5,146.0,146.0,41.0,KC=F,USX,NYB
2009-12-18,146.0,146.5,146.0,144.35000610351562,144.35000610351562,8920.0,KC=F,USX,NYB
2009-12-21,146.39999389648438,147.25,145.14999389648438,145.60000610351562,145.60000610351562,6181.0,KC=F,USX,NYB
2009-12-22,145.5,145.75,140.6999969482422,142.4499969482422,142.4499969482422,11860.0,KC=F,USX,NYB
2009-12-23,142.3000030517578,143.39999389648438,141.0500030517578,142.64999389648438,142.64999389648438,4868.0,KC=F,USX,NYB
2009-12-24,143.25,143.5500030517578,139.10000610351562,139.3000030517578,139.3000030517578,0.0,KC=F,USX,NYB
2009-12-28,139.85000610351562,140.60000610351562,136.85000610351562,136.9499969482422,136.9499969482422,9476.0,KC=F,USX,NYB
2009-12-29,137.25,139.0,136.3000030517578,136.35000610351562,136.35000610351562,6171.0,KC=F,USX,NYB
2009-12-30,136.5,138.14999389648438,136.0,136.64999389648438,136.64999389648438,7611.0,KC=F,USX,NYB
2009-12-31,137.9499969482422,138.1999969482422,135.8000030517578,135.9499969482422,135.9499969482422,0.0,KC=F,USX,NYB
2010-01-04,136.0,142.4499969482422,136.0,141.85000610351562,141.85000610351562,14005.0,KC=F,USX,NYB
2010-01-05,141.85000610351562,142.6999969482422,140.39999389648438,141.0,141.0,9109.0,KC=F,USX,NYB
2010-01-06,141.60000610351562,142.64999389648438,140.0500030517578,141.60000610351562,141.60000610351562,9547.0,KC=F,USX,NYB
2010-01-07,141.5500030517578,142.39999389648438,139.85000610351562,141.89999389648438,141.89999389648438,7353.0,KC=F,USX,NYB
2010-01-08,142.4499969482422,146.0,141.9499969482422,145.35000610351562,145.35000610351562,16035.0,KC=F,USX,NYB
2010-01-11,145.85000610351562,146.9499969482422,142.5500030517578,143.6999969482422,143.6999969482422,13020.0,KC=F,USX,NYB
2010-01-12,144.0,144.85000610351562,142.5,143.10000610351562,143.10000610351562,9208.0,KC=F,USX,NYB
2010-01-13,142.9499969482422,146.0500030517578,142.75,145.14999389648438,145.14999389648438,14259.0,KC=F,USX,NYB
2010-01-14,145.14999389648438,145.6999969482422,143.5500030517578,144.35000610351562,144.35000610351562,7954.0,KC=F,USX,NYB
2010-01-15,143.85000610351562,144.5500030517578,140.39999389648438,140.75,140.75,12965.0,KC=F,USX,NYB
2010-01-19,141.0,142.25,140.14999389648438,140.89999389648438,140.89999389648438,9097.0,KC=F,USX,NYB
2010-01-20,140.5,140.5,138.4499969482422,139.1999969482422,139.1999969482422,11997.0,KC=F,USX,NYB
2010-01-21,139.4499969482422,140.14999389648438,137.5500030517578,138.6999969482422,138.6999969482422,9214.0,KC=F,USX,NYB
2010-01-22,138.75,141.25,137.3000030517578,139.60000610351562,139.60000610351562,13137.0,KC=F,USX,NYB
2010-01-25,139.8000030517578,140.39999389648438,138.5500030517578,139.39999389648438,139.39999389648438,8019.0,KC=F,USX,NYB
2010-01-26,139.0500030517578,139.1999969482422,137.0,138.25,138.25,11795.0,KC=F,USX,NYB
2010-01-27,138.0,139.0,133.35000610351562,133.5500030517578,133.5500030517578,24412.0,KC=F,USX,NYB
2010-01-28,133.9499969482422,134.89999389648438,132.0500030517578,132.9499969482422,132.9499969482422,14539.0,KC=F,USX,NYB
2010-01-29,132.60000610351562,133.89999389648438,131.60000610351562,131.6999969482422,131.6999969482422,10940.0,KC=F,USX,NYB
2010-02-01,132.0,133.1999969482422,131.1999969482422,132.5500030517578,132.5500030517578,12311.0,KC=F,USX,NYB
2010-02-02,132.85000610351562,135.64999389648438,132.1999969482422,135.0500030517578,135.0500030517578,16045.0,KC=F,USX,NYB
2010-02-03,135.4499969482422,135.9499969482422,132.39999389648438,133.0,133.0,14894.0,KC=F,USX,NYB
2010-02-04,132.75,133.14999389648438,130.0500030517578,131.5500030517578,131.5500030517578,15347.0,KC=F,USX,NYB
2010-02-05,131.4499969482422,131.85000610351562,128.5,128.8000030517578,128.8000030517578,19211.0,KC=F,USX,NYB
2010-02-08,129.35000610351562,131.60000610351562,128.5,130.64999389648438,130.64999389648438,14520.0,KC=F,USX,NYB
2010-02-09,130.4499969482422,132.1999969482422,129.4499969482422,130.39999389648438,130.39999389648438,19005.0,KC=F,USX,NYB
2010-02-10,130.10000610351562,132.64999389648438,129.39999389648438,132.1999969482422,132.1999969482422,30100.0,KC=F,USX,NYB
2010-02-11,132.75,134.10000610351562,131.64999389648438,132.1999969482422,132.1999969482422,17566.0,KC=F,USX,NYB
2010-02-12,131.8000030517578,133.3000030517578,130.0,132.75,132.75,7990.0,KC=F,USX,NYB
2010-02-16,133.14999389648438,134.8000030517578,132.0,133.4499969482422,133.4499969482422,16950.0,KC=F,USX,NYB
2010-02-17,133.5,134.0,131.5500030517578,132.25,132.25,17335.0,KC=F,USX,NYB
2010-02-18,132.5,135.0,131.89999389648438,134.10000610351562,134.10000610351562,1539.0,KC=F,USX,NYB
2010-02-19,133.9499969482422,135.1999969482422,132.5500030517578,134.75,134.75,526.0,KC=F,USX,NYB
2010-02-22,134.75,135.10000610351562,129.39999389648438,129.85000610351562,129.85000610351562,534.0,KC=F,USX,NYB
2010-02-23,130.5500030517578,130.75,129.75,130.35000610351562,130.35000610351562,143.0,KC=F,USX,NYB
2010-02-24,130.35000610351562,130.85000610351562,129.6999969482422,130.4499969482422,130.4499969482422,179.0,KC=F,USX,NYB
2010-02-25,129.5500030517578,129.6999969482422,126.5999984741211,127.69999694824219,127.69999694824219,114.0,KC=F,USX,NYB
2010-02-26,129.60000610351562,129.8000030517578,128.60000610351562,129.0500030517578,129.0500030517578,20.0,KC=F,USX,NYB
2010-03-01,129.64999389648438,130.89999389648438,129.0500030517578,129.5500030517578,129.5500030517578,18.0,KC=F,USX,NYB
2010-03-02,129.35000610351562,130.10000610351562,129.0,130.1999969482422,130.1999969482422,15.0,KC=F,USX,NYB
2010-03-03,129.85000610351562,130.4499969482422,129.14999389648438,129.6999969482422,129.6999969482422,10.0,KC=F,USX,NYB
2010-03-04,130.0,130.0,126.55000305175781,127.8499984741211,127.8499984741211,23.0,KC=F,USX,NYB
2010-03-05,128.4499969482422,128.8000030517578,128.0,128.0,128.0,6.0,KC=F,USX,NYB
2010-03-08,127.55000305175781,128.35000610351562,127.55000305175781,128.6999969482422,128.6999969482422,3.0,KC=F,USX,NYB
2010-03-09,131.25,131.3000030517578,131.10000610351562,130.25,130.25,14.0,KC=F,USX,NYB
2010-03-10,130.4499969482422,130.4499969482422,130.4499969482422,130.5,130.5,2.0,KC=F,USX,NYB
2010-03-11,131.0,131.5,130.89999389648438,131.4499969482422,131.4499969482422,9.0,KC=F,USX,NYB
2010-03-12,132.75,132.75,130.0500030517578,130.14999389648438,130.14999389648438,0.0,KC=F,USX,NYB
2010-03-15,128.64999389648438,128.64999389648438,128.64999389648438,128.64999389648438,128.64999389648438,17.0,KC=F,USX,NYB
2010-03-16,129.0,129.0,129.0,130.35000610351562,130.35000610351562,2.0,KC=F,USX,NYB
2010-03-17,130.5,130.85000610351562,130.5,131.1999969482422,131.1999969482422,6.0,KC=F,USX,NYB
2010-03-18,130.75,133.4499969482422,130.5500030517578,133.14999389648438,133.14999389648438,25.0,KC=F,USX,NYB
2010-03-19,132.4499969482422,133.0,132.4499969482422,130.3000030517578,130.3000030517578,13392.0,KC=F,USX,NYB
2010-03-22,132.10000610351562,133.64999389648438,130.85000610351562,133.0,133.0,8997.0,KC=F,USX,NYB
2010-03-23,133.0,135.0,132.39999389648438,134.75,134.75,10863.0,KC=F,USX,NYB
2010-03-24,134.4499969482422,135.1999969482422,133.3000030517578,134.3000030517578,134.3000030517578,8460.0,KC=F,USX,NYB
2010-03-25,134.3000030517578,137.4499969482422,134.14999389648438,137.0,137.0,16679.0,KC=F,USX,NYB
2010-03-26,136.85000610351562,137.9499969482422,135.35000610351562,135.85000610351562,135.85000610351562,11007.0,KC=F,USX,NYB
2010-03-29,135.9499969482422,138.5500030517578,135.85000610351562,138.14999389648438,138.14999389648438,13026.0,KC=F,USX,NYB
2010-03-30,138.25,139.0,137.3000030517578,138.9499969482422,138.9499969482422,11797.0,KC=F,USX,NYB
2010-03-31,139.0,139.0500030517578,134.6999969482422,136.14999389648438,136.14999389648438,18893.0,KC=F,USX,NYB
2010-04-01,136.5500030517578,137.9499969482422,136.3000030517578,137.39999389648438,137.39999389648438,0.0,KC=F,USX,NYB
2010-04-05,137.5,139.85000610351562,137.3000030517578,139.64999389648438,139.64999389648438,11151.0,KC=F,USX,NYB
2010-04-06,139.5,139.75,137.75,139.1999969482422,139.1999969482422,11051.0,KC=F,USX,NYB
2010-04-07,138.85000610351562,139.1999969482422,136.5,137.5500030517578,137.5500030517578,11888.0,KC=F,USX,NYB
2010-04-08,137.39999389648438,137.60000610351562,133.8000030517578,134.6999969482422,134.6999969482422,23348.0,KC=F,USX,NYB
2010-04-09,135.1999969482422,135.5,132.5,132.6999969482422,132.6999969482422,0.0,KC=F,USX,NYB
2010-04-12,133.5,134.1999969482422,133.0500030517578,133.5500030517578,133.5500030517578,17123.0,KC=F,USX,NYB
2010-04-13,133.60000610351562,134.0500030517578,131.89999389648438,132.1999969482422,132.1999969482422,11972.0,KC=F,USX,NYB
2010-04-14,132.25,133.10000610351562,131.6999969482422,131.85000610351562,131.85000610351562,13343.0,KC=F,USX,NYB
2010-04-15,131.8000030517578,132.3000030517578,130.0500030517578,131.75,131.75,13297.0,KC=F,USX,NYB
2010-04-16,131.8000030517578,132.14999389648438,129.0,129.10000610351562,129.10000610351562,15721.0,KC=F,USX,NYB
2010-04-19,129.39999389648438,129.89999389648438,128.85000610351562,129.0,129.0,6318.0,KC=F,USX,NYB
2010-04-20,129.5,130.5,129.0,129.14999389648438,129.14999389648438,9237.0,KC=F,USX,NYB
2010-04-21,129.3000030517578,130.39999389648438,128.60000610351562,129.6999969482422,129.6999969482422,8537.0,KC=F,USX,NYB
2010-04-22,129.5,131.8000030517578,129.5,131.10000610351562,131.10000610351562,1785.0,KC=F,USX,NYB
2010-04-23,131.64999389648438,133.0500030517578,130.9499969482422,131.8000030517578,131.8000030517578,447.0,KC=F,USX,NYB
2010-04-26,131.8000030517578,132.75,131.8000030517578,132.5500030517578,132.5500030517578,203.0,KC=F,USX,NYB
2010-04-27,132.39999389648438,132.39999389648438,130.35000610351562,130.8000030517578,130.8000030517578,174.0,KC=F,USX,NYB
2010-04-28,130.75,134.60000610351562,130.75,133.85000610351562,133.85000610351562,79.0,KC=F,USX,NYB
2010-04-29,133.6999969482422,134.8000030517578,133.5,134.5,134.5,185.0,KC=F,USX,NYB
2010-04-30,134.5,135.4499969482422,134.35000610351562,135.1999969482422,135.1999969482422,65.0,KC=F,USX,NYB
2010-05-03,136.1999969482422,138.39999389648438,136.1999969482422,138.39999389648438,138.39999389648438,67.0,KC=F,USX,NYB
2010-05-04,138.25,138.25,136.35000610351562,137.39999389648438,137.39999389648438,44.0,KC=F,USX,NYB
2010-05-05,137.64999389648438,137.64999389648438,136.75,137.25,137.25,48.0,KC=F,USX,NYB
2010-05-06,136.85000610351562,136.85000610351562,133.0,133.14999389648438,133.14999389648438,97.0,KC=F,USX,NYB
2010-05-07,133.5500030517578,134.0,131.25,133.0,133.0,42.0,KC=F,USX,NYB
2010-05-10,134.0,134.0,134.0,133.5500030517578,133.5500030517578,11.0,KC=F,USX,NYB
2010-05-11,134.0500030517578,136.5,134.0500030517578,135.25,135.25,22.0,KC=F,USX,NYB
2010-05-12,137.8000030517578,137.8000030517578,137.75,136.8000030517578,136.8000030517578,9.0,KC=F,USX,NYB
2010-05-13,137.39999389648438,137.39999389648438,137.39999389648438,137.0500030517578,137.0500030517578,1.0,KC=F,USX,NYB
2010-05-14,136.4499969482422,136.6999969482422,133.25,134.25,134.25,10.0,KC=F,USX,NYB
2010-05-17,133.39999389648438,133.39999389648438,133.0,134.5500030517578,134.5500030517578,18.0,KC=F,USX,NYB
2010-05-18,132.4499969482422,137.5,132.4499969482422,136.25,136.25,10383.0,KC=F,USX,NYB
2010-05-19,134.0,134.0,132.1999969482422,132.5,132.5,11291.0,KC=F,USX,NYB
2010-05-20,132.8000030517578,133.1999969482422,130.25,131.64999389648438,131.64999389648438,18813.0,KC=F,USX,NYB
2010-05-21,132.14999389648438,133.0500030517578,131.10000610351562,132.39999389648438,132.39999389648438,8106.0,KC=F,USX,NYB
2010-05-24,132.39999389648438,133.0,131.60000610351562,132.25,132.25,5860.0,KC=F,USX,NYB
2010-05-25,131.89999389648438,133.3000030517578,130.60000610351562,132.75,132.75,13588.0,KC=F,USX,NYB
2010-05-26,132.75,135.60000610351562,132.60000610351562,133.6999969482422,133.6999969482422,10824.0,KC=F,USX,NYB
2010-05-27,134.0,135.14999389648438,133.5500030517578,134.75,134.75,11707.0,KC=F,USX,NYB
2010-05-28,135.0,135.4499969482422,133.89999389648438,134.25,134.25,8659.0,KC=F,USX,NYB
2010-06-01,134.0,137.60000610351562,133.14999389648438,136.5500030517578,136.5500030517578,21883.0,KC=F,USX,NYB
2010-06-02,136.5500030517578,138.10000610351562,135.1999969482422,135.39999389648438,135.39999389648438,15824.0,KC=F,USX,NYB
2010-06-03,135.85000610351562,136.3000030517578,135.0,135.60000610351562,135.60000610351562,7305.0,KC=F,USX,NYB
2010-06-04,136.10000610351562,136.14999389648438,133.39999389648438,133.75,133.75,14103.0,KC=F,USX,NYB
2010-06-07,133.39999389648438,133.64999389648438,132.5500030517578,133.10000610351562,133.10000610351562,12213.0,KC=F,USX,NYB
2010-06-08,133.10000610351562,134.10000610351562,132.8000030517578,133.5500030517578,133.5500030517578,15501.0,KC=F,USX,NYB
2010-06-09,134.0,134.64999389648438,133.25,134.4499969482422,134.4499969482422,16292.0,KC=F,USX,NYB
2010-06-10,134.5500030517578,137.6999969482422,133.8000030517578,137.0,137.0,22517.0,KC=F,USX,NYB
2010-06-11,137.0,148.5,137.0,144.9499969482422,144.9499969482422,43439.0,KC=F,USX,NYB
2010-06-14,144.64999389648438,152.4499969482422,144.64999389648438,150.9499969482422,150.9499969482422,18595.0,KC=F,USX,NYB
2010-06-15,150.5500030517578,160.6999969482422,148.0,159.35000610351562,159.35000610351562,10666.0,KC=F,USX,NYB
2010-06-16,158.5500030517578,162.25,156.64999389648438,158.75,158.75,5939.0,KC=F,USX,NYB
2010-06-17,158.10000610351562,159.6999969482422,155.39999389648438,156.35000610351562,156.35000610351562,5274.0,KC=F,USX,NYB
2010-06-18,155.5500030517578,160.85000610351562,154.10000610351562,160.25,160.25,5453.0,KC=F,USX,NYB
2010-06-21,160.4499969482422,164.10000610351562,156.10000610351562,158.9499969482422,158.9499969482422,4229.0,KC=F,USX,NYB
2010-06-22,158.8000030517578,160.25,157.1999969482422,159.10000610351562,159.10000610351562,580.0,KC=F,USX,NYB
2010-06-23,159.35000610351562,159.85000610351562,157.5,158.60000610351562,158.60000610351562,208.0,KC=F,USX,NYB
2010-06-24,160.14999389648438,175.0,160.14999389648438,166.75,166.75,765.0,KC=F,USX,NYB
2010-06-25,165.85000610351562,168.85000610351562,164.5,167.0,167.0,155.0,KC=F,USX,NYB
2010-06-28,166.4499969482422,168.0,166.0,166.3000030517578,166.3000030517578,113.0,KC=F,USX,NYB
2010-06-29,166.10000610351562,166.10000610351562,158.85000610351562,161.5,161.5,240.0,KC=F,USX,NYB
2010-06-30,162.25,164.6999969482422,160.0,164.1999969482422,164.1999969482422,154.0,KC=F,USX,NYB
2010-07-01,164.3000030517578,166.10000610351562,163.6999969482422,166.1999969482422,166.1999969482422,68.0,KC=F,USX,NYB
2010-07-02,165.89999389648438,165.89999389648438,164.5,162.3000030517578,162.3000030517578,0.0,KC=F,USX,NYB
2010-07-06,160.4499969482422,161.0,155.0,155.5,155.5,185.0,KC=F,USX,NYB
2010-07-07,156.0,158.0,155.5,160.64999389648438,160.64999389648438,78.0,KC=F,USX,NYB
2010-07-08,159.10000610351562,159.60000610351562,159.10000610351562,159.64999389648438,159.64999389648438,10.0,KC=F,USX,NYB
2010-07-09,162.0500030517578,162.0500030517578,161.89999389648438,161.1999969482422,161.1999969482422,15.0,KC=F,USX,NYB
2010-07-12,159.64999389648438,160.0,159.64999389648438,161.14999389648438,161.14999389648438,10.0,KC=F,USX,NYB
2010-07-13,164.5,164.5,164.5,163.25,163.25,6.0,KC=F,USX,NYB
2010-07-14,163.0,163.0,163.0,162.60000610351562,162.60000610351562,2.0,KC=F,USX,NYB
2010-07-15,164.35000610351562,166.75,164.35000610351562,164.8000030517578,164.8000030517578,27.0,KC=F,USX,NYB
2010-07-16,165.0,165.0,164.64999389648438,164.8000030517578,164.8000030517578,6.0,KC=F,USX,NYB
2010-07-19,164.64999389648438,164.64999389648438,161.75,162.0,162.0,22.0,KC=F,USX,NYB
2010-07-20,160.64999389648438,161.10000610351562,159.8000030517578,156.4499969482422,156.4499969482422,12961.0,KC=F,USX,NYB
2010-07-21,159.10000610351562,160.75,155.8000030517578,157.3000030517578,157.3000030517578,12906.0,KC=F,USX,NYB
2010-07-22,157.60000610351562,161.9499969482422,157.60000610351562,161.6999969482422,161.6999969482422,10505.0,KC=F,USX,NYB
2010-07-23,161.6999969482422,167.60000610351562,160.4499969482422,166.0,166.0,15159.0,KC=F,USX,NYB
2010-07-26,165.8000030517578,167.1999969482422,164.25,165.60000610351562,165.60000610351562,11086.0,KC=F,USX,NYB
2010-07-27,164.60000610351562,166.5500030517578,163.1999969482422,163.75,163.75,7411.0,KC=F,USX,NYB
2010-07-28,164.10000610351562,168.10000610351562,163.64999389648438,167.39999389648438,167.39999389648438,8601.0,KC=F,USX,NYB
2010-07-29,167.39999389648438,174.60000610351562,166.4499969482422,173.0500030517578,173.0500030517578,16546.0,KC=F,USX,NYB
2010-07-30,173.0500030517578,178.75,172.64999389648438,176.3000030517578,176.3000030517578,15019.0,KC=F,USX,NYB
2010-08-02,175.60000610351562,181.5,172.0500030517578,172.5,172.5,17196.0,KC=F,USX,NYB
2010-08-03,172.8000030517578,174.4499969482422,165.14999389648438,166.64999389648438,166.64999389648438,17606.0,KC=F,USX,NYB
2010-08-04,167.60000610351562,171.6999969482422,167.60000610351562,169.75,169.75,11213.0,KC=F,USX,NYB
2010-08-05,169.5,172.64999389648438,169.10000610351562,169.85000610351562,169.85000610351562,11149.0,KC=F,USX,NYB
2010-08-06,170.3000030517578,171.35000610351562,165.25,167.39999389648438,167.39999389648438,0.0,KC=F,USX,NYB
2010-08-09,167.5,170.8000030517578,166.25,169.60000610351562,169.60000610351562,15652.0,KC=F,USX,NYB
2010-08-10,169.0500030517578,172.0,167.3000030517578,169.64999389648438,169.64999389648438,13142.0,KC=F,USX,NYB
2010-08-11,169.39999389648438,171.89999389648438,169.10000610351562,170.60000610351562,170.60000610351562,13604.0,KC=F,USX,NYB
2010-08-12,170.85000610351562,177.75,169.89999389648438,175.5500030517578,175.5500030517578,21669.0,KC=F,USX,NYB
2010-08-13,176.0,178.64999389648438,173.3000030517578,175.5,175.5,12520.0,KC=F,USX,NYB
2010-08-16,175.0,180.60000610351562,173.4499969482422,178.6999969482422,178.6999969482422,13356.0,KC=F,USX,NYB
2010-08-17,178.60000610351562,180.0500030517578,174.89999389648438,175.5,175.5,16283.0,KC=F,USX,NYB
2010-08-18,175.75,177.0,174.39999389648438,175.14999389648438,175.14999389648438,8485.0,KC=F,USX,NYB
2010-08-19,175.10000610351562,178.1999969482422,174.89999389648438,177.3000030517578,177.3000030517578,9670.0,KC=F,USX,NYB
2010-08-20,178.0,184.8000030517578,177.39999389648438,181.5500030517578,181.5500030517578,11642.0,KC=F,USX,NYB
2010-08-23,184.0500030517578,186.75,180.60000610351562,181.5,181.5,1311.0,KC=F,USX,NYB
2010-08-24,182.0,182.0,166.5,166.85000610351562,166.85000610351562,1354.0,KC=F,USX,NYB
2010-08-25,167.3000030517578,167.8000030517578,163.5,164.10000610351562,164.10000610351562,280.0,KC=F,USX,NYB
2010-08-26,167.0,168.9499969482422,165.5500030517578,169.9499969482422,169.9499969482422,102.0,KC=F,USX,NYB
2010-08-27,171.0,178.35000610351562,171.0,177.0500030517578,177.0500030517578,19.0,KC=F,USX,NYB
2010-08-30,176.6999969482422,181.5,176.5,179.5500030517578,179.5500030517578,181.0,KC=F,USX,NYB
2010-08-31,177.39999389648438,179.10000610351562,177.3000030517578,176.8000030517578,176.8000030517578,39.0,KC=F,USX,NYB
2010-09-01,181.39999389648438,181.60000610351562,180.0,180.5,180.5,27.0,KC=F,USX,NYB
2010-09-02,180.89999389648438,184.64999389648438,180.89999389648438,183.1999969482422,183.1999969482422,17.0,KC=F,USX,NYB
2010-09-03,184.89999389648438,186.1999969482422,184.89999389648438,185.0500030517578,185.0500030517578,0.0,KC=F,USX,NYB
2010-09-07,183.5,191.0500030517578,183.5,190.6999969482422,190.6999969482422,34.0,KC=F,USX,NYB
2010-09-08,193.25,194.85000610351562,190.6999969482422,193.10000610351562,193.10000610351562,16.0,KC=F,USX,NYB
2010-09-09,191.35000610351562,192.0,191.0,189.14999389648438,189.14999389648438,7.0,KC=F,USX,NYB
2010-09-10,188.10000610351562,188.5,187.0,188.25,188.25,17.0,KC=F,USX,NYB
2010-09-13,190.0,190.0,187.3000030517578,187.5,187.5,3.0,KC=F,USX,NYB
2010-09-14,192.60000610351562,192.60000610351562,192.60000610351562,193.6999969482422,193.6999969482422,1.0,KC=F,USX,NYB
2010-09-15,193.5500030517578,193.5500030517578,192.0,192.64999389648438,192.64999389648438,15.0,KC=F,USX,NYB
2010-09-16,192.25,194.25,189.5,190.35000610351562,190.35000610351562,55.0,KC=F,USX,NYB
2010-09-17,191.14999389648438,192.10000610351562,186.5,187.85000610351562,187.85000610351562,56.0,KC=F,USX,NYB
2010-09-20,184.5,184.5,182.6999969482422,180.5500030517578,180.5500030517578,18904.0,KC=F,USX,NYB
2010-09-21,182.85000610351562,185.89999389648438,181.1999969482422,182.89999389648438,182.89999389648438,10697.0,KC=F,USX,NYB
2010-09-22,183.64999389648438,187.39999389648438,179.35000610351562,179.9499969482422,179.9499969482422,11985.0,KC=F,USX,NYB
2010-09-23,181.0,183.25,179.60000610351562,181.64999389648438,181.64999389648438,8270.0,KC=F,USX,NYB
2010-09-24,181.9499969482422,183.6999969482422,178.25,180.60000610351562,180.60000610351562,10930.0,KC=F,USX,NYB
2010-09-27,180.6999969482422,185.0,179.5500030517578,182.25,182.25,8444.0,KC=F,USX,NYB
2010-09-28,181.5500030517578,190.89999389648438,181.5500030517578,188.9499969482422,188.9499969482422,13774.0,KC=F,USX,NYB
2010-09-29,188.9499969482422,189.4499969482422,183.25,185.75,185.75,9495.0,KC=F,USX,NYB
2010-09-30,185.75,187.4499969482422,180.10000610351562,183.0500030517578,183.0500030517578,12787.0,KC=F,USX,NYB
2010-10-01,183.64999389648438,186.1999969482422,180.5,181.10000610351562,181.10000610351562,8666.0,KC=F,USX,NYB
2010-10-04,180.85000610351562,181.10000610351562,171.8000030517578,172.5,172.5,20412.0,KC=F,USX,NYB
2010-10-05,173.25,177.8000030517578,171.60000610351562,177.0,177.0,14097.0,KC=F,USX,NYB
2010-10-06,176.75,177.6999969482422,175.0500030517578,175.5500030517578,175.5500030517578,7622.0,KC=F,USX,NYB
2010-10-07,176.10000610351562,178.1999969482422,173.25,173.4499969482422,173.4499969482422,9230.0,KC=F,USX,NYB
2010-10-08,173.75,182.9499969482422,171.89999389648438,182.14999389648438,182.14999389648438,13101.0,KC=F,USX,NYB
2010-10-11,181.5,182.39999389648438,176.35000610351562,178.64999389648438,178.64999389648438,8993.0,KC=F,USX,NYB
2010-10-12,179.5500030517578,188.0,178.5500030517578,185.6999969482422,185.6999969482422,12821.0,KC=F,USX,NYB
2010-10-13,186.39999389648438,190.4499969482422,184.60000610351562,186.14999389648438,186.14999389648438,9838.0,KC=F,USX,NYB
2010-10-14,186.35000610351562,189.10000610351562,185.3000030517578,187.60000610351562,187.60000610351562,9020.0,KC=F,USX,NYB
2010-10-15,187.6999969482422,189.35000610351562,183.25,186.39999389648438,186.39999389648438,8692.0,KC=F,USX,NYB
2010-10-18,186.10000610351562,188.25,183.75,185.60000610351562,185.60000610351562,8198.0,KC=F,USX,NYB
2010-10-19,184.89999389648438,192.10000610351562,184.5500030517578,190.89999389648438,190.89999389648438,14230.0,KC=F,USX,NYB
2010-10-20,190.0,198.14999389648438,189.89999389648438,196.75,196.75,15873.0,KC=F,USX,NYB
2010-10-21,196.0,203.5,195.5,201.0,201.0,16277.0,KC=F,USX,NYB
2010-10-22,200.75,201.6999969482422,196.0,198.85000610351562,198.85000610351562,11058.0,KC=F,USX,NYB
2010-10-25,200.10000610351562,202.89999389648438,198.89999389648438,200.5,200.5,9882.0,KC=F,USX,NYB
2010-10-26,200.35000610351562,204.60000610351562,199.10000610351562,201.75,201.75,12596.0,KC=F,USX,NYB
2010-10-27,201.4499969482422,203.5500030517578,199.25,200.3000030517578,200.3000030517578,11801.0,KC=F,USX,NYB
2010-10-28,200.0,201.9499969482422,196.3000030517578,196.60000610351562,196.60000610351562,14105.0,KC=F,USX,NYB
2010-10-29,197.5,204.0,197.0500030517578,203.4499969482422,203.4499969482422,12601.0,KC=F,USX,NYB
2010-11-01,202.8000030517578,203.25,197.64999389648438,197.6999969482422,197.6999969482422,11340.0,KC=F,USX,NYB
2010-11-02,198.14999389648438,200.39999389648438,197.6999969482422,199.39999389648438,199.39999389648438,7803.0,KC=F,USX,NYB
2010-11-03,200.0,200.85000610351562,192.8000030517578,196.14999389648438,196.14999389648438,17800.0,KC=F,USX,NYB
2010-11-04,197.5,209.25,197.25,205.8000030517578,205.8000030517578,20620.0,KC=F,USX,NYB
2010-11-05,205.0,206.85000610351562,203.3000030517578,205.14999389648438,205.14999389648438,10064.0,KC=F,USX,NYB
2010-11-08,204.5,209.6999969482422,203.85000610351562,208.10000610351562,208.10000610351562,14160.0,KC=F,USX,NYB
2010-11-09,207.89999389648438,217.85000610351562,207.4499969482422,217.0500030517578,217.0500030517578,19710.0,KC=F,USX,NYB
2010-11-10,217.35000610351562,218.6999969482422,211.35000610351562,212.25,212.25,19130.0,KC=F,USX,NYB
2010-11-11,212.3000030517578,214.89999389648438,205.8000030517578,206.64999389648438,206.64999389648438,16366.0,KC=F,USX,NYB
2010-11-12,205.5,206.25,199.1999969482422,200.4499969482422,200.4499969482422,28051.0,KC=F,USX,NYB
2010-11-15,202.0500030517578,206.9499969482422,201.60000610351562,204.4499969482422,204.4499969482422,14403.0,KC=F,USX,NYB
2010-11-16,204.4499969482422,205.6999969482422,196.6999969482422,197.8000030517578,197.8000030517578,21439.0,KC=F,USX,NYB
2010-11-17,198.0500030517578,200.85000610351562,195.64999389648438,199.4499969482422,199.4499969482422,9993.0,KC=F,USX,NYB
2010-11-18,200.0,209.85000610351562,200.0,208.64999389648438,208.64999389648438,7439.0,KC=F,USX,NYB
2010-11-19,208.9499969482422,210.10000610351562,205.60000610351562,209.85000610351562,209.85000610351562,741.0,KC=F,USX,NYB
2010-11-22,210.1999969482422,211.64999389648438,205.0,206.14999389648438,206.14999389648438,748.0,KC=F,USX,NYB
2010-11-23,206.0,210.4499969482422,201.39999389648438,210.35000610351562,210.35000610351562,557.0,KC=F,USX,NYB
2010-11-24,209.8000030517578,211.6999969482422,207.0,207.14999389648438,207.14999389648438,0.0,KC=F,USX,NYB
2010-11-26,205.8000030517578,206.4499969482422,201.0,202.14999389648438,202.14999389648438,322.0,KC=F,USX,NYB
2010-11-29,202.39999389648438,203.1999969482422,199.0,202.39999389648438,202.39999389648438,217.0,KC=F,USX,NYB
2010-11-30,203.39999389648438,203.8000030517578,200.0,200.9499969482422,200.9499969482422,289.0,KC=F,USX,NYB
2010-12-01,200.1999969482422,205.25,200.0,203.3000030517578,203.3000030517578,67.0,KC=F,USX,NYB
2010-12-02,203.6999969482422,203.6999969482422,203.0,203.39999389648438,203.39999389648438,25.0,KC=F,USX,NYB
2010-12-03,204.85000610351562,206.1999969482422,204.85000610351562,204.5,204.5,31.0,KC=F,USX,NYB
2010-12-06,206.39999389648438,209.0,206.39999389648438,208.64999389648438,208.64999389648438,14.0,KC=F,USX,NYB
2010-12-07,211.1999969482422,211.1999969482422,207.3000030517578,207.60000610351562,207.60000610351562,52.0,KC=F,USX,NYB
2010-12-08,207.0,207.0,201.5,204.25,204.25,63.0,KC=F,USX,NYB
2010-12-09,205.64999389648438,206.0500030517578,204.4499969482422,204.3000030517578,204.3000030517578,0.0,KC=F,USX,NYB
2010-12-10,209.35000610351562,209.35000610351562,209.35000610351562,209.35000610351562,209.35000610351562,13.0,KC=F,USX,NYB
2010-12-13,213.10000610351562,217.1999969482422,213.10000610351562,217.1999969482422,217.1999969482422,18.0,KC=F,USX,NYB
2010-12-14,217.25,219.14999389648438,215.60000610351562,216.35000610351562,216.35000610351562,18.0,KC=F,USX,NYB
2010-12-15,217.3000030517578,217.5500030517578,216.89999389648438,216.89999389648438,216.89999389648438,9.0,KC=F,USX,NYB
2010-12-16,216.0,217.0,214.35000610351562,216.14999389648438,216.14999389648438,69.0,KC=F,USX,NYB
2010-12-17,217.75,226.14999389648438,217.75,225.25,225.25,90.0,KC=F,USX,NYB
2010-12-20,224.8000030517578,225.4499969482422,223.85000610351562,224.64999389648438,224.64999389648438,8392.0,KC=F,USX,NYB
2010-12-21,224.5500030517578,235.3000030517578,223.60000610351562,233.85000610351562,233.85000610351562,13272.0,KC=F,USX,NYB
2010-12-22,233.85000610351562,242.25,228.64999389648438,230.1999969482422,230.1999969482422,13743.0,KC=F,USX,NYB
2010-12-23,232.5,237.64999389648438,229.35000610351562,235.89999389648438,235.89999389648438,6872.0,KC=F,USX,NYB
2010-12-27,235.60000610351562,238.5,232.60000610351562,237.4499969482422,237.4499969482422,2858.0,KC=F,USX,NYB
2010-12-28,238.0500030517578,239.89999389648438,236.10000610351562,239.3000030517578,239.3000030517578,3023.0,KC=F,USX,NYB
2010-12-29,238.60000610351562,240.64999389648438,235.14999389648438,239.64999389648438,239.64999389648438,3834.0,KC=F,USX,NYB
2010-12-30,238.5,241.75,235.1999969482422,236.3000030517578,236.3000030517578,4661.0,KC=F,USX,NYB
2010-12-31,236.3000030517578,241.3000030517578,236.3000030517578,240.5,240.5,4661.0,KC=F,USX,NYB
2011-01-04,239.0,240.5,232.0,234.9499969482422,234.9499969482422,17011.0,KC=F,USX,NYB
2011-01-05,234.10000610351562,237.89999389648438,230.0,233.0,233.0,11361.0,KC=F,USX,NYB
2011-01-06,233.60000610351562,236.85000610351562,232.10000610351562,233.0,233.0,8058.0,KC=F,USX,NYB
2011-01-07,232.5500030517578,235.5,230.3000030517578,230.6999969482422,230.6999969482422,12255.0,KC=F,USX,NYB
2011-01-10,231.1999969482422,235.14999389648438,230.5500030517578,231.25,231.25,10931.0,KC=F,USX,NYB
2011-01-11,231.25,236.6999969482422,230.85000610351562,234.6999969482422,234.6999969482422,12900.0,KC=F,USX,NYB
2011-01-12,236.39999389648438,244.5,235.6999969482422,240.60000610351562,240.60000610351562,21731.0,KC=F,USX,NYB
2011-01-13,240.35000610351562,241.1999969482422,236.60000610351562,237.5,237.5,13185.0,KC=F,USX,NYB
2011-01-14,238.0,239.14999389648438,231.5500030517578,234.60000610351562,234.60000610351562,0.0,KC=F,USX,NYB
2011-01-18,235.35000610351562,237.5,234.35000610351562,235.35000610351562,235.35000610351562,7379.0,KC=F,USX,NYB
2011-01-19,236.0,236.6999969482422,231.10000610351562,232.5,232.5,11268.0,KC=F,USX,NYB
2011-01-20,232.0500030517578,234.1999969482422,226.5,231.8000030517578,231.8000030517578,18825.0,KC=F,USX,NYB
2011-01-21,232.89999389648438,241.8000030517578,232.85000610351562,240.39999389648438,240.39999389648438,14990.0,KC=F,USX,NYB
2011-01-24,239.60000610351562,241.0,236.39999389648438,237.3000030517578,237.3000030517578,8147.0,KC=F,USX,NYB
2011-01-25,237.3000030517578,238.3000030517578,230.3000030517578,231.25,231.25,15458.0,KC=F,USX,NYB
2011-01-26,231.8000030517578,240.35000610351562,231.8000030517578,237.5,237.5,16062.0,KC=F,USX,NYB
2011-01-27,238.1999969482422,241.5,234.6999969482422,236.9499969482422,236.9499969482422,8651.0,KC=F,USX,NYB
2011-01-28,236.6999969482422,246.35000610351562,235.85000610351562,245.0,245.0,14200.0,KC=F,USX,NYB
2011-01-31,245.5,250.75,243.25,244.8000030517578,244.8000030517578,15770.0,KC=F,USX,NYB
2011-02-01,245.5500030517578,249.75,245.35000610351562,249.39999389648438,249.39999389648438,14137.0,KC=F,USX,NYB
2011-02-02,249.3000030517578,251.5,247.10000610351562,250.39999389648438,250.39999389648438,9858.0,KC=F,USX,NYB
2011-02-03,250.89999389648438,253.60000610351562,250.10000610351562,251.35000610351562,251.35000610351562,10386.0,KC=F,USX,NYB
2011-02-04,250.0,251.10000610351562,247.3000030517578,249.3000030517578,249.3000030517578,12894.0,KC=F,USX,NYB
2011-02-07,250.0500030517578,252.0,249.14999389648438,249.75,249.75,13217.0,KC=F,USX,NYB
2011-02-08,249.75,251.10000610351562,246.6999969482422,247.60000610351562,247.60000610351562,17808.0,KC=F,USX,NYB
2011-02-09,248.75,254.0500030517578,247.8000030517578,253.60000610351562,253.60000610351562,19258.0,KC=F,USX,NYB
2011-02-10,252.5,255.8000030517578,251.5,255.60000610351562,255.60000610351562,18293.0,KC=F,USX,NYB
2011-02-11,255.10000610351562,255.35000610351562,251.14999389648438,251.9499969482422,251.9499969482422,18135.0,KC=F,USX,NYB
2011-02-14,252.75,259.20001220703125,251.5,258.6499938964844,258.6499938964844,12242.0,KC=F,USX,NYB
2011-02-15,259.1000061035156,263.6499938964844,255.6999969482422,258.04998779296875,258.04998779296875,10053.0,KC=F,USX,NYB
2011-02-16,259.1000061035156,261.6000061035156,255.10000610351562,258.6499938964844,258.6499938964844,8696.0,KC=F,USX,NYB
2011-02-17,258.8500061035156,267.8500061035156,258.8500061035156,267.3500061035156,267.3500061035156,1266.0,KC=F,USX,NYB
2011-02-18,267.8500061035156,274.0,266.45001220703125,271.6499938964844,271.6499938964844,1266.0,KC=F,USX,NYB
2011-02-22,272.25,277.0,269.8999938964844,273.6000061035156,273.6000061035156,446.0,KC=F,USX,NYB
2011-02-23,274.3500061035156,274.75,268.0,268.75,268.75,366.0,KC=F,USX,NYB
2011-02-24,269.0,269.0,262.0,264.20001220703125,264.20001220703125,265.0,KC=F,USX,NYB
2011-02-25,265.3500061035156,267.6499938964844,264.79998779296875,267.70001220703125,267.70001220703125,290.0,KC=F,USX,NYB
2011-02-28,268.25,274.79998779296875,267.54998779296875,271.70001220703125,271.70001220703125,104.0,KC=F,USX,NYB
2011-03-01,273.70001220703125,274.8999938964844,265.54998779296875,269.29998779296875,269.29998779296875,314.0,KC=F,USX,NYB
2011-03-02,267.25,270.1499938964844,266.0,269.5,269.5,31.0,KC=F,USX,NYB
2011-03-03,269.04998779296875,274.45001220703125,268.6499938964844,274.5,274.5,48.0,KC=F,USX,NYB
2011-03-04,275.0,277.5,273.3500061035156,272.8999938964844,272.8999938964844,78.0,KC=F,USX,NYB
2011-03-07,275.0,281.6000061035156,275.0,280.95001220703125,280.95001220703125,55.0,KC=F,USX,NYB
2011-03-08,282.54998779296875,287.0,282.54998779296875,287.1499938964844,287.1499938964844,30.0,KC=F,USX,NYB
2011-03-09,289.0,294.70001220703125,289.0,294.3999938964844,294.3999938964844,56.0,KC=F,USX,NYB
2011-03-10,292.6499938964844,292.6499938964844,279.8500061035156,280.29998779296875,280.29998779296875,91.0,KC=F,USX,NYB
2011-03-11,279.29998779296875,279.29998779296875,273.75,273.70001220703125,273.70001220703125,16.0,KC=F,USX,NYB
2011-03-14,271.75,271.75,271.45001220703125,273.1499938964844,273.1499938964844,4.0,KC=F,USX,NYB
2011-03-15,270.20001220703125,271.0,261.6000061035156,262.45001220703125,262.45001220703125,33.0,KC=F,USX,NYB
2011-03-16,263.0,269.3500061035156,263.0,264.54998779296875,264.54998779296875,9.0,KC=F,USX,NYB
2011-03-17,269.1499938964844,274.70001220703125,269.1499938964844,271.3999938964844,271.3999938964844,16.0,KC=F,USX,NYB
2011-03-18,276.8500061035156,277.5,275.0,276.79998779296875,276.79998779296875,54.0,KC=F,USX,NYB
2011-03-21,278.29998779296875,278.29998779296875,278.29998779296875,275.75,275.75,8626.0,KC=F,USX,NYB
2011-03-22,277.04998779296875,277.70001220703125,268.1499938964844,273.45001220703125,273.45001220703125,11032.0,KC=F,USX,NYB
2011-03-23,274.25,275.3999938964844,268.3999938964844,268.6000061035156,268.6000061035156,8564.0,KC=F,USX,NYB
2011-03-24,268.3999938964844,268.95001220703125,260.54998779296875,265.79998779296875,265.79998779296875,8564.0,KC=F,USX,NYB
2011-03-25,267.1499938964844,270.0,266.1499938964844,268.6000061035156,268.6000061035156,7507.0,KC=F,USX,NYB
2011-03-28,269.6000061035156,269.70001220703125,263.04998779296875,263.95001220703125,263.95001220703125,9616.0,KC=F,USX,NYB
2011-03-29,263.95001220703125,264.0,257.79998779296875,261.45001220703125,261.45001220703125,13207.0,KC=F,USX,NYB
2011-03-30,262.5,265.70001220703125,259.1000061035156,264.79998779296875,264.79998779296875,10632.0,KC=F,USX,NYB
2011-03-31,265.3999938964844,267.3999938964844,262.04998779296875,264.1499938964844,264.1499938964844,9917.0,KC=F,USX,NYB
2011-04-01,265.5,266.25,258.79998779296875,259.8999938964844,259.8999938964844,14062.0,KC=F,USX,NYB
2011-04-04,260.04998779296875,261.0,255.64999389648438,256.04998779296875,256.04998779296875,12849.0,KC=F,USX,NYB
2011-04-05,255.10000610351562,269.95001220703125,254.0500030517578,268.25,268.25,19833.0,KC=F,USX,NYB
2011-04-06,268.1000061035156,269.3500061035156,264.25,265.1499938964844,265.1499938964844,11875.0,KC=F,USX,NYB
2011-04-07,265.20001220703125,275.8500061035156,265.1000061035156,272.79998779296875,272.79998779296875,20733.0,KC=F,USX,NYB
2011-04-08,272.79998779296875,278.5,272.1000061035156,274.95001220703125,274.95001220703125,14108.0,KC=F,USX,NYB
2011-04-11,273.70001220703125,276.8999938964844,269.8500061035156,274.6000061035156,274.6000061035156,17746.0,KC=F,USX,NYB
2011-04-12,272.20001220703125,275.70001220703125,270.20001220703125,273.79998779296875,273.79998779296875,16808.0,KC=F,USX,NYB
2011-04-13,273.25,282.04998779296875,272.3500061035156,280.70001220703125,280.70001220703125,17553.0,KC=F,USX,NYB
2011-04-14,280.70001220703125,285.0,279.1499938964844,282.3999938964844,282.3999938964844,11989.0,KC=F,USX,NYB
2011-04-15,283.5,288.6499938964844,282.3999938964844,288.1000061035156,288.1000061035156,5926.0,KC=F,USX,NYB
2011-04-18,288.45001220703125,290.20001220703125,282.79998779296875,284.45001220703125,284.45001220703125,13163.0,KC=F,USX,NYB
2011-04-19,284.8999938964844,291.6499938964844,283.3500061035156,291.20001220703125,291.20001220703125,9901.0,KC=F,USX,NYB
2011-04-20,292.1000061035156,298.5,291.3999938964844,294.3999938964844,294.3999938964844,1292.0,KC=F,USX,NYB
2011-04-21,294.79998779296875,295.70001220703125,291.20001220703125,291.29998779296875,291.29998779296875,0.0,KC=F,USX,NYB
2011-04-25,293.45001220703125,293.45001220703125,286.6000061035156,287.8999938964844,287.8999938964844,207.0,KC=F,USX,NYB
2011-04-26,286.70001220703125,297.0,284.5,294.95001220703125,294.95001220703125,230.0,KC=F,USX,NYB
2011-04-27,294.95001220703125,296.79998779296875,292.25,295.54998779296875,295.54998779296875,88.0,KC=F,USX,NYB
2011-04-28,298.1499938964844,301.04998779296875,295.79998779296875,298.6000061035156,298.6000061035156,132.0,KC=F,USX,NYB
2011-04-29,295.8999938964844,300.0,294.6000061035156,299.3500061035156,299.3500061035156,45.0,KC=F,USX,NYB
2011-05-02,298.3500061035156,305.3500061035156,298.3500061035156,304.54998779296875,304.54998779296875,31.0,KC=F,USX,NYB
2011-05-03,305.0,306.25,304.0,304.8999938964844,304.8999938964844,50.0,KC=F,USX,NYB
2011-05-04,305.29998779296875,305.3999938964844,291.79998779296875,293.75,293.75,61.0,KC=F,USX,NYB
2011-05-05,294.8500061035156,294.8999938964844,284.1499938964844,287.5,287.5,30.0,KC=F,USX,NYB
2011-05-06,287.54998779296875,293.5,287.0,287.04998779296875,287.04998779296875,19.0,KC=F,USX,NYB
2011-05-09,292.8500061035156,293.0,289.75,287.04998779296875,287.04998779296875,33.0,KC=F,USX,NYB
2011-05-10,290.25,290.25,283.75,281.70001220703125,281.70001220703125,41.0,KC=F,USX,NYB
2011-05-11,282.20001220703125,282.6499938964844,273.75,272.5,272.5,40.0,KC=F,USX,NYB
2011-05-12,273.25,275.95001220703125,271.1000061035156,273.95001220703125,273.95001220703125,20.0,KC=F,USX,NYB
2011-05-13,277.04998779296875,277.04998779296875,270.0,269.29998779296875,269.29998779296875,14.0,KC=F,USX,NYB
2011-05-16,269.0,269.0,263.6000061035156,264.0,264.0,31.0,KC=F,USX,NYB
2011-05-17,265.0,266.8500061035156,265.0,265.1000061035156,265.1000061035156,95.0,KC=F,USX,NYB
2011-05-18,268.0,268.0,268.0,268.45001220703125,268.45001220703125,10591.0,KC=F,USX,NYB
2011-05-19,270.3999938964844,271.5,262.45001220703125,263.70001220703125,263.70001220703125,15012.0,KC=F,USX,NYB
2011-05-20,265.0,267.95001220703125,258.6000061035156,259.1499938964844,259.1499938964844,13839.0,KC=F,USX,NYB
2011-05-23,259.1499938964844,264.6499938964844,258.8999938964844,262.54998779296875,262.54998779296875,8832.0,KC=F,USX,NYB
2011-05-24,263.3999938964844,265.5,260.70001220703125,261.20001220703125,261.20001220703125,10003.0,KC=F,USX,NYB
2011-05-25,261.3999938964844,269.45001220703125,259.0,264.8500061035156,264.8500061035156,12797.0,KC=F,USX,NYB
2011-05-26,266.8500061035156,267.5,262.1499938964844,265.6000061035156,265.6000061035156,11028.0,KC=F,USX,NYB
2011-05-27,266.8999938964844,270.29998779296875,262.3500061035156,263.70001220703125,263.70001220703125,0.0,KC=F,USX,NYB
2011-05-31,264.70001220703125,268.3999938964844,263.5,264.6000061035156,264.6000061035156,10428.0,KC=F,USX,NYB
2011-06-01,264.25,264.8999938964844,255.25,255.9499969482422,255.9499969482422,22557.0,KC=F,USX,NYB
2011-06-02,255.9499969482422,262.6499938964844,253.3000030517578,261.25,261.25,15345.0,KC=F,USX,NYB
2011-06-03,261.25,273.79998779296875,256.8500061035156,270.95001220703125,270.95001220703125,19647.0,KC=F,USX,NYB
2011-06-06,270.3500061035156,270.75,259.5,260.5,260.5,15161.0,KC=F,USX,NYB
2011-06-07,260.0,265.5,260.0,263.0,263.0,13391.0,KC=F,USX,NYB
2011-06-08,262.6000061035156,264.79998779296875,258.0,263.8500061035156,263.8500061035156,13732.0,KC=F,USX,NYB
2011-06-09,264.79998779296875,268.70001220703125,264.3999938964844,266.79998779296875,266.79998779296875,10450.0,KC=F,USX,NYB
2011-06-10,267.20001220703125,268.79998779296875,261.54998779296875,264.95001220703125,264.95001220703125,14477.0,KC=F,USX,NYB
2011-06-13,269.8999938964844,270.6499938964844,261.04998779296875,267.45001220703125,267.45001220703125,13277.0,KC=F,USX,NYB
2011-06-14,268.6499938964844,269.70001220703125,265.0,269.25,269.25,7767.0,KC=F,USX,NYB
2011-06-15,267.70001220703125,270.0,260.3500061035156,262.6499938964844,262.6499938964844,9603.0,KC=F,USX,NYB
2011-06-16,263.0,264.29998779296875,257.5,257.8999938964844,257.8999938964844,6258.0,KC=F,USX,NYB
2011-06-17,258.25,260.95001220703125,249.10000610351562,249.5500030517578,249.5500030517578,4909.0,KC=F,USX,NYB
2011-06-20,250.1999969482422,250.35000610351562,243.4499969482422,243.60000610351562,243.60000610351562,8411.0,KC=F,USX,NYB
2011-06-21,245.0,246.85000610351562,242.8000030517578,243.5,243.5,3426.0,KC=F,USX,NYB
2011-06-22,244.89999389648438,245.85000610351562,242.3000030517578,243.75,243.75,376.0,KC=F,USX,NYB
2011-06-23,244.14999389648438,250.6999969482422,239.64999389648438,247.6999969482422,247.6999969482422,447.0,KC=F,USX,NYB
2011-06-24,249.5500030517578,251.0,245.5,249.0,249.0,97.0,KC=F,USX,NYB
2011-06-27,250.1999969482422,250.89999389648438,249.10000610351562,250.14999389648438,250.14999389648438,74.0,KC=F,USX,NYB
2011-06-28,250.8000030517578,258.20001220703125,250.0,257.8999938964844,257.8999938964844,51.0,KC=F,USX,NYB
2011-06-29,258.8999938964844,260.1499938964844,254.0,260.25,260.25,99.0,KC=F,USX,NYB
2011-06-30,264.3999938964844,266.20001220703125,264.3999938964844,265.3500061035156,265.3500061035156,27.0,KC=F,USX,NYB
2011-07-01,263.20001220703125,264.3999938964844,261.1000061035156,263.45001220703125,263.45001220703125,0.0,KC=F,USX,NYB
2011-07-05,263.5,268.1499938964844,263.5,268.95001220703125,268.95001220703125,28.0,KC=F,USX,NYB
2011-07-06,265.75,265.75,265.75,266.8500061035156,266.8500061035156,5.0,KC=F,USX,NYB
2011-07-07,269.5,269.70001220703125,267.3500061035156,267.75,267.75,4.0,KC=F,USX,NYB
2011-07-08,267.70001220703125,267.70001220703125,262.95001220703125,263.1499938964844,263.1499938964844,0.0,KC=F,USX,NYB
2011-07-11,257.8999938964844,257.8999938964844,257.8999938964844,257.8999938964844,257.8999938964844,0.0,KC=F,USX,NYB
2011-07-12,256.70001220703125,256.70001220703125,256.70001220703125,256.70001220703125,256.70001220703125,11.0,KC=F,USX,NYB
2011-07-13,257.79998779296875,260.6000061035156,257.79998779296875,262.79998779296875,262.79998779296875,3.0,KC=F,USX,NYB
2011-07-14,263.79998779296875,263.79998779296875,258.3500061035156,257.3500061035156,257.3500061035156,13.0,KC=F,USX,NYB
2011-07-15,257.3500061035156,259.5,255.0,252.5500030517578,252.5500030517578,19.0,KC=F,USX,NYB
2011-07-18,249.0,249.3000030517578,249.0,248.1999969482422,248.1999969482422,6.0,KC=F,USX,NYB
2011-07-19,248.85000610351562,248.85000610351562,243.75,243.85000610351562,243.85000610351562,12261.0,KC=F,USX,NYB
2011-07-20,244.5,246.4499969482422,240.10000610351562,243.39999389648438,243.39999389648438,11600.0,KC=F,USX,NYB
2011-07-21,244.5,247.89999389648438,239.5,240.8000030517578,240.8000030517578,12661.0,KC=F,USX,NYB
2011-07-22,241.4499969482422,246.3000030517578,238.0,241.5,241.5,13242.0,KC=F,USX,NYB
2011-07-25,241.5,245.0,241.0500030517578,242.89999389648438,242.89999389648438,8893.0,KC=F,USX,NYB
2011-07-26,243.5,247.35000610351562,242.8000030517578,244.9499969482422,244.9499969482422,12475.0,KC=F,USX,NYB
2011-07-27,244.9499969482422,245.3000030517578,238.60000610351562,241.1999969482422,241.1999969482422,11378.0,KC=F,USX,NYB
2011-07-28,241.60000610351562,244.60000610351562,237.1999969482422,238.64999389648438,238.64999389648438,12771.0,KC=F,USX,NYB
2011-07-29,238.64999389648438,242.39999389648438,238.3000030517578,239.5500030517578,239.5500030517578,9585.0,KC=F,USX,NYB
2011-08-01,240.60000610351562,243.6999969482422,239.6999969482422,241.35000610351562,241.35000610351562,14404.0,KC=F,USX,NYB
2011-08-02,240.9499969482422,248.4499969482422,240.64999389648438,243.1999969482422,243.1999969482422,12760.0,KC=F,USX,NYB
2011-08-03,242.85000610351562,245.6999969482422,240.35000610351562,241.89999389648438,241.89999389648438,12271.0,KC=F,USX,NYB
2011-08-04,242.14999389648438,243.10000610351562,234.75,235.85000610351562,235.85000610351562,17140.0,KC=F,USX,NYB
2011-08-05,235.35000610351562,247.6999969482422,233.5,238.0,238.0,24879.0,KC=F,USX,NYB
2011-08-08,236.9499969482422,237.0,231.35000610351562,234.1999969482422,234.1999969482422,13963.0,KC=F,USX,NYB
2011-08-09,233.60000610351562,238.10000610351562,232.60000610351562,234.75,234.75,13050.0,KC=F,USX,NYB
2011-08-10,235.8000030517578,238.8000030517578,233.8000030517578,234.85000610351562,234.85000610351562,13146.0,KC=F,USX,NYB
2011-08-11,235.10000610351562,241.75,234.25,240.85000610351562,240.85000610351562,17517.0,KC=F,USX,NYB
2011-08-12,241.0,242.5,239.39999389648438,240.35000610351562,240.35000610351562,13712.0,KC=F,USX,NYB
2011-08-15,240.8000030517578,248.10000610351562,240.10000610351562,245.6999969482422,245.6999969482422,10890.0,KC=F,USX,NYB
2011-08-16,245.3000030517578,252.0,242.0,251.5500030517578,251.5500030517578,7626.0,KC=F,USX,NYB
2011-08-17,251.14999389648438,263.6000061035156,250.64999389648438,263.20001220703125,263.20001220703125,5969.0,KC=F,USX,NYB
2011-08-18,262.3500061035156,265.0,256.8500061035156,264.79998779296875,264.79998779296875,4732.0,KC=F,USX,NYB
2011-08-19,262.70001220703125,266.6000061035156,261.6499938964844,266.1499938964844,266.1499938964844,7600.0,KC=F,USX,NYB
2011-08-22,265.0,269.54998779296875,263.3999938964844,264.70001220703125,264.70001220703125,6381.0,KC=F,USX,NYB
2011-08-23,264.1000061035156,271.79998779296875,264.1000061035156,268.8500061035156,268.8500061035156,892.0,KC=F,USX,NYB
2011-08-24,271.0,276.3500061035156,270.1000061035156,272.5,272.5,215.0,KC=F,USX,NYB
2011-08-25,273.25,276.8999938964844,273.25,274.6499938964844,274.6499938964844,122.0,KC=F,USX,NYB
2011-08-26,275.70001220703125,279.54998779296875,275.70001220703125,278.8999938964844,278.8999938964844,104.0,KC=F,USX,NYB
2011-08-29,280.6499938964844,284.25,280.0,284.95001220703125,284.95001220703125,34.0,KC=F,USX,NYB
2011-08-30,284.8999938964844,284.8999938964844,279.8500061035156,287.45001220703125,287.45001220703125,30.0,KC=F,USX,NYB
2011-08-31,286.1000061035156,286.1000061035156,286.1000061035156,289.1000061035156,289.1000061035156,32.0,KC=F,USX,NYB
2011-09-01,285.8500061035156,290.79998779296875,285.8500061035156,290.70001220703125,290.70001220703125,12.0,KC=F,USX,NYB
2011-09-02,289.0,291.75,287.75,289.20001220703125,289.20001220703125,0.0,KC=F,USX,NYB
2011-09-06,280.8999938964844,283.3999938964844,278.1000061035156,282.3999938964844,282.3999938964844,36.0,KC=F,USX,NYB
2011-09-07,284.29998779296875,286.0,282.5,285.79998779296875,285.79998779296875,15.0,KC=F,USX,NYB
2011-09-08,284.8500061035156,284.8500061035156,284.8500061035156,285.3999938964844,285.3999938964844,11.0,KC=F,USX,NYB
2011-09-09,281.5,281.5,270.25,271.25,271.25,73.0,KC=F,USX,NYB
2011-09-12,272.5,275.79998779296875,272.5,273.70001220703125,273.70001220703125,25.0,KC=F,USX,NYB
2011-09-13,273.5,273.5,272.3500061035156,272.8500061035156,272.8500061035156,5.0,KC=F,USX,NYB
2011-09-14,273.6000061035156,273.6000061035156,268.8999938964844,268.3500061035156,268.3500061035156,12.0,KC=F,USX,NYB
2011-09-15,268.20001220703125,270.54998779296875,263.70001220703125,263.3500061035156,263.3500061035156,7.0,KC=F,USX,NYB
2011-09-16,262.54998779296875,262.54998779296875,258.45001220703125,263.0,263.0,24.0,KC=F,USX,NYB
2011-09-19,263.0,263.0,259.95001220703125,262.79998779296875,262.79998779296875,9.0,KC=F,USX,NYB
2011-09-20,264.8999938964844,267.1499938964844,264.6499938964844,259.45001220703125,259.45001220703125,8007.0,KC=F,USX,NYB
2011-09-21,260.3999938964844,260.3999938964844,251.35000610351562,251.9499969482422,251.9499969482422,15356.0,KC=F,USX,NYB
2011-09-22,251.0,251.0,235.64999389648438,239.25,239.25,24255.0,KC=F,USX,NYB
2011-09-23,239.89999389648438,241.9499969482422,230.8000030517578,231.4499969482422,231.4499969482422,19201.0,KC=F,USX,NYB
2011-09-26,233.0,240.5,232.0,235.9499969482422,235.9499969482422,12538.0,KC=F,USX,NYB
2011-09-27,238.39999389648438,246.5500030517578,237.35000610351562,240.85000610351562,240.85000610351562,14748.0,KC=F,USX,NYB
2011-09-28,241.0500030517578,244.1999969482422,232.85000610351562,233.5,233.5,14143.0,KC=F,USX,NYB
2011-09-29,233.39999389648438,235.5,230.14999389648438,231.14999389648438,231.14999389648438,12916.0,KC=F,USX,NYB
2011-09-30,230.85000610351562,233.60000610351562,228.5,228.89999389648438,228.89999389648438,12972.0,KC=F,USX,NYB
2011-10-03,228.5,228.60000610351562,219.8000030517578,223.4499969482422,223.4499969482422,16493.0,KC=F,USX,NYB
2011-10-04,224.25,230.1999969482422,221.6999969482422,226.5500030517578,226.5500030517578,13144.0,KC=F,USX,NYB
2011-10-05,228.0,232.0,226.14999389648438,227.6999969482422,227.6999969482422,7789.0,KC=F,USX,NYB
2011-10-06,229.0,236.10000610351562,228.0500030517578,234.39999389648438,234.39999389648438,11438.0,KC=F,USX,NYB
2011-10-07,235.64999389648438,236.0,223.64999389648438,224.35000610351562,224.35000610351562,11585.0,KC=F,USX,NYB
2011-10-10,226.0,231.75,225.10000610351562,226.3000030517578,226.3000030517578,7986.0,KC=F,USX,NYB
2011-10-11,226.3000030517578,228.35000610351562,221.64999389648438,223.39999389648438,223.39999389648438,11813.0,KC=F,USX,NYB
2011-10-12,224.0,231.6999969482422,223.60000610351562,229.4499969482422,229.4499969482422,9562.0,KC=F,USX,NYB
2011-10-13,231.5,240.35000610351562,228.10000610351562,237.64999389648438,237.64999389648438,12978.0,KC=F,USX,NYB
2011-10-14,237.4499969482422,241.5,234.25,239.5500030517578,239.5500030517578,10727.0,KC=F,USX,NYB
2011-10-17,240.0500030517578,243.5500030517578,228.35000610351562,234.0,234.0,13021.0,KC=F,USX,NYB
2011-10-18,232.8000030517578,236.0,229.39999389648438,231.5,231.5,11693.0,KC=F,USX,NYB
2011-10-19,231.25,239.25,230.89999389648438,236.14999389648438,236.14999389648438,11179.0,KC=F,USX,NYB
2011-10-20,234.39999389648438,236.85000610351562,229.6999969482422,231.64999389648438,231.64999389648438,11835.0,KC=F,USX,NYB
2011-10-21,233.64999389648438,246.6999969482422,233.1999969482422,244.85000610351562,244.85000610351562,19339.0,KC=F,USX,NYB
2011-10-24,245.4499969482422,251.5,243.10000610351562,250.8000030517578,250.8000030517578,11956.0,KC=F,USX,NYB
2011-10-25,251.25,252.5,235.60000610351562,236.5500030517578,236.5500030517578,21495.0,KC=F,USX,NYB
2011-10-26,236.8000030517578,240.5,231.89999389648438,233.6999969482422,233.6999969482422,11300.0,KC=F,USX,NYB
2011-10-27,234.0,240.9499969482422,234.0,234.60000610351562,234.60000610351562,12146.0,KC=F,USX,NYB
2011-10-28,234.60000610351562,236.6999969482422,232.10000610351562,235.14999389648438,235.14999389648438,10203.0,KC=F,USX,NYB
2011-10-31,233.0,233.4499969482422,225.35000610351562,226.9499969482422,226.9499969482422,13765.0,KC=F,USX,NYB
2011-11-01,226.39999389648438,226.39999389648438,220.4499969482422,223.64999389648438,223.64999389648438,16412.0,KC=F,USX,NYB
2011-11-02,225.39999389648438,227.5,223.0,224.0,224.0,11173.0,KC=F,USX,NYB
2011-11-03,223.25,230.10000610351562,223.25,226.8000030517578,226.8000030517578,13006.0,KC=F,USX,NYB
2011-11-04,227.5,231.39999389648438,224.25,230.1999969482422,230.1999969482422,11895.0,KC=F,USX,NYB
2011-11-07,230.1999969482422,236.8000030517578,228.64999389648438,233.0,233.0,14673.0,KC=F,USX,NYB
2011-11-08,234.89999389648438,237.3000030517578,228.6999969482422,229.60000610351562,229.60000610351562,14322.0,KC=F,USX,NYB
2011-11-09,230.39999389648438,231.4499969482422,226.9499969482422,230.1999969482422,230.1999969482422,11909.0,KC=F,USX,NYB
2011-11-10,229.0500030517578,232.8000030517578,227.75,230.0,230.0,10161.0,KC=F,USX,NYB
2011-11-11,230.6999969482422,235.0500030517578,229.25,233.9499969482422,233.9499969482422,21170.0,KC=F,USX,NYB
2011-11-14,237.3000030517578,238.35000610351562,228.10000610351562,230.9499969482422,230.9499969482422,15074.0,KC=F,USX,NYB
2011-11-15,233.14999389648438,240.0,230.39999389648438,239.5,239.5,13473.0,KC=F,USX,NYB
2011-11-16,237.5500030517578,238.5,235.10000610351562,235.75,235.75,7010.0,KC=F,USX,NYB
2011-11-17,235.0,236.25,231.3000030517578,232.14999389648438,232.14999389648438,9336.0,KC=F,USX,NYB
2011-11-18,231.75,236.0,231.60000610351562,234.1999969482422,234.1999969482422,6987.0,KC=F,USX,NYB
2011-11-21,233.6999969482422,234.5,231.9499969482422,232.1999969482422,232.1999969482422,694.0,KC=F,USX,NYB
2011-11-22,233.5,233.8000030517578,230.85000610351562,232.89999389648438,232.89999389648438,195.0,KC=F,USX,NYB
2011-11-23,231.1999969482422,236.60000610351562,230.25,231.60000610351562,231.60000610351562,0.0,KC=F,USX,NYB
2011-11-25,231.0,231.4499969482422,229.5,229.60000610351562,229.60000610351562,107.0,KC=F,USX,NYB
2011-11-28,231.1999969482422,234.0,224.39999389648438,224.6999969482422,224.6999969482422,83.0,KC=F,USX,NYB
2011-11-29,226.0,228.5,224.1999969482422,225.25,225.25,128.0,KC=F,USX,NYB
2011-11-30,225.0,232.89999389648438,225.0,233.8000030517578,233.8000030517578,83.0,KC=F,USX,NYB
2011-12-01,233.1999969482422,235.6999969482422,231.5500030517578,233.1999969482422,233.1999969482422,78.0,KC=F,USX,NYB
2011-12-02,234.0,234.0,223.89999389648438,227.14999389648438,227.14999389648438,10.0,KC=F,USX,NYB
2011-12-05,229.39999389648438,235.1999969482422,228.5,233.9499969482422,233.9499969482422,28.0,KC=F,USX,NYB
2011-12-06,232.25,233.6999969482422,230.10000610351562,232.85000610351562,232.85000610351562,28.0,KC=F,USX,NYB
2011-12-07,231.6999969482422,231.6999969482422,226.89999389648438,226.75,226.75,23.0,KC=F,USX,NYB
2011-12-08,226.39999389648438,227.35000610351562,225.39999389648438,225.6999969482422,225.6999969482422,10.0,KC=F,USX,NYB
2011-12-09,225.5,226.0,225.5,224.64999389648438,224.64999389648438,14.0,KC=F,USX,NYB
2011-12-12,224.0,224.0,218.0,218.5,218.5,53.0,KC=F,USX,NYB
2011-12-13,221.0,221.0,219.14999389648438,218.64999389648438,218.64999389648438,29.0,KC=F,USX,NYB
2011-12-14,219.25,219.25,213.5,215.10000610351562,215.10000610351562,8.0,KC=F,USX,NYB
2011-12-15,215.0,215.0,215.0,213.75,213.75,1.0,KC=F,USX,NYB
2011-12-16,213.39999389648438,214.25,213.39999389648438,210.9499969482422,210.9499969482422,11.0,KC=F,USX,NYB
2011-12-19,215.3000030517578,215.3000030517578,215.3000030517578,215.3000030517578,215.3000030517578,8881.0,KC=F,USX,NYB
2011-12-20,220.0,224.0500030517578,219.0,222.8000030517578,222.8000030517578,9189.0,KC=F,USX,NYB
2011-12-21,222.10000610351562,222.8000030517578,218.5,219.89999389648438,219.89999389648438,6672.0,KC=F,USX,NYB
2011-12-22,219.6999969482422,223.39999389648438,218.64999389648438,221.39999389648438,221.39999389648438,7504.0,KC=F,USX,NYB
2011-12-23,220.89999389648438,222.85000610351562,217.39999389648438,219.64999389648438,219.64999389648438,0.0,KC=F,USX,NYB
2011-12-27,218.35000610351562,223.0,218.35000610351562,222.85000610351562,222.85000610351562,3532.0,KC=F,USX,NYB
2011-12-28,221.89999389648438,229.3000030517578,221.0,226.75,226.75,7851.0,KC=F,USX,NYB
2011-12-29,225.75,227.1999969482422,224.10000610351562,224.25,224.25,3598.0,KC=F,USX,NYB
2011-12-30,224.4499969482422,227.60000610351562,224.1999969482422,226.85000610351562,226.85000610351562,0.0,KC=F,USX,NYB
2012-01-03,226.85000610351562,228.0,222.39999389648438,227.1999969482422,227.1999969482422,10692.0,KC=F,USX,NYB
2012-01-04,226.0,229.14999389648438,224.39999389648438,226.6999969482422,226.6999969482422,10663.0,KC=F,USX,NYB
2012-01-05,225.4499969482422,225.8000030517578,217.5500030517578,219.5500030517578,219.5500030517578,15059.0,KC=F,USX,NYB
2012-01-06,219.0,222.39999389648438,216.60000610351562,221.75,221.75,9980.0,KC=F,USX,NYB
2012-01-09,220.75,224.5,217.60000610351562,221.85000610351562,221.85000610351562,9768.0,KC=F,USX,NYB
2012-01-10,221.5,226.10000610351562,221.14999389648438,225.9499969482422,225.9499969482422,9694.0,KC=F,USX,NYB
2012-01-11,225.25,235.1999969482422,224.14999389648438,234.89999389648438,234.89999389648438,20865.0,KC=F,USX,NYB
2012-01-12,233.8000030517578,238.5,231.85000610351562,233.89999389648438,233.89999389648438,13689.0,KC=F,USX,NYB
2012-01-13,233.60000610351562,236.39999389648438,224.5,225.25,225.25,0.0,KC=F,USX,NYB
2012-01-17,225.4499969482422,229.25,221.10000610351562,225.14999389648438,225.14999389648438,14145.0,KC=F,USX,NYB
2012-01-18,225.9499969482422,227.0,222.25,224.85000610351562,224.85000610351562,10731.0,KC=F,USX,NYB
2012-01-19,224.25,227.8000030517578,223.35000610351562,226.64999389648438,226.64999389648438,11184.0,KC=F,USX,NYB
2012-01-20,225.5,228.64999389648438,224.10000610351562,225.39999389648438,225.39999389648438,10815.0,KC=F,USX,NYB
2012-01-23,223.89999389648438,225.0,217.85000610351562,219.4499969482422,219.4499969482422,15579.0,KC=F,USX,NYB
2012-01-24,219.75,221.3000030517578,217.5500030517578,220.4499969482422,220.4499969482422,9156.0,KC=F,USX,NYB
2012-01-25,220.25,221.89999389648438,216.8000030517578,217.1999969482422,217.1999969482422,12641.0,KC=F,USX,NYB
2012-01-26,218.5,221.5,217.25,219.6999969482422,219.6999969482422,11155.0,KC=F,USX,NYB
2012-01-27,219.64999389648438,220.1999969482422,216.89999389648438,217.35000610351562,217.35000610351562,9709.0,KC=F,USX,NYB
2012-01-30,216.75,217.3000030517578,215.0,216.60000610351562,216.60000610351562,9023.0,KC=F,USX,NYB
2012-01-31,217.0,219.64999389648438,213.10000610351562,215.0500030517578,215.0500030517578,16270.0,KC=F,USX,NYB
2012-02-01,214.5,215.89999389648438,213.1999969482422,214.10000610351562,214.10000610351562,10403.0,KC=F,USX,NYB
2012-02-02,214.0,216.14999389648438,210.9499969482422,215.60000610351562,215.60000610351562,16052.0,KC=F,USX,NYB
2012-02-03,215.8000030517578,218.9499969482422,214.60000610351562,215.9499969482422,215.9499969482422,11908.0,KC=F,USX,NYB
2012-02-06,215.0,219.8000030517578,213.0500030517578,218.8000030517578,218.8000030517578,12968.0,KC=F,USX,NYB
2012-02-07,219.10000610351562,222.4499969482422,215.8000030517578,220.9499969482422,220.9499969482422,20238.0,KC=F,USX,NYB
2012-02-08,220.89999389648438,222.3000030517578,219.14999389648438,220.0500030517578,220.0500030517578,14813.0,KC=F,USX,NYB
2012-02-09,220.60000610351562,222.14999389648438,214.75,216.0,216.0,17230.0,KC=F,USX,NYB
2012-02-10,216.0,218.0,214.4499969482422,215.3000030517578,215.3000030517578,17163.0,KC=F,USX,NYB
2012-02-13,216.0,217.60000610351562,210.0,212.3000030517578,212.3000030517578,22168.0,KC=F,USX,NYB
2012-02-14,212.14999389648438,213.3000030517578,203.25,204.1999969482422,204.1999969482422,12744.0,KC=F,USX,NYB
2012-02-15,204.5,205.89999389648438,198.3000030517578,200.39999389648438,200.39999389648438,9885.0,KC=F,USX,NYB
2012-02-16,201.14999389648438,202.25,195.89999389648438,199.3000030517578,199.3000030517578,8907.0,KC=F,USX,NYB
2012-02-17,200.1999969482422,201.0,198.5,200.0500030517578,200.0500030517578,6258.0,KC=F,USX,NYB
2012-02-21,199.75,205.0,199.0,204.64999389648438,204.64999389648438,846.0,KC=F,USX,NYB
2012-02-22,204.0,205.10000610351562,200.35000610351562,200.75,200.75,660.0,KC=F,USX,NYB
2012-02-23,200.85000610351562,205.35000610351562,200.85000610351562,202.0,202.0,209.0,KC=F,USX,NYB
2012-02-24,202.0,203.89999389648438,202.0,203.25,203.25,240.0,KC=F,USX,NYB
2012-02-27,202.8000030517578,204.5,201.5,204.4499969482422,204.4499969482422,68.0,KC=F,USX,NYB
2012-02-28,204.4499969482422,206.25,202.35000610351562,206.14999389648438,206.14999389648438,86.0,KC=F,USX,NYB
2012-02-29,205.8000030517578,205.8000030517578,201.5500030517578,203.14999389648438,203.14999389648438,47.0,KC=F,USX,NYB
2012-03-01,203.14999389648438,203.14999389648438,202.25,204.0,204.0,45.0,KC=F,USX,NYB
2012-03-02,202.85000610351562,202.85000610351562,200.89999389648438,201.64999389648438,201.64999389648438,53.0,KC=F,USX,NYB
2012-03-05,198.0500030517578,200.3000030517578,198.0500030517578,201.5,201.5,12.0,KC=F,USX,NYB
2012-03-06,200.85000610351562,200.85000610351562,195.5,192.9499969482422,192.9499969482422,19.0,KC=F,USX,NYB
2012-03-07,193.3000030517578,194.14999389648438,186.39999389648438,188.39999389648438,188.39999389648438,37.0,KC=F,USX,NYB
2012-03-08,189.6999969482422,191.6999969482422,186.6999969482422,189.35000610351562,189.35000610351562,38.0,KC=F,USX,NYB
2012-03-09,186.3000030517578,186.3000030517578,186.0,185.60000610351562,185.60000610351562,8.0,KC=F,USX,NYB
2012-03-12,184.35000610351562,184.35000610351562,181.8000030517578,182.60000610351562,182.60000610351562,9.0,KC=F,USX,NYB
2012-03-13,183.0,184.0,183.0,185.35000610351562,185.35000610351562,19.0,KC=F,USX,NYB
2012-03-14,182.75,182.75,182.75,182.75,182.75,1.0,KC=F,USX,NYB
2012-03-15,184.25,184.25,184.25,184.4499969482422,184.4499969482422,2.0,KC=F,USX,NYB
2012-03-16,181.35000610351562,181.35000610351562,181.35000610351562,181.35000610351562,181.35000610351562,13.0,KC=F,USX,NYB
2012-03-19,183.89999389648438,184.8000030517578,183.0500030517578,182.5,182.5,18.0,KC=F,USX,NYB
2012-03-20,182.75,185.10000610351562,182.75,183.10000610351562,183.10000610351562,9565.0,KC=F,USX,NYB
2012-03-21,183.5,188.4499969482422,182.5,184.6999969482422,184.6999969482422,13546.0,KC=F,USX,NYB
2012-03-22,184.14999389648438,185.3000030517578,174.4499969482422,176.9499969482422,176.9499969482422,20905.0,KC=F,USX,NYB
2012-03-23,176.25,179.25,175.25,178.75,178.75,12203.0,KC=F,USX,NYB
2012-03-26,178.25,180.39999389648438,177.6999969482422,178.8000030517578,178.8000030517578,11379.0,KC=F,USX,NYB
2012-03-27,178.8000030517578,187.64999389648438,178.8000030517578,187.35000610351562,187.35000610351562,22751.0,KC=F,USX,NYB
2012-03-28,186.89999389648438,187.85000610351562,181.25,182.0,182.0,14573.0,KC=F,USX,NYB
2012-03-29,181.5,183.25,175.89999389648438,176.4499969482422,176.4499969482422,15739.0,KC=F,USX,NYB
2012-03-30,177.14999389648438,184.0500030517578,177.10000610351562,182.4499969482422,182.4499969482422,17282.0,KC=F,USX,NYB
2012-04-02,182.5,186.89999389648438,180.3000030517578,186.1999969482422,186.1999969482422,16442.0,KC=F,USX,NYB
2012-04-03,185.89999389648438,185.89999389648438,182.35000610351562,185.35000610351562,185.35000610351562,13344.0,KC=F,USX,NYB
2012-04-04,184.0,190.4499969482422,178.6999969482422,184.75,184.75,25823.0,KC=F,USX,NYB
2012-04-05,184.0,185.0,180.9499969482422,183.0,183.0,0.0,KC=F,USX,NYB
2012-04-09,182.85000610351562,183.60000610351562,177.5500030517578,178.0500030517578,178.0500030517578,10733.0,KC=F,USX,NYB
2012-04-10,178.5,182.35000610351562,177.75,178.14999389648438,178.14999389648438,18277.0,KC=F,USX,NYB
2012-04-11,178.10000610351562,182.9499969482422,177.89999389648438,180.64999389648438,180.64999389648438,23905.0,KC=F,USX,NYB
2012-04-12,181.0500030517578,183.3000030517578,178.89999389648438,182.89999389648438,182.89999389648438,22627.0,KC=F,USX,NYB
2012-04-13,182.0500030517578,186.39999389648438,178.14999389648438,179.1999969482422,179.1999969482422,23017.0,KC=F,USX,NYB
2012-04-16,179.3000030517578,180.0,172.64999389648438,174.6999969482422,174.6999969482422,14300.0,KC=F,USX,NYB
2012-04-17,175.5500030517578,177.3000030517578,172.4499969482422,173.0500030517578,173.0500030517578,9950.0,KC=F,USX,NYB
2012-04-18,173.0500030517578,174.0,171.89999389648438,172.64999389648438,172.64999389648438,7937.0,KC=F,USX,NYB
2012-04-19,172.0500030517578,175.0,172.0500030517578,173.64999389648438,173.64999389648438,5876.0,KC=F,USX,NYB
2012-04-20,173.5500030517578,178.39999389648438,173.5500030517578,177.6999969482422,177.6999969482422,401.0,KC=F,USX,NYB
2012-04-23,177.5,178.39999389648438,176.10000610351562,177.6999969482422,177.6999969482422,115.0,KC=F,USX,NYB
2012-04-24,178.4499969482422,183.0,178.4499969482422,182.5,182.5,113.0,KC=F,USX,NYB
2012-04-25,184.14999389648438,184.25,174.89999389648438,175.9499969482422,175.9499969482422,87.0,KC=F,USX,NYB
2012-04-26,176.0,176.35000610351562,174.75,174.6999969482422,174.6999969482422,95.0,KC=F,USX,NYB
2012-04-27,174.6999969482422,176.0,174.6999969482422,175.0,175.0,112.0,KC=F,USX,NYB
2012-04-30,175.39999389648438,178.60000610351562,174.75,177.9499969482422,177.9499969482422,28.0,KC=F,USX,NYB
2012-05-01,176.0,180.8000030517578,176.0,182.85000610351562,182.85000610351562,22.0,KC=F,USX,NYB
2012-05-02,182.89999389648438,182.89999389648438,182.4499969482422,181.3000030517578,181.3000030517578,3.0,KC=F,USX,NYB
2012-05-03,181.0500030517578,181.0500030517578,174.64999389648438,174.3000030517578,174.3000030517578,29.0,KC=F,USX,NYB
2012-05-04,175.39999389648438,175.4499969482422,173.39999389648438,173.5,173.5,23.0,KC=F,USX,NYB
2012-05-07,173.8000030517578,174.35000610351562,173.5,174.14999389648438,174.14999389648438,12.0,KC=F,USX,NYB
2012-05-08,173.75,175.1999969482422,173.5,175.14999389648438,175.14999389648438,46.0,KC=F,USX,NYB
2012-05-09,176.8000030517578,176.8000030517578,172.89999389648438,175.14999389648438,175.14999389648438,19.0,KC=F,USX,NYB
2012-05-10,178.5,178.5,178.5,178.5,178.5,16.0,KC=F,USX,NYB
2012-05-11,179.25,179.25,179.0,176.5500030517578,176.5500030517578,8.0,KC=F,USX,NYB
2012-05-14,173.6999969482422,174.5,173.60000610351562,177.39999389648438,177.39999389648438,20.0,KC=F,USX,NYB
2012-05-15,177.0500030517578,177.0500030517578,177.0500030517578,177.0500030517578,177.0500030517578,1.0,KC=F,USX,NYB
2012-05-16,178.8000030517578,178.8000030517578,178.8000030517578,177.39999389648438,177.39999389648438,1.0,KC=F,USX,NYB
2012-05-17,177.89999389648438,179.0,177.10000610351562,178.64999389648438,178.64999389648438,21.0,KC=F,USX,NYB
2012-05-18,177.6999969482422,177.6999969482422,177.6999969482422,177.6999969482422,177.6999969482422,11053.0,KC=F,USX,NYB
2012-05-21,179.0,181.35000610351562,174.3000030517578,175.14999389648438,175.14999389648438,12379.0,KC=F,USX,NYB
2012-05-22,176.0,177.0,172.85000610351562,174.5,174.5,16378.0,KC=F,USX,NYB
2012-05-23,173.5,173.5,165.10000610351562,166.89999389648438,166.89999389648438,26153.0,KC=F,USX,NYB
2012-05-24,167.0,169.60000610351562,165.3000030517578,166.89999389648438,166.89999389648438,12904.0,KC=F,USX,NYB
2012-05-25,166.4499969482422,168.5500030517578,165.4499969482422,167.8000030517578,167.8000030517578,0.0,KC=F,USX,NYB
2012-05-29,168.4499969482422,169.4499969482422,164.75,165.39999389648438,165.39999389648438,13278.0,KC=F,USX,NYB
2012-05-30,165.39999389648438,166.39999389648438,162.3000030517578,164.39999389648438,164.39999389648438,19135.0,KC=F,USX,NYB
2012-05-31,164.1999969482422,165.4499969482422,160.14999389648438,160.64999389648438,160.64999389648438,16365.0,KC=F,USX,NYB
2012-06-01,160.64999389648438,161.25,156.5,157.5,157.5,14783.0,KC=F,USX,NYB
2012-06-04,157.89999389648438,158.9499969482422,154.64999389648438,158.4499969482422,158.4499969482422,12435.0,KC=F,USX,NYB
2012-06-05,158.0,159.35000610351562,155.89999389648438,156.1999969482422,156.1999969482422,11782.0,KC=F,USX,NYB
2012-06-06,156.4499969482422,158.89999389648438,155.5,155.89999389648438,155.89999389648438,12006.0,KC=F,USX,NYB
2012-06-07,156.1999969482422,158.10000610351562,154.25,156.64999389648438,156.64999389648438,14638.0,KC=F,USX,NYB
2012-06-08,156.64999389648438,157.6999969482422,154.60000610351562,155.60000610351562,155.60000610351562,12848.0,KC=F,USX,NYB
2012-06-11,155.6999969482422,157.89999389648438,153.6999969482422,155.10000610351562,155.10000610351562,19040.0,KC=F,USX,NYB
2012-06-12,154.5,155.5,153.3000030517578,154.1999969482422,154.1999969482422,20332.0,KC=F,USX,NYB
2012-06-13,154.5500030517578,155.14999389648438,151.85000610351562,152.5,152.5,16405.0,KC=F,USX,NYB
2012-06-14,152.3000030517578,152.3000030517578,148.85000610351562,149.1999969482422,149.1999969482422,12007.0,KC=F,USX,NYB
2012-06-15,149.5,151.1999969482422,149.25,150.0500030517578,150.0500030517578,7455.0,KC=F,USX,NYB
2012-06-18,150.6999969482422,150.89999389648438,148.1999969482422,149.5500030517578,149.5500030517578,7611.0,KC=F,USX,NYB
2012-06-19,149.6999969482422,156.6999969482422,148.5500030517578,156.60000610351562,156.60000610351562,8445.0,KC=F,USX,NYB
2012-06-20,156.0,159.14999389648438,150.0,150.75,150.75,10328.0,KC=F,USX,NYB
2012-06-21,150.75,158.14999389648438,150.0,157.75,157.75,1090.0,KC=F,USX,NYB
2012-06-22,158.14999389648438,158.14999389648438,152.5,155.14999389648438,155.14999389648438,416.0,KC=F,USX,NYB
2012-06-25,154.6999969482422,159.0,153.75,158.6999969482422,158.6999969482422,277.0,KC=F,USX,NYB
2012-06-26,159.0,165.3000030517578,157.35000610351562,165.39999389648438,165.39999389648438,185.0,KC=F,USX,NYB
2012-06-27,164.9499969482422,168.10000610351562,163.39999389648438,164.5,164.5,129.0,KC=F,USX,NYB
2012-06-28,163.1999969482422,163.35000610351562,161.0,163.0,163.0,59.0,KC=F,USX,NYB
2012-06-29,164.0,168.60000610351562,164.0,170.10000610351562,170.10000610351562,69.0,KC=F,USX,NYB
2012-07-02,172.8000030517578,172.9499969482422,172.5,174.3000030517578,174.3000030517578,17.0,KC=F,USX,NYB
2012-07-03,175.0,179.75,174.8000030517578,180.10000610351562,180.10000610351562,0.0,KC=F,USX,NYB
2012-07-05,180.0,184.8000030517578,178.25,179.25,179.25,30.0,KC=F,USX,NYB
2012-07-06,179.35000610351562,179.75,177.14999389648438,175.89999389648438,175.89999389648438,30.0,KC=F,USX,NYB
2012-07-09,176.89999389648438,181.10000610351562,176.89999389648438,181.75,181.75,10.0,KC=F,USX,NYB
2012-07-10,181.0500030517578,182.0500030517578,181.0500030517578,183.75,183.75,7.0,KC=F,USX,NYB
2012-07-11,183.60000610351562,190.35000610351562,183.60000610351562,182.6999969482422,182.6999969482422,34.0,KC=F,USX,NYB
2012-07-12,181.75,182.14999389648438,179.0500030517578,181.14999389648438,181.14999389648438,12.0,KC=F,USX,NYB
2012-07-13,184.14999389648438,184.25,184.14999389648438,184.4499969482422,184.4499969482422,14.0,KC=F,USX,NYB
2012-07-16,186.8000030517578,186.8000030517578,180.60000610351562,182.5500030517578,182.5500030517578,8.0,KC=F,USX,NYB
2012-07-17,182.14999389648438,182.14999389648438,180.6999969482422,180.75,180.75,5.0,KC=F,USX,NYB
2012-07-18,182.0,182.0,179.89999389648438,181.39999389648438,181.39999389648438,20.0,KC=F,USX,NYB
2012-07-19,188.1999969482422,188.1999969482422,188.1999969482422,188.1999969482422,188.1999969482422,14133.0,KC=F,USX,NYB
2012-07-20,188.89999389648438,190.85000610351562,186.10000610351562,186.9499969482422,186.9499969482422,12234.0,KC=F,USX,NYB
2012-07-23,185.85000610351562,186.39999389648438,183.10000610351562,185.10000610351562,185.10000610351562,8795.0,KC=F,USX,NYB
2012-07-24,184.39999389648438,185.4499969482422,173.6999969482422,175.4499969482422,175.4499969482422,20016.0,KC=F,USX,NYB
2012-07-25,175.4499969482422,178.4499969482422,174.0,176.3000030517578,176.3000030517578,11394.0,KC=F,USX,NYB
2012-07-26,176.3000030517578,179.5,173.10000610351562,174.0500030517578,174.0500030517578,11893.0,KC=F,USX,NYB
2012-07-27,174.0500030517578,176.75,173.0500030517578,173.6999969482422,173.6999969482422,8637.0,KC=F,USX,NYB
2012-07-30,174.35000610351562,178.89999389648438,173.14999389648438,178.35000610351562,178.35000610351562,10959.0,KC=F,USX,NYB
2012-07-31,178.10000610351562,178.64999389648438,172.6999969482422,174.39999389648438,174.39999389648438,13617.0,KC=F,USX,NYB
2012-08-01,174.64999389648438,175.60000610351562,170.60000610351562,174.60000610351562,174.60000610351562,15973.0,KC=F,USX,NYB
2012-08-02,174.9499969482422,175.35000610351562,171.25,171.64999389648438,171.64999389648438,14350.0,KC=F,USX,NYB
2012-08-03,171.64999389648438,174.1999969482422,171.3000030517578,173.8000030517578,173.8000030517578,7824.0,KC=F,USX,NYB
2012-08-06,173.10000610351562,177.85000610351562,173.0,175.5,175.5,10340.0,KC=F,USX,NYB
2012-08-07,175.5,176.1999969482422,172.39999389648438,172.64999389648438,172.64999389648438,16856.0,KC=F,USX,NYB
2012-08-08,172.75,173.10000610351562,169.89999389648438,170.5,170.5,16959.0,KC=F,USX,NYB
2012-08-09,170.9499969482422,171.35000610351562,166.25,166.4499969482422,166.4499969482422,20061.0,KC=F,USX,NYB
2012-08-10,167.0,167.4499969482422,164.1999969482422,166.25,166.25,15361.0,KC=F,USX,NYB
2012-08-13,166.1999969482422,167.25,162.9499969482422,164.10000610351562,164.10000610351562,18861.0,KC=F,USX,NYB
2012-08-14,164.89999389648438,165.75,162.39999389648438,163.0500030517578,163.0500030517578,11785.0,KC=F,USX,NYB
2012-08-15,163.25,163.5500030517578,158.8000030517578,161.89999389648438,161.89999389648438,10060.0,KC=F,USX,NYB
2012-08-16,161.8000030517578,161.8000030517578,157.8000030517578,158.85000610351562,158.85000610351562,5359.0,KC=F,USX,NYB
2012-08-17,159.14999389648438,160.6999969482422,157.39999389648438,160.3000030517578,160.3000030517578,4838.0,KC=F,USX,NYB
2012-08-20,160.64999389648438,163.4499969482422,160.3000030517578,161.1999969482422,161.1999969482422,8148.0,KC=F,USX,NYB
2012-08-21,161.75,162.5,160.5500030517578,160.64999389648438,160.64999389648438,6018.0,KC=F,USX,NYB
2012-08-22,160.4499969482422,160.5500030517578,157.60000610351562,158.9499969482422,158.9499969482422,6821.0,KC=F,USX,NYB
2012-08-23,159.5,161.39999389648438,158.89999389648438,160.25,160.25,773.0,KC=F,USX,NYB
2012-08-24,160.35000610351562,163.5,160.0,162.60000610351562,162.60000610351562,155.0,KC=F,USX,NYB
2012-08-27,165.0,167.4499969482422,165.0,167.0500030517578,167.0500030517578,115.0,KC=F,USX,NYB
2012-08-28,166.5,168.0,165.75,167.75,167.75,79.0,KC=F,USX,NYB
2012-08-29,167.5,168.60000610351562,166.25,166.39999389648438,166.39999389648438,69.0,KC=F,USX,NYB
2012-08-30,165.5,167.5,162.5,163.0,163.0,28.0,KC=F,USX,NYB
2012-08-31,163.75,165.1999969482422,162.8000030517578,164.5500030517578,164.5500030517578,0.0,KC=F,USX,NYB
2012-09-04,164.4499969482422,165.0,164.4499969482422,164.89999389648438,164.89999389648438,14.0,KC=F,USX,NYB
2012-09-05,164.5,164.5,160.8000030517578,160.4499969482422,160.4499969482422,17.0,KC=F,USX,NYB
2012-09-06,161.89999389648438,161.89999389648438,157.10000610351562,157.89999389648438,157.89999389648438,14.0,KC=F,USX,NYB
2012-09-07,161.75,162.60000610351562,161.75,162.6999969482422,162.6999969482422,8.0,KC=F,USX,NYB
2012-09-10,173.5,173.5,173.5,173.39999389648438,173.39999389648438,5.0,KC=F,USX,NYB
2012-09-11,176.6999969482422,176.6999969482422,176.6999969482422,177.25,177.25,1.0,KC=F,USX,NYB
2012-09-12,178.0500030517578,178.10000610351562,178.0500030517578,177.14999389648438,177.14999389648438,9.0,KC=F,USX,NYB
2012-09-13,177.5,178.25,177.5,178.5,178.5,4.0,KC=F,USX,NYB
2012-09-14,180.85000610351562,182.64999389648438,180.0500030517578,180.8000030517578,180.8000030517578,22.0,KC=F,USX,NYB
2012-09-17,181.10000610351562,182.5500030517578,174.1999969482422,175.0500030517578,175.0500030517578,30.0,KC=F,USX,NYB
2012-09-18,172.0,177.8000030517578,172.0,177.39999389648438,177.39999389648438,15362.0,KC=F,USX,NYB
2012-09-19,178.0500030517578,179.10000610351562,172.35000610351562,174.39999389648438,174.39999389648438,11898.0,KC=F,USX,NYB
2012-09-20,174.1999969482422,174.5,168.3000030517578,168.60000610351562,168.60000610351562,18278.0,KC=F,USX,NYB
2012-09-21,168.60000610351562,173.8000030517578,168.60000610351562,173.3000030517578,173.3000030517578,10777.0,KC=F,USX,NYB
2012-09-24,171.8000030517578,172.75,167.64999389648438,172.3000030517578,172.3000030517578,11686.0,KC=F,USX,NYB
2012-09-25,172.4499969482422,174.85000610351562,171.5500030517578,173.64999389648438,173.64999389648438,7828.0,KC=F,USX,NYB
2012-09-26,173.0,173.25,169.0,169.4499969482422,169.4499969482422,10210.0,KC=F,USX,NYB
2012-09-27,169.60000610351562,174.64999389648438,169.4499969482422,174.3000030517578,174.3000030517578,10406.0,KC=F,USX,NYB
2012-09-28,174.25,175.1999969482422,170.25,173.5,173.5,11928.0,KC=F,USX,NYB
2012-10-01,172.85000610351562,178.9499969482422,172.14999389648438,178.0500030517578,178.0500030517578,13770.0,KC=F,USX,NYB
2012-10-02,178.10000610351562,184.5500030517578,177.9499969482422,183.64999389648438,183.64999389648438,22619.0,KC=F,USX,NYB
2012-10-03,181.5,185.4499969482422,180.5,181.0500030517578,181.0500030517578,18265.0,KC=F,USX,NYB
2012-10-04,181.0500030517578,183.8000030517578,173.39999389648438,175.0500030517578,175.0500030517578,19846.0,KC=F,USX,NYB
2012-10-05,175.0500030517578,176.5500030517578,167.6999969482422,168.10000610351562,168.10000610351562,18668.0,KC=F,USX,NYB
2012-10-08,167.8000030517578,169.39999389648438,166.35000610351562,169.10000610351562,169.10000610351562,10026.0,KC=F,USX,NYB
2012-10-09,168.5,170.0,164.10000610351562,165.3000030517578,165.3000030517578,21706.0,KC=F,USX,NYB
2012-10-10,166.64999389648438,166.9499969482422,163.3000030517578,163.4499969482422,163.4499969482422,14508.0,KC=F,USX,NYB
2012-10-11,163.3000030517578,163.6999969482422,160.3000030517578,160.75,160.75,16170.0,KC=F,USX,NYB
2012-10-12,161.10000610351562,163.10000610351562,159.6999969482422,161.6999969482422,161.6999969482422,10944.0,KC=F,USX,NYB
2012-10-15,161.6999969482422,162.75,159.5,160.85000610351562,160.85000610351562,10389.0,KC=F,USX,NYB
2012-10-16,161.5,163.4499969482422,160.35000610351562,162.8000030517578,162.8000030517578,9753.0,KC=F,USX,NYB
2012-10-17,163.0,163.35000610351562,159.60000610351562,161.5,161.5,9616.0,KC=F,USX,NYB
2012-10-18,161.10000610351562,161.5500030517578,157.14999389648438,158.60000610351562,158.60000610351562,13172.0,KC=F,USX,NYB
2012-10-19,158.64999389648438,162.85000610351562,158.14999389648438,161.64999389648438,161.64999389648438,12946.0,KC=F,USX,NYB
2012-10-22,162.5,165.6999969482422,161.39999389648438,164.5,164.5,12849.0,KC=F,USX,NYB
2012-10-23,164.10000610351562,164.10000610351562,160.25,160.85000610351562,160.85000610351562,9006.0,KC=F,USX,NYB
2012-10-24,160.85000610351562,162.3000030517578,158.6999969482422,159.8000030517578,159.8000030517578,10382.0,KC=F,USX,NYB
2012-10-25,160.5,161.89999389648438,159.1999969482422,161.0,161.0,8602.0,KC=F,USX,NYB
2012-10-26,161.0,161.4499969482422,156.89999389648438,157.75,157.75,12630.0,KC=F,USX,NYB
2012-10-31,157.0500030517578,158.85000610351562,154.39999389648438,154.64999389648438,154.64999389648438,18089.0,KC=F,USX,NYB
2012-11-01,154.64999389648438,156.39999389648438,152.8000030517578,153.4499969482422,153.4499969482422,12255.0,KC=F,USX,NYB
2012-11-02,155.0,155.4499969482422,153.14999389648438,154.6999969482422,154.6999969482422,13440.0,KC=F,USX,NYB
2012-11-05,154.6999969482422,154.6999969482422,150.8000030517578,150.89999389648438,150.89999389648438,15500.0,KC=F,USX,NYB
2012-11-06,151.0,152.5,150.35000610351562,150.60000610351562,150.60000610351562,11589.0,KC=F,USX,NYB
2012-11-07,151.0,154.0,150.6999969482422,151.1999969482422,151.1999969482422,18186.0,KC=F,USX,NYB
2012-11-08,151.5,153.1999969482422,149.89999389648438,151.39999389648438,151.39999389648438,27555.0,KC=F,USX,NYB
2012-11-09,151.9499969482422,152.35000610351562,149.60000610351562,149.89999389648438,149.89999389648438,19994.0,KC=F,USX,NYB
2012-11-12,151.14999389648438,154.39999389648438,151.14999389648438,153.0500030517578,153.0500030517578,28799.0,KC=F,USX,NYB
2012-11-13,153.0,153.0,145.75,146.0,146.0,20780.0,KC=F,USX,NYB
2012-11-14,146.5,148.6999969482422,146.5,147.6999969482422,147.6999969482422,11308.0,KC=F,USX,NYB
2012-11-15,148.25,149.35000610351562,144.5,149.0,149.0,8635.0,KC=F,USX,NYB
2012-11-16,148.60000610351562,149.0,146.5,147.3000030517578,147.3000030517578,5964.0,KC=F,USX,NYB
2012-11-19,147.5500030517578,151.8000030517578,147.5500030517578,151.39999389648438,151.39999389648438,11134.0,KC=F,USX,NYB
2012-11-20,150.64999389648438,151.0,143.1999969482422,143.75,143.75,12851.0,KC=F,USX,NYB
2012-11-21,144.0,145.85000610351562,142.89999389648438,144.8000030517578,144.8000030517578,0.0,KC=F,USX,NYB
2012-11-23,144.89999389648438,144.89999389648438,142.0,142.14999389648438,142.14999389648438,136.0,KC=F,USX,NYB
2012-11-26,142.4499969482422,142.4499969482422,132.25,139.89999389648438,139.89999389648438,238.0,KC=F,USX,NYB
2012-11-27,137.14999389648438,142.0,137.10000610351562,139.8000030517578,139.8000030517578,66.0,KC=F,USX,NYB
2012-11-28,138.25,144.6999969482422,137.35000610351562,144.64999389648438,144.64999389648438,46.0,KC=F,USX,NYB
2012-11-29,146.64999389648438,148.14999389648438,144.5,146.14999389648438,146.14999389648438,11.0,KC=F,USX,NYB
2012-11-30,146.64999389648438,146.64999389648438,141.35000610351562,142.10000610351562,142.10000610351562,18.0,KC=F,USX,NYB
2012-12-03,140.10000610351562,142.0,140.10000610351562,141.6999969482422,141.6999969482422,19.0,KC=F,USX,NYB
2012-12-04,138.89999389648438,138.89999389648438,138.89999389648438,137.35000610351562,137.35000610351562,17.0,KC=F,USX,NYB
2012-12-05,140.1999969482422,140.1999969482422,139.25,139.60000610351562,139.60000610351562,6.0,KC=F,USX,NYB
2012-12-06,140.4499969482422,140.4499969482422,140.4499969482422,140.4499969482422,140.4499969482422,6.0,KC=F,USX,NYB
2012-12-07,140.5,142.25,140.10000610351562,142.10000610351562,142.10000610351562,9.0,KC=F,USX,NYB
2012-12-10,142.0,142.0,142.0,138.10000610351562,138.10000610351562,4.0,KC=F,USX,NYB
2012-12-11,141.14999389648438,141.14999389648438,141.14999389648438,141.14999389648438,141.14999389648438,1.0,KC=F,USX,NYB
2012-12-12,140.14999389648438,141.25,138.60000610351562,138.14999389648438,138.14999389648438,10.0,KC=F,USX,NYB
2012-12-13,135.25,135.25,135.25,135.25,135.25,10.0,KC=F,USX,NYB
2012-12-14,136.60000610351562,136.60000610351562,136.60000610351562,137.39999389648438,137.39999389648438,11.0,KC=F,USX,NYB
2012-12-17,137.9499969482422,138.25,137.9499969482422,137.9499969482422,137.9499969482422,2.0,KC=F,USX,NYB
2012-12-18,133.5,133.5,133.5,133.5,133.5,10706.0,KC=F,USX,NYB
2012-12-19,143.5500030517578,145.85000610351562,142.6999969482422,144.89999389648438,144.89999389648438,8385.0,KC=F,USX,NYB
2012-12-20,145.0,146.25,141.8000030517578,142.9499969482422,142.9499969482422,12029.0,KC=F,USX,NYB
2012-12-21,143.25,146.85000610351562,141.85000610351562,146.60000610351562,146.60000610351562,10633.0,KC=F,USX,NYB
2012-12-24,146.60000610351562,147.9499969482422,145.10000610351562,147.0,147.0,0.0,KC=F,USX,NYB
2012-12-26,147.0500030517578,148.9499969482422,145.85000610351562,148.3000030517578,148.3000030517578,4892.0,KC=F,USX,NYB
2012-12-27,148.0,148.75,146.8000030517578,147.89999389648438,147.89999389648438,5820.0,KC=F,USX,NYB
2012-12-28,147.0500030517578,149.25,145.60000610351562,146.85000610351562,146.85000610351562,6529.0,KC=F,USX,NYB
2012-12-31,146.10000610351562,146.25,141.25,143.8000030517578,143.8000030517578,11362.0,KC=F,USX,NYB
2013-01-02,145.0,150.0,144.9499969482422,149.39999389648438,149.39999389648438,16116.0,KC=F,USX,NYB
2013-01-03,148.60000610351562,151.9499969482422,145.4499969482422,146.5,146.5,20134.0,KC=F,USX,NYB
2013-01-04,145.39999389648438,147.85000610351562,142.60000610351562,147.35000610351562,147.35000610351562,14266.0,KC=F,USX,NYB
2013-01-07,147.35000610351562,151.0,146.60000610351562,150.39999389648438,150.39999389648438,15748.0,KC=F,USX,NYB
2013-01-08,149.3000030517578,150.4499969482422,145.64999389648438,148.14999389648438,148.14999389648438,20823.0,KC=F,USX,NYB
2013-01-09,146.60000610351562,149.14999389648438,145.9499969482422,147.89999389648438,147.89999389648438,17586.0,KC=F,USX,NYB
2013-01-10,148.1999969482422,149.89999389648438,147.6999969482422,149.64999389648438,149.64999389648438,16113.0,KC=F,USX,NYB
2013-01-11,149.1999969482422,153.5,148.85000610351562,153.35000610351562,153.35000610351562,25534.0,KC=F,USX,NYB
2013-01-14,152.9499969482422,155.89999389648438,152.5,153.3000030517578,153.3000030517578,23538.0,KC=F,USX,NYB
2013-01-15,152.6999969482422,156.5,151.25,152.5,152.5,20713.0,KC=F,USX,NYB
2013-01-16,152.0,154.75,150.8000030517578,153.0,153.0,13856.0,KC=F,USX,NYB
2013-01-17,152.6999969482422,156.5,152.39999389648438,155.5,155.5,17572.0,KC=F,USX,NYB
2013-01-18,155.4499969482422,157.89999389648438,154.5500030517578,156.3000030517578,156.3000030517578,0.0,KC=F,USX,NYB
2013-01-22,154.8000030517578,156.4499969482422,148.1999969482422,148.60000610351562,148.60000610351562,28200.0,KC=F,USX,NYB
2013-01-23,148.85000610351562,151.8000030517578,148.35000610351562,150.39999389648438,150.39999389648438,15098.0,KC=F,USX,NYB
2013-01-24,150.64999389648438,151.3000030517578,146.10000610351562,146.5500030517578,146.5500030517578,21052.0,KC=F,USX,NYB
2013-01-25,147.1999969482422,148.5,146.39999389648438,148.3000030517578,148.3000030517578,8962.0,KC=F,USX,NYB
2013-01-28,148.10000610351562,149.8000030517578,146.9499969482422,149.0,149.0,16188.0,KC=F,USX,NYB
2013-01-29,149.0500030517578,150.5,148.25,149.8000030517578,149.8000030517578,13062.0,KC=F,USX,NYB
2013-01-30,149.89999389648438,150.8000030517578,147.14999389648438,147.6999969482422,147.6999969482422,21008.0,KC=F,USX,NYB
2013-01-31,148.0500030517578,148.60000610351562,146.5500030517578,146.9499969482422,146.9499969482422,15414.0,KC=F,USX,NYB
2013-02-01,146.9499969482422,149.8000030517578,146.89999389648438,147.9499969482422,147.9499969482422,15690.0,KC=F,USX,NYB
2013-02-04,147.5,148.0500030517578,143.9499969482422,144.35000610351562,144.35000610351562,21555.0,KC=F,USX,NYB
2013-02-05,144.5500030517578,145.6999969482422,143.75,144.0500030517578,144.0500030517578,22124.0,KC=F,USX,NYB
2013-02-06,144.1999969482422,144.4499969482422,141.8000030517578,142.10000610351562,142.10000610351562,21144.0,KC=F,USX,NYB
2013-02-07,142.10000610351562,143.3000030517578,139.64999389648438,140.3000030517578,140.3000030517578,31915.0,KC=F,USX,NYB
2013-02-08,139.89999389648438,142.0500030517578,139.39999389648438,141.0500030517578,141.0500030517578,24410.0,KC=F,USX,NYB
2013-02-11,141.75,141.89999389648438,139.6999969482422,140.14999389648438,140.14999389648438,29376.0,KC=F,USX,NYB
2013-02-12,140.0500030517578,142.14999389648438,138.5500030517578,140.64999389648438,140.64999389648438,23847.0,KC=F,USX,NYB
2013-02-13,140.5,141.64999389648438,138.3000030517578,138.75,138.75,19931.0,KC=F,USX,NYB
2013-02-14,138.85000610351562,139.25,137.4499969482422,138.0,138.0,12326.0,KC=F,USX,NYB
2013-02-15,137.8000030517578,138.1999969482422,136.4499969482422,136.9499969482422,136.9499969482422,0.0,KC=F,USX,NYB
2013-02-19,137.1999969482422,139.39999389648438,135.89999389648438,136.5,136.5,20615.0,KC=F,USX,NYB
2013-02-20,136.60000610351562,141.6999969482422,136.5500030517578,141.0,141.0,1437.0,KC=F,USX,NYB
2013-02-21,140.35000610351562,141.64999389648438,138.75,141.75,141.75,616.0,KC=F,USX,NYB
2013-02-22,142.1999969482422,143.9499969482422,142.1999969482422,143.10000610351562,143.10000610351562,496.0,KC=F,USX,NYB
2013-02-25,143.60000610351562,144.0500030517578,140.60000610351562,142.60000610351562,142.60000610351562,159.0,KC=F,USX,NYB
2013-02-26,142.0,143.5500030517578,141.0,142.89999389648438,142.89999389648438,101.0,KC=F,USX,NYB
2013-02-27,141.85000610351562,143.39999389648438,141.64999389648438,142.39999389648438,142.39999389648438,152.0,KC=F,USX,NYB
2013-02-28,143.3000030517578,143.64999389648438,141.5,142.64999389648438,142.64999389648438,68.0,KC=F,USX,NYB
2013-03-01,143.5500030517578,143.60000610351562,142.0,142.89999389648438,142.89999389648438,78.0,KC=F,USX,NYB
2013-03-04,146.0,146.0,145.6999969482422,145.9499969482422,145.9499969482422,4.0,KC=F,USX,NYB
2013-03-05,146.0,146.89999389648438,140.10000610351562,140.5,140.5,21.0,KC=F,USX,NYB
2013-03-06,140.5,140.5,140.10000610351562,140.60000610351562,140.60000610351562,4.0,KC=F,USX,NYB
2013-03-07,140.60000610351562,140.60000610351562,139.9499969482422,142.4499969482422,142.4499969482422,14.0,KC=F,USX,NYB
2013-03-08,142.6999969482422,142.6999969482422,142.5,143.35000610351562,143.35000610351562,13.0,KC=F,USX,NYB
2013-03-11,143.3000030517578,143.89999389648438,143.3000030517578,143.0500030517578,143.0500030517578,10.0,KC=F,USX,NYB
2013-03-12,141.5500030517578,141.5500030517578,141.5500030517578,141.64999389648438,141.64999389648438,7.0,KC=F,USX,NYB
2013-03-13,140.89999389648438,142.85000610351562,140.1999969482422,140.0500030517578,140.0500030517578,16.0,KC=F,USX,NYB
2013-03-14,139.64999389648438,139.8000030517578,139.64999389648438,138.89999389648438,138.89999389648438,3.0,KC=F,USX,NYB
2013-03-15,137.39999389648438,137.39999389648438,137.39999389648438,136.5,136.5,7.0,KC=F,USX,NYB
2013-03-18,133.6999969482422,133.6999969482422,133.6999969482422,133.14999389648438,133.14999389648438,15684.0,KC=F,USX,NYB
2013-03-19,134.5,135.4499969482422,132.5500030517578,133.10000610351562,133.10000610351562,11770.0,KC=F,USX,NYB
2013-03-20,133.1999969482422,134.25,132.0500030517578,133.60000610351562,133.60000610351562,14085.0,KC=F,USX,NYB
2013-03-21,133.1999969482422,134.4499969482422,132.35000610351562,133.75,133.75,12995.0,KC=F,USX,NYB
2013-03-22,133.6999969482422,136.3000030517578,133.1999969482422,135.3000030517578,135.3000030517578,18241.0,KC=F,USX,NYB
2013-03-25,135.9499969482422,136.60000610351562,134.64999389648438,135.60000610351562,135.60000610351562,12162.0,KC=F,USX,NYB
2013-03-26,135.60000610351562,138.8000030517578,135.3000030517578,137.60000610351562,137.60000610351562,18478.0,KC=F,USX,NYB
2013-03-27,136.8000030517578,138.14999389648438,134.85000610351562,136.60000610351562,136.60000610351562,14172.0,KC=F,USX,NYB
2013-03-28,136.60000610351562,137.75,135.85000610351562,137.14999389648438,137.14999389648438,0.0,KC=F,USX,NYB
2013-04-01,137.14999389648438,141.35000610351562,135.5,138.39999389648438,138.39999389648438,16201.0,KC=F,USX,NYB
2013-04-02,137.8000030517578,138.14999389648438,135.64999389648438,136.14999389648438,136.14999389648438,24307.0,KC=F,USX,NYB
2013-04-03,135.9499969482422,139.64999389648438,135.5,139.4499969482422,139.4499969482422,25315.0,KC=F,USX,NYB
2013-04-04,139.3000030517578,139.8000030517578,137.4499969482422,139.5,139.5,20951.0,KC=F,USX,NYB
2013-04-05,139.25,140.6999969482422,137.9499969482422,140.14999389648438,140.14999389648438,27231.0,KC=F,USX,NYB
2013-04-08,139.8000030517578,140.89999389648438,135.0,135.89999389648438,135.89999389648438,37753.0,KC=F,USX,NYB
2013-04-09,136.1999969482422,136.85000610351562,134.6999969482422,135.39999389648438,135.39999389648438,40241.0,KC=F,USX,NYB
2013-04-10,135.39999389648438,137.8000030517578,135.25,136.0500030517578,136.0500030517578,23954.0,KC=F,USX,NYB
2013-04-11,135.6999969482422,137.3000030517578,135.6999969482422,136.8000030517578,136.8000030517578,26592.0,KC=F,USX,NYB
2013-04-12,136.60000610351562,137.8000030517578,134.89999389648438,135.25,135.25,25655.0,KC=F,USX,NYB
2013-04-15,134.9499969482422,135.35000610351562,131.75,134.4499969482422,134.4499969482422,19806.0,KC=F,USX,NYB
2013-04-16,134.5,136.0,134.4499969482422,135.85000610351562,135.85000610351562,12979.0,KC=F,USX,NYB
2013-04-17,135.85000610351562,138.10000610351562,135.39999389648438,136.10000610351562,136.10000610351562,9511.0,KC=F,USX,NYB
2013-04-18,136.3000030517578,139.3000030517578,136.1999969482422,138.89999389648438,138.89999389648438,10346.0,KC=F,USX,NYB
2013-04-19,138.89999389648438,142.4499969482422,138.89999389648438,141.64999389648438,141.64999389648438,6316.0,KC=F,USX,NYB
2013-04-22,141.64999389648438,143.5,141.0,142.5,142.5,957.0,KC=F,USX,NYB
2013-04-23,142.4499969482422,142.4499969482422,136.60000610351562,137.5500030517578,137.5500030517578,643.0,KC=F,USX,NYB
2013-04-24,138.14999389648438,139.3000030517578,137.14999389648438,138.39999389648438,138.39999389648438,189.0,KC=F,USX,NYB
2013-04-25,138.9499969482422,139.5500030517578,136.35000610351562,137.1999969482422,137.1999969482422,164.0,KC=F,USX,NYB
2013-04-26,137.5500030517578,137.5500030517578,133.3000030517578,133.89999389648438,133.89999389648438,74.0,KC=F,USX,NYB
2013-04-29,133.64999389648438,134.4499969482422,132.8000030517578,133.60000610351562,133.60000610351562,48.0,KC=F,USX,NYB
2013-04-30,134.1999969482422,134.9499969482422,133.5,134.9499969482422,134.9499969482422,150.0,KC=F,USX,NYB
2013-05-01,136.0,136.0,132.75,134.5,134.5,70.0,KC=F,USX,NYB
2013-05-02,135.35000610351562,139.1999969482422,135.35000610351562,138.9499969482422,138.9499969482422,94.0,KC=F,USX,NYB
2013-05-03,138.75,140.25,138.75,140.3000030517578,140.3000030517578,11.0,KC=F,USX,NYB
2013-05-06,141.35000610351562,141.35000610351562,141.35000610351562,141.35000610351562,141.35000610351562,11.0,KC=F,USX,NYB
2013-05-07,141.3000030517578,141.39999389648438,141.0,142.3000030517578,142.3000030517578,98.0,KC=F,USX,NYB
2013-05-08,144.0,144.0,144.0,144.14999389648438,144.14999389648438,57.0,KC=F,USX,NYB
2013-05-09,146.0,146.0500030517578,146.0,145.8000030517578,145.8000030517578,16.0,KC=F,USX,NYB
2013-05-10,147.1999969482422,147.64999389648438,147.1999969482422,143.8000030517578,143.8000030517578,5.0,KC=F,USX,NYB
2013-05-13,142.9499969482422,144.75,141.5,144.5500030517578,144.5500030517578,23.0,KC=F,USX,NYB
2013-05-14,143.6999969482422,143.6999969482422,143.6999969482422,141.64999389648438,141.64999389648438,1.0,KC=F,USX,NYB
2013-05-15,138.10000610351562,138.10000610351562,138.0,138.0,138.0,2.0,KC=F,USX,NYB
2013-05-16,139.60000610351562,139.9499969482422,139.60000610351562,138.35000610351562,138.35000610351562,4.0,KC=F,USX,NYB
2013-05-17,135.4499969482422,135.4499969482422,135.4499969482422,135.60000610351562,135.60000610351562,13.0,KC=F,USX,NYB
2013-05-20,132.60000610351562,132.60000610351562,132.60000610351562,133.85000610351562,133.85000610351562,13377.0,KC=F,USX,NYB
2013-05-21,135.6999969482422,135.85000610351562,132.25,132.6999969482422,132.6999969482422,17546.0,KC=F,USX,NYB
2013-05-22,133.3000030517578,133.6999969482422,128.25,128.4499969482422,128.4499969482422,26365.0,KC=F,USX,NYB
2013-05-23,128.8000030517578,131.8000030517578,128.0500030517578,130.0500030517578,130.0500030517578,21099.0,KC=F,USX,NYB
2013-05-24,130.64999389648438,130.75,126.80000305175781,127.25,127.25,0.0,KC=F,USX,NYB
2013-05-28,127.55000305175781,128.1999969482422,125.80000305175781,126.44999694824219,126.44999694824219,22032.0,KC=F,USX,NYB
2013-05-29,126.55000305175781,128.0,126.0,127.5999984741211,127.5999984741211,17396.0,KC=F,USX,NYB
2013-05-30,128.0,128.5500030517578,125.19999694824219,125.8499984741211,125.8499984741211,18057.0,KC=F,USX,NYB
2013-05-31,125.94999694824219,127.8499984741211,125.05000305175781,127.05000305175781,127.05000305175781,14623.0,KC=F,USX,NYB
2013-06-03,127.05000305175781,129.39999389648438,125.5,129.0,129.0,18227.0,KC=F,USX,NYB
2013-06-04,129.0,129.10000610351562,127.0999984741211,127.6500015258789,127.6500015258789,16379.0,KC=F,USX,NYB
2013-06-05,127.80000305175781,129.5,125.9000015258789,127.44999694824219,127.44999694824219,15775.0,KC=F,USX,NYB
2013-06-06,127.4000015258789,129.89999389648438,127.05000305175781,129.4499969482422,129.4499969482422,26302.0,KC=F,USX,NYB
2013-06-07,129.6999969482422,129.75,126.30000305175781,126.94999694824219,126.94999694824219,26228.0,KC=F,USX,NYB
2013-06-10,126.5,129.0,125.9000015258789,128.75,128.75,25607.0,KC=F,USX,NYB
2013-06-11,128.75,129.0,126.0,127.69999694824219,127.69999694824219,30987.0,KC=F,USX,NYB
2013-06-12,127.69999694824219,128.39999389648438,121.0999984741211,122.75,122.75,35816.0,KC=F,USX,NYB
2013-06-13,122.69999694824219,124.0999984741211,121.3499984741211,123.69999694824219,123.69999694824219,26938.0,KC=F,USX,NYB
2013-06-14,124.1500015258789,124.69999694824219,121.8499984741211,122.25,122.25,16503.0,KC=F,USX,NYB
2013-06-17,122.25,124.5999984741211,121.9000015258789,122.3499984741211,122.3499984741211,11109.0,KC=F,USX,NYB
2013-06-18,122.4000015258789,123.25,120.9000015258789,122.0,122.0,10377.0,KC=F,USX,NYB
2013-06-19,122.9000015258789,123.4000015258789,121.9000015258789,122.75,122.75,11288.0,KC=F,USX,NYB
2013-06-20,122.0999984741211,122.0999984741211,116.9000015258789,117.6500015258789,117.6500015258789,2238.0,KC=F,USX,NYB
2013-06-21,119.19999694824219,121.0999984741211,118.6500015258789,118.69999694824219,118.69999694824219,119.0,KC=F,USX,NYB
2013-06-24,118.8499984741211,120.4000015258789,118.6500015258789,119.44999694824219,119.44999694824219,72.0,KC=F,USX,NYB
2013-06-25,120.19999694824219,120.44999694824219,118.69999694824219,120.25,120.25,63.0,KC=F,USX,NYB
2013-06-26,120.0999984741211,120.6500015258789,117.94999694824219,118.1500015258789,118.1500015258789,348.0,KC=F,USX,NYB
2013-06-27,118.80000305175781,121.5,118.69999694824219,121.5999984741211,121.5999984741211,40.0,KC=F,USX,NYB
2013-06-28,122.30000305175781,122.3499984741211,118.5,120.0,120.0,40.0,KC=F,USX,NYB
2013-07-01,120.5999984741211,121.8499984741211,119.80000305175781,121.19999694824219,121.19999694824219,21.0,KC=F,USX,NYB
2013-07-02,121.25,124.3499984741211,121.25,124.0999984741211,124.0999984741211,43.0,KC=F,USX,NYB
2013-07-03,124.0,124.0,121.30000305175781,121.1500015258789,121.1500015258789,18.0,KC=F,USX,NYB
2013-07-05,120.80000305175781,120.80000305175781,120.80000305175781,120.94999694824219,120.94999694824219,4.0,KC=F,USX,NYB
2013-07-08,120.5,123.5999984741211,120.5,123.25,123.25,12.0,KC=F,USX,NYB
2013-07-09,124.0,124.0,120.0,122.05000305175781,122.05000305175781,36.0,KC=F,USX,NYB
2013-07-10,121.75,121.75,121.75,121.44999694824219,121.44999694824219,5.0,KC=F,USX,NYB
2013-07-11,123.1500015258789,123.1500015258789,123.1500015258789,123.1500015258789,123.1500015258789,40.0,KC=F,USX,NYB
2013-07-12,120.4000015258789,120.4000015258789,119.3499984741211,119.1500015258789,119.1500015258789,8.0,KC=F,USX,NYB
2013-07-15,120.25,120.25,120.1500015258789,122.9000015258789,122.9000015258789,3.0,KC=F,USX,NYB
2013-07-16,124.9000015258789,126.0999984741211,124.9000015258789,125.5999984741211,125.5999984741211,3.0,KC=F,USX,NYB
2013-07-17,126.25,126.25,125.75,127.55000305175781,127.55000305175781,5.0,KC=F,USX,NYB
2013-07-18,131.64999389648438,132.14999389648438,131.60000610351562,127.1500015258789,127.1500015258789,14.0,KC=F,USX,NYB
2013-07-19,122.5999984741211,122.5999984741211,122.5999984741211,122.5999984741211,122.5999984741211,21376.0,KC=F,USX,NYB
2013-07-22,123.1500015258789,125.69999694824219,122.5999984741211,125.30000305175781,125.30000305175781,16624.0,KC=F,USX,NYB
2013-07-23,125.4000015258789,126.5,123.25,126.0999984741211,126.0999984741211,17161.0,KC=F,USX,NYB
2013-07-24,126.0999984741211,126.4000015258789,120.8499984741211,121.25,121.25,17325.0,KC=F,USX,NYB
2013-07-25,121.80000305175781,125.1500015258789,120.8499984741211,124.80000305175781,124.80000305175781,12814.0,KC=F,USX,NYB
2013-07-26,124.5999984741211,125.9000015258789,122.0999984741211,122.25,122.25,16607.0,KC=F,USX,NYB
2013-07-29,122.25,123.3499984741211,119.80000305175781,121.1500015258789,121.1500015258789,12587.0,KC=F,USX,NYB
2013-07-30,121.0999984741211,122.44999694824219,120.0,120.30000305175781,120.30000305175781,15061.0,KC=F,USX,NYB
2013-07-31,120.5,120.75,117.4000015258789,118.5999984741211,118.5999984741211,19086.0,KC=F,USX,NYB
2013-08-01,118.75,119.44999694824219,115.3499984741211,115.5999984741211,115.5999984741211,19309.0,KC=F,USX,NYB
2013-08-02,116.0,118.5,115.80000305175781,118.25,118.25,17135.0,KC=F,USX,NYB
2013-08-05,118.0,121.19999694824219,117.9000015258789,119.6500015258789,119.6500015258789,16718.0,KC=F,USX,NYB
2013-08-06,119.0,119.44999694824219,117.0999984741211,117.9000015258789,117.9000015258789,20644.0,KC=F,USX,NYB
2013-08-07,118.30000305175781,121.5,117.8499984741211,121.05000305175781,121.05000305175781,24260.0,KC=F,USX,NYB
2013-08-08,120.6500015258789,123.5999984741211,120.4000015258789,122.05000305175781,122.05000305175781,23012.0,KC=F,USX,NYB
2013-08-09,121.94999694824219,124.30000305175781,121.44999694824219,122.9000015258789,122.9000015258789,26612.0,KC=F,USX,NYB
2013-08-12,122.9000015258789,124.5999984741211,122.0999984741211,123.44999694824219,123.44999694824219,21213.0,KC=F,USX,NYB
2013-08-13,123.5,124.25,119.3499984741211,120.5999984741211,120.5999984741211,31321.0,KC=F,USX,NYB
2013-08-14,121.05000305175781,124.5,120.75,122.6500015258789,122.6500015258789,21594.0,KC=F,USX,NYB
2013-08-15,122.75,122.75,119.55000305175781,121.8499984741211,121.8499984741211,12689.0,KC=F,USX,NYB
2013-08-16,121.69999694824219,122.19999694824219,120.0,120.5,120.5,6010.0,KC=F,USX,NYB
2013-08-19,120.44999694824219,120.9000015258789,118.8499984741211,119.25,119.25,9068.0,KC=F,USX,NYB
2013-08-20,119.0,119.0,114.75,114.94999694824219,114.94999694824219,12306.0,KC=F,USX,NYB
2013-08-21,115.0999984741211,115.69999694824219,113.25,113.5,113.5,12432.0,KC=F,USX,NYB
2013-08-22,113.4000015258789,114.5,112.80000305175781,113.19999694824219,113.19999694824219,265.0,KC=F,USX,NYB
2013-08-23,113.0,114.30000305175781,113.0,113.05000305175781,113.05000305175781,570.0,KC=F,USX,NYB
2013-08-26,114.0999984741211,115.19999694824219,114.0999984741211,114.05000305175781,114.05000305175781,113.0,KC=F,USX,NYB
2013-08-27,113.80000305175781,113.80000305175781,112.9000015258789,113.1500015258789,113.1500015258789,31.0,KC=F,USX,NYB
2013-08-28,114.1500015258789,114.8499984741211,113.5999984741211,114.5999984741211,114.5999984741211,23.0,KC=F,USX,NYB
2013-08-29,114.25,114.25,112.75,113.1500015258789,113.1500015258789,128.0,KC=F,USX,NYB
2013-08-30,113.5,113.5,112.0,112.0999984741211,112.0999984741211,0.0,KC=F,USX,NYB
2013-09-03,113.0,114.5,112.9000015258789,112.80000305175781,112.80000305175781,16.0,KC=F,USX,NYB
2013-09-04,112.55000305175781,112.55000305175781,112.55000305175781,112.55000305175781,112.55000305175781,16.0,KC=F,USX,NYB
2013-09-05,113.55000305175781,113.55000305175781,111.55000305175781,112.55000305175781,112.55000305175781,5.0,KC=F,USX,NYB
2013-09-06,113.94999694824219,113.94999694824219,113.94999694824219,113.94999694824219,113.94999694824219,6.0,KC=F,USX,NYB
2013-09-09,114.0,114.0,114.0,113.8499984741211,113.8499984741211,2.0,KC=F,USX,NYB
2013-09-10,114.5999984741211,114.5999984741211,114.5999984741211,112.3499984741211,112.3499984741211,2.0,KC=F,USX,NYB
2013-09-11,114.0,116.0,114.0,116.44999694824219,116.44999694824219,11.0,KC=F,USX,NYB
2013-09-12,115.75,116.0999984741211,115.75,116.25,116.25,28.0,KC=F,USX,NYB
2013-09-13,115.69999694824219,115.69999694824219,115.69999694824219,115.55000305175781,115.55000305175781,2.0,KC=F,USX,NYB
2013-09-16,114.80000305175781,114.80000305175781,114.80000305175781,114.80000305175781,114.80000305175781,4.0,KC=F,USX,NYB
2013-09-17,114.75,114.75,111.0999984741211,111.05000305175781,111.05000305175781,6.0,KC=F,USX,NYB
2013-09-18,111.80000305175781,111.80000305175781,111.80000305175781,111.30000305175781,111.30000305175781,11345.0,KC=F,USX,NYB
2013-09-19,116.0,116.69999694824219,115.30000305175781,115.80000305175781,115.80000305175781,11419.0,KC=F,USX,NYB
2013-09-20,115.5999984741211,115.9000015258789,114.19999694824219,114.6500015258789,114.6500015258789,7513.0,KC=F,USX,NYB
2013-09-23,114.6500015258789,117.44999694824219,114.6500015258789,117.05000305175781,117.05000305175781,12340.0,KC=F,USX,NYB
2013-09-24,117.05000305175781,118.4000015258789,117.0,117.8499984741211,117.8499984741211,9183.0,KC=F,USX,NYB
2013-09-25,117.5,119.19999694824219,117.05000305175781,117.25,117.25,13548.0,KC=F,USX,NYB
2013-09-26,117.19999694824219,117.44999694824219,114.80000305175781,115.6500015258789,115.6500015258789,12469.0,KC=F,USX,NYB
2013-09-27,115.80000305175781,115.9000015258789,113.5,113.69999694824219,113.69999694824219,10661.0,KC=F,USX,NYB
2013-09-30,113.6500015258789,114.80000305175781,113.5,113.69999694824219,113.69999694824219,10243.0,KC=F,USX,NYB
2013-10-01,113.9000015258789,114.69999694824219,113.19999694824219,114.0999984741211,114.0999984741211,10469.0,KC=F,USX,NYB
2013-10-02,114.5,115.5,114.0999984741211,114.44999694824219,114.44999694824219,8451.0,KC=F,USX,NYB
2013-10-03,114.44999694824219,116.19999694824219,114.19999694824219,115.3499984741211,115.3499984741211,10476.0,KC=F,USX,NYB
2013-10-04,115.1500015258789,116.0,113.9000015258789,114.4000015258789,114.4000015258789,6968.0,KC=F,USX,NYB
2013-10-07,114.4000015258789,114.75,113.5,114.5,114.5,6168.0,KC=F,USX,NYB
2013-10-08,114.4000015258789,115.3499984741211,113.8499984741211,115.05000305175781,115.05000305175781,6967.0,KC=F,USX,NYB
2013-10-09,114.75,115.80000305175781,114.44999694824219,115.25,115.25,8343.0,KC=F,USX,NYB
2013-10-10,115.1500015258789,117.94999694824219,114.1500015258789,114.4000015258789,114.4000015258789,22808.0,KC=F,USX,NYB
2013-10-11,114.3499984741211,116.94999694824219,114.25,116.69999694824219,116.69999694824219,11431.0,KC=F,USX,NYB
2013-10-14,116.69999694824219,117.5,116.1500015258789,117.0,117.0,5924.0,KC=F,USX,NYB
2013-10-15,117.0,117.6500015258789,115.0999984741211,116.44999694824219,116.44999694824219,12131.0,KC=F,USX,NYB
2013-10-16,116.5,117.5,115.6500015258789,115.8499984741211,115.8499984741211,11330.0,KC=F,USX,NYB
2013-10-17,116.05000305175781,116.3499984741211,114.25,114.69999694824219,114.69999694824219,9310.0,KC=F,USX,NYB
2013-10-18,114.4000015258789,115.0999984741211,114.05000305175781,114.6500015258789,114.6500015258789,8429.0,KC=F,USX,NYB
2013-10-21,114.4000015258789,114.69999694824219,112.30000305175781,112.69999694824219,112.69999694824219,16701.0,KC=F,USX,NYB
2013-10-22,113.3499984741211,113.3499984741211,111.8499984741211,111.94999694824219,111.94999694824219,9010.0,KC=F,USX,NYB
2013-10-23,111.8499984741211,112.5,110.5,110.55000305175781,110.55000305175781,11414.0,KC=F,USX,NYB
2013-10-24,110.5,111.8499984741211,109.5,110.30000305175781,110.30000305175781,15772.0,KC=F,USX,NYB
2013-10-25,110.30000305175781,111.44999694824219,108.80000305175781,109.0999984741211,109.0999984741211,15612.0,KC=F,USX,NYB
2013-10-28,109.0,109.19999694824219,106.9000015258789,107.55000305175781,107.55000305175781,16725.0,KC=F,USX,NYB
2013-10-29,106.5999984741211,107.8499984741211,106.5999984741211,106.94999694824219,106.94999694824219,11482.0,KC=F,USX,NYB
2013-10-30,107.05000305175781,107.80000305175781,106.6500015258789,106.8499984741211,106.8499984741211,12376.0,KC=F,USX,NYB
2013-10-31,107.0,107.30000305175781,105.25,105.4000015258789,105.4000015258789,17299.0,KC=F,USX,NYB
2013-11-01,105.4000015258789,106.05000305175781,104.25,105.55000305175781,105.55000305175781,13549.0,KC=F,USX,NYB
2013-11-04,105.5999984741211,106.19999694824219,103.3499984741211,103.69999694824219,103.69999694824219,17858.0,KC=F,USX,NYB
2013-11-05,103.69999694824219,104.1500015258789,102.8499984741211,103.44999694824219,103.44999694824219,18817.0,KC=F,USX,NYB
2013-11-06,103.5,103.75,101.0,101.5,101.5,18467.0,KC=F,USX,NYB
2013-11-07,101.5,105.19999694824219,100.94999694824219,103.94999694824219,103.94999694824219,29903.0,KC=F,USX,NYB
2013-11-08,103.80000305175781,104.69999694824219,102.8499984741211,104.05000305175781,104.05000305175781,20941.0,KC=F,USX,NYB
2013-11-11,104.0999984741211,106.94999694824219,103.05000305175781,103.25,103.25,33572.0,KC=F,USX,NYB
2013-11-12,103.5,106.0,103.25,105.80000305175781,105.80000305175781,35903.0,KC=F,USX,NYB
2013-11-13,105.80000305175781,106.3499984741211,102.5,103.05000305175781,103.05000305175781,21692.0,KC=F,USX,NYB
2013-11-14,103.0999984741211,104.44999694824219,102.1500015258789,102.5999984741211,102.5999984741211,25827.0,KC=F,USX,NYB
2013-11-15,102.80000305175781,106.4000015258789,102.69999694824219,105.75,105.75,12079.0,KC=F,USX,NYB
2013-11-18,105.8499984741211,106.75,105.0,105.75,105.75,11378.0,KC=F,USX,NYB
2013-11-19,105.80000305175781,106.4000015258789,104.44999694824219,104.6500015258789,104.6500015258789,17144.0,KC=F,USX,NYB
2013-11-20,104.30000305175781,107.6500015258789,104.30000305175781,107.3499984741211,107.3499984741211,541.0,KC=F,USX,NYB
2013-11-21,107.69999694824219,110.8499984741211,107.69999694824219,110.44999694824219,110.44999694824219,302.0,KC=F,USX,NYB
2013-11-22,110.6500015258789,111.8499984741211,107.0,107.0999984741211,107.0999984741211,220.0,KC=F,USX,NYB
2013-11-25,107.69999694824219,108.4000015258789,106.05000305175781,108.0999984741211,108.0999984741211,113.0,KC=F,USX,NYB
2013-11-26,108.0999984741211,109.05000305175781,107.5999984741211,108.1500015258789,108.1500015258789,47.0,KC=F,USX,NYB
2013-11-27,108.94999694824219,109.0,107.0,107.5999984741211,107.5999984741211,0.0,KC=F,USX,NYB
2013-11-29,108.0,109.80000305175781,108.0,110.25,110.25,26.0,KC=F,USX,NYB
2013-12-02,109.80000305175781,110.5,108.44999694824219,109.4000015258789,109.4000015258789,24.0,KC=F,USX,NYB
2013-12-03,108.75,109.94999694824219,108.1500015258789,109.55000305175781,109.55000305175781,28.0,KC=F,USX,NYB
2013-12-04,109.80000305175781,109.94999694824219,107.5999984741211,107.80000305175781,107.80000305175781,40.0,KC=F,USX,NYB
2013-12-05,108.0,108.0,105.5,105.4000015258789,105.4000015258789,15.0,KC=F,USX,NYB
2013-12-06,106.05000305175781,106.05000305175781,106.05000305175781,105.80000305175781,105.80000305175781,7.0,KC=F,USX,NYB
2013-12-09,106.30000305175781,106.30000305175781,106.05000305175781,105.5,105.5,10.0,KC=F,USX,NYB
2013-12-10,106.75,109.94999694824219,106.75,109.6500015258789,109.6500015258789,22.0,KC=F,USX,NYB
2013-12-11,110.0,110.1500015258789,108.94999694824219,109.0999984741211,109.0999984741211,13.0,KC=F,USX,NYB
2013-12-12,109.5,110.30000305175781,109.5,110.69999694824219,110.69999694824219,7.0,KC=F,USX,NYB
2013-12-13,111.69999694824219,114.0,111.1500015258789,114.5,114.5,24.0,KC=F,USX,NYB
2013-12-16,115.3499984741211,115.3499984741211,115.3499984741211,114.69999694824219,114.69999694824219,9.0,KC=F,USX,NYB
2013-12-17,115.0,115.0,114.0,113.55000305175781,113.55000305175781,17.0,KC=F,USX,NYB
2013-12-18,114.4000015258789,114.4000015258789,114.4000015258789,115.0999984741211,115.0999984741211,9918.0,KC=F,USX,NYB
2013-12-19,115.9000015258789,116.25,113.0999984741211,113.75,113.75,8887.0,KC=F,USX,NYB
2013-12-20,113.75,116.69999694824219,113.55000305175781,115.30000305175781,115.30000305175781,8984.0,KC=F,USX,NYB
2013-12-23,115.0,117.5,115.0,115.8499984741211,115.8499984741211,5944.0,KC=F,USX,NYB
2013-12-24,115.8499984741211,116.80000305175781,114.05000305175781,114.75,114.75,2897.0,KC=F,USX,NYB
2013-12-26,114.94999694824219,116.5,114.94999694824219,115.44999694824219,115.44999694824219,2892.0,KC=F,USX,NYB
2013-12-27,115.5999984741211,118.4000015258789,115.55000305175781,116.3499984741211,116.3499984741211,8728.0,KC=F,USX,NYB
2013-12-30,116.3499984741211,117.44999694824219,114.25,114.69999694824219,114.69999694824219,6765.0,KC=F,USX,NYB
2013-12-31,114.5999984741211,114.8499984741211,110.55000305175781,110.69999694824219,110.69999694824219,10615.0,KC=F,USX,NYB
2014-01-02,111.05000305175781,112.30000305175781,110.19999694824219,111.4000015258789,111.4000015258789,10615.0,KC=F,USX,NYB
2014-01-03,111.5,116.55000305175781,111.19999694824219,116.3499984741211,116.3499984741211,15904.0,KC=F,USX,NYB
2014-01-06,116.5,121.44999694824219,115.69999694824219,121.0,121.0,21470.0,KC=F,USX,NYB
2014-01-07,121.5,122.5999984741211,116.6500015258789,117.25,117.25,26109.0,KC=F,USX,NYB
2014-01-08,117.55000305175781,121.5,117.55000305175781,120.9000015258789,120.9000015258789,20470.0,KC=F,USX,NYB
2014-01-09,120.9000015258789,121.5,118.30000305175781,119.3499984741211,119.3499984741211,18583.0,KC=F,USX,NYB
2014-01-10,118.55000305175781,120.9000015258789,117.8499984741211,120.6500015258789,120.6500015258789,15400.0,KC=F,USX,NYB
2014-01-13,120.3499984741211,121.05000305175781,118.75,119.8499984741211,119.8499984741211,15589.0,KC=F,USX,NYB
2014-01-14,119.75,120.5,118.1500015258789,119.19999694824219,119.19999694824219,14366.0,KC=F,USX,NYB
2014-01-15,118.80000305175781,119.19999694824219,115.94999694824219,117.19999694824219,117.19999694824219,14080.0,KC=F,USX,NYB
2014-01-16,117.5,119.75,117.3499984741211,118.3499984741211,118.3499984741211,10216.0,KC=F,USX,NYB
2014-01-17,118.0,118.0999984741211,116.30000305175781,117.1500015258789,117.1500015258789,8508.0,KC=F,USX,NYB
2014-01-21,117.1500015258789,118.55000305175781,114.69999694824219,116.19999694824219,116.19999694824219,15711.0,KC=F,USX,NYB
2014-01-22,115.9000015258789,116.0,114.25,114.8499984741211,114.8499984741211,13430.0,KC=F,USX,NYB
2014-01-23,114.94999694824219,116.5999984741211,114.5999984741211,115.19999694824219,115.19999694824219,12934.0,KC=F,USX,NYB
2014-01-24,115.0999984741211,115.0999984741211,113.6500015258789,114.4000015258789,114.4000015258789,12690.0,KC=F,USX,NYB
2014-01-27,114.19999694824219,117.75,113.1500015258789,113.8499984741211,113.8499984741211,21549.0,KC=F,USX,NYB
2014-01-28,113.5,114.8499984741211,113.30000305175781,114.6500015258789,114.6500015258789,14787.0,KC=F,USX,NYB
2014-01-29,114.69999694824219,117.69999694824219,113.69999694824219,117.0999984741211,117.0999984741211,17749.0,KC=F,USX,NYB
2014-01-30,117.30000305175781,120.55000305175781,117.1500015258789,120.0,120.0,20314.0,KC=F,USX,NYB
2014-01-31,120.19999694824219,125.94999694824219,120.0,125.19999694824219,125.19999694824219,31250.0,KC=F,USX,NYB
2014-02-03,125.0,136.39999389648438,125.0,135.9499969482422,135.9499969482422,41466.0,KC=F,USX,NYB
2014-02-04,135.9499969482422,137.9499969482422,133.0500030517578,136.25,136.25,45637.0,KC=F,USX,NYB
2014-02-05,136.25,143.6999969482422,134.25,143.10000610351562,143.10000610351562,36640.0,KC=F,USX,NYB
2014-02-06,142.60000610351562,144.14999389648438,134.8000030517578,135.75,135.75,38066.0,KC=F,USX,NYB
2014-02-07,135.10000610351562,142.75,132.0500030517578,135.6999969482422,135.6999969482422,36565.0,KC=F,USX,NYB
2014-02-10,133.9499969482422,138.1999969482422,132.89999389648438,136.1999969482422,136.1999969482422,34704.0,KC=F,USX,NYB
2014-02-11,136.64999389648438,138.5,135.5,137.14999389648438,137.14999389648438,23275.0,KC=F,USX,NYB
2014-02-12,136.60000610351562,141.64999389648438,135.5,141.0500030517578,141.0500030517578,46072.0,KC=F,USX,NYB
2014-02-13,141.5500030517578,142.75,136.35000610351562,139.6999969482422,139.6999969482422,25005.0,KC=F,USX,NYB
2014-02-14,137.89999389648438,140.60000610351562,137.1999969482422,139.89999389648438,139.89999389648438,0.0,KC=F,USX,NYB
2014-02-18,140.0500030517578,154.35000610351562,138.75,152.64999389648438,152.64999389648438,16038.0,KC=F,USX,NYB
2014-02-19,152.89999389648438,172.89999389648438,150.85000610351562,171.75,171.75,12502.0,KC=F,USX,NYB
2014-02-20,172.39999389648438,175.6999969482422,161.8000030517578,168.8000030517578,168.8000030517578,1451.0,KC=F,USX,NYB
2014-02-21,169.3000030517578,172.5,167.8000030517578,168.5500030517578,168.5500030517578,364.0,KC=F,USX,NYB
2014-02-24,169.4499969482422,178.35000610351562,169.4499969482422,175.60000610351562,175.60000610351562,256.0,KC=F,USX,NYB
2014-02-25,174.8000030517578,180.35000610351562,173.1999969482422,175.64999389648438,175.64999389648438,123.0,KC=F,USX,NYB
2014-02-26,177.25,177.39999389648438,171.64999389648438,177.10000610351562,177.10000610351562,60.0,KC=F,USX,NYB
2014-02-27,177.5500030517578,179.9499969482422,176.6999969482422,178.75,178.75,62.0,KC=F,USX,NYB
2014-02-28,178.35000610351562,179.8000030517578,176.5500030517578,179.8000030517578,179.8000030517578,469.0,KC=F,USX,NYB
2014-03-03,180.5500030517578,191.0,177.10000610351562,192.60000610351562,192.60000610351562,62.0,KC=F,USX,NYB
2014-03-04,194.89999389648438,194.89999389648438,184.89999389648438,185.14999389648438,185.14999389648438,65.0,KC=F,USX,NYB
2014-03-05,185.0,200.89999389648438,181.5,200.64999389648438,200.64999389648438,17.0,KC=F,USX,NYB
2014-03-06,200.64999389648438,200.64999389648438,192.89999389648438,194.8000030517578,194.8000030517578,32.0,KC=F,USX,NYB
2014-03-07,198.0,198.0,197.0,196.0500030517578,196.0500030517578,4.0,KC=F,USX,NYB
2014-03-10,201.5,202.3000030517578,201.5,202.5,202.5,17.0,KC=F,USX,NYB
2014-03-11,206.64999389648438,207.5500030517578,206.5,205.0500030517578,205.0500030517578,229.0,KC=F,USX,NYB
2014-03-12,203.8000030517578,203.8000030517578,201.8000030517578,204.8000030517578,204.8000030517578,13.0,KC=F,USX,NYB
2014-03-13,206.0500030517578,206.0500030517578,205.5500030517578,205.0500030517578,205.0500030517578,2.0,KC=F,USX,NYB
2014-03-14,200.5,201.35000610351562,200.5,197.85000610351562,197.85000610351562,5.0,KC=F,USX,NYB
2014-03-17,195.35000610351562,195.5,191.1999969482422,189.89999389648438,189.89999389648438,30.0,KC=F,USX,NYB
2014-03-18,191.60000610351562,191.85000610351562,191.0,190.9499969482422,190.9499969482422,12.0,KC=F,USX,NYB
2014-03-19,191.1999969482422,191.1999969482422,184.10000610351562,185.10000610351562,185.10000610351562,16537.0,KC=F,USX,NYB
2014-03-20,184.14999389648438,184.35000610351562,172.5500030517578,174.14999389648438,174.14999389648438,24472.0,KC=F,USX,NYB
2014-03-21,173.0,175.60000610351562,168.5,171.14999389648438,171.14999389648438,16342.0,KC=F,USX,NYB
2014-03-24,171.14999389648438,177.5500030517578,166.0,176.39999389648438,176.39999389648438,18719.0,KC=F,USX,NYB
2014-03-25,177.0,177.3000030517578,173.64999389648438,175.3000030517578,175.3000030517578,11273.0,KC=F,USX,NYB
2014-03-26,175.0,179.39999389648438,172.14999389648438,176.0,176.0,19210.0,KC=F,USX,NYB
2014-03-27,175.5,176.8000030517578,173.60000610351562,176.35000610351562,176.35000610351562,9713.0,KC=F,USX,NYB
2014-03-28,176.6999969482422,181.0500030517578,176.39999389648438,180.60000610351562,180.60000610351562,13211.0,KC=F,USX,NYB
2014-03-31,180.60000610351562,180.89999389648438,174.14999389648438,177.89999389648438,177.89999389648438,15801.0,KC=F,USX,NYB
2014-04-01,177.0,178.9499969482422,174.25,175.25,175.25,12093.0,KC=F,USX,NYB
2014-04-02,174.0,178.3000030517578,167.89999389648438,172.6999969482422,172.6999969482422,23617.0,KC=F,USX,NYB
2014-04-03,172.5,175.0,170.85000610351562,174.60000610351562,174.60000610351562,12234.0,KC=F,USX,NYB
2014-04-04,175.60000610351562,185.39999389648438,175.25,185.0,185.0,20071.0,KC=F,USX,NYB
2014-04-07,185.8000030517578,196.8000030517578,185.5500030517578,193.35000610351562,193.35000610351562,31928.0,KC=F,USX,NYB
2014-04-08,194.35000610351562,202.8000030517578,194.3000030517578,196.5,196.5,26133.0,KC=F,USX,NYB
2014-04-09,195.14999389648438,200.25,190.14999389648438,199.85000610351562,199.85000610351562,24091.0,KC=F,USX,NYB
2014-04-10,199.9499969482422,207.8000030517578,199.9499969482422,206.10000610351562,206.10000610351562,25362.0,KC=F,USX,NYB
2014-04-11,206.0,208.64999389648438,199.85000610351562,201.1999969482422,201.1999969482422,24875.0,KC=F,USX,NYB
2014-04-14,199.8000030517578,205.3000030517578,195.0,204.85000610351562,204.85000610351562,21546.0,KC=F,USX,NYB
2014-04-15,205.85000610351562,207.39999389648438,191.64999389648438,192.14999389648438,192.14999389648438,9947.0,KC=F,USX,NYB
2014-04-16,192.0,199.39999389648438,185.60000610351562,185.9499969482422,185.9499969482422,11683.0,KC=F,USX,NYB
2014-04-17,187.1999969482422,201.5500030517578,186.89999389648438,201.1999969482422,201.1999969482422,7986.0,KC=F,USX,NYB
2014-04-21,202.0,203.0,196.14999389648438,196.6999969482422,196.6999969482422,3036.0,KC=F,USX,NYB
2014-04-22,197.10000610351562,213.1999969482422,197.0,211.8000030517578,211.8000030517578,500.0,KC=F,USX,NYB
2014-04-23,211.85000610351562,215.6999969482422,210.1999969482422,212.35000610351562,212.35000610351562,754.0,KC=F,USX,NYB
2014-04-24,210.3000030517578,212.9499969482422,206.10000610351562,212.4499969482422,212.4499969482422,131.0,KC=F,USX,NYB
2014-04-25,210.5,210.5,203.0,204.75,204.75,100.0,KC=F,USX,NYB
2014-04-28,203.35000610351562,203.75,198.25,198.8000030517578,198.8000030517578,63.0,KC=F,USX,NYB
2014-04-29,200.89999389648438,208.89999389648438,192.39999389648438,208.89999389648438,208.89999389648438,55.0,KC=F,USX,NYB
2014-04-30,207.0,208.39999389648438,200.89999389648438,203.0500030517578,203.0500030517578,25.0,KC=F,USX,NYB
2014-05-01,203.9499969482422,203.9499969482422,202.9499969482422,201.4499969482422,201.4499969482422,9.0,KC=F,USX,NYB
2014-05-02,202.0,202.0,201.8000030517578,200.60000610351562,200.60000610351562,4.0,KC=F,USX,NYB
2014-05-05,197.39999389648438,197.39999389648438,197.39999389648438,202.39999389648438,202.39999389648438,13.0,KC=F,USX,NYB
2014-05-06,203.10000610351562,203.10000610351562,200.39999389648438,199.5500030517578,199.5500030517578,33.0,KC=F,USX,NYB
2014-05-07,198.9499969482422,199.85000610351562,198.9499969482422,198.39999389648438,198.39999389648438,5.0,KC=F,USX,NYB
2014-05-08,198.39999389648438,198.39999389648438,193.8000030517578,192.9499969482422,192.9499969482422,11.0,KC=F,USX,NYB
2014-05-09,192.4499969482422,192.4499969482422,183.64999389648438,180.8000030517578,180.8000030517578,57.0,KC=F,USX,NYB
2014-05-12,182.39999389648438,182.39999389648438,182.39999389648438,186.10000610351562,186.10000610351562,2.0,KC=F,USX,NYB
2014-05-13,183.64999389648438,183.64999389648438,183.64999389648438,183.64999389648438,183.64999389648438,5.0,KC=F,USX,NYB
2014-05-14,182.0,182.0500030517578,180.9499969482422,180.75,180.75,14.0,KC=F,USX,NYB
2014-05-15,182.5,194.25,182.5,194.14999389648438,194.14999389648438,5.0,KC=F,USX,NYB
2014-05-16,192.25,192.25,183.39999389648438,182.5,182.5,27.0,KC=F,USX,NYB
2014-05-19,180.14999389648438,180.14999389648438,180.14999389648438,180.14999389648438,180.14999389648438,9159.0,KC=F,USX,NYB
2014-05-20,183.89999389648438,186.39999389648438,180.0500030517578,185.6999969482422,185.6999969482422,17872.0,KC=F,USX,NYB
2014-05-21,185.3000030517578,186.25,180.85000610351562,181.39999389648438,181.39999389648438,13310.0,KC=F,USX,NYB
2014-05-22,181.0,183.25,176.6999969482422,181.35000610351562,181.35000610351562,12587.0,KC=F,USX,NYB
2014-05-23,181.5,184.25,180.5,181.89999389648438,181.89999389648438,0.0,KC=F,USX,NYB
2014-05-27,181.5,182.5500030517578,177.75,179.35000610351562,179.35000610351562,9979.0,KC=F,USX,NYB
2014-05-28,178.75,179.25,170.8000030517578,176.14999389648438,176.14999389648438,17161.0,KC=F,USX,NYB
2014-05-29,176.89999389648438,182.9499969482422,176.8000030517578,181.9499969482422,181.9499969482422,13259.0,KC=F,USX,NYB
2014-05-30,180.89999389648438,181.25,174.64999389648438,177.5,177.5,15756.0,KC=F,USX,NYB
2014-06-02,177.25,179.35000610351562,172.14999389648438,172.35000610351562,172.35000610351562,10458.0,KC=F,USX,NYB
2014-06-03,172.0500030517578,174.35000610351562,167.35000610351562,171.14999389648438,171.14999389648438,19066.0,KC=F,USX,NYB
2014-06-04,171.0,171.75,167.35000610351562,170.1999969482422,170.1999969482422,10916.0,KC=F,USX,NYB
2014-06-05,169.0,171.0,168.0,169.14999389648438,169.14999389648438,11623.0,KC=F,USX,NYB
2014-06-06,168.60000610351562,173.8000030517578,168.25,172.10000610351562,172.10000610351562,18774.0,KC=F,USX,NYB
2014-06-09,171.9499969482422,171.9499969482422,165.10000610351562,165.35000610351562,165.35000610351562,18289.0,KC=F,USX,NYB
2014-06-10,165.35000610351562,167.85000610351562,165.10000610351562,165.64999389648438,165.64999389648438,19461.0,KC=F,USX,NYB
2014-06-11,166.60000610351562,173.5,166.14999389648438,171.60000610351562,171.60000610351562,22751.0,KC=F,USX,NYB
2014-06-12,171.60000610351562,173.3000030517578,168.14999389648438,171.9499969482422,171.9499969482422,26267.0,KC=F,USX,NYB
2014-06-13,171.9499969482422,179.6999969482422,171.60000610351562,173.6999969482422,173.6999969482422,23298.0,KC=F,USX,NYB
2014-06-16,173.64999389648438,176.6999969482422,172.10000610351562,172.9499969482422,172.9499969482422,8713.0,KC=F,USX,NYB
2014-06-17,172.5,172.8000030517578,166.6999969482422,169.0500030517578,169.0500030517578,11275.0,KC=F,USX,NYB
2014-06-18,169.1999969482422,170.5,166.0,166.75,166.75,9136.0,KC=F,USX,NYB
2014-06-19,167.25,168.60000610351562,163.10000610351562,167.0,167.0,11842.0,KC=F,USX,NYB
2014-06-20,168.25,175.8000030517578,168.0500030517578,173.25,173.25,373.0,KC=F,USX,NYB
2014-06-23,173.0,175.85000610351562,173.0,175.10000610351562,175.10000610351562,109.0,KC=F,USX,NYB
2014-06-24,174.85000610351562,175.3000030517578,171.0,174.14999389648438,174.14999389648438,30.0,KC=F,USX,NYB
2014-06-25,173.5500030517578,179.5,173.5500030517578,179.9499969482422,179.9499969482422,46.0,KC=F,USX,NYB
2014-06-26,178.60000610351562,179.1999969482422,177.6999969482422,178.8000030517578,178.8000030517578,26.0,KC=F,USX,NYB
2014-06-27,180.5,182.5,169.89999389648438,170.4499969482422,170.4499969482422,63.0,KC=F,USX,NYB
2014-06-30,172.5500030517578,172.75,168.64999389648438,173.0,173.0,46.0,KC=F,USX,NYB
2014-07-01,172.25,172.25,168.1999969482422,168.3000030517578,168.3000030517578,15.0,KC=F,USX,NYB
2014-07-02,169.5,169.5,169.5,171.0500030517578,171.0500030517578,49.0,KC=F,USX,NYB
2014-07-03,172.0,172.0,172.0,169.39999389648438,169.39999389648438,4.0,KC=F,USX,NYB
2014-07-07,170.3000030517578,170.3000030517578,165.0,169.0,169.0,22.0,KC=F,USX,NYB
2014-07-08,169.5,169.5,169.0,170.1999969482422,170.1999969482422,5.0,KC=F,USX,NYB
2014-07-09,170.1999969482422,170.1999969482422,170.1999969482422,170.1999969482422,170.1999969482422,5.0,KC=F,USX,NYB
2014-07-10,166.89999389648438,166.89999389648438,160.85000610351562,160.25,160.25,103.0,KC=F,USX,NYB
2014-07-11,160.0,160.0,157.8000030517578,158.9499969482422,158.9499969482422,12.0,KC=F,USX,NYB
2014-07-14,162.3000030517578,162.3000030517578,162.3000030517578,162.3000030517578,162.3000030517578,12.0,KC=F,USX,NYB
2014-07-15,159.39999389648438,159.39999389648438,159.39999389648438,159.39999389648438,159.39999389648438,1.0,KC=F,USX,NYB
2014-07-16,160.35000610351562,160.35000610351562,160.35000610351562,160.35000610351562,160.35000610351562,1.0,KC=F,USX,NYB
2014-07-17,161.6999969482422,161.6999969482422,161.6999969482422,161.6999969482422,161.6999969482422,2.0,KC=F,USX,NYB
2014-07-18,163.8000030517578,164.9499969482422,163.8000030517578,170.6999969482422,170.6999969482422,7.0,KC=F,USX,NYB
2014-07-21,171.64999389648438,171.64999389648438,171.64999389648438,171.64999389648438,171.64999389648438,8910.0,KC=F,USX,NYB
2014-07-22,172.0,173.60000610351562,166.60000610351562,168.3000030517578,168.3000030517578,12270.0,KC=F,USX,NYB
2014-07-23,168.5,178.60000610351562,166.9499969482422,176.60000610351562,176.60000610351562,14605.0,KC=F,USX,NYB
2014-07-24,175.8000030517578,180.5,175.6999969482422,178.3000030517578,178.3000030517578,12508.0,KC=F,USX,NYB
2014-07-25,178.0,181.1999969482422,176.60000610351562,179.14999389648438,179.14999389648438,10399.0,KC=F,USX,NYB
2014-07-28,179.8000030517578,183.39999389648438,178.0,181.10000610351562,181.10000610351562,14709.0,KC=F,USX,NYB
2014-07-29,181.14999389648438,182.1999969482422,178.39999389648438,180.6999969482422,180.6999969482422,12666.0,KC=F,USX,NYB
2014-07-30,180.1999969482422,183.1999969482422,179.75,182.5,182.5,7875.0,KC=F,USX,NYB
2014-07-31,183.39999389648438,196.39999389648438,183.35000610351562,195.0500030517578,195.0500030517578,24111.0,KC=F,USX,NYB
2014-08-01,194.85000610351562,207.39999389648438,191.60000610351562,192.35000610351562,192.35000610351562,26435.0,KC=F,USX,NYB
2014-08-04,192.0500030517578,195.4499969482422,183.3000030517578,190.5,190.5,20671.0,KC=F,USX,NYB
2014-08-05,190.4499969482422,195.14999389648438,187.35000610351562,189.39999389648438,189.39999389648438,17128.0,KC=F,USX,NYB
2014-08-06,189.0,192.5,185.9499969482422,190.85000610351562,190.85000610351562,15619.0,KC=F,USX,NYB
2014-08-07,191.35000610351562,191.4499969482422,183.6999969482422,184.0,184.0,24719.0,KC=F,USX,NYB
2014-08-08,183.75,186.35000610351562,179.39999389648438,180.85000610351562,180.85000610351562,24386.0,KC=F,USX,NYB
2014-08-11,180.85000610351562,189.64999389648438,180.85000610351562,189.14999389648438,189.14999389648438,22659.0,KC=F,USX,NYB
2014-08-12,189.10000610351562,189.10000610351562,183.0,184.60000610351562,184.60000610351562,20378.0,KC=F,USX,NYB
2014-08-13,184.6999969482422,188.10000610351562,184.5,185.25,185.25,16444.0,KC=F,USX,NYB
2014-08-14,185.3000030517578,187.39999389648438,181.10000610351562,184.10000610351562,184.10000610351562,12030.0,KC=F,USX,NYB
2014-08-15,184.1999969482422,189.25,182.5,188.75,188.75,6652.0,KC=F,USX,NYB
2014-08-18,188.9499969482422,190.39999389648438,186.14999389648438,188.89999389648438,188.89999389648438,12177.0,KC=F,USX,NYB
2014-08-19,189.10000610351562,189.64999389648438,182.0,182.1999969482422,182.1999969482422,7524.0,KC=F,USX,NYB
2014-08-20,183.5,184.25,178.64999389648438,184.10000610351562,184.10000610351562,11473.0,KC=F,USX,NYB
2014-08-21,185.14999389648438,186.3000030517578,181.85000610351562,183.75,183.75,1490.0,KC=F,USX,NYB
2014-08-22,182.6999969482422,185.8000030517578,181.39999389648438,181.60000610351562,181.60000610351562,92.0,KC=F,USX,NYB
2014-08-25,182.35000610351562,184.75,180.5500030517578,182.75,182.75,80.0,KC=F,USX,NYB
2014-08-26,183.0,193.0,183.0,193.10000610351562,193.10000610351562,101.0,KC=F,USX,NYB
2014-08-27,193.0,197.6999969482422,192.0,192.39999389648438,192.39999389648438,44.0,KC=F,USX,NYB
2014-08-28,193.1999969482422,193.60000610351562,192.0500030517578,194.64999389648438,194.64999389648438,16.0,KC=F,USX,NYB
2014-08-29,195.0,195.89999389648438,193.4499969482422,195.75,195.75,26.0,KC=F,USX,NYB
2014-09-02,200.10000610351562,204.6999969482422,200.10000610351562,204.4499969482422,204.4499969482422,23.0,KC=F,USX,NYB
2014-09-03,203.10000610351562,203.1999969482422,198.1999969482422,197.3000030517578,197.3000030517578,9.0,KC=F,USX,NYB
2014-09-04,196.0,196.0,192.10000610351562,197.4499969482422,197.4499969482422,10.0,KC=F,USX,NYB
2014-09-05,196.0,196.0,196.0,192.85000610351562,192.85000610351562,4.0,KC=F,USX,NYB
2014-09-08,192.3000030517578,192.3000030517578,188.6999969482422,189.64999389648438,189.64999389648438,5.0,KC=F,USX,NYB
2014-09-09,190.8000030517578,190.8000030517578,190.8000030517578,188.10000610351562,188.10000610351562,1.0,KC=F,USX,NYB
2014-09-10,185.85000610351562,185.85000610351562,176.1999969482422,177.0,177.0,32.0,KC=F,USX,NYB
2014-09-11,177.0,179.8000030517578,176.5500030517578,180.5500030517578,180.5500030517578,31.0,KC=F,USX,NYB
2014-09-12,178.1999969482422,178.1999969482422,178.0500030517578,179.64999389648438,179.64999389648438,8.0,KC=F,USX,NYB
2014-09-15,179.35000610351562,179.35000610351562,177.5,177.3000030517578,177.3000030517578,6.0,KC=F,USX,NYB
2014-09-16,177.64999389648438,180.10000610351562,176.9499969482422,180.60000610351562,180.60000610351562,13.0,KC=F,USX,NYB
2014-09-17,179.1999969482422,179.85000610351562,179.1999969482422,180.64999389648438,180.64999389648438,10086.0,KC=F,USX,NYB
2014-09-19,180.89999389648438,182.85000610351562,176.39999389648438,178.0,178.0,15442.0,KC=F,USX,NYB
2014-09-22,178.0,179.85000610351562,176.39999389648438,179.39999389648438,179.39999389648438,8911.0,KC=F,USX,NYB
2014-09-23,179.75,184.75,179.39999389648438,180.89999389648438,180.89999389648438,9624.0,KC=F,USX,NYB
2014-09-24,181.5,189.8000030517578,180.89999389648438,189.10000610351562,189.10000610351562,16990.0,KC=F,USX,NYB
2014-09-25,187.25,187.5500030517578,179.4499969482422,182.3000030517578,182.3000030517578,12314.0,KC=F,USX,NYB
2014-09-26,181.14999389648438,188.1999969482422,180.14999389648438,186.0500030517578,186.0500030517578,11338.0,KC=F,USX,NYB
2014-09-29,185.5500030517578,191.9499969482422,185.1999969482422,191.25,191.25,11530.0,KC=F,USX,NYB
2014-09-30,191.4499969482422,197.3000030517578,188.5500030517578,193.35000610351562,193.35000610351562,16384.0,KC=F,USX,NYB
2014-10-01,194.0,201.85000610351562,193.6999969482422,200.39999389648438,200.39999389648438,17780.0,KC=F,USX,NYB
2014-10-02,200.39999389648438,213.75,200.1999969482422,208.60000610351562,208.60000610351562,25331.0,KC=F,USX,NYB
2014-10-03,208.89999389648438,211.60000610351562,205.39999389648438,206.5,206.5,15044.0,KC=F,USX,NYB
2014-10-06,208.6999969482422,225.5,208.6999969482422,220.8000030517578,220.8000030517578,22900.0,KC=F,USX,NYB
2014-10-07,220.85000610351562,224.5500030517578,215.10000610351562,216.35000610351562,216.35000610351562,14905.0,KC=F,USX,NYB
2014-10-08,215.1999969482422,221.39999389648438,211.0,214.4499969482422,214.4499969482422,18626.0,KC=F,USX,NYB
2014-10-09,214.60000610351562,222.39999389648438,214.4499969482422,221.64999389648438,221.64999389648438,13527.0,KC=F,USX,NYB
2014-10-10,221.64999389648438,223.6999969482422,218.5,220.39999389648438,220.39999389648438,10449.0,KC=F,USX,NYB
2014-10-13,222.0500030517578,225.4499969482422,217.60000610351562,218.10000610351562,218.10000610351562,10495.0,KC=F,USX,NYB
2014-10-14,217.0,222.8000030517578,216.1999969482422,221.89999389648438,221.89999389648438,13021.0,KC=F,USX,NYB
2014-10-15,222.64999389648438,224.5500030517578,214.5,216.0,216.0,13881.0,KC=F,USX,NYB
2014-10-16,217.64999389648438,220.64999389648438,216.3000030517578,217.10000610351562,217.10000610351562,10507.0,KC=F,USX,NYB
2014-10-17,215.5,216.64999389648438,208.5,210.64999389648438,210.64999389648438,13484.0,KC=F,USX,NYB
2014-10-20,206.35000610351562,206.35000610351562,197.1999969482422,199.39999389648438,199.39999389648438,17420.0,KC=F,USX,NYB
2014-10-21,195.0,201.3000030517578,191.8000030517578,199.60000610351562,199.60000610351562,19341.0,KC=F,USX,NYB
2014-10-22,199.60000610351562,200.85000610351562,190.8000030517578,191.10000610351562,191.10000610351562,11516.0,KC=F,USX,NYB
2014-10-23,191.89999389648438,194.8000030517578,189.3000030517578,193.3000030517578,193.3000030517578,13634.0,KC=F,USX,NYB
2014-10-24,193.5,193.85000610351562,188.4499969482422,191.5,191.5,14562.0,KC=F,USX,NYB
2014-10-27,188.0,192.1999969482422,188.0,190.89999389648438,190.89999389648438,10810.0,KC=F,USX,NYB
2014-10-28,191.0500030517578,192.85000610351562,188.8000030517578,192.35000610351562,192.35000610351562,10916.0,KC=F,USX,NYB
2014-10-29,192.35000610351562,193.85000610351562,189.4499969482422,189.60000610351562,189.60000610351562,11670.0,KC=F,USX,NYB
2014-10-30,189.9499969482422,190.9499969482422,186.25,187.60000610351562,187.60000610351562,19633.0,KC=F,USX,NYB
2014-10-31,188.35000610351562,189.89999389648438,185.64999389648438,188.0,188.0,13813.0,KC=F,USX,NYB
2014-11-03,188.9499969482422,192.8000030517578,185.64999389648438,185.85000610351562,185.85000610351562,15944.0,KC=F,USX,NYB
2014-11-04,185.85000610351562,189.4499969482422,182.10000610351562,188.1999969482422,188.1999969482422,19038.0,KC=F,USX,NYB
2014-11-05,188.10000610351562,188.5,184.0,186.25,186.25,14273.0,KC=F,USX,NYB
2014-11-06,187.0,187.25,183.3000030517578,183.75,183.75,14476.0,KC=F,USX,NYB
2014-11-07,183.25,185.1999969482422,182.25,182.39999389648438,182.39999389648438,18082.0,KC=F,USX,NYB
2014-11-10,182.39999389648438,186.25,181.10000610351562,181.39999389648438,181.39999389648438,23810.0,KC=F,USX,NYB
2014-11-11,181.9499969482422,184.8000030517578,181.5,184.5500030517578,184.5500030517578,20711.0,KC=F,USX,NYB
2014-11-12,184.14999389648438,186.75,183.14999389648438,184.39999389648438,184.39999389648438,26287.0,KC=F,USX,NYB
2014-11-13,184.10000610351562,190.10000610351562,184.10000610351562,188.75,188.75,18934.0,KC=F,USX,NYB
2014-11-14,189.0,193.39999389648438,189.0,192.0,192.0,19990.0,KC=F,USX,NYB
2014-11-17,192.0,193.6999969482422,186.3000030517578,187.5,187.5,8607.0,KC=F,USX,NYB
2014-11-18,188.0,191.5,186.0,191.10000610351562,191.10000610351562,13241.0,KC=F,USX,NYB
2014-11-19,191.0,199.75,190.9499969482422,197.85000610351562,197.85000610351562,535.0,KC=F,USX,NYB
2014-11-20,197.8000030517578,197.8000030517578,187.60000610351562,187.6999969482422,187.6999969482422,274.0,KC=F,USX,NYB
2014-11-21,188.60000610351562,190.0,187.5,189.64999389648438,189.64999389648438,127.0,KC=F,USX,NYB
2014-11-24,190.5,196.1999969482422,189.5,189.64999389648438,189.64999389648438,83.0,KC=F,USX,NYB
2014-11-25,189.89999389648438,195.39999389648438,187.8000030517578,194.25,194.25,70.0,KC=F,USX,NYB
2014-11-26,195.0500030517578,195.0500030517578,191.25,193.5,193.5,63.0,KC=F,USX,NYB
2014-11-28,193.39999389648438,193.39999389648438,186.39999389648438,186.64999389648438,186.64999389648438,76.0,KC=F,USX,NYB
2014-12-01,187.5500030517578,187.5500030517578,183.39999389648438,189.35000610351562,189.35000610351562,43.0,KC=F,USX,NYB
2014-12-02,187.9499969482422,188.25,184.25,182.3000030517578,182.3000030517578,24.0,KC=F,USX,NYB
2014-12-03,183.5,183.5,183.5,182.5500030517578,182.5500030517578,24.0,KC=F,USX,NYB
2014-12-04,183.0500030517578,184.1999969482422,180.5500030517578,181.5500030517578,181.5500030517578,30.0,KC=F,USX,NYB
2014-12-05,181.0,181.39999389648438,177.8000030517578,179.10000610351562,179.10000610351562,31.0,KC=F,USX,NYB
2014-12-08,177.0500030517578,177.0500030517578,177.0500030517578,177.0500030517578,177.0500030517578,31.0,KC=F,USX,NYB
2014-12-09,177.0500030517578,177.0500030517578,177.0500030517578,179.4499969482422,179.4499969482422,1.0,KC=F,USX,NYB
2014-12-10,178.5,178.5,178.5,177.5500030517578,177.5500030517578,3.0,KC=F,USX,NYB
2014-12-11,175.85000610351562,175.89999389648438,175.0,175.39999389648438,175.39999389648438,5.0,KC=F,USX,NYB
2014-12-12,174.60000610351562,174.60000610351562,174.0,173.0,173.0,3.0,KC=F,USX,NYB
2014-12-15,177.64999389648438,177.64999389648438,177.64999389648438,177.64999389648438,177.64999389648438,3.0,KC=F,USX,NYB
2014-12-16,174.10000610351562,174.10000610351562,174.10000610351562,176.6999969482422,176.6999969482422,2.0,KC=F,USX,NYB
2014-12-17,170.85000610351562,170.85000610351562,170.85000610351562,170.85000610351562,170.85000610351562,1.0,KC=F,USX,NYB
2014-12-18,172.25,172.25,172.25,173.64999389648438,173.64999389648438,9351.0,KC=F,USX,NYB
2014-12-19,174.39999389648438,177.64999389648438,174.14999389648438,174.6999969482422,174.6999969482422,8551.0,KC=F,USX,NYB
2014-12-22,174.6999969482422,176.5,171.10000610351562,172.14999389648438,172.14999389648438,7783.0,KC=F,USX,NYB
2014-12-23,172.75,173.9499969482422,170.5500030517578,171.0,171.0,6376.0,KC=F,USX,NYB
2014-12-24,170.8000030517578,171.85000610351562,169.75,170.14999389648438,170.14999389648438,3566.0,KC=F,USX,NYB
2014-12-26,171.14999389648438,173.0,167.75,168.60000610351562,168.60000610351562,4319.0,KC=F,USX,NYB
2014-12-29,167.64999389648438,168.64999389648438,164.64999389648438,165.14999389648438,165.14999389648438,8803.0,KC=F,USX,NYB
2014-12-30,164.5,166.4499969482422,164.5,164.8000030517578,164.8000030517578,7175.0,KC=F,USX,NYB
2014-12-31,164.9499969482422,171.3000030517578,164.0,166.60000610351562,166.60000610351562,9370.0,KC=F,USX,NYB
2015-01-02,165.0500030517578,167.25,160.1999969482422,161.0500030517578,161.0500030517578,10303.0,KC=F,USX,NYB
2015-01-05,160.9499969482422,168.64999389648438,160.10000610351562,168.10000610351562,168.10000610351562,15174.0,KC=F,USX,NYB
2015-01-06,168.0500030517578,175.39999389648438,168.0500030517578,174.89999389648438,174.89999389648438,18841.0,KC=F,USX,NYB
2015-01-07,175.60000610351562,182.85000610351562,173.0,175.0500030517578,175.0500030517578,28145.0,KC=F,USX,NYB
2015-01-08,175.8000030517578,182.35000610351562,174.3000030517578,176.89999389648438,176.89999389648438,24253.0,KC=F,USX,NYB
2015-01-09,177.75,183.85000610351562,177.75,180.0500030517578,180.0500030517578,23853.0,KC=F,USX,NYB
2015-01-12,181.25,184.89999389648438,175.3000030517578,176.75,176.75,24706.0,KC=F,USX,NYB
2015-01-13,177.0,178.89999389648438,173.85000610351562,176.9499969482422,176.9499969482422,20266.0,KC=F,USX,NYB
2015-01-14,178.25,184.8000030517578,177.60000610351562,179.85000610351562,179.85000610351562,21024.0,KC=F,USX,NYB
2015-01-15,180.0,182.85000610351562,175.1999969482422,176.64999389648438,176.64999389648438,16653.0,KC=F,USX,NYB
2015-01-16,177.5,177.60000610351562,170.39999389648438,171.0,171.0,0.0,KC=F,USX,NYB
2015-01-20,170.10000610351562,172.5,163.85000610351562,164.3000030517578,164.3000030517578,22641.0,KC=F,USX,NYB
2015-01-21,166.0500030517578,166.85000610351562,161.0,161.25,161.25,15775.0,KC=F,USX,NYB
2015-01-22,161.39999389648438,163.5500030517578,159.6999969482422,159.9499969482422,159.9499969482422,15419.0,KC=F,USX,NYB
2015-01-23,160.6999969482422,162.85000610351562,159.39999389648438,162.4499969482422,162.4499969482422,13046.0,KC=F,USX,NYB
2015-01-26,162.1999969482422,165.25,160.75,161.85000610351562,161.85000610351562,15426.0,KC=F,USX,NYB
2015-01-27,162.3000030517578,168.5,161.6999969482422,168.1999969482422,168.1999969482422,15054.0,KC=F,USX,NYB
2015-01-28,167.0500030517578,169.89999389648438,165.60000610351562,167.6999969482422,167.6999969482422,15809.0,KC=F,USX,NYB
2015-01-29,167.89999389648438,167.9499969482422,158.6999969482422,160.0,160.0,20270.0,KC=F,USX,NYB
2015-01-30,160.10000610351562,162.25,159.1999969482422,161.89999389648438,161.89999389648438,13091.0,KC=F,USX,NYB
2015-02-02,162.39999389648438,163.64999389648438,159.6999969482422,162.4499969482422,162.4499969482422,19460.0,KC=F,USX,NYB
2015-02-03,162.8000030517578,163.39999389648438,158.39999389648438,160.75,160.75,18992.0,KC=F,USX,NYB
2015-02-04,161.5500030517578,167.0,160.14999389648438,164.89999389648438,164.89999389648438,14625.0,KC=F,USX,NYB
2015-02-05,164.4499969482422,166.39999389648438,163.3000030517578,164.75,164.75,14351.0,KC=F,USX,NYB
2015-02-06,165.4499969482422,169.75,165.0500030517578,166.85000610351562,166.85000610351562,26741.0,KC=F,USX,NYB
2015-02-09,166.5,168.10000610351562,163.8000030517578,167.60000610351562,167.60000610351562,21374.0,KC=F,USX,NYB
2015-02-10,167.0500030517578,169.25,158.8000030517578,159.39999389648438,159.39999389648438,35586.0,KC=F,USX,NYB
2015-02-11,160.3000030517578,161.35000610351562,159.0,159.4499969482422,159.4499969482422,29198.0,KC=F,USX,NYB
2015-02-12,160.0500030517578,164.9499969482422,159.3000030517578,164.5500030517578,164.5500030517578,26680.0,KC=F,USX,NYB
2015-02-13,164.60000610351562,165.85000610351562,162.14999389648438,163.1999969482422,163.1999969482422,16137.0,KC=F,USX,NYB
2015-02-17,164.0,165.75,154.5,155.64999389648438,155.64999389648438,16982.0,KC=F,USX,NYB
2015-02-18,156.14999389648438,157.85000610351562,152.0500030517578,152.8000030517578,152.8000030517578,17405.0,KC=F,USX,NYB
2015-02-19,152.60000610351562,153.85000610351562,149.39999389648438,149.1999969482422,149.1999969482422,707.0,KC=F,USX,NYB
2015-02-20,150.1999969482422,151.35000610351562,147.0,148.64999389648438,148.64999389648438,406.0,KC=F,USX,NYB
2015-02-23,147.9499969482422,149.75,145.25,144.4499969482422,144.4499969482422,75.0,KC=F,USX,NYB
2015-02-24,144.8000030517578,145.5,143.5500030517578,145.35000610351562,145.35000610351562,54.0,KC=F,USX,NYB
2015-02-25,147.0500030517578,147.0500030517578,140.0500030517578,139.75,139.75,22.0,KC=F,USX,NYB
2015-02-26,140.0,140.3000030517578,139.8000030517578,136.5500030517578,136.5500030517578,98.0,KC=F,USX,NYB
2015-02-27,139.1999969482422,139.1999969482422,136.4499969482422,136.75,136.75,82.0,KC=F,USX,NYB
2015-03-02,138.5500030517578,138.5500030517578,134.85000610351562,135.10000610351562,135.10000610351562,12.0,KC=F,USX,NYB
2015-03-03,134.14999389648438,134.14999389648438,134.14999389648438,126.25,126.25,10.0,KC=F,USX,NYB
2015-03-04,129.3000030517578,130.6999969482422,129.0500030517578,134.0500030517578,134.0500030517578,24.0,KC=F,USX,NYB
2015-03-05,133.5,133.9499969482422,133.1999969482422,131.5500030517578,131.5500030517578,6.0,KC=F,USX,NYB
2015-03-06,131.64999389648438,131.9499969482422,131.64999389648438,136.5,136.5,2.0,KC=F,USX,NYB
2015-03-09,136.5,136.5500030517578,131.5,133.64999389648438,133.64999389648438,9.0,KC=F,USX,NYB
2015-03-10,133.10000610351562,133.10000610351562,133.10000610351562,131.6999969482422,131.6999969482422,1.0,KC=F,USX,NYB
2015-03-11,128.39999389648438,128.39999389648438,128.39999389648438,128.39999389648438,128.39999389648438,1.0,KC=F,USX,NYB
2015-03-12,130.25,130.25,130.25,128.85000610351562,128.85000610351562,1.0,KC=F,USX,NYB
2015-03-13,126.44999694824219,126.44999694824219,126.44999694824219,126.44999694824219,126.44999694824219,9.0,KC=F,USX,NYB
2015-03-16,133.35000610351562,134.75,132.0,134.89999389648438,134.89999389648438,5.0,KC=F,USX,NYB
2015-03-17,134.0500030517578,134.0500030517578,132.60000610351562,133.9499969482422,133.9499969482422,12.0,KC=F,USX,NYB
2015-03-18,134.4499969482422,137.0,131.4499969482422,136.25,136.25,10.0,KC=F,USX,NYB
2015-03-19,136.35000610351562,136.35000610351562,136.35000610351562,140.0,140.0,22471.0,KC=F,USX,NYB
2015-03-20,143.0,143.89999389648438,140.5,143.35000610351562,143.35000610351562,10879.0,KC=F,USX,NYB
2015-03-23,142.0,144.3000030517578,139.39999389648438,141.85000610351562,141.85000610351562,9702.0,KC=F,USX,NYB
2015-03-24,142.0,145.39999389648438,136.14999389648438,137.3000030517578,137.3000030517578,18840.0,KC=F,USX,NYB
2015-03-25,137.3000030517578,142.35000610351562,136.0,139.9499969482422,139.9499969482422,18529.0,KC=F,USX,NYB
2015-03-26,140.0,142.8000030517578,138.3000030517578,140.25,140.25,11532.0,KC=F,USX,NYB
2015-03-27,139.75,140.8000030517578,136.5500030517578,138.1999969482422,138.1999969482422,12533.0,KC=F,USX,NYB
2015-03-30,138.8000030517578,138.89999389648438,131.8000030517578,132.35000610351562,132.35000610351562,14592.0,KC=F,USX,NYB
2015-03-31,133.0,135.9499969482422,131.89999389648438,132.89999389648438,132.89999389648438,17018.0,KC=F,USX,NYB
2015-04-01,133.39999389648438,139.8000030517578,133.0500030517578,134.85000610351562,134.85000610351562,16922.0,KC=F,USX,NYB
2015-04-02,134.14999389648438,141.4499969482422,134.0500030517578,140.89999389648438,140.89999389648438,29038.0,KC=F,USX,NYB
2015-04-06,140.89999389648438,147.35000610351562,140.1999969482422,146.1999969482422,146.1999969482422,23862.0,KC=F,USX,NYB
2015-04-07,145.5,145.75,141.1999969482422,141.9499969482422,141.9499969482422,17793.0,KC=F,USX,NYB
2015-04-08,141.75,144.39999389648438,135.10000610351562,135.6999969482422,135.6999969482422,27443.0,KC=F,USX,NYB
2015-04-09,135.89999389648438,137.89999389648438,133.60000610351562,137.4499969482422,137.4499969482422,28359.0,KC=F,USX,NYB
2015-04-10,137.39999389648438,138.4499969482422,133.8000030517578,135.10000610351562,135.10000610351562,25516.0,KC=F,USX,NYB
2015-04-13,135.14999389648438,138.10000610351562,132.9499969482422,133.75,133.75,25294.0,KC=F,USX,NYB
2015-04-14,133.85000610351562,136.10000610351562,131.9499969482422,134.60000610351562,134.60000610351562,22382.0,KC=F,USX,NYB
2015-04-15,134.60000610351562,138.0,133.85000610351562,135.8000030517578,135.8000030517578,17287.0,KC=F,USX,NYB
2015-04-16,136.89999389648438,140.8000030517578,136.10000610351562,139.60000610351562,139.60000610351562,5851.0,KC=F,USX,NYB
2015-04-17,139.39999389648438,141.25,137.8000030517578,138.6999969482422,138.6999969482422,9820.0,KC=F,USX,NYB
2015-04-20,138.39999389648438,140.0,134.25,138.6999969482422,138.6999969482422,6438.0,KC=F,USX,NYB
2015-04-21,139.1999969482422,142.6999969482422,138.1999969482422,140.3000030517578,140.3000030517578,6248.0,KC=F,USX,NYB
2015-04-22,139.64999389648438,145.0,139.64999389648438,142.39999389648438,142.39999389648438,347.0,KC=F,USX,NYB
2015-04-23,142.0500030517578,143.85000610351562,140.64999389648438,140.4499969482422,140.4499969482422,375.0,KC=F,USX,NYB
2015-04-24,141.25,142.8000030517578,140.85000610351562,141.14999389648438,141.14999389648438,150.0,KC=F,USX,NYB
2015-04-27,140.0,140.35000610351562,134.3000030517578,136.10000610351562,136.10000610351562,162.0,KC=F,USX,NYB
2015-04-28,136.5500030517578,137.8000030517578,135.25,138.14999389648438,138.14999389648438,52.0,KC=F,USX,NYB
2015-04-29,137.64999389648438,137.64999389648438,136.89999389648438,138.35000610351562,138.35000610351562,23.0,KC=F,USX,NYB
2015-04-30,138.8000030517578,143.3000030517578,137.1999969482422,136.5500030517578,136.5500030517578,35.0,KC=F,USX,NYB
2015-05-01,137.0,137.0,131.39999389648438,133.4499969482422,133.4499969482422,13.0,KC=F,USX,NYB
2015-05-04,132.5,132.5,131.5,131.85000610351562,131.85000610351562,40.0,KC=F,USX,NYB
2015-05-05,131.6999969482422,132.8000030517578,131.5,132.5500030517578,132.5500030517578,7.0,KC=F,USX,NYB
2015-05-06,132.39999389648438,132.39999389648438,127.8499984741211,128.0500030517578,128.0500030517578,9.0,KC=F,USX,NYB
2015-05-07,129.0500030517578,129.89999389648438,129.0500030517578,130.85000610351562,130.85000610351562,10.0,KC=F,USX,NYB
2015-05-08,134.10000610351562,134.10000610351562,132.0,132.89999389648438,132.89999389648438,4.0,KC=F,USX,NYB
2015-05-11,133.5,133.64999389648438,133.5,133.35000610351562,133.35000610351562,6.0,KC=F,USX,NYB
2015-05-12,132.9499969482422,132.9499969482422,132.9499969482422,134.5,134.5,2.0,KC=F,USX,NYB
2015-05-13,134.75,134.75,134.75,134.39999389648438,134.39999389648438,6.0,KC=F,USX,NYB
2015-05-14,135.5,135.5,135.5,135.64999389648438,135.64999389648438,3.0,KC=F,USX,NYB
2015-05-15,137.9499969482422,137.9499969482422,137.9499969482422,137.1999969482422,137.1999969482422,40.0,KC=F,USX,NYB
2015-05-18,137.60000610351562,137.60000610351562,137.60000610351562,141.64999389648438,141.64999389648438,20811.0,KC=F,USX,NYB
2015-05-19,143.0,143.85000610351562,138.1999969482422,139.85000610351562,139.85000610351562,19673.0,KC=F,USX,NYB
2015-05-20,139.5500030517578,141.39999389648438,135.5500030517578,136.0,136.0,15826.0,KC=F,USX,NYB
2015-05-21,136.14999389648438,136.75,127.8499984741211,128.4499969482422,128.4499969482422,30603.0,KC=F,USX,NYB
2015-05-22,129.5,129.6999969482422,125.80000305175781,126.94999694824219,126.94999694824219,24579.0,KC=F,USX,NYB
2015-05-26,128.0,128.60000610351562,123.6500015258789,124.05000305175781,124.05000305175781,25969.0,KC=F,USX,NYB
2015-05-27,124.75,126.75,123.55000305175781,124.5,124.5,19063.0,KC=F,USX,NYB
2015-05-28,124.94999694824219,127.05000305175781,123.80000305175781,125.1500015258789,125.1500015258789,13711.0,KC=F,USX,NYB
2015-05-29,125.5999984741211,127.05000305175781,124.55000305175781,126.1500015258789,126.1500015258789,14579.0,KC=F,USX,NYB
2015-06-01,128.1999969482422,132.14999389648438,128.14999389648438,129.8000030517578,129.8000030517578,22121.0,KC=F,USX,NYB
2015-06-02,129.35000610351562,134.0,128.89999389648438,132.6999969482422,132.6999969482422,22519.0,KC=F,USX,NYB
2015-06-03,132.6999969482422,135.14999389648438,130.60000610351562,134.3000030517578,134.3000030517578,24562.0,KC=F,USX,NYB
2015-06-04,134.3000030517578,137.0,133.1999969482422,135.6999969482422,135.6999969482422,17589.0,KC=F,USX,NYB
2015-06-05,135.0,136.39999389648438,132.89999389648438,135.10000610351562,135.10000610351562,21961.0,KC=F,USX,NYB
2015-06-08,135.0,137.39999389648438,134.1999969482422,136.5500030517578,136.5500030517578,26082.0,KC=F,USX,NYB
2015-06-09,136.4499969482422,137.6999969482422,133.5500030517578,137.35000610351562,137.35000610351562,26525.0,KC=F,USX,NYB
2015-06-10,137.5500030517578,138.85000610351562,135.5500030517578,136.4499969482422,136.4499969482422,25107.0,KC=F,USX,NYB
2015-06-11,135.39999389648438,135.6999969482422,131.1999969482422,132.0,132.0,30077.0,KC=F,USX,NYB
2015-06-12,132.0,135.35000610351562,130.60000610351562,132.0500030517578,132.0500030517578,21384.0,KC=F,USX,NYB
2015-06-15,131.0500030517578,131.60000610351562,127.19999694824219,127.80000305175781,127.80000305175781,25243.0,KC=F,USX,NYB
2015-06-16,128.75,130.35000610351562,127.9000015258789,129.35000610351562,129.35000610351562,9708.0,KC=F,USX,NYB
2015-06-17,129.0,130.0,126.44999694824219,126.6500015258789,126.6500015258789,13820.0,KC=F,USX,NYB
2015-06-18,127.55000305175781,130.1999969482422,126.5999984741211,128.6999969482422,128.6999969482422,14438.0,KC=F,USX,NYB
2015-06-19,128.75,129.8000030517578,124.80000305175781,127.1500015258789,127.1500015258789,12761.0,KC=F,USX,NYB
2015-06-22,127.0,130.5,126.6500015258789,130.35000610351562,130.35000610351562,623.0,KC=F,USX,NYB
2015-06-23,129.64999389648438,132.5,126.8499984741211,127.69999694824219,127.69999694824219,174.0,KC=F,USX,NYB
2015-06-24,128.39999389648438,133.85000610351562,127.9000015258789,133.3000030517578,133.3000030517578,220.0,KC=F,USX,NYB
2015-06-25,132.0,133.35000610351562,130.9499969482422,133.35000610351562,133.35000610351562,52.0,KC=F,USX,NYB
2015-06-26,130.75,134.60000610351562,130.75,131.6999969482422,131.6999969482422,25.0,KC=F,USX,NYB
2015-06-29,128.39999389648438,131.35000610351562,128.39999389648438,130.8000030517578,130.8000030517578,58.0,KC=F,USX,NYB
2015-06-30,130.64999389648438,130.64999389648438,130.64999389648438,130.64999389648438,130.64999389648438,10.0,KC=F,USX,NYB
2015-07-01,130.14999389648438,130.14999389648438,126.05000305175781,125.0999984741211,125.0999984741211,14.0,KC=F,USX,NYB
2015-07-02,127.1500015258789,127.1500015258789,125.1500015258789,125.5999984741211,125.5999984741211,8.0,KC=F,USX,NYB
2015-07-06,125.9000015258789,125.9000015258789,123.75,123.30000305175781,123.30000305175781,16.0,KC=F,USX,NYB
2015-07-07,123.0,123.0,122.19999694824219,122.9000015258789,122.9000015258789,3.0,KC=F,USX,NYB
2015-07-08,123.0,123.0999984741211,123.0,123.1500015258789,123.1500015258789,4.0,KC=F,USX,NYB
2015-07-09,123.4000015258789,123.4000015258789,123.4000015258789,122.75,122.75,16.0,KC=F,USX,NYB
2015-07-10,123.1500015258789,123.1500015258789,123.1500015258789,122.94999694824219,122.94999694824219,10.0,KC=F,USX,NYB
2015-07-13,125.8499984741211,125.8499984741211,125.8499984741211,126.5999984741211,126.5999984741211,1.0,KC=F,USX,NYB
2015-07-14,129.60000610351562,130.3000030517578,129.60000610351562,129.85000610351562,129.85000610351562,7.0,KC=F,USX,NYB
2015-07-15,130.1999969482422,130.1999969482422,128.35000610351562,128.0,128.0,7.0,KC=F,USX,NYB
2015-07-16,128.0,128.0,127.3499984741211,127.44999694824219,127.44999694824219,4.0,KC=F,USX,NYB
2015-07-17,127.0,127.0,127.0,127.0,127.0,4.0,KC=F,USX,NYB
2015-07-20,126.5,126.5,126.5,125.8499984741211,125.8499984741211,2.0,KC=F,USX,NYB
2015-07-21,123.8499984741211,123.8499984741211,123.8499984741211,123.8499984741211,123.8499984741211,10134.0,KC=F,USX,NYB
2015-07-22,126.4000015258789,128.0,124.44999694824219,125.05000305175781,125.05000305175781,15438.0,KC=F,USX,NYB
2015-07-23,125.44999694824219,126.3499984741211,121.0999984741211,121.55000305175781,121.55000305175781,24872.0,KC=F,USX,NYB
2015-07-24,122.4000015258789,124.5999984741211,120.6500015258789,122.25,122.25,15869.0,KC=F,USX,NYB
2015-07-27,122.19999694824219,122.30000305175781,119.8499984741211,120.4000015258789,120.4000015258789,16702.0,KC=F,USX,NYB
2015-07-28,119.94999694824219,122.5999984741211,119.9000015258789,120.25,120.25,17914.0,KC=F,USX,NYB
2015-07-29,120.5,123.0999984741211,120.0999984741211,122.1500015258789,122.1500015258789,13142.0,KC=F,USX,NYB
2015-07-30,122.19999694824219,125.3499984741211,122.05000305175781,124.9000015258789,124.9000015258789,16985.0,KC=F,USX,NYB
2015-07-31,125.1500015258789,127.6500015258789,124.1500015258789,125.25,125.25,21552.0,KC=F,USX,NYB
2015-08-03,125.0999984741211,125.19999694824219,121.75,123.94999694824219,123.94999694824219,18302.0,KC=F,USX,NYB
2015-08-04,123.9000015258789,126.19999694824219,123.0,124.9000015258789,124.9000015258789,19466.0,KC=F,USX,NYB
2015-08-05,124.5,126.44999694824219,123.25,125.9000015258789,125.9000015258789,22365.0,KC=F,USX,NYB
2015-08-06,125.5,128.4499969482422,123.94999694824219,124.25,124.25,24400.0,KC=F,USX,NYB
2015-08-07,124.25,128.85000610351562,123.6500015258789,127.80000305175781,127.80000305175781,28375.0,KC=F,USX,NYB
2015-08-10,127.1500015258789,133.89999389648438,127.0,133.5,133.5,42885.0,KC=F,USX,NYB
2015-08-11,133.75,137.5500030517578,133.39999389648438,137.1999969482422,137.1999969482422,40085.0,KC=F,USX,NYB
2015-08-12,137.25,138.0500030517578,131.39999389648438,131.85000610351562,131.85000610351562,37882.0,KC=F,USX,NYB
2015-08-13,131.9499969482422,138.0,131.89999389648438,137.0500030517578,137.0500030517578,32979.0,KC=F,USX,NYB
2015-08-14,137.5,139.0,136.3000030517578,137.5,137.5,23092.0,KC=F,USX,NYB
2015-08-17,135.9499969482422,137.35000610351562,134.35000610351562,134.75,134.75,15182.0,KC=F,USX,NYB
2015-08-18,134.6999969482422,136.35000610351562,133.10000610351562,135.3000030517578,135.3000030517578,11649.0,KC=F,USX,NYB
2015-08-19,136.0,136.89999389648438,130.89999389648438,131.14999389648438,131.14999389648438,17307.0,KC=F,USX,NYB
2015-08-20,131.5,131.85000610351562,127.55000305175781,127.6500015258789,127.6500015258789,15992.0,KC=F,USX,NYB
2015-08-21,128.5500030517578,128.75,121.94999694824219,121.9000015258789,121.9000015258789,282.0,KC=F,USX,NYB
2015-08-24,121.19999694824219,121.94999694824219,117.1500015258789,117.5,117.5,113.0,KC=F,USX,NYB
2015-08-25,118.4000015258789,120.1500015258789,117.5,117.05000305175781,117.05000305175781,48.0,KC=F,USX,NYB
2015-08-26,117.6500015258789,119.19999694824219,117.0999984741211,118.69999694824219,118.69999694824219,26.0,KC=F,USX,NYB
2015-08-27,120.75,122.44999694824219,120.69999694824219,121.05000305175781,121.05000305175781,10.0,KC=F,USX,NYB
2015-08-28,120.75,121.30000305175781,120.5999984741211,120.44999694824219,120.44999694824219,6.0,KC=F,USX,NYB
2015-08-31,121.0,121.0,121.0,120.55000305175781,120.55000305175781,1.0,KC=F,USX,NYB
2015-09-01,119.55000305175781,119.55000305175781,119.55000305175781,117.05000305175781,117.05000305175781,11.0,KC=F,USX,NYB
2015-09-02,117.25,117.25,115.4000015258789,114.69999694824219,114.69999694824219,5.0,KC=F,USX,NYB
2015-09-03,115.4000015258789,116.44999694824219,114.69999694824219,116.19999694824219,116.19999694824219,9.0,KC=F,USX,NYB
2015-09-04,116.5,116.5,115.69999694824219,115.8499984741211,115.8499984741211,4.0,KC=F,USX,NYB
2015-09-08,116.69999694824219,116.75,116.19999694824219,117.69999694824219,117.69999694824219,11.0,KC=F,USX,NYB
2015-09-09,117.80000305175781,117.80000305175781,117.80000305175781,117.80000305175781,117.80000305175781,6.0,KC=F,USX,NYB
2015-09-10,113.05000305175781,113.05000305175781,113.05000305175781,113.05000305175781,113.05000305175781,6.0,KC=F,USX,NYB
2015-09-11,113.19999694824219,113.19999694824219,113.19999694824219,113.3499984741211,113.3499984741211,2.0,KC=F,USX,NYB
2015-09-14,114.9000015258789,114.9000015258789,114.9000015258789,117.0,117.0,5.0,KC=F,USX,NYB
2015-09-15,115.5,115.5,115.5,115.5,115.5,2.0,KC=F,USX,NYB
2015-09-16,115.55000305175781,115.55000305175781,115.55000305175781,113.80000305175781,113.80000305175781,3.0,KC=F,USX,NYB
2015-09-17,113.5,113.5,113.5,113.5,113.5,34.0,KC=F,USX,NYB
2015-09-18,113.3499984741211,113.3499984741211,113.3499984741211,113.3499984741211,113.3499984741211,13744.0,KC=F,USX,NYB
2015-09-21,118.0,119.80000305175781,116.3499984741211,117.25,117.25,14856.0,KC=F,USX,NYB
2015-09-22,116.80000305175781,117.30000305175781,115.05000305175781,115.44999694824219,115.44999694824219,12747.0,KC=F,USX,NYB
2015-09-23,115.44999694824219,117.19999694824219,114.75,116.19999694824219,116.19999694824219,14368.0,KC=F,USX,NYB
2015-09-24,115.75,119.44999694824219,114.55000305175781,118.30000305175781,118.30000305175781,16782.0,KC=F,USX,NYB
2015-09-25,120.0,123.3499984741211,119.9000015258789,122.69999694824219,122.69999694824219,22555.0,KC=F,USX,NYB
2015-09-28,122.69999694824219,122.69999694824219,118.30000305175781,119.1500015258789,119.1500015258789,14365.0,KC=F,USX,NYB
2015-09-29,119.1500015258789,122.9000015258789,117.94999694824219,120.8499984741211,120.8499984741211,16929.0,KC=F,USX,NYB
2015-09-30,121.0999984741211,122.5999984741211,118.8499984741211,121.3499984741211,121.3499984741211,17566.0,KC=F,USX,NYB
2015-10-01,121.30000305175781,122.44999694824219,119.0999984741211,120.75,120.75,13055.0,KC=F,USX,NYB
2015-10-02,121.25,125.25,119.3499984741211,124.30000305175781,124.30000305175781,22622.0,KC=F,USX,NYB
2015-10-05,125.0,129.64999389648438,124.30000305175781,127.55000305175781,127.55000305175781,14698.0,KC=F,USX,NYB
2015-10-06,127.05000305175781,129.0500030517578,126.1500015258789,128.10000610351562,128.10000610351562,24041.0,KC=F,USX,NYB
2015-10-07,127.69999694824219,130.25,124.5,126.05000305175781,126.05000305175781,15864.0,KC=F,USX,NYB
2015-10-08,126.05000305175781,128.8000030517578,125.19999694824219,128.4499969482422,128.4499969482422,15864.0,KC=F,USX,NYB
2015-10-09,129.0,134.25,128.9499969482422,131.60000610351562,131.60000610351562,21074.0,KC=F,USX,NYB
2015-10-12,131.6999969482422,137.60000610351562,131.6999969482422,134.5,134.5,22096.0,KC=F,USX,NYB
2015-10-13,134.6999969482422,137.10000610351562,133.10000610351562,134.35000610351562,134.35000610351562,20026.0,KC=F,USX,NYB
2015-10-14,134.6999969482422,137.5,133.8000030517578,134.64999389648438,134.64999389648438,20570.0,KC=F,USX,NYB
2015-10-15,134.0,135.9499969482422,132.25,133.6999969482422,133.6999969482422,20570.0,KC=F,USX,NYB
2015-10-16,132.25,132.39999389648438,125.05000305175781,125.8499984741211,125.8499984741211,17275.0,KC=F,USX,NYB
2015-10-19,126.0999984741211,126.19999694824219,123.5,123.9000015258789,123.9000015258789,13172.0,KC=F,USX,NYB
2015-10-20,123.80000305175781,125.4000015258789,123.25,124.75,124.75,16388.0,KC=F,USX,NYB
2015-10-21,124.80000305175781,124.94999694824219,120.55000305175781,121.0,121.0,13411.0,KC=F,USX,NYB
2015-10-22,121.5,122.0999984741211,119.75,119.8499984741211,119.8499984741211,13411.0,KC=F,USX,NYB
2015-10-23,119.80000305175781,120.80000305175781,117.55000305175781,118.44999694824219,118.44999694824219,15172.0,KC=F,USX,NYB
2015-10-26,118.0,118.94999694824219,116.30000305175781,117.30000305175781,117.30000305175781,19609.0,KC=F,USX,NYB
2015-10-27,117.69999694824219,118.44999694824219,116.5999984741211,117.30000305175781,117.30000305175781,15222.0,KC=F,USX,NYB
2015-10-28,117.44999694824219,119.94999694824219,117.0,119.0999984741211,119.0999984741211,13023.0,KC=F,USX,NYB
2015-10-29,119.44999694824219,120.55000305175781,118.19999694824219,120.30000305175781,120.30000305175781,13023.0,KC=F,USX,NYB
2015-10-30,121.05000305175781,121.94999694824219,119.1500015258789,120.94999694824219,120.94999694824219,15433.0,KC=F,USX,NYB
2015-11-02,121.0,121.4000015258789,118.0,118.80000305175781,118.80000305175781,17564.0,KC=F,USX,NYB
2015-11-03,118.6500015258789,121.69999694824219,117.80000305175781,120.25,120.25,14804.0,KC=F,USX,NYB
2015-11-04,120.05000305175781,122.3499984741211,119.80000305175781,120.5,120.5,25077.0,KC=F,USX,NYB
2015-11-05,120.0999984741211,122.0,118.75,120.9000015258789,120.9000015258789,25077.0,KC=F,USX,NYB
2015-11-06,120.75,121.1500015258789,116.9000015258789,117.75,117.75,32732.0,KC=F,USX,NYB
2015-11-09,118.05000305175781,119.69999694824219,116.94999694824219,117.75,117.75,32457.0,KC=F,USX,NYB
2015-11-10,118.25,118.55000305175781,115.75,116.30000305175781,116.30000305175781,25797.0,KC=F,USX,NYB
2015-11-11,116.6500015258789,117.6500015258789,116.3499984741211,116.80000305175781,116.80000305175781,32277.0,KC=F,USX,NYB
2015-11-12,116.94999694824219,117.1500015258789,115.0,115.30000305175781,115.30000305175781,32277.0,KC=F,USX,NYB
2015-11-13,115.8499984741211,116.19999694824219,111.5999984741211,112.1500015258789,112.1500015258789,15834.0,KC=F,USX,NYB
2015-11-16,112.5,115.0,112.19999694824219,114.3499984741211,114.3499984741211,14415.0,KC=F,USX,NYB
2015-11-17,114.69999694824219,115.9000015258789,113.69999694824219,114.25,114.25,14279.0,KC=F,USX,NYB
2015-11-18,114.0,114.94999694824219,111.8499984741211,112.75,112.75,952.0,KC=F,USX,NYB
2015-11-19,112.5,120.05000305175781,112.5,119.9000015258789,119.9000015258789,952.0,KC=F,USX,NYB
2015-11-20,120.94999694824219,123.94999694824219,120.30000305175781,121.9000015258789,121.9000015258789,148.0,KC=F,USX,NYB
2015-11-23,122.30000305175781,122.30000305175781,118.8499984741211,119.94999694824219,119.94999694824219,59.0,KC=F,USX,NYB
2015-11-24,121.25,123.0,120.1500015258789,122.44999694824219,122.44999694824219,59.0,KC=F,USX,NYB
2015-11-25,122.6500015258789,122.6500015258789,120.5999984741211,122.9000015258789,122.9000015258789,52.0,KC=F,USX,NYB
2015-11-27,120.94999694824219,120.94999694824219,120.80000305175781,121.0,121.0,38.0,KC=F,USX,NYB
2015-11-30,120.5999984741211,120.5999984741211,115.8499984741211,116.9000015258789,116.9000015258789,8.0,KC=F,USX,NYB
2015-12-01,116.30000305175781,116.55000305175781,115.75,117.1500015258789,117.1500015258789,14.0,KC=F,USX,NYB
2015-12-02,116.9000015258789,117.5999984741211,116.9000015258789,117.80000305175781,117.80000305175781,7.0,KC=F,USX,NYB
2015-12-03,120.0999984741211,120.0999984741211,120.0999984741211,122.05000305175781,122.05000305175781,7.0,KC=F,USX,NYB
2015-12-04,122.25,123.5,122.25,124.0,124.0,29.0,KC=F,USX,NYB
2015-12-07,123.55000305175781,123.9000015258789,122.55000305175781,122.6500015258789,122.6500015258789,0.0,KC=F,USX,NYB
2015-12-08,122.25,122.25,122.25,122.25,122.25,3.0,KC=F,USX,NYB
2015-12-09,122.75,124.5999984741211,122.75,123.8499984741211,123.8499984741211,7.0,KC=F,USX,NYB
2015-12-10,122.6500015258789,122.6500015258789,122.6500015258789,122.6500015258789,122.6500015258789,7.0,KC=F,USX,NYB
2015-12-11,118.0999984741211,118.0999984741211,118.0999984741211,118.0999984741211,118.0999984741211,12.0,KC=F,USX,NYB
2015-12-14,117.25,117.5,116.19999694824219,117.25,117.25,0.0,KC=F,USX,NYB
2015-12-15,115.6500015258789,115.6500015258789,115.6500015258789,115.6500015258789,115.6500015258789,4.0,KC=F,USX,NYB
2015-12-16,119.19999694824219,119.19999694824219,119.19999694824219,118.0999984741211,118.0999984741211,10.0,KC=F,USX,NYB
2015-12-17,117.05000305175781,117.55000305175781,117.05000305175781,117.80000305175781,117.80000305175781,10.0,KC=F,USX,NYB
2015-12-18,118.44999694824219,118.44999694824219,118.44999694824219,118.44999694824219,118.44999694824219,10535.0,KC=F,USX,NYB
2015-12-21,118.25,119.25,116.80000305175781,117.5,117.5,8887.0,KC=F,USX,NYB
2015-12-22,117.75,119.44999694824219,117.5999984741211,119.1500015258789,119.1500015258789,10917.0,KC=F,USX,NYB
2015-12-23,119.19999694824219,121.4000015258789,118.19999694824219,120.94999694824219,120.94999694824219,10917.0,KC=F,USX,NYB
2015-12-24,121.0,121.4000015258789,118.9000015258789,119.69999694824219,119.69999694824219,5252.0,KC=F,USX,NYB
2015-12-28,119.69999694824219,119.80000305175781,118.30000305175781,119.1500015258789,119.1500015258789,11067.0,KC=F,USX,NYB
2015-12-29,118.8499984741211,122.4000015258789,118.4000015258789,121.44999694824219,121.44999694824219,11818.0,KC=F,USX,NYB
2015-12-30,121.5,123.75,121.25,123.6500015258789,123.6500015258789,11818.0,KC=F,USX,NYB
2015-12-31,123.80000305175781,126.80000305175781,123.6500015258789,126.69999694824219,126.69999694824219,23012.0,KC=F,USX,NYB
2016-01-04,126.1500015258789,126.30000305175781,122.05000305175781,123.9000015258789,123.9000015258789,14197.0,KC=F,USX,NYB
2016-01-05,123.9000015258789,125.0999984741211,121.75,123.0,123.0,16891.0,KC=F,USX,NYB
2016-01-06,123.05000305175781,123.25,119.5,119.94999694824219,119.94999694824219,14531.0,KC=F,USX,NYB
2016-01-07,119.05000305175781,119.19999694824219,117.9000015258789,118.44999694824219,118.44999694824219,14531.0,KC=F,USX,NYB
2016-01-08,119.5999984741211,119.9000015258789,118.25,119.0,119.0,31187.0,KC=F,USX,NYB
2016-01-11,118.0,118.05000305175781,113.5999984741211,114.44999694824219,114.44999694824219,21186.0,KC=F,USX,NYB
2016-01-12,114.5,115.30000305175781,113.5999984741211,114.3499984741211,114.3499984741211,15137.0,KC=F,USX,NYB
2016-01-13,114.5,115.9000015258789,114.3499984741211,114.80000305175781,114.80000305175781,16422.0,KC=F,USX,NYB
2016-01-14,114.80000305175781,116.0999984741211,113.5,115.9000015258789,115.9000015258789,16422.0,KC=F,USX,NYB
2016-01-15,115.5999984741211,115.6500015258789,113.6500015258789,114.9000015258789,114.9000015258789,17249.0,KC=F,USX,NYB
2016-01-19,114.30000305175781,116.5999984741211,113.5999984741211,115.6500015258789,115.6500015258789,23643.0,KC=F,USX,NYB
2016-01-20,114.6500015258789,114.69999694824219,111.05000305175781,111.5999984741211,111.5999984741211,19462.0,KC=F,USX,NYB
2016-01-21,112.0,114.6500015258789,111.5999984741211,114.4000015258789,114.4000015258789,19462.0,KC=F,USX,NYB
2016-01-22,115.0,117.5,114.69999694824219,116.0,116.0,16035.0,KC=F,USX,NYB
2016-01-25,114.69999694824219,117.1500015258789,114.1500015258789,116.44999694824219,116.44999694824219,19807.0,KC=F,USX,NYB
2016-01-26,116.1500015258789,117.19999694824219,114.6500015258789,116.69999694824219,116.69999694824219,29709.0,KC=F,USX,NYB
2016-01-27,116.55000305175781,120.30000305175781,116.30000305175781,118.19999694824219,118.19999694824219,17409.0,KC=F,USX,NYB
2016-01-28,118.19999694824219,120.05000305175781,117.80000305175781,119.1500015258789,119.1500015258789,17409.0,KC=F,USX,NYB
2016-01-29,119.25,119.8499984741211,115.8499984741211,116.3499984741211,116.3499984741211,18878.0,KC=F,USX,NYB
2016-02-01,115.80000305175781,117.94999694824219,114.94999694824219,117.75,117.75,22166.0,KC=F,USX,NYB
2016-02-02,117.44999694824219,120.5,116.75,119.8499984741211,119.8499984741211,25920.0,KC=F,USX,NYB
2016-02-03,119.69999694824219,121.69999694824219,118.0999984741211,121.55000305175781,121.55000305175781,23230.0,KC=F,USX,NYB
2016-02-04,121.4000015258789,123.80000305175781,121.3499984741211,123.19999694824219,123.19999694824219,23230.0,KC=F,USX,NYB
2016-02-05,123.4000015258789,124.0,120.0999984741211,120.4000015258789,120.4000015258789,36301.0,KC=F,USX,NYB
2016-02-08,120.0,120.0,115.6500015258789,115.75,115.75,28423.0,KC=F,USX,NYB
2016-02-09,115.94999694824219,116.75,114.5999984741211,114.75,114.75,25764.0,KC=F,USX,NYB
2016-02-10,114.69999694824219,116.0999984741211,114.55000305175781,114.75,114.75,34564.0,KC=F,USX,NYB
2016-02-11,114.9000015258789,115.0999984741211,112.5,113.0,113.0,34564.0,KC=F,USX,NYB
2016-02-12,113.75,117.25,113.75,115.55000305175781,115.55000305175781,20902.0,KC=F,USX,NYB
2016-02-16,116.4000015258789,117.55000305175781,113.9000015258789,114.9000015258789,114.9000015258789,17150.0,KC=F,USX,NYB
2016-02-17,115.0,115.80000305175781,113.8499984741211,114.55000305175781,114.55000305175781,15217.0,KC=F,USX,NYB
2016-02-18,114.69999694824219,115.0999984741211,113.19999694824219,114.1500015258789,114.1500015258789,15217.0,KC=F,USX,NYB
2016-02-19,114.25,116.6500015258789,114.0,115.75,115.75,182.0,KC=F,USX,NYB
2016-02-22,116.19999694824219,120.3499984741211,116.19999694824219,119.8499984741211,119.8499984741211,124.0,KC=F,USX,NYB
2016-02-23,119.5,119.5,118.0,117.80000305175781,117.80000305175781,174.0,KC=F,USX,NYB
2016-02-24,117.0999984741211,117.5,113.4000015258789,115.05000305175781,115.05000305175781,22.0,KC=F,USX,NYB
2016-02-25,115.4000015258789,117.0,115.1500015258789,114.6500015258789,114.6500015258789,22.0,KC=F,USX,NYB
2016-02-26,114.3499984741211,114.3499984741211,113.3499984741211,113.0,113.0,73.0,KC=F,USX,NYB
2016-02-29,112.30000305175781,113.3499984741211,112.25,112.6500015258789,112.6500015258789,6.0,KC=F,USX,NYB
2016-03-01,114.30000305175781,114.30000305175781,111.5,112.5,112.5,34.0,KC=F,USX,NYB
2016-03-02,112.3499984741211,113.9000015258789,111.3499984741211,113.3499984741211,113.3499984741211,34.0,KC=F,USX,NYB
2016-03-03,114.30000305175781,115.4000015258789,114.30000305175781,115.5999984741211,115.5999984741211,4.0,KC=F,USX,NYB
2016-03-04,118.80000305175781,118.80000305175781,118.80000305175781,118.80000305175781,118.80000305175781,10.0,KC=F,USX,NYB
2016-03-07,117.6500015258789,119.25,117.19999694824219,118.6500015258789,118.6500015258789,12.0,KC=F,USX,NYB
2016-03-08,119.0,120.80000305175781,116.9000015258789,120.19999694824219,120.19999694824219,28.0,KC=F,USX,NYB
2016-03-09,121.0999984741211,121.1500015258789,121.0999984741211,120.8499984741211,120.8499984741211,4.0,KC=F,USX,NYB
2016-03-10,119.5999984741211,119.5999984741211,118.5999984741211,120.5999984741211,120.5999984741211,8.0,KC=F,USX,NYB
2016-03-11,123.0,124.05000305175781,123.0,124.4000015258789,124.4000015258789,11.0,KC=F,USX,NYB
2016-03-14,125.0,125.0,123.3499984741211,125.5999984741211,125.5999984741211,2.0,KC=F,USX,NYB
2016-03-15,125.0,125.0,125.0,124.0999984741211,124.0999984741211,4.0,KC=F,USX,NYB
2016-03-16,124.25,127.5,124.25,127.4000015258789,127.4000015258789,2.0,KC=F,USX,NYB
2016-03-17,127.75,134.39999389648438,127.75,132.0,132.0,12.0,KC=F,USX,NYB
2016-03-18,132.10000610351562,134.25,132.10000610351562,133.85000610351562,133.85000610351562,22833.0,KC=F,USX,NYB
2016-03-21,133.6999969482422,133.6999969482422,130.64999389648438,131.5500030517578,131.5500030517578,22372.0,KC=F,USX,NYB
2016-03-22,132.0,134.89999389648438,131.75,134.64999389648438,134.64999389648438,18843.0,KC=F,USX,NYB
2016-03-23,135.0,136.39999389648438,129.3000030517578,131.10000610351562,131.10000610351562,19615.0,KC=F,USX,NYB
2016-03-24,130.9499969482422,130.9499969482422,127.4000015258789,127.55000305175781,127.55000305175781,19527.0,KC=F,USX,NYB
2016-03-28,127.44999694824219,129.5500030517578,126.5,128.5500030517578,128.5500030517578,18081.0,KC=F,USX,NYB
2016-03-29,128.60000610351562,128.64999389648438,126.1500015258789,127.44999694824219,127.44999694824219,14689.0,KC=F,USX,NYB
2016-03-30,128.25,130.0,126.19999694824219,127.0,127.0,23429.0,KC=F,USX,NYB
2016-03-31,127.44999694824219,128.14999389648438,125.19999694824219,127.44999694824219,127.44999694824219,18212.0,KC=F,USX,NYB
2016-04-01,127.3499984741211,127.9000015258789,124.4000015258789,127.25,127.25,25445.0,KC=F,USX,NYB
2016-04-04,125.80000305175781,126.55000305175781,122.30000305175781,122.80000305175781,122.80000305175781,26308.0,KC=F,USX,NYB
2016-04-05,122.8499984741211,122.8499984741211,120.55000305175781,120.9000015258789,120.9000015258789,26853.0,KC=F,USX,NYB
2016-04-06,121.44999694824219,122.1500015258789,120.0,121.5,121.5,19015.0,KC=F,USX,NYB
2016-04-07,122.3499984741211,122.5999984741211,119.5999984741211,119.80000305175781,119.80000305175781,34322.0,KC=F,USX,NYB
2016-04-08,119.80000305175781,121.30000305175781,119.05000305175781,120.44999694824219,120.44999694824219,32642.0,KC=F,USX,NYB
2016-04-11,121.3499984741211,123.6500015258789,119.80000305175781,123.3499984741211,123.3499984741211,28024.0,KC=F,USX,NYB
2016-04-12,123.4000015258789,125.19999694824219,122.6500015258789,124.5999984741211,124.5999984741211,25480.0,KC=F,USX,NYB
2016-04-13,124.0,125.5,121.44999694824219,121.75,121.75,24380.0,KC=F,USX,NYB
2016-04-14,122.5,124.5,120.75,123.1500015258789,123.1500015258789,14665.0,KC=F,USX,NYB
2016-04-15,123.30000305175781,124.3499984741211,121.5999984741211,122.94999694824219,122.94999694824219,9775.0,KC=F,USX,NYB
2016-04-18,123.0999984741211,125.9000015258789,122.5,124.0,124.0,8121.0,KC=F,USX,NYB
2016-04-19,124.19999694824219,127.3499984741211,123.8499984741211,125.8499984741211,125.8499984741211,7898.0,KC=F,USX,NYB
2016-04-20,126.19999694824219,127.6500015258789,125.9000015258789,127.1500015258789,127.1500015258789,10901.0,KC=F,USX,NYB
2016-04-21,128.14999389648438,130.0,123.4000015258789,123.55000305175781,123.55000305175781,620.0,KC=F,USX,NYB
2016-04-22,123.5,123.69999694824219,122.0,122.75,122.75,229.0,KC=F,USX,NYB
2016-04-25,122.5,123.19999694824219,122.30000305175781,123.0999984741211,123.0999984741211,84.0,KC=F,USX,NYB
2016-04-26,123.5999984741211,125.94999694824219,123.5999984741211,125.25,125.25,121.0,KC=F,USX,NYB
2016-04-27,125.5,126.25,121.19999694824219,121.05000305175781,121.05000305175781,45.0,KC=F,USX,NYB
2016-04-28,121.25,121.6500015258789,120.0,120.4000015258789,120.4000015258789,83.0,KC=F,USX,NYB
2016-04-29,120.75,121.80000305175781,120.55000305175781,120.8499984741211,120.8499984741211,67.0,KC=F,USX,NYB
2016-05-02,122.0999984741211,122.0999984741211,119.0,119.0999984741211,119.0999984741211,33.0,KC=F,USX,NYB
2016-05-03,122.6500015258789,120.80000305175781,118.69999694824219,118.5999984741211,118.5999984741211,36.0,KC=F,USX,NYB
2016-05-04,118.9000015258789,119.1500015258789,118.80000305175781,119.0999984741211,119.0999984741211,8.0,KC=F,USX,NYB
2016-05-05,120.4000015258789,120.5,120.4000015258789,120.9000015258789,120.9000015258789,2.0,KC=F,USX,NYB
2016-05-06,124.0,124.0,122.55000305175781,123.44999694824219,123.44999694824219,247.0,KC=F,USX,NYB
2016-05-09,125.1500015258789,125.1500015258789,125.1500015258789,125.1500015258789,125.1500015258789,10.0,KC=F,USX,NYB
2016-05-10,125.9000015258789,125.9000015258789,125.9000015258789,126.9000015258789,126.9000015258789,10.0,KC=F,USX,NYB
2016-05-11,127.9000015258789,127.9000015258789,127.9000015258789,127.9000015258789,127.9000015258789,10.0,KC=F,USX,NYB
2016-05-12,128.75,128.75,127.30000305175781,128.1999969482422,128.1999969482422,11.0,KC=F,USX,NYB
2016-05-13,127.8499984741211,127.8499984741211,127.80000305175781,128.8000030517578,128.8000030517578,7.0,KC=F,USX,NYB
2016-05-16,128.75,131.9499969482422,128.75,132.6999969482422,132.6999969482422,12.0,KC=F,USX,NYB
2016-05-17,132.60000610351562,132.60000610351562,132.60000610351562,131.85000610351562,131.85000610351562,2.0,KC=F,USX,NYB
2016-05-18,128.85000610351562,129.64999389648438,128.14999389648438,129.3000030517578,129.3000030517578,22418.0,KC=F,USX,NYB
2016-05-19,128.9499969482422,129.0,123.69999694824219,123.94999694824219,123.94999694824219,30877.0,KC=F,USX,NYB
2016-05-20,124.75,125.94999694824219,124.25,124.69999694824219,124.69999694824219,16023.0,KC=F,USX,NYB
2016-05-23,124.5,124.69999694824219,122.0,122.1500015258789,122.1500015258789,16437.0,KC=F,USX,NYB
2016-05-24,122.44999694824219,123.30000305175781,121.55000305175781,121.80000305175781,121.80000305175781,16042.0,KC=F,USX,NYB
2016-05-25,122.44999694824219,122.94999694824219,121.19999694824219,121.4000015258789,121.4000015258789,18911.0,KC=F,USX,NYB
2016-05-26,121.9000015258789,122.1500015258789,121.19999694824219,121.5,121.5,20025.0,KC=F,USX,NYB
2016-05-27,122.0999984741211,122.3499984741211,120.80000305175781,121.30000305175781,121.30000305175781,0.0,KC=F,USX,NYB
2016-05-31,121.55000305175781,123.9000015258789,121.3499984741211,121.55000305175781,121.55000305175781,24597.0,KC=F,USX,NYB
2016-06-01,121.5,123.0999984741211,120.8499984741211,121.9000015258789,121.9000015258789,19575.0,KC=F,USX,NYB
2016-06-02,122.5,124.4000015258789,122.1500015258789,123.0,123.0,23116.0,KC=F,USX,NYB
2016-06-03,122.5999984741211,127.4000015258789,122.5,127.0999984741211,127.0999984741211,29855.0,KC=F,USX,NYB
2016-06-06,127.30000305175781,132.0500030517578,127.0999984741211,131.6999969482422,131.6999969482422,31673.0,KC=F,USX,NYB
2016-06-07,131.6999969482422,133.3000030517578,129.60000610351562,132.1999969482422,132.1999969482422,35035.0,KC=F,USX,NYB
2016-06-08,131.60000610351562,139.85000610351562,130.3000030517578,139.64999389648438,139.64999389648438,49936.0,KC=F,USX,NYB
2016-06-09,139.1999969482422,145.0,133.5500030517578,133.9499969482422,133.9499969482422,56377.0,KC=F,USX,NYB
2016-06-10,134.0,137.9499969482422,132.0,136.9499969482422,136.9499969482422,41263.0,KC=F,USX,NYB
2016-06-13,140.10000610351562,140.10000610351562,132.14999389648438,137.3000030517578,137.3000030517578,31696.0,KC=F,USX,NYB
2016-06-14,135.5500030517578,136.75,133.5,135.10000610351562,135.10000610351562,16735.0,KC=F,USX,NYB
2016-06-15,134.6999969482422,138.5500030517578,134.5,138.1999969482422,138.1999969482422,13358.0,KC=F,USX,NYB
2016-06-16,137.85000610351562,141.75,135.8000030517578,139.5,139.5,10406.0,KC=F,USX,NYB
2016-06-17,139.64999389648438,142.14999389648438,138.60000610351562,140.75,140.75,17267.0,KC=F,USX,NYB
2016-06-20,139.0,140.39999389648438,137.60000610351562,139.5,139.5,7801.0,KC=F,USX,NYB
2016-06-21,138.8000030517578,139.35000610351562,136.39999389648438,138.5,138.5,11170.0,KC=F,USX,NYB
2016-06-22,138.5,139.60000610351562,136.5,136.9499969482422,136.9499969482422,776.0,KC=F,USX,NYB
2016-06-23,137.0,139.39999389648438,137.0,139.25,139.25,82.0,KC=F,USX,NYB
2016-06-24,138.5,138.5,133.5,134.35000610351562,134.35000610351562,81.0,KC=F,USX,NYB
2016-06-27,134.64999389648438,135.5,133.5,134.5,134.5,105.0,KC=F,USX,NYB
2016-06-28,137.5,140.0,137.5,138.89999389648438,138.89999389648438,98.0,KC=F,USX,NYB
2016-06-29,140.5,142.9499969482422,140.39999389648438,142.85000610351562,142.85000610351562,74.0,KC=F,USX,NYB
2016-06-30,144.89999389648438,146.0500030517578,140.9499969482422,144.10000610351562,144.10000610351562,18.0,KC=F,USX,NYB
2016-07-01,143.4499969482422,145.5,143.4499969482422,144.85000610351562,144.85000610351562,0.0,KC=F,USX,NYB
2016-07-05,145.60000610351562,145.60000610351562,143.0,144.1999969482422,144.1999969482422,35.0,KC=F,USX,NYB
2016-07-06,142.5,142.5,140.3000030517578,141.9499969482422,141.9499969482422,100.0,KC=F,USX,NYB
2016-07-07,143.0,143.0,140.0,140.4499969482422,140.4499969482422,14.0,KC=F,USX,NYB
2016-07-08,142.5,142.5,142.5,142.75,142.75,2.0,KC=F,USX,NYB
2016-07-11,144.85000610351562,148.0,144.85000610351562,147.9499969482422,147.9499969482422,4.0,KC=F,USX,NYB
2016-07-12,149.6999969482422,149.6999969482422,145.6999969482422,145.9499969482422,145.9499969482422,7.0,KC=F,USX,NYB
2016-07-13,145.89999389648438,147.6999969482422,145.89999389648438,146.1999969482422,146.1999969482422,6.0,KC=F,USX,NYB
2016-07-14,147.60000610351562,149.4499969482422,147.60000610351562,150.3000030517578,150.3000030517578,9.0,KC=F,USX,NYB
2016-07-15,153.0,153.0500030517578,150.0,145.6999969482422,145.6999969482422,6.0,KC=F,USX,NYB
2016-07-18,145.6999969482422,145.6999969482422,145.6999969482422,147.8000030517578,147.8000030517578,3.0,KC=F,USX,NYB
2016-07-19,144.64999389648438,144.64999389648438,144.64999389648438,144.64999389648438,144.64999389648438,15312.0,KC=F,USX,NYB
2016-07-20,146.10000610351562,148.64999389648438,145.1999969482422,147.0,147.0,13671.0,KC=F,USX,NYB
2016-07-21,147.8000030517578,149.75,146.25,146.85000610351562,146.85000610351562,14842.0,KC=F,USX,NYB
2016-07-22,146.6999969482422,146.9499969482422,140.35000610351562,141.89999389648438,141.89999389648438,26639.0,KC=F,USX,NYB
2016-07-25,142.6999969482422,142.6999969482422,139.0500030517578,141.10000610351562,141.10000610351562,16442.0,KC=F,USX,NYB
2016-07-26,141.60000610351562,143.0500030517578,140.39999389648438,141.60000610351562,141.60000610351562,13382.0,KC=F,USX,NYB
2016-07-27,142.1999969482422,142.6999969482422,139.60000610351562,141.1999969482422,141.1999969482422,12416.0,KC=F,USX,NYB
2016-07-28,142.0500030517578,142.5,139.39999389648438,142.14999389648438,142.14999389648438,13658.0,KC=F,USX,NYB
2016-07-29,142.39999389648438,146.35000610351562,140.3000030517578,146.1999969482422,146.1999969482422,22731.0,KC=F,USX,NYB
2016-08-01,145.0,145.75,143.1999969482422,143.4499969482422,143.4499969482422,14784.0,KC=F,USX,NYB
2016-08-02,143.85000610351562,145.75,140.5500030517578,141.25,141.25,20600.0,KC=F,USX,NYB
2016-08-03,141.25,142.10000610351562,139.85000610351562,140.39999389648438,140.39999389648438,18917.0,KC=F,USX,NYB
2016-08-04,140.39999389648438,143.25,136.9499969482422,142.10000610351562,142.10000610351562,33133.0,KC=F,USX,NYB
2016-08-05,142.89999389648438,143.89999389648438,141.25,142.5,142.5,27083.0,KC=F,USX,NYB
2016-08-08,142.9499969482422,144.3000030517578,140.35000610351562,141.10000610351562,141.10000610351562,26214.0,KC=F,USX,NYB
2016-08-09,141.5,142.25,138.5500030517578,141.10000610351562,141.10000610351562,29333.0,KC=F,USX,NYB
2016-08-10,141.5500030517578,141.75,138.5500030517578,138.64999389648438,138.64999389648438,24024.0,KC=F,USX,NYB
2016-08-11,138.3000030517578,138.8000030517578,136.5500030517578,137.6999969482422,137.6999969482422,32999.0,KC=F,USX,NYB
2016-08-12,138.0500030517578,138.39999389648438,136.5,136.85000610351562,136.85000610351562,17276.0,KC=F,USX,NYB
2016-08-15,136.9499969482422,140.75,136.3000030517578,136.9499969482422,136.9499969482422,20572.0,KC=F,USX,NYB
2016-08-16,136.75,137.89999389648438,136.35000610351562,137.39999389648438,137.39999389648438,10460.0,KC=F,USX,NYB
2016-08-17,137.3000030517578,137.39999389648438,134.89999389648438,135.0500030517578,135.0500030517578,12190.0,KC=F,USX,NYB
2016-08-18,135.5,138.9499969482422,135.14999389648438,138.14999389648438,138.14999389648438,7442.0,KC=F,USX,NYB
2016-08-19,138.4499969482422,139.89999389648438,137.4499969482422,138.8000030517578,138.8000030517578,7060.0,KC=F,USX,NYB
2016-08-22,139.0,144.3000030517578,138.5,144.10000610351562,144.10000610351562,4863.0,KC=F,USX,NYB
2016-08-23,144.25,145.60000610351562,142.75,145.3000030517578,145.3000030517578,226.0,KC=F,USX,NYB
2016-08-24,145.8000030517578,145.8000030517578,141.5,142.14999389648438,142.14999389648438,337.0,KC=F,USX,NYB
2016-08-25,140.14999389648438,143.5,140.14999389648438,143.5,143.5,71.0,KC=F,USX,NYB
2016-08-26,144.6999969482422,146.14999389648438,142.35000610351562,143.89999389648438,143.89999389648438,58.0,KC=F,USX,NYB
2016-08-29,144.8000030517578,145.8000030517578,143.89999389648438,144.0,144.0,14.0,KC=F,USX,NYB
2016-08-30,144.60000610351562,144.6999969482422,142.3000030517578,144.75,144.75,18.0,KC=F,USX,NYB
2016-08-31,144.75,145.39999389648438,144.6999969482422,145.89999389648438,145.89999389648438,16.0,KC=F,USX,NYB
2016-09-01,150.75,151.39999389648438,150.4499969482422,150.10000610351562,150.10000610351562,12.0,KC=F,USX,NYB
2016-09-02,150.5,151.0500030517578,150.0,150.10000610351562,150.10000610351562,0.0,KC=F,USX,NYB
2016-09-06,151.89999389648438,152.14999389648438,150.35000610351562,152.4499969482422,152.4499969482422,8.0,KC=F,USX,NYB
2016-09-07,153.6999969482422,153.6999969482422,153.6999969482422,153.85000610351562,153.85000610351562,6.0,KC=F,USX,NYB
2016-09-08,153.10000610351562,153.10000610351562,153.0,153.6999969482422,153.6999969482422,9.0,KC=F,USX,NYB
2016-09-09,152.85000610351562,152.85000610351562,150.0,149.9499969482422,149.9499969482422,10.0,KC=F,USX,NYB
2016-09-12,147.8000030517578,147.8000030517578,147.8000030517578,149.6999969482422,149.6999969482422,37.0,KC=F,USX,NYB
2016-09-13,149.3000030517578,149.3000030517578,149.3000030517578,147.35000610351562,147.35000610351562,3.0,KC=F,USX,NYB
2016-09-14,147.0,147.4499969482422,147.0,147.8000030517578,147.8000030517578,13.0,KC=F,USX,NYB
2016-09-15,148.1999969482422,148.1999969482422,148.1999969482422,147.60000610351562,147.60000610351562,5.0,KC=F,USX,NYB
2016-09-16,147.35000610351562,147.60000610351562,147.35000610351562,147.10000610351562,147.10000610351562,5.0,KC=F,USX,NYB
2016-09-19,149.3000030517578,152.60000610351562,149.3000030517578,151.5,151.5,13.0,KC=F,USX,NYB
2016-09-20,155.5,155.5,155.5,155.5,155.5,23252.0,KC=F,USX,NYB
2016-09-21,156.60000610351562,158.8000030517578,156.0,156.5500030517578,156.5500030517578,22790.0,KC=F,USX,NYB
2016-09-22,156.5500030517578,160.89999389648438,154.6999969482422,155.25,155.25,24967.0,KC=F,USX,NYB
2016-09-23,154.25,154.75,151.3000030517578,151.39999389648438,151.39999389648438,22973.0,KC=F,USX,NYB
2016-09-26,151.5,153.8000030517578,149.0,153.5500030517578,153.5500030517578,20004.0,KC=F,USX,NYB
2016-09-27,153.25,154.35000610351562,151.5,153.6999969482422,153.6999969482422,14816.0,KC=F,USX,NYB
2016-09-28,153.89999389648438,154.60000610351562,151.0,153.10000610351562,153.10000610351562,18188.0,KC=F,USX,NYB
2016-09-29,153.85000610351562,154.9499969482422,149.89999389648438,150.14999389648438,150.14999389648438,18333.0,KC=F,USX,NYB
2016-09-30,149.6999969482422,152.64999389648438,148.75,151.5500030517578,151.5500030517578,20038.0,KC=F,USX,NYB
2016-10-03,151.10000610351562,151.6999969482422,147.14999389648438,147.5500030517578,147.5500030517578,18529.0,KC=F,USX,NYB
2016-10-04,147.5500030517578,148.64999389648438,146.75,147.4499969482422,147.4499969482422,18170.0,KC=F,USX,NYB
2016-10-05,148.0,151.14999389648438,147.6999969482422,148.1999969482422,148.1999969482422,17253.0,KC=F,USX,NYB
2016-10-06,148.5,148.85000610351562,146.10000610351562,146.39999389648438,146.39999389648438,16109.0,KC=F,USX,NYB
2016-10-07,146.25,149.4499969482422,145.1999969482422,148.0,148.0,21814.0,KC=F,USX,NYB
2016-10-11,152.85000610351562,153.1999969482422,150.5,150.8000030517578,150.8000030517578,18313.0,KC=F,USX,NYB
2016-10-12,151.3000030517578,152.85000610351562,150.39999389648438,152.10000610351562,152.10000610351562,15102.0,KC=F,USX,NYB
2016-10-13,152.3000030517578,153.6999969482422,151.64999389648438,152.6999969482422,152.6999969482422,18443.0,KC=F,USX,NYB
2016-10-14,153.39999389648438,155.89999389648438,153.14999389648438,155.39999389648438,155.39999389648438,19667.0,KC=F,USX,NYB
2016-10-17,154.89999389648438,157.35000610351562,154.5500030517578,157.10000610351562,157.10000610351562,15140.0,KC=F,USX,NYB
2016-10-18,157.5,159.60000610351562,157.10000610351562,158.75,158.75,19203.0,KC=F,USX,NYB
2016-10-19,158.3000030517578,158.5500030517578,156.3000030517578,157.85000610351562,157.85000610351562,15542.0,KC=F,USX,NYB
2016-10-20,157.6999969482422,158.3000030517578,155.35000610351562,155.89999389648438,155.89999389648438,17950.0,KC=F,USX,NYB
2016-10-21,155.60000610351562,157.4499969482422,155.10000610351562,156.10000610351562,156.10000610351562,15438.0,KC=F,USX,NYB
2016-10-24,156.0500030517578,159.3000030517578,155.64999389648438,157.89999389648438,157.89999389648438,15359.0,KC=F,USX,NYB
2016-10-25,158.64999389648438,164.75,158.35000610351562,164.5,164.5,35234.0,KC=F,USX,NYB
2016-10-26,163.39999389648438,165.75,163.1999969482422,163.6999969482422,163.6999969482422,28656.0,KC=F,USX,NYB
2016-10-27,163.60000610351562,166.39999389648438,162.25,164.8000030517578,164.8000030517578,27252.0,KC=F,USX,NYB
2016-10-28,165.10000610351562,166.89999389648438,163.4499969482422,165.5,165.5,19526.0,KC=F,USX,NYB
2016-10-31,164.25,165.85000610351562,163.0,164.14999389648438,164.14999389648438,23669.0,KC=F,USX,NYB
2016-11-01,163.25,165.39999389648438,161.14999389648438,161.4499969482422,161.4499969482422,27631.0,KC=F,USX,NYB
2016-11-02,160.75,164.35000610351562,160.35000610351562,162.89999389648438,162.89999389648438,18505.0,KC=F,USX,NYB
2016-11-03,163.0500030517578,166.60000610351562,163.0,165.64999389648438,165.64999389648438,23808.0,KC=F,USX,NYB
2016-11-04,165.5500030517578,172.0,165.10000610351562,171.35000610351562,171.35000610351562,34208.0,KC=F,USX,NYB
2016-11-07,170.0,175.64999389648438,170.0,174.35000610351562,174.35000610351562,35062.0,KC=F,USX,NYB
2016-11-08,175.0,176.0,167.25,167.5,167.5,47854.0,KC=F,USX,NYB
2016-11-09,165.1999969482422,170.75,163.1999969482422,170.10000610351562,170.10000610351562,33259.0,KC=F,USX,NYB
2016-11-10,170.89999389648438,172.89999389648438,161.5500030517578,161.85000610351562,161.85000610351562,46483.0,KC=F,USX,NYB
2016-11-14,159.0,162.64999389648438,157.4499969482422,161.8000030517578,161.8000030517578,22688.0,KC=F,USX,NYB
2016-11-15,162.39999389648438,165.3000030517578,160.3000030517578,161.8000030517578,161.8000030517578,10083.0,KC=F,USX,NYB
2016-11-16,161.89999389648438,162.75,160.10000610351562,161.25,161.25,10121.0,KC=F,USX,NYB
2016-11-17,161.39999389648438,161.6999969482422,158.6999969482422,159.3000030517578,159.3000030517578,8197.0,KC=F,USX,NYB
2016-11-18,158.75,161.0,157.4499969482422,157.85000610351562,157.85000610351562,6840.0,KC=F,USX,NYB
2016-11-21,158.25,159.5,155.0,158.64999389648438,158.64999389648438,521.0,KC=F,USX,NYB
2016-11-22,158.39999389648438,159.5500030517578,157.10000610351562,157.25,157.25,137.0,KC=F,USX,NYB
2016-11-23,156.89999389648438,157.25,154.39999389648438,154.64999389648438,154.64999389648438,0.0,KC=F,USX,NYB
2016-11-25,154.9499969482422,154.9499969482422,151.39999389648438,152.3000030517578,152.3000030517578,59.0,KC=F,USX,NYB
2016-11-28,152.64999389648438,153.35000610351562,151.89999389648438,153.0,153.0,8.0,KC=F,USX,NYB
2016-11-29,152.64999389648438,152.64999389648438,149.85000610351562,149.89999389648438,149.89999389648438,48.0,KC=F,USX,NYB
2016-11-30,149.5,150.0,147.39999389648438,147.5,147.5,10.0,KC=F,USX,NYB
2016-12-01,147.64999389648438,147.89999389648438,142.14999389648438,141.8000030517578,141.8000030517578,98.0,KC=F,USX,NYB
2016-12-02,141.64999389648438,144.0,140.39999389648438,141.1999969482422,141.1999969482422,163.0,KC=F,USX,NYB
2016-12-05,142.14999389648438,143.60000610351562,141.4499969482422,140.1999969482422,140.1999969482422,8.0,KC=F,USX,NYB
2016-12-06,138.3000030517578,138.3000030517578,138.1999969482422,137.9499969482422,137.9499969482422,5.0,KC=F,USX,NYB
2016-12-07,139.39999389648438,139.39999389648438,139.39999389648438,137.89999389648438,137.89999389648438,4.0,KC=F,USX,NYB
2016-12-08,137.60000610351562,137.60000610351562,137.60000610351562,137.60000610351562,137.60000610351562,9.0,KC=F,USX,NYB
2016-12-09,135.5500030517578,135.5500030517578,135.5500030517578,135.5500030517578,135.5500030517578,9.0,KC=F,USX,NYB
2016-12-12,135.14999389648438,138.0,135.14999389648438,138.0500030517578,138.0500030517578,13.0,KC=F,USX,NYB
2016-12-13,139.6999969482422,139.75,139.3000030517578,138.89999389648438,138.89999389648438,13.0,KC=F,USX,NYB
2016-12-14,140.25,140.25,140.25,140.25,140.25,13.0,KC=F,USX,NYB
2016-12-15,136.8000030517578,136.8000030517578,136.8000030517578,138.3000030517578,138.3000030517578,2.0,KC=F,USX,NYB
2016-12-16,138.85000610351562,139.0,138.85000610351562,138.1999969482422,138.1999969482422,6.0,KC=F,USX,NYB
2016-12-19,141.14999389648438,141.14999389648438,138.85000610351562,141.1999969482422,141.1999969482422,12155.0,KC=F,USX,NYB
2016-12-20,145.0,145.25,142.35000610351562,143.85000610351562,143.85000610351562,10693.0,KC=F,USX,NYB
2016-12-21,143.10000610351562,144.8000030517578,142.35000610351562,144.5500030517578,144.5500030517578,9657.0,KC=F,USX,NYB
2016-12-22,144.0500030517578,144.3000030517578,138.64999389648438,139.10000610351562,139.10000610351562,14872.0,KC=F,USX,NYB
2016-12-23,139.0,139.75,135.9499969482422,136.14999389648438,136.14999389648438,12256.0,KC=F,USX,NYB
2016-12-27,136.0,136.75,133.35000610351562,134.1999969482422,134.1999969482422,13821.0,KC=F,USX,NYB
2016-12-28,134.64999389648438,136.0,132.85000610351562,133.5,133.5,13915.0,KC=F,USX,NYB
2016-12-29,133.5,138.35000610351562,133.14999389648438,135.4499969482422,135.4499969482422,14340.0,KC=F,USX,NYB
2016-12-30,135.6999969482422,138.85000610351562,135.5500030517578,137.0500030517578,137.0500030517578,12208.0,KC=F,USX,NYB
2017-01-03,137.8000030517578,139.0500030517578,134.39999389648438,137.39999389648438,137.39999389648438,17457.0,KC=F,USX,NYB
2017-01-04,137.5,142.9499969482422,137.4499969482422,141.8000030517578,141.8000030517578,19239.0,KC=F,USX,NYB
2017-01-05,142.0,145.4499969482422,141.75,143.75,143.75,21426.0,KC=F,USX,NYB
2017-01-06,143.5,144.5,142.0500030517578,142.85000610351562,142.85000610351562,12322.0,KC=F,USX,NYB
2017-01-09,142.14999389648438,146.5,140.75,144.1999969482422,144.1999969482422,20355.0,KC=F,USX,NYB
2017-01-10,144.25,147.89999389648438,144.14999389648438,147.6999969482422,147.6999969482422,19115.0,KC=F,USX,NYB
2017-01-11,147.85000610351562,150.89999389648438,147.4499969482422,149.0,149.0,27033.0,KC=F,USX,NYB
2017-01-12,149.3000030517578,151.60000610351562,148.5500030517578,149.60000610351562,149.60000610351562,17271.0,KC=F,USX,NYB
2017-01-13,149.0500030517578,149.89999389648438,147.35000610351562,149.3000030517578,149.3000030517578,0.0,KC=F,USX,NYB
2017-01-17,148.8000030517578,150.75,148.10000610351562,149.89999389648438,149.89999389648438,16047.0,KC=F,USX,NYB
2017-01-18,149.6999969482422,150.0,146.75,149.1999969482422,149.1999969482422,15556.0,KC=F,USX,NYB
2017-01-19,149.25,151.4499969482422,148.5500030517578,150.75,150.75,12894.0,KC=F,USX,NYB
2017-01-20,150.5500030517578,153.35000610351562,150.5500030517578,153.1999969482422,153.1999969482422,14975.0,KC=F,USX,NYB
2017-01-23,153.0,156.75,152.89999389648438,155.39999389648438,155.39999389648438,18743.0,KC=F,USX,NYB
2017-01-24,154.14999389648438,156.9499969482422,151.8000030517578,152.35000610351562,152.35000610351562,19761.0,KC=F,USX,NYB
2017-01-25,151.60000610351562,155.60000610351562,151.3000030517578,152.89999389648438,152.89999389648438,17683.0,KC=F,USX,NYB
2017-01-26,153.85000610351562,154.3000030517578,150.35000610351562,151.4499969482422,151.4499969482422,20959.0,KC=F,USX,NYB
2017-01-27,151.25,153.39999389648438,150.25,152.39999389648438,152.39999389648438,12752.0,KC=F,USX,NYB
2017-01-30,151.6999969482422,152.0500030517578,149.6999969482422,151.14999389648438,151.14999389648438,15674.0,KC=F,USX,NYB
2017-01-31,151.0,152.5,146.60000610351562,149.5500030517578,149.5500030517578,26878.0,KC=F,USX,NYB
2017-02-01,149.5500030517578,151.6999969482422,147.5500030517578,150.14999389648438,150.14999389648438,27904.0,KC=F,USX,NYB
2017-02-02,150.14999389648438,151.25,145.6999969482422,145.9499969482422,145.9499969482422,25456.0,KC=F,USX,NYB
2017-02-03,145.1999969482422,147.6999969482422,144.6999969482422,146.25,146.25,22215.0,KC=F,USX,NYB
2017-02-06,146.0,146.89999389648438,143.9499969482422,144.1999969482422,144.1999969482422,21283.0,KC=F,USX,NYB
2017-02-07,144.3000030517578,144.5,142.5500030517578,142.60000610351562,142.60000610351562,26144.0,KC=F,USX,NYB
2017-02-08,143.0,144.25,141.6999969482422,142.89999389648438,142.89999389648438,26954.0,KC=F,USX,NYB
2017-02-09,143.39999389648438,145.6999969482422,142.85000610351562,145.1999969482422,145.1999969482422,30205.0,KC=F,USX,NYB
2017-02-10,145.0500030517578,146.85000610351562,144.8000030517578,145.75,145.75,24631.0,KC=F,USX,NYB
2017-02-13,145.75,146.0,143.5,144.25,144.25,19281.0,KC=F,USX,NYB
2017-02-14,144.75,145.8000030517578,142.5,143.64999389648438,143.64999389648438,15421.0,KC=F,USX,NYB
2017-02-15,143.25,145.0500030517578,142.10000610351562,144.5,144.5,15112.0,KC=F,USX,NYB
2017-02-16,145.0,146.64999389648438,145.0,146.3000030517578,146.3000030517578,9857.0,KC=F,USX,NYB
2017-02-17,146.6999969482422,148.6999969482422,145.1999969482422,147.8000030517578,147.8000030517578,0.0,KC=F,USX,NYB
2017-02-21,149.1999969482422,150.89999389648438,148.35000610351562,150.35000610351562,150.35000610351562,193.0,KC=F,USX,NYB
2017-02-22,150.10000610351562,151.39999389648438,148.9499969482422,149.1999969482422,149.1999969482422,86.0,KC=F,USX,NYB
2017-02-23,149.5,150.60000610351562,148.4499969482422,147.85000610351562,147.85000610351562,61.0,KC=F,USX,NYB
2017-02-24,148.4499969482422,148.4499969482422,143.64999389648438,144.39999389648438,144.39999389648438,105.0,KC=F,USX,NYB
2017-02-27,144.0,144.0,140.0,139.10000610351562,139.10000610351562,52.0,KC=F,USX,NYB
2017-02-28,139.6999969482422,140.6999969482422,138.60000610351562,140.6999969482422,140.6999969482422,75.0,KC=F,USX,NYB
2017-03-01,140.1999969482422,141.0,140.10000610351562,142.64999389648438,142.64999389648438,11.0,KC=F,USX,NYB
2017-03-02,143.25,143.3000030517578,143.25,142.1999969482422,142.1999969482422,3.0,KC=F,USX,NYB
2017-03-03,142.60000610351562,142.75,140.8000030517578,141.25,141.25,12.0,KC=F,USX,NYB
2017-03-06,139.60000610351562,139.60000610351562,139.60000610351562,139.64999389648438,139.64999389648438,2.0,KC=F,USX,NYB
2017-03-07,139.75,139.75,138.89999389648438,139.0,139.0,18.0,KC=F,USX,NYB
2017-03-08,140.0500030517578,140.0500030517578,140.0500030517578,140.0500030517578,140.0500030517578,1.0,KC=F,USX,NYB
2017-03-09,139.1999969482422,139.60000610351562,139.0,138.75,138.75,5.0,KC=F,USX,NYB
2017-03-10,139.64999389648438,139.64999389648438,139.64999389648438,139.64999389648438,139.64999389648438,5.0,KC=F,USX,NYB
2017-03-13,137.4499969482422,138.8000030517578,137.39999389648438,140.5,140.5,4.0,KC=F,USX,NYB
2017-03-14,140.75,140.75,139.89999389648438,139.60000610351562,139.60000610351562,15.0,KC=F,USX,NYB
2017-03-15,139.1999969482422,139.1999969482422,139.1999969482422,139.1999969482422,139.1999969482422,2.0,KC=F,USX,NYB
2017-03-16,138.5500030517578,141.10000610351562,138.5500030517578,139.75,139.75,9.0,KC=F,USX,NYB
2017-03-17,140.4499969482422,140.4499969482422,140.4499969482422,140.8000030517578,140.8000030517578,3.0,KC=F,USX,NYB
2017-03-20,144.0,144.0,144.0,144.0,144.0,10.0,KC=F,USX,NYB
2017-03-21,144.6999969482422,144.6999969482422,144.6999969482422,143.5,143.5,12531.0,KC=F,USX,NYB
2017-03-22,144.4499969482422,144.4499969482422,141.14999389648438,141.6999969482422,141.6999969482422,13988.0,KC=F,USX,NYB
2017-03-23,141.5,141.85000610351562,139.5500030517578,140.5,140.5,13121.0,KC=F,USX,NYB
2017-03-24,140.0500030517578,140.3000030517578,137.10000610351562,137.60000610351562,137.60000610351562,20151.0,KC=F,USX,NYB
2017-03-27,137.1999969482422,139.35000610351562,136.1999969482422,139.1999969482422,139.1999969482422,22056.0,KC=F,USX,NYB
2017-03-28,139.3000030517578,139.64999389648438,137.75,138.85000610351562,138.85000610351562,11252.0,KC=F,USX,NYB
2017-03-29,138.8000030517578,140.3000030517578,137.5500030517578,139.3000030517578,139.3000030517578,11488.0,KC=F,USX,NYB
2017-03-30,139.3000030517578,140.0500030517578,138.60000610351562,139.3000030517578,139.3000030517578,10350.0,KC=F,USX,NYB
2017-03-31,139.35000610351562,140.0500030517578,137.89999389648438,139.3000030517578,139.3000030517578,14399.0,KC=F,USX,NYB
2017-04-03,138.8000030517578,142.8000030517578,137.5,137.85000610351562,137.85000610351562,25447.0,KC=F,USX,NYB
2017-04-04,137.85000610351562,138.5,136.25,137.75,137.75,23107.0,KC=F,USX,NYB
2017-04-05,138.5,139.25,137.0,137.3000030517578,137.3000030517578,20691.0,KC=F,USX,NYB
2017-04-06,137.3000030517578,138.9499969482422,137.10000610351562,137.75,137.75,17965.0,KC=F,USX,NYB
2017-04-07,138.0,140.3000030517578,136.60000610351562,140.0500030517578,140.0500030517578,26187.0,KC=F,USX,NYB
2017-04-10,140.0,141.14999389648438,139.0500030517578,139.85000610351562,139.85000610351562,27886.0,KC=F,USX,NYB
2017-04-11,139.85000610351562,140.64999389648438,139.35000610351562,140.1999969482422,140.1999969482422,36078.0,KC=F,USX,NYB
2017-04-12,140.35000610351562,142.0,137.60000610351562,138.3000030517578,138.3000030517578,31814.0,KC=F,USX,NYB
2017-04-13,138.5,140.10000610351562,138.5,138.89999389648438,138.89999389648438,23231.0,KC=F,USX,NYB
2017-04-17,139.10000610351562,141.5500030517578,138.5500030517578,141.10000610351562,141.10000610351562,13235.0,KC=F,USX,NYB
2017-04-18,140.6999969482422,143.35000610351562,139.75,142.89999389648438,142.89999389648438,22834.0,KC=F,USX,NYB
2017-04-19,142.64999389648438,143.6999969482422,137.25,138.0,138.0,10151.0,KC=F,USX,NYB
2017-04-20,139.5500030517578,140.0,131.35000610351562,131.64999389648438,131.64999389648438,481.0,KC=F,USX,NYB
2017-04-21,132.0,132.1999969482422,128.8000030517578,129.85000610351562,129.85000610351562,210.0,KC=F,USX,NYB
2017-04-24,130.4499969482422,131.3000030517578,129.10000610351562,129.5,129.5,345.0,KC=F,USX,NYB
2017-04-25,129.5500030517578,130.5500030517578,129.4499969482422,129.89999389648438,129.89999389648438,27.0,KC=F,USX,NYB
2017-04-26,130.6999969482422,130.6999969482422,129.0,128.14999389648438,128.14999389648438,48.0,KC=F,USX,NYB
2017-04-27,128.4499969482422,128.4499969482422,127.6500015258789,127.0999984741211,127.0999984741211,4.0,KC=F,USX,NYB
2017-04-28,127.44999694824219,127.55000305175781,126.69999694824219,131.0500030517578,131.0500030517578,49.0,KC=F,USX,NYB
2017-05-01,134.64999389648438,135.0,134.64999389648438,133.60000610351562,133.60000610351562,13.0,KC=F,USX,NYB
2017-05-02,134.10000610351562,134.10000610351562,132.75,134.0,134.0,13.0,KC=F,USX,NYB
2017-05-03,134.0,134.0,134.0,135.0,135.0,12.0,KC=F,USX,NYB
2017-05-04,132.6999969482422,132.6999969482422,132.6999969482422,132.6999969482422,132.6999969482422,0.0,KC=F,USX,NYB
2017-05-05,132.89999389648438,133.0,132.39999389648438,133.10000610351562,133.10000610351562,6.0,KC=F,USX,NYB
2017-05-08,134.5500030517578,134.5500030517578,134.5500030517578,134.5500030517578,134.5500030517578,6.0,KC=F,USX,NYB
2017-05-09,132.8000030517578,132.8000030517578,132.8000030517578,132.8000030517578,132.8000030517578,2.0,KC=F,USX,NYB
2017-05-10,134.3000030517578,134.3000030517578,134.3000030517578,134.3000030517578,134.3000030517578,2.0,KC=F,USX,NYB
2017-05-11,131.89999389648438,131.89999389648438,131.89999389648438,131.89999389648438,131.89999389648438,2.0,KC=F,USX,NYB
2017-05-12,132.60000610351562,132.60000610351562,132.60000610351562,132.60000610351562,132.60000610351562,2.0,KC=F,USX,NYB
2017-05-15,131.25,131.25,131.25,131.25,131.25,2.0,KC=F,USX,NYB
2017-05-16,129.25,129.25,129.25,129.25,129.25,2.0,KC=F,USX,NYB
2017-05-17,132.1999969482422,132.1999969482422,132.1999969482422,132.1999969482422,132.1999969482422,2.0,KC=F,USX,NYB
2017-05-18,129.1999969482422,129.1999969482422,127.69999694824219,127.4000015258789,127.4000015258789,25562.0,KC=F,USX,NYB
2017-05-19,128.9499969482422,133.39999389648438,128.9499969482422,132.10000610351562,132.10000610351562,18669.0,KC=F,USX,NYB
2017-05-22,132.10000610351562,133.0,129.5500030517578,130.60000610351562,130.60000610351562,12739.0,KC=F,USX,NYB
2017-05-23,130.60000610351562,131.6999969482422,129.89999389648438,130.25,130.25,10032.0,KC=F,USX,NYB
2017-05-24,130.39999389648438,130.6999969482422,128.0,128.5500030517578,128.5500030517578,13544.0,KC=F,USX,NYB
2017-05-25,128.5500030517578,130.0,127.1500015258789,129.3000030517578,129.3000030517578,21059.0,KC=F,USX,NYB
2017-05-26,129.5,132.1999969482422,128.60000610351562,131.1999969482422,131.1999969482422,0.0,KC=F,USX,NYB
2017-05-30,130.64999389648438,132.75,130.5,132.10000610351562,132.10000610351562,14264.0,KC=F,USX,NYB
2017-05-31,132.10000610351562,133.39999389648438,128.3000030517578,129.35000610351562,129.35000610351562,25811.0,KC=F,USX,NYB
2017-06-01,129.5,130.0,127.5,127.69999694824219,127.69999694824219,19335.0,KC=F,USX,NYB
2017-06-02,128.0,128.14999389648438,125.25,125.55000305175781,125.55000305175781,23556.0,KC=F,USX,NYB
2017-06-05,126.05000305175781,129.4499969482422,125.69999694824219,128.4499969482422,128.4499969482422,18998.0,KC=F,USX,NYB
2017-06-06,129.1999969482422,129.60000610351562,125.44999694824219,125.55000305175781,125.55000305175781,21710.0,KC=F,USX,NYB
2017-06-07,126.05000305175781,126.80000305175781,125.44999694824219,125.75,125.75,23245.0,KC=F,USX,NYB
2017-06-08,126.1500015258789,126.75,125.3499984741211,126.3499984741211,126.3499984741211,21267.0,KC=F,USX,NYB
2017-06-09,126.5,128.75,126.4000015258789,126.55000305175781,126.55000305175781,34461.0,KC=F,USX,NYB
2017-06-12,127.55000305175781,129.10000610351562,126.75,127.5999984741211,127.5999984741211,40230.0,KC=F,USX,NYB
2017-06-13,127.5,128.1999969482422,125.75,126.4000015258789,126.4000015258789,23858.0,KC=F,USX,NYB
2017-06-14,126.5,127.9000015258789,125.30000305175781,125.55000305175781,125.55000305175781,30796.0,KC=F,USX,NYB
2017-06-15,126.25,127.6500015258789,125.5999984741211,125.80000305175781,125.80000305175781,18452.0,KC=F,USX,NYB
2017-06-16,126.05000305175781,127.0999984741211,123.0,123.55000305175781,123.55000305175781,12829.0,KC=F,USX,NYB
2017-06-19,123.80000305175781,124.55000305175781,123.19999694824219,124.19999694824219,124.19999694824219,14939.0,KC=F,USX,NYB
2017-06-20,123.69999694824219,124.05000305175781,120.80000305175781,121.94999694824219,121.94999694824219,9414.0,KC=F,USX,NYB
2017-06-21,121.94999694824219,122.1500015258789,119.1500015258789,119.3499984741211,119.3499984741211,7355.0,KC=F,USX,NYB
2017-06-22,119.6500015258789,119.9000015258789,113.0,113.44999694824219,113.44999694824219,517.0,KC=F,USX,NYB
2017-06-23,115.0999984741211,120.25,115.0999984741211,119.94999694824219,119.94999694824219,41.0,KC=F,USX,NYB
2017-06-26,121.5999984741211,122.94999694824219,121.5999984741211,121.94999694824219,121.94999694824219,39.0,KC=F,USX,NYB
2017-06-27,122.5,123.5999984741211,122.5,122.75,122.75,46.0,KC=F,USX,NYB
2017-06-28,123.44999694824219,123.44999694824219,121.9000015258789,122.75,122.75,22.0,KC=F,USX,NYB
2017-06-29,124.0999984741211,125.3499984741211,123.30000305175781,124.75,124.75,25.0,KC=F,USX,NYB
2017-06-30,124.05000305175781,125.0,124.0,124.05000305175781,124.05000305175781,20.0,KC=F,USX,NYB
2017-07-03,125.8499984741211,125.8499984741211,125.8499984741211,125.8499984741211,125.8499984741211,0.0,KC=F,USX,NYB
2017-07-05,126.25,128.64999389648438,126.25,127.6500015258789,127.6500015258789,14.0,KC=F,USX,NYB
2017-07-06,126.75,126.75,126.75,126.75,126.75,14.0,KC=F,USX,NYB
2017-07-07,126.55000305175781,126.55000305175781,126.55000305175781,126.55000305175781,126.55000305175781,47.0,KC=F,USX,NYB
2017-07-10,127.69999694824219,127.75,126.0,126.25,126.25,7.0,KC=F,USX,NYB
2017-07-11,126.8499984741211,126.8499984741211,125.0,124.44999694824219,124.44999694824219,3.0,KC=F,USX,NYB
2017-07-12,125.0,125.25,125.0,126.0,126.0,2.0,KC=F,USX,NYB
2017-07-13,129.35000610351562,129.35000610351562,129.35000610351562,129.35000610351562,129.35000610351562,2.0,KC=F,USX,NYB
2017-07-14,131.6999969482422,131.6999969482422,131.6999969482422,131.6999969482422,131.6999969482422,2.0,KC=F,USX,NYB
2017-07-17,131.5500030517578,131.5500030517578,131.5500030517578,131.5500030517578,131.5500030517578,2.0,KC=F,USX,NYB
2017-07-18,131.89999389648438,131.89999389648438,131.89999389648438,131.89999389648438,131.89999389648438,2.0,KC=F,USX,NYB
2017-07-19,132.3000030517578,132.3000030517578,132.0,131.1999969482422,131.1999969482422,19253.0,KC=F,USX,NYB
2017-07-20,135.10000610351562,135.8000030517578,134.14999389648438,135.0,135.0,14959.0,KC=F,USX,NYB
2017-07-21,135.0500030517578,136.85000610351562,134.8000030517578,136.5500030517578,136.5500030517578,16543.0,KC=F,USX,NYB
2017-07-24,135.5500030517578,135.8000030517578,132.39999389648438,132.5500030517578,132.5500030517578,25918.0,KC=F,USX,NYB
2017-07-25,133.0,133.1999969482422,129.35000610351562,130.60000610351562,130.60000610351562,20744.0,KC=F,USX,NYB
2017-07-26,130.60000610351562,135.1999969482422,129.85000610351562,134.8000030517578,134.8000030517578,23147.0,KC=F,USX,NYB
2017-07-27,135.10000610351562,136.64999389648438,134.10000610351562,135.9499969482422,135.9499969482422,19097.0,KC=F,USX,NYB
2017-07-28,135.64999389648438,138.89999389648438,134.89999389648438,137.85000610351562,137.85000610351562,19630.0,KC=F,USX,NYB
2017-07-31,137.3000030517578,139.35000610351562,137.0500030517578,139.25,139.25,17504.0,KC=F,USX,NYB
2017-08-01,139.25,139.5500030517578,135.75,137.85000610351562,137.85000610351562,21958.0,KC=F,USX,NYB
2017-08-02,138.0,141.1999969482422,137.4499969482422,140.35000610351562,140.35000610351562,20414.0,KC=F,USX,NYB
2017-08-03,140.6999969482422,141.5500030517578,138.8000030517578,140.1999969482422,140.1999969482422,18549.0,KC=F,USX,NYB
2017-08-04,139.60000610351562,141.5,139.10000610351562,140.14999389648438,140.14999389648438,19972.0,KC=F,USX,NYB
2017-08-07,139.6999969482422,142.8000030517578,139.5,142.0500030517578,142.0500030517578,24435.0,KC=F,USX,NYB
2017-08-08,142.0500030517578,143.75,141.89999389648438,142.75,142.75,23660.0,KC=F,USX,NYB
2017-08-09,142.0,143.39999389648438,140.25,142.64999389648438,142.64999389648438,27895.0,KC=F,USX,NYB
2017-08-10,142.35000610351562,143.39999389648438,137.6999969482422,138.5,138.5,30992.0,KC=F,USX,NYB
2017-08-11,138.5,140.8000030517578,136.85000610351562,140.3000030517578,140.3000030517578,26401.0,KC=F,USX,NYB
2017-08-14,139.5500030517578,139.85000610351562,136.35000610351562,136.9499969482422,136.9499969482422,22775.0,KC=F,USX,NYB
2017-08-15,137.0,137.0,131.5500030517578,132.0,132.0,19277.0,KC=F,USX,NYB
2017-08-16,132.85000610351562,133.5500030517578,130.0,130.9499969482422,130.9499969482422,14068.0,KC=F,USX,NYB
2017-08-17,131.35000610351562,131.5,127.5,128.4499969482422,128.4499969482422,8710.0,KC=F,USX,NYB
2017-08-18,129.0,129.35000610351562,126.75,128.0500030517578,128.0500030517578,9092.0,KC=F,USX,NYB
2017-08-21,128.4499969482422,128.9499969482422,126.0,126.4000015258789,126.4000015258789,13472.0,KC=F,USX,NYB
2017-08-22,126.5,127.0,125.5,125.8499984741211,125.8499984741211,7522.0,KC=F,USX,NYB
2017-08-23,126.80000305175781,127.5,126.0999984741211,126.25,126.25,912.0,KC=F,USX,NYB
2017-08-24,126.30000305175781,127.19999694824219,125.9000015258789,126.69999694824219,126.69999694824219,116.0,KC=F,USX,NYB
2017-08-25,128.0,130.0,126.94999694824219,130.1999969482422,130.1999969482422,50.0,KC=F,USX,NYB
2017-08-28,130.4499969482422,131.0,129.5500030517578,129.89999389648438,129.89999389648438,63.0,KC=F,USX,NYB
2017-08-29,130.14999389648438,130.14999389648438,127.1500015258789,127.30000305175781,127.30000305175781,72.0,KC=F,USX,NYB
2017-08-30,127.8499984741211,127.8499984741211,125.75,126.94999694824219,126.94999694824219,71.0,KC=F,USX,NYB
2017-08-31,127.5,127.5,127.5,128.14999389648438,128.14999389648438,7.0,KC=F,USX,NYB
2017-09-01,128.89999389648438,128.89999389648438,128.3000030517578,127.75,127.75,4.0,KC=F,USX,NYB
2017-09-05,126.5,126.5,126.5,126.5,126.5,9.0,KC=F,USX,NYB
2017-09-06,127.5,127.5,127.5,126.5999984741211,126.5999984741211,1.0,KC=F,USX,NYB
2017-09-07,126.3499984741211,128.39999389648438,125.94999694824219,127.9000015258789,127.9000015258789,7.0,KC=F,USX,NYB
2017-09-08,129.39999389648438,129.39999389648438,129.39999389648438,129.39999389648438,129.39999389648438,2.0,KC=F,USX,NYB
2017-09-11,129.64999389648438,129.64999389648438,128.75,130.60000610351562,130.60000610351562,3.0,KC=F,USX,NYB
2017-09-12,132.75,132.75,132.75,133.8000030517578,133.8000030517578,10.0,KC=F,USX,NYB
2017-09-13,134.60000610351562,136.39999389648438,133.5500030517578,136.60000610351562,136.60000610351562,7.0,KC=F,USX,NYB
2017-09-14,137.0,137.25,137.0,135.85000610351562,135.85000610351562,5.0,KC=F,USX,NYB
2017-09-15,139.25,140.14999389648438,139.25,140.0,140.0,7.0,KC=F,USX,NYB
2017-09-18,141.35000610351562,141.35000610351562,139.4499969482422,138.9499969482422,138.9499969482422,11.0,KC=F,USX,NYB
2017-09-19,133.9499969482422,133.9499969482422,133.9499969482422,133.9499969482422,133.9499969482422,23159.0,KC=F,USX,NYB
2017-09-20,135.35000610351562,137.4499969482422,132.89999389648438,136.5500030517578,136.5500030517578,26891.0,KC=F,USX,NYB
2017-09-21,136.1999969482422,136.1999969482422,133.64999389648438,135.0,135.0,13791.0,KC=F,USX,NYB
2017-09-22,135.8000030517578,136.1999969482422,134.0500030517578,134.4499969482422,134.4499969482422,19334.0,KC=F,USX,NYB
2017-09-25,133.64999389648438,133.6999969482422,131.35000610351562,131.5500030517578,131.5500030517578,17289.0,KC=F,USX,NYB
2017-09-26,131.5500030517578,133.64999389648438,130.85000610351562,132.25,132.25,15645.0,KC=F,USX,NYB
2017-09-27,131.9499969482422,132.14999389648438,129.0,129.35000610351562,129.35000610351562,18016.0,KC=F,USX,NYB
2017-09-28,129.4499969482422,129.6999969482422,127.5,128.5,128.5,16522.0,KC=F,USX,NYB
2017-09-29,128.9499969482422,129.14999389648438,127.25,128.0500030517578,128.0500030517578,17076.0,KC=F,USX,NYB
2017-10-02,127.80000305175781,128.0,125.30000305175781,127.19999694824219,127.19999694824219,23272.0,KC=F,USX,NYB
2017-10-03,127.4000015258789,127.80000305175781,125.4000015258789,125.44999694824219,125.44999694824219,17819.0,KC=F,USX,NYB
2017-10-04,126.19999694824219,126.4000015258789,124.4000015258789,125.1500015258789,125.1500015258789,20428.0,KC=F,USX,NYB
2017-10-05,125.75,127.6500015258789,124.30000305175781,127.19999694824219,127.19999694824219,16198.0,KC=F,USX,NYB
2017-10-06,127.9000015258789,130.6999969482422,127.4000015258789,130.0,130.0,18374.0,KC=F,USX,NYB
2017-10-09,131.0,131.89999389648438,129.8000030517578,130.9499969482422,130.9499969482422,17792.0,KC=F,USX,NYB
2017-10-10,131.0,132.6999969482422,130.0500030517578,131.0,131.0,22635.0,KC=F,USX,NYB
2017-10-11,129.8000030517578,129.85000610351562,126.55000305175781,126.80000305175781,126.80000305175781,26428.0,KC=F,USX,NYB
2017-10-12,127.19999694824219,127.80000305175781,125.4000015258789,126.3499984741211,126.3499984741211,17045.0,KC=F,USX,NYB
2017-10-13,126.4000015258789,127.1500015258789,125.44999694824219,126.44999694824219,126.44999694824219,15171.0,KC=F,USX,NYB
2017-10-16,126.0999984741211,126.44999694824219,123.69999694824219,123.75,123.75,20635.0,KC=F,USX,NYB
2017-10-17,123.75,125.05000305175781,123.0,124.1500015258789,124.1500015258789,15634.0,KC=F,USX,NYB
2017-10-18,124.1500015258789,124.69999694824219,123.0,124.30000305175781,124.30000305175781,12671.0,KC=F,USX,NYB
2017-10-19,124.75,128.0500030517578,124.5,126.8499984741211,126.8499984741211,20843.0,KC=F,USX,NYB
2017-10-20,126.94999694824219,127.94999694824219,124.0,125.25,125.25,18555.0,KC=F,USX,NYB
2017-10-23,125.0999984741211,126.5,123.8499984741211,124.3499984741211,124.3499984741211,12783.0,KC=F,USX,NYB
2017-10-24,124.25,124.75,122.8499984741211,123.19999694824219,123.19999694824219,14424.0,KC=F,USX,NYB
2017-10-25,123.30000305175781,125.30000305175781,123.0999984741211,124.0999984741211,124.0999984741211,13828.0,KC=F,USX,NYB
2017-10-26,124.4000015258789,124.9000015258789,123.0,124.55000305175781,124.55000305175781,19485.0,KC=F,USX,NYB
2017-10-27,124.0,127.5,123.69999694824219,126.5999984741211,126.5999984741211,21949.0,KC=F,USX,NYB
2017-10-30,127.0,127.75,125.05000305175781,125.9000015258789,125.9000015258789,13580.0,KC=F,USX,NYB
2017-10-31,125.0999984741211,125.69999694824219,124.1500015258789,125.0999984741211,125.0999984741211,22527.0,KC=F,USX,NYB
2017-11-01,124.69999694824219,126.19999694824219,121.19999694824219,122.94999694824219,122.94999694824219,35357.0,KC=F,USX,NYB
2017-11-02,123.3499984741211,127.5999984741211,122.55000305175781,126.4000015258789,126.4000015258789,34059.0,KC=F,USX,NYB
2017-11-03,127.1500015258789,127.4000015258789,123.25,123.94999694824219,123.94999694824219,26161.0,KC=F,USX,NYB
2017-11-06,123.94999694824219,126.4000015258789,122.25,125.55000305175781,125.55000305175781,18929.0,KC=F,USX,NYB
2017-11-07,125.5,125.80000305175781,123.0999984741211,124.69999694824219,124.69999694824219,31078.0,KC=F,USX,NYB
2017-11-08,125.05000305175781,125.9000015258789,124.19999694824219,125.75,125.75,30639.0,KC=F,USX,NYB
2017-11-09,125.55000305175781,127.4000015258789,125.0,126.4000015258789,126.4000015258789,35351.0,KC=F,USX,NYB
2017-11-10,126.05000305175781,128.35000610351562,125.5,127.55000305175781,127.55000305175781,35834.0,KC=F,USX,NYB
2017-11-13,127.5,128.14999389648438,126.6500015258789,127.5999984741211,127.5999984741211,32624.0,KC=F,USX,NYB
2017-11-14,127.55000305175781,129.0,124.25,127.05000305175781,127.05000305175781,28300.0,KC=F,USX,NYB
2017-11-15,127.1500015258789,128.10000610351562,125.6500015258789,126.75,126.75,14937.0,KC=F,USX,NYB
2017-11-16,126.55000305175781,127.44999694824219,125.94999694824219,126.69999694824219,126.69999694824219,9976.0,KC=F,USX,NYB
2017-11-17,126.1500015258789,126.55000305175781,123.55000305175781,123.80000305175781,123.80000305175781,15981.0,KC=F,USX,NYB
2017-11-20,122.5,123.69999694824219,121.1500015258789,122.9000015258789,122.9000015258789,16367.0,KC=F,USX,NYB
2017-11-21,123.1500015258789,125.4000015258789,122.55000305175781,123.8499984741211,123.8499984741211,361.0,KC=F,USX,NYB
2017-11-22,124.0999984741211,125.0999984741211,123.8499984741211,124.55000305175781,124.55000305175781,83.0,KC=F,USX,NYB
2017-11-24,124.0,126.5999984741211,124.0,124.80000305175781,124.80000305175781,93.0,KC=F,USX,NYB
2017-11-27,125.25,126.30000305175781,125.05000305175781,125.55000305175781,125.55000305175781,42.0,KC=F,USX,NYB
2017-11-28,125.5,127.0999984741211,124.8499984741211,127.44999694824219,127.44999694824219,21.0,KC=F,USX,NYB
2017-11-29,127.69999694824219,129.64999389648438,127.55000305175781,129.60000610351562,129.60000610351562,15.0,KC=F,USX,NYB
2017-11-30,129.9499969482422,130.3000030517578,126.25,126.30000305175781,126.30000305175781,68.0,KC=F,USX,NYB
2017-12-01,126.94999694824219,128.0,126.94999694824219,127.55000305175781,127.55000305175781,12.0,KC=F,USX,NYB
2017-12-04,126.19999694824219,127.25,126.1500015258789,126.75,126.75,10.0,KC=F,USX,NYB
2017-12-05,126.75,126.75,125.8499984741211,125.94999694824219,125.94999694824219,29.0,KC=F,USX,NYB
2017-12-06,126.0,126.0999984741211,125.0,124.8499984741211,124.8499984741211,472.0,KC=F,USX,NYB
2017-12-07,120.8499984741211,120.8499984741211,120.8499984741211,120.8499984741211,120.8499984741211,14.0,KC=F,USX,NYB
2017-12-08,120.5999984741211,120.5999984741211,120.5999984741211,120.5999984741211,120.5999984741211,0.0,KC=F,USX,NYB
2017-12-11,121.0,121.0,121.0,119.0,119.0,11.0,KC=F,USX,NYB
2017-12-12,117.05000305175781,117.05000305175781,117.05000305175781,117.05000305175781,117.05000305175781,1.0,KC=F,USX,NYB
2017-12-13,118.94999694824219,118.94999694824219,118.94999694824219,118.94999694824219,118.94999694824219,3.0,KC=F,USX,NYB
2017-12-14,119.1500015258789,119.1500015258789,119.1500015258789,119.1500015258789,119.1500015258789,0.0,KC=F,USX,NYB
2017-12-15,117.05000305175781,117.05000305175781,116.9000015258789,116.94999694824219,116.94999694824219,14.0,KC=F,USX,NYB
2017-12-18,118.55000305175781,118.55000305175781,118.55000305175781,118.55000305175781,118.55000305175781,19960.0,KC=F,USX,NYB
2017-12-19,121.9000015258789,122.44999694824219,121.0,121.75,121.75,16262.0,KC=F,USX,NYB
2017-12-20,122.5,124.05000305175781,122.05000305175781,123.1500015258789,123.1500015258789,14962.0,KC=F,USX,NYB
2017-12-21,122.69999694824219,123.55000305175781,121.30000305175781,122.25,122.25,15174.0,KC=F,USX,NYB
2017-12-22,122.44999694824219,122.5,119.5,120.4000015258789,120.4000015258789,15131.0,KC=F,USX,NYB
2017-12-26,120.75,122.30000305175781,120.6500015258789,122.19999694824219,122.19999694824219,7541.0,KC=F,USX,NYB
2017-12-27,122.30000305175781,124.69999694824219,121.69999694824219,124.5,124.5,18036.0,KC=F,USX,NYB
2017-12-28,124.0,124.9000015258789,123.19999694824219,124.80000305175781,124.80000305175781,12810.0,KC=F,USX,NYB
2017-12-29,124.5999984741211,126.55000305175781,124.4000015258789,126.19999694824219,126.19999694824219,18276.0,KC=F,USX,NYB
2018-01-02,126.0,130.64999389648438,126.0,130.1999969482422,130.1999969482422,30181.0,KC=F,USX,NYB
2018-01-03,130.0,131.35000610351562,126.19999694824219,128.60000610351562,128.60000610351562,38733.0,KC=F,USX,NYB
2018-01-04,128.1999969482422,129.64999389648438,126.5999984741211,129.5500030517578,129.5500030517578,21987.0,KC=F,USX,NYB
2018-01-05,129.1999969482422,129.5500030517578,127.9000015258789,128.4499969482422,128.4499969482422,23119.0,KC=F,USX,NYB
2018-01-08,127.5999984741211,127.6500015258789,124.30000305175781,125.1500015258789,125.1500015258789,32165.0,KC=F,USX,NYB
2018-01-09,125.30000305175781,125.30000305175781,122.5999984741211,125.1500015258789,125.1500015258789,25441.0,KC=F,USX,NYB
2018-01-10,125.44999694824219,125.94999694824219,123.0,123.94999694824219,123.94999694824219,22677.0,KC=F,USX,NYB
2018-01-11,123.94999694824219,124.0,122.1500015258789,122.80000305175781,122.80000305175781,23295.0,KC=F,USX,NYB
2018-01-12,122.80000305175781,123.25,120.9000015258789,122.25,122.25,28830.0,KC=F,USX,NYB
2018-01-16,121.80000305175781,121.8499984741211,119.8499984741211,120.44999694824219,120.44999694824219,30471.0,KC=F,USX,NYB
2018-01-17,121.0,123.80000305175781,120.1500015258789,123.0999984741211,123.0999984741211,28913.0,KC=F,USX,NYB
2018-01-18,123.6500015258789,123.9000015258789,120.94999694824219,121.0999984741211,121.0999984741211,17877.0,KC=F,USX,NYB
2018-01-19,121.0999984741211,121.75,119.5999984741211,121.25,121.25,19108.0,KC=F,USX,NYB
2018-01-22,121.6500015258789,123.3499984741211,121.55000305175781,122.55000305175781,122.55000305175781,16862.0,KC=F,USX,NYB
2018-01-23,122.1500015258789,122.4000015258789,120.5,120.94999694824219,120.94999694824219,17387.0,KC=F,USX,NYB
2018-01-24,121.25,123.0999984741211,120.69999694824219,122.5,122.5,20140.0,KC=F,USX,NYB
2018-01-25,122.69999694824219,125.5,121.69999694824219,123.6500015258789,123.6500015258789,27185.0,KC=F,USX,NYB
2018-01-26,123.6500015258789,125.3499984741211,123.5,125.1500015258789,125.1500015258789,25807.0,KC=F,USX,NYB
2018-01-29,125.55000305175781,125.8499984741211,123.6500015258789,124.94999694824219,124.94999694824219,30208.0,KC=F,USX,NYB
2018-01-30,124.75,125.19999694824219,121.55000305175781,122.30000305175781,122.30000305175781,34074.0,KC=F,USX,NYB
2018-01-31,122.5,123.30000305175781,121.1500015258789,121.8499984741211,121.8499984741211,19415.0,KC=F,USX,NYB
2018-02-01,121.69999694824219,122.30000305175781,120.3499984741211,121.4000015258789,121.4000015258789,24653.0,KC=F,USX,NYB
2018-02-02,121.55000305175781,121.5999984741211,119.8499984741211,120.4000015258789,120.4000015258789,24016.0,KC=F,USX,NYB
2018-02-05,120.4000015258789,120.69999694824219,119.5,119.80000305175781,119.80000305175781,33335.0,KC=F,USX,NYB
2018-02-06,120.0,123.0999984741211,119.0999984741211,122.8499984741211,122.8499984741211,39993.0,KC=F,USX,NYB
2018-02-07,122.94999694824219,123.9000015258789,122.5999984741211,123.30000305175781,123.30000305175781,36529.0,KC=F,USX,NYB
2018-02-08,122.8499984741211,124.4000015258789,121.75,122.8499984741211,122.8499984741211,35746.0,KC=F,USX,NYB
2018-02-09,122.69999694824219,124.0999984741211,121.75,121.8499984741211,121.8499984741211,32897.0,KC=F,USX,NYB
2018-02-12,121.75,123.19999694824219,120.80000305175781,121.4000015258789,121.4000015258789,40355.0,KC=F,USX,NYB
2018-02-13,121.4000015258789,123.0,120.5,122.75,122.75,19384.0,KC=F,USX,NYB
2018-02-14,122.8499984741211,123.0999984741211,120.9000015258789,122.80000305175781,122.80000305175781,12912.0,KC=F,USX,NYB
2018-02-15,122.69999694824219,123.4000015258789,121.44999694824219,121.75,121.75,21203.0,KC=F,USX,NYB
2018-02-16,121.8499984741211,122.25,117.6500015258789,117.94999694824219,117.94999694824219,0.0,KC=F,USX,NYB
2018-02-20,117.75,119.1500015258789,116.94999694824219,118.19999694824219,118.19999694824219,1059.0,KC=F,USX,NYB
2018-02-21,118.0,118.5,116.5,116.94999694824219,116.94999694824219,335.0,KC=F,USX,NYB
2018-02-22,117.6500015258789,118.0,117.44999694824219,119.5999984741211,119.5999984741211,27.0,KC=F,USX,NYB
2018-02-23,119.80000305175781,121.0,118.75,119.44999694824219,119.44999694824219,106.0,KC=F,USX,NYB
2018-02-26,119.5,121.05000305175781,119.5,120.5,120.5,15.0,KC=F,USX,NYB
2018-02-27,120.1500015258789,120.19999694824219,119.80000305175781,119.94999694824219,119.94999694824219,9.0,KC=F,USX,NYB
2018-02-28,120.0,120.5,120.0,121.05000305175781,121.05000305175781,4.0,KC=F,USX,NYB
2018-03-01,121.3499984741211,122.0,121.3499984741211,122.44999694824219,122.44999694824219,59.0,KC=F,USX,NYB
2018-03-02,121.55000305175781,121.55000305175781,120.94999694824219,120.3499984741211,120.3499984741211,3.0,KC=F,USX,NYB
2018-03-05,119.0999984741211,119.19999694824219,118.1500015258789,119.19999694824219,119.19999694824219,12.0,KC=F,USX,NYB
2018-03-06,120.0999984741211,120.0999984741211,120.0999984741211,119.94999694824219,119.94999694824219,1.0,KC=F,USX,NYB
2018-03-07,118.5,119.5999984741211,118.1500015258789,119.30000305175781,119.30000305175781,5.0,KC=F,USX,NYB
2018-03-08,119.0999984741211,119.0999984741211,119.0999984741211,119.0,119.0,1.0,KC=F,USX,NYB
2018-03-09,119.75,119.75,119.4000015258789,118.8499984741211,118.8499984741211,3.0,KC=F,USX,NYB
2018-03-12,118.1500015258789,118.1500015258789,118.1500015258789,118.1500015258789,118.1500015258789,0.0,KC=F,USX,NYB
2018-03-13,120.44999694824219,120.44999694824219,120.44999694824219,120.44999694824219,120.44999694824219,0.0,KC=F,USX,NYB
2018-03-14,119.94999694824219,119.94999694824219,119.94999694824219,119.94999694824219,119.94999694824219,1.0,KC=F,USX,NYB
2018-03-15,120.0,120.0999984741211,119.8499984741211,117.6500015258789,117.6500015258789,25.0,KC=F,USX,NYB
2018-03-16,117.25,117.25,117.25,116.94999694824219,116.94999694824219,1.0,KC=F,USX,NYB
2018-03-19,118.3499984741211,118.3499984741211,118.3499984741211,118.3499984741211,118.3499984741211,19094.0,KC=F,USX,NYB
2018-03-20,119.19999694824219,120.05000305175781,118.6500015258789,118.94999694824219,118.94999694824219,11518.0,KC=F,USX,NYB
2018-03-21,118.5999984741211,120.75,118.55000305175781,118.8499984741211,118.8499984741211,20167.0,KC=F,USX,NYB
2018-03-22,119.3499984741211,119.6500015258789,118.1500015258789,119.0,119.0,14357.0,KC=F,USX,NYB
2018-03-23,118.9000015258789,119.1500015258789,116.5,117.19999694824219,117.19999694824219,23597.0,KC=F,USX,NYB
2018-03-26,117.19999694824219,118.80000305175781,116.6500015258789,118.1500015258789,118.1500015258789,24956.0,KC=F,USX,NYB
2018-03-27,118.4000015258789,119.75,117.69999694824219,118.94999694824219,118.94999694824219,20539.0,KC=F,USX,NYB
2018-03-28,119.1500015258789,119.19999694824219,117.3499984741211,117.75,117.75,13256.0,KC=F,USX,NYB
2018-03-29,117.80000305175781,118.75,117.4000015258789,118.1500015258789,118.1500015258789,14424.0,KC=F,USX,NYB
2018-04-02,118.69999694824219,119.0999984741211,116.1500015258789,116.4000015258789,116.4000015258789,18338.0,KC=F,USX,NYB
2018-04-03,116.75,117.1500015258789,116.0,116.5999984741211,116.5999984741211,22141.0,KC=F,USX,NYB
2018-04-04,116.69999694824219,117.44999694824219,115.94999694824219,116.9000015258789,116.9000015258789,37004.0,KC=F,USX,NYB
2018-04-05,117.30000305175781,118.4000015258789,117.0,117.55000305175781,117.55000305175781,31580.0,KC=F,USX,NYB
2018-04-06,117.5999984741211,118.05000305175781,116.80000305175781,117.44999694824219,117.44999694824219,31798.0,KC=F,USX,NYB
2018-04-09,117.8499984741211,119.44999694824219,117.69999694824219,118.6500015258789,118.6500015258789,42199.0,KC=F,USX,NYB
2018-04-10,118.5999984741211,118.75,117.1500015258789,117.5999984741211,117.5999984741211,35851.0,KC=F,USX,NYB
2018-04-11,117.8499984741211,118.3499984741211,116.5,118.1500015258789,118.1500015258789,43672.0,KC=F,USX,NYB
2018-04-12,118.30000305175781,118.4000015258789,117.44999694824219,117.9000015258789,117.9000015258789,30800.0,KC=F,USX,NYB
2018-04-13,118.0,118.94999694824219,117.0999984741211,117.30000305175781,117.30000305175781,40177.0,KC=F,USX,NYB
2018-04-16,117.30000305175781,117.3499984741211,114.1500015258789,114.25,114.25,22081.0,KC=F,USX,NYB
2018-04-17,114.5,114.5999984741211,113.05000305175781,113.55000305175781,113.55000305175781,18674.0,KC=F,USX,NYB
2018-04-18,113.75,115.3499984741211,113.3499984741211,114.9000015258789,114.9000015258789,18596.0,KC=F,USX,NYB
2018-04-19,114.69999694824219,115.19999694824219,113.3499984741211,114.25,114.25,21549.0,KC=F,USX,NYB
2018-04-20,115.0,115.25,114.44999694824219,115.75,115.75,632.0,KC=F,USX,NYB
2018-04-23,116.30000305175781,117.0999984741211,116.30000305175781,117.0,117.0,317.0,KC=F,USX,NYB
2018-04-24,117.0,118.5,116.6500015258789,118.5,118.5,94.0,KC=F,USX,NYB
2018-04-25,117.75,117.75,116.0,116.8499984741211,116.8499984741211,18.0,KC=F,USX,NYB
2018-04-26,117.5999984741211,117.5999984741211,117.5999984741211,117.5999984741211,117.5999984741211,47.0,KC=F,USX,NYB
2018-04-27,119.80000305175781,120.30000305175781,119.1500015258789,120.3499984741211,120.3499984741211,20.0,KC=F,USX,NYB
2018-04-30,120.05000305175781,120.80000305175781,120.05000305175781,120.6500015258789,120.6500015258789,20.0,KC=F,USX,NYB
2018-05-01,122.8499984741211,122.8499984741211,122.8499984741211,122.5999984741211,122.5999984741211,4.0,KC=F,USX,NYB
2018-05-02,122.75,122.75,122.75,121.5999984741211,121.5999984741211,4.0,KC=F,USX,NYB
2018-05-03,122.44999694824219,122.44999694824219,122.44999694824219,122.19999694824219,122.19999694824219,1.0,KC=F,USX,NYB
2018-05-04,120.44999694824219,120.44999694824219,120.44999694824219,120.44999694824219,120.44999694824219,1.0,KC=F,USX,NYB
2018-05-07,119.55000305175781,119.55000305175781,118.44999694824219,118.19999694824219,118.19999694824219,13.0,KC=F,USX,NYB
2018-05-08,116.55000305175781,116.55000305175781,116.55000305175781,116.55000305175781,116.55000305175781,3.0,KC=F,USX,NYB
2018-05-09,115.5,115.5,115.5,115.5,115.5,8.0,KC=F,USX,NYB
2018-05-10,116.30000305175781,116.30000305175781,116.30000305175781,116.30000305175781,116.30000305175781,0.0,KC=F,USX,NYB
2018-05-11,115.3499984741211,116.4000015258789,115.0999984741211,115.25,115.25,16.0,KC=F,USX,NYB
2018-05-14,113.6500015258789,113.6500015258789,113.6500015258789,113.6500015258789,113.6500015258789,0.0,KC=F,USX,NYB
2018-05-15,114.75,114.75,113.19999694824219,112.9000015258789,112.9000015258789,2.0,KC=F,USX,NYB
2018-05-16,114.5,114.5,112.44999694824219,113.25,113.25,2.0,KC=F,USX,NYB
2018-05-17,113.8499984741211,113.8499984741211,113.8499984741211,113.8499984741211,113.8499984741211,0.0,KC=F,USX,NYB
2018-05-18,113.94999694824219,113.94999694824219,113.94999694824219,113.94999694824219,113.94999694824219,16026.0,KC=F,USX,NYB
2018-05-21,118.0,120.5999984741211,117.8499984741211,120.19999694824219,120.19999694824219,26457.0,KC=F,USX,NYB
2018-05-22,120.55000305175781,121.44999694824219,119.55000305175781,120.8499984741211,120.8499984741211,27454.0,KC=F,USX,NYB
2018-05-23,120.4000015258789,120.80000305175781,118.5999984741211,119.3499984741211,119.3499984741211,20209.0,KC=F,USX,NYB
2018-05-24,119.69999694824219,121.0,119.44999694824219,120.55000305175781,120.55000305175781,22067.0,KC=F,USX,NYB
2018-05-25,120.5999984741211,120.69999694824219,119.0999984741211,120.4000015258789,120.4000015258789,13136.0,KC=F,USX,NYB
2018-05-29,119.80000305175781,120.5,119.3499984741211,120.25,120.25,18611.0,KC=F,USX,NYB
2018-05-30,119.75,122.19999694824219,119.75,120.30000305175781,120.30000305175781,38651.0,KC=F,USX,NYB
2018-05-31,120.4000015258789,124.05000305175781,120.25,123.69999694824219,123.69999694824219,33089.0,KC=F,USX,NYB
2018-06-01,123.9000015258789,124.94999694824219,122.3499984741211,122.75,122.75,36673.0,KC=F,USX,NYB
2018-06-04,122.55000305175781,123.1500015258789,120.9000015258789,121.5,121.5,36260.0,KC=F,USX,NYB
2018-06-05,121.1500015258789,121.55000305175781,119.1500015258789,119.44999694824219,119.44999694824219,33971.0,KC=F,USX,NYB
2018-06-06,119.30000305175781,119.8499984741211,118.19999694824219,118.25,118.25,28994.0,KC=F,USX,NYB
2018-06-07,118.25,118.6500015258789,115.6500015258789,115.69999694824219,115.69999694824219,49252.0,KC=F,USX,NYB
2018-06-08,116.05000305175781,117.44999694824219,115.6500015258789,117.25,117.25,42847.0,KC=F,USX,NYB
2018-06-11,117.25,118.05000305175781,116.25,117.0999984741211,117.0999984741211,45753.0,KC=F,USX,NYB
2018-06-12,117.05000305175781,117.94999694824219,116.75,117.3499984741211,117.3499984741211,27240.0,KC=F,USX,NYB
2018-06-13,117.19999694824219,117.25,116.19999694824219,116.3499984741211,116.3499984741211,29233.0,KC=F,USX,NYB
2018-06-14,116.5,117.1500015258789,115.55000305175781,115.69999694824219,115.69999694824219,32684.0,KC=F,USX,NYB
2018-06-15,115.6500015258789,115.6500015258789,114.5999984741211,115.19999694824219,115.19999694824219,20494.0,KC=F,USX,NYB
2018-06-18,115.4000015258789,115.80000305175781,114.30000305175781,114.44999694824219,114.44999694824219,10947.0,KC=F,USX,NYB
2018-06-19,114.30000305175781,114.3499984741211,112.6500015258789,114.0999984741211,114.0999984741211,13982.0,KC=F,USX,NYB
2018-06-20,114.0999984741211,114.80000305175781,113.3499984741211,113.6500015258789,113.6500015258789,17273.0,KC=F,USX,NYB
2018-06-21,113.75,113.75,112.0,112.5999984741211,112.5999984741211,324.0,KC=F,USX,NYB
2018-06-22,113.75,114.1500015258789,113.4000015258789,113.8499984741211,113.8499984741211,39.0,KC=F,USX,NYB
2018-06-25,113.75,114.3499984741211,113.5,114.1500015258789,114.1500015258789,40.0,KC=F,USX,NYB
2018-06-26,114.55000305175781,115.80000305175781,114.05000305175781,114.80000305175781,114.80000305175781,30.0,KC=F,USX,NYB
2018-06-27,114.80000305175781,114.80000305175781,113.69999694824219,114.30000305175781,114.30000305175781,12.0,KC=F,USX,NYB
2018-06-28,112.0,112.0,112.0,112.1500015258789,112.1500015258789,21.0,KC=F,USX,NYB
2018-06-29,112.55000305175781,112.6500015258789,112.55000305175781,111.5,111.5,16.0,KC=F,USX,NYB
2018-07-02,108.44999694824219,109.0999984741211,107.6500015258789,107.80000305175781,107.80000305175781,134.0,KC=F,USX,NYB
2018-07-03,109.75,109.75,108.44999694824219,108.3499984741211,108.3499984741211,4.0,KC=F,USX,NYB
2018-07-05,106.30000305175781,106.30000305175781,106.30000305175781,106.30000305175781,106.30000305175781,13.0,KC=F,USX,NYB
2018-07-06,106.19999694824219,108.25,106.19999694824219,111.25,111.25,2.0,KC=F,USX,NYB
2018-07-09,112.19999694824219,112.19999694824219,112.19999694824219,112.19999694824219,112.19999694824219,0.0,KC=F,USX,NYB
2018-07-10,111.80000305175781,111.80000305175781,111.80000305175781,111.94999694824219,111.94999694824219,1.0,KC=F,USX,NYB
2018-07-11,108.5,109.3499984741211,108.3499984741211,109.19999694824219,109.19999694824219,8.0,KC=F,USX,NYB
2018-07-12,108.69999694824219,108.69999694824219,108.69999694824219,108.69999694824219,108.69999694824219,0.0,KC=F,USX,NYB
2018-07-13,108.1500015258789,108.25,107.1500015258789,107.05000305175781,107.05000305175781,6.0,KC=F,USX,NYB
2018-07-16,107.44999694824219,107.44999694824219,107.44999694824219,107.44999694824219,107.44999694824219,0.0,KC=F,USX,NYB
2018-07-17,106.55000305175781,106.55000305175781,106.55000305175781,105.69999694824219,105.69999694824219,45.0,KC=F,USX,NYB
2018-07-18,105.80000305175781,105.80000305175781,105.80000305175781,104.5999984741211,104.5999984741211,1.0,KC=F,USX,NYB
2018-07-19,105.25,105.25,105.25,105.25,105.25,18433.0,KC=F,USX,NYB
2018-07-20,108.30000305175781,111.05000305175781,108.0999984741211,110.6500015258789,110.6500015258789,17485.0,KC=F,USX,NYB
2018-07-23,111.05000305175781,113.0,110.69999694824219,111.6500015258789,111.6500015258789,24451.0,KC=F,USX,NYB
2018-07-24,111.75,113.19999694824219,110.1500015258789,110.94999694824219,110.94999694824219,22248.0,KC=F,USX,NYB
2018-07-25,111.05000305175781,112.0,109.9000015258789,111.0,111.0,13358.0,KC=F,USX,NYB
2018-07-26,111.3499984741211,111.69999694824219,109.25,109.55000305175781,109.55000305175781,21510.0,KC=F,USX,NYB
2018-07-27,109.5,110.8499984741211,108.69999694824219,110.44999694824219,110.44999694824219,21429.0,KC=F,USX,NYB
2018-07-30,110.5,113.4000015258789,109.6500015258789,111.4000015258789,111.4000015258789,34621.0,KC=F,USX,NYB
2018-07-31,111.4000015258789,111.80000305175781,109.55000305175781,109.9000015258789,109.9000015258789,30285.0,KC=F,USX,NYB
2018-08-01,109.69999694824219,110.4000015258789,107.69999694824219,108.05000305175781,108.05000305175781,34898.0,KC=F,USX,NYB
2018-08-02,108.05000305175781,108.05000305175781,106.0,106.69999694824219,106.69999694824219,33378.0,KC=F,USX,NYB
2018-08-03,107.05000305175781,108.75,106.69999694824219,107.75,107.75,27234.0,KC=F,USX,NYB
2018-08-06,107.6500015258789,110.1500015258789,107.19999694824219,108.75,108.75,24987.0,KC=F,USX,NYB
2018-08-07,108.55000305175781,110.25,108.44999694824219,109.05000305175781,109.05000305175781,47606.0,KC=F,USX,NYB
2018-08-08,108.8499984741211,108.9000015258789,106.6500015258789,107.8499984741211,107.8499984741211,39281.0,KC=F,USX,NYB
2018-08-09,107.80000305175781,108.4000015258789,106.8499984741211,107.6500015258789,107.6500015258789,30084.0,KC=F,USX,NYB
2018-08-10,107.19999694824219,107.5999984741211,106.4000015258789,107.0,107.0,43886.0,KC=F,USX,NYB
2018-08-13,107.05000305175781,107.25,104.3499984741211,106.25,106.25,47082.0,KC=F,USX,NYB
2018-08-14,106.1500015258789,106.94999694824219,105.05000305175781,105.05000305175781,105.05000305175781,38366.0,KC=F,USX,NYB
2018-08-15,105.3499984741211,105.55000305175781,102.0999984741211,102.4000015258789,102.4000015258789,28774.0,KC=F,USX,NYB
2018-08-16,102.6500015258789,103.55000305175781,101.30000305175781,101.69999694824219,101.69999694824219,18143.0,KC=F,USX,NYB
2018-08-17,102.30000305175781,102.55000305175781,100.25,101.19999694824219,101.19999694824219,11947.0,KC=F,USX,NYB
2018-08-20,101.19999694824219,101.75,96.94999694824219,97.25,97.25,16305.0,KC=F,USX,NYB
2018-08-21,97.5,98.94999694824219,96.9000015258789,97.94999694824219,97.94999694824219,13889.0,KC=F,USX,NYB
2018-08-22,97.19999694824219,98.30000305175781,95.44999694824219,96.4000015258789,96.4000015258789,14613.0,KC=F,USX,NYB
2018-08-23,96.4000015258789,98.25,96.1500015258789,97.19999694824219,97.19999694824219,283.0,KC=F,USX,NYB
2018-08-24,98.3499984741211,101.05000305175781,98.3499984741211,100.55000305175781,100.55000305175781,28.0,KC=F,USX,NYB
2018-08-27,101.94999694824219,102.19999694824219,101.94999694824219,101.8499984741211,101.8499984741211,85.0,KC=F,USX,NYB
2018-08-28,101.69999694824219,102.25,100.19999694824219,99.25,99.25,31.0,KC=F,USX,NYB
2018-08-29,99.19999694824219,99.19999694824219,99.19999694824219,98.6500015258789,98.6500015258789,10.0,KC=F,USX,NYB
2018-08-30,98.3499984741211,98.3499984741211,98.3499984741211,98.94999694824219,98.94999694824219,6.0,KC=F,USX,NYB
2018-08-31,98.0999984741211,98.0999984741211,98.0999984741211,98.0999984741211,98.0999984741211,23.0,KC=F,USX,NYB
2018-09-04,96.3499984741211,96.3499984741211,95.5999984741211,97.75,97.75,2.0,KC=F,USX,NYB
2018-09-05,100.0999984741211,100.0999984741211,100.0999984741211,100.0999984741211,100.0999984741211,0.0,KC=F,USX,NYB
2018-09-06,99.05000305175781,99.05000305175781,99.05000305175781,97.94999694824219,97.94999694824219,2.0,KC=F,USX,NYB
2018-09-07,98.80000305175781,98.80000305175781,98.80000305175781,98.80000305175781,98.80000305175781,1.0,KC=F,USX,NYB
2018-09-10,97.5,97.5,97.5,97.5,97.5,0.0,KC=F,USX,NYB
2018-09-11,97.30000305175781,97.30000305175781,97.30000305175781,96.19999694824219,96.19999694824219,3.0,KC=F,USX,NYB
2018-09-12,96.80000305175781,97.80000305175781,96.80000305175781,97.8499984741211,97.8499984741211,2.0,KC=F,USX,NYB
2018-09-13,96.69999694824219,96.69999694824219,96.69999694824219,96.4000015258789,96.4000015258789,1.0,KC=F,USX,NYB
2018-09-14,95.44999694824219,95.44999694824219,95.25,95.44999694824219,95.44999694824219,17.0,KC=F,USX,NYB
2018-09-17,95.0999984741211,95.0999984741211,93.5,93.44999694824219,93.44999694824219,12.0,KC=F,USX,NYB
2018-09-18,92.0,92.0,92.0,92.0,92.0,28765.0,KC=F,USX,NYB
2018-09-19,96.05000305175781,97.19999694824219,95.19999694824219,96.69999694824219,96.69999694824219,15982.0,KC=F,USX,NYB
2018-09-20,96.9000015258789,100.69999694824219,96.6500015258789,99.75,99.75,27252.0,KC=F,USX,NYB
2018-09-21,99.44999694824219,100.75,98.30000305175781,99.9000015258789,99.9000015258789,24101.0,KC=F,USX,NYB
2018-09-24,99.69999694824219,100.0999984741211,97.8499984741211,98.5,98.5,14865.0,KC=F,USX,NYB
2018-09-25,97.80000305175781,98.05000305175781,96.55000305175781,97.0999984741211,97.0999984741211,20376.0,KC=F,USX,NYB
2018-09-26,97.30000305175781,98.5999984741211,96.69999694824219,97.75,97.75,14207.0,KC=F,USX,NYB
2018-09-27,97.69999694824219,99.55000305175781,96.9000015258789,99.30000305175781,99.30000305175781,14171.0,KC=F,USX,NYB
2018-09-28,99.1500015258789,103.44999694824219,98.75,102.44999694824219,102.44999694824219,35308.0,KC=F,USX,NYB
2018-10-01,102.1500015258789,103.44999694824219,101.4000015258789,102.19999694824219,102.19999694824219,26813.0,KC=F,USX,NYB
2018-10-02,102.05000305175781,108.1500015258789,101.0999984741211,107.6500015258789,107.6500015258789,42704.0,KC=F,USX,NYB
2018-10-03,107.6500015258789,110.80000305175781,106.44999694824219,106.5999984741211,106.5999984741211,44012.0,KC=F,USX,NYB
2018-10-04,106.1500015258789,108.80000305175781,104.80000305175781,106.94999694824219,106.94999694824219,28867.0,KC=F,USX,NYB
2018-10-05,106.94999694824219,109.4000015258789,106.75,108.94999694824219,108.94999694824219,23477.0,KC=F,USX,NYB
2018-10-08,110.5999984741211,112.94999694824219,110.44999694824219,111.8499984741211,111.8499984741211,41468.0,KC=F,USX,NYB
2018-10-09,111.94999694824219,113.4000015258789,110.94999694824219,113.1500015258789,113.1500015258789,29786.0,KC=F,USX,NYB
2018-10-10,113.6500015258789,114.19999694824219,111.05000305175781,111.9000015258789,111.9000015258789,31080.0,KC=F,USX,NYB
2018-10-11,111.5,113.5,109.75,112.9000015258789,112.9000015258789,36114.0,KC=F,USX,NYB
2018-10-12,113.5,116.80000305175781,112.55000305175781,116.55000305175781,116.55000305175781,35019.0,KC=F,USX,NYB
2018-10-15,116.9000015258789,119.69999694824219,116.9000015258789,119.3499984741211,119.3499984741211,45589.0,KC=F,USX,NYB
2018-10-16,119.80000305175781,120.0,116.80000305175781,117.6500015258789,117.6500015258789,34202.0,KC=F,USX,NYB
2018-10-17,117.44999694824219,122.9000015258789,117.0,122.55000305175781,122.55000305175781,44354.0,KC=F,USX,NYB
2018-10-18,122.55000305175781,124.30000305175781,120.80000305175781,122.05000305175781,122.05000305175781,42284.0,KC=F,USX,NYB
2018-10-19,121.75,125.5,120.9000015258789,122.0999984741211,122.0999984741211,26895.0,KC=F,USX,NYB
2018-10-22,121.9000015258789,122.0999984741211,117.44999694824219,117.6500015258789,117.6500015258789,24797.0,KC=F,USX,NYB
2018-10-23,117.6500015258789,121.6500015258789,116.3499984741211,121.0999984741211,121.0999984741211,39861.0,KC=F,USX,NYB
2018-10-24,121.0999984741211,124.3499984741211,120.0,120.25,120.25,32361.0,KC=F,USX,NYB
2018-10-25,119.8499984741211,123.0999984741211,119.30000305175781,121.1500015258789,121.1500015258789,28366.0,KC=F,USX,NYB
2018-10-26,121.0,122.80000305175781,119.25,119.6500015258789,119.6500015258789,27882.0,KC=F,USX,NYB
2018-10-29,120.0999984741211,122.80000305175781,113.94999694824219,114.25,114.25,38513.0,KC=F,USX,NYB
2018-10-30,114.69999694824219,115.75,112.1500015258789,112.4000015258789,112.4000015258789,34340.0,KC=F,USX,NYB
2018-10-31,112.3499984741211,113.5,111.3499984741211,112.69999694824219,112.69999694824219,26393.0,KC=F,USX,NYB
2018-11-01,113.05000305175781,118.19999694824219,112.5999984741211,117.80000305175781,117.80000305175781,56232.0,KC=F,USX,NYB
2018-11-02,118.6500015258789,121.30000305175781,118.0999984741211,120.05000305175781,120.05000305175781,35002.0,KC=F,USX,NYB
2018-11-05,119.25,119.30000305175781,116.25,117.0999984741211,117.0999984741211,37591.0,KC=F,USX,NYB
2018-11-06,116.5,117.5,113.0999984741211,113.25,113.25,36467.0,KC=F,USX,NYB
2018-11-07,114.0999984741211,115.9000015258789,113.6500015258789,115.5999984741211,115.5999984741211,34047.0,KC=F,USX,NYB
2018-11-08,115.55000305175781,118.1500015258789,114.55000305175781,116.6500015258789,116.6500015258789,36804.0,KC=F,USX,NYB
2018-11-09,116.25,116.4000015258789,113.69999694824219,113.8499984741211,113.8499984741211,36526.0,KC=F,USX,NYB
2018-11-12,113.8499984741211,113.8499984741211,109.6500015258789,110.1500015258789,110.1500015258789,32465.0,KC=F,USX,NYB
2018-11-13,110.1500015258789,110.25,107.55000305175781,109.19999694824219,109.19999694824219,27423.0,KC=F,USX,NYB
2018-11-14,109.19999694824219,112.94999694824219,108.5999984741211,112.6500015258789,112.6500015258789,19068.0,KC=F,USX,NYB
2018-11-15,112.6500015258789,113.69999694824219,109.4000015258789,110.05000305175781,110.05000305175781,8471.0,KC=F,USX,NYB
2018-11-16,110.30000305175781,112.80000305175781,109.8499984741211,112.5999984741211,112.5999984741211,4505.0,KC=F,USX,NYB
2018-11-19,111.9000015258789,113.0,109.05000305175781,112.3499984741211,112.3499984741211,6655.0,KC=F,USX,NYB
2018-11-20,112.25,112.80000305175781,110.0999984741211,110.6500015258789,110.6500015258789,7709.0,KC=F,USX,NYB
2018-11-21,111.5,111.5,109.75,110.30000305175781,110.30000305175781,144.0,KC=F,USX,NYB
2018-11-23,110.1500015258789,110.1500015258789,106.69999694824219,107.1500015258789,107.1500015258789,463.0,KC=F,USX,NYB
2018-11-26,107.1500015258789,107.55000305175781,106.19999694824219,107.0,107.0,31.0,KC=F,USX,NYB
2018-11-27,107.5,109.80000305175781,107.4000015258789,109.5,109.5,17.0,KC=F,USX,NYB
2018-11-28,108.30000305175781,108.30000305175781,108.30000305175781,110.0999984741211,110.0999984741211,321.0,KC=F,USX,NYB
2018-11-29,110.4000015258789,110.4000015258789,109.30000305175781,108.5,108.5,13.0,KC=F,USX,NYB
2018-11-30,108.5,108.5,104.0,103.25,103.25,38.0,KC=F,USX,NYB
2018-12-03,103.5,103.5,103.5,103.5,103.5,0.0,KC=F,USX,NYB
2018-12-04,102.05000305175781,102.69999694824219,101.9000015258789,101.9000015258789,101.9000015258789,9.0,KC=F,USX,NYB
2018-12-06,100.0,100.0,100.0,100.6500015258789,100.6500015258789,101.0,KC=F,USX,NYB
2018-12-07,98.80000305175781,98.80000305175781,98.80000305175781,98.80000305175781,98.80000305175781,0.0,KC=F,USX,NYB
2018-12-10,100.0,100.25,100.0,100.44999694824219,100.44999694824219,16.0,KC=F,USX,NYB
2018-12-11,100.30000305175781,100.30000305175781,100.30000305175781,97.6500015258789,97.6500015258789,1.0,KC=F,USX,NYB
2018-12-12,98.1500015258789,98.1500015258789,98.1500015258789,97.75,97.75,17.0,KC=F,USX,NYB
2018-12-13,99.25,99.25,98.44999694824219,98.80000305175781,98.80000305175781,23.0,KC=F,USX,NYB
2018-12-14,96.94999694824219,96.94999694824219,96.94999694824219,96.94999694824219,96.94999694824219,0.0,KC=F,USX,NYB
2018-12-17,98.05000305175781,98.05000305175781,96.05000305175781,94.69999694824219,94.69999694824219,44.0,KC=F,USX,NYB
2018-12-18,95.75,95.75,95.75,94.3499984741211,94.3499984741211,16657.0,KC=F,USX,NYB
2018-12-19,99.5,101.9000015258789,98.5999984741211,100.8499984741211,100.8499984741211,19455.0,KC=F,USX,NYB
2018-12-20,100.9000015258789,102.75,100.5,102.5,102.5,16550.0,KC=F,USX,NYB
2018-12-21,102.5,102.6500015258789,99.4000015258789,99.69999694824219,99.69999694824219,14142.0,KC=F,USX,NYB
2018-12-24,99.69999694824219,102.4000015258789,99.6500015258789,102.19999694824219,102.19999694824219,9739.0,KC=F,USX,NYB
2018-12-26,102.19999694824219,104.0,100.3499984741211,103.9000015258789,103.9000015258789,12482.0,KC=F,USX,NYB
2018-12-27,103.69999694824219,103.80000305175781,100.9000015258789,101.75,101.75,15001.0,KC=F,USX,NYB
2018-12-28,101.75,102.75,100.4000015258789,100.94999694824219,100.94999694824219,9441.0,KC=F,USX,NYB
2018-12-31,100.94999694824219,102.0,99.30000305175781,101.8499984741211,101.8499984741211,11741.0,KC=F,USX,NYB
2019-01-02,101.5999984741211,102.6500015258789,99.3499984741211,99.5,99.5,22581.0,KC=F,USX,NYB
2019-01-03,99.5,103.25,99.44999694824219,102.1500015258789,102.1500015258789,22234.0,KC=F,USX,NYB
2019-01-04,102.30000305175781,103.0,100.4000015258789,101.5999984741211,101.5999984741211,16759.0,KC=F,USX,NYB
2019-01-07,101.5,103.44999694824219,101.1500015258789,102.75,102.75,16121.0,KC=F,USX,NYB
2019-01-08,102.9000015258789,106.05000305175781,102.3499984741211,105.05000305175781,105.05000305175781,33528.0,KC=F,USX,NYB
2019-01-09,105.0,106.8499984741211,104.3499984741211,105.30000305175781,105.30000305175781,22391.0,KC=F,USX,NYB
2019-01-10,105.0,106.0,103.3499984741211,104.25,104.25,24567.0,KC=F,USX,NYB
2019-01-11,104.0,104.80000305175781,102.5,103.8499984741211,103.8499984741211,25553.0,KC=F,USX,NYB
2019-01-14,103.4000015258789,103.55000305175781,101.55000305175781,102.75,102.75,17506.0,KC=F,USX,NYB
2019-01-15,102.25,102.9000015258789,100.4000015258789,101.30000305175781,101.30000305175781,21081.0,KC=F,USX,NYB
2019-01-16,100.9000015258789,103.0,100.6500015258789,102.4000015258789,102.4000015258789,22430.0,KC=F,USX,NYB
2019-01-17,102.4000015258789,103.5,101.75,102.4000015258789,102.4000015258789,17797.0,KC=F,USX,NYB
2019-01-18,102.8499984741211,106.19999694824219,102.5999984741211,104.94999694824219,104.94999694824219,28705.0,KC=F,USX,NYB
2019-01-22,104.9000015258789,105.75,102.80000305175781,103.3499984741211,103.3499984741211,20355.0,KC=F,USX,NYB
2019-01-23,102.9000015258789,104.0,102.30000305175781,103.4000015258789,103.4000015258789,17888.0,KC=F,USX,NYB
2019-01-24,103.69999694824219,106.0999984741211,103.05000305175781,105.30000305175781,105.30000305175781,22962.0,KC=F,USX,NYB
2019-01-25,106.0999984741211,107.1500015258789,105.19999694824219,106.80000305175781,106.80000305175781,27293.0,KC=F,USX,NYB
2019-01-28,105.6500015258789,105.80000305175781,101.55000305175781,102.6500015258789,102.6500015258789,32088.0,KC=F,USX,NYB
2019-01-29,103.0,103.30000305175781,102.1500015258789,102.5999984741211,102.5999984741211,16526.0,KC=F,USX,NYB
2019-01-30,102.6500015258789,103.3499984741211,101.94999694824219,102.0999984741211,102.0999984741211,13416.0,KC=F,USX,NYB
2019-01-31,102.30000305175781,106.3499984741211,102.30000305175781,105.9000015258789,105.9000015258789,32011.0,KC=F,USX,NYB
2019-02-01,106.1500015258789,107.0,103.55000305175781,103.69999694824219,103.69999694824219,28424.0,KC=F,USX,NYB
2019-02-04,103.80000305175781,106.3499984741211,103.25,105.5999984741211,105.5999984741211,29040.0,KC=F,USX,NYB
2019-02-05,105.80000305175781,106.19999694824219,104.25,104.8499984741211,104.8499984741211,21497.0,KC=F,USX,NYB
2019-02-06,104.69999694824219,105.9000015258789,104.3499984741211,105.5,105.5,24226.0,KC=F,USX,NYB
2019-02-07,105.19999694824219,105.30000305175781,103.55000305175781,104.30000305175781,104.30000305175781,39477.0,KC=F,USX,NYB
2019-02-08,104.25,104.75,102.25,102.5999984741211,102.5999984741211,42107.0,KC=F,USX,NYB
2019-02-11,102.5999984741211,102.69999694824219,99.8499984741211,100.19999694824219,100.19999694824219,43890.0,KC=F,USX,NYB
2019-02-12,100.19999694824219,101.25,99.9000015258789,100.44999694824219,100.44999694824219,29494.0,KC=F,USX,NYB
2019-02-13,101.0,101.0,98.6500015258789,98.9000015258789,98.9000015258789,30401.0,KC=F,USX,NYB
2019-02-14,98.8499984741211,99.19999694824219,97.05000305175781,97.8499984741211,97.8499984741211,19371.0,KC=F,USX,NYB
2019-02-15,97.80000305175781,98.8499984741211,97.44999694824219,97.94999694824219,97.94999694824219,20843.0,KC=F,USX,NYB
2019-02-19,97.6500015258789,98.30000305175781,96.0999984741211,97.19999694824219,97.19999694824219,21024.0,KC=F,USX,NYB
2019-02-20,97.5999984741211,98.19999694824219,96.0999984741211,97.55000305175781,97.55000305175781,233.0,KC=F,USX,NYB
2019-02-21,97.0,97.3499984741211,96.0,96.0999984741211,96.0999984741211,37.0,KC=F,USX,NYB
2019-02-22,96.5,96.94999694824219,96.44999694824219,96.44999694824219,96.44999694824219,30.0,KC=F,USX,NYB
2019-02-25,96.3499984741211,97.25,96.25,96.4000015258789,96.4000015258789,12.0,KC=F,USX,NYB
2019-02-26,96.4000015258789,96.5,93.5999984741211,93.55000305175781,93.55000305175781,68.0,KC=F,USX,NYB
2019-02-27,93.94999694824219,96.30000305175781,93.94999694824219,95.69999694824219,95.69999694824219,15.0,KC=F,USX,NYB
2019-02-28,94.69999694824219,95.55000305175781,94.69999694824219,95.19999694824219,95.19999694824219,42.0,KC=F,USX,NYB
2019-03-01,97.5,97.5,97.5,96.94999694824219,96.94999694824219,8.0,KC=F,USX,NYB
2019-03-04,96.5,96.5,96.5,94.0999984741211,94.0999984741211,11.0,KC=F,USX,NYB
2019-03-05,96.44999694824219,96.44999694824219,96.44999694824219,96.44999694824219,96.44999694824219,0.0,KC=F,USX,NYB
2019-03-06,95.5,95.5,95.5,95.5,95.5,15.0,KC=F,USX,NYB
2019-03-07,93.6500015258789,93.6500015258789,93.6500015258789,93.6500015258789,93.6500015258789,0.0,KC=F,USX,NYB
2019-03-08,94.5,95.25,94.5,95.30000305175781,95.30000305175781,2.0,KC=F,USX,NYB
2019-03-11,94.0,94.0,94.0,94.0,94.0,0.0,KC=F,USX,NYB
2019-03-12,94.55000305175781,94.55000305175781,94.5,92.80000305175781,92.80000305175781,6.0,KC=F,USX,NYB
2019-03-13,94.44999694824219,94.44999694824219,94.44999694824219,94.44999694824219,94.44999694824219,0.0,KC=F,USX,NYB
2019-03-14,95.30000305175781,95.30000305175781,94.05000305175781,93.94999694824219,93.94999694824219,2.0,KC=F,USX,NYB
2019-03-15,94.5999984741211,94.5999984741211,94.5999984741211,94.5999984741211,94.5999984741211,0.0,KC=F,USX,NYB
2019-03-18,93.6500015258789,93.6500015258789,93.6500015258789,93.6500015258789,93.6500015258789,2.0,KC=F,USX,NYB
2019-03-19,93.44999694824219,93.44999694824219,93.44999694824219,93.44999694824219,93.44999694824219,18257.0,KC=F,USX,NYB
2019-03-20,96.5999984741211,96.80000305175781,94.3499984741211,94.75,94.75,25697.0,KC=F,USX,NYB
2019-03-21,94.8499984741211,96.30000305175781,94.55000305175781,94.80000305175781,94.80000305175781,19178.0,KC=F,USX,NYB
2019-03-22,95.0,95.5,93.6500015258789,93.9000015258789,93.9000015258789,18620.0,KC=F,USX,NYB
2019-03-25,93.6500015258789,94.8499984741211,92.5999984741211,94.25,94.25,23411.0,KC=F,USX,NYB
2019-03-26,94.3499984741211,95.8499984741211,93.94999694824219,95.3499984741211,95.3499984741211,25649.0,KC=F,USX,NYB
2019-03-27,95.05000305175781,96.4000015258789,93.44999694824219,93.8499984741211,93.8499984741211,31551.0,KC=F,USX,NYB
2019-03-28,93.4000015258789,94.5999984741211,92.69999694824219,94.0,94.0,24626.0,KC=F,USX,NYB
2019-03-29,94.25,95.6500015258789,94.19999694824219,94.5,94.5,21993.0,KC=F,USX,NYB
2019-04-01,94.05000305175781,94.80000305175781,91.6500015258789,92.0999984741211,92.0999984741211,41549.0,KC=F,USX,NYB
2019-04-02,92.3499984741211,92.55000305175781,91.25,91.6500015258789,91.6500015258789,23422.0,KC=F,USX,NYB
2019-04-03,91.6500015258789,95.8499984741211,91.30000305175781,95.3499984741211,95.3499984741211,48940.0,KC=F,USX,NYB
2019-04-04,95.19999694824219,96.94999694824219,94.5,95.30000305175781,95.30000305175781,44269.0,KC=F,USX,NYB
2019-04-05,94.80000305175781,95.75,93.05000305175781,93.19999694824219,93.19999694824219,36248.0,KC=F,USX,NYB
2019-04-08,93.19999694824219,93.80000305175781,92.05000305175781,92.94999694824219,92.94999694824219,36671.0,KC=F,USX,NYB
2019-04-09,93.30000305175781,94.8499984741211,93.1500015258789,93.6500015258789,93.6500015258789,49012.0,KC=F,USX,NYB
2019-04-10,93.75,94.5,93.0999984741211,94.25,94.25,29050.0,KC=F,USX,NYB
2019-04-11,94.0999984741211,94.30000305175781,90.1500015258789,90.25,90.25,62750.0,KC=F,USX,NYB
2019-04-12,90.80000305175781,91.1500015258789,89.3499984741211,90.4000015258789,90.4000015258789,34320.0,KC=F,USX,NYB
2019-04-15,90.0,91.69999694824219,89.8499984741211,91.4000015258789,91.4000015258789,37700.0,KC=F,USX,NYB
2019-04-16,91.05000305175781,91.55000305175781,89.80000305175781,90.5,90.5,21262.0,KC=F,USX,NYB
2019-04-17,90.19999694824219,90.75,86.3499984741211,87.05000305175781,87.05000305175781,28360.0,KC=F,USX,NYB
2019-04-18,87.05000305175781,91.5,87.0,90.19999694824219,90.19999694824219,21868.0,KC=F,USX,NYB
2019-04-22,90.5,93.19999694824219,90.5,91.0999984741211,91.0999984741211,583.0,KC=F,USX,NYB
2019-04-23,92.0,92.0,90.0999984741211,91.5,91.5,175.0,KC=F,USX,NYB
2019-04-24,91.6500015258789,92.0,90.25,90.44999694824219,90.44999694824219,158.0,KC=F,USX,NYB
2019-04-25,91.9000015258789,92.0,91.5,92.05000305175781,92.05000305175781,165.0,KC=F,USX,NYB
2019-04-26,92.0,92.4000015258789,91.8499984741211,92.69999694824219,92.69999694824219,33.0,KC=F,USX,NYB
2019-04-29,91.75,91.80000305175781,90.80000305175781,91.3499984741211,91.3499984741211,31.0,KC=F,USX,NYB
2019-04-30,91.3499984741211,93.8499984741211,91.3499984741211,91.8499984741211,91.8499984741211,126.0,KC=F,USX,NYB
2019-05-01,91.69999694824219,91.69999694824219,91.69999694824219,89.80000305175781,89.80000305175781,2.0,KC=F,USX,NYB
2019-05-02,90.25,90.25,90.25,90.25,90.25,0.0,KC=F,USX,NYB
2019-05-03,89.80000305175781,89.80000305175781,89.5999984741211,89.25,89.25,8.0,KC=F,USX,NYB
2019-05-06,88.80000305175781,88.80000305175781,88.80000305175781,88.80000305175781,88.80000305175781,1.0,KC=F,USX,NYB
2019-05-07,87.6500015258789,87.6500015258789,87.0,86.6500015258789,86.6500015258789,26.0,KC=F,USX,NYB
2019-05-08,87.5999984741211,87.5999984741211,87.44999694824219,87.19999694824219,87.19999694824219,7.0,KC=F,USX,NYB
2019-05-09,88.5999984741211,88.5999984741211,87.5,89.5,89.5,4.0,KC=F,USX,NYB
2019-05-10,88.8499984741211,88.8499984741211,88.8499984741211,89.44999694824219,89.44999694824219,1.0,KC=F,USX,NYB
2019-05-13,88.25,88.25,88.25,88.25,88.25,14.0,KC=F,USX,NYB
2019-05-14,89.55000305175781,89.55000305175781,89.55000305175781,89.55000305175781,89.55000305175781,0.0,KC=F,USX,NYB
2019-05-15,89.9000015258789,89.9000015258789,89.9000015258789,89.9000015258789,89.9000015258789,424.0,KC=F,USX,NYB
2019-05-16,89.69999694824219,89.69999694824219,89.69999694824219,90.0,90.0,4.0,KC=F,USX,NYB
2019-05-17,88.05000305175781,88.05000305175781,88.05000305175781,87.3499984741211,87.3499984741211,14.0,KC=F,USX,NYB
2019-05-20,88.1500015258789,88.19999694824219,86.75,88.25,88.25,18331.0,KC=F,USX,NYB
2019-05-21,89.5999984741211,93.3499984741211,88.5,92.9000015258789,92.9000015258789,32743.0,KC=F,USX,NYB
2019-05-22,93.0,93.8499984741211,91.5,91.75,91.75,26851.0,KC=F,USX,NYB
2019-05-23,91.5999984741211,94.0,90.19999694824219,93.5,93.5,31050.0,KC=F,USX,NYB
2019-05-24,93.5,95.0,92.5999984741211,93.30000305175781,93.30000305175781,27971.0,KC=F,USX,NYB
2019-05-28,93.19999694824219,96.44999694824219,92.6500015258789,96.05000305175781,96.05000305175781,37197.0,KC=F,USX,NYB
2019-05-29,96.6500015258789,100.25,95.94999694824219,99.5,99.5,41639.0,KC=F,USX,NYB
2019-05-30,100.1500015258789,102.75,99.5,102.3499984741211,102.3499984741211,51531.0,KC=F,USX,NYB
2019-05-31,102.0999984741211,105.30000305175781,99.05000305175781,104.5999984741211,104.5999984741211,48027.0,KC=F,USX,NYB
2019-06-03,104.8499984741211,105.6500015258789,103.0,103.75,103.75,55877.0,KC=F,USX,NYB
2019-06-04,103.25,106.1500015258789,102.69999694824219,105.6500015258789,105.6500015258789,44230.0,KC=F,USX,NYB
2019-06-05,105.3499984741211,105.5999984741211,97.9000015258789,99.0999984741211,99.0999984741211,61220.0,KC=F,USX,NYB
2019-06-06,99.0,102.55000305175781,98.5999984741211,102.05000305175781,102.05000305175781,36841.0,KC=F,USX,NYB
2019-06-07,102.05000305175781,103.30000305175781,100.05000305175781,100.94999694824219,100.94999694824219,35842.0,KC=F,USX,NYB
2019-06-10,100.1500015258789,100.75,98.0,98.5999984741211,98.5999984741211,46615.0,KC=F,USX,NYB
2019-06-11,98.0999984741211,100.44999694824219,96.8499984741211,97.0,97.0,39908.0,KC=F,USX,NYB
2019-06-12,97.1500015258789,99.19999694824219,96.75,99.05000305175781,99.05000305175781,33308.0,KC=F,USX,NYB
2019-06-13,99.0999984741211,99.69999694824219,97.30000305175781,97.3499984741211,97.3499984741211,32305.0,KC=F,USX,NYB
2019-06-14,97.4000015258789,98.0,95.8499984741211,96.0,96.0,28932.0,KC=F,USX,NYB
2019-06-17,95.80000305175781,96.80000305175781,94.8499984741211,96.05000305175781,96.05000305175781,20630.0,KC=F,USX,NYB
2019-06-18,95.8499984741211,96.0,94.0,94.30000305175781,94.30000305175781,11813.0,KC=F,USX,NYB
2019-06-19,94.44999694824219,97.44999694824219,94.3499984741211,96.25,96.25,10831.0,KC=F,USX,NYB
2019-06-20,98.0,101.0999984741211,98.0,101.05000305175781,101.05000305175781,1254.0,KC=F,USX,NYB
2019-06-21,102.05000305175781,102.05000305175781,99.4000015258789,99.80000305175781,99.80000305175781,278.0,KC=F,USX,NYB
2019-06-24,99.30000305175781,102.4000015258789,99.0,102.0,102.0,218.0,KC=F,USX,NYB
2019-06-25,103.0,105.3499984741211,103.0,106.44999694824219,106.44999694824219,94.0,KC=F,USX,NYB
2019-06-26,104.69999694824219,107.1500015258789,104.44999694824219,104.9000015258789,104.9000015258789,49.0,KC=F,USX,NYB
2019-06-27,105.19999694824219,105.80000305175781,105.0,105.55000305175781,105.55000305175781,16.0,KC=F,USX,NYB
2019-06-28,106.9000015258789,109.0,106.3499984741211,108.25,108.25,50.0,KC=F,USX,NYB
2019-07-01,112.55000305175781,112.55000305175781,109.5999984741211,110.1500015258789,110.1500015258789,47.0,KC=F,USX,NYB
2019-07-02,110.3499984741211,110.3499984741211,108.5999984741211,108.25,108.25,88.0,KC=F,USX,NYB
2019-07-03,110.0999984741211,112.1500015258789,108.30000305175781,112.25,112.25,5.0,KC=F,USX,NYB
2019-07-05,112.55000305175781,112.55000305175781,110.4000015258789,109.44999694824219,109.44999694824219,15.0,KC=F,USX,NYB
2019-07-08,113.05000305175781,113.05000305175781,105.5,104.75,104.75,27.0,KC=F,USX,NYB
2019-07-09,105.9000015258789,105.9000015258789,105.9000015258789,105.9000015258789,105.9000015258789,0.0,KC=F,USX,NYB
2019-07-10,104.3499984741211,104.3499984741211,104.3499984741211,104.3499984741211,104.3499984741211,2.0,KC=F,USX,NYB
2019-07-11,106.05000305175781,106.05000305175781,106.05000305175781,105.5,105.5,1.0,KC=F,USX,NYB
2019-07-12,105.19999694824219,105.19999694824219,105.19999694824219,105.19999694824219,105.19999694824219,1.0,KC=F,USX,NYB
2019-07-15,108.80000305175781,108.80000305175781,108.80000305175781,108.80000305175781,108.80000305175781,0.0,KC=F,USX,NYB
2019-07-16,104.0999984741211,104.0999984741211,104.0999984741211,104.0999984741211,104.0999984741211,6.0,KC=F,USX,NYB
2019-07-17,105.94999694824219,105.94999694824219,105.94999694824219,105.94999694824219,105.94999694824219,2.0,KC=F,USX,NYB
2019-07-18,105.30000305175781,105.30000305175781,105.30000305175781,107.1500015258789,107.1500015258789,2.0,KC=F,USX,NYB
2019-07-19,105.8499984741211,105.8499984741211,105.8499984741211,105.8499984741211,105.8499984741211,22377.0,KC=F,USX,NYB
2019-07-22,106.69999694824219,108.0,105.0,105.0999984741211,105.0999984741211,19290.0,KC=F,USX,NYB
2019-07-23,105.1500015258789,105.5999984741211,102.1500015258789,102.30000305175781,102.30000305175781,26107.0,KC=F,USX,NYB
2019-07-24,102.44999694824219,103.6500015258789,100.55000305175781,101.0,101.0,31143.0,KC=F,USX,NYB
2019-07-25,101.3499984741211,101.6500015258789,100.30000305175781,100.6500015258789,100.6500015258789,20320.0,KC=F,USX,NYB
2019-07-26,100.5999984741211,102.6500015258789,99.05000305175781,99.75,99.75,27622.0,KC=F,USX,NYB
2019-07-29,99.75,102.44999694824219,98.75,101.1500015258789,101.1500015258789,25632.0,KC=F,USX,NYB
2019-07-30,101.05000305175781,101.1500015258789,98.80000305175781,99.5,99.5,19260.0,KC=F,USX,NYB
2019-07-31,99.0999984741211,100.44999694824219,98.0999984741211,99.6500015258789,99.6500015258789,24465.0,KC=F,USX,NYB
2019-08-01,97.8499984741211,98.44999694824219,96.4000015258789,97.25,97.25,24406.0,KC=F,USX,NYB
2019-08-02,97.1500015258789,98.94999694824219,96.75,98.1500015258789,98.1500015258789,24201.0,KC=F,USX,NYB
2019-08-05,98.30000305175781,98.69999694824219,94.30000305175781,95.6500015258789,95.6500015258789,24429.0,KC=F,USX,NYB
2019-08-06,95.75,97.75,95.19999694824219,97.05000305175781,97.05000305175781,26450.0,KC=F,USX,NYB
2019-08-07,96.80000305175781,97.69999694824219,96.05000305175781,96.9000015258789,96.9000015258789,25949.0,KC=F,USX,NYB
2019-08-08,97.4000015258789,98.9000015258789,96.55000305175781,97.4000015258789,97.4000015258789,35696.0,KC=F,USX,NYB
2019-08-09,97.19999694824219,98.0999984741211,96.6500015258789,97.30000305175781,97.30000305175781,31111.0,KC=F,USX,NYB
2019-08-12,97.19999694824219,97.25,93.4000015258789,93.75,93.75,40125.0,KC=F,USX,NYB
2019-08-13,93.69999694824219,96.5999984741211,93.1500015258789,96.3499984741211,96.3499984741211,30652.0,KC=F,USX,NYB
2019-08-14,95.8499984741211,96.4000015258789,94.0,94.44999694824219,94.44999694824219,17294.0,KC=F,USX,NYB
2019-08-15,94.4000015258789,95.69999694824219,94.1500015258789,94.55000305175781,94.55000305175781,11795.0,KC=F,USX,NYB
2019-08-16,94.9000015258789,95.05000305175781,92.5999984741211,92.8499984741211,92.8499984741211,5806.0,KC=F,USX,NYB
2019-08-19,92.80000305175781,93.6500015258789,91.05000305175781,91.1500015258789,91.1500015258789,8234.0,KC=F,USX,NYB
2019-08-20,91.3499984741211,91.80000305175781,89.5999984741211,91.44999694824219,91.44999694824219,12093.0,KC=F,USX,NYB
2019-08-21,91.6500015258789,93.8499984741211,91.6500015258789,92.8499984741211,92.8499984741211,16534.0,KC=F,USX,NYB
2019-08-22,93.1500015258789,93.5999984741211,92.25,93.5,93.5,114.0,KC=F,USX,NYB
2019-08-23,92.8499984741211,92.8499984741211,92.0,92.5999984741211,92.5999984741211,21.0,KC=F,USX,NYB
2019-08-26,92.1500015258789,94.8499984741211,92.1500015258789,94.1500015258789,94.1500015258789,28.0,KC=F,USX,NYB
2019-08-27,93.8499984741211,93.8499984741211,93.4000015258789,93.80000305175781,93.80000305175781,9.0,KC=F,USX,NYB
2019-08-28,93.0,93.9000015258789,92.8499984741211,94.19999694824219,94.19999694824219,8.0,KC=F,USX,NYB
2019-08-29,93.3499984741211,93.3499984741211,93.3499984741211,91.9000015258789,91.9000015258789,13.0,KC=F,USX,NYB
2019-08-30,93.30000305175781,93.30000305175781,93.30000305175781,93.5999984741211,93.5999984741211,8.0,KC=F,USX,NYB
2019-09-03,92.3499984741211,92.3499984741211,92.3499984741211,92.3499984741211,92.3499984741211,5.0,KC=F,USX,NYB
2019-09-04,93.4000015258789,93.4000015258789,93.4000015258789,93.4000015258789,93.4000015258789,4.0,KC=F,USX,NYB
2019-09-05,92.19999694824219,92.19999694824219,92.19999694824219,92.19999694824219,92.19999694824219,0.0,KC=F,USX,NYB
2019-09-06,93.8499984741211,93.8499984741211,93.8499984741211,93.8499984741211,93.8499984741211,0.0,KC=F,USX,NYB
2019-09-09,95.0,95.0,95.0,95.0,95.0,3.0,KC=F,USX,NYB
2019-09-10,98.3499984741211,98.3499984741211,98.3499984741211,98.3499984741211,98.3499984741211,0.0,KC=F,USX,NYB
2019-09-11,101.1500015258789,101.1500015258789,101.1500015258789,100.1500015258789,100.1500015258789,1.0,KC=F,USX,NYB
2019-09-12,100.3499984741211,100.3499984741211,100.3499984741211,100.3499984741211,100.3499984741211,0.0,KC=F,USX,NYB
2019-09-13,99.5,99.5,99.5,99.5,99.5,0.0,KC=F,USX,NYB
2019-09-16,100.80000305175781,100.80000305175781,100.80000305175781,100.80000305175781,100.80000305175781,4.0,KC=F,USX,NYB
2019-09-17,96.8499984741211,96.8499984741211,96.8499984741211,96.8499984741211,96.8499984741211,0.0,KC=F,USX,NYB
2019-09-18,96.8499984741211,96.8499984741211,96.8499984741211,96.8499984741211,96.8499984741211,18258.0,KC=F,USX,NYB
2019-09-19,100.3499984741211,100.75,98.0999984741211,98.3499984741211,98.3499984741211,17599.0,KC=F,USX,NYB
2019-09-20,98.5,99.75,98.05000305175781,98.4000015258789,98.4000015258789,22016.0,KC=F,USX,NYB
2019-09-23,98.5,100.9000015258789,98.1500015258789,99.0,99.0,17158.0,KC=F,USX,NYB
2019-09-24,98.8499984741211,100.3499984741211,98.44999694824219,99.1500015258789,99.1500015258789,13620.0,KC=F,USX,NYB
2019-09-25,98.9000015258789,101.55000305175781,97.25,100.94999694824219,100.94999694824219,24939.0,KC=F,USX,NYB
2019-09-26,101.4000015258789,102.9000015258789,100.05000305175781,100.8499984741211,100.8499984741211,17306.0,KC=F,USX,NYB
2019-09-27,100.5,101.9000015258789,100.4000015258789,100.9000015258789,100.9000015258789,14126.0,KC=F,USX,NYB
2019-09-30,100.5,102.44999694824219,99.30000305175781,101.1500015258789,101.1500015258789,21746.0,KC=F,USX,NYB
2019-10-01,101.05000305175781,101.5999984741211,99.6500015258789,101.3499984741211,101.3499984741211,16903.0,KC=F,USX,NYB
2019-10-02,101.0,101.69999694824219,100.1500015258789,100.5999984741211,100.5999984741211,13658.0,KC=F,USX,NYB
2019-10-03,100.5,102.9000015258789,99.1500015258789,102.05000305175781,102.05000305175781,21305.0,KC=F,USX,NYB
2019-10-04,102.05000305175781,102.5,98.5,99.0,99.0,23556.0,KC=F,USX,NYB
2019-10-07,98.9000015258789,99.1500015258789,96.5999984741211,97.0,97.0,30596.0,KC=F,USX,NYB
2019-10-08,97.0999984741211,97.80000305175781,95.5,95.69999694824219,95.69999694824219,24754.0,KC=F,USX,NYB
2019-10-09,95.6500015258789,96.5999984741211,95.05000305175781,95.44999694824219,95.44999694824219,18927.0,KC=F,USX,NYB
2019-10-10,95.5999984741211,96.0999984741211,93.05000305175781,93.5,93.5,31307.0,KC=F,USX,NYB
2019-10-11,94.25,94.3499984741211,92.19999694824219,93.69999694824219,93.69999694824219,30548.0,KC=F,USX,NYB
2019-10-14,93.5,95.5999984741211,93.4000015258789,94.8499984741211,94.8499984741211,20416.0,KC=F,USX,NYB
2019-10-15,94.9000015258789,95.4000015258789,93.94999694824219,94.44999694824219,94.44999694824219,23097.0,KC=F,USX,NYB
2019-10-16,94.05000305175781,94.4000015258789,92.25,93.55000305175781,93.55000305175781,22369.0,KC=F,USX,NYB
2019-10-17,93.44999694824219,94.69999694824219,92.3499984741211,92.9000015258789,92.9000015258789,19941.0,KC=F,USX,NYB
2019-10-18,92.6500015258789,96.19999694824219,92.55000305175781,95.69999694824219,95.69999694824219,24920.0,KC=F,USX,NYB
2019-10-21,96.05000305175781,97.0,94.5,96.3499984741211,96.3499984741211,22191.0,KC=F,USX,NYB
2019-10-22,95.55000305175781,99.0999984741211,95.55000305175781,98.9000015258789,98.9000015258789,25210.0,KC=F,USX,NYB
2019-10-23,98.80000305175781,98.9000015258789,97.4000015258789,97.75,97.75,18746.0,KC=F,USX,NYB
2019-10-24,97.75,98.44999694824219,96.0,96.44999694824219,96.44999694824219,20092.0,KC=F,USX,NYB
2019-10-25,95.6500015258789,99.8499984741211,95.6500015258789,99.44999694824219,99.44999694824219,31372.0,KC=F,USX,NYB
2019-10-28,99.1500015258789,100.80000305175781,98.19999694824219,100.5,100.5,26594.0,KC=F,USX,NYB
2019-10-29,100.5,101.80000305175781,98.69999694824219,98.94999694824219,98.94999694824219,30089.0,KC=F,USX,NYB
2019-10-30,98.69999694824219,100.3499984741211,97.05000305175781,99.3499984741211,99.3499984741211,26926.0,KC=F,USX,NYB
2019-10-31,99.4000015258789,102.25,99.4000015258789,101.94999694824219,101.94999694824219,30196.0,KC=F,USX,NYB
2019-11-01,102.1500015258789,104.30000305175781,101.0999984741211,104.0,104.0,31183.0,KC=F,USX,NYB
2019-11-04,104.0,104.75,102.6500015258789,103.6500015258789,103.6500015258789,41525.0,KC=F,USX,NYB
2019-11-05,103.55000305175781,106.05000305175781,102.80000305175781,105.80000305175781,105.80000305175781,42922.0,KC=F,USX,NYB
2019-11-06,105.80000305175781,108.19999694824219,105.05000305175781,108.0,108.0,52731.0,KC=F,USX,NYB
2019-11-07,107.8499984741211,109.5999984741211,106.8499984741211,109.0999984741211,109.0999984741211,54063.0,KC=F,USX,NYB
2019-11-08,108.75,109.9000015258789,108.30000305175781,109.44999694824219,109.44999694824219,38484.0,KC=F,USX,NYB
2019-11-11,108.30000305175781,108.9000015258789,105.5,106.0,106.0,41346.0,KC=F,USX,NYB
2019-11-12,106.1500015258789,107.44999694824219,104.80000305175781,105.5999984741211,105.5999984741211,30605.0,KC=F,USX,NYB
2019-11-13,105.6500015258789,108.19999694824219,105.55000305175781,107.94999694824219,107.94999694824219,25674.0,KC=F,USX,NYB
2019-11-14,108.0999984741211,109.55000305175781,106.5999984741211,108.05000305175781,108.05000305175781,14840.0,KC=F,USX,NYB
2019-11-15,107.5999984741211,107.9000015258789,105.5999984741211,106.1500015258789,106.1500015258789,10116.0,KC=F,USX,NYB
2019-11-18,105.55000305175781,107.19999694824219,105.1500015258789,105.55000305175781,105.55000305175781,18912.0,KC=F,USX,NYB
2019-11-19,105.30000305175781,106.5999984741211,102.5,102.69999694824219,102.69999694824219,19432.0,KC=F,USX,NYB
2019-11-20,105.9000015258789,109.80000305175781,105.44999694824219,109.69999694824219,109.69999694824219,544.0,KC=F,USX,NYB
2019-11-21,109.30000305175781,115.75,108.0999984741211,115.25,115.25,91.0,KC=F,USX,NYB
2019-11-22,114.19999694824219,114.5,113.9000015258789,114.5999984741211,114.5999984741211,61.0,KC=F,USX,NYB
2019-11-25,114.44999694824219,117.80000305175781,114.44999694824219,117.80000305175781,117.80000305175781,28.0,KC=F,USX,NYB
2019-11-26,117.75,117.75,115.0,115.69999694824219,115.69999694824219,19.0,KC=F,USX,NYB
2019-11-27,117.30000305175781,117.30000305175781,117.30000305175781,117.30000305175781,117.30000305175781,9.0,KC=F,USX,NYB
2019-11-29,117.94999694824219,118.0,117.94999694824219,118.55000305175781,118.55000305175781,63.0,KC=F,USX,NYB
2019-12-02,118.0,122.0,118.0,121.5,121.5,35.0,KC=F,USX,NYB
2019-12-03,121.75,123.5,121.75,122.8499984741211,122.8499984741211,6.0,KC=F,USX,NYB
2019-12-04,123.19999694824219,123.3499984741211,120.94999694824219,120.5999984741211,120.5999984741211,26.0,KC=F,USX,NYB
2019-12-05,121.44999694824219,124.4000015258789,121.44999694824219,123.94999694824219,123.94999694824219,77.0,KC=F,USX,NYB
2019-12-06,125.0999984741211,126.1500015258789,123.0,123.69999694824219,123.69999694824219,31.0,KC=F,USX,NYB
2019-12-09,128.25,128.25,128.25,127.30000305175781,127.30000305175781,1.0,KC=F,USX,NYB
2019-12-10,129.60000610351562,130.85000610351562,129.60000610351562,132.0500030517578,132.0500030517578,39.0,KC=F,USX,NYB
2019-12-11,134.4499969482422,134.4499969482422,134.4499969482422,133.85000610351562,133.85000610351562,35.0,KC=F,USX,NYB
2019-12-12,135.1999969482422,137.0,134.85000610351562,135.89999389648438,135.89999389648438,8.0,KC=F,USX,NYB
2019-12-13,138.1999969482422,138.39999389648438,134.5500030517578,129.4499969482422,129.4499969482422,62.0,KC=F,USX,NYB
2019-12-16,135.85000610351562,135.85000610351562,135.85000610351562,135.8000030517578,135.8000030517578,2.0,KC=F,USX,NYB
2019-12-17,132.89999389648438,132.89999389648438,131.89999389648438,132.1999969482422,132.1999969482422,17.0,KC=F,USX,NYB
2019-12-18,131.6999969482422,131.6999969482422,131.6999969482422,131.6999969482422,131.6999969482422,33001.0,KC=F,USX,NYB
2019-12-19,133.35000610351562,133.35000610351562,126.19999694824219,127.19999694824219,127.19999694824219,30472.0,KC=F,USX,NYB
2019-12-20,126.9000015258789,131.0500030517578,126.30000305175781,130.6999969482422,130.6999969482422,19029.0,KC=F,USX,NYB
2019-12-23,130.39999389648438,131.5,124.9000015258789,125.30000305175781,125.30000305175781,23911.0,KC=F,USX,NYB
2019-12-24,126.05000305175781,130.64999389648438,125.3499984741211,129.39999389648438,129.39999389648438,15388.0,KC=F,USX,NYB
2019-12-26,129.39999389648438,129.85000610351562,126.6500015258789,127.30000305175781,127.30000305175781,8886.0,KC=F,USX,NYB
2019-12-27,127.8499984741211,132.8000030517578,127.6500015258789,132.5,132.5,23561.0,KC=F,USX,NYB
2019-12-30,132.5,132.75,129.8000030517578,132.14999389648438,132.14999389648438,15437.0,KC=F,USX,NYB
2019-12-31,131.5,134.64999389648438,128.5500030517578,129.6999969482422,129.6999969482422,18416.0,KC=F,USX,NYB
2020-01-02,129.5500030517578,130.9499969482422,126.5,127.0999984741211,127.0999984741211,21506.0,KC=F,USX,NYB
2020-01-03,127.19999694824219,128.4499969482422,125.44999694824219,126.3499984741211,126.3499984741211,16566.0,KC=F,USX,NYB
2020-01-06,126.25,126.55000305175781,121.55000305175781,122.1500015258789,122.1500015258789,24428.0,KC=F,USX,NYB
2020-01-07,122.5999984741211,123.4000015258789,119.8499984741211,122.4000015258789,122.4000015258789,21308.0,KC=F,USX,NYB
2020-01-08,122.5,123.05000305175781,118.25,119.1500015258789,119.1500015258789,23061.0,KC=F,USX,NYB
2020-01-09,118.69999694824219,120.3499984741211,117.0,117.3499984741211,117.3499984741211,24637.0,KC=F,USX,NYB
2020-01-10,117.75,119.1500015258789,116.5,118.94999694824219,118.94999694824219,21165.0,KC=F,USX,NYB
2020-01-13,118.55000305175781,118.55000305175781,114.1500015258789,114.55000305175781,114.55000305175781,22280.0,KC=F,USX,NYB
2020-01-14,115.0,115.55000305175781,113.69999694824219,114.9000015258789,114.9000015258789,18618.0,KC=F,USX,NYB
2020-01-15,115.30000305175781,116.3499984741211,114.05000305175781,114.30000305175781,114.30000305175781,24677.0,KC=F,USX,NYB
2020-01-16,114.30000305175781,115.0999984741211,112.3499984741211,112.94999694824219,112.94999694824219,16708.0,KC=F,USX,NYB
2020-01-17,113.05000305175781,113.4000015258789,111.3499984741211,112.1500015258789,112.1500015258789,18214.0,KC=F,USX,NYB
2020-01-21,111.5,113.25,109.75,111.05000305175781,111.05000305175781,32011.0,KC=F,USX,NYB
2020-01-22,111.5,112.19999694824219,110.0999984741211,111.0,111.0,18581.0,KC=F,USX,NYB
2020-01-23,111.1500015258789,113.69999694824219,110.6500015258789,112.5999984741211,112.5999984741211,22898.0,KC=F,USX,NYB
2020-01-24,112.5999984741211,112.6500015258789,109.8499984741211,110.1500015258789,110.1500015258789,23990.0,KC=F,USX,NYB
2020-01-27,110.0,110.0,106.1500015258789,106.5999984741211,106.5999984741211,25500.0,KC=F,USX,NYB
2020-01-28,106.4000015258789,106.80000305175781,104.9000015258789,105.05000305175781,105.05000305175781,23885.0,KC=F,USX,NYB
2020-01-29,106.0,106.19999694824219,101.9000015258789,102.05000305175781,102.05000305175781,32681.0,KC=F,USX,NYB
2020-01-30,102.0,103.5,100.9000015258789,101.5,101.5,24626.0,KC=F,USX,NYB
2020-01-31,101.44999694824219,103.25,100.1500015258789,102.6500015258789,102.6500015258789,23166.0,KC=F,USX,NYB
2020-02-03,102.0,102.30000305175781,97.80000305175781,97.9000015258789,97.9000015258789,31237.0,KC=F,USX,NYB
2020-02-04,98.94999694824219,101.75,97.5999984741211,98.1500015258789,98.1500015258789,29518.0,KC=F,USX,NYB
2020-02-05,98.5,99.25,97.55000305175781,97.75,97.75,29230.0,KC=F,USX,NYB
2020-02-06,98.44999694824219,99.3499984741211,97.4000015258789,98.1500015258789,98.1500015258789,34189.0,KC=F,USX,NYB
2020-02-07,98.3499984741211,99.9000015258789,97.69999694824219,98.3499984741211,98.3499984741211,23661.0,KC=F,USX,NYB
2020-02-10,98.55000305175781,100.69999694824219,98.05000305175781,100.30000305175781,100.30000305175781,45770.0,KC=F,USX,NYB
2020-02-11,100.6500015258789,101.19999694824219,99.5,100.5,100.5,36364.0,KC=F,USX,NYB
2020-02-12,101.0,102.30000305175781,100.0,100.6500015258789,100.6500015258789,36213.0,KC=F,USX,NYB
2020-02-13,100.5,104.6500015258789,99.94999694824219,104.44999694824219,104.44999694824219,28558.0,KC=F,USX,NYB
2020-02-14,104.1500015258789,109.4000015258789,103.6500015258789,109.0999984741211,109.0999984741211,10502.0,KC=F,USX,NYB
2020-02-18,109.69999694824219,111.5,104.4000015258789,106.55000305175781,106.55000305175781,14616.0,KC=F,USX,NYB
2020-02-19,106.30000305175781,107.75,105.5,106.80000305175781,106.80000305175781,17063.0,KC=F,USX,NYB
2020-02-20,107.05000305175781,107.05000305175781,104.0,103.5999984741211,103.5999984741211,721.0,KC=F,USX,NYB
2020-02-21,104.5999984741211,109.69999694824219,104.5999984741211,108.8499984741211,108.8499984741211,26.0,KC=F,USX,NYB
2020-02-24,105.44999694824219,107.05000305175781,102.9000015258789,105.9000015258789,105.9000015258789,878.0,KC=F,USX,NYB
2020-02-25,106.44999694824219,107.69999694824219,103.9000015258789,107.0999984741211,107.0999984741211,104.0,KC=F,USX,NYB
2020-02-26,105.3499984741211,109.3499984741211,105.3499984741211,109.0999984741211,109.0999984741211,17.0,KC=F,USX,NYB
2020-02-27,109.9000015258789,110.80000305175781,107.80000305175781,108.19999694824219,108.19999694824219,412.0,KC=F,USX,NYB
2020-02-28,107.75,109.94999694824219,107.75,110.0999984741211,110.0999984741211,110.0,KC=F,USX,NYB
2020-03-02,112.75,113.69999694824219,112.75,114.6500015258789,114.6500015258789,17.0,KC=F,USX,NYB
2020-03-03,118.69999694824219,120.75,118.30000305175781,121.05000305175781,121.05000305175781,119.0,KC=F,USX,NYB
2020-03-04,118.8499984741211,118.8499984741211,118.8499984741211,117.1500015258789,117.1500015258789,62.0,KC=F,USX,NYB
2020-03-05,115.0,115.44999694824219,115.0,109.8499984741211,109.8499984741211,82.0,KC=F,USX,NYB
2020-03-06,105.5999984741211,106.19999694824219,105.5999984741211,105.5999984741211,105.5999984741211,42.0,KC=F,USX,NYB
2020-03-09,103.69999694824219,109.6500015258789,103.69999694824219,108.94999694824219,108.94999694824219,36.0,KC=F,USX,NYB
2020-03-10,111.30000305175781,114.44999694824219,111.30000305175781,114.25,114.25,92.0,KC=F,USX,NYB
2020-03-11,111.55000305175781,111.55000305175781,111.55000305175781,111.55000305175781,111.55000305175781,12.0,KC=F,USX,NYB
2020-03-12,109.1500015258789,109.1500015258789,109.1500015258789,109.1500015258789,109.1500015258789,100.0,KC=F,USX,NYB
2020-03-13,111.1500015258789,111.3499984741211,107.5,107.05000305175781,107.05000305175781,62.0,KC=F,USX,NYB
2020-03-16,107.05000305175781,107.05000305175781,104.8499984741211,103.9000015258789,103.9000015258789,4.0,KC=F,USX,NYB
2020-03-17,104.4000015258789,104.4000015258789,102.80000305175781,102.9000015258789,102.9000015258789,13.0,KC=F,USX,NYB
2020-03-18,108.19999694824219,108.19999694824219,108.19999694824219,108.05000305175781,108.05000305175781,18.0,KC=F,USX,NYB
2020-03-19,114.1500015258789,114.1500015258789,111.5,116.6500015258789,116.6500015258789,23503.0,KC=F,USX,NYB
2020-03-20,114.0,120.05000305175781,114.0,119.69999694824219,119.69999694824219,24830.0,KC=F,USX,NYB
2020-03-23,120.6500015258789,124.9000015258789,116.5999984741211,121.25,121.25,26987.0,KC=F,USX,NYB
2020-03-24,121.44999694824219,126.05000305175781,120.80000305175781,125.5999984741211,125.5999984741211,21152.0,KC=F,USX,NYB
2020-03-25,126.19999694824219,130.39999389648438,122.3499984741211,129.9499969482422,129.9499969482422,25571.0,KC=F,USX,NYB
2020-03-26,128.39999389648438,130.64999389648438,124.05000305175781,124.6500015258789,124.6500015258789,17978.0,KC=F,USX,NYB
2020-03-27,123.3499984741211,123.3499984741211,115.6500015258789,115.8499984741211,115.8499984741211,19516.0,KC=F,USX,NYB
2020-03-30,116.19999694824219,120.8499984741211,116.19999694824219,119.30000305175781,119.30000305175781,14430.0,KC=F,USX,NYB
2020-03-31,118.6500015258789,120.4000015258789,116.4000015258789,119.55000305175781,119.55000305175781,14185.0,KC=F,USX,NYB
2020-04-01,117.75,119.0,114.0999984741211,116.0,116.0,17245.0,KC=F,USX,NYB
2020-04-02,116.8499984741211,120.0999984741211,116.5999984741211,119.3499984741211,119.3499984741211,17216.0,KC=F,USX,NYB
2020-04-03,118.55000305175781,119.19999694824219,114.30000305175781,114.9000015258789,114.9000015258789,15077.0,KC=F,USX,NYB
2020-04-06,114.8499984741211,117.80000305175781,112.4000015258789,116.6500015258789,116.6500015258789,18789.0,KC=F,USX,NYB
2020-04-07,117.05000305175781,120.9000015258789,117.0,119.9000015258789,119.9000015258789,22940.0,KC=F,USX,NYB
2020-04-08,120.0,120.75,118.05000305175781,119.80000305175781,119.80000305175781,20568.0,KC=F,USX,NYB
2020-04-09,120.0,122.0,116.9000015258789,118.5999984741211,118.5999984741211,20277.0,KC=F,USX,NYB
2020-04-13,118.94999694824219,120.5999984741211,116.5999984741211,119.75,119.75,14231.0,KC=F,USX,NYB
2020-04-14,119.9000015258789,120.3499984741211,115.75,117.19999694824219,117.19999694824219,14615.0,KC=F,USX,NYB
2020-04-15,117.0,121.19999694824219,114.5999984741211,120.19999694824219,120.19999694824219,9063.0,KC=F,USX,NYB
2020-04-16,119.8499984741211,120.8499984741211,117.9000015258789,118.5999984741211,118.5999984741211,7041.0,KC=F,USX,NYB
2020-04-17,118.30000305175781,119.5999984741211,115.69999694824219,116.05000305175781,116.05000305175781,10691.0,KC=F,USX,NYB
2020-04-20,116.30000305175781,116.75,113.05000305175781,113.6500015258789,113.6500015258789,5968.0,KC=F,USX,NYB
2020-04-21,113.0,113.55000305175781,109.3499984741211,109.6500015258789,109.6500015258789,8794.0,KC=F,USX,NYB
2020-04-22,109.6500015258789,112.0999984741211,109.6500015258789,110.5999984741211,110.5999984741211,124.0,KC=F,USX,NYB
2020-04-23,112.0,113.5999984741211,110.6500015258789,111.05000305175781,111.05000305175781,39.0,KC=F,USX,NYB
2020-04-24,109.44999694824219,109.44999694824219,105.0,105.19999694824219,105.19999694824219,35.0,KC=F,USX,NYB
2020-04-27,107.0,107.0,104.30000305175781,104.5999984741211,104.5999984741211,32.0,KC=F,USX,NYB
2020-04-28,105.69999694824219,105.69999694824219,105.69999694824219,105.69999694824219,105.69999694824219,113.0,KC=F,USX,NYB
2020-04-29,104.05000305175781,104.0999984741211,103.5,103.6500015258789,103.6500015258789,16.0,KC=F,USX,NYB
2020-04-30,103.75,104.0999984741211,102.6500015258789,104.6500015258789,104.6500015258789,14.0,KC=F,USX,NYB
2020-05-01,104.25,104.25,103.69999694824219,104.44999694824219,104.44999694824219,2.0,KC=F,USX,NYB
2020-05-04,103.9000015258789,103.9000015258789,103.4000015258789,105.55000305175781,105.55000305175781,0.0,KC=F,USX,NYB
2020-05-05,108.30000305175781,108.30000305175781,108.30000305175781,108.8499984741211,108.8499984741211,49.0,KC=F,USX,NYB
2020-05-06,107.80000305175781,109.1500015258789,107.75,109.3499984741211,109.3499984741211,6.0,KC=F,USX,NYB
2020-05-07,107.0,107.0,104.5999984741211,107.44999694824219,107.44999694824219,4.0,KC=F,USX,NYB
2020-05-08,108.25,109.4000015258789,108.25,110.0999984741211,110.0999984741211,2.0,KC=F,USX,NYB
2020-05-11,108.19999694824219,108.19999694824219,108.19999694824219,108.94999694824219,108.94999694824219,10.0,KC=F,USX,NYB
2020-05-12,107.75,107.75,107.75,105.5999984741211,105.5999984741211,1.0,KC=F,USX,NYB
2020-05-13,104.5,104.5,103.6500015258789,103.55000305175781,103.55000305175781,57.0,KC=F,USX,NYB
2020-05-14,105.3499984741211,105.3499984741211,105.3499984741211,104.9000015258789,104.9000015258789,4.0,KC=F,USX,NYB
2020-05-15,105.0,105.0,105.0,104.80000305175781,104.80000305175781,1.0,KC=F,USX,NYB
2020-05-18,105.69999694824219,105.69999694824219,105.69999694824219,105.69999694824219,105.69999694824219,17327.0,KC=F,USX,NYB
2020-05-19,107.5,108.69999694824219,106.30000305175781,107.05000305175781,107.05000305175781,11518.0,KC=F,USX,NYB
2020-05-20,106.75,107.6500015258789,105.30000305175781,105.6500015258789,105.6500015258789,12399.0,KC=F,USX,NYB
2020-05-21,105.75,106.75,104.19999694824219,104.75,104.75,19211.0,KC=F,USX,NYB
2020-05-22,104.75,105.1500015258789,102.3499984741211,103.5999984741211,103.5999984741211,0.0,KC=F,USX,NYB
2020-05-26,104.6500015258789,107.0999984741211,104.19999694824219,105.0999984741211,105.0999984741211,18345.0,KC=F,USX,NYB
2020-05-27,105.1500015258789,106.0,101.44999694824219,102.5,102.5,20950.0,KC=F,USX,NYB
2020-05-28,102.30000305175781,102.55000305175781,98.55000305175781,99.0999984741211,99.0999984741211,21073.0,KC=F,USX,NYB
2020-05-29,99.19999694824219,100.05000305175781,95.8499984741211,96.30000305175781,96.30000305175781,23795.0,KC=F,USX,NYB
2020-06-01,95.8499984741211,99.0,94.80000305175781,98.30000305175781,98.30000305175781,26971.0,KC=F,USX,NYB
2020-06-02,98.44999694824219,99.69999694824219,97.3499984741211,98.19999694824219,98.19999694824219,17761.0,KC=F,USX,NYB
2020-06-03,98.5,100.75,97.9000015258789,99.0999984741211,99.0999984741211,16879.0,KC=F,USX,NYB
2020-06-04,98.9000015258789,98.94999694824219,96.25,98.1500015258789,98.1500015258789,13953.0,KC=F,USX,NYB
2020-06-05,98.55000305175781,99.75,97.05000305175781,98.9000015258789,98.9000015258789,16818.0,KC=F,USX,NYB
2020-06-08,99.25,99.6500015258789,97.55000305175781,98.9000015258789,98.9000015258789,26561.0,KC=F,USX,NYB
2020-06-09,99.19999694824219,99.44999694824219,97.25,97.80000305175781,97.80000305175781,22764.0,KC=F,USX,NYB
2020-06-10,97.9000015258789,98.6500015258789,96.4000015258789,96.75,96.75,24680.0,KC=F,USX,NYB
2020-06-11,96.19999694824219,97.6500015258789,94.5999984741211,96.0,96.0,27278.0,KC=F,USX,NYB
2020-06-12,96.3499984741211,97.80000305175781,94.9000015258789,95.19999694824219,95.19999694824219,18281.0,KC=F,USX,NYB
2020-06-15,94.19999694824219,95.25,92.69999694824219,94.0,94.0,22016.0,KC=F,USX,NYB
2020-06-16,94.6500015258789,95.44999694824219,92.75,93.6500015258789,93.6500015258789,11584.0,KC=F,USX,NYB
2020-06-17,93.25,96.80000305175781,93.1500015258789,96.25,96.25,12234.0,KC=F,USX,NYB
2020-06-18,97.0,97.05000305175781,94.4000015258789,94.5999984741211,94.5999984741211,16437.0,KC=F,USX,NYB
2020-06-19,94.30000305175781,95.30000305175781,93.44999694824219,93.75,93.75,15815.0,KC=F,USX,NYB
2020-06-22,94.05000305175781,96.0999984741211,94.0,95.94999694824219,95.94999694824219,266.0,KC=F,USX,NYB
2020-06-23,96.25,97.55000305175781,95.75,96.25,96.25,30.0,KC=F,USX,NYB
2020-06-24,96.25,97.0999984741211,96.25,96.6500015258789,96.6500015258789,34.0,KC=F,USX,NYB
2020-06-25,96.6500015258789,97.0999984741211,94.55000305175781,94.8499984741211,94.8499984741211,45.0,KC=F,USX,NYB
2020-06-26,95.5999984741211,95.5999984741211,93.44999694824219,95.6500015258789,95.6500015258789,19.0,KC=F,USX,NYB
2020-06-29,100.44999694824219,101.44999694824219,98.44999694824219,98.6500015258789,98.6500015258789,16.0,KC=F,USX,NYB
2020-06-30,100.3499984741211,100.3499984741211,99.5,100.05000305175781,100.05000305175781,7.0,KC=F,USX,NYB
2020-07-01,102.80000305175781,102.80000305175781,102.05000305175781,103.05000305175781,103.05000305175781,4.0,KC=F,USX,NYB
2020-07-02,102.25,102.25,102.25,102.25,102.25,47.0,KC=F,USX,NYB
2020-07-06,97.3499984741211,97.3499984741211,97.3499984741211,97.19999694824219,97.19999694824219,0.0,KC=F,USX,NYB
2020-07-07,99.25,99.25,99.25,99.25,99.25,0.0,KC=F,USX,NYB
2020-07-08,98.94999694824219,98.94999694824219,98.94999694824219,98.94999694824219,98.94999694824219,0.0,KC=F,USX,NYB
2020-07-09,97.69999694824219,97.69999694824219,97.69999694824219,97.69999694824219,97.69999694824219,0.0,KC=F,USX,NYB
2020-07-10,96.80000305175781,96.94999694824219,95.44999694824219,96.1500015258789,96.1500015258789,4.0,KC=F,USX,NYB
2020-07-13,97.4000015258789,97.4000015258789,97.4000015258789,97.4000015258789,97.4000015258789,0.0,KC=F,USX,NYB
2020-07-14,96.69999694824219,96.69999694824219,96.69999694824219,96.69999694824219,96.69999694824219,0.0,KC=F,USX,NYB
2020-07-15,95.94999694824219,95.94999694824219,95.94999694824219,95.94999694824219,95.94999694824219,0.0,KC=F,USX,NYB
2020-07-16,97.0999984741211,97.0999984741211,97.0999984741211,97.0999984741211,97.0999984741211,8.0,KC=F,USX,NYB
2020-07-17,101.05000305175781,101.05000305175781,101.05000305175781,101.05000305175781,101.05000305175781,0.0,KC=F,USX,NYB
2020-07-20,98.5,98.5,98.5,98.5,98.5,0.0,KC=F,USX,NYB
2020-07-21,100.5,100.5,100.5,100.5,100.5,13941.0,KC=F,USX,NYB
2020-07-22,101.75,108.75,101.25,108.3499984741211,108.3499984741211,32829.0,KC=F,USX,NYB
2020-07-23,108.0999984741211,109.30000305175781,106.1500015258789,107.5,107.5,24990.0,KC=F,USX,NYB
2020-07-24,106.94999694824219,109.0999984741211,106.3499984741211,108.4000015258789,108.4000015258789,22539.0,KC=F,USX,NYB
2020-07-27,107.9000015258789,110.75,107.4000015258789,110.4000015258789,110.4000015258789,25735.0,KC=F,USX,NYB
2020-07-28,110.3499984741211,111.3499984741211,108.3499984741211,109.6500015258789,109.6500015258789,18617.0,KC=F,USX,NYB
2020-07-29,109.4000015258789,112.5999984741211,109.30000305175781,111.5999984741211,111.5999984741211,24211.0,KC=F,USX,NYB
2020-07-30,112.44999694824219,117.4000015258789,112.19999694824219,115.3499984741211,115.3499984741211,34126.0,KC=F,USX,NYB
2020-07-31,116.4000015258789,119.4000015258789,115.19999694824219,118.94999694824219,118.94999694824219,34771.0,KC=F,USX,NYB
2020-08-03,118.19999694824219,119.69999694824219,115.6500015258789,117.9000015258789,117.9000015258789,28190.0,KC=F,USX,NYB
2020-08-04,116.9000015258789,121.25,116.6500015258789,121.05000305175781,121.05000305175781,29406.0,KC=F,USX,NYB
2020-08-05,120.75,127.25,120.44999694824219,121.55000305175781,121.55000305175781,36843.0,KC=F,USX,NYB
2020-08-06,122.0,124.19999694824219,116.44999694824219,117.0,117.0,28501.0,KC=F,USX,NYB
2020-08-07,117.30000305175781,118.80000305175781,113.5999984741211,115.44999694824219,115.44999694824219,29392.0,KC=F,USX,NYB
2020-08-10,115.05000305175781,117.1500015258789,111.5999984741211,112.5999984741211,112.5999984741211,22719.0,KC=F,USX,NYB
2020-08-11,112.0,112.55000305175781,109.69999694824219,111.3499984741211,111.3499984741211,28553.0,KC=F,USX,NYB
2020-08-12,111.3499984741211,113.80000305175781,110.3499984741211,112.05000305175781,112.05000305175781,22667.0,KC=F,USX,NYB
2020-08-13,112.4000015258789,117.1500015258789,111.1500015258789,116.19999694824219,116.19999694824219,20874.0,KC=F,USX,NYB
2020-08-14,116.6500015258789,119.19999694824219,114.44999694824219,114.69999694824219,114.69999694824219,15520.0,KC=F,USX,NYB
2020-08-17,114.5999984741211,115.6500015258789,112.69999694824219,115.55000305175781,115.55000305175781,6996.0,KC=F,USX,NYB
2020-08-18,115.6500015258789,119.75,115.6500015258789,119.30000305175781,119.30000305175781,7201.0,KC=F,USX,NYB
2020-08-19,119.5,122.19999694824219,116.75,118.44999694824219,118.44999694824219,9248.0,KC=F,USX,NYB
2020-08-20,118.0,119.94999694824219,117.0,118.55000305175781,118.55000305175781,7088.0,KC=F,USX,NYB
2020-08-21,119.6500015258789,120.4000015258789,116.5,120.0999984741211,120.0999984741211,245.0,KC=F,USX,NYB
2020-08-24,120.4000015258789,122.5999984741211,119.44999694824219,120.25,120.25,119.0,KC=F,USX,NYB
2020-08-25,120.5,123.80000305175781,120.0,123.19999694824219,123.19999694824219,55.0,KC=F,USX,NYB
2020-08-26,125.5,127.5999984741211,122.0,122.80000305175781,122.80000305175781,72.0,KC=F,USX,NYB
2020-08-27,121.3499984741211,123.25,121.0,122.94999694824219,122.94999694824219,13.0,KC=F,USX,NYB
2020-08-28,123.5999984741211,127.0999984741211,123.5999984741211,127.0999984741211,127.0999984741211,54.0,KC=F,USX,NYB
2020-08-31,129.0500030517578,130.8000030517578,127.1500015258789,129.8000030517578,129.8000030517578,56.0,KC=F,USX,NYB
2020-09-01,132.25,132.3000030517578,130.8000030517578,131.89999389648438,131.89999389648438,22.0,KC=F,USX,NYB
2020-09-02,130.9499969482422,131.0500030517578,130.0,131.5,131.5,41.0,KC=F,USX,NYB
2020-09-03,131.3000030517578,131.3000030517578,131.0,131.60000610351562,131.60000610351562,11.0,KC=F,USX,NYB
2020-09-04,131.1999969482422,134.5,131.1999969482422,134.8000030517578,134.8000030517578,45.0,KC=F,USX,NYB
2020-09-08,129.0,129.5500030517578,128.25,132.8000030517578,132.8000030517578,17.0,KC=F,USX,NYB
2020-09-09,131.14999389648438,131.39999389648438,130.39999389648438,129.64999389648438,129.64999389648438,15.0,KC=F,USX,NYB
2020-09-10,132.5,132.5,132.5,132.5,132.5,5.0,KC=F,USX,NYB
2020-09-11,133.35000610351562,133.35000610351562,133.35000610351562,133.35000610351562,133.35000610351562,31.0,KC=F,USX,NYB
2020-09-14,128.14999389648438,128.64999389648438,124.1500015258789,123.55000305175781,123.55000305175781,118.0,KC=F,USX,NYB
2020-09-15,122.19999694824219,122.19999694824219,122.19999694824219,122.19999694824219,122.19999694824219,54.0,KC=F,USX,NYB
2020-09-16,123.8499984741211,123.8499984741211,120.69999694824219,120.55000305175781,120.55000305175781,8.0,KC=F,USX,NYB
2020-09-17,119.9000015258789,119.9000015258789,118.69999694824219,118.0999984741211,118.0999984741211,24.0,KC=F,USX,NYB
2020-09-18,118.3499984741211,118.3499984741211,115.75,113.5999984741211,113.5999984741211,20915.0,KC=F,USX,NYB
2020-09-21,113.0,113.44999694824219,110.80000305175781,112.0,112.0,32467.0,KC=F,USX,NYB
2020-09-22,112.55000305175781,114.80000305175781,110.3499984741211,110.6500015258789,110.6500015258789,22525.0,KC=F,USX,NYB
2020-09-23,110.80000305175781,112.5999984741211,109.05000305175781,110.5,110.5,24425.0,KC=F,USX,NYB
2020-09-24,110.75,112.0999984741211,110.25,111.1500015258789,111.1500015258789,17432.0,KC=F,USX,NYB
2020-09-25,111.75,114.30000305175781,110.8499984741211,113.6500015258789,113.6500015258789,18236.0,KC=F,USX,NYB
2020-09-28,113.80000305175781,114.75,108.69999694824219,109.55000305175781,109.55000305175781,21447.0,KC=F,USX,NYB
2020-09-29,109.0999984741211,110.4000015258789,108.30000305175781,109.55000305175781,109.55000305175781,21158.0,KC=F,USX,NYB
2020-09-30,110.25,112.75,109.4000015258789,110.94999694824219,110.94999694824219,21064.0,KC=F,USX,NYB
2020-10-01,110.94999694824219,111.5999984741211,106.4000015258789,107.05000305175781,107.05000305175781,27641.0,KC=F,USX,NYB
2020-10-02,106.5,110.0,104.9000015258789,108.94999694824219,108.94999694824219,23163.0,KC=F,USX,NYB
2020-10-05,108.6500015258789,109.69999694824219,106.5999984741211,107.19999694824219,107.19999694824219,19938.0,KC=F,USX,NYB
2020-10-06,107.5,109.4000015258789,107.0999984741211,107.6500015258789,107.6500015258789,15255.0,KC=F,USX,NYB
2020-10-07,107.69999694824219,111.0,106.19999694824219,109.5999984741211,109.5999984741211,20419.0,KC=F,USX,NYB
2020-10-08,110.1500015258789,112.1500015258789,107.9000015258789,110.25,110.25,18260.0,KC=F,USX,NYB
2020-10-09,110.25,112.44999694824219,110.25,111.55000305175781,111.55000305175781,15764.0,KC=F,USX,NYB
2020-10-12,111.0,113.3499984741211,108.55000305175781,109.1500015258789,109.1500015258789,15910.0,KC=F,USX,NYB
2020-10-13,109.30000305175781,111.1500015258789,108.69999694824219,110.0999984741211,110.0999984741211,14789.0,KC=F,USX,NYB
2020-10-14,110.05000305175781,111.69999694824219,109.19999694824219,109.5999984741211,109.5999984741211,14046.0,KC=F,USX,NYB
2020-10-15,109.55000305175781,111.3499984741211,106.5,109.5,109.5,22363.0,KC=F,USX,NYB
2020-10-16,109.6500015258789,111.0999984741211,106.8499984741211,107.25,107.25,14716.0,KC=F,USX,NYB
2020-10-19,106.55000305175781,108.6500015258789,105.5999984741211,106.05000305175781,106.05000305175781,16873.0,KC=F,USX,NYB
2020-10-20,107.05000305175781,107.25,104.0,104.9000015258789,104.9000015258789,17967.0,KC=F,USX,NYB
2020-10-21,104.80000305175781,106.8499984741211,103.3499984741211,104.1500015258789,104.1500015258789,15757.0,KC=F,USX,NYB
2020-10-22,103.69999694824219,107.44999694824219,103.19999694824219,106.69999694824219,106.69999694824219,22411.0,KC=F,USX,NYB
2020-10-23,106.4000015258789,107.0,104.75,105.5999984741211,105.5999984741211,11995.0,KC=F,USX,NYB
2020-10-26,104.80000305175781,107.1500015258789,104.30000305175781,106.6500015258789,106.6500015258789,14411.0,KC=F,USX,NYB
2020-10-27,106.75,108.19999694824219,106.1500015258789,106.94999694824219,106.94999694824219,16380.0,KC=F,USX,NYB
2020-10-28,106.44999694824219,106.6500015258789,104.6500015258789,105.0,105.0,15333.0,KC=F,USX,NYB
2020-10-29,105.0,105.19999694824219,102.94999694824219,104.5999984741211,104.5999984741211,16287.0,KC=F,USX,NYB
2020-10-30,104.55000305175781,105.80000305175781,103.69999694824219,104.4000015258789,104.4000015258789,18949.0,KC=F,USX,NYB
2020-11-02,103.9000015258789,104.9000015258789,102.3499984741211,102.80000305175781,102.80000305175781,18605.0,KC=F,USX,NYB
2020-11-03,102.80000305175781,106.25,102.75,103.44999694824219,103.44999694824219,24079.0,KC=F,USX,NYB
2020-11-04,103.6500015258789,103.94999694824219,102.1500015258789,103.0,103.0,18073.0,KC=F,USX,NYB
2020-11-05,103.9000015258789,106.80000305175781,103.55000305175781,105.94999694824219,105.94999694824219,29467.0,KC=F,USX,NYB
2020-11-06,106.55000305175781,108.0,105.94999694824219,106.94999694824219,106.94999694824219,18754.0,KC=F,USX,NYB
2020-11-09,107.3499984741211,109.3499984741211,106.3499984741211,106.8499984741211,106.8499984741211,26289.0,KC=F,USX,NYB
2020-11-10,106.75,107.6500015258789,105.3499984741211,107.30000305175781,107.30000305175781,28673.0,KC=F,USX,NYB
2020-11-11,108.0,110.55000305175781,107.80000305175781,109.0999984741211,109.0999984741211,25497.0,KC=F,USX,NYB
2020-11-12,109.3499984741211,110.69999694824219,108.75,110.0999984741211,110.0999984741211,27567.0,KC=F,USX,NYB
2020-11-13,110.1500015258789,110.55000305175781,108.6500015258789,109.25,109.25,11221.0,KC=F,USX,NYB
2020-11-16,109.94999694824219,116.19999694824219,109.80000305175781,115.6500015258789,115.6500015258789,12893.0,KC=F,USX,NYB
2020-11-17,115.94999694824219,116.6500015258789,114.19999694824219,116.19999694824219,116.19999694824219,15948.0,KC=F,USX,NYB
2020-11-18,116.5,121.0999984741211,116.3499984741211,119.75,119.75,11870.0,KC=F,USX,NYB
2020-11-19,119.80000305175781,121.0,118.6500015258789,120.6500015258789,120.6500015258789,203.0,KC=F,USX,NYB
2020-11-20,120.55000305175781,121.19999694824219,114.5,115.5,115.5,114.0,KC=F,USX,NYB
2020-11-23,116.6500015258789,116.6500015258789,114.3499984741211,114.44999694824219,114.44999694824219,39.0,KC=F,USX,NYB
2020-11-24,114.5,114.6500015258789,113.05000305175781,113.1500015258789,113.1500015258789,19.0,KC=F,USX,NYB
2020-11-25,114.3499984741211,115.1500015258789,114.05000305175781,114.5,114.5,38.0,KC=F,USX,NYB
2020-11-27,119.0,119.69999694824219,118.6500015258789,121.69999694824219,121.69999694824219,167.0,KC=F,USX,NYB
2020-11-30,121.3499984741211,121.4000015258789,118.9000015258789,120.69999694824219,120.69999694824219,51.0,KC=F,USX,NYB
2020-12-01,120.19999694824219,120.19999694824219,116.0999984741211,115.6500015258789,115.6500015258789,121.0,KC=F,USX,NYB
2020-12-02,116.0,116.0,116.0,116.8499984741211,116.8499984741211,36.0,KC=F,USX,NYB
2020-12-03,117.6500015258789,117.6500015258789,117.6500015258789,117.6500015258789,117.6500015258789,13.0,KC=F,USX,NYB
2020-12-04,116.80000305175781,116.80000305175781,115.4000015258789,115.3499984741211,115.3499984741211,7.0,KC=F,USX,NYB
2020-12-07,114.75,114.75,114.75,116.94999694824219,116.94999694824219,2.0,KC=F,USX,NYB
2020-12-08,117.0999984741211,117.0999984741211,117.0999984741211,117.0999984741211,117.0999984741211,11.0,KC=F,USX,NYB
2020-12-09,115.0999984741211,115.0999984741211,115.0999984741211,114.9000015258789,114.9000015258789,1.0,KC=F,USX,NYB
2020-12-10,118.55000305175781,118.55000305175781,118.55000305175781,118.55000305175781,118.55000305175781,0.0,KC=F,USX,NYB
2020-12-11,119.0,119.0,118.80000305175781,119.0999984741211,119.0999984741211,2.0,KC=F,USX,NYB
2020-12-14,122.5,123.8499984741211,122.5,123.55000305175781,123.55000305175781,3.0,KC=F,USX,NYB
2020-12-15,124.55000305175781,124.55000305175781,124.55000305175781,123.0999984741211,123.0999984741211,5.0,KC=F,USX,NYB
2020-12-16,126.0,126.0,126.0,125.05000305175781,125.05000305175781,29.0,KC=F,USX,NYB
2020-12-17,126.30000305175781,126.30000305175781,125.0,125.05000305175781,125.05000305175781,4.0,KC=F,USX,NYB
2020-12-18,123.69999694824219,123.69999694824219,123.69999694824219,123.69999694824219,123.69999694824219,17936.0,KC=F,USX,NYB
2020-12-21,124.25,125.44999694824219,120.4000015258789,124.30000305175781,124.30000305175781,19298.0,KC=F,USX,NYB
2020-12-22,123.9000015258789,126.5999984741211,122.9000015258789,124.19999694824219,124.19999694824219,15059.0,KC=F,USX,NYB
2020-12-23,124.05000305175781,125.94999694824219,123.9000015258789,124.55000305175781,124.55000305175781,10039.0,KC=F,USX,NYB
2020-12-24,124.5,127.6500015258789,124.5,125.94999694824219,125.94999694824219,9437.0,KC=F,USX,NYB
2020-12-28,125.75,126.5,121.5,123.3499984741211,123.3499984741211,13623.0,KC=F,USX,NYB
2020-12-29,123.94999694824219,125.9000015258789,123.19999694824219,125.4000015258789,125.4000015258789,11047.0,KC=F,USX,NYB
2020-12-30,125.30000305175781,126.75,124.6500015258789,125.4000015258789,125.4000015258789,10915.0,KC=F,USX,NYB
2020-12-31,125.69999694824219,129.0,125.5999984741211,128.25,128.25,15536.0,KC=F,USX,NYB
2021-01-04,128.39999389648438,129.39999389648438,125.25,126.1500015258789,126.1500015258789,21809.0,KC=F,USX,NYB
2021-01-05,125.94999694824219,126.55000305175781,122.30000305175781,125.0999984741211,125.0999984741211,22165.0,KC=F,USX,NYB
2021-01-06,125.0999984741211,125.55000305175781,120.5999984741211,120.9000015258789,120.9000015258789,27249.0,KC=F,USX,NYB
2021-01-07,121.0,122.75,119.3499984741211,121.0999984741211,121.0999984741211,17994.0,KC=F,USX,NYB
2021-01-08,120.30000305175781,124.05000305175781,119.19999694824219,123.69999694824219,123.69999694824219,23796.0,KC=F,USX,NYB
2021-01-11,122.30000305175781,123.19999694824219,118.75,121.44999694824219,121.44999694824219,21759.0,KC=F,USX,NYB
2021-01-12,121.0,122.69999694824219,120.0999984741211,121.4000015258789,121.4000015258789,16090.0,KC=F,USX,NYB
2021-01-13,121.4000015258789,126.0,121.4000015258789,125.25,125.25,22176.0,KC=F,USX,NYB
2021-01-14,125.44999694824219,127.9000015258789,123.25,127.3499984741211,127.3499984741211,22080.0,KC=F,USX,NYB
2021-01-15,127.3499984741211,131.75,126.80000305175781,128.14999389648438,128.14999389648438,32465.0,KC=F,USX,NYB
2021-01-19,126.0,128.75,124.6500015258789,127.1500015258789,127.1500015258789,19435.0,KC=F,USX,NYB
2021-01-20,126.55000305175781,127.05000305175781,123.4000015258789,125.19999694824219,125.19999694824219,19721.0,KC=F,USX,NYB
2021-01-21,125.80000305175781,127.30000305175781,124.75,126.44999694824219,126.44999694824219,13904.0,KC=F,USX,NYB
2021-01-22,125.69999694824219,126.30000305175781,122.8499984741211,124.05000305175781,124.05000305175781,18266.0,KC=F,USX,NYB
2021-01-25,123.0,124.94999694824219,122.1500015258789,123.25,123.25,18318.0,KC=F,USX,NYB
2021-01-26,123.4000015258789,125.9000015258789,123.25,124.5,124.5,16225.0,KC=F,USX,NYB
2021-01-27,124.55000305175781,126.1500015258789,123.0999984741211,125.5,125.5,16060.0,KC=F,USX,NYB
2021-01-28,125.5,126.9000015258789,123.55000305175781,124.0,124.0,16576.0,KC=F,USX,NYB
2021-01-29,124.1500015258789,124.69999694824219,122.05000305175781,122.94999694824219,122.94999694824219,20127.0,KC=F,USX,NYB
2021-02-01,122.6500015258789,127.30000305175781,122.44999694824219,125.3499984741211,125.3499984741211,24530.0,KC=F,USX,NYB
2021-02-02,125.44999694824219,126.0999984741211,122.69999694824219,123.4000015258789,123.4000015258789,18532.0,KC=F,USX,NYB
2021-02-03,123.0999984741211,124.8499984741211,122.69999694824219,123.94999694824219,123.94999694824219,14367.0,KC=F,USX,NYB
2021-02-04,124.5,124.69999694824219,120.19999694824219,124.05000305175781,124.05000305175781,32468.0,KC=F,USX,NYB
2021-02-05,124.6500015258789,125.8499984741211,123.80000305175781,124.5,124.5,25376.0,KC=F,USX,NYB
2021-02-08,124.19999694824219,124.80000305175781,123.30000305175781,124.0999984741211,124.0999984741211,24446.0,KC=F,USX,NYB
2021-02-09,124.05000305175781,124.30000305175781,122.5,122.94999694824219,122.94999694824219,22917.0,KC=F,USX,NYB
2021-02-10,122.94999694824219,123.55000305175781,120.25,121.0999984741211,121.0999984741211,35873.0,KC=F,USX,NYB
2021-02-11,121.05000305175781,121.75,120.5,121.19999694824219,121.19999694824219,24065.0,KC=F,USX,NYB
2021-02-12,120.9000015258789,122.3499984741211,120.25,121.1500015258789,121.1500015258789,12307.0,KC=F,USX,NYB
2021-02-16,121.4000015258789,124.9000015258789,121.1500015258789,124.3499984741211,124.3499984741211,18374.0,KC=F,USX,NYB
2021-02-17,125.0,125.9000015258789,123.3499984741211,125.69999694824219,125.69999694824219,12953.0,KC=F,USX,NYB
2021-02-18,125.9000015258789,127.75,125.9000015258789,127.5999984741211,127.5999984741211,285.0,KC=F,USX,NYB
2021-02-19,127.5999984741211,127.75,126.69999694824219,127.5,127.5,154.0,KC=F,USX,NYB
2021-02-22,127.0,134.10000610351562,126.19999694824219,133.4499969482422,133.4499969482422,44.0,KC=F,USX,NYB
2021-02-23,133.25,136.75,132.85000610351562,136.85000610351562,136.85000610351562,79.0,KC=F,USX,NYB
2021-02-24,137.0,137.75,136.9499969482422,135.64999389648438,135.64999389648438,90.0,KC=F,USX,NYB
2021-02-25,136.25,139.3000030517578,136.25,139.1999969482422,139.1999969482422,22.0,KC=F,USX,NYB
2021-02-26,139.0,139.0,138.39999389648438,136.85000610351562,136.85000610351562,44.0,KC=F,USX,NYB
2021-03-01,138.4499969482422,138.4499969482422,132.60000610351562,135.14999389648438,135.14999389648438,38.0,KC=F,USX,NYB
2021-03-02,136.14999389648438,134.64999389648438,132.0,133.1999969482422,133.1999969482422,5.0,KC=F,USX,NYB
2021-03-03,133.75,133.75,130.0,131.14999389648438,131.14999389648438,21.0,KC=F,USX,NYB
2021-03-04,128.25,128.25,128.25,128.39999389648438,128.39999389648438,2.0,KC=F,USX,NYB
2021-03-05,131.0500030517578,131.0500030517578,128.4499969482422,128.75,128.75,5.0,KC=F,USX,NYB
2021-03-08,129.0500030517578,129.0500030517578,129.0500030517578,129.0500030517578,129.0500030517578,0.0,KC=F,USX,NYB
2021-03-09,129.5500030517578,129.5500030517578,129.5500030517578,128.89999389648438,128.89999389648438,2.0,KC=F,USX,NYB
2021-03-10,129.14999389648438,129.14999389648438,128.8000030517578,129.35000610351562,129.35000610351562,2.0,KC=F,USX,NYB
2021-03-11,131.89999389648438,131.89999389648438,131.89999389648438,131.8000030517578,131.8000030517578,2.0,KC=F,USX,NYB
2021-03-12,132.4499969482422,132.4499969482422,132.4499969482422,132.4499969482422,132.4499969482422,5.0,KC=F,USX,NYB
2021-03-15,132.60000610351562,132.60000610351562,130.0,131.4499969482422,131.4499969482422,2.0,KC=F,USX,NYB
2021-03-16,131.5,131.5,130.0,133.8000030517578,133.8000030517578,7.0,KC=F,USX,NYB
2021-03-17,132.5,132.5,132.5,132.85000610351562,132.85000610351562,1.0,KC=F,USX,NYB
2021-03-18,133.6999969482422,134.39999389648438,128.60000610351562,126.4000015258789,126.4000015258789,9.0,KC=F,USX,NYB
2021-03-19,125.44999694824219,125.44999694824219,125.44999694824219,125.44999694824219,125.44999694824219,19903.0,KC=F,USX,NYB
2021-03-22,129.0,130.4499969482422,126.9000015258789,130.10000610351562,130.10000610351562,17089.0,KC=F,USX,NYB
2021-03-23,130.10000610351562,130.60000610351562,127.44999694824219,127.5999984741211,127.5999984741211,15769.0,KC=F,USX,NYB
2021-03-24,128.1999969482422,128.8000030517578,126.5,126.5,126.5,19142.0,KC=F,USX,NYB
2021-03-25,127.0,127.55000305175781,125.19999694824219,126.5999984741211,126.5999984741211,19492.0,KC=F,USX,NYB
2021-03-26,127.0999984741211,129.60000610351562,127.0999984741211,128.5,128.5,16764.0,KC=F,USX,NYB
2021-03-29,128.35000610351562,128.39999389648438,126.19999694824219,127.05000305175781,127.05000305175781,14233.0,KC=F,USX,NYB
2021-03-30,126.55000305175781,127.05000305175781,122.44999694824219,122.5999984741211,122.5999984741211,26447.0,KC=F,USX,NYB
2021-03-31,123.0,124.75,120.5,123.5,123.5,30040.0,KC=F,USX,NYB
2021-04-01,124.94999694824219,125.44999694824219,120.75,121.5999984741211,121.5999984741211,23923.0,KC=F,USX,NYB
2021-04-05,121.4000015258789,122.9000015258789,120.55000305175781,122.0999984741211,122.0999984741211,16091.0,KC=F,USX,NYB
2021-04-06,122.5,127.30000305175781,121.3499984741211,126.8499984741211,126.8499984741211,31610.0,KC=F,USX,NYB
2021-04-07,126.9000015258789,128.0,125.44999694824219,126.75,126.75,22703.0,KC=F,USX,NYB
2021-04-08,127.0,128.6999969482422,126.75,127.8499984741211,127.8499984741211,28825.0,KC=F,USX,NYB
2021-04-09,127.9000015258789,128.85000610351562,127.0,127.25,127.25,26961.0,KC=F,USX,NYB
2021-04-12,127.0,129.10000610351562,125.75,128.10000610351562,128.10000610351562,23948.0,KC=F,USX,NYB
2021-04-13,128.10000610351562,131.10000610351562,126.80000305175781,130.0500030517578,130.0500030517578,26333.0,KC=F,USX,NYB
2021-04-14,130.25,133.14999389648438,130.1999969482422,132.10000610351562,132.10000610351562,18260.0,KC=F,USX,NYB
2021-04-15,132.0500030517578,133.0,130.89999389648438,132.6999969482422,132.6999969482422,16691.0,KC=F,USX,NYB
2021-04-16,132.89999389648438,133.4499969482422,128.85000610351562,129.14999389648438,129.14999389648438,11393.0,KC=F,USX,NYB
2021-04-19,129.39999389648438,131.5500030517578,129.0500030517578,129.85000610351562,129.85000610351562,9477.0,KC=F,USX,NYB
2021-04-20,130.0500030517578,132.9499969482422,129.89999389648438,132.4499969482422,132.4499969482422,11447.0,KC=F,USX,NYB
2021-04-21,132.64999389648438,133.35000610351562,130.64999389648438,132.1999969482422,132.1999969482422,11569.0,KC=F,USX,NYB
2021-04-22,132.89999389648438,134.5,130.0,134.3000030517578,134.3000030517578,243.0,KC=F,USX,NYB
2021-04-23,134.85000610351562,138.5,134.85000610351562,136.85000610351562,136.85000610351562,61.0,KC=F,USX,NYB
2021-04-26,136.64999389648438,142.35000610351562,136.5,141.75,141.75,33.0,KC=F,USX,NYB
2021-04-27,142.4499969482422,144.5,142.4499969482422,144.35000610351562,144.35000610351562,8.0,KC=F,USX,NYB
2021-04-28,144.0,144.9499969482422,142.39999389648438,144.3000030517578,144.3000030517578,12.0,KC=F,USX,NYB
2021-04-29,145.8000030517578,145.8000030517578,141.35000610351562,141.39999389648438,141.39999389648438,21.0,KC=F,USX,NYB
2021-04-30,143.89999389648438,143.89999389648438,143.89999389648438,139.9499969482422,139.9499969482422,7.0,KC=F,USX,NYB
2021-05-03,139.89999389648438,140.35000610351562,138.85000610351562,138.75,138.75,18.0,KC=F,USX,NYB
2021-05-04,139.35000610351562,139.35000610351562,139.0,138.89999389648438,138.89999389648438,13.0,KC=F,USX,NYB
2021-05-05,142.9499969482422,143.39999389648438,142.9499969482422,148.5,148.5,2.0,KC=F,USX,NYB
2021-05-06,149.0,149.5,149.0,153.5,153.5,3.0,KC=F,USX,NYB
2021-05-07,152.0,152.0,150.9499969482422,152.3000030517578,152.3000030517578,3.0,KC=F,USX,NYB
2021-05-10,153.0,153.0,148.35000610351562,147.60000610351562,147.60000610351562,14.0,KC=F,USX,NYB
2021-05-11,149.1999969482422,149.1999969482422,147.0500030517578,147.89999389648438,147.89999389648438,43.0,KC=F,USX,NYB
2021-05-12,147.64999389648438,147.64999389648438,147.64999389648438,145.75,145.75,1.0,KC=F,USX,NYB
2021-05-13,145.64999389648438,145.64999389648438,145.64999389648438,145.64999389648438,145.64999389648438,0.0,KC=F,USX,NYB
2021-05-14,144.25,144.25,144.25,144.25,144.25,0.0,KC=F,USX,NYB
2021-05-17,146.0,146.0,146.0,145.0,145.0,5.0,KC=F,USX,NYB
2021-05-18,147.14999389648438,147.14999389648438,147.14999389648438,151.8000030517578,151.8000030517578,22294.0,KC=F,USX,NYB
2021-05-19,152.8000030517578,153.3000030517578,149.25,150.9499969482422,150.9499969482422,16271.0,KC=F,USX,NYB
2021-05-20,151.14999389648438,153.64999389648438,150.39999389648438,150.9499969482422,150.9499969482422,14906.0,KC=F,USX,NYB
2021-05-21,150.35000610351562,152.89999389648438,148.5,150.10000610351562,150.10000610351562,11426.0,KC=F,USX,NYB
2021-05-24,149.60000610351562,150.4499969482422,147.4499969482422,149.0,149.0,11455.0,KC=F,USX,NYB
2021-05-25,150.5,152.0,148.89999389648438,150.5,150.5,15427.0,KC=F,USX,NYB
2021-05-26,150.39999389648438,156.75,150.14999389648438,155.6999969482422,155.6999969482422,22600.0,KC=F,USX,NYB
2021-05-27,156.5500030517578,157.25,154.5500030517578,155.35000610351562,155.35000610351562,18912.0,KC=F,USX,NYB
2021-05-28,156.35000610351562,163.14999389648438,156.35000610351562,162.35000610351562,162.35000610351562,30128.0,KC=F,USX,NYB
2021-06-01,162.0,166.75,159.3000030517578,161.0500030517578,161.0500030517578,32562.0,KC=F,USX,NYB
2021-06-02,161.6999969482422,165.35000610351562,160.3000030517578,161.14999389648438,161.14999389648438,18946.0,KC=F,USX,NYB
2021-06-03,160.89999389648438,162.10000610351562,156.10000610351562,157.60000610351562,157.60000610351562,25907.0,KC=F,USX,NYB
2021-06-04,157.85000610351562,162.0,155.1999969482422,161.64999389648438,161.64999389648438,26824.0,KC=F,USX,NYB
2021-06-07,161.8000030517578,163.60000610351562,158.89999389648438,160.14999389648438,160.14999389648438,31178.0,KC=F,USX,NYB
2021-06-08,160.3000030517578,161.9499969482422,157.1999969482422,157.6999969482422,157.6999969482422,30120.0,KC=F,USX,NYB
2021-06-09,157.6999969482422,159.60000610351562,155.85000610351562,157.1999969482422,157.1999969482422,27098.0,KC=F,USX,NYB
2021-06-10,158.0500030517578,159.3000030517578,156.64999389648438,158.6999969482422,158.6999969482422,34667.0,KC=F,USX,NYB
2021-06-11,159.60000610351562,160.6999969482422,157.1999969482422,157.4499969482422,157.4499969482422,32759.0,KC=F,USX,NYB
2021-06-14,156.60000610351562,156.60000610351562,151.5500030517578,154.10000610351562,154.10000610351562,25267.0,KC=F,USX,NYB
2021-06-15,154.3000030517578,154.75,150.75,151.1999969482422,151.1999969482422,19013.0,KC=F,USX,NYB
2021-06-16,151.8000030517578,154.3000030517578,151.3000030517578,153.35000610351562,153.35000610351562,11288.0,KC=F,USX,NYB
2021-06-17,152.5500030517578,152.64999389648438,148.8000030517578,149.5500030517578,149.5500030517578,9829.0,KC=F,USX,NYB
2021-06-18,149.64999389648438,151.0,147.0500030517578,149.89999389648438,149.89999389648438,10929.0,KC=F,USX,NYB
2021-06-21,149.0500030517578,153.9499969482422,147.10000610351562,152.35000610351562,152.35000610351562,5284.0,KC=F,USX,NYB
2021-06-22,153.6999969482422,153.85000610351562,150.25,151.25,151.25,309.0,KC=F,USX,NYB
2021-06-23,152.14999389648438,152.60000610351562,151.89999389648438,153.14999389648438,153.14999389648438,157.0,KC=F,USX,NYB
2021-06-24,152.25,153.39999389648438,151.5,152.39999389648438,152.39999389648438,61.0,KC=F,USX,NYB
2021-06-25,154.75,157.3000030517578,154.75,157.25,157.25,63.0,KC=F,USX,NYB
2021-06-28,158.5,163.1999969482422,157.6999969482422,162.25,162.25,39.0,KC=F,USX,NYB
2021-06-29,162.6999969482422,162.75,159.5,159.6999969482422,159.6999969482422,37.0,KC=F,USX,NYB
2021-06-30,158.39999389648438,159.0,158.0500030517578,159.35000610351562,159.35000610351562,36.0,KC=F,USX,NYB
2021-07-01,162.10000610351562,162.10000610351562,154.0,156.0,156.0,37.0,KC=F,USX,NYB
2021-07-02,154.64999389648438,154.64999389648438,153.75,152.5500030517578,152.5500030517578,7.0,KC=F,USX,NYB
2021-07-06,153.25,153.25,149.35000610351562,147.89999389648438,147.89999389648438,30.0,KC=F,USX,NYB
2021-07-07,149.75,149.75,149.75,149.75,149.75,0.0,KC=F,USX,NYB
2021-07-08,149.3000030517578,149.3000030517578,149.3000030517578,152.0500030517578,152.0500030517578,2.0,KC=F,USX,NYB
2021-07-09,149.60000610351562,150.8000030517578,149.60000610351562,151.3000030517578,151.3000030517578,3.0,KC=F,USX,NYB
2021-07-12,153.39999389648438,153.85000610351562,153.39999389648438,153.85000610351562,153.85000610351562,23.0,KC=F,USX,NYB
2021-07-13,152.1999969482422,152.1999969482422,152.10000610351562,152.10000610351562,152.10000610351562,5.0,KC=F,USX,NYB
2021-07-14,154.5500030517578,154.5500030517578,152.89999389648438,156.4499969482422,156.4499969482422,4.0,KC=F,USX,NYB
2021-07-15,155.89999389648438,157.75,155.89999389648438,156.89999389648438,156.89999389648438,35.0,KC=F,USX,NYB
2021-07-16,161.1999969482422,161.1999969482422,161.1999969482422,161.1999969482422,161.1999969482422,0.0,KC=F,USX,NYB
2021-07-19,159.5,159.5,155.60000610351562,155.25,155.25,5.0,KC=F,USX,NYB
2021-07-20,165.64999389648438,165.64999389648438,165.64999389648438,165.64999389648438,165.64999389648438,44827.0,KC=F,USX,NYB
2021-07-21,167.10000610351562,177.89999389648438,166.5500030517578,176.0,176.0,34757.0,KC=F,USX,NYB
2021-07-22,180.0,195.5,180.0,193.64999389648438,193.64999389648438,44986.0,KC=F,USX,NYB
2021-07-23,205.10000610351562,209.5,187.1999969482422,189.0,189.0,41105.0,KC=F,USX,NYB
2021-07-26,199.5,215.1999969482422,199.0,207.8000030517578,207.8000030517578,37319.0,KC=F,USX,NYB
2021-07-27,206.3000030517578,209.60000610351562,199.5500030517578,201.75,201.75,27477.0,KC=F,USX,NYB
2021-07-28,204.0500030517578,205.35000610351562,195.1999969482422,200.4499969482422,200.4499969482422,28234.0,KC=F,USX,NYB
2021-07-29,201.8000030517578,203.5,190.25,196.5,196.5,29964.0,KC=F,USX,NYB
2021-07-30,200.0,201.75,178.60000610351562,179.5500030517578,179.5500030517578,31471.0,KC=F,USX,NYB
2021-08-02,179.35000610351562,179.35000610351562,171.60000610351562,172.8000030517578,172.8000030517578,37342.0,KC=F,USX,NYB
2021-08-03,172.8000030517578,177.6999969482422,172.0500030517578,174.85000610351562,174.85000610351562,18664.0,KC=F,USX,NYB
2021-08-04,176.25,178.64999389648438,173.89999389648438,175.64999389648438,175.64999389648438,18865.0,KC=F,USX,NYB
2021-08-05,175.64999389648438,177.64999389648438,173.3000030517578,176.89999389648438,176.89999389648438,17207.0,KC=F,USX,NYB
2021-08-06,177.8000030517578,177.8000030517578,173.5500030517578,176.0,176.0,21241.0,KC=F,USX,NYB
2021-08-09,174.8000030517578,180.60000610351562,172.4499969482422,179.35000610351562,179.35000610351562,22411.0,KC=F,USX,NYB
2021-08-10,179.5,182.25,177.5500030517578,182.0,182.0,29061.0,KC=F,USX,NYB
2021-08-11,181.0,185.3000030517578,179.8000030517578,183.85000610351562,183.85000610351562,29470.0,KC=F,USX,NYB
2021-08-12,184.6999969482422,186.89999389648438,182.85000610351562,186.5500030517578,186.5500030517578,39088.0,KC=F,USX,NYB
2021-08-13,185.9499969482422,187.35000610351562,181.1999969482422,182.75,182.75,24800.0,KC=F,USX,NYB
2021-08-16,181.9499969482422,186.25,179.75,183.1999969482422,183.1999969482422,15358.0,KC=F,USX,NYB
2021-08-17,184.1999969482422,184.25,178.3000030517578,178.9499969482422,178.9499969482422,15802.0,KC=F,USX,NYB
2021-08-18,178.64999389648438,181.14999389648438,177.60000610351562,179.6999969482422,179.6999969482422,8908.0,KC=F,USX,NYB
2021-08-19,179.14999389648438,179.14999389648438,175.1999969482422,178.1999969482422,178.1999969482422,13006.0,KC=F,USX,NYB
2021-08-20,178.3000030517578,179.6999969482422,175.0500030517578,178.25,178.25,15450.0,KC=F,USX,NYB
2021-08-23,177.4499969482422,180.4499969482422,177.1999969482422,179.9499969482422,179.9499969482422,272.0,KC=F,USX,NYB
2021-08-24,180.1999969482422,184.25,180.1999969482422,183.3000030517578,183.3000030517578,41.0,KC=F,USX,NYB
2021-08-25,185.35000610351562,185.35000610351562,183.89999389648438,184.0500030517578,184.0500030517578,40.0,KC=F,USX,NYB
2021-08-26,184.0,184.89999389648438,184.0,185.64999389648438,185.64999389648438,14.0,KC=F,USX,NYB
2021-08-27,186.0500030517578,189.60000610351562,186.0500030517578,189.5,189.5,20.0,KC=F,USX,NYB
2021-08-30,190.5500030517578,196.5,190.5500030517578,197.39999389648438,197.39999389648438,26.0,KC=F,USX,NYB
2021-08-31,193.14999389648438,193.1999969482422,193.14999389648438,193.4499969482422,193.4499969482422,3.0,KC=F,USX,NYB
2021-09-01,195.3000030517578,195.3000030517578,195.3000030517578,193.1999969482422,193.1999969482422,3.0,KC=F,USX,NYB
2021-09-02,191.89999389648438,191.89999389648438,191.89999389648438,191.89999389648438,191.89999389648438,0.0,KC=F,USX,NYB
2021-09-03,190.6999969482422,190.85000610351562,190.6999969482422,190.5500030517578,190.5500030517578,3.0,KC=F,USX,NYB
2021-09-07,191.5,191.5,191.5,191.5,191.5,2.0,KC=F,USX,NYB
2021-09-08,187.75,187.75,187.75,187.75,187.75,2.0,KC=F,USX,NYB
2021-09-09,185.5,185.5,185.5,185.0,185.0,2.0,KC=F,USX,NYB
2021-09-10,185.60000610351562,185.60000610351562,185.60000610351562,185.60000610351562,185.60000610351562,0.0,KC=F,USX,NYB
2021-09-13,184.35000610351562,184.35000610351562,184.35000610351562,184.35000610351562,184.35000610351562,0.0,KC=F,USX,NYB
2021-09-14,183.0,183.0,183.0,183.0,183.0,0.0,KC=F,USX,NYB
2021-09-15,188.0,188.0,188.0,187.0,187.0,4.0,KC=F,USX,NYB
2021-09-16,185.5500030517578,185.60000610351562,185.5500030517578,187.8000030517578,187.8000030517578,4.0,KC=F,USX,NYB
2021-09-17,185.60000610351562,188.14999389648438,185.60000610351562,187.3000030517578,187.3000030517578,3.0,KC=F,USX,NYB
2021-09-20,183.5,183.5,183.5,183.5,183.5,15527.0,KC=F,USX,NYB
2021-09-21,183.0500030517578,185.5500030517578,182.35000610351562,183.35000610351562,183.35000610351562,14465.0,KC=F,USX,NYB
2021-09-22,183.89999389648438,187.5,183.89999389648438,184.85000610351562,184.85000610351562,12317.0,KC=F,USX,NYB
2021-09-23,185.35000610351562,191.0,185.25,190.60000610351562,190.60000610351562,16986.0,KC=F,USX,NYB
2021-09-24,191.0500030517578,195.3000030517578,190.60000610351562,194.35000610351562,194.35000610351562,17232.0,KC=F,USX,NYB
2021-09-27,193.60000610351562,195.5500030517578,191.9499969482422,193.64999389648438,193.64999389648438,11580.0,KC=F,USX,NYB
2021-09-28,194.0500030517578,199.0,192.5,198.60000610351562,198.60000610351562,16727.0,KC=F,USX,NYB
2021-09-29,198.4499969482422,199.4499969482422,193.25,193.39999389648438,193.39999389648438,14720.0,KC=F,USX,NYB
2021-09-30,194.10000610351562,196.4499969482422,193.5,194.0,194.0,15777.0,KC=F,USX,NYB
2021-10-01,194.0,205.5500030517578,192.9499969482422,204.0500030517578,204.0500030517578,27895.0,KC=F,USX,NYB
2021-10-04,201.0,206.85000610351562,199.64999389648438,200.35000610351562,200.35000610351562,20398.0,KC=F,USX,NYB
2021-10-05,200.5500030517578,201.14999389648438,191.3000030517578,191.89999389648438,191.89999389648438,26153.0,KC=F,USX,NYB
2021-10-06,192.5500030517578,194.9499969482422,191.85000610351562,193.4499969482422,193.4499969482422,11587.0,KC=F,USX,NYB
2021-10-07,195.14999389648438,200.25,193.8000030517578,197.89999389648438,197.89999389648438,21436.0,KC=F,USX,NYB
2021-10-08,200.25,203.35000610351562,198.5,201.35000610351562,201.35000610351562,17289.0,KC=F,USX,NYB
2021-10-11,199.35000610351562,204.85000610351562,196.6999969482422,204.25,204.25,12909.0,KC=F,USX,NYB
2021-10-12,204.0500030517578,215.14999389648438,202.60000610351562,213.14999389648438,213.14999389648438,24689.0,KC=F,USX,NYB
2021-10-13,214.5500030517578,214.9499969482422,205.8000030517578,208.64999389648438,208.64999389648438,19175.0,KC=F,USX,NYB
2021-10-14,209.10000610351562,212.64999389648438,206.3000030517578,209.25,209.25,12288.0,KC=F,USX,NYB
2021-10-15,209.75,211.0,202.75,203.39999389648438,203.39999389648438,15698.0,KC=F,USX,NYB
2021-10-18,201.75,204.85000610351562,200.5500030517578,201.60000610351562,201.60000610351562,20228.0,KC=F,USX,NYB
2021-10-19,202.60000610351562,205.60000610351562,201.6999969482422,204.25,204.25,14850.0,KC=F,USX,NYB
2021-10-20,205.1999969482422,207.0,203.5,205.5500030517578,205.5500030517578,14926.0,KC=F,USX,NYB
2021-10-21,205.14999389648438,208.64999389648438,201.5500030517578,203.3000030517578,203.3000030517578,26494.0,KC=F,USX,NYB
2021-10-22,203.8000030517578,206.39999389648438,198.39999389648438,199.85000610351562,199.85000610351562,16734.0,KC=F,USX,NYB
2021-10-25,199.9499969482422,203.8000030517578,197.25,202.5500030517578,202.5500030517578,20159.0,KC=F,USX,NYB
2021-10-26,203.35000610351562,210.3000030517578,202.3000030517578,208.10000610351562,208.10000610351562,21060.0,KC=F,USX,NYB
2021-10-27,207.3000030517578,208.6999969482422,199.64999389648438,201.35000610351562,201.35000610351562,23299.0,KC=F,USX,NYB
2021-10-28,201.0,203.1999969482422,198.60000610351562,199.9499969482422,199.9499969482422,19290.0,KC=F,USX,NYB
2021-10-29,200.89999389648438,204.39999389648438,198.64999389648438,203.9499969482422,203.9499969482422,18594.0,KC=F,USX,NYB
2021-11-01,203.1999969482422,209.85000610351562,202.1999969482422,208.6999969482422,208.6999969482422,19674.0,KC=F,USX,NYB
2021-11-02,208.1999969482422,209.0,204.6999969482422,208.0500030517578,208.0500030517578,22683.0,KC=F,USX,NYB
2021-11-03,208.0500030517578,212.0,205.85000610351562,209.3000030517578,209.3000030517578,21821.0,KC=F,USX,NYB
2021-11-04,209.5,211.39999389648438,206.0,208.60000610351562,208.60000610351562,21756.0,KC=F,USX,NYB
2021-11-05,209.5,209.5,202.3000030517578,203.5500030517578,203.5500030517578,33987.0,KC=F,USX,NYB
2021-11-08,203.60000610351562,206.10000610351562,199.3000030517578,199.64999389648438,199.64999389648438,30475.0,KC=F,USX,NYB
2021-11-09,201.1999969482422,206.6999969482422,198.6999969482422,205.89999389648438,205.89999389648438,35050.0,KC=F,USX,NYB
2021-11-10,206.39999389648438,206.60000610351562,203.5,204.0,204.0,30418.0,KC=F,USX,NYB
2021-11-11,206.10000610351562,212.60000610351562,205.39999389648438,210.89999389648438,210.89999389648438,40191.0,KC=F,USX,NYB
2021-11-12,211.39999389648438,221.5,209.25,219.6999969482422,219.6999969482422,36014.0,KC=F,USX,NYB
2021-11-15,219.4499969482422,225.89999389648438,217.0,222.75,222.75,16876.0,KC=F,USX,NYB
2021-11-16,223.85000610351562,224.64999389648438,221.3000030517578,222.0500030517578,222.0500030517578,11044.0,KC=F,USX,NYB
2021-11-17,224.3000030517578,233.75,224.0,232.60000610351562,232.60000610351562,13236.0,KC=F,USX,NYB
2021-11-18,233.5,237.5,227.5,228.9499969482422,228.9499969482422,9359.0,KC=F,USX,NYB
2021-11-19,231.0,239.0,227.9499969482422,233.3000030517578,233.3000030517578,398.0,KC=F,USX,NYB
2021-11-22,231.39999389648438,234.10000610351562,228.85000610351562,231.35000610351562,231.35000610351562,47.0,KC=F,USX,NYB
2021-11-23,233.85000610351562,242.39999389648438,233.75,242.5500030517578,242.5500030517578,85.0,KC=F,USX,NYB
2021-11-24,240.8000030517578,247.5500030517578,240.0,246.3000030517578,246.3000030517578,63.0,KC=F,USX,NYB
2021-11-26,242.1999969482422,245.4499969482422,242.14999389648438,243.85000610351562,243.85000610351562,48.0,KC=F,USX,NYB
2021-11-29,241.1999969482422,246.64999389648438,231.5,233.85000610351562,233.85000610351562,35.0,KC=F,USX,NYB
2021-11-30,231.35000610351562,233.25,231.35000610351562,233.25,233.25,9.0,KC=F,USX,NYB
2021-12-01,234.0,234.4499969482422,233.4499969482422,234.1999969482422,234.1999969482422,7.0,KC=F,USX,NYB
2021-12-02,233.25,236.64999389648438,233.25,237.4499969482422,237.4499969482422,21.0,KC=F,USX,NYB
2021-12-03,244.0500030517578,244.0500030517578,244.0500030517578,244.0500030517578,244.0500030517578,9.0,KC=F,USX,NYB
2021-12-06,244.5,250.35000610351562,244.5,250.1999969482422,250.1999969482422,26.0,KC=F,USX,NYB
2021-12-07,244.0,244.0,244.0,243.89999389648438,243.89999389648438,4.0,KC=F,USX,NYB
2021-12-08,246.75,246.75,246.75,244.75,244.75,4.0,KC=F,USX,NYB
2021-12-09,243.6999969482422,243.6999969482422,239.6999969482422,240.35000610351562,240.35000610351562,9.0,KC=F,USX,NYB
2021-12-10,235.0,235.0,235.0,232.6999969482422,232.6999969482422,6.0,KC=F,USX,NYB
2021-12-13,237.14999389648438,237.1999969482422,237.14999389648438,236.6999969482422,236.6999969482422,4.0,KC=F,USX,NYB
2021-12-14,238.10000610351562,238.10000610351562,238.10000610351562,237.14999389648438,237.14999389648438,1.0,KC=F,USX,NYB
2021-12-15,237.0500030517578,237.10000610351562,236.8000030517578,237.39999389648438,237.39999389648438,8.0,KC=F,USX,NYB
2021-12-16,236.9499969482422,236.9499969482422,236.9499969482422,236.9499969482422,236.9499969482422,51.0,KC=F,USX,NYB
2021-12-17,236.0,237.9499969482422,236.0,235.89999389648438,235.89999389648438,379.0,KC=F,USX,NYB
2021-12-20,224.39999389648438,224.39999389648438,224.39999389648438,224.39999389648438,224.39999389648438,21993.0,KC=F,USX,NYB
2021-12-21,225.5500030517578,229.39999389648438,224.0,228.25,228.25,14047.0,KC=F,USX,NYB
2021-12-22,229.6999969482422,235.1999969482422,228.10000610351562,233.5500030517578,233.5500030517578,12766.0,KC=F,USX,NYB
2021-12-23,234.75,235.35000610351562,229.0500030517578,231.1999969482422,231.1999969482422,0.0,KC=F,USX,NYB
2021-12-27,229.5500030517578,229.85000610351562,226.5500030517578,227.0500030517578,227.0500030517578,7221.0,KC=F,USX,NYB
2021-12-28,227.89999389648438,228.39999389648438,225.0,225.60000610351562,225.60000610351562,7889.0,KC=F,USX,NYB
2021-12-29,225.60000610351562,229.89999389648438,225.35000610351562,228.89999389648438,228.89999389648438,8385.0,KC=F,USX,NYB
2021-12-30,229.10000610351562,229.64999389648438,226.1999969482422,228.85000610351562,228.85000610351562,8556.0,KC=F,USX,NYB
2021-12-31,228.5,228.8000030517578,224.10000610351562,226.10000610351562,226.10000610351562,11693.0,KC=F,USX,NYB
2022-01-03,226.14999389648438,226.9499969482422,220.5500030517578,223.3000030517578,223.3000030517578,13645.0,KC=F,USX,NYB
2022-01-04,224.75,235.75,223.75,231.75,231.75,21914.0,KC=F,USX,NYB
2022-01-05,232.0500030517578,233.75,230.0500030517578,231.75,231.75,12325.0,KC=F,USX,NYB
2022-01-06,230.60000610351562,232.0,227.5500030517578,231.6999969482422,231.6999969482422,13695.0,KC=F,USX,NYB
2022-01-07,232.0,240.5,231.35000610351562,238.4499969482422,238.4499969482422,25955.0,KC=F,USX,NYB
2022-01-10,238.39999389648438,239.0,232.5500030517578,234.89999389648438,234.89999389648438,21066.0,KC=F,USX,NYB
2022-01-11,235.75,238.14999389648438,233.5500030517578,237.0500030517578,237.0500030517578,17528.0,KC=F,USX,NYB
2022-01-12,238.25,244.89999389648438,238.0,240.85000610351562,240.85000610351562,22286.0,KC=F,USX,NYB
2022-01-13,241.3000030517578,242.64999389648438,236.35000610351562,237.0,237.0,19234.0,KC=F,USX,NYB
2022-01-14,236.64999389648438,240.1999969482422,234.6999969482422,239.64999389648438,239.64999389648438,16525.0,KC=F,USX,NYB
2022-01-18,239.0,241.64999389648438,237.75,239.60000610351562,239.60000610351562,16808.0,KC=F,USX,NYB
2022-01-19,238.39999389648438,245.0,238.35000610351562,244.4499969482422,244.4499969482422,17077.0,KC=F,USX,NYB
2022-01-20,245.0,245.0,241.0,243.64999389648438,243.64999389648438,14338.0,KC=F,USX,NYB
2022-01-21,241.3000030517578,242.1999969482422,236.0,237.89999389648438,237.89999389648438,21504.0,KC=F,USX,NYB
2022-01-24,237.4499969482422,237.5,230.4499969482422,232.9499969482422,232.9499969482422,30854.0,KC=F,USX,NYB
2022-01-25,235.0,239.0,234.5500030517578,237.89999389648438,237.89999389648438,21335.0,KC=F,USX,NYB
2022-01-26,238.60000610351562,241.35000610351562,237.25,238.89999389648438,238.89999389648438,10682.0,KC=F,USX,NYB
2022-01-27,237.25,237.75,231.5500030517578,232.0500030517578,232.0500030517578,27590.0,KC=F,USX,NYB
2022-01-28,233.0500030517578,237.89999389648438,230.3000030517578,235.89999389648438,235.89999389648438,15328.0,KC=F,USX,NYB
2022-01-31,235.35000610351562,237.6999969482422,233.8000030517578,235.10000610351562,235.10000610351562,18124.0,KC=F,USX,NYB
2022-02-01,235.75,240.85000610351562,235.75,236.6999969482422,236.6999969482422,27180.0,KC=F,USX,NYB
2022-02-02,237.6999969482422,240.35000610351562,236.25,238.8000030517578,238.8000030517578,17511.0,KC=F,USX,NYB
2022-02-03,239.5,244.3000030517578,237.85000610351562,243.89999389648438,243.89999389648438,25158.0,KC=F,USX,NYB
2022-02-04,244.0500030517578,244.39999389648438,238.10000610351562,241.85000610351562,241.85000610351562,24383.0,KC=F,USX,NYB
2022-02-07,241.60000610351562,242.89999389648438,239.5500030517578,241.64999389648438,241.64999389648438,22859.0,KC=F,USX,NYB
2022-02-08,242.0,250.0,241.75,248.9499969482422,248.9499969482422,49900.0,KC=F,USX,NYB
2022-02-09,248.3000030517578,259.5,247.89999389648438,258.3500061035156,258.3500061035156,45254.0,KC=F,USX,NYB
2022-02-10,259.1000061035156,260.45001220703125,253.64999389648438,255.1999969482422,255.1999969482422,30097.0,KC=F,USX,NYB
2022-02-11,254.60000610351562,256.79998779296875,250.85000610351562,251.64999389648438,251.64999389648438,24392.0,KC=F,USX,NYB
2022-02-14,251.25,253.89999389648438,244.8000030517578,247.5500030517578,247.5500030517578,16805.0,KC=F,USX,NYB
2022-02-15,249.4499969482422,252.1999969482422,246.9499969482422,251.85000610351562,251.85000610351562,15138.0,KC=F,USX,NYB
2022-02-16,253.0,254.5500030517578,250.0500030517578,252.25,252.25,16712.0,KC=F,USX,NYB
2022-02-17,252.1999969482422,253.60000610351562,248.9499969482422,251.5,251.5,1147.0,KC=F,USX,NYB
2022-02-18,252.35000610351562,252.35000610351562,244.3000030517578,246.85000610351562,246.85000610351562,100.0,KC=F,USX,NYB
2022-02-22,246.6999969482422,249.10000610351562,244.0,248.4499969482422,248.4499969482422,58.0,KC=F,USX,NYB
2022-02-23,249.5,252.75,248.39999389648438,248.60000610351562,248.60000610351562,25.0,KC=F,USX,NYB
2022-02-24,248.5,248.5,238.9499969482422,239.35000610351562,239.35000610351562,54.0,KC=F,USX,NYB
2022-02-25,243.35000610351562,243.35000610351562,239.5,240.0500030517578,240.0500030517578,25.0,KC=F,USX,NYB
2022-02-28,239.5,239.5,233.9499969482422,234.25,234.25,12.0,KC=F,USX,NYB
2022-03-01,236.9499969482422,236.9499969482422,236.0,237.25,237.25,4.0,KC=F,USX,NYB
2022-03-02,235.0,235.0,229.0,230.4499969482422,230.4499969482422,8.0,KC=F,USX,NYB
2022-03-03,231.5500030517578,231.5500030517578,224.0,224.14999389648438,224.14999389648438,11.0,KC=F,USX,NYB
2022-03-04,224.25,224.89999389648438,223.39999389648438,224.14999389648438,224.14999389648438,6.0,KC=F,USX,NYB
2022-03-07,226.35000610351562,229.5500030517578,225.1999969482422,225.5,225.5,9.0,KC=F,USX,NYB
2022-03-08,223.1999969482422,233.39999389648438,223.1999969482422,234.0500030517578,234.0500030517578,8.0,KC=F,USX,NYB
2022-03-09,230.4499969482422,230.4499969482422,230.4499969482422,230.4499969482422,230.4499969482422,0.0,KC=F,USX,NYB
2022-03-10,230.0,230.0,223.85000610351562,225.1999969482422,225.1999969482422,6.0,KC=F,USX,NYB
2022-03-11,222.9499969482422,222.9499969482422,222.9499969482422,222.9499969482422,222.9499969482422,0.0,KC=F,USX,NYB
2022-03-14,220.5,224.0500030517578,218.8000030517578,219.64999389648438,219.64999389648438,27.0,KC=F,USX,NYB
2022-03-15,211.5,211.5,211.5,212.3000030517578,212.3000030517578,8.0,KC=F,USX,NYB
2022-03-16,214.3000030517578,214.3000030517578,211.3000030517578,218.60000610351562,218.60000610351562,10.0,KC=F,USX,NYB
2022-03-17,216.0,218.0,216.0,217.3000030517578,217.3000030517578,6.0,KC=F,USX,NYB
2022-03-18,220.3000030517578,220.3000030517578,220.3000030517578,220.3000030517578,220.3000030517578,4.0,KC=F,USX,NYB
2022-03-21,222.64999389648438,222.64999389648438,222.64999389648438,225.85000610351562,225.85000610351562,13992.0,KC=F,USX,NYB
2022-03-22,224.89999389648438,227.85000610351562,223.3000030517578,225.0500030517578,225.0500030517578,14170.0,KC=F,USX,NYB
2022-03-23,224.1999969482422,228.64999389648438,223.1999969482422,225.3000030517578,225.3000030517578,12995.0,KC=F,USX,NYB
2022-03-24,225.6999969482422,227.10000610351562,220.5500030517578,221.85000610351562,221.85000610351562,11844.0,KC=F,USX,NYB
2022-03-25,222.9499969482422,223.1999969482422,219.39999389648438,221.85000610351562,221.85000610351562,9393.0,KC=F,USX,NYB
2022-03-28,221.75,222.9499969482422,212.5,214.5500030517578,214.5500030517578,23422.0,KC=F,USX,NYB
2022-03-29,215.25,217.39999389648438,214.0,215.6999969482422,215.6999969482422,12360.0,KC=F,USX,NYB
2022-03-30,215.5500030517578,223.1999969482422,213.10000610351562,221.85000610351562,221.85000610351562,16235.0,KC=F,USX,NYB
2022-03-31,222.0500030517578,227.64999389648438,220.14999389648438,226.39999389648438,226.39999389648438,18054.0,KC=F,USX,NYB
2022-04-01,226.0,230.39999389648438,224.8000030517578,228.39999389648438,228.39999389648438,13418.0,KC=F,USX,NYB
2022-04-04,227.8000030517578,231.85000610351562,226.25,230.60000610351562,230.60000610351562,20019.0,KC=F,USX,NYB
2022-04-05,231.6999969482422,232.25,228.8000030517578,231.3000030517578,231.3000030517578,20022.0,KC=F,USX,NYB
2022-04-06,230.9499969482422,231.5500030517578,225.0,227.60000610351562,227.60000610351562,30556.0,KC=F,USX,NYB
2022-04-07,229.1999969482422,230.25,224.1999969482422,226.14999389648438,226.14999389648438,29011.0,KC=F,USX,NYB
2022-04-08,225.14999389648438,233.0,224.8000030517578,231.64999389648438,231.64999389648438,34344.0,KC=F,USX,NYB
2022-04-11,231.64999389648438,237.60000610351562,230.9499969482422,236.60000610351562,236.60000610351562,28212.0,KC=F,USX,NYB
2022-04-12,237.39999389648438,237.75,232.75,233.60000610351562,233.60000610351562,19657.0,KC=F,USX,NYB
2022-04-13,233.85000610351562,235.0,224.64999389648438,225.0500030517578,225.0500030517578,25953.0,KC=F,USX,NYB
2022-04-14,225.85000610351562,227.6999969482422,221.0,223.60000610351562,223.60000610351562,15622.0,KC=F,USX,NYB
2022-04-18,224.3000030517578,225.60000610351562,220.0,223.5,223.5,7035.0,KC=F,USX,NYB
2022-04-19,223.5,224.8000030517578,219.75,221.3000030517578,221.3000030517578,11586.0,KC=F,USX,NYB
2022-04-20,222.0,222.9499969482422,217.25,218.8000030517578,218.8000030517578,9957.0,KC=F,USX,NYB
2022-04-21,220.25,228.14999389648438,218.0,228.14999389648438,228.14999389648438,258.0,KC=F,USX,NYB
2022-04-22,227.5,229.64999389648438,226.0,227.3000030517578,227.3000030517578,70.0,KC=F,USX,NYB
2022-04-25,226.39999389648438,226.39999389648438,221.1999969482422,220.8000030517578,220.8000030517578,36.0,KC=F,USX,NYB
2022-04-26,223.0,223.0,220.60000610351562,221.39999389648438,221.39999389648438,37.0,KC=F,USX,NYB
2022-04-27,220.3000030517578,220.39999389648438,215.0,215.9499969482422,215.9499969482422,114.0,KC=F,USX,NYB
2022-04-28,217.0,218.39999389648438,214.64999389648438,217.89999389648438,217.89999389648438,144.0,KC=F,USX,NYB
2022-04-29,222.5500030517578,222.5500030517578,222.5500030517578,222.5500030517578,222.5500030517578,7.0,KC=F,USX,NYB
2022-05-02,217.6999969482422,217.6999969482422,215.10000610351562,216.39999389648438,216.39999389648438,61.0,KC=F,USX,NYB
2022-05-03,216.9499969482422,220.3000030517578,216.9499969482422,218.1999969482422,218.1999969482422,12.0,KC=F,USX,NYB
2022-05-04,219.85000610351562,221.0500030517578,219.85000610351562,221.1999969482422,221.1999969482422,3.0,KC=F,USX,NYB
2022-05-05,218.5,218.5,218.0,218.39999389648438,218.39999389648438,40.0,KC=F,USX,NYB
2022-05-06,214.5500030517578,214.5500030517578,211.4499969482422,211.60000610351562,211.60000610351562,8.0,KC=F,USX,NYB
2022-05-09,212.0,212.0,204.5500030517578,206.3000030517578,206.3000030517578,26.0,KC=F,USX,NYB
2022-05-10,206.25,207.6999969482422,206.25,204.0,204.0,10.0,KC=F,USX,NYB
2022-05-11,220.10000610351562,220.10000610351562,220.10000610351562,220.10000610351562,220.10000610351562,0.0,KC=F,USX,NYB
2022-05-12,216.39999389648438,217.1999969482422,205.5500030517578,215.0,215.0,118.0,KC=F,USX,NYB
2022-05-13,212.89999389648438,212.89999389648438,212.89999389648438,212.89999389648438,212.89999389648438,1.0,KC=F,USX,NYB
2022-05-16,224.0,224.0,223.5,225.8000030517578,225.8000030517578,5.0,KC=F,USX,NYB
2022-05-17,228.1999969482422,228.1999969482422,228.1999969482422,228.1999969482422,228.1999969482422,0.0,KC=F,USX,NYB
2022-05-18,218.60000610351562,218.60000610351562,218.60000610351562,218.60000610351562,218.60000610351562,18109.0,KC=F,USX,NYB
2022-05-19,218.0,219.39999389648438,213.1999969482422,218.6999969482422,218.6999969482422,14519.0,KC=F,USX,NYB
2022-05-20,221.89999389648438,223.3000030517578,214.3000030517578,215.85000610351562,215.85000610351562,14559.0,KC=F,USX,NYB
2022-05-23,216.85000610351562,217.6999969482422,214.75,215.75,215.75,12024.0,KC=F,USX,NYB
2022-05-24,215.25,215.60000610351562,211.0,213.64999389648438,213.64999389648438,15176.0,KC=F,USX,NYB
2022-05-25,213.1999969482422,218.3000030517578,212.25,217.0500030517578,217.0500030517578,17428.0,KC=F,USX,NYB
2022-05-26,216.85000610351562,227.3000030517578,216.5,226.60000610351562,226.60000610351562,20947.0,KC=F,USX,NYB
2022-05-27,225.10000610351562,229.89999389648438,224.1999969482422,229.4499969482422,229.4499969482422,14248.0,KC=F,USX,NYB
2022-05-31,228.3000030517578,233.8000030517578,223.85000610351562,231.25,231.25,25579.0,KC=F,USX,NYB
2022-06-01,232.0500030517578,240.64999389648438,232.0500030517578,239.4499969482422,239.4499969482422,30339.0,KC=F,USX,NYB
2022-06-02,239.4499969482422,242.0,236.9499969482422,238.25,238.25,19679.0,KC=F,USX,NYB
2022-06-03,236.14999389648438,240.0,231.4499969482422,232.39999389648438,232.39999389648438,19089.0,KC=F,USX,NYB
2022-06-06,233.60000610351562,240.4499969482422,232.85000610351562,237.5500030517578,237.5500030517578,27694.0,KC=F,USX,NYB
2022-06-07,235.39999389648438,238.64999389648438,230.75,232.14999389648438,232.14999389648438,28721.0,KC=F,USX,NYB
2022-06-08,233.0,234.60000610351562,229.85000610351562,231.85000610351562,231.85000610351562,21824.0,KC=F,USX,NYB
2022-06-09,231.25,235.6999969482422,230.3000030517578,234.64999389648438,234.64999389648438,23006.0,KC=F,USX,NYB
2022-06-10,234.0,235.4499969482422,227.8000030517578,228.89999389648438,228.89999389648438,38907.0,KC=F,USX,NYB
2022-06-13,226.8000030517578,227.85000610351562,218.89999389648438,223.35000610351562,223.35000610351562,22838.0,KC=F,USX,NYB
2022-06-14,224.25,229.25,222.89999389648438,226.9499969482422,226.9499969482422,12874.0,KC=F,USX,NYB
2022-06-15,225.85000610351562,229.6999969482422,221.75,228.5,228.5,9194.0,KC=F,USX,NYB
2022-06-16,228.5,233.0,226.1999969482422,231.9499969482422,231.9499969482422,5592.0,KC=F,USX,NYB
2022-06-17,232.6999969482422,234.5,226.8000030517578,227.64999389648438,227.64999389648438,9111.0,KC=F,USX,NYB
2022-06-21,227.89999389648438,236.39999389648438,227.89999389648438,233.10000610351562,233.10000610351562,14715.0,KC=F,USX,NYB
2022-06-22,233.9499969482422,239.0,232.5,238.60000610351562,238.60000610351562,295.0,KC=F,USX,NYB
2022-06-23,238.5,238.5,231.6999969482422,232.4499969482422,232.4499969482422,556.0,KC=F,USX,NYB
2022-06-24,231.25,234.4499969482422,226.0,226.60000610351562,226.60000610351562,137.0,KC=F,USX,NYB
2022-06-27,227.39999389648438,229.1999969482422,224.25,226.0,226.0,69.0,KC=F,USX,NYB
2022-06-28,224.5,224.9499969482422,221.25,221.89999389648438,221.89999389648438,23.0,KC=F,USX,NYB
2022-06-29,223.3000030517578,232.64999389648438,223.25,232.64999389648438,232.64999389648438,28.0,KC=F,USX,NYB
2022-06-30,233.6999969482422,233.6999969482422,233.6999969482422,233.60000610351562,233.60000610351562,8.0,KC=F,USX,NYB
2022-07-01,232.85000610351562,232.85000610351562,227.89999389648438,228.4499969482422,228.4499969482422,72.0,KC=F,USX,NYB
2022-07-05,227.5,227.5,224.9499969482422,224.64999389648438,224.64999389648438,12.0,KC=F,USX,NYB
2022-07-06,223.5500030517578,223.5500030517578,222.25,222.5,222.5,2.0,KC=F,USX,NYB
2022-07-07,225.75,225.75,225.75,222.1999969482422,222.1999969482422,1.0,KC=F,USX,NYB
2022-07-08,222.35000610351562,222.35000610351562,219.0,222.89999389648438,222.89999389648438,75.0,KC=F,USX,NYB
2022-07-11,222.6999969482422,222.6999969482422,222.6999969482422,216.89999389648438,216.89999389648438,10.0,KC=F,USX,NYB
2022-07-12,216.0,216.0,209.0,209.25,209.25,9.0,KC=F,USX,NYB
2022-07-13,209.8000030517578,209.8000030517578,209.8000030517578,211.25,211.25,2.0,KC=F,USX,NYB
2022-07-14,199.1999969482422,199.1999969482422,199.1999969482422,199.1999969482422,199.1999969482422,0.0,KC=F,USX,NYB
2022-07-15,203.6999969482422,203.6999969482422,203.6999969482422,203.6999969482422,203.6999969482422,0.0,KC=F,USX,NYB
2022-07-18,216.3000030517578,216.3000030517578,216.3000030517578,219.10000610351562,219.10000610351562,2.0,KC=F,USX,NYB
2022-07-19,220.39999389648438,220.39999389648438,220.39999389648438,220.39999389648438,220.39999389648438,14040.0,KC=F,USX,NYB
2022-07-20,216.0,218.60000610351562,213.9499969482422,218.14999389648438,218.14999389648438,13331.0,KC=F,USX,NYB
2022-07-21,217.3000030517578,218.25,214.3000030517578,215.85000610351562,215.85000610351562,11857.0,KC=F,USX,NYB
2022-07-22,214.8000030517578,214.8000030517578,205.5,206.6999969482422,206.6999969482422,21963.0,KC=F,USX,NYB
2022-07-25,205.1999969482422,211.25,204.1999969482422,210.0500030517578,210.0500030517578,15069.0,KC=F,USX,NYB
2022-07-26,210.5,215.10000610351562,209.64999389648438,213.1999969482422,213.1999969482422,13848.0,KC=F,USX,NYB
2022-07-27,213.0500030517578,220.25,212.5500030517578,219.10000610351562,219.10000610351562,19700.0,KC=F,USX,NYB
2022-07-28,219.3000030517578,221.39999389648438,214.25,218.39999389648438,218.39999389648438,14416.0,KC=F,USX,NYB
2022-07-29,219.39999389648438,220.39999389648438,211.9499969482422,217.1999969482422,217.1999969482422,19367.0,KC=F,USX,NYB
2022-08-01,217.5500030517578,222.1999969482422,210.39999389648438,213.1999969482422,213.1999969482422,19378.0,KC=F,USX,NYB
2022-08-02,211.6999969482422,212.8000030517578,205.89999389648438,209.89999389648438,209.89999389648438,18769.0,KC=F,USX,NYB
2022-08-03,207.8000030517578,218.5500030517578,207.39999389648438,214.64999389648438,214.64999389648438,19564.0,KC=F,USX,NYB
2022-08-04,214.8000030517578,220.4499969482422,214.14999389648438,219.3000030517578,219.3000030517578,22022.0,KC=F,USX,NYB
2022-08-05,220.10000610351562,221.9499969482422,208.5500030517578,209.4499969482422,209.4499969482422,36198.0,KC=F,USX,NYB
2022-08-08,210.39999389648438,215.6999969482422,207.5,211.85000610351562,211.85000610351562,25344.0,KC=F,USX,NYB
2022-08-09,212.0,213.5,208.1999969482422,212.75,212.75,21427.0,KC=F,USX,NYB
2022-08-10,212.75,221.35000610351562,212.60000610351562,220.4499969482422,220.4499969482422,21800.0,KC=F,USX,NYB
2022-08-11,221.1999969482422,224.4499969482422,215.25,223.9499969482422,223.9499969482422,20781.0,KC=F,USX,NYB
2022-08-12,223.85000610351562,227.6999969482422,221.25,226.60000610351562,226.60000610351562,16572.0,KC=F,USX,NYB
2022-08-15,226.0500030517578,226.25,221.64999389648438,225.5,225.5,10182.0,KC=F,USX,NYB
2022-08-16,224.89999389648438,225.0,218.6999969482422,219.35000610351562,219.35000610351562,11230.0,KC=F,USX,NYB
2022-08-17,219.0,222.10000610351562,215.89999389648438,217.4499969482422,217.4499969482422,5865.0,KC=F,USX,NYB
2022-08-18,218.0,220.6999969482422,214.35000610351562,214.6999969482422,214.6999969482422,7487.0,KC=F,USX,NYB
2022-08-19,215.1999969482422,217.5500030517578,212.60000610351562,215.9499969482422,215.9499969482422,9615.0,KC=F,USX,NYB
2022-08-22,215.0,225.60000610351562,213.5500030517578,224.3000030517578,224.3000030517578,10077.0,KC=F,USX,NYB
2022-08-23,224.5500030517578,231.60000610351562,222.8000030517578,230.64999389648438,230.64999389648438,242.0,KC=F,USX,NYB
2022-08-24,234.35000610351562,242.35000610351562,234.35000610351562,242.9499969482422,242.9499969482422,62.0,KC=F,USX,NYB
2022-08-25,242.64999389648438,246.89999389648438,241.9499969482422,243.39999389648438,243.39999389648438,20.0,KC=F,USX,NYB
2022-08-26,242.60000610351562,245.25,242.4499969482422,242.0,242.0,18.0,KC=F,USX,NYB
2022-08-29,240.5500030517578,240.5500030517578,240.5500030517578,240.5,240.5,1.0,KC=F,USX,NYB
2022-08-30,238.75,241.75,238.75,239.14999389648438,239.14999389648438,14.0,KC=F,USX,NYB
2022-08-31,240.75,240.75,239.64999389648438,239.10000610351562,239.10000610351562,12.0,KC=F,USX,NYB
2022-09-01,238.5500030517578,238.5500030517578,236.60000610351562,236.35000610351562,236.35000610351562,6.0,KC=F,USX,NYB
2022-09-02,236.89999389648438,237.5500030517578,232.3000030517578,232.64999389648438,232.64999389648438,7.0,KC=F,USX,NYB
2022-09-06,232.0,234.0,232.0,233.89999389648438,233.89999389648438,3.0,KC=F,USX,NYB
2022-09-07,229.3000030517578,229.5,227.1999969482422,226.89999389648438,226.89999389648438,8.0,KC=F,USX,NYB
2022-09-08,227.5,227.5,225.60000610351562,225.85000610351562,225.85000610351562,4.0,KC=F,USX,NYB
2022-09-09,229.6999969482422,229.6999969482422,229.6999969482422,231.5,231.5,13.0,KC=F,USX,NYB
2022-09-12,227.5,228.14999389648438,227.5,227.75,227.75,16.0,KC=F,USX,NYB
2022-09-13,225.85000610351562,225.85000610351562,221.5,223.9499969482422,223.9499969482422,11.0,KC=F,USX,NYB
2022-09-14,225.85000610351562,225.85000610351562,215.75,217.60000610351562,217.60000610351562,26.0,KC=F,USX,NYB
2022-09-15,219.1999969482422,219.1999969482422,219.1999969482422,219.14999389648438,219.14999389648438,1.0,KC=F,USX,NYB
2022-09-16,216.14999389648438,216.14999389648438,216.14999389648438,218.0500030517578,218.0500030517578,3.0,KC=F,USX,NYB
2022-09-19,224.0500030517578,224.0500030517578,224.0500030517578,224.0500030517578,224.0500030517578,0.0,KC=F,USX,NYB
2022-09-20,228.10000610351562,228.10000610351562,228.10000610351562,228.10000610351562,228.10000610351562,16865.0,KC=F,USX,NYB
2022-09-21,224.6999969482422,226.39999389648438,219.39999389648438,221.3000030517578,221.3000030517578,11658.0,KC=F,USX,NYB
2022-09-22,220.75,224.39999389648438,218.10000610351562,223.5500030517578,223.5500030517578,11419.0,KC=F,USX,NYB
2022-09-23,222.39999389648438,223.39999389648438,217.25,220.4499969482422,220.4499969482422,12356.0,KC=F,USX,NYB
2022-09-26,218.5,232.0500030517578,218.39999389648438,223.8000030517578,223.8000030517578,23523.0,KC=F,USX,NYB
2022-09-27,225.0,229.0500030517578,222.89999389648438,224.35000610351562,224.35000610351562,15720.0,KC=F,USX,NYB
2022-09-28,223.9499969482422,229.39999389648438,220.35000610351562,228.6999969482422,228.6999969482422,17981.0,KC=F,USX,NYB
2022-09-29,228.1999969482422,229.75,224.1999969482422,225.6999969482422,225.6999969482422,14501.0,KC=F,USX,NYB
2022-09-30,225.1999969482422,226.4499969482422,220.89999389648438,221.5500030517578,221.5500030517578,16727.0,KC=F,USX,NYB
2022-10-03,220.8000030517578,222.64999389648438,214.75,215.75,215.75,22478.0,KC=F,USX,NYB
2022-10-04,216.5500030517578,222.4499969482422,216.3000030517578,219.3000030517578,219.3000030517578,20035.0,KC=F,USX,NYB
2022-10-05,219.64999389648438,226.3000030517578,218.10000610351562,224.64999389648438,224.64999389648438,23923.0,KC=F,USX,NYB
2022-10-06,226.25,226.4499969482422,216.75,217.6999969482422,217.6999969482422,22410.0,KC=F,USX,NYB
2022-10-07,217.9499969482422,221.0500030517578,213.8000030517578,218.10000610351562,218.10000610351562,21179.0,KC=F,USX,NYB
2022-10-10,217.0,219.35000610351562,215.35000610351562,217.4499969482422,217.4499969482422,11673.0,KC=F,USX,NYB
2022-10-11,216.89999389648438,220.89999389648438,215.14999389648438,217.85000610351562,217.85000610351562,15733.0,KC=F,USX,NYB
2022-10-12,217.39999389648438,218.85000610351562,209.1999969482422,209.75,209.75,31777.0,KC=F,USX,NYB
2022-10-13,209.6999969482422,210.60000610351562,201.10000610351562,202.14999389648438,202.14999389648438,34565.0,KC=F,USX,NYB
2022-10-14,203.0,204.60000610351562,195.64999389648438,196.6999969482422,196.6999969482422,31214.0,KC=F,USX,NYB
2022-10-17,197.5,199.6999969482422,194.0500030517578,195.5500030517578,195.5500030517578,21872.0,KC=F,USX,NYB
2022-10-18,196.3000030517578,197.8000030517578,193.1999969482422,195.10000610351562,195.10000610351562,18453.0,KC=F,USX,NYB
2022-10-19,195.10000610351562,196.4499969482422,190.14999389648438,192.3000030517578,192.3000030517578,19265.0,KC=F,USX,NYB
2022-10-20,190.14999389648438,194.60000610351562,188.1999969482422,191.0500030517578,191.0500030517578,20022.0,KC=F,USX,NYB
2022-10-21,188.6999969482422,192.5500030517578,186.1999969482422,190.89999389648438,190.89999389648438,17813.0,KC=F,USX,NYB
2022-10-24,190.0500030517578,194.14999389648438,188.89999389648438,190.39999389648438,190.39999389648438,18487.0,KC=F,USX,NYB
2022-10-25,191.10000610351562,192.8000030517578,183.3000030517578,185.8000030517578,185.8000030517578,28943.0,KC=F,USX,NYB
2022-10-26,184.89999389648438,185.75,179.0500030517578,179.75,179.75,25195.0,KC=F,USX,NYB
2022-10-27,181.0,183.60000610351562,178.10000610351562,178.85000610351562,178.85000610351562,19567.0,KC=F,USX,NYB
2022-10-28,178.85000610351562,179.64999389648438,167.75,169.8000030517578,169.8000030517578,30554.0,KC=F,USX,NYB
2022-10-31,171.6999969482422,178.5500030517578,171.5500030517578,177.6999969482422,177.6999969482422,26373.0,KC=F,USX,NYB
2022-11-01,177.85000610351562,180.60000610351562,173.8000030517578,174.60000610351562,174.60000610351562,21709.0,KC=F,USX,NYB
2022-11-02,175.1999969482422,183.39999389648438,175.1999969482422,182.14999389648438,182.14999389648438,19829.0,KC=F,USX,NYB
2022-11-03,181.14999389648438,181.25,170.0,172.1999969482422,172.1999969482422,23035.0,KC=F,USX,NYB
2022-11-04,174.39999389648438,177.89999389648438,173.4499969482422,175.75,175.75,15422.0,KC=F,USX,NYB
2022-11-07,175.6999969482422,177.5500030517578,166.4499969482422,170.5500030517578,170.5500030517578,27609.0,KC=F,USX,NYB
2022-11-08,171.5,172.5500030517578,163.8000030517578,166.4499969482422,166.4499969482422,27557.0,KC=F,USX,NYB
2022-11-09,164.89999389648438,168.4499969482422,163.64999389648438,165.14999389648438,165.14999389648438,22941.0,KC=F,USX,NYB
2022-11-10,165.3000030517578,171.6999969482422,162.89999389648438,171.0,171.0,23681.0,KC=F,USX,NYB
2022-11-11,170.25,173.6999969482422,168.6999969482422,170.10000610351562,170.10000610351562,18694.0,KC=F,USX,NYB
2022-11-14,168.6999969482422,168.6999969482422,163.39999389648438,166.1999969482422,166.1999969482422,11888.0,KC=F,USX,NYB
2022-11-15,166.14999389648438,167.6999969482422,154.10000610351562,156.75,156.75,12892.0,KC=F,USX,NYB
2022-11-16,158.89999389648438,159.5500030517578,154.3000030517578,155.4499969482422,155.4499969482422,7028.0,KC=F,USX,NYB
2022-11-17,154.89999389648438,156.14999389648438,150.60000610351562,152.6999969482422,152.6999969482422,6069.0,KC=F,USX,NYB
2022-11-18,153.64999389648438,157.0500030517578,150.75,151.3000030517578,151.3000030517578,4246.0,KC=F,USX,NYB
2022-11-21,151.5,159.0,150.4499969482422,157.5,157.5,303.0,KC=F,USX,NYB
2022-11-22,160.0,162.25,160.0,161.8000030517578,161.8000030517578,14.0,KC=F,USX,NYB
2022-11-23,163.85000610351562,163.85000610351562,160.1999969482422,160.10000610351562,160.10000610351562,19.0,KC=F,USX,NYB
2022-11-25,162.3000030517578,162.3000030517578,162.3000030517578,163.5500030517578,163.5500030517578,14.0,KC=F,USX,NYB
2022-11-28,162.89999389648438,162.89999389648438,160.85000610351562,160.64999389648438,160.64999389648438,4.0,KC=F,USX,NYB
2022-11-29,166.6999969482422,166.6999969482422,166.6999969482422,166.6999969482422,166.6999969482422,4.0,KC=F,USX,NYB
2022-11-30,167.5,167.5,167.5,167.6999969482422,167.6999969482422,1.0,KC=F,USX,NYB
2022-12-01,170.0,170.4499969482422,170.0,163.35000610351562,163.35000610351562,2.0,KC=F,USX,NYB
2022-12-02,159.64999389648438,161.4499969482422,159.64999389648438,160.14999389648438,160.14999389648438,11.0,KC=F,USX,NYB
2022-12-05,160.14999389648438,160.14999389648438,160.14999389648438,160.14999389648438,160.14999389648438,0.0,KC=F,USX,NYB
2022-12-06,161.10000610351562,161.10000610351562,161.10000610351562,161.0500030517578,161.0500030517578,1.0,KC=F,USX,NYB
2022-12-07,157.6999969482422,157.6999969482422,157.6999969482422,157.6999969482422,157.6999969482422,8.0,KC=F,USX,NYB
2022-12-08,158.5,158.5,157.0,156.89999389648438,156.89999389648438,8.0,KC=F,USX,NYB
2022-12-09,158.5,158.5,157.0,157.75,157.75,35.0,KC=F,USX,NYB
2022-12-12,156.3000030517578,156.5,155.0,166.35000610351562,166.35000610351562,20.0,KC=F,USX,NYB
2022-12-13,165.5,165.5,165.0,167.14999389648438,167.14999389648438,29.0,KC=F,USX,NYB
2022-12-14,167.0,169.60000610351562,166.5,168.3000030517578,168.3000030517578,104.0,KC=F,USX,NYB
2022-12-15,171.5,171.5,171.5,171.5,171.5,2.0,KC=F,USX,NYB
2022-12-16,164.14999389648438,164.14999389648438,164.14999389648438,164.14999389648438,164.14999389648438,0.0,KC=F,USX,NYB
2022-12-19,164.0500030517578,164.0500030517578,164.0500030517578,164.0500030517578,164.0500030517578,12459.0,KC=F,USX,NYB
2022-12-20,164.5,169.64999389648438,164.1999969482422,167.8000030517578,167.8000030517578,12859.0,KC=F,USX,NYB
2022-12-21,168.5,170.35000610351562,167.10000610351562,169.35000610351562,169.35000610351562,10144.0,KC=F,USX,NYB
2022-12-22,169.10000610351562,170.1999969482422,165.14999389648438,168.89999389648438,168.89999389648438,10468.0,KC=F,USX,NYB
2022-12-23,168.89999389648438,172.64999389648438,168.8000030517578,172.0,172.0,9136.0,KC=F,USX,NYB
2022-12-27,171.0,171.0,165.6999969482422,166.9499969482422,166.9499969482422,10951.0,KC=F,USX,NYB
2022-12-28,166.75,174.9499969482422,166.6999969482422,173.5500030517578,173.5500030517578,16432.0,KC=F,USX,NYB
2022-12-29,172.9499969482422,173.39999389648438,169.25,170.0500030517578,170.0500030517578,10617.0,KC=F,USX,NYB
2022-12-30,169.10000610351562,172.4499969482422,165.14999389648438,167.3000030517578,167.3000030517578,13417.0,KC=F,USX,NYB
2023-01-03,166.4499969482422,171.14999389648438,164.64999389648438,166.3000030517578,166.3000030517578,18913.0,KC=F,USX,NYB
2023-01-04,167.25,167.9499969482422,159.25,161.3000030517578,161.3000030517578,21948.0,KC=F,USX,NYB
2023-01-05,162.25,163.14999389648438,159.5,160.5500030517578,160.5500030517578,15424.0,KC=F,USX,NYB
2023-01-06,160.10000610351562,162.5500030517578,157.14999389648438,158.3000030517578,158.3000030517578,16254.0,KC=F,USX,NYB
2023-01-09,158.3000030517578,161.1999969482422,156.39999389648438,158.0500030517578,158.0500030517578,23893.0,KC=F,USX,NYB
2023-01-10,157.0,158.0500030517578,149.10000610351562,150.89999389648438,150.89999389648438,36499.0,KC=F,USX,NYB
2023-01-11,149.8000030517578,150.5,142.0500030517578,143.89999389648438,143.89999389648438,37941.0,KC=F,USX,NYB
2023-01-12,143.89999389648438,150.75,143.89999389648438,149.39999389648438,149.39999389648438,30546.0,KC=F,USX,NYB
2023-01-13,150.5500030517578,152.35000610351562,147.0,151.6999969482422,151.6999969482422,23810.0,KC=F,USX,NYB
2023-01-17,150.5,152.10000610351562,148.5,151.10000610351562,151.10000610351562,16457.0,KC=F,USX,NYB
2023-01-18,151.5500030517578,156.0500030517578,151.5,155.0,155.0,18098.0,KC=F,USX,NYB
2023-01-19,154.5,157.5500030517578,153.60000610351562,154.60000610351562,154.60000610351562,18129.0,KC=F,USX,NYB
2023-01-20,154.4499969482422,155.39999389648438,151.85000610351562,154.8000030517578,154.8000030517578,12912.0,KC=F,USX,NYB
2023-01-23,154.75,159.9499969482422,154.5,158.5500030517578,158.5500030517578,25536.0,KC=F,USX,NYB
2023-01-24,158.9499969482422,161.25,156.85000610351562,159.85000610351562,159.85000610351562,21920.0,KC=F,USX,NYB
2023-01-25,160.0,163.3000030517578,159.60000610351562,162.4499969482422,162.4499969482422,18753.0,KC=F,USX,NYB
2023-01-26,162.64999389648438,167.75,162.4499969482422,167.14999389648438,167.14999389648438,24862.0,KC=F,USX,NYB
2023-01-27,167.10000610351562,170.14999389648438,165.9499969482422,169.89999389648438,169.89999389648438,26795.0,KC=F,USX,NYB
2023-01-30,168.0,171.64999389648438,167.0500030517578,170.39999389648438,170.39999389648438,25647.0,KC=F,USX,NYB
2023-01-31,170.0500030517578,182.8000030517578,169.85000610351562,181.75,181.75,46686.0,KC=F,USX,NYB
2023-02-01,180.3000030517578,184.1999969482422,175.5500030517578,175.89999389648438,175.89999389648438,31812.0,KC=F,USX,NYB
2023-02-02,177.0,181.35000610351562,176.5500030517578,177.89999389648438,177.89999389648438,20530.0,KC=F,USX,NYB
2023-02-03,176.39999389648438,177.89999389648438,172.0500030517578,172.8000030517578,172.8000030517578,27217.0,KC=F,USX,NYB
2023-02-06,172.5500030517578,176.9499969482422,171.25,175.6999969482422,175.6999969482422,24699.0,KC=F,USX,NYB
2023-02-07,177.14999389648438,178.5,172.9499969482422,177.0500030517578,177.0500030517578,37402.0,KC=F,USX,NYB
2023-02-08,177.0,177.60000610351562,174.3000030517578,175.60000610351562,175.60000610351562,28501.0,KC=F,USX,NYB
2023-02-09,175.89999389648438,177.0500030517578,172.0500030517578,173.64999389648438,173.64999389648438,25230.0,KC=F,USX,NYB
2023-02-10,174.6999969482422,177.1999969482422,174.0,174.75,174.75,26854.0,KC=F,USX,NYB
2023-02-13,174.5,179.75,174.0,177.0500030517578,177.0500030517578,18227.0,KC=F,USX,NYB
2023-02-14,178.0,184.0,177.5500030517578,183.5500030517578,183.5500030517578,13233.0,KC=F,USX,NYB
2023-02-15,181.89999389648438,182.75,175.25,176.85000610351562,176.85000610351562,10888.0,KC=F,USX,NYB
2023-02-16,178.25,183.25,176.75,180.6999969482422,180.6999969482422,4543.0,KC=F,USX,NYB
2023-02-17,180.85000610351562,189.85000610351562,179.9499969482422,188.6999969482422,188.6999969482422,315.0,KC=F,USX,NYB
2023-02-21,188.3000030517578,197.3000030517578,188.3000030517578,194.4499969482422,194.4499969482422,123.0,KC=F,USX,NYB
2023-02-22,194.5500030517578,199.75,194.5500030517578,199.5,199.5,42.0,KC=F,USX,NYB
2023-02-23,197.6999969482422,197.6999969482422,193.25,193.64999389648438,193.64999389648438,38.0,KC=F,USX,NYB
2023-02-24,192.89999389648438,192.89999389648438,190.25,191.1999969482422,191.1999969482422,7.0,KC=F,USX,NYB
2023-02-27,189.89999389648438,189.89999389648438,189.75,190.6999969482422,190.6999969482422,2.0,KC=F,USX,NYB
2023-02-28,190.39999389648438,190.39999389648438,190.39999389648438,190.39999389648438,190.39999389648438,24.0,KC=F,USX,NYB
2023-03-01,188.0,188.0,185.0,185.3000030517578,185.3000030517578,53.0,KC=F,USX,NYB
2023-03-02,183.9499969482422,183.9499969482422,183.9499969482422,183.9499969482422,183.9499969482422,0.0,KC=F,USX,NYB
2023-03-03,181.0,181.6999969482422,180.39999389648438,180.8000030517578,180.8000030517578,6.0,KC=F,USX,NYB
2023-03-06,180.8000030517578,182.0,180.60000610351562,182.4499969482422,182.4499969482422,11.0,KC=F,USX,NYB
2023-03-07,182.14999389648438,182.14999389648438,182.14999389648438,184.5500030517578,184.5500030517578,4.0,KC=F,USX,NYB
2023-03-08,180.0,180.0,179.0,179.5500030517578,179.5500030517578,9.0,KC=F,USX,NYB
2023-03-09,178.14999389648438,182.10000610351562,177.0,178.0,178.0,52.0,KC=F,USX,NYB
2023-03-10,180.0500030517578,182.35000610351562,180.0500030517578,182.25,182.25,25.0,KC=F,USX,NYB
2023-03-13,175.0,183.6999969482422,175.0,183.1999969482422,183.1999969482422,2.0,KC=F,USX,NYB
2023-03-14,180.89999389648438,180.89999389648438,180.89999389648438,180.89999389648438,180.89999389648438,5.0,KC=F,USX,NYB
2023-03-15,177.25,177.25,177.25,178.0500030517578,178.0500030517578,2.0,KC=F,USX,NYB
2023-03-16,185.5,185.5,185.5,185.5,185.5,0.0,KC=F,USX,NYB
2023-03-17,181.64999389648438,182.25,181.64999389648438,183.0,183.0,66.0,KC=F,USX,NYB
2023-03-20,184.89999389648438,184.89999389648438,184.89999389648438,184.89999389648438,184.89999389648438,1.0,KC=F,USX,NYB
2023-03-21,186.6999969482422,186.6999969482422,186.6999969482422,186.6999969482422,186.6999969482422,13969.0,KC=F,USX,NYB
2023-03-22,179.5500030517578,181.10000610351562,176.6999969482422,178.0,178.0,13546.0,KC=F,USX,NYB
2023-03-23,178.75,179.39999389648438,173.89999389648438,174.3000030517578,174.3000030517578,14587.0,KC=F,USX,NYB
2023-03-24,174.8000030517578,179.85000610351562,172.60000610351562,179.25,179.25,18107.0,KC=F,USX,NYB
2023-03-27,178.5,184.0,175.9499969482422,176.89999389648438,176.89999389648438,23743.0,KC=F,USX,NYB
2023-03-28,177.5,178.6999969482422,173.5,173.75,173.75,19185.0,KC=F,USX,NYB
2023-03-29,174.6999969482422,175.25,168.60000610351562,169.6999969482422,169.6999969482422,25133.0,KC=F,USX,NYB
2023-03-30,171.0,172.5,168.14999389648438,169.8000030517578,169.8000030517578,27283.0,KC=F,USX,NYB
2023-03-31,170.0,171.6999969482422,166.14999389648438,170.5,170.5,32077.0,KC=F,USX,NYB
2023-04-03,171.3000030517578,178.35000610351562,171.25,176.25,176.25,25785.0,KC=F,USX,NYB
2023-04-04,176.10000610351562,177.4499969482422,173.10000610351562,174.85000610351562,174.85000610351562,17847.0,KC=F,USX,NYB
2023-04-05,175.1999969482422,181.5,175.1999969482422,180.14999389648438,180.14999389648438,23598.0,KC=F,USX,NYB
2023-04-06,179.5500030517578,184.5500030517578,177.9499969482422,183.60000610351562,183.60000610351562,0.0,KC=F,USX,NYB
2023-04-10,183.60000610351562,186.8000030517578,181.60000610351562,182.60000610351562,182.60000610351562,22686.0,KC=F,USX,NYB
2023-04-11,183.4499969482422,191.1999969482422,183.0,190.5,190.5,33560.0,KC=F,USX,NYB
2023-04-12,188.89999389648438,191.35000610351562,187.60000610351562,190.25,190.25,27163.0,KC=F,USX,NYB
2023-04-13,190.0,199.6999969482422,189.35000610351562,196.10000610351562,196.10000610351562,35204.0,KC=F,USX,NYB
2023-04-14,195.64999389648438,199.64999389648438,192.85000610351562,193.39999389648438,193.39999389648438,11459.0,KC=F,USX,NYB
2023-04-17,194.0,201.5,193.5,201.0,201.0,9534.0,KC=F,USX,NYB
2023-04-18,201.0,206.9499969482422,198.35000610351562,205.25,205.25,9424.0,KC=F,USX,NYB
2023-04-19,203.5,207.4499969482422,199.75,202.5500030517578,202.5500030517578,6866.0,KC=F,USX,NYB
2023-04-20,199.1999969482422,199.64999389648438,194.75,195.89999389648438,195.89999389648438,230.0,KC=F,USX,NYB
2023-04-21,197.14999389648438,197.14999389648438,193.5,194.1999969482422,194.1999969482422,81.0,KC=F,USX,NYB
2023-04-24,196.35000610351562,196.85000610351562,195.0,196.75,196.75,10.0,KC=F,USX,NYB
2023-04-25,191.0,192.25,191.0,192.4499969482422,192.4499969482422,13.0,KC=F,USX,NYB
2023-04-26,194.14999389648438,195.85000610351562,194.14999389648438,195.85000610351562,195.85000610351562,12.0,KC=F,USX,NYB
2023-04-27,192.8000030517578,192.8000030517578,192.10000610351562,192.10000610351562,192.10000610351562,16.0,KC=F,USX,NYB
2023-04-28,189.5,190.35000610351562,189.10000610351562,189.85000610351562,189.85000610351562,40.0,KC=F,USX,NYB
2023-05-01,188.25,188.25,187.10000610351562,189.25,189.25,13.0,KC=F,USX,NYB
2023-05-02,188.10000610351562,188.75,187.89999389648438,190.64999389648438,190.64999389648438,22.0,KC=F,USX,NYB
2023-05-03,188.10000610351562,188.10000610351562,185.85000610351562,189.1999969482422,189.1999969482422,138.0,KC=F,USX,NYB
2023-05-04,188.0,188.0,184.5,186.39999389648438,186.39999389648438,137.0,KC=F,USX,NYB
2023-05-05,191.0,191.0,191.0,191.0,191.0,1.0,KC=F,USX,NYB
2023-05-08,186.89999389648438,186.89999389648438,186.89999389648438,186.89999389648438,186.89999389648438,1.0,KC=F,USX,NYB
2023-05-09,187.6999969482422,189.3000030517578,184.5500030517578,188.0,188.0,17.0,KC=F,USX,NYB
2023-05-10,189.3000030517578,189.3000030517578,189.3000030517578,187.4499969482422,187.4499969482422,1.0,KC=F,USX,NYB
2023-05-11,186.0,186.10000610351562,185.5,185.8000030517578,185.8000030517578,10.0,KC=F,USX,NYB
2023-05-12,185.0,186.75,185.0,186.0,186.0,34.0,KC=F,USX,NYB
2023-05-15,192.4499969482422,192.4499969482422,192.4499969482422,193.0500030517578,193.0500030517578,7.0,KC=F,USX,NYB
2023-05-16,196.0,196.5500030517578,196.0,190.35000610351562,190.35000610351562,5.0,KC=F,USX,NYB
2023-05-17,189.5,189.5,189.5,189.85000610351562,189.85000610351562,3.0,KC=F,USX,NYB
2023-05-18,190.4499969482422,190.4499969482422,190.4499969482422,190.4499969482422,190.4499969482422,12733.0,KC=F,USX,NYB
2023-05-19,186.1999969482422,194.39999389648438,186.1999969482422,192.0,192.0,23734.0,KC=F,USX,NYB
2023-05-22,191.0,193.75,186.5500030517578,189.1999969482422,189.1999969482422,22894.0,KC=F,USX,NYB
2023-05-23,189.25,190.3000030517578,185.6999969482422,187.4499969482422,187.4499969482422,16809.0,KC=F,USX,NYB
2023-05-24,188.0500030517578,189.39999389648438,186.60000610351562,188.0,188.0,13608.0,KC=F,USX,NYB
2023-05-25,188.1999969482422,188.39999389648438,181.64999389648438,182.6999969482422,182.6999969482422,24475.0,KC=F,USX,NYB
2023-05-26,182.8000030517578,184.8000030517578,180.3000030517578,181.60000610351562,181.60000610351562,20079.0,KC=F,USX,NYB
2023-05-30,180.0500030517578,181.75,175.89999389648438,177.10000610351562,177.10000610351562,27463.0,KC=F,USX,NYB
2023-05-31,177.14999389648438,179.8000030517578,175.5500030517578,178.64999389648438,178.64999389648438,24936.0,KC=F,USX,NYB
2023-06-01,179.64999389648438,184.6999969482422,179.5,183.0500030517578,183.0500030517578,22533.0,KC=F,USX,NYB
2023-06-02,183.3000030517578,187.8000030517578,179.0500030517578,180.3000030517578,180.3000030517578,27027.0,KC=F,USX,NYB
2023-06-05,179.9499969482422,183.6999969482422,179.35000610351562,183.10000610351562,183.10000610351562,18231.0,KC=F,USX,NYB
2023-06-06,183.10000610351562,184.89999389648438,181.5500030517578,182.60000610351562,182.60000610351562,19024.0,KC=F,USX,NYB
2023-06-07,183.60000610351562,186.60000610351562,182.64999389648438,185.39999389648438,185.39999389648438,28687.0,KC=F,USX,NYB
2023-06-08,186.1999969482422,196.14999389648438,184.60000610351562,194.85000610351562,194.85000610351562,34152.0,KC=F,USX,NYB
2023-06-09,196.60000610351562,196.60000610351562,188.8000030517578,190.64999389648438,190.64999389648438,38480.0,KC=F,USX,NYB
2023-06-12,190.25,192.39999389648438,185.0500030517578,185.5500030517578,185.5500030517578,18584.0,KC=F,USX,NYB
2023-06-13,185.6999969482422,186.75,181.89999389648438,182.75,182.75,12746.0,KC=F,USX,NYB
2023-06-14,182.5500030517578,184.75,181.25,184.39999389648438,184.39999389648438,7870.0,KC=F,USX,NYB
2023-06-15,184.75,188.0500030517578,184.6999969482422,187.0,187.0,9257.0,KC=F,USX,NYB
2023-06-16,187.6999969482422,188.3000030517578,184.3000030517578,184.89999389648438,184.89999389648438,8150.0,KC=F,USX,NYB
2023-06-20,185.10000610351562,185.75,176.39999389648438,177.4499969482422,177.4499969482422,11003.0,KC=F,USX,NYB
2023-06-21,178.89999389648438,178.9499969482422,168.9499969482422,172.0,172.0,2928.0,KC=F,USX,NYB
2023-06-22,173.6999969482422,173.9499969482422,169.60000610351562,171.6999969482422,171.6999969482422,66.0,KC=F,USX,NYB
2023-06-23,167.89999389648438,168.89999389648438,166.5,168.0500030517578,168.0500030517578,112.0,KC=F,USX,NYB
2023-06-26,168.0,169.14999389648438,166.5,167.9499969482422,167.9499969482422,16.0,KC=F,USX,NYB
2023-06-27,168.35000610351562,169.35000610351562,165.5500030517578,169.4499969482422,169.4499969482422,16.0,KC=F,USX,NYB
2023-06-28,170.4499969482422,170.8000030517578,165.0,165.64999389648438,165.64999389648438,45.0,KC=F,USX,NYB
2023-06-29,165.0,165.5500030517578,162.10000610351562,163.60000610351562,163.60000610351562,10.0,KC=F,USX,NYB
2023-06-30,165.89999389648438,165.89999389648438,165.75,161.0,161.0,4.0,KC=F,USX,NYB
2023-07-03,165.1999969482422,165.1999969482422,165.1999969482422,162.5,162.5,1.0,KC=F,USX,NYB
2023-07-05,162.25,162.25,162.25,161.0500030517578,161.0500030517578,10.0,KC=F,USX,NYB
2023-07-06,159.9499969482422,165.3000030517578,159.25,162.35000610351562,162.35000610351562,49.0,KC=F,USX,NYB
2023-07-07,165.0,165.0,165.0,162.8000030517578,162.8000030517578,1.0,KC=F,USX,NYB
2023-07-10,163.5500030517578,163.64999389648438,163.5500030517578,161.75,161.75,2.0,KC=F,USX,NYB
2023-07-11,159.14999389648438,159.5,158.0,159.3000030517578,159.3000030517578,49.0,KC=F,USX,NYB
2023-07-12,158.75,158.75,158.75,158.75,158.75,0.0,KC=F,USX,NYB
2023-07-13,160.6999969482422,160.6999969482422,160.6999969482422,159.35000610351562,159.35000610351562,1.0,KC=F,USX,NYB
2023-07-14,162.4499969482422,162.4499969482422,161.75,161.9499969482422,161.9499969482422,82.0,KC=F,USX,NYB
2023-07-17,158.0500030517578,158.0500030517578,155.5,154.75,154.75,2.0,KC=F,USX,NYB
2023-07-18,155.25,155.25,155.25,155.25,155.25,0.0,KC=F,USX,NYB
2023-07-19,152.35000610351562,152.39999389648438,152.3000030517578,152.4499969482422,152.4499969482422,16087.0,KC=F,USX,NYB
2023-07-20,155.5,160.0,155.25,158.0500030517578,158.0500030517578,19005.0,KC=F,USX,NYB
2023-07-21,158.5500030517578,162.10000610351562,156.5,161.85000610351562,161.85000610351562,18695.0,KC=F,USX,NYB
2023-07-24,161.14999389648438,165.4499969482422,161.0500030517578,163.0,163.0,20332.0,KC=F,USX,NYB
2023-07-25,162.39999389648438,163.85000610351562,161.3000030517578,161.85000610351562,161.85000610351562,15908.0,KC=F,USX,NYB
2023-07-26,161.3000030517578,163.85000610351562,159.25,163.14999389648438,163.14999389648438,15696.0,KC=F,USX,NYB
2023-07-27,164.39999389648438,164.89999389648438,160.0500030517578,161.4499969482422,161.4499969482422,16873.0,KC=F,USX,NYB
2023-07-28,161.3000030517578,161.89999389648438,157.35000610351562,157.89999389648438,157.89999389648438,14783.0,KC=F,USX,NYB
2023-07-31,157.89999389648438,166.0,157.89999389648438,164.64999389648438,164.64999389648438,23117.0,KC=F,USX,NYB
2023-08-01,165.10000610351562,167.39999389648438,162.0500030517578,164.5500030517578,164.5500030517578,20153.0,KC=F,USX,NYB
2023-08-02,164.5500030517578,167.9499969482422,162.75,166.9499969482422,166.9499969482422,22311.0,KC=F,USX,NYB
2023-08-03,166.35000610351562,168.3000030517578,164.0,164.75,164.75,17790.0,KC=F,USX,NYB
2023-08-04,164.0,165.0,161.0,161.35000610351562,161.35000610351562,20244.0,KC=F,USX,NYB
2023-08-07,161.14999389648438,164.89999389648438,160.0500030517578,163.9499969482422,163.9499969482422,27408.0,KC=F,USX,NYB
2023-08-08,162.14999389648438,162.89999389648438,159.5500030517578,161.35000610351562,161.35000610351562,25992.0,KC=F,USX,NYB
2023-08-09,161.85000610351562,162.39999389648438,160.0,160.75,160.75,26488.0,KC=F,USX,NYB
2023-08-10,160.5500030517578,163.60000610351562,159.1999969482422,159.89999389648438,159.89999389648438,28310.0,KC=F,USX,NYB
2023-08-11,159.0500030517578,159.4499969482422,156.0,157.8000030517578,157.8000030517578,27615.0,KC=F,USX,NYB
2023-08-14,157.5,158.3000030517578,150.6999969482422,151.10000610351562,151.10000610351562,21142.0,KC=F,USX,NYB
2023-08-15,150.85000610351562,151.3000030517578,148.0,149.25,149.25,11857.0,KC=F,USX,NYB
2023-08-16,149.75,150.75,147.75,148.89999389648438,148.89999389648438,8371.0,KC=F,USX,NYB
2023-08-17,148.9499969482422,150.0500030517578,145.8000030517578,147.0,147.0,4999.0,KC=F,USX,NYB
2023-08-18,146.9499969482422,149.39999389648438,145.0500030517578,147.4499969482422,147.4499969482422,4867.0,KC=F,USX,NYB
2023-08-21,147.60000610351562,151.8000030517578,147.14999389648438,147.5500030517578,147.5500030517578,6154.0,KC=F,USX,NYB
2023-08-22,147.89999389648438,150.39999389648438,146.10000610351562,146.60000610351562,146.60000610351562,4495.0,KC=F,USX,NYB
2023-08-23,148.64999389648438,152.85000610351562,148.10000610351562,152.9499969482422,152.9499969482422,1085.0,KC=F,USX,NYB
2023-08-24,153.8000030517578,154.25,151.39999389648438,153.0,153.0,52.0,KC=F,USX,NYB
2023-08-25,154.0,154.0,154.0,151.75,151.75,3.0,KC=F,USX,NYB
2023-08-28,152.9499969482422,153.25,152.5,151.8000030517578,151.8000030517578,8.0,KC=F,USX,NYB
2023-08-29,152.35000610351562,153.0500030517578,149.85000610351562,151.35000610351562,151.35000610351562,41.0,KC=F,USX,NYB
2023-08-30,150.0,153.6999969482422,150.0,153.35000610351562,153.35000610351562,21.0,KC=F,USX,NYB
2023-08-31,153.64999389648438,153.64999389648438,153.0,152.6999969482422,152.6999969482422,57.0,KC=F,USX,NYB
2023-09-01,151.5,151.5,151.10000610351562,150.9499969482422,150.9499969482422,10.0,KC=F,USX,NYB
2023-09-05,147.9499969482422,152.5,147.9499969482422,151.39999389648438,151.39999389648438,28.0,KC=F,USX,NYB
2023-09-06,151.75,151.75,151.75,151.75,151.75,0.0,KC=F,USX,NYB
2023-09-07,147.39999389648438,147.39999389648438,147.39999389648438,147.39999389648438,147.39999389648438,20.0,KC=F,USX,NYB
2023-09-08,146.25,146.25,146.25,146.25,146.25,0.0,KC=F,USX,NYB
2023-09-11,151.5500030517578,151.5500030517578,151.5500030517578,151.5500030517578,151.5500030517578,20.0,KC=F,USX,NYB
2023-09-12,151.5500030517578,151.5500030517578,148.35000610351562,150.6999969482422,150.6999969482422,6.0,KC=F,USX,NYB
2023-09-13,151.5500030517578,151.5500030517578,151.5500030517578,151.0500030517578,151.0500030517578,60.0,KC=F,USX,NYB
2023-09-14,153.10000610351562,153.10000610351562,153.10000610351562,153.10000610351562,153.10000610351562,23.0,KC=F,USX,NYB
2023-09-15,158.25,158.25,158.25,158.25,158.25,0.0,KC=F,USX,NYB
2023-09-18,158.6999969482422,158.6999969482422,158.6999969482422,158.6999969482422,158.6999969482422,0.0,KC=F,USX,NYB
2023-09-19,162.5,173.5,162.5,167.5,167.5,28898.0,KC=F,USX,NYB
2023-09-20,160.39999389648438,161.64999389648438,157.64999389648438,158.1999969482422,158.1999969482422,17552.0,KC=F,USX,NYB
2023-09-21,158.0,158.75,154.5,154.85000610351562,154.85000610351562,17108.0,KC=F,USX,NYB
2023-09-22,154.75,155.6999969482422,150.0500030517578,151.14999389648438,151.14999389648438,19795.0,KC=F,USX,NYB
2023-09-25,150.3000030517578,152.10000610351562,148.14999389648438,148.8000030517578,148.8000030517578,20313.0,KC=F,USX,NYB
2023-09-26,148.8000030517578,152.14999389648438,148.4499969482422,150.85000610351562,150.85000610351562,19691.0,KC=F,USX,NYB
2023-09-27,150.4499969482422,150.5,147.5500030517578,149.25,149.25,20447.0,KC=F,USX,NYB
2023-09-28,148.9499969482422,150.25,146.4499969482422,147.1999969482422,147.1999969482422,20343.0,KC=F,USX,NYB
2023-09-29,147.0,147.5,144.9499969482422,146.14999389648438,146.14999389648438,21782.0,KC=F,USX,NYB
2023-10-02,146.0,151.39999389648438,145.8000030517578,149.10000610351562,149.10000610351562,23829.0,KC=F,USX,NYB
2023-10-03,149.14999389648438,149.89999389648438,147.25,148.75,148.75,13623.0,KC=F,USX,NYB
2023-10-04,147.89999389648438,148.9499969482422,145.89999389648438,146.35000610351562,146.35000610351562,15834.0,KC=F,USX,NYB
2023-10-05,146.0500030517578,147.5,145.0,145.39999389648438,145.39999389648438,13753.0,KC=F,USX,NYB
2023-10-06,145.39999389648438,146.8000030517578,144.4499969482422,146.0500030517578,146.0500030517578,16599.0,KC=F,USX,NYB
2023-10-09,146.0500030517578,147.89999389648438,144.8000030517578,146.0500030517578,146.0500030517578,15684.0,KC=F,USX,NYB
2023-10-10,145.6999969482422,148.39999389648438,143.6999969482422,147.5,147.5,26185.0,KC=F,USX,NYB
2023-10-11,147.64999389648438,149.39999389648438,146.10000610351562,147.6999969482422,147.6999969482422,16438.0,KC=F,USX,NYB
2023-10-12,147.85000610351562,149.89999389648438,147.0500030517578,149.3000030517578,149.3000030517578,19475.0,KC=F,USX,NYB
2023-10-13,149.3000030517578,155.64999389648438,149.1999969482422,154.89999389648438,154.89999389648438,35239.0,KC=F,USX,NYB
2023-10-16,154.89999389648438,156.14999389648438,152.10000610351562,154.14999389648438,154.14999389648438,24903.0,KC=F,USX,NYB
2023-10-17,154.0,157.9499969482422,152.4499969482422,157.0500030517578,157.0500030517578,26996.0,KC=F,USX,NYB
2023-10-18,157.14999389648438,159.5,156.64999389648438,158.0500030517578,158.0500030517578,25576.0,KC=F,USX,NYB
2023-10-19,158.14999389648438,164.39999389648438,158.14999389648438,163.9499969482422,163.9499969482422,36623.0,KC=F,USX,NYB
2023-10-20,163.39999389648438,166.8000030517578,162.25,165.25,165.25,37014.0,KC=F,USX,NYB
2023-10-23,163.25,167.0,163.25,165.85000610351562,165.85000610351562,24142.0,KC=F,USX,NYB
2023-10-24,165.60000610351562,168.85000610351562,165.0500030517578,168.14999389648438,168.14999389648438,21855.0,KC=F,USX,NYB
2023-10-25,167.75,169.0500030517578,160.9499969482422,162.3000030517578,162.3000030517578,30189.0,KC=F,USX,NYB
2023-10-26,161.5500030517578,163.60000610351562,160.3000030517578,161.1999969482422,161.1999969482422,17692.0,KC=F,USX,NYB
2023-10-27,161.1999969482422,163.25,160.1999969482422,160.9499969482422,160.9499969482422,13025.0,KC=F,USX,NYB
2023-10-30,160.0500030517578,161.14999389648438,158.60000610351562,159.10000610351562,159.10000610351562,19461.0,KC=F,USX,NYB
2023-10-31,159.0500030517578,167.5500030517578,158.8000030517578,167.3000030517578,167.3000030517578,29746.0,KC=F,USX,NYB
2023-11-01,166.0,167.14999389648438,158.75,159.8000030517578,159.8000030517578,29115.0,KC=F,USX,NYB
2023-11-02,160.6999969482422,166.8000030517578,160.0,165.35000610351562,165.35000610351562,24719.0,KC=F,USX,NYB
2023-11-03,166.5,171.35000610351562,166.10000610351562,170.89999389648438,170.89999389648438,22293.0,KC=F,USX,NYB
2023-11-06,170.25,174.10000610351562,168.4499969482422,173.6999969482422,173.6999969482422,23506.0,KC=F,USX,NYB
2023-11-07,173.39999389648438,173.64999389648438,169.14999389648438,170.75,170.75,28863.0,KC=F,USX,NYB
2023-11-08,170.85000610351562,176.0,170.85000610351562,174.35000610351562,174.35000610351562,32140.0,KC=F,USX,NYB
2023-11-09,176.10000610351562,179.0,175.5,178.8000030517578,178.8000030517578,26464.0,KC=F,USX,NYB
2023-11-10,178.0,178.75,172.9499969482422,174.5,174.5,24194.0,KC=F,USX,NYB
2023-11-13,172.60000610351562,179.4499969482422,171.3000030517578,178.64999389648438,178.64999389648438,12842.0,KC=F,USX,NYB
2023-11-14,178.85000610351562,179.14999389648438,175.85000610351562,176.4499969482422,176.4499969482422,9700.0,KC=F,USX,NYB
2023-11-15,177.0,181.89999389648438,175.0,180.8000030517578,180.8000030517578,8510.0,KC=F,USX,NYB
2023-11-16,181.5,182.1999969482422,175.6999969482422,176.10000610351562,176.10000610351562,7171.0,KC=F,USX,NYB
2023-11-17,175.85000610351562,176.85000610351562,170.4499969482422,170.9499969482422,170.9499969482422,4411.0,KC=F,USX,NYB
2023-11-20,171.64999389648438,179.60000610351562,170.0,177.89999389648438,177.89999389648438,5213.0,KC=F,USX,NYB
2023-11-21,176.64999389648438,177.89999389648438,175.0500030517578,176.5500030517578,176.5500030517578,344.0,KC=F,USX,NYB
2023-11-22,176.4499969482422,179.1999969482422,174.5,178.64999389648438,178.64999389648438,289.0,KC=F,USX,NYB
2023-11-23,176.4499969482422,179.1999969482422,174.5,178.64999389648438,178.64999389648438,289.0,KC=F,USX,NYB
2023-11-24,177.35000610351562,181.0,177.35000610351562,178.64999389648438,178.64999389648438,137.0,KC=F,USX,NYB
2023-11-27,176.8000030517578,182.89999389648438,176.8000030517578,179.6999969482422,179.6999969482422,45.0,KC=F,USX,NYB
2023-11-28,183.35000610351562,183.35000610351562,183.3000030517578,183.64999389648438,183.64999389648438,10.0,KC=F,USX,NYB
2023-11-29,184.0,184.0,180.5500030517578,182.10000610351562,182.10000610351562,28.0,KC=F,USX,NYB
2023-11-30,182.35000610351562,195.6999969482422,182.35000610351562,195.0,195.0,16.0,KC=F,USX,NYB
2023-12-01,193.89999389648438,193.89999389648438,193.89999389648438,193.89999389648438,193.89999389648438,44.0,KC=F,USX,NYB
2023-12-04,189.5500030517578,189.5500030517578,186.85000610351562,188.89999389648438,188.89999389648438,24.0,KC=F,USX,NYB
2023-12-05,188.5,190.3000030517578,188.5,193.85000610351562,193.85000610351562,41.0,KC=F,USX,NYB
2023-12-06,192.4499969482422,192.4499969482422,185.85000610351562,185.25,185.25,10.0,KC=F,USX,NYB
2023-12-07,189.1999969482422,190.60000610351562,187.35000610351562,185.5,185.5,5.0,KC=F,USX,NYB
2023-12-08,187.25,187.25,187.25,185.14999389648438,185.14999389648438,2.0,KC=F,USX,NYB
2023-12-11,193.75,193.75,193.75,194.0,194.0,2.0,KC=F,USX,NYB
2023-12-12,188.1999969482422,191.3000030517578,188.1999969482422,191.14999389648438,191.14999389648438,32.0,KC=F,USX,NYB
2023-12-13,197.25,197.4499969482422,197.25,194.64999389648438,194.64999389648438,5.0,KC=F,USX,NYB
2023-12-14,197.39999389648438,202.75,197.39999389648438,200.10000610351562,200.10000610351562,3.0,KC=F,USX,NYB
2023-12-15,202.25,202.85000610351562,201.3000030517578,201.8000030517578,201.8000030517578,47.0,KC=F,USX,NYB
2023-12-18,209.5500030517578,209.5500030517578,209.5500030517578,209.5500030517578,209.5500030517578,14936.0,KC=F,USX,NYB
2023-12-19,193.1999969482422,203.89999389648438,191.3000030517578,202.39999389648438,202.39999389648438,24391.0,KC=F,USX,NYB
2023-12-20,200.85000610351562,202.3000030517578,189.60000610351562,190.60000610351562,190.60000610351562,26871.0,KC=F,USX,NYB
2023-12-21,190.0,197.39999389648438,188.5500030517578,193.60000610351562,193.60000610351562,22625.0,KC=F,USX,NYB
2023-12-22,192.1999969482422,194.25,189.1999969482422,192.8000030517578,192.8000030517578,12282.0,KC=F,USX,NYB
2023-12-26,192.8000030517578,195.39999389648438,191.9499969482422,194.35000610351562,194.35000610351562,6725.0,KC=F,USX,NYB
2023-12-27,194.89999389648438,199.9499969482422,194.0500030517578,197.75,197.75,16051.0,KC=F,USX,NYB
2023-12-28,196.75,201.35000610351562,195.14999389648438,198.0,198.0,12012.0,KC=F,USX,NYB
2023-12-29,197.1999969482422,198.14999389648438,185.64999389648438,188.3000030517578,188.3000030517578,18775.0,KC=F,USX,NYB
2024-01-02,188.64999389648438,192.5500030517578,188.64999389648438,190.14999389648438,190.14999389648438,15062.0,KC=F,USX,NYB
2024-01-03,190.75,191.0500030517578,184.8000030517578,186.25,186.25,14584.0,KC=F,USX,NYB
2024-01-04,186.85000610351562,187.60000610351562,185.0500030517578,185.5500030517578,185.5500030517578,11156.0,KC=F,USX,NYB
2024-01-05,185.85000610351562,187.5500030517578,182.0500030517578,182.8000030517578,182.8000030517578,17958.0,KC=F,USX,NYB
2024-01-08,181.6999969482422,183.6999969482422,179.5,181.39999389648438,181.39999389648438,20570.0,KC=F,USX,NYB
2024-01-09,183.9499969482422,186.75,182.75,184.10000610351562,184.10000610351562,15659.0,KC=F,USX,NYB
2024-01-10,184.3000030517578,184.8000030517578,180.39999389648438,181.14999389648438,181.14999389648438,20459.0,KC=F,USX,NYB
2024-01-11,182.25,187.9499969482422,180.9499969482422,184.0500030517578,184.0500030517578,25947.0,KC=F,USX,NYB
2024-01-12,183.5,186.85000610351562,179.0,180.0,180.0,22098.0,KC=F,USX,NYB
2024-01-16,182.0,187.10000610351562,181.5500030517578,185.25,185.25,19773.0,KC=F,USX,NYB
2024-01-17,184.89999389648438,185.14999389648438,178.35000610351562,179.1999969482422,179.1999969482422,21947.0,KC=F,USX,NYB
2024-01-18,180.5,182.35000610351562,175.5500030517578,179.9499969482422,179.9499969482422,21872.0,KC=F,USX,NYB
2024-01-19,182.0,186.14999389648438,181.64999389648438,185.14999389648438,185.14999389648438,16740.0,KC=F,USX,NYB
2024-01-22,184.4499969482422,193.14999389648438,183.5,192.25,192.25,24808.0,KC=F,USX,NYB
2024-01-23,192.25,194.5,188.60000610351562,192.9499969482422,192.9499969482422,22035.0,KC=F,USX,NYB
2024-01-24,193.8000030517578,195.75,188.10000610351562,189.4499969482422,189.4499969482422,24251.0,KC=F,USX,NYB
2024-01-25,189.9499969482422,190.5,184.35000610351562,186.9499969482422,186.9499969482422,22135.0,KC=F,USX,NYB
2024-01-26,187.1999969482422,194.8000030517578,186.0,193.85000610351562,193.85000610351562,20939.0,KC=F,USX,NYB
2024-01-29,192.85000610351562,194.35000610351562,188.64999389648438,189.25,189.25,18399.0,KC=F,USX,NYB
2024-01-30,190.10000610351562,197.4499969482422,189.0500030517578,194.0,194.0,24467.0,KC=F,USX,NYB
2024-01-31,194.0,195.5500030517578,192.0500030517578,194.0500030517578,194.0500030517578,19761.0,KC=F,USX,NYB
2024-02-01,193.39999389648438,195.3000030517578,191.14999389648438,194.1999969482422,194.1999969482422,25789.0,KC=F,USX,NYB
2024-02-02,194.1999969482422,195.0500030517578,190.5,191.9499969482422,191.9499969482422,21292.0,KC=F,USX,NYB
2024-02-05,190.75,192.3000030517578,188.5,189.5,189.5,19509.0,KC=F,USX,NYB
2024-02-06,188.85000610351562,189.1999969482422,186.0,188.1999969482422,188.1999969482422,24114.0,KC=F,USX,NYB
2024-02-07,189.39999389648438,191.8000030517578,188.6999969482422,190.6999969482422,190.6999969482422,36785.0,KC=F,USX,NYB
2024-02-08,190.4499969482422,190.5,188.35000610351562,188.8000030517578,188.8000030517578,38553.0,KC=F,USX,NYB
2024-02-09,190.25,197.0,190.0500030517578,196.3000030517578,196.3000030517578,36014.0,KC=F,USX,NYB
2024-02-12,195.35000610351562,198.64999389648438,192.0500030517578,195.60000610351562,195.60000610351562,14808.0,KC=F,USX,NYB
2024-02-13,195.0500030517578,197.10000610351562,191.64999389648438,193.0,193.0,10712.0,KC=F,USX,NYB
2024-02-14,192.0,192.0,186.64999389648438,187.0500030517578,187.0500030517578,10601.0,KC=F,USX,NYB
2024-02-15,188.8000030517578,190.60000610351562,187.1999969482422,189.3000030517578,189.3000030517578,8205.0,KC=F,USX,NYB
2024-02-16,191.0,191.75,188.14999389648438,190.85000610351562,190.85000610351562,10449.0,KC=F,USX,NYB
2024-02-20,192.39999389648438,197.9499969482422,189.60000610351562,191.60000610351562,191.60000610351562,10718.0,KC=F,USX,NYB
2024-02-21,197.60000610351562,198.9499969482422,195.35000610351562,198.35000610351562,198.35000610351562,402.0,KC=F,USX,NYB
2024-02-22,197.4499969482422,198.0,193.5,193.85000610351562,193.85000610351562,143.0,KC=F,USX,NYB
2024-02-23,193.89999389648438,193.89999389648438,190.6999969482422,191.0,191.0,144.0,KC=F,USX,NYB
2024-02-26,190.8000030517578,191.85000610351562,190.0,190.10000610351562,190.10000610351562,49.0,KC=F,USX,NYB
2024-02-27,191.10000610351562,192.5500030517578,188.5500030517578,194.0500030517578,194.0500030517578,90.0,KC=F,USX,NYB
2024-02-28,192.8000030517578,193.39999389648438,192.0500030517578,193.35000610351562,193.35000610351562,100.0,KC=F,USX,NYB
2024-02-29,195.85000610351562,195.85000610351562,195.85000610351562,195.85000610351562,195.85000610351562,2.0,KC=F,USX,NYB
2024-03-01,193.5500030517578,193.5500030517578,192.0,193.8000030517578,193.8000030517578,23.0,KC=F,USX,NYB
2024-03-04,199.1999969482422,199.39999389648438,199.1999969482422,197.39999389648438,197.39999389648438,15.0,KC=F,USX,NYB
2024-03-05,198.75,198.75,195.8000030517578,195.0,195.0,29.0,KC=F,USX,NYB
2024-03-06,194.8000030517578,194.89999389648438,190.0,194.4499969482422,194.4499969482422,43.0,KC=F,USX,NYB
2024-03-07,198.35000610351562,198.35000610351562,198.35000610351562,198.35000610351562,198.35000610351562,12.0,KC=F,USX,NYB
2024-03-08,195.85000610351562,195.85000610351562,191.0,191.39999389648438,191.39999389648438,3.0,KC=F,USX,NYB
2024-03-11,193.3000030517578,194.89999389648438,191.5,194.35000610351562,194.35000610351562,29.0,KC=F,USX,NYB
2024-03-12,196.6999969482422,197.89999389648438,195.35000610351562,195.39999389648438,195.39999389648438,5.0,KC=F,USX,NYB
2024-03-13,195.6999969482422,196.0,192.0,191.64999389648438,191.64999389648438,38.0,KC=F,USX,NYB
2024-03-14,190.0,191.25,189.0500030517578,191.35000610351562,191.35000610351562,19.0,KC=F,USX,NYB
2024-03-15,182.85000610351562,182.85000610351562,182.85000610351562,182.85000610351562,182.85000610351562,4.0,KC=F,USX,NYB
2024-03-18,181.85000610351562,181.85000610351562,181.85000610351562,181.85000610351562,181.85000610351562,16935.0,KC=F,USX,NYB
2024-03-19,181.25,183.35000610351562,179.35000610351562,183.0500030517578,183.0500030517578,21063.0,KC=F,USX,NYB
2024-03-20,182.64999389648438,184.39999389648438,181.64999389648438,182.39999389648438,182.39999389648438,14722.0,KC=F,USX,NYB
2024-03-21,183.85000610351562,188.39999389648438,183.0500030517578,185.6999969482422,185.6999969482422,23116.0,KC=F,USX,NYB
2024-03-22,186.0,188.1999969482422,184.5500030517578,184.85000610351562,184.85000610351562,21361.0,KC=F,USX,NYB
2024-03-25,185.14999389648438,186.25,183.35000610351562,185.64999389648438,185.64999389648438,18995.0,KC=F,USX,NYB
2024-03-26,185.64999389648438,189.4499969482422,185.3000030517578,188.0500030517578,188.0500030517578,21863.0,KC=F,USX,NYB
2024-03-27,188.0500030517578,192.5,187.14999389648438,190.64999389648438,190.64999389648438,32255.0,KC=F,USX,NYB
2024-03-28,191.0500030517578,191.1999969482422,187.5500030517578,188.85000610351562,188.85000610351562,21237.0,KC=F,USX,NYB
2024-04-01,188.0,192.6999969482422,187.6999969482422,191.8000030517578,191.8000030517578,19146.0,KC=F,USX,NYB
2024-04-02,190.9499969482422,198.39999389648438,190.75,197.75,197.75,39260.0,KC=F,USX,NYB
2024-04-03,196.6999969482422,207.14999389648438,196.3000030517578,203.60000610351562,203.60000610351562,40344.0,KC=F,USX,NYB
2024-04-04,206.3000030517578,207.9499969482422,202.5,206.75,206.75,32098.0,KC=F,USX,NYB
2024-04-05,205.10000610351562,214.0,204.1999969482422,212.5,212.5,45071.0,KC=F,USX,NYB
2024-04-08,212.14999389648438,216.39999389648438,209.4499969482422,211.10000610351562,211.10000610351562,45974.0,KC=F,USX,NYB
2024-04-09,209.60000610351562,214.75,209.60000610351562,213.5500030517578,213.5500030517578,40360.0,KC=F,USX,NYB
2024-04-10,213.85000610351562,215.89999389648438,211.5500030517578,214.64999389648438,214.64999389648438,24655.0,KC=F,USX,NYB
2024-04-11,215.3000030517578,221.8000030517578,214.10000610351562,220.35000610351562,220.35000610351562,26109.0,KC=F,USX,NYB
2024-04-12,220.9499969482422,236.1999969482422,219.5,224.64999389648438,224.64999389648438,31234.0,KC=F,USX,NYB
2024-04-15,221.64999389648438,235.4499969482422,219.3000030517578,231.5500030517578,231.5500030517578,15671.0,KC=F,USX,NYB
2024-04-16,235.75,239.5,232.85000610351562,236.75,236.75,12609.0,KC=F,USX,NYB
2024-04-17,237.39999389648438,249.3000030517578,236.39999389648438,247.9499969482422,247.9499969482422,8746.0,KC=F,USX,NYB
2024-04-18,252.10000610351562,253.6999969482422,239.5,239.85000610351562,239.85000610351562,5470.0,KC=F,USX,NYB
2024-04-19,243.64999389648438,247.75,238.1999969482422,241.39999389648438,241.39999389648438,5190.0,KC=F,USX,NYB
2024-04-22,240.9499969482422,240.9499969482422,229.8000030517578,231.64999389648438,231.64999389648438,952.0,KC=F,USX,NYB
2024-04-23,226.64999389648438,226.64999389648438,224.10000610351562,224.5,224.5,130.0,KC=F,USX,NYB
2024-04-24,229.25,229.25,226.35000610351562,228.4499969482422,228.4499969482422,68.0,KC=F,USX,NYB
2024-04-25,230.85000610351562,231.5,230.85000610351562,231.9499969482422,231.9499969482422,26.0,KC=F,USX,NYB
2024-04-26,232.5,232.5,232.5,230.60000610351562,230.60000610351562,1.0,KC=F,USX,NYB
2024-04-29,234.0,234.0,234.0,233.5500030517578,233.5500030517578,20.0,KC=F,USX,NYB
2024-04-30,215.60000610351562,217.75,215.60000610351562,220.64999389648438,220.64999389648438,18.0,KC=F,USX,NYB
2024-05-01,222.39999389648438,222.39999389648438,215.6999969482422,219.0500030517578,219.0500030517578,12.0,KC=F,USX,NYB
2024-05-02,218.0,218.0,218.0,208.64999389648438,208.64999389648438,9.0,KC=F,USX,NYB
2024-05-03,207.75,208.9499969482422,207.5,205.89999389648438,205.89999389648438,72.0,KC=F,USX,NYB
2024-05-06,203.0,203.0,199.4499969482422,200.6999969482422,200.6999969482422,7.0,KC=F,USX,NYB
2024-05-07,196.60000610351562,196.60000610351562,196.60000610351562,199.0,199.0,2.0,KC=F,USX,NYB
2024-05-08,201.64999389648438,201.64999389648438,200.1999969482422,200.25,200.25,6.0,KC=F,USX,NYB
2024-05-09,202.3000030517578,205.39999389648438,202.3000030517578,203.6999969482422,203.6999969482422,3.0,KC=F,USX,NYB
2024-05-10,204.39999389648438,204.39999389648438,204.39999389648438,204.39999389648438,204.39999389648438,0.0,KC=F,USX,NYB
2024-05-13,200.0,200.0,200.0,200.39999389648438,200.39999389648438,4.0,KC=F,USX,NYB
2024-05-14,199.25,199.25,199.0,202.85000610351562,202.85000610351562,2.0,KC=F,USX,NYB
2024-05-15,202.3000030517578,202.3000030517578,202.3000030517578,201.25,201.25,1.0,KC=F,USX,NYB
2024-05-16,199.5500030517578,199.5500030517578,199.5500030517578,199.5500030517578,199.5500030517578,4.0,KC=F,USX,NYB
2024-05-17,208.14999389648438,208.14999389648438,208.14999389648438,208.14999389648438,208.14999389648438,8.0,KC=F,USX,NYB
2024-05-20,209.3000030517578,209.3000030517578,209.3000030517578,209.3000030517578,209.3000030517578,19959.0,KC=F,USX,NYB
2024-05-21,207.0,219.10000610351562,206.35000610351562,217.1999969482422,217.1999969482422,29462.0,KC=F,USX,NYB
2024-05-22,218.64999389648438,221.14999389648438,216.64999389648438,220.4499969482422,220.4499969482422,22051.0,KC=F,USX,NYB
2024-05-23,221.0,221.8000030517578,212.0500030517578,215.64999389648438,215.64999389648438,24018.0,KC=F,USX,NYB
2024-05-24,215.3000030517578,220.1999969482422,213.0500030517578,218.25,218.25,15829.0,KC=F,USX,NYB
2024-05-28,220.0,233.1999969482422,219.25,230.9499969482422,230.9499969482422,29780.0,KC=F,USX,NYB
2024-05-29,229.0,236.25,228.0500030517578,229.4499969482422,229.4499969482422,25747.0,KC=F,USX,NYB
2024-05-30,228.25,235.4499969482422,225.5,233.0,233.0,20874.0,KC=F,USX,NYB
2024-05-31,234.10000610351562,237.75,220.5500030517578,222.35000610351562,222.35000610351562,29755.0,KC=F,USX,NYB
2024-06-03,221.14999389648438,229.3000030517578,220.89999389648438,226.5500030517578,226.5500030517578,18580.0,KC=F,USX,NYB
2024-06-04,226.10000610351562,234.1999969482422,223.5500030517578,233.89999389648438,233.89999389648438,24657.0,KC=F,USX,NYB
2024-06-05,230.25,233.25,226.35000610351562,231.9499969482422,231.9499969482422,29236.0,KC=F,USX,NYB
2024-06-06,232.0,239.8000030517578,231.8000030517578,234.1999969482422,234.1999969482422,30868.0,KC=F,USX,NYB
2024-06-07,233.4499969482422,234.10000610351562,223.60000610351562,224.8000030517578,224.8000030517578,49022.0,KC=F,USX,NYB
2024-06-10,225.0,226.4499969482422,219.0500030517578,221.39999389648438,221.39999389648438,33334.0,KC=F,USX,NYB
2024-06-11,221.60000610351562,224.6999969482422,218.85000610351562,220.5500030517578,220.5500030517578,30585.0,KC=F,USX,NYB
2024-06-12,219.35000610351562,227.35000610351562,215.0,224.35000610351562,224.35000610351562,33754.0,KC=F,USX,NYB
2024-06-13,224.35000610351562,229.3000030517578,224.10000610351562,226.0500030517578,226.0500030517578,13545.0,KC=F,USX,NYB
2024-06-14,225.5,227.35000610351562,222.9499969482422,224.14999389648438,224.14999389648438,10934.0,KC=F,USX,NYB
2024-06-17,225.6999969482422,227.5500030517578,223.0500030517578,227.14999389648438,227.14999389648438,9364.0,KC=F,USX,NYB
2024-06-18,227.5,228.64999389648438,222.5,226.3000030517578,226.3000030517578,9738.0,KC=F,USX,NYB
2024-06-20,228.8000030517578,236.89999389648438,228.0,230.25,230.25,389.0,KC=F,USX,NYB
2024-06-21,229.39999389648438,232.64999389648438,226.5500030517578,226.5500030517578,226.5500030517578,46.0,KC=F,USX,NYB
2024-06-24,231.60000610351562,237.39999389648438,231.60000610351562,238.0,238.0,58.0,KC=F,USX,NYB
2024-06-25,237.14999389648438,237.1999969482422,231.0,231.1999969482422,231.1999969482422,19.0,KC=F,USX,NYB
2024-06-26,232.8000030517578,232.89999389648438,226.10000610351562,226.35000610351562,226.35000610351562,18.0,KC=F,USX,NYB
2024-06-27,229.35000610351562,229.35000610351562,229.35000610351562,228.25,228.25,4.0,KC=F,USX,NYB
2024-06-28,224.5,229.10000610351562,224.5,228.9499969482422,228.9499969482422,11.0,KC=F,USX,NYB
2024-07-01,226.25,226.25,224.35000610351562,226.6999969482422,226.6999969482422,114.0,KC=F,USX,NYB
2024-07-02,231.14999389648438,233.0500030517578,230.5,229.10000610351562,229.10000610351562,12.0,KC=F,USX,NYB
2024-07-03,228.0500030517578,228.0500030517578,228.0500030517578,225.9499969482422,225.9499969482422,1.0,KC=F,USX,NYB
2024-07-05,230.3000030517578,230.3000030517578,230.3000030517578,230.3000030517578,230.3000030517578,0.0,KC=F,USX,NYB
2024-07-08,236.6999969482422,236.6999969482422,236.6999969482422,236.1999969482422,236.1999969482422,1.0,KC=F,USX,NYB
2024-07-09,252.0,252.0,252.0,252.0,252.0,0.0,KC=F,USX,NYB
2024-07-10,249.0,249.0,248.10000610351562,245.6999969482422,245.6999969482422,4.0,KC=F,USX,NYB
2024-07-11,247.10000610351562,247.10000610351562,247.10000610351562,246.75,246.75,1.0,KC=F,USX,NYB
2024-07-12,250.4499969482422,250.4499969482422,250.4499969482422,250.4499969482422,250.4499969482422,48.0,KC=F,USX,NYB
2024-07-15,249.3000030517578,249.5,248.5,244.14999389648438,244.14999389648438,3.0,KC=F,USX,NYB
2024-07-16,245.39999389648438,245.39999389648438,245.39999389648438,245.39999389648438,245.39999389648438,0.0,KC=F,USX,NYB
2024-07-17,247.35000610351562,247.35000610351562,247.35000610351562,247.35000610351562,247.35000610351562,2.0,KC=F,USX,NYB
2024-07-18,243.39999389648438,243.39999389648438,243.39999389648438,243.39999389648438,243.39999389648438,0.0,KC=F,USX,NYB
2024-07-19,238.1999969482422,238.1999969482422,238.1999969482422,238.1999969482422,238.1999969482422,20952.0,KC=F,USX,NYB
2024-07-22,237.6999969482422,244.5500030517578,236.5,243.0500030517578,243.0500030517578,15361.0,KC=F,USX,NYB
2024-07-23,242.5,243.10000610351562,238.25,239.10000610351562,239.10000610351562,13521.0,KC=F,USX,NYB
2024-07-24,238.0,238.60000610351562,230.5500030517578,231.14999389648438,231.14999389648438,29802.0,KC=F,USX,NYB
2024-07-25,231.35000610351562,235.4499969482422,228.5500030517578,234.6999969482422,234.6999969482422,26638.0,KC=F,USX,NYB
2024-07-26,232.5500030517578,233.0,229.8000030517578,230.25,230.25,13314.0,KC=F,USX,NYB
2024-07-29,230.35000610351562,233.60000610351562,228.10000610351562,230.39999389648438,230.39999389648438,16265.0,KC=F,USX,NYB
2024-07-30,230.85000610351562,233.1999969482422,228.25,230.8000030517578,230.8000030517578,15917.0,KC=F,USX,NYB
2024-07-31,230.5,235.39999389648438,227.10000610351562,229.1999969482422,229.1999969482422,22033.0,KC=F,USX,NYB
2024-08-01,229.1999969482422,231.14999389648438,225.25,227.25,227.25,19190.0,KC=F,USX,NYB
2024-08-02,227.25,231.75,226.4499969482422,230.5,230.5,16950.0,KC=F,USX,NYB
2024-08-05,227.35000610351562,227.89999389648438,221.0,225.6999969482422,225.6999969482422,24822.0,KC=F,USX,NYB
2024-08-06,229.85000610351562,238.85000610351562,229.5500030517578,235.9499969482422,235.9499969482422,31484.0,KC=F,USX,NYB
2024-08-07,235.35000610351562,248.0,235.25,246.3000030517578,246.3000030517578,40125.0,KC=F,USX,NYB
2024-08-08,245.25,251.75,243.10000610351562,245.3000030517578,245.3000030517578,37129.0,KC=F,USX,NYB
2024-08-09,245.3000030517578,246.0500030517578,232.25,234.0500030517578,234.0500030517578,44484.0,KC=F,USX,NYB
2024-08-12,245.5,249.4499969482422,239.25,240.85000610351562,240.85000610351562,25849.0,KC=F,USX,NYB
2024-08-13,235.8000030517578,237.14999389648438,230.10000610351562,232.6999969482422,232.6999969482422,24083.0,KC=F,USX,NYB
2024-08-14,232.75,238.9499969482422,232.0500030517578,237.0,237.0,10297.0,KC=F,USX,NYB
2024-08-15,236.8000030517578,240.35000610351562,234.3000030517578,239.89999389648438,239.89999389648438,7422.0,KC=F,USX,NYB
2024-08-16,239.10000610351562,245.8000030517578,238.5500030517578,245.4499969482422,245.4499969482422,8503.0,KC=F,USX,NYB
2024-08-19,245.5,249.8000030517578,242.60000610351562,245.89999389648438,245.89999389648438,5273.0,KC=F,USX,NYB
2024-08-20,247.89999389648438,254.5,245.8000030517578,249.4499969482422,249.4499969482422,5942.0,KC=F,USX,NYB
2024-08-21,247.0,253.0,244.0,249.4499969482422,249.4499969482422,4069.0,KC=F,USX,NYB
2024-08-22,253.3000030517578,253.3000030517578,244.5,246.8000030517578,246.8000030517578,247.0,KC=F,USX,NYB
2024-08-23,246.8000030517578,251.35000610351562,245.0500030517578,251.1999969482422,251.1999969482422,46.0,KC=F,USX,NYB
2024-08-26,249.39999389648438,253.25,248.39999389648438,253.64999389648438,253.64999389648438,12.0,KC=F,USX,NYB
2024-08-27,259.1499938964844,263.6499938964844,254.64999389648438,259.3999938964844,259.3999938964844,57.0,KC=F,USX,NYB
2024-08-28,259.0,259.04998779296875,259.0,260.45001220703125,260.45001220703125,12.0,KC=F,USX,NYB
2024-08-29,258.70001220703125,258.70001220703125,250.3000030517578,251.8000030517578,251.8000030517578,51.0,KC=F,USX,NYB
2024-08-30,255.4499969482422,255.5,250.3000030517578,248.1999969482422,248.1999969482422,18.0,KC=F,USX,NYB
2024-09-03,246.64999389648438,246.64999389648438,246.64999389648438,246.75,246.75,20.0,KC=F,USX,NYB
2024-09-04,246.4499969482422,246.4499969482422,246.10000610351562,245.5500030517578,245.5500030517578,3.0,KC=F,USX,NYB
2024-09-05,246.60000610351562,246.60000610351562,246.60000610351562,246.60000610351562,246.60000610351562,0.0,KC=F,USX,NYB
2024-09-06,246.5,246.5,240.0,240.0500030517578,240.0500030517578,3.0,KC=F,USX,NYB
2024-09-09,249.4499969482422,249.4499969482422,249.4499969482422,249.4499969482422,249.4499969482422,3.0,KC=F,USX,NYB
2024-09-10,248.0,248.0,248.0,248.0,248.0,4.0,KC=F,USX,NYB
2024-09-11,247.85000610351562,247.85000610351562,247.85000610351562,249.4499969482422,249.4499969482422,1.0,KC=F,USX,NYB
2024-09-12,252.0,252.0,252.0,252.0,252.0,0.0,KC=F,USX,NYB
2024-09-13,261.75,261.75,261.75,262.04998779296875,262.04998779296875,2.0,KC=F,USX,NYB
2024-09-16,259.04998779296875,259.04998779296875,259.04998779296875,259.04998779296875,259.04998779296875,0.0,KC=F,USX,NYB
2024-09-17,264.20001220703125,265.04998779296875,264.20001220703125,265.0,265.0,3.0,KC=F,USX,NYB
2024-09-18,265.70001220703125,265.70001220703125,265.70001220703125,263.1499938964844,263.1499938964844,15678.0,KC=F,USX,NYB
2024-09-19,260.6000061035156,263.0,257.29998779296875,261.6499938964844,261.6499938964844,14167.0,KC=F,USX,NYB
2024-09-20,261.79998779296875,262.1000061035156,247.6999969482422,250.75,250.75,23783.0,KC=F,USX,NYB
2024-09-23,251.89999389648438,264.3999938964844,250.10000610351562,263.6499938964844,263.6499938964844,21100.0,KC=F,USX,NYB
2024-09-24,263.6499938964844,270.3999938964844,262.70001220703125,267.79998779296875,267.79998779296875,19275.0,KC=F,USX,NYB
2024-09-25,267.0,271.20001220703125,263.20001220703125,269.1000061035156,269.1000061035156,15053.0,KC=F,USX,NYB
2024-09-26,268.75,275.04998779296875,267.95001220703125,273.8999938964844,273.8999938964844,15565.0,KC=F,USX,NYB
2024-09-27,272.0,273.1499938964844,264.6000061035156,269.1499938964844,269.1499938964844,14947.0,KC=F,USX,NYB
2024-09-30,268.1499938964844,272.1499938964844,264.1000061035156,270.25,270.25,18335.0,KC=F,USX,NYB
2024-10-01,269.79998779296875,271.45001220703125,261.5,264.1499938964844,264.1499938964844,19959.0,KC=F,USX,NYB
2024-10-02,265.5,267.5,255.75,256.5,256.5,24169.0,KC=F,USX,NYB
2024-10-03,257.95001220703125,258.5,251.39999389648438,252.0500030517578,252.0500030517578,16847.0,KC=F,USX,NYB
2024-10-04,253.85000610351562,257.75,252.0,257.3500061035156,257.3500061035156,14342.0,KC=F,USX,NYB
2024-10-07,252.85000610351562,253.64999389648438,243.35000610351562,244.64999389648438,244.64999389648438,26384.0,KC=F,USX,NYB
2024-10-08,248.0500030517578,248.89999389648438,244.0500030517578,248.1999969482422,248.1999969482422,16056.0,KC=F,USX,NYB
2024-10-09,247.75,252.89999389648438,246.60000610351562,250.0500030517578,250.0500030517578,14320.0,KC=F,USX,NYB
2024-10-10,248.0500030517578,257.1000061035156,247.39999389648438,254.75,254.75,15930.0,KC=F,USX,NYB
2024-10-11,254.25,256.45001220703125,251.0,252.0500030517578,252.0500030517578,13850.0,KC=F,USX,NYB
2024-10-14,251.0500030517578,262.6499938964844,250.3000030517578,262.04998779296875,262.04998779296875,16920.0,KC=F,USX,NYB
2024-10-15,261.70001220703125,264.1499938964844,255.35000610351562,256.70001220703125,256.70001220703125,14783.0,KC=F,USX,NYB
2024-10-16,258.0,259.54998779296875,254.8000030517578,258.0,258.0,13091.0,KC=F,USX,NYB
2024-10-17,257.1000061035156,261.0,253.39999389648438,255.14999389648438,255.14999389648438,13289.0,KC=F,USX,NYB
2024-10-18,254.0,259.1000061035156,253.10000610351562,257.29998779296875,257.29998779296875,11056.0,KC=F,USX,NYB
2024-10-21,253.5,254.0500030517578,248.0500030517578,251.6999969482422,251.6999969482422,16917.0,KC=F,USX,NYB
2024-10-22,252.5,255.6999969482422,248.5500030517578,249.85000610351562,249.85000610351562,17531.0,KC=F,USX,NYB
2024-10-23,249.25,253.85000610351562,247.39999389648438,252.35000610351562,252.35000610351562,15434.0,KC=F,USX,NYB
2024-10-24,251.89999389648438,256.1000061035156,244.10000610351562,245.4499969482422,245.4499969482422,21963.0,KC=F,USX,NYB
2024-10-25,245.85000610351562,248.75,244.39999389648438,248.39999389648438,248.39999389648438,15942.0,KC=F,USX,NYB
2024-10-28,247.25,255.64999389648438,246.25,252.35000610351562,252.35000610351562,17939.0,KC=F,USX,NYB
2024-10-29,253.1999969482422,254.25,247.85000610351562,248.10000610351562,248.10000610351562,13578.0,KC=F,USX,NYB
2024-10-30,248.6999969482422,250.5500030517578,245.14999389648438,249.60000610351562,249.60000610351562,16871.0,KC=F,USX,NYB
2024-10-31,249.0,249.5,244.35000610351562,245.89999389648438,245.89999389648438,17376.0,KC=F,USX,NYB
2024-11-01,246.3000030517578,249.25,241.3000030517578,242.9499969482422,242.9499969482422,23120.0,KC=F,USX,NYB
2024-11-04,243.85000610351562,246.5500030517578,242.10000610351562,245.9499969482422,245.9499969482422,24031.0,KC=F,USX,NYB
2024-11-05,246.5500030517578,252.25,246.0,250.14999389648438,250.14999389648438,28770.0,KC=F,USX,NYB
2024-11-06,248.60000610351562,250.8000030517578,244.14999389648438,248.75,248.75,24333.0,KC=F,USX,NYB
2024-11-07,250.14999389648438,261.3999938964844,249.5,260.3999938964844,260.3999938964844,38861.0,KC=F,USX,NYB
2024-11-08,258.0,259.95001220703125,252.75,253.35000610351562,253.35000610351562,43846.0,KC=F,USX,NYB
2024-11-11,253.35000610351562,258.70001220703125,253.35000610351562,256.20001220703125,256.20001220703125,27432.0,KC=F,USX,NYB
2024-11-12,256.75,266.3999938964844,256.70001220703125,263.54998779296875,263.54998779296875,23933.0,KC=F,USX,NYB
2024-11-13,262.8999938964844,272.95001220703125,260.75,271.6499938964844,271.6499938964844,16033.0,KC=F,USX,NYB
2024-11-14,271.6499938964844,285.04998779296875,270.95001220703125,278.95001220703125,278.95001220703125,9891.0,KC=F,USX,NYB
2024-11-15,274.95001220703125,283.8999938964844,274.95001220703125,281.79998779296875,281.79998779296875,10317.0,KC=F,USX,NYB
2024-11-18,284.25,290.20001220703125,278.3500061035156,280.75,280.75,7712.0,KC=F,USX,NYB
2024-11-19,281.70001220703125,287.20001220703125,277.75,279.75,279.75,6890.0,KC=F,USX,NYB
2024-11-20,288.0,296.95001220703125,286.29998779296875,295.29998779296875,295.29998779296875,248.0,KC=F,USX,NYB
2024-11-21,300.0,300.0,295.75,298.6499938964844,298.6499938964844,87.0,KC=F,USX,NYB
2024-11-22,296.54998779296875,306.25,296.54998779296875,305.25,305.25,35.0,KC=F,USX,NYB
2024-11-25,308.29998779296875,312.79998779296875,307.25,308.3500061035156,308.3500061035156,79.0,KC=F,USX,NYB
2024-11-26,310.04998779296875,313.0,310.04998779296875,312.1499938964844,312.1499938964844,21.0,KC=F,USX,NYB
2024-11-27,320.0,329.5,319.6499938964844,326.1499938964844,326.1499938964844,33.0,KC=F,USX,NYB
2024-11-29,334.5,335.0,324.29998779296875,321.6499938964844,321.6499938964844,1144.0,KC=F,USX,NYB
2024-12-02,318.1000061035156,318.1000061035156,297.6000061035156,299.20001220703125,299.20001220703125,30.0,KC=F,USX,NYB
2024-12-03,298.3500061035156,303.45001220703125,293.75,297.70001220703125,297.70001220703125,46.0,KC=F,USX,NYB
2024-12-04,306.6000061035156,306.6000061035156,305.79998779296875,305.95001220703125,305.95001220703125,19.0,KC=F,USX,NYB
2024-12-05,310.75,312.45001220703125,307.8500061035156,315.75,315.75,4.0,KC=F,USX,NYB
2024-12-06,332.5,332.5,332.5,332.5,332.5,2.0,KC=F,USX,NYB
2024-12-09,332.29998779296875,332.29998779296875,332.29998779296875,332.29998779296875,332.29998779296875,2.0,KC=F,USX,NYB
2024-12-10,343.8500061035156,347.3500061035156,343.70001220703125,335.6499938964844,335.6499938964844,24.0,KC=F,USX,NYB
2024-12-11,321.70001220703125,321.70001220703125,321.70001220703125,321.70001220703125,321.70001220703125,0.0,KC=F,USX,NYB
2024-12-12,322.6000061035156,322.6000061035156,322.6000061035156,322.6000061035156,322.6000061035156,2.0,KC=F,USX,NYB
2024-12-13,320.8500061035156,320.8500061035156,320.8500061035156,320.8500061035156,320.8500061035156,0.0,KC=F,USX,NYB
2024-12-16,328.25,328.25,328.25,328.75,328.75,1.0,KC=F,USX,NYB
2024-12-17,322.6000061035156,322.6000061035156,322.6000061035156,325.45001220703125,325.45001220703125,1.0,KC=F,USX,NYB
2024-12-18,333.1499938964844,333.1499938964844,333.1499938964844,333.1499938964844,333.1499938964844,17909.0,KC=F,USX,NYB
2024-12-19,332.6499938964844,341.79998779296875,321.5,323.75,323.75,26439.0,KC=F,USX,NYB
2024-12-20,325.5,329.5,319.0,325.0,325.0,15022.0,KC=F,USX,NYB
2024-12-23,325.0,329.75,320.8500061035156,327.25,327.25,10320.0,KC=F,USX,NYB
2024-12-24,327.04998779296875,329.54998779296875,322.04998779296875,328.6000061035156,328.6000061035156,0.0,KC=F,USX,NYB
2024-12-26,330.0,331.5,322.3500061035156,324.6499938964844,324.6499938964844,7162.0,KC=F,USX,NYB
2024-12-27,323.6499938964844,325.5,318.3999938964844,322.6499938964844,322.6499938964844,11070.0,KC=F,USX,NYB
2024-12-30,322.1499938964844,323.8500061035156,316.79998779296875,321.0,321.0,12652.0,KC=F,USX,NYB
2024-12-31,318.8500061035156,321.29998779296875,312.1499938964844,319.75,319.75,0.0,KC=F,USX,NYB
2025-01-02,321.54998779296875,329.79998779296875,319.75,326.8500061035156,326.8500061035156,14736.0,KC=F,USX,NYB
2025-01-03,324.75,326.25,317.6499938964844,318.6499938964844,318.6499938964844,11892.0,KC=F,USX,NYB
2025-01-06,318.6499938964844,328.6000061035156,317.04998779296875,318.6000061035156,318.6000061035156,15989.0,KC=F,USX,NYB
2025-01-07,320.6499938964844,323.1000061035156,317.75,320.5,320.5,12720.0,KC=F,USX,NYB
2025-01-08,320.6499938964844,324.29998779296875,314.8999938964844,316.45001220703125,316.45001220703125,21114.0,KC=F,USX,NYB
2025-01-09,321.0,322.0,316.6499938964844,318.5,318.5,14253.0,KC=F,USX,NYB
2025-01-10,319.5,325.8500061035156,317.75,323.8500061035156,323.8500061035156,15992.0,KC=F,USX,NYB
2025-01-13,322.8999938964844,333.8500061035156,322.1000061035156,325.95001220703125,325.95001220703125,19362.0,KC=F,USX,NYB
2025-01-14,325.5,328.8500061035156,321.04998779296875,321.95001220703125,321.95001220703125,16245.0,KC=F,USX,NYB
2025-01-15,322.5,331.20001220703125,321.04998779296875,330.45001220703125,330.45001220703125,12295.0,KC=F,USX,NYB
2025-01-16,330.54998779296875,332.04998779296875,325.20001220703125,327.1499938964844,327.1499938964844,12579.0,KC=F,USX,NYB
2025-01-17,328.8999938964844,332.45001220703125,325.8999938964844,328.3500061035156,328.3500061035156,12501.0,KC=F,USX,NYB
2025-01-21,330.3999938964844,336.25,327.1000061035156,327.79998779296875,327.79998779296875,16306.0,KC=F,USX,NYB
2025-01-22,331.20001220703125,342.95001220703125,327.5,341.8500061035156,341.8500061035156,20014.0,KC=F,USX,NYB
2025-01-23,342.0,348.8999938964844,338.8500061035156,343.95001220703125,343.95001220703125,20092.0,KC=F,USX,NYB
2025-01-24,345.0,349.79998779296875,341.8999938964844,347.54998779296875,347.54998779296875,13666.0,KC=F,USX,NYB
2025-01-27,348.75,355.54998779296875,345.20001220703125,349.20001220703125,349.20001220703125,19560.0,KC=F,USX,NYB
2025-01-28,352.54998779296875,358.8999938964844,346.79998779296875,357.5,357.5,15976.0,KC=F,USX,NYB
2025-01-29,360.25,369.45001220703125,359.20001220703125,366.54998779296875,366.54998779296875,22486.0,KC=F,USX,NYB
2025-01-30,368.0,376.8500061035156,365.3500061035156,373.3999938964844,373.3999938964844,20670.0,KC=F,USX,NYB
2025-01-31,380.0,381.04998779296875,366.20001220703125,377.8500061035156,377.8500061035156,25869.0,KC=F,USX,NYB
2025-02-03,375.8500061035156,388.95001220703125,373.3999938964844,380.8999938964844,380.8999938964844,25155.0,KC=F,USX,NYB
2025-02-04,385.1000061035156,389.8999938964844,380.8999938964844,383.3500061035156,383.3500061035156,19981.0,KC=F,USX,NYB
2025-02-05,385.8999938964844,401.1000061035156,381.6000061035156,397.75,397.75,26188.0,KC=F,USX,NYB
2025-02-06,402.0,411.25,398.70001220703125,403.95001220703125,403.95001220703125,25382.0,KC=F,USX,NYB
2025-02-07,403.25,413.95001220703125,399.95001220703125,404.3500061035156,404.3500061035156,25608.0,KC=F,USX,NYB
2025-02-10,410.45001220703125,431.95001220703125,409.3500061035156,429.04998779296875,429.04998779296875,28480.0,KC=F,USX,NYB
2025-02-11,433.8500061035156,437.95001220703125,409.5,413.45001220703125,413.45001220703125,24827.0,KC=F,USX,NYB
2025-02-12,416.0,432.8999938964844,414.6499938964844,431.79998779296875,431.79998779296875,26179.0,KC=F,USX,NYB
2025-02-13,429.0,440.8500061035156,424.04998779296875,438.8999938964844,438.8999938964844,14700.0,KC=F,USX,NYB
2025-02-14,435.3999938964844,438.1499938964844,411.6000061035156,419.75,419.75,10449.0,KC=F,USX,NYB
2025-02-18,421.0,424.0,405.6000061035156,419.0,419.0,13370.0,KC=F,USX,NYB
2025-02-19,423.95001220703125,434.1000061035156,414.0,417.8999938964844,417.8999938964844,6705.0,KC=F,USX,NYB
2025-02-20,417.8999938964844,417.8999938964844,395.0,395.75,395.75,677.0,KC=F,USX,NYB
2025-02-21,395.75,405.5,395.0,400.0,400.0,68.0,KC=F,USX,NYB
2025-02-24,394.8999938964844,399.29998779296875,393.70001220703125,393.79998779296875,393.79998779296875,72.0,KC=F,USX,NYB
2025-02-25,392.20001220703125,393.20001220703125,378.1000061035156,380.5,380.5,191.0,KC=F,USX,NYB
2025-02-26,377.04998779296875,381.1000061035156,374.54998779296875,379.45001220703125,379.45001220703125,33.0,KC=F,USX,NYB
2025-02-27,378.0,378.0,377.79998779296875,378.75,378.75,12.0,KC=F,USX,NYB
2025-02-28,382.04998779296875,382.1499938964844,379.3500061035156,379.04998779296875,379.04998779296875,24.0,KC=F,USX,NYB
2025-03-03,385.5,390.8500061035156,385.5,392.70001220703125,392.70001220703125,11.0,KC=F,USX,NYB
2025-03-04,391.8500061035156,404.75,391.8500061035156,403.75,403.75,19.0,KC=F,USX,NYB
2025-03-05,412.70001220703125,421.79998779296875,412.3500061035156,415.5,415.5,10.0,KC=F,USX,NYB
2025-03-06,413.45001220703125,413.45001220703125,409.5,393.0,393.0,4.0,KC=F,USX,NYB
2025-03-07,390.20001220703125,390.20001220703125,390.20001220703125,390.20001220703125,390.20001220703125,11.0,KC=F,USX,NYB
2025-03-10,394.8999938964844,394.8999938964844,394.8999938964844,389.3500061035156,389.3500061035156,4.0,KC=F,USX,NYB
2025-03-11,395.6000061035156,400.1499938964844,395.6000061035156,399.45001220703125,399.45001220703125,9.0,KC=F,USX,NYB
2025-03-12,392.20001220703125,392.20001220703125,392.20001220703125,392.20001220703125,392.20001220703125,5.0,KC=F,USX,NYB
2025-03-13,391.70001220703125,391.70001220703125,391.70001220703125,390.6000061035156,390.6000061035156,48.0,KC=F,USX,NYB
2025-03-14,382.1000061035156,382.1000061035156,382.1000061035156,382.1000061035156,382.1000061035156,1.0,KC=F,USX,NYB
2025-03-17,382.75,382.75,382.75,389.3500061035156,389.3500061035156,12.0,KC=F,USX,NYB
2025-03-18,386.0,391.95001220703125,383.70001220703125,387.1499938964844,387.1499938964844,22.0,KC=F,USX,NYB
2025-03-19,394.1499938964844,394.1499938964844,394.1000061035156,394.6000061035156,394.6000061035156,12747.0,KC=F,USX,NYB
2025-03-20,389.29998779296875,397.6000061035156,386.04998779296875,392.1499938964844,392.1499938964844,14036.0,KC=F,USX,NYB
2025-03-21,392.0,395.75,386.5,391.3999938964844,391.3999938964844,12375.0,KC=F,USX,NYB
2025-03-24,391.45001220703125,402.3999938964844,390.6000061035156,393.3999938964844,393.3999938964844,13306.0,KC=F,USX,NYB
2025-03-25,393.45001220703125,401.0,392.1000061035156,398.54998779296875,398.54998779296875,12354.0,KC=F,USX,NYB
2025-03-26,400.0,405.3999938964844,388.54998779296875,392.0,392.0,14383.0,KC=F,USX,NYB
2025-03-27,392.0,392.1000061035156,375.6000061035156,378.79998779296875,378.79998779296875,21790.0,KC=F,USX,NYB
2025-03-28,380.79998779296875,384.79998779296875,377.54998779296875,379.95001220703125,379.95001220703125,15500.0,KC=F,USX,NYB
2025-03-31,380.0,386.3999938964844,378.54998779296875,379.75,379.75,14167.0,KC=F,USX,NYB
2025-04-01,379.25,391.45001220703125,372.25,389.04998779296875,389.04998779296875,18430.0,KC=F,USX,NYB
2025-04-02,389.04998779296875,393.70001220703125,382.1499938964844,388.8500061035156,388.8500061035156,13885.0,KC=F,USX,NYB
2025-04-03,386.3999938964844,391.0,376.8999938964844,385.25,385.25,16445.0,KC=F,USX,NYB
2025-04-04,386.54998779296875,389.3500061035156,364.8999938964844,365.70001220703125,365.70001220703125,24921.0,KC=F,USX,NYB
2025-04-07,362.5,364.5,338.6000061035156,344.79998779296875,344.79998779296875,37079.0,KC=F,USX,NYB
2025-04-08,345.0,350.1499938964844,340.5,342.8999938964844,342.8999938964844,25850.0,KC=F,USX,NYB
2025-04-09,341.1499938964844,353.75,325.20001220703125,341.70001220703125,341.70001220703125,28737.0,KC=F,USX,NYB
2025-04-10,360.1000061035156,361.5,342.1499938964844,342.8500061035156,342.8500061035156,20192.0,KC=F,USX,NYB
2025-04-11,345.95001220703125,360.70001220703125,341.6000061035156,357.70001220703125,357.70001220703125,23345.0,KC=F,USX,NYB
2025-04-14,361.5,365.45001220703125,354.0,360.3999938964844,360.3999938964844,9191.0,KC=F,USX,NYB
2025-04-15,362.8999938964844,372.1499938964844,362.70001220703125,369.3999938964844,369.3999938964844,10062.0,KC=F,USX,NYB
2025-04-16,367.8999938964844,379.20001220703125,364.1000061035156,376.04998779296875,376.04998779296875,4806.0,KC=F,USX,NYB
2025-04-17,378.6000061035156,380.8999938964844,370.0,375.5,375.5,0.0,KC=F,USX,NYB
2025-04-21,374.5,379.0,364.3999938964844,366.79998779296875,366.79998779296875,3557.0,KC=F,USX,NYB
2025-04-22,369.5,381.0,366.79998779296875,377.6499938964844,377.6499938964844,204.0,KC=F,USX,NYB
2025-04-23,382.29998779296875,386.04998779296875,382.0,392.3999938964844,392.3999938964844,71.0,KC=F,USX,NYB
2025-04-24,393.95001220703125,409.04998779296875,393.95001220703125,408.0,408.0,216.0,KC=F,USX,NYB
2025-04-25,407.45001220703125,407.45001220703125,407.45001220703125,408.25,408.25,29.0,KC=F,USX,NYB
2025-04-28,407.20001220703125,422.3999938964844,407.20001220703125,421.54998779296875,421.54998779296875,96.0,KC=F,USX,NYB
2025-04-29,426.0,427.79998779296875,410.75,412.6499938964844,412.6499938964844,16.0,KC=F,USX,NYB
2025-04-30,413.6000061035156,413.6000061035156,413.6000061035156,413.6000061035156,413.6000061035156,0.0,KC=F,USX,NYB
2025-05-01,399.8999938964844,399.8999938964844,399.8999938964844,395.70001220703125,395.70001220703125,1.0,KC=F,USX,NYB
2025-05-02,395.3999938964844,395.3999938964844,395.3999938964844,395.3999938964844,395.3999938964844,0.0,KC=F,USX,NYB
2025-05-05,395.0,395.0,395.0,398.95001220703125,398.95001220703125,1.0,KC=F,USX,NYB
2025-05-06,404.20001220703125,404.20001220703125,404.20001220703125,401.1000061035156,401.1000061035156,13.0,KC=F,USX,NYB
2025-05-07,396.5,396.5,396.5,396.20001220703125,396.20001220703125,22.0,KC=F,USX,NYB
2025-05-08,397.79998779296875,397.79998779296875,397.79998779296875,397.79998779296875,397.79998779296875,14.0,KC=F,USX,NYB
2025-05-09,398.5,398.5,398.5,397.1499938964844,397.1499938964844,8.0,KC=F,USX,NYB
2025-05-12,382.45001220703125,382.45001220703125,382.45001220703125,382.45001220703125,382.45001220703125,0.0,KC=F,USX,NYB
2025-05-13,380.0,380.0,380.0,384.8500061035156,384.8500061035156,25.0,KC=F,USX,NYB
2025-05-14,378.75,378.75,373.75,373.95001220703125,373.95001220703125,31.0,KC=F,USX,NYB
2025-05-15,375.0,383.0,375.0,384.95001220703125,384.95001220703125,20.0,KC=F,USX,NYB
2025-05-16,384.1499938964844,384.1499938964844,375.6499938964844,376.25,376.25,112.0,KC=F,USX,NYB
2025-05-19,377.8500061035156,378.54998779296875,377.8500061035156,376.1499938964844,376.1499938964844,10983.0,KC=F,USX,NYB
2025-05-20,374.0,379.25,368.20001220703125,369.29998779296875,369.29998779296875,9934.0,KC=F,USX,NYB
2025-05-21,370.0,375.20001220703125,366.3999938964844,370.29998779296875,370.29998779296875,7625.0,KC=F,USX,NYB
2025-05-22,368.45001220703125,368.45001220703125,359.20001220703125,360.75,360.75,14747.0,KC=F,USX,NYB
2025-05-23,361.70001220703125,363.0,355.25,361.0,361.0,0.0,KC=F,USX,NYB
2025-05-27,359.1000061035156,364.8500061035156,355.54998779296875,361.70001220703125,361.70001220703125,12122.0,KC=F,USX,NYB
2025-05-28,359.20001220703125,360.04998779296875,350.1499938964844,351.95001220703125,351.95001220703125,15417.0,KC=F,USX,NYB
2025-05-29,352.95001220703125,357.29998779296875,347.1499938964844,348.3999938964844,348.3999938964844,13380.0,KC=F,USX,NYB
2025-05-30,348.6000061035156,351.0,341.20001220703125,342.45001220703125,342.45001220703125,14944.0,KC=F,USX,NYB
2025-06-02,340.3999938964844,347.25,338.45001220703125,344.45001220703125,344.45001220703125,16733.0,KC=F,USX,NYB
2025-06-03,342.25,344.04998779296875,336.54998779296875,340.8500061035156,340.8500061035156,13971.0,KC=F,USX,NYB
2025-06-04,340.8500061035156,347.70001220703125,339.54998779296875,346.1499938964844,346.1499938964844,12780.0,KC=F,USX,NYB
2025-06-05,348.1499938964844,361.6499938964844,347.54998779296875,359.75,359.75,20188.0,KC=F,USX,NYB
2025-06-06,362.25,376.3999938964844,356.29998779296875,358.04998779296875,358.04998779296875,25705.0,KC=F,USX,NYB
2025-06-09,357.8500061035156,364.45001220703125,355.04998779296875,361.54998779296875,361.54998779296875,16962.0,KC=F,USX,NYB
2025-06-10,362.04998779296875,372.5,353.70001220703125,355.04998779296875,355.04998779296875,23070.0,KC=F,USX,NYB
2025-06-11,355.5,358.5,349.3999938964844,350.6499938964844,350.6499938964844,14161.0,KC=F,USX,NYB
2025-06-12,349.5,352.0,345.45001220703125,347.79998779296875,347.79998779296875,16748.0,KC=F,USX,NYB
2025-06-13,345.0,351.54998779296875,338.04998779296875,349.70001220703125,349.70001220703125,11113.0,KC=F,USX,NYB
2025-06-16,350.5,353.79998779296875,342.8500061035156,343.95001220703125,343.95001220703125,6074.0,KC=F,USX,NYB
2025-06-17,347.04998779296875,348.5,334.29998779296875,335.8500061035156,335.8500061035156,5049.0,KC=F,USX,NYB
2025-06-18,334.75,335.20001220703125,316.45001220703125,324.8999938964844,324.8999938964844,0.0,KC=F,USX,NYB
2025-06-20,324.54998779296875,329.8500061035156,316.95001220703125,319.04998779296875,319.04998779296875,374.0,KC=F,USX,NYB
2025-06-23,320.04998779296875,330.0,320.04998779296875,330.29998779296875,330.29998779296875,37.0,KC=F,USX,NYB
2025-06-24,323.75,325.54998779296875,317.75,315.3500061035156,315.3500061035156,206.0,KC=F,USX,NYB
2025-06-25,325.25,325.25,315.0,308.6499938964844,308.6499938964844,34.0,KC=F,USX,NYB
2025-06-26,309.5,309.5,309.5,309.5,309.5,1.0,KC=F,USX,NYB
2025-06-27,307.0,307.0,300.5,309.8999938964844,309.8999938964844,57.0,KC=F,USX,NYB
2025-06-30,308.6499938964844,308.6499938964844,305.3500061035156,306.75,306.75,57.0,KC=F,USX,NYB
2025-07-01,306.6000061035156,306.6000061035156,299.25,298.8500061035156,298.8500061035156,75.0,KC=F,USX,NYB
2025-07-02,295.0,295.0,286.5,297.95001220703125,297.95001220703125,9.0,KC=F,USX,NYB
2025-07-03,292.6499938964844,292.6499938964844,292.6499938964844,292.6499938964844,292.6499938964844,0.0,KC=F,USX,NYB
2025-07-04,292.6499938964844,292.6499938964844,292.6499938964844,292.6499938964844,292.6499938964844,0.0,KC=F,USX,NYB
2025-07-07,285.70001220703125,285.70001220703125,285.70001220703125,280.04998779296875,280.04998779296875,34.0,KC=F,USX,NYB
2025-07-08,287.3999938964844,287.3999938964844,287.3999938964844,287.3999938964844,287.3999938964844,0.0,KC=F,USX,NYB
2025-07-09,285.8500061035156,285.8500061035156,285.8500061035156,285.8500061035156,285.8500061035156,0.0,KC=F,USX,NYB
2025-07-10,289.8999938964844,289.8999938964844,289.8999938964844,289.8999938964844,289.8999938964844,0.0,KC=F,USX,NYB
2025-07-11,288.6000061035156,288.6000061035156,288.6000061035156,288.6000061035156,288.6000061035156,0.0,KC=F,USX,NYB
2025-07-14,305.70001220703125,305.70001220703125,305.70001220703125,305.70001220703125,305.70001220703125,12.0,KC=F,USX,NYB
2025-07-15,301.6000061035156,301.6000061035156,301.6000061035156,301.6000061035156,301.6000061035156,95.0,KC=F,USX,NYB
2025-07-16,312.54998779296875,312.54998779296875,312.54998779296875,314.54998779296875,314.54998779296875,12.0,KC=F,USX,NYB
2025-07-17,312.5,312.5,312.5,312.5,312.5,0.0,KC=F,USX,NYB
2025-07-18,308.8999938964844,308.8999938964844,308.8999938964844,308.8999938964844,308.8999938964844,0.0,KC=F,USX,NYB
2025-07-21,297.25,297.25,297.25,297.25,297.25,13129.0,KC=F,USX,NYB
2025-07-22,291.95001220703125,298.54998779296875,285.75,296.3500061035156,296.3500061035156,11505.0,KC=F,USX,NYB
2025-07-23,297.8999938964844,302.5,292.8500061035156,301.3500061035156,301.3500061035156,10603.0,KC=F,USX,NYB
2025-07-24,299.25,307.20001220703125,298.45001220703125,304.8500061035156,304.8500061035156,10893.0,KC=F,USX,NYB
2025-07-25,305.0,307.45001220703125,297.25,297.54998779296875,297.54998779296875,10081.0,KC=F,USX,NYB
2025-07-28,300.0,306.0,298.79998779296875,301.70001220703125,301.70001220703125,12052.0,KC=F,USX,NYB
2025-07-29,301.25,301.75,288.95001220703125,296.5,296.5,15267.0,KC=F,USX,NYB
2025-07-30,297.6499938964844,301.79998779296875,290.54998779296875,293.3999938964844,293.3999938964844,12568.0,KC=F,USX,NYB
2025-07-31,297.0,303.6000061035156,294.04998779296875,295.79998779296875,295.79998779296875,12201.0,KC=F,USX,NYB
2025-08-01,294.1000061035156,297.04998779296875,283.6499938964844,284.20001220703125,284.20001220703125,15428.0,KC=F,USX,NYB
2025-08-04,287.1000061035156,294.04998779296875,286.04998779296875,288.54998779296875,288.54998779296875,13105.0,KC=F,USX,NYB
2025-08-05,289.25,299.6000061035156,288.04998779296875,298.70001220703125,298.70001220703125,16402.0,KC=F,USX,NYB
2025-08-06,297.54998779296875,300.1499938964844,292.04998779296875,293.3999938964844,293.3999938964844,14569.0,KC=F,USX,NYB
2025-08-07,297.20001220703125,299.3500061035156,292.5,297.79998779296875,297.79998779296875,18683.0,KC=F,USX,NYB
2025-08-08,297.79998779296875,309.95001220703125,297.79998779296875,309.3500061035156,309.3500061035156,27797.0,KC=F,USX,NYB
2025-08-11,307.0,324.45001220703125,305.79998779296875,320.70001220703125,320.70001220703125,22876.0,KC=F,USX,NYB
2025-08-12,320.8999938964844,327.0,310.6499938964844,315.1499938964844,315.1499938964844,11677.0,KC=F,USX,NYB
2025-08-13,317.3500061035156,324.3999938964844,316.0,319.6000061035156,319.6000061035156,10269.0,KC=F,USX,NYB
2025-08-14,319.45001220703125,328.5,315.5,326.5,326.5,9471.0,KC=F,USX,NYB
2025-08-15,329.1000061035156,344.29998779296875,326.1499938964844,341.6499938964844,341.6499938964844,7499.0,KC=F,USX,NYB
2025-08-18,341.6499938964844,346.8999938964844,333.3999938964844,343.6000061035156,343.6000061035156,5656.0,KC=F,USX,NYB
2025-08-19,345.45001220703125,359.1000061035156,345.3999938964844,356.20001220703125,356.20001220703125,6196.0,KC=F,USX,NYB
2025-08-20,358.6000061035156,364.70001220703125,352.75,360.25,360.25,6369.0,KC=F,USX,NYB
2025-08-21,360.0,378.0,358.95001220703125,375.25,375.25,257.0,KC=F,USX,NYB
2025-08-22,380.3500061035156,391.3500061035156,378.0,390.6499938964844,390.6499938964844,87.0,KC=F,USX,NYB
2025-08-25,388.5,398.79998779296875,388.5,389.95001220703125,389.95001220703125,30.0,KC=F,USX,NYB
2025-08-26,388.3999938964844,388.3999938964844,376.5,384.04998779296875,384.04998779296875,55.0,KC=F,USX,NYB
2025-08-27,379.0,397.1000061035156,379.0,393.79998779296875,393.79998779296875,79.0,KC=F,USX,NYB
2025-08-28,394.6499938964844,400.79998779296875,387.29998779296875,387.75,387.75,81.0,KC=F,USX,NYB
2025-08-29,384.0,398.04998779296875,384.0,396.8500061035156,396.8500061035156,0.0,KC=F,USX,NYB
2025-09-02,380.0,386.1000061035156,378.5,382.20001220703125,382.20001220703125,12.0,KC=F,USX,NYB
2025-09-03,383.20001220703125,389.29998779296875,383.20001220703125,385.25,385.25,6.0,KC=F,USX,NYB
2025-09-04,384.0,386.8999938964844,384.0,385.75,385.75,11.0,KC=F,USX,NYB
2025-09-05,381.70001220703125,386.3999938964844,381.70001220703125,385.6000061035156,385.6000061035156,16.0,KC=F,USX,NYB
2025-09-08,386.0,399.75,385.25,397.79998779296875,397.79998779296875,16.0,KC=F,USX,NYB
2025-09-09,403.75,403.75,393.0,393.0,393.0,10.0,KC=F,USX,NYB
2025-09-10,397.70001220703125,399.3500061035156,397.54998779296875,401.0,401.0,12.0,KC=F,USX,NYB
2025-09-11,399.8999938964844,400.5,399.8999938964844,400.04998779296875,400.04998779296875,14.0,KC=F,USX,NYB
2025-09-12,410.6499938964844,410.6499938964844,410.6499938964844,410.6499938964844,410.6499938964844,0.0,KC=F,USX,NYB
2025-09-15,422.8999938964844,425.1499938964844,422.8999938964844,432.3500061035156,432.3500061035156,24.0,KC=F,USX,NYB
2025-09-16,428.70001220703125,431.29998779296875,422.0,422.25,422.25,20.0,KC=F,USX,NYB
2025-09-17,388.54998779296875,388.54998779296875,388.54998779296875,388.54998779296875,388.54998779296875,1.0,KC=F,USX,NYB
2025-09-18,385.8500061035156,385.8500061035156,385.8500061035156,385.8500061035156,385.8500061035156,18176.0,KC=F,USX,NYB
2025-09-19,381.79998779296875,384.3999938964844,356.25,366.5,366.5,25299.0,KC=F,USX,NYB
2025-09-22,369.20001220703125,370.1499938964844,360.54998779296875,367.3500061035156,367.3500061035156,12986.0,KC=F,USX,NYB
2025-09-23,365.5,368.8500061035156,349.45001220703125,350.1499938964844,350.1499938964844,25338.0,KC=F,USX,NYB
2025-09-24,351.8999938964844,368.75,350.95001220703125,367.75,367.75,18066.0,KC=F,USX,NYB
2025-09-25,371.5,378.3999938964844,361.25,371.3500061035156,371.3500061035156,14512.0,KC=F,USX,NYB
2025-09-26,375.0,384.0,372.6000061035156,378.04998779296875,378.04998779296875,14478.0,KC=F,USX,NYB
2025-09-29,381.04998779296875,388.29998779296875,370.29998779296875,372.20001220703125,372.20001220703125,14283.0,KC=F,USX,NYB
2025-09-30,373.20001220703125,380.70001220703125,370.5,374.8500061035156,374.8500061035156,13057.0,KC=F,USX,NYB
2025-10-01,372.3500061035156,384.6000061035156,366.6000061035156,383.8999938964844,383.8999938964844,13230.0,KC=F,USX,NYB
2025-10-02,385.25,386.20001220703125,375.1000061035156,378.1000061035156,378.1000061035156,8361.0,KC=F,USX,NYB
2025-10-03,383.25,392.3500061035156,381.04998779296875,390.75,390.75,12450.0,KC=F,USX,NYB
2025-10-06,384.8999938964844,390.3500061035156,377.5,381.3500061035156,381.3500061035156,13524.0,KC=F,USX,NYB
2025-10-07,381.6000061035156,382.29998779296875,372.1499938964844,375.3999938964844,375.3999938964844,12068.0,KC=F,USX,NYB
2025-10-08,376.8500061035156,386.20001220703125,373.95001220703125,385.1000061035156,385.1000061035156,12511.0,KC=F,USX,NYB
2025-10-09,385.5,387.95001220703125,376.70001220703125,377.25,377.25,10116.0,KC=F,USX,NYB
2025-10-10,376.79998779296875,382.8500061035156,370.6000061035156,373.04998779296875,373.04998779296875,12380.0,KC=F,USX,NYB
2025-10-13,373.20001220703125,387.1000061035156,373.20001220703125,385.20001220703125,385.20001220703125,12110.0,KC=F,USX,NYB
2025-10-14,383.3500061035156,405.25,381.3999938964844,399.6499938964844,399.6499938964844,20989.0,KC=F,USX,NYB
2025-10-15,399.70001220703125,418.5,390.1499938964844,394.8999938964844,394.8999938964844,21015.0,KC=F,USX,NYB
2025-10-16,388.8500061035156,404.04998779296875,385.75,393.79998779296875,393.79998779296875,13004.0,KC=F,USX,NYB
2025-10-17,392.95001220703125,401.8999938964844,386.25,397.45001220703125,397.45001220703125,14466.0,KC=F,USX,NYB
2025-10-20,401.29998779296875,410.04998779296875,401.29998779296875,406.04998779296875,406.04998779296875,10302.0,KC=F,USX,NYB
2025-10-21,404.20001220703125,415.0,402.20001220703125,413.54998779296875,413.54998779296875,11818.0,KC=F,USX,NYB
2025-10-22,416.0,427.0,413.75,420.8500061035156,420.8500061035156,16422.0,KC=F,USX,NYB
2025-10-23,422.8999938964844,437.95001220703125,408.0,410.1499938964844,410.1499938964844,21413.0,KC=F,USX,NYB
2025-10-24,411.04998779296875,414.29998779296875,399.95001220703125,403.0,403.0,13968.0,KC=F,USX,NYB
2025-10-27,397.0,400.6499938964844,388.3999938964844,390.1000061035156,390.1000061035156,0.0,KC=F,USX,NYB
2025-10-28,390.0,395.0,380.3999938964844,387.8999938964844,387.8999938964844,16872.0,KC=F,USX,NYB
2025-10-29,390.8500061035156,392.45001220703125,382.1499938964844,390.70001220703125,390.70001220703125,13190.0,KC=F,USX,NYB
2025-10-30,394.70001220703125,394.70001220703125,382.8500061035156,392.0,392.0,12546.0,KC=F,USX,NYB
2025-10-31,393.54998779296875,396.6000061035156,385.0,392.04998779296875,392.04998779296875,10840.0,KC=F,USX,NYB
2025-11-03,392.75,409.3999938964844,392.75,406.6499938964844,406.6499938964844,15572.0,KC=F,USX,NYB
2025-11-04,408.04998779296875,415.95001220703125,403.20001220703125,405.25,405.25,13464.0,KC=F,USX,NYB
2025-11-05,403.3500061035156,418.04998779296875,403.0,413.6000061035156,413.6000061035156,19192.0,KC=F,USX,NYB
2025-11-06,415.5,416.25,395.75,396.75,396.75,18050.0,KC=F,USX,NYB
2025-11-07,399.04998779296875,412.6499938964844,393.6499938964844,407.79998779296875,407.79998779296875,20882.0,KC=F,USX,NYB
2025-11-10,408.29998779296875,416.54998779296875,406.5,414.75,414.75,18276.0,KC=F,USX,NYB
2025-11-11,414.75,423.95001220703125,410.70001220703125,422.70001220703125,422.70001220703125,15234.0,KC=F,USX,NYB
2025-11-12,416.0,420.54998779296875,400.6000061035156,403.6499938964844,403.6499938964844,24214.0,KC=F,USX,NYB
2025-11-13,402.25,405.25,398.29998779296875,401.70001220703125,401.70001220703125,9691.0,KC=F,USX,NYB
2025-11-14,400.20001220703125,402.95001220703125,390.0,399.79998779296875,399.79998779296875,7812.0,KC=F,USX,NYB
2025-11-17,403.5,407.95001220703125,395.1499938964844,402.54998779296875,402.54998779296875,7511.0,KC=F,USX,NYB
2025-11-18,404.54998779296875,418.45001220703125,401.0,415.3500061035156,415.3500061035156,6837.0,KC=F,USX,NYB
2025-11-19,415.3500061035156,415.3500061035156,402.95001220703125,404.5,404.5,391.0,KC=F,USX,NYB
2025-11-20,405.79998779296875,408.29998779296875,404.5,406.5,406.5,116.0,KC=F,USX,NYB
2025-11-21,402.04998779296875,402.04998779296875,383.5,400.0,400.0,162.0,KC=F,USX,NYB
2025-11-24,399.8999938964844,408.54998779296875,399.8999938964844,407.45001220703125,407.45001220703125,107.0,KC=F,USX,NYB
2025-11-25,409.20001220703125,415.04998779296875,405.0,414.20001220703125,414.20001220703125,111.0,KC=F,USX,NYB
2025-11-26,411.95001220703125,412.3500061035156,407.54998779296875,411.5,411.5,81.0,KC=F,USX,NYB
2025-11-28,412.5,412.5,412.3999938964844,413.0,413.0,17.0,KC=F,USX,NYB
2025-12-01,407.04998779296875,407.20001220703125,405.95001220703125,411.5,411.5,35.0,KC=F,USX,NYB
2025-12-02,409.45001220703125,410.45001220703125,404.79998779296875,405.54998779296875,405.54998779296875,31.0,KC=F,USX,NYB
2025-12-03,406.95001220703125,407.3999938964844,403.70001220703125,403.75,403.75,30.0,KC=F,USX,NYB
2025-12-04,410.0,411.1000061035156,408.75,411.95001220703125,411.95001220703125,36.0,KC=F,USX,NYB
2025-12-05,406.20001220703125,408.29998779296875,406.20001220703125,406.25,406.25,51.0,KC=F,USX,NYB
2025-12-08,403.3999938964844,405.6000061035156,396.25,396.04998779296875,396.04998779296875,33.0,KC=F,USX,NYB
2025-12-09,402.75,402.75,392.25,394.20001220703125,394.20001220703125,16.0,KC=F,USX,NYB
2025-12-10,402.79998779296875,405.0,401.95001220703125,400.79998779296875,400.79998779296875,17.0,KC=F,USX,NYB
2025-12-11,399.6499938964844,407.45001220703125,399.6499938964844,405.45001220703125,405.45001220703125,5.0,KC=F,USX,NYB
2025-12-12,404.45001220703125,404.45001220703125,395.1000061035156,397.20001220703125,397.20001220703125,47.0,KC=F,USX,NYB
2025-12-15,397.5,397.5,386.0,387.70001220703125,387.70001220703125,11.0,KC=F,USX,NYB
2025-12-16,382.0,383.79998779296875,382.0,379.29998779296875,379.29998779296875,38.0,KC=F,USX,NYB
2025-12-17,379.20001220703125,379.29998779296875,357.1499938964844,351.8999938964844,351.8999938964844,63.0,KC=F,USX,NYB
2025-12-18,345.45001220703125,345.45001220703125,345.45001220703125,345.45001220703125,345.45001220703125,14223.0,KC=F,USX,NYB
2025-12-19,346.6000061035156,348.54998779296875,340.0,340.6499938964844,340.6499938964844,19771.0,KC=F,USX,NYB
2025-12-22,341.1000061035156,349.5,339.04998779296875,347.3500061035156,347.3500061035156,13070.0,KC=F,USX,NYB
2025-12-23,350.0,352.3999938964844,345.6000061035156,346.95001220703125,346.95001220703125,11078.0,KC=F,USX,NYB
2025-12-24,348.1000061035156,348.6499938964844,343.04998779296875,345.1499938964844,345.1499938964844,0.0,KC=F,USX,NYB
2025-12-26,345.79998779296875,350.70001220703125,344.29998779296875,350.25,350.25,7348.0,KC=F,USX,NYB
2025-12-29,349.5,354.29998779296875,347.04998779296875,352.1499938964844,352.1499938964844,9184.0,KC=F,USX,NYB
2025-12-30,350.54998779296875,359.29998779296875,349.5,350.20001220703125,350.20001220703125,11564.0,KC=F,USX,NYB
2025-12-31,349.5,353.8500061035156,348.04998779296875,348.75,348.75,0.0,KC=F,USX,NYB
2026-01-02,348.3999938964844,358.04998779296875,345.20001220703125,357.29998779296875,357.29998779296875,11467.0,KC=F,USX,NYB
2026-01-05,354.54998779296875,360.6499938964844,350.6000061035156,359.3500061035156,359.3500061035156,16945.0,KC=F,USX,NYB
2026-01-06,358.20001220703125,374.29998779296875,356.79998779296875,373.8500061035156,373.8500061035156,26360.0,KC=F,USX,NYB
2026-01-07,371.3500061035156,382.8500061035156,371.0,375.45001220703125,375.45001220703125,20432.0,KC=F,USX,NYB
2026-01-08,373.04998779296875,383.8500061035156,371.6499938964844,372.3500061035156,372.3500061035156,15415.0,KC=F,USX,NYB
2026-01-09,372.3500061035156,372.8999938964844,356.04998779296875,357.6499938964844,357.6499938964844,18736.0,KC=F,USX,NYB
2026-01-12,357.6000061035156,358.8500061035156,352.79998779296875,356.04998779296875,356.04998779296875,12670.0,KC=F,USX,NYB
2026-01-13,359.04998779296875,363.54998779296875,356.6499938964844,360.25,360.25,16540.0,KC=F,USX,NYB
2026-01-14,362.8500061035156,363.3500061035156,353.75,356.0,356.0,13983.0,KC=F,USX,NYB
2026-01-15,355.8999938964844,359.0,350.6000061035156,358.1000061035156,358.1000061035156,12328.0,KC=F,USX,NYB
2026-01-16,358.6000061035156,361.29998779296875,354.6000061035156,355.29998779296875,355.29998779296875,10712.0,KC=F,USX,NYB
2026-01-20,353.79998779296875,355.6499938964844,345.54998779296875,346.5,346.5,16721.0,KC=F,USX,NYB
2026-01-21,346.29998779296875,348.20001220703125,341.79998779296875,347.5,347.5,18703.0,KC=F,USX,NYB
2026-01-22,346.8999938964844,350.1499938964844,344.25,347.70001220703125,347.70001220703125,12189.0,KC=F,USX,NYB
2026-01-23,347.75,355.3500061035156,346.8500061035156,350.8999938964844,350.8999938964844,12669.0,KC=F,USX,NYB
2026-01-26,351.54998779296875,359.0,351.5,356.25,356.25,12737.0,KC=F,USX,NYB
2026-01-27,357.20001220703125,370.0,357.0,367.25,367.25,18370.0,KC=F,USX,NYB
2026-01-28,371.0,372.54998779296875,349.79998779296875,351.0,351.0,21411.0,KC=F,USX,NYB
2026-01-29,351.54998779296875,352.54998779296875,344.6000061035156,345.5,345.5,15059.0,KC=F,USX,NYB
2026-01-30,344.5,345.5,330.8999938964844,332.25,332.25,25468.0,KC=F,USX,NYB
2026-02-02,331.75,338.25,331.0,333.25,333.25,16009.0,KC=F,USX,NYB
2026-02-03,335.54998779296875,337.75,314.79998779296875,317.1000061035156,317.1000061035156,24083.0,KC=F,USX,NYB
2026-02-04,319.3999938964844,324.79998779296875,307.1000061035156,308.6499938964844,308.6499938964844,29013.0,KC=F,USX,NYB
2026-02-05,310.1499938964844,313.0,301.6000061035156,308.3999938964844,308.3999938964844,24237.0,KC=F,USX,NYB
2026-02-06,312.04998779296875,315.0,293.6499938964844,296.54998779296875,296.54998779296875,29513.0,KC=F,USX,NYB
2026-02-09,295.20001220703125,305.6000061035156,291.79998779296875,299.8500061035156,299.8500061035156,25888.0,KC=F,USX,NYB
2026-02-10,301.3500061035156,304.0,292.6000061035156,294.20001220703125,294.20001220703125,21616.0,KC=F,USX,NYB
2026-02-11,294.3999938964844,298.04998779296875,292.29998779296875,294.79998779296875,294.79998779296875,16466.0,KC=F,USX,NYB
2026-02-12,297.20001220703125,302.45001220703125,295.75,299.6499938964844,299.6499938964844,11284.0,KC=F,USX,NYB
2026-02-13,300.95001220703125,308.6000061035156,297.54998779296875,300.04998779296875,300.04998779296875,6668.0,KC=F,USX,NYB
2026-02-17,296.8999938964844,299.3500061035156,282.04998779296875,284.6000061035156,284.6000061035156,6778.0,KC=F,USX,NYB
2026-02-18,285.1000061035156,288.04998779296875,281.1499938964844,287.54998779296875,287.54998779296875,4046.0,KC=F,USX,NYB
2026-02-19,288.54998779296875,289.70001220703125,279.29998779296875,287.3999938964844,287.3999938964844,180.0,KC=F,USX,NYB
2026-02-20,291.0,291.0,286.6499938964844,288.29998779296875,288.29998779296875,81.0,KC=F,USX,NYB
2026-02-23,286.1499938964844,286.1499938964844,281.8500061035156,281.1499938964844,281.1499938964844,79.0,KC=F,USX,NYB
2026-02-24,282.1000061035156,288.25,278.6499938964844,288.25,288.25,79.0,KC=F,USX,NYB
2026-02-25,290.0,290.0,286.70001220703125,288.29998779296875,288.29998779296875,59.0,KC=F,USX,NYB
2026-02-26,289.29998779296875,289.29998779296875,285.6000061035156,286.0,286.0,32.0,KC=F,USX,NYB
2026-02-27,286.1499938964844,286.45001220703125,284.79998779296875,284.6000061035156,284.6000061035156,25.0,KC=F,USX,NYB
2026-03-02,282.54998779296875,288.25,282.5,288.3500061035156,288.3500061035156,11.0,KC=F,USX,NYB
2026-03-03,288.3500061035156,290.0,286.54998779296875,286.95001220703125,286.95001220703125,21.0,KC=F,USX,NYB
2026-03-04,290.70001220703125,290.70001220703125,290.70001220703125,290.70001220703125,290.70001220703125,10.0,KC=F,USX,NYB
2026-03-05,290.6000061035156,290.6000061035156,290.6000061035156,293.0,293.0,31.0,KC=F,USX,NYB
2026-03-06,297.6000061035156,297.6000061035156,297.6000061035156,297.6000061035156,297.6000061035156,19.0,KC=F,USX,NYB
2026-03-09,299.79998779296875,304.0,299.6000061035156,301.75,301.75,10.0,KC=F,USX,NYB
2026-03-10,299.1000061035156,299.1000061035156,299.1000061035156,300.54998779296875,300.54998779296875,52.0,KC=F,USX,NYB
2026-03-11,292.0,292.0,292.0,292.0,292.0,4.0,KC=F,USX,NYB
2026-03-12,300.8500061035156,300.8999938964844,299.70001220703125,296.5,296.5,6.0,KC=F,USX,NYB
2026-03-13,292.75,292.75,292.75,290.3500061035156,290.3500061035156,73.0,KC=F,USX,NYB
2026-03-16,297.75,297.75,297.75,297.75,297.75,4.0,KC=F,USX,NYB
2026-03-17,302.04998779296875,302.04998779296875,302.04998779296875,302.04998779296875,302.04998779296875,4.0,KC=F,USX,NYB
2026-03-18,305.0,305.0,297.3500061035156,299.70001220703125,299.70001220703125,42.0,KC=F,USX,NYB
2026-03-19,306.20001220703125,306.20001220703125,306.20001220703125,306.20001220703125,306.20001220703125,17103.0,KC=F,USX,NYB
2026-03-20,303.0,312.3999938964844,297.3999938964844,309.75,309.75,24943.0,KC=F,USX,NYB
2026-03-23,308.79998779296875,312.70001220703125,300.95001220703125,307.0,307.0,18804.0,KC=F,USX,NYB
2026-03-24,307.8999938964844,319.5,307.45001220703125,317.8500061035156,317.8500061035156,20239.0,KC=F,USX,NYB
2026-03-25,317.5,318.79998779296875,311.45001220703125,316.1000061035156,316.1000061035156,16330.0,KC=F,USX,NYB
2026-03-26,315.70001220703125,316.95001220703125,306.6000061035156,307.6499938964844,307.6499938964844,14703.0,KC=F,USX,NYB
2026-03-27,307.3999938964844,309.1000061035156,300.0,301.70001220703125,301.70001220703125,13302.0,KC=F,USX,NYB
2026-03-30,300.5,301.0,291.6499938964844,292.54998779296875,292.54998779296875,15119.0,KC=F,USX,NYB
2026-03-31,294.3999938964844,299.0,292.79998779296875,298.3500061035156,298.3500061035156,15229.0,KC=F,USX,NYB
2026-04-01,298.0,300.75,291.04998779296875,297.79998779296875,297.79998779296875,18200.0,KC=F,USX,NYB
2026-04-02,300.8500061035156,301.5,292.25,295.3999938964844,295.3999938964844,13705.0,KC=F,USX,NYB
2026-04-06,295.0,299.0,294.1499938964844,298.04998779296875,298.04998779296875,6617.0,KC=F,USX,NYB
2026-04-07,297.70001220703125,298.3999938964844,285.54998779296875,286.1000061035156,286.1000061035156,21272.0,KC=F,USX,NYB
2026-04-08,285.0,294.75,284.29998779296875,294.04998779296875,294.04998779296875,19514.0,KC=F,USX,NYB
2026-04-09,293.8500061035156,296.8999938964844,289.75,293.70001220703125,293.70001220703125,21699.0,KC=F,USX,NYB
2026-04-10,293.6499938964844,301.25,291.79998779296875,300.1000061035156,300.1000061035156,22923.0,KC=F,USX,NYB
2026-04-13,299.0,305.75,298.29998779296875,300.8500061035156,300.8500061035156,17519.0,KC=F,USX,NYB
2026-04-14,300.0,305.25,297.75,302.6499938964844,302.6499938964844,11349.0,KC=F,USX,NYB
2026-04-15,303.1000061035156,305.45001220703125,300.1000061035156,304.25,304.25,10237.0,KC=F,USX,NYB
2026-04-16,302.75,303.6000061035156,293.20001220703125,296.45001220703125,296.45001220703125,6059.0,KC=F,USX,NYB
2026-04-17,297.1499938964844,298.5,288.3500061035156,289.29998779296875,289.29998779296875,5125.0,KC=F,USX,NYB
2026-04-20,290.8999938964844,294.29998779296875,290.6000061035156,292.20001220703125,292.20001220703125,4426.0,KC=F,USX,NYB
2026-04-21,292.29998779296875,299.8999938964844,284.20001220703125,289.0,289.0,3726.0,KC=F,USX,NYB
2026-04-22,300.0,311.25,298.5,302.3999938964844,302.3999938964844,438.0,KC=F,USX,NYB
2026-04-23,302.8999938964844,318.6499938964844,302.8999938964844,316.3500061035156,316.3500061035156,229.0,KC=F,USX,NYB
2026-04-24,317.75,317.75,309.54998779296875,309.79998779296875,309.79998779296875,33.0,KC=F,USX,NYB
2026-04-27,307.54998779296875,308.3500061035156,303.5,304.1000061035156,304.1000061035156,59.0,KC=F,USX,NYB
2026-04-28,306.3500061035156,308.54998779296875,306.3500061035156,306.3999938964844,306.3999938964844,66.0,KC=F,USX,NYB
2026-04-29,305.25,305.25,305.25,305.25,305.25,22.0,KC=F,USX,NYB
2026-04-30,299.5,299.5,299.5,300.8999938964844,300.8999938964844,23.0,KC=F,USX,NYB
2026-05-01,299.5,301.5,295.95001220703125,302.0,302.0,21.0,KC=F,USX,NYB
2026-05-04,302.20001220703125,302.20001220703125,302.20001220703125,302.20001220703125,302.20001220703125,22.0,KC=F,USX,NYB
2026-05-05,307.20001220703125,309.8500061035156,307.20001220703125,305.8500061035156,305.8500061035156,10.0,KC=F,USX,NYB
2026-05-06,303.75,303.75,301.1000061035156,299.45001220703125,299.45001220703125,6.0,KC=F,USX,NYB
2026-05-07,298.70001220703125,298.70001220703125,292.8500061035156,291.04998779296875,291.04998779296875,64.0,KC=F,USX,NYB
2026-05-08,289.70001220703125,289.70001220703125,289.70001220703125,289.70001220703125,289.70001220703125,1.0,KC=F,USX,NYB
2026-05-11,287.0,295.0,287.0,298.6000061035156,298.6000061035156,13.0,KC=F,USX,NYB
2026-05-12,295.5,297.3500061035156,295.5,294.79998779296875,294.79998779296875,18.0,KC=F,USX,NYB
2026-05-13,296.0,300.0,296.0,296.25,296.25,43.0,KC=F,USX,NYB
2026-05-14,294.45001220703125,294.45001220703125,294.45001220703125,294.45001220703125,294.45001220703125,15.0,KC=F,USX,NYB
2026-05-15,286.6499938964844,291.6499938964844,286.6499938964844,284.6000061035156,284.6000061035156,20.0,KC=F,USX,NYB
2026-05-18,280.0,280.0,279.1499938964844,276.20001220703125,276.20001220703125,15878.0,KC=F,USX,NYB
2026-05-19,266.3999938964844,270.95001220703125,262.8500061035156,270.1499938964844,270.1499938964844,15134.0,KC=F,USX,NYB
2026-05-20,270.0,272.0,264.20001220703125,268.29998779296875,268.29998779296875,13829.0,KC=F,USX,NYB
2026-05-21,268.79998779296875,274.29998779296875,266.5,273.3999938964844,273.3999938964844,12676.0,KC=F,USX,NYB
2026-05-22,273.8500061035156,274.79998779296875,270.70001220703125,272.3500061035156,272.3500061035156,8179.0,KC=F,USX,NYB
2026-05-26,270.3999938964844,275.25,267.1499938964844,274.0,274.0,11869.0,KC=F,USX,NYB
2026-05-27,273.8500061035156,276.79998779296875,268.79998779296875,269.8500061035156,269.8500061035156,10798.0,KC=F,USX,NYB
2026-05-28,271.0,278.3999938964844,270.95001220703125,274.25,274.25,13924.0,KC=F,USX,NYB
2026-05-29,273.25,274.6000061035156,265.29998779296875,265.6000061035156,265.6000061035156,14216.0,KC=F,USX,NYB
2026-06-01,265.8500061035156,269.3999938964844,259.54998779296875,260.6000061035156,260.6000061035156,17189.0,KC=F,USX,NYB
2026-06-02,260.70001220703125,262.29998779296875,258.1499938964844,259.20001220703125,259.20001220703125,12712.0,KC=F,USX,NYB
2026-06-03,261.1000061035156,261.70001220703125,252.39999389648438,253.10000610351562,253.10000610351562,19790.0,KC=F,USX,NYB
2026-06-04,252.75,254.10000610351562,246.85000610351562,247.14999389648438,247.14999389648438,19034.0,KC=F,USX,NYB
2026-06-05,248.0,249.1999969482422,243.3000030517578,246.5,246.5,26616.0,KC=F,USX,NYB
2026-06-08,246.0,250.85000610351562,244.3000030517578,245.89999389648438,245.89999389648438,22261.0,KC=F,USX,NYB
2026-06-09,245.60000610351562,249.14999389648438,242.6999969482422,244.39999389648438,244.39999389648438,26801.0,KC=F,USX,NYB
2026-06-10,245.1999969482422,250.14999389648438,244.6999969482422,248.39999389648438,248.39999389648438,21904.0,KC=F,USX,NYB
2026-06-11,247.5,255.5,247.5,253.9499969482422,253.9499969482422,19762.0,KC=F,USX,NYB
2026-06-12,255.0,257.95001220703125,252.89999389648438,257.20001220703125,257.20001220703125,14442.0,KC=F,USX,NYB
2026-06-15,256.20001220703125,265.1000061035156,256.20001220703125,262.95001220703125,262.95001220703125,12105.0,KC=F,USX,NYB
2026-06-16,263.95001220703125,279.20001220703125,260.3999938964844,277.25,277.25,10541.0,KC=F,USX,NYB
2026-06-17,277.5,279.95001220703125,271.70001220703125,277.8500061035156,277.8500061035156,5413.0,KC=F,USX,NYB
2026-06-18,279.75,285.75,270.5,275.1000061035156,275.1000061035156,5292.0,KC=F,USX,NYB
2026-06-22,272.0,278.45001220703125,269.79998779296875,277.0,277.0,279.0,KC=F,USX,NYB
2026-06-23,273.1499938964844,290.95001220703125,273.1499938964844,287.95001220703125,287.95001220703125,157.0,KC=F,USX,NYB
2026-06-24,290.0,298.79998779296875,288.0,291.54998779296875,291.54998779296875,86.0,KC=F,USX,NYB
2026-06-25,295.3500061035156,295.3500061035156,282.0,288.79998779296875,288.79998779296875,77.0,KC=F,USX,NYB
2026-06-26,285.29998779296875,285.29998779296875,285.29998779296875,286.75,286.75,2.0,KC=F,USX,NYB
2026-06-29,291.1000061035156,291.1000061035156,291.1000061035156,291.1000061035156,291.1000061035156,1.0,KC=F,USX,NYB
2026-06-30,312.0,314.1000061035156,312.0,311.20001220703125,311.20001220703125,32.0,KC=F,USX,NYB
2026-07-01,310.0,326.25,310.0,324.29998779296875,324.29998779296875,29.0,KC=F,USX,NYB
2026-07-02,315.6499938964844,315.6499938964844,315.6499938964844,315.6499938964844,315.6499938964844,118.0,KC=F,USX,NYB
2026-07-06,333.8500061035156,348.0,333.8500061035156,363.95001220703125,363.95001220703125,6.0,KC=F,USX,NYB
2026-07-07,331.6000061035156,331.6000061035156,331.6000061035156,331.6000061035156,331.6000061035156,1.0,KC=F,USX,NYB
2026-07-08,334.1000061035156,334.1000061035156,319.0,324.25,324.25,5.0,KC=F,USX,NYB
2026-07-09,356.95001220703125,356.95001220703125,356.95001220703125,356.95001220703125,356.95001220703125,52.0,KC=F,USX,NYB
2026-07-10,343.0,343.0,343.0,343.0,343.0,0.0,KC=F,USX,NYB
2026-07-13,341.3999938964844,341.3999938964844,341.3999938964844,341.3999938964844,341.3999938964844,0.0,KC=F,USX,NYB
2026-07-14,335.0,335.0,335.0,337.20001220703125,337.20001220703125,1.0,KC=F,USX,NYB
2026-07-15,334.45001220703125,334.45001220703125,334.45001220703125,334.45001220703125,334.45001220703125,3.0,KC=F,USX,NYB
2026-07-16,321.29998779296875,321.29998779296875,321.29998779296875,321.29998779296875,321.29998779296875,0.0,KC=F,USX,NYB
2026-07-17,328.45001220703125,328.45001220703125,328.45001220703125,328.45001220703125,328.45001220703125,37.0,KC=F,USX,NYB
2026-07-20,328.45001220703125,335.25,328.45001220703125,334.3999938964844,334.3999938964844,16.0,KC=F,USX,NYB
2026-07-21,331.95001220703125,331.95001220703125,331.95001220703125,331.95001220703125,331.95001220703125,14600.0,KC=F,USX,NYB
2026-07-22,320.8500061035156,324.6000061035156,313.3500061035156,316.6499938964844,316.6499938964844,12355.0,KC=F,USX,NYB
2026-07-23,320.54998779296875,321.29998779296875,308.25,309.3999938964844,309.3999938964844,12910.0,KC=F,USX,NYB
2026-07-24,311.5,318.54998779296875,306.3999938964844,313.79998779296875,313.79998779296875,14168.0,KC=F,USX,NYB
2026-07-27,314.0,333.45001220703125,313.8999938964844,324.54998779296875,324.54998779296875,19666.0,KC=F,USX,NYB
2026-07-28,328.0,346.6499938964844,328.0,339.3999938964844,339.3999938964844,21644.0,KC=F,USX,NYB
2026-07-29,334.25,342.75,324.3500061035156,325.79998779296875,325.79998779296875,16261.0,KC=F,USX,NYB
2026-07-30,332.0,338.75,322.25,323.04998779296875,323.04998779296875,18619.0,KC=F,USX,NYB
2026-07-31,325.75,334.3999938964844,320.8999938964844,332.1000061035156,332.1000061035156,11335.0,KC=F,USX,NYB
2026-08-03,332.0,332.6499938964844,317.25,319.5,319.5,17659.0,KC=F,USX,NYB
2026-08-04,322.54998779296875,326.79998779296875,318.79998779296875,324.1000061035156,324.1000061035156,13121.0,KC=F,USX,NYB
2026-08-05,325.3999938964844,331.5,321.6000061035156,326.8999938964844,326.8999938964844,13986.0,KC=F,USX,NYB
2026-08-06,327.0,330.3999938964844,318.29998779296875,321.6499938964844,321.6499938964844,12567.0,KC=F,USX,NYB
2026-08-07,322.1499938964844,342.0,322.1499938964844,335.54998779296875,335.54998779296875,19833.0,KC=F,USX,NYB
2026-08-10,335.0,338.8999938964844,326.75,332.29998779296875,332.29998779296875,19712.0,KC=F,USX,NYB
2026-08-11,333.45001220703125,348.79998779296875,332.5,335.75,335.75,18061.0,KC=F,USX,NYB
2026-08-12,336.6000061035156,342.04998779296875,333.3999938964844,340.1000061035156,340.1000061035156,13042.0,KC=F,USX,NYB
2026-08-13,338.0,341.25,331.0,333.1000061035156,333.1000061035156,11817.0,KC=F,USX,NYB
2026-08-14,332.1499938964844,340.70001220703125,329.04998779296875,338.1000061035156,338.1000061035156,14332.0,KC=F,USX,NYB
2026-08-17,338.5,354.0,338.5,345.1000061035156,345.1000061035156,8100.0,KC=F,USX,NYB
2026-08-18,346.25,364.25,344.8999938964844,363.3999938964844,363.3999938964844,6212.0,KC=F,USX,NYB
2026-08-19,364.45001220703125,369.20001220703125,355.0,359.5,359.5,5463.0,KC=F,USX,NYB
2026-08-20,359.79998779296875,366.1000061035156,351.20001220703125,363.6000061035156,363.6000061035156,3645.0,KC=F,USX,NYB
2026-08-21,363.75,370.1000061035156,359.0,358.75,358.75,301.0,KC=F,USX,NYB
2026-08-24,360.8500061035156,377.95001220703125,359.6499938964844,377.75,377.75,35.0,KC=F,USX,NYB
2026-08-25,376.70001220703125,377.0,366.5,371.3999938964844,371.3999938964844,49.0,KC=F,USX,NYB
2026-08-26,367.95001220703125,367.95001220703125,356.6499938964844,357.6000061035156,357.6000061035156,60.0,KC=F,USX,NYB
2026-08-27,355.3999938964844,355.3999938964844,342.8999938964844,341.8999938964844,341.8999938964844,60.0,KC=F,USX,NYB
