date,open,high,low,close,adj_close,volume,ticker,currency,exchange
2000-01-03,840.0,846.0,820.0,830.0,830.0,2426.0,CC=F,USD,NYB
2000-01-04,830.0,841.0,823.0,836.0,836.0,1957.0,CC=F,USD,NYB
2000-01-05,840.0,850.0,828.0,831.0,831.0,3975.0,CC=F,USD,NYB
2000-01-06,830.0,847.0,824.0,841.0,841.0,3454.0,CC=F,USD,NYB
2000-01-07,848.0,855.0,836.0,853.0,853.0,5008.0,CC=F,USD,NYB
2000-01-10,848.0,855.0,837.0,839.0,839.0,3900.0,CC=F,USD,NYB
2000-01-11,838.0,853.0,836.0,846.0,846.0,2073.0,CC=F,USD,NYB
2000-01-12,848.0,855.0,843.0,854.0,854.0,2458.0,CC=F,USD,NYB
2000-01-13,854.0,875.0,845.0,871.0,871.0,7037.0,CC=F,USD,NYB
2000-01-14,870.0,872.0,847.0,850.0,850.0,4477.0,CC=F,USD,NYB
2000-01-18,835.0,837.0,825.0,828.0,828.0,6976.0,CC=F,USD,NYB
2000-01-19,828.0,845.0,815.0,844.0,844.0,5731.0,CC=F,USD,NYB
2000-01-20,841.0,859.0,840.0,853.0,853.0,4759.0,CC=F,USD,NYB
2000-01-21,857.0,865.0,848.0,861.0,861.0,5036.0,CC=F,USD,NYB
2000-01-24,858.0,866.0,842.0,844.0,844.0,2671.0,CC=F,USD,NYB
2000-01-25,845.0,846.0,835.0,838.0,838.0,2973.0,CC=F,USD,NYB
2000-01-26,834.0,854.0,831.0,846.0,846.0,3964.0,CC=F,USD,NYB
2000-01-27,848.0,852.0,820.0,823.0,823.0,5849.0,CC=F,USD,NYB
2000-01-28,829.0,836.0,805.0,811.0,811.0,7540.0,CC=F,USD,NYB
2000-01-31,810.0,812.0,794.0,795.0,795.0,6201.0,CC=F,USD,NYB
2000-02-01,780.0,793.0,757.0,763.0,763.0,8622.0,CC=F,USD,NYB
2000-02-02,775.0,779.0,763.0,766.0,766.0,5044.0,CC=F,USD,NYB
2000-02-03,770.0,778.0,765.0,774.0,774.0,3021.0,CC=F,USD,NYB
2000-02-04,774.0,774.0,751.0,765.0,765.0,4604.0,CC=F,USD,NYB
2000-02-07,765.0,785.0,761.0,783.0,783.0,5579.0,CC=F,USD,NYB
2000-02-08,781.0,788.0,761.0,767.0,767.0,6178.0,CC=F,USD,NYB
2000-02-09,767.0,785.0,767.0,784.0,784.0,7150.0,CC=F,USD,NYB
2000-02-10,775.0,782.0,774.0,776.0,776.0,5701.0,CC=F,USD,NYB
2000-02-11,770.0,775.0,750.0,759.0,759.0,7767.0,CC=F,USD,NYB
2000-02-14,755.0,764.0,735.0,740.0,740.0,13644.0,CC=F,USD,NYB
2000-02-15,745.0,760.0,742.0,748.0,748.0,1547.0,CC=F,USD,NYB
2000-02-16,760.0,770.0,751.0,764.0,764.0,2052.0,CC=F,USD,NYB
2000-02-17,767.0,784.0,764.0,781.0,781.0,887.0,CC=F,USD,NYB
2000-02-18,788.0,790.0,773.0,780.0,780.0,887.0,CC=F,USD,NYB
2000-02-22,770.0,778.0,760.0,760.0,760.0,67.0,CC=F,USD,NYB
2000-02-23,765.0,772.0,763.0,769.0,769.0,50.0,CC=F,USD,NYB
2000-02-24,780.0,805.0,760.0,767.0,767.0,187.0,CC=F,USD,NYB
2000-02-25,765.0,767.0,734.0,734.0,734.0,49.0,CC=F,USD,NYB
2000-02-28,735.0,748.0,732.0,740.0,740.0,148.0,CC=F,USD,NYB
2000-02-29,730.0,754.0,730.0,753.0,753.0,17.0,CC=F,USD,NYB
2000-03-01,755.0,759.0,745.0,759.0,759.0,11.0,CC=F,USD,NYB
2000-03-02,770.0,791.0,770.0,791.0,791.0,35.0,CC=F,USD,NYB
2000-03-03,814.0,814.0,800.0,805.0,805.0,11.0,CC=F,USD,NYB
2000-03-06,805.0,805.0,775.0,802.0,802.0,10.0,CC=F,USD,NYB
2000-03-07,815.0,829.0,810.0,819.0,819.0,10.0,CC=F,USD,NYB
2000-03-08,820.0,829.0,802.0,829.0,829.0,9.0,CC=F,USD,NYB
2000-03-09,840.0,868.0,815.0,819.0,819.0,22.0,CC=F,USD,NYB
2000-03-10,835.0,845.0,808.0,840.0,840.0,13.0,CC=F,USD,NYB
2000-03-13,845.0,860.0,800.0,860.0,860.0,10.0,CC=F,USD,NYB
2000-03-14,873.0,880.0,842.0,880.0,880.0,32.0,CC=F,USD,NYB
2000-03-15,826.0,893.0,825.0,846.0,846.0,14.0,CC=F,USD,NYB
2000-03-16,910.0,910.0,862.0,878.0,878.0,0.0,CC=F,USD,NYB
2000-03-17,917.0,929.0,893.0,898.0,898.0,7745.0,CC=F,USD,NYB
2000-03-20,885.0,891.0,851.0,857.0,857.0,6808.0,CC=F,USD,NYB
2000-03-21,862.0,870.0,845.0,868.0,868.0,5489.0,CC=F,USD,NYB
2000-03-22,862.0,875.0,856.0,871.0,871.0,3627.0,CC=F,USD,NYB
2000-03-23,868.0,883.0,860.0,876.0,876.0,3136.0,CC=F,USD,NYB
2000-03-24,862.0,866.0,828.0,840.0,840.0,7655.0,CC=F,USD,NYB
2000-03-27,840.0,840.0,792.0,797.0,797.0,9678.0,CC=F,USD,NYB
2000-03-28,792.0,819.0,786.0,815.0,815.0,5519.0,CC=F,USD,NYB
2000-03-29,820.0,833.0,792.0,796.0,796.0,6670.0,CC=F,USD,NYB
2000-03-30,796.0,807.0,790.0,794.0,794.0,4101.0,CC=F,USD,NYB
2000-03-31,804.0,811.0,794.0,800.0,800.0,4065.0,CC=F,USD,NYB
2000-04-03,785.0,804.0,783.0,784.0,784.0,3907.0,CC=F,USD,NYB
2000-04-04,785.0,814.0,785.0,809.0,809.0,4543.0,CC=F,USD,NYB
2000-04-05,817.0,819.0,806.0,811.0,811.0,2865.0,CC=F,USD,NYB
2000-04-06,820.0,838.0,818.0,825.0,825.0,4478.0,CC=F,USD,NYB
2000-04-07,815.0,820.0,806.0,810.0,810.0,4707.0,CC=F,USD,NYB
2000-04-10,808.0,810.0,793.0,807.0,807.0,6551.0,CC=F,USD,NYB
2000-04-11,808.0,819.0,801.0,803.0,803.0,6944.0,CC=F,USD,NYB
2000-04-12,796.0,809.0,793.0,802.0,802.0,7164.0,CC=F,USD,NYB
2000-04-13,795.0,822.0,795.0,815.0,815.0,11975.0,CC=F,USD,NYB
2000-04-14,815.0,824.0,799.0,807.0,807.0,2174.0,CC=F,USD,NYB
2000-04-17,800.0,830.0,797.0,824.0,824.0,317.0,CC=F,USD,NYB
2000-04-18,835.0,850.0,830.0,837.0,837.0,343.0,CC=F,USD,NYB
2000-04-19,837.0,846.0,805.0,813.0,813.0,430.0,CC=F,USD,NYB
2000-04-20,813.0,815.0,794.0,803.0,803.0,102.0,CC=F,USD,NYB
2000-04-24,803.0,804.0,760.0,764.0,764.0,105.0,CC=F,USD,NYB
2000-04-25,764.0,775.0,763.0,769.0,769.0,38.0,CC=F,USD,NYB
2000-04-26,770.0,780.0,765.0,765.0,765.0,14.0,CC=F,USD,NYB
2000-04-27,755.0,768.0,753.0,755.0,755.0,41.0,CC=F,USD,NYB
2000-04-28,760.0,763.0,747.0,747.0,747.0,15.0,CC=F,USD,NYB
2000-05-01,752.0,767.0,740.0,764.0,764.0,25.0,CC=F,USD,NYB
2000-05-02,784.0,784.0,756.0,763.0,763.0,11.0,CC=F,USD,NYB
2000-05-03,755.0,772.0,755.0,772.0,772.0,2.0,CC=F,USD,NYB
2000-05-04,781.0,781.0,767.0,772.0,772.0,10.0,CC=F,USD,NYB
2000-05-05,773.0,773.0,771.0,771.0,771.0,3.0,CC=F,USD,NYB
2000-05-08,775.0,775.0,743.0,748.0,748.0,5.0,CC=F,USD,NYB
2000-05-09,753.0,769.0,751.0,769.0,769.0,9.0,CC=F,USD,NYB
2000-05-10,772.0,772.0,765.0,765.0,765.0,2.0,CC=F,USD,NYB
2000-05-11,800.0,800.0,796.0,796.0,796.0,3.0,CC=F,USD,NYB
2000-05-12,778.0,778.0,778.0,778.0,778.0,8.0,CC=F,USD,NYB
2000-05-15,781.0,795.0,781.0,783.0,783.0,0.0,CC=F,USD,NYB
2000-05-16,810.0,840.0,810.0,837.0,837.0,5369.0,CC=F,USD,NYB
2000-05-17,839.0,840.0,812.0,821.0,821.0,4760.0,CC=F,USD,NYB
2000-05-18,814.0,833.0,812.0,829.0,829.0,2770.0,CC=F,USD,NYB
2000-05-19,842.0,865.0,842.0,857.0,857.0,9070.0,CC=F,USD,NYB
2000-05-22,853.0,859.0,837.0,840.0,840.0,3720.0,CC=F,USD,NYB
2000-05-23,838.0,848.0,833.0,834.0,834.0,3681.0,CC=F,USD,NYB
2000-05-24,835.0,859.0,832.0,850.0,850.0,6341.0,CC=F,USD,NYB
2000-05-25,866.0,874.0,826.0,831.0,831.0,8666.0,CC=F,USD,NYB
2000-05-26,835.0,843.0,821.0,835.0,835.0,3538.0,CC=F,USD,NYB
2000-05-30,835.0,842.0,828.0,830.0,830.0,2671.0,CC=F,USD,NYB
2000-05-31,837.0,844.0,829.0,842.0,842.0,3929.0,CC=F,USD,NYB
2000-06-01,840.0,850.0,839.0,848.0,848.0,3041.0,CC=F,USD,NYB
2000-06-02,855.0,858.0,843.0,848.0,848.0,5317.0,CC=F,USD,NYB
2000-06-05,843.0,845.0,828.0,831.0,831.0,5182.0,CC=F,USD,NYB
2000-06-06,834.0,840.0,828.0,832.0,832.0,4374.0,CC=F,USD,NYB
2000-06-07,827.0,827.0,806.0,817.0,817.0,8114.0,CC=F,USD,NYB
2000-06-08,822.0,872.0,815.0,869.0,869.0,11562.0,CC=F,USD,NYB
2000-06-09,865.0,885.0,846.0,849.0,849.0,5806.0,CC=F,USD,NYB
2000-06-12,845.0,854.0,838.0,850.0,850.0,4999.0,CC=F,USD,NYB
2000-06-13,855.0,866.0,845.0,846.0,846.0,5152.0,CC=F,USD,NYB
2000-06-14,850.0,855.0,845.0,849.0,849.0,4113.0,CC=F,USD,NYB
2000-06-15,845.0,860.0,843.0,849.0,849.0,5266.0,CC=F,USD,NYB
2000-06-16,855.0,858.0,847.0,849.0,849.0,7848.0,CC=F,USD,NYB
2000-06-19,850.0,853.0,832.0,837.0,837.0,635.0,CC=F,USD,NYB
2000-06-20,832.0,837.0,810.0,834.0,834.0,271.0,CC=F,USD,NYB
2000-06-21,834.0,855.0,834.0,855.0,855.0,86.0,CC=F,USD,NYB
2000-06-22,860.0,905.0,857.0,903.0,903.0,112.0,CC=F,USD,NYB
2000-06-23,895.0,895.0,825.0,825.0,825.0,95.0,CC=F,USD,NYB
2000-06-26,821.0,828.0,791.0,800.0,800.0,86.0,CC=F,USD,NYB
2000-06-27,805.0,818.0,805.0,808.0,808.0,22.0,CC=F,USD,NYB
2000-06-28,818.0,819.0,808.0,812.0,812.0,50.0,CC=F,USD,NYB
2000-06-29,815.0,815.0,809.0,813.0,813.0,48.0,CC=F,USD,NYB
2000-06-30,805.0,826.0,805.0,820.0,820.0,48.0,CC=F,USD,NYB
2000-07-05,847.0,847.0,808.0,819.0,819.0,2.0,CC=F,USD,NYB
2000-07-06,821.0,821.0,803.0,812.0,812.0,3.0,CC=F,USD,NYB
2000-07-07,830.0,830.0,814.0,826.0,826.0,3.0,CC=F,USD,NYB
2000-07-10,823.0,823.0,823.0,823.0,823.0,0.0,CC=F,USD,NYB
2000-07-11,828.0,830.0,826.0,830.0,830.0,2.0,CC=F,USD,NYB
2000-07-12,820.0,823.0,813.0,813.0,813.0,24.0,CC=F,USD,NYB
2000-07-13,816.0,831.0,816.0,831.0,831.0,3.0,CC=F,USD,NYB
2000-07-14,819.0,820.0,816.0,816.0,816.0,0.0,CC=F,USD,NYB
2000-07-17,832.0,844.0,828.0,841.0,841.0,3202.0,CC=F,USD,NYB
2000-07-18,840.0,853.0,838.0,849.0,849.0,3614.0,CC=F,USD,NYB
2000-07-19,845.0,858.0,840.0,856.0,856.0,11339.0,CC=F,USD,NYB
2000-07-20,855.0,898.0,854.0,886.0,886.0,6027.0,CC=F,USD,NYB
2000-07-21,887.0,891.0,872.0,887.0,887.0,6610.0,CC=F,USD,NYB
2000-07-24,875.0,875.0,838.0,840.0,840.0,3284.0,CC=F,USD,NYB
2000-07-25,850.0,855.0,832.0,851.0,851.0,3358.0,CC=F,USD,NYB
2000-07-26,845.0,854.0,841.0,847.0,847.0,2261.0,CC=F,USD,NYB
2000-07-27,851.0,851.0,839.0,843.0,843.0,2150.0,CC=F,USD,NYB
2000-07-28,841.0,845.0,837.0,843.0,843.0,4336.0,CC=F,USD,NYB
2000-07-31,835.0,840.0,822.0,825.0,825.0,6406.0,CC=F,USD,NYB
2000-08-01,820.0,826.0,805.0,821.0,821.0,4177.0,CC=F,USD,NYB
2000-08-02,814.0,829.0,812.0,824.0,824.0,5700.0,CC=F,USD,NYB
2000-08-03,820.0,820.0,786.0,798.0,798.0,7285.0,CC=F,USD,NYB
2000-08-04,798.0,798.0,767.0,777.0,777.0,3965.0,CC=F,USD,NYB
2000-08-07,772.0,784.0,760.0,762.0,762.0,3757.0,CC=F,USD,NYB
2000-08-08,765.0,778.0,765.0,773.0,773.0,4776.0,CC=F,USD,NYB
2000-08-09,773.0,775.0,747.0,750.0,750.0,2938.0,CC=F,USD,NYB
2000-08-10,755.0,772.0,755.0,769.0,769.0,3032.0,CC=F,USD,NYB
2000-08-11,780.0,780.0,767.0,769.0,769.0,0.0,CC=F,USD,NYB
2000-08-14,769.0,774.0,764.0,770.0,770.0,4894.0,CC=F,USD,NYB
2000-08-15,767.0,776.0,767.0,769.0,769.0,5843.0,CC=F,USD,NYB
2000-08-16,768.0,768.0,757.0,762.0,762.0,6884.0,CC=F,USD,NYB
2000-08-17,766.0,774.0,750.0,751.0,751.0,796.0,CC=F,USD,NYB
2000-08-18,756.0,760.0,749.0,750.0,750.0,217.0,CC=F,USD,NYB
2000-08-21,749.0,766.0,748.0,754.0,754.0,44.0,CC=F,USD,NYB
2000-08-22,750.0,766.0,750.0,751.0,751.0,48.0,CC=F,USD,NYB
2000-08-23,759.0,759.0,735.0,740.0,740.0,75.0,CC=F,USD,NYB
2000-08-24,747.0,770.0,747.0,750.0,750.0,62.0,CC=F,USD,NYB
2000-08-25,735.0,752.0,735.0,744.0,744.0,12.0,CC=F,USD,NYB
2000-08-28,750.0,750.0,745.0,749.0,749.0,12.0,CC=F,USD,NYB
2000-08-29,737.0,750.0,737.0,744.0,744.0,14.0,CC=F,USD,NYB
2000-08-30,743.0,760.0,738.0,760.0,760.0,24.0,CC=F,USD,NYB
2000-08-31,760.0,760.0,745.0,745.0,745.0,21.0,CC=F,USD,NYB
2000-09-01,750.0,757.0,748.0,757.0,757.0,17.0,CC=F,USD,NYB
2000-09-05,778.0,790.0,773.0,775.0,775.0,5.0,CC=F,USD,NYB
2000-09-06,770.0,780.0,770.0,780.0,780.0,15.0,CC=F,USD,NYB
2000-09-07,759.0,761.0,759.0,761.0,761.0,21.0,CC=F,USD,NYB
2000-09-08,760.0,778.0,760.0,778.0,778.0,0.0,CC=F,USD,NYB
2000-09-11,767.0,767.0,767.0,767.0,767.0,28.0,CC=F,USD,NYB
2000-09-12,773.0,778.0,773.0,778.0,778.0,6.0,CC=F,USD,NYB
2000-09-13,796.0,798.0,793.0,798.0,798.0,0.0,CC=F,USD,NYB
2000-09-14,775.0,775.0,775.0,775.0,775.0,3214.0,CC=F,USD,NYB
2000-09-15,816.0,818.0,805.0,814.0,814.0,2204.0,CC=F,USD,NYB
2000-09-18,825.0,826.0,808.0,809.0,809.0,2817.0,CC=F,USD,NYB
2000-09-19,812.0,812.0,801.0,803.0,803.0,4882.0,CC=F,USD,NYB
2000-09-20,805.0,813.0,787.0,788.0,788.0,2128.0,CC=F,USD,NYB
2000-09-21,795.0,804.0,789.0,803.0,803.0,3197.0,CC=F,USD,NYB
2000-09-22,815.0,816.0,798.0,812.0,812.0,5157.0,CC=F,USD,NYB
2000-09-25,809.0,813.0,780.0,782.0,782.0,3883.0,CC=F,USD,NYB
2000-09-26,785.0,795.0,785.0,792.0,792.0,4098.0,CC=F,USD,NYB
2000-09-27,795.0,797.0,777.0,783.0,783.0,2891.0,CC=F,USD,NYB
2000-09-28,788.0,795.0,787.0,794.0,794.0,4094.0,CC=F,USD,NYB
2000-09-29,788.0,807.0,781.0,797.0,797.0,1717.0,CC=F,USD,NYB
2000-10-02,792.0,796.0,786.0,789.0,789.0,4286.0,CC=F,USD,NYB
2000-10-03,785.0,809.0,782.0,807.0,807.0,6677.0,CC=F,USD,NYB
2000-10-04,805.0,829.0,800.0,828.0,828.0,8801.0,CC=F,USD,NYB
2000-10-05,828.0,846.0,820.0,835.0,835.0,3272.0,CC=F,USD,NYB
2000-10-06,830.0,833.0,819.0,830.0,830.0,1712.0,CC=F,USD,NYB
2000-10-09,825.0,825.0,815.0,816.0,816.0,3227.0,CC=F,USD,NYB
2000-10-10,817.0,839.0,815.0,833.0,833.0,3651.0,CC=F,USD,NYB
2000-10-11,833.0,835.0,818.0,827.0,827.0,2055.0,CC=F,USD,NYB
2000-10-12,814.0,829.0,813.0,819.0,819.0,3443.0,CC=F,USD,NYB
2000-10-13,814.0,831.0,810.0,813.0,813.0,4363.0,CC=F,USD,NYB
2000-10-16,810.0,817.0,804.0,806.0,806.0,3193.0,CC=F,USD,NYB
2000-10-17,804.0,825.0,803.0,822.0,822.0,1646.0,CC=F,USD,NYB
2000-10-18,818.0,822.0,813.0,816.0,816.0,0.0,CC=F,USD,NYB
2000-10-19,818.0,819.0,811.0,814.0,814.0,5138.0,CC=F,USD,NYB
2000-10-20,808.0,810.0,785.0,788.0,788.0,4326.0,CC=F,USD,NYB
2000-10-23,791.0,797.0,778.0,784.0,784.0,6758.0,CC=F,USD,NYB
2000-10-24,785.0,815.0,783.0,809.0,809.0,6311.0,CC=F,USD,NYB
2000-10-25,795.0,802.0,773.0,775.0,775.0,3580.0,CC=F,USD,NYB
2000-10-26,788.0,795.0,780.0,787.0,787.0,7118.0,CC=F,USD,NYB
2000-10-27,775.0,779.0,761.0,762.0,762.0,5458.0,CC=F,USD,NYB
2000-10-30,771.0,773.0,755.0,757.0,757.0,2356.0,CC=F,USD,NYB
2000-10-31,757.0,764.0,752.0,755.0,755.0,4191.0,CC=F,USD,NYB
2000-11-01,752.0,762.0,750.0,753.0,753.0,4147.0,CC=F,USD,NYB
2000-11-02,758.0,766.0,755.0,764.0,764.0,4317.0,CC=F,USD,NYB
2000-11-03,764.0,764.0,747.0,749.0,749.0,6507.0,CC=F,USD,NYB
2000-11-06,750.0,758.0,740.0,743.0,743.0,4168.0,CC=F,USD,NYB
2000-11-07,740.0,748.0,739.0,746.0,746.0,4487.0,CC=F,USD,NYB
2000-11-08,745.0,749.0,733.0,734.0,734.0,4484.0,CC=F,USD,NYB
2000-11-09,738.0,741.0,735.0,738.0,738.0,4757.0,CC=F,USD,NYB
2000-11-10,736.0,740.0,729.0,730.0,730.0,13479.0,CC=F,USD,NYB
2000-11-13,725.0,729.0,707.0,709.0,709.0,10124.0,CC=F,USD,NYB
2000-11-14,704.0,715.0,691.0,694.0,694.0,989.0,CC=F,USD,NYB
2000-11-15,695.0,712.0,693.0,700.0,700.0,190.0,CC=F,USD,NYB
2000-11-16,700.0,706.0,700.0,700.0,700.0,193.0,CC=F,USD,NYB
2000-11-17,705.0,710.0,700.0,700.0,700.0,81.0,CC=F,USD,NYB
2000-11-20,700.0,705.0,696.0,696.0,696.0,109.0,CC=F,USD,NYB
2000-11-21,695.0,700.0,693.0,700.0,700.0,109.0,CC=F,USD,NYB
2000-11-22,698.0,698.0,690.0,690.0,690.0,62.0,CC=F,USD,NYB
2000-11-27,685.0,691.0,680.0,682.0,682.0,58.0,CC=F,USD,NYB
2000-11-28,684.0,700.0,684.0,699.0,699.0,86.0,CC=F,USD,NYB
2000-11-29,710.0,710.0,693.0,702.0,702.0,49.0,CC=F,USD,NYB
2000-11-30,712.0,715.0,704.0,704.0,704.0,9.0,CC=F,USD,NYB
2000-12-01,715.0,715.0,703.0,703.0,703.0,11.0,CC=F,USD,NYB
2000-12-04,711.0,723.0,711.0,716.0,716.0,14.0,CC=F,USD,NYB
2000-12-05,725.0,725.0,708.0,708.0,708.0,13.0,CC=F,USD,NYB
2000-12-06,710.0,710.0,696.0,696.0,696.0,6.0,CC=F,USD,NYB
2000-12-07,697.0,710.0,697.0,707.0,707.0,2.0,CC=F,USD,NYB
2000-12-08,702.0,708.0,701.0,708.0,708.0,7.0,CC=F,USD,NYB
2000-12-11,709.0,709.0,696.0,696.0,696.0,4.0,CC=F,USD,NYB
2000-12-12,697.0,697.0,674.0,674.0,674.0,0.0,CC=F,USD,NYB
2000-12-13,702.0,702.0,692.0,692.0,692.0,4135.0,CC=F,USD,NYB
2000-12-14,731.0,741.0,726.0,729.0,729.0,4316.0,CC=F,USD,NYB
2000-12-15,735.0,747.0,729.0,733.0,733.0,3215.0,CC=F,USD,NYB
2000-12-18,734.0,734.0,725.0,729.0,729.0,3222.0,CC=F,USD,NYB
2000-12-19,727.0,728.0,718.0,721.0,721.0,6579.0,CC=F,USD,NYB
2000-12-20,731.0,747.0,731.0,745.0,745.0,8450.0,CC=F,USD,NYB
2000-12-21,770.0,770.0,754.0,769.0,769.0,3714.0,CC=F,USD,NYB
2000-12-22,768.0,771.0,755.0,765.0,765.0,1253.0,CC=F,USD,NYB
2000-12-26,770.0,772.0,758.0,769.0,769.0,2918.0,CC=F,USD,NYB
2000-12-27,770.0,780.0,761.0,775.0,775.0,2281.0,CC=F,USD,NYB
2000-12-28,770.0,775.0,764.0,766.0,766.0,1827.0,CC=F,USD,NYB
2000-12-29,765.0,767.0,757.0,758.0,758.0,8648.0,CC=F,USD,NYB
2001-01-02,770.0,785.0,766.0,778.0,778.0,5598.0,CC=F,USD,NYB
2001-01-03,783.0,785.0,752.0,753.0,753.0,4413.0,CC=F,USD,NYB
2001-01-04,762.0,777.0,759.0,768.0,768.0,11284.0,CC=F,USD,NYB
2001-01-05,790.0,817.0,786.0,813.0,813.0,5521.0,CC=F,USD,NYB
2001-01-08,815.0,824.0,806.0,813.0,813.0,6111.0,CC=F,USD,NYB
2001-01-09,810.0,819.0,796.0,798.0,798.0,2653.0,CC=F,USD,NYB
2001-01-10,805.0,812.0,802.0,809.0,809.0,7089.0,CC=F,USD,NYB
2001-01-11,821.0,850.0,821.0,849.0,849.0,8889.0,CC=F,USD,NYB
2001-01-12,870.0,870.0,838.0,860.0,860.0,11642.0,CC=F,USD,NYB
2001-01-16,880.0,914.0,872.0,911.0,911.0,12598.0,CC=F,USD,NYB
2001-01-17,910.0,993.0,903.0,990.0,990.0,16856.0,CC=F,USD,NYB
2001-01-18,1010.0,1055.0,970.0,996.0,996.0,7891.0,CC=F,USD,NYB
2001-01-19,975.0,975.0,935.0,957.0,957.0,5347.0,CC=F,USD,NYB
2001-01-22,950.0,1020.0,943.0,1005.0,1005.0,5045.0,CC=F,USD,NYB
2001-01-23,1010.0,1029.0,965.0,1000.0,1000.0,3215.0,CC=F,USD,NYB
2001-01-24,1000.0,1008.0,976.0,989.0,989.0,5185.0,CC=F,USD,NYB
2001-01-25,1015.0,1035.0,995.0,1004.0,1004.0,4832.0,CC=F,USD,NYB
2001-01-26,1022.0,1066.0,1011.0,1056.0,1056.0,6617.0,CC=F,USD,NYB
2001-01-29,1065.0,1079.0,1037.0,1045.0,1045.0,4849.0,CC=F,USD,NYB
2001-01-30,1051.0,1061.0,1019.0,1056.0,1056.0,3520.0,CC=F,USD,NYB
2001-01-31,1039.0,1040.0,1017.0,1020.0,1020.0,5814.0,CC=F,USD,NYB
2001-02-01,1015.0,1053.0,1011.0,1051.0,1051.0,4935.0,CC=F,USD,NYB
2001-02-02,1040.0,1064.0,1026.0,1048.0,1048.0,4882.0,CC=F,USD,NYB
2001-02-05,1040.0,1070.0,1035.0,1065.0,1065.0,3150.0,CC=F,USD,NYB
2001-02-06,1071.0,1088.0,1067.0,1086.0,1086.0,6541.0,CC=F,USD,NYB
2001-02-07,1080.0,1083.0,1038.0,1044.0,1044.0,4662.0,CC=F,USD,NYB
2001-02-08,1038.0,1038.0,1003.0,1005.0,1005.0,2574.0,CC=F,USD,NYB
2001-02-09,1006.0,1034.0,1002.0,1012.0,1012.0,4449.0,CC=F,USD,NYB
2001-02-12,1022.0,1060.0,1022.0,1037.0,1037.0,5997.0,CC=F,USD,NYB
2001-02-13,1065.0,1075.0,1043.0,1073.0,1073.0,794.0,CC=F,USD,NYB
2001-02-14,1070.0,1077.0,1055.0,1070.0,1070.0,258.0,CC=F,USD,NYB
2001-02-15,1062.0,1068.0,1047.0,1065.0,1065.0,412.0,CC=F,USD,NYB
2001-02-16,1090.0,1139.0,1090.0,1137.0,1137.0,257.0,CC=F,USD,NYB
2001-02-20,1162.0,1162.0,1135.0,1140.0,1140.0,172.0,CC=F,USD,NYB
2001-02-21,1128.0,1195.0,1118.0,1189.0,1189.0,327.0,CC=F,USD,NYB
2001-02-22,1195.0,1202.0,1147.0,1149.0,1149.0,57.0,CC=F,USD,NYB
2001-02-23,1147.0,1165.0,1140.0,1160.0,1160.0,78.0,CC=F,USD,NYB
2001-02-26,1145.0,1145.0,1115.0,1120.0,1120.0,71.0,CC=F,USD,NYB
2001-02-27,1140.0,1140.0,1112.0,1130.0,1130.0,25.0,CC=F,USD,NYB
2001-02-28,1143.0,1157.0,1131.0,1131.0,1131.0,20.0,CC=F,USD,NYB
2001-03-01,1140.0,1152.0,1110.0,1116.0,1116.0,17.0,CC=F,USD,NYB
2001-03-02,1125.0,1172.0,1125.0,1164.0,1164.0,38.0,CC=F,USD,NYB
2001-03-05,1130.0,1150.0,1130.0,1131.0,1131.0,37.0,CC=F,USD,NYB
2001-03-06,1112.0,1112.0,1039.0,1043.0,1043.0,24.0,CC=F,USD,NYB
2001-03-07,1057.0,1067.0,1032.0,1064.0,1064.0,5.0,CC=F,USD,NYB
2001-03-08,1079.0,1079.0,1055.0,1055.0,1055.0,8.0,CC=F,USD,NYB
2001-03-09,1056.0,1080.0,1053.0,1070.0,1070.0,17.0,CC=F,USD,NYB
2001-03-12,1056.0,1069.0,1055.0,1055.0,1055.0,6.0,CC=F,USD,NYB
2001-03-13,1040.0,1050.0,1036.0,1047.0,1047.0,14.0,CC=F,USD,NYB
2001-03-14,1070.0,1070.0,1033.0,1036.0,1036.0,0.0,CC=F,USD,NYB
2001-03-15,1040.0,1040.0,998.0,998.0,998.0,4025.0,CC=F,USD,NYB
2001-03-16,1008.0,1035.0,997.0,1028.0,1028.0,2363.0,CC=F,USD,NYB
2001-03-19,1020.0,1020.0,999.0,1005.0,1005.0,3749.0,CC=F,USD,NYB
2001-03-20,990.0,1000.0,983.0,986.0,986.0,6119.0,CC=F,USD,NYB
2001-03-21,972.0,975.0,949.0,957.0,957.0,8306.0,CC=F,USD,NYB
2001-03-22,970.0,1030.0,960.0,1024.0,1024.0,4031.0,CC=F,USD,NYB
2001-03-23,1020.0,1042.0,1010.0,1036.0,1036.0,3991.0,CC=F,USD,NYB
2001-03-26,1046.0,1080.0,1045.0,1063.0,1063.0,5650.0,CC=F,USD,NYB
2001-03-27,1070.0,1070.0,1025.0,1038.0,1038.0,3601.0,CC=F,USD,NYB
2001-03-28,1040.0,1060.0,1034.0,1047.0,1047.0,5336.0,CC=F,USD,NYB
2001-03-29,1055.0,1076.0,1051.0,1064.0,1064.0,4502.0,CC=F,USD,NYB
2001-03-30,1070.0,1085.0,1066.0,1073.0,1073.0,6638.0,CC=F,USD,NYB
2001-04-02,1088.0,1088.0,1018.0,1030.0,1030.0,6164.0,CC=F,USD,NYB
2001-04-03,1038.0,1039.0,995.0,1015.0,1015.0,3310.0,CC=F,USD,NYB
2001-04-04,1015.0,1015.0,993.0,1000.0,1000.0,3379.0,CC=F,USD,NYB
2001-04-05,1010.0,1013.0,993.0,998.0,998.0,2922.0,CC=F,USD,NYB
2001-04-06,998.0,1017.0,995.0,1011.0,1011.0,3199.0,CC=F,USD,NYB
2001-04-09,1010.0,1010.0,980.0,981.0,981.0,3830.0,CC=F,USD,NYB
2001-04-10,990.0,990.0,954.0,968.0,968.0,4465.0,CC=F,USD,NYB
2001-04-11,960.0,1008.0,954.0,1004.0,1004.0,5010.0,CC=F,USD,NYB
2001-04-12,1008.0,1008.0,982.0,993.0,993.0,3017.0,CC=F,USD,NYB
2001-04-16,993.0,993.0,962.0,970.0,970.0,578.0,CC=F,USD,NYB
2001-04-17,970.0,995.0,945.0,989.0,989.0,458.0,CC=F,USD,NYB
2001-04-18,986.0,995.0,960.0,990.0,990.0,166.0,CC=F,USD,NYB
2001-04-19,982.0,1003.0,970.0,995.0,995.0,272.0,CC=F,USD,NYB
2001-04-20,1000.0,1021.0,1000.0,1010.0,1010.0,89.0,CC=F,USD,NYB
2001-04-23,1007.0,1030.0,993.0,1028.0,1028.0,44.0,CC=F,USD,NYB
2001-04-24,1021.0,1028.0,1008.0,1017.0,1017.0,51.0,CC=F,USD,NYB
2001-04-25,1029.0,1043.0,1015.0,1043.0,1043.0,29.0,CC=F,USD,NYB
2001-04-26,1048.0,1052.0,1042.0,1052.0,1052.0,27.0,CC=F,USD,NYB
2001-04-27,1058.0,1058.0,1025.0,1025.0,1025.0,32.0,CC=F,USD,NYB
2001-04-30,1020.0,1020.0,1000.0,1010.0,1010.0,53.0,CC=F,USD,NYB
2001-05-01,1007.0,1008.0,999.0,999.0,999.0,11.0,CC=F,USD,NYB
2001-05-02,996.0,996.0,990.0,992.0,992.0,5.0,CC=F,USD,NYB
2001-05-03,999.0,1020.0,999.0,1020.0,1020.0,22.0,CC=F,USD,NYB
2001-05-04,1000.0,1014.0,1000.0,1014.0,1014.0,50.0,CC=F,USD,NYB
2001-05-07,1040.0,1040.0,1034.0,1034.0,1034.0,53.0,CC=F,USD,NYB
2001-05-08,1077.0,1089.0,1077.0,1089.0,1089.0,5.0,CC=F,USD,NYB
2001-05-09,1075.0,1076.0,1066.0,1066.0,1066.0,16.0,CC=F,USD,NYB
2001-05-10,1090.0,1096.0,1080.0,1096.0,1096.0,30.0,CC=F,USD,NYB
2001-05-11,1098.0,1098.0,1064.0,1064.0,1064.0,25.0,CC=F,USD,NYB
2001-05-14,1080.0,1080.0,1071.0,1074.0,1074.0,0.0,CC=F,USD,NYB
2001-05-15,1101.0,1101.0,1041.0,1041.0,1041.0,8111.0,CC=F,USD,NYB
2001-05-16,1072.0,1102.0,1062.0,1092.0,1092.0,4273.0,CC=F,USD,NYB
2001-05-17,1085.0,1093.0,1065.0,1067.0,1067.0,4829.0,CC=F,USD,NYB
2001-05-18,1070.0,1109.0,1063.0,1103.0,1103.0,2309.0,CC=F,USD,NYB
2001-05-21,1095.0,1103.0,1075.0,1079.0,1079.0,2936.0,CC=F,USD,NYB
2001-05-22,1063.0,1073.0,1057.0,1068.0,1068.0,2417.0,CC=F,USD,NYB
2001-05-23,1068.0,1093.0,1066.0,1081.0,1081.0,2125.0,CC=F,USD,NYB
2001-05-24,1076.0,1076.0,1057.0,1060.0,1060.0,5459.0,CC=F,USD,NYB
2001-05-25,1045.0,1045.0,1020.0,1031.0,1031.0,5015.0,CC=F,USD,NYB
2001-05-29,1031.0,1035.0,1002.0,1003.0,1003.0,10626.0,CC=F,USD,NYB
2001-05-30,1003.0,1009.0,959.0,964.0,964.0,6443.0,CC=F,USD,NYB
2001-05-31,965.0,977.0,930.0,936.0,936.0,4796.0,CC=F,USD,NYB
2001-06-01,940.0,948.0,925.0,943.0,943.0,3984.0,CC=F,USD,NYB
2001-06-04,916.0,943.0,914.0,930.0,930.0,8516.0,CC=F,USD,NYB
2001-06-05,928.0,962.0,923.0,952.0,952.0,4399.0,CC=F,USD,NYB
2001-06-06,945.0,960.0,938.0,945.0,945.0,0.0,CC=F,USD,NYB
2001-06-07,955.0,955.0,902.0,904.0,904.0,3096.0,CC=F,USD,NYB
2001-06-08,900.0,949.0,897.0,937.0,937.0,3824.0,CC=F,USD,NYB
2001-06-11,945.0,945.0,924.0,930.0,930.0,4081.0,CC=F,USD,NYB
2001-06-12,930.0,934.0,906.0,909.0,909.0,1080.0,CC=F,USD,NYB
2001-06-13,915.0,938.0,910.0,926.0,926.0,3130.0,CC=F,USD,NYB
2001-06-14,925.0,935.0,907.0,926.0,926.0,4434.0,CC=F,USD,NYB
2001-06-15,927.0,942.0,915.0,915.0,915.0,571.0,CC=F,USD,NYB
2001-06-18,930.0,952.0,928.0,937.0,937.0,474.0,CC=F,USD,NYB
2001-06-19,922.0,936.0,915.0,925.0,925.0,267.0,CC=F,USD,NYB
2001-06-20,920.0,920.0,892.0,895.0,895.0,164.0,CC=F,USD,NYB
2001-06-21,915.0,929.0,880.0,927.0,927.0,131.0,CC=F,USD,NYB
2001-06-22,930.0,943.0,909.0,910.0,910.0,63.0,CC=F,USD,NYB
2001-06-25,910.0,922.0,893.0,917.0,917.0,28.0,CC=F,USD,NYB
2001-06-26,930.0,941.0,924.0,935.0,935.0,46.0,CC=F,USD,NYB
2001-06-27,935.0,950.0,935.0,946.0,946.0,60.0,CC=F,USD,NYB
2001-06-28,948.0,971.0,946.0,957.0,957.0,13.0,CC=F,USD,NYB
2001-06-29,960.0,974.0,953.0,974.0,974.0,140.0,CC=F,USD,NYB
2001-07-02,1000.0,1000.0,970.0,974.0,974.0,35.0,CC=F,USD,NYB
2001-07-03,965.0,965.0,961.0,961.0,961.0,79.0,CC=F,USD,NYB
2001-07-05,961.0,973.0,955.0,973.0,973.0,10.0,CC=F,USD,NYB
2001-07-06,970.0,970.0,970.0,970.0,970.0,5.0,CC=F,USD,NYB
2001-07-09,928.0,940.0,928.0,937.0,937.0,0.0,CC=F,USD,NYB
2001-07-10,854.0,880.0,854.0,878.0,878.0,9.0,CC=F,USD,NYB
2001-07-11,911.0,911.0,902.0,902.0,902.0,18.0,CC=F,USD,NYB
2001-07-12,916.0,916.0,881.0,881.0,881.0,2.0,CC=F,USD,NYB
2001-07-13,905.0,905.0,902.0,902.0,902.0,0.0,CC=F,USD,NYB
2001-07-16,925.0,925.0,887.0,887.0,887.0,3791.0,CC=F,USD,NYB
2001-07-17,901.0,925.0,895.0,898.0,898.0,3338.0,CC=F,USD,NYB
2001-07-18,905.0,909.0,889.0,905.0,905.0,5984.0,CC=F,USD,NYB
2001-07-19,912.0,957.0,912.0,951.0,951.0,5845.0,CC=F,USD,NYB
2001-07-20,940.0,974.0,936.0,956.0,956.0,2226.0,CC=F,USD,NYB
2001-07-23,945.0,945.0,925.0,943.0,943.0,972.0,CC=F,USD,NYB
2001-07-24,940.0,944.0,931.0,940.0,940.0,2229.0,CC=F,USD,NYB
2001-07-25,938.0,954.0,935.0,943.0,943.0,3385.0,CC=F,USD,NYB
2001-07-26,941.0,949.0,936.0,940.0,940.0,3915.0,CC=F,USD,NYB
2001-07-27,935.0,938.0,915.0,920.0,920.0,3050.0,CC=F,USD,NYB
2001-07-30,915.0,936.0,909.0,934.0,934.0,6403.0,CC=F,USD,NYB
2001-07-31,938.0,962.0,934.0,957.0,957.0,6128.0,CC=F,USD,NYB
2001-08-01,970.0,972.0,935.0,937.0,937.0,3889.0,CC=F,USD,NYB
2001-08-02,940.0,948.0,930.0,946.0,946.0,5533.0,CC=F,USD,NYB
2001-08-03,940.0,970.0,940.0,956.0,956.0,7918.0,CC=F,USD,NYB
2001-08-06,956.0,1008.0,949.0,1005.0,1005.0,8022.0,CC=F,USD,NYB
2001-08-07,1005.0,1022.0,996.0,1003.0,1003.0,4804.0,CC=F,USD,NYB
2001-08-08,1003.0,1022.0,990.0,1011.0,1011.0,4326.0,CC=F,USD,NYB
2001-08-09,1007.0,1038.0,1003.0,1032.0,1032.0,3036.0,CC=F,USD,NYB
2001-08-10,1025.0,1034.0,1010.0,1017.0,1017.0,1715.0,CC=F,USD,NYB
2001-08-13,1010.0,1018.0,1004.0,1012.0,1012.0,4831.0,CC=F,USD,NYB
2001-08-14,1005.0,1020.0,1000.0,1016.0,1016.0,3475.0,CC=F,USD,NYB
2001-08-15,1020.0,1032.0,1012.0,1028.0,1028.0,3596.0,CC=F,USD,NYB
2001-08-16,1028.0,1028.0,997.0,1001.0,1001.0,3914.0,CC=F,USD,NYB
2001-08-17,991.0,1003.0,983.0,992.0,992.0,572.0,CC=F,USD,NYB
2001-08-20,980.0,990.0,965.0,969.0,969.0,149.0,CC=F,USD,NYB
2001-08-21,968.0,987.0,960.0,978.0,978.0,50.0,CC=F,USD,NYB
2001-08-22,967.0,995.0,967.0,992.0,992.0,90.0,CC=F,USD,NYB
2001-08-23,999.0,999.0,956.0,966.0,966.0,41.0,CC=F,USD,NYB
2001-08-24,970.0,970.0,955.0,965.0,965.0,36.0,CC=F,USD,NYB
2001-08-27,955.0,964.0,955.0,963.0,963.0,26.0,CC=F,USD,NYB
2001-08-28,960.0,977.0,957.0,974.0,974.0,8.0,CC=F,USD,NYB
2001-08-29,958.0,958.0,938.0,938.0,938.0,29.0,CC=F,USD,NYB
2001-08-30,940.0,940.0,925.0,933.0,933.0,32.0,CC=F,USD,NYB
2001-08-31,916.0,927.0,916.0,927.0,927.0,27.0,CC=F,USD,NYB
2001-09-04,907.0,908.0,879.0,887.0,887.0,10.0,CC=F,USD,NYB
2001-09-05,892.0,892.0,857.0,870.0,870.0,5.0,CC=F,USD,NYB
2001-09-06,873.0,880.0,860.0,880.0,880.0,5.0,CC=F,USD,NYB
2001-09-07,880.0,900.0,880.0,900.0,900.0,0.0,CC=F,USD,NYB
2001-09-10,897.0,897.0,889.0,889.0,889.0,5.0,CC=F,USD,NYB
2001-09-11,865.0,897.0,897.0,889.0,889.0,0.0,CC=F,USD,NYB
2001-09-17,929.0,929.0,927.0,927.0,927.0,0.0,CC=F,USD,NYB
2001-09-18,930.0,930.0,920.0,925.0,925.0,2629.0,CC=F,USD,NYB
2001-09-19,942.0,966.0,942.0,964.0,964.0,7043.0,CC=F,USD,NYB
2001-09-20,985.0,1004.0,985.0,998.0,998.0,3392.0,CC=F,USD,NYB
2001-09-21,1002.0,1006.0,975.0,992.0,992.0,2728.0,CC=F,USD,NYB
2001-09-24,985.0,1010.0,984.0,1008.0,1008.0,2233.0,CC=F,USD,NYB
2001-09-25,1006.0,1008.0,986.0,993.0,993.0,4677.0,CC=F,USD,NYB
2001-09-26,997.0,1024.0,993.0,1018.0,1018.0,9898.0,CC=F,USD,NYB
2001-09-27,1020.0,1075.0,1015.0,1066.0,1066.0,7536.0,CC=F,USD,NYB
2001-09-28,1077.0,1100.0,1074.0,1077.0,1077.0,4140.0,CC=F,USD,NYB
2001-10-01,1110.0,1114.0,1090.0,1096.0,1096.0,3825.0,CC=F,USD,NYB
2001-10-02,1080.0,1085.0,1068.0,1072.0,1072.0,3695.0,CC=F,USD,NYB
2001-10-03,1070.0,1090.0,1058.0,1086.0,1086.0,5305.0,CC=F,USD,NYB
2001-10-04,1106.0,1130.0,1106.0,1126.0,1126.0,3274.0,CC=F,USD,NYB
2001-10-05,1110.0,1124.0,1098.0,1114.0,1114.0,1994.0,CC=F,USD,NYB
2001-10-08,1093.0,1104.0,1086.0,1092.0,1092.0,4096.0,CC=F,USD,NYB
2001-10-09,1070.0,1072.0,1047.0,1055.0,1055.0,2685.0,CC=F,USD,NYB
2001-10-10,1035.0,1045.0,1027.0,1042.0,1042.0,2200.0,CC=F,USD,NYB
2001-10-11,1050.0,1055.0,1039.0,1052.0,1052.0,2053.0,CC=F,USD,NYB
2001-10-12,1030.0,1036.0,1025.0,1029.0,1029.0,2232.0,CC=F,USD,NYB
2001-10-15,1024.0,1027.0,1015.0,1020.0,1020.0,5035.0,CC=F,USD,NYB
2001-10-16,1017.0,1042.0,1013.0,1039.0,1039.0,3683.0,CC=F,USD,NYB
2001-10-17,1040.0,1069.0,1040.0,1066.0,1066.0,1986.0,CC=F,USD,NYB
2001-10-18,1060.0,1072.0,1055.0,1058.0,1058.0,2942.0,CC=F,USD,NYB
2001-10-19,1050.0,1050.0,1021.0,1026.0,1026.0,3051.0,CC=F,USD,NYB
2001-10-22,1010.0,1010.0,997.0,1003.0,1003.0,3046.0,CC=F,USD,NYB
2001-10-23,1003.0,1019.0,994.0,1011.0,1011.0,2801.0,CC=F,USD,NYB
2001-10-24,1014.0,1022.0,996.0,1000.0,1000.0,6473.0,CC=F,USD,NYB
2001-10-25,995.0,997.0,985.0,987.0,987.0,3582.0,CC=F,USD,NYB
2001-10-26,980.0,1002.0,977.0,995.0,995.0,1424.0,CC=F,USD,NYB
2001-10-29,995.0,1009.0,992.0,997.0,997.0,2225.0,CC=F,USD,NYB
2001-10-30,998.0,1002.0,988.0,997.0,997.0,2222.0,CC=F,USD,NYB
2001-10-31,1002.0,1018.0,1001.0,1017.0,1017.0,1805.0,CC=F,USD,NYB
2001-11-01,1022.0,1028.0,1018.0,1026.0,1026.0,3707.0,CC=F,USD,NYB
2001-11-02,1011.0,1015.0,1001.0,1006.0,1006.0,5946.0,CC=F,USD,NYB
2001-11-05,995.0,999.0,991.0,993.0,993.0,1774.0,CC=F,USD,NYB
2001-11-06,990.0,996.0,985.0,990.0,990.0,5493.0,CC=F,USD,NYB
2001-11-07,1000.0,1044.0,997.0,1039.0,1039.0,4951.0,CC=F,USD,NYB
2001-11-08,1054.0,1104.0,1054.0,1099.0,1099.0,3519.0,CC=F,USD,NYB
2001-11-09,1141.0,1160.0,1130.0,1154.0,1154.0,3047.0,CC=F,USD,NYB
2001-11-12,1158.0,1160.0,1131.0,1157.0,1157.0,5404.0,CC=F,USD,NYB
2001-11-13,1157.0,1212.0,1157.0,1206.0,1206.0,5256.0,CC=F,USD,NYB
2001-11-14,1205.0,1241.0,1175.0,1200.0,1200.0,619.0,CC=F,USD,NYB
2001-11-15,1198.0,1241.0,1190.0,1236.0,1236.0,534.0,CC=F,USD,NYB
2001-11-16,1260.0,1300.0,1252.0,1285.0,1285.0,209.0,CC=F,USD,NYB
2001-11-19,1295.0,1310.0,1282.0,1293.0,1293.0,161.0,CC=F,USD,NYB
2001-11-20,1280.0,1292.0,1252.0,1289.0,1289.0,0.0,CC=F,USD,NYB
2001-11-21,1273.0,1293.0,1270.0,1279.0,1279.0,309.0,CC=F,USD,NYB
2001-11-26,1295.0,1339.0,1293.0,1325.0,1325.0,60.0,CC=F,USD,NYB
2001-11-27,1310.0,1310.0,1285.0,1294.0,1294.0,68.0,CC=F,USD,NYB
2001-11-28,1310.0,1311.0,1295.0,1298.0,1298.0,77.0,CC=F,USD,NYB
2001-11-29,1345.0,1350.0,1326.0,1350.0,1350.0,161.0,CC=F,USD,NYB
2001-11-30,1373.0,1380.0,1335.0,1355.0,1355.0,72.0,CC=F,USD,NYB
2001-12-03,1335.0,1335.0,1315.0,1325.0,1325.0,49.0,CC=F,USD,NYB
2001-12-04,1305.0,1309.0,1276.0,1276.0,1276.0,59.0,CC=F,USD,NYB
2001-12-05,1284.0,1304.0,1284.0,1298.0,1298.0,103.0,CC=F,USD,NYB
2001-12-06,1319.0,1325.0,1300.0,1300.0,1300.0,33.0,CC=F,USD,NYB
2001-12-07,1275.0,1280.0,1252.0,1269.0,1269.0,55.0,CC=F,USD,NYB
2001-12-10,1259.0,1259.0,1235.0,1247.0,1247.0,0.0,CC=F,USD,NYB
2001-12-11,1280.0,1320.0,1280.0,1305.0,1305.0,3890.0,CC=F,USD,NYB
2001-12-12,1320.0,1328.0,1285.0,1293.0,1293.0,2905.0,CC=F,USD,NYB
2001-12-13,1310.0,1311.0,1285.0,1296.0,1296.0,4231.0,CC=F,USD,NYB
2001-12-14,1305.0,1344.0,1301.0,1334.0,1334.0,2442.0,CC=F,USD,NYB
2001-12-17,1334.0,1338.0,1319.0,1324.0,1324.0,3208.0,CC=F,USD,NYB
2001-12-18,1324.0,1329.0,1297.0,1302.0,1302.0,5375.0,CC=F,USD,NYB
2001-12-19,1289.0,1294.0,1272.0,1286.0,1286.0,2924.0,CC=F,USD,NYB
2001-12-20,1280.0,1292.0,1268.0,1281.0,1281.0,2924.0,CC=F,USD,NYB
2001-12-21,1285.0,1289.0,1278.0,1283.0,1283.0,3598.0,CC=F,USD,NYB
2001-12-27,1273.0,1312.0,1260.0,1309.0,1309.0,3598.0,CC=F,USD,NYB
2001-12-28,1302.0,1331.0,1301.0,1310.0,1310.0,3342.0,CC=F,USD,NYB
2002-01-02,1310.0,1325.0,1293.0,1296.0,1296.0,2608.0,CC=F,USD,NYB
2002-01-03,1288.0,1300.0,1282.0,1294.0,1294.0,10291.0,CC=F,USD,NYB
2002-01-04,1297.0,1391.0,1295.0,1386.0,1386.0,5181.0,CC=F,USD,NYB
2002-01-07,1390.0,1415.0,1378.0,1411.0,1411.0,3529.0,CC=F,USD,NYB
2002-01-08,1401.0,1408.0,1383.0,1389.0,1389.0,4660.0,CC=F,USD,NYB
2002-01-09,1376.0,1403.0,1370.0,1398.0,1398.0,6977.0,CC=F,USD,NYB
2002-01-10,1410.0,1422.0,1368.0,1371.0,1371.0,2596.0,CC=F,USD,NYB
2002-01-11,1375.0,1376.0,1355.0,1357.0,1357.0,7107.0,CC=F,USD,NYB
2002-01-14,1300.0,1329.0,1292.0,1301.0,1301.0,6584.0,CC=F,USD,NYB
2002-01-15,1290.0,1320.0,1260.0,1308.0,1308.0,4416.0,CC=F,USD,NYB
2002-01-16,1333.0,1344.0,1302.0,1337.0,1337.0,2463.0,CC=F,USD,NYB
2002-01-17,1335.0,1339.0,1311.0,1320.0,1320.0,3473.0,CC=F,USD,NYB
2002-01-18,1308.0,1309.0,1273.0,1286.0,1286.0,4534.0,CC=F,USD,NYB
2002-01-22,1273.0,1339.0,1270.0,1332.0,1332.0,4670.0,CC=F,USD,NYB
2002-01-23,1345.0,1368.0,1333.0,1360.0,1360.0,4361.0,CC=F,USD,NYB
2002-01-24,1352.0,1369.0,1325.0,1330.0,1330.0,3494.0,CC=F,USD,NYB
2002-01-25,1329.0,1351.0,1315.0,1347.0,1347.0,3632.0,CC=F,USD,NYB
2002-01-28,1360.0,1365.0,1341.0,1343.0,1343.0,3685.0,CC=F,USD,NYB
2002-01-29,1340.0,1351.0,1327.0,1343.0,1343.0,3370.0,CC=F,USD,NYB
2002-01-30,1361.0,1375.0,1352.0,1367.0,1367.0,3498.0,CC=F,USD,NYB
2002-01-31,1355.0,1355.0,1332.0,1344.0,1344.0,3788.0,CC=F,USD,NYB
2002-02-01,1342.0,1361.0,1337.0,1350.0,1350.0,6997.0,CC=F,USD,NYB
2002-02-04,1355.0,1410.0,1348.0,1400.0,1400.0,7606.0,CC=F,USD,NYB
2002-02-05,1405.0,1420.0,1368.0,1380.0,1380.0,5586.0,CC=F,USD,NYB
2002-02-06,1378.0,1399.0,1378.0,1392.0,1392.0,8629.0,CC=F,USD,NYB
2002-02-07,1415.0,1443.0,1399.0,1439.0,1439.0,6933.0,CC=F,USD,NYB
2002-02-08,1445.0,1466.0,1442.0,1454.0,1454.0,3527.0,CC=F,USD,NYB
2002-02-11,1450.0,1484.0,1440.0,1479.0,1479.0,2902.0,CC=F,USD,NYB
2002-02-12,1472.0,1480.0,1454.0,1476.0,1476.0,8075.0,CC=F,USD,NYB
2002-02-13,1470.0,1490.0,1460.0,1466.0,1466.0,1241.0,CC=F,USD,NYB
2002-02-14,1462.0,1462.0,1430.0,1450.0,1450.0,249.0,CC=F,USD,NYB
2002-02-15,1448.0,1485.0,1448.0,1481.0,1481.0,272.0,CC=F,USD,NYB
2002-02-19,1475.0,1475.0,1443.0,1447.0,1447.0,307.0,CC=F,USD,NYB
2002-02-20,1430.0,1430.0,1405.0,1408.0,1408.0,92.0,CC=F,USD,NYB
2002-02-21,1422.0,1440.0,1409.0,1409.0,1409.0,89.0,CC=F,USD,NYB
2002-02-22,1412.0,1448.0,1412.0,1443.0,1443.0,32.0,CC=F,USD,NYB
2002-02-25,1456.0,1464.0,1438.0,1464.0,1464.0,104.0,CC=F,USD,NYB
2002-02-26,1480.0,1499.0,1480.0,1487.0,1487.0,68.0,CC=F,USD,NYB
2002-02-27,1480.0,1488.0,1462.0,1465.0,1465.0,48.0,CC=F,USD,NYB
2002-02-28,1457.0,1476.0,1457.0,1466.0,1466.0,70.0,CC=F,USD,NYB
2002-03-01,1480.0,1515.0,1480.0,1515.0,1515.0,61.0,CC=F,USD,NYB
2002-03-04,1520.0,1523.0,1505.0,1514.0,1514.0,22.0,CC=F,USD,NYB
2002-03-05,1515.0,1515.0,1495.0,1499.0,1499.0,79.0,CC=F,USD,NYB
2002-03-06,1510.0,1523.0,1495.0,1508.0,1508.0,64.0,CC=F,USD,NYB
2002-03-07,1533.0,1553.0,1515.0,1552.0,1552.0,62.0,CC=F,USD,NYB
2002-03-08,1562.0,1563.0,1545.0,1554.0,1554.0,108.0,CC=F,USD,NYB
2002-03-11,1545.0,1585.0,1538.0,1582.0,1582.0,103.0,CC=F,USD,NYB
2002-03-12,1590.0,1595.0,1575.0,1587.0,1587.0,0.0,CC=F,USD,NYB
2002-03-13,1577.0,1598.0,1570.0,1588.0,1588.0,3648.0,CC=F,USD,NYB
2002-03-14,1552.0,1573.0,1546.0,1566.0,1566.0,1445.0,CC=F,USD,NYB
2002-03-15,1556.0,1571.0,1554.0,1559.0,1559.0,2775.0,CC=F,USD,NYB
2002-03-18,1545.0,1555.0,1531.0,1543.0,1543.0,2408.0,CC=F,USD,NYB
2002-03-19,1550.0,1552.0,1529.0,1536.0,1536.0,3758.0,CC=F,USD,NYB
2002-03-20,1521.0,1534.0,1507.0,1511.0,1511.0,2994.0,CC=F,USD,NYB
2002-03-21,1511.0,1525.0,1505.0,1510.0,1510.0,3065.0,CC=F,USD,NYB
2002-03-22,1525.0,1541.0,1511.0,1535.0,1535.0,5154.0,CC=F,USD,NYB
2002-03-25,1542.0,1549.0,1485.0,1488.0,1488.0,4921.0,CC=F,USD,NYB
2002-03-26,1475.0,1484.0,1466.0,1470.0,1470.0,5997.0,CC=F,USD,NYB
2002-03-27,1477.0,1505.0,1476.0,1504.0,1504.0,3320.0,CC=F,USD,NYB
2002-03-28,1500.0,1514.0,1487.0,1494.0,1494.0,1901.0,CC=F,USD,NYB
2002-04-01,1500.0,1508.0,1495.0,1504.0,1504.0,6861.0,CC=F,USD,NYB
2002-04-02,1488.0,1504.0,1485.0,1488.0,1488.0,5591.0,CC=F,USD,NYB
2002-04-03,1483.0,1488.0,1471.0,1479.0,1479.0,6105.0,CC=F,USD,NYB
2002-04-04,1495.0,1523.0,1495.0,1512.0,1512.0,8043.0,CC=F,USD,NYB
2002-04-05,1520.0,1578.0,1512.0,1559.0,1559.0,6349.0,CC=F,USD,NYB
2002-04-08,1551.0,1574.0,1530.0,1533.0,1533.0,5941.0,CC=F,USD,NYB
2002-04-09,1513.0,1522.0,1492.0,1516.0,1516.0,8150.0,CC=F,USD,NYB
2002-04-10,1517.0,1527.0,1447.0,1481.0,1481.0,3551.0,CC=F,USD,NYB
2002-04-11,1485.0,1495.0,1473.0,1493.0,1493.0,2832.0,CC=F,USD,NYB
2002-04-12,1495.0,1530.0,1470.0,1520.0,1520.0,3282.0,CC=F,USD,NYB
2002-04-15,1515.0,1525.0,1505.0,1508.0,1508.0,3546.0,CC=F,USD,NYB
2002-04-16,1504.0,1522.0,1500.0,1518.0,1518.0,1321.0,CC=F,USD,NYB
2002-04-17,1532.0,1588.0,1532.0,1581.0,1581.0,1072.0,CC=F,USD,NYB
2002-04-18,1590.0,1617.0,1588.0,1616.0,1616.0,452.0,CC=F,USD,NYB
2002-04-19,1598.0,1598.0,1570.0,1581.0,1581.0,56.0,CC=F,USD,NYB
2002-04-22,1571.0,1590.0,1550.0,1582.0,1582.0,115.0,CC=F,USD,NYB
2002-04-23,1599.0,1610.0,1593.0,1596.0,1596.0,170.0,CC=F,USD,NYB
2002-04-24,1600.0,1600.0,1565.0,1566.0,1566.0,621.0,CC=F,USD,NYB
2002-04-25,1560.0,1564.0,1539.0,1540.0,1540.0,58.0,CC=F,USD,NYB
2002-04-26,1540.0,1540.0,1528.0,1540.0,1540.0,97.0,CC=F,USD,NYB
2002-04-29,1546.0,1548.0,1510.0,1510.0,1510.0,107.0,CC=F,USD,NYB
2002-04-30,1500.0,1540.0,1485.0,1540.0,1540.0,105.0,CC=F,USD,NYB
2002-05-01,1523.0,1523.0,1495.0,1495.0,1495.0,32.0,CC=F,USD,NYB
2002-05-02,1505.0,1515.0,1499.0,1510.0,1510.0,109.0,CC=F,USD,NYB
2002-05-03,1499.0,1530.0,1471.0,1500.0,1500.0,20.0,CC=F,USD,NYB
2002-05-06,1480.0,1488.0,1477.0,1487.0,1487.0,11.0,CC=F,USD,NYB
2002-05-07,1490.0,1498.0,1475.0,1487.0,1487.0,7.0,CC=F,USD,NYB
2002-05-08,1480.0,1499.0,1480.0,1497.0,1497.0,27.0,CC=F,USD,NYB
2002-05-09,1510.0,1524.0,1510.0,1524.0,1524.0,30.0,CC=F,USD,NYB
2002-05-10,1519.0,1529.0,1517.0,1520.0,1520.0,39.0,CC=F,USD,NYB
2002-05-13,1530.0,1557.0,1522.0,1557.0,1557.0,116.0,CC=F,USD,NYB
2002-05-14,1560.0,1570.0,1551.0,1553.0,1553.0,0.0,CC=F,USD,NYB
2002-05-15,1548.0,1557.0,1530.0,1532.0,1532.0,9135.0,CC=F,USD,NYB
2002-05-16,1585.0,1598.0,1561.0,1595.0,1595.0,3442.0,CC=F,USD,NYB
2002-05-17,1598.0,1601.0,1579.0,1588.0,1588.0,2246.0,CC=F,USD,NYB
2002-05-20,1583.0,1585.0,1566.0,1574.0,1574.0,3016.0,CC=F,USD,NYB
2002-05-21,1580.0,1599.0,1568.0,1591.0,1591.0,5265.0,CC=F,USD,NYB
2002-05-22,1579.0,1604.0,1556.0,1560.0,1560.0,3748.0,CC=F,USD,NYB
2002-05-23,1550.0,1574.0,1546.0,1563.0,1563.0,3607.0,CC=F,USD,NYB
2002-05-24,1557.0,1567.0,1546.0,1549.0,1549.0,2786.0,CC=F,USD,NYB
2002-05-28,1551.0,1574.0,1541.0,1565.0,1565.0,4162.0,CC=F,USD,NYB
2002-05-29,1581.0,1594.0,1580.0,1589.0,1589.0,5734.0,CC=F,USD,NYB
2002-05-30,1588.0,1612.0,1586.0,1608.0,1608.0,4537.0,CC=F,USD,NYB
2002-05-31,1615.0,1620.0,1594.0,1598.0,1598.0,6787.0,CC=F,USD,NYB
2002-06-03,1595.0,1595.0,1567.0,1577.0,1577.0,2682.0,CC=F,USD,NYB
2002-06-04,1577.0,1590.0,1577.0,1584.0,1584.0,5617.0,CC=F,USD,NYB
2002-06-05,1589.0,1591.0,1552.0,1566.0,1566.0,4429.0,CC=F,USD,NYB
2002-06-06,1566.0,1574.0,1554.0,1560.0,1560.0,5634.0,CC=F,USD,NYB
2002-06-07,1565.0,1566.0,1543.0,1549.0,1549.0,11922.0,CC=F,USD,NYB
2002-06-10,1520.0,1525.0,1435.0,1444.0,1444.0,8559.0,CC=F,USD,NYB
2002-06-11,1440.0,1463.0,1428.0,1462.0,1462.0,5998.0,CC=F,USD,NYB
2002-06-12,1485.0,1495.0,1465.0,1475.0,1475.0,4292.0,CC=F,USD,NYB
2002-06-13,1477.0,1487.0,1458.0,1470.0,1470.0,5824.0,CC=F,USD,NYB
2002-06-14,1470.0,1470.0,1455.0,1456.0,1456.0,438.0,CC=F,USD,NYB
2002-06-17,1445.0,1480.0,1435.0,1474.0,1474.0,239.0,CC=F,USD,NYB
2002-06-18,1482.0,1492.0,1476.0,1480.0,1480.0,154.0,CC=F,USD,NYB
2002-06-19,1500.0,1502.0,1491.0,1496.0,1496.0,342.0,CC=F,USD,NYB
2002-06-20,1500.0,1545.0,1498.0,1545.0,1545.0,120.0,CC=F,USD,NYB
2002-06-21,1575.0,1600.0,1545.0,1598.0,1598.0,101.0,CC=F,USD,NYB
2002-06-24,1615.0,1615.0,1585.0,1601.0,1601.0,74.0,CC=F,USD,NYB
2002-06-25,1603.0,1613.0,1596.0,1612.0,1612.0,39.0,CC=F,USD,NYB
2002-06-26,1625.0,1625.0,1612.0,1625.0,1625.0,106.0,CC=F,USD,NYB
2002-06-27,1618.0,1645.0,1605.0,1638.0,1638.0,33.0,CC=F,USD,NYB
2002-06-28,1648.0,1648.0,1621.0,1630.0,1630.0,17.0,CC=F,USD,NYB
2002-07-01,1620.0,1655.0,1610.0,1650.0,1650.0,80.0,CC=F,USD,NYB
2002-07-02,1656.0,1682.0,1654.0,1682.0,1682.0,0.0,CC=F,USD,NYB
2002-07-03,1700.0,1703.0,1685.0,1697.0,1697.0,32.0,CC=F,USD,NYB
2002-07-08,1708.0,1715.0,1705.0,1711.0,1711.0,53.0,CC=F,USD,NYB
2002-07-09,1721.0,1757.0,1721.0,1755.0,1755.0,75.0,CC=F,USD,NYB
2002-07-10,1764.0,1778.0,1752.0,1778.0,1778.0,5.0,CC=F,USD,NYB
2002-07-11,1778.0,1810.0,1778.0,1808.0,1808.0,38.0,CC=F,USD,NYB
2002-07-12,1810.0,1810.0,1730.0,1740.0,1740.0,44.0,CC=F,USD,NYB
2002-07-15,1758.0,1800.0,1758.0,1798.0,1798.0,0.0,CC=F,USD,NYB
2002-07-16,1790.0,1812.0,1790.0,1800.0,1800.0,4724.0,CC=F,USD,NYB
2002-07-17,1795.0,1805.0,1760.0,1773.0,1773.0,5138.0,CC=F,USD,NYB
2002-07-18,1775.0,1786.0,1748.0,1751.0,1751.0,4322.0,CC=F,USD,NYB
2002-07-19,1760.0,1819.0,1753.0,1799.0,1799.0,4783.0,CC=F,USD,NYB
2002-07-22,1803.0,1843.0,1802.0,1819.0,1819.0,5393.0,CC=F,USD,NYB
2002-07-23,1785.0,1798.0,1767.0,1773.0,1773.0,6402.0,CC=F,USD,NYB
2002-07-24,1760.0,1761.0,1712.0,1723.0,1723.0,5499.0,CC=F,USD,NYB
2002-07-25,1725.0,1800.0,1723.0,1796.0,1796.0,5009.0,CC=F,USD,NYB
2002-07-26,1800.0,1822.0,1772.0,1788.0,1788.0,2855.0,CC=F,USD,NYB
2002-07-29,1783.0,1783.0,1751.0,1759.0,1759.0,3453.0,CC=F,USD,NYB
2002-07-30,1760.0,1787.0,1760.0,1771.0,1771.0,3219.0,CC=F,USD,NYB
2002-07-31,1762.0,1805.0,1760.0,1787.0,1787.0,5631.0,CC=F,USD,NYB
2002-08-01,1782.0,1785.0,1736.0,1745.0,1745.0,7626.0,CC=F,USD,NYB
2002-08-02,1702.0,1722.0,1695.0,1702.0,1702.0,4137.0,CC=F,USD,NYB
2002-08-05,1700.0,1729.0,1700.0,1712.0,1712.0,3051.0,CC=F,USD,NYB
2002-08-06,1707.0,1734.0,1706.0,1728.0,1728.0,3858.0,CC=F,USD,NYB
2002-08-07,1745.0,1773.0,1741.0,1767.0,1767.0,4693.0,CC=F,USD,NYB
2002-08-08,1746.0,1773.0,1745.0,1754.0,1754.0,5444.0,CC=F,USD,NYB
2002-08-09,1780.0,1800.0,1752.0,1783.0,1783.0,6672.0,CC=F,USD,NYB
2002-08-12,1770.0,1800.0,1770.0,1786.0,1786.0,6367.0,CC=F,USD,NYB
2002-08-13,1785.0,1845.0,1785.0,1810.0,1810.0,3817.0,CC=F,USD,NYB
2002-08-14,1815.0,1827.0,1803.0,1827.0,1827.0,2663.0,CC=F,USD,NYB
2002-08-15,1820.0,1876.0,1820.0,1871.0,1871.0,3968.0,CC=F,USD,NYB
2002-08-16,1875.0,1885.0,1853.0,1860.0,1860.0,485.0,CC=F,USD,NYB
2002-08-19,1865.0,1895.0,1864.0,1884.0,1884.0,220.0,CC=F,USD,NYB
2002-08-20,1900.0,1910.0,1880.0,1907.0,1907.0,318.0,CC=F,USD,NYB
2002-08-21,1900.0,1933.0,1884.0,1930.0,1930.0,801.0,CC=F,USD,NYB
2002-08-22,1939.0,1963.0,1933.0,1956.0,1956.0,432.0,CC=F,USD,NYB
2002-08-23,1952.0,1960.0,1938.0,1955.0,1955.0,167.0,CC=F,USD,NYB
2002-08-26,1950.0,1950.0,1920.0,1937.0,1937.0,498.0,CC=F,USD,NYB
2002-08-27,1930.0,1968.0,1930.0,1964.0,1964.0,87.0,CC=F,USD,NYB
2002-08-28,1970.0,1988.0,1965.0,1983.0,1983.0,125.0,CC=F,USD,NYB
2002-08-29,2020.0,2033.0,2012.0,2023.0,2023.0,85.0,CC=F,USD,NYB
2002-08-30,2011.0,2032.0,2008.0,2012.0,2012.0,131.0,CC=F,USD,NYB
2002-09-03,1990.0,1990.0,1950.0,1975.0,1975.0,27.0,CC=F,USD,NYB
2002-09-04,1980.0,2015.0,1965.0,2008.0,2008.0,67.0,CC=F,USD,NYB
2002-09-05,2030.0,2030.0,2005.0,2011.0,2011.0,64.0,CC=F,USD,NYB
2002-09-06,2015.0,2045.0,2015.0,2045.0,2045.0,48.0,CC=F,USD,NYB
2002-09-09,2045.0,2061.0,2045.0,2046.0,2046.0,103.0,CC=F,USD,NYB
2002-09-10,2039.0,2043.0,2010.0,2023.0,2023.0,319.0,CC=F,USD,NYB
2002-09-11,2055.0,2055.0,2031.0,2036.0,2036.0,92.0,CC=F,USD,NYB
2002-09-12,2057.0,2060.0,2043.0,2054.0,2054.0,0.0,CC=F,USD,NYB
2002-09-13,2059.0,2059.0,2016.0,2033.0,2033.0,4717.0,CC=F,USD,NYB
2002-09-16,2013.0,2058.0,2013.0,2050.0,2050.0,3482.0,CC=F,USD,NYB
2002-09-17,2050.0,2065.0,2047.0,2062.0,2062.0,3968.0,CC=F,USD,NYB
2002-09-18,2077.0,2077.0,2054.0,2075.0,2075.0,6358.0,CC=F,USD,NYB
2002-09-19,2110.0,2124.0,2080.0,2120.0,2120.0,4364.0,CC=F,USD,NYB
2002-09-20,2115.0,2122.0,2093.0,2113.0,2113.0,2978.0,CC=F,USD,NYB
2002-09-23,2124.0,2138.0,2115.0,2130.0,2130.0,2150.0,CC=F,USD,NYB
2002-09-24,2110.0,2124.0,2105.0,2120.0,2120.0,4873.0,CC=F,USD,NYB
2002-09-25,2145.0,2164.0,2145.0,2157.0,2157.0,4427.0,CC=F,USD,NYB
2002-09-26,2147.0,2157.0,2129.0,2152.0,2152.0,5363.0,CC=F,USD,NYB
2002-09-27,2160.0,2174.0,2148.0,2151.0,2151.0,4018.0,CC=F,USD,NYB
2002-09-30,2171.0,2206.0,2171.0,2191.0,2191.0,2651.0,CC=F,USD,NYB
2002-10-01,2188.0,2201.0,2181.0,2195.0,2195.0,3762.0,CC=F,USD,NYB
2002-10-02,2180.0,2210.0,2178.0,2200.0,2200.0,2828.0,CC=F,USD,NYB
2002-10-03,2202.0,2219.0,2201.0,2215.0,2215.0,5219.0,CC=F,USD,NYB
2002-10-04,2191.0,2232.0,2188.0,2224.0,2224.0,2326.0,CC=F,USD,NYB
2002-10-07,2245.0,2254.0,2242.0,2250.0,2250.0,2862.0,CC=F,USD,NYB
2002-10-08,2261.0,2274.0,2254.0,2268.0,2268.0,4150.0,CC=F,USD,NYB
2002-10-09,2300.0,2319.0,2295.0,2317.0,2317.0,10001.0,CC=F,USD,NYB
2002-10-10,2330.0,2377.0,2330.0,2374.0,2374.0,8741.0,CC=F,USD,NYB
2002-10-11,2402.0,2405.0,2310.0,2325.0,2325.0,4829.0,CC=F,USD,NYB
2002-10-14,2354.0,2357.0,2330.0,2338.0,2338.0,6239.0,CC=F,USD,NYB
2002-10-15,2310.0,2310.0,2246.0,2298.0,2298.0,5628.0,CC=F,USD,NYB
2002-10-16,2315.0,2320.0,2185.0,2212.0,2212.0,8008.0,CC=F,USD,NYB
2002-10-17,2169.0,2169.0,2109.0,2111.0,2111.0,12090.0,CC=F,USD,NYB
2002-10-18,1985.0,1992.0,1899.0,1910.0,1910.0,6388.0,CC=F,USD,NYB
2002-10-21,1855.0,1982.0,1842.0,1924.0,1924.0,4897.0,CC=F,USD,NYB
2002-10-22,1980.0,2028.0,1962.0,1994.0,1994.0,2515.0,CC=F,USD,NYB
2002-10-23,2050.0,2071.0,2031.0,2034.0,2034.0,2403.0,CC=F,USD,NYB
2002-10-24,1990.0,2039.0,1982.0,2025.0,2025.0,1978.0,CC=F,USD,NYB
2002-10-25,2005.0,2055.0,2002.0,2034.0,2034.0,3243.0,CC=F,USD,NYB
2002-10-28,1980.0,1999.0,1967.0,1979.0,1979.0,5748.0,CC=F,USD,NYB
2002-10-29,1920.0,1927.0,1855.0,1893.0,1893.0,5245.0,CC=F,USD,NYB
2002-10-30,1888.0,1950.0,1888.0,1927.0,1927.0,3952.0,CC=F,USD,NYB
2002-10-31,1935.0,1947.0,1925.0,1927.0,1927.0,5093.0,CC=F,USD,NYB
2002-11-01,1885.0,1926.0,1880.0,1901.0,1901.0,6067.0,CC=F,USD,NYB
2002-11-04,1820.0,1841.0,1788.0,1806.0,1806.0,3976.0,CC=F,USD,NYB
2002-11-05,1845.0,1853.0,1796.0,1809.0,1809.0,3520.0,CC=F,USD,NYB
2002-11-06,1788.0,1900.0,1788.0,1890.0,1890.0,6368.0,CC=F,USD,NYB
2002-11-07,1910.0,1925.0,1892.0,1914.0,1914.0,2953.0,CC=F,USD,NYB
2002-11-08,1900.0,1922.0,1880.0,1892.0,1892.0,3712.0,CC=F,USD,NYB
2002-11-11,1909.0,1910.0,1850.0,1854.0,1854.0,3473.0,CC=F,USD,NYB
2002-11-12,1825.0,1830.0,1751.0,1758.0,1758.0,3846.0,CC=F,USD,NYB
2002-11-13,1760.0,1780.0,1720.0,1722.0,1722.0,400.0,CC=F,USD,NYB
2002-11-14,1755.0,1830.0,1752.0,1753.0,1753.0,869.0,CC=F,USD,NYB
2002-11-15,1754.0,1777.0,1752.0,1753.0,1753.0,77.0,CC=F,USD,NYB
2002-11-18,1770.0,1797.0,1735.0,1775.0,1775.0,178.0,CC=F,USD,NYB
2002-11-19,1780.0,1818.0,1772.0,1790.0,1790.0,215.0,CC=F,USD,NYB
2002-11-20,1775.0,1790.0,1775.0,1778.0,1778.0,192.0,CC=F,USD,NYB
2002-11-21,1770.0,1805.0,1765.0,1780.0,1780.0,25.0,CC=F,USD,NYB
2002-11-22,1780.0,1780.0,1775.0,1779.0,1779.0,223.0,CC=F,USD,NYB
2002-11-25,1737.0,1768.0,1710.0,1760.0,1760.0,36.0,CC=F,USD,NYB
2002-11-26,1733.0,1740.0,1705.0,1740.0,1740.0,0.0,CC=F,USD,NYB
2002-11-27,1745.0,1794.0,1735.0,1750.0,1750.0,47.0,CC=F,USD,NYB
2002-12-02,1850.0,1850.0,1795.0,1799.0,1799.0,55.0,CC=F,USD,NYB
2002-12-03,1840.0,1865.0,1840.0,1855.0,1855.0,36.0,CC=F,USD,NYB
2002-12-04,1895.0,1925.0,1865.0,1900.0,1900.0,47.0,CC=F,USD,NYB
2002-12-05,1928.0,1955.0,1927.0,1955.0,1955.0,12.0,CC=F,USD,NYB
2002-12-06,2003.0,2011.0,2003.0,2006.0,2006.0,27.0,CC=F,USD,NYB
2002-12-09,2060.0,2105.0,2060.0,2097.0,2097.0,24.0,CC=F,USD,NYB
2002-12-10,2165.0,2165.0,2100.0,2126.0,2126.0,26.0,CC=F,USD,NYB
2002-12-11,2073.0,2083.0,2053.0,2055.0,2055.0,0.0,CC=F,USD,NYB
2002-12-12,2065.0,2065.0,2050.0,2050.0,2050.0,3965.0,CC=F,USD,NYB
2002-12-13,2035.0,2078.0,2035.0,2060.0,2060.0,3403.0,CC=F,USD,NYB
2002-12-16,2050.0,2055.0,2020.0,2044.0,2044.0,4784.0,CC=F,USD,NYB
2002-12-17,2032.0,2083.0,2013.0,2077.0,2077.0,3009.0,CC=F,USD,NYB
2002-12-18,2090.0,2092.0,2053.0,2061.0,2061.0,2960.0,CC=F,USD,NYB
2002-12-19,2070.0,2092.0,2064.0,2074.0,2074.0,1507.0,CC=F,USD,NYB
2002-12-20,2070.0,2079.0,2061.0,2070.0,2070.0,2881.0,CC=F,USD,NYB
2002-12-23,2075.0,2078.0,2035.0,2051.0,2051.0,0.0,CC=F,USD,NYB
2002-12-24,2047.0,2058.0,2038.0,2052.0,2052.0,3886.0,CC=F,USD,NYB
2002-12-27,2040.0,2045.0,1996.0,2018.0,2018.0,4154.0,CC=F,USD,NYB
2002-12-30,2010.0,2010.0,1988.0,2004.0,2004.0,1405.0,CC=F,USD,NYB
2002-12-31,2025.0,2028.0,2005.0,2021.0,2021.0,8498.0,CC=F,USD,NYB
2003-01-02,2035.0,2135.0,2033.0,2099.0,2099.0,4489.0,CC=F,USD,NYB
2003-01-03,2130.0,2150.0,2120.0,2145.0,2145.0,5676.0,CC=F,USD,NYB
2003-01-06,2135.0,2200.0,2130.0,2191.0,2191.0,6007.0,CC=F,USD,NYB
2003-01-07,2190.0,2198.0,2175.0,2189.0,2189.0,8932.0,CC=F,USD,NYB
2003-01-08,2165.0,2172.0,2078.0,2089.0,2089.0,5938.0,CC=F,USD,NYB
2003-01-09,2090.0,2200.0,2090.0,2160.0,2160.0,3225.0,CC=F,USD,NYB
2003-01-10,2150.0,2172.0,2136.0,2155.0,2155.0,5035.0,CC=F,USD,NYB
2003-01-13,2125.0,2180.0,2073.0,2077.0,2077.0,4293.0,CC=F,USD,NYB
2003-01-14,2080.0,2125.0,2060.0,2064.0,2064.0,2725.0,CC=F,USD,NYB
2003-01-15,2069.0,2090.0,2055.0,2077.0,2077.0,4151.0,CC=F,USD,NYB
2003-01-16,2102.0,2175.0,2082.0,2154.0,2154.0,3849.0,CC=F,USD,NYB
2003-01-17,2145.0,2188.0,2144.0,2151.0,2151.0,2704.0,CC=F,USD,NYB
2003-01-21,2145.0,2160.0,2122.0,2155.0,2155.0,3451.0,CC=F,USD,NYB
2003-01-22,2150.0,2172.0,2135.0,2165.0,2165.0,6669.0,CC=F,USD,NYB
2003-01-23,2200.0,2250.0,2147.0,2229.0,2229.0,5628.0,CC=F,USD,NYB
2003-01-24,2200.0,2209.0,2167.0,2187.0,2187.0,3639.0,CC=F,USD,NYB
2003-01-27,2244.0,2257.0,2211.0,2250.0,2250.0,5716.0,CC=F,USD,NYB
2003-01-28,2290.0,2304.0,2265.0,2301.0,2301.0,6992.0,CC=F,USD,NYB
2003-01-29,2355.0,2370.0,2325.0,2345.0,2345.0,8255.0,CC=F,USD,NYB
2003-01-30,2330.0,2392.0,2315.0,2386.0,2386.0,5701.0,CC=F,USD,NYB
2003-01-31,2420.0,2420.0,2375.0,2409.0,2409.0,8694.0,CC=F,USD,NYB
2003-02-03,2408.0,2410.0,2352.0,2379.0,2379.0,4650.0,CC=F,USD,NYB
2003-02-04,2380.0,2420.0,2368.0,2399.0,2399.0,10768.0,CC=F,USD,NYB
2003-02-05,2385.0,2404.0,2361.0,2380.0,2380.0,13033.0,CC=F,USD,NYB
2003-02-06,2355.0,2370.0,2285.0,2305.0,2305.0,6176.0,CC=F,USD,NYB
2003-02-07,2330.0,2389.0,2329.0,2380.0,2380.0,4211.0,CC=F,USD,NYB
2003-02-10,2345.0,2355.0,2317.0,2328.0,2328.0,5064.0,CC=F,USD,NYB
2003-02-11,2310.0,2315.0,2280.0,2296.0,2296.0,4278.0,CC=F,USD,NYB
2003-02-12,2275.0,2325.0,2265.0,2321.0,2321.0,7626.0,CC=F,USD,NYB
2003-02-13,2326.0,2352.0,2290.0,2293.0,2293.0,594.0,CC=F,USD,NYB
2003-02-14,2300.0,2370.0,2298.0,2366.0,2366.0,233.0,CC=F,USD,NYB
2003-02-19,2310.0,2331.0,2310.0,2316.0,2316.0,1101.0,CC=F,USD,NYB
2003-02-20,2250.0,2255.0,2110.0,2120.0,2120.0,505.0,CC=F,USD,NYB
2003-02-21,2140.0,2150.0,2105.0,2125.0,2125.0,186.0,CC=F,USD,NYB
2003-02-24,2137.0,2166.0,2125.0,2145.0,2145.0,267.0,CC=F,USD,NYB
2003-02-25,2110.0,2133.0,1992.0,1992.0,1992.0,162.0,CC=F,USD,NYB
2003-02-26,1995.0,2090.0,1980.0,2083.0,2083.0,66.0,CC=F,USD,NYB
2003-02-27,2062.0,2100.0,2062.0,2071.0,2071.0,118.0,CC=F,USD,NYB
2003-02-28,2100.0,2100.0,2066.0,2080.0,2080.0,47.0,CC=F,USD,NYB
2003-03-03,2090.0,2090.0,1985.0,1985.0,1985.0,36.0,CC=F,USD,NYB
2003-03-04,2008.0,2035.0,2000.0,2015.0,2015.0,64.0,CC=F,USD,NYB
2003-03-05,2039.0,2067.0,2039.0,2058.0,2058.0,18.0,CC=F,USD,NYB
2003-03-06,2065.0,2065.0,1987.0,2040.0,2040.0,40.0,CC=F,USD,NYB
2003-03-07,2027.0,2083.0,2025.0,2083.0,2083.0,18.0,CC=F,USD,NYB
2003-03-10,2060.0,2063.0,2020.0,2063.0,2063.0,34.0,CC=F,USD,NYB
2003-03-11,2044.0,2050.0,2038.0,2050.0,2050.0,136.0,CC=F,USD,NYB
2003-03-12,2040.0,2066.0,1975.0,2066.0,2066.0,74.0,CC=F,USD,NYB
2003-03-13,2024.0,2045.0,2024.0,2035.0,2035.0,0.0,CC=F,USD,NYB
2003-03-14,2005.0,2057.0,2000.0,2043.0,2043.0,1954.0,CC=F,USD,NYB
2003-03-17,1975.0,1997.0,1963.0,1976.0,1976.0,5724.0,CC=F,USD,NYB
2003-03-18,2005.0,2070.0,2004.0,2054.0,2054.0,3087.0,CC=F,USD,NYB
2003-03-19,2040.0,2055.0,2020.0,2023.0,2023.0,4372.0,CC=F,USD,NYB
2003-03-20,2015.0,2050.0,1954.0,2029.0,2029.0,1816.0,CC=F,USD,NYB
2003-03-21,2020.0,2030.0,1965.0,1991.0,1991.0,2907.0,CC=F,USD,NYB
2003-03-24,1975.0,1995.0,1940.0,1953.0,1953.0,3845.0,CC=F,USD,NYB
2003-03-25,1939.0,1962.0,1922.0,1939.0,1939.0,5641.0,CC=F,USD,NYB
2003-03-26,1920.0,1928.0,1892.0,1920.0,1920.0,7108.0,CC=F,USD,NYB
2003-03-27,1930.0,1985.0,1898.0,1911.0,1911.0,2296.0,CC=F,USD,NYB
2003-03-28,1911.0,1930.0,1902.0,1918.0,1918.0,3799.0,CC=F,USD,NYB
2003-03-31,1940.0,1975.0,1931.0,1960.0,1960.0,4561.0,CC=F,USD,NYB
2003-04-01,1960.0,1970.0,1936.0,1951.0,1951.0,4366.0,CC=F,USD,NYB
2003-04-02,1951.0,1995.0,1946.0,1979.0,1979.0,3170.0,CC=F,USD,NYB
2003-04-03,1965.0,1965.0,1930.0,1937.0,1937.0,4507.0,CC=F,USD,NYB
2003-04-04,1935.0,2009.0,1920.0,1995.0,1995.0,5812.0,CC=F,USD,NYB
2003-04-07,1972.0,1989.0,1961.0,1980.0,1980.0,8097.0,CC=F,USD,NYB
2003-04-08,1982.0,2050.0,1982.0,2031.0,2031.0,4737.0,CC=F,USD,NYB
2003-04-09,2030.0,2058.0,2015.0,2020.0,2020.0,5534.0,CC=F,USD,NYB
2003-04-10,1991.0,2005.0,1942.0,1963.0,1963.0,4242.0,CC=F,USD,NYB
2003-04-11,1965.0,1980.0,1895.0,1904.0,1904.0,2537.0,CC=F,USD,NYB
2003-04-14,1905.0,1929.0,1904.0,1912.0,1912.0,3670.0,CC=F,USD,NYB
2003-04-15,1925.0,1925.0,1843.0,1866.0,1866.0,782.0,CC=F,USD,NYB
2003-04-16,1870.0,1910.0,1870.0,1895.0,1895.0,114.0,CC=F,USD,NYB
2003-04-17,1878.0,1910.0,1870.0,1905.0,1905.0,111.0,CC=F,USD,NYB
2003-04-21,1900.0,1948.0,1900.0,1921.0,1921.0,0.0,CC=F,USD,NYB
2003-04-22,1900.0,2010.0,1900.0,2008.0,2008.0,136.0,CC=F,USD,NYB
2003-04-23,1990.0,2004.0,1970.0,1970.0,1970.0,33.0,CC=F,USD,NYB
2003-04-24,1975.0,2030.0,1975.0,2024.0,2024.0,51.0,CC=F,USD,NYB
2003-04-25,2015.0,2080.0,2001.0,2079.0,2079.0,153.0,CC=F,USD,NYB
2003-04-28,2064.0,2084.0,2063.0,2083.0,2083.0,80.0,CC=F,USD,NYB
2003-04-29,2085.0,2110.0,2058.0,2089.0,2089.0,94.0,CC=F,USD,NYB
2003-04-30,2106.0,2106.0,2050.0,2076.0,2076.0,52.0,CC=F,USD,NYB
2003-05-01,2076.0,2078.0,2025.0,2078.0,2078.0,74.0,CC=F,USD,NYB
2003-05-02,2068.0,2068.0,2016.0,2017.0,2017.0,17.0,CC=F,USD,NYB
2003-05-05,1992.0,2005.0,1960.0,1960.0,1960.0,42.0,CC=F,USD,NYB
2003-05-06,1970.0,1983.0,1950.0,1957.0,1957.0,52.0,CC=F,USD,NYB
2003-05-07,1950.0,1960.0,1904.0,1904.0,1904.0,113.0,CC=F,USD,NYB
2003-05-08,1930.0,1935.0,1885.0,1885.0,1885.0,31.0,CC=F,USD,NYB
2003-05-09,1910.0,1910.0,1885.0,1885.0,1885.0,125.0,CC=F,USD,NYB
2003-05-12,1895.0,1895.0,1866.0,1866.0,1866.0,30.0,CC=F,USD,NYB
2003-05-13,1855.0,1855.0,1802.0,1802.0,1802.0,0.0,CC=F,USD,NYB
2003-05-14,1802.0,1805.0,1746.0,1746.0,1746.0,3983.0,CC=F,USD,NYB
2003-05-15,1742.0,1757.0,1703.0,1720.0,1720.0,3923.0,CC=F,USD,NYB
2003-05-16,1720.0,1754.0,1708.0,1746.0,1746.0,4979.0,CC=F,USD,NYB
2003-05-19,1740.0,1740.0,1671.0,1689.0,1689.0,3334.0,CC=F,USD,NYB
2003-05-20,1684.0,1698.0,1638.0,1643.0,1643.0,7182.0,CC=F,USD,NYB
2003-05-21,1595.0,1635.0,1565.0,1630.0,1630.0,4235.0,CC=F,USD,NYB
2003-05-22,1660.0,1689.0,1643.0,1669.0,1669.0,2732.0,CC=F,USD,NYB
2003-05-23,1655.0,1679.0,1638.0,1677.0,1677.0,3292.0,CC=F,USD,NYB
2003-05-27,1630.0,1630.0,1565.0,1576.0,1576.0,3742.0,CC=F,USD,NYB
2003-05-28,1581.0,1600.0,1555.0,1584.0,1584.0,5845.0,CC=F,USD,NYB
2003-05-29,1583.0,1587.0,1460.0,1471.0,1471.0,3358.0,CC=F,USD,NYB
2003-05-30,1485.0,1529.0,1485.0,1493.0,1493.0,5059.0,CC=F,USD,NYB
2003-06-02,1450.0,1549.0,1420.0,1540.0,1540.0,4496.0,CC=F,USD,NYB
2003-06-03,1510.0,1580.0,1501.0,1530.0,1530.0,3055.0,CC=F,USD,NYB
2003-06-04,1530.0,1563.0,1504.0,1538.0,1538.0,3342.0,CC=F,USD,NYB
2003-06-05,1555.0,1575.0,1475.0,1501.0,1501.0,8382.0,CC=F,USD,NYB
2003-06-06,1510.0,1545.0,1498.0,1505.0,1505.0,3947.0,CC=F,USD,NYB
2003-06-09,1500.0,1535.0,1487.0,1520.0,1520.0,4329.0,CC=F,USD,NYB
2003-06-10,1520.0,1540.0,1495.0,1498.0,1498.0,3970.0,CC=F,USD,NYB
2003-06-11,1508.0,1520.0,1500.0,1513.0,1513.0,3900.0,CC=F,USD,NYB
2003-06-12,1513.0,1547.0,1505.0,1508.0,1508.0,3828.0,CC=F,USD,NYB
2003-06-13,1500.0,1528.0,1472.0,1481.0,1481.0,3653.0,CC=F,USD,NYB
2003-06-16,1520.0,1570.0,1481.0,1511.0,1511.0,509.0,CC=F,USD,NYB
2003-06-17,1510.0,1585.0,1503.0,1575.0,1575.0,262.0,CC=F,USD,NYB
2003-06-18,1600.0,1625.0,1575.0,1579.0,1579.0,157.0,CC=F,USD,NYB
2003-06-19,1585.0,1600.0,1505.0,1505.0,1505.0,202.0,CC=F,USD,NYB
2003-06-20,1520.0,1573.0,1517.0,1573.0,1573.0,113.0,CC=F,USD,NYB
2003-06-23,1548.0,1635.0,1545.0,1582.0,1582.0,27.0,CC=F,USD,NYB
2003-06-24,1541.0,1573.0,1541.0,1563.0,1563.0,122.0,CC=F,USD,NYB
2003-06-25,1605.0,1607.0,1596.0,1604.0,1604.0,121.0,CC=F,USD,NYB
2003-06-26,1610.0,1620.0,1607.0,1607.0,1607.0,19.0,CC=F,USD,NYB
2003-06-27,1639.0,1650.0,1639.0,1650.0,1650.0,10.0,CC=F,USD,NYB
2003-06-30,1680.0,1706.0,1675.0,1681.0,1681.0,30.0,CC=F,USD,NYB
2003-07-01,1640.0,1680.0,1640.0,1675.0,1675.0,1.0,CC=F,USD,NYB
2003-07-02,1689.0,1689.0,1689.0,1689.0,1689.0,10.0,CC=F,USD,NYB
2003-07-03,1661.0,1685.0,1661.0,1667.0,1667.0,2.0,CC=F,USD,NYB
2003-07-07,1690.0,1692.0,1690.0,1692.0,1692.0,11.0,CC=F,USD,NYB
2003-07-08,1700.0,1715.0,1697.0,1697.0,1697.0,22.0,CC=F,USD,NYB
2003-07-09,1660.0,1660.0,1633.0,1633.0,1633.0,8.0,CC=F,USD,NYB
2003-07-10,1600.0,1600.0,1579.0,1579.0,1579.0,3.0,CC=F,USD,NYB
2003-07-11,1570.0,1605.0,1570.0,1573.0,1573.0,4.0,CC=F,USD,NYB
2003-07-14,1550.0,1550.0,1534.0,1534.0,1534.0,0.0,CC=F,USD,NYB
2003-07-15,1540.0,1540.0,1519.0,1519.0,1519.0,0.0,CC=F,USD,NYB
2003-07-16,1530.0,1560.0,1527.0,1555.0,1555.0,3367.0,CC=F,USD,NYB
2003-07-17,1505.0,1555.0,1495.0,1547.0,1547.0,3814.0,CC=F,USD,NYB
2003-07-18,1540.0,1545.0,1450.0,1466.0,1466.0,3935.0,CC=F,USD,NYB
2003-07-21,1460.0,1492.0,1436.0,1463.0,1463.0,3286.0,CC=F,USD,NYB
2003-07-22,1445.0,1461.0,1425.0,1427.0,1427.0,2321.0,CC=F,USD,NYB
2003-07-23,1421.0,1457.0,1420.0,1445.0,1445.0,2341.0,CC=F,USD,NYB
2003-07-24,1446.0,1482.0,1445.0,1448.0,1448.0,3013.0,CC=F,USD,NYB
2003-07-25,1450.0,1486.0,1450.0,1464.0,1464.0,3500.0,CC=F,USD,NYB
2003-07-28,1444.0,1464.0,1425.0,1432.0,1432.0,3918.0,CC=F,USD,NYB
2003-07-29,1420.0,1485.0,1420.0,1478.0,1478.0,3599.0,CC=F,USD,NYB
2003-07-30,1472.0,1498.0,1470.0,1485.0,1485.0,3903.0,CC=F,USD,NYB
2003-07-31,1473.0,1496.0,1460.0,1465.0,1465.0,2928.0,CC=F,USD,NYB
2003-08-01,1455.0,1480.0,1450.0,1465.0,1465.0,3516.0,CC=F,USD,NYB
2003-08-04,1475.0,1485.0,1450.0,1476.0,1476.0,2510.0,CC=F,USD,NYB
2003-08-05,1478.0,1486.0,1458.0,1469.0,1469.0,6637.0,CC=F,USD,NYB
2003-08-06,1472.0,1522.0,1420.0,1435.0,1435.0,4118.0,CC=F,USD,NYB
2003-08-07,1455.0,1488.0,1447.0,1462.0,1462.0,7254.0,CC=F,USD,NYB
2003-08-08,1470.0,1502.0,1470.0,1489.0,1489.0,10154.0,CC=F,USD,NYB
2003-08-11,1489.0,1515.0,1474.0,1513.0,1513.0,7413.0,CC=F,USD,NYB
2003-08-12,1508.0,1548.0,1495.0,1495.0,1495.0,4097.0,CC=F,USD,NYB
2003-08-13,1495.0,1525.0,1487.0,1515.0,1515.0,0.0,CC=F,USD,NYB
2003-08-14,1512.0,1520.0,1501.0,1510.0,1510.0,2107.0,CC=F,USD,NYB
2003-08-15,1512.0,1515.0,1481.0,1487.0,1487.0,827.0,CC=F,USD,NYB
2003-08-18,1483.0,1555.0,1482.0,1551.0,1551.0,261.0,CC=F,USD,NYB
2003-08-19,1550.0,1588.0,1548.0,1550.0,1550.0,372.0,CC=F,USD,NYB
2003-08-20,1560.0,1600.0,1555.0,1598.0,1598.0,351.0,CC=F,USD,NYB
2003-08-21,1610.0,1663.0,1605.0,1659.0,1659.0,213.0,CC=F,USD,NYB
2003-08-22,1665.0,1688.0,1645.0,1679.0,1679.0,80.0,CC=F,USD,NYB
2003-08-25,1675.0,1730.0,1671.0,1728.0,1728.0,164.0,CC=F,USD,NYB
2003-08-26,1738.0,1790.0,1716.0,1790.0,1790.0,136.0,CC=F,USD,NYB
2003-08-27,1780.0,1810.0,1752.0,1753.0,1753.0,44.0,CC=F,USD,NYB
2003-08-28,1770.0,1820.0,1770.0,1808.0,1808.0,25.0,CC=F,USD,NYB
2003-08-29,1800.0,1820.0,1800.0,1820.0,1820.0,17.0,CC=F,USD,NYB
2003-09-02,1765.0,1797.0,1765.0,1792.0,1792.0,131.0,CC=F,USD,NYB
2003-09-03,1750.0,1750.0,1727.0,1729.0,1729.0,22.0,CC=F,USD,NYB
2003-09-04,1730.0,1778.0,1730.0,1774.0,1774.0,16.0,CC=F,USD,NYB
2003-09-05,1779.0,1779.0,1765.0,1770.0,1770.0,8.0,CC=F,USD,NYB
2003-09-08,1760.0,1777.0,1760.0,1766.0,1766.0,28.0,CC=F,USD,NYB
2003-09-09,1773.0,1773.0,1738.0,1738.0,1738.0,53.0,CC=F,USD,NYB
2003-09-10,1729.0,1729.0,1670.0,1698.0,1698.0,18.0,CC=F,USD,NYB
2003-09-11,1680.0,1680.0,1588.0,1588.0,1588.0,7.0,CC=F,USD,NYB
2003-09-12,1550.0,1562.0,1550.0,1559.0,1559.0,0.0,CC=F,USD,NYB
2003-09-15,1562.0,1562.0,1562.0,1562.0,1562.0,4172.0,CC=F,USD,NYB
2003-09-16,1500.0,1505.0,1467.0,1470.0,1470.0,3900.0,CC=F,USD,NYB
2003-09-17,1480.0,1526.0,1475.0,1515.0,1515.0,4845.0,CC=F,USD,NYB
2003-09-18,1507.0,1510.0,1469.0,1478.0,1478.0,3435.0,CC=F,USD,NYB
2003-09-19,1480.0,1530.0,1478.0,1519.0,1519.0,3465.0,CC=F,USD,NYB
2003-09-22,1519.0,1535.0,1488.0,1503.0,1503.0,7337.0,CC=F,USD,NYB
2003-09-23,1555.0,1625.0,1555.0,1603.0,1603.0,5260.0,CC=F,USD,NYB
2003-09-24,1582.0,1645.0,1555.0,1637.0,1637.0,5420.0,CC=F,USD,NYB
2003-09-25,1680.0,1708.0,1656.0,1663.0,1663.0,4486.0,CC=F,USD,NYB
2003-09-26,1625.0,1625.0,1595.0,1602.0,1602.0,3576.0,CC=F,USD,NYB
2003-09-29,1580.0,1609.0,1571.0,1605.0,1605.0,3593.0,CC=F,USD,NYB
2003-09-30,1615.0,1648.0,1615.0,1626.0,1626.0,4963.0,CC=F,USD,NYB
2003-10-01,1611.0,1643.0,1555.0,1563.0,1563.0,4634.0,CC=F,USD,NYB
2003-10-02,1545.0,1562.0,1533.0,1554.0,1554.0,1934.0,CC=F,USD,NYB
2003-10-03,1565.0,1575.0,1547.0,1560.0,1560.0,2933.0,CC=F,USD,NYB
2003-10-06,1550.0,1572.0,1520.0,1546.0,1546.0,2056.0,CC=F,USD,NYB
2003-10-07,1540.0,1574.0,1533.0,1549.0,1549.0,8646.0,CC=F,USD,NYB
2003-10-08,1560.0,1572.0,1451.0,1456.0,1456.0,6977.0,CC=F,USD,NYB
2003-10-09,1460.0,1476.0,1445.0,1466.0,1466.0,4510.0,CC=F,USD,NYB
2003-10-10,1475.0,1490.0,1445.0,1460.0,1460.0,4625.0,CC=F,USD,NYB
2003-10-13,1430.0,1519.0,1428.0,1490.0,1490.0,3167.0,CC=F,USD,NYB
2003-10-14,1477.0,1490.0,1457.0,1460.0,1460.0,2530.0,CC=F,USD,NYB
2003-10-15,1465.0,1498.0,1462.0,1480.0,1480.0,2531.0,CC=F,USD,NYB
2003-10-16,1475.0,1477.0,1446.0,1458.0,1458.0,12891.0,CC=F,USD,NYB
2003-10-17,1448.0,1474.0,1360.0,1367.0,1367.0,6221.0,CC=F,USD,NYB
2003-10-20,1367.0,1405.0,1364.0,1385.0,1385.0,3290.0,CC=F,USD,NYB
2003-10-21,1405.0,1415.0,1395.0,1407.0,1407.0,6004.0,CC=F,USD,NYB
2003-10-22,1417.0,1426.0,1372.0,1387.0,1387.0,4814.0,CC=F,USD,NYB
2003-10-23,1399.0,1440.0,1390.0,1409.0,1409.0,2726.0,CC=F,USD,NYB
2003-10-24,1409.0,1438.0,1392.0,1432.0,1432.0,3279.0,CC=F,USD,NYB
2003-10-27,1437.0,1447.0,1410.0,1420.0,1420.0,2396.0,CC=F,USD,NYB
2003-10-28,1422.0,1437.0,1404.0,1411.0,1411.0,2169.0,CC=F,USD,NYB
2003-10-29,1425.0,1440.0,1413.0,1431.0,1431.0,3848.0,CC=F,USD,NYB
2003-10-30,1431.0,1445.0,1410.0,1429.0,1429.0,9407.0,CC=F,USD,NYB
2003-10-31,1429.0,1470.0,1395.0,1440.0,1440.0,3157.0,CC=F,USD,NYB
2003-11-03,1430.0,1442.0,1418.0,1422.0,1422.0,6482.0,CC=F,USD,NYB
2003-11-04,1410.0,1452.0,1403.0,1442.0,1442.0,5697.0,CC=F,USD,NYB
2003-11-05,1450.0,1500.0,1445.0,1471.0,1471.0,9155.0,CC=F,USD,NYB
2003-11-06,1475.0,1483.0,1455.0,1466.0,1466.0,11110.0,CC=F,USD,NYB
2003-11-07,1460.0,1515.0,1446.0,1499.0,1499.0,6685.0,CC=F,USD,NYB
2003-11-10,1485.0,1494.0,1440.0,1448.0,1448.0,8478.0,CC=F,USD,NYB
2003-11-11,1459.0,1472.0,1448.0,1469.0,1469.0,7037.0,CC=F,USD,NYB
2003-11-12,1469.0,1550.0,1446.0,1526.0,1526.0,1731.0,CC=F,USD,NYB
2003-11-13,1525.0,1580.0,1513.0,1558.0,1558.0,486.0,CC=F,USD,NYB
2003-11-14,1570.0,1592.0,1560.0,1589.0,1589.0,186.0,CC=F,USD,NYB
2003-11-17,1589.0,1592.0,1550.0,1555.0,1555.0,95.0,CC=F,USD,NYB
2003-11-18,1555.0,1585.0,1533.0,1533.0,1533.0,62.0,CC=F,USD,NYB
2003-11-19,1540.0,1574.0,1540.0,1563.0,1563.0,125.0,CC=F,USD,NYB
2003-11-20,1570.0,1580.0,1547.0,1553.0,1553.0,55.0,CC=F,USD,NYB
2003-11-21,1543.0,1562.0,1504.0,1504.0,1504.0,46.0,CC=F,USD,NYB
2003-11-24,1505.0,1513.0,1485.0,1492.0,1492.0,67.0,CC=F,USD,NYB
2003-11-25,1490.0,1490.0,1440.0,1441.0,1441.0,0.0,CC=F,USD,NYB
2003-11-26,1435.0,1450.0,1435.0,1446.0,1446.0,35.0,CC=F,USD,NYB
2003-12-01,1540.0,1553.0,1497.0,1547.0,1547.0,2.0,CC=F,USD,NYB
2003-12-02,1550.0,1550.0,1535.0,1535.0,1535.0,0.0,CC=F,USD,NYB
2003-12-03,1571.0,1571.0,1571.0,1571.0,1571.0,6.0,CC=F,USD,NYB
2003-12-04,1595.0,1604.0,1595.0,1600.0,1600.0,4.0,CC=F,USD,NYB
2003-12-05,1600.0,1600.0,1585.0,1585.0,1585.0,2.0,CC=F,USD,NYB
2003-12-08,1591.0,1613.0,1591.0,1613.0,1613.0,31.0,CC=F,USD,NYB
2003-12-09,1690.0,1730.0,1676.0,1730.0,1730.0,28.0,CC=F,USD,NYB
2003-12-10,1800.0,1800.0,1698.0,1698.0,1698.0,31.0,CC=F,USD,NYB
2003-12-11,1635.0,1661.0,1635.0,1661.0,1661.0,0.0,CC=F,USD,NYB
2003-12-12,1644.0,1644.0,1644.0,1644.0,1644.0,2592.0,CC=F,USD,NYB
2003-12-15,1649.0,1667.0,1633.0,1637.0,1637.0,5672.0,CC=F,USD,NYB
2003-12-16,1600.0,1605.0,1562.0,1573.0,1573.0,2591.0,CC=F,USD,NYB
2003-12-17,1570.0,1622.0,1563.0,1590.0,1590.0,3155.0,CC=F,USD,NYB
2003-12-18,1595.0,1595.0,1568.0,1583.0,1583.0,4298.0,CC=F,USD,NYB
2003-12-19,1578.0,1582.0,1554.0,1572.0,1572.0,3006.0,CC=F,USD,NYB
2003-12-22,1570.0,1596.0,1550.0,1551.0,1551.0,2277.0,CC=F,USD,NYB
2003-12-23,1545.0,1560.0,1538.0,1544.0,1544.0,0.0,CC=F,USD,NYB
2003-12-24,1546.0,1560.0,1536.0,1559.0,1559.0,2155.0,CC=F,USD,NYB
2003-12-29,1540.0,1567.0,1532.0,1548.0,1548.0,1338.0,CC=F,USD,NYB
2003-12-30,1547.0,1549.0,1535.0,1537.0,1537.0,0.0,CC=F,USD,NYB
2003-12-31,1545.0,1557.0,1500.0,1515.0,1515.0,9299.0,CC=F,USD,NYB
2004-01-05,1500.0,1506.0,1456.0,1474.0,1474.0,8069.0,CC=F,USD,NYB
2004-01-06,1505.0,1580.0,1498.0,1550.0,1550.0,7999.0,CC=F,USD,NYB
2004-01-07,1530.0,1650.0,1529.0,1642.0,1642.0,3566.0,CC=F,USD,NYB
2004-01-08,1635.0,1650.0,1602.0,1611.0,1611.0,4637.0,CC=F,USD,NYB
2004-01-09,1660.0,1698.0,1656.0,1671.0,1671.0,3963.0,CC=F,USD,NYB
2004-01-12,1660.0,1668.0,1631.0,1665.0,1665.0,3742.0,CC=F,USD,NYB
2004-01-13,1650.0,1685.0,1626.0,1641.0,1641.0,4121.0,CC=F,USD,NYB
2004-01-14,1605.0,1619.0,1586.0,1608.0,1608.0,4173.0,CC=F,USD,NYB
2004-01-15,1600.0,1629.0,1595.0,1605.0,1605.0,6186.0,CC=F,USD,NYB
2004-01-16,1620.0,1636.0,1590.0,1597.0,1597.0,5895.0,CC=F,USD,NYB
2004-01-20,1650.0,1660.0,1580.0,1589.0,1589.0,3023.0,CC=F,USD,NYB
2004-01-21,1620.0,1635.0,1595.0,1632.0,1632.0,5784.0,CC=F,USD,NYB
2004-01-22,1665.0,1683.0,1647.0,1678.0,1678.0,4692.0,CC=F,USD,NYB
2004-01-23,1650.0,1657.0,1606.0,1609.0,1609.0,4295.0,CC=F,USD,NYB
2004-01-26,1600.0,1635.0,1571.0,1604.0,1604.0,2348.0,CC=F,USD,NYB
2004-01-27,1585.0,1603.0,1575.0,1589.0,1589.0,6833.0,CC=F,USD,NYB
2004-01-28,1560.0,1573.0,1520.0,1525.0,1525.0,3593.0,CC=F,USD,NYB
2004-01-29,1530.0,1549.0,1526.0,1537.0,1537.0,5062.0,CC=F,USD,NYB
2004-01-30,1535.0,1560.0,1515.0,1520.0,1520.0,3357.0,CC=F,USD,NYB
2004-02-02,1510.0,1535.0,1504.0,1530.0,1530.0,6129.0,CC=F,USD,NYB
2004-02-03,1550.0,1605.0,1548.0,1600.0,1600.0,6520.0,CC=F,USD,NYB
2004-02-04,1610.0,1615.0,1578.0,1581.0,1581.0,5158.0,CC=F,USD,NYB
2004-02-05,1588.0,1614.0,1577.0,1600.0,1600.0,7613.0,CC=F,USD,NYB
2004-02-06,1580.0,1604.0,1540.0,1543.0,1543.0,7346.0,CC=F,USD,NYB
2004-02-09,1555.0,1561.0,1508.0,1510.0,1510.0,8252.0,CC=F,USD,NYB
2004-02-10,1518.0,1534.0,1496.0,1530.0,1530.0,4992.0,CC=F,USD,NYB
2004-02-11,1525.0,1532.0,1508.0,1519.0,1519.0,5373.0,CC=F,USD,NYB
2004-02-12,1516.0,1555.0,1515.0,1542.0,1542.0,906.0,CC=F,USD,NYB
2004-02-13,1542.0,1553.0,1493.0,1536.0,1536.0,150.0,CC=F,USD,NYB
2004-02-17,1535.0,1575.0,1515.0,1539.0,1539.0,152.0,CC=F,USD,NYB
2004-02-18,1541.0,1541.0,1516.0,1526.0,1526.0,197.0,CC=F,USD,NYB
2004-02-19,1499.0,1499.0,1460.0,1466.0,1466.0,45.0,CC=F,USD,NYB
2004-02-20,1458.0,1470.0,1444.0,1450.0,1450.0,52.0,CC=F,USD,NYB
2004-02-23,1450.0,1465.0,1446.0,1447.0,1447.0,69.0,CC=F,USD,NYB
2004-02-24,1440.0,1493.0,1436.0,1484.0,1484.0,7.0,CC=F,USD,NYB
2004-02-25,1484.0,1512.0,1484.0,1512.0,1512.0,20.0,CC=F,USD,NYB
2004-02-26,1540.0,1576.0,1535.0,1576.0,1576.0,25.0,CC=F,USD,NYB
2004-02-27,1580.0,1585.0,1560.0,1570.0,1570.0,1.0,CC=F,USD,NYB
2004-03-01,1516.0,1552.0,1516.0,1552.0,1552.0,25.0,CC=F,USD,NYB
2004-03-02,1545.0,1545.0,1520.0,1520.0,1520.0,25.0,CC=F,USD,NYB
2004-03-03,1495.0,1495.0,1483.0,1483.0,1483.0,4.0,CC=F,USD,NYB
2004-03-04,1480.0,1494.0,1462.0,1467.0,1467.0,1.0,CC=F,USD,NYB
2004-03-05,1485.0,1485.0,1451.0,1451.0,1451.0,4.0,CC=F,USD,NYB
2004-03-08,1455.0,1465.0,1452.0,1452.0,1452.0,7.0,CC=F,USD,NYB
2004-03-09,1426.0,1438.0,1425.0,1438.0,1438.0,0.0,CC=F,USD,NYB
2004-03-10,1379.0,1379.0,1379.0,1379.0,1379.0,0.0,CC=F,USD,NYB
2004-03-11,1396.0,1396.0,1396.0,1396.0,1396.0,9.0,CC=F,USD,NYB
2004-03-12,1375.0,1402.0,1328.0,1402.0,1402.0,11.0,CC=F,USD,NYB
2004-03-15,1410.0,1428.0,1410.0,1428.0,1428.0,0.0,CC=F,USD,NYB
2004-03-16,1444.0,1444.0,1444.0,1444.0,1444.0,4427.0,CC=F,USD,NYB
2004-03-17,1465.0,1479.0,1418.0,1431.0,1431.0,4148.0,CC=F,USD,NYB
2004-03-18,1470.0,1479.0,1450.0,1451.0,1451.0,2156.0,CC=F,USD,NYB
2004-03-19,1448.0,1451.0,1429.0,1441.0,1441.0,6920.0,CC=F,USD,NYB
2004-03-22,1468.0,1507.0,1465.0,1493.0,1493.0,3643.0,CC=F,USD,NYB
2004-03-23,1485.0,1494.0,1476.0,1479.0,1479.0,3569.0,CC=F,USD,NYB
2004-03-24,1495.0,1511.0,1482.0,1483.0,1483.0,4691.0,CC=F,USD,NYB
2004-03-25,1485.0,1510.0,1440.0,1462.0,1462.0,3601.0,CC=F,USD,NYB
2004-03-26,1475.0,1499.0,1453.0,1478.0,1478.0,2854.0,CC=F,USD,NYB
2004-03-29,1465.0,1476.0,1451.0,1471.0,1471.0,3287.0,CC=F,USD,NYB
2004-03-30,1468.0,1499.0,1465.0,1496.0,1496.0,14170.0,CC=F,USD,NYB
2004-03-31,1510.0,1555.0,1506.0,1549.0,1549.0,12367.0,CC=F,USD,NYB
2004-04-01,1540.0,1562.0,1512.0,1517.0,1517.0,14951.0,CC=F,USD,NYB
2004-04-02,1508.0,1514.0,1405.0,1418.0,1418.0,5688.0,CC=F,USD,NYB
2004-04-05,1416.0,1440.0,1413.0,1436.0,1436.0,4637.0,CC=F,USD,NYB
2004-04-06,1420.0,1435.0,1410.0,1432.0,1432.0,8815.0,CC=F,USD,NYB
2004-04-07,1420.0,1425.0,1376.0,1400.0,1400.0,5292.0,CC=F,USD,NYB
2004-04-08,1385.0,1410.0,1371.0,1402.0,1402.0,5950.0,CC=F,USD,NYB
2004-04-12,1410.0,1410.0,1374.0,1382.0,1382.0,6861.0,CC=F,USD,NYB
2004-04-13,1395.0,1395.0,1372.0,1375.0,1375.0,5399.0,CC=F,USD,NYB
2004-04-14,1375.0,1390.0,1365.0,1380.0,1380.0,4540.0,CC=F,USD,NYB
2004-04-15,1365.0,1376.0,1361.0,1366.0,1366.0,4161.0,CC=F,USD,NYB
2004-04-16,1350.0,1360.0,1330.0,1336.0,1336.0,966.0,CC=F,USD,NYB
2004-04-19,1336.0,1380.0,1331.0,1376.0,1376.0,107.0,CC=F,USD,NYB
2004-04-20,1355.0,1363.0,1330.0,1332.0,1332.0,84.0,CC=F,USD,NYB
2004-04-21,1315.0,1335.0,1310.0,1335.0,1335.0,31.0,CC=F,USD,NYB
2004-04-22,1341.0,1341.0,1328.0,1328.0,1328.0,72.0,CC=F,USD,NYB
2004-04-23,1356.0,1364.0,1343.0,1356.0,1356.0,50.0,CC=F,USD,NYB
2004-04-26,1385.0,1409.0,1385.0,1396.0,1396.0,2.0,CC=F,USD,NYB
2004-04-27,1385.0,1386.0,1378.0,1378.0,1378.0,10.0,CC=F,USD,NYB
2004-04-28,1390.0,1400.0,1390.0,1400.0,1400.0,15.0,CC=F,USD,NYB
2004-04-29,1400.0,1423.0,1400.0,1407.0,1407.0,11.0,CC=F,USD,NYB
2004-04-30,1410.0,1418.0,1410.0,1413.0,1413.0,18.0,CC=F,USD,NYB
2004-05-03,1405.0,1405.0,1377.0,1377.0,1377.0,24.0,CC=F,USD,NYB
2004-05-04,1357.0,1394.0,1357.0,1387.0,1387.0,0.0,CC=F,USD,NYB
2004-05-05,1354.0,1354.0,1354.0,1354.0,1354.0,24.0,CC=F,USD,NYB
2004-05-06,1360.0,1360.0,1357.0,1357.0,1357.0,0.0,CC=F,USD,NYB
2004-05-07,1352.0,1352.0,1352.0,1352.0,1352.0,6.0,CC=F,USD,NYB
2004-05-10,1355.0,1360.0,1354.0,1354.0,1354.0,1.0,CC=F,USD,NYB
2004-05-11,1355.0,1355.0,1354.0,1354.0,1354.0,2.0,CC=F,USD,NYB
2004-05-12,1372.0,1372.0,1354.0,1354.0,1354.0,0.0,CC=F,USD,NYB
2004-05-13,1330.0,1339.0,1330.0,1339.0,1339.0,8575.0,CC=F,USD,NYB
2004-05-14,1324.0,1332.0,1314.0,1322.0,1322.0,4644.0,CC=F,USD,NYB
2004-05-17,1330.0,1335.0,1310.0,1314.0,1314.0,7244.0,CC=F,USD,NYB
2004-05-18,1307.0,1323.0,1299.0,1320.0,1320.0,4916.0,CC=F,USD,NYB
2004-05-19,1340.0,1342.0,1324.0,1327.0,1327.0,17392.0,CC=F,USD,NYB
2004-05-20,1340.0,1430.0,1339.0,1416.0,1416.0,10712.0,CC=F,USD,NYB
2004-05-21,1410.0,1421.0,1360.0,1382.0,1382.0,4388.0,CC=F,USD,NYB
2004-05-24,1380.0,1387.0,1363.0,1368.0,1368.0,4497.0,CC=F,USD,NYB
2004-05-25,1372.0,1398.0,1372.0,1396.0,1396.0,5210.0,CC=F,USD,NYB
2004-05-26,1396.0,1398.0,1370.0,1383.0,1383.0,8530.0,CC=F,USD,NYB
2004-05-27,1390.0,1439.0,1390.0,1437.0,1437.0,14440.0,CC=F,USD,NYB
2004-05-28,1439.0,1476.0,1426.0,1465.0,1465.0,8554.0,CC=F,USD,NYB
2004-06-01,1450.0,1454.0,1405.0,1423.0,1423.0,13305.0,CC=F,USD,NYB
2004-06-02,1415.0,1428.0,1338.0,1342.0,1342.0,8758.0,CC=F,USD,NYB
2004-06-03,1340.0,1368.0,1331.0,1346.0,1346.0,8848.0,CC=F,USD,NYB
2004-06-04,1351.0,1352.0,1326.0,1334.0,1334.0,6265.0,CC=F,USD,NYB
2004-06-07,1338.0,1342.0,1318.0,1333.0,1333.0,9565.0,CC=F,USD,NYB
2004-06-08,1360.0,1390.0,1352.0,1357.0,1357.0,9642.0,CC=F,USD,NYB
2004-06-09,1355.0,1368.0,1345.0,1361.0,1361.0,0.0,CC=F,USD,NYB
2004-06-10,1351.0,1359.0,1342.0,1347.0,1347.0,7832.0,CC=F,USD,NYB
2004-06-14,1330.0,1337.0,1322.0,1324.0,1324.0,5956.0,CC=F,USD,NYB
2004-06-15,1340.0,1360.0,1334.0,1337.0,1337.0,6554.0,CC=F,USD,NYB
2004-06-16,1345.0,1380.0,1338.0,1355.0,1355.0,355.0,CC=F,USD,NYB
2004-06-17,1343.0,1357.0,1337.0,1350.0,1350.0,169.0,CC=F,USD,NYB
2004-06-18,1338.0,1368.0,1330.0,1335.0,1335.0,86.0,CC=F,USD,NYB
2004-06-21,1325.0,1348.0,1325.0,1343.0,1343.0,57.0,CC=F,USD,NYB
2004-06-22,1330.0,1336.0,1327.0,1336.0,1336.0,5.0,CC=F,USD,NYB
2004-06-23,1342.0,1342.0,1329.0,1339.0,1339.0,17.0,CC=F,USD,NYB
2004-06-24,1340.0,1340.0,1327.0,1329.0,1329.0,162.0,CC=F,USD,NYB
2004-06-25,1325.0,1365.0,1325.0,1360.0,1360.0,10.0,CC=F,USD,NYB
2004-06-28,1365.0,1390.0,1355.0,1378.0,1378.0,33.0,CC=F,USD,NYB
2004-06-29,1370.0,1380.0,1360.0,1380.0,1380.0,3.0,CC=F,USD,NYB
2004-06-30,1364.0,1370.0,1336.0,1336.0,1336.0,19.0,CC=F,USD,NYB
2004-07-01,1329.0,1331.0,1328.0,1328.0,1328.0,13.0,CC=F,USD,NYB
2004-07-02,1300.0,1312.0,1300.0,1312.0,1312.0,17.0,CC=F,USD,NYB
2004-07-06,1340.0,1340.0,1338.0,1338.0,1338.0,0.0,CC=F,USD,NYB
2004-07-07,1414.0,1414.0,1414.0,1414.0,1414.0,1.0,CC=F,USD,NYB
2004-07-08,1461.0,1461.0,1420.0,1420.0,1420.0,20.0,CC=F,USD,NYB
2004-07-09,1417.0,1417.0,1417.0,1417.0,1417.0,3.0,CC=F,USD,NYB
2004-07-12,1425.0,1440.0,1425.0,1440.0,1440.0,3.0,CC=F,USD,NYB
2004-07-13,1434.0,1443.0,1434.0,1442.0,1442.0,2.0,CC=F,USD,NYB
2004-07-14,1458.0,1498.0,1458.0,1498.0,1498.0,0.0,CC=F,USD,NYB
2004-07-15,1505.0,1543.0,1505.0,1541.0,1541.0,6924.0,CC=F,USD,NYB
2004-07-16,1531.0,1545.0,1520.0,1528.0,1528.0,7493.0,CC=F,USD,NYB
2004-07-19,1545.0,1572.0,1544.0,1566.0,1566.0,5066.0,CC=F,USD,NYB
2004-07-20,1560.0,1570.0,1546.0,1550.0,1550.0,12462.0,CC=F,USD,NYB
2004-07-21,1543.0,1606.0,1530.0,1604.0,1604.0,9215.0,CC=F,USD,NYB
2004-07-22,1610.0,1625.0,1540.0,1622.0,1622.0,6540.0,CC=F,USD,NYB
2004-07-23,1630.0,1639.0,1612.0,1620.0,1620.0,3639.0,CC=F,USD,NYB
2004-07-26,1620.0,1620.0,1575.0,1594.0,1594.0,4606.0,CC=F,USD,NYB
2004-07-27,1606.0,1616.0,1580.0,1604.0,1604.0,6265.0,CC=F,USD,NYB
2004-07-28,1625.0,1662.0,1625.0,1658.0,1658.0,5728.0,CC=F,USD,NYB
2004-07-29,1650.0,1672.0,1632.0,1663.0,1663.0,5406.0,CC=F,USD,NYB
2004-07-30,1642.0,1660.0,1620.0,1645.0,1645.0,7720.0,CC=F,USD,NYB
2004-08-02,1685.0,1705.0,1669.0,1692.0,1692.0,7261.0,CC=F,USD,NYB
2004-08-03,1708.0,1732.0,1680.0,1723.0,1723.0,5959.0,CC=F,USD,NYB
2004-08-04,1728.0,1738.0,1700.0,1727.0,1727.0,5348.0,CC=F,USD,NYB
2004-08-05,1690.0,1709.0,1673.0,1703.0,1703.0,12924.0,CC=F,USD,NYB
2004-08-06,1635.0,1648.0,1595.0,1610.0,1610.0,6455.0,CC=F,USD,NYB
2004-08-09,1628.0,1634.0,1598.0,1615.0,1615.0,10531.0,CC=F,USD,NYB
2004-08-10,1618.0,1660.0,1618.0,1653.0,1653.0,18843.0,CC=F,USD,NYB
2004-08-11,1658.0,1664.0,1575.0,1581.0,1581.0,7233.0,CC=F,USD,NYB
2004-08-12,1585.0,1638.0,1581.0,1616.0,1616.0,4682.0,CC=F,USD,NYB
2004-08-13,1612.0,1633.0,1604.0,1627.0,1627.0,6326.0,CC=F,USD,NYB
2004-08-16,1637.0,1638.0,1562.0,1574.0,1574.0,3448.0,CC=F,USD,NYB
2004-08-17,1570.0,1593.0,1530.0,1577.0,1577.0,1432.0,CC=F,USD,NYB
2004-08-18,1630.0,1650.0,1602.0,1608.0,1608.0,217.0,CC=F,USD,NYB
2004-08-19,1660.0,1717.0,1650.0,1698.0,1698.0,57.0,CC=F,USD,NYB
2004-08-20,1697.0,1730.0,1690.0,1713.0,1713.0,881.0,CC=F,USD,NYB
2004-08-23,1700.0,1735.0,1688.0,1734.0,1734.0,82.0,CC=F,USD,NYB
2004-08-24,1720.0,1720.0,1658.0,1679.0,1679.0,138.0,CC=F,USD,NYB
2004-08-25,1660.0,1670.0,1645.0,1658.0,1658.0,109.0,CC=F,USD,NYB
2004-08-26,1650.0,1695.0,1645.0,1685.0,1685.0,29.0,CC=F,USD,NYB
2004-08-27,1700.0,1709.0,1690.0,1700.0,1700.0,21.0,CC=F,USD,NYB
2004-08-30,1685.0,1709.0,1685.0,1709.0,1709.0,26.0,CC=F,USD,NYB
2004-08-31,1687.0,1687.0,1650.0,1682.0,1682.0,199.0,CC=F,USD,NYB
2004-09-01,1640.0,1640.0,1590.0,1591.0,1591.0,4.0,CC=F,USD,NYB
2004-09-02,1589.0,1597.0,1580.0,1584.0,1584.0,29.0,CC=F,USD,NYB
2004-09-03,1580.0,1580.0,1555.0,1567.0,1567.0,123.0,CC=F,USD,NYB
2004-09-07,1550.0,1550.0,1473.0,1475.0,1475.0,17.0,CC=F,USD,NYB
2004-09-08,1473.0,1484.0,1473.0,1484.0,1484.0,4.0,CC=F,USD,NYB
2004-09-09,1475.0,1475.0,1472.0,1472.0,1472.0,23.0,CC=F,USD,NYB
2004-09-10,1463.0,1465.0,1455.0,1455.0,1455.0,24.0,CC=F,USD,NYB
2004-09-13,1470.0,1470.0,1436.0,1436.0,1436.0,3.0,CC=F,USD,NYB
2004-09-14,1460.0,1462.0,1460.0,1461.0,1461.0,0.0,CC=F,USD,NYB
2004-09-15,1460.0,1460.0,1460.0,1460.0,1460.0,4664.0,CC=F,USD,NYB
2004-09-16,1470.0,1470.0,1448.0,1453.0,1453.0,3793.0,CC=F,USD,NYB
2004-09-17,1458.0,1468.0,1452.0,1461.0,1461.0,3563.0,CC=F,USD,NYB
2004-09-20,1469.0,1488.0,1462.0,1474.0,1474.0,3584.0,CC=F,USD,NYB
2004-09-21,1469.0,1494.0,1466.0,1492.0,1492.0,5618.0,CC=F,USD,NYB
2004-09-22,1526.0,1543.0,1511.0,1526.0,1526.0,3401.0,CC=F,USD,NYB
2004-09-23,1527.0,1530.0,1500.0,1522.0,1522.0,5801.0,CC=F,USD,NYB
2004-09-24,1515.0,1515.0,1445.0,1458.0,1458.0,3280.0,CC=F,USD,NYB
2004-09-27,1458.0,1468.0,1450.0,1455.0,1455.0,3491.0,CC=F,USD,NYB
2004-09-28,1455.0,1470.0,1443.0,1445.0,1445.0,7708.0,CC=F,USD,NYB
2004-09-29,1438.0,1453.0,1431.0,1449.0,1449.0,6395.0,CC=F,USD,NYB
2004-09-30,1455.0,1475.0,1439.0,1453.0,1453.0,3262.0,CC=F,USD,NYB
2004-10-01,1440.0,1460.0,1438.0,1450.0,1450.0,5078.0,CC=F,USD,NYB
2004-10-04,1443.0,1459.0,1422.0,1424.0,1424.0,4774.0,CC=F,USD,NYB
2004-10-05,1411.0,1437.0,1410.0,1424.0,1424.0,4744.0,CC=F,USD,NYB
2004-10-06,1415.0,1419.0,1402.0,1406.0,1406.0,5005.0,CC=F,USD,NYB
2004-10-07,1396.0,1408.0,1390.0,1391.0,1391.0,4836.0,CC=F,USD,NYB
2004-10-08,1410.0,1450.0,1404.0,1425.0,1425.0,4596.0,CC=F,USD,NYB
2004-10-11,1431.0,1465.0,1422.0,1460.0,1460.0,4166.0,CC=F,USD,NYB
2004-10-12,1445.0,1459.0,1426.0,1440.0,1440.0,2996.0,CC=F,USD,NYB
2004-10-13,1440.0,1450.0,1427.0,1435.0,1435.0,5698.0,CC=F,USD,NYB
2004-10-14,1451.0,1480.0,1444.0,1457.0,1457.0,3105.0,CC=F,USD,NYB
2004-10-15,1452.0,1469.0,1440.0,1447.0,1447.0,2297.0,CC=F,USD,NYB
2004-10-18,1447.0,1468.0,1446.0,1456.0,1456.0,5101.0,CC=F,USD,NYB
2004-10-19,1470.0,1478.0,1434.0,1440.0,1440.0,3735.0,CC=F,USD,NYB
2004-10-20,1432.0,1442.0,1424.0,1427.0,1427.0,3069.0,CC=F,USD,NYB
2004-10-21,1432.0,1444.0,1431.0,1434.0,1434.0,3032.0,CC=F,USD,NYB
2004-10-22,1448.0,1463.0,1442.0,1448.0,1448.0,1946.0,CC=F,USD,NYB
2004-10-25,1448.0,1457.0,1442.0,1449.0,1449.0,2314.0,CC=F,USD,NYB
2004-10-26,1448.0,1461.0,1446.0,1457.0,1457.0,3067.0,CC=F,USD,NYB
2004-10-27,1477.0,1478.0,1465.0,1470.0,1470.0,4621.0,CC=F,USD,NYB
2004-10-28,1483.0,1500.0,1481.0,1485.0,1485.0,5885.0,CC=F,USD,NYB
2004-10-29,1498.0,1500.0,1455.0,1469.0,1469.0,5455.0,CC=F,USD,NYB
2004-11-01,1469.0,1469.0,1451.0,1453.0,1453.0,3157.0,CC=F,USD,NYB
2004-11-02,1456.0,1467.0,1451.0,1453.0,1453.0,8613.0,CC=F,USD,NYB
2004-11-03,1462.0,1470.0,1453.0,1460.0,1460.0,14773.0,CC=F,USD,NYB
2004-11-04,1520.0,1570.0,1518.0,1568.0,1568.0,17879.0,CC=F,USD,NYB
2004-11-05,1580.0,1638.0,1572.0,1633.0,1633.0,16649.0,CC=F,USD,NYB
2004-11-08,1810.0,1810.0,1756.0,1792.0,1792.0,12177.0,CC=F,USD,NYB
2004-11-09,1740.0,1830.0,1725.0,1806.0,1806.0,9392.0,CC=F,USD,NYB
2004-11-10,1820.0,1825.0,1695.0,1701.0,1701.0,7833.0,CC=F,USD,NYB
2004-11-11,1692.0,1755.0,1691.0,1740.0,1740.0,7339.0,CC=F,USD,NYB
2004-11-12,1732.0,1745.0,1665.0,1694.0,1694.0,245.0,CC=F,USD,NYB
2004-11-15,1714.0,1755.0,1706.0,1751.0,1751.0,125.0,CC=F,USD,NYB
2004-11-16,1740.0,1740.0,1682.0,1689.0,1689.0,135.0,CC=F,USD,NYB
2004-11-17,1665.0,1665.0,1610.0,1616.0,1616.0,62.0,CC=F,USD,NYB
2004-11-18,1625.0,1650.0,1611.0,1611.0,1611.0,66.0,CC=F,USD,NYB
2004-11-19,1600.0,1625.0,1590.0,1602.0,1602.0,27.0,CC=F,USD,NYB
2004-11-22,1590.0,1590.0,1562.0,1566.0,1566.0,12.0,CC=F,USD,NYB
2004-11-23,1590.0,1593.0,1579.0,1593.0,1593.0,22.0,CC=F,USD,NYB
2004-11-24,1580.0,1610.0,1580.0,1610.0,1610.0,24.0,CC=F,USD,NYB
2004-11-29,1605.0,1605.0,1575.0,1595.0,1595.0,6.0,CC=F,USD,NYB
2004-11-30,1640.0,1661.0,1640.0,1661.0,1661.0,9.0,CC=F,USD,NYB
2004-12-01,1681.0,1690.0,1641.0,1690.0,1690.0,32.0,CC=F,USD,NYB
2004-12-02,1695.0,1699.0,1672.0,1672.0,1672.0,82.0,CC=F,USD,NYB
2004-12-03,1676.0,1745.0,1676.0,1745.0,1745.0,133.0,CC=F,USD,NYB
2004-12-06,1758.0,1766.0,1754.0,1754.0,1754.0,10.0,CC=F,USD,NYB
2004-12-07,1754.0,1754.0,1725.0,1737.0,1737.0,16.0,CC=F,USD,NYB
2004-12-08,1710.0,1710.0,1650.0,1660.0,1660.0,0.0,CC=F,USD,NYB
2004-12-09,1648.0,1648.0,1648.0,1648.0,1648.0,1.0,CC=F,USD,NYB
2004-12-10,1660.0,1660.0,1660.0,1660.0,1660.0,1.0,CC=F,USD,NYB
2004-12-13,1640.0,1647.0,1640.0,1647.0,1647.0,6.0,CC=F,USD,NYB
2004-12-14,1656.0,1656.0,1613.0,1613.0,1613.0,0.0,CC=F,USD,NYB
2004-12-15,1682.0,1682.0,1682.0,1682.0,1682.0,3574.0,CC=F,USD,NYB
2004-12-16,1677.0,1680.0,1650.0,1654.0,1654.0,6091.0,CC=F,USD,NYB
2004-12-17,1628.0,1628.0,1596.0,1600.0,1600.0,3538.0,CC=F,USD,NYB
2004-12-20,1585.0,1600.0,1575.0,1591.0,1591.0,4025.0,CC=F,USD,NYB
2004-12-21,1585.0,1590.0,1569.0,1572.0,1572.0,5170.0,CC=F,USD,NYB
2004-12-22,1560.0,1601.0,1556.0,1587.0,1587.0,6557.0,CC=F,USD,NYB
2004-12-23,1588.0,1588.0,1550.0,1552.0,1552.0,2856.0,CC=F,USD,NYB
2004-12-27,1570.0,1570.0,1555.0,1564.0,1564.0,2794.0,CC=F,USD,NYB
2004-12-28,1564.0,1588.0,1556.0,1561.0,1561.0,5401.0,CC=F,USD,NYB
2004-12-29,1555.0,1574.0,1535.0,1539.0,1539.0,3975.0,CC=F,USD,NYB
2004-12-30,1550.0,1570.0,1540.0,1547.0,1547.0,3607.0,CC=F,USD,NYB
2005-01-03,1540.0,1554.0,1526.0,1527.0,1527.0,6174.0,CC=F,USD,NYB
2005-01-04,1525.0,1534.0,1518.0,1523.0,1523.0,4551.0,CC=F,USD,NYB
2005-01-05,1518.0,1540.0,1517.0,1526.0,1526.0,6444.0,CC=F,USD,NYB
2005-01-06,1520.0,1526.0,1506.0,1514.0,1514.0,11023.0,CC=F,USD,NYB
2005-01-07,1508.0,1511.0,1470.0,1473.0,1473.0,8392.0,CC=F,USD,NYB
2005-01-10,1470.0,1489.0,1464.0,1466.0,1466.0,8281.0,CC=F,USD,NYB
2005-01-11,1466.0,1482.0,1464.0,1468.0,1468.0,8582.0,CC=F,USD,NYB
2005-01-12,1477.0,1502.0,1477.0,1486.0,1486.0,8353.0,CC=F,USD,NYB
2005-01-13,1486.0,1515.0,1483.0,1505.0,1505.0,5542.0,CC=F,USD,NYB
2005-01-14,1490.0,1513.0,1490.0,1500.0,1500.0,4725.0,CC=F,USD,NYB
2005-01-18,1497.0,1507.0,1487.0,1496.0,1496.0,3620.0,CC=F,USD,NYB
2005-01-19,1496.0,1510.0,1483.0,1499.0,1499.0,2971.0,CC=F,USD,NYB
2005-01-20,1499.0,1512.0,1493.0,1498.0,1498.0,4361.0,CC=F,USD,NYB
2005-01-21,1495.0,1496.0,1475.0,1486.0,1486.0,6216.0,CC=F,USD,NYB
2005-01-24,1488.0,1530.0,1486.0,1526.0,1526.0,4682.0,CC=F,USD,NYB
2005-01-25,1520.0,1536.0,1518.0,1527.0,1527.0,9496.0,CC=F,USD,NYB
2005-01-26,1522.0,1583.0,1520.0,1575.0,1575.0,5684.0,CC=F,USD,NYB
2005-01-27,1580.0,1596.0,1565.0,1577.0,1577.0,4212.0,CC=F,USD,NYB
2005-01-28,1577.0,1586.0,1560.0,1562.0,1562.0,7409.0,CC=F,USD,NYB
2005-01-31,1540.0,1558.0,1523.0,1525.0,1525.0,7519.0,CC=F,USD,NYB
2005-02-01,1532.0,1567.0,1530.0,1561.0,1561.0,8606.0,CC=F,USD,NYB
2005-02-02,1575.0,1606.0,1575.0,1603.0,1603.0,10135.0,CC=F,USD,NYB
2005-02-03,1590.0,1609.0,1580.0,1594.0,1594.0,5730.0,CC=F,USD,NYB
2005-02-04,1585.0,1587.0,1562.0,1576.0,1576.0,9694.0,CC=F,USD,NYB
2005-02-07,1570.0,1621.0,1558.0,1615.0,1615.0,10116.0,CC=F,USD,NYB
2005-02-08,1608.0,1609.0,1578.0,1594.0,1594.0,7359.0,CC=F,USD,NYB
2005-02-09,1590.0,1598.0,1530.0,1534.0,1534.0,6972.0,CC=F,USD,NYB
2005-02-10,1545.0,1560.0,1535.0,1559.0,1559.0,6415.0,CC=F,USD,NYB
2005-02-11,1567.0,1573.0,1548.0,1550.0,1550.0,1043.0,CC=F,USD,NYB
2005-02-14,1558.0,1569.0,1532.0,1543.0,1543.0,411.0,CC=F,USD,NYB
2005-02-15,1542.0,1580.0,1542.0,1570.0,1570.0,192.0,CC=F,USD,NYB
2005-02-16,1562.0,1580.0,1556.0,1565.0,1565.0,79.0,CC=F,USD,NYB
2005-02-17,1560.0,1598.0,1560.0,1596.0,1596.0,89.0,CC=F,USD,NYB
2005-02-18,1601.0,1610.0,1588.0,1603.0,1603.0,81.0,CC=F,USD,NYB
2005-02-22,1596.0,1596.0,1566.0,1592.0,1592.0,34.0,CC=F,USD,NYB
2005-02-23,1588.0,1612.0,1585.0,1610.0,1610.0,30.0,CC=F,USD,NYB
2005-02-24,1615.0,1641.0,1605.0,1641.0,1641.0,2.0,CC=F,USD,NYB
2005-02-25,1620.0,1635.0,1620.0,1635.0,1635.0,46.0,CC=F,USD,NYB
2005-02-28,1645.0,1724.0,1645.0,1715.0,1715.0,131.0,CC=F,USD,NYB
2005-03-01,1705.0,1735.0,1705.0,1735.0,1735.0,1.0,CC=F,USD,NYB
2005-03-02,1678.0,1703.0,1678.0,1703.0,1703.0,3.0,CC=F,USD,NYB
2005-03-03,1710.0,1710.0,1710.0,1710.0,1710.0,6.0,CC=F,USD,NYB
2005-03-04,1703.0,1745.0,1703.0,1740.0,1740.0,2.0,CC=F,USD,NYB
2005-03-07,1757.0,1757.0,1756.0,1756.0,1756.0,4.0,CC=F,USD,NYB
2005-03-08,1763.0,1763.0,1749.0,1749.0,1749.0,21.0,CC=F,USD,NYB
2005-03-09,1723.0,1723.0,1723.0,1723.0,1723.0,4.0,CC=F,USD,NYB
2005-03-10,1715.0,1740.0,1715.0,1740.0,1740.0,1.0,CC=F,USD,NYB
2005-03-11,1810.0,1810.0,1791.0,1791.0,1791.0,12.0,CC=F,USD,NYB
2005-03-14,1785.0,1785.0,1768.0,1773.0,1773.0,0.0,CC=F,USD,NYB
2005-03-15,1782.0,1785.0,1782.0,1785.0,1785.0,6608.0,CC=F,USD,NYB
2005-03-16,1785.0,1835.0,1773.0,1829.0,1829.0,4787.0,CC=F,USD,NYB
2005-03-17,1840.0,1850.0,1815.0,1830.0,1830.0,3698.0,CC=F,USD,NYB
2005-03-18,1837.0,1849.0,1825.0,1844.0,1844.0,9634.0,CC=F,USD,NYB
2005-03-21,1820.0,1830.0,1725.0,1733.0,1733.0,3752.0,CC=F,USD,NYB
2005-03-22,1725.0,1748.0,1723.0,1731.0,1731.0,19589.0,CC=F,USD,NYB
2005-03-23,1635.0,1641.0,1575.0,1588.0,1588.0,12358.0,CC=F,USD,NYB
2005-03-24,1570.0,1588.0,1560.0,1584.0,1584.0,3378.0,CC=F,USD,NYB
2005-03-28,1570.0,1580.0,1561.0,1570.0,1570.0,4322.0,CC=F,USD,NYB
2005-03-29,1580.0,1593.0,1576.0,1581.0,1581.0,4250.0,CC=F,USD,NYB
2005-03-30,1576.0,1587.0,1571.0,1579.0,1579.0,6128.0,CC=F,USD,NYB
2005-03-31,1605.0,1626.0,1602.0,1613.0,1613.0,12025.0,CC=F,USD,NYB
2005-04-01,1636.0,1669.0,1558.0,1571.0,1571.0,5007.0,CC=F,USD,NYB
2005-04-04,1560.0,1595.0,1560.0,1588.0,1588.0,7685.0,CC=F,USD,NYB
2005-04-05,1570.0,1577.0,1553.0,1555.0,1555.0,16829.0,CC=F,USD,NYB
2005-04-06,1525.0,1570.0,1510.0,1555.0,1555.0,5640.0,CC=F,USD,NYB
2005-04-07,1548.0,1574.0,1530.0,1552.0,1552.0,3920.0,CC=F,USD,NYB
2005-04-08,1540.0,1568.0,1538.0,1565.0,1565.0,5370.0,CC=F,USD,NYB
2005-04-11,1570.0,1572.0,1536.0,1540.0,1540.0,6938.0,CC=F,USD,NYB
2005-04-12,1545.0,1560.0,1530.0,1555.0,1555.0,3986.0,CC=F,USD,NYB
2005-04-13,1555.0,1564.0,1545.0,1555.0,1555.0,6050.0,CC=F,USD,NYB
2005-04-14,1541.0,1547.0,1508.0,1515.0,1515.0,7530.0,CC=F,USD,NYB
2005-04-15,1510.0,1515.0,1483.0,1495.0,1495.0,531.0,CC=F,USD,NYB
2005-04-18,1500.0,1505.0,1480.0,1494.0,1494.0,269.0,CC=F,USD,NYB
2005-04-19,1500.0,1525.0,1495.0,1516.0,1516.0,59.0,CC=F,USD,NYB
2005-04-20,1506.0,1538.0,1505.0,1529.0,1529.0,103.0,CC=F,USD,NYB
2005-04-21,1529.0,1529.0,1501.0,1505.0,1505.0,34.0,CC=F,USD,NYB
2005-04-22,1495.0,1499.0,1457.0,1473.0,1473.0,4.0,CC=F,USD,NYB
2005-04-25,1472.0,1472.0,1450.0,1453.0,1453.0,48.0,CC=F,USD,NYB
2005-04-26,1460.0,1465.0,1443.0,1443.0,1443.0,16.0,CC=F,USD,NYB
2005-04-27,1443.0,1478.0,1443.0,1467.0,1467.0,5.0,CC=F,USD,NYB
2005-04-28,1474.0,1474.0,1455.0,1455.0,1455.0,5.0,CC=F,USD,NYB
2005-04-29,1475.0,1493.0,1459.0,1459.0,1459.0,0.0,CC=F,USD,NYB
2005-05-02,1475.0,1475.0,1475.0,1475.0,1475.0,2.0,CC=F,USD,NYB
2005-05-03,1480.0,1480.0,1462.0,1462.0,1462.0,1.0,CC=F,USD,NYB
2005-05-04,1462.0,1468.0,1462.0,1468.0,1468.0,2.0,CC=F,USD,NYB
2005-05-05,1468.0,1468.0,1452.0,1452.0,1452.0,0.0,CC=F,USD,NYB
2005-05-06,1456.0,1456.0,1456.0,1456.0,1456.0,0.0,CC=F,USD,NYB
2005-05-09,1461.0,1461.0,1461.0,1461.0,1461.0,0.0,CC=F,USD,NYB
2005-05-10,1469.0,1469.0,1469.0,1469.0,1469.0,2.0,CC=F,USD,NYB
2005-05-11,1478.0,1478.0,1463.0,1463.0,1463.0,0.0,CC=F,USD,NYB
2005-05-12,1444.0,1444.0,1444.0,1444.0,1444.0,0.0,CC=F,USD,NYB
2005-05-13,1402.0,1402.0,1402.0,1402.0,1402.0,5306.0,CC=F,USD,NYB
2005-05-16,1420.0,1454.0,1417.0,1451.0,1451.0,3514.0,CC=F,USD,NYB
2005-05-17,1448.0,1449.0,1435.0,1438.0,1438.0,3246.0,CC=F,USD,NYB
2005-05-18,1445.0,1458.0,1441.0,1453.0,1453.0,3874.0,CC=F,USD,NYB
2005-05-19,1458.0,1469.0,1435.0,1446.0,1446.0,2748.0,CC=F,USD,NYB
2005-05-20,1440.0,1450.0,1432.0,1440.0,1440.0,2512.0,CC=F,USD,NYB
2005-05-23,1457.0,1463.0,1452.0,1459.0,1459.0,4381.0,CC=F,USD,NYB
2005-05-24,1466.0,1468.0,1434.0,1436.0,1436.0,3796.0,CC=F,USD,NYB
2005-05-25,1440.0,1450.0,1427.0,1429.0,1429.0,4300.0,CC=F,USD,NYB
2005-05-26,1415.0,1427.0,1413.0,1415.0,1415.0,3623.0,CC=F,USD,NYB
2005-05-27,1417.0,1431.0,1412.0,1412.0,1412.0,5208.0,CC=F,USD,NYB
2005-05-31,1415.0,1425.0,1415.0,1422.0,1422.0,9462.0,CC=F,USD,NYB
2005-06-01,1412.0,1416.0,1392.0,1394.0,1394.0,6118.0,CC=F,USD,NYB
2005-06-02,1408.0,1423.0,1403.0,1420.0,1420.0,7788.0,CC=F,USD,NYB
2005-06-03,1433.0,1445.0,1419.0,1429.0,1429.0,5522.0,CC=F,USD,NYB
2005-06-06,1425.0,1432.0,1408.0,1421.0,1421.0,6029.0,CC=F,USD,NYB
2005-06-07,1427.0,1438.0,1417.0,1435.0,1435.0,11183.0,CC=F,USD,NYB
2005-06-08,1435.0,1451.0,1429.0,1431.0,1431.0,11965.0,CC=F,USD,NYB
2005-06-09,1421.0,1448.0,1410.0,1421.0,1421.0,6894.0,CC=F,USD,NYB
2005-06-10,1425.0,1428.0,1405.0,1407.0,1407.0,8425.0,CC=F,USD,NYB
2005-06-13,1400.0,1423.0,1397.0,1413.0,1413.0,6645.0,CC=F,USD,NYB
2005-06-14,1422.0,1487.0,1422.0,1484.0,1484.0,4725.0,CC=F,USD,NYB
2005-06-15,1520.0,1548.0,1508.0,1545.0,1545.0,5366.0,CC=F,USD,NYB
2005-06-16,1535.0,1538.0,1501.0,1526.0,1526.0,3300.0,CC=F,USD,NYB
2005-06-17,1512.0,1546.0,1512.0,1534.0,1534.0,679.0,CC=F,USD,NYB
2005-06-20,1530.0,1542.0,1523.0,1523.0,1523.0,179.0,CC=F,USD,NYB
2005-06-21,1526.0,1537.0,1521.0,1537.0,1537.0,387.0,CC=F,USD,NYB
2005-06-22,1558.0,1570.0,1554.0,1561.0,1561.0,75.0,CC=F,USD,NYB
2005-06-23,1550.0,1572.0,1550.0,1565.0,1565.0,42.0,CC=F,USD,NYB
2005-06-24,1567.0,1575.0,1517.0,1517.0,1517.0,77.0,CC=F,USD,NYB
2005-06-27,1510.0,1530.0,1507.0,1530.0,1530.0,33.0,CC=F,USD,NYB
2005-06-28,1530.0,1530.0,1499.0,1499.0,1499.0,141.0,CC=F,USD,NYB
2005-06-29,1487.0,1487.0,1485.0,1485.0,1485.0,15.0,CC=F,USD,NYB
2005-06-30,1484.0,1484.0,1440.0,1440.0,1440.0,30.0,CC=F,USD,NYB
2005-07-01,1453.0,1453.0,1439.0,1439.0,1439.0,0.0,CC=F,USD,NYB
2005-07-05,1418.0,1418.0,1418.0,1418.0,1418.0,13.0,CC=F,USD,NYB
2005-07-06,1419.0,1419.0,1391.0,1391.0,1391.0,428.0,CC=F,USD,NYB
2005-07-07,1372.0,1372.0,1372.0,1372.0,1372.0,12.0,CC=F,USD,NYB
2005-07-08,1372.0,1378.0,1372.0,1378.0,1378.0,7.0,CC=F,USD,NYB
2005-07-11,1392.0,1392.0,1392.0,1392.0,1392.0,10.0,CC=F,USD,NYB
2005-07-12,1385.0,1406.0,1385.0,1398.0,1398.0,0.0,CC=F,USD,NYB
2005-07-13,1389.0,1389.0,1389.0,1389.0,1389.0,0.0,CC=F,USD,NYB
2005-07-14,1394.0,1394.0,1394.0,1394.0,1394.0,3626.0,CC=F,USD,NYB
2005-07-15,1408.0,1417.0,1401.0,1405.0,1405.0,4569.0,CC=F,USD,NYB
2005-07-18,1415.0,1444.0,1412.0,1439.0,1439.0,3509.0,CC=F,USD,NYB
2005-07-19,1435.0,1442.0,1419.0,1425.0,1425.0,0.0,CC=F,USD,NYB
2005-07-20,1430.0,1443.0,1401.0,1404.0,1404.0,4529.0,CC=F,USD,NYB
2005-07-21,1415.0,1424.0,1391.0,1407.0,1407.0,1848.0,CC=F,USD,NYB
2005-07-22,1417.0,1419.0,1398.0,1407.0,1407.0,3471.0,CC=F,USD,NYB
2005-07-25,1415.0,1440.0,1412.0,1420.0,1420.0,2966.0,CC=F,USD,NYB
2005-07-26,1420.0,1438.0,1420.0,1437.0,1437.0,7172.0,CC=F,USD,NYB
2005-07-27,1442.0,1463.0,1442.0,1458.0,1458.0,4056.0,CC=F,USD,NYB
2005-07-28,1470.0,1472.0,1444.0,1453.0,1453.0,7056.0,CC=F,USD,NYB
2005-07-29,1455.0,1480.0,1451.0,1479.0,1479.0,5331.0,CC=F,USD,NYB
2005-08-01,1489.0,1489.0,1467.0,1482.0,1482.0,5402.0,CC=F,USD,NYB
2005-08-02,1480.0,1500.0,1475.0,1498.0,1498.0,4390.0,CC=F,USD,NYB
2005-08-03,1495.0,1505.0,1481.0,1491.0,1491.0,5061.0,CC=F,USD,NYB
2005-08-04,1495.0,1502.0,1475.0,1479.0,1479.0,7653.0,CC=F,USD,NYB
2005-08-05,1450.0,1469.0,1445.0,1455.0,1455.0,7545.0,CC=F,USD,NYB
2005-08-08,1460.0,1463.0,1428.0,1430.0,1430.0,8164.0,CC=F,USD,NYB
2005-08-09,1425.0,1425.0,1398.0,1402.0,1402.0,9341.0,CC=F,USD,NYB
2005-08-10,1408.0,1413.0,1396.0,1399.0,1399.0,8510.0,CC=F,USD,NYB
2005-08-11,1379.0,1390.0,1355.0,1356.0,1356.0,3356.0,CC=F,USD,NYB
2005-08-12,1356.0,1360.0,1338.0,1343.0,1343.0,5399.0,CC=F,USD,NYB
2005-08-15,1356.0,1356.0,1333.0,1337.0,1337.0,6265.0,CC=F,USD,NYB
2005-08-16,1340.0,1355.0,1339.0,1341.0,1341.0,6760.0,CC=F,USD,NYB
2005-08-17,1340.0,1342.0,1316.0,1318.0,1318.0,587.0,CC=F,USD,NYB
2005-08-18,1325.0,1354.0,1325.0,1348.0,1348.0,146.0,CC=F,USD,NYB
2005-08-19,1358.0,1365.0,1341.0,1349.0,1349.0,76.0,CC=F,USD,NYB
2005-08-22,1355.0,1369.0,1345.0,1368.0,1368.0,26.0,CC=F,USD,NYB
2005-08-23,1380.0,1387.0,1360.0,1360.0,1360.0,17.0,CC=F,USD,NYB
2005-08-24,1380.0,1380.0,1365.0,1367.0,1367.0,13.0,CC=F,USD,NYB
2005-08-25,1382.0,1383.0,1349.0,1349.0,1349.0,9.0,CC=F,USD,NYB
2005-08-26,1370.0,1374.0,1363.0,1374.0,1374.0,8.0,CC=F,USD,NYB
2005-08-29,1373.0,1380.0,1365.0,1365.0,1365.0,10.0,CC=F,USD,NYB
2005-08-30,1355.0,1355.0,1348.0,1352.0,1352.0,10.0,CC=F,USD,NYB
2005-08-31,1370.0,1370.0,1344.0,1350.0,1350.0,20.0,CC=F,USD,NYB
2005-09-01,1364.0,1442.0,1350.0,1442.0,1442.0,5.0,CC=F,USD,NYB
2005-09-02,1502.0,1502.0,1485.0,1496.0,1496.0,5.0,CC=F,USD,NYB
2005-09-06,1460.0,1480.0,1460.0,1480.0,1480.0,0.0,CC=F,USD,NYB
2005-09-07,1489.0,1489.0,1489.0,1489.0,1489.0,0.0,CC=F,USD,NYB
2005-09-08,1519.0,1519.0,1519.0,1519.0,1519.0,5.0,CC=F,USD,NYB
2005-09-09,1495.0,1495.0,1476.0,1476.0,1476.0,0.0,CC=F,USD,NYB
2005-09-12,1428.0,1428.0,1428.0,1428.0,1428.0,3.0,CC=F,USD,NYB
2005-09-13,1390.0,1390.0,1390.0,1390.0,1390.0,0.0,CC=F,USD,NYB
2005-09-14,1368.0,1368.0,1368.0,1368.0,1368.0,0.0,CC=F,USD,NYB
2005-09-15,1355.0,1355.0,1355.0,1355.0,1355.0,6843.0,CC=F,USD,NYB
2005-09-16,1405.0,1412.0,1384.0,1385.0,1385.0,6616.0,CC=F,USD,NYB
2005-09-19,1360.0,1375.0,1356.0,1371.0,1371.0,6929.0,CC=F,USD,NYB
2005-09-20,1375.0,1388.0,1367.0,1375.0,1375.0,7995.0,CC=F,USD,NYB
2005-09-21,1385.0,1395.0,1351.0,1352.0,1352.0,6217.0,CC=F,USD,NYB
2005-09-22,1354.0,1360.0,1337.0,1342.0,1342.0,3508.0,CC=F,USD,NYB
2005-09-23,1340.0,1359.0,1338.0,1350.0,1350.0,4571.0,CC=F,USD,NYB
2005-09-26,1340.0,1341.0,1328.0,1335.0,1335.0,5387.0,CC=F,USD,NYB
2005-09-27,1330.0,1355.0,1330.0,1351.0,1351.0,6625.0,CC=F,USD,NYB
2005-09-28,1353.0,1377.0,1353.0,1373.0,1373.0,8805.0,CC=F,USD,NYB
2005-09-29,1413.0,1440.0,1393.0,1434.0,1434.0,7668.0,CC=F,USD,NYB
2005-09-30,1429.0,1444.0,1408.0,1413.0,1413.0,5719.0,CC=F,USD,NYB
2005-10-03,1393.0,1411.0,1388.0,1401.0,1401.0,3221.0,CC=F,USD,NYB
2005-10-04,1402.0,1405.0,1381.0,1383.0,1383.0,4736.0,CC=F,USD,NYB
2005-10-05,1410.0,1417.0,1385.0,1388.0,1388.0,3870.0,CC=F,USD,NYB
2005-10-06,1380.0,1408.0,1378.0,1392.0,1392.0,5404.0,CC=F,USD,NYB
2005-10-07,1385.0,1389.0,1363.0,1367.0,1367.0,3363.0,CC=F,USD,NYB
2005-10-10,1370.0,1373.0,1351.0,1356.0,1356.0,3564.0,CC=F,USD,NYB
2005-10-11,1370.0,1372.0,1351.0,1356.0,1356.0,4260.0,CC=F,USD,NYB
2005-10-12,1350.0,1358.0,1347.0,1349.0,1349.0,5323.0,CC=F,USD,NYB
2005-10-13,1352.0,1373.0,1352.0,1369.0,1369.0,8628.0,CC=F,USD,NYB
2005-10-14,1390.0,1416.0,1385.0,1408.0,1408.0,6413.0,CC=F,USD,NYB
2005-10-17,1381.0,1388.0,1365.0,1367.0,1367.0,5852.0,CC=F,USD,NYB
2005-10-18,1370.0,1392.0,1370.0,1386.0,1386.0,4590.0,CC=F,USD,NYB
2005-10-19,1395.0,1405.0,1386.0,1392.0,1392.0,5967.0,CC=F,USD,NYB
2005-10-20,1385.0,1399.0,1364.0,1367.0,1367.0,5399.0,CC=F,USD,NYB
2005-10-21,1366.0,1382.0,1356.0,1366.0,1366.0,8817.0,CC=F,USD,NYB
2005-10-24,1370.0,1412.0,1369.0,1408.0,1408.0,4693.0,CC=F,USD,NYB
2005-10-25,1400.0,1408.0,1388.0,1403.0,1403.0,9816.0,CC=F,USD,NYB
2005-10-26,1400.0,1423.0,1395.0,1418.0,1418.0,4469.0,CC=F,USD,NYB
2005-10-27,1420.0,1428.0,1407.0,1415.0,1415.0,8801.0,CC=F,USD,NYB
2005-10-28,1405.0,1405.0,1371.0,1382.0,1382.0,9071.0,CC=F,USD,NYB
2005-10-31,1367.0,1372.0,1349.0,1351.0,1351.0,4817.0,CC=F,USD,NYB
2005-11-01,1360.0,1371.0,1352.0,1368.0,1368.0,3891.0,CC=F,USD,NYB
2005-11-02,1365.0,1378.0,1357.0,1369.0,1369.0,6370.0,CC=F,USD,NYB
2005-11-03,1373.0,1380.0,1366.0,1376.0,1376.0,11194.0,CC=F,USD,NYB
2005-11-04,1360.0,1362.0,1337.0,1344.0,1344.0,12653.0,CC=F,USD,NYB
2005-11-07,1339.0,1340.0,1320.0,1322.0,1322.0,12653.0,CC=F,USD,NYB
2005-11-08,1326.0,1336.0,1319.0,1334.0,1334.0,8069.0,CC=F,USD,NYB
2005-11-09,1337.0,1344.0,1334.0,1341.0,1341.0,8644.0,CC=F,USD,NYB
2005-11-10,1342.0,1360.0,1340.0,1349.0,1349.0,12211.0,CC=F,USD,NYB
2005-11-11,1335.0,1338.0,1315.0,1321.0,1321.0,9420.0,CC=F,USD,NYB
2005-11-14,1320.0,1333.0,1317.0,1327.0,1327.0,2719.0,CC=F,USD,NYB
2005-11-15,1332.0,1363.0,1332.0,1337.0,1337.0,805.0,CC=F,USD,NYB
2005-11-16,1340.0,1358.0,1337.0,1352.0,1352.0,124.0,CC=F,USD,NYB
2005-11-17,1355.0,1361.0,1345.0,1357.0,1357.0,454.0,CC=F,USD,NYB
2005-11-18,1395.0,1425.0,1386.0,1425.0,1425.0,163.0,CC=F,USD,NYB
2005-11-21,1445.0,1450.0,1397.0,1414.0,1414.0,44.0,CC=F,USD,NYB
2005-11-22,1405.0,1426.0,1405.0,1425.0,1425.0,9.0,CC=F,USD,NYB
2005-11-23,1440.0,1440.0,1408.0,1410.0,1410.0,20.0,CC=F,USD,NYB
2005-11-28,1395.0,1420.0,1390.0,1409.0,1409.0,216.0,CC=F,USD,NYB
2005-11-29,1398.0,1410.0,1396.0,1403.0,1403.0,62.0,CC=F,USD,NYB
2005-11-30,1412.0,1416.0,1408.0,1408.0,1408.0,10.0,CC=F,USD,NYB
2005-12-01,1444.0,1468.0,1444.0,1460.0,1460.0,66.0,CC=F,USD,NYB
2005-12-02,1460.0,1474.0,1460.0,1473.0,1473.0,118.0,CC=F,USD,NYB
2005-12-05,1445.0,1450.0,1433.0,1433.0,1433.0,7.0,CC=F,USD,NYB
2005-12-06,1415.0,1420.0,1415.0,1418.0,1418.0,1.0,CC=F,USD,NYB
2005-12-07,1425.0,1438.0,1425.0,1438.0,1438.0,5.0,CC=F,USD,NYB
2005-12-08,1454.0,1454.0,1454.0,1454.0,1454.0,14.0,CC=F,USD,NYB
2005-12-09,1450.0,1457.0,1450.0,1457.0,1457.0,47.0,CC=F,USD,NYB
2005-12-12,1490.0,1500.0,1484.0,1484.0,1484.0,8.0,CC=F,USD,NYB
2005-12-13,1487.0,1487.0,1485.0,1485.0,1485.0,0.0,CC=F,USD,NYB
2005-12-14,1465.0,1465.0,1465.0,1465.0,1465.0,4190.0,CC=F,USD,NYB
2005-12-15,1453.0,1474.0,1445.0,1468.0,1468.0,3285.0,CC=F,USD,NYB
2005-12-16,1470.0,1480.0,1456.0,1461.0,1461.0,4040.0,CC=F,USD,NYB
2005-12-19,1450.0,1451.0,1436.0,1439.0,1439.0,6123.0,CC=F,USD,NYB
2005-12-20,1440.0,1454.0,1427.0,1448.0,1448.0,2388.0,CC=F,USD,NYB
2005-12-21,1450.0,1460.0,1442.0,1450.0,1450.0,3965.0,CC=F,USD,NYB
2005-12-22,1462.0,1482.0,1455.0,1478.0,1478.0,2052.0,CC=F,USD,NYB
2005-12-23,1475.0,1475.0,1459.0,1463.0,1463.0,3256.0,CC=F,USD,NYB
2005-12-27,1464.0,1465.0,1442.0,1445.0,1445.0,3444.0,CC=F,USD,NYB
2005-12-28,1447.0,1475.0,1437.0,1469.0,1469.0,9100.0,CC=F,USD,NYB
2005-12-29,1470.0,1505.0,1470.0,1501.0,1501.0,7332.0,CC=F,USD,NYB
2005-12-30,1505.0,1525.0,1498.0,1504.0,1504.0,7995.0,CC=F,USD,NYB
2006-01-03,1515.0,1548.0,1513.0,1546.0,1546.0,7528.0,CC=F,USD,NYB
2006-01-04,1540.0,1554.0,1532.0,1544.0,1544.0,7636.0,CC=F,USD,NYB
2006-01-05,1525.0,1530.0,1515.0,1519.0,1519.0,8288.0,CC=F,USD,NYB
2006-01-06,1503.0,1554.0,1499.0,1551.0,1551.0,7597.0,CC=F,USD,NYB
2006-01-09,1545.0,1554.0,1501.0,1505.0,1505.0,4600.0,CC=F,USD,NYB
2006-01-10,1518.0,1528.0,1506.0,1519.0,1519.0,4987.0,CC=F,USD,NYB
2006-01-11,1523.0,1528.0,1506.0,1518.0,1518.0,4583.0,CC=F,USD,NYB
2006-01-12,1530.0,1536.0,1515.0,1527.0,1527.0,0.0,CC=F,USD,NYB
2006-01-13,1525.0,1529.0,1515.0,1518.0,1518.0,10982.0,CC=F,USD,NYB
2006-01-17,1548.0,1580.0,1544.0,1571.0,1571.0,8853.0,CC=F,USD,NYB
2006-01-18,1585.0,1600.0,1568.0,1598.0,1598.0,7952.0,CC=F,USD,NYB
2006-01-19,1542.0,1562.0,1530.0,1553.0,1553.0,7035.0,CC=F,USD,NYB
2006-01-20,1525.0,1575.0,1520.0,1548.0,1548.0,3929.0,CC=F,USD,NYB
2006-01-23,1560.0,1566.0,1530.0,1531.0,1531.0,16732.0,CC=F,USD,NYB
2006-01-24,1510.0,1510.0,1446.0,1451.0,1451.0,7705.0,CC=F,USD,NYB
2006-01-25,1472.0,1472.0,1445.0,1465.0,1465.0,4302.0,CC=F,USD,NYB
2006-01-26,1472.0,1486.0,1456.0,1485.0,1485.0,5537.0,CC=F,USD,NYB
2006-01-27,1478.0,1494.0,1452.0,1455.0,1455.0,8237.0,CC=F,USD,NYB
2006-01-30,1445.0,1480.0,1443.0,1477.0,1477.0,8938.0,CC=F,USD,NYB
2006-01-31,1475.0,1497.0,1470.0,1484.0,1484.0,8491.0,CC=F,USD,NYB
2006-02-01,1480.0,1496.0,1460.0,1467.0,1467.0,6366.0,CC=F,USD,NYB
2006-02-02,1470.0,1475.0,1451.0,1453.0,1453.0,10551.0,CC=F,USD,NYB
2006-02-03,1460.0,1495.0,1458.0,1474.0,1474.0,5826.0,CC=F,USD,NYB
2006-02-06,1466.0,1488.0,1461.0,1476.0,1476.0,11007.0,CC=F,USD,NYB
2006-02-07,1486.0,1523.0,1485.0,1517.0,1517.0,9093.0,CC=F,USD,NYB
2006-02-08,1515.0,1527.0,1501.0,1522.0,1522.0,11469.0,CC=F,USD,NYB
2006-02-09,1518.0,1532.0,1508.0,1520.0,1520.0,11563.0,CC=F,USD,NYB
2006-02-10,1520.0,1543.0,1515.0,1520.0,1520.0,12661.0,CC=F,USD,NYB
2006-02-13,1505.0,1510.0,1487.0,1491.0,1491.0,1082.0,CC=F,USD,NYB
2006-02-14,1490.0,1520.0,1490.0,1508.0,1508.0,222.0,CC=F,USD,NYB
2006-02-15,1518.0,1518.0,1492.0,1495.0,1495.0,203.0,CC=F,USD,NYB
2006-02-16,1490.0,1510.0,1485.0,1487.0,1487.0,64.0,CC=F,USD,NYB
2006-02-17,1485.0,1495.0,1485.0,1485.0,1485.0,270.0,CC=F,USD,NYB
2006-02-21,1485.0,1485.0,1444.0,1444.0,1444.0,60.0,CC=F,USD,NYB
2006-02-22,1464.0,1478.0,1448.0,1476.0,1476.0,37.0,CC=F,USD,NYB
2006-02-23,1473.0,1477.0,1448.0,1448.0,1448.0,93.0,CC=F,USD,NYB
2006-02-24,1449.0,1460.0,1447.0,1447.0,1447.0,42.0,CC=F,USD,NYB
2006-02-27,1454.0,1454.0,1424.0,1424.0,1424.0,18.0,CC=F,USD,NYB
2006-02-28,1427.0,1450.0,1411.0,1450.0,1450.0,6.0,CC=F,USD,NYB
2006-03-01,1435.0,1438.0,1431.0,1434.0,1434.0,9.0,CC=F,USD,NYB
2006-03-02,1455.0,1455.0,1425.0,1425.0,1425.0,6.0,CC=F,USD,NYB
2006-03-03,1425.0,1437.0,1425.0,1437.0,1437.0,10.0,CC=F,USD,NYB
2006-03-06,1450.0,1450.0,1443.0,1445.0,1445.0,5.0,CC=F,USD,NYB
2006-03-07,1415.0,1435.0,1410.0,1435.0,1435.0,0.0,CC=F,USD,NYB
2006-03-08,1475.0,1475.0,1475.0,1475.0,1475.0,7.0,CC=F,USD,NYB
2006-03-09,1465.0,1475.0,1460.0,1475.0,1475.0,4.0,CC=F,USD,NYB
2006-03-10,1488.0,1488.0,1448.0,1454.0,1454.0,1.0,CC=F,USD,NYB
2006-03-13,1454.0,1454.0,1428.0,1428.0,1428.0,0.0,CC=F,USD,NYB
2006-03-14,1424.0,1424.0,1424.0,1424.0,1424.0,0.0,CC=F,USD,NYB
2006-03-15,1469.0,1469.0,1469.0,1469.0,1469.0,0.0,CC=F,USD,NYB
2006-03-16,1461.0,1461.0,1461.0,1461.0,1461.0,6043.0,CC=F,USD,NYB
2006-03-17,1520.0,1523.0,1490.0,1510.0,1510.0,5390.0,CC=F,USD,NYB
2006-03-20,1505.0,1508.0,1486.0,1489.0,1489.0,3879.0,CC=F,USD,NYB
2006-03-21,1490.0,1508.0,1482.0,1504.0,1504.0,3540.0,CC=F,USD,NYB
2006-03-22,1498.0,1510.0,1492.0,1505.0,1505.0,5339.0,CC=F,USD,NYB
2006-03-23,1509.0,1515.0,1480.0,1487.0,1487.0,4354.0,CC=F,USD,NYB
2006-03-24,1490.0,1500.0,1476.0,1490.0,1490.0,3915.0,CC=F,USD,NYB
2006-03-27,1490.0,1502.0,1481.0,1484.0,1484.0,4447.0,CC=F,USD,NYB
2006-03-28,1475.0,1488.0,1471.0,1482.0,1482.0,4269.0,CC=F,USD,NYB
2006-03-29,1476.0,1497.0,1475.0,1487.0,1487.0,9176.0,CC=F,USD,NYB
2006-03-30,1493.0,1513.0,1491.0,1509.0,1509.0,11234.0,CC=F,USD,NYB
2006-03-31,1503.0,1506.0,1481.0,1489.0,1489.0,7214.0,CC=F,USD,NYB
2006-04-03,1485.0,1505.0,1485.0,1501.0,1501.0,8555.0,CC=F,USD,NYB
2006-04-04,1509.0,1519.0,1484.0,1488.0,1488.0,6241.0,CC=F,USD,NYB
2006-04-05,1495.0,1506.0,1491.0,1503.0,1503.0,4612.0,CC=F,USD,NYB
2006-04-06,1500.0,1509.0,1488.0,1496.0,1496.0,6974.0,CC=F,USD,NYB
2006-04-07,1500.0,1501.0,1492.0,1494.0,1494.0,15703.0,CC=F,USD,NYB
2006-04-10,1494.0,1494.0,1432.0,1436.0,1436.0,10368.0,CC=F,USD,NYB
2006-04-11,1449.0,1449.0,1422.0,1427.0,1427.0,14939.0,CC=F,USD,NYB
2006-04-12,1425.0,1440.0,1425.0,1431.0,1431.0,12759.0,CC=F,USD,NYB
2006-04-13,1435.0,1437.0,1410.0,1418.0,1418.0,1219.0,CC=F,USD,NYB
2006-04-17,1425.0,1450.0,1415.0,1447.0,1447.0,703.0,CC=F,USD,NYB
2006-04-18,1445.0,1465.0,1442.0,1447.0,1447.0,215.0,CC=F,USD,NYB
2006-04-19,1455.0,1461.0,1445.0,1459.0,1459.0,318.0,CC=F,USD,NYB
2006-04-20,1460.0,1470.0,1452.0,1456.0,1456.0,34.0,CC=F,USD,NYB
2006-04-21,1450.0,1460.0,1443.0,1447.0,1447.0,74.0,CC=F,USD,NYB
2006-04-24,1444.0,1490.0,1444.0,1468.0,1468.0,47.0,CC=F,USD,NYB
2006-04-25,1469.0,1502.0,1469.0,1497.0,1497.0,20.0,CC=F,USD,NYB
2006-04-26,1497.0,1518.0,1490.0,1507.0,1507.0,13.0,CC=F,USD,NYB
2006-04-27,1490.0,1505.0,1482.0,1488.0,1488.0,3.0,CC=F,USD,NYB
2006-04-28,1515.0,1515.0,1501.0,1501.0,1501.0,19.0,CC=F,USD,NYB
2006-05-01,1520.0,1535.0,1505.0,1523.0,1523.0,1.0,CC=F,USD,NYB
2006-05-02,1480.0,1515.0,1480.0,1515.0,1515.0,9.0,CC=F,USD,NYB
2006-05-03,1530.0,1530.0,1506.0,1506.0,1506.0,0.0,CC=F,USD,NYB
2006-05-04,1498.0,1498.0,1498.0,1498.0,1498.0,3.0,CC=F,USD,NYB
2006-05-05,1509.0,1512.0,1509.0,1512.0,1512.0,4.0,CC=F,USD,NYB
2006-05-08,1523.0,1523.0,1517.0,1517.0,1517.0,3.0,CC=F,USD,NYB
2006-05-09,1524.0,1558.0,1524.0,1558.0,1558.0,4.0,CC=F,USD,NYB
2006-05-10,1560.0,1560.0,1556.0,1556.0,1556.0,65.0,CC=F,USD,NYB
2006-05-11,1566.0,1566.0,1566.0,1566.0,1566.0,65.0,CC=F,USD,NYB
2006-05-12,1552.0,1552.0,1552.0,1552.0,1552.0,0.0,CC=F,USD,NYB
2006-05-15,1490.0,1490.0,1490.0,1490.0,1490.0,4939.0,CC=F,USD,NYB
2006-05-16,1535.0,1555.0,1533.0,1553.0,1553.0,5098.0,CC=F,USD,NYB
2006-05-17,1553.0,1555.0,1535.0,1540.0,1540.0,5129.0,CC=F,USD,NYB
2006-05-18,1550.0,1560.0,1536.0,1550.0,1550.0,9727.0,CC=F,USD,NYB
2006-05-19,1545.0,1545.0,1509.0,1529.0,1529.0,5858.0,CC=F,USD,NYB
2006-05-22,1514.0,1520.0,1506.0,1515.0,1515.0,6905.0,CC=F,USD,NYB
2006-05-23,1515.0,1522.0,1498.0,1501.0,1501.0,10906.0,CC=F,USD,NYB
2006-05-24,1503.0,1503.0,1476.0,1479.0,1479.0,6453.0,CC=F,USD,NYB
2006-05-25,1480.0,1488.0,1471.0,1472.0,1472.0,8367.0,CC=F,USD,NYB
2006-05-26,1475.0,1475.0,1457.0,1461.0,1461.0,7066.0,CC=F,USD,NYB
2006-05-30,1461.0,1475.0,1455.0,1459.0,1459.0,12318.0,CC=F,USD,NYB
2006-05-31,1462.0,1475.0,1458.0,1473.0,1473.0,9541.0,CC=F,USD,NYB
2006-06-01,1498.0,1502.0,1469.0,1476.0,1476.0,5292.0,CC=F,USD,NYB
2006-06-02,1483.0,1493.0,1460.0,1461.0,1461.0,4489.0,CC=F,USD,NYB
2006-06-05,1473.0,1484.0,1467.0,1474.0,1474.0,7368.0,CC=F,USD,NYB
2006-06-06,1480.0,1481.0,1457.0,1460.0,1460.0,11115.0,CC=F,USD,NYB
2006-06-07,1460.0,1475.0,1459.0,1473.0,1473.0,11079.0,CC=F,USD,NYB
2006-06-08,1469.0,1474.0,1458.0,1461.0,1461.0,10480.0,CC=F,USD,NYB
2006-06-09,1473.0,1490.0,1465.0,1476.0,1476.0,8578.0,CC=F,USD,NYB
2006-06-12,1485.0,1488.0,1467.0,1471.0,1471.0,10102.0,CC=F,USD,NYB
2006-06-13,1470.0,1482.0,1468.0,1478.0,1478.0,7053.0,CC=F,USD,NYB
2006-06-14,1478.0,1500.0,1471.0,1498.0,1498.0,6414.0,CC=F,USD,NYB
2006-06-15,1515.0,1530.0,1510.0,1527.0,1527.0,7111.0,CC=F,USD,NYB
2006-06-16,1543.0,1545.0,1500.0,1525.0,1525.0,2477.0,CC=F,USD,NYB
2006-06-19,1535.0,1535.0,1520.0,1527.0,1527.0,926.0,CC=F,USD,NYB
2006-06-20,1525.0,1537.0,1520.0,1527.0,1527.0,1386.0,CC=F,USD,NYB
2006-06-21,1524.0,1542.0,1524.0,1537.0,1537.0,190.0,CC=F,USD,NYB
2006-06-22,1530.0,1537.0,1530.0,1537.0,1537.0,194.0,CC=F,USD,NYB
2006-06-23,1540.0,1553.0,1540.0,1551.0,1551.0,144.0,CC=F,USD,NYB
2006-06-26,1555.0,1570.0,1555.0,1561.0,1561.0,46.0,CC=F,USD,NYB
2006-06-27,1546.0,1568.0,1545.0,1568.0,1568.0,31.0,CC=F,USD,NYB
2006-06-28,1570.0,1608.0,1569.0,1608.0,1608.0,37.0,CC=F,USD,NYB
2006-06-29,1630.0,1650.0,1630.0,1646.0,1646.0,234.0,CC=F,USD,NYB
2006-06-30,1650.0,1650.0,1596.0,1646.0,1646.0,0.0,CC=F,USD,NYB
2006-07-03,1645.0,1675.0,1645.0,1674.0,1674.0,7.0,CC=F,USD,NYB
2006-07-05,1732.0,1732.0,1708.0,1708.0,1708.0,20.0,CC=F,USD,NYB
2006-07-06,1699.0,1705.0,1699.0,1705.0,1705.0,0.0,CC=F,USD,NYB
2006-07-07,1724.0,1724.0,1724.0,1724.0,1724.0,2.0,CC=F,USD,NYB
2006-07-10,1728.0,1731.0,1728.0,1729.0,1729.0,2.0,CC=F,USD,NYB
2006-07-11,1675.0,1705.0,1675.0,1705.0,1705.0,10.0,CC=F,USD,NYB
2006-07-12,1682.0,1705.0,1682.0,1692.0,1692.0,40.0,CC=F,USD,NYB
2006-07-13,1703.0,1703.0,1687.0,1691.0,1691.0,0.0,CC=F,USD,NYB
2006-07-14,1703.0,1703.0,1703.0,1703.0,1703.0,8217.0,CC=F,USD,NYB
2006-07-17,1685.0,1690.0,1556.0,1558.0,1558.0,24622.0,CC=F,USD,NYB
2006-07-18,1494.0,1515.0,1492.0,1497.0,1497.0,21865.0,CC=F,USD,NYB
2006-07-19,1517.0,1527.0,1497.0,1503.0,1503.0,9875.0,CC=F,USD,NYB
2006-07-20,1510.0,1519.0,1501.0,1514.0,1514.0,5931.0,CC=F,USD,NYB
2006-07-21,1503.0,1510.0,1495.0,1502.0,1502.0,6257.0,CC=F,USD,NYB
2006-07-24,1500.0,1503.0,1475.0,1483.0,1483.0,9624.0,CC=F,USD,NYB
2006-07-25,1478.0,1499.0,1478.0,1484.0,1484.0,4760.0,CC=F,USD,NYB
2006-07-26,1495.0,1502.0,1477.0,1479.0,1479.0,7493.0,CC=F,USD,NYB
2006-07-27,1487.0,1508.0,1486.0,1489.0,1489.0,6160.0,CC=F,USD,NYB
2006-07-28,1493.0,1501.0,1488.0,1492.0,1492.0,4512.0,CC=F,USD,NYB
2006-07-31,1487.0,1498.0,1483.0,1486.0,1486.0,11166.0,CC=F,USD,NYB
2006-08-01,1476.0,1498.0,1476.0,1487.0,1487.0,12056.0,CC=F,USD,NYB
2006-08-02,1490.0,1496.0,1486.0,1487.0,1487.0,11328.0,CC=F,USD,NYB
2006-08-03,1493.0,1525.0,1493.0,1523.0,1523.0,6337.0,CC=F,USD,NYB
2006-08-04,1525.0,1543.0,1501.0,1504.0,1504.0,6821.0,CC=F,USD,NYB
2006-08-07,1507.0,1524.0,1502.0,1522.0,1522.0,6105.0,CC=F,USD,NYB
2006-08-08,1522.0,1546.0,1518.0,1537.0,1537.0,5878.0,CC=F,USD,NYB
2006-08-09,1550.0,1560.0,1530.0,1555.0,1555.0,7374.0,CC=F,USD,NYB
2006-08-10,1544.0,1566.0,1544.0,1557.0,1557.0,5096.0,CC=F,USD,NYB
2006-08-11,1557.0,1567.0,1550.0,1559.0,1559.0,7271.0,CC=F,USD,NYB
2006-08-14,1550.0,1557.0,1500.0,1520.0,1520.0,4890.0,CC=F,USD,NYB
2006-08-15,1498.0,1533.0,1498.0,1524.0,1524.0,6540.0,CC=F,USD,NYB
2006-08-16,1517.0,1560.0,1513.0,1541.0,1541.0,3490.0,CC=F,USD,NYB
2006-08-17,1540.0,1540.0,1498.0,1500.0,1500.0,5834.0,CC=F,USD,NYB
2006-08-18,1485.0,1500.0,1471.0,1481.0,1481.0,903.0,CC=F,USD,NYB
2006-08-21,1501.0,1501.0,1477.0,1483.0,1483.0,355.0,CC=F,USD,NYB
2006-08-22,1463.0,1470.0,1455.0,1460.0,1460.0,57.0,CC=F,USD,NYB
2006-08-23,1445.0,1475.0,1445.0,1470.0,1470.0,127.0,CC=F,USD,NYB
2006-08-24,1460.0,1488.0,1460.0,1464.0,1464.0,277.0,CC=F,USD,NYB
2006-08-25,1460.0,1471.0,1447.0,1446.0,1446.0,16.0,CC=F,USD,NYB
2006-08-28,1455.0,1455.0,1398.0,1393.0,1393.0,71.0,CC=F,USD,NYB
2006-08-29,1380.0,1396.0,1380.0,1403.0,1403.0,62.0,CC=F,USD,NYB
2006-08-30,1410.0,1420.0,1410.0,1406.0,1406.0,103.0,CC=F,USD,NYB
2006-08-31,1401.0,1403.0,1401.0,1420.0,1420.0,4.0,CC=F,USD,NYB
2006-09-01,1420.0,1440.0,1430.0,1441.0,1441.0,7.0,CC=F,USD,NYB
2006-09-05,1440.0,1450.0,1440.0,1442.0,1442.0,20.0,CC=F,USD,NYB
2006-09-06,1430.0,1438.0,1422.0,1415.0,1415.0,7.0,CC=F,USD,NYB
2006-09-07,1425.0,1426.0,1425.0,1425.0,1425.0,6.0,CC=F,USD,NYB
2006-09-08,1417.0,1415.0,1415.0,1415.0,1415.0,0.0,CC=F,USD,NYB
2006-09-11,1400.0,1420.0,1420.0,1413.0,1413.0,81.0,CC=F,USD,NYB
2006-09-12,1398.0,1398.0,1398.0,1412.0,1412.0,2.0,CC=F,USD,NYB
2006-09-13,1430.0,1430.0,1430.0,1434.0,1434.0,1.0,CC=F,USD,NYB
2006-09-14,1400.0,1445.0,1445.0,1431.0,1431.0,2336.0,CC=F,USD,NYB
2006-09-15,1482.0,1492.0,1471.0,1473.0,1473.0,3805.0,CC=F,USD,NYB
2006-09-18,1466.0,1468.0,1415.0,1420.0,1420.0,19450.0,CC=F,USD,NYB
2006-09-19,1420.0,1440.0,1418.0,1435.0,1435.0,6289.0,CC=F,USD,NYB
2006-09-20,1447.0,1470.0,1445.0,1467.0,1467.0,6129.0,CC=F,USD,NYB
2006-09-21,1469.0,1535.0,1467.0,1529.0,1529.0,17560.0,CC=F,USD,NYB
2006-09-22,1528.0,1534.0,1485.0,1499.0,1499.0,8583.0,CC=F,USD,NYB
2006-09-25,1499.0,1510.0,1480.0,1493.0,1493.0,4576.0,CC=F,USD,NYB
2006-09-26,1490.0,1502.0,1481.0,1489.0,1489.0,3664.0,CC=F,USD,NYB
2006-09-27,1496.0,1508.0,1492.0,1502.0,1502.0,4031.0,CC=F,USD,NYB
2006-09-28,1505.0,1508.0,1463.0,1467.0,1467.0,6702.0,CC=F,USD,NYB
2006-09-29,1475.0,1479.0,1449.0,1472.0,1472.0,8502.0,CC=F,USD,NYB
2006-10-02,1465.0,1474.0,1455.0,1463.0,1463.0,4831.0,CC=F,USD,NYB
2006-10-03,1465.0,1468.0,1447.0,1449.0,1449.0,4357.0,CC=F,USD,NYB
2006-10-04,1455.0,1463.0,1435.0,1448.0,1448.0,6138.0,CC=F,USD,NYB
2006-10-05,1455.0,1491.0,1453.0,1475.0,1475.0,7199.0,CC=F,USD,NYB
2006-10-06,1472.0,1478.0,1445.0,1451.0,1451.0,6128.0,CC=F,USD,NYB
2006-10-09,1448.0,1453.0,1436.0,1437.0,1437.0,3394.0,CC=F,USD,NYB
2006-10-10,1434.0,1447.0,1424.0,1432.0,1432.0,5177.0,CC=F,USD,NYB
2006-10-11,1428.0,1434.0,1420.0,1422.0,1422.0,5041.0,CC=F,USD,NYB
2006-10-12,1420.0,1420.0,1396.0,1413.0,1413.0,13823.0,CC=F,USD,NYB
2006-10-13,1418.0,1425.0,1410.0,1416.0,1416.0,5049.0,CC=F,USD,NYB
2006-10-16,1420.0,1421.0,1400.0,1406.0,1406.0,5589.0,CC=F,USD,NYB
2006-10-17,1426.0,1448.0,1421.0,1444.0,1444.0,8804.0,CC=F,USD,NYB
2006-10-18,1456.0,1463.0,1415.0,1419.0,1419.0,7485.0,CC=F,USD,NYB
2006-10-19,1429.0,1445.0,1425.0,1443.0,1443.0,5221.0,CC=F,USD,NYB
2006-10-20,1440.0,1447.0,1427.0,1434.0,1434.0,3338.0,CC=F,USD,NYB
2006-10-23,1445.0,1470.0,1445.0,1464.0,1464.0,7391.0,CC=F,USD,NYB
2006-10-24,1464.0,1466.0,1440.0,1458.0,1458.0,5206.0,CC=F,USD,NYB
2006-10-25,1461.0,1474.0,1455.0,1458.0,1458.0,10766.0,CC=F,USD,NYB
2006-10-26,1467.0,1495.0,1467.0,1489.0,1489.0,17701.0,CC=F,USD,NYB
2006-10-27,1489.0,1493.0,1465.0,1470.0,1470.0,6136.0,CC=F,USD,NYB
2006-10-30,1470.0,1498.0,1470.0,1486.0,1486.0,7816.0,CC=F,USD,NYB
2006-10-31,1486.0,1495.0,1476.0,1484.0,1484.0,10899.0,CC=F,USD,NYB
2006-11-01,1470.0,1475.0,1459.0,1463.0,1463.0,10438.0,CC=F,USD,NYB
2006-11-02,1465.0,1492.0,1457.0,1490.0,1490.0,8319.0,CC=F,USD,NYB
2006-11-03,1495.0,1504.0,1478.0,1484.0,1484.0,9351.0,CC=F,USD,NYB
2006-11-06,1484.0,1497.0,1471.0,1493.0,1493.0,7536.0,CC=F,USD,NYB
2006-11-07,1498.0,1528.0,1492.0,1516.0,1516.0,15592.0,CC=F,USD,NYB
2006-11-08,1507.0,1533.0,1507.0,1528.0,1528.0,7877.0,CC=F,USD,NYB
2006-11-09,1527.0,1538.0,1513.0,1530.0,1530.0,8523.0,CC=F,USD,NYB
2006-11-10,1515.0,1539.0,1505.0,1509.0,1509.0,7712.0,CC=F,USD,NYB
2006-11-13,1495.0,1508.0,1485.0,1500.0,1500.0,11582.0,CC=F,USD,NYB
2006-11-14,1500.0,1507.0,1469.0,1473.0,1473.0,15449.0,CC=F,USD,NYB
2006-11-15,1468.0,1519.0,1468.0,1513.0,1513.0,1266.0,CC=F,USD,NYB
2006-11-16,1510.0,1540.0,1480.0,1468.0,1468.0,1433.0,CC=F,USD,NYB
2006-11-17,1456.0,1480.0,1425.0,1470.0,1470.0,238.0,CC=F,USD,NYB
2006-11-20,1480.0,1480.0,1419.0,1437.0,1437.0,20.0,CC=F,USD,NYB
2006-11-21,1480.0,1480.0,1410.0,1410.0,1410.0,16.0,CC=F,USD,NYB
2006-11-22,1400.0,1415.0,1400.0,1425.0,1425.0,8.0,CC=F,USD,NYB
2006-11-27,1440.0,1475.0,1440.0,1434.0,1434.0,19.0,CC=F,USD,NYB
2006-11-28,1470.0,1479.0,1450.0,1463.0,1463.0,15.0,CC=F,USD,NYB
2006-11-29,1430.0,1464.0,1460.0,1465.0,1465.0,10.0,CC=F,USD,NYB
2006-11-30,1450.0,1483.0,1483.0,1483.0,1483.0,0.0,CC=F,USD,NYB
2006-12-01,1450.0,1495.0,1485.0,1480.0,1480.0,2.0,CC=F,USD,NYB
2006-12-04,1460.0,1468.0,1468.0,1468.0,1468.0,0.0,CC=F,USD,NYB
2006-12-05,1460.0,1491.0,1491.0,1491.0,1491.0,0.0,CC=F,USD,NYB
2006-12-06,1450.0,1499.0,1499.0,1499.0,1499.0,0.0,CC=F,USD,NYB
2006-12-07,1500.0,1565.0,1562.0,1564.0,1564.0,7.0,CC=F,USD,NYB
2006-12-08,1530.0,1595.0,1540.0,1597.0,1597.0,11.0,CC=F,USD,NYB
2006-12-11,1595.0,1595.0,1595.0,1605.0,1605.0,2.0,CC=F,USD,NYB
2006-12-12,1638.0,1638.0,1638.0,1597.0,1597.0,3.0,CC=F,USD,NYB
2006-12-13,1622.0,1622.0,1622.0,1622.0,1622.0,7580.0,CC=F,USD,NYB
2006-12-14,1675.0,1683.0,1657.0,1680.0,1680.0,6855.0,CC=F,USD,NYB
2006-12-15,1665.0,1672.0,1644.0,1650.0,1650.0,6207.0,CC=F,USD,NYB
2006-12-18,1643.0,1679.0,1643.0,1657.0,1657.0,7047.0,CC=F,USD,NYB
2006-12-19,1680.0,1694.0,1667.0,1691.0,1691.0,6575.0,CC=F,USD,NYB
2006-12-20,1688.0,1690.0,1625.0,1628.0,1628.0,13880.0,CC=F,USD,NYB
2006-12-21,1630.0,1648.0,1624.0,1645.0,1645.0,5085.0,CC=F,USD,NYB
2006-12-22,1623.0,1635.0,1621.0,1627.0,1627.0,3787.0,CC=F,USD,NYB
2006-12-26,1627.0,1630.0,1615.0,1621.0,1621.0,1971.0,CC=F,USD,NYB
2006-12-27,1615.0,1641.0,1615.0,1637.0,1637.0,4237.0,CC=F,USD,NYB
2006-12-28,1632.0,1648.0,1630.0,1634.0,1634.0,5135.0,CC=F,USD,NYB
2006-12-29,1640.0,1644.0,1631.0,1635.0,1635.0,3381.0,CC=F,USD,NYB
2007-01-03,1675.0,1696.0,1660.0,1684.0,1684.0,12387.0,CC=F,USD,NYB
2007-01-04,1670.0,1677.0,1650.0,1659.0,1659.0,6436.0,CC=F,USD,NYB
2007-01-05,1675.0,1680.0,1585.0,1607.0,1607.0,12274.0,CC=F,USD,NYB
2007-01-08,1585.0,1604.0,1578.0,1589.0,1589.0,8097.0,CC=F,USD,NYB
2007-01-09,1593.0,1597.0,1573.0,1588.0,1588.0,8112.0,CC=F,USD,NYB
2007-01-10,1605.0,1624.0,1605.0,1617.0,1617.0,6815.0,CC=F,USD,NYB
2007-01-11,1632.0,1644.0,1619.0,1628.0,1628.0,7035.0,CC=F,USD,NYB
2007-01-12,1612.0,1633.0,1598.0,1631.0,1631.0,7687.0,CC=F,USD,NYB
2007-01-16,1600.0,1611.0,1593.0,1606.0,1606.0,10606.0,CC=F,USD,NYB
2007-01-17,1595.0,1621.0,1588.0,1616.0,1616.0,7634.0,CC=F,USD,NYB
2007-01-18,1628.0,1631.0,1600.0,1603.0,1603.0,5591.0,CC=F,USD,NYB
2007-01-19,1600.0,1612.0,1585.0,1594.0,1594.0,5285.0,CC=F,USD,NYB
2007-01-22,1588.0,1597.0,1579.0,1589.0,1589.0,4599.0,CC=F,USD,NYB
2007-01-23,1599.0,1617.0,1599.0,1615.0,1615.0,7546.0,CC=F,USD,NYB
2007-01-24,1620.0,1622.0,1595.0,1599.0,1599.0,4057.0,CC=F,USD,NYB
2007-01-25,1608.0,1613.0,1596.0,1602.0,1602.0,4196.0,CC=F,USD,NYB
2007-01-26,1582.0,1590.0,1576.0,1578.0,1578.0,5847.0,CC=F,USD,NYB
2007-01-29,1566.0,1605.0,1566.0,1602.0,1602.0,6799.0,CC=F,USD,NYB
2007-01-30,1603.0,1620.0,1597.0,1616.0,1616.0,6625.0,CC=F,USD,NYB
2007-01-31,1602.0,1621.0,1589.0,1617.0,1617.0,10249.0,CC=F,USD,NYB
2007-02-01,1610.0,1650.0,1610.0,1641.0,1641.0,10841.0,CC=F,USD,NYB
2007-02-02,1646.0,1658.0,1616.0,1631.0,1631.0,8722.0,CC=F,USD,NYB
2007-02-05,1616.0,1640.0,1597.0,1634.0,1634.0,6194.0,CC=F,USD,NYB
2007-02-06,1640.0,1660.0,1637.0,1653.0,1653.0,10060.0,CC=F,USD,NYB
2007-02-07,1675.0,1702.0,1663.0,1697.0,1697.0,10930.0,CC=F,USD,NYB
2007-02-08,1710.0,1730.0,1701.0,1727.0,1727.0,8649.0,CC=F,USD,NYB
2007-02-09,1718.0,1725.0,1701.0,1717.0,1717.0,9593.0,CC=F,USD,NYB
2007-02-12,1708.0,1725.0,1700.0,1721.0,1721.0,7940.0,CC=F,USD,NYB
2007-02-13,1726.0,1738.0,1706.0,1728.0,1728.0,10724.0,CC=F,USD,NYB
2007-02-14,1718.0,1718.0,1685.0,1714.0,1714.0,843.0,CC=F,USD,NYB
2007-02-15,1722.0,1769.0,1715.0,1765.0,1765.0,360.0,CC=F,USD,NYB
2007-02-16,1765.0,1788.0,1757.0,1770.0,1770.0,123.0,CC=F,USD,NYB
2007-02-20,1760.0,1763.0,1735.0,1745.0,1745.0,125.0,CC=F,USD,NYB
2007-02-21,1740.0,1777.0,1710.0,1763.0,1763.0,55.0,CC=F,USD,NYB
2007-02-22,1740.0,1777.0,1710.0,1737.0,1737.0,16.0,CC=F,USD,NYB
2007-02-23,1760.0,1763.0,1727.0,1762.0,1762.0,24.0,CC=F,USD,NYB
2007-02-26,1785.0,1785.0,1735.0,1738.0,1738.0,5.0,CC=F,USD,NYB
2007-02-27,1735.0,1738.0,1720.0,1723.0,1723.0,11.0,CC=F,USD,NYB
2007-02-28,1745.0,1745.0,1715.0,1720.0,1720.0,3.0,CC=F,USD,NYB
2007-03-01,1708.0,1787.0,1720.0,1796.0,1796.0,5.0,CC=F,USD,NYB
2007-03-02,1749.0,1795.0,1720.0,1795.0,1795.0,5.0,CC=F,USD,NYB
2007-03-05,1760.0,1784.0,1721.0,1769.0,1769.0,5.0,CC=F,USD,NYB
2007-03-06,1780.0,1783.0,1710.0,1710.0,1710.0,268.0,CC=F,USD,NYB
2007-03-07,1701.0,1740.0,1696.0,1740.0,1740.0,17.0,CC=F,USD,NYB
2007-03-08,1739.0,1772.0,1739.0,1761.0,1761.0,42.0,CC=F,USD,NYB
2007-03-09,1779.0,1780.0,1778.0,1778.0,1778.0,3.0,CC=F,USD,NYB
2007-03-12,1771.0,1791.0,1766.0,1775.0,1775.0,57.0,CC=F,USD,NYB
2007-03-13,1797.0,1797.0,1780.0,1789.0,1789.0,34.0,CC=F,USD,NYB
2007-03-14,1782.0,1782.0,1770.0,1741.0,1741.0,33.0,CC=F,USD,NYB
2007-03-15,1757.0,1757.0,1757.0,1757.0,1757.0,5159.0,CC=F,USD,NYB
2007-03-16,1779.0,1800.0,1766.0,1790.0,1790.0,6406.0,CC=F,USD,NYB
2007-03-19,1780.0,1805.0,1771.0,1778.0,1778.0,4159.0,CC=F,USD,NYB
2007-03-20,1800.0,1871.0,1793.0,1864.0,1864.0,16460.0,CC=F,USD,NYB
2007-03-21,1870.0,1914.0,1868.0,1894.0,1894.0,10281.0,CC=F,USD,NYB
2007-03-22,1900.0,1927.0,1878.0,1901.0,1901.0,6653.0,CC=F,USD,NYB
2007-03-23,1908.0,1924.0,1895.0,1920.0,1920.0,5818.0,CC=F,USD,NYB
2007-03-26,1920.0,1942.0,1901.0,1926.0,1926.0,6710.0,CC=F,USD,NYB
2007-03-27,1922.0,1926.0,1889.0,1893.0,1893.0,6239.0,CC=F,USD,NYB
2007-03-28,1896.0,1941.0,1887.0,1925.0,1925.0,9124.0,CC=F,USD,NYB
2007-03-29,1926.0,1966.0,1918.0,1941.0,1941.0,8228.0,CC=F,USD,NYB
2007-03-30,1928.0,1969.0,1920.0,1953.0,1953.0,12035.0,CC=F,USD,NYB
2007-04-02,1953.0,1955.0,1824.0,1835.0,1835.0,20927.0,CC=F,USD,NYB
2007-04-03,1847.0,1882.0,1831.0,1866.0,1866.0,9078.0,CC=F,USD,NYB
2007-04-04,1873.0,1909.0,1870.0,1902.0,1902.0,7541.0,CC=F,USD,NYB
2007-04-05,1901.0,1929.0,1898.0,1913.0,1913.0,9250.0,CC=F,USD,NYB
2007-04-09,1910.0,1910.0,1876.0,1883.0,1883.0,18869.0,CC=F,USD,NYB
2007-04-10,1885.0,1900.0,1873.0,1883.0,1883.0,8261.0,CC=F,USD,NYB
2007-04-11,1885.0,1920.0,1885.0,1900.0,1900.0,10538.0,CC=F,USD,NYB
2007-04-12,1900.0,1900.0,1852.0,1882.0,1882.0,10867.0,CC=F,USD,NYB
2007-04-13,1881.0,1905.0,1853.0,1885.0,1885.0,14182.0,CC=F,USD,NYB
2007-04-16,1900.0,1917.0,1893.0,1903.0,1903.0,9591.0,CC=F,USD,NYB
2007-04-17,1900.0,1965.0,1897.0,1956.0,1956.0,1684.0,CC=F,USD,NYB
2007-04-18,1958.0,2000.0,1930.0,1942.0,1942.0,824.0,CC=F,USD,NYB
2007-04-19,1935.0,1935.0,1840.0,1852.0,1852.0,793.0,CC=F,USD,NYB
2007-04-20,1845.0,1895.0,1810.0,1887.0,1887.0,172.0,CC=F,USD,NYB
2007-04-23,1870.0,1888.0,1849.0,1873.0,1873.0,231.0,CC=F,USD,NYB
2007-04-24,1850.0,1850.0,1820.0,1840.0,1840.0,159.0,CC=F,USD,NYB
2007-04-25,1830.0,1858.0,1812.0,1845.0,1845.0,186.0,CC=F,USD,NYB
2007-04-26,1870.0,1893.0,1819.0,1823.0,1823.0,236.0,CC=F,USD,NYB
2007-04-27,1830.0,1850.0,1820.0,1822.0,1822.0,75.0,CC=F,USD,NYB
2007-04-30,1808.0,1834.0,1798.0,1815.0,1815.0,69.0,CC=F,USD,NYB
2007-05-01,1791.0,1855.0,1790.0,1851.0,1851.0,59.0,CC=F,USD,NYB
2007-05-02,1860.0,1886.0,1790.0,1880.0,1880.0,18.0,CC=F,USD,NYB
2007-05-03,1880.0,1908.0,1880.0,1901.0,1901.0,23.0,CC=F,USD,NYB
2007-05-04,1892.0,1893.0,1891.0,1883.0,1883.0,29.0,CC=F,USD,NYB
2007-05-07,1896.0,1900.0,1889.0,1883.0,1883.0,19.0,CC=F,USD,NYB
2007-05-08,1882.0,1913.0,1882.0,1910.0,1910.0,15.0,CC=F,USD,NYB
2007-05-09,1900.0,1944.0,1900.0,1949.0,1949.0,40.0,CC=F,USD,NYB
2007-05-10,1973.0,1977.0,1973.0,1942.0,1942.0,37.0,CC=F,USD,NYB
2007-05-11,1940.0,1977.0,1940.0,1950.0,1950.0,32.0,CC=F,USD,NYB
2007-05-14,1970.0,1970.0,1950.0,1958.0,1958.0,14.0,CC=F,USD,NYB
2007-05-15,1940.0,1940.0,1917.0,1931.0,1931.0,5646.0,CC=F,USD,NYB
2007-05-16,1895.0,1920.0,1884.0,1900.0,1900.0,4122.0,CC=F,USD,NYB
2007-05-17,1900.0,1912.0,1890.0,1894.0,1894.0,4240.0,CC=F,USD,NYB
2007-05-18,1899.0,1958.0,1884.0,1947.0,1947.0,7663.0,CC=F,USD,NYB
2007-05-21,1950.0,1958.0,1926.0,1949.0,1949.0,4835.0,CC=F,USD,NYB
2007-05-22,1945.0,1968.0,1912.0,1923.0,1923.0,6349.0,CC=F,USD,NYB
2007-05-23,1923.0,1980.0,1915.0,1972.0,1972.0,8205.0,CC=F,USD,NYB
2007-05-24,1971.0,1985.0,1922.0,1943.0,1943.0,8544.0,CC=F,USD,NYB
2007-05-25,1943.0,1965.0,1910.0,1928.0,1928.0,5217.0,CC=F,USD,NYB
2007-05-29,1928.0,1934.0,1895.0,1903.0,1903.0,5793.0,CC=F,USD,NYB
2007-05-30,1900.0,1900.0,1868.0,1878.0,1878.0,9202.0,CC=F,USD,NYB
2007-05-31,1882.0,1899.0,1866.0,1883.0,1883.0,9145.0,CC=F,USD,NYB
2007-06-01,1888.0,1900.0,1855.0,1883.0,1883.0,12767.0,CC=F,USD,NYB
2007-06-04,1879.0,1880.0,1849.0,1856.0,1856.0,8378.0,CC=F,USD,NYB
2007-06-05,1856.0,1894.0,1853.0,1881.0,1881.0,7004.0,CC=F,USD,NYB
2007-06-06,1882.0,1900.0,1863.0,1875.0,1875.0,7376.0,CC=F,USD,NYB
2007-06-07,1882.0,1882.0,1836.0,1845.0,1845.0,8622.0,CC=F,USD,NYB
2007-06-08,1836.0,1853.0,1818.0,1822.0,1822.0,9470.0,CC=F,USD,NYB
2007-06-11,1845.0,1844.0,1816.0,1839.0,1839.0,17734.0,CC=F,USD,NYB
2007-06-12,1838.0,1854.0,1823.0,1836.0,1836.0,10692.0,CC=F,USD,NYB
2007-06-13,1836.0,1850.0,1832.0,1837.0,1837.0,10293.0,CC=F,USD,NYB
2007-06-14,1844.0,1912.0,1827.0,1903.0,1903.0,10637.0,CC=F,USD,NYB
2007-06-15,1903.0,1927.0,1898.0,1904.0,1904.0,6480.0,CC=F,USD,NYB
2007-06-18,1909.0,1962.0,1899.0,1959.0,1959.0,1702.0,CC=F,USD,NYB
2007-06-19,1953.0,1970.0,1940.0,1948.0,1948.0,530.0,CC=F,USD,NYB
2007-06-20,1947.0,1950.0,1920.0,1925.0,1925.0,293.0,CC=F,USD,NYB
2007-06-21,1920.0,1940.0,1920.0,1935.0,1935.0,36.0,CC=F,USD,NYB
2007-06-22,1948.0,1959.0,1948.0,1958.0,1958.0,66.0,CC=F,USD,NYB
2007-06-25,1952.0,1952.0,1952.0,1952.0,1952.0,66.0,CC=F,USD,NYB
2007-06-26,1980.0,2022.0,1980.0,2022.0,2022.0,107.0,CC=F,USD,NYB
2007-06-27,2021.0,2030.0,2011.0,2022.0,2022.0,28.0,CC=F,USD,NYB
2007-06-28,2015.0,2033.0,2010.0,2002.0,2002.0,39.0,CC=F,USD,NYB
2007-06-29,2065.0,2074.0,2060.0,2054.0,2054.0,29.0,CC=F,USD,NYB
2007-07-02,2043.0,2043.0,2043.0,2043.0,2043.0,24.0,CC=F,USD,NYB
2007-07-03,2063.0,2066.0,2062.0,2066.0,2066.0,28.0,CC=F,USD,NYB
2007-07-05,2127.0,2127.0,2085.0,2116.0,2116.0,12.0,CC=F,USD,NYB
2007-07-06,2124.0,2140.0,2113.0,2128.0,2128.0,129.0,CC=F,USD,NYB
2007-07-09,2143.0,2143.0,2108.0,2096.0,2096.0,18.0,CC=F,USD,NYB
2007-07-10,2080.0,2080.0,2025.0,2025.0,2025.0,50.0,CC=F,USD,NYB
2007-07-11,2065.0,2065.0,2065.0,2065.0,2065.0,19.0,CC=F,USD,NYB
2007-07-12,2060.0,2081.0,2060.0,2081.0,2081.0,21.0,CC=F,USD,NYB
2007-07-13,2091.0,2091.0,2071.0,2080.0,2080.0,13.0,CC=F,USD,NYB
2007-07-16,1900.0,2042.0,1900.0,1995.0,1995.0,5685.0,CC=F,USD,NYB
2007-07-17,2054.0,2118.0,2054.0,2094.0,2094.0,7837.0,CC=F,USD,NYB
2007-07-18,2090.0,2099.0,2070.0,2097.0,2097.0,4536.0,CC=F,USD,NYB
2007-07-19,2092.0,2119.0,2072.0,2114.0,2114.0,5065.0,CC=F,USD,NYB
2007-07-20,2114.0,2120.0,2095.0,2099.0,2099.0,4978.0,CC=F,USD,NYB
2007-07-23,2095.0,2095.0,2056.0,2067.0,2067.0,7508.0,CC=F,USD,NYB
2007-07-24,2055.0,2114.0,2042.0,2100.0,2100.0,9018.0,CC=F,USD,NYB
2007-07-25,2100.0,2100.0,2055.0,2059.0,2059.0,6042.0,CC=F,USD,NYB
2007-07-26,2060.0,2068.0,2000.0,2003.0,2003.0,6042.0,CC=F,USD,NYB
2007-07-27,2005.0,2015.0,1906.0,1931.0,1931.0,21248.0,CC=F,USD,NYB
2007-07-30,1950.0,1953.0,1918.0,1931.0,1931.0,8877.0,CC=F,USD,NYB
2007-07-31,1931.0,1948.0,1900.0,1942.0,1942.0,8559.0,CC=F,USD,NYB
2007-08-01,1945.0,1945.0,1905.0,1917.0,1917.0,8733.0,CC=F,USD,NYB
2007-08-02,1917.0,1943.0,1905.0,1914.0,1914.0,7918.0,CC=F,USD,NYB
2007-08-03,1917.0,1928.0,1885.0,1893.0,1893.0,11456.0,CC=F,USD,NYB
2007-08-06,1900.0,1900.0,1858.0,1866.0,1866.0,22615.0,CC=F,USD,NYB
2007-08-07,1869.0,1880.0,1820.0,1827.0,1827.0,12872.0,CC=F,USD,NYB
2007-08-08,1830.0,1888.0,1830.0,1871.0,1871.0,12056.0,CC=F,USD,NYB
2007-08-09,1869.0,1873.0,1812.0,1826.0,1826.0,11839.0,CC=F,USD,NYB
2007-08-10,1821.0,1839.0,1802.0,1827.0,1827.0,6651.0,CC=F,USD,NYB
2007-08-13,1835.0,1865.0,1822.0,1863.0,1863.0,8218.0,CC=F,USD,NYB
2007-08-14,1860.0,1875.0,1845.0,1853.0,1853.0,7479.0,CC=F,USD,NYB
2007-08-15,1849.0,1880.0,1825.0,1872.0,1872.0,3834.0,CC=F,USD,NYB
2007-08-16,1879.0,1879.0,1782.0,1787.0,1787.0,2583.0,CC=F,USD,NYB
2007-08-17,1783.0,1812.0,1771.0,1775.0,1775.0,1949.0,CC=F,USD,NYB
2007-08-20,1792.0,1825.0,1766.0,1773.0,1773.0,1146.0,CC=F,USD,NYB
2007-08-21,1780.0,1800.0,1780.0,1793.0,1793.0,168.0,CC=F,USD,NYB
2007-08-22,1799.0,1799.0,1763.0,1774.0,1774.0,34.0,CC=F,USD,NYB
2007-08-23,1802.0,1821.0,1800.0,1823.0,1823.0,22.0,CC=F,USD,NYB
2007-08-24,1820.0,1850.0,1781.0,1841.0,1841.0,53.0,CC=F,USD,NYB
2007-08-27,1835.0,1835.0,1810.0,1822.0,1822.0,10.0,CC=F,USD,NYB
2007-08-28,1817.0,1826.0,1810.0,1812.0,1812.0,20.0,CC=F,USD,NYB
2007-08-29,1850.0,1850.0,1809.0,1825.0,1825.0,252.0,CC=F,USD,NYB
2007-08-30,1815.0,1815.0,1815.0,1815.0,1815.0,1.0,CC=F,USD,NYB
2007-08-31,1868.0,1868.0,1860.0,1868.0,1868.0,8.0,CC=F,USD,NYB
2007-09-04,1821.0,1821.0,1821.0,1821.0,1821.0,14.0,CC=F,USD,NYB
2007-09-05,1823.0,1838.0,1823.0,1841.0,1841.0,1.0,CC=F,USD,NYB
2007-09-06,1900.0,1900.0,1830.0,1874.0,1874.0,11.0,CC=F,USD,NYB
2007-09-07,1877.0,1877.0,1877.0,1877.0,1877.0,20.0,CC=F,USD,NYB
2007-09-10,1930.0,1930.0,1830.0,1916.0,1916.0,28.0,CC=F,USD,NYB
2007-09-11,1833.0,1896.0,1895.0,1876.0,1876.0,2.0,CC=F,USD,NYB
2007-09-12,1880.0,1900.0,1867.0,1867.0,1867.0,8.0,CC=F,USD,NYB
2007-09-13,1857.0,1857.0,1857.0,1857.0,1857.0,5066.0,CC=F,USD,NYB
2007-09-14,1805.0,1848.0,1795.0,1837.0,1837.0,4998.0,CC=F,USD,NYB
2007-09-17,1836.0,1885.0,1819.0,1864.0,1864.0,8712.0,CC=F,USD,NYB
2007-09-18,1864.0,1888.0,1850.0,1873.0,1873.0,6824.0,CC=F,USD,NYB
2007-09-19,1884.0,1904.0,1858.0,1900.0,1900.0,9188.0,CC=F,USD,NYB
2007-09-20,1905.0,1978.0,1900.0,1971.0,1971.0,12481.0,CC=F,USD,NYB
2007-09-21,1972.0,2000.0,1941.0,1983.0,1983.0,14010.0,CC=F,USD,NYB
2007-09-24,1979.0,2020.0,1973.0,2011.0,2011.0,10388.0,CC=F,USD,NYB
2007-09-25,2006.0,2046.0,1990.0,2042.0,2042.0,9872.0,CC=F,USD,NYB
2007-09-26,2042.0,2053.0,2028.0,2046.0,2046.0,7540.0,CC=F,USD,NYB
2007-09-27,2045.0,2054.0,2005.0,2031.0,2031.0,8340.0,CC=F,USD,NYB
2007-09-28,2033.0,2055.0,2015.0,2036.0,2036.0,8264.0,CC=F,USD,NYB
2007-10-01,2036.0,2045.0,2007.0,2030.0,2030.0,8090.0,CC=F,USD,NYB
2007-10-02,2030.0,2030.0,1904.0,1917.0,1917.0,18119.0,CC=F,USD,NYB
2007-10-03,1907.0,1916.0,1852.0,1876.0,1876.0,12231.0,CC=F,USD,NYB
2007-10-04,1881.0,1904.0,1866.0,1875.0,1875.0,6571.0,CC=F,USD,NYB
2007-10-05,1875.0,1882.0,1850.0,1858.0,1858.0,6288.0,CC=F,USD,NYB
2007-10-08,1850.0,1850.0,1810.0,1816.0,1816.0,7189.0,CC=F,USD,NYB
2007-10-09,1815.0,1843.0,1814.0,1823.0,1823.0,4489.0,CC=F,USD,NYB
2007-10-10,1823.0,1842.0,1821.0,1835.0,1835.0,4473.0,CC=F,USD,NYB
2007-10-11,1835.0,1867.0,1830.0,1855.0,1855.0,4688.0,CC=F,USD,NYB
2007-10-12,1855.0,1855.0,1815.0,1838.0,1838.0,4796.0,CC=F,USD,NYB
2007-10-15,1837.0,1883.0,1829.0,1859.0,1859.0,3954.0,CC=F,USD,NYB
2007-10-16,1857.0,1883.0,1848.0,1870.0,1870.0,4740.0,CC=F,USD,NYB
2007-10-17,1870.0,1899.0,1853.0,1875.0,1875.0,7641.0,CC=F,USD,NYB
2007-10-18,1875.0,1897.0,1865.0,1883.0,1883.0,5754.0,CC=F,USD,NYB
2007-10-19,1881.0,1887.0,1858.0,1879.0,1879.0,5020.0,CC=F,USD,NYB
2007-10-22,1880.0,1890.0,1835.0,1841.0,1841.0,5775.0,CC=F,USD,NYB
2007-10-23,1845.0,1864.0,1837.0,1852.0,1852.0,4935.0,CC=F,USD,NYB
2007-10-24,1852.0,1857.0,1830.0,1838.0,1838.0,3967.0,CC=F,USD,NYB
2007-10-25,1830.0,1838.0,1823.0,1826.0,1826.0,4043.0,CC=F,USD,NYB
2007-10-26,1825.0,1940.0,1825.0,1911.0,1911.0,9901.0,CC=F,USD,NYB
2007-10-29,1900.0,1970.0,1881.0,1951.0,1951.0,10402.0,CC=F,USD,NYB
2007-10-30,1951.0,1977.0,1935.0,1945.0,1945.0,6497.0,CC=F,USD,NYB
2007-10-31,1938.0,1967.0,1928.0,1945.0,1945.0,13648.0,CC=F,USD,NYB
2007-11-01,1941.0,2002.0,1932.0,1974.0,1974.0,11166.0,CC=F,USD,NYB
2007-11-02,1974.0,1998.0,1959.0,1970.0,1970.0,5249.0,CC=F,USD,NYB
2007-11-05,1969.0,1969.0,1920.0,1937.0,1937.0,10115.0,CC=F,USD,NYB
2007-11-06,1929.0,1955.0,1923.0,1942.0,1942.0,7830.0,CC=F,USD,NYB
2007-11-07,1937.0,1976.0,1936.0,1941.0,1941.0,12773.0,CC=F,USD,NYB
2007-11-08,1956.0,1969.0,1939.0,1945.0,1945.0,12432.0,CC=F,USD,NYB
2007-11-09,1941.0,1950.0,1915.0,1921.0,1921.0,4012.0,CC=F,USD,NYB
2007-11-12,1918.0,1918.0,1870.0,1877.0,1877.0,7450.0,CC=F,USD,NYB
2007-11-13,1876.0,1889.0,1870.0,1879.0,1879.0,7317.0,CC=F,USD,NYB
2007-11-14,1886.0,1905.0,1865.0,1882.0,1882.0,5945.0,CC=F,USD,NYB
2007-11-15,1869.0,1894.0,1868.0,1885.0,1885.0,381.0,CC=F,USD,NYB
2007-11-16,1900.0,1913.0,1891.0,1905.0,1905.0,170.0,CC=F,USD,NYB
2007-11-19,1905.0,1906.0,1878.0,1885.0,1885.0,22.0,CC=F,USD,NYB
2007-11-20,1894.0,1952.0,1894.0,1937.0,1937.0,57.0,CC=F,USD,NYB
2007-11-21,1941.0,1941.0,1914.0,1916.0,1916.0,33.0,CC=F,USD,NYB
2007-11-26,1900.0,1912.0,1893.0,1901.0,1901.0,27.0,CC=F,USD,NYB
2007-11-27,1896.0,1900.0,1893.0,1903.0,1903.0,5.0,CC=F,USD,NYB
2007-11-28,1890.0,1921.0,1890.0,1902.0,1902.0,9.0,CC=F,USD,NYB
2007-11-29,1913.0,1978.0,1908.0,1967.0,1967.0,253.0,CC=F,USD,NYB
2007-11-30,1978.0,1991.0,1974.0,1978.0,1978.0,160.0,CC=F,USD,NYB
2007-12-03,2054.0,2057.0,1995.0,2054.0,2054.0,55.0,CC=F,USD,NYB
2007-12-04,2075.0,2117.0,2075.0,2113.0,2113.0,5.0,CC=F,USD,NYB
2007-12-05,2134.0,2134.0,2134.0,2134.0,2134.0,157.0,CC=F,USD,NYB
2007-12-06,2152.0,2152.0,2152.0,2152.0,2152.0,1.0,CC=F,USD,NYB
2007-12-07,2152.0,2152.0,2152.0,2152.0,2152.0,327.0,CC=F,USD,NYB
2007-12-10,2205.0,2216.0,2205.0,2216.0,2216.0,101.0,CC=F,USD,NYB
2007-12-11,2205.0,2220.0,2205.0,2205.0,2205.0,23.0,CC=F,USD,NYB
2007-12-12,2125.0,2277.0,2125.0,2246.0,2246.0,30.0,CC=F,USD,NYB
2007-12-13,2201.0,2201.0,2201.0,2201.0,2201.0,9018.0,CC=F,USD,NYB
2007-12-14,2086.0,2101.0,2060.0,2082.0,2082.0,9244.0,CC=F,USD,NYB
2007-12-17,2081.0,2095.0,2055.0,2086.0,2086.0,6196.0,CC=F,USD,NYB
2007-12-18,2086.0,2134.0,2086.0,2114.0,2114.0,10884.0,CC=F,USD,NYB
2007-12-19,2109.0,2147.0,2106.0,2132.0,2132.0,10643.0,CC=F,USD,NYB
2007-12-20,2129.0,2133.0,2083.0,2092.0,2092.0,9890.0,CC=F,USD,NYB
2007-12-21,2088.0,2109.0,2076.0,2086.0,2086.0,5243.0,CC=F,USD,NYB
2007-12-26,2075.0,2080.0,2022.0,2034.0,2034.0,11026.0,CC=F,USD,NYB
2007-12-27,2039.0,2070.0,2034.0,2066.0,2066.0,8813.0,CC=F,USD,NYB
2007-12-28,2066.0,2069.0,2052.0,2057.0,2057.0,4932.0,CC=F,USD,NYB
2007-12-31,2057.0,2065.0,2026.0,2035.0,2035.0,6127.0,CC=F,USD,NYB
2008-01-02,2028.0,2105.0,2028.0,2097.0,2097.0,10055.0,CC=F,USD,NYB
2008-01-03,2097.0,2141.0,2081.0,2120.0,2120.0,11139.0,CC=F,USD,NYB
2008-01-04,2120.0,2125.0,2078.0,2098.0,2098.0,9298.0,CC=F,USD,NYB
2008-01-07,2097.0,2164.0,2093.0,2131.0,2131.0,8050.0,CC=F,USD,NYB
2008-01-08,2131.0,2176.0,2131.0,2156.0,2156.0,10134.0,CC=F,USD,NYB
2008-01-09,2148.0,2157.0,2143.0,2151.0,2151.0,5776.0,CC=F,USD,NYB
2008-01-10,2151.0,2173.0,2151.0,2166.0,2166.0,7863.0,CC=F,USD,NYB
2008-01-11,2166.0,2183.0,2138.0,2162.0,2162.0,12128.0,CC=F,USD,NYB
2008-01-14,2169.0,2237.0,2163.0,2202.0,2202.0,12291.0,CC=F,USD,NYB
2008-01-15,2202.0,2223.0,2173.0,2186.0,2186.0,10199.0,CC=F,USD,NYB
2008-01-16,2186.0,2186.0,2132.0,2154.0,2154.0,16876.0,CC=F,USD,NYB
2008-01-17,2155.0,2217.0,2142.0,2171.0,2171.0,8035.0,CC=F,USD,NYB
2008-01-18,2168.0,2168.0,2100.0,2141.0,2141.0,20750.0,CC=F,USD,NYB
2008-01-22,2110.0,2136.0,2088.0,2131.0,2131.0,10886.0,CC=F,USD,NYB
2008-01-23,2138.0,2160.0,2111.0,2138.0,2138.0,9910.0,CC=F,USD,NYB
2008-01-24,2138.0,2203.0,2125.0,2192.0,2192.0,8660.0,CC=F,USD,NYB
2008-01-25,2192.0,2217.0,2192.0,2212.0,2212.0,5056.0,CC=F,USD,NYB
2008-01-28,2217.0,2218.0,2186.0,2213.0,2213.0,5023.0,CC=F,USD,NYB
2008-01-29,2211.0,2237.0,2202.0,2235.0,2235.0,7933.0,CC=F,USD,NYB
2008-01-30,2235.0,2295.0,2235.0,2288.0,2288.0,13011.0,CC=F,USD,NYB
2008-01-31,2288.0,2330.0,2288.0,2326.0,2326.0,15609.0,CC=F,USD,NYB
2008-02-01,2310.0,2339.0,2306.0,2326.0,2326.0,11885.0,CC=F,USD,NYB
2008-02-04,2330.0,2349.0,2316.0,2346.0,2346.0,11784.0,CC=F,USD,NYB
2008-02-05,2339.0,2365.0,2316.0,2338.0,2338.0,15210.0,CC=F,USD,NYB
2008-02-06,2351.0,2372.0,2330.0,2354.0,2354.0,17266.0,CC=F,USD,NYB
2008-02-07,2369.0,2405.0,2301.0,2334.0,2334.0,17060.0,CC=F,USD,NYB
2008-02-08,2332.0,2390.0,2321.0,2378.0,2378.0,17408.0,CC=F,USD,NYB
2008-02-11,2379.0,2394.0,2374.0,2386.0,2386.0,13791.0,CC=F,USD,NYB
2008-02-12,2387.0,2466.0,2386.0,2421.0,2421.0,18748.0,CC=F,USD,NYB
2008-02-13,2415.0,2471.0,2415.0,2454.0,2454.0,9814.0,CC=F,USD,NYB
2008-02-14,2466.0,2586.0,2441.0,2467.0,2467.0,9003.0,CC=F,USD,NYB
2008-02-15,2543.0,2560.0,2476.0,2496.0,2496.0,522.0,CC=F,USD,NYB
2008-02-19,2479.0,2531.0,2479.0,2489.0,2489.0,171.0,CC=F,USD,NYB
2008-02-20,2456.0,2482.0,2421.0,2456.0,2456.0,208.0,CC=F,USD,NYB
2008-02-21,2426.0,2493.0,2441.0,2485.0,2485.0,50.0,CC=F,USD,NYB
2008-02-22,2490.0,2566.0,2487.0,2562.0,2562.0,64.0,CC=F,USD,NYB
2008-02-25,2587.0,2630.0,2555.0,2587.0,2587.0,46.0,CC=F,USD,NYB
2008-02-26,2630.0,2636.0,2600.0,2622.0,2622.0,48.0,CC=F,USD,NYB
2008-02-27,2717.0,2718.0,2690.0,2717.0,2717.0,33.0,CC=F,USD,NYB
2008-02-28,2800.0,2800.0,2680.0,2800.0,2800.0,43.0,CC=F,USD,NYB
2008-02-29,2754.0,2754.0,2754.0,2754.0,2754.0,20.0,CC=F,USD,NYB
2008-03-03,2780.0,2780.0,2780.0,2772.0,2772.0,12.0,CC=F,USD,NYB
2008-03-04,2743.0,2761.0,2743.0,2752.0,2752.0,12.0,CC=F,USD,NYB
2008-03-05,2760.0,2760.0,2760.0,2760.0,2760.0,0.0,CC=F,USD,NYB
2008-03-06,2760.0,2824.0,2700.0,2725.0,2725.0,9.0,CC=F,USD,NYB
2008-03-07,2686.0,2686.0,2683.0,2713.0,2713.0,3.0,CC=F,USD,NYB
2008-03-10,2698.0,2698.0,2698.0,2698.0,2698.0,12.0,CC=F,USD,NYB
2008-03-11,2732.0,2760.0,2732.0,2766.0,2766.0,23.0,CC=F,USD,NYB
2008-03-12,2818.0,2818.0,2764.0,2768.0,2768.0,18.0,CC=F,USD,NYB
2008-03-13,2829.0,2910.0,2829.0,2922.0,2922.0,11923.0,CC=F,USD,NYB
2008-03-14,2911.0,2971.0,2859.0,2904.0,2904.0,9895.0,CC=F,USD,NYB
2008-03-17,2904.0,2935.0,2623.0,2730.0,2730.0,19626.0,CC=F,USD,NYB
2008-03-18,2680.0,2693.0,2588.0,2604.0,2604.0,13487.0,CC=F,USD,NYB
2008-03-19,2657.0,2760.0,2419.0,2533.0,2533.0,19370.0,CC=F,USD,NYB
2008-03-20,2437.0,2449.0,2259.0,2299.0,2299.0,23001.0,CC=F,USD,NYB
2008-03-24,2313.0,2415.0,2252.0,2265.0,2265.0,7592.0,CC=F,USD,NYB
2008-03-25,2307.0,2410.0,2283.0,2398.0,2398.0,9564.0,CC=F,USD,NYB
2008-03-26,2399.0,2460.0,2367.0,2423.0,2423.0,7742.0,CC=F,USD,NYB
2008-03-27,2408.0,2449.0,2288.0,2432.0,2432.0,7316.0,CC=F,USD,NYB
2008-03-28,2444.0,2447.0,2353.0,2363.0,2363.0,6319.0,CC=F,USD,NYB
2008-03-31,2360.0,2374.0,2301.0,2321.0,2321.0,8486.0,CC=F,USD,NYB
2008-04-01,2330.0,2330.0,2262.0,2282.0,2282.0,13702.0,CC=F,USD,NYB
2008-04-02,2269.0,2300.0,2217.0,2230.0,2230.0,10146.0,CC=F,USD,NYB
2008-04-03,2245.0,2329.0,2226.0,2247.0,2247.0,12707.0,CC=F,USD,NYB
2008-04-04,2242.0,2296.0,2237.0,2264.0,2264.0,8427.0,CC=F,USD,NYB
2008-04-07,2269.0,2347.0,2264.0,2315.0,2315.0,11765.0,CC=F,USD,NYB
2008-04-08,2327.0,2331.0,2276.0,2288.0,2288.0,8948.0,CC=F,USD,NYB
2008-04-09,2280.0,2403.0,2280.0,2376.0,2376.0,9354.0,CC=F,USD,NYB
2008-04-10,2378.0,2526.0,2376.0,2469.0,2469.0,11048.0,CC=F,USD,NYB
2008-04-11,2480.0,2553.0,2480.0,2541.0,2541.0,5211.0,CC=F,USD,NYB
2008-04-14,2530.0,2563.0,2525.0,2550.0,2550.0,4054.0,CC=F,USD,NYB
2008-04-15,2555.0,2678.0,2555.0,2640.0,2640.0,4078.0,CC=F,USD,NYB
2008-04-16,2643.0,2729.0,2642.0,2686.0,2686.0,2637.0,CC=F,USD,NYB
2008-04-17,2687.0,2787.0,2669.0,2776.0,2776.0,90.0,CC=F,USD,NYB
2008-04-18,2745.0,2745.0,2612.0,2700.0,2700.0,30.0,CC=F,USD,NYB
2008-04-21,2759.0,2767.0,2759.0,2721.0,2721.0,2.0,CC=F,USD,NYB
2008-04-22,2812.0,2857.0,2812.0,2837.0,2837.0,42.0,CC=F,USD,NYB
2008-04-23,2784.0,2883.0,2784.0,2867.0,2867.0,13.0,CC=F,USD,NYB
2008-04-24,2880.0,2905.0,2785.0,2859.0,2859.0,16.0,CC=F,USD,NYB
2008-04-25,2885.0,2885.0,2855.0,2853.0,2853.0,19.0,CC=F,USD,NYB
2008-04-28,2864.0,2864.0,2793.0,2864.0,2864.0,2.0,CC=F,USD,NYB
2008-04-29,2888.0,2888.0,2870.0,2870.0,2870.0,3.0,CC=F,USD,NYB
2008-04-30,2880.0,2899.0,2880.0,2882.0,2882.0,2.0,CC=F,USD,NYB
2008-05-01,2750.0,2772.0,2700.0,2721.0,2721.0,23.0,CC=F,USD,NYB
2008-05-02,2740.0,2740.0,2715.0,2740.0,2740.0,3.0,CC=F,USD,NYB
2008-05-05,2690.0,2690.0,2690.0,2690.0,2690.0,0.0,CC=F,USD,NYB
2008-05-06,2781.0,2840.0,2781.0,2781.0,2781.0,0.0,CC=F,USD,NYB
2008-05-07,2777.0,2777.0,2777.0,2777.0,2777.0,4.0,CC=F,USD,NYB
2008-05-08,2815.0,2850.0,2815.0,2800.0,2800.0,1.0,CC=F,USD,NYB
2008-05-09,2900.0,2900.0,2900.0,2875.0,2875.0,1.0,CC=F,USD,NYB
2008-05-12,2900.0,2900.0,2880.0,2880.0,2880.0,33.0,CC=F,USD,NYB
2008-05-13,2700.0,2772.0,2690.0,2703.0,2703.0,26.0,CC=F,USD,NYB
2008-05-14,2745.0,2795.0,2745.0,2774.0,2774.0,10344.0,CC=F,USD,NYB
2008-05-15,2641.0,2655.0,2605.0,2629.0,2629.0,2569.0,CC=F,USD,NYB
2008-05-16,2622.0,2682.0,2606.0,2676.0,2676.0,6593.0,CC=F,USD,NYB
2008-05-19,2666.0,2705.0,2575.0,2611.0,2611.0,10874.0,CC=F,USD,NYB
2008-05-20,2600.0,2626.0,2576.0,2603.0,2603.0,9260.0,CC=F,USD,NYB
2008-05-21,2603.0,2612.0,2539.0,2586.0,2586.0,14557.0,CC=F,USD,NYB
2008-05-22,2590.0,2640.0,2554.0,2574.0,2574.0,11788.0,CC=F,USD,NYB
2008-05-23,2574.0,2595.0,2564.0,2577.0,2577.0,4487.0,CC=F,USD,NYB
2008-05-27,2589.0,2625.0,2577.0,2590.0,2590.0,5234.0,CC=F,USD,NYB
2008-05-28,2592.0,2626.0,2555.0,2622.0,2622.0,7388.0,CC=F,USD,NYB
2008-05-29,2626.0,2744.0,2616.0,2730.0,2730.0,12340.0,CC=F,USD,NYB
2008-05-30,2723.0,2769.0,2703.0,2723.0,2723.0,12397.0,CC=F,USD,NYB
2008-06-02,2742.0,2795.0,2733.0,2790.0,2790.0,8559.0,CC=F,USD,NYB
2008-06-03,2781.0,2814.0,2719.0,2807.0,2807.0,10930.0,CC=F,USD,NYB
2008-06-04,2795.0,2811.0,2776.0,2796.0,2796.0,6118.0,CC=F,USD,NYB
2008-06-05,2798.0,2813.0,2738.0,2792.0,2792.0,10546.0,CC=F,USD,NYB
2008-06-06,2794.0,2906.0,2779.0,2878.0,2878.0,15385.0,CC=F,USD,NYB
2008-06-09,2844.0,2885.0,2839.0,2870.0,2870.0,11734.0,CC=F,USD,NYB
2008-06-10,2871.0,2902.0,2840.0,2858.0,2858.0,15048.0,CC=F,USD,NYB
2008-06-11,2877.0,2939.0,2856.0,2917.0,2917.0,11917.0,CC=F,USD,NYB
2008-06-12,2935.0,2988.0,2902.0,2971.0,2971.0,10688.0,CC=F,USD,NYB
2008-06-13,2963.0,2997.0,2961.0,2973.0,2973.0,7774.0,CC=F,USD,NYB
2008-06-16,2990.0,3013.0,2982.0,3003.0,3003.0,6235.0,CC=F,USD,NYB
2008-06-17,3000.0,3025.0,2943.0,2998.0,2998.0,1142.0,CC=F,USD,NYB
2008-06-18,3030.0,3143.0,3030.0,3068.0,3068.0,816.0,CC=F,USD,NYB
2008-06-19,3122.0,3176.0,3095.0,3163.0,3163.0,43.0,CC=F,USD,NYB
2008-06-20,3131.0,3215.0,3131.0,3204.0,3204.0,24.0,CC=F,USD,NYB
2008-06-23,3210.0,3227.0,3190.0,3191.0,3191.0,65.0,CC=F,USD,NYB
2008-06-24,3229.0,3245.0,3228.0,3230.0,3230.0,24.0,CC=F,USD,NYB
2008-06-25,3205.0,3230.0,3180.0,3200.0,3200.0,47.0,CC=F,USD,NYB
2008-06-26,3249.0,3270.0,3200.0,3237.0,3237.0,11.0,CC=F,USD,NYB
2008-06-27,3250.0,3280.0,3250.0,3275.0,3275.0,12.0,CC=F,USD,NYB
2008-06-30,3280.0,3280.0,3243.0,3245.0,3245.0,13.0,CC=F,USD,NYB
2008-07-01,3260.0,3385.0,3260.0,3360.0,3360.0,33.0,CC=F,USD,NYB
2008-07-02,3340.0,3340.0,3333.0,3333.0,3333.0,5.0,CC=F,USD,NYB
2008-07-03,3354.0,3354.0,3204.0,3230.0,3230.0,0.0,CC=F,USD,NYB
2008-07-07,3014.0,3014.0,2950.0,2950.0,2950.0,7.0,CC=F,USD,NYB
2008-07-08,2980.0,2980.0,2980.0,3000.0,3000.0,2.0,CC=F,USD,NYB
2008-07-09,3014.0,3014.0,3014.0,2966.0,2966.0,1.0,CC=F,USD,NYB
2008-07-10,3005.0,3012.0,3000.0,2982.0,2982.0,0.0,CC=F,USD,NYB
2008-07-11,2983.0,2983.0,2983.0,2983.0,2983.0,0.0,CC=F,USD,NYB
2008-07-14,3000.0,3000.0,3000.0,3005.0,3005.0,2.0,CC=F,USD,NYB
2008-07-15,3075.0,3075.0,3050.0,3043.0,3043.0,12.0,CC=F,USD,NYB
2008-07-16,3085.0,3085.0,3082.0,3109.0,3109.0,7295.0,CC=F,USD,NYB
2008-07-17,3030.0,3036.0,2879.0,2926.0,2926.0,7442.0,CC=F,USD,NYB
2008-07-18,2900.0,2900.0,2793.0,2799.0,2799.0,10757.0,CC=F,USD,NYB
2008-07-21,2799.0,2879.0,2785.0,2825.0,2825.0,5565.0,CC=F,USD,NYB
2008-07-22,2829.0,2854.0,2775.0,2782.0,2782.0,6495.0,CC=F,USD,NYB
2008-07-23,2785.0,2787.0,2734.0,2754.0,2754.0,7295.0,CC=F,USD,NYB
2008-07-24,2766.0,2782.0,2735.0,2744.0,2744.0,6511.0,CC=F,USD,NYB
2008-07-25,2757.0,2825.0,2753.0,2813.0,2813.0,5047.0,CC=F,USD,NYB
2008-07-28,2813.0,2860.0,2788.0,2795.0,2795.0,5429.0,CC=F,USD,NYB
2008-07-29,2790.0,2865.0,2790.0,2835.0,2835.0,5984.0,CC=F,USD,NYB
2008-07-30,2839.0,2855.0,2762.0,2808.0,2808.0,7279.0,CC=F,USD,NYB
2008-07-31,2808.0,2860.0,2807.0,2858.0,2858.0,6332.0,CC=F,USD,NYB
2008-08-01,2854.0,3013.0,2843.0,2996.0,2996.0,15018.0,CC=F,USD,NYB
2008-08-04,3005.0,3011.0,2712.0,2783.0,2783.0,18611.0,CC=F,USD,NYB
2008-08-05,2720.0,2776.0,2693.0,2718.0,2718.0,8086.0,CC=F,USD,NYB
2008-08-06,2724.0,2866.0,2723.0,2756.0,2756.0,7792.0,CC=F,USD,NYB
2008-08-07,2756.0,2809.0,2756.0,2785.0,2785.0,7401.0,CC=F,USD,NYB
2008-08-08,2784.0,2785.0,2659.0,2688.0,2688.0,10300.0,CC=F,USD,NYB
2008-08-11,2687.0,2735.0,2662.0,2670.0,2670.0,9466.0,CC=F,USD,NYB
2008-08-12,2670.0,2719.0,2639.0,2693.0,2693.0,10291.0,CC=F,USD,NYB
2008-08-13,2700.0,2718.0,2644.0,2691.0,2691.0,7388.0,CC=F,USD,NYB
2008-08-14,2707.0,2744.0,2603.0,2657.0,2657.0,9306.0,CC=F,USD,NYB
2008-08-15,2651.0,2651.0,2569.0,2597.0,2597.0,4698.0,CC=F,USD,NYB
2008-08-18,2619.0,2635.0,2598.0,2609.0,2609.0,207.0,CC=F,USD,NYB
2008-08-19,2626.0,2708.0,2540.0,2676.0,2676.0,582.0,CC=F,USD,NYB
2008-08-20,2680.0,2706.0,2610.0,2658.0,2658.0,146.0,CC=F,USD,NYB
2008-08-21,2698.0,2849.0,2698.0,2824.0,2824.0,21.0,CC=F,USD,NYB
2008-08-22,2800.0,2804.0,2800.0,2790.0,2790.0,3.0,CC=F,USD,NYB
2008-08-25,2850.0,2850.0,2788.0,2837.0,2837.0,0.0,CC=F,USD,NYB
2008-08-26,2874.0,2874.0,2874.0,2874.0,2874.0,0.0,CC=F,USD,NYB
2008-08-27,2977.0,2977.0,2945.0,2976.0,2976.0,12.0,CC=F,USD,NYB
2008-08-28,2886.0,2886.0,2886.0,2840.0,2840.0,0.0,CC=F,USD,NYB
2008-08-29,2864.0,2864.0,2864.0,2864.0,2864.0,0.0,CC=F,USD,NYB
2008-09-02,2797.0,2797.0,2678.0,2667.0,2667.0,10.0,CC=F,USD,NYB
2008-09-03,2667.0,2701.0,2648.0,2671.0,2671.0,3.0,CC=F,USD,NYB
2008-09-04,2685.0,2685.0,2662.0,2664.0,2664.0,2.0,CC=F,USD,NYB
2008-09-05,2660.0,2660.0,2650.0,2653.0,2653.0,6.0,CC=F,USD,NYB
2008-09-08,2642.0,2642.0,2642.0,2562.0,2562.0,1.0,CC=F,USD,NYB
2008-09-09,2599.0,2599.0,2585.0,2562.0,2562.0,0.0,CC=F,USD,NYB
2008-09-10,2588.0,2588.0,2588.0,2588.0,2588.0,0.0,CC=F,USD,NYB
2008-09-11,2510.0,2600.0,2510.0,2550.0,2550.0,0.0,CC=F,USD,NYB
2008-09-12,2550.0,2550.0,2550.0,2550.0,2550.0,0.0,CC=F,USD,NYB
2008-09-15,2597.0,2597.0,2597.0,2597.0,2597.0,7912.0,CC=F,USD,NYB
2008-09-16,2600.0,2600.0,2514.0,2570.0,2570.0,6861.0,CC=F,USD,NYB
2008-09-17,2570.0,2620.0,2542.0,2547.0,2547.0,6142.0,CC=F,USD,NYB
2008-09-18,2584.0,2721.0,2584.0,2656.0,2656.0,15265.0,CC=F,USD,NYB
2008-09-19,2647.0,2698.0,2629.0,2690.0,2690.0,4542.0,CC=F,USD,NYB
2008-09-22,2690.0,2748.0,2630.0,2726.0,2726.0,8366.0,CC=F,USD,NYB
2008-09-23,2731.0,2745.0,2685.0,2702.0,2702.0,4659.0,CC=F,USD,NYB
2008-09-24,2721.0,2785.0,2720.0,2757.0,2757.0,7091.0,CC=F,USD,NYB
2008-09-25,2760.0,2794.0,2725.0,2740.0,2740.0,4930.0,CC=F,USD,NYB
2008-09-26,2739.0,2772.0,2710.0,2743.0,2743.0,4930.0,CC=F,USD,NYB
2008-09-29,2699.0,2699.0,2515.0,2557.0,2557.0,10179.0,CC=F,USD,NYB
2008-09-30,2527.0,2596.0,2510.0,2558.0,2558.0,5793.0,CC=F,USD,NYB
2008-10-01,2575.0,2588.0,2495.0,2511.0,2511.0,4921.0,CC=F,USD,NYB
2008-10-02,2510.0,2517.0,2425.0,2451.0,2451.0,9516.0,CC=F,USD,NYB
2008-10-03,2450.0,2488.0,2414.0,2469.0,2469.0,9516.0,CC=F,USD,NYB
2008-10-06,2429.0,2432.0,2378.0,2400.0,2400.0,7984.0,CC=F,USD,NYB
2008-10-07,2400.0,2459.0,2396.0,2422.0,2422.0,6837.0,CC=F,USD,NYB
2008-10-08,2399.0,2405.0,2331.0,2342.0,2342.0,8051.0,CC=F,USD,NYB
2008-10-09,2362.0,2385.0,2325.0,2330.0,2330.0,4503.0,CC=F,USD,NYB
2008-10-10,2281.0,2300.0,2205.0,2244.0,2244.0,4503.0,CC=F,USD,NYB
2008-10-13,2275.0,2310.0,2245.0,2277.0,2277.0,4872.0,CC=F,USD,NYB
2008-10-14,2297.0,2330.0,2297.0,2307.0,2307.0,3384.0,CC=F,USD,NYB
2008-10-15,2307.0,2307.0,2190.0,2201.0,2201.0,7801.0,CC=F,USD,NYB
2008-10-16,2180.0,2181.0,2093.0,2124.0,2124.0,9567.0,CC=F,USD,NYB
2008-10-17,2144.0,2180.0,2105.0,2122.0,2122.0,9567.0,CC=F,USD,NYB
2008-10-20,2142.0,2160.0,2063.0,2085.0,2085.0,5995.0,CC=F,USD,NYB
2008-10-21,2074.0,2078.0,1999.0,2037.0,2037.0,8490.0,CC=F,USD,NYB
2008-10-22,1980.0,2031.0,1924.0,1996.0,1996.0,14089.0,CC=F,USD,NYB
2008-10-23,2010.0,2021.0,1963.0,1990.0,1990.0,8824.0,CC=F,USD,NYB
2008-10-24,1964.0,2022.0,1867.0,1977.0,1977.0,8824.0,CC=F,USD,NYB
2008-10-27,1950.0,1974.0,1881.0,1956.0,1956.0,4474.0,CC=F,USD,NYB
2008-10-28,1988.0,2042.0,1960.0,1966.0,1966.0,3583.0,CC=F,USD,NYB
2008-10-29,2001.0,2196.0,1995.0,2137.0,2137.0,7298.0,CC=F,USD,NYB
2008-10-30,2179.0,2179.0,2062.0,2084.0,2084.0,8070.0,CC=F,USD,NYB
2008-10-31,2059.0,2090.0,2037.0,2053.0,2053.0,8070.0,CC=F,USD,NYB
2008-11-03,2065.0,2090.0,1955.0,1969.0,1969.0,7500.0,CC=F,USD,NYB
2008-11-04,1955.0,2057.0,1936.0,1999.0,1999.0,8264.0,CC=F,USD,NYB
2008-11-05,1999.0,2052.0,1957.0,1973.0,1973.0,8055.0,CC=F,USD,NYB
2008-11-06,1956.0,1985.0,1903.0,1913.0,1913.0,6537.0,CC=F,USD,NYB
2008-11-07,1915.0,1968.0,1909.0,1936.0,1936.0,6537.0,CC=F,USD,NYB
2008-11-10,1944.0,2006.0,1931.0,1939.0,1939.0,7620.0,CC=F,USD,NYB
2008-11-11,1959.0,1959.0,1924.0,1940.0,1940.0,7043.0,CC=F,USD,NYB
2008-11-12,1948.0,1953.0,1904.0,1912.0,1912.0,8391.0,CC=F,USD,NYB
2008-11-13,1907.0,1947.0,1886.0,1927.0,1927.0,5690.0,CC=F,USD,NYB
2008-11-14,1931.0,2117.0,1931.0,2040.0,2040.0,5690.0,CC=F,USD,NYB
2008-11-17,2083.0,2134.0,2041.0,2117.0,2117.0,313.0,CC=F,USD,NYB
2008-11-18,2104.0,2220.0,2101.0,2192.0,2192.0,232.0,CC=F,USD,NYB
2008-11-19,2240.0,2275.0,2154.0,2183.0,2183.0,57.0,CC=F,USD,NYB
2008-11-20,2151.0,2186.0,2150.0,2179.0,2179.0,60.0,CC=F,USD,NYB
2008-11-21,2200.0,2200.0,2156.0,2170.0,2170.0,60.0,CC=F,USD,NYB
2008-11-24,2171.0,2235.0,2171.0,2213.0,2213.0,16.0,CC=F,USD,NYB
2008-11-25,2220.0,2277.0,2171.0,2256.0,2256.0,12.0,CC=F,USD,NYB
2008-11-26,2384.0,2384.0,2311.0,2311.0,2311.0,0.0,CC=F,USD,NYB
2008-11-28,2384.0,2384.0,2384.0,2372.0,2372.0,0.0,CC=F,USD,NYB
2008-12-01,2228.0,2228.0,2228.0,2210.0,2210.0,4.0,CC=F,USD,NYB
2008-12-02,2181.0,2235.0,2181.0,2251.0,2251.0,10.0,CC=F,USD,NYB
2008-12-03,2200.0,2200.0,2166.0,2223.0,2223.0,10.0,CC=F,USD,NYB
2008-12-04,2258.0,2318.0,2258.0,2249.0,2249.0,5.0,CC=F,USD,NYB
2008-12-05,2295.0,2299.0,2170.0,2214.0,2214.0,5.0,CC=F,USD,NYB
2008-12-08,2312.0,2312.0,2289.0,2289.0,2289.0,1.0,CC=F,USD,NYB
2008-12-09,2300.0,2300.0,2300.0,2257.0,2257.0,0.0,CC=F,USD,NYB
2008-12-10,2382.0,2382.0,2382.0,2382.0,2382.0,0.0,CC=F,USD,NYB
2008-12-11,2497.0,2497.0,2497.0,2400.0,2400.0,2.0,CC=F,USD,NYB
2008-12-12,2515.0,2515.0,2514.0,2418.0,2418.0,0.0,CC=F,USD,NYB
2008-12-15,2582.0,2582.0,2582.0,2582.0,2582.0,9166.0,CC=F,USD,NYB
2008-12-16,2542.0,2609.0,2520.0,2569.0,2569.0,5188.0,CC=F,USD,NYB
2008-12-17,2615.0,2679.0,2595.0,2616.0,2616.0,5650.0,CC=F,USD,NYB
2008-12-18,2616.0,2718.0,2541.0,2672.0,2672.0,9089.0,CC=F,USD,NYB
2008-12-19,2689.0,2711.0,2583.0,2595.0,2595.0,9089.0,CC=F,USD,NYB
2008-12-22,2577.0,2606.0,2554.0,2562.0,2562.0,3082.0,CC=F,USD,NYB
2008-12-23,2568.0,2692.0,2556.0,2651.0,2651.0,5100.0,CC=F,USD,NYB
2008-12-24,2662.0,2662.0,2564.0,2626.0,2626.0,5100.0,CC=F,USD,NYB
2008-12-26,2595.0,2626.0,2595.0,2626.0,2626.0,5100.0,CC=F,USD,NYB
2008-12-29,2626.0,2692.0,2460.0,2551.0,2551.0,5601.0,CC=F,USD,NYB
2008-12-30,2551.0,2554.0,2507.0,2529.0,2529.0,3796.0,CC=F,USD,NYB
2008-12-31,2548.0,2689.0,2540.0,2665.0,2665.0,3796.0,CC=F,USD,NYB
2009-01-02,2649.0,2649.0,2494.0,2540.0,2540.0,3796.0,CC=F,USD,NYB
2009-01-05,2523.0,2575.0,2510.0,2555.0,2555.0,4038.0,CC=F,USD,NYB
2009-01-06,2562.0,2638.0,2515.0,2568.0,2568.0,9425.0,CC=F,USD,NYB
2009-01-07,2599.0,2640.0,2555.0,2596.0,2596.0,9073.0,CC=F,USD,NYB
2009-01-08,2575.0,2660.0,2552.0,2616.0,2616.0,6806.0,CC=F,USD,NYB
2009-01-09,2635.0,2674.0,2569.0,2585.0,2585.0,6806.0,CC=F,USD,NYB
2009-01-12,2585.0,2585.0,2450.0,2506.0,2506.0,14929.0,CC=F,USD,NYB
2009-01-13,2480.0,2507.0,2425.0,2485.0,2485.0,7563.0,CC=F,USD,NYB
2009-01-14,2498.0,2542.0,2367.0,2398.0,2398.0,12920.0,CC=F,USD,NYB
2009-01-15,2385.0,2398.0,2351.0,2367.0,2367.0,8576.0,CC=F,USD,NYB
2009-01-16,2391.0,2492.0,2391.0,2463.0,2463.0,8576.0,CC=F,USD,NYB
2009-01-20,2400.0,2488.0,2340.0,2470.0,2470.0,8482.0,CC=F,USD,NYB
2009-01-21,2460.0,2645.0,2444.0,2602.0,2602.0,14461.0,CC=F,USD,NYB
2009-01-22,2630.0,2657.0,2570.0,2580.0,2580.0,8630.0,CC=F,USD,NYB
2009-01-23,2587.0,2680.0,2572.0,2661.0,2661.0,8630.0,CC=F,USD,NYB
2009-01-26,2671.0,2716.0,2629.0,2667.0,2667.0,5467.0,CC=F,USD,NYB
2009-01-27,2657.0,2772.0,2623.0,2745.0,2745.0,7427.0,CC=F,USD,NYB
2009-01-28,2775.0,2809.0,2750.0,2792.0,2792.0,4881.0,CC=F,USD,NYB
2009-01-29,2807.0,2837.0,2745.0,2801.0,2801.0,6242.0,CC=F,USD,NYB
2009-01-30,2795.0,2799.0,2730.0,2771.0,2771.0,6242.0,CC=F,USD,NYB
2009-02-02,2745.0,2753.0,2670.0,2720.0,2720.0,5357.0,CC=F,USD,NYB
2009-02-03,2720.0,2768.0,2695.0,2746.0,2746.0,5117.0,CC=F,USD,NYB
2009-02-04,2730.0,2749.0,2697.0,2728.0,2728.0,7408.0,CC=F,USD,NYB
2009-02-05,2700.0,2794.0,2683.0,2765.0,2765.0,8466.0,CC=F,USD,NYB
2009-02-06,2799.0,2843.0,2763.0,2828.0,2828.0,8466.0,CC=F,USD,NYB
2009-02-09,2814.0,2919.0,2779.0,2832.0,2832.0,13505.0,CC=F,USD,NYB
2009-02-10,2809.0,2828.0,2700.0,2718.0,2718.0,10181.0,CC=F,USD,NYB
2009-02-11,2710.0,2735.0,2677.0,2714.0,2714.0,5991.0,CC=F,USD,NYB
2009-02-12,2716.0,2716.0,2599.0,2644.0,2644.0,5066.0,CC=F,USD,NYB
2009-02-13,2666.0,2778.0,2666.0,2752.0,2752.0,5066.0,CC=F,USD,NYB
2009-02-17,2705.0,2735.0,2650.0,2693.0,2693.0,77.0,CC=F,USD,NYB
2009-02-18,2685.0,2685.0,2616.0,2643.0,2643.0,216.0,CC=F,USD,NYB
2009-02-19,2640.0,2695.0,2624.0,2655.0,2655.0,55.0,CC=F,USD,NYB
2009-02-20,2618.0,2620.0,2510.0,2528.0,2528.0,55.0,CC=F,USD,NYB
2009-02-23,2540.0,2540.0,2386.0,2406.0,2406.0,84.0,CC=F,USD,NYB
2009-02-24,2370.0,2430.0,2356.0,2389.0,2389.0,40.0,CC=F,USD,NYB
2009-02-25,2450.0,2520.0,2424.0,2500.0,2500.0,31.0,CC=F,USD,NYB
2009-02-26,2542.0,2542.0,2498.0,2492.0,2492.0,4.0,CC=F,USD,NYB
2009-02-27,2514.0,2514.0,2514.0,2508.0,2508.0,4.0,CC=F,USD,NYB
2009-03-02,2486.0,2486.0,2280.0,2288.0,2288.0,9.0,CC=F,USD,NYB
2009-03-03,2365.0,2365.0,2355.0,2305.0,2305.0,11.0,CC=F,USD,NYB
2009-03-04,2297.0,2330.0,2297.0,2345.0,2345.0,4.0,CC=F,USD,NYB
2009-03-05,2346.0,2346.0,2275.0,2316.0,2316.0,0.0,CC=F,USD,NYB
2009-03-06,2323.0,2323.0,2323.0,2323.0,2323.0,4.0,CC=F,USD,NYB
2009-03-09,2337.0,2337.0,2271.0,2263.0,2263.0,11.0,CC=F,USD,NYB
2009-03-10,2238.0,2238.0,2232.0,2242.0,2242.0,0.0,CC=F,USD,NYB
2009-03-11,2331.0,2331.0,2331.0,2331.0,2331.0,0.0,CC=F,USD,NYB
2009-03-12,2337.0,2337.0,2337.0,2337.0,2337.0,0.0,CC=F,USD,NYB
2009-03-13,2378.0,2378.0,2378.0,2378.0,2378.0,0.0,CC=F,USD,NYB
2009-03-16,2420.0,2420.0,2420.0,2420.0,2420.0,7302.0,CC=F,USD,NYB
2009-03-17,2419.0,2423.0,2375.0,2396.0,2396.0,5378.0,CC=F,USD,NYB
2009-03-18,2390.0,2495.0,2365.0,2451.0,2451.0,8299.0,CC=F,USD,NYB
2009-03-19,2486.0,2598.0,2478.0,2591.0,2591.0,11782.0,CC=F,USD,NYB
2009-03-20,2570.0,2597.0,2551.0,2585.0,2585.0,0.0,CC=F,USD,NYB
2009-03-23,2606.0,2624.0,2558.0,2593.0,2593.0,5831.0,CC=F,USD,NYB
2009-03-24,2600.0,2626.0,2596.0,2609.0,2609.0,5244.0,CC=F,USD,NYB
2009-03-25,2598.0,2614.0,2542.0,2586.0,2586.0,7684.0,CC=F,USD,NYB
2009-03-26,2597.0,2626.0,2562.0,2592.0,2592.0,5325.0,CC=F,USD,NYB
2009-03-27,2562.0,2597.0,2515.0,2573.0,2573.0,5325.0,CC=F,USD,NYB
2009-03-30,2564.0,2590.0,2543.0,2576.0,2576.0,5407.0,CC=F,USD,NYB
2009-03-31,2576.0,2620.0,2562.0,2605.0,2605.0,7726.0,CC=F,USD,NYB
2009-04-01,2599.0,2622.0,2571.0,2618.0,2618.0,5589.0,CC=F,USD,NYB
2009-04-02,2629.0,2725.0,2621.0,2701.0,2701.0,11391.0,CC=F,USD,NYB
2009-04-03,2701.0,2795.0,2680.0,2787.0,2787.0,11391.0,CC=F,USD,NYB
2009-04-06,2785.0,2786.0,2531.0,2548.0,2548.0,11676.0,CC=F,USD,NYB
2009-04-07,2548.0,2675.0,2511.0,2664.0,2664.0,10133.0,CC=F,USD,NYB
2009-04-08,2630.0,2632.0,2540.0,2548.0,2548.0,6407.0,CC=F,USD,NYB
2009-04-09,2560.0,2607.0,2531.0,2555.0,2555.0,6407.0,CC=F,USD,NYB
2009-04-13,2540.0,2592.0,2526.0,2561.0,2561.0,2920.0,CC=F,USD,NYB
2009-04-14,2555.0,2568.0,2456.0,2464.0,2464.0,8514.0,CC=F,USD,NYB
2009-04-15,2472.0,2480.0,2410.0,2425.0,2425.0,3144.0,CC=F,USD,NYB
2009-04-16,2430.0,2430.0,2331.0,2339.0,2339.0,4885.0,CC=F,USD,NYB
2009-04-17,2350.0,2415.0,2307.0,2402.0,2402.0,4885.0,CC=F,USD,NYB
2009-04-20,2355.0,2380.0,2355.0,2354.0,2354.0,187.0,CC=F,USD,NYB
2009-04-21,2342.0,2400.0,2340.0,2410.0,2410.0,56.0,CC=F,USD,NYB
2009-04-22,2360.0,2373.0,2356.0,2370.0,2370.0,16.0,CC=F,USD,NYB
2009-04-23,2403.0,2425.0,2397.0,2440.0,2440.0,10.0,CC=F,USD,NYB
2009-04-24,2457.0,2457.0,2422.0,2429.0,2429.0,10.0,CC=F,USD,NYB
2009-04-27,2399.0,2400.0,2356.0,2368.0,2368.0,52.0,CC=F,USD,NYB
2009-04-28,2389.0,2389.0,2372.0,2380.0,2380.0,5.0,CC=F,USD,NYB
2009-04-29,2370.0,2370.0,2370.0,2379.0,2379.0,0.0,CC=F,USD,NYB
2009-04-30,2345.0,2345.0,2345.0,2345.0,2345.0,4.0,CC=F,USD,NYB
2009-05-01,2290.0,2290.0,2290.0,2301.0,2301.0,0.0,CC=F,USD,NYB
2009-05-04,2300.0,2300.0,2300.0,2300.0,2300.0,0.0,CC=F,USD,NYB
2009-05-05,2310.0,2310.0,2310.0,2347.0,2347.0,2.0,CC=F,USD,NYB
2009-05-06,2363.0,2365.0,2360.0,2341.0,2341.0,27.0,CC=F,USD,NYB
2009-05-07,2425.0,2435.0,2425.0,2435.0,2435.0,0.0,CC=F,USD,NYB
2009-05-08,2488.0,2488.0,2488.0,2488.0,2488.0,0.0,CC=F,USD,NYB
2009-05-11,2433.0,2434.0,2433.0,2449.0,2449.0,0.0,CC=F,USD,NYB
2009-05-12,2353.0,2353.0,2353.0,2353.0,2353.0,0.0,CC=F,USD,NYB
2009-05-13,2340.0,2341.0,2340.0,2302.0,2302.0,6623.0,CC=F,USD,NYB
2009-05-14,2321.0,2326.0,2262.0,2310.0,2310.0,7736.0,CC=F,USD,NYB
2009-05-15,2312.0,2349.0,2303.0,2338.0,2338.0,7736.0,CC=F,USD,NYB
2009-05-18,2347.0,2354.0,2292.0,2297.0,2297.0,5047.0,CC=F,USD,NYB
2009-05-19,2304.0,2337.0,2298.0,2313.0,2313.0,6048.0,CC=F,USD,NYB
2009-05-20,2323.0,2377.0,2292.0,2361.0,2361.0,5611.0,CC=F,USD,NYB
2009-05-21,2361.0,2389.0,2326.0,2380.0,2380.0,5102.0,CC=F,USD,NYB
2009-05-22,2381.0,2435.0,2371.0,2420.0,2420.0,5102.0,CC=F,USD,NYB
2009-05-26,2414.0,2421.0,2380.0,2414.0,2414.0,5567.0,CC=F,USD,NYB
2009-05-27,2409.0,2530.0,2409.0,2509.0,2509.0,13335.0,CC=F,USD,NYB
2009-05-28,2499.0,2598.0,2476.0,2583.0,2583.0,9109.0,CC=F,USD,NYB
2009-05-29,2587.0,2646.0,2575.0,2588.0,2588.0,9109.0,CC=F,USD,NYB
2009-06-01,2600.0,2646.0,2587.0,2641.0,2641.0,7210.0,CC=F,USD,NYB
2009-06-02,2627.0,2675.0,2606.0,2671.0,2671.0,8171.0,CC=F,USD,NYB
2009-06-03,2667.0,2752.0,2615.0,2734.0,2734.0,13939.0,CC=F,USD,NYB
2009-06-04,2710.0,2729.0,2640.0,2708.0,2708.0,7927.0,CC=F,USD,NYB
2009-06-05,2708.0,2766.0,2687.0,2707.0,2707.0,7927.0,CC=F,USD,NYB
2009-06-08,2704.0,2726.0,2672.0,2699.0,2699.0,5865.0,CC=F,USD,NYB
2009-06-09,2714.0,2783.0,2703.0,2768.0,2768.0,8342.0,CC=F,USD,NYB
2009-06-10,2741.0,2800.0,2734.0,2763.0,2763.0,8454.0,CC=F,USD,NYB
2009-06-11,2758.0,2823.0,2758.0,2813.0,2813.0,6787.0,CC=F,USD,NYB
2009-06-12,2801.0,2805.0,2743.0,2761.0,2761.0,6787.0,CC=F,USD,NYB
2009-06-15,2746.0,2747.0,2588.0,2601.0,2601.0,2789.0,CC=F,USD,NYB
2009-06-16,2604.0,2650.0,2605.0,2623.0,2623.0,3362.0,CC=F,USD,NYB
2009-06-17,2585.0,2585.0,2499.0,2514.0,2514.0,619.0,CC=F,USD,NYB
2009-06-18,2530.0,2552.0,2520.0,2538.0,2538.0,130.0,CC=F,USD,NYB
2009-06-19,2530.0,2536.0,2500.0,2505.0,2505.0,130.0,CC=F,USD,NYB
2009-06-22,2481.0,2481.0,2454.0,2453.0,2453.0,26.0,CC=F,USD,NYB
2009-06-23,2456.0,2472.0,2455.0,2474.0,2474.0,23.0,CC=F,USD,NYB
2009-06-24,2523.0,2540.0,2477.0,2486.0,2486.0,33.0,CC=F,USD,NYB
2009-06-25,2443.0,2443.0,2421.0,2526.0,2526.0,7.0,CC=F,USD,NYB
2009-06-26,2475.0,2538.0,2475.0,2525.0,2525.0,7.0,CC=F,USD,NYB
2009-06-29,2552.0,2552.0,2552.0,2525.0,2525.0,2.0,CC=F,USD,NYB
2009-06-30,2498.0,2498.0,2498.0,2487.0,2487.0,0.0,CC=F,USD,NYB
2009-07-01,2477.0,2477.0,2477.0,2477.0,2477.0,4.0,CC=F,USD,NYB
2009-07-02,2461.0,2475.0,2460.0,2477.0,2477.0,0.0,CC=F,USD,NYB
2009-07-06,2448.0,2448.0,2448.0,2448.0,2448.0,0.0,CC=F,USD,NYB
2009-07-07,2493.0,2493.0,2493.0,2442.0,2442.0,1.0,CC=F,USD,NYB
2009-07-08,2470.0,2470.0,2470.0,2509.0,2509.0,1.0,CC=F,USD,NYB
2009-07-09,2541.0,2541.0,2541.0,2619.0,2619.0,6.0,CC=F,USD,NYB
2009-07-10,2620.0,2620.0,2620.0,2625.0,2625.0,6.0,CC=F,USD,NYB
2009-07-13,2636.0,2636.0,2636.0,2636.0,2636.0,0.0,CC=F,USD,NYB
2009-07-14,2700.0,2700.0,2700.0,2700.0,2700.0,0.0,CC=F,USD,NYB
2009-07-15,2705.0,2705.0,2705.0,2690.0,2690.0,1.0,CC=F,USD,NYB
2009-07-16,2664.0,2666.0,2664.0,2647.0,2647.0,5118.0,CC=F,USD,NYB
2009-07-17,2670.0,2786.0,2660.0,2762.0,2762.0,8035.0,CC=F,USD,NYB
2009-07-20,2773.0,2889.0,2773.0,2868.0,2868.0,9169.0,CC=F,USD,NYB
2009-07-21,2855.0,2885.0,2837.0,2875.0,2875.0,6471.0,CC=F,USD,NYB
2009-07-22,2857.0,2857.0,2729.0,2752.0,2752.0,9919.0,CC=F,USD,NYB
2009-07-23,2772.0,2922.0,2771.0,2883.0,2883.0,9206.0,CC=F,USD,NYB
2009-07-24,2868.0,2920.0,2833.0,2907.0,2907.0,7758.0,CC=F,USD,NYB
2009-07-27,2920.0,2935.0,2847.0,2870.0,2870.0,4620.0,CC=F,USD,NYB
2009-07-28,2880.0,2935.0,2861.0,2879.0,2879.0,5192.0,CC=F,USD,NYB
2009-07-29,2862.0,2895.0,2780.0,2803.0,2803.0,6632.0,CC=F,USD,NYB
2009-07-30,2798.0,2930.0,2798.0,2898.0,2898.0,9186.0,CC=F,USD,NYB
2009-07-31,2898.0,2903.0,2845.0,2892.0,2892.0,4696.0,CC=F,USD,NYB
2009-08-03,2910.0,2964.0,2860.0,2935.0,2935.0,11750.0,CC=F,USD,NYB
2009-08-04,2935.0,2952.0,2880.0,2945.0,2945.0,7295.0,CC=F,USD,NYB
2009-08-05,2945.0,2945.0,2852.0,2862.0,2862.0,7485.0,CC=F,USD,NYB
2009-08-06,2867.0,2892.0,2808.0,2810.0,2810.0,8315.0,CC=F,USD,NYB
2009-08-07,2803.0,2850.0,2791.0,2837.0,2837.0,9951.0,CC=F,USD,NYB
2009-08-10,2853.0,2964.0,2834.0,2899.0,2899.0,8487.0,CC=F,USD,NYB
2009-08-11,2871.0,2904.0,2792.0,2824.0,2824.0,9327.0,CC=F,USD,NYB
2009-08-12,2795.0,2869.0,2778.0,2862.0,2862.0,13854.0,CC=F,USD,NYB
2009-08-13,2855.0,2927.0,2845.0,2899.0,2899.0,8416.0,CC=F,USD,NYB
2009-08-14,2885.0,2907.0,2817.0,2820.0,2820.0,8856.0,CC=F,USD,NYB
2009-08-17,2811.0,2820.0,2720.0,2722.0,2722.0,3367.0,CC=F,USD,NYB
2009-08-18,2722.0,2761.0,2700.0,2744.0,2744.0,237.0,CC=F,USD,NYB
2009-08-19,2718.0,2954.0,2695.0,2868.0,2868.0,237.0,CC=F,USD,NYB
2009-08-20,2874.0,2916.0,2874.0,2908.0,2908.0,51.0,CC=F,USD,NYB
2009-08-21,2931.0,2982.0,2923.0,2949.0,2949.0,71.0,CC=F,USD,NYB
2009-08-24,2932.0,2965.0,2905.0,2911.0,2911.0,39.0,CC=F,USD,NYB
2009-08-25,2976.0,3001.0,2955.0,2998.0,2998.0,23.0,CC=F,USD,NYB
2009-08-26,2951.0,2982.0,2940.0,2938.0,2938.0,54.0,CC=F,USD,NYB
2009-08-27,2894.0,2894.0,2780.0,2796.0,2796.0,18.0,CC=F,USD,NYB
2009-08-28,2800.0,2800.0,2780.0,2780.0,2780.0,13.0,CC=F,USD,NYB
2009-08-31,2762.0,2782.0,2750.0,2772.0,2772.0,15.0,CC=F,USD,NYB
2009-09-01,2819.0,2838.0,2797.0,2804.0,2804.0,6.0,CC=F,USD,NYB
2009-09-02,2837.0,2837.0,2837.0,2923.0,2923.0,1.0,CC=F,USD,NYB
2009-09-03,2936.0,2961.0,2916.0,2898.0,2898.0,38.0,CC=F,USD,NYB
2009-09-04,2933.0,2933.0,2902.0,2896.0,2896.0,0.0,CC=F,USD,NYB
2009-09-08,2971.0,2971.0,2939.0,2940.0,2940.0,9.0,CC=F,USD,NYB
2009-09-09,3014.0,3015.0,3014.0,3016.0,3016.0,11.0,CC=F,USD,NYB
2009-09-10,3015.0,3066.0,2998.0,3045.0,3045.0,12.0,CC=F,USD,NYB
2009-09-11,3075.0,3075.0,3069.0,3055.0,3055.0,8.0,CC=F,USD,NYB
2009-09-14,2957.0,3052.0,2957.0,3011.0,3011.0,20.0,CC=F,USD,NYB
2009-09-15,3015.0,3015.0,3015.0,3048.0,3048.0,6979.0,CC=F,USD,NYB
2009-09-16,3130.0,3150.0,2920.0,3074.0,3074.0,22989.0,CC=F,USD,NYB
2009-09-17,3075.0,3110.0,3062.0,3074.0,3074.0,4531.0,CC=F,USD,NYB
2009-09-18,3047.0,3130.0,3025.0,3112.0,3112.0,7519.0,CC=F,USD,NYB
2009-09-21,3099.0,3119.0,3032.0,3076.0,3076.0,6686.0,CC=F,USD,NYB
2009-09-22,3095.0,3175.0,3091.0,3170.0,3170.0,7875.0,CC=F,USD,NYB
2009-09-23,3169.0,3219.0,3136.0,3155.0,3155.0,6325.0,CC=F,USD,NYB
2009-09-24,3136.0,3136.0,3055.0,3066.0,3066.0,7734.0,CC=F,USD,NYB
2009-09-25,3055.0,3114.0,3035.0,3083.0,3083.0,3623.0,CC=F,USD,NYB
2009-09-28,3077.0,3094.0,3054.0,3085.0,3085.0,2683.0,CC=F,USD,NYB
2009-09-29,3066.0,3106.0,3020.0,3056.0,3056.0,4935.0,CC=F,USD,NYB
2009-09-30,3075.0,3158.0,3066.0,3140.0,3140.0,9778.0,CC=F,USD,NYB
2009-10-01,3140.0,3155.0,3070.0,3092.0,3092.0,7736.0,CC=F,USD,NYB
2009-10-02,3083.0,3083.0,2975.0,3001.0,3001.0,13959.0,CC=F,USD,NYB
2009-10-05,3015.0,3268.0,2967.0,3240.0,3240.0,18019.0,CC=F,USD,NYB
2009-10-06,3242.0,3248.0,3162.0,3211.0,3211.0,9440.0,CC=F,USD,NYB
2009-10-07,3206.0,3257.0,3206.0,3242.0,3242.0,4822.0,CC=F,USD,NYB
2009-10-08,3245.0,3280.0,3232.0,3244.0,3244.0,6948.0,CC=F,USD,NYB
2009-10-09,3247.0,3329.0,3175.0,3243.0,3243.0,7718.0,CC=F,USD,NYB
2009-10-12,3176.0,3185.0,3050.0,3068.0,3068.0,11145.0,CC=F,USD,NYB
2009-10-13,3091.0,3162.0,3085.0,3096.0,3096.0,6887.0,CC=F,USD,NYB
2009-10-14,3103.0,3173.0,3103.0,3149.0,3149.0,5502.0,CC=F,USD,NYB
2009-10-15,3160.0,3272.0,3160.0,3267.0,3267.0,9710.0,CC=F,USD,NYB
2009-10-16,3250.0,3287.0,3208.0,3273.0,3273.0,7882.0,CC=F,USD,NYB
2009-10-19,3271.0,3328.0,3241.0,3305.0,3305.0,8003.0,CC=F,USD,NYB
2009-10-20,3297.0,3345.0,3297.0,3333.0,3333.0,7373.0,CC=F,USD,NYB
2009-10-21,3345.0,3387.0,3324.0,3384.0,3384.0,8669.0,CC=F,USD,NYB
2009-10-22,3372.0,3394.0,3327.0,3392.0,3392.0,6347.0,CC=F,USD,NYB
2009-10-23,3392.0,3412.0,3348.0,3365.0,3365.0,8178.0,CC=F,USD,NYB
2009-10-26,3370.0,3405.0,3283.0,3354.0,3354.0,10506.0,CC=F,USD,NYB
2009-10-27,3374.0,3384.0,3315.0,3347.0,3347.0,6301.0,CC=F,USD,NYB
2009-10-28,3349.0,3349.0,3263.0,3328.0,3328.0,11677.0,CC=F,USD,NYB
2009-10-29,3330.0,3366.0,3280.0,3355.0,3355.0,7502.0,CC=F,USD,NYB
2009-10-30,3345.0,3347.0,3290.0,3297.0,3297.0,11234.0,CC=F,USD,NYB
2009-11-02,3297.0,3318.0,3230.0,3250.0,3250.0,12048.0,CC=F,USD,NYB
2009-11-03,3248.0,3301.0,3223.0,3274.0,3274.0,10156.0,CC=F,USD,NYB
2009-11-04,3284.0,3315.0,3244.0,3272.0,3272.0,12337.0,CC=F,USD,NYB
2009-11-05,3257.0,3274.0,3188.0,3218.0,3218.0,13267.0,CC=F,USD,NYB
2009-11-06,3213.0,3245.0,3178.0,3186.0,3186.0,11531.0,CC=F,USD,NYB
2009-11-09,3215.0,3228.0,3155.0,3162.0,3162.0,15844.0,CC=F,USD,NYB
2009-11-10,3170.0,3178.0,3055.0,3089.0,3089.0,11234.0,CC=F,USD,NYB
2009-11-11,3094.0,3158.0,3074.0,3152.0,3152.0,10125.0,CC=F,USD,NYB
2009-11-12,3143.0,3150.0,3066.0,3073.0,3073.0,7150.0,CC=F,USD,NYB
2009-11-13,3086.0,3088.0,3039.0,3073.0,3073.0,8355.0,CC=F,USD,NYB
2009-11-16,3080.0,3130.0,3080.0,3092.0,3092.0,1175.0,CC=F,USD,NYB
2009-11-17,3102.0,3103.0,3072.0,3086.0,3086.0,144.0,CC=F,USD,NYB
2009-11-18,3115.0,3229.0,3099.0,3199.0,3199.0,147.0,CC=F,USD,NYB
2009-11-19,3191.0,3198.0,3141.0,3141.0,3141.0,60.0,CC=F,USD,NYB
2009-11-20,3144.0,3261.0,3133.0,3245.0,3245.0,53.0,CC=F,USD,NYB
2009-11-23,3249.0,3258.0,3232.0,3242.0,3242.0,29.0,CC=F,USD,NYB
2009-11-24,3224.0,3224.0,3200.0,3205.0,3205.0,50.0,CC=F,USD,NYB
2009-11-25,3286.0,3287.0,3268.0,3278.0,3278.0,0.0,CC=F,USD,NYB
2009-11-27,3228.0,3235.0,3166.0,3232.0,3232.0,36.0,CC=F,USD,NYB
2009-11-30,3263.0,3263.0,3206.0,3214.0,3214.0,22.0,CC=F,USD,NYB
2009-12-01,3244.0,3358.0,3244.0,3315.0,3315.0,63.0,CC=F,USD,NYB
2009-12-02,3335.0,3338.0,3314.0,3317.0,3317.0,98.0,CC=F,USD,NYB
2009-12-03,3320.0,3370.0,3320.0,3378.0,3378.0,27.0,CC=F,USD,NYB
2009-12-04,3370.0,3394.0,3369.0,3361.0,3361.0,19.0,CC=F,USD,NYB
2009-12-07,3351.0,3383.0,3351.0,3379.0,3379.0,19.0,CC=F,USD,NYB
2009-12-08,3354.0,3375.0,3350.0,3368.0,3368.0,19.0,CC=F,USD,NYB
2009-12-09,3430.0,3430.0,3430.0,3417.0,3417.0,1.0,CC=F,USD,NYB
2009-12-10,3417.0,3417.0,3412.0,3423.0,3423.0,4.0,CC=F,USD,NYB
2009-12-11,3423.0,3437.0,3400.0,3409.0,3409.0,13.0,CC=F,USD,NYB
2009-12-14,3435.0,3440.0,3410.0,3401.0,3401.0,7.0,CC=F,USD,NYB
2009-12-15,3410.0,3410.0,3410.0,3355.0,3355.0,7930.0,CC=F,USD,NYB
2009-12-16,3385.0,3510.0,3377.0,3498.0,3498.0,14643.0,CC=F,USD,NYB
2009-12-17,3476.0,3490.0,3400.0,3424.0,3424.0,10124.0,CC=F,USD,NYB
2009-12-18,3455.0,3469.0,3249.0,3251.0,3251.0,15613.0,CC=F,USD,NYB
2009-12-21,3265.0,3310.0,3248.0,3251.0,3251.0,7699.0,CC=F,USD,NYB
2009-12-22,3275.0,3298.0,3237.0,3265.0,3265.0,6461.0,CC=F,USD,NYB
2009-12-23,3275.0,3290.0,3246.0,3251.0,3251.0,3190.0,CC=F,USD,NYB
2009-12-24,3277.0,3282.0,3268.0,3271.0,3271.0,0.0,CC=F,USD,NYB
2009-12-28,3287.0,3299.0,3223.0,3230.0,3230.0,2926.0,CC=F,USD,NYB
2009-12-29,3232.0,3275.0,3230.0,3237.0,3237.0,3982.0,CC=F,USD,NYB
2009-12-30,3231.0,3269.0,3231.0,3247.0,3247.0,2655.0,CC=F,USD,NYB
2009-12-31,3253.0,3321.0,3232.0,3289.0,3289.0,0.0,CC=F,USD,NYB
2010-01-04,3288.0,3311.0,3245.0,3256.0,3256.0,6405.0,CC=F,USD,NYB
2010-01-05,3250.0,3333.0,3246.0,3321.0,3321.0,6831.0,CC=F,USD,NYB
2010-01-06,3300.0,3306.0,3272.0,3292.0,3292.0,6481.0,CC=F,USD,NYB
2010-01-07,3278.0,3313.0,3257.0,3309.0,3309.0,6957.0,CC=F,USD,NYB
2010-01-08,3281.0,3326.0,3281.0,3296.0,3296.0,4606.0,CC=F,USD,NYB
2010-01-11,3307.0,3347.0,3307.0,3343.0,3343.0,7729.0,CC=F,USD,NYB
2010-01-12,3333.0,3352.0,3282.0,3342.0,3342.0,8932.0,CC=F,USD,NYB
2010-01-13,3326.0,3400.0,3307.0,3389.0,3389.0,7523.0,CC=F,USD,NYB
2010-01-14,3363.0,3418.0,3363.0,3392.0,3392.0,6213.0,CC=F,USD,NYB
2010-01-15,3400.0,3429.0,3380.0,3400.0,3400.0,6393.0,CC=F,USD,NYB
2010-01-19,3428.0,3473.0,3402.0,3461.0,3461.0,9014.0,CC=F,USD,NYB
2010-01-20,3450.0,3458.0,3413.0,3422.0,3422.0,6239.0,CC=F,USD,NYB
2010-01-21,3414.0,3485.0,3411.0,3431.0,3431.0,6507.0,CC=F,USD,NYB
2010-01-22,3432.0,3443.0,3356.0,3425.0,3425.0,10254.0,CC=F,USD,NYB
2010-01-25,3423.0,3423.0,3382.0,3406.0,3406.0,4837.0,CC=F,USD,NYB
2010-01-26,3395.0,3410.0,3312.0,3363.0,3363.0,11964.0,CC=F,USD,NYB
2010-01-27,3357.0,3370.0,3172.0,3268.0,3268.0,19833.0,CC=F,USD,NYB
2010-01-28,3275.0,3287.0,3211.0,3260.0,3260.0,12089.0,CC=F,USD,NYB
2010-01-29,3285.0,3287.0,3175.0,3184.0,3184.0,12055.0,CC=F,USD,NYB
2010-02-01,3191.0,3203.0,3143.0,3152.0,3152.0,10187.0,CC=F,USD,NYB
2010-02-02,3150.0,3154.0,3040.0,3132.0,3132.0,15805.0,CC=F,USD,NYB
2010-02-03,3136.0,3154.0,3070.0,3144.0,3144.0,12085.0,CC=F,USD,NYB
2010-02-04,3130.0,3150.0,3060.0,3090.0,3090.0,12914.0,CC=F,USD,NYB
2010-02-05,3062.0,3090.0,2965.0,2972.0,2972.0,14250.0,CC=F,USD,NYB
2010-02-08,3008.0,3029.0,2955.0,3019.0,3019.0,14284.0,CC=F,USD,NYB
2010-02-09,3019.0,3020.0,2978.0,3003.0,3003.0,10653.0,CC=F,USD,NYB
2010-02-10,2988.0,3027.0,2967.0,3012.0,3012.0,7571.0,CC=F,USD,NYB
2010-02-11,3027.0,3100.0,3006.0,3089.0,3089.0,4953.0,CC=F,USD,NYB
2010-02-12,3094.0,3124.0,3019.0,3093.0,3093.0,923.0,CC=F,USD,NYB
2010-02-16,3115.0,3165.0,3115.0,3153.0,3153.0,168.0,CC=F,USD,NYB
2010-02-17,3120.0,3150.0,3060.0,3079.0,3079.0,172.0,CC=F,USD,NYB
2010-02-18,3075.0,3096.0,3066.0,3071.0,3071.0,57.0,CC=F,USD,NYB
2010-02-19,3084.0,3114.0,3054.0,3098.0,3098.0,41.0,CC=F,USD,NYB
2010-02-22,3099.0,3141.0,3054.0,3074.0,3074.0,36.0,CC=F,USD,NYB
2010-02-23,3068.0,3068.0,2906.0,2931.0,2931.0,47.0,CC=F,USD,NYB
2010-02-24,2947.0,2965.0,2903.0,2955.0,2955.0,29.0,CC=F,USD,NYB
2010-02-25,2948.0,2963.0,2896.0,2917.0,2917.0,147.0,CC=F,USD,NYB
2010-02-26,2938.0,2942.0,2914.0,2917.0,2917.0,46.0,CC=F,USD,NYB
2010-03-01,2917.0,2917.0,2817.0,2855.0,2855.0,42.0,CC=F,USD,NYB
2010-03-02,2875.0,2875.0,2816.0,2819.0,2819.0,11.0,CC=F,USD,NYB
2010-03-03,2801.0,2804.0,2780.0,2813.0,2813.0,29.0,CC=F,USD,NYB
2010-03-04,2808.0,2814.0,2800.0,2812.0,2812.0,10.0,CC=F,USD,NYB
2010-03-05,2839.0,2840.0,2818.0,2855.0,2855.0,6.0,CC=F,USD,NYB
2010-03-08,2868.0,2868.0,2820.0,2827.0,2827.0,18.0,CC=F,USD,NYB
2010-03-09,2810.0,2810.0,2761.0,2787.0,2787.0,35.0,CC=F,USD,NYB
2010-03-10,2791.0,2840.0,2791.0,2838.0,2838.0,4.0,CC=F,USD,NYB
2010-03-11,2855.0,2855.0,2855.0,2844.0,2844.0,5.0,CC=F,USD,NYB
2010-03-12,2844.0,2844.0,2820.0,2910.0,2910.0,5.0,CC=F,USD,NYB
2010-03-15,2832.0,2871.0,2832.0,2853.0,2853.0,0.0,CC=F,USD,NYB
2010-03-16,2835.0,2835.0,2835.0,2835.0,2835.0,8417.0,CC=F,USD,NYB
2010-03-17,2858.0,2941.0,2855.0,2905.0,2905.0,7328.0,CC=F,USD,NYB
2010-03-18,2908.0,2963.0,2873.0,2893.0,2893.0,8337.0,CC=F,USD,NYB
2010-03-19,2882.0,2913.0,2804.0,2834.0,2834.0,6328.0,CC=F,USD,NYB
2010-03-22,2844.0,2898.0,2782.0,2873.0,2873.0,7125.0,CC=F,USD,NYB
2010-03-23,2880.0,2935.0,2857.0,2895.0,2895.0,6560.0,CC=F,USD,NYB
2010-03-24,2886.0,2886.0,2804.0,2833.0,2833.0,7187.0,CC=F,USD,NYB
2010-03-25,2833.0,2854.0,2782.0,2820.0,2820.0,7531.0,CC=F,USD,NYB
2010-03-26,2820.0,2872.0,2796.0,2854.0,2854.0,5678.0,CC=F,USD,NYB
2010-03-29,2854.0,2932.0,2854.0,2925.0,2925.0,6338.0,CC=F,USD,NYB
2010-03-30,2925.0,2980.0,2925.0,2969.0,2969.0,9423.0,CC=F,USD,NYB
2010-03-31,2960.0,2991.0,2891.0,2969.0,2969.0,8764.0,CC=F,USD,NYB
2010-04-01,2964.0,3000.0,2941.0,2990.0,2990.0,0.0,CC=F,USD,NYB
2010-04-05,2970.0,2985.0,2926.0,2953.0,2953.0,6796.0,CC=F,USD,NYB
2010-04-06,2959.0,2980.0,2860.0,2913.0,2913.0,10325.0,CC=F,USD,NYB
2010-04-07,2882.0,2900.0,2845.0,2855.0,2855.0,10474.0,CC=F,USD,NYB
2010-04-08,2850.0,2894.0,2834.0,2861.0,2861.0,10264.0,CC=F,USD,NYB
2010-04-09,2864.0,2891.0,2841.0,2856.0,2856.0,0.0,CC=F,USD,NYB
2010-04-12,2870.0,2933.0,2851.0,2919.0,2919.0,9382.0,CC=F,USD,NYB
2010-04-13,2920.0,2926.0,2817.0,2868.0,2868.0,9592.0,CC=F,USD,NYB
2010-04-14,2872.0,2902.0,2866.0,2890.0,2890.0,5817.0,CC=F,USD,NYB
2010-04-15,2891.0,2900.0,2836.0,2876.0,2876.0,3539.0,CC=F,USD,NYB
2010-04-16,2888.0,2968.0,2887.0,2965.0,2965.0,2777.0,CC=F,USD,NYB
2010-04-19,2920.0,2968.0,2920.0,2942.0,2942.0,263.0,CC=F,USD,NYB
2010-04-20,2937.0,3045.0,2937.0,3031.0,3031.0,64.0,CC=F,USD,NYB
2010-04-21,3037.0,3074.0,3036.0,3073.0,3073.0,23.0,CC=F,USD,NYB
2010-04-22,3075.0,3138.0,3054.0,3125.0,3125.0,51.0,CC=F,USD,NYB
2010-04-23,3158.0,3171.0,3140.0,3182.0,3182.0,12.0,CC=F,USD,NYB
2010-04-26,3210.0,3232.0,3210.0,3219.0,3219.0,5.0,CC=F,USD,NYB
2010-04-27,3234.0,3234.0,3220.0,3195.0,3195.0,4.0,CC=F,USD,NYB
2010-04-28,3187.0,3210.0,3176.0,3184.0,3184.0,0.0,CC=F,USD,NYB
2010-04-29,3198.0,3198.0,3198.0,3198.0,3198.0,38.0,CC=F,USD,NYB
2010-04-30,3202.0,3213.0,3202.0,3229.0,3229.0,2.0,CC=F,USD,NYB
2010-05-03,3225.0,3232.0,3222.0,3220.0,3220.0,11.0,CC=F,USD,NYB
2010-05-04,3222.0,3222.0,3138.0,3159.0,3159.0,14.0,CC=F,USD,NYB
2010-05-05,3217.0,3217.0,3217.0,3190.0,3190.0,7.0,CC=F,USD,NYB
2010-05-06,3215.0,3215.0,3181.0,3190.0,3190.0,16.0,CC=F,USD,NYB
2010-05-07,3118.0,3118.0,3000.0,3000.0,3000.0,0.0,CC=F,USD,NYB
2010-05-10,3061.0,3061.0,3061.0,3061.0,3061.0,16.0,CC=F,USD,NYB
2010-05-11,3010.0,3010.0,2945.0,2955.0,2955.0,4.0,CC=F,USD,NYB
2010-05-12,2960.0,2960.0,2960.0,2959.0,2959.0,6.0,CC=F,USD,NYB
2010-05-13,2931.0,2946.0,2931.0,2900.0,2900.0,9716.0,CC=F,USD,NYB
2010-05-14,2908.0,2912.0,2806.0,2812.0,2812.0,12428.0,CC=F,USD,NYB
2010-05-17,2812.0,2824.0,2767.0,2814.0,2814.0,10139.0,CC=F,USD,NYB
2010-05-18,2834.0,2855.0,2804.0,2849.0,2849.0,10964.0,CC=F,USD,NYB
2010-05-19,2807.0,2842.0,2791.0,2830.0,2830.0,10850.0,CC=F,USD,NYB
2010-05-20,2830.0,2852.0,2790.0,2839.0,2839.0,6917.0,CC=F,USD,NYB
2010-05-21,2839.0,2899.0,2811.0,2895.0,2895.0,11391.0,CC=F,USD,NYB
2010-05-24,2881.0,2919.0,2855.0,2915.0,2915.0,8055.0,CC=F,USD,NYB
2010-05-25,2886.0,2938.0,2874.0,2922.0,2922.0,6975.0,CC=F,USD,NYB
2010-05-26,2926.0,2943.0,2869.0,2904.0,2904.0,10431.0,CC=F,USD,NYB
2010-05-27,2920.0,3018.0,2899.0,2973.0,2973.0,8886.0,CC=F,USD,NYB
2010-05-28,2984.0,3001.0,2946.0,2965.0,2965.0,7173.0,CC=F,USD,NYB
2010-06-01,2959.0,3000.0,2889.0,2990.0,2990.0,8574.0,CC=F,USD,NYB
2010-06-02,2976.0,3050.0,2972.0,3042.0,3042.0,11859.0,CC=F,USD,NYB
2010-06-03,3049.0,3065.0,3039.0,3048.0,3048.0,7299.0,CC=F,USD,NYB
2010-06-04,3048.0,3067.0,2894.0,2919.0,2919.0,16300.0,CC=F,USD,NYB
2010-06-07,2911.0,2956.0,2903.0,2927.0,2927.0,10424.0,CC=F,USD,NYB
2010-06-08,2939.0,2969.0,2932.0,2962.0,2962.0,8764.0,CC=F,USD,NYB
2010-06-09,2967.0,2991.0,2942.0,2972.0,2972.0,8925.0,CC=F,USD,NYB
2010-06-10,2970.0,3004.0,2890.0,2919.0,2919.0,7905.0,CC=F,USD,NYB
2010-06-11,2909.0,2999.0,2907.0,2919.0,2919.0,7112.0,CC=F,USD,NYB
2010-06-14,2957.0,2983.0,2933.0,2953.0,2953.0,3744.0,CC=F,USD,NYB
2010-06-15,2953.0,2966.0,2905.0,2933.0,2933.0,9656.0,CC=F,USD,NYB
2010-06-16,2924.0,2947.0,2904.0,2911.0,2911.0,3873.0,CC=F,USD,NYB
2010-06-17,2929.0,2929.0,2892.0,2914.0,2914.0,330.0,CC=F,USD,NYB
2010-06-18,2920.0,2954.0,2901.0,2932.0,2932.0,109.0,CC=F,USD,NYB
2010-06-21,2970.0,2970.0,2950.0,2959.0,2959.0,30.0,CC=F,USD,NYB
2010-06-22,2950.0,3053.0,2915.0,3032.0,3032.0,52.0,CC=F,USD,NYB
2010-06-23,3010.0,3045.0,2992.0,3040.0,3040.0,35.0,CC=F,USD,NYB
2010-06-24,3054.0,3054.0,3054.0,3084.0,3084.0,6.0,CC=F,USD,NYB
2010-06-25,3087.0,3106.0,3072.0,3092.0,3092.0,11.0,CC=F,USD,NYB
2010-06-28,3110.0,3110.0,3105.0,3103.0,3103.0,23.0,CC=F,USD,NYB
2010-06-29,3075.0,3075.0,2921.0,2948.0,2948.0,9.0,CC=F,USD,NYB
2010-06-30,2902.0,2911.0,2840.0,2894.0,2894.0,15.0,CC=F,USD,NYB
2010-07-01,2840.0,2978.0,2840.0,2969.0,2969.0,31.0,CC=F,USD,NYB
2010-07-02,2969.0,2969.0,2969.0,2921.0,2921.0,0.0,CC=F,USD,NYB
2010-07-06,2930.0,2930.0,2930.0,2938.0,2938.0,0.0,CC=F,USD,NYB
2010-07-07,2941.0,2941.0,2941.0,2941.0,2941.0,2.0,CC=F,USD,NYB
2010-07-08,2968.0,2968.0,2968.0,2939.0,2939.0,0.0,CC=F,USD,NYB
2010-07-09,2963.0,2963.0,2963.0,2963.0,2963.0,0.0,CC=F,USD,NYB
2010-07-12,2962.0,2962.0,2962.0,2962.0,2962.0,1.0,CC=F,USD,NYB
2010-07-13,3004.0,3004.0,3004.0,3026.0,3026.0,5.0,CC=F,USD,NYB
2010-07-14,3131.0,3142.0,3131.0,3134.0,3134.0,0.0,CC=F,USD,NYB
2010-07-15,3067.0,3067.0,3067.0,3067.0,3067.0,8151.0,CC=F,USD,NYB
2010-07-16,3155.0,3210.0,3138.0,3165.0,3165.0,12013.0,CC=F,USD,NYB
2010-07-19,3180.0,3185.0,2946.0,2981.0,2981.0,19422.0,CC=F,USD,NYB
2010-07-20,2997.0,3025.0,2932.0,2977.0,2977.0,9792.0,CC=F,USD,NYB
2010-07-21,2995.0,3007.0,2924.0,2935.0,2935.0,6513.0,CC=F,USD,NYB
2010-07-22,2943.0,2970.0,2902.0,2916.0,2916.0,8354.0,CC=F,USD,NYB
2010-07-23,2932.0,2973.0,2916.0,2966.0,2966.0,6912.0,CC=F,USD,NYB
2010-07-26,2959.0,3007.0,2945.0,2973.0,2973.0,4588.0,CC=F,USD,NYB
2010-07-27,2965.0,3026.0,2954.0,2980.0,2980.0,5769.0,CC=F,USD,NYB
2010-07-28,3002.0,3024.0,2983.0,3010.0,3010.0,4575.0,CC=F,USD,NYB
2010-07-29,3011.0,3064.0,2996.0,3046.0,3046.0,7212.0,CC=F,USD,NYB
2010-07-30,3036.0,3095.0,3028.0,3091.0,3091.0,6279.0,CC=F,USD,NYB
2010-08-02,3081.0,3108.0,3040.0,3082.0,3082.0,9590.0,CC=F,USD,NYB
2010-08-03,3082.0,3112.0,3046.0,3058.0,3058.0,10423.0,CC=F,USD,NYB
2010-08-04,3073.0,3169.0,3066.0,3118.0,3118.0,15774.0,CC=F,USD,NYB
2010-08-05,3145.0,3156.0,3092.0,3113.0,3113.0,7591.0,CC=F,USD,NYB
2010-08-06,3132.0,3132.0,2976.0,3006.0,3006.0,0.0,CC=F,USD,NYB
2010-08-09,2988.0,3029.0,2958.0,3012.0,3012.0,7897.0,CC=F,USD,NYB
2010-08-10,2989.0,2989.0,2880.0,2906.0,2906.0,11894.0,CC=F,USD,NYB
2010-08-11,2906.0,2934.0,2836.0,2854.0,2854.0,11898.0,CC=F,USD,NYB
2010-08-12,2861.0,2899.0,2838.0,2876.0,2876.0,7510.0,CC=F,USD,NYB
2010-08-13,2877.0,2879.0,2842.0,2854.0,2854.0,3213.0,CC=F,USD,NYB
2010-08-16,2860.0,2882.0,2827.0,2838.0,2838.0,8397.0,CC=F,USD,NYB
2010-08-17,2849.0,2865.0,2810.0,2838.0,2838.0,4638.0,CC=F,USD,NYB
2010-08-18,2845.0,2876.0,2828.0,2839.0,2839.0,533.0,CC=F,USD,NYB
2010-08-19,2839.0,2867.0,2833.0,2849.0,2849.0,57.0,CC=F,USD,NYB
2010-08-20,2846.0,2863.0,2781.0,2790.0,2790.0,80.0,CC=F,USD,NYB
2010-08-23,2790.0,2815.0,2777.0,2798.0,2798.0,35.0,CC=F,USD,NYB
2010-08-24,2786.0,2790.0,2736.0,2777.0,2777.0,18.0,CC=F,USD,NYB
2010-08-25,2730.0,2741.0,2726.0,2719.0,2719.0,7.0,CC=F,USD,NYB
2010-08-26,2709.0,2724.0,2709.0,2710.0,2710.0,12.0,CC=F,USD,NYB
2010-08-27,2683.0,2687.0,2683.0,2675.0,2675.0,7.0,CC=F,USD,NYB
2010-08-30,2661.0,2661.0,2661.0,2672.0,2672.0,1.0,CC=F,USD,NYB
2010-08-31,2661.0,2689.0,2661.0,2698.0,2698.0,9.0,CC=F,USD,NYB
2010-09-01,2680.0,2680.0,2680.0,2707.0,2707.0,1.0,CC=F,USD,NYB
2010-09-02,2713.0,2713.0,2707.0,2691.0,2691.0,3.0,CC=F,USD,NYB
2010-09-03,2719.0,2719.0,2719.0,2727.0,2727.0,0.0,CC=F,USD,NYB
2010-09-07,2699.0,2700.0,2680.0,2669.0,2669.0,8.0,CC=F,USD,NYB
2010-09-08,2690.0,2693.0,2675.0,2684.0,2684.0,13.0,CC=F,USD,NYB
2010-09-09,2661.0,2670.0,2661.0,2642.0,2642.0,5.0,CC=F,USD,NYB
2010-09-10,2656.0,2656.0,2656.0,2595.0,2595.0,4.0,CC=F,USD,NYB
2010-09-13,2587.0,2595.0,2579.0,2562.0,2562.0,4.0,CC=F,USD,NYB
2010-09-14,2603.0,2632.0,2603.0,2641.0,2641.0,0.0,CC=F,USD,NYB
2010-09-15,2655.0,2655.0,2655.0,2655.0,2655.0,6155.0,CC=F,USD,NYB
2010-09-16,2694.0,2784.0,2694.0,2739.0,2739.0,12055.0,CC=F,USD,NYB
2010-09-17,2760.0,2825.0,2725.0,2746.0,2746.0,9015.0,CC=F,USD,NYB
2010-09-20,2737.0,2769.0,2695.0,2716.0,2716.0,5784.0,CC=F,USD,NYB
2010-09-21,2716.0,2796.0,2682.0,2779.0,2779.0,9859.0,CC=F,USD,NYB
2010-09-22,2776.0,2834.0,2746.0,2762.0,2762.0,9006.0,CC=F,USD,NYB
2010-09-23,2756.0,2799.0,2751.0,2780.0,2780.0,4427.0,CC=F,USD,NYB
2010-09-24,2775.0,2823.0,2768.0,2794.0,2794.0,6197.0,CC=F,USD,NYB
2010-09-27,2829.0,2850.0,2791.0,2839.0,2839.0,6563.0,CC=F,USD,NYB
2010-09-28,2832.0,2844.0,2800.0,2817.0,2817.0,6845.0,CC=F,USD,NYB
2010-09-29,2806.0,2880.0,2806.0,2865.0,2865.0,8673.0,CC=F,USD,NYB
2010-09-30,2875.0,2888.0,2636.0,2814.0,2814.0,14791.0,CC=F,USD,NYB
2010-10-01,2831.0,2896.0,2763.0,2783.0,2783.0,10700.0,CC=F,USD,NYB
2010-10-04,2771.0,2784.0,2731.0,2736.0,2736.0,6788.0,CC=F,USD,NYB
2010-10-05,2753.0,2763.0,2700.0,2714.0,2714.0,7911.0,CC=F,USD,NYB
2010-10-06,2729.0,2752.0,2714.0,2744.0,2744.0,4965.0,CC=F,USD,NYB
2010-10-07,2746.0,2795.0,2736.0,2740.0,2740.0,6503.0,CC=F,USD,NYB
2010-10-08,2753.0,2826.0,2718.0,2803.0,2803.0,7406.0,CC=F,USD,NYB
2010-10-11,2803.0,2873.0,2798.0,2853.0,2853.0,10307.0,CC=F,USD,NYB
2010-10-12,2859.0,2887.0,2817.0,2850.0,2850.0,10095.0,CC=F,USD,NYB
2010-10-13,2865.0,2904.0,2860.0,2867.0,2867.0,6660.0,CC=F,USD,NYB
2010-10-14,2867.0,2884.0,2823.0,2880.0,2880.0,7219.0,CC=F,USD,NYB
2010-10-15,2875.0,2900.0,2794.0,2805.0,2805.0,7544.0,CC=F,USD,NYB
2010-10-18,2798.0,2839.0,2780.0,2794.0,2794.0,7530.0,CC=F,USD,NYB
2010-10-19,2793.0,2794.0,2725.0,2750.0,2750.0,8991.0,CC=F,USD,NYB
2010-10-20,2747.0,2800.0,2735.0,2777.0,2777.0,6502.0,CC=F,USD,NYB
2010-10-21,2750.0,2861.0,2745.0,2817.0,2817.0,8752.0,CC=F,USD,NYB
2010-10-22,2817.0,2878.0,2812.0,2846.0,2846.0,5233.0,CC=F,USD,NYB
2010-10-25,2866.0,2937.0,2861.0,2930.0,2930.0,10216.0,CC=F,USD,NYB
2010-10-26,2923.0,2945.0,2881.0,2889.0,2889.0,10099.0,CC=F,USD,NYB
2010-10-27,2889.0,2949.0,2850.0,2883.0,2883.0,9505.0,CC=F,USD,NYB
2010-10-28,2878.0,2908.0,2807.0,2845.0,2845.0,9422.0,CC=F,USD,NYB
2010-10-29,2817.0,2843.0,2780.0,2797.0,2797.0,10465.0,CC=F,USD,NYB
2010-11-01,2805.0,2813.0,2756.0,2759.0,2759.0,9773.0,CC=F,USD,NYB
2010-11-02,2762.0,2808.0,2762.0,2805.0,2805.0,8749.0,CC=F,USD,NYB
2010-11-03,2808.0,2820.0,2757.0,2764.0,2764.0,9339.0,CC=F,USD,NYB
2010-11-04,2783.0,2815.0,2752.0,2756.0,2756.0,13884.0,CC=F,USD,NYB
2010-11-05,2752.0,2754.0,2705.0,2734.0,2734.0,13776.0,CC=F,USD,NYB
2010-11-08,2748.0,2815.0,2696.0,2794.0,2794.0,16142.0,CC=F,USD,NYB
2010-11-09,2826.0,2882.0,2803.0,2857.0,2857.0,19954.0,CC=F,USD,NYB
2010-11-10,2873.0,2875.0,2807.0,2826.0,2826.0,8229.0,CC=F,USD,NYB
2010-11-11,2838.0,2870.0,2806.0,2834.0,2834.0,12278.0,CC=F,USD,NYB
2010-11-12,2820.0,2820.0,2724.0,2735.0,2735.0,11910.0,CC=F,USD,NYB
2010-11-15,2735.0,2780.0,2705.0,2761.0,2761.0,4710.0,CC=F,USD,NYB
2010-11-16,2704.0,2755.0,2691.0,2724.0,2724.0,607.0,CC=F,USD,NYB
2010-11-17,2762.0,2805.0,2715.0,2784.0,2784.0,207.0,CC=F,USD,NYB
2010-11-18,2820.0,2918.0,2820.0,2896.0,2896.0,185.0,CC=F,USD,NYB
2010-11-19,2898.0,2898.0,2847.0,2826.0,2826.0,34.0,CC=F,USD,NYB
2010-11-22,2834.0,2866.0,2823.0,2811.0,2811.0,45.0,CC=F,USD,NYB
2010-11-23,2765.0,2795.0,2765.0,2775.0,2775.0,4.0,CC=F,USD,NYB
2010-11-24,2808.0,2810.0,2782.0,2765.0,2765.0,0.0,CC=F,USD,NYB
2010-11-26,2760.0,2760.0,2730.0,2756.0,2756.0,96.0,CC=F,USD,NYB
2010-11-29,2802.0,2802.0,2750.0,2721.0,2721.0,5.0,CC=F,USD,NYB
2010-11-30,2746.0,2750.0,2746.0,2772.0,2772.0,4.0,CC=F,USD,NYB
2010-12-01,2782.0,2782.0,2710.0,2726.0,2726.0,20.0,CC=F,USD,NYB
2010-12-02,2746.0,2854.0,2745.0,2836.0,2836.0,15.0,CC=F,USD,NYB
2010-12-03,2911.0,2914.0,2900.0,2905.0,2905.0,0.0,CC=F,USD,NYB
2010-12-06,3048.0,3048.0,3048.0,3048.0,3048.0,0.0,CC=F,USD,NYB
2010-12-07,3100.0,3100.0,3098.0,3068.0,3068.0,3.0,CC=F,USD,NYB
2010-12-08,3021.0,3021.0,3021.0,3015.0,3015.0,2.0,CC=F,USD,NYB
2010-12-09,3000.0,3000.0,3000.0,2971.0,2971.0,0.0,CC=F,USD,NYB
2010-12-10,2857.0,2857.0,2857.0,2857.0,2857.0,0.0,CC=F,USD,NYB
2010-12-13,2861.0,2861.0,2861.0,2861.0,2861.0,2.0,CC=F,USD,NYB
2010-12-14,2893.0,2893.0,2893.0,2912.0,2912.0,0.0,CC=F,USD,NYB
2010-12-15,2950.0,2950.0,2950.0,2950.0,2950.0,7665.0,CC=F,USD,NYB
2010-12-16,2990.0,3045.0,2971.0,3003.0,3003.0,8382.0,CC=F,USD,NYB
2010-12-17,3004.0,3025.0,2933.0,2951.0,2951.0,6068.0,CC=F,USD,NYB
2010-12-20,2982.0,3025.0,2928.0,2958.0,2958.0,8781.0,CC=F,USD,NYB
2010-12-21,2958.0,2996.0,2950.0,2975.0,2975.0,4548.0,CC=F,USD,NYB
2010-12-22,2980.0,2993.0,2946.0,2970.0,2970.0,5299.0,CC=F,USD,NYB
2010-12-23,2985.0,3040.0,2984.0,3020.0,3020.0,6426.0,CC=F,USD,NYB
2010-12-27,3020.0,3050.0,3006.0,3040.0,3040.0,2096.0,CC=F,USD,NYB
2010-12-28,3040.0,3091.0,3038.0,3065.0,3065.0,4729.0,CC=F,USD,NYB
2010-12-29,3065.0,3068.0,2969.0,3065.0,3065.0,8609.0,CC=F,USD,NYB
2010-12-30,3053.0,3058.0,2995.0,3000.0,3000.0,5519.0,CC=F,USD,NYB
2010-12-31,3030.0,3048.0,2988.0,3035.0,3035.0,5519.0,CC=F,USD,NYB
2011-01-04,3027.0,3035.0,2906.0,2932.0,2932.0,14352.0,CC=F,USD,NYB
2011-01-05,2925.0,2929.0,2822.0,2852.0,2852.0,14592.0,CC=F,USD,NYB
2011-01-06,2852.0,2876.0,2826.0,2830.0,2830.0,6994.0,CC=F,USD,NYB
2011-01-07,2825.0,2888.0,2821.0,2850.0,2850.0,6931.0,CC=F,USD,NYB
2011-01-10,2830.0,2887.0,2823.0,2881.0,2881.0,8291.0,CC=F,USD,NYB
2011-01-11,2865.0,2943.0,2855.0,2934.0,2934.0,8359.0,CC=F,USD,NYB
2011-01-12,2936.0,2985.0,2934.0,2959.0,2959.0,6916.0,CC=F,USD,NYB
2011-01-13,2947.0,2985.0,2924.0,2952.0,2952.0,6906.0,CC=F,USD,NYB
2011-01-14,2970.0,3050.0,2938.0,3019.0,3019.0,0.0,CC=F,USD,NYB
2011-01-18,3039.0,3067.0,2995.0,3036.0,3036.0,10174.0,CC=F,USD,NYB
2011-01-19,3029.0,3112.0,3018.0,3100.0,3100.0,14759.0,CC=F,USD,NYB
2011-01-20,3091.0,3190.0,3090.0,3178.0,3178.0,14543.0,CC=F,USD,NYB
2011-01-21,3193.0,3250.0,3157.0,3184.0,3184.0,22370.0,CC=F,USD,NYB
2011-01-24,3250.0,3393.0,3244.0,3312.0,3312.0,16937.0,CC=F,USD,NYB
2011-01-25,3333.0,3375.0,3270.0,3335.0,3335.0,14592.0,CC=F,USD,NYB
2011-01-26,3351.0,3395.0,3319.0,3352.0,3352.0,11687.0,CC=F,USD,NYB
2011-01-27,3352.0,3420.0,3334.0,3358.0,3358.0,11339.0,CC=F,USD,NYB
2011-01-28,3353.0,3358.0,3256.0,3277.0,3277.0,10954.0,CC=F,USD,NYB
2011-01-31,3267.0,3365.0,3224.0,3352.0,3352.0,12696.0,CC=F,USD,NYB
2011-02-01,3352.0,3369.0,3280.0,3313.0,3313.0,13480.0,CC=F,USD,NYB
2011-02-02,3380.0,3380.0,3326.0,3352.0,3352.0,13016.0,CC=F,USD,NYB
2011-02-03,3352.0,3382.0,3344.0,3358.0,3358.0,12081.0,CC=F,USD,NYB
2011-02-04,3380.0,3380.0,3241.0,3251.0,3251.0,17449.0,CC=F,USD,NYB
2011-02-07,3255.0,3281.0,3188.0,3223.0,3223.0,13905.0,CC=F,USD,NYB
2011-02-08,3200.0,3258.0,3198.0,3239.0,3239.0,15796.0,CC=F,USD,NYB
2011-02-09,3225.0,3307.0,3210.0,3272.0,3272.0,10095.0,CC=F,USD,NYB
2011-02-10,3300.0,3437.0,3284.0,3397.0,3397.0,9068.0,CC=F,USD,NYB
2011-02-11,3400.0,3416.0,3330.0,3374.0,3374.0,5676.0,CC=F,USD,NYB
2011-02-14,3407.0,3434.0,3384.0,3400.0,3400.0,466.0,CC=F,USD,NYB
2011-02-15,3425.0,3446.0,3380.0,3410.0,3410.0,83.0,CC=F,USD,NYB
2011-02-16,3449.0,3464.0,3400.0,3463.0,3463.0,36.0,CC=F,USD,NYB
2011-02-17,3485.0,3497.0,3418.0,3482.0,3482.0,48.0,CC=F,USD,NYB
2011-02-18,3496.0,3540.0,3468.0,3546.0,3546.0,0.0,CC=F,USD,NYB
2011-02-22,3600.0,3666.0,3600.0,3633.0,3633.0,143.0,CC=F,USD,NYB
2011-02-23,3666.0,3689.0,3612.0,3661.0,3661.0,11.0,CC=F,USD,NYB
2011-02-24,3712.0,3715.0,3712.0,3684.0,3684.0,6.0,CC=F,USD,NYB
2011-02-25,3726.0,3726.0,3722.0,3698.0,3698.0,4.0,CC=F,USD,NYB
2011-02-28,3730.0,3766.0,3730.0,3757.0,3757.0,10.0,CC=F,USD,NYB
2011-03-01,3755.0,3755.0,3578.0,3660.0,3660.0,0.0,CC=F,USD,NYB
2011-03-02,3701.0,3701.0,3701.0,3701.0,3701.0,29.0,CC=F,USD,NYB
2011-03-03,3772.0,3826.0,3772.0,3774.0,3774.0,6.0,CC=F,USD,NYB
2011-03-04,3807.0,3807.0,3807.0,3697.0,3697.0,0.0,CC=F,USD,NYB
2011-03-07,3721.0,3721.0,3721.0,3721.0,3721.0,1.0,CC=F,USD,NYB
2011-03-08,3700.0,3700.0,3700.0,3703.0,3703.0,1.0,CC=F,USD,NYB
2011-03-09,3650.0,3650.0,3650.0,3585.0,3585.0,3.0,CC=F,USD,NYB
2011-03-10,3575.0,3575.0,3375.0,3490.0,3490.0,0.0,CC=F,USD,NYB
2011-03-11,3460.0,3460.0,3460.0,3460.0,3460.0,6.0,CC=F,USD,NYB
2011-03-14,3519.0,3519.0,3519.0,3431.0,3431.0,5.0,CC=F,USD,NYB
2011-03-15,3325.0,3325.0,3300.0,3294.0,3294.0,0.0,CC=F,USD,NYB
2011-03-16,3233.0,3233.0,3233.0,3233.0,3233.0,13291.0,CC=F,USD,NYB
2011-03-17,3225.0,3311.0,3200.0,3282.0,3282.0,9001.0,CC=F,USD,NYB
2011-03-18,3315.0,3342.0,3095.0,3127.0,3127.0,16375.0,CC=F,USD,NYB
2011-03-21,3120.0,3220.0,3103.0,3189.0,3189.0,12372.0,CC=F,USD,NYB
2011-03-22,3150.0,3265.0,3150.0,3263.0,3263.0,7367.0,CC=F,USD,NYB
2011-03-23,3255.0,3290.0,3233.0,3251.0,3251.0,7135.0,CC=F,USD,NYB
2011-03-24,3236.0,3240.0,3176.0,3203.0,3203.0,7135.0,CC=F,USD,NYB
2011-03-25,3222.0,3290.0,3199.0,3242.0,3242.0,7793.0,CC=F,USD,NYB
2011-03-28,3201.0,3274.0,3201.0,3248.0,3248.0,6511.0,CC=F,USD,NYB
2011-03-29,3241.0,3248.0,3030.0,3057.0,3057.0,19241.0,CC=F,USD,NYB
2011-03-30,3028.0,3077.0,2973.0,2987.0,2987.0,16853.0,CC=F,USD,NYB
2011-03-31,2977.0,3009.0,2936.0,2952.0,2952.0,14221.0,CC=F,USD,NYB
2011-04-01,2938.0,3035.0,2925.0,3011.0,3011.0,14541.0,CC=F,USD,NYB
2011-04-04,3011.0,3099.0,2994.0,3020.0,3020.0,15624.0,CC=F,USD,NYB
2011-04-05,2992.0,2992.0,2927.0,2975.0,2975.0,16399.0,CC=F,USD,NYB
2011-04-06,2986.0,3040.0,2963.0,2999.0,2999.0,13051.0,CC=F,USD,NYB
2011-04-07,2975.0,3028.0,2975.0,2987.0,2987.0,12343.0,CC=F,USD,NYB
2011-04-08,2991.0,3019.0,2941.0,2974.0,2974.0,17786.0,CC=F,USD,NYB
2011-04-11,3000.0,3073.0,2985.0,3022.0,3022.0,12155.0,CC=F,USD,NYB
2011-04-12,3019.0,3082.0,3013.0,3053.0,3053.0,10009.0,CC=F,USD,NYB
2011-04-13,3086.0,3095.0,3049.0,3066.0,3066.0,7280.0,CC=F,USD,NYB
2011-04-14,3076.0,3241.0,3052.0,3125.0,3125.0,5372.0,CC=F,USD,NYB
2011-04-15,3200.0,3270.0,3177.0,3239.0,3239.0,521.0,CC=F,USD,NYB
2011-04-18,3256.0,3259.0,3118.0,3127.0,3127.0,71.0,CC=F,USD,NYB
2011-04-19,3085.0,3124.0,3068.0,3117.0,3117.0,13.0,CC=F,USD,NYB
2011-04-20,3156.0,3185.0,3093.0,3131.0,3131.0,47.0,CC=F,USD,NYB
2011-04-21,3125.0,3158.0,3106.0,3130.0,3130.0,0.0,CC=F,USD,NYB
2011-04-25,3075.0,3132.0,3070.0,3128.0,3128.0,5.0,CC=F,USD,NYB
2011-04-26,3150.0,3150.0,3150.0,3131.0,3131.0,2.0,CC=F,USD,NYB
2011-04-27,3148.0,3152.0,3148.0,3206.0,3206.0,0.0,CC=F,USD,NYB
2011-04-28,3330.0,3330.0,3330.0,3330.0,3330.0,9.0,CC=F,USD,NYB
2011-04-29,3350.0,3424.0,3350.0,3390.0,3390.0,18.0,CC=F,USD,NYB
2011-05-02,3387.0,3387.0,3339.0,3353.0,3353.0,17.0,CC=F,USD,NYB
2011-05-03,3304.0,3307.0,3268.0,3271.0,3271.0,222.0,CC=F,USD,NYB
2011-05-04,3287.0,3287.0,3271.0,3236.0,3236.0,8.0,CC=F,USD,NYB
2011-05-05,3150.0,3156.0,3105.0,3087.0,3087.0,7.0,CC=F,USD,NYB
2011-05-06,3109.0,3163.0,3100.0,3137.0,3137.0,9.0,CC=F,USD,NYB
2011-05-09,3166.0,3166.0,3166.0,3143.0,3143.0,0.0,CC=F,USD,NYB
2011-05-10,3135.0,3135.0,3135.0,3135.0,3135.0,0.0,CC=F,USD,NYB
2011-05-11,3115.0,3115.0,3115.0,3115.0,3115.0,0.0,CC=F,USD,NYB
2011-05-12,3035.0,3035.0,3035.0,3035.0,3035.0,0.0,CC=F,USD,NYB
2011-05-13,3000.0,3000.0,3000.0,3000.0,3000.0,9104.0,CC=F,USD,NYB
2011-05-16,3000.0,3036.0,2990.0,3006.0,3006.0,6029.0,CC=F,USD,NYB
2011-05-17,3000.0,3006.0,2970.0,2980.0,2980.0,9877.0,CC=F,USD,NYB
2011-05-18,2983.0,3024.0,2976.0,2995.0,2995.0,6746.0,CC=F,USD,NYB
2011-05-19,2991.0,2997.0,2971.0,2979.0,2979.0,7503.0,CC=F,USD,NYB
2011-05-20,2981.0,2993.0,2898.0,2902.0,2902.0,15893.0,CC=F,USD,NYB
2011-05-23,2888.0,2906.0,2861.0,2865.0,2865.0,8452.0,CC=F,USD,NYB
2011-05-24,2878.0,2923.0,2860.0,2884.0,2884.0,13172.0,CC=F,USD,NYB
2011-05-25,2875.0,2986.0,2874.0,2962.0,2962.0,10973.0,CC=F,USD,NYB
2011-05-26,2982.0,3062.0,2964.0,3010.0,3010.0,15639.0,CC=F,USD,NYB
2011-05-27,3010.0,3040.0,2957.0,2969.0,2969.0,0.0,CC=F,USD,NYB
2011-05-31,2975.0,3020.0,2966.0,2999.0,2999.0,10063.0,CC=F,USD,NYB
2011-06-01,3000.0,3007.0,2941.0,2953.0,2953.0,11161.0,CC=F,USD,NYB
2011-06-02,2953.0,2959.0,2885.0,2904.0,2904.0,10659.0,CC=F,USD,NYB
2011-06-03,2900.0,2905.0,2851.0,2878.0,2878.0,12462.0,CC=F,USD,NYB
2011-06-06,2865.0,2905.0,2857.0,2863.0,2863.0,13876.0,CC=F,USD,NYB
2011-06-07,2863.0,2954.0,2863.0,2891.0,2891.0,17895.0,CC=F,USD,NYB
2011-06-08,2882.0,2944.0,2882.0,2927.0,2927.0,11897.0,CC=F,USD,NYB
2011-06-09,2933.0,3067.0,2933.0,2980.0,2980.0,11103.0,CC=F,USD,NYB
2011-06-10,3009.0,3031.0,2984.0,2997.0,2997.0,7007.0,CC=F,USD,NYB
2011-06-13,3000.0,3034.0,2960.0,3001.0,3001.0,5301.0,CC=F,USD,NYB
2011-06-14,2999.0,3066.0,2999.0,3014.0,3014.0,4419.0,CC=F,USD,NYB
2011-06-15,3034.0,3034.0,2948.0,2987.0,2987.0,2477.0,CC=F,USD,NYB
2011-06-16,2949.0,2959.0,2885.0,2914.0,2914.0,3069.0,CC=F,USD,NYB
2011-06-17,2900.0,2924.0,2893.0,2917.0,2917.0,30.0,CC=F,USD,NYB
2011-06-20,2900.0,2995.0,2900.0,2967.0,2967.0,163.0,CC=F,USD,NYB
2011-06-21,2988.0,3037.0,2982.0,3027.0,3027.0,49.0,CC=F,USD,NYB
2011-06-22,3027.0,3054.0,3015.0,3040.0,3040.0,123.0,CC=F,USD,NYB
2011-06-23,3009.0,3009.0,2970.0,2986.0,2986.0,13.0,CC=F,USD,NYB
2011-06-24,3004.0,3006.0,2951.0,2958.0,2958.0,47.0,CC=F,USD,NYB
2011-06-27,3002.0,3004.0,3002.0,2995.0,2995.0,3.0,CC=F,USD,NYB
2011-06-28,2991.0,2993.0,2991.0,3018.0,3018.0,4.0,CC=F,USD,NYB
2011-06-29,3050.0,3149.0,3050.0,3114.0,3114.0,114.0,CC=F,USD,NYB
2011-06-30,3146.0,3146.0,3146.0,3170.0,3170.0,5.0,CC=F,USD,NYB
2011-07-01,3142.0,3142.0,3142.0,3137.0,3137.0,0.0,CC=F,USD,NYB
2011-07-05,3228.0,3228.0,3228.0,3228.0,3228.0,0.0,CC=F,USD,NYB
2011-07-06,3190.0,3249.0,3190.0,3202.0,3202.0,5.0,CC=F,USD,NYB
2011-07-07,3160.0,3160.0,3160.0,3194.0,3194.0,0.0,CC=F,USD,NYB
2011-07-08,3099.0,3099.0,3099.0,3099.0,3099.0,0.0,CC=F,USD,NYB
2011-07-11,3058.0,3058.0,3058.0,3058.0,3058.0,1.0,CC=F,USD,NYB
2011-07-12,3097.0,3097.0,3097.0,3076.0,3076.0,3.0,CC=F,USD,NYB
2011-07-13,3209.0,3215.0,3209.0,3180.0,3180.0,0.0,CC=F,USD,NYB
2011-07-14,3166.0,3166.0,3166.0,3166.0,3166.0,8098.0,CC=F,USD,NYB
2011-07-15,3144.0,3188.0,3128.0,3168.0,3168.0,6521.0,CC=F,USD,NYB
2011-07-18,3159.0,3197.0,3117.0,3159.0,3159.0,7122.0,CC=F,USD,NYB
2011-07-19,3170.0,3200.0,3134.0,3164.0,3164.0,7966.0,CC=F,USD,NYB
2011-07-20,3164.0,3220.0,3155.0,3183.0,3183.0,7239.0,CC=F,USD,NYB
2011-07-21,3167.0,3200.0,3143.0,3172.0,3172.0,6120.0,CC=F,USD,NYB
2011-07-22,3172.0,3177.0,3045.0,3065.0,3065.0,14639.0,CC=F,USD,NYB
2011-07-25,3065.0,3065.0,2973.0,2996.0,2996.0,16814.0,CC=F,USD,NYB
2011-07-26,2989.0,3040.0,2983.0,3015.0,3015.0,15249.0,CC=F,USD,NYB
2011-07-27,3012.0,3055.0,2981.0,3036.0,3036.0,13026.0,CC=F,USD,NYB
2011-07-28,3033.0,3048.0,2972.0,2974.0,2974.0,10800.0,CC=F,USD,NYB
2011-07-29,2972.0,3003.0,2956.0,2974.0,2974.0,8603.0,CC=F,USD,NYB
2011-08-01,2974.0,2984.0,2946.0,2955.0,2955.0,10162.0,CC=F,USD,NYB
2011-08-02,2952.0,2953.0,2925.0,2933.0,2933.0,14020.0,CC=F,USD,NYB
2011-08-03,2932.0,2963.0,2912.0,2916.0,2916.0,17957.0,CC=F,USD,NYB
2011-08-04,2922.0,2939.0,2875.0,2905.0,2905.0,14585.0,CC=F,USD,NYB
2011-08-05,2895.0,3005.0,2875.0,2936.0,2936.0,18619.0,CC=F,USD,NYB
2011-08-08,2938.0,2953.0,2893.0,2909.0,2909.0,15543.0,CC=F,USD,NYB
2011-08-09,2925.0,2955.0,2901.0,2906.0,2906.0,12321.0,CC=F,USD,NYB
2011-08-10,2923.0,2942.0,2832.0,2847.0,2847.0,18175.0,CC=F,USD,NYB
2011-08-11,2838.0,2866.0,2814.0,2856.0,2856.0,9866.0,CC=F,USD,NYB
2011-08-12,2858.0,2901.0,2856.0,2879.0,2879.0,6241.0,CC=F,USD,NYB
2011-08-15,2871.0,2921.0,2871.0,2902.0,2902.0,7463.0,CC=F,USD,NYB
2011-08-16,2908.0,2974.0,2883.0,2961.0,2961.0,7296.0,CC=F,USD,NYB
2011-08-17,2960.0,3036.0,2950.0,3017.0,3017.0,4801.0,CC=F,USD,NYB
2011-08-18,3032.0,3032.0,2940.0,2985.0,2985.0,1159.0,CC=F,USD,NYB
2011-08-19,2974.0,3010.0,2974.0,2998.0,2998.0,46.0,CC=F,USD,NYB
2011-08-22,3021.0,3045.0,3017.0,3043.0,3043.0,37.0,CC=F,USD,NYB
2011-08-23,3079.0,3143.0,3079.0,3137.0,3137.0,53.0,CC=F,USD,NYB
2011-08-24,3140.0,3144.0,3069.0,3080.0,3080.0,15.0,CC=F,USD,NYB
2011-08-25,3040.0,3040.0,3040.0,3008.0,3008.0,17.0,CC=F,USD,NYB
2011-08-26,3059.0,3059.0,3059.0,3059.0,3059.0,17.0,CC=F,USD,NYB
2011-08-29,3110.0,3132.0,3110.0,3120.0,3120.0,3.0,CC=F,USD,NYB
2011-08-30,3110.0,3116.0,3066.0,3087.0,3087.0,10.0,CC=F,USD,NYB
2011-08-31,3098.0,3098.0,3098.0,3098.0,3098.0,10.0,CC=F,USD,NYB
2011-09-01,3067.0,3067.0,3067.0,3060.0,3060.0,2.0,CC=F,USD,NYB
2011-09-02,3092.0,3092.0,3092.0,3092.0,3092.0,0.0,CC=F,USD,NYB
2011-09-06,2977.0,2977.0,2977.0,2977.0,2977.0,0.0,CC=F,USD,NYB
2011-09-07,2952.0,2952.0,2952.0,2946.0,2946.0,1.0,CC=F,USD,NYB
2011-09-08,2907.0,2907.0,2907.0,2909.0,2909.0,3.0,CC=F,USD,NYB
2011-09-09,2898.0,2898.0,2826.0,2868.0,2868.0,26.0,CC=F,USD,NYB
2011-09-12,2865.0,2865.0,2865.0,2851.0,2851.0,13.0,CC=F,USD,NYB
2011-09-13,2871.0,2871.0,2825.0,2848.0,2848.0,2.0,CC=F,USD,NYB
2011-09-14,2872.0,2872.0,2776.0,2793.0,2793.0,52.0,CC=F,USD,NYB
2011-09-15,2784.0,2784.0,2784.0,2784.0,2784.0,10057.0,CC=F,USD,NYB
2011-09-16,2796.0,2808.0,2780.0,2792.0,2792.0,6534.0,CC=F,USD,NYB
2011-09-19,2778.0,2787.0,2691.0,2716.0,2716.0,15868.0,CC=F,USD,NYB
2011-09-20,2727.0,2753.0,2716.0,2730.0,2730.0,7513.0,CC=F,USD,NYB
2011-09-21,2731.0,2744.0,2662.0,2727.0,2727.0,8758.0,CC=F,USD,NYB
2011-09-22,2707.0,2719.0,2623.0,2680.0,2680.0,14059.0,CC=F,USD,NYB
2011-09-23,2700.0,2709.0,2613.0,2634.0,2634.0,12514.0,CC=F,USD,NYB
2011-09-26,2626.0,2696.0,2610.0,2678.0,2678.0,10736.0,CC=F,USD,NYB
2011-09-27,2672.0,2737.0,2650.0,2721.0,2721.0,11159.0,CC=F,USD,NYB
2011-09-28,2708.0,2708.0,2630.0,2664.0,2664.0,9715.0,CC=F,USD,NYB
2011-09-29,2645.0,2708.0,2620.0,2694.0,2694.0,11699.0,CC=F,USD,NYB
2011-09-30,2698.0,2698.0,2587.0,2608.0,2608.0,11630.0,CC=F,USD,NYB
2011-10-03,2600.0,2608.0,2555.0,2575.0,2575.0,12288.0,CC=F,USD,NYB
2011-10-04,2554.0,2619.0,2540.0,2592.0,2592.0,13435.0,CC=F,USD,NYB
2011-10-05,2604.0,2646.0,2604.0,2622.0,2622.0,10753.0,CC=F,USD,NYB
2011-10-06,2631.0,2685.0,2610.0,2660.0,2660.0,14905.0,CC=F,USD,NYB
2011-10-07,2683.0,2691.0,2628.0,2652.0,2652.0,6548.0,CC=F,USD,NYB
2011-10-10,2655.0,2703.0,2650.0,2656.0,2656.0,6610.0,CC=F,USD,NYB
2011-10-11,2656.0,2668.0,2580.0,2604.0,2604.0,9440.0,CC=F,USD,NYB
2011-10-12,2596.0,2674.0,2596.0,2633.0,2633.0,6866.0,CC=F,USD,NYB
2011-10-13,2640.0,2690.0,2621.0,2630.0,2630.0,8884.0,CC=F,USD,NYB
2011-10-14,2647.0,2688.0,2623.0,2671.0,2671.0,8259.0,CC=F,USD,NYB
2011-10-17,2684.0,2688.0,2596.0,2622.0,2622.0,9798.0,CC=F,USD,NYB
2011-10-18,2590.0,2607.0,2523.0,2571.0,2571.0,18454.0,CC=F,USD,NYB
2011-10-19,2600.0,2648.0,2574.0,2603.0,2603.0,8217.0,CC=F,USD,NYB
2011-10-20,2590.0,2611.0,2545.0,2562.0,2562.0,10262.0,CC=F,USD,NYB
2011-10-21,2577.0,2594.0,2553.0,2566.0,2566.0,7246.0,CC=F,USD,NYB
2011-10-24,2566.0,2632.0,2558.0,2627.0,2627.0,12277.0,CC=F,USD,NYB
2011-10-25,2632.0,2674.0,2613.0,2636.0,2636.0,13118.0,CC=F,USD,NYB
2011-10-26,2652.0,2720.0,2649.0,2693.0,2693.0,15612.0,CC=F,USD,NYB
2011-10-27,2707.0,2767.0,2701.0,2756.0,2756.0,16429.0,CC=F,USD,NYB
2011-10-28,2756.0,2764.0,2710.0,2748.0,2748.0,10770.0,CC=F,USD,NYB
2011-10-31,2724.0,2734.0,2670.0,2696.0,2696.0,10318.0,CC=F,USD,NYB
2011-11-01,2667.0,2667.0,2574.0,2600.0,2600.0,14533.0,CC=F,USD,NYB
2011-11-02,2600.0,2675.0,2596.0,2665.0,2665.0,20194.0,CC=F,USD,NYB
2011-11-03,2634.0,2736.0,2633.0,2720.0,2720.0,18782.0,CC=F,USD,NYB
2011-11-04,2729.0,2744.0,2677.0,2697.0,2697.0,21183.0,CC=F,USD,NYB
2011-11-07,2722.0,2740.0,2701.0,2728.0,2728.0,16946.0,CC=F,USD,NYB
2011-11-08,2729.0,2739.0,2643.0,2663.0,2663.0,19708.0,CC=F,USD,NYB
2011-11-09,2676.0,2680.0,2549.0,2570.0,2570.0,17634.0,CC=F,USD,NYB
2011-11-10,2571.0,2585.0,2500.0,2504.0,2504.0,12535.0,CC=F,USD,NYB
2011-11-11,2505.0,2520.0,2465.0,2489.0,2489.0,9094.0,CC=F,USD,NYB
2011-11-14,2500.0,2521.0,2405.0,2444.0,2444.0,6101.0,CC=F,USD,NYB
2011-11-15,2442.0,2448.0,2227.0,2253.0,2253.0,6512.0,CC=F,USD,NYB
2011-11-16,2257.0,2327.0,2190.0,2291.0,2291.0,810.0,CC=F,USD,NYB
2011-11-17,2298.0,2370.0,2268.0,2374.0,2374.0,246.0,CC=F,USD,NYB
2011-11-18,2364.0,2364.0,2292.0,2308.0,2308.0,86.0,CC=F,USD,NYB
2011-11-21,2295.0,2295.0,2240.0,2264.0,2264.0,24.0,CC=F,USD,NYB
2011-11-22,2278.0,2314.0,2278.0,2250.0,2250.0,22.0,CC=F,USD,NYB
2011-11-23,2250.0,2260.0,2250.0,2246.0,2246.0,0.0,CC=F,USD,NYB
2011-11-25,2256.0,2256.0,2256.0,2238.0,2238.0,1.0,CC=F,USD,NYB
2011-11-28,2256.0,2271.0,2221.0,2221.0,2221.0,45.0,CC=F,USD,NYB
2011-11-29,2177.0,2177.0,2177.0,2177.0,2177.0,45.0,CC=F,USD,NYB
2011-11-30,2162.0,2162.0,2162.0,2162.0,2162.0,45.0,CC=F,USD,NYB
2011-12-01,2164.0,2177.0,2077.0,2079.0,2079.0,23.0,CC=F,USD,NYB
2011-12-02,2157.0,2166.0,2077.0,2030.0,2030.0,15.0,CC=F,USD,NYB
2011-12-05,2035.0,2035.0,2035.0,2035.0,2035.0,15.0,CC=F,USD,NYB
2011-12-06,2000.0,2000.0,2000.0,2000.0,2000.0,1.0,CC=F,USD,NYB
2011-12-07,1974.0,1974.0,1974.0,1974.0,1974.0,1.0,CC=F,USD,NYB
2011-12-08,1968.0,1968.0,1968.0,1968.0,1968.0,8.0,CC=F,USD,NYB
2011-12-09,1920.0,1947.0,1898.0,1936.0,1936.0,25.0,CC=F,USD,NYB
2011-12-12,1947.0,1987.0,1947.0,2021.0,2021.0,5.0,CC=F,USD,NYB
2011-12-13,2143.0,2143.0,2101.0,2101.0,2101.0,4.0,CC=F,USD,NYB
2011-12-14,2023.0,2023.0,2023.0,2023.0,2023.0,12033.0,CC=F,USD,NYB
2011-12-15,2192.0,2210.0,2128.0,2151.0,2151.0,9819.0,CC=F,USD,NYB
2011-12-16,2157.0,2177.0,2095.0,2101.0,2101.0,16729.0,CC=F,USD,NYB
2011-12-19,2090.0,2130.0,2065.0,2070.0,2070.0,8962.0,CC=F,USD,NYB
2011-12-20,2082.0,2191.0,2077.0,2185.0,2185.0,13974.0,CC=F,USD,NYB
2011-12-21,2192.0,2247.0,2173.0,2244.0,2244.0,10920.0,CC=F,USD,NYB
2011-12-22,2235.0,2253.0,2192.0,2221.0,2221.0,9407.0,CC=F,USD,NYB
2011-12-23,2210.0,2239.0,2199.0,2218.0,2218.0,0.0,CC=F,USD,NYB
2011-12-27,2200.0,2245.0,2186.0,2216.0,2216.0,3067.0,CC=F,USD,NYB
2011-12-28,2213.0,2231.0,2118.0,2133.0,2133.0,7011.0,CC=F,USD,NYB
2011-12-29,2123.0,2145.0,2076.0,2083.0,2083.0,5245.0,CC=F,USD,NYB
2011-12-30,2082.0,2145.0,2073.0,2109.0,2109.0,0.0,CC=F,USD,NYB
2012-01-03,2122.0,2179.0,2100.0,2115.0,2115.0,10743.0,CC=F,USD,NYB
2012-01-04,2111.0,2141.0,2068.0,2075.0,2075.0,10194.0,CC=F,USD,NYB
2012-01-05,2067.0,2115.0,2016.0,2028.0,2028.0,12748.0,CC=F,USD,NYB
2012-01-06,2016.0,2068.0,2003.0,2028.0,2028.0,9487.0,CC=F,USD,NYB
2012-01-09,2028.0,2199.0,2023.0,2170.0,2170.0,17387.0,CC=F,USD,NYB
2012-01-10,2188.0,2369.0,2180.0,2333.0,2333.0,26199.0,CC=F,USD,NYB
2012-01-11,2350.0,2388.0,2240.0,2350.0,2350.0,19741.0,CC=F,USD,NYB
2012-01-12,2350.0,2376.0,2307.0,2326.0,2326.0,10520.0,CC=F,USD,NYB
2012-01-13,2300.0,2300.0,2233.0,2269.0,2269.0,0.0,CC=F,USD,NYB
2012-01-17,2266.0,2287.0,2230.0,2270.0,2270.0,10870.0,CC=F,USD,NYB
2012-01-18,2280.0,2298.0,2259.0,2265.0,2265.0,7782.0,CC=F,USD,NYB
2012-01-19,2293.0,2350.0,2282.0,2320.0,2320.0,9551.0,CC=F,USD,NYB
2012-01-20,2311.0,2333.0,2255.0,2259.0,2259.0,11302.0,CC=F,USD,NYB
2012-01-23,2263.0,2297.0,2244.0,2269.0,2269.0,8343.0,CC=F,USD,NYB
2012-01-24,2269.0,2425.0,2257.0,2413.0,2413.0,21457.0,CC=F,USD,NYB
2012-01-25,2410.0,2456.0,2389.0,2422.0,2422.0,15409.0,CC=F,USD,NYB
2012-01-26,2428.0,2474.0,2427.0,2452.0,2452.0,10206.0,CC=F,USD,NYB
2012-01-27,2452.0,2480.0,2361.0,2406.0,2406.0,12993.0,CC=F,USD,NYB
2012-01-30,2359.0,2359.0,2274.0,2280.0,2280.0,13197.0,CC=F,USD,NYB
2012-01-31,2280.0,2340.0,2277.0,2291.0,2291.0,12157.0,CC=F,USD,NYB
2012-02-01,2291.0,2328.0,2220.0,2225.0,2225.0,14973.0,CC=F,USD,NYB
2012-02-02,2234.0,2255.0,2210.0,2225.0,2225.0,14162.0,CC=F,USD,NYB
2012-02-03,2235.0,2339.0,2213.0,2300.0,2300.0,20527.0,CC=F,USD,NYB
2012-02-06,2317.0,2332.0,2237.0,2263.0,2263.0,13733.0,CC=F,USD,NYB
2012-02-07,2260.0,2285.0,2230.0,2273.0,2273.0,16731.0,CC=F,USD,NYB
2012-02-08,2278.0,2304.0,2243.0,2263.0,2263.0,17411.0,CC=F,USD,NYB
2012-02-09,2249.0,2265.0,2186.0,2236.0,2236.0,21089.0,CC=F,USD,NYB
2012-02-10,2217.0,2226.0,2140.0,2156.0,2156.0,12471.0,CC=F,USD,NYB
2012-02-13,2161.0,2238.0,2148.0,2199.0,2199.0,11320.0,CC=F,USD,NYB
2012-02-14,2215.0,2330.0,2180.0,2270.0,2270.0,5032.0,CC=F,USD,NYB
2012-02-15,2300.0,2410.0,2287.0,2392.0,2392.0,277.0,CC=F,USD,NYB
2012-02-16,2369.0,2477.0,2337.0,2453.0,2453.0,510.0,CC=F,USD,NYB
2012-02-17,2425.0,2425.0,2366.0,2389.0,2389.0,198.0,CC=F,USD,NYB
2012-02-21,2400.0,2430.0,2373.0,2456.0,2456.0,19.0,CC=F,USD,NYB
2012-02-22,2456.0,2480.0,2430.0,2457.0,2457.0,36.0,CC=F,USD,NYB
2012-02-23,2518.0,2519.0,2350.0,2371.0,2371.0,57.0,CC=F,USD,NYB
2012-02-24,2355.0,2399.0,2352.0,2370.0,2370.0,53.0,CC=F,USD,NYB
2012-02-27,2413.0,2413.0,2413.0,2413.0,2413.0,53.0,CC=F,USD,NYB
2012-02-28,2471.0,2476.0,2458.0,2414.0,2414.0,10.0,CC=F,USD,NYB
2012-02-29,2410.0,2410.0,2355.0,2383.0,2383.0,13.0,CC=F,USD,NYB
2012-03-01,2396.0,2396.0,2334.0,2392.0,2392.0,12.0,CC=F,USD,NYB
2012-03-02,2389.0,2389.0,2372.0,2358.0,2358.0,3.0,CC=F,USD,NYB
2012-03-05,2334.0,2334.0,2334.0,2314.0,2314.0,2.0,CC=F,USD,NYB
2012-03-06,2300.0,2300.0,2283.0,2316.0,2316.0,102.0,CC=F,USD,NYB
2012-03-07,2310.0,2310.0,2310.0,2310.0,2310.0,102.0,CC=F,USD,NYB
2012-03-08,2415.0,2444.0,2415.0,2439.0,2439.0,22.0,CC=F,USD,NYB
2012-03-09,2422.0,2430.0,2422.0,2440.0,2440.0,10.0,CC=F,USD,NYB
2012-03-12,2424.0,2424.0,2424.0,2415.0,2415.0,2.0,CC=F,USD,NYB
2012-03-13,2385.0,2441.0,2377.0,2392.0,2392.0,43.0,CC=F,USD,NYB
2012-03-14,2340.0,2340.0,2340.0,2340.0,2340.0,43.0,CC=F,USD,NYB
2012-03-15,2331.0,2331.0,2269.0,2254.0,2254.0,23889.0,CC=F,USD,NYB
2012-03-16,2221.0,2270.0,2169.0,2256.0,2256.0,13339.0,CC=F,USD,NYB
2012-03-19,2256.0,2304.0,2242.0,2289.0,2289.0,9512.0,CC=F,USD,NYB
2012-03-20,2298.0,2388.0,2285.0,2372.0,2372.0,13626.0,CC=F,USD,NYB
2012-03-21,2371.0,2416.0,2327.0,2359.0,2359.0,13583.0,CC=F,USD,NYB
2012-03-22,2340.0,2354.0,2279.0,2285.0,2285.0,12703.0,CC=F,USD,NYB
2012-03-23,2309.0,2320.0,2271.0,2307.0,2307.0,13069.0,CC=F,USD,NYB
2012-03-26,2304.0,2344.0,2290.0,2331.0,2331.0,9061.0,CC=F,USD,NYB
2012-03-27,2329.0,2384.0,2321.0,2356.0,2356.0,13333.0,CC=F,USD,NYB
2012-03-28,2332.0,2375.0,2285.0,2295.0,2295.0,14006.0,CC=F,USD,NYB
2012-03-29,2291.0,2297.0,2194.0,2223.0,2223.0,17341.0,CC=F,USD,NYB
2012-03-30,2223.0,2258.0,2196.0,2219.0,2219.0,15070.0,CC=F,USD,NYB
2012-04-02,2223.0,2274.0,2162.0,2187.0,2187.0,22683.0,CC=F,USD,NYB
2012-04-03,2177.0,2188.0,2138.0,2143.0,2143.0,16112.0,CC=F,USD,NYB
2012-04-04,2129.0,2139.0,2060.0,2083.0,2083.0,17782.0,CC=F,USD,NYB
2012-04-05,2090.0,2132.0,2068.0,2085.0,2085.0,0.0,CC=F,USD,NYB
2012-04-09,2095.0,2118.0,2068.0,2108.0,2108.0,14538.0,CC=F,USD,NYB
2012-04-10,2115.0,2127.0,2052.0,2064.0,2064.0,21211.0,CC=F,USD,NYB
2012-04-11,2067.0,2126.0,2052.0,2103.0,2103.0,16903.0,CC=F,USD,NYB
2012-04-12,2116.0,2167.0,2061.0,2160.0,2160.0,11805.0,CC=F,USD,NYB
2012-04-13,2160.0,2259.0,2160.0,2248.0,2248.0,9420.0,CC=F,USD,NYB
2012-04-16,2232.0,2307.0,2222.0,2300.0,2300.0,3211.0,CC=F,USD,NYB
2012-04-17,2260.0,2327.0,2258.0,2319.0,2319.0,308.0,CC=F,USD,NYB
2012-04-18,2307.0,2307.0,2264.0,2283.0,2283.0,64.0,CC=F,USD,NYB
2012-04-19,2244.0,2279.0,2230.0,2258.0,2258.0,38.0,CC=F,USD,NYB
2012-04-20,2250.0,2315.0,2250.0,2299.0,2299.0,35.0,CC=F,USD,NYB
2012-04-23,2300.0,2300.0,2245.0,2245.0,2245.0,28.0,CC=F,USD,NYB
2012-04-24,2269.0,2338.0,2269.0,2325.0,2325.0,53.0,CC=F,USD,NYB
2012-04-25,2345.0,2354.0,2290.0,2302.0,2302.0,4.0,CC=F,USD,NYB
2012-04-26,2303.0,2326.0,2303.0,2327.0,2327.0,11.0,CC=F,USD,NYB
2012-04-27,2364.0,2364.0,2364.0,2364.0,2364.0,19.0,CC=F,USD,NYB
2012-04-30,2370.0,2383.0,2242.0,2263.0,2263.0,17.0,CC=F,USD,NYB
2012-05-01,2268.0,2376.0,2268.0,2359.0,2359.0,7.0,CC=F,USD,NYB
2012-05-02,2372.0,2372.0,2372.0,2372.0,2372.0,7.0,CC=F,USD,NYB
2012-05-03,2332.0,2332.0,2332.0,2332.0,2332.0,7.0,CC=F,USD,NYB
2012-05-04,2312.0,2312.0,2312.0,2312.0,2312.0,7.0,CC=F,USD,NYB
2012-05-07,2378.0,2378.0,2378.0,2378.0,2378.0,7.0,CC=F,USD,NYB
2012-05-08,2396.0,2396.0,2360.0,2356.0,2356.0,5.0,CC=F,USD,NYB
2012-05-09,2314.0,2359.0,2314.0,2364.0,2364.0,11.0,CC=F,USD,NYB
2012-05-10,2346.0,2396.0,2333.0,2390.0,2390.0,33.0,CC=F,USD,NYB
2012-05-11,2274.0,2274.0,2272.0,2372.0,2372.0,14.0,CC=F,USD,NYB
2012-05-14,2339.0,2343.0,2339.0,2321.0,2321.0,6.0,CC=F,USD,NYB
2012-05-15,2278.0,2278.0,2278.0,2278.0,2278.0,8801.0,CC=F,USD,NYB
2012-05-16,2239.0,2299.0,2227.0,2292.0,2292.0,8198.0,CC=F,USD,NYB
2012-05-17,2282.0,2289.0,2220.0,2224.0,2224.0,12932.0,CC=F,USD,NYB
2012-05-18,2222.0,2286.0,2221.0,2273.0,2273.0,9259.0,CC=F,USD,NYB
2012-05-21,2270.0,2275.0,2225.0,2238.0,2238.0,10349.0,CC=F,USD,NYB
2012-05-22,2237.0,2255.0,2163.0,2179.0,2179.0,15963.0,CC=F,USD,NYB
2012-05-23,2165.0,2172.0,2100.0,2124.0,2124.0,18099.0,CC=F,USD,NYB
2012-05-24,2108.0,2128.0,2094.0,2105.0,2105.0,11470.0,CC=F,USD,NYB
2012-05-25,2119.0,2133.0,2092.0,2110.0,2110.0,0.0,CC=F,USD,NYB
2012-05-29,2105.0,2156.0,2096.0,2110.0,2110.0,12226.0,CC=F,USD,NYB
2012-05-30,2105.0,2105.0,2047.0,2070.0,2070.0,13700.0,CC=F,USD,NYB
2012-05-31,2071.0,2110.0,2070.0,2083.0,2083.0,14553.0,CC=F,USD,NYB
2012-06-01,2069.0,2086.0,2026.0,2063.0,2063.0,13556.0,CC=F,USD,NYB
2012-06-04,2060.0,2100.0,2026.0,2094.0,2094.0,14939.0,CC=F,USD,NYB
2012-06-05,2090.0,2169.0,2073.0,2163.0,2163.0,17686.0,CC=F,USD,NYB
2012-06-06,2159.0,2220.0,2133.0,2203.0,2203.0,24558.0,CC=F,USD,NYB
2012-06-07,2200.0,2250.0,2190.0,2226.0,2226.0,16882.0,CC=F,USD,NYB
2012-06-08,2203.0,2235.0,2173.0,2200.0,2200.0,16968.0,CC=F,USD,NYB
2012-06-11,2214.0,2247.0,2179.0,2197.0,2197.0,10732.0,CC=F,USD,NYB
2012-06-12,2185.0,2282.0,2185.0,2249.0,2249.0,14306.0,CC=F,USD,NYB
2012-06-13,2256.0,2279.0,2232.0,2257.0,2257.0,6886.0,CC=F,USD,NYB
2012-06-14,2243.0,2251.0,2194.0,2225.0,2225.0,9054.0,CC=F,USD,NYB
2012-06-15,2240.0,2250.0,2203.0,2219.0,2219.0,2390.0,CC=F,USD,NYB
2012-06-18,2219.0,2240.0,2163.0,2174.0,2174.0,250.0,CC=F,USD,NYB
2012-06-19,2180.0,2235.0,2180.0,2230.0,2230.0,100.0,CC=F,USD,NYB
2012-06-20,2217.0,2228.0,2156.0,2167.0,2167.0,155.0,CC=F,USD,NYB
2012-06-21,2162.0,2200.0,2141.0,2130.0,2130.0,31.0,CC=F,USD,NYB
2012-06-22,2131.0,2131.0,2087.0,2094.0,2094.0,32.0,CC=F,USD,NYB
2012-06-25,2093.0,2103.0,2093.0,2087.0,2087.0,8.0,CC=F,USD,NYB
2012-06-26,2124.0,2149.0,2102.0,2149.0,2149.0,51.0,CC=F,USD,NYB
2012-06-27,2147.0,2164.0,2147.0,2226.0,2226.0,5.0,CC=F,USD,NYB
2012-06-28,2237.0,2239.0,2209.0,2226.0,2226.0,9.0,CC=F,USD,NYB
2012-06-29,2274.0,2291.0,2274.0,2289.0,2289.0,4.0,CC=F,USD,NYB
2012-07-02,2277.0,2290.0,2260.0,2282.0,2282.0,12.0,CC=F,USD,NYB
2012-07-03,2330.0,2330.0,2330.0,2344.0,2344.0,0.0,CC=F,USD,NYB
2012-07-05,2330.0,2344.0,2327.0,2318.0,2318.0,32.0,CC=F,USD,NYB
2012-07-06,2245.0,2245.0,2245.0,2245.0,2245.0,7.0,CC=F,USD,NYB
2012-07-09,2312.0,2312.0,2312.0,2312.0,2312.0,7.0,CC=F,USD,NYB
2012-07-10,2300.0,2300.0,2300.0,2300.0,2300.0,16.0,CC=F,USD,NYB
2012-07-11,2305.0,2306.0,2305.0,2286.0,2286.0,18.0,CC=F,USD,NYB
2012-07-12,2184.0,2184.0,2184.0,2184.0,2184.0,4.0,CC=F,USD,NYB
2012-07-13,2210.0,2210.0,2210.0,2210.0,2210.0,15.0,CC=F,USD,NYB
2012-07-16,2197.0,2197.0,2197.0,2197.0,2197.0,11046.0,CC=F,USD,NYB
2012-07-17,2208.0,2220.0,2159.0,2195.0,2195.0,9934.0,CC=F,USD,NYB
2012-07-18,2207.0,2217.0,2169.0,2204.0,2204.0,6611.0,CC=F,USD,NYB
2012-07-19,2215.0,2285.0,2215.0,2230.0,2230.0,11887.0,CC=F,USD,NYB
2012-07-20,2227.0,2257.0,2217.0,2229.0,2229.0,7280.0,CC=F,USD,NYB
2012-07-23,2229.0,2270.0,2188.0,2238.0,2238.0,10752.0,CC=F,USD,NYB
2012-07-24,2260.0,2278.0,2202.0,2209.0,2209.0,14252.0,CC=F,USD,NYB
2012-07-25,2241.0,2255.0,2195.0,2230.0,2230.0,8513.0,CC=F,USD,NYB
2012-07-26,2230.0,2330.0,2215.0,2316.0,2316.0,18990.0,CC=F,USD,NYB
2012-07-27,2309.0,2352.0,2297.0,2330.0,2330.0,12928.0,CC=F,USD,NYB
2012-07-30,2330.0,2356.0,2320.0,2341.0,2341.0,10658.0,CC=F,USD,NYB
2012-07-31,2331.0,2387.0,2312.0,2376.0,2376.0,18069.0,CC=F,USD,NYB
2012-08-01,2390.0,2409.0,2370.0,2401.0,2401.0,16072.0,CC=F,USD,NYB
2012-08-02,2384.0,2404.0,2357.0,2369.0,2369.0,15993.0,CC=F,USD,NYB
2012-08-03,2366.0,2436.0,2361.0,2398.0,2398.0,14656.0,CC=F,USD,NYB
2012-08-06,2386.0,2405.0,2352.0,2398.0,2398.0,12140.0,CC=F,USD,NYB
2012-08-07,2402.0,2451.0,2402.0,2447.0,2447.0,17520.0,CC=F,USD,NYB
2012-08-08,2436.0,2479.0,2434.0,2463.0,2463.0,11419.0,CC=F,USD,NYB
2012-08-09,2457.0,2478.0,2415.0,2463.0,2463.0,17440.0,CC=F,USD,NYB
2012-08-10,2452.0,2475.0,2431.0,2446.0,2446.0,9358.0,CC=F,USD,NYB
2012-08-13,2432.0,2488.0,2365.0,2388.0,2388.0,12514.0,CC=F,USD,NYB
2012-08-14,2387.0,2468.0,2386.0,2430.0,2430.0,10135.0,CC=F,USD,NYB
2012-08-15,2425.0,2458.0,2416.0,2429.0,2429.0,7535.0,CC=F,USD,NYB
2012-08-16,2428.0,2450.0,2402.0,2424.0,2424.0,8524.0,CC=F,USD,NYB
2012-08-17,2432.0,2500.0,2430.0,2487.0,2487.0,1850.0,CC=F,USD,NYB
2012-08-20,2500.0,2509.0,2440.0,2465.0,2465.0,292.0,CC=F,USD,NYB
2012-08-21,2465.0,2497.0,2450.0,2473.0,2473.0,101.0,CC=F,USD,NYB
2012-08-22,2451.0,2451.0,2410.0,2420.0,2420.0,40.0,CC=F,USD,NYB
2012-08-23,2461.0,2467.0,2404.0,2425.0,2425.0,61.0,CC=F,USD,NYB
2012-08-24,2419.0,2439.0,2417.0,2437.0,2437.0,13.0,CC=F,USD,NYB
2012-08-27,2542.0,2542.0,2518.0,2518.0,2518.0,19.0,CC=F,USD,NYB
2012-08-28,2551.0,2603.0,2548.0,2614.0,2614.0,24.0,CC=F,USD,NYB
2012-08-29,2634.0,2645.0,2634.0,2619.0,2619.0,37.0,CC=F,USD,NYB
2012-08-30,2611.0,2671.0,2610.0,2642.0,2642.0,45.0,CC=F,USD,NYB
2012-08-31,2673.0,2673.0,2650.0,2656.0,2656.0,0.0,CC=F,USD,NYB
2012-09-04,2608.0,2614.0,2595.0,2591.0,2591.0,3.0,CC=F,USD,NYB
2012-09-05,2717.0,2717.0,2717.0,2702.0,2702.0,3.0,CC=F,USD,NYB
2012-09-06,2735.0,2735.0,2735.0,2744.0,2744.0,6.0,CC=F,USD,NYB
2012-09-07,2730.0,2730.0,2730.0,2724.0,2724.0,1.0,CC=F,USD,NYB
2012-09-10,2660.0,2711.0,2660.0,2696.0,2696.0,25.0,CC=F,USD,NYB
2012-09-11,2710.0,2710.0,2646.0,2674.0,2674.0,45.0,CC=F,USD,NYB
2012-09-12,2659.0,2668.0,2650.0,2676.0,2676.0,20.0,CC=F,USD,NYB
2012-09-13,2668.0,2668.0,2652.0,2660.0,2660.0,9805.0,CC=F,USD,NYB
2012-09-14,2627.0,2674.0,2617.0,2642.0,2642.0,10856.0,CC=F,USD,NYB
2012-09-17,2641.0,2649.0,2551.0,2584.0,2584.0,16571.0,CC=F,USD,NYB
2012-09-18,2572.0,2572.0,2519.0,2532.0,2532.0,14024.0,CC=F,USD,NYB
2012-09-19,2558.0,2563.0,2523.0,2538.0,2538.0,9978.0,CC=F,USD,NYB
2012-09-20,2551.0,2555.0,2506.0,2519.0,2519.0,9157.0,CC=F,USD,NYB
2012-09-21,2533.0,2541.0,2501.0,2521.0,2521.0,10543.0,CC=F,USD,NYB
2012-09-24,2526.0,2530.0,2441.0,2446.0,2446.0,17284.0,CC=F,USD,NYB
2012-09-25,2461.0,2511.0,2439.0,2483.0,2483.0,12008.0,CC=F,USD,NYB
2012-09-26,2483.0,2507.0,2460.0,2469.0,2469.0,7938.0,CC=F,USD,NYB
2012-09-27,2475.0,2500.0,2456.0,2482.0,2482.0,9792.0,CC=F,USD,NYB
2012-09-28,2495.0,2595.0,2493.0,2516.0,2516.0,18368.0,CC=F,USD,NYB
2012-10-01,2500.0,2513.0,2435.0,2450.0,2450.0,17818.0,CC=F,USD,NYB
2012-10-02,2438.0,2481.0,2412.0,2475.0,2475.0,10517.0,CC=F,USD,NYB
2012-10-03,2465.0,2479.0,2400.0,2416.0,2416.0,13987.0,CC=F,USD,NYB
2012-10-04,2421.0,2446.0,2386.0,2395.0,2395.0,10975.0,CC=F,USD,NYB
2012-10-05,2407.0,2420.0,2375.0,2382.0,2382.0,6797.0,CC=F,USD,NYB
2012-10-08,2382.0,2391.0,2363.0,2381.0,2381.0,6583.0,CC=F,USD,NYB
2012-10-09,2394.0,2453.0,2388.0,2417.0,2417.0,11227.0,CC=F,USD,NYB
2012-10-10,2408.0,2427.0,2366.0,2372.0,2372.0,13355.0,CC=F,USD,NYB
2012-10-11,2374.0,2394.0,2341.0,2351.0,2351.0,12262.0,CC=F,USD,NYB
2012-10-12,2341.0,2379.0,2338.0,2366.0,2366.0,9416.0,CC=F,USD,NYB
2012-10-15,2359.0,2366.0,2342.0,2354.0,2354.0,6585.0,CC=F,USD,NYB
2012-10-16,2354.0,2434.0,2347.0,2418.0,2418.0,11726.0,CC=F,USD,NYB
2012-10-17,2401.0,2428.0,2374.0,2385.0,2385.0,8968.0,CC=F,USD,NYB
2012-10-18,2385.0,2448.0,2377.0,2438.0,2438.0,12753.0,CC=F,USD,NYB
2012-10-19,2445.0,2498.0,2445.0,2489.0,2489.0,15846.0,CC=F,USD,NYB
2012-10-22,2475.0,2526.0,2460.0,2516.0,2516.0,12223.0,CC=F,USD,NYB
2012-10-23,2500.0,2518.0,2474.0,2498.0,2498.0,13217.0,CC=F,USD,NYB
2012-10-24,2493.0,2495.0,2389.0,2399.0,2399.0,20485.0,CC=F,USD,NYB
2012-10-25,2405.0,2425.0,2376.0,2402.0,2402.0,13935.0,CC=F,USD,NYB
2012-10-26,2405.0,2425.0,2379.0,2383.0,2383.0,10074.0,CC=F,USD,NYB
2012-10-31,2383.0,2417.0,2364.0,2388.0,2388.0,15586.0,CC=F,USD,NYB
2012-11-01,2388.0,2426.0,2377.0,2420.0,2420.0,13234.0,CC=F,USD,NYB
2012-11-02,2420.0,2450.0,2408.0,2447.0,2447.0,18058.0,CC=F,USD,NYB
2012-11-05,2427.0,2460.0,2423.0,2444.0,2444.0,26128.0,CC=F,USD,NYB
2012-11-06,2444.0,2470.0,2435.0,2462.0,2462.0,15562.0,CC=F,USD,NYB
2012-11-07,2455.0,2474.0,2394.0,2399.0,2399.0,22229.0,CC=F,USD,NYB
2012-11-08,2405.0,2409.0,2323.0,2337.0,2337.0,22205.0,CC=F,USD,NYB
2012-11-09,2350.0,2369.0,2317.0,2358.0,2358.0,13386.0,CC=F,USD,NYB
2012-11-12,2358.0,2414.0,2331.0,2381.0,2381.0,18572.0,CC=F,USD,NYB
2012-11-13,2381.0,2405.0,2370.0,2395.0,2395.0,9029.0,CC=F,USD,NYB
2012-11-14,2378.0,2486.0,2378.0,2468.0,2468.0,15327.0,CC=F,USD,NYB
2012-11-15,2468.0,2521.0,2456.0,2502.0,2502.0,2301.0,CC=F,USD,NYB
2012-11-16,2510.0,2510.0,2446.0,2457.0,2457.0,259.0,CC=F,USD,NYB
2012-11-19,2485.0,2485.0,2453.0,2481.0,2481.0,105.0,CC=F,USD,NYB
2012-11-20,2492.0,2505.0,2467.0,2506.0,2506.0,15.0,CC=F,USD,NYB
2012-11-21,2521.0,2525.0,2521.0,2531.0,2531.0,0.0,CC=F,USD,NYB
2012-11-23,2510.0,2574.0,2510.0,2562.0,2562.0,47.0,CC=F,USD,NYB
2012-11-26,2539.0,2539.0,2507.0,2538.0,2538.0,85.0,CC=F,USD,NYB
2012-11-27,2545.0,2546.0,2500.0,2502.0,2502.0,15.0,CC=F,USD,NYB
2012-11-28,2508.0,2508.0,2508.0,2508.0,2508.0,15.0,CC=F,USD,NYB
2012-11-29,2536.0,2540.0,2525.0,2526.0,2526.0,13.0,CC=F,USD,NYB
2012-11-30,2493.0,2536.0,2493.0,2538.0,2538.0,7.0,CC=F,USD,NYB
2012-12-03,2577.0,2578.0,2577.0,2562.0,2562.0,166.0,CC=F,USD,NYB
2012-12-04,2483.0,2483.0,2480.0,2491.0,2491.0,3.0,CC=F,USD,NYB
2012-12-05,2480.0,2490.0,2472.0,2460.0,2460.0,9.0,CC=F,USD,NYB
2012-12-06,2473.0,2473.0,2473.0,2473.0,2473.0,9.0,CC=F,USD,NYB
2012-12-07,2471.0,2471.0,2471.0,2471.0,2471.0,2.0,CC=F,USD,NYB
2012-12-10,2429.0,2429.0,2429.0,2429.0,2429.0,23.0,CC=F,USD,NYB
2012-12-11,2428.0,2453.0,2428.0,2434.0,2434.0,7.0,CC=F,USD,NYB
2012-12-12,2478.0,2478.0,2478.0,2490.0,2490.0,8.0,CC=F,USD,NYB
2012-12-13,2452.0,2452.0,2452.0,2452.0,2452.0,9883.0,CC=F,USD,NYB
2012-12-14,2422.0,2447.0,2412.0,2435.0,2435.0,7710.0,CC=F,USD,NYB
2012-12-17,2435.0,2443.0,2403.0,2425.0,2425.0,8656.0,CC=F,USD,NYB
2012-12-18,2420.0,2420.0,2387.0,2397.0,2397.0,8639.0,CC=F,USD,NYB
2012-12-19,2401.0,2408.0,2345.0,2358.0,2358.0,20617.0,CC=F,USD,NYB
2012-12-20,2359.0,2371.0,2311.0,2328.0,2328.0,16508.0,CC=F,USD,NYB
2012-12-21,2328.0,2357.0,2305.0,2312.0,2312.0,10703.0,CC=F,USD,NYB
2012-12-24,2304.0,2310.0,2270.0,2273.0,2273.0,0.0,CC=F,USD,NYB
2012-12-26,2273.0,2280.0,2261.0,2263.0,2263.0,4632.0,CC=F,USD,NYB
2012-12-27,2273.0,2289.0,2250.0,2255.0,2255.0,7432.0,CC=F,USD,NYB
2012-12-28,2257.0,2275.0,2246.0,2249.0,2249.0,7407.0,CC=F,USD,NYB
2012-12-31,2251.0,2259.0,2207.0,2236.0,2236.0,7788.0,CC=F,USD,NYB
2013-01-02,2246.0,2269.0,2237.0,2259.0,2259.0,11901.0,CC=F,USD,NYB
2013-01-03,2250.0,2280.0,2245.0,2256.0,2256.0,10771.0,CC=F,USD,NYB
2013-01-04,2256.0,2256.0,2210.0,2220.0,2220.0,17811.0,CC=F,USD,NYB
2013-01-07,2220.0,2274.0,2213.0,2267.0,2267.0,13866.0,CC=F,USD,NYB
2013-01-08,2267.0,2276.0,2206.0,2215.0,2215.0,17145.0,CC=F,USD,NYB
2013-01-09,2218.0,2238.0,2208.0,2223.0,2223.0,10861.0,CC=F,USD,NYB
2013-01-10,2223.0,2275.0,2223.0,2269.0,2269.0,12861.0,CC=F,USD,NYB
2013-01-11,2265.0,2274.0,2246.0,2256.0,2256.0,9405.0,CC=F,USD,NYB
2013-01-14,2256.0,2296.0,2230.0,2267.0,2267.0,18940.0,CC=F,USD,NYB
2013-01-15,2254.0,2285.0,2232.0,2270.0,2270.0,14133.0,CC=F,USD,NYB
2013-01-16,2250.0,2268.0,2244.0,2256.0,2256.0,6845.0,CC=F,USD,NYB
2013-01-17,2255.0,2310.0,2250.0,2300.0,2300.0,16397.0,CC=F,USD,NYB
2013-01-18,2296.0,2313.0,2277.0,2285.0,2285.0,0.0,CC=F,USD,NYB
2013-01-22,2287.0,2289.0,2207.0,2213.0,2213.0,21809.0,CC=F,USD,NYB
2013-01-23,2216.0,2234.0,2191.0,2215.0,2215.0,15193.0,CC=F,USD,NYB
2013-01-24,2219.0,2226.0,2178.0,2195.0,2195.0,14001.0,CC=F,USD,NYB
2013-01-25,2205.0,2207.0,2165.0,2173.0,2173.0,16117.0,CC=F,USD,NYB
2013-01-28,2173.0,2183.0,2157.0,2161.0,2161.0,16295.0,CC=F,USD,NYB
2013-01-29,2172.0,2201.0,2165.0,2195.0,2195.0,18241.0,CC=F,USD,NYB
2013-01-30,2193.0,2207.0,2155.0,2179.0,2179.0,17427.0,CC=F,USD,NYB
2013-01-31,2188.0,2214.0,2180.0,2205.0,2205.0,19067.0,CC=F,USD,NYB
2013-02-01,2201.0,2217.0,2188.0,2205.0,2205.0,19990.0,CC=F,USD,NYB
2013-02-04,2205.0,2212.0,2181.0,2192.0,2192.0,19800.0,CC=F,USD,NYB
2013-02-05,2190.0,2249.0,2189.0,2246.0,2246.0,21502.0,CC=F,USD,NYB
2013-02-06,2243.0,2252.0,2209.0,2223.0,2223.0,22137.0,CC=F,USD,NYB
2013-02-07,2217.0,2265.0,2214.0,2238.0,2238.0,23841.0,CC=F,USD,NYB
2013-02-08,2234.0,2257.0,2225.0,2232.0,2232.0,20399.0,CC=F,USD,NYB
2013-02-11,2230.0,2237.0,2170.0,2174.0,2174.0,20001.0,CC=F,USD,NYB
2013-02-12,2182.0,2193.0,2159.0,2179.0,2179.0,13979.0,CC=F,USD,NYB
2013-02-13,2186.0,2200.0,2134.0,2143.0,2143.0,7774.0,CC=F,USD,NYB
2013-02-14,2140.0,2171.0,2124.0,2129.0,2129.0,185.0,CC=F,USD,NYB
2013-02-15,2133.0,2170.0,2133.0,2141.0,2141.0,0.0,CC=F,USD,NYB
2013-02-19,2158.0,2173.0,2153.0,2129.0,2129.0,42.0,CC=F,USD,NYB
2013-02-20,2130.0,2130.0,2099.0,2127.0,2127.0,25.0,CC=F,USD,NYB
2013-02-21,2153.0,2168.0,2131.0,2143.0,2143.0,18.0,CC=F,USD,NYB
2013-02-22,2181.0,2189.0,2165.0,2161.0,2161.0,20.0,CC=F,USD,NYB
2013-02-25,2163.0,2163.0,2117.0,2144.0,2144.0,21.0,CC=F,USD,NYB
2013-02-26,2141.0,2141.0,2141.0,2126.0,2126.0,1.0,CC=F,USD,NYB
2013-02-27,2142.0,2142.0,2142.0,2142.0,2142.0,1.0,CC=F,USD,NYB
2013-02-28,2146.0,2146.0,2146.0,2146.0,2146.0,1.0,CC=F,USD,NYB
2013-03-01,2146.0,2146.0,2146.0,2082.0,2082.0,2.0,CC=F,USD,NYB
2013-03-04,2085.0,2087.0,2085.0,2055.0,2055.0,3.0,CC=F,USD,NYB
2013-03-05,2076.0,2076.0,2076.0,2076.0,2076.0,3.0,CC=F,USD,NYB
2013-03-06,2046.0,2046.0,2046.0,2046.0,2046.0,1.0,CC=F,USD,NYB
2013-03-07,2064.0,2064.0,2064.0,2064.0,2064.0,16.0,CC=F,USD,NYB
2013-03-08,2112.0,2142.0,2112.0,2119.0,2119.0,16.0,CC=F,USD,NYB
2013-03-11,2153.0,2153.0,2153.0,2129.0,2129.0,1.0,CC=F,USD,NYB
2013-03-12,2162.0,2167.0,2162.0,2159.0,2159.0,4.0,CC=F,USD,NYB
2013-03-13,2148.0,2148.0,2148.0,2148.0,2148.0,11053.0,CC=F,USD,NYB
2013-03-14,2147.0,2157.0,2116.0,2130.0,2130.0,18964.0,CC=F,USD,NYB
2013-03-15,2125.0,2150.0,2106.0,2115.0,2115.0,10989.0,CC=F,USD,NYB
2013-03-18,2100.0,2109.0,2075.0,2088.0,2088.0,9176.0,CC=F,USD,NYB
2013-03-19,2093.0,2119.0,2086.0,2099.0,2099.0,10570.0,CC=F,USD,NYB
2013-03-20,2100.0,2157.0,2095.0,2152.0,2152.0,14986.0,CC=F,USD,NYB
2013-03-21,2152.0,2186.0,2149.0,2166.0,2166.0,13104.0,CC=F,USD,NYB
2013-03-22,2166.0,2185.0,2149.0,2159.0,2159.0,8958.0,CC=F,USD,NYB
2013-03-25,2159.0,2179.0,2124.0,2130.0,2130.0,12631.0,CC=F,USD,NYB
2013-03-26,2132.0,2171.0,2132.0,2146.0,2146.0,11183.0,CC=F,USD,NYB
2013-03-27,2145.0,2158.0,2130.0,2150.0,2150.0,9694.0,CC=F,USD,NYB
2013-03-28,2143.0,2195.0,2142.0,2170.0,2170.0,0.0,CC=F,USD,NYB
2013-04-01,2170.0,2198.0,2169.0,2184.0,2184.0,9489.0,CC=F,USD,NYB
2013-04-02,2184.0,2194.0,2168.0,2171.0,2171.0,21959.0,CC=F,USD,NYB
2013-04-03,2165.0,2179.0,2130.0,2150.0,2150.0,25245.0,CC=F,USD,NYB
2013-04-04,2136.0,2149.0,2111.0,2141.0,2141.0,26101.0,CC=F,USD,NYB
2013-04-05,2139.0,2141.0,2122.0,2132.0,2132.0,19884.0,CC=F,USD,NYB
2013-04-08,2125.0,2198.0,2119.0,2185.0,2185.0,33163.0,CC=F,USD,NYB
2013-04-09,2184.0,2222.0,2174.0,2219.0,2219.0,27445.0,CC=F,USD,NYB
2013-04-10,2218.0,2222.0,2197.0,2214.0,2214.0,15786.0,CC=F,USD,NYB
2013-04-11,2202.0,2239.0,2202.0,2234.0,2234.0,21313.0,CC=F,USD,NYB
2013-04-12,2221.0,2275.0,2207.0,2261.0,2261.0,16572.0,CC=F,USD,NYB
2013-04-15,2255.0,2272.0,2234.0,2243.0,2243.0,9256.0,CC=F,USD,NYB
2013-04-16,2243.0,2300.0,2232.0,2294.0,2294.0,3407.0,CC=F,USD,NYB
2013-04-17,2294.0,2320.0,2279.0,2299.0,2299.0,662.0,CC=F,USD,NYB
2013-04-18,2312.0,2319.0,2312.0,2310.0,2310.0,96.0,CC=F,USD,NYB
2013-04-19,2319.0,2331.0,2319.0,2319.0,2319.0,17.0,CC=F,USD,NYB
2013-04-22,2326.0,2326.0,2306.0,2299.0,2299.0,8.0,CC=F,USD,NYB
2013-04-23,2306.0,2325.0,2306.0,2316.0,2316.0,4.0,CC=F,USD,NYB
2013-04-24,2331.0,2331.0,2322.0,2322.0,2322.0,740.0,CC=F,USD,NYB
2013-04-25,2329.0,2367.0,2329.0,2359.0,2359.0,366.0,CC=F,USD,NYB
2013-04-26,2359.0,2359.0,2349.0,2364.0,2364.0,58.0,CC=F,USD,NYB
2013-04-29,2341.0,2341.0,2333.0,2335.0,2335.0,150.0,CC=F,USD,NYB
2013-04-30,2333.0,2333.0,2322.0,2368.0,2368.0,46.0,CC=F,USD,NYB
2013-05-01,2415.0,2415.0,2415.0,2415.0,2415.0,95.0,CC=F,USD,NYB
2013-05-02,2414.0,2414.0,2414.0,2414.0,2414.0,95.0,CC=F,USD,NYB
2013-05-03,2386.0,2418.0,2386.0,2404.0,2404.0,2.0,CC=F,USD,NYB
2013-05-06,2390.0,2390.0,2390.0,2390.0,2390.0,2.0,CC=F,USD,NYB
2013-05-07,2364.0,2364.0,2364.0,2384.0,2384.0,10.0,CC=F,USD,NYB
2013-05-08,2362.0,2407.0,2362.0,2379.0,2379.0,6.0,CC=F,USD,NYB
2013-05-09,2360.0,2360.0,2358.0,2336.0,2336.0,8.0,CC=F,USD,NYB
2013-05-10,2320.0,2320.0,2320.0,2298.0,2298.0,1.0,CC=F,USD,NYB
2013-05-13,2266.0,2334.0,2265.0,2315.0,2315.0,21.0,CC=F,USD,NYB
2013-05-14,2323.0,2324.0,2323.0,2342.0,2342.0,10.0,CC=F,USD,NYB
2013-05-15,2333.0,2333.0,2333.0,2333.0,2333.0,12141.0,CC=F,USD,NYB
2013-05-16,2352.0,2352.0,2292.0,2294.0,2294.0,14860.0,CC=F,USD,NYB
2013-05-17,2295.0,2317.0,2276.0,2300.0,2300.0,11199.0,CC=F,USD,NYB
2013-05-20,2307.0,2314.0,2291.0,2301.0,2301.0,9233.0,CC=F,USD,NYB
2013-05-21,2304.0,2350.0,2292.0,2345.0,2345.0,16072.0,CC=F,USD,NYB
2013-05-22,2344.0,2347.0,2304.0,2317.0,2317.0,14020.0,CC=F,USD,NYB
2013-05-23,2310.0,2334.0,2261.0,2283.0,2283.0,18755.0,CC=F,USD,NYB
2013-05-24,2266.0,2270.0,2244.0,2246.0,2246.0,0.0,CC=F,USD,NYB
2013-05-28,2246.0,2262.0,2201.0,2205.0,2205.0,17631.0,CC=F,USD,NYB
2013-05-29,2206.0,2219.0,2191.0,2210.0,2210.0,14882.0,CC=F,USD,NYB
2013-05-30,2208.0,2228.0,2196.0,2211.0,2211.0,16816.0,CC=F,USD,NYB
2013-05-31,2211.0,2218.0,2189.0,2191.0,2191.0,17039.0,CC=F,USD,NYB
2013-06-03,2191.0,2256.0,2191.0,2246.0,2246.0,27220.0,CC=F,USD,NYB
2013-06-04,2246.0,2286.0,2234.0,2283.0,2283.0,27691.0,CC=F,USD,NYB
2013-06-05,2283.0,2312.0,2280.0,2308.0,2308.0,28083.0,CC=F,USD,NYB
2013-06-06,2303.0,2373.0,2298.0,2363.0,2363.0,40384.0,CC=F,USD,NYB
2013-06-07,2363.0,2371.0,2326.0,2364.0,2364.0,28177.0,CC=F,USD,NYB
2013-06-10,2360.0,2366.0,2341.0,2360.0,2360.0,21580.0,CC=F,USD,NYB
2013-06-11,2359.0,2366.0,2342.0,2355.0,2355.0,16728.0,CC=F,USD,NYB
2013-06-12,2361.0,2379.0,2348.0,2372.0,2372.0,15015.0,CC=F,USD,NYB
2013-06-13,2369.0,2369.0,2303.0,2308.0,2308.0,15970.0,CC=F,USD,NYB
2013-06-14,2307.0,2309.0,2239.0,2246.0,2246.0,8616.0,CC=F,USD,NYB
2013-06-17,2232.0,2250.0,2216.0,2221.0,2221.0,192.0,CC=F,USD,NYB
2013-06-18,2222.0,2279.0,2221.0,2259.0,2259.0,706.0,CC=F,USD,NYB
2013-06-19,2275.0,2275.0,2210.0,2236.0,2236.0,26.0,CC=F,USD,NYB
2013-06-20,2227.0,2227.0,2160.0,2172.0,2172.0,24.0,CC=F,USD,NYB
2013-06-21,2177.0,2192.0,2155.0,2171.0,2171.0,10.0,CC=F,USD,NYB
2013-06-24,2161.0,2184.0,2151.0,2169.0,2169.0,20.0,CC=F,USD,NYB
2013-06-25,2207.0,2207.0,2151.0,2191.0,2191.0,6.0,CC=F,USD,NYB
2013-06-26,2206.0,2233.0,2161.0,2180.0,2180.0,19.0,CC=F,USD,NYB
2013-06-27,2178.0,2178.0,2178.0,2178.0,2178.0,19.0,CC=F,USD,NYB
2013-06-28,2194.0,2194.0,2194.0,2194.0,2194.0,19.0,CC=F,USD,NYB
2013-07-01,2203.0,2203.0,2170.0,2201.0,2201.0,4.0,CC=F,USD,NYB
2013-07-02,2203.0,2203.0,2203.0,2203.0,2203.0,1.0,CC=F,USD,NYB
2013-07-03,2250.0,2250.0,2250.0,2250.0,2250.0,3.0,CC=F,USD,NYB
2013-07-05,2214.0,2214.0,2214.0,2214.0,2214.0,3.0,CC=F,USD,NYB
2013-07-08,2179.0,2179.0,2179.0,2179.0,2179.0,3.0,CC=F,USD,NYB
2013-07-09,2150.0,2150.0,2150.0,2191.0,2191.0,3.0,CC=F,USD,NYB
2013-07-10,2196.0,2196.0,2196.0,2183.0,2183.0,1.0,CC=F,USD,NYB
2013-07-11,2244.0,2244.0,2244.0,2244.0,2244.0,1.0,CC=F,USD,NYB
2013-07-12,2241.0,2241.0,2241.0,2241.0,2241.0,1.0,CC=F,USD,NYB
2013-07-15,2226.0,2226.0,2226.0,2226.0,2226.0,1.0,CC=F,USD,NYB
2013-07-16,2294.0,2294.0,2294.0,2294.0,2294.0,16865.0,CC=F,USD,NYB
2013-07-17,2285.0,2327.0,2276.0,2300.0,2300.0,18695.0,CC=F,USD,NYB
2013-07-18,2300.0,2352.0,2296.0,2347.0,2347.0,16617.0,CC=F,USD,NYB
2013-07-19,2360.0,2377.0,2350.0,2364.0,2364.0,16258.0,CC=F,USD,NYB
2013-07-22,2352.0,2360.0,2333.0,2348.0,2348.0,13624.0,CC=F,USD,NYB
2013-07-23,2348.0,2374.0,2340.0,2359.0,2359.0,12146.0,CC=F,USD,NYB
2013-07-24,2349.0,2373.0,2324.0,2360.0,2360.0,13183.0,CC=F,USD,NYB
2013-07-25,2351.0,2381.0,2342.0,2347.0,2347.0,9783.0,CC=F,USD,NYB
2013-07-26,2337.0,2361.0,2330.0,2333.0,2333.0,12617.0,CC=F,USD,NYB
2013-07-29,2323.0,2326.0,2268.0,2280.0,2280.0,15412.0,CC=F,USD,NYB
2013-07-30,2269.0,2309.0,2263.0,2287.0,2287.0,11651.0,CC=F,USD,NYB
2013-07-31,2287.0,2303.0,2268.0,2298.0,2298.0,19861.0,CC=F,USD,NYB
2013-08-01,2299.0,2315.0,2291.0,2301.0,2301.0,12631.0,CC=F,USD,NYB
2013-08-02,2291.0,2309.0,2278.0,2291.0,2291.0,15645.0,CC=F,USD,NYB
2013-08-05,2289.0,2391.0,2287.0,2364.0,2364.0,26276.0,CC=F,USD,NYB
2013-08-06,2364.0,2384.0,2355.0,2374.0,2374.0,26288.0,CC=F,USD,NYB
2013-08-07,2378.0,2457.0,2361.0,2442.0,2442.0,25379.0,CC=F,USD,NYB
2013-08-08,2445.0,2514.0,2445.0,2466.0,2466.0,15905.0,CC=F,USD,NYB
2013-08-09,2463.0,2472.0,2436.0,2463.0,2463.0,16945.0,CC=F,USD,NYB
2013-08-12,2448.0,2486.0,2441.0,2473.0,2473.0,13687.0,CC=F,USD,NYB
2013-08-13,2467.0,2467.0,2409.0,2428.0,2428.0,11118.0,CC=F,USD,NYB
2013-08-14,2421.0,2483.0,2416.0,2456.0,2456.0,3393.0,CC=F,USD,NYB
2013-08-15,2456.0,2489.0,2427.0,2436.0,2436.0,4652.0,CC=F,USD,NYB
2013-08-16,2435.0,2456.0,2435.0,2445.0,2445.0,3964.0,CC=F,USD,NYB
2013-08-19,2446.0,2470.0,2420.0,2464.0,2464.0,298.0,CC=F,USD,NYB
2013-08-20,2483.0,2501.0,2470.0,2477.0,2477.0,68.0,CC=F,USD,NYB
2013-08-21,2467.0,2473.0,2405.0,2420.0,2420.0,335.0,CC=F,USD,NYB
2013-08-22,2420.0,2439.0,2415.0,2420.0,2420.0,15.0,CC=F,USD,NYB
2013-08-23,2439.0,2439.0,2420.0,2427.0,2427.0,59.0,CC=F,USD,NYB
2013-08-26,2458.0,2458.0,2441.0,2447.0,2447.0,21.0,CC=F,USD,NYB
2013-08-27,2408.0,2408.0,2408.0,2420.0,2420.0,14.0,CC=F,USD,NYB
2013-08-28,2471.0,2475.0,2471.0,2463.0,2463.0,11.0,CC=F,USD,NYB
2013-08-29,2450.0,2450.0,2441.0,2456.0,2456.0,13.0,CC=F,USD,NYB
2013-08-30,2454.0,2454.0,2400.0,2413.0,2413.0,0.0,CC=F,USD,NYB
2013-09-03,2411.0,2411.0,2390.0,2397.0,2397.0,7.0,CC=F,USD,NYB
2013-09-04,2397.0,2478.0,2397.0,2475.0,2475.0,24.0,CC=F,USD,NYB
2013-09-05,2493.0,2548.0,2493.0,2546.0,2546.0,6.0,CC=F,USD,NYB
2013-09-06,2540.0,2540.0,2540.0,2544.0,2544.0,112.0,CC=F,USD,NYB
2013-09-09,2526.0,2526.0,2526.0,2526.0,2526.0,112.0,CC=F,USD,NYB
2013-09-10,2531.0,2532.0,2531.0,2544.0,2544.0,8.0,CC=F,USD,NYB
2013-09-11,2521.0,2533.0,2521.0,2543.0,2543.0,3.0,CC=F,USD,NYB
2013-09-12,2568.0,2574.0,2568.0,2563.0,2563.0,9.0,CC=F,USD,NYB
2013-09-13,2576.0,2576.0,2576.0,2576.0,2576.0,10441.0,CC=F,USD,NYB
2013-09-16,2602.0,2642.0,2596.0,2636.0,2636.0,13913.0,CC=F,USD,NYB
2013-09-17,2640.0,2648.0,2600.0,2614.0,2614.0,9546.0,CC=F,USD,NYB
2013-09-18,2616.0,2630.0,2606.0,2623.0,2623.0,9239.0,CC=F,USD,NYB
2013-09-19,2630.0,2657.0,2605.0,2630.0,2630.0,10804.0,CC=F,USD,NYB
2013-09-20,2630.0,2630.0,2579.0,2608.0,2608.0,11963.0,CC=F,USD,NYB
2013-09-23,2608.0,2627.0,2598.0,2610.0,2610.0,10750.0,CC=F,USD,NYB
2013-09-24,2600.0,2610.0,2586.0,2603.0,2603.0,9855.0,CC=F,USD,NYB
2013-09-25,2608.0,2609.0,2561.0,2573.0,2573.0,14511.0,CC=F,USD,NYB
2013-09-26,2565.0,2611.0,2555.0,2597.0,2597.0,12272.0,CC=F,USD,NYB
2013-09-27,2605.0,2643.0,2602.0,2639.0,2639.0,13532.0,CC=F,USD,NYB
2013-09-30,2639.0,2646.0,2623.0,2640.0,2640.0,8923.0,CC=F,USD,NYB
2013-10-01,2644.0,2646.0,2620.0,2634.0,2634.0,12245.0,CC=F,USD,NYB
2013-10-02,2628.0,2640.0,2622.0,2632.0,2632.0,8196.0,CC=F,USD,NYB
2013-10-03,2632.0,2643.0,2561.0,2585.0,2585.0,18557.0,CC=F,USD,NYB
2013-10-04,2580.0,2627.0,2574.0,2611.0,2611.0,11539.0,CC=F,USD,NYB
2013-10-07,2621.0,2710.0,2618.0,2699.0,2699.0,30400.0,CC=F,USD,NYB
2013-10-08,2704.0,2731.0,2696.0,2718.0,2718.0,14886.0,CC=F,USD,NYB
2013-10-09,2730.0,2733.0,2693.0,2703.0,2703.0,8690.0,CC=F,USD,NYB
2013-10-10,2717.0,2735.0,2712.0,2729.0,2729.0,8459.0,CC=F,USD,NYB
2013-10-11,2735.0,2752.0,2722.0,2746.0,2746.0,7952.0,CC=F,USD,NYB
2013-10-14,2746.0,2757.0,2695.0,2713.0,2713.0,10371.0,CC=F,USD,NYB
2013-10-15,2713.0,2770.0,2709.0,2760.0,2760.0,12698.0,CC=F,USD,NYB
2013-10-16,2754.0,2763.0,2722.0,2747.0,2747.0,7846.0,CC=F,USD,NYB
2013-10-17,2751.0,2776.0,2748.0,2767.0,2767.0,9544.0,CC=F,USD,NYB
2013-10-18,2771.0,2771.0,2688.0,2721.0,2721.0,15550.0,CC=F,USD,NYB
2013-10-21,2715.0,2735.0,2692.0,2730.0,2730.0,9331.0,CC=F,USD,NYB
2013-10-22,2730.0,2780.0,2716.0,2769.0,2769.0,10332.0,CC=F,USD,NYB
2013-10-23,2763.0,2776.0,2709.0,2714.0,2714.0,15123.0,CC=F,USD,NYB
2013-10-24,2707.0,2719.0,2680.0,2686.0,2686.0,11430.0,CC=F,USD,NYB
2013-10-25,2683.0,2730.0,2673.0,2713.0,2713.0,13092.0,CC=F,USD,NYB
2013-10-28,2708.0,2716.0,2678.0,2684.0,2684.0,9190.0,CC=F,USD,NYB
2013-10-29,2684.0,2694.0,2653.0,2659.0,2659.0,18916.0,CC=F,USD,NYB
2013-10-30,2660.0,2671.0,2646.0,2660.0,2660.0,12408.0,CC=F,USD,NYB
2013-10-31,2662.0,2694.0,2650.0,2677.0,2677.0,15034.0,CC=F,USD,NYB
2013-11-01,2667.0,2668.0,2634.0,2651.0,2651.0,16572.0,CC=F,USD,NYB
2013-11-04,2650.0,2661.0,2630.0,2654.0,2654.0,19617.0,CC=F,USD,NYB
2013-11-05,2655.0,2745.0,2655.0,2736.0,2736.0,32174.0,CC=F,USD,NYB
2013-11-06,2740.0,2744.0,2719.0,2730.0,2730.0,22720.0,CC=F,USD,NYB
2013-11-07,2730.0,2732.0,2646.0,2676.0,2676.0,28234.0,CC=F,USD,NYB
2013-11-08,2676.0,2676.0,2640.0,2647.0,2647.0,21244.0,CC=F,USD,NYB
2013-11-11,2644.0,2644.0,2568.0,2586.0,2586.0,15523.0,CC=F,USD,NYB
2013-11-12,2580.0,2619.0,2571.0,2607.0,2607.0,9103.0,CC=F,USD,NYB
2013-11-13,2610.0,2672.0,2604.0,2647.0,2647.0,5914.0,CC=F,USD,NYB
2013-11-14,2651.0,2675.0,2640.0,2661.0,2661.0,2621.0,CC=F,USD,NYB
2013-11-15,2664.0,2742.0,2648.0,2736.0,2736.0,281.0,CC=F,USD,NYB
2013-11-18,2735.0,2785.0,2718.0,2780.0,2780.0,268.0,CC=F,USD,NYB
2013-11-19,2778.0,2805.0,2764.0,2795.0,2795.0,69.0,CC=F,USD,NYB
2013-11-20,2799.0,2820.0,2796.0,2810.0,2810.0,47.0,CC=F,USD,NYB
2013-11-21,2790.0,2792.0,2786.0,2796.0,2796.0,20.0,CC=F,USD,NYB
2013-11-22,2796.0,2806.0,2786.0,2800.0,2800.0,6.0,CC=F,USD,NYB
2013-11-25,2793.0,2811.0,2793.0,2808.0,2808.0,12.0,CC=F,USD,NYB
2013-11-26,2808.0,2808.0,2765.0,2773.0,2773.0,49.0,CC=F,USD,NYB
2013-11-27,2779.0,2779.0,2779.0,2770.0,2770.0,0.0,CC=F,USD,NYB
2013-11-29,2788.0,2793.0,2788.0,2791.0,2791.0,40.0,CC=F,USD,NYB
2013-12-02,2839.0,2840.0,2832.0,2821.0,2821.0,29.0,CC=F,USD,NYB
2013-12-03,2821.0,2821.0,2821.0,2816.0,2816.0,1.0,CC=F,USD,NYB
2013-12-04,2826.0,2831.0,2780.0,2777.0,2777.0,22.0,CC=F,USD,NYB
2013-12-05,2757.0,2759.0,2757.0,2762.0,2762.0,32.0,CC=F,USD,NYB
2013-12-06,2810.0,2820.0,2810.0,2813.0,2813.0,7.0,CC=F,USD,NYB
2013-12-09,2790.0,2790.0,2770.0,2761.0,2761.0,16.0,CC=F,USD,NYB
2013-12-10,2768.0,2769.0,2768.0,2783.0,2783.0,4.0,CC=F,USD,NYB
2013-12-11,2771.0,2771.0,2765.0,2765.0,2765.0,3.0,CC=F,USD,NYB
2013-12-12,2809.0,2809.0,2798.0,2797.0,2797.0,6.0,CC=F,USD,NYB
2013-12-13,2783.0,2783.0,2783.0,2783.0,2783.0,10005.0,CC=F,USD,NYB
2013-12-16,2770.0,2835.0,2742.0,2792.0,2792.0,17404.0,CC=F,USD,NYB
2013-12-17,2792.0,2804.0,2764.0,2771.0,2771.0,12210.0,CC=F,USD,NYB
2013-12-18,2771.0,2794.0,2765.0,2770.0,2770.0,8351.0,CC=F,USD,NYB
2013-12-19,2777.0,2809.0,2772.0,2791.0,2791.0,10779.0,CC=F,USD,NYB
2013-12-20,2785.0,2823.0,2784.0,2819.0,2819.0,8240.0,CC=F,USD,NYB
2013-12-23,2819.0,2825.0,2785.0,2808.0,2808.0,7384.0,CC=F,USD,NYB
2013-12-24,2803.0,2835.0,2803.0,2820.0,2820.0,4123.0,CC=F,USD,NYB
2013-12-26,2815.0,2819.0,2770.0,2783.0,2783.0,5169.0,CC=F,USD,NYB
2013-12-27,2781.0,2825.0,2752.0,2785.0,2785.0,10581.0,CC=F,USD,NYB
2013-12-30,2751.0,2759.0,2692.0,2712.0,2712.0,18512.0,CC=F,USD,NYB
2013-12-31,2712.0,2729.0,2703.0,2709.0,2709.0,21124.0,CC=F,USD,NYB
2014-01-02,2702.0,2704.0,2629.0,2636.0,2636.0,21124.0,CC=F,USD,NYB
2014-01-03,2646.0,2723.0,2633.0,2699.0,2699.0,18846.0,CC=F,USD,NYB
2014-01-06,2708.0,2717.0,2656.0,2667.0,2667.0,13980.0,CC=F,USD,NYB
2014-01-07,2669.0,2697.0,2663.0,2675.0,2675.0,12173.0,CC=F,USD,NYB
2014-01-08,2685.0,2715.0,2669.0,2700.0,2700.0,11845.0,CC=F,USD,NYB
2014-01-09,2701.0,2720.0,2679.0,2684.0,2684.0,11831.0,CC=F,USD,NYB
2014-01-10,2688.0,2717.0,2676.0,2712.0,2712.0,12485.0,CC=F,USD,NYB
2014-01-13,2702.0,2719.0,2682.0,2712.0,2712.0,11795.0,CC=F,USD,NYB
2014-01-14,2710.0,2755.0,2696.0,2752.0,2752.0,14623.0,CC=F,USD,NYB
2014-01-15,2762.0,2772.0,2722.0,2748.0,2748.0,11799.0,CC=F,USD,NYB
2014-01-16,2750.0,2759.0,2737.0,2753.0,2753.0,7324.0,CC=F,USD,NYB
2014-01-17,2727.0,2742.0,2685.0,2700.0,2700.0,13370.0,CC=F,USD,NYB
2014-01-21,2710.0,2720.0,2673.0,2679.0,2679.0,11534.0,CC=F,USD,NYB
2014-01-22,2679.0,2709.0,2660.0,2697.0,2697.0,13713.0,CC=F,USD,NYB
2014-01-23,2702.0,2799.0,2702.0,2791.0,2791.0,24971.0,CC=F,USD,NYB
2014-01-24,2794.0,2813.0,2778.0,2792.0,2792.0,15197.0,CC=F,USD,NYB
2014-01-27,2796.0,2904.0,2777.0,2889.0,2889.0,33033.0,CC=F,USD,NYB
2014-01-28,2910.0,2933.0,2892.0,2905.0,2905.0,19878.0,CC=F,USD,NYB
2014-01-29,2906.0,2923.0,2865.0,2918.0,2918.0,16089.0,CC=F,USD,NYB
2014-01-30,2916.0,2920.0,2893.0,2912.0,2912.0,20340.0,CC=F,USD,NYB
2014-01-31,2913.0,2925.0,2890.0,2911.0,2911.0,15006.0,CC=F,USD,NYB
2014-02-03,2896.0,2924.0,2883.0,2914.0,2914.0,16006.0,CC=F,USD,NYB
2014-02-04,2919.0,2923.0,2869.0,2877.0,2877.0,22642.0,CC=F,USD,NYB
2014-02-05,2886.0,2905.0,2869.0,2884.0,2884.0,19633.0,CC=F,USD,NYB
2014-02-06,2884.0,2897.0,2873.0,2886.0,2886.0,23759.0,CC=F,USD,NYB
2014-02-07,2888.0,2937.0,2885.0,2922.0,2922.0,27694.0,CC=F,USD,NYB
2014-02-10,2915.0,2927.0,2898.0,2910.0,2910.0,22693.0,CC=F,USD,NYB
2014-02-11,2904.0,2920.0,2872.0,2915.0,2915.0,18488.0,CC=F,USD,NYB
2014-02-12,2920.0,2961.0,2915.0,2941.0,2941.0,15772.0,CC=F,USD,NYB
2014-02-13,2934.0,2941.0,2908.0,2929.0,2929.0,8406.0,CC=F,USD,NYB
2014-02-14,2926.0,2942.0,2910.0,2934.0,2934.0,0.0,CC=F,USD,NYB
2014-02-18,2928.0,2945.0,2910.0,2928.0,2928.0,51.0,CC=F,USD,NYB
2014-02-19,2916.0,2921.0,2888.0,2909.0,2909.0,60.0,CC=F,USD,NYB
2014-02-20,2913.0,2973.0,2913.0,2950.0,2950.0,33.0,CC=F,USD,NYB
2014-02-21,2960.0,2975.0,2925.0,2929.0,2929.0,24.0,CC=F,USD,NYB
2014-02-24,2923.0,2935.0,2913.0,2935.0,2935.0,15.0,CC=F,USD,NYB
2014-02-25,2928.0,2928.0,2871.0,2899.0,2899.0,45.0,CC=F,USD,NYB
2014-02-26,2879.0,2910.0,2878.0,2909.0,2909.0,26.0,CC=F,USD,NYB
2014-02-27,2919.0,2919.0,2910.0,2933.0,2933.0,23.0,CC=F,USD,NYB
2014-02-28,2935.0,2939.0,2935.0,2935.0,2935.0,3.0,CC=F,USD,NYB
2014-03-03,2890.0,2911.0,2890.0,2894.0,2894.0,12.0,CC=F,USD,NYB
2014-03-04,2852.0,2852.0,2852.0,2923.0,2923.0,4.0,CC=F,USD,NYB
2014-03-05,2938.0,2938.0,2938.0,2938.0,2938.0,1.0,CC=F,USD,NYB
2014-03-06,2946.0,2946.0,2940.0,2938.0,2938.0,6.0,CC=F,USD,NYB
2014-03-07,2946.0,2963.0,2946.0,2966.0,2966.0,163.0,CC=F,USD,NYB
2014-03-10,2966.0,2968.0,2966.0,2974.0,2974.0,4.0,CC=F,USD,NYB
2014-03-11,2983.0,3019.0,2969.0,3000.0,3000.0,34.0,CC=F,USD,NYB
2014-03-12,3002.0,3008.0,2947.0,2954.0,2954.0,48.0,CC=F,USD,NYB
2014-03-13,2970.0,3025.0,2970.0,3011.0,3011.0,26.0,CC=F,USD,NYB
2014-03-14,2997.0,2997.0,2997.0,2997.0,2997.0,9418.0,CC=F,USD,NYB
2014-03-17,3008.0,3039.0,2974.0,3030.0,3030.0,10520.0,CC=F,USD,NYB
2014-03-18,3026.0,3033.0,2987.0,3014.0,3014.0,6067.0,CC=F,USD,NYB
2014-03-19,3021.0,3032.0,3012.0,3025.0,3025.0,5433.0,CC=F,USD,NYB
2014-03-20,2999.0,3002.0,2960.0,2974.0,2974.0,12461.0,CC=F,USD,NYB
2014-03-21,2985.0,2997.0,2951.0,2957.0,2957.0,12676.0,CC=F,USD,NYB
2014-03-24,2965.0,2986.0,2929.0,2940.0,2940.0,20129.0,CC=F,USD,NYB
2014-03-25,2928.0,2957.0,2921.0,2949.0,2949.0,16632.0,CC=F,USD,NYB
2014-03-26,2952.0,2969.0,2936.0,2963.0,2963.0,10927.0,CC=F,USD,NYB
2014-03-27,2963.0,2969.0,2937.0,2955.0,2955.0,11024.0,CC=F,USD,NYB
2014-03-28,2945.0,3006.0,2918.0,2983.0,2983.0,23300.0,CC=F,USD,NYB
2014-03-31,2971.0,3005.0,2945.0,2955.0,2955.0,23733.0,CC=F,USD,NYB
2014-04-01,2945.0,2964.0,2924.0,2943.0,2943.0,21689.0,CC=F,USD,NYB
2014-04-02,2936.0,2949.0,2905.0,2917.0,2917.0,22778.0,CC=F,USD,NYB
2014-04-03,2923.0,2930.0,2906.0,2917.0,2917.0,18698.0,CC=F,USD,NYB
2014-04-04,2917.0,2983.0,2913.0,2966.0,2966.0,25211.0,CC=F,USD,NYB
2014-04-07,2955.0,2978.0,2950.0,2959.0,2959.0,22937.0,CC=F,USD,NYB
2014-04-08,2967.0,3000.0,2947.0,2992.0,2992.0,34002.0,CC=F,USD,NYB
2014-04-09,2992.0,3021.0,2983.0,3011.0,3011.0,22494.0,CC=F,USD,NYB
2014-04-10,2990.0,3002.0,2960.0,2970.0,2970.0,15003.0,CC=F,USD,NYB
2014-04-11,2972.0,3000.0,2964.0,2987.0,2987.0,8864.0,CC=F,USD,NYB
2014-04-14,2972.0,2994.0,2964.0,2979.0,2979.0,8616.0,CC=F,USD,NYB
2014-04-15,2984.0,2984.0,2935.0,2951.0,2951.0,3316.0,CC=F,USD,NYB
2014-04-16,2961.0,2977.0,2945.0,2956.0,2956.0,1411.0,CC=F,USD,NYB
2014-04-17,2950.0,3006.0,2950.0,3001.0,3001.0,82.0,CC=F,USD,NYB
2014-04-21,3001.0,3003.0,2983.0,2987.0,2987.0,21.0,CC=F,USD,NYB
2014-04-22,3004.0,3016.0,2990.0,2993.0,2993.0,21.0,CC=F,USD,NYB
2014-04-23,2985.0,3008.0,2985.0,2997.0,2997.0,4.0,CC=F,USD,NYB
2014-04-24,2990.0,3006.0,2952.0,2968.0,2968.0,77.0,CC=F,USD,NYB
2014-04-25,2960.0,2962.0,2939.0,2945.0,2945.0,49.0,CC=F,USD,NYB
2014-04-28,2942.0,2942.0,2931.0,2935.0,2935.0,2.0,CC=F,USD,NYB
2014-04-29,2940.0,2940.0,2940.0,2940.0,2940.0,2.0,CC=F,USD,NYB
2014-04-30,2935.0,2983.0,2935.0,2974.0,2974.0,133.0,CC=F,USD,NYB
2014-05-01,2913.0,2913.0,2902.0,2916.0,2916.0,15.0,CC=F,USD,NYB
2014-05-02,2913.0,2913.0,2913.0,2910.0,2910.0,6.0,CC=F,USD,NYB
2014-05-05,2918.0,2921.0,2918.0,2921.0,2921.0,4.0,CC=F,USD,NYB
2014-05-06,2919.0,2919.0,2919.0,2913.0,2913.0,2.0,CC=F,USD,NYB
2014-05-07,2891.0,2900.0,2874.0,2892.0,2892.0,9.0,CC=F,USD,NYB
2014-05-08,2872.0,2889.0,2872.0,2883.0,2883.0,4.0,CC=F,USD,NYB
2014-05-09,2853.0,2853.0,2853.0,2853.0,2853.0,1.0,CC=F,USD,NYB
2014-05-12,2853.0,2853.0,2853.0,2858.0,2858.0,2.0,CC=F,USD,NYB
2014-05-13,2875.0,2875.0,2875.0,2894.0,2894.0,5.0,CC=F,USD,NYB
2014-05-14,2882.0,2882.0,2881.0,2885.0,2885.0,6129.0,CC=F,USD,NYB
2014-05-15,2890.0,2924.0,2886.0,2907.0,2907.0,9254.0,CC=F,USD,NYB
2014-05-16,2898.0,2920.0,2897.0,2917.0,2917.0,5848.0,CC=F,USD,NYB
2014-05-19,2912.0,2935.0,2880.0,2930.0,2930.0,15839.0,CC=F,USD,NYB
2014-05-20,2930.0,2974.0,2922.0,2968.0,2968.0,10536.0,CC=F,USD,NYB
2014-05-21,2976.0,2996.0,2960.0,2981.0,2981.0,13150.0,CC=F,USD,NYB
2014-05-22,2982.0,3010.0,2979.0,3001.0,3001.0,16658.0,CC=F,USD,NYB
2014-05-23,2990.0,3027.0,2989.0,3022.0,3022.0,0.0,CC=F,USD,NYB
2014-05-27,3026.0,3052.0,2995.0,3031.0,3031.0,16731.0,CC=F,USD,NYB
2014-05-28,3037.0,3037.0,3018.0,3029.0,3029.0,10523.0,CC=F,USD,NYB
2014-05-29,3035.0,3055.0,3020.0,3046.0,3046.0,16103.0,CC=F,USD,NYB
2014-05-30,3061.0,3082.0,3059.0,3071.0,3071.0,21191.0,CC=F,USD,NYB
2014-06-02,3058.0,3079.0,3049.0,3069.0,3069.0,13507.0,CC=F,USD,NYB
2014-06-03,3070.0,3074.0,3054.0,3070.0,3070.0,16879.0,CC=F,USD,NYB
2014-06-04,3079.0,3093.0,3064.0,3088.0,3088.0,21789.0,CC=F,USD,NYB
2014-06-05,3091.0,3104.0,3070.0,3092.0,3092.0,18266.0,CC=F,USD,NYB
2014-06-06,3090.0,3106.0,3058.0,3079.0,3079.0,28234.0,CC=F,USD,NYB
2014-06-09,3076.0,3091.0,3057.0,3077.0,3077.0,20606.0,CC=F,USD,NYB
2014-06-10,3087.0,3095.0,3075.0,3087.0,3087.0,21595.0,CC=F,USD,NYB
2014-06-11,3083.0,3138.0,3058.0,3120.0,3120.0,15793.0,CC=F,USD,NYB
2014-06-12,3129.0,3148.0,3068.0,3085.0,3085.0,15877.0,CC=F,USD,NYB
2014-06-13,3077.0,3150.0,3074.0,3122.0,3122.0,4604.0,CC=F,USD,NYB
2014-06-16,3116.0,3135.0,3114.0,3126.0,3126.0,2928.0,CC=F,USD,NYB
2014-06-17,3130.0,3150.0,3117.0,3136.0,3136.0,295.0,CC=F,USD,NYB
2014-06-18,3136.0,3139.0,3136.0,3141.0,3141.0,567.0,CC=F,USD,NYB
2014-06-19,3139.0,3145.0,3128.0,3140.0,3140.0,40.0,CC=F,USD,NYB
2014-06-20,3142.0,3142.0,3101.0,3117.0,3117.0,208.0,CC=F,USD,NYB
2014-06-23,3111.0,3111.0,3093.0,3096.0,3096.0,68.0,CC=F,USD,NYB
2014-06-24,3093.0,3093.0,3052.0,3056.0,3056.0,78.0,CC=F,USD,NYB
2014-06-25,3063.0,3080.0,3060.0,3076.0,3076.0,89.0,CC=F,USD,NYB
2014-06-26,3063.0,3065.0,3056.0,3055.0,3055.0,10.0,CC=F,USD,NYB
2014-06-27,3075.0,3153.0,3075.0,3140.0,3140.0,124.0,CC=F,USD,NYB
2014-06-30,3143.0,3143.0,3143.0,3143.0,3143.0,124.0,CC=F,USD,NYB
2014-07-01,3135.0,3135.0,3135.0,3135.0,3135.0,0.0,CC=F,USD,NYB
2014-07-02,3109.0,3109.0,3109.0,3136.0,3136.0,98.0,CC=F,USD,NYB
2014-07-03,3124.0,3124.0,3124.0,3124.0,3124.0,1.0,CC=F,USD,NYB
2014-07-07,3111.0,3112.0,3111.0,3117.0,3117.0,3.0,CC=F,USD,NYB
2014-07-08,3134.0,3134.0,3134.0,3134.0,3134.0,62.0,CC=F,USD,NYB
2014-07-09,3140.0,3140.0,3086.0,3113.0,3113.0,7.0,CC=F,USD,NYB
2014-07-10,3111.0,3111.0,3093.0,3118.0,3118.0,218.0,CC=F,USD,NYB
2014-07-11,3123.0,3128.0,3119.0,3127.0,3127.0,79.0,CC=F,USD,NYB
2014-07-14,3120.0,3120.0,3120.0,3120.0,3120.0,3.0,CC=F,USD,NYB
2014-07-15,3149.0,3149.0,3149.0,3143.0,3143.0,5.0,CC=F,USD,NYB
2014-07-16,3105.0,3105.0,3105.0,3105.0,3105.0,18558.0,CC=F,USD,NYB
2014-07-17,3060.0,3087.0,3057.0,3064.0,3064.0,11808.0,CC=F,USD,NYB
2014-07-18,3074.0,3095.0,3064.0,3082.0,3082.0,12423.0,CC=F,USD,NYB
2014-07-21,3082.0,3130.0,3070.0,3128.0,3128.0,25901.0,CC=F,USD,NYB
2014-07-22,3116.0,3139.0,3115.0,3131.0,3131.0,12543.0,CC=F,USD,NYB
2014-07-23,3130.0,3204.0,3127.0,3185.0,3185.0,42414.0,CC=F,USD,NYB
2014-07-24,3193.0,3234.0,3189.0,3198.0,3198.0,17545.0,CC=F,USD,NYB
2014-07-25,3197.0,3205.0,3182.0,3194.0,3194.0,6731.0,CC=F,USD,NYB
2014-07-28,3200.0,3204.0,3160.0,3165.0,3165.0,11792.0,CC=F,USD,NYB
2014-07-29,3171.0,3187.0,3164.0,3177.0,3177.0,10957.0,CC=F,USD,NYB
2014-07-30,3182.0,3214.0,3180.0,3205.0,3205.0,12801.0,CC=F,USD,NYB
2014-07-31,3210.0,3224.0,3187.0,3219.0,3219.0,13365.0,CC=F,USD,NYB
2014-08-01,3217.0,3223.0,3154.0,3207.0,3207.0,20228.0,CC=F,USD,NYB
2014-08-04,3206.0,3239.0,3185.0,3195.0,3195.0,20353.0,CC=F,USD,NYB
2014-08-05,3200.0,3216.0,3170.0,3195.0,3195.0,15202.0,CC=F,USD,NYB
2014-08-06,3203.0,3226.0,3195.0,3219.0,3219.0,15675.0,CC=F,USD,NYB
2014-08-07,3223.0,3236.0,3209.0,3232.0,3232.0,14348.0,CC=F,USD,NYB
2014-08-08,3227.0,3245.0,3213.0,3228.0,3228.0,15746.0,CC=F,USD,NYB
2014-08-11,3224.0,3239.0,3215.0,3222.0,3222.0,16181.0,CC=F,USD,NYB
2014-08-12,3226.0,3232.0,3216.0,3222.0,3222.0,10538.0,CC=F,USD,NYB
2014-08-13,3224.0,3225.0,3206.0,3219.0,3219.0,6188.0,CC=F,USD,NYB
2014-08-14,3215.0,3235.0,3175.0,3215.0,3215.0,5894.0,CC=F,USD,NYB
2014-08-15,3210.0,3244.0,3210.0,3227.0,3227.0,2795.0,CC=F,USD,NYB
2014-08-18,3226.0,3266.0,3226.0,3259.0,3259.0,429.0,CC=F,USD,NYB
2014-08-19,3232.0,3250.0,3194.0,3199.0,3199.0,405.0,CC=F,USD,NYB
2014-08-20,3216.0,3248.0,3213.0,3221.0,3221.0,21.0,CC=F,USD,NYB
2014-08-21,3215.0,3219.0,3194.0,3198.0,3198.0,119.0,CC=F,USD,NYB
2014-08-22,3200.0,3200.0,3183.0,3196.0,3196.0,14.0,CC=F,USD,NYB
2014-08-25,3225.0,3225.0,3225.0,3221.0,3221.0,1.0,CC=F,USD,NYB
2014-08-26,3234.0,3234.0,3209.0,3220.0,3220.0,14.0,CC=F,USD,NYB
2014-08-27,3220.0,3230.0,3203.0,3216.0,3216.0,30.0,CC=F,USD,NYB
2014-08-28,3250.0,3250.0,3170.0,3218.0,3218.0,26.0,CC=F,USD,NYB
2014-08-29,3265.0,3272.0,3250.0,3219.0,3219.0,9.0,CC=F,USD,NYB
2014-09-02,3247.0,3247.0,3141.0,3155.0,3155.0,104.0,CC=F,USD,NYB
2014-09-03,3136.0,3136.0,3136.0,3136.0,3136.0,4.0,CC=F,USD,NYB
2014-09-04,3160.0,3160.0,3160.0,3131.0,3131.0,2.0,CC=F,USD,NYB
2014-09-05,3130.0,3130.0,3102.0,3111.0,3111.0,5.0,CC=F,USD,NYB
2014-09-08,3116.0,3116.0,3052.0,3082.0,3082.0,6.0,CC=F,USD,NYB
2014-09-09,3067.0,3080.0,3040.0,3071.0,3071.0,7.0,CC=F,USD,NYB
2014-09-10,3080.0,3082.0,3080.0,3058.0,3058.0,7.0,CC=F,USD,NYB
2014-09-11,3050.0,3055.0,3046.0,3040.0,3040.0,9.0,CC=F,USD,NYB
2014-09-12,3062.0,3103.0,3062.0,3074.0,3074.0,16.0,CC=F,USD,NYB
2014-09-15,3097.0,3097.0,3097.0,3097.0,3097.0,10061.0,CC=F,USD,NYB
2014-09-16,3051.0,3088.0,3046.0,3070.0,3070.0,11877.0,CC=F,USD,NYB
2014-09-17,3077.0,3165.0,3071.0,3153.0,3153.0,19598.0,CC=F,USD,NYB
2014-09-18,3157.0,3205.0,3156.0,3192.0,3192.0,12871.0,CC=F,USD,NYB
2014-09-19,3194.0,3273.0,3192.0,3259.0,3259.0,20060.0,CC=F,USD,NYB
2014-09-22,3275.0,3343.0,3271.0,3328.0,3328.0,19655.0,CC=F,USD,NYB
2014-09-23,3338.0,3366.0,3284.0,3297.0,3297.0,18652.0,CC=F,USD,NYB
2014-09-24,3330.0,3380.0,3314.0,3371.0,3371.0,19922.0,CC=F,USD,NYB
2014-09-25,3361.0,3399.0,3323.0,3333.0,3333.0,14435.0,CC=F,USD,NYB
2014-09-26,3353.0,3368.0,3294.0,3311.0,3311.0,14315.0,CC=F,USD,NYB
2014-09-29,3315.0,3336.0,3283.0,3311.0,3311.0,10162.0,CC=F,USD,NYB
2014-09-30,3315.0,3327.0,3289.0,3300.0,3300.0,9961.0,CC=F,USD,NYB
2014-10-01,3274.0,3274.0,3150.0,3172.0,3172.0,29593.0,CC=F,USD,NYB
2014-10-02,3160.0,3170.0,3080.0,3090.0,3090.0,20447.0,CC=F,USD,NYB
2014-10-03,3086.0,3119.0,3050.0,3056.0,3056.0,14152.0,CC=F,USD,NYB
2014-10-06,3065.0,3096.0,3064.0,3079.0,3079.0,8635.0,CC=F,USD,NYB
2014-10-07,3078.0,3086.0,3045.0,3051.0,3051.0,14548.0,CC=F,USD,NYB
2014-10-08,3050.0,3074.0,3030.0,3038.0,3038.0,9157.0,CC=F,USD,NYB
2014-10-09,3048.0,3071.0,3040.0,3057.0,3057.0,9929.0,CC=F,USD,NYB
2014-10-10,3060.0,3172.0,3057.0,3157.0,3157.0,19030.0,CC=F,USD,NYB
2014-10-13,3190.0,3208.0,3054.0,3059.0,3059.0,15817.0,CC=F,USD,NYB
2014-10-14,3054.0,3140.0,3022.0,3102.0,3102.0,14501.0,CC=F,USD,NYB
2014-10-15,3131.0,3176.0,3103.0,3153.0,3153.0,14125.0,CC=F,USD,NYB
2014-10-16,3141.0,3150.0,3064.0,3086.0,3086.0,13057.0,CC=F,USD,NYB
2014-10-17,3115.0,3140.0,3098.0,3118.0,3118.0,9100.0,CC=F,USD,NYB
2014-10-20,3098.0,3132.0,3071.0,3120.0,3120.0,9537.0,CC=F,USD,NYB
2014-10-21,3126.0,3129.0,3086.0,3110.0,3110.0,6483.0,CC=F,USD,NYB
2014-10-22,3099.0,3119.0,3092.0,3113.0,3113.0,5256.0,CC=F,USD,NYB
2014-10-23,3087.0,3175.0,3070.0,3120.0,3120.0,15328.0,CC=F,USD,NYB
2014-10-24,3115.0,3130.0,3037.0,3050.0,3050.0,17791.0,CC=F,USD,NYB
2014-10-27,3048.0,3064.0,2957.0,2970.0,2970.0,22910.0,CC=F,USD,NYB
2014-10-28,2950.0,2958.0,2914.0,2923.0,2923.0,24411.0,CC=F,USD,NYB
2014-10-29,2934.0,2950.0,2900.0,2937.0,2937.0,19307.0,CC=F,USD,NYB
2014-10-30,2925.0,2953.0,2917.0,2946.0,2946.0,14599.0,CC=F,USD,NYB
2014-10-31,2940.0,2947.0,2888.0,2899.0,2899.0,17073.0,CC=F,USD,NYB
2014-11-03,2900.0,2906.0,2859.0,2861.0,2861.0,16344.0,CC=F,USD,NYB
2014-11-04,2870.0,2895.0,2860.0,2881.0,2881.0,16643.0,CC=F,USD,NYB
2014-11-05,2880.0,2893.0,2863.0,2871.0,2871.0,20322.0,CC=F,USD,NYB
2014-11-06,2870.0,2898.0,2855.0,2869.0,2869.0,18054.0,CC=F,USD,NYB
2014-11-07,2871.0,2918.0,2871.0,2889.0,2889.0,19203.0,CC=F,USD,NYB
2014-11-10,2884.0,2930.0,2877.0,2895.0,2895.0,15392.0,CC=F,USD,NYB
2014-11-11,2907.0,2928.0,2904.0,2920.0,2920.0,9354.0,CC=F,USD,NYB
2014-11-12,2915.0,2916.0,2837.0,2851.0,2851.0,15181.0,CC=F,USD,NYB
2014-11-13,2847.0,2847.0,2765.0,2798.0,2798.0,5801.0,CC=F,USD,NYB
2014-11-14,2821.0,2863.0,2784.0,2847.0,2847.0,416.0,CC=F,USD,NYB
2014-11-17,2822.0,2945.0,2820.0,2836.0,2836.0,116.0,CC=F,USD,NYB
2014-11-18,2890.0,2890.0,2857.0,2845.0,2845.0,11.0,CC=F,USD,NYB
2014-11-19,2873.0,2873.0,2873.0,2871.0,2871.0,3.0,CC=F,USD,NYB
2014-11-20,2873.0,2891.0,2873.0,2879.0,2879.0,6.0,CC=F,USD,NYB
2014-11-21,2863.0,2865.0,2860.0,2867.0,2867.0,11.0,CC=F,USD,NYB
2014-11-24,2911.0,2911.0,2911.0,2911.0,2911.0,11.0,CC=F,USD,NYB
2014-11-25,2869.0,2869.0,2867.0,2863.0,2863.0,6.0,CC=F,USD,NYB
2014-11-26,2908.0,2908.0,2908.0,2908.0,2908.0,11.0,CC=F,USD,NYB
2014-11-28,2880.0,2880.0,2880.0,2880.0,2880.0,11.0,CC=F,USD,NYB
2014-12-01,2938.0,2938.0,2938.0,2933.0,2933.0,8.0,CC=F,USD,NYB
2014-12-02,2900.0,2905.0,2900.0,2896.0,2896.0,3.0,CC=F,USD,NYB
2014-12-03,2889.0,2889.0,2889.0,2889.0,2889.0,3.0,CC=F,USD,NYB
2014-12-04,2898.0,2898.0,2898.0,2902.0,2902.0,1.0,CC=F,USD,NYB
2014-12-05,2905.0,2928.0,2901.0,2929.0,2929.0,5.0,CC=F,USD,NYB
2014-12-08,2933.0,2940.0,2900.0,2937.0,2937.0,7.0,CC=F,USD,NYB
2014-12-09,2967.0,2981.0,2967.0,2986.0,2986.0,10.0,CC=F,USD,NYB
2014-12-10,2980.0,2984.0,2975.0,2975.0,2975.0,32.0,CC=F,USD,NYB
2014-12-11,2900.0,2900.0,2899.0,2888.0,2888.0,13.0,CC=F,USD,NYB
2014-12-12,2899.0,2899.0,2899.0,2891.0,2891.0,5.0,CC=F,USD,NYB
2014-12-15,2910.0,2910.0,2910.0,2910.0,2910.0,7706.0,CC=F,USD,NYB
2014-12-16,2890.0,2926.0,2885.0,2914.0,2914.0,11517.0,CC=F,USD,NYB
2014-12-17,2919.0,2931.0,2890.0,2915.0,2915.0,8372.0,CC=F,USD,NYB
2014-12-18,2922.0,2968.0,2919.0,2965.0,2965.0,18138.0,CC=F,USD,NYB
2014-12-19,2965.0,2990.0,2952.0,2980.0,2980.0,13421.0,CC=F,USD,NYB
2014-12-22,2995.0,2996.0,2970.0,2986.0,2986.0,7213.0,CC=F,USD,NYB
2014-12-23,2974.0,2985.0,2954.0,2966.0,2966.0,7335.0,CC=F,USD,NYB
2014-12-24,2976.0,2997.0,2956.0,2964.0,2964.0,4019.0,CC=F,USD,NYB
2014-12-26,2964.0,2964.0,2935.0,2941.0,2941.0,2932.0,CC=F,USD,NYB
2014-12-29,2962.0,2987.0,2935.0,2964.0,2964.0,9239.0,CC=F,USD,NYB
2014-12-30,2975.0,2988.0,2947.0,2972.0,2972.0,7574.0,CC=F,USD,NYB
2014-12-31,2972.0,2978.0,2902.0,2910.0,2910.0,12050.0,CC=F,USD,NYB
2015-01-02,2917.0,2944.0,2896.0,2927.0,2927.0,11227.0,CC=F,USD,NYB
2015-01-05,2933.0,2954.0,2909.0,2944.0,2944.0,10058.0,CC=F,USD,NYB
2015-01-06,2930.0,2942.0,2888.0,2902.0,2902.0,11870.0,CC=F,USD,NYB
2015-01-07,2911.0,2923.0,2899.0,2912.0,2912.0,7640.0,CC=F,USD,NYB
2015-01-08,2918.0,3016.0,2911.0,2986.0,2986.0,24195.0,CC=F,USD,NYB
2015-01-09,2998.0,3003.0,2956.0,2968.0,2968.0,15657.0,CC=F,USD,NYB
2015-01-12,2952.0,3002.0,2933.0,2994.0,2994.0,8528.0,CC=F,USD,NYB
2015-01-13,2988.0,3015.0,2974.0,2991.0,2991.0,10476.0,CC=F,USD,NYB
2015-01-14,2984.0,2998.0,2957.0,2992.0,2992.0,10155.0,CC=F,USD,NYB
2015-01-15,2960.0,3003.0,2955.0,2977.0,2977.0,9567.0,CC=F,USD,NYB
2015-01-16,2974.0,2977.0,2936.0,2942.0,2942.0,0.0,CC=F,USD,NYB
2015-01-20,2954.0,2959.0,2919.0,2925.0,2925.0,11401.0,CC=F,USD,NYB
2015-01-21,2919.0,2921.0,2840.0,2852.0,2852.0,26817.0,CC=F,USD,NYB
2015-01-22,2849.0,2849.0,2795.0,2801.0,2801.0,24094.0,CC=F,USD,NYB
2015-01-23,2785.0,2801.0,2754.0,2755.0,2755.0,22641.0,CC=F,USD,NYB
2015-01-26,2749.0,2769.0,2731.0,2737.0,2737.0,14986.0,CC=F,USD,NYB
2015-01-27,2743.0,2754.0,2728.0,2743.0,2743.0,18601.0,CC=F,USD,NYB
2015-01-28,2739.0,2752.0,2712.0,2715.0,2715.0,18026.0,CC=F,USD,NYB
2015-01-29,2710.0,2714.0,2683.0,2686.0,2686.0,19639.0,CC=F,USD,NYB
2015-01-30,2686.0,2717.0,2682.0,2693.0,2693.0,17536.0,CC=F,USD,NYB
2015-02-02,2682.0,2694.0,2669.0,2672.0,2672.0,16538.0,CC=F,USD,NYB
2015-02-03,2675.0,2732.0,2673.0,2691.0,2691.0,24127.0,CC=F,USD,NYB
2015-02-04,2706.0,2778.0,2705.0,2724.0,2724.0,24628.0,CC=F,USD,NYB
2015-02-05,2725.0,2756.0,2715.0,2743.0,2743.0,18901.0,CC=F,USD,NYB
2015-02-06,2753.0,2786.0,2742.0,2775.0,2775.0,19374.0,CC=F,USD,NYB
2015-02-09,2785.0,2872.0,2780.0,2867.0,2867.0,17756.0,CC=F,USD,NYB
2015-02-10,2864.0,2872.0,2825.0,2863.0,2863.0,13143.0,CC=F,USD,NYB
2015-02-11,2860.0,2884.0,2843.0,2879.0,2879.0,10027.0,CC=F,USD,NYB
2015-02-12,2885.0,2962.0,2878.0,2955.0,2955.0,9680.0,CC=F,USD,NYB
2015-02-13,2955.0,2979.0,2919.0,2969.0,2969.0,953.0,CC=F,USD,NYB
2015-02-17,2962.0,2991.0,2950.0,2990.0,2990.0,117.0,CC=F,USD,NYB
2015-02-18,2990.0,3028.0,2975.0,3027.0,3027.0,110.0,CC=F,USD,NYB
2015-02-19,3006.0,3014.0,3000.0,3025.0,3025.0,20.0,CC=F,USD,NYB
2015-02-20,2989.0,3016.0,2987.0,3027.0,3027.0,25.0,CC=F,USD,NYB
2015-02-23,3005.0,3058.0,3004.0,3054.0,3054.0,75.0,CC=F,USD,NYB
2015-02-24,3040.0,3085.0,3040.0,3082.0,3082.0,318.0,CC=F,USD,NYB
2015-02-25,3024.0,3037.0,3024.0,3024.0,3024.0,32.0,CC=F,USD,NYB
2015-02-26,3008.0,3008.0,3007.0,3051.0,3051.0,267.0,CC=F,USD,NYB
2015-02-27,3077.0,3100.0,3077.0,3102.0,3102.0,78.0,CC=F,USD,NYB
2015-03-02,3102.0,3102.0,3060.0,3086.0,3086.0,44.0,CC=F,USD,NYB
2015-03-03,3083.0,3116.0,3063.0,3100.0,3100.0,12.0,CC=F,USD,NYB
2015-03-04,3061.0,3088.0,3060.0,3087.0,3087.0,19.0,CC=F,USD,NYB
2015-03-05,3064.0,3064.0,3064.0,3075.0,3075.0,7.0,CC=F,USD,NYB
2015-03-06,3015.0,3015.0,3015.0,3023.0,3023.0,1.0,CC=F,USD,NYB
2015-03-09,3005.0,3005.0,2995.0,3000.0,3000.0,10.0,CC=F,USD,NYB
2015-03-10,2997.0,2998.0,2995.0,2979.0,2979.0,6.0,CC=F,USD,NYB
2015-03-11,2978.0,2978.0,2935.0,2940.0,2940.0,21.0,CC=F,USD,NYB
2015-03-12,2922.0,2922.0,2922.0,2922.0,2922.0,11.0,CC=F,USD,NYB
2015-03-13,2941.0,2941.0,2913.0,2902.0,2902.0,10.0,CC=F,USD,NYB
2015-03-16,2869.0,2869.0,2869.0,2869.0,2869.0,15392.0,CC=F,USD,NYB
2015-03-17,2781.0,2797.0,2726.0,2788.0,2788.0,25319.0,CC=F,USD,NYB
2015-03-18,2769.0,2785.0,2727.0,2758.0,2758.0,18996.0,CC=F,USD,NYB
2015-03-19,2764.0,2790.0,2705.0,2715.0,2715.0,20113.0,CC=F,USD,NYB
2015-03-20,2711.0,2795.0,2697.0,2790.0,2790.0,21908.0,CC=F,USD,NYB
2015-03-23,2763.0,2778.0,2748.0,2757.0,2757.0,13345.0,CC=F,USD,NYB
2015-03-24,2749.0,2791.0,2714.0,2783.0,2783.0,20001.0,CC=F,USD,NYB
2015-03-25,2769.0,2820.0,2763.0,2786.0,2786.0,18479.0,CC=F,USD,NYB
2015-03-26,2784.0,2802.0,2751.0,2760.0,2760.0,13350.0,CC=F,USD,NYB
2015-03-27,2746.0,2757.0,2723.0,2744.0,2744.0,15975.0,CC=F,USD,NYB
2015-03-30,2724.0,2769.0,2680.0,2695.0,2695.0,19358.0,CC=F,USD,NYB
2015-03-31,2679.0,2714.0,2679.0,2699.0,2699.0,22556.0,CC=F,USD,NYB
2015-04-01,2687.0,2758.0,2687.0,2748.0,2748.0,26809.0,CC=F,USD,NYB
2015-04-02,2750.0,2788.0,2747.0,2768.0,2768.0,23058.0,CC=F,USD,NYB
2015-04-06,2773.0,2808.0,2752.0,2800.0,2800.0,10035.0,CC=F,USD,NYB
2015-04-07,2793.0,2806.0,2782.0,2785.0,2785.0,15325.0,CC=F,USD,NYB
2015-04-08,2795.0,2838.0,2786.0,2807.0,2807.0,25271.0,CC=F,USD,NYB
2015-04-09,2780.0,2801.0,2768.0,2792.0,2792.0,17656.0,CC=F,USD,NYB
2015-04-10,2791.0,2812.0,2772.0,2781.0,2781.0,19512.0,CC=F,USD,NYB
2015-04-13,2784.0,2808.0,2778.0,2799.0,2799.0,12673.0,CC=F,USD,NYB
2015-04-14,2798.0,2854.0,2797.0,2848.0,2848.0,13409.0,CC=F,USD,NYB
2015-04-15,2843.0,2848.0,2801.0,2817.0,2817.0,13216.0,CC=F,USD,NYB
2015-04-16,2844.0,2885.0,2844.0,2870.0,2870.0,6389.0,CC=F,USD,NYB
2015-04-17,2863.0,2884.0,2837.0,2839.0,2839.0,743.0,CC=F,USD,NYB
2015-04-20,2814.0,2814.0,2775.0,2779.0,2779.0,595.0,CC=F,USD,NYB
2015-04-21,2782.0,2782.0,2759.0,2773.0,2773.0,28.0,CC=F,USD,NYB
2015-04-22,2800.0,2820.0,2758.0,2772.0,2772.0,182.0,CC=F,USD,NYB
2015-04-23,2782.0,2812.0,2779.0,2806.0,2806.0,12.0,CC=F,USD,NYB
2015-04-24,2875.0,2875.0,2860.0,2889.0,2889.0,12.0,CC=F,USD,NYB
2015-04-27,2879.0,2896.0,2879.0,2918.0,2918.0,12.0,CC=F,USD,NYB
2015-04-28,2946.0,2967.0,2946.0,2924.0,2924.0,17.0,CC=F,USD,NYB
2015-04-29,2915.0,2915.0,2915.0,2948.0,2948.0,4.0,CC=F,USD,NYB
2015-04-30,2949.0,2950.0,2948.0,2943.0,2943.0,4.0,CC=F,USD,NYB
2015-05-01,2877.0,2877.0,2877.0,2877.0,2877.0,4.0,CC=F,USD,NYB
2015-05-04,2875.0,2875.0,2875.0,2875.0,2875.0,4.0,CC=F,USD,NYB
2015-05-05,2936.0,2936.0,2936.0,2936.0,2936.0,4.0,CC=F,USD,NYB
2015-05-06,2889.0,2889.0,2889.0,2889.0,2889.0,1.0,CC=F,USD,NYB
2015-05-07,2899.0,2899.0,2899.0,2899.0,2899.0,1.0,CC=F,USD,NYB
2015-05-08,2997.0,2997.0,2925.0,2922.0,2922.0,3.0,CC=F,USD,NYB
2015-05-11,2955.0,2955.0,2955.0,2951.0,2951.0,4.0,CC=F,USD,NYB
2015-05-12,2982.0,2982.0,2982.0,2982.0,2982.0,4.0,CC=F,USD,NYB
2015-05-13,3001.0,3001.0,3001.0,3001.0,3001.0,13591.0,CC=F,USD,NYB
2015-05-14,3070.0,3098.0,3059.0,3088.0,3088.0,13909.0,CC=F,USD,NYB
2015-05-15,3088.0,3138.0,3073.0,3133.0,3133.0,13580.0,CC=F,USD,NYB
2015-05-18,3127.0,3149.0,3113.0,3140.0,3140.0,14582.0,CC=F,USD,NYB
2015-05-19,3130.0,3152.0,3115.0,3145.0,3145.0,10583.0,CC=F,USD,NYB
2015-05-20,3134.0,3143.0,3108.0,3125.0,3125.0,13177.0,CC=F,USD,NYB
2015-05-21,3143.0,3181.0,3141.0,3163.0,3163.0,16738.0,CC=F,USD,NYB
2015-05-22,3164.0,3172.0,3131.0,3153.0,3153.0,11439.0,CC=F,USD,NYB
2015-05-26,3124.0,3153.0,3120.0,3150.0,3150.0,12245.0,CC=F,USD,NYB
2015-05-27,3150.0,3155.0,3113.0,3134.0,3134.0,16589.0,CC=F,USD,NYB
2015-05-28,3130.0,3138.0,3091.0,3118.0,3118.0,17491.0,CC=F,USD,NYB
2015-05-29,3115.0,3130.0,3081.0,3085.0,3085.0,20395.0,CC=F,USD,NYB
2015-06-01,3090.0,3090.0,3050.0,3053.0,3053.0,18181.0,CC=F,USD,NYB
2015-06-02,3066.0,3126.0,3066.0,3112.0,3112.0,25092.0,CC=F,USD,NYB
2015-06-03,3111.0,3139.0,3103.0,3125.0,3125.0,17549.0,CC=F,USD,NYB
2015-06-04,3135.0,3143.0,3100.0,3115.0,3115.0,19446.0,CC=F,USD,NYB
2015-06-05,3107.0,3119.0,3064.0,3116.0,3116.0,22882.0,CC=F,USD,NYB
2015-06-08,3093.0,3125.0,3091.0,3117.0,3117.0,21783.0,CC=F,USD,NYB
2015-06-09,3114.0,3114.0,3085.0,3107.0,3107.0,21741.0,CC=F,USD,NYB
2015-06-10,3104.0,3157.0,3104.0,3128.0,3128.0,17331.0,CC=F,USD,NYB
2015-06-11,3120.0,3138.0,3089.0,3094.0,3094.0,11311.0,CC=F,USD,NYB
2015-06-12,3089.0,3149.0,3085.0,3140.0,3140.0,9933.0,CC=F,USD,NYB
2015-06-15,3155.0,3215.0,3154.0,3207.0,3207.0,9772.0,CC=F,USD,NYB
2015-06-16,3211.0,3248.0,3211.0,3234.0,3234.0,3126.0,CC=F,USD,NYB
2015-06-17,3235.0,3242.0,3219.0,3228.0,3228.0,182.0,CC=F,USD,NYB
2015-06-18,3240.0,3298.0,3240.0,3300.0,3300.0,181.0,CC=F,USD,NYB
2015-06-19,3304.0,3304.0,3258.0,3270.0,3270.0,18.0,CC=F,USD,NYB
2015-06-22,3256.0,3256.0,3256.0,3290.0,3290.0,1.0,CC=F,USD,NYB
2015-06-23,3283.0,3283.0,3270.0,3262.0,3262.0,56.0,CC=F,USD,NYB
2015-06-24,3291.0,3291.0,3291.0,3291.0,3291.0,8.0,CC=F,USD,NYB
2015-06-25,3321.0,3321.0,3275.0,3274.0,3274.0,13.0,CC=F,USD,NYB
2015-06-26,3297.0,3336.0,3297.0,3328.0,3328.0,470.0,CC=F,USD,NYB
2015-06-29,3326.0,3335.0,3326.0,3336.0,3336.0,13.0,CC=F,USD,NYB
2015-06-30,3344.0,3344.0,3274.0,3275.0,3275.0,15.0,CC=F,USD,NYB
2015-07-01,3282.0,3282.0,3282.0,3282.0,3282.0,15.0,CC=F,USD,NYB
2015-07-02,3294.0,3294.0,3294.0,3294.0,3294.0,15.0,CC=F,USD,NYB
2015-07-06,3294.0,3294.0,3285.0,3285.0,3285.0,6.0,CC=F,USD,NYB
2015-07-07,3248.0,3248.0,3248.0,3257.0,3257.0,1.0,CC=F,USD,NYB
2015-07-08,3254.0,3254.0,3254.0,3254.0,3254.0,1.0,CC=F,USD,NYB
2015-07-09,3286.0,3286.0,3286.0,3286.0,3286.0,1.0,CC=F,USD,NYB
2015-07-10,3325.0,3325.0,3325.0,3302.0,3302.0,1.0,CC=F,USD,NYB
2015-07-13,3309.0,3309.0,3309.0,3309.0,3309.0,150.0,CC=F,USD,NYB
2015-07-14,3320.0,3380.0,3318.0,3377.0,3377.0,68.0,CC=F,USD,NYB
2015-07-15,3389.0,3389.0,3350.0,3356.0,3356.0,58.0,CC=F,USD,NYB
2015-07-16,3358.0,3358.0,3358.0,3358.0,3358.0,7474.0,CC=F,USD,NYB
2015-07-17,3337.0,3359.0,3328.0,3346.0,3346.0,9825.0,CC=F,USD,NYB
2015-07-20,3344.0,3360.0,3318.0,3353.0,3353.0,8813.0,CC=F,USD,NYB
2015-07-21,3345.0,3367.0,3333.0,3336.0,3336.0,8436.0,CC=F,USD,NYB
2015-07-22,3350.0,3352.0,3235.0,3277.0,3277.0,26624.0,CC=F,USD,NYB
2015-07-23,3265.0,3273.0,3240.0,3241.0,3241.0,14169.0,CC=F,USD,NYB
2015-07-24,3247.0,3261.0,3175.0,3181.0,3181.0,22852.0,CC=F,USD,NYB
2015-07-27,3180.0,3217.0,3164.0,3193.0,3193.0,16575.0,CC=F,USD,NYB
2015-07-28,3185.0,3208.0,3174.0,3204.0,3204.0,13026.0,CC=F,USD,NYB
2015-07-29,3204.0,3226.0,3200.0,3217.0,3217.0,11810.0,CC=F,USD,NYB
2015-07-30,3205.0,3231.0,3205.0,3221.0,3221.0,13303.0,CC=F,USD,NYB
2015-07-31,3221.0,3240.0,3199.0,3209.0,3209.0,17838.0,CC=F,USD,NYB
2015-08-03,3203.0,3206.0,3161.0,3166.0,3166.0,18351.0,CC=F,USD,NYB
2015-08-04,3164.0,3188.0,3155.0,3165.0,3165.0,27203.0,CC=F,USD,NYB
2015-08-05,3159.0,3175.0,3093.0,3120.0,3120.0,28503.0,CC=F,USD,NYB
2015-08-06,3109.0,3117.0,3054.0,3057.0,3057.0,27512.0,CC=F,USD,NYB
2015-08-07,3055.0,3113.0,3027.0,3107.0,3107.0,31045.0,CC=F,USD,NYB
2015-08-10,3095.0,3103.0,3071.0,3095.0,3095.0,17815.0,CC=F,USD,NYB
2015-08-11,3094.0,3151.0,3027.0,3082.0,3082.0,19134.0,CC=F,USD,NYB
2015-08-12,3076.0,3087.0,3019.0,3035.0,3035.0,17793.0,CC=F,USD,NYB
2015-08-13,3016.0,3061.0,3000.0,3042.0,3042.0,10767.0,CC=F,USD,NYB
2015-08-14,3044.0,3057.0,3029.0,3039.0,3039.0,5316.0,CC=F,USD,NYB
2015-08-17,3036.0,3068.0,3021.0,3032.0,3032.0,5957.0,CC=F,USD,NYB
2015-08-18,3048.0,3098.0,3048.0,3085.0,3085.0,341.0,CC=F,USD,NYB
2015-08-19,3096.0,3135.0,3081.0,3120.0,3120.0,86.0,CC=F,USD,NYB
2015-08-20,3098.0,3140.0,3094.0,3142.0,3142.0,52.0,CC=F,USD,NYB
2015-08-21,3126.0,3126.0,3078.0,3077.0,3077.0,53.0,CC=F,USD,NYB
2015-08-24,3039.0,3102.0,3010.0,3087.0,3087.0,36.0,CC=F,USD,NYB
2015-08-25,3114.0,3121.0,3090.0,3113.0,3113.0,38.0,CC=F,USD,NYB
2015-08-26,3100.0,3106.0,3087.0,3097.0,3097.0,44.0,CC=F,USD,NYB
2015-08-27,3101.0,3108.0,3095.0,3112.0,3112.0,16.0,CC=F,USD,NYB
2015-08-28,3140.0,3143.0,3079.0,3115.0,3115.0,23.0,CC=F,USD,NYB
2015-08-31,3117.0,3117.0,3117.0,3102.0,3102.0,1.0,CC=F,USD,NYB
2015-09-01,3145.0,3145.0,3145.0,3145.0,3145.0,8.0,CC=F,USD,NYB
2015-09-02,3130.0,3130.0,3103.0,3117.0,3117.0,8.0,CC=F,USD,NYB
2015-09-03,3114.0,3114.0,3114.0,3114.0,3114.0,8.0,CC=F,USD,NYB
2015-09-04,3168.0,3168.0,3168.0,3168.0,3168.0,10.0,CC=F,USD,NYB
2015-09-08,3211.0,3226.0,3211.0,3224.0,3224.0,4.0,CC=F,USD,NYB
2015-09-09,3274.0,3274.0,3274.0,3274.0,3274.0,4.0,CC=F,USD,NYB
2015-09-10,3251.0,3251.0,3246.0,3276.0,3276.0,11.0,CC=F,USD,NYB
2015-09-11,3285.0,3285.0,3248.0,3248.0,3248.0,16.0,CC=F,USD,NYB
2015-09-14,3282.0,3282.0,3276.0,3280.0,3280.0,7.0,CC=F,USD,NYB
2015-09-15,3218.0,3218.0,3218.0,3218.0,3218.0,17976.0,CC=F,USD,NYB
2015-09-16,3250.0,3285.0,3248.0,3267.0,3267.0,17553.0,CC=F,USD,NYB
2015-09-17,3263.0,3288.0,3249.0,3282.0,3282.0,12931.0,CC=F,USD,NYB
2015-09-18,3292.0,3341.0,3292.0,3311.0,3311.0,15510.0,CC=F,USD,NYB
2015-09-21,3317.0,3325.0,3300.0,3311.0,3311.0,8277.0,CC=F,USD,NYB
2015-09-22,3311.0,3328.0,3279.0,3312.0,3312.0,15782.0,CC=F,USD,NYB
2015-09-23,3312.0,3322.0,3285.0,3315.0,3315.0,15276.0,CC=F,USD,NYB
2015-09-24,3314.0,3314.0,3271.0,3293.0,3293.0,21490.0,CC=F,USD,NYB
2015-09-25,3304.0,3308.0,3257.0,3276.0,3276.0,16033.0,CC=F,USD,NYB
2015-09-28,3280.0,3284.0,3224.0,3242.0,3242.0,19087.0,CC=F,USD,NYB
2015-09-29,3243.0,3250.0,3171.0,3182.0,3182.0,24035.0,CC=F,USD,NYB
2015-09-30,3169.0,3191.0,3109.0,3114.0,3114.0,25792.0,CC=F,USD,NYB
2015-10-01,3120.0,3157.0,3094.0,3105.0,3105.0,19853.0,CC=F,USD,NYB
2015-10-02,3105.0,3122.0,3087.0,3095.0,3095.0,19206.0,CC=F,USD,NYB
2015-10-05,3095.0,3105.0,3069.0,3092.0,3092.0,15539.0,CC=F,USD,NYB
2015-10-06,3078.0,3094.0,3071.0,3092.0,3092.0,22600.0,CC=F,USD,NYB
2015-10-07,3087.0,3145.0,3052.0,3079.0,3079.0,19006.0,CC=F,USD,NYB
2015-10-08,3063.0,3077.0,3035.0,3060.0,3060.0,19006.0,CC=F,USD,NYB
2015-10-09,3055.0,3089.0,3046.0,3049.0,3049.0,19064.0,CC=F,USD,NYB
2015-10-12,3059.0,3099.0,3026.0,3074.0,3074.0,22315.0,CC=F,USD,NYB
2015-10-13,3074.0,3143.0,3060.0,3125.0,3125.0,15098.0,CC=F,USD,NYB
2015-10-14,3126.0,3148.0,3096.0,3109.0,3109.0,14659.0,CC=F,USD,NYB
2015-10-15,3111.0,3118.0,3075.0,3104.0,3104.0,14659.0,CC=F,USD,NYB
2015-10-16,3094.0,3127.0,3088.0,3119.0,3119.0,19818.0,CC=F,USD,NYB
2015-10-19,3110.0,3172.0,3110.0,3169.0,3169.0,19863.0,CC=F,USD,NYB
2015-10-20,3172.0,3227.0,3167.0,3202.0,3202.0,25768.0,CC=F,USD,NYB
2015-10-21,3212.0,3226.0,3127.0,3146.0,3146.0,17330.0,CC=F,USD,NYB
2015-10-22,3139.0,3185.0,3118.0,3140.0,3140.0,17330.0,CC=F,USD,NYB
2015-10-23,3137.0,3161.0,3105.0,3125.0,3125.0,14296.0,CC=F,USD,NYB
2015-10-26,3145.0,3182.0,3121.0,3174.0,3174.0,17266.0,CC=F,USD,NYB
2015-10-27,3180.0,3199.0,3163.0,3197.0,3197.0,20718.0,CC=F,USD,NYB
2015-10-28,3185.0,3233.0,3185.0,3219.0,3219.0,16992.0,CC=F,USD,NYB
2015-10-29,3202.0,3244.0,3168.0,3215.0,3215.0,16992.0,CC=F,USD,NYB
2015-10-30,3214.0,3262.0,3214.0,3259.0,3259.0,22664.0,CC=F,USD,NYB
2015-11-02,3252.0,3299.0,3245.0,3295.0,3295.0,23374.0,CC=F,USD,NYB
2015-11-03,3290.0,3300.0,3276.0,3297.0,3297.0,25008.0,CC=F,USD,NYB
2015-11-04,3267.0,3274.0,3218.0,3235.0,3235.0,18131.0,CC=F,USD,NYB
2015-11-05,3223.0,3272.0,3222.0,3263.0,3263.0,18131.0,CC=F,USD,NYB
2015-11-06,3265.0,3265.0,3204.0,3237.0,3237.0,19710.0,CC=F,USD,NYB
2015-11-09,3228.0,3235.0,3187.0,3209.0,3209.0,16236.0,CC=F,USD,NYB
2015-11-10,3209.0,3282.0,3208.0,3268.0,3268.0,10975.0,CC=F,USD,NYB
2015-11-11,3257.0,3309.0,3257.0,3307.0,3307.0,13519.0,CC=F,USD,NYB
2015-11-12,3310.0,3312.0,3282.0,3309.0,3309.0,13519.0,CC=F,USD,NYB
2015-11-13,3312.0,3368.0,3305.0,3346.0,3346.0,318.0,CC=F,USD,NYB
2015-11-16,3346.0,3380.0,3346.0,3369.0,3369.0,153.0,CC=F,USD,NYB
2015-11-17,3395.0,3395.0,3340.0,3354.0,3354.0,46.0,CC=F,USD,NYB
2015-11-18,3337.0,3370.0,3322.0,3329.0,3329.0,20.0,CC=F,USD,NYB
2015-11-19,3353.0,3380.0,3353.0,3366.0,3366.0,20.0,CC=F,USD,NYB
2015-11-20,3400.0,3406.0,3346.0,3366.0,3366.0,65.0,CC=F,USD,NYB
2015-11-23,3369.0,3369.0,3302.0,3304.0,3304.0,13.0,CC=F,USD,NYB
2015-11-24,3319.0,3332.0,3319.0,3329.0,3329.0,13.0,CC=F,USD,NYB
2015-11-25,3320.0,3320.0,3301.0,3301.0,3301.0,2.0,CC=F,USD,NYB
2015-11-27,3308.0,3308.0,3308.0,3308.0,3308.0,15.0,CC=F,USD,NYB
2015-11-30,3353.0,3354.0,3330.0,3327.0,3327.0,5.0,CC=F,USD,NYB
2015-12-01,3327.0,3350.0,3318.0,3328.0,3328.0,31.0,CC=F,USD,NYB
2015-12-02,3338.0,3338.0,3301.0,3312.0,3312.0,31.0,CC=F,USD,NYB
2015-12-03,3365.0,3365.0,3365.0,3365.0,3365.0,31.0,CC=F,USD,NYB
2015-12-04,3375.0,3393.0,3375.0,3369.0,3369.0,38.0,CC=F,USD,NYB
2015-12-07,3422.0,3422.0,3402.0,3410.0,3410.0,8.0,CC=F,USD,NYB
2015-12-08,3347.0,3347.0,3327.0,3309.0,3309.0,3.0,CC=F,USD,NYB
2015-12-09,3345.0,3356.0,3345.0,3369.0,3369.0,3.0,CC=F,USD,NYB
2015-12-10,3371.0,3373.0,3354.0,3344.0,3344.0,3.0,CC=F,USD,NYB
2015-12-11,3349.0,3350.0,3349.0,3348.0,3348.0,27.0,CC=F,USD,NYB
2015-12-14,3336.0,3375.0,3336.0,3369.0,3369.0,27.0,CC=F,USD,NYB
2015-12-15,3328.0,3328.0,3328.0,3328.0,3328.0,16113.0,CC=F,USD,NYB
2015-12-16,3343.0,3343.0,3286.0,3291.0,3291.0,20329.0,CC=F,USD,NYB
2015-12-17,3297.0,3299.0,3228.0,3253.0,3253.0,20329.0,CC=F,USD,NYB
2015-12-18,3267.0,3271.0,3229.0,3252.0,3252.0,15883.0,CC=F,USD,NYB
2015-12-21,3246.0,3257.0,3205.0,3239.0,3239.0,13227.0,CC=F,USD,NYB
2015-12-22,3229.0,3239.0,3176.0,3197.0,3197.0,27433.0,CC=F,USD,NYB
2015-12-23,3189.0,3262.0,3178.0,3260.0,3260.0,27433.0,CC=F,USD,NYB
2015-12-24,3251.0,3269.0,3208.0,3210.0,3210.0,5743.0,CC=F,USD,NYB
2015-12-28,3211.0,3222.0,3190.0,3194.0,3194.0,10106.0,CC=F,USD,NYB
2015-12-29,3211.0,3225.0,3186.0,3211.0,3211.0,8558.0,CC=F,USD,NYB
2015-12-30,3200.0,3233.0,3200.0,3229.0,3229.0,8558.0,CC=F,USD,NYB
2015-12-31,3229.0,3235.0,3188.0,3211.0,3211.0,26057.0,CC=F,USD,NYB
2016-01-04,3214.0,3219.0,3119.0,3124.0,3124.0,27506.0,CC=F,USD,NYB
2016-01-05,3132.0,3138.0,3047.0,3059.0,3059.0,29169.0,CC=F,USD,NYB
2016-01-06,3033.0,3052.0,2970.0,2981.0,2981.0,35663.0,CC=F,USD,NYB
2016-01-07,2951.0,2987.0,2898.0,2963.0,2963.0,35663.0,CC=F,USD,NYB
2016-01-08,2985.0,3025.0,2975.0,3017.0,3017.0,29011.0,CC=F,USD,NYB
2016-01-11,3000.0,3004.0,2882.0,2902.0,2902.0,21041.0,CC=F,USD,NYB
2016-01-12,2875.0,2892.0,2852.0,2860.0,2860.0,20467.0,CC=F,USD,NYB
2016-01-13,2865.0,2902.0,2865.0,2892.0,2892.0,16052.0,CC=F,USD,NYB
2016-01-14,2889.0,2894.0,2844.0,2857.0,2857.0,16052.0,CC=F,USD,NYB
2016-01-15,2876.0,2919.0,2872.0,2905.0,2905.0,24391.0,CC=F,USD,NYB
2016-01-19,2916.0,2954.0,2903.0,2934.0,2934.0,42212.0,CC=F,USD,NYB
2016-01-20,2913.0,2914.0,2787.0,2810.0,2810.0,29027.0,CC=F,USD,NYB
2016-01-21,2799.0,2868.0,2755.0,2855.0,2855.0,29027.0,CC=F,USD,NYB
2016-01-22,2883.0,2908.0,2851.0,2872.0,2872.0,18008.0,CC=F,USD,NYB
2016-01-25,2847.0,2877.0,2811.0,2819.0,2819.0,23454.0,CC=F,USD,NYB
2016-01-26,2790.0,2851.0,2785.0,2829.0,2829.0,16981.0,CC=F,USD,NYB
2016-01-27,2829.0,2838.0,2743.0,2764.0,2764.0,23996.0,CC=F,USD,NYB
2016-01-28,2739.0,2823.0,2731.0,2791.0,2791.0,23996.0,CC=F,USD,NYB
2016-01-29,2806.0,2830.0,2754.0,2761.0,2761.0,33989.0,CC=F,USD,NYB
2016-02-01,2765.0,2875.0,2744.0,2868.0,2868.0,26887.0,CC=F,USD,NYB
2016-02-02,2852.0,2858.0,2753.0,2761.0,2761.0,25224.0,CC=F,USD,NYB
2016-02-03,2775.0,2854.0,2738.0,2837.0,2837.0,21398.0,CC=F,USD,NYB
2016-02-04,2870.0,2878.0,2757.0,2764.0,2764.0,21398.0,CC=F,USD,NYB
2016-02-05,2766.0,2823.0,2753.0,2772.0,2772.0,25406.0,CC=F,USD,NYB
2016-02-08,2797.0,2867.0,2761.0,2858.0,2858.0,21065.0,CC=F,USD,NYB
2016-02-09,2840.0,2850.0,2780.0,2837.0,2837.0,15122.0,CC=F,USD,NYB
2016-02-10,2814.0,2862.0,2796.0,2825.0,2825.0,10788.0,CC=F,USD,NYB
2016-02-11,2810.0,2818.0,2761.0,2766.0,2766.0,10788.0,CC=F,USD,NYB
2016-02-12,2770.0,2835.0,2765.0,2827.0,2827.0,562.0,CC=F,USD,NYB
2016-02-16,2818.0,2825.0,2789.0,2793.0,2793.0,346.0,CC=F,USD,NYB
2016-02-17,2797.0,2912.0,2775.0,2878.0,2878.0,48.0,CC=F,USD,NYB
2016-02-18,2878.0,2900.0,2868.0,2886.0,2886.0,48.0,CC=F,USD,NYB
2016-02-19,2876.0,2892.0,2823.0,2836.0,2836.0,7.0,CC=F,USD,NYB
2016-02-22,2800.0,2846.0,2800.0,2855.0,2855.0,1.0,CC=F,USD,NYB
2016-02-23,2868.0,2868.0,2868.0,2872.0,2872.0,58.0,CC=F,USD,NYB
2016-02-24,2866.0,2937.0,2866.0,2925.0,2925.0,8.0,CC=F,USD,NYB
2016-02-25,2915.0,2963.0,2915.0,2939.0,2939.0,8.0,CC=F,USD,NYB
2016-02-26,2951.0,2958.0,2875.0,2882.0,2882.0,56.0,CC=F,USD,NYB
2016-02-29,2949.0,2949.0,2949.0,2949.0,2949.0,56.0,CC=F,USD,NYB
2016-03-01,2923.0,2923.0,2923.0,2923.0,2923.0,0.0,CC=F,USD,NYB
2016-03-02,2940.0,2940.0,2940.0,2940.0,2940.0,9.0,CC=F,USD,NYB
2016-03-03,2942.0,2942.0,2942.0,2942.0,2942.0,6.0,CC=F,USD,NYB
2016-03-04,3001.0,3001.0,3001.0,3001.0,3001.0,105.0,CC=F,USD,NYB
2016-03-07,2994.0,2994.0,2994.0,2994.0,2994.0,4.0,CC=F,USD,NYB
2016-03-08,2954.0,2954.0,2954.0,2954.0,2954.0,4.0,CC=F,USD,NYB
2016-03-09,3006.0,3006.0,3006.0,3006.0,3006.0,4.0,CC=F,USD,NYB
2016-03-10,3031.0,3031.0,3031.0,3031.0,3031.0,4.0,CC=F,USD,NYB
2016-03-11,3031.0,3031.0,3031.0,3031.0,3031.0,4.0,CC=F,USD,NYB
2016-03-14,3043.0,3043.0,3043.0,3043.0,3043.0,4.0,CC=F,USD,NYB
2016-03-15,3043.0,3063.0,3005.0,2999.0,2999.0,9923.0,CC=F,USD,NYB
2016-03-16,3050.0,3052.0,3016.0,3040.0,3040.0,10535.0,CC=F,USD,NYB
2016-03-17,3075.0,3125.0,3055.0,3116.0,3116.0,20725.0,CC=F,USD,NYB
2016-03-18,3115.0,3148.0,3104.0,3118.0,3118.0,12852.0,CC=F,USD,NYB
2016-03-21,3114.0,3125.0,3059.0,3072.0,3072.0,13026.0,CC=F,USD,NYB
2016-03-22,3056.0,3068.0,3025.0,3035.0,3035.0,13260.0,CC=F,USD,NYB
2016-03-23,3038.0,3039.0,2936.0,2963.0,2963.0,23313.0,CC=F,USD,NYB
2016-03-24,2957.0,2972.0,2926.0,2962.0,2962.0,12626.0,CC=F,USD,NYB
2016-03-28,2946.0,3001.0,2946.0,2970.0,2970.0,7405.0,CC=F,USD,NYB
2016-03-29,2960.0,2992.0,2952.0,2970.0,2970.0,10669.0,CC=F,USD,NYB
2016-03-30,2985.0,3021.0,2959.0,2974.0,2974.0,17389.0,CC=F,USD,NYB
2016-03-31,2959.0,2979.0,2910.0,2950.0,2950.0,26279.0,CC=F,USD,NYB
2016-04-01,2941.0,2958.0,2880.0,2881.0,2881.0,38332.0,CC=F,USD,NYB
2016-04-04,2865.0,2917.0,2854.0,2871.0,2871.0,24148.0,CC=F,USD,NYB
2016-04-05,2850.0,2891.0,2841.0,2882.0,2882.0,23830.0,CC=F,USD,NYB
2016-04-06,2883.0,2907.0,2856.0,2900.0,2900.0,13820.0,CC=F,USD,NYB
2016-04-07,2907.0,2907.0,2843.0,2850.0,2850.0,24260.0,CC=F,USD,NYB
2016-04-08,2858.0,2880.0,2848.0,2872.0,2872.0,17798.0,CC=F,USD,NYB
2016-04-11,2871.0,2921.0,2871.0,2906.0,2906.0,14536.0,CC=F,USD,NYB
2016-04-12,2925.0,2936.0,2896.0,2932.0,2932.0,15597.0,CC=F,USD,NYB
2016-04-13,2896.0,2925.0,2882.0,2918.0,2918.0,11359.0,CC=F,USD,NYB
2016-04-14,2910.0,2958.0,2910.0,2953.0,2953.0,5471.0,CC=F,USD,NYB
2016-04-15,2944.0,2996.0,2923.0,2941.0,2941.0,3915.0,CC=F,USD,NYB
2016-04-18,2964.0,3010.0,2909.0,2995.0,2995.0,53.0,CC=F,USD,NYB
2016-04-19,3001.0,3060.0,3001.0,3043.0,3043.0,22.0,CC=F,USD,NYB
2016-04-20,3060.0,3060.0,3060.0,3060.0,3060.0,6.0,CC=F,USD,NYB
2016-04-21,3083.0,3085.0,3083.0,3061.0,3061.0,3.0,CC=F,USD,NYB
2016-04-22,3114.0,3132.0,3114.0,3137.0,3137.0,50.0,CC=F,USD,NYB
2016-04-25,3159.0,3159.0,3106.0,3113.0,3113.0,27.0,CC=F,USD,NYB
2016-04-26,3158.0,3197.0,3158.0,3181.0,3181.0,9.0,CC=F,USD,NYB
2016-04-27,3184.0,3190.0,3183.0,3170.0,3170.0,6.0,CC=F,USD,NYB
2016-04-28,3170.0,3170.0,3170.0,3157.0,3157.0,5.0,CC=F,USD,NYB
2016-04-29,3189.0,3189.0,3189.0,3207.0,3207.0,7.0,CC=F,USD,NYB
2016-05-02,3224.0,3224.0,3224.0,3189.0,3189.0,1.0,CC=F,USD,NYB
2016-05-03,3195.0,3196.0,3153.0,3178.0,3178.0,17.0,CC=F,USD,NYB
2016-05-04,3158.0,3158.0,3158.0,3159.0,3159.0,1.0,CC=F,USD,NYB
2016-05-05,3131.0,3131.0,3131.0,3131.0,3131.0,1.0,CC=F,USD,NYB
2016-05-06,3047.0,3047.0,3047.0,3047.0,3047.0,7.0,CC=F,USD,NYB
2016-05-09,3077.0,3077.0,3077.0,3059.0,3059.0,1.0,CC=F,USD,NYB
2016-05-10,3105.0,3105.0,3105.0,3081.0,3081.0,1.0,CC=F,USD,NYB
2016-05-11,3033.0,3099.0,3033.0,3045.0,3045.0,8.0,CC=F,USD,NYB
2016-05-12,3082.0,3088.0,3082.0,3018.0,3018.0,5.0,CC=F,USD,NYB
2016-05-13,2961.0,2961.0,2961.0,2961.0,2961.0,19503.0,CC=F,USD,NYB
2016-05-16,2958.0,2990.0,2906.0,2927.0,2927.0,24551.0,CC=F,USD,NYB
2016-05-17,2920.0,2933.0,2890.0,2899.0,2899.0,18425.0,CC=F,USD,NYB
2016-05-18,2901.0,2942.0,2890.0,2931.0,2931.0,20915.0,CC=F,USD,NYB
2016-05-19,2921.0,2940.0,2884.0,2893.0,2893.0,20201.0,CC=F,USD,NYB
2016-05-20,2910.0,2926.0,2894.0,2912.0,2912.0,17297.0,CC=F,USD,NYB
2016-05-23,2912.0,2982.0,2909.0,2959.0,2959.0,23462.0,CC=F,USD,NYB
2016-05-24,2998.0,3018.0,2932.0,2953.0,2953.0,25035.0,CC=F,USD,NYB
2016-05-25,2958.0,2968.0,2917.0,2924.0,2924.0,14472.0,CC=F,USD,NYB
2016-05-26,2901.0,2944.0,2891.0,2916.0,2916.0,25162.0,CC=F,USD,NYB
2016-05-27,2955.0,3008.0,2939.0,3005.0,3005.0,0.0,CC=F,USD,NYB
2016-05-31,3019.0,3078.0,3019.0,3059.0,3059.0,25443.0,CC=F,USD,NYB
2016-06-01,3037.0,3063.0,2997.0,3046.0,3046.0,22811.0,CC=F,USD,NYB
2016-06-02,3029.0,3077.0,3023.0,3057.0,3057.0,16152.0,CC=F,USD,NYB
2016-06-03,3053.0,3067.0,2992.0,3031.0,3031.0,22440.0,CC=F,USD,NYB
2016-06-06,3030.0,3095.0,3004.0,3063.0,3063.0,18325.0,CC=F,USD,NYB
2016-06-07,3075.0,3105.0,3057.0,3088.0,3088.0,15759.0,CC=F,USD,NYB
2016-06-08,3089.0,3128.0,3084.0,3113.0,3113.0,12272.0,CC=F,USD,NYB
2016-06-09,3103.0,3123.0,3093.0,3116.0,3116.0,10192.0,CC=F,USD,NYB
2016-06-10,3116.0,3138.0,3086.0,3135.0,3135.0,10945.0,CC=F,USD,NYB
2016-06-13,3114.0,3167.0,3101.0,3147.0,3147.0,7735.0,CC=F,USD,NYB
2016-06-14,3136.0,3154.0,3126.0,3145.0,3145.0,3297.0,CC=F,USD,NYB
2016-06-15,3150.0,3174.0,3150.0,3160.0,3160.0,3907.0,CC=F,USD,NYB
2016-06-16,3163.0,3163.0,2982.0,3059.0,3059.0,4746.0,CC=F,USD,NYB
2016-06-17,3069.0,3125.0,3069.0,3106.0,3106.0,254.0,CC=F,USD,NYB
2016-06-20,3158.0,3171.0,3150.0,3170.0,3170.0,223.0,CC=F,USD,NYB
2016-06-21,3170.0,3173.0,3166.0,3195.0,3195.0,93.0,CC=F,USD,NYB
2016-06-22,3192.0,3208.0,3192.0,3205.0,3205.0,128.0,CC=F,USD,NYB
2016-06-23,3237.0,3237.0,3228.0,3235.0,3235.0,8.0,CC=F,USD,NYB
2016-06-24,3152.0,3152.0,3059.0,3070.0,3070.0,87.0,CC=F,USD,NYB
2016-06-27,3048.0,3056.0,3040.0,3034.0,3034.0,32.0,CC=F,USD,NYB
2016-06-28,3066.0,3066.0,3040.0,3050.0,3050.0,11.0,CC=F,USD,NYB
2016-06-29,3055.0,3062.0,3055.0,3078.0,3078.0,24.0,CC=F,USD,NYB
2016-06-30,3028.0,3028.0,3028.0,3004.0,3004.0,1.0,CC=F,USD,NYB
2016-07-01,3040.0,3040.0,3040.0,3034.0,3034.0,0.0,CC=F,USD,NYB
2016-07-05,3104.0,3104.0,3104.0,3104.0,3104.0,4.0,CC=F,USD,NYB
2016-07-06,3104.0,3109.0,3104.0,3119.0,3119.0,2.0,CC=F,USD,NYB
2016-07-07,3148.0,3148.0,3148.0,3149.0,3149.0,3.0,CC=F,USD,NYB
2016-07-08,3151.0,3159.0,3151.0,3136.0,3136.0,15.0,CC=F,USD,NYB
2016-07-11,3136.0,3136.0,3136.0,3138.0,3138.0,1.0,CC=F,USD,NYB
2016-07-12,3155.0,3155.0,3155.0,3153.0,3153.0,1.0,CC=F,USD,NYB
2016-07-13,3182.0,3182.0,3182.0,3182.0,3182.0,1.0,CC=F,USD,NYB
2016-07-14,3197.0,3197.0,3197.0,3197.0,3197.0,15558.0,CC=F,USD,NYB
2016-07-15,3157.0,3166.0,3056.0,3065.0,3065.0,23019.0,CC=F,USD,NYB
2016-07-18,3081.0,3099.0,3061.0,3085.0,3085.0,13253.0,CC=F,USD,NYB
2016-07-19,3067.0,3068.0,2990.0,2998.0,2998.0,23551.0,CC=F,USD,NYB
2016-07-20,3000.0,3017.0,2950.0,2969.0,2969.0,23171.0,CC=F,USD,NYB
2016-07-21,2958.0,2972.0,2896.0,2902.0,2902.0,27739.0,CC=F,USD,NYB
2016-07-22,2875.0,2948.0,2849.0,2886.0,2886.0,33999.0,CC=F,USD,NYB
2016-07-25,2885.0,2914.0,2850.0,2854.0,2854.0,22497.0,CC=F,USD,NYB
2016-07-26,2861.0,2888.0,2841.0,2851.0,2851.0,18795.0,CC=F,USD,NYB
2016-07-27,2840.0,2879.0,2840.0,2857.0,2857.0,17341.0,CC=F,USD,NYB
2016-07-28,2883.0,2891.0,2846.0,2850.0,2850.0,19354.0,CC=F,USD,NYB
2016-07-29,2853.0,2869.0,2815.0,2835.0,2835.0,22550.0,CC=F,USD,NYB
2016-08-01,2822.0,2952.0,2818.0,2926.0,2926.0,33920.0,CC=F,USD,NYB
2016-08-02,2921.0,2963.0,2879.0,2896.0,2896.0,37109.0,CC=F,USD,NYB
2016-08-03,2885.0,2999.0,2874.0,2993.0,2993.0,39017.0,CC=F,USD,NYB
2016-08-04,2992.0,3001.0,2945.0,2991.0,2991.0,27144.0,CC=F,USD,NYB
2016-08-05,3005.0,3041.0,2997.0,3021.0,3021.0,29728.0,CC=F,USD,NYB
2016-08-08,3012.0,3054.0,3010.0,3031.0,3031.0,23438.0,CC=F,USD,NYB
2016-08-09,3026.0,3063.0,2961.0,2976.0,2976.0,25411.0,CC=F,USD,NYB
2016-08-10,2980.0,3045.0,2947.0,3020.0,3020.0,13748.0,CC=F,USD,NYB
2016-08-11,3014.0,3015.0,2991.0,3002.0,3002.0,8146.0,CC=F,USD,NYB
2016-08-12,3002.0,3022.0,2969.0,2993.0,2993.0,6185.0,CC=F,USD,NYB
2016-08-15,3003.0,3039.0,3003.0,3030.0,3030.0,5623.0,CC=F,USD,NYB
2016-08-16,3046.0,3063.0,3020.0,3041.0,3041.0,5476.0,CC=F,USD,NYB
2016-08-17,3052.0,3080.0,3024.0,3055.0,3055.0,3100.0,CC=F,USD,NYB
2016-08-18,3060.0,3118.0,3060.0,3109.0,3109.0,129.0,CC=F,USD,NYB
2016-08-19,3116.0,3116.0,3089.0,3095.0,3095.0,67.0,CC=F,USD,NYB
2016-08-22,3071.0,3071.0,2986.0,2983.0,2983.0,92.0,CC=F,USD,NYB
2016-08-23,3011.0,3011.0,3004.0,3039.0,3039.0,45.0,CC=F,USD,NYB
2016-08-24,3063.0,3063.0,3022.0,3015.0,3015.0,398.0,CC=F,USD,NYB
2016-08-25,3029.0,3058.0,3025.0,3025.0,3025.0,42.0,CC=F,USD,NYB
2016-08-26,3012.0,3012.0,3012.0,3012.0,3012.0,42.0,CC=F,USD,NYB
2016-08-29,2958.0,2958.0,2930.0,2945.0,2945.0,3.0,CC=F,USD,NYB
2016-08-30,2930.0,2930.0,2918.0,2913.0,2913.0,30.0,CC=F,USD,NYB
2016-08-31,2921.0,2921.0,2921.0,2921.0,2921.0,30.0,CC=F,USD,NYB
2016-09-01,2920.0,2920.0,2920.0,2920.0,2920.0,0.0,CC=F,USD,NYB
2016-09-02,2917.0,2918.0,2917.0,2923.0,2923.0,0.0,CC=F,USD,NYB
2016-09-06,2931.0,2932.0,2931.0,2948.0,2948.0,24.0,CC=F,USD,NYB
2016-09-07,2960.0,2960.0,2950.0,2934.0,2934.0,49.0,CC=F,USD,NYB
2016-09-08,2898.0,2898.0,2898.0,2898.0,2898.0,1.0,CC=F,USD,NYB
2016-09-09,2810.0,2810.0,2778.0,2794.0,2794.0,6.0,CC=F,USD,NYB
2016-09-12,2810.0,2816.0,2797.0,2830.0,2830.0,21.0,CC=F,USD,NYB
2016-09-13,2822.0,2823.0,2813.0,2822.0,2822.0,11.0,CC=F,USD,NYB
2016-09-14,2851.0,2851.0,2851.0,2849.0,2849.0,1.0,CC=F,USD,NYB
2016-09-15,2872.0,2872.0,2872.0,2872.0,2872.0,15538.0,CC=F,USD,NYB
2016-09-16,2833.0,2848.0,2793.0,2803.0,2803.0,11915.0,CC=F,USD,NYB
2016-09-19,2817.0,2888.0,2816.0,2872.0,2872.0,21156.0,CC=F,USD,NYB
2016-09-20,2869.0,2882.0,2834.0,2866.0,2866.0,15576.0,CC=F,USD,NYB
2016-09-21,2853.0,2888.0,2852.0,2877.0,2877.0,12438.0,CC=F,USD,NYB
2016-09-22,2882.0,2934.0,2880.0,2920.0,2920.0,19450.0,CC=F,USD,NYB
2016-09-23,2915.0,2924.0,2811.0,2852.0,2852.0,25830.0,CC=F,USD,NYB
2016-09-26,2844.0,2848.0,2810.0,2845.0,2845.0,12770.0,CC=F,USD,NYB
2016-09-27,2845.0,2876.0,2831.0,2868.0,2868.0,14769.0,CC=F,USD,NYB
2016-09-28,2862.0,2868.0,2800.0,2825.0,2825.0,15869.0,CC=F,USD,NYB
2016-09-29,2817.0,2824.0,2711.0,2728.0,2728.0,35337.0,CC=F,USD,NYB
2016-09-30,2723.0,2781.0,2708.0,2761.0,2761.0,25524.0,CC=F,USD,NYB
2016-10-03,2759.0,2799.0,2738.0,2793.0,2793.0,22281.0,CC=F,USD,NYB
2016-10-04,2771.0,2823.0,2766.0,2815.0,2815.0,20827.0,CC=F,USD,NYB
2016-10-05,2813.0,2848.0,2790.0,2836.0,2836.0,17252.0,CC=F,USD,NYB
2016-10-06,2829.0,2832.0,2760.0,2787.0,2787.0,20428.0,CC=F,USD,NYB
2016-10-07,2773.0,2804.0,2755.0,2785.0,2785.0,17914.0,CC=F,USD,NYB
2016-10-11,2671.0,2677.0,2625.0,2665.0,2665.0,19587.0,CC=F,USD,NYB
2016-10-12,2679.0,2688.0,2625.0,2643.0,2643.0,14505.0,CC=F,USD,NYB
2016-10-13,2643.0,2707.0,2637.0,2696.0,2696.0,27280.0,CC=F,USD,NYB
2016-10-14,2700.0,2738.0,2693.0,2718.0,2718.0,30057.0,CC=F,USD,NYB
2016-10-17,2703.0,2710.0,2651.0,2690.0,2690.0,14522.0,CC=F,USD,NYB
2016-10-18,2690.0,2730.0,2677.0,2698.0,2698.0,17506.0,CC=F,USD,NYB
2016-10-19,2696.0,2727.0,2688.0,2724.0,2724.0,16163.0,CC=F,USD,NYB
2016-10-20,2734.0,2748.0,2674.0,2717.0,2717.0,22559.0,CC=F,USD,NYB
2016-10-21,2711.0,2731.0,2679.0,2725.0,2725.0,16215.0,CC=F,USD,NYB
2016-10-24,2716.0,2724.0,2679.0,2705.0,2705.0,10660.0,CC=F,USD,NYB
2016-10-25,2715.0,2753.0,2692.0,2735.0,2735.0,22220.0,CC=F,USD,NYB
2016-10-26,2749.0,2770.0,2731.0,2769.0,2769.0,21589.0,CC=F,USD,NYB
2016-10-27,2773.0,2773.0,2715.0,2732.0,2732.0,18049.0,CC=F,USD,NYB
2016-10-28,2729.0,2766.0,2679.0,2756.0,2756.0,19808.0,CC=F,USD,NYB
2016-10-31,2758.0,2770.0,2692.0,2735.0,2735.0,16888.0,CC=F,USD,NYB
2016-11-01,2720.0,2734.0,2682.0,2696.0,2696.0,19752.0,CC=F,USD,NYB
2016-11-02,2700.0,2718.0,2665.0,2709.0,2709.0,19089.0,CC=F,USD,NYB
2016-11-03,2720.0,2769.0,2685.0,2705.0,2705.0,22790.0,CC=F,USD,NYB
2016-11-04,2708.0,2719.0,2577.0,2581.0,2581.0,29794.0,CC=F,USD,NYB
2016-11-07,2577.0,2581.0,2477.0,2491.0,2491.0,26136.0,CC=F,USD,NYB
2016-11-08,2493.0,2537.0,2480.0,2501.0,2501.0,23261.0,CC=F,USD,NYB
2016-11-09,2499.0,2499.0,2451.0,2474.0,2474.0,11193.0,CC=F,USD,NYB
2016-11-10,2472.0,2484.0,2436.0,2450.0,2450.0,9877.0,CC=F,USD,NYB
2016-11-14,2453.0,2470.0,2387.0,2392.0,2392.0,5332.0,CC=F,USD,NYB
2016-11-15,2381.0,2390.0,2361.0,2378.0,2378.0,1997.0,CC=F,USD,NYB
2016-11-16,2384.0,2428.0,2384.0,2412.0,2412.0,180.0,CC=F,USD,NYB
2016-11-17,2400.0,2430.0,2380.0,2426.0,2426.0,32.0,CC=F,USD,NYB
2016-11-18,2425.0,2447.0,2406.0,2432.0,2432.0,45.0,CC=F,USD,NYB
2016-11-21,2454.0,2455.0,2427.0,2438.0,2438.0,68.0,CC=F,USD,NYB
2016-11-22,2436.0,2452.0,2430.0,2439.0,2439.0,54.0,CC=F,USD,NYB
2016-11-23,2438.0,2438.0,2438.0,2438.0,2438.0,54.0,CC=F,USD,NYB
2016-11-25,2412.0,2412.0,2412.0,2419.0,2419.0,6.0,CC=F,USD,NYB
2016-11-28,2414.0,2414.0,2414.0,2403.0,2403.0,4.0,CC=F,USD,NYB
2016-11-29,2426.0,2426.0,2426.0,2405.0,2405.0,2.0,CC=F,USD,NYB
2016-11-30,2407.0,2407.0,2407.0,2387.0,2387.0,1.0,CC=F,USD,NYB
2016-12-01,2430.0,2433.0,2397.0,2397.0,2397.0,8.0,CC=F,USD,NYB
2016-12-02,2365.0,2368.0,2343.0,2388.0,2388.0,24.0,CC=F,USD,NYB
2016-12-05,2356.0,2356.0,2356.0,2356.0,2356.0,24.0,CC=F,USD,NYB
2016-12-06,2322.0,2322.0,2322.0,2347.0,2347.0,3.0,CC=F,USD,NYB
2016-12-07,2283.0,2283.0,2283.0,2283.0,2283.0,3.0,CC=F,USD,NYB
2016-12-08,2262.0,2262.0,2262.0,2262.0,2262.0,3.0,CC=F,USD,NYB
2016-12-09,2213.0,2213.0,2213.0,2163.0,2163.0,24.0,CC=F,USD,NYB
2016-12-12,2236.0,2236.0,2236.0,2233.0,2233.0,3.0,CC=F,USD,NYB
2016-12-13,2289.0,2289.0,2280.0,2282.0,2282.0,3.0,CC=F,USD,NYB
2016-12-14,2308.0,2308.0,2308.0,2308.0,2308.0,18300.0,CC=F,USD,NYB
2016-12-15,2300.0,2306.0,2223.0,2242.0,2242.0,17837.0,CC=F,USD,NYB
2016-12-16,2229.0,2272.0,2175.0,2238.0,2238.0,19770.0,CC=F,USD,NYB
2016-12-19,2271.0,2308.0,2246.0,2303.0,2303.0,13882.0,CC=F,USD,NYB
2016-12-20,2291.0,2293.0,2248.0,2256.0,2256.0,11204.0,CC=F,USD,NYB
2016-12-21,2256.0,2287.0,2252.0,2279.0,2279.0,10019.0,CC=F,USD,NYB
2016-12-22,2278.0,2283.0,2183.0,2189.0,2189.0,14864.0,CC=F,USD,NYB
2016-12-23,2189.0,2267.0,2181.0,2264.0,2264.0,11352.0,CC=F,USD,NYB
2016-12-27,2264.0,2272.0,2206.0,2237.0,2237.0,7204.0,CC=F,USD,NYB
2016-12-28,2237.0,2239.0,2182.0,2205.0,2205.0,10880.0,CC=F,USD,NYB
2016-12-29,2205.0,2208.0,2142.0,2165.0,2165.0,11424.0,CC=F,USD,NYB
2016-12-30,2151.0,2194.0,2121.0,2126.0,2126.0,18213.0,CC=F,USD,NYB
2017-01-03,2135.0,2179.0,2119.0,2166.0,2166.0,17528.0,CC=F,USD,NYB
2017-01-04,2175.0,2246.0,2166.0,2237.0,2237.0,22660.0,CC=F,USD,NYB
2017-01-05,2237.0,2267.0,2210.0,2262.0,2262.0,18004.0,CC=F,USD,NYB
2017-01-06,2263.0,2291.0,2245.0,2261.0,2261.0,15684.0,CC=F,USD,NYB
2017-01-09,2215.0,2216.0,2141.0,2184.0,2184.0,20633.0,CC=F,USD,NYB
2017-01-10,2180.0,2214.0,2161.0,2207.0,2207.0,13935.0,CC=F,USD,NYB
2017-01-11,2202.0,2202.0,2106.0,2127.0,2127.0,25122.0,CC=F,USD,NYB
2017-01-12,2161.0,2233.0,2151.0,2230.0,2230.0,27340.0,CC=F,USD,NYB
2017-01-13,2219.0,2230.0,2190.0,2213.0,2213.0,0.0,CC=F,USD,NYB
2017-01-17,2186.0,2252.0,2164.0,2235.0,2235.0,26682.0,CC=F,USD,NYB
2017-01-18,2239.0,2258.0,2210.0,2233.0,2233.0,19073.0,CC=F,USD,NYB
2017-01-19,2237.0,2249.0,2144.0,2164.0,2164.0,23314.0,CC=F,USD,NYB
2017-01-20,2153.0,2166.0,2123.0,2140.0,2140.0,18131.0,CC=F,USD,NYB
2017-01-23,2160.0,2182.0,2142.0,2165.0,2165.0,16489.0,CC=F,USD,NYB
2017-01-24,2166.0,2207.0,2147.0,2201.0,2201.0,18219.0,CC=F,USD,NYB
2017-01-25,2218.0,2220.0,2166.0,2192.0,2192.0,17339.0,CC=F,USD,NYB
2017-01-26,2184.0,2187.0,2124.0,2132.0,2132.0,19925.0,CC=F,USD,NYB
2017-01-27,2108.0,2121.0,2076.0,2095.0,2095.0,25755.0,CC=F,USD,NYB
2017-01-30,2098.0,2109.0,2074.0,2078.0,2078.0,28830.0,CC=F,USD,NYB
2017-01-31,2072.0,2150.0,2072.0,2103.0,2103.0,29053.0,CC=F,USD,NYB
2017-02-01,2098.0,2150.0,2095.0,2109.0,2109.0,21968.0,CC=F,USD,NYB
2017-02-02,2107.0,2109.0,2073.0,2084.0,2084.0,20675.0,CC=F,USD,NYB
2017-02-03,2074.0,2086.0,2052.0,2072.0,2072.0,25938.0,CC=F,USD,NYB
2017-02-06,2071.0,2091.0,2041.0,2047.0,2047.0,21513.0,CC=F,USD,NYB
2017-02-07,2037.0,2051.0,2000.0,2005.0,2005.0,38504.0,CC=F,USD,NYB
2017-02-08,1994.0,2016.0,1982.0,1993.0,1993.0,23647.0,CC=F,USD,NYB
2017-02-09,1993.0,2018.0,1969.0,1974.0,1974.0,19225.0,CC=F,USD,NYB
2017-02-10,1971.0,1979.0,1928.0,1939.0,1939.0,15114.0,CC=F,USD,NYB
2017-02-13,1918.0,1935.0,1881.0,1889.0,1889.0,17379.0,CC=F,USD,NYB
2017-02-14,1889.0,1969.0,1889.0,1929.0,1929.0,2192.0,CC=F,USD,NYB
2017-02-15,1938.0,2022.0,1926.0,2022.0,2022.0,84.0,CC=F,USD,NYB
2017-02-16,2029.0,2089.0,2029.0,2072.0,2072.0,38.0,CC=F,USD,NYB
2017-02-17,2090.0,2090.0,2028.0,2034.0,2034.0,0.0,CC=F,USD,NYB
2017-02-21,2030.0,2030.0,2030.0,2030.0,2030.0,13.0,CC=F,USD,NYB
2017-02-22,2033.0,2033.0,2033.0,2028.0,2028.0,28.0,CC=F,USD,NYB
2017-02-23,2057.0,2077.0,2043.0,2067.0,2067.0,65.0,CC=F,USD,NYB
2017-02-24,1995.0,1995.0,1995.0,2028.0,2028.0,2.0,CC=F,USD,NYB
2017-02-27,2014.0,2015.0,2014.0,2016.0,2016.0,4.0,CC=F,USD,NYB
2017-02-28,2016.0,2016.0,2016.0,1943.0,1943.0,1.0,CC=F,USD,NYB
2017-03-01,1931.0,1931.0,1931.0,1931.0,1931.0,1.0,CC=F,USD,NYB
2017-03-02,1962.0,1962.0,1962.0,1962.0,1962.0,1.0,CC=F,USD,NYB
2017-03-03,1959.0,1959.0,1959.0,1989.0,1989.0,1.0,CC=F,USD,NYB
2017-03-06,1989.0,1989.0,1989.0,1968.0,1968.0,2.0,CC=F,USD,NYB
2017-03-07,1950.0,1950.0,1950.0,1950.0,1950.0,2.0,CC=F,USD,NYB
2017-03-08,1945.0,1945.0,1945.0,1945.0,1945.0,2.0,CC=F,USD,NYB
2017-03-09,1931.0,1931.0,1931.0,1931.0,1931.0,2.0,CC=F,USD,NYB
2017-03-10,1967.0,1967.0,1967.0,1967.0,1967.0,0.0,CC=F,USD,NYB
2017-03-13,2050.0,2050.0,2050.0,2050.0,2050.0,0.0,CC=F,USD,NYB
2017-03-14,2091.0,2091.0,2091.0,2091.0,2091.0,0.0,CC=F,USD,NYB
2017-03-15,2048.0,2048.0,2048.0,2048.0,2048.0,0.0,CC=F,USD,NYB
2017-03-16,2027.0,2027.0,2027.0,2027.0,2027.0,15036.0,CC=F,USD,NYB
2017-03-17,2034.0,2046.0,2006.0,2013.0,2013.0,13000.0,CC=F,USD,NYB
2017-03-20,2024.0,2124.0,2013.0,2116.0,2116.0,25780.0,CC=F,USD,NYB
2017-03-21,2153.0,2187.0,2121.0,2154.0,2154.0,32971.0,CC=F,USD,NYB
2017-03-22,2157.0,2169.0,2120.0,2165.0,2165.0,20514.0,CC=F,USD,NYB
2017-03-23,2174.0,2183.0,2141.0,2176.0,2176.0,16490.0,CC=F,USD,NYB
2017-03-24,2162.0,2173.0,2126.0,2131.0,2131.0,14270.0,CC=F,USD,NYB
2017-03-27,2151.0,2180.0,2128.0,2150.0,2150.0,18955.0,CC=F,USD,NYB
2017-03-28,2161.0,2164.0,2111.0,2129.0,2129.0,15536.0,CC=F,USD,NYB
2017-03-29,2110.0,2119.0,2082.0,2086.0,2086.0,20810.0,CC=F,USD,NYB
2017-03-30,2079.0,2118.0,2055.0,2096.0,2096.0,17899.0,CC=F,USD,NYB
2017-03-31,2089.0,2107.0,2078.0,2095.0,2095.0,18424.0,CC=F,USD,NYB
2017-04-03,2092.0,2111.0,2060.0,2107.0,2107.0,21781.0,CC=F,USD,NYB
2017-04-04,2097.0,2122.0,2081.0,2110.0,2110.0,28370.0,CC=F,USD,NYB
2017-04-05,2109.0,2128.0,2091.0,2111.0,2111.0,26070.0,CC=F,USD,NYB
2017-04-06,2106.0,2115.0,2072.0,2087.0,2087.0,25403.0,CC=F,USD,NYB
2017-04-07,2061.0,2062.0,1989.0,2006.0,2006.0,44127.0,CC=F,USD,NYB
2017-04-10,1984.0,1990.0,1943.0,1955.0,1955.0,29436.0,CC=F,USD,NYB
2017-04-11,1943.0,1980.0,1934.0,1972.0,1972.0,19420.0,CC=F,USD,NYB
2017-04-12,1955.0,1963.0,1924.0,1941.0,1941.0,19082.0,CC=F,USD,NYB
2017-04-13,1927.0,1940.0,1874.0,1879.0,1879.0,12712.0,CC=F,USD,NYB
2017-04-17,1904.0,1938.0,1904.0,1911.0,1911.0,147.0,CC=F,USD,NYB
2017-04-18,1910.0,1951.0,1887.0,1928.0,1928.0,94.0,CC=F,USD,NYB
2017-04-19,1916.0,1916.0,1830.0,1894.0,1894.0,72.0,CC=F,USD,NYB
2017-04-20,1850.0,1850.0,1805.0,1812.0,1812.0,5.0,CC=F,USD,NYB
2017-04-21,1830.0,1830.0,1815.0,1859.0,1859.0,5.0,CC=F,USD,NYB
2017-04-24,1825.0,1825.0,1825.0,1825.0,1825.0,5.0,CC=F,USD,NYB
2017-04-25,1836.0,1866.0,1836.0,1871.0,1871.0,6.0,CC=F,USD,NYB
2017-04-26,1883.0,1883.0,1883.0,1883.0,1883.0,3.0,CC=F,USD,NYB
2017-04-27,1876.0,1876.0,1876.0,1876.0,1876.0,3.0,CC=F,USD,NYB
2017-04-28,1844.0,1844.0,1844.0,1844.0,1844.0,3.0,CC=F,USD,NYB
2017-05-01,1812.0,1812.0,1812.0,1812.0,1812.0,11.0,CC=F,USD,NYB
2017-05-02,1805.0,1805.0,1805.0,1805.0,1805.0,11.0,CC=F,USD,NYB
2017-05-03,1780.0,1780.0,1780.0,1780.0,1780.0,11.0,CC=F,USD,NYB
2017-05-04,1839.0,1839.0,1839.0,1839.0,1839.0,11.0,CC=F,USD,NYB
2017-05-05,1866.0,1866.0,1866.0,1866.0,1866.0,11.0,CC=F,USD,NYB
2017-05-08,1955.0,1955.0,1955.0,1955.0,1955.0,11.0,CC=F,USD,NYB
2017-05-09,1990.0,1990.0,1990.0,1990.0,1990.0,4.0,CC=F,USD,NYB
2017-05-10,1984.0,1984.0,1984.0,1984.0,1984.0,4.0,CC=F,USD,NYB
2017-05-11,1985.0,1985.0,1985.0,1982.0,1982.0,2.0,CC=F,USD,NYB
2017-05-12,2045.0,2045.0,2045.0,2045.0,2045.0,2.0,CC=F,USD,NYB
2017-05-15,2070.0,2070.0,2070.0,2070.0,2070.0,27712.0,CC=F,USD,NYB
2017-05-16,2047.0,2055.0,1975.0,2034.0,2034.0,27127.0,CC=F,USD,NYB
2017-05-17,2036.0,2062.0,2004.0,2054.0,2054.0,19859.0,CC=F,USD,NYB
2017-05-18,2067.0,2088.0,2050.0,2084.0,2084.0,20684.0,CC=F,USD,NYB
2017-05-19,2080.0,2084.0,2018.0,2028.0,2028.0,23004.0,CC=F,USD,NYB
2017-05-22,2034.0,2058.0,2014.0,2035.0,2035.0,21736.0,CC=F,USD,NYB
2017-05-23,2034.0,2055.0,1994.0,2021.0,2021.0,22201.0,CC=F,USD,NYB
2017-05-24,1996.0,1998.0,1882.0,1894.0,1894.0,33842.0,CC=F,USD,NYB
2017-05-25,1900.0,1927.0,1867.0,1877.0,1877.0,23573.0,CC=F,USD,NYB
2017-05-26,1884.0,1917.0,1881.0,1911.0,1911.0,0.0,CC=F,USD,NYB
2017-05-30,1922.0,2041.0,1920.0,2037.0,2037.0,37393.0,CC=F,USD,NYB
2017-05-31,2040.0,2060.0,2026.0,2048.0,2048.0,39595.0,CC=F,USD,NYB
2017-06-01,2031.0,2038.0,1971.0,2024.0,2024.0,29307.0,CC=F,USD,NYB
2017-06-02,2025.0,2033.0,1992.0,2001.0,2001.0,23492.0,CC=F,USD,NYB
2017-06-05,2003.0,2005.0,1927.0,1988.0,1988.0,29773.0,CC=F,USD,NYB
2017-06-06,1991.0,1999.0,1950.0,1975.0,1975.0,29761.0,CC=F,USD,NYB
2017-06-07,1964.0,1985.0,1947.0,1963.0,1963.0,34659.0,CC=F,USD,NYB
2017-06-08,1959.0,2053.0,1955.0,1963.0,1963.0,39978.0,CC=F,USD,NYB
2017-06-09,1970.0,2028.0,1940.0,2020.0,2020.0,32110.0,CC=F,USD,NYB
2017-06-12,2030.0,2072.0,2010.0,2059.0,2059.0,20238.0,CC=F,USD,NYB
2017-06-13,2070.0,2083.0,2006.0,2022.0,2022.0,22765.0,CC=F,USD,NYB
2017-06-14,2017.0,2043.0,2001.0,2040.0,2040.0,9519.0,CC=F,USD,NYB
2017-06-15,2044.0,2050.0,2022.0,2026.0,2026.0,10642.0,CC=F,USD,NYB
2017-06-16,2030.0,2040.0,1971.0,1975.0,1975.0,6056.0,CC=F,USD,NYB
2017-06-19,1975.0,1987.0,1880.0,1898.0,1898.0,431.0,CC=F,USD,NYB
2017-06-20,1899.0,1906.0,1878.0,1878.0,1878.0,21.0,CC=F,USD,NYB
2017-06-21,1813.0,1813.0,1813.0,1813.0,1813.0,21.0,CC=F,USD,NYB
2017-06-22,1793.0,1793.0,1769.0,1793.0,1793.0,11.0,CC=F,USD,NYB
2017-06-23,1843.0,1843.0,1843.0,1843.0,1843.0,11.0,CC=F,USD,NYB
2017-06-26,1809.0,1809.0,1809.0,1809.0,1809.0,11.0,CC=F,USD,NYB
2017-06-27,1827.0,1827.0,1827.0,1827.0,1827.0,11.0,CC=F,USD,NYB
2017-06-28,1814.0,1814.0,1814.0,1835.0,1835.0,2.0,CC=F,USD,NYB
2017-06-29,1836.0,1836.0,1836.0,1822.0,1822.0,1.0,CC=F,USD,NYB
2017-06-30,1903.0,1903.0,1903.0,1903.0,1903.0,11.0,CC=F,USD,NYB
2017-07-03,1943.0,1943.0,1929.0,1921.0,1921.0,0.0,CC=F,USD,NYB
2017-07-05,1910.0,1910.0,1910.0,1910.0,1910.0,0.0,CC=F,USD,NYB
2017-07-06,1911.0,1911.0,1911.0,1890.0,1890.0,3.0,CC=F,USD,NYB
2017-07-07,1871.0,1871.0,1867.0,1835.0,1835.0,4.0,CC=F,USD,NYB
2017-07-10,1801.0,1801.0,1801.0,1801.0,1801.0,2.0,CC=F,USD,NYB
2017-07-11,1780.0,1780.0,1780.0,1780.0,1780.0,2.0,CC=F,USD,NYB
2017-07-12,1782.0,1782.0,1782.0,1782.0,1782.0,2.0,CC=F,USD,NYB
2017-07-13,1843.0,1843.0,1843.0,1833.0,1833.0,5.0,CC=F,USD,NYB
2017-07-14,1876.0,1876.0,1876.0,1876.0,1876.0,18436.0,CC=F,USD,NYB
2017-07-17,1914.0,1918.0,1886.0,1910.0,1910.0,17551.0,CC=F,USD,NYB
2017-07-18,1907.0,1944.0,1889.0,1911.0,1911.0,19596.0,CC=F,USD,NYB
2017-07-19,1899.0,1953.0,1899.0,1944.0,1944.0,20002.0,CC=F,USD,NYB
2017-07-20,1946.0,1973.0,1933.0,1956.0,1956.0,22861.0,CC=F,USD,NYB
2017-07-21,1952.0,1977.0,1938.0,1968.0,1968.0,24772.0,CC=F,USD,NYB
2017-07-24,1969.0,1987.0,1953.0,1968.0,1968.0,21787.0,CC=F,USD,NYB
2017-07-25,1960.0,1967.0,1917.0,1926.0,1926.0,24898.0,CC=F,USD,NYB
2017-07-26,1916.0,1940.0,1900.0,1912.0,1912.0,19273.0,CC=F,USD,NYB
2017-07-27,1921.0,2019.0,1920.0,2013.0,2013.0,37005.0,CC=F,USD,NYB
2017-07-28,2013.0,2068.0,2007.0,2060.0,2060.0,31494.0,CC=F,USD,NYB
2017-07-31,2061.0,2082.0,2038.0,2060.0,2060.0,28753.0,CC=F,USD,NYB
2017-08-01,2081.0,2090.0,1995.0,2023.0,2023.0,35496.0,CC=F,USD,NYB
2017-08-02,2007.0,2069.0,1997.0,2055.0,2055.0,23696.0,CC=F,USD,NYB
2017-08-03,2070.0,2084.0,2034.0,2061.0,2061.0,30024.0,CC=F,USD,NYB
2017-08-04,2060.0,2073.0,1982.0,1994.0,1994.0,36243.0,CC=F,USD,NYB
2017-08-07,2013.0,2043.0,2000.0,2029.0,2029.0,38736.0,CC=F,USD,NYB
2017-08-08,2023.0,2065.0,2010.0,2018.0,2018.0,27197.0,CC=F,USD,NYB
2017-08-09,2011.0,2021.0,1971.0,2002.0,2002.0,28051.0,CC=F,USD,NYB
2017-08-10,2004.0,2016.0,1944.0,1967.0,1967.0,21819.0,CC=F,USD,NYB
2017-08-11,1958.0,1998.0,1947.0,1990.0,1990.0,17873.0,CC=F,USD,NYB
2017-08-14,1975.0,1980.0,1915.0,1923.0,1923.0,9755.0,CC=F,USD,NYB
2017-08-15,1913.0,1916.0,1849.0,1865.0,1865.0,4984.0,CC=F,USD,NYB
2017-08-16,1859.0,1875.0,1829.0,1844.0,1844.0,6368.0,CC=F,USD,NYB
2017-08-17,1855.0,1923.0,1847.0,1904.0,1904.0,3656.0,CC=F,USD,NYB
2017-08-18,1919.0,1931.0,1898.0,1922.0,1922.0,446.0,CC=F,USD,NYB
2017-08-21,1908.0,1942.0,1890.0,1930.0,1930.0,34.0,CC=F,USD,NYB
2017-08-22,1920.0,1920.0,1919.0,1923.0,1923.0,5.0,CC=F,USD,NYB
2017-08-23,1909.0,1909.0,1901.0,1908.0,1908.0,5.0,CC=F,USD,NYB
2017-08-24,1937.0,1937.0,1937.0,1924.0,1924.0,2.0,CC=F,USD,NYB
2017-08-25,1962.0,1962.0,1962.0,1962.0,1962.0,8.0,CC=F,USD,NYB
2017-08-28,2015.0,2015.0,2015.0,2015.0,2015.0,2.0,CC=F,USD,NYB
2017-08-29,2027.0,2027.0,1994.0,1977.0,1977.0,2.0,CC=F,USD,NYB
2017-08-30,1948.0,1948.0,1913.0,1949.0,1949.0,5.0,CC=F,USD,NYB
2017-08-31,1949.0,1949.0,1949.0,1966.0,1966.0,55.0,CC=F,USD,NYB
2017-09-01,1970.0,1970.0,1970.0,1987.0,1987.0,4.0,CC=F,USD,NYB
2017-09-05,1974.0,1974.0,1974.0,1974.0,1974.0,0.0,CC=F,USD,NYB
2017-09-06,1940.0,1940.0,1940.0,1954.0,1954.0,1.0,CC=F,USD,NYB
2017-09-07,1945.0,1945.0,1945.0,1945.0,1945.0,0.0,CC=F,USD,NYB
2017-09-08,1960.0,1960.0,1960.0,1972.0,1972.0,1.0,CC=F,USD,NYB
2017-09-11,1973.0,1973.0,1973.0,1973.0,1973.0,0.0,CC=F,USD,NYB
2017-09-12,1975.0,1975.0,1975.0,1999.0,1999.0,20.0,CC=F,USD,NYB
2017-09-13,2038.0,2038.0,2038.0,2038.0,2038.0,53.0,CC=F,USD,NYB
2017-09-14,2021.0,2021.0,2021.0,2021.0,2021.0,26101.0,CC=F,USD,NYB
2017-09-15,1959.0,2017.0,1956.0,2009.0,2009.0,25875.0,CC=F,USD,NYB
2017-09-18,2000.0,2022.0,1958.0,1975.0,1975.0,20771.0,CC=F,USD,NYB
2017-09-19,1965.0,1996.0,1944.0,1965.0,1965.0,19698.0,CC=F,USD,NYB
2017-09-20,1966.0,2008.0,1964.0,1998.0,1998.0,18482.0,CC=F,USD,NYB
2017-09-21,1995.0,2028.0,1983.0,2021.0,2021.0,19361.0,CC=F,USD,NYB
2017-09-22,2026.0,2047.0,1970.0,1983.0,1983.0,24750.0,CC=F,USD,NYB
2017-09-25,1976.0,2017.0,1960.0,1972.0,1972.0,21975.0,CC=F,USD,NYB
2017-09-26,1971.0,1992.0,1961.0,1971.0,1971.0,13872.0,CC=F,USD,NYB
2017-09-27,1974.0,2021.0,1971.0,2015.0,2015.0,21592.0,CC=F,USD,NYB
2017-09-28,2013.0,2031.0,1974.0,1980.0,1980.0,23229.0,CC=F,USD,NYB
2017-09-29,1976.0,2057.0,1968.0,2043.0,2043.0,26899.0,CC=F,USD,NYB
2017-10-02,2044.0,2053.0,1984.0,2037.0,2037.0,32632.0,CC=F,USD,NYB
2017-10-03,2043.0,2088.0,2022.0,2082.0,2082.0,32884.0,CC=F,USD,NYB
2017-10-04,2091.0,2102.0,2063.0,2078.0,2078.0,32809.0,CC=F,USD,NYB
2017-10-05,2084.0,2092.0,2055.0,2084.0,2084.0,21381.0,CC=F,USD,NYB
2017-10-06,2090.0,2093.0,2060.0,2085.0,2085.0,20958.0,CC=F,USD,NYB
2017-10-09,2091.0,2099.0,1999.0,2008.0,2008.0,35316.0,CC=F,USD,NYB
2017-10-10,2021.0,2062.0,2016.0,2045.0,2045.0,25353.0,CC=F,USD,NYB
2017-10-11,2057.0,2117.0,2046.0,2097.0,2097.0,29019.0,CC=F,USD,NYB
2017-10-12,2120.0,2121.0,2077.0,2090.0,2090.0,23900.0,CC=F,USD,NYB
2017-10-13,2113.0,2116.0,2065.0,2087.0,2087.0,19495.0,CC=F,USD,NYB
2017-10-16,2087.0,2092.0,2037.0,2044.0,2044.0,24834.0,CC=F,USD,NYB
2017-10-17,2043.0,2074.0,2028.0,2064.0,2064.0,21098.0,CC=F,USD,NYB
2017-10-18,2066.0,2087.0,2057.0,2067.0,2067.0,19642.0,CC=F,USD,NYB
2017-10-19,2061.0,2152.0,2059.0,2145.0,2145.0,36489.0,CC=F,USD,NYB
2017-10-20,2155.0,2160.0,2122.0,2138.0,2138.0,29412.0,CC=F,USD,NYB
2017-10-23,2134.0,2147.0,2105.0,2124.0,2124.0,22656.0,CC=F,USD,NYB
2017-10-24,2120.0,2128.0,2077.0,2084.0,2084.0,26698.0,CC=F,USD,NYB
2017-10-25,2083.0,2112.0,2064.0,2079.0,2079.0,22889.0,CC=F,USD,NYB
2017-10-26,2084.0,2134.0,2078.0,2127.0,2127.0,28085.0,CC=F,USD,NYB
2017-10-27,2125.0,2125.0,2092.0,2115.0,2115.0,24024.0,CC=F,USD,NYB
2017-10-30,2119.0,2121.0,2074.0,2118.0,2118.0,23757.0,CC=F,USD,NYB
2017-10-31,2118.0,2120.0,2090.0,2094.0,2094.0,19913.0,CC=F,USD,NYB
2017-11-01,2089.0,2142.0,2086.0,2123.0,2123.0,32492.0,CC=F,USD,NYB
2017-11-02,2127.0,2127.0,2048.0,2052.0,2052.0,45041.0,CC=F,USD,NYB
2017-11-03,2060.0,2065.0,2035.0,2061.0,2061.0,31657.0,CC=F,USD,NYB
2017-11-06,2059.0,2123.0,2052.0,2117.0,2117.0,27937.0,CC=F,USD,NYB
2017-11-07,2121.0,2185.0,2104.0,2163.0,2163.0,32218.0,CC=F,USD,NYB
2017-11-08,2179.0,2228.0,2164.0,2216.0,2216.0,23428.0,CC=F,USD,NYB
2017-11-09,2219.0,2223.0,2179.0,2198.0,2198.0,12320.0,CC=F,USD,NYB
2017-11-10,2193.0,2236.0,2187.0,2223.0,2223.0,10634.0,CC=F,USD,NYB
2017-11-13,2211.0,2229.0,2184.0,2208.0,2208.0,11971.0,CC=F,USD,NYB
2017-11-14,2195.0,2201.0,2147.0,2149.0,2149.0,7648.0,CC=F,USD,NYB
2017-11-15,2143.0,2162.0,2082.0,2133.0,2133.0,2196.0,CC=F,USD,NYB
2017-11-16,2158.0,2158.0,2106.0,2131.0,2131.0,482.0,CC=F,USD,NYB
2017-11-17,2115.0,2140.0,2115.0,2126.0,2126.0,7.0,CC=F,USD,NYB
2017-11-20,2105.0,2105.0,2066.0,2084.0,2084.0,37.0,CC=F,USD,NYB
2017-11-21,2102.0,2102.0,2102.0,2102.0,2102.0,7.0,CC=F,USD,NYB
2017-11-22,2119.0,2119.0,2119.0,2119.0,2119.0,5.0,CC=F,USD,NYB
2017-11-24,2119.0,2119.0,2119.0,2109.0,2109.0,12.0,CC=F,USD,NYB
2017-11-27,2065.0,2065.0,2065.0,2065.0,2065.0,1.0,CC=F,USD,NYB
2017-11-28,2056.0,2056.0,2042.0,2047.0,2047.0,12.0,CC=F,USD,NYB
2017-11-29,2017.0,2113.0,2017.0,2096.0,2096.0,105.0,CC=F,USD,NYB
2017-11-30,2077.0,2077.0,2050.0,2048.0,2048.0,3.0,CC=F,USD,NYB
2017-12-01,2040.0,2040.0,2040.0,2040.0,2040.0,0.0,CC=F,USD,NYB
2017-12-04,2002.0,2002.0,2002.0,2002.0,2002.0,0.0,CC=F,USD,NYB
2017-12-05,1960.0,1960.0,1920.0,1929.0,1929.0,7.0,CC=F,USD,NYB
2017-12-06,1911.0,1917.0,1859.0,1911.0,1911.0,72.0,CC=F,USD,NYB
2017-12-07,1863.0,1863.0,1863.0,1885.0,1885.0,1.0,CC=F,USD,NYB
2017-12-08,1856.0,1884.0,1856.0,1892.0,1892.0,3.0,CC=F,USD,NYB
2017-12-11,1917.0,1917.0,1917.0,1917.0,1917.0,0.0,CC=F,USD,NYB
2017-12-12,1872.0,1872.0,1872.0,1872.0,1872.0,0.0,CC=F,USD,NYB
2017-12-13,1800.0,1800.0,1800.0,1893.0,1893.0,21940.0,CC=F,USD,NYB
2017-12-14,1885.0,1908.0,1876.0,1893.0,1893.0,16440.0,CC=F,USD,NYB
2017-12-15,1886.0,1903.0,1871.0,1877.0,1877.0,14274.0,CC=F,USD,NYB
2017-12-18,1895.0,1937.0,1881.0,1922.0,1922.0,21672.0,CC=F,USD,NYB
2017-12-19,1915.0,1928.0,1894.0,1912.0,1912.0,18510.0,CC=F,USD,NYB
2017-12-20,1910.0,1933.0,1895.0,1931.0,1931.0,16074.0,CC=F,USD,NYB
2017-12-21,1919.0,1919.0,1863.0,1907.0,1907.0,22348.0,CC=F,USD,NYB
2017-12-22,1886.0,1894.0,1804.0,1809.0,1809.0,23423.0,CC=F,USD,NYB
2017-12-26,1807.0,1868.0,1807.0,1856.0,1856.0,15558.0,CC=F,USD,NYB
2017-12-27,1867.0,1892.0,1841.0,1866.0,1866.0,21680.0,CC=F,USD,NYB
2017-12-28,1876.0,1927.0,1876.0,1911.0,1911.0,21249.0,CC=F,USD,NYB
2017-12-29,1900.0,1918.0,1877.0,1892.0,1892.0,16724.0,CC=F,USD,NYB
2018-01-02,1900.0,1947.0,1862.0,1936.0,1936.0,26852.0,CC=F,USD,NYB
2018-01-03,1942.0,1943.0,1888.0,1907.0,1907.0,21847.0,CC=F,USD,NYB
2018-01-04,1882.0,1910.0,1836.0,1905.0,1905.0,30322.0,CC=F,USD,NYB
2018-01-05,1887.0,1904.0,1866.0,1895.0,1895.0,14402.0,CC=F,USD,NYB
2018-01-08,1885.0,1917.0,1870.0,1914.0,1914.0,21988.0,CC=F,USD,NYB
2018-01-09,1909.0,1940.0,1891.0,1899.0,1899.0,20729.0,CC=F,USD,NYB
2018-01-10,1906.0,1956.0,1900.0,1941.0,1941.0,21757.0,CC=F,USD,NYB
2018-01-11,1950.0,1960.0,1914.0,1928.0,1928.0,19113.0,CC=F,USD,NYB
2018-01-12,1926.0,1944.0,1894.0,1914.0,1914.0,19823.0,CC=F,USD,NYB
2018-01-16,1947.0,1951.0,1901.0,1932.0,1932.0,25335.0,CC=F,USD,NYB
2018-01-17,1929.0,1999.0,1925.0,1985.0,1985.0,32631.0,CC=F,USD,NYB
2018-01-18,1996.0,2011.0,1972.0,1984.0,1984.0,27063.0,CC=F,USD,NYB
2018-01-19,1970.0,1970.0,1916.0,1931.0,1931.0,26447.0,CC=F,USD,NYB
2018-01-22,1939.0,1975.0,1921.0,1938.0,1938.0,19359.0,CC=F,USD,NYB
2018-01-23,1949.0,1970.0,1923.0,1929.0,1929.0,16983.0,CC=F,USD,NYB
2018-01-24,1939.0,1964.0,1908.0,1955.0,1955.0,22769.0,CC=F,USD,NYB
2018-01-25,1953.0,1991.0,1944.0,1960.0,1960.0,18916.0,CC=F,USD,NYB
2018-01-26,1957.0,1998.0,1950.0,1986.0,1986.0,20215.0,CC=F,USD,NYB
2018-01-29,1982.0,2004.0,1934.0,1946.0,1946.0,32145.0,CC=F,USD,NYB
2018-01-30,1944.0,1988.0,1943.0,1970.0,1970.0,24277.0,CC=F,USD,NYB
2018-01-31,1978.0,2012.0,1974.0,1996.0,1996.0,30072.0,CC=F,USD,NYB
2018-02-01,1997.0,2037.0,1986.0,2017.0,2017.0,30063.0,CC=F,USD,NYB
2018-02-02,2030.0,2063.0,2015.0,2059.0,2059.0,32758.0,CC=F,USD,NYB
2018-02-05,2051.0,2067.0,2034.0,2045.0,2045.0,33513.0,CC=F,USD,NYB
2018-02-06,2043.0,2058.0,2012.0,2041.0,2041.0,28714.0,CC=F,USD,NYB
2018-02-07,2049.0,2065.0,1988.0,2013.0,2013.0,34502.0,CC=F,USD,NYB
2018-02-08,1998.0,2046.0,1997.0,2034.0,2034.0,25219.0,CC=F,USD,NYB
2018-02-09,2034.0,2039.0,1991.0,2031.0,2031.0,23696.0,CC=F,USD,NYB
2018-02-12,2029.0,2040.0,1953.0,1970.0,1970.0,14110.0,CC=F,USD,NYB
2018-02-13,1975.0,2012.0,1966.0,1999.0,1999.0,10541.0,CC=F,USD,NYB
2018-02-14,2009.0,2098.0,2000.0,2055.0,2055.0,167.0,CC=F,USD,NYB
2018-02-15,2098.0,2139.0,2077.0,2137.0,2137.0,122.0,CC=F,USD,NYB
2018-02-16,2141.0,2151.0,2117.0,2138.0,2138.0,0.0,CC=F,USD,NYB
2018-02-20,2119.0,2132.0,2119.0,2146.0,2146.0,53.0,CC=F,USD,NYB
2018-02-21,2140.0,2154.0,2140.0,2172.0,2172.0,9.0,CC=F,USD,NYB
2018-02-22,2149.0,2169.0,2149.0,2156.0,2156.0,208.0,CC=F,USD,NYB
2018-02-23,2204.0,2204.0,2204.0,2204.0,2204.0,0.0,CC=F,USD,NYB
2018-02-26,2204.0,2228.0,2203.0,2224.0,2224.0,9.0,CC=F,USD,NYB
2018-02-27,2214.0,2242.0,2214.0,2239.0,2239.0,114.0,CC=F,USD,NYB
2018-02-28,2209.0,2210.0,2209.0,2240.0,2240.0,27.0,CC=F,USD,NYB
2018-03-01,2246.0,2250.0,2245.0,2270.0,2270.0,5.0,CC=F,USD,NYB
2018-03-02,2320.0,2320.0,2320.0,2320.0,2320.0,6.0,CC=F,USD,NYB
2018-03-05,2434.0,2438.0,2434.0,2459.0,2459.0,61.0,CC=F,USD,NYB
2018-03-06,2452.0,2452.0,2451.0,2454.0,2454.0,45.0,CC=F,USD,NYB
2018-03-07,2444.0,2455.0,2444.0,2456.0,2456.0,25.0,CC=F,USD,NYB
2018-03-08,2529.0,2529.0,2491.0,2506.0,2506.0,53.0,CC=F,USD,NYB
2018-03-09,2478.0,2478.0,2478.0,2478.0,2478.0,0.0,CC=F,USD,NYB
2018-03-12,2565.0,2565.0,2565.0,2565.0,2565.0,150.0,CC=F,USD,NYB
2018-03-13,2583.0,2587.0,2583.0,2551.0,2551.0,3.0,CC=F,USD,NYB
2018-03-14,2575.0,2575.0,2575.0,2575.0,2575.0,20178.0,CC=F,USD,NYB
2018-03-15,2557.0,2571.0,2509.0,2536.0,2536.0,17741.0,CC=F,USD,NYB
2018-03-16,2536.0,2546.0,2514.0,2522.0,2522.0,15505.0,CC=F,USD,NYB
2018-03-19,2535.0,2568.0,2439.0,2445.0,2445.0,25324.0,CC=F,USD,NYB
2018-03-20,2433.0,2516.0,2430.0,2480.0,2480.0,22350.0,CC=F,USD,NYB
2018-03-21,2500.0,2541.0,2472.0,2524.0,2524.0,18012.0,CC=F,USD,NYB
2018-03-22,2550.0,2567.0,2506.0,2535.0,2535.0,16097.0,CC=F,USD,NYB
2018-03-23,2533.0,2636.0,2511.0,2615.0,2615.0,25707.0,CC=F,USD,NYB
2018-03-26,2612.0,2643.0,2597.0,2629.0,2629.0,15971.0,CC=F,USD,NYB
2018-03-27,2623.0,2623.0,2534.0,2554.0,2554.0,20383.0,CC=F,USD,NYB
2018-03-28,2570.0,2603.0,2490.0,2597.0,2597.0,27281.0,CC=F,USD,NYB
2018-03-29,2581.0,2607.0,2545.0,2556.0,2556.0,24325.0,CC=F,USD,NYB
2018-04-02,2592.0,2647.0,2546.0,2635.0,2635.0,19762.0,CC=F,USD,NYB
2018-04-03,2600.0,2606.0,2477.0,2498.0,2498.0,35684.0,CC=F,USD,NYB
2018-04-04,2471.0,2517.0,2440.0,2475.0,2475.0,33791.0,CC=F,USD,NYB
2018-04-05,2477.0,2534.0,2433.0,2508.0,2508.0,36863.0,CC=F,USD,NYB
2018-04-06,2508.0,2516.0,2440.0,2453.0,2453.0,37642.0,CC=F,USD,NYB
2018-04-09,2455.0,2522.0,2417.0,2502.0,2502.0,28873.0,CC=F,USD,NYB
2018-04-10,2504.0,2505.0,2450.0,2489.0,2489.0,23951.0,CC=F,USD,NYB
2018-04-11,2498.0,2560.0,2466.0,2547.0,2547.0,18429.0,CC=F,USD,NYB
2018-04-12,2535.0,2564.0,2525.0,2542.0,2542.0,14870.0,CC=F,USD,NYB
2018-04-13,2546.0,2582.0,2536.0,2564.0,2564.0,10216.0,CC=F,USD,NYB
2018-04-16,2571.0,2712.0,2552.0,2702.0,2702.0,2581.0,CC=F,USD,NYB
2018-04-17,2692.0,2750.0,2664.0,2728.0,2728.0,485.0,CC=F,USD,NYB
2018-04-18,2736.0,2825.0,2736.0,2824.0,2824.0,12.0,CC=F,USD,NYB
2018-04-19,2797.0,2854.0,2797.0,2831.0,2831.0,36.0,CC=F,USD,NYB
2018-04-20,2805.0,2805.0,2741.0,2749.0,2749.0,11.0,CC=F,USD,NYB
2018-04-23,2746.0,2746.0,2746.0,2746.0,2746.0,0.0,CC=F,USD,NYB
2018-04-24,2835.0,2835.0,2835.0,2835.0,2835.0,2.0,CC=F,USD,NYB
2018-04-25,2875.0,2875.0,2875.0,2856.0,2856.0,1.0,CC=F,USD,NYB
2018-04-26,2805.0,2811.0,2805.0,2822.0,2822.0,2.0,CC=F,USD,NYB
2018-04-27,2851.0,2851.0,2851.0,2851.0,2851.0,0.0,CC=F,USD,NYB
2018-04-30,2845.0,2845.0,2845.0,2845.0,2845.0,0.0,CC=F,USD,NYB
2018-05-01,2914.0,2914.0,2914.0,2914.0,2914.0,4.0,CC=F,USD,NYB
2018-05-02,2855.0,2880.0,2839.0,2835.0,2835.0,3.0,CC=F,USD,NYB
2018-05-03,2821.0,2822.0,2821.0,2863.0,2863.0,8.0,CC=F,USD,NYB
2018-05-04,2799.0,2799.0,2799.0,2799.0,2799.0,0.0,CC=F,USD,NYB
2018-05-07,2870.0,2870.0,2870.0,2870.0,2870.0,0.0,CC=F,USD,NYB
2018-05-08,2794.0,2794.0,2794.0,2794.0,2794.0,0.0,CC=F,USD,NYB
2018-05-09,2768.0,2769.0,2750.0,2774.0,2774.0,8.0,CC=F,USD,NYB
2018-05-10,2758.0,2758.0,2758.0,2758.0,2758.0,0.0,CC=F,USD,NYB
2018-05-11,2780.0,2825.0,2780.0,2801.0,2801.0,6.0,CC=F,USD,NYB
2018-05-14,2775.0,2782.0,2775.0,2775.0,2775.0,31.0,CC=F,USD,NYB
2018-05-15,2670.0,2670.0,2670.0,2670.0,2670.0,21802.0,CC=F,USD,NYB
2018-05-16,2650.0,2740.0,2629.0,2730.0,2730.0,24203.0,CC=F,USD,NYB
2018-05-17,2725.0,2767.0,2626.0,2639.0,2639.0,22150.0,CC=F,USD,NYB
2018-05-18,2615.0,2730.0,2615.0,2678.0,2678.0,24684.0,CC=F,USD,NYB
2018-05-21,2656.0,2692.0,2609.0,2615.0,2615.0,19946.0,CC=F,USD,NYB
2018-05-22,2611.0,2669.0,2575.0,2589.0,2589.0,28787.0,CC=F,USD,NYB
2018-05-23,2608.0,2635.0,2585.0,2618.0,2618.0,20797.0,CC=F,USD,NYB
2018-05-24,2627.0,2642.0,2597.0,2603.0,2603.0,15836.0,CC=F,USD,NYB
2018-05-25,2604.0,2631.0,2553.0,2556.0,2556.0,23857.0,CC=F,USD,NYB
2018-05-29,2545.0,2589.0,2488.0,2497.0,2497.0,28103.0,CC=F,USD,NYB
2018-05-30,2498.0,2541.0,2494.0,2529.0,2529.0,26540.0,CC=F,USD,NYB
2018-05-31,2529.0,2533.0,2444.0,2454.0,2454.0,41448.0,CC=F,USD,NYB
2018-06-01,2450.0,2470.0,2413.0,2458.0,2458.0,36079.0,CC=F,USD,NYB
2018-06-04,2450.0,2457.0,2326.0,2351.0,2351.0,31749.0,CC=F,USD,NYB
2018-06-05,2328.0,2366.0,2278.0,2289.0,2289.0,29706.0,CC=F,USD,NYB
2018-06-06,2290.0,2332.0,2258.0,2296.0,2296.0,32342.0,CC=F,USD,NYB
2018-06-07,2304.0,2318.0,2253.0,2274.0,2274.0,30853.0,CC=F,USD,NYB
2018-06-08,2275.0,2399.0,2262.0,2393.0,2393.0,25266.0,CC=F,USD,NYB
2018-06-11,2360.0,2378.0,2308.0,2372.0,2372.0,17676.0,CC=F,USD,NYB
2018-06-12,2373.0,2420.0,2347.0,2413.0,2413.0,14774.0,CC=F,USD,NYB
2018-06-13,2395.0,2447.0,2359.0,2380.0,2380.0,10844.0,CC=F,USD,NYB
2018-06-14,2377.0,2470.0,2377.0,2450.0,2450.0,8085.0,CC=F,USD,NYB
2018-06-15,2445.0,2557.0,2415.0,2552.0,2552.0,1617.0,CC=F,USD,NYB
2018-06-18,2544.0,2544.0,2449.0,2509.0,2509.0,409.0,CC=F,USD,NYB
2018-06-19,2478.0,2505.0,2433.0,2468.0,2468.0,6.0,CC=F,USD,NYB
2018-06-20,2568.0,2568.0,2568.0,2568.0,2568.0,2.0,CC=F,USD,NYB
2018-06-21,2514.0,2517.0,2501.0,2509.0,2509.0,40.0,CC=F,USD,NYB
2018-06-22,2512.0,2512.0,2443.0,2484.0,2484.0,30.0,CC=F,USD,NYB
2018-06-25,2389.0,2489.0,2389.0,2433.0,2433.0,209.0,CC=F,USD,NYB
2018-06-26,2385.0,2385.0,2385.0,2431.0,2431.0,4.0,CC=F,USD,NYB
2018-06-27,2339.0,2339.0,2339.0,2339.0,2339.0,2.0,CC=F,USD,NYB
2018-06-28,2418.0,2418.0,2418.0,2418.0,2418.0,0.0,CC=F,USD,NYB
2018-06-29,2476.0,2476.0,2476.0,2476.0,2476.0,0.0,CC=F,USD,NYB
2018-07-02,2465.0,2465.0,2465.0,2465.0,2465.0,0.0,CC=F,USD,NYB
2018-07-03,2418.0,2418.0,2418.0,2418.0,2418.0,0.0,CC=F,USD,NYB
2018-07-05,2446.0,2446.0,2446.0,2446.0,2446.0,0.0,CC=F,USD,NYB
2018-07-06,2459.0,2459.0,2459.0,2459.0,2459.0,15.0,CC=F,USD,NYB
2018-07-09,2443.0,2443.0,2443.0,2443.0,2443.0,31.0,CC=F,USD,NYB
2018-07-10,2468.0,2468.0,2468.0,2501.0,2501.0,1.0,CC=F,USD,NYB
2018-07-11,2484.0,2484.0,2484.0,2484.0,2484.0,0.0,CC=F,USD,NYB
2018-07-12,2489.0,2489.0,2489.0,2489.0,2489.0,0.0,CC=F,USD,NYB
2018-07-13,2489.0,2491.0,2489.0,2517.0,2517.0,10.0,CC=F,USD,NYB
2018-07-16,2410.0,2410.0,2410.0,2410.0,2410.0,39256.0,CC=F,USD,NYB
2018-07-17,2389.0,2430.0,2360.0,2395.0,2395.0,21835.0,CC=F,USD,NYB
2018-07-18,2397.0,2402.0,2321.0,2337.0,2337.0,19502.0,CC=F,USD,NYB
2018-07-19,2325.0,2359.0,2288.0,2292.0,2292.0,26154.0,CC=F,USD,NYB
2018-07-20,2306.0,2337.0,2280.0,2322.0,2322.0,22930.0,CC=F,USD,NYB
2018-07-23,2330.0,2335.0,2276.0,2299.0,2299.0,24398.0,CC=F,USD,NYB
2018-07-24,2291.0,2302.0,2246.0,2257.0,2257.0,17781.0,CC=F,USD,NYB
2018-07-25,2243.0,2271.0,2233.0,2245.0,2245.0,17556.0,CC=F,USD,NYB
2018-07-26,2243.0,2348.0,2243.0,2315.0,2315.0,20996.0,CC=F,USD,NYB
2018-07-27,2323.0,2333.0,2212.0,2233.0,2233.0,25049.0,CC=F,USD,NYB
2018-07-30,2222.0,2280.0,2222.0,2239.0,2239.0,16904.0,CC=F,USD,NYB
2018-07-31,2240.0,2257.0,2152.0,2170.0,2170.0,24635.0,CC=F,USD,NYB
2018-08-01,2156.0,2166.0,2063.0,2070.0,2070.0,36110.0,CC=F,USD,NYB
2018-08-02,2054.0,2107.0,2053.0,2072.0,2072.0,26369.0,CC=F,USD,NYB
2018-08-03,2069.0,2089.0,2039.0,2046.0,2046.0,24374.0,CC=F,USD,NYB
2018-08-06,2036.0,2127.0,2035.0,2122.0,2122.0,24817.0,CC=F,USD,NYB
2018-08-07,2115.0,2119.0,2082.0,2103.0,2103.0,31658.0,CC=F,USD,NYB
2018-08-08,2098.0,2150.0,2085.0,2111.0,2111.0,20586.0,CC=F,USD,NYB
2018-08-09,2105.0,2123.0,2067.0,2081.0,2081.0,12696.0,CC=F,USD,NYB
2018-08-10,2075.0,2100.0,2066.0,2086.0,2086.0,12175.0,CC=F,USD,NYB
2018-08-13,2080.0,2129.0,2077.0,2121.0,2121.0,10433.0,CC=F,USD,NYB
2018-08-14,2116.0,2116.0,2092.0,2108.0,2108.0,8031.0,CC=F,USD,NYB
2018-08-15,2110.0,2139.0,2075.0,2083.0,2083.0,6688.0,CC=F,USD,NYB
2018-08-16,2087.0,2135.0,2087.0,2104.0,2104.0,5846.0,CC=F,USD,NYB
2018-08-17,2100.0,2120.0,2076.0,2115.0,2115.0,4304.0,CC=F,USD,NYB
2018-08-20,2119.0,2241.0,2095.0,2198.0,2198.0,120.0,CC=F,USD,NYB
2018-08-21,2219.0,2219.0,2218.0,2269.0,2269.0,104.0,CC=F,USD,NYB
2018-08-22,2300.0,2348.0,2297.0,2310.0,2310.0,36.0,CC=F,USD,NYB
2018-08-23,2300.0,2305.0,2300.0,2349.0,2349.0,7.0,CC=F,USD,NYB
2018-08-24,2374.0,2374.0,2374.0,2374.0,2374.0,0.0,CC=F,USD,NYB
2018-08-27,2391.0,2391.0,2280.0,2321.0,2321.0,2.0,CC=F,USD,NYB
2018-08-28,2351.0,2352.0,2326.0,2295.0,2295.0,5.0,CC=F,USD,NYB
2018-08-29,2326.0,2337.0,2326.0,2336.0,2336.0,2.0,CC=F,USD,NYB
2018-08-30,2295.0,2295.0,2295.0,2262.0,2262.0,1.0,CC=F,USD,NYB
2018-08-31,2323.0,2323.0,2323.0,2323.0,2323.0,0.0,CC=F,USD,NYB
2018-09-04,2290.0,2290.0,2290.0,2335.0,2335.0,25.0,CC=F,USD,NYB
2018-09-05,2314.0,2314.0,2314.0,2314.0,2314.0,0.0,CC=F,USD,NYB
2018-09-06,2300.0,2300.0,2300.0,2310.0,2310.0,37.0,CC=F,USD,NYB
2018-09-07,2288.0,2288.0,2288.0,2288.0,2288.0,300.0,CC=F,USD,NYB
2018-09-10,2329.0,2329.0,2329.0,2329.0,2329.0,0.0,CC=F,USD,NYB
2018-09-11,2340.0,2340.0,2340.0,2283.0,2283.0,15.0,CC=F,USD,NYB
2018-09-12,2376.0,2376.0,2375.0,2355.0,2355.0,46.0,CC=F,USD,NYB
2018-09-13,2314.0,2314.0,2314.0,2314.0,2314.0,17215.0,CC=F,USD,NYB
2018-09-14,2319.0,2327.0,2205.0,2219.0,2219.0,28599.0,CC=F,USD,NYB
2018-09-17,2223.0,2298.0,2219.0,2236.0,2236.0,23911.0,CC=F,USD,NYB
2018-09-18,2238.0,2281.0,2224.0,2242.0,2242.0,15668.0,CC=F,USD,NYB
2018-09-19,2254.0,2276.0,2186.0,2195.0,2195.0,16527.0,CC=F,USD,NYB
2018-09-20,2194.0,2234.0,2187.0,2201.0,2201.0,17907.0,CC=F,USD,NYB
2018-09-21,2202.0,2215.0,2155.0,2167.0,2167.0,18646.0,CC=F,USD,NYB
2018-09-24,2160.0,2258.0,2156.0,2235.0,2235.0,26404.0,CC=F,USD,NYB
2018-09-25,2218.0,2252.0,2189.0,2195.0,2195.0,18159.0,CC=F,USD,NYB
2018-09-26,2193.0,2212.0,2147.0,2151.0,2151.0,20504.0,CC=F,USD,NYB
2018-09-27,2161.0,2176.0,2111.0,2114.0,2114.0,19639.0,CC=F,USD,NYB
2018-09-28,2115.0,2136.0,2053.0,2057.0,2057.0,29092.0,CC=F,USD,NYB
2018-10-01,2053.0,2082.0,1982.0,1990.0,1990.0,33483.0,CC=F,USD,NYB
2018-10-02,2004.0,2097.0,2002.0,2086.0,2086.0,34818.0,CC=F,USD,NYB
2018-10-03,2090.0,2096.0,2014.0,2019.0,2019.0,20658.0,CC=F,USD,NYB
2018-10-04,2012.0,2056.0,2003.0,2010.0,2010.0,19682.0,CC=F,USD,NYB
2018-10-05,2008.0,2065.0,2008.0,2024.0,2024.0,18216.0,CC=F,USD,NYB
2018-10-08,2041.0,2105.0,2031.0,2086.0,2086.0,22072.0,CC=F,USD,NYB
2018-10-09,2094.0,2128.0,2075.0,2119.0,2119.0,20432.0,CC=F,USD,NYB
2018-10-10,2116.0,2131.0,2074.0,2088.0,2088.0,15682.0,CC=F,USD,NYB
2018-10-11,2080.0,2120.0,2063.0,2097.0,2097.0,19218.0,CC=F,USD,NYB
2018-10-12,2110.0,2164.0,2110.0,2160.0,2160.0,16701.0,CC=F,USD,NYB
2018-10-15,2171.0,2178.0,2083.0,2141.0,2141.0,20064.0,CC=F,USD,NYB
2018-10-16,2131.0,2222.0,2122.0,2194.0,2194.0,23931.0,CC=F,USD,NYB
2018-10-17,2211.0,2232.0,2182.0,2226.0,2226.0,18800.0,CC=F,USD,NYB
2018-10-18,2213.0,2216.0,2137.0,2145.0,2145.0,25072.0,CC=F,USD,NYB
2018-10-19,2151.0,2183.0,2113.0,2162.0,2162.0,18249.0,CC=F,USD,NYB
2018-10-22,2173.0,2226.0,2142.0,2220.0,2220.0,19054.0,CC=F,USD,NYB
2018-10-23,2206.0,2208.0,2153.0,2187.0,2187.0,19349.0,CC=F,USD,NYB
2018-10-24,2190.0,2228.0,2133.0,2137.0,2137.0,21251.0,CC=F,USD,NYB
2018-10-25,2147.0,2216.0,2144.0,2209.0,2209.0,26109.0,CC=F,USD,NYB
2018-10-26,2215.0,2281.0,2207.0,2251.0,2251.0,24453.0,CC=F,USD,NYB
2018-10-29,2251.0,2272.0,2180.0,2195.0,2195.0,28281.0,CC=F,USD,NYB
2018-10-30,2199.0,2228.0,2169.0,2215.0,2215.0,16979.0,CC=F,USD,NYB
2018-10-31,2220.0,2244.0,2190.0,2234.0,2234.0,21946.0,CC=F,USD,NYB
2018-11-01,2235.0,2292.0,2225.0,2264.0,2264.0,29440.0,CC=F,USD,NYB
2018-11-02,2263.0,2274.0,2228.0,2267.0,2267.0,29777.0,CC=F,USD,NYB
2018-11-05,2265.0,2323.0,2248.0,2312.0,2312.0,21152.0,CC=F,USD,NYB
2018-11-06,2313.0,2383.0,2310.0,2379.0,2379.0,31768.0,CC=F,USD,NYB
2018-11-07,2390.0,2396.0,2349.0,2383.0,2383.0,21792.0,CC=F,USD,NYB
2018-11-08,2363.0,2378.0,2256.0,2265.0,2265.0,20162.0,CC=F,USD,NYB
2018-11-09,2273.0,2288.0,2233.0,2250.0,2250.0,16510.0,CC=F,USD,NYB
2018-11-12,2229.0,2265.0,2199.0,2209.0,2209.0,14206.0,CC=F,USD,NYB
2018-11-13,2214.0,2228.0,2177.0,2211.0,2211.0,12349.0,CC=F,USD,NYB
2018-11-14,2209.0,2212.0,2136.0,2158.0,2158.0,10442.0,CC=F,USD,NYB
2018-11-15,2151.0,2221.0,2145.0,2166.0,2166.0,8572.0,CC=F,USD,NYB
2018-11-16,2172.0,2223.0,2172.0,2193.0,2193.0,95.0,CC=F,USD,NYB
2018-11-19,2170.0,2190.0,2170.0,2155.0,2155.0,27.0,CC=F,USD,NYB
2018-11-20,2128.0,2162.0,2128.0,2144.0,2144.0,164.0,CC=F,USD,NYB
2018-11-21,2084.0,2084.0,2084.0,2084.0,2084.0,56.0,CC=F,USD,NYB
2018-11-23,2089.0,2089.0,2083.0,2061.0,2061.0,3.0,CC=F,USD,NYB
2018-11-26,2083.0,2083.0,2083.0,2057.0,2057.0,5.0,CC=F,USD,NYB
2018-11-27,2086.0,2086.0,2086.0,2086.0,2086.0,0.0,CC=F,USD,NYB
2018-11-28,2062.0,2062.0,2062.0,2062.0,2062.0,0.0,CC=F,USD,NYB
2018-11-29,2106.0,2106.0,2106.0,2106.0,2106.0,0.0,CC=F,USD,NYB
2018-11-30,2144.0,2144.0,2144.0,2144.0,2144.0,0.0,CC=F,USD,NYB
2018-12-03,2144.0,2144.0,2144.0,2144.0,2144.0,0.0,CC=F,USD,NYB
2018-12-04,2105.0,2105.0,2105.0,2105.0,2105.0,0.0,CC=F,USD,NYB
2018-12-06,2120.0,2120.0,2120.0,2078.0,2078.0,1.0,CC=F,USD,NYB
2018-12-07,2135.0,2135.0,2135.0,2175.0,2175.0,3.0,CC=F,USD,NYB
2018-12-10,2156.0,2156.0,2156.0,2156.0,2156.0,0.0,CC=F,USD,NYB
2018-12-11,2066.0,2066.0,2066.0,2066.0,2066.0,0.0,CC=F,USD,NYB
2018-12-12,2112.0,2112.0,2112.0,2112.0,2112.0,0.0,CC=F,USD,NYB
2018-12-13,2200.0,2200.0,2200.0,2200.0,2200.0,17342.0,CC=F,USD,NYB
2018-12-14,2238.0,2279.0,2216.0,2237.0,2237.0,17329.0,CC=F,USD,NYB
2018-12-17,2227.0,2263.0,2204.0,2230.0,2230.0,14100.0,CC=F,USD,NYB
2018-12-18,2230.0,2312.0,2227.0,2271.0,2271.0,14264.0,CC=F,USD,NYB
2018-12-19,2290.0,2319.0,2242.0,2317.0,2317.0,16227.0,CC=F,USD,NYB
2018-12-20,2317.0,2317.0,2251.0,2271.0,2271.0,16125.0,CC=F,USD,NYB
2018-12-21,2280.0,2290.0,2221.0,2271.0,2271.0,14365.0,CC=F,USD,NYB
2018-12-24,2276.0,2345.0,2256.0,2315.0,2315.0,10659.0,CC=F,USD,NYB
2018-12-26,2316.0,2436.0,2309.0,2429.0,2429.0,18444.0,CC=F,USD,NYB
2018-12-27,2385.0,2401.0,2347.0,2373.0,2373.0,23293.0,CC=F,USD,NYB
2018-12-28,2369.0,2412.0,2342.0,2408.0,2408.0,15364.0,CC=F,USD,NYB
2018-12-31,2410.0,2439.0,2381.0,2416.0,2416.0,14095.0,CC=F,USD,NYB
2019-01-02,2419.0,2424.0,2367.0,2394.0,2394.0,22875.0,CC=F,USD,NYB
2019-01-03,2396.0,2423.0,2379.0,2400.0,2400.0,21118.0,CC=F,USD,NYB
2019-01-04,2399.0,2402.0,2314.0,2361.0,2361.0,22432.0,CC=F,USD,NYB
2019-01-07,2362.0,2413.0,2356.0,2410.0,2410.0,16914.0,CC=F,USD,NYB
2019-01-08,2389.0,2399.0,2355.0,2382.0,2382.0,19167.0,CC=F,USD,NYB
2019-01-09,2379.0,2387.0,2346.0,2351.0,2351.0,15548.0,CC=F,USD,NYB
2019-01-10,2331.0,2390.0,2327.0,2369.0,2369.0,22114.0,CC=F,USD,NYB
2019-01-11,2372.0,2396.0,2350.0,2356.0,2356.0,15930.0,CC=F,USD,NYB
2019-01-14,2358.0,2385.0,2333.0,2341.0,2341.0,14234.0,CC=F,USD,NYB
2019-01-15,2344.0,2362.0,2259.0,2274.0,2274.0,29905.0,CC=F,USD,NYB
2019-01-16,2293.0,2343.0,2282.0,2322.0,2322.0,21298.0,CC=F,USD,NYB
2019-01-17,2322.0,2368.0,2308.0,2335.0,2335.0,16570.0,CC=F,USD,NYB
2019-01-18,2348.0,2355.0,2297.0,2307.0,2307.0,12436.0,CC=F,USD,NYB
2019-01-22,2294.0,2303.0,2226.0,2246.0,2246.0,29231.0,CC=F,USD,NYB
2019-01-23,2249.0,2265.0,2227.0,2245.0,2245.0,18944.0,CC=F,USD,NYB
2019-01-24,2244.0,2277.0,2236.0,2256.0,2256.0,17278.0,CC=F,USD,NYB
2019-01-25,2256.0,2265.0,2218.0,2225.0,2225.0,18908.0,CC=F,USD,NYB
2019-01-28,2227.0,2304.0,2224.0,2250.0,2250.0,23225.0,CC=F,USD,NYB
2019-01-29,2252.0,2284.0,2206.0,2215.0,2215.0,21665.0,CC=F,USD,NYB
2019-01-30,2217.0,2231.0,2163.0,2176.0,2176.0,27183.0,CC=F,USD,NYB
2019-01-31,2183.0,2192.0,2161.0,2168.0,2168.0,18152.0,CC=F,USD,NYB
2019-02-01,2173.0,2202.0,2165.0,2168.0,2168.0,20272.0,CC=F,USD,NYB
2019-02-04,2172.0,2247.0,2169.0,2228.0,2228.0,30213.0,CC=F,USD,NYB
2019-02-05,2220.0,2237.0,2193.0,2219.0,2219.0,22557.0,CC=F,USD,NYB
2019-02-06,2248.0,2277.0,2233.0,2257.0,2257.0,22339.0,CC=F,USD,NYB
2019-02-07,2267.0,2269.0,2188.0,2221.0,2221.0,24142.0,CC=F,USD,NYB
2019-02-08,2225.0,2242.0,2190.0,2196.0,2196.0,14098.0,CC=F,USD,NYB
2019-02-11,2189.0,2237.0,2189.0,2224.0,2224.0,15994.0,CC=F,USD,NYB
2019-02-12,2224.0,2247.0,2217.0,2227.0,2227.0,13647.0,CC=F,USD,NYB
2019-02-13,2219.0,2270.0,2205.0,2248.0,2248.0,8692.0,CC=F,USD,NYB
2019-02-14,2261.0,2261.0,2212.0,2232.0,2232.0,348.0,CC=F,USD,NYB
2019-02-15,2259.0,2316.0,2259.0,2307.0,2307.0,380.0,CC=F,USD,NYB
2019-02-19,2348.0,2348.0,2320.0,2340.0,2340.0,414.0,CC=F,USD,NYB
2019-02-20,2326.0,2326.0,2302.0,2298.0,2298.0,110.0,CC=F,USD,NYB
2019-02-21,2256.0,2256.0,2256.0,2256.0,2256.0,0.0,CC=F,USD,NYB
2019-02-22,2301.0,2314.0,2301.0,2269.0,2269.0,10.0,CC=F,USD,NYB
2019-02-25,2249.0,2255.0,2244.0,2247.0,2247.0,13.0,CC=F,USD,NYB
2019-02-26,2244.0,2250.0,2244.0,2267.0,2267.0,8.0,CC=F,USD,NYB
2019-02-27,2304.0,2304.0,2304.0,2304.0,2304.0,0.0,CC=F,USD,NYB
2019-02-28,2238.0,2238.0,2238.0,2238.0,2238.0,0.0,CC=F,USD,NYB
2019-03-01,2217.0,2217.0,2217.0,2218.0,2218.0,10.0,CC=F,USD,NYB
2019-03-04,2157.0,2157.0,2157.0,2157.0,2157.0,0.0,CC=F,USD,NYB
2019-03-05,2158.0,2158.0,2158.0,2158.0,2158.0,0.0,CC=F,USD,NYB
2019-03-06,2246.0,2246.0,2246.0,2246.0,2246.0,0.0,CC=F,USD,NYB
2019-03-07,2183.0,2183.0,2183.0,2183.0,2183.0,0.0,CC=F,USD,NYB
2019-03-08,2257.0,2257.0,1901.0,2199.0,2199.0,6.0,CC=F,USD,NYB
2019-03-11,2199.0,2199.0,2199.0,2189.0,2189.0,2.0,CC=F,USD,NYB
2019-03-12,2204.0,2204.0,2204.0,2204.0,2204.0,0.0,CC=F,USD,NYB
2019-03-13,2314.0,2314.0,2314.0,2203.0,2203.0,1.0,CC=F,USD,NYB
2019-03-14,2201.0,2201.0,2201.0,2201.0,2201.0,14952.0,CC=F,USD,NYB
2019-03-15,2215.0,2224.0,2179.0,2197.0,2197.0,13457.0,CC=F,USD,NYB
2019-03-18,2199.0,2224.0,2172.0,2196.0,2196.0,13238.0,CC=F,USD,NYB
2019-03-19,2189.0,2245.0,2184.0,2202.0,2202.0,19603.0,CC=F,USD,NYB
2019-03-20,2190.0,2201.0,2137.0,2143.0,2143.0,21731.0,CC=F,USD,NYB
2019-03-21,2142.0,2155.0,2113.0,2132.0,2132.0,16532.0,CC=F,USD,NYB
2019-03-22,2130.0,2178.0,2127.0,2159.0,2159.0,22388.0,CC=F,USD,NYB
2019-03-25,2159.0,2243.0,2146.0,2216.0,2216.0,32452.0,CC=F,USD,NYB
2019-03-26,2223.0,2268.0,2209.0,2237.0,2237.0,25417.0,CC=F,USD,NYB
2019-03-27,2225.0,2261.0,2212.0,2248.0,2248.0,17570.0,CC=F,USD,NYB
2019-03-28,2238.0,2278.0,2232.0,2257.0,2257.0,15737.0,CC=F,USD,NYB
2019-03-29,2254.0,2286.0,2246.0,2280.0,2280.0,18662.0,CC=F,USD,NYB
2019-04-01,2290.0,2353.0,2276.0,2327.0,2327.0,31198.0,CC=F,USD,NYB
2019-04-02,2330.0,2373.0,2309.0,2356.0,2356.0,30704.0,CC=F,USD,NYB
2019-04-03,2374.0,2394.0,2349.0,2376.0,2376.0,27653.0,CC=F,USD,NYB
2019-04-04,2388.0,2429.0,2364.0,2415.0,2415.0,36304.0,CC=F,USD,NYB
2019-04-05,2409.0,2423.0,2394.0,2413.0,2413.0,30323.0,CC=F,USD,NYB
2019-04-08,2414.0,2443.0,2400.0,2430.0,2430.0,23377.0,CC=F,USD,NYB
2019-04-09,2426.0,2451.0,2386.0,2446.0,2446.0,25228.0,CC=F,USD,NYB
2019-04-10,2439.0,2449.0,2421.0,2443.0,2443.0,13759.0,CC=F,USD,NYB
2019-04-11,2435.0,2454.0,2386.0,2388.0,2388.0,11038.0,CC=F,USD,NYB
2019-04-12,2393.0,2444.0,2390.0,2424.0,2424.0,8592.0,CC=F,USD,NYB
2019-04-15,2419.0,2445.0,2402.0,2406.0,2406.0,2980.0,CC=F,USD,NYB
2019-04-16,2420.0,2420.0,2335.0,2364.0,2364.0,142.0,CC=F,USD,NYB
2019-04-17,2389.0,2410.0,2376.0,2420.0,2420.0,19.0,CC=F,USD,NYB
2019-04-18,2407.0,2407.0,2400.0,2380.0,2380.0,7.0,CC=F,USD,NYB
2019-04-22,2350.0,2350.0,2350.0,2346.0,2346.0,3.0,CC=F,USD,NYB
2019-04-23,2305.0,2327.0,2300.0,2304.0,2304.0,63.0,CC=F,USD,NYB
2019-04-24,2280.0,2280.0,2270.0,2260.0,2260.0,44.0,CC=F,USD,NYB
2019-04-25,2294.0,2294.0,2294.0,2294.0,2294.0,1.0,CC=F,USD,NYB
2019-04-26,2344.0,2344.0,2344.0,2344.0,2344.0,0.0,CC=F,USD,NYB
2019-04-29,2392.0,2392.0,2392.0,2392.0,2392.0,0.0,CC=F,USD,NYB
2019-04-30,2389.0,2389.0,2385.0,2368.0,2368.0,26.0,CC=F,USD,NYB
2019-05-01,2314.0,2314.0,2314.0,2314.0,2314.0,0.0,CC=F,USD,NYB
2019-05-02,2407.0,2407.0,2293.0,2373.0,2373.0,2.0,CC=F,USD,NYB
2019-05-03,2378.0,2378.0,2378.0,2378.0,2378.0,2.0,CC=F,USD,NYB
2019-05-06,2324.0,2324.0,2324.0,2333.0,2333.0,1.0,CC=F,USD,NYB
2019-05-07,2291.0,2291.0,2291.0,2291.0,2291.0,0.0,CC=F,USD,NYB
2019-05-08,2316.0,2316.0,2316.0,2295.0,2295.0,1.0,CC=F,USD,NYB
2019-05-09,2326.0,2326.0,2326.0,2326.0,2326.0,0.0,CC=F,USD,NYB
2019-05-10,2333.0,2333.0,2331.0,2330.0,2330.0,4.0,CC=F,USD,NYB
2019-05-13,2304.0,2304.0,2304.0,2304.0,2304.0,0.0,CC=F,USD,NYB
2019-05-14,2310.0,2310.0,2310.0,2310.0,2310.0,0.0,CC=F,USD,NYB
2019-05-15,2338.0,2338.0,2338.0,2338.0,2338.0,29833.0,CC=F,USD,NYB
2019-05-16,2321.0,2379.0,2303.0,2372.0,2372.0,22465.0,CC=F,USD,NYB
2019-05-17,2375.0,2378.0,2342.0,2353.0,2353.0,14620.0,CC=F,USD,NYB
2019-05-20,2353.0,2393.0,2332.0,2387.0,2387.0,16428.0,CC=F,USD,NYB
2019-05-21,2391.0,2453.0,2374.0,2446.0,2446.0,26891.0,CC=F,USD,NYB
2019-05-22,2447.0,2447.0,2409.0,2413.0,2413.0,22754.0,CC=F,USD,NYB
2019-05-23,2415.0,2432.0,2392.0,2426.0,2426.0,19399.0,CC=F,USD,NYB
2019-05-24,2431.0,2478.0,2426.0,2467.0,2467.0,13067.0,CC=F,USD,NYB
2019-05-28,2462.0,2478.0,2440.0,2450.0,2450.0,21054.0,CC=F,USD,NYB
2019-05-29,2453.0,2473.0,2407.0,2438.0,2438.0,17985.0,CC=F,USD,NYB
2019-05-30,2443.0,2454.0,2405.0,2428.0,2428.0,15262.0,CC=F,USD,NYB
2019-05-31,2428.0,2445.0,2393.0,2400.0,2400.0,15882.0,CC=F,USD,NYB
2019-06-03,2411.0,2416.0,2337.0,2351.0,2351.0,28660.0,CC=F,USD,NYB
2019-06-04,2368.0,2380.0,2307.0,2360.0,2360.0,24535.0,CC=F,USD,NYB
2019-06-05,2373.0,2404.0,2339.0,2401.0,2401.0,25605.0,CC=F,USD,NYB
2019-06-06,2377.0,2433.0,2376.0,2427.0,2427.0,20207.0,CC=F,USD,NYB
2019-06-07,2431.0,2482.0,2409.0,2478.0,2478.0,34758.0,CC=F,USD,NYB
2019-06-10,2476.0,2548.0,2464.0,2544.0,2544.0,30289.0,CC=F,USD,NYB
2019-06-11,2536.0,2570.0,2525.0,2539.0,2539.0,13469.0,CC=F,USD,NYB
2019-06-12,2562.0,2583.0,2559.0,2568.0,2568.0,11499.0,CC=F,USD,NYB
2019-06-13,2548.0,2553.0,2520.0,2527.0,2527.0,10136.0,CC=F,USD,NYB
2019-06-14,2527.0,2542.0,2471.0,2502.0,2502.0,3347.0,CC=F,USD,NYB
2019-06-17,2490.0,2508.0,2440.0,2500.0,2500.0,210.0,CC=F,USD,NYB
2019-06-18,2520.0,2526.0,2516.0,2529.0,2529.0,114.0,CC=F,USD,NYB
2019-06-19,2535.0,2535.0,2535.0,2538.0,2538.0,39.0,CC=F,USD,NYB
2019-06-20,2483.0,2483.0,2483.0,2471.0,2471.0,1.0,CC=F,USD,NYB
2019-06-21,2527.0,2527.0,2527.0,2527.0,2527.0,0.0,CC=F,USD,NYB
2019-06-24,2540.0,2540.0,2519.0,2512.0,2512.0,65.0,CC=F,USD,NYB
2019-06-25,2489.0,2489.0,2489.0,2489.0,2489.0,0.0,CC=F,USD,NYB
2019-06-26,2485.0,2485.0,2484.0,2486.0,2486.0,2.0,CC=F,USD,NYB
2019-06-27,2478.0,2478.0,2478.0,2478.0,2478.0,0.0,CC=F,USD,NYB
2019-06-28,2450.0,2450.0,2450.0,2450.0,2450.0,0.0,CC=F,USD,NYB
2019-07-01,2526.0,2526.0,2526.0,2526.0,2526.0,0.0,CC=F,USD,NYB
2019-07-02,2497.0,2497.0,2497.0,2497.0,2497.0,0.0,CC=F,USD,NYB
2019-07-03,2467.0,2469.0,2467.0,2458.0,2458.0,2.0,CC=F,USD,NYB
2019-07-05,2488.0,2488.0,2488.0,2488.0,2488.0,0.0,CC=F,USD,NYB
2019-07-08,2602.0,2602.0,2602.0,2602.0,2602.0,48.0,CC=F,USD,NYB
2019-07-09,2547.0,2547.0,2547.0,2547.0,2547.0,0.0,CC=F,USD,NYB
2019-07-10,2534.0,2534.0,2534.0,2534.0,2534.0,0.0,CC=F,USD,NYB
2019-07-11,2516.0,2516.0,2516.0,2516.0,2516.0,0.0,CC=F,USD,NYB
2019-07-12,2502.0,2502.0,2502.0,2528.0,2528.0,1.0,CC=F,USD,NYB
2019-07-15,2445.0,2445.0,2445.0,2445.0,2445.0,0.0,CC=F,USD,NYB
2019-07-16,2454.0,2454.0,2454.0,2454.0,2454.0,21173.0,CC=F,USD,NYB
2019-07-17,2445.0,2448.0,2416.0,2424.0,2424.0,10186.0,CC=F,USD,NYB
2019-07-18,2432.0,2459.0,2429.0,2440.0,2440.0,10255.0,CC=F,USD,NYB
2019-07-19,2447.0,2495.0,2446.0,2467.0,2467.0,12217.0,CC=F,USD,NYB
2019-07-22,2486.0,2538.0,2473.0,2532.0,2532.0,20589.0,CC=F,USD,NYB
2019-07-23,2516.0,2522.0,2471.0,2475.0,2475.0,16184.0,CC=F,USD,NYB
2019-07-24,2477.0,2500.0,2455.0,2463.0,2463.0,13750.0,CC=F,USD,NYB
2019-07-25,2463.0,2470.0,2423.0,2434.0,2434.0,19919.0,CC=F,USD,NYB
2019-07-26,2443.0,2452.0,2387.0,2389.0,2389.0,17821.0,CC=F,USD,NYB
2019-07-29,2385.0,2400.0,2366.0,2383.0,2383.0,17625.0,CC=F,USD,NYB
2019-07-30,2383.0,2406.0,2361.0,2379.0,2379.0,14389.0,CC=F,USD,NYB
2019-07-31,2378.0,2384.0,2332.0,2345.0,2345.0,19434.0,CC=F,USD,NYB
2019-08-01,2338.0,2366.0,2313.0,2329.0,2329.0,28279.0,CC=F,USD,NYB
2019-08-02,2340.0,2354.0,2307.0,2320.0,2320.0,25701.0,CC=F,USD,NYB
2019-08-05,2319.0,2336.0,2280.0,2308.0,2308.0,23809.0,CC=F,USD,NYB
2019-08-06,2300.0,2304.0,2246.0,2252.0,2252.0,25233.0,CC=F,USD,NYB
2019-08-07,2263.0,2263.0,2217.0,2224.0,2224.0,26821.0,CC=F,USD,NYB
2019-08-08,2231.0,2232.0,2194.0,2205.0,2205.0,18741.0,CC=F,USD,NYB
2019-08-09,2205.0,2216.0,2184.0,2195.0,2195.0,15039.0,CC=F,USD,NYB
2019-08-12,2201.0,2229.0,2191.0,2194.0,2194.0,11903.0,CC=F,USD,NYB
2019-08-13,2192.0,2197.0,2146.0,2153.0,2153.0,14427.0,CC=F,USD,NYB
2019-08-14,2156.0,2169.0,2134.0,2143.0,2143.0,11288.0,CC=F,USD,NYB
2019-08-15,2160.0,2167.0,2132.0,2134.0,2134.0,7872.0,CC=F,USD,NYB
2019-08-16,2138.0,2144.0,2089.0,2111.0,2111.0,6412.0,CC=F,USD,NYB
2019-08-19,2129.0,2131.0,2103.0,2126.0,2126.0,173.0,CC=F,USD,NYB
2019-08-20,2134.0,2134.0,2129.0,2149.0,2149.0,131.0,CC=F,USD,NYB
2019-08-21,2165.0,2207.0,2165.0,2191.0,2191.0,29.0,CC=F,USD,NYB
2019-08-22,2200.0,2200.0,2200.0,2200.0,2200.0,4.0,CC=F,USD,NYB
2019-08-23,2238.0,2238.0,2217.0,2208.0,2208.0,2.0,CC=F,USD,NYB
2019-08-26,2197.0,2197.0,2197.0,2197.0,2197.0,0.0,CC=F,USD,NYB
2019-08-27,2206.0,2206.0,2206.0,2206.0,2206.0,0.0,CC=F,USD,NYB
2019-08-28,2198.0,2198.0,2198.0,2198.0,2198.0,0.0,CC=F,USD,NYB
2019-08-29,2160.0,2160.0,2160.0,2124.0,2124.0,2.0,CC=F,USD,NYB
2019-08-30,2161.0,2161.0,2161.0,2161.0,2161.0,0.0,CC=F,USD,NYB
2019-09-03,2184.0,2184.0,2184.0,2184.0,2184.0,0.0,CC=F,USD,NYB
2019-09-04,2208.0,2208.0,2208.0,2208.0,2208.0,0.0,CC=F,USD,NYB
2019-09-05,2184.0,2184.0,2184.0,2184.0,2184.0,0.0,CC=F,USD,NYB
2019-09-06,2216.0,2216.0,2216.0,2216.0,2216.0,0.0,CC=F,USD,NYB
2019-09-09,2235.0,2235.0,2235.0,2235.0,2235.0,0.0,CC=F,USD,NYB
2019-09-10,2218.0,2218.0,2218.0,2218.0,2218.0,0.0,CC=F,USD,NYB
2019-09-11,2235.0,2235.0,2235.0,2235.0,2235.0,0.0,CC=F,USD,NYB
2019-09-12,2244.0,2244.0,2244.0,2244.0,2244.0,0.0,CC=F,USD,NYB
2019-09-13,2245.0,2336.0,2245.0,2296.0,2296.0,28735.0,CC=F,USD,NYB
2019-09-16,2337.0,2390.0,2323.0,2383.0,2383.0,23609.0,CC=F,USD,NYB
2019-09-17,2378.0,2405.0,2368.0,2394.0,2394.0,30998.0,CC=F,USD,NYB
2019-09-18,2398.0,2413.0,2380.0,2401.0,2401.0,23595.0,CC=F,USD,NYB
2019-09-19,2409.0,2471.0,2404.0,2468.0,2468.0,29399.0,CC=F,USD,NYB
2019-09-20,2467.0,2484.0,2437.0,2473.0,2473.0,28040.0,CC=F,USD,NYB
2019-09-23,2479.0,2481.0,2449.0,2454.0,2454.0,21031.0,CC=F,USD,NYB
2019-09-24,2459.0,2473.0,2433.0,2439.0,2439.0,18723.0,CC=F,USD,NYB
2019-09-25,2440.0,2477.0,2435.0,2469.0,2469.0,18577.0,CC=F,USD,NYB
2019-09-26,2473.0,2513.0,2455.0,2505.0,2505.0,23694.0,CC=F,USD,NYB
2019-09-27,2504.0,2514.0,2475.0,2490.0,2490.0,21486.0,CC=F,USD,NYB
2019-09-30,2489.0,2494.0,2440.0,2442.0,2442.0,24207.0,CC=F,USD,NYB
2019-10-01,2453.0,2469.0,2445.0,2453.0,2453.0,21774.0,CC=F,USD,NYB
2019-10-02,2468.0,2500.0,2459.0,2482.0,2482.0,19126.0,CC=F,USD,NYB
2019-10-03,2485.0,2529.0,2474.0,2520.0,2520.0,16934.0,CC=F,USD,NYB
2019-10-04,2532.0,2535.0,2468.0,2475.0,2475.0,19126.0,CC=F,USD,NYB
2019-10-07,2470.0,2470.0,2396.0,2422.0,2422.0,31565.0,CC=F,USD,NYB
2019-10-08,2416.0,2468.0,2391.0,2448.0,2448.0,23521.0,CC=F,USD,NYB
2019-10-09,2447.0,2462.0,2398.0,2407.0,2407.0,13962.0,CC=F,USD,NYB
2019-10-10,2405.0,2463.0,2404.0,2460.0,2460.0,15756.0,CC=F,USD,NYB
2019-10-11,2454.0,2558.0,2450.0,2506.0,2506.0,28185.0,CC=F,USD,NYB
2019-10-14,2493.0,2494.0,2440.0,2449.0,2449.0,16958.0,CC=F,USD,NYB
2019-10-15,2459.0,2539.0,2452.0,2522.0,2522.0,20899.0,CC=F,USD,NYB
2019-10-16,2505.0,2526.0,2485.0,2515.0,2515.0,17241.0,CC=F,USD,NYB
2019-10-17,2521.0,2548.0,2482.0,2488.0,2488.0,20738.0,CC=F,USD,NYB
2019-10-18,2515.0,2538.0,2462.0,2486.0,2486.0,18622.0,CC=F,USD,NYB
2019-10-21,2491.0,2505.0,2451.0,2474.0,2474.0,14956.0,CC=F,USD,NYB
2019-10-22,2472.0,2494.0,2443.0,2448.0,2448.0,17126.0,CC=F,USD,NYB
2019-10-23,2456.0,2470.0,2417.0,2457.0,2457.0,19743.0,CC=F,USD,NYB
2019-10-24,2463.0,2499.0,2440.0,2463.0,2463.0,22318.0,CC=F,USD,NYB
2019-10-25,2467.0,2482.0,2429.0,2435.0,2435.0,15985.0,CC=F,USD,NYB
2019-10-28,2440.0,2469.0,2420.0,2463.0,2463.0,18841.0,CC=F,USD,NYB
2019-10-29,2461.0,2494.0,2449.0,2485.0,2485.0,27999.0,CC=F,USD,NYB
2019-10-30,2481.0,2506.0,2446.0,2454.0,2454.0,22328.0,CC=F,USD,NYB
2019-10-31,2465.0,2474.0,2393.0,2403.0,2403.0,32799.0,CC=F,USD,NYB
2019-11-01,2403.0,2482.0,2386.0,2478.0,2478.0,34713.0,CC=F,USD,NYB
2019-11-04,2465.0,2510.0,2453.0,2486.0,2486.0,27565.0,CC=F,USD,NYB
2019-11-05,2483.0,2496.0,2462.0,2484.0,2484.0,23122.0,CC=F,USD,NYB
2019-11-06,2491.0,2492.0,2427.0,2444.0,2444.0,18876.0,CC=F,USD,NYB
2019-11-07,2447.0,2452.0,2407.0,2440.0,2440.0,21670.0,CC=F,USD,NYB
2019-11-08,2440.0,2512.0,2438.0,2503.0,2503.0,16773.0,CC=F,USD,NYB
2019-11-11,2502.0,2535.0,2483.0,2533.0,2533.0,11464.0,CC=F,USD,NYB
2019-11-12,2525.0,2648.0,2518.0,2633.0,2633.0,10672.0,CC=F,USD,NYB
2019-11-13,2633.0,2707.0,2614.0,2675.0,2675.0,8512.0,CC=F,USD,NYB
2019-11-14,2706.0,2770.0,2681.0,2761.0,2761.0,3578.0,CC=F,USD,NYB
2019-11-15,2751.0,2778.0,2675.0,2766.0,2766.0,106.0,CC=F,USD,NYB
2019-11-18,2783.0,2783.0,2717.0,2742.0,2742.0,12.0,CC=F,USD,NYB
2019-11-19,2694.0,2701.0,2674.0,2694.0,2694.0,23.0,CC=F,USD,NYB
2019-11-20,2669.0,2692.0,2666.0,2682.0,2682.0,21.0,CC=F,USD,NYB
2019-11-21,2696.0,2696.0,2696.0,2696.0,2696.0,0.0,CC=F,USD,NYB
2019-11-22,2666.0,2666.0,2666.0,2666.0,2666.0,4.0,CC=F,USD,NYB
2019-11-25,2684.0,2685.0,2648.0,2647.0,2647.0,7.0,CC=F,USD,NYB
2019-11-26,2687.0,2687.0,2640.0,2705.0,2705.0,6.0,CC=F,USD,NYB
2019-11-27,2685.0,2685.0,2629.0,2646.0,2646.0,0.0,CC=F,USD,NYB
2019-11-29,2617.0,2617.0,2617.0,2617.0,2617.0,0.0,CC=F,USD,NYB
2019-12-02,2600.0,2600.0,2590.0,2604.0,2604.0,15.0,CC=F,USD,NYB
2019-12-03,2604.0,2604.0,2604.0,2631.0,2631.0,2.0,CC=F,USD,NYB
2019-12-04,2630.0,2630.0,2630.0,2612.0,2612.0,8.0,CC=F,USD,NYB
2019-12-05,2600.0,2667.0,2600.0,2645.0,2645.0,2.0,CC=F,USD,NYB
2019-12-06,2652.0,2652.0,2652.0,2652.0,2652.0,1.0,CC=F,USD,NYB
2019-12-09,2646.0,2646.0,2646.0,2646.0,2646.0,0.0,CC=F,USD,NYB
2019-12-10,2646.0,2646.0,2629.0,2673.0,2673.0,2.0,CC=F,USD,NYB
2019-12-11,2656.0,2656.0,2656.0,2656.0,2656.0,0.0,CC=F,USD,NYB
2019-12-12,2609.0,2609.0,2609.0,2609.0,2609.0,0.0,CC=F,USD,NYB
2019-12-13,2660.0,2660.0,2660.0,2660.0,2660.0,15969.0,CC=F,USD,NYB
2019-12-16,2556.0,2612.0,2542.0,2545.0,2545.0,22155.0,CC=F,USD,NYB
2019-12-17,2531.0,2555.0,2515.0,2534.0,2534.0,17925.0,CC=F,USD,NYB
2019-12-18,2528.0,2549.0,2483.0,2506.0,2506.0,20358.0,CC=F,USD,NYB
2019-12-19,2506.0,2516.0,2426.0,2435.0,2435.0,28035.0,CC=F,USD,NYB
2019-12-20,2434.0,2440.0,2405.0,2417.0,2417.0,23317.0,CC=F,USD,NYB
2019-12-23,2409.0,2428.0,2388.0,2427.0,2427.0,22919.0,CC=F,USD,NYB
2019-12-24,2425.0,2450.0,2403.0,2443.0,2443.0,13235.0,CC=F,USD,NYB
2019-12-26,2431.0,2441.0,2397.0,2405.0,2405.0,8809.0,CC=F,USD,NYB
2019-12-27,2413.0,2516.0,2413.0,2497.0,2497.0,27076.0,CC=F,USD,NYB
2019-12-30,2484.0,2505.0,2458.0,2463.0,2463.0,17398.0,CC=F,USD,NYB
2019-12-31,2465.0,2545.0,2465.0,2540.0,2540.0,19756.0,CC=F,USD,NYB
2020-01-02,2524.0,2565.0,2506.0,2532.0,2532.0,23966.0,CC=F,USD,NYB
2020-01-03,2534.0,2576.0,2516.0,2519.0,2519.0,16723.0,CC=F,USD,NYB
2020-01-06,2515.0,2518.0,2467.0,2484.0,2484.0,15577.0,CC=F,USD,NYB
2020-01-07,2490.0,2549.0,2477.0,2533.0,2533.0,17979.0,CC=F,USD,NYB
2020-01-08,2530.0,2535.0,2497.0,2501.0,2501.0,13837.0,CC=F,USD,NYB
2020-01-09,2496.0,2563.0,2496.0,2554.0,2554.0,16924.0,CC=F,USD,NYB
2020-01-10,2563.0,2610.0,2556.0,2589.0,2589.0,21537.0,CC=F,USD,NYB
2020-01-13,2596.0,2600.0,2557.0,2583.0,2583.0,18971.0,CC=F,USD,NYB
2020-01-14,2618.0,2668.0,2605.0,2655.0,2655.0,22593.0,CC=F,USD,NYB
2020-01-15,2664.0,2722.0,2644.0,2689.0,2689.0,24254.0,CC=F,USD,NYB
2020-01-16,2712.0,2729.0,2693.0,2712.0,2712.0,25399.0,CC=F,USD,NYB
2020-01-17,2699.0,2808.0,2682.0,2797.0,2797.0,29518.0,CC=F,USD,NYB
2020-01-21,2804.0,2829.0,2776.0,2818.0,2818.0,22556.0,CC=F,USD,NYB
2020-01-22,2819.0,2859.0,2789.0,2803.0,2803.0,19306.0,CC=F,USD,NYB
2020-01-23,2792.0,2798.0,2762.0,2771.0,2771.0,17735.0,CC=F,USD,NYB
2020-01-24,2783.0,2792.0,2729.0,2733.0,2733.0,19016.0,CC=F,USD,NYB
2020-01-27,2730.0,2776.0,2697.0,2734.0,2734.0,23341.0,CC=F,USD,NYB
2020-01-28,2739.0,2767.0,2680.0,2703.0,2703.0,20724.0,CC=F,USD,NYB
2020-01-29,2703.0,2743.0,2673.0,2727.0,2727.0,16992.0,CC=F,USD,NYB
2020-01-30,2745.0,2826.0,2741.0,2801.0,2801.0,24487.0,CC=F,USD,NYB
2020-01-31,2790.0,2810.0,2763.0,2777.0,2777.0,24356.0,CC=F,USD,NYB
2020-02-03,2753.0,2777.0,2711.0,2734.0,2734.0,32020.0,CC=F,USD,NYB
2020-02-04,2731.0,2772.0,2717.0,2757.0,2757.0,21701.0,CC=F,USD,NYB
2020-02-05,2764.0,2812.0,2758.0,2790.0,2790.0,26605.0,CC=F,USD,NYB
2020-02-06,2789.0,2863.0,2760.0,2849.0,2849.0,28819.0,CC=F,USD,NYB
2020-02-07,2860.0,2927.0,2860.0,2900.0,2900.0,36858.0,CC=F,USD,NYB
2020-02-10,2901.0,2947.0,2890.0,2940.0,2940.0,23193.0,CC=F,USD,NYB
2020-02-11,2913.0,2994.0,2906.0,2918.0,2918.0,14396.0,CC=F,USD,NYB
2020-02-12,2933.0,2970.0,2879.0,2904.0,2904.0,7827.0,CC=F,USD,NYB
2020-02-13,2897.0,2998.0,2886.0,2988.0,2988.0,4733.0,CC=F,USD,NYB
2020-02-14,2988.0,2992.0,2885.0,2904.0,2904.0,141.0,CC=F,USD,NYB
2020-02-18,2930.0,2930.0,2900.0,2900.0,2900.0,11.0,CC=F,USD,NYB
2020-02-19,2935.0,2935.0,2935.0,2925.0,2925.0,4.0,CC=F,USD,NYB
2020-02-20,2925.0,2925.0,2925.0,2939.0,2939.0,8.0,CC=F,USD,NYB
2020-02-21,2933.0,2933.0,2930.0,2922.0,2922.0,13.0,CC=F,USD,NYB
2020-02-24,2883.0,2883.0,2883.0,2883.0,2883.0,2.0,CC=F,USD,NYB
2020-02-25,2888.0,2888.0,2888.0,2888.0,2888.0,0.0,CC=F,USD,NYB
2020-02-26,2830.0,2830.0,2830.0,2828.0,2828.0,10.0,CC=F,USD,NYB
2020-02-27,2833.0,2833.0,2833.0,2833.0,2833.0,1.0,CC=F,USD,NYB
2020-02-28,2760.0,2760.0,2760.0,2760.0,2760.0,0.0,CC=F,USD,NYB
2020-03-02,2748.0,2748.0,2748.0,2748.0,2748.0,0.0,CC=F,USD,NYB
2020-03-03,2712.0,2712.0,2712.0,2740.0,2740.0,3.0,CC=F,USD,NYB
2020-03-04,2713.0,2713.0,2713.0,2713.0,2713.0,0.0,CC=F,USD,NYB
2020-03-05,2684.0,2684.0,2684.0,2684.0,2684.0,0.0,CC=F,USD,NYB
2020-03-06,2752.0,2752.0,2749.0,2702.0,2702.0,7.0,CC=F,USD,NYB
2020-03-09,2687.0,2687.0,2687.0,2686.0,2686.0,1.0,CC=F,USD,NYB
2020-03-10,2718.0,2718.0,2718.0,2718.0,2718.0,0.0,CC=F,USD,NYB
2020-03-11,2800.0,2800.0,2786.0,2766.0,2766.0,3.0,CC=F,USD,NYB
2020-03-12,2636.0,2636.0,2636.0,2636.0,2636.0,0.0,CC=F,USD,NYB
2020-03-13,2676.0,2676.0,2500.0,2482.0,2482.0,4.0,CC=F,USD,NYB
2020-03-16,2388.0,2388.0,2388.0,2388.0,2388.0,34560.0,CC=F,USD,NYB
2020-03-17,2315.0,2325.0,2249.0,2318.0,2318.0,35997.0,CC=F,USD,NYB
2020-03-18,2318.0,2364.0,2271.0,2284.0,2284.0,27128.0,CC=F,USD,NYB
2020-03-19,2242.0,2268.0,2204.0,2216.0,2216.0,30445.0,CC=F,USD,NYB
2020-03-20,2241.0,2271.0,2183.0,2230.0,2230.0,27298.0,CC=F,USD,NYB
2020-03-23,2202.0,2268.0,2198.0,2257.0,2257.0,18098.0,CC=F,USD,NYB
2020-03-24,2276.0,2299.0,2239.0,2275.0,2275.0,18253.0,CC=F,USD,NYB
2020-03-25,2300.0,2310.0,2236.0,2248.0,2248.0,14594.0,CC=F,USD,NYB
2020-03-26,2248.0,2264.0,2211.0,2255.0,2255.0,13804.0,CC=F,USD,NYB
2020-03-27,2252.0,2268.0,2229.0,2257.0,2257.0,13400.0,CC=F,USD,NYB
2020-03-30,2242.0,2301.0,2242.0,2265.0,2265.0,15668.0,CC=F,USD,NYB
2020-03-31,2257.0,2267.0,2227.0,2249.0,2249.0,14106.0,CC=F,USD,NYB
2020-04-01,2234.0,2248.0,2215.0,2227.0,2227.0,11954.0,CC=F,USD,NYB
2020-04-02,2253.0,2289.0,2229.0,2285.0,2285.0,16297.0,CC=F,USD,NYB
2020-04-03,2269.0,2299.0,2243.0,2264.0,2264.0,12944.0,CC=F,USD,NYB
2020-04-06,2284.0,2392.0,2267.0,2366.0,2366.0,18776.0,CC=F,USD,NYB
2020-04-07,2392.0,2428.0,2375.0,2410.0,2410.0,18963.0,CC=F,USD,NYB
2020-04-08,2402.0,2412.0,2371.0,2379.0,2379.0,9268.0,CC=F,USD,NYB
2020-04-09,2385.0,2392.0,2297.0,2305.0,2305.0,8552.0,CC=F,USD,NYB
2020-04-13,2308.0,2322.0,2244.0,2253.0,2253.0,4921.0,CC=F,USD,NYB
2020-04-14,2258.0,2283.0,2252.0,2265.0,2265.0,6293.0,CC=F,USD,NYB
2020-04-15,2246.0,2246.0,2190.0,2205.0,2205.0,3725.0,CC=F,USD,NYB
2020-04-16,2219.0,2243.0,2202.0,2235.0,2235.0,1145.0,CC=F,USD,NYB
2020-04-17,2296.0,2377.0,2296.0,2379.0,2379.0,58.0,CC=F,USD,NYB
2020-04-20,2304.0,2320.0,2284.0,2338.0,2338.0,69.0,CC=F,USD,NYB
2020-04-21,2365.0,2365.0,2365.0,2298.0,2298.0,1.0,CC=F,USD,NYB
2020-04-22,2355.0,2355.0,2355.0,2355.0,2355.0,0.0,CC=F,USD,NYB
2020-04-23,2343.0,2343.0,2343.0,2343.0,2343.0,0.0,CC=F,USD,NYB
2020-04-24,2340.0,2340.0,2340.0,2341.0,2341.0,2.0,CC=F,USD,NYB
2020-04-27,2339.0,2372.0,2339.0,2348.0,2348.0,4.0,CC=F,USD,NYB
2020-04-28,2360.0,2360.0,2360.0,2360.0,2360.0,0.0,CC=F,USD,NYB
2020-04-29,2395.0,2395.0,2395.0,2395.0,2395.0,0.0,CC=F,USD,NYB
2020-04-30,2432.0,2432.0,2432.0,2432.0,2432.0,0.0,CC=F,USD,NYB
2020-05-01,2420.0,2420.0,2420.0,2420.0,2420.0,0.0,CC=F,USD,NYB
2020-05-04,2405.0,2405.0,2405.0,2405.0,2405.0,0.0,CC=F,USD,NYB
2020-05-05,2396.0,2396.0,2396.0,2396.0,2396.0,0.0,CC=F,USD,NYB
2020-05-06,2381.0,2381.0,2381.0,2381.0,2381.0,0.0,CC=F,USD,NYB
2020-05-07,2399.0,2399.0,2399.0,2399.0,2399.0,0.0,CC=F,USD,NYB
2020-05-08,2418.0,2418.0,2418.0,2418.0,2418.0,0.0,CC=F,USD,NYB
2020-05-11,2481.0,2481.0,2481.0,2481.0,2481.0,0.0,CC=F,USD,NYB
2020-05-12,2420.0,2420.0,2420.0,2420.0,2420.0,0.0,CC=F,USD,NYB
2020-05-13,2474.0,2474.0,2474.0,2474.0,2474.0,17534.0,CC=F,USD,NYB
2020-05-14,2460.0,2470.0,2405.0,2413.0,2413.0,12082.0,CC=F,USD,NYB
2020-05-15,2428.0,2433.0,2383.0,2399.0,2399.0,8506.0,CC=F,USD,NYB
2020-05-18,2393.0,2416.0,2376.0,2404.0,2404.0,8502.0,CC=F,USD,NYB
2020-05-19,2401.0,2445.0,2392.0,2435.0,2435.0,7914.0,CC=F,USD,NYB
2020-05-20,2430.0,2461.0,2393.0,2401.0,2401.0,11534.0,CC=F,USD,NYB
2020-05-21,2397.0,2411.0,2326.0,2340.0,2340.0,18245.0,CC=F,USD,NYB
2020-05-22,2330.0,2406.0,2318.0,2394.0,2394.0,0.0,CC=F,USD,NYB
2020-05-26,2393.0,2448.0,2391.0,2394.0,2394.0,20819.0,CC=F,USD,NYB
2020-05-27,2401.0,2412.0,2343.0,2363.0,2363.0,14676.0,CC=F,USD,NYB
2020-05-28,2349.0,2435.0,2346.0,2429.0,2429.0,16527.0,CC=F,USD,NYB
2020-05-29,2425.0,2463.0,2392.0,2454.0,2454.0,20256.0,CC=F,USD,NYB
2020-06-01,2444.0,2509.0,2435.0,2493.0,2493.0,20172.0,CC=F,USD,NYB
2020-06-02,2497.0,2502.0,2395.0,2402.0,2402.0,24633.0,CC=F,USD,NYB
2020-06-03,2412.0,2433.0,2372.0,2395.0,2395.0,15085.0,CC=F,USD,NYB
2020-06-04,2400.0,2430.0,2385.0,2396.0,2396.0,12967.0,CC=F,USD,NYB
2020-06-05,2414.0,2425.0,2396.0,2398.0,2398.0,18683.0,CC=F,USD,NYB
2020-06-08,2395.0,2432.0,2383.0,2413.0,2413.0,16008.0,CC=F,USD,NYB
2020-06-09,2416.0,2508.0,2405.0,2484.0,2484.0,23490.0,CC=F,USD,NYB
2020-06-10,2490.0,2493.0,2447.0,2470.0,2470.0,9825.0,CC=F,USD,NYB
2020-06-11,2449.0,2449.0,2351.0,2362.0,2362.0,8584.0,CC=F,USD,NYB
2020-06-12,2365.0,2421.0,2354.0,2396.0,2396.0,3844.0,CC=F,USD,NYB
2020-06-15,2379.0,2380.0,2316.0,2355.0,2355.0,3402.0,CC=F,USD,NYB
2020-06-16,2380.0,2421.0,2307.0,2360.0,2360.0,1705.0,CC=F,USD,NYB
2020-06-17,2392.0,2396.0,2382.0,2379.0,2379.0,8.0,CC=F,USD,NYB
2020-06-18,2419.0,2419.0,2419.0,2419.0,2419.0,0.0,CC=F,USD,NYB
2020-06-19,2435.0,2435.0,2301.0,2387.0,2387.0,6.0,CC=F,USD,NYB
2020-06-22,2405.0,2405.0,2405.0,2405.0,2405.0,0.0,CC=F,USD,NYB
2020-06-23,2425.0,2425.0,2425.0,2425.0,2425.0,0.0,CC=F,USD,NYB
2020-06-24,2441.0,2441.0,2441.0,2441.0,2441.0,0.0,CC=F,USD,NYB
2020-06-25,2521.0,2521.0,2521.0,2521.0,2521.0,0.0,CC=F,USD,NYB
2020-06-26,2352.0,2352.0,2352.0,2352.0,2352.0,202.0,CC=F,USD,NYB
2020-06-29,2313.0,2313.0,2313.0,2313.0,2313.0,0.0,CC=F,USD,NYB
2020-06-30,2251.0,2251.0,2251.0,2251.0,2251.0,0.0,CC=F,USD,NYB
2020-07-01,2209.0,2209.0,2209.0,2209.0,2209.0,1.0,CC=F,USD,NYB
2020-07-02,2214.0,2214.0,2214.0,2214.0,2214.0,0.0,CC=F,USD,NYB
2020-07-06,2187.0,2187.0,2187.0,2187.0,2187.0,0.0,CC=F,USD,NYB
2020-07-07,2217.0,2217.0,2217.0,2217.0,2217.0,0.0,CC=F,USD,NYB
2020-07-08,2250.0,2250.0,2250.0,2221.0,2221.0,3.0,CC=F,USD,NYB
2020-07-09,2267.0,2267.0,2267.0,2267.0,2267.0,0.0,CC=F,USD,NYB
2020-07-10,2278.0,2278.0,2278.0,2278.0,2278.0,0.0,CC=F,USD,NYB
2020-07-13,2311.0,2311.0,2311.0,2311.0,2311.0,0.0,CC=F,USD,NYB
2020-07-14,2273.0,2273.0,2273.0,2273.0,2273.0,0.0,CC=F,USD,NYB
2020-07-15,2253.0,2253.0,2253.0,2253.0,2253.0,0.0,CC=F,USD,NYB
2020-07-16,2279.0,2279.0,2279.0,2279.0,2279.0,12624.0,CC=F,USD,NYB
2020-07-17,2169.0,2212.0,2157.0,2160.0,2160.0,13169.0,CC=F,USD,NYB
2020-07-20,2162.0,2226.0,2137.0,2219.0,2219.0,21834.0,CC=F,USD,NYB
2020-07-21,2215.0,2258.0,2173.0,2176.0,2176.0,20076.0,CC=F,USD,NYB
2020-07-22,2186.0,2219.0,2164.0,2205.0,2205.0,9329.0,CC=F,USD,NYB
2020-07-23,2210.0,2229.0,2176.0,2202.0,2202.0,10788.0,CC=F,USD,NYB
2020-07-24,2190.0,2250.0,2188.0,2224.0,2224.0,13654.0,CC=F,USD,NYB
2020-07-27,2229.0,2301.0,2228.0,2286.0,2286.0,18753.0,CC=F,USD,NYB
2020-07-28,2294.0,2307.0,2254.0,2291.0,2291.0,13486.0,CC=F,USD,NYB
2020-07-29,2300.0,2365.0,2299.0,2341.0,2341.0,19208.0,CC=F,USD,NYB
2020-07-30,2329.0,2394.0,2329.0,2344.0,2344.0,20244.0,CC=F,USD,NYB
2020-07-31,2371.0,2419.0,2358.0,2400.0,2400.0,19622.0,CC=F,USD,NYB
2020-08-03,2404.0,2481.0,2396.0,2469.0,2469.0,27375.0,CC=F,USD,NYB
2020-08-04,2471.0,2485.0,2438.0,2449.0,2449.0,21494.0,CC=F,USD,NYB
2020-08-05,2454.0,2498.0,2448.0,2481.0,2481.0,21640.0,CC=F,USD,NYB
2020-08-06,2481.0,2545.0,2478.0,2510.0,2510.0,26502.0,CC=F,USD,NYB
2020-08-07,2533.0,2552.0,2508.0,2546.0,2546.0,21719.0,CC=F,USD,NYB
2020-08-10,2543.0,2559.0,2471.0,2495.0,2495.0,18446.0,CC=F,USD,NYB
2020-08-11,2472.0,2478.0,2427.0,2458.0,2458.0,16025.0,CC=F,USD,NYB
2020-08-12,2451.0,2494.0,2451.0,2479.0,2479.0,7570.0,CC=F,USD,NYB
2020-08-13,2470.0,2506.0,2465.0,2487.0,2487.0,6006.0,CC=F,USD,NYB
2020-08-14,2498.0,2538.0,2434.0,2436.0,2436.0,11547.0,CC=F,USD,NYB
2020-08-17,2432.0,2446.0,2397.0,2421.0,2421.0,2912.0,CC=F,USD,NYB
2020-08-18,2410.0,2499.0,2403.0,2476.0,2476.0,15.0,CC=F,USD,NYB
2020-08-19,2493.0,2493.0,2442.0,2446.0,2446.0,24.0,CC=F,USD,NYB
2020-08-20,2448.0,2491.0,2402.0,2440.0,2440.0,16.0,CC=F,USD,NYB
2020-08-21,2420.0,2469.0,2420.0,2459.0,2459.0,519.0,CC=F,USD,NYB
2020-08-24,2509.0,2509.0,2509.0,2509.0,2509.0,0.0,CC=F,USD,NYB
2020-08-25,2537.0,2537.0,2537.0,2537.0,2537.0,15.0,CC=F,USD,NYB
2020-08-26,2526.0,2526.0,2526.0,2526.0,2526.0,0.0,CC=F,USD,NYB
2020-08-27,2589.0,2589.0,2589.0,2589.0,2589.0,0.0,CC=F,USD,NYB
2020-08-28,2680.0,2681.0,2680.0,2692.0,2692.0,24.0,CC=F,USD,NYB
2020-08-31,2722.0,2731.0,2722.0,2723.0,2723.0,17.0,CC=F,USD,NYB
2020-09-01,2735.0,2735.0,2735.0,2735.0,2735.0,0.0,CC=F,USD,NYB
2020-09-02,2750.0,2750.0,2750.0,2750.0,2750.0,3.0,CC=F,USD,NYB
2020-09-03,2703.0,2703.0,2703.0,2703.0,2703.0,0.0,CC=F,USD,NYB
2020-09-04,2664.0,2664.0,2664.0,2664.0,2664.0,0.0,CC=F,USD,NYB
2020-09-08,2624.0,2624.0,2624.0,2624.0,2624.0,0.0,CC=F,USD,NYB
2020-09-09,2664.0,2664.0,2664.0,2631.0,2631.0,2.0,CC=F,USD,NYB
2020-09-10,2606.0,2606.0,2606.0,2606.0,2606.0,0.0,CC=F,USD,NYB
2020-09-11,2627.0,2627.0,2627.0,2620.0,2620.0,2.0,CC=F,USD,NYB
2020-09-14,2628.0,2628.0,2628.0,2628.0,2628.0,0.0,CC=F,USD,NYB
2020-09-15,2766.0,2766.0,2766.0,2766.0,2766.0,35168.0,CC=F,USD,NYB
2020-09-16,2689.0,2695.0,2592.0,2602.0,2602.0,24393.0,CC=F,USD,NYB
2020-09-17,2600.0,2678.0,2577.0,2600.0,2600.0,16424.0,CC=F,USD,NYB
2020-09-18,2618.0,2671.0,2614.0,2641.0,2641.0,14848.0,CC=F,USD,NYB
2020-09-21,2654.0,2707.0,2608.0,2629.0,2629.0,18315.0,CC=F,USD,NYB
2020-09-22,2643.0,2649.0,2547.0,2556.0,2556.0,17211.0,CC=F,USD,NYB
2020-09-23,2553.0,2598.0,2542.0,2580.0,2580.0,13939.0,CC=F,USD,NYB
2020-09-24,2577.0,2643.0,2575.0,2599.0,2599.0,13267.0,CC=F,USD,NYB
2020-09-25,2617.0,2624.0,2548.0,2568.0,2568.0,13443.0,CC=F,USD,NYB
2020-09-28,2579.0,2640.0,2576.0,2587.0,2587.0,14832.0,CC=F,USD,NYB
2020-09-29,2581.0,2599.0,2542.0,2588.0,2588.0,14129.0,CC=F,USD,NYB
2020-09-30,2589.0,2615.0,2527.0,2546.0,2546.0,15535.0,CC=F,USD,NYB
2020-10-01,2526.0,2527.0,2461.0,2508.0,2508.0,28730.0,CC=F,USD,NYB
2020-10-02,2480.0,2505.0,2442.0,2482.0,2482.0,20761.0,CC=F,USD,NYB
2020-10-05,2469.0,2498.0,2445.0,2459.0,2459.0,20220.0,CC=F,USD,NYB
2020-10-06,2465.0,2473.0,2419.0,2437.0,2437.0,17157.0,CC=F,USD,NYB
2020-10-07,2425.0,2467.0,2414.0,2452.0,2452.0,14505.0,CC=F,USD,NYB
2020-10-08,2465.0,2492.0,2454.0,2473.0,2473.0,14408.0,CC=F,USD,NYB
2020-10-09,2472.0,2473.0,2409.0,2432.0,2432.0,15058.0,CC=F,USD,NYB
2020-10-12,2432.0,2453.0,2416.0,2444.0,2444.0,12560.0,CC=F,USD,NYB
2020-10-13,2426.0,2439.0,2371.0,2381.0,2381.0,24753.0,CC=F,USD,NYB
2020-10-14,2378.0,2410.0,2360.0,2391.0,2391.0,19077.0,CC=F,USD,NYB
2020-10-15,2390.0,2392.0,2331.0,2343.0,2343.0,19245.0,CC=F,USD,NYB
2020-10-16,2338.0,2371.0,2332.0,2361.0,2361.0,14889.0,CC=F,USD,NYB
2020-10-19,2373.0,2437.0,2372.0,2425.0,2425.0,15222.0,CC=F,USD,NYB
2020-10-20,2418.0,2420.0,2372.0,2382.0,2382.0,12335.0,CC=F,USD,NYB
2020-10-21,2405.0,2459.0,2388.0,2427.0,2427.0,12830.0,CC=F,USD,NYB
2020-10-22,2426.0,2476.0,2423.0,2474.0,2474.0,9780.0,CC=F,USD,NYB
2020-10-23,2487.0,2510.0,2469.0,2479.0,2479.0,12821.0,CC=F,USD,NYB
2020-10-26,2485.0,2520.0,2463.0,2497.0,2497.0,16713.0,CC=F,USD,NYB
2020-10-27,2495.0,2509.0,2427.0,2452.0,2452.0,14133.0,CC=F,USD,NYB
2020-10-28,2407.0,2413.0,2362.0,2376.0,2376.0,16261.0,CC=F,USD,NYB
2020-10-29,2380.0,2386.0,2334.0,2339.0,2339.0,16328.0,CC=F,USD,NYB
2020-10-30,2348.0,2354.0,2280.0,2293.0,2293.0,18134.0,CC=F,USD,NYB
2020-11-02,2271.0,2284.0,2237.0,2257.0,2257.0,21164.0,CC=F,USD,NYB
2020-11-03,2260.0,2295.0,2248.0,2290.0,2290.0,18691.0,CC=F,USD,NYB
2020-11-04,2273.0,2289.0,2247.0,2276.0,2276.0,13220.0,CC=F,USD,NYB
2020-11-05,2289.0,2318.0,2268.0,2312.0,2312.0,13723.0,CC=F,USD,NYB
2020-11-06,2319.0,2345.0,2305.0,2333.0,2333.0,13788.0,CC=F,USD,NYB
2020-11-09,2341.0,2424.0,2330.0,2390.0,2390.0,14529.0,CC=F,USD,NYB
2020-11-10,2398.0,2419.0,2332.0,2339.0,2339.0,10502.0,CC=F,USD,NYB
2020-11-11,2365.0,2388.0,2344.0,2353.0,2353.0,6895.0,CC=F,USD,NYB
2020-11-12,2350.0,2350.0,2315.0,2340.0,2340.0,6613.0,CC=F,USD,NYB
2020-11-13,2318.0,2652.0,2316.0,2365.0,2365.0,7079.0,CC=F,USD,NYB
2020-11-16,2439.0,2650.0,2438.0,2653.0,2653.0,49.0,CC=F,USD,NYB
2020-11-17,2768.0,2768.0,2768.0,2768.0,2768.0,2603.0,CC=F,USD,NYB
2020-11-18,2831.0,2831.0,2831.0,2831.0,2831.0,94.0,CC=F,USD,NYB
2020-11-19,2915.0,2915.0,2915.0,2915.0,2915.0,9.0,CC=F,USD,NYB
2020-11-20,2962.0,2962.0,2962.0,2962.0,2962.0,830.0,CC=F,USD,NYB
2020-11-23,3022.0,3022.0,3022.0,3022.0,3022.0,15.0,CC=F,USD,NYB
2020-11-24,3054.0,3054.0,3054.0,3054.0,3054.0,0.0,CC=F,USD,NYB
2020-11-25,2993.0,2993.0,2993.0,2993.0,2993.0,8.0,CC=F,USD,NYB
2020-11-27,3035.0,3035.0,3035.0,3035.0,3035.0,0.0,CC=F,USD,NYB
2020-11-30,3008.0,3008.0,3008.0,3008.0,3008.0,0.0,CC=F,USD,NYB
2020-12-01,2960.0,2960.0,2960.0,2960.0,2960.0,0.0,CC=F,USD,NYB
2020-12-02,2907.0,2907.0,2907.0,2907.0,2907.0,0.0,CC=F,USD,NYB
2020-12-03,2897.0,2897.0,2897.0,2897.0,2897.0,0.0,CC=F,USD,NYB
2020-12-04,2870.0,2870.0,2870.0,2878.0,2878.0,1.0,CC=F,USD,NYB
2020-12-07,2836.0,2836.0,2836.0,2836.0,2836.0,0.0,CC=F,USD,NYB
2020-12-08,2700.0,2700.0,2684.0,2700.0,2700.0,3.0,CC=F,USD,NYB
2020-12-09,2674.0,2674.0,2674.0,2674.0,2674.0,0.0,CC=F,USD,NYB
2020-12-10,2692.0,2692.0,2692.0,2692.0,2692.0,1.0,CC=F,USD,NYB
2020-12-11,2747.0,2747.0,2747.0,2747.0,2747.0,0.0,CC=F,USD,NYB
2020-12-14,2713.0,2713.0,2713.0,2713.0,2713.0,0.0,CC=F,USD,NYB
2020-12-15,2665.0,2665.0,2665.0,2665.0,2665.0,15954.0,CC=F,USD,NYB
2020-12-16,2556.0,2558.0,2506.0,2517.0,2517.0,14198.0,CC=F,USD,NYB
2020-12-17,2537.0,2562.0,2511.0,2541.0,2541.0,13736.0,CC=F,USD,NYB
2020-12-18,2541.0,2554.0,2492.0,2506.0,2506.0,14133.0,CC=F,USD,NYB
2020-12-21,2475.0,2577.0,2439.0,2555.0,2555.0,25936.0,CC=F,USD,NYB
2020-12-22,2579.0,2579.0,2504.0,2535.0,2535.0,18740.0,CC=F,USD,NYB
2020-12-23,2530.0,2575.0,2524.0,2557.0,2557.0,13932.0,CC=F,USD,NYB
2020-12-24,2561.0,2600.0,2532.0,2593.0,2593.0,6352.0,CC=F,USD,NYB
2020-12-28,2599.0,2604.0,2550.0,2560.0,2560.0,5906.0,CC=F,USD,NYB
2020-12-29,2556.0,2558.0,2495.0,2507.0,2507.0,14669.0,CC=F,USD,NYB
2020-12-30,2503.0,2607.0,2499.0,2597.0,2597.0,19037.0,CC=F,USD,NYB
2020-12-31,2611.0,2624.0,2553.0,2603.0,2603.0,11951.0,CC=F,USD,NYB
2021-01-04,2624.0,2661.0,2542.0,2552.0,2552.0,25426.0,CC=F,USD,NYB
2021-01-05,2540.0,2542.0,2495.0,2514.0,2514.0,17025.0,CC=F,USD,NYB
2021-01-06,2514.0,2537.0,2471.0,2486.0,2486.0,16193.0,CC=F,USD,NYB
2021-01-07,2480.0,2551.0,2468.0,2547.0,2547.0,22080.0,CC=F,USD,NYB
2021-01-08,2543.0,2564.0,2500.0,2516.0,2516.0,14169.0,CC=F,USD,NYB
2021-01-11,2499.0,2516.0,2471.0,2480.0,2480.0,14899.0,CC=F,USD,NYB
2021-01-12,2488.0,2516.0,2479.0,2498.0,2498.0,12939.0,CC=F,USD,NYB
2021-01-13,2498.0,2538.0,2486.0,2499.0,2499.0,15200.0,CC=F,USD,NYB
2021-01-14,2494.0,2518.0,2463.0,2500.0,2500.0,16723.0,CC=F,USD,NYB
2021-01-15,2534.0,2559.0,2512.0,2527.0,2527.0,14749.0,CC=F,USD,NYB
2021-01-19,2546.0,2605.0,2521.0,2590.0,2590.0,24116.0,CC=F,USD,NYB
2021-01-20,2599.0,2624.0,2556.0,2569.0,2569.0,20172.0,CC=F,USD,NYB
2021-01-21,2573.0,2573.0,2537.0,2550.0,2550.0,14201.0,CC=F,USD,NYB
2021-01-22,2536.0,2537.0,2483.0,2529.0,2529.0,19706.0,CC=F,USD,NYB
2021-01-25,2518.0,2525.0,2490.0,2508.0,2508.0,18154.0,CC=F,USD,NYB
2021-01-26,2502.0,2555.0,2489.0,2545.0,2545.0,19921.0,CC=F,USD,NYB
2021-01-27,2560.0,2597.0,2498.0,2504.0,2504.0,18018.0,CC=F,USD,NYB
2021-01-28,2491.0,2530.0,2478.0,2510.0,2510.0,15995.0,CC=F,USD,NYB
2021-01-29,2505.0,2545.0,2500.0,2531.0,2531.0,14566.0,CC=F,USD,NYB
2021-02-01,2535.0,2569.0,2501.0,2547.0,2547.0,15775.0,CC=F,USD,NYB
2021-02-02,2548.0,2622.0,2542.0,2599.0,2599.0,35418.0,CC=F,USD,NYB
2021-02-03,2582.0,2589.0,2520.0,2527.0,2527.0,21335.0,CC=F,USD,NYB
2021-02-04,2526.0,2565.0,2521.0,2532.0,2532.0,17416.0,CC=F,USD,NYB
2021-02-05,2539.0,2618.0,2533.0,2587.0,2587.0,24891.0,CC=F,USD,NYB
2021-02-08,2597.0,2614.0,2555.0,2577.0,2577.0,16741.0,CC=F,USD,NYB
2021-02-09,2590.0,2629.0,2575.0,2581.0,2581.0,13103.0,CC=F,USD,NYB
2021-02-10,2600.0,2707.0,2599.0,2677.0,2677.0,10874.0,CC=F,USD,NYB
2021-02-11,2686.0,2700.0,2423.0,2449.0,2449.0,3442.0,CC=F,USD,NYB
2021-02-12,2478.0,2529.0,2471.0,2503.0,2503.0,85.0,CC=F,USD,NYB
2021-02-16,2498.0,2498.0,2498.0,2498.0,2498.0,1.0,CC=F,USD,NYB
2021-02-17,2445.0,2457.0,2445.0,2447.0,2447.0,30.0,CC=F,USD,NYB
2021-02-18,2560.0,2560.0,2558.0,2552.0,2552.0,56.0,CC=F,USD,NYB
2021-02-19,2535.0,2535.0,2535.0,2535.0,2535.0,62.0,CC=F,USD,NYB
2021-02-22,2582.0,2582.0,2582.0,2582.0,2582.0,0.0,CC=F,USD,NYB
2021-02-23,2596.0,2596.0,2596.0,2596.0,2596.0,97.0,CC=F,USD,NYB
2021-02-24,2650.0,2650.0,2650.0,2650.0,2650.0,0.0,CC=F,USD,NYB
2021-02-25,2705.0,2705.0,2705.0,2705.0,2705.0,0.0,CC=F,USD,NYB
2021-02-26,2701.0,2701.0,2701.0,2701.0,2701.0,0.0,CC=F,USD,NYB
2021-03-01,2736.0,2736.0,2736.0,2736.0,2736.0,0.0,CC=F,USD,NYB
2021-03-02,2742.0,2742.0,2742.0,2742.0,2742.0,0.0,CC=F,USD,NYB
2021-03-03,2754.0,2754.0,2754.0,2754.0,2754.0,0.0,CC=F,USD,NYB
2021-03-04,2639.0,2640.0,2635.0,2785.0,2785.0,22.0,CC=F,USD,NYB
2021-03-05,2706.0,2706.0,2706.0,2706.0,2706.0,0.0,CC=F,USD,NYB
2021-03-08,2693.0,2693.0,2693.0,2693.0,2693.0,0.0,CC=F,USD,NYB
2021-03-09,2713.0,2713.0,2713.0,2713.0,2713.0,0.0,CC=F,USD,NYB
2021-03-10,2727.0,2727.0,2727.0,2733.0,2733.0,28.0,CC=F,USD,NYB
2021-03-11,2753.0,2753.0,2753.0,2753.0,2753.0,0.0,CC=F,USD,NYB
2021-03-12,2574.0,2574.0,2574.0,2574.0,2574.0,87.0,CC=F,USD,NYB
2021-03-15,2610.0,2610.0,2610.0,2590.0,2590.0,4.0,CC=F,USD,NYB
2021-03-16,2595.0,2595.0,1900.0,2512.0,2512.0,14042.0,CC=F,USD,NYB
2021-03-17,2530.0,2533.0,2505.0,2521.0,2521.0,12332.0,CC=F,USD,NYB
2021-03-18,2529.0,2559.0,2525.0,2542.0,2542.0,13600.0,CC=F,USD,NYB
2021-03-19,2542.0,2542.0,2465.0,2493.0,2493.0,18857.0,CC=F,USD,NYB
2021-03-22,2484.0,2513.0,2466.0,2505.0,2505.0,10611.0,CC=F,USD,NYB
2021-03-23,2506.0,2511.0,2443.0,2447.0,2447.0,17807.0,CC=F,USD,NYB
2021-03-24,2445.0,2454.0,2415.0,2435.0,2435.0,17815.0,CC=F,USD,NYB
2021-03-25,2428.0,2481.0,2423.0,2456.0,2456.0,18620.0,CC=F,USD,NYB
2021-03-26,2470.0,2474.0,2437.0,2458.0,2458.0,13731.0,CC=F,USD,NYB
2021-03-29,2444.0,2476.0,2423.0,2436.0,2436.0,16433.0,CC=F,USD,NYB
2021-03-30,2429.0,2441.0,2336.0,2347.0,2347.0,32833.0,CC=F,USD,NYB
2021-03-31,2354.0,2373.0,2340.0,2348.0,2348.0,19070.0,CC=F,USD,NYB
2021-04-01,2361.0,2414.0,2352.0,2392.0,2392.0,29922.0,CC=F,USD,NYB
2021-04-05,2385.0,2427.0,2332.0,2336.0,2336.0,19115.0,CC=F,USD,NYB
2021-04-06,2361.0,2418.0,2352.0,2406.0,2406.0,26688.0,CC=F,USD,NYB
2021-04-07,2403.0,2404.0,2363.0,2389.0,2389.0,16364.0,CC=F,USD,NYB
2021-04-08,2393.0,2412.0,2349.0,2355.0,2355.0,17731.0,CC=F,USD,NYB
2021-04-09,2351.0,2366.0,2324.0,2354.0,2354.0,12414.0,CC=F,USD,NYB
2021-04-12,2350.0,2386.0,2336.0,2367.0,2367.0,11257.0,CC=F,USD,NYB
2021-04-13,2377.0,2419.0,2377.0,2408.0,2408.0,7565.0,CC=F,USD,NYB
2021-04-14,2396.0,2423.0,2396.0,2421.0,2421.0,5607.0,CC=F,USD,NYB
2021-04-15,2416.0,2445.0,2405.0,2413.0,2413.0,9449.0,CC=F,USD,NYB
2021-04-16,2413.0,2436.0,2392.0,2408.0,2408.0,2532.0,CC=F,USD,NYB
2021-04-19,2447.0,2489.0,2415.0,2437.0,2437.0,41.0,CC=F,USD,NYB
2021-04-20,2417.0,2417.0,2417.0,2379.0,2379.0,2.0,CC=F,USD,NYB
2021-04-21,2442.0,2442.0,2384.0,2399.0,2399.0,2.0,CC=F,USD,NYB
2021-04-22,2445.0,2445.0,2445.0,2402.0,2402.0,1.0,CC=F,USD,NYB
2021-04-23,2446.0,2446.0,2446.0,2410.0,2410.0,5.0,CC=F,USD,NYB
2021-04-26,2447.0,2447.0,2447.0,2447.0,2447.0,8.0,CC=F,USD,NYB
2021-04-27,2438.0,2438.0,2438.0,2438.0,2438.0,0.0,CC=F,USD,NYB
2021-04-28,2432.0,2432.0,2432.0,2432.0,2432.0,0.0,CC=F,USD,NYB
2021-04-29,2459.0,2459.0,2459.0,2459.0,2459.0,0.0,CC=F,USD,NYB
2021-04-30,2398.0,2401.0,2324.0,2342.0,2342.0,16.0,CC=F,USD,NYB
2021-05-03,2328.0,2328.0,2328.0,2328.0,2328.0,0.0,CC=F,USD,NYB
2021-05-04,2283.0,2283.0,2283.0,2283.0,2283.0,0.0,CC=F,USD,NYB
2021-05-05,2354.0,2354.0,2354.0,2354.0,2354.0,0.0,CC=F,USD,NYB
2021-05-06,2372.0,2372.0,2372.0,2372.0,2372.0,0.0,CC=F,USD,NYB
2021-05-07,2422.0,2422.0,2422.0,2422.0,2422.0,0.0,CC=F,USD,NYB
2021-05-10,2473.0,2473.0,2473.0,2473.0,2473.0,0.0,CC=F,USD,NYB
2021-05-11,2425.0,2425.0,2425.0,2425.0,2425.0,0.0,CC=F,USD,NYB
2021-05-12,2476.0,2476.0,2476.0,2476.0,2476.0,0.0,CC=F,USD,NYB
2021-05-13,2461.0,2461.0,2461.0,2461.0,2461.0,18866.0,CC=F,USD,NYB
2021-05-14,2502.0,2508.0,2460.0,2474.0,2474.0,17131.0,CC=F,USD,NYB
2021-05-17,2477.0,2552.0,2477.0,2539.0,2539.0,19568.0,CC=F,USD,NYB
2021-05-18,2536.0,2539.0,2499.0,2504.0,2504.0,17015.0,CC=F,USD,NYB
2021-05-19,2494.0,2509.0,2451.0,2469.0,2469.0,16513.0,CC=F,USD,NYB
2021-05-20,2463.0,2477.0,2425.0,2444.0,2444.0,14628.0,CC=F,USD,NYB
2021-05-21,2440.0,2470.0,2433.0,2456.0,2456.0,12890.0,CC=F,USD,NYB
2021-05-24,2448.0,2491.0,2383.0,2389.0,2389.0,21438.0,CC=F,USD,NYB
2021-05-25,2389.0,2409.0,2371.0,2380.0,2380.0,16805.0,CC=F,USD,NYB
2021-05-26,2404.0,2431.0,2392.0,2422.0,2422.0,18751.0,CC=F,USD,NYB
2021-05-27,2422.0,2449.0,2385.0,2430.0,2430.0,17022.0,CC=F,USD,NYB
2021-05-28,2432.0,2439.0,2406.0,2412.0,2412.0,11526.0,CC=F,USD,NYB
2021-06-01,2417.0,2471.0,2415.0,2431.0,2431.0,28741.0,CC=F,USD,NYB
2021-06-02,2428.0,2441.0,2407.0,2426.0,2426.0,16102.0,CC=F,USD,NYB
2021-06-03,2433.0,2460.0,2399.0,2415.0,2415.0,22136.0,CC=F,USD,NYB
2021-06-04,2406.0,2435.0,2388.0,2409.0,2409.0,16964.0,CC=F,USD,NYB
2021-06-07,2408.0,2408.0,2345.0,2350.0,2350.0,23591.0,CC=F,USD,NYB
2021-06-08,2352.0,2386.0,2338.0,2375.0,2375.0,22691.0,CC=F,USD,NYB
2021-06-09,2377.0,2388.0,2341.0,2348.0,2348.0,10110.0,CC=F,USD,NYB
2021-06-10,2348.0,2393.0,2345.0,2383.0,2383.0,12700.0,CC=F,USD,NYB
2021-06-11,2383.0,2384.0,2338.0,2350.0,2350.0,8096.0,CC=F,USD,NYB
2021-06-14,2346.0,2402.0,2346.0,2396.0,2396.0,8161.0,CC=F,USD,NYB
2021-06-15,2382.0,2386.0,2362.0,2373.0,2373.0,6324.0,CC=F,USD,NYB
2021-06-16,2373.0,2373.0,2311.0,2347.0,2347.0,4056.0,CC=F,USD,NYB
2021-06-17,2347.0,2436.0,2278.0,2311.0,2311.0,68.0,CC=F,USD,NYB
2021-06-18,2302.0,2302.0,2302.0,2302.0,2302.0,0.0,CC=F,USD,NYB
2021-06-21,2308.0,2308.0,2308.0,2308.0,2308.0,26.0,CC=F,USD,NYB
2021-06-22,2359.0,2360.0,2359.0,2326.0,2326.0,10.0,CC=F,USD,NYB
2021-06-23,2337.0,2338.0,2337.0,2297.0,2297.0,7.0,CC=F,USD,NYB
2021-06-24,2314.0,2315.0,2314.0,2315.0,2315.0,4.0,CC=F,USD,NYB
2021-06-25,2352.0,2352.0,2352.0,2351.0,2351.0,2.0,CC=F,USD,NYB
2021-06-28,2351.0,2351.0,2351.0,2351.0,2351.0,0.0,CC=F,USD,NYB
2021-06-29,2361.0,2361.0,2361.0,2361.0,2361.0,0.0,CC=F,USD,NYB
2021-06-30,2360.0,2360.0,2360.0,2360.0,2360.0,0.0,CC=F,USD,NYB
2021-07-01,2325.0,2325.0,2325.0,2325.0,2325.0,10.0,CC=F,USD,NYB
2021-07-02,2290.0,2290.0,2290.0,2290.0,2290.0,2.0,CC=F,USD,NYB
2021-07-06,2269.0,2269.0,2269.0,2269.0,2269.0,0.0,CC=F,USD,NYB
2021-07-07,2296.0,2297.0,2296.0,2267.0,2267.0,2.0,CC=F,USD,NYB
2021-07-08,2266.0,2266.0,2266.0,2266.0,2266.0,0.0,CC=F,USD,NYB
2021-07-09,2318.0,2318.0,2318.0,2318.0,2318.0,0.0,CC=F,USD,NYB
2021-07-12,2601.0,2601.0,2601.0,2401.0,2401.0,2.0,CC=F,USD,NYB
2021-07-13,2370.0,2370.0,2370.0,2370.0,2370.0,0.0,CC=F,USD,NYB
2021-07-14,2373.0,2373.0,2373.0,2373.0,2373.0,0.0,CC=F,USD,NYB
2021-07-15,2340.0,2340.0,2340.0,2340.0,2340.0,12612.0,CC=F,USD,NYB
2021-07-16,2375.0,2391.0,2304.0,2320.0,2320.0,18751.0,CC=F,USD,NYB
2021-07-19,2300.0,2303.0,2236.0,2239.0,2239.0,26442.0,CC=F,USD,NYB
2021-07-20,2246.0,2260.0,2232.0,2257.0,2257.0,17429.0,CC=F,USD,NYB
2021-07-21,2257.0,2285.0,2249.0,2265.0,2265.0,14155.0,CC=F,USD,NYB
2021-07-22,2265.0,2325.0,2256.0,2317.0,2317.0,19284.0,CC=F,USD,NYB
2021-07-23,2313.0,2336.0,2299.0,2321.0,2321.0,15070.0,CC=F,USD,NYB
2021-07-26,2327.0,2417.0,2327.0,2392.0,2392.0,33453.0,CC=F,USD,NYB
2021-07-27,2384.0,2407.0,2373.0,2393.0,2393.0,17661.0,CC=F,USD,NYB
2021-07-28,2387.0,2446.0,2376.0,2427.0,2427.0,20621.0,CC=F,USD,NYB
2021-07-29,2434.0,2455.0,2406.0,2435.0,2435.0,19378.0,CC=F,USD,NYB
2021-07-30,2410.0,2416.0,2356.0,2366.0,2366.0,27086.0,CC=F,USD,NYB
2021-08-02,2359.0,2368.0,2333.0,2363.0,2363.0,21280.0,CC=F,USD,NYB
2021-08-03,2371.0,2433.0,2361.0,2426.0,2426.0,31834.0,CC=F,USD,NYB
2021-08-04,2435.0,2462.0,2387.0,2393.0,2393.0,27184.0,CC=F,USD,NYB
2021-08-05,2392.0,2431.0,2388.0,2405.0,2405.0,18523.0,CC=F,USD,NYB
2021-08-06,2404.0,2423.0,2391.0,2417.0,2417.0,24585.0,CC=F,USD,NYB
2021-08-09,2416.0,2428.0,2399.0,2411.0,2411.0,28106.0,CC=F,USD,NYB
2021-08-10,2412.0,2474.0,2404.0,2468.0,2468.0,20041.0,CC=F,USD,NYB
2021-08-11,2463.0,2514.0,2457.0,2509.0,2509.0,18589.0,CC=F,USD,NYB
2021-08-12,2512.0,2530.0,2498.0,2507.0,2507.0,11743.0,CC=F,USD,NYB
2021-08-13,2510.0,2550.0,2510.0,2547.0,2547.0,9127.0,CC=F,USD,NYB
2021-08-16,2540.0,2578.0,2538.0,2544.0,2544.0,10340.0,CC=F,USD,NYB
2021-08-17,2540.0,2620.0,2525.0,2607.0,2607.0,3827.0,CC=F,USD,NYB
2021-08-18,2599.0,2630.0,2599.0,2630.0,2630.0,3.0,CC=F,USD,NYB
2021-08-19,2640.0,2672.0,2574.0,2641.0,2641.0,16.0,CC=F,USD,NYB
2021-08-20,2633.0,2633.0,2633.0,2580.0,2580.0,1.0,CC=F,USD,NYB
2021-08-23,2593.0,2593.0,2593.0,2574.0,2574.0,1.0,CC=F,USD,NYB
2021-08-24,2590.0,2590.0,2590.0,2590.0,2590.0,0.0,CC=F,USD,NYB
2021-08-25,2632.0,2632.0,2632.0,2632.0,2632.0,0.0,CC=F,USD,NYB
2021-08-26,2643.0,2643.0,2643.0,2643.0,2643.0,0.0,CC=F,USD,NYB
2021-08-27,2602.0,2602.0,2602.0,2602.0,2602.0,0.0,CC=F,USD,NYB
2021-08-30,2617.0,2617.0,2617.0,2617.0,2617.0,0.0,CC=F,USD,NYB
2021-08-31,2580.0,2580.0,2574.0,2560.0,2560.0,3.0,CC=F,USD,NYB
2021-09-01,2558.0,2558.0,2558.0,2558.0,2558.0,0.0,CC=F,USD,NYB
2021-09-02,2631.0,2631.0,2631.0,2631.0,2631.0,0.0,CC=F,USD,NYB
2021-09-03,2674.0,2674.0,2674.0,2674.0,2674.0,0.0,CC=F,USD,NYB
2021-09-07,2750.0,2750.0,2750.0,2753.0,2753.0,26.0,CC=F,USD,NYB
2021-09-08,2727.0,2727.0,2727.0,2727.0,2727.0,0.0,CC=F,USD,NYB
2021-09-09,2713.0,2713.0,2713.0,2713.0,2713.0,0.0,CC=F,USD,NYB
2021-09-10,2643.0,2643.0,2643.0,2643.0,2643.0,0.0,CC=F,USD,NYB
2021-09-13,2677.0,2677.0,2677.0,2677.0,2677.0,0.0,CC=F,USD,NYB
2021-09-14,2696.0,2696.0,2696.0,2696.0,2696.0,0.0,CC=F,USD,NYB
2021-09-15,2703.0,2703.0,2703.0,2703.0,2703.0,16321.0,CC=F,USD,NYB
2021-09-16,2665.0,2674.0,2640.0,2657.0,2657.0,9643.0,CC=F,USD,NYB
2021-09-17,2663.0,2672.0,2635.0,2665.0,2665.0,11863.0,CC=F,USD,NYB
2021-09-20,2651.0,2651.0,2579.0,2593.0,2593.0,24454.0,CC=F,USD,NYB
2021-09-21,2606.0,2641.0,2594.0,2605.0,2605.0,15380.0,CC=F,USD,NYB
2021-09-22,2623.0,2661.0,2614.0,2652.0,2652.0,17186.0,CC=F,USD,NYB
2021-09-23,2652.0,2658.0,2605.0,2612.0,2612.0,16000.0,CC=F,USD,NYB
2021-09-24,2609.0,2617.0,2561.0,2591.0,2591.0,16078.0,CC=F,USD,NYB
2021-09-27,2582.0,2597.0,2542.0,2546.0,2546.0,17756.0,CC=F,USD,NYB
2021-09-28,2545.0,2584.0,2537.0,2555.0,2555.0,17975.0,CC=F,USD,NYB
2021-09-29,2567.0,2602.0,2559.0,2589.0,2589.0,16315.0,CC=F,USD,NYB
2021-09-30,2596.0,2666.0,2587.0,2652.0,2652.0,23766.0,CC=F,USD,NYB
2021-10-01,2641.0,2723.0,2633.0,2710.0,2710.0,24042.0,CC=F,USD,NYB
2021-10-04,2712.0,2792.0,2705.0,2752.0,2752.0,25174.0,CC=F,USD,NYB
2021-10-05,2762.0,2768.0,2717.0,2755.0,2755.0,21110.0,CC=F,USD,NYB
2021-10-06,2754.0,2754.0,2681.0,2715.0,2715.0,24068.0,CC=F,USD,NYB
2021-10-07,2723.0,2750.0,2716.0,2726.0,2726.0,13244.0,CC=F,USD,NYB
2021-10-08,2737.0,2774.0,2726.0,2750.0,2750.0,16608.0,CC=F,USD,NYB
2021-10-11,2752.0,2753.0,2672.0,2682.0,2682.0,19919.0,CC=F,USD,NYB
2021-10-12,2684.0,2711.0,2662.0,2675.0,2675.0,13898.0,CC=F,USD,NYB
2021-10-13,2675.0,2684.0,2588.0,2602.0,2602.0,25149.0,CC=F,USD,NYB
2021-10-14,2605.0,2629.0,2567.0,2584.0,2584.0,22151.0,CC=F,USD,NYB
2021-10-15,2588.0,2617.0,2565.0,2607.0,2607.0,18526.0,CC=F,USD,NYB
2021-10-18,2606.0,2636.0,2580.0,2610.0,2610.0,13778.0,CC=F,USD,NYB
2021-10-19,2623.0,2632.0,2526.0,2559.0,2559.0,24314.0,CC=F,USD,NYB
2021-10-20,2542.0,2555.0,2499.0,2505.0,2505.0,20158.0,CC=F,USD,NYB
2021-10-21,2514.0,2568.0,2508.0,2555.0,2555.0,24165.0,CC=F,USD,NYB
2021-10-22,2560.0,2601.0,2518.0,2583.0,2583.0,17196.0,CC=F,USD,NYB
2021-10-25,2588.0,2632.0,2581.0,2616.0,2616.0,21074.0,CC=F,USD,NYB
2021-10-26,2601.0,2620.0,2571.0,2581.0,2581.0,13928.0,CC=F,USD,NYB
2021-10-27,2580.0,2614.0,2558.0,2603.0,2603.0,17070.0,CC=F,USD,NYB
2021-10-28,2600.0,2618.0,2563.0,2571.0,2571.0,20000.0,CC=F,USD,NYB
2021-10-29,2564.0,2568.0,2525.0,2544.0,2544.0,16693.0,CC=F,USD,NYB
2021-11-01,2548.0,2566.0,2510.0,2564.0,2564.0,17143.0,CC=F,USD,NYB
2021-11-02,2557.0,2559.0,2455.0,2457.0,2457.0,27303.0,CC=F,USD,NYB
2021-11-03,2457.0,2481.0,2405.0,2424.0,2424.0,28296.0,CC=F,USD,NYB
2021-11-04,2427.0,2462.0,2423.0,2440.0,2440.0,14714.0,CC=F,USD,NYB
2021-11-05,2439.0,2452.0,2390.0,2397.0,2397.0,28032.0,CC=F,USD,NYB
2021-11-08,2400.0,2438.0,2382.0,2433.0,2433.0,21069.0,CC=F,USD,NYB
2021-11-09,2440.0,2445.0,2395.0,2433.0,2433.0,17287.0,CC=F,USD,NYB
2021-11-10,2435.0,2503.0,2428.0,2473.0,2473.0,16255.0,CC=F,USD,NYB
2021-11-11,2468.0,2492.0,2448.0,2485.0,2485.0,9321.0,CC=F,USD,NYB
2021-11-12,2479.0,2479.0,2456.0,2470.0,2470.0,5664.0,CC=F,USD,NYB
2021-11-15,2471.0,2490.0,2439.0,2458.0,2458.0,5109.0,CC=F,USD,NYB
2021-11-16,2480.0,2510.0,2468.0,2505.0,2505.0,36.0,CC=F,USD,NYB
2021-11-17,2520.0,2538.0,2456.0,2514.0,2514.0,18.0,CC=F,USD,NYB
2021-11-18,2554.0,2554.0,2547.0,2552.0,2552.0,5.0,CC=F,USD,NYB
2021-11-19,2549.0,2550.0,2493.0,2493.0,2493.0,25.0,CC=F,USD,NYB
2021-11-22,2498.0,2498.0,2498.0,2498.0,2498.0,0.0,CC=F,USD,NYB
2021-11-23,2478.0,2478.0,2478.0,2478.0,2478.0,0.0,CC=F,USD,NYB
2021-11-24,2469.0,2469.0,2469.0,2456.0,2456.0,15.0,CC=F,USD,NYB
2021-11-26,2340.0,2340.0,2340.0,2340.0,2340.0,0.0,CC=F,USD,NYB
2021-11-29,2322.0,2322.0,2322.0,2322.0,2322.0,0.0,CC=F,USD,NYB
2021-11-30,2320.0,2320.0,2320.0,2314.0,2314.0,2.0,CC=F,USD,NYB
2021-12-01,2320.0,2320.0,2320.0,2320.0,2320.0,0.0,CC=F,USD,NYB
2021-12-02,2421.0,2421.0,2421.0,2421.0,2421.0,0.0,CC=F,USD,NYB
2021-12-03,2435.0,2435.0,2435.0,2435.0,2435.0,0.0,CC=F,USD,NYB
2021-12-06,2428.0,2428.0,2428.0,2428.0,2428.0,0.0,CC=F,USD,NYB
2021-12-07,2453.0,2453.0,2453.0,2453.0,2453.0,0.0,CC=F,USD,NYB
2021-12-08,2569.0,2569.0,2569.0,2466.0,2466.0,1.0,CC=F,USD,NYB
2021-12-09,2447.0,2447.0,2447.0,2447.0,2447.0,0.0,CC=F,USD,NYB
2021-12-10,2462.0,2462.0,2462.0,2462.0,2462.0,0.0,CC=F,USD,NYB
2021-12-13,2630.0,2630.0,2630.0,2528.0,2528.0,1.0,CC=F,USD,NYB
2021-12-14,2625.0,2625.0,2625.0,2584.0,2584.0,1.0,CC=F,USD,NYB
2021-12-15,2627.0,2627.0,2627.0,2627.0,2627.0,16734.0,CC=F,USD,NYB
2021-12-16,2561.0,2567.0,2497.0,2547.0,2547.0,17933.0,CC=F,USD,NYB
2021-12-17,2540.0,2550.0,2478.0,2497.0,2497.0,15934.0,CC=F,USD,NYB
2021-12-20,2467.0,2477.0,2417.0,2423.0,2423.0,18335.0,CC=F,USD,NYB
2021-12-21,2433.0,2475.0,2420.0,2460.0,2460.0,12410.0,CC=F,USD,NYB
2021-12-22,2470.0,2498.0,2456.0,2466.0,2466.0,13069.0,CC=F,USD,NYB
2021-12-23,2473.0,2510.0,2446.0,2473.0,2473.0,0.0,CC=F,USD,NYB
2021-12-27,2464.0,2487.0,2433.0,2461.0,2461.0,6692.0,CC=F,USD,NYB
2021-12-28,2476.0,2498.0,2460.0,2485.0,2485.0,9060.0,CC=F,USD,NYB
2021-12-29,2482.0,2519.0,2464.0,2515.0,2515.0,11564.0,CC=F,USD,NYB
2021-12-30,2509.0,2576.0,2502.0,2559.0,2559.0,19967.0,CC=F,USD,NYB
2021-12-31,2565.0,2565.0,2513.0,2520.0,2520.0,18144.0,CC=F,USD,NYB
2022-01-03,2540.0,2553.0,2476.0,2499.0,2499.0,14712.0,CC=F,USD,NYB
2022-01-04,2502.0,2523.0,2450.0,2462.0,2462.0,21749.0,CC=F,USD,NYB
2022-01-05,2475.0,2482.0,2418.0,2457.0,2457.0,23898.0,CC=F,USD,NYB
2022-01-06,2440.0,2452.0,2408.0,2423.0,2423.0,17841.0,CC=F,USD,NYB
2022-01-07,2442.0,2530.0,2435.0,2521.0,2521.0,24723.0,CC=F,USD,NYB
2022-01-10,2514.0,2539.0,2499.0,2521.0,2521.0,18059.0,CC=F,USD,NYB
2022-01-11,2535.0,2604.0,2515.0,2588.0,2588.0,26805.0,CC=F,USD,NYB
2022-01-12,2595.0,2610.0,2550.0,2559.0,2559.0,24958.0,CC=F,USD,NYB
2022-01-13,2560.0,2629.0,2560.0,2609.0,2609.0,21234.0,CC=F,USD,NYB
2022-01-14,2625.0,2683.0,2624.0,2659.0,2659.0,21192.0,CC=F,USD,NYB
2022-01-18,2668.0,2675.0,2620.0,2631.0,2631.0,31842.0,CC=F,USD,NYB
2022-01-19,2624.0,2680.0,2607.0,2657.0,2657.0,18402.0,CC=F,USD,NYB
2022-01-20,2656.0,2695.0,2639.0,2660.0,2660.0,18762.0,CC=F,USD,NYB
2022-01-21,2627.0,2640.0,2575.0,2576.0,2576.0,26905.0,CC=F,USD,NYB
2022-01-24,2569.0,2576.0,2492.0,2493.0,2493.0,25526.0,CC=F,USD,NYB
2022-01-25,2504.0,2524.0,2488.0,2503.0,2503.0,20901.0,CC=F,USD,NYB
2022-01-26,2505.0,2535.0,2496.0,2513.0,2513.0,16077.0,CC=F,USD,NYB
2022-01-27,2484.0,2497.0,2439.0,2451.0,2451.0,21863.0,CC=F,USD,NYB
2022-01-28,2444.0,2499.0,2440.0,2494.0,2494.0,18035.0,CC=F,USD,NYB
2022-01-31,2508.0,2534.0,2491.0,2528.0,2528.0,20650.0,CC=F,USD,NYB
2022-02-01,2533.0,2619.0,2530.0,2613.0,2613.0,25087.0,CC=F,USD,NYB
2022-02-02,2613.0,2641.0,2601.0,2617.0,2617.0,23079.0,CC=F,USD,NYB
2022-02-03,2612.0,2650.0,2591.0,2634.0,2634.0,19568.0,CC=F,USD,NYB
2022-02-04,2648.0,2678.0,2646.0,2668.0,2668.0,26114.0,CC=F,USD,NYB
2022-02-07,2659.0,2676.0,2615.0,2624.0,2624.0,25403.0,CC=F,USD,NYB
2022-02-08,2632.0,2677.0,2626.0,2669.0,2669.0,17465.0,CC=F,USD,NYB
2022-02-09,2667.0,2762.0,2663.0,2756.0,2756.0,21961.0,CC=F,USD,NYB
2022-02-10,2756.0,2790.0,2741.0,2786.0,2786.0,11348.0,CC=F,USD,NYB
2022-02-11,2768.0,2772.0,2723.0,2766.0,2766.0,9500.0,CC=F,USD,NYB
2022-02-14,2733.0,2733.0,2673.0,2677.0,2677.0,5636.0,CC=F,USD,NYB
2022-02-15,2693.0,2703.0,2659.0,2667.0,2667.0,5460.0,CC=F,USD,NYB
2022-02-16,2685.0,2688.0,2605.0,2611.0,2611.0,4459.0,CC=F,USD,NYB
2022-02-17,2605.0,2644.0,2584.0,2589.0,2589.0,7330.0,CC=F,USD,NYB
2022-02-18,2595.0,2605.0,2560.0,2573.0,2573.0,1333.0,CC=F,USD,NYB
2022-02-22,2590.0,2600.0,2560.0,2611.0,2611.0,15.0,CC=F,USD,NYB
2022-02-23,2622.0,2628.0,2622.0,2626.0,2626.0,37.0,CC=F,USD,NYB
2022-02-24,2578.0,2578.0,2578.0,2578.0,2578.0,30.0,CC=F,USD,NYB
2022-02-25,2568.0,2571.0,2568.0,2576.0,2576.0,2.0,CC=F,USD,NYB
2022-02-28,2503.0,2503.0,2503.0,2491.0,2491.0,1.0,CC=F,USD,NYB
2022-03-01,2491.0,2491.0,2491.0,2483.0,2483.0,1.0,CC=F,USD,NYB
2022-03-02,2503.0,2527.0,2478.0,2491.0,2491.0,45.0,CC=F,USD,NYB
2022-03-03,2495.0,2495.0,2495.0,2524.0,2524.0,1.0,CC=F,USD,NYB
2022-03-04,2582.0,2582.0,2582.0,2582.0,2582.0,0.0,CC=F,USD,NYB
2022-03-07,2597.0,2597.0,2597.0,2597.0,2597.0,0.0,CC=F,USD,NYB
2022-03-08,2597.0,2597.0,2597.0,2597.0,2597.0,10.0,CC=F,USD,NYB
2022-03-09,2624.0,2624.0,2624.0,2624.0,2624.0,0.0,CC=F,USD,NYB
2022-03-10,2629.0,2629.0,2629.0,2643.0,2643.0,5.0,CC=F,USD,NYB
2022-03-11,2580.0,2580.0,2580.0,2580.0,2580.0,0.0,CC=F,USD,NYB
2022-03-14,2571.0,2571.0,2571.0,2571.0,2571.0,0.0,CC=F,USD,NYB
2022-03-15,2468.0,2468.0,2447.0,2461.0,2461.0,2.0,CC=F,USD,NYB
2022-03-16,2471.0,2471.0,2471.0,2471.0,2471.0,15992.0,CC=F,USD,NYB
2022-03-17,2532.0,2550.0,2453.0,2504.0,2504.0,31797.0,CC=F,USD,NYB
2022-03-18,2513.0,2558.0,2491.0,2537.0,2537.0,17423.0,CC=F,USD,NYB
2022-03-21,2526.0,2547.0,2498.0,2521.0,2521.0,13964.0,CC=F,USD,NYB
2022-03-22,2525.0,2594.0,2525.0,2586.0,2586.0,18069.0,CC=F,USD,NYB
2022-03-23,2591.0,2638.0,2586.0,2631.0,2631.0,18483.0,CC=F,USD,NYB
2022-03-24,2641.0,2653.0,2559.0,2583.0,2583.0,20088.0,CC=F,USD,NYB
2022-03-25,2562.0,2590.0,2536.0,2562.0,2562.0,17345.0,CC=F,USD,NYB
2022-03-28,2557.0,2621.0,2549.0,2602.0,2602.0,13654.0,CC=F,USD,NYB
2022-03-29,2602.0,2643.0,2598.0,2639.0,2639.0,14715.0,CC=F,USD,NYB
2022-03-30,2638.0,2674.0,2575.0,2651.0,2651.0,21439.0,CC=F,USD,NYB
2022-03-31,2632.0,2679.0,2613.0,2650.0,2650.0,18301.0,CC=F,USD,NYB
2022-04-01,2640.0,2647.0,2596.0,2599.0,2599.0,22839.0,CC=F,USD,NYB
2022-04-04,2599.0,2652.0,2555.0,2562.0,2562.0,32577.0,CC=F,USD,NYB
2022-04-05,2559.0,2588.0,2528.0,2534.0,2534.0,21452.0,CC=F,USD,NYB
2022-04-06,2548.0,2578.0,2527.0,2549.0,2549.0,22003.0,CC=F,USD,NYB
2022-04-07,2563.0,2586.0,2537.0,2574.0,2574.0,15650.0,CC=F,USD,NYB
2022-04-08,2585.0,2644.0,2577.0,2620.0,2620.0,16182.0,CC=F,USD,NYB
2022-04-11,2621.0,2647.0,2581.0,2616.0,2616.0,11826.0,CC=F,USD,NYB
2022-04-12,2616.0,2634.0,2568.0,2583.0,2583.0,8315.0,CC=F,USD,NYB
2022-04-13,2581.0,2615.0,2558.0,2583.0,2583.0,9840.0,CC=F,USD,NYB
2022-04-14,2595.0,2603.0,2570.0,2583.0,2583.0,4530.0,CC=F,USD,NYB
2022-04-18,2571.0,2573.0,2513.0,2525.0,2525.0,5501.0,CC=F,USD,NYB
2022-04-19,2533.0,2543.0,2498.0,2525.0,2525.0,4355.0,CC=F,USD,NYB
2022-04-20,2530.0,2567.0,2523.0,2536.0,2536.0,4992.0,CC=F,USD,NYB
2022-04-21,2543.0,2557.0,2511.0,2540.0,2540.0,6677.0,CC=F,USD,NYB
2022-04-22,2532.0,2532.0,2466.0,2506.0,2506.0,5210.0,CC=F,USD,NYB
2022-04-25,2512.0,2512.0,2430.0,2432.0,2432.0,132.0,CC=F,USD,NYB
2022-04-26,2574.0,2577.0,2574.0,2557.0,2557.0,74.0,CC=F,USD,NYB
2022-04-27,2568.0,2568.0,2568.0,2572.0,2572.0,2.0,CC=F,USD,NYB
2022-04-28,2575.0,2575.0,2575.0,2601.0,2601.0,3.0,CC=F,USD,NYB
2022-04-29,2650.0,2650.0,2650.0,2597.0,2597.0,6.0,CC=F,USD,NYB
2022-05-02,2632.0,2632.0,2632.0,2632.0,2632.0,0.0,CC=F,USD,NYB
2022-05-03,2615.0,2615.0,2615.0,2615.0,2615.0,0.0,CC=F,USD,NYB
2022-05-04,2637.0,2637.0,2637.0,2588.0,2588.0,1.0,CC=F,USD,NYB
2022-05-05,2519.0,2519.0,2519.0,2519.0,2519.0,0.0,CC=F,USD,NYB
2022-05-06,2500.0,2500.0,2500.0,2500.0,2500.0,0.0,CC=F,USD,NYB
2022-05-09,2483.0,2483.0,2483.0,2483.0,2483.0,2.0,CC=F,USD,NYB
2022-05-10,2473.0,2473.0,2473.0,2473.0,2473.0,0.0,CC=F,USD,NYB
2022-05-11,2517.0,2517.0,2517.0,2517.0,2517.0,0.0,CC=F,USD,NYB
2022-05-12,2461.0,2461.0,2461.0,2461.0,2461.0,0.0,CC=F,USD,NYB
2022-05-13,2483.0,2483.0,2483.0,2483.0,2483.0,21280.0,CC=F,USD,NYB
2022-05-16,2483.0,2524.0,2473.0,2505.0,2505.0,17446.0,CC=F,USD,NYB
2022-05-17,2513.0,2528.0,2490.0,2513.0,2513.0,15062.0,CC=F,USD,NYB
2022-05-18,2505.0,2506.0,2459.0,2470.0,2470.0,19307.0,CC=F,USD,NYB
2022-05-19,2464.0,2468.0,2437.0,2457.0,2457.0,20873.0,CC=F,USD,NYB
2022-05-20,2459.0,2475.0,2404.0,2429.0,2429.0,21673.0,CC=F,USD,NYB
2022-05-23,2432.0,2471.0,2427.0,2451.0,2451.0,21168.0,CC=F,USD,NYB
2022-05-24,2439.0,2458.0,2427.0,2441.0,2441.0,13882.0,CC=F,USD,NYB
2022-05-25,2431.0,2446.0,2391.0,2407.0,2407.0,25150.0,CC=F,USD,NYB
2022-05-26,2398.0,2474.0,2395.0,2464.0,2464.0,35424.0,CC=F,USD,NYB
2022-05-27,2467.0,2477.0,2448.0,2462.0,2462.0,13612.0,CC=F,USD,NYB
2022-05-31,2505.0,2518.0,2476.0,2496.0,2496.0,24260.0,CC=F,USD,NYB
2022-06-01,2496.0,2538.0,2493.0,2524.0,2524.0,26371.0,CC=F,USD,NYB
2022-06-02,2524.0,2541.0,2474.0,2485.0,2485.0,25089.0,CC=F,USD,NYB
2022-06-03,2497.0,2535.0,2456.0,2469.0,2469.0,23918.0,CC=F,USD,NYB
2022-06-06,2480.0,2504.0,2467.0,2488.0,2488.0,35678.0,CC=F,USD,NYB
2022-06-07,2486.0,2507.0,2459.0,2475.0,2475.0,32667.0,CC=F,USD,NYB
2022-06-08,2471.0,2485.0,2436.0,2458.0,2458.0,28272.0,CC=F,USD,NYB
2022-06-09,2449.0,2477.0,2414.0,2428.0,2428.0,31882.0,CC=F,USD,NYB
2022-06-10,2427.0,2441.0,2377.0,2385.0,2385.0,16609.0,CC=F,USD,NYB
2022-06-13,2374.0,2374.0,2307.0,2334.0,2334.0,19055.0,CC=F,USD,NYB
2022-06-14,2340.0,2342.0,2311.0,2326.0,2326.0,7766.0,CC=F,USD,NYB
2022-06-15,2324.0,2340.0,2297.0,2332.0,2332.0,6815.0,CC=F,USD,NYB
2022-06-16,2326.0,2338.0,2300.0,2329.0,2329.0,12479.0,CC=F,USD,NYB
2022-06-17,2335.0,2402.0,2327.0,2387.0,2387.0,7024.0,CC=F,USD,NYB
2022-06-21,2402.0,2424.0,2399.0,2416.0,2416.0,6766.0,CC=F,USD,NYB
2022-06-22,2415.0,2415.0,2365.0,2399.0,2399.0,3961.0,CC=F,USD,NYB
2022-06-23,2387.0,2418.0,2376.0,2379.0,2379.0,4570.0,CC=F,USD,NYB
2022-06-24,2387.0,2397.0,2387.0,2381.0,2381.0,27.0,CC=F,USD,NYB
2022-06-27,2371.0,2371.0,2371.0,2361.0,2361.0,2.0,CC=F,USD,NYB
2022-06-28,2353.0,2353.0,2353.0,2353.0,2353.0,0.0,CC=F,USD,NYB
2022-06-29,2317.0,2317.0,2317.0,2317.0,2317.0,0.0,CC=F,USD,NYB
2022-06-30,2291.0,2291.0,2291.0,2291.0,2291.0,0.0,CC=F,USD,NYB
2022-07-01,2265.0,2265.0,2265.0,2265.0,2265.0,0.0,CC=F,USD,NYB
2022-07-05,2266.0,2266.0,2266.0,2266.0,2266.0,0.0,CC=F,USD,NYB
2022-07-06,2323.0,2323.0,2323.0,2307.0,2307.0,1.0,CC=F,USD,NYB
2022-07-07,2305.0,2305.0,2305.0,2305.0,2305.0,0.0,CC=F,USD,NYB
2022-07-08,2269.0,2269.0,2269.0,2269.0,2269.0,0.0,CC=F,USD,NYB
2022-07-11,2324.0,2324.0,2324.0,2324.0,2324.0,0.0,CC=F,USD,NYB
2022-07-12,2305.0,2305.0,2305.0,2305.0,2305.0,0.0,CC=F,USD,NYB
2022-07-13,2254.0,2254.0,2254.0,2254.0,2254.0,0.0,CC=F,USD,NYB
2022-07-14,2198.0,2198.0,2198.0,2198.0,2198.0,38248.0,CC=F,USD,NYB
2022-07-15,2251.0,2329.0,2251.0,2321.0,2321.0,23699.0,CC=F,USD,NYB
2022-07-18,2335.0,2343.0,2297.0,2329.0,2329.0,16540.0,CC=F,USD,NYB
2022-07-19,2323.0,2354.0,2303.0,2347.0,2347.0,16275.0,CC=F,USD,NYB
2022-07-20,2353.0,2387.0,2351.0,2368.0,2368.0,22889.0,CC=F,USD,NYB
2022-07-21,2350.0,2352.0,2294.0,2304.0,2304.0,22930.0,CC=F,USD,NYB
2022-07-22,2299.0,2320.0,2287.0,2297.0,2297.0,16258.0,CC=F,USD,NYB
2022-07-25,2297.0,2379.0,2285.0,2376.0,2376.0,31694.0,CC=F,USD,NYB
2022-07-26,2380.0,2409.0,2375.0,2400.0,2400.0,31079.0,CC=F,USD,NYB
2022-07-27,2398.0,2410.0,2338.0,2355.0,2355.0,24579.0,CC=F,USD,NYB
2022-07-28,2380.0,2391.0,2312.0,2317.0,2317.0,24415.0,CC=F,USD,NYB
2022-07-29,2319.0,2341.0,2296.0,2323.0,2323.0,27827.0,CC=F,USD,NYB
2022-08-01,2328.0,2355.0,2312.0,2339.0,2339.0,24764.0,CC=F,USD,NYB
2022-08-02,2339.0,2370.0,2323.0,2340.0,2340.0,23060.0,CC=F,USD,NYB
2022-08-03,2325.0,2332.0,2269.0,2281.0,2281.0,31190.0,CC=F,USD,NYB
2022-08-04,2273.0,2359.0,2259.0,2349.0,2349.0,53011.0,CC=F,USD,NYB
2022-08-05,2350.0,2370.0,2300.0,2305.0,2305.0,56028.0,CC=F,USD,NYB
2022-08-08,2306.0,2350.0,2299.0,2340.0,2340.0,35615.0,CC=F,USD,NYB
2022-08-09,2345.0,2370.0,2322.0,2363.0,2363.0,42015.0,CC=F,USD,NYB
2022-08-10,2352.0,2422.0,2352.0,2398.0,2398.0,35019.0,CC=F,USD,NYB
2022-08-11,2412.0,2430.0,2390.0,2409.0,2409.0,21906.0,CC=F,USD,NYB
2022-08-12,2392.0,2392.0,2341.0,2352.0,2352.0,11214.0,CC=F,USD,NYB
2022-08-15,2358.0,2380.0,2347.0,2360.0,2360.0,5571.0,CC=F,USD,NYB
2022-08-16,2341.0,2352.0,2318.0,2333.0,2333.0,9446.0,CC=F,USD,NYB
2022-08-17,2333.0,2417.0,2320.0,2400.0,2400.0,11775.0,CC=F,USD,NYB
2022-08-18,2400.0,2433.0,2382.0,2402.0,2402.0,5333.0,CC=F,USD,NYB
2022-08-19,2376.0,2399.0,2357.0,2362.0,2362.0,5078.0,CC=F,USD,NYB
2022-08-22,2366.0,2388.0,2331.0,2348.0,2348.0,5233.0,CC=F,USD,NYB
2022-08-23,2354.0,2365.0,2297.0,2300.0,2300.0,3526.0,CC=F,USD,NYB
2022-08-24,2321.0,2410.0,2288.0,2402.0,2402.0,2670.0,CC=F,USD,NYB
2022-08-25,2391.0,2409.0,2390.0,2418.0,2418.0,30.0,CC=F,USD,NYB
2022-08-26,2414.0,2414.0,2414.0,2414.0,2414.0,0.0,CC=F,USD,NYB
2022-08-29,2366.0,2430.0,2361.0,2429.0,2429.0,648.0,CC=F,USD,NYB
2022-08-30,2422.0,2422.0,2422.0,2422.0,2422.0,0.0,CC=F,USD,NYB
2022-08-31,2427.0,2427.0,2427.0,2427.0,2427.0,0.0,CC=F,USD,NYB
2022-09-01,2382.0,2382.0,2382.0,2382.0,2382.0,216.0,CC=F,USD,NYB
2022-09-02,2401.0,2404.0,2401.0,2430.0,2430.0,3.0,CC=F,USD,NYB
2022-09-06,2438.0,2438.0,2438.0,2383.0,2383.0,1.0,CC=F,USD,NYB
2022-09-07,2320.0,2320.0,2320.0,2308.0,2308.0,1.0,CC=F,USD,NYB
2022-09-08,2286.0,2286.0,2286.0,2286.0,2286.0,0.0,CC=F,USD,NYB
2022-09-09,2360.0,2360.0,2360.0,2360.0,2360.0,1.0,CC=F,USD,NYB
2022-09-12,2386.0,2386.0,2386.0,2386.0,2386.0,0.0,CC=F,USD,NYB
2022-09-13,2350.0,2350.0,2350.0,2350.0,2350.0,0.0,CC=F,USD,NYB
2022-09-14,2394.0,2394.0,2347.0,2347.0,2347.0,10.0,CC=F,USD,NYB
2022-09-15,2412.0,2412.0,2412.0,2412.0,2412.0,32208.0,CC=F,USD,NYB
2022-09-16,2360.0,2375.0,2328.0,2360.0,2360.0,22014.0,CC=F,USD,NYB
2022-09-19,2350.0,2395.0,2344.0,2369.0,2369.0,15720.0,CC=F,USD,NYB
2022-09-20,2370.0,2395.0,2340.0,2355.0,2355.0,24905.0,CC=F,USD,NYB
2022-09-21,2347.0,2373.0,2335.0,2352.0,2352.0,15246.0,CC=F,USD,NYB
2022-09-22,2350.0,2360.0,2316.0,2321.0,2321.0,22483.0,CC=F,USD,NYB
2022-09-23,2310.0,2315.0,2242.0,2247.0,2247.0,39311.0,CC=F,USD,NYB
2022-09-26,2225.0,2281.0,2192.0,2243.0,2243.0,36427.0,CC=F,USD,NYB
2022-09-27,2252.0,2290.0,2241.0,2286.0,2286.0,24907.0,CC=F,USD,NYB
2022-09-28,2270.0,2308.0,2248.0,2282.0,2282.0,22823.0,CC=F,USD,NYB
2022-09-29,2300.0,2333.0,2299.0,2327.0,2327.0,24438.0,CC=F,USD,NYB
2022-09-30,2340.0,2375.0,2330.0,2354.0,2354.0,29000.0,CC=F,USD,NYB
2022-10-03,2358.0,2377.0,2321.0,2337.0,2337.0,30032.0,CC=F,USD,NYB
2022-10-04,2334.0,2382.0,2325.0,2360.0,2360.0,31025.0,CC=F,USD,NYB
2022-10-05,2368.0,2403.0,2364.0,2392.0,2392.0,36060.0,CC=F,USD,NYB
2022-10-06,2402.0,2422.0,2367.0,2373.0,2373.0,33720.0,CC=F,USD,NYB
2022-10-07,2390.0,2405.0,2373.0,2396.0,2396.0,22395.0,CC=F,USD,NYB
2022-10-10,2395.0,2412.0,2356.0,2358.0,2358.0,23849.0,CC=F,USD,NYB
2022-10-11,2353.0,2388.0,2342.0,2347.0,2347.0,23896.0,CC=F,USD,NYB
2022-10-12,2349.0,2362.0,2312.0,2318.0,2318.0,23697.0,CC=F,USD,NYB
2022-10-13,2316.0,2388.0,2309.0,2385.0,2385.0,31660.0,CC=F,USD,NYB
2022-10-14,2388.0,2407.0,2371.0,2377.0,2377.0,26338.0,CC=F,USD,NYB
2022-10-17,2366.0,2395.0,2322.0,2340.0,2340.0,33767.0,CC=F,USD,NYB
2022-10-18,2338.0,2343.0,2303.0,2305.0,2305.0,27372.0,CC=F,USD,NYB
2022-10-19,2304.0,2313.0,2275.0,2308.0,2308.0,28388.0,CC=F,USD,NYB
2022-10-20,2305.0,2333.0,2300.0,2328.0,2328.0,18246.0,CC=F,USD,NYB
2022-10-21,2308.0,2319.0,2287.0,2306.0,2306.0,17004.0,CC=F,USD,NYB
2022-10-24,2320.0,2348.0,2317.0,2337.0,2337.0,21134.0,CC=F,USD,NYB
2022-10-25,2323.0,2328.0,2279.0,2296.0,2296.0,28507.0,CC=F,USD,NYB
2022-10-26,2295.0,2321.0,2275.0,2278.0,2278.0,25370.0,CC=F,USD,NYB
2022-10-27,2284.0,2324.0,2279.0,2314.0,2314.0,22134.0,CC=F,USD,NYB
2022-10-28,2303.0,2330.0,2287.0,2302.0,2302.0,24582.0,CC=F,USD,NYB
2022-10-31,2297.0,2355.0,2295.0,2335.0,2335.0,27986.0,CC=F,USD,NYB
2022-11-01,2339.0,2354.0,2317.0,2348.0,2348.0,24453.0,CC=F,USD,NYB
2022-11-02,2355.0,2390.0,2353.0,2379.0,2379.0,30594.0,CC=F,USD,NYB
2022-11-03,2362.0,2382.0,2349.0,2372.0,2372.0,24762.0,CC=F,USD,NYB
2022-11-04,2388.0,2459.0,2378.0,2434.0,2434.0,50005.0,CC=F,USD,NYB
2022-11-07,2442.0,2523.0,2436.0,2506.0,2506.0,81381.0,CC=F,USD,NYB
2022-11-08,2516.0,2541.0,2494.0,2537.0,2537.0,45288.0,CC=F,USD,NYB
2022-11-09,2506.0,2549.0,2506.0,2532.0,2532.0,26406.0,CC=F,USD,NYB
2022-11-10,2530.0,2572.0,2515.0,2558.0,2558.0,14721.0,CC=F,USD,NYB
2022-11-11,2568.0,2580.0,2510.0,2520.0,2520.0,13933.0,CC=F,USD,NYB
2022-11-14,2504.0,2517.0,2487.0,2497.0,2497.0,14382.0,CC=F,USD,NYB
2022-11-15,2498.0,2559.0,2497.0,2500.0,2500.0,8685.0,CC=F,USD,NYB
2022-11-16,2500.0,2515.0,2477.0,2503.0,2503.0,5898.0,CC=F,USD,NYB
2022-11-17,2495.0,2497.0,2425.0,2428.0,2428.0,12726.0,CC=F,USD,NYB
2022-11-18,2446.0,2453.0,2392.0,2412.0,2412.0,8689.0,CC=F,USD,NYB
2022-11-21,2403.0,2415.0,2358.0,2387.0,2387.0,3670.0,CC=F,USD,NYB
2022-11-22,2390.0,2410.0,2364.0,2381.0,2381.0,2125.0,CC=F,USD,NYB
2022-11-23,2380.0,2403.0,2380.0,2397.0,2397.0,9.0,CC=F,USD,NYB
2022-11-25,2422.0,2428.0,2389.0,2437.0,2437.0,27.0,CC=F,USD,NYB
2022-11-28,2435.0,2446.0,2435.0,2438.0,2438.0,3.0,CC=F,USD,NYB
2022-11-29,2433.0,2433.0,2433.0,2433.0,2433.0,0.0,CC=F,USD,NYB
2022-11-30,2451.0,2451.0,2451.0,2451.0,2451.0,0.0,CC=F,USD,NYB
2022-12-01,2472.0,2472.0,2472.0,2472.0,2472.0,0.0,CC=F,USD,NYB
2022-12-02,2497.0,2497.0,2497.0,2489.0,2489.0,4.0,CC=F,USD,NYB
2022-12-05,2432.0,2432.0,2432.0,2432.0,2432.0,7.0,CC=F,USD,NYB
2022-12-06,2437.0,2437.0,2437.0,2437.0,2437.0,0.0,CC=F,USD,NYB
2022-12-07,2456.0,2456.0,2456.0,2442.0,2442.0,1.0,CC=F,USD,NYB
2022-12-08,2492.0,2492.0,2492.0,2492.0,2492.0,0.0,CC=F,USD,NYB
2022-12-09,2454.0,2454.0,2454.0,2454.0,2454.0,0.0,CC=F,USD,NYB
2022-12-12,2452.0,2452.0,2452.0,2452.0,2452.0,0.0,CC=F,USD,NYB
2022-12-13,2491.0,2491.0,2491.0,2491.0,2491.0,0.0,CC=F,USD,NYB
2022-12-14,2474.0,2474.0,2474.0,2474.0,2474.0,16487.0,CC=F,USD,NYB
2022-12-15,2520.0,2544.0,2509.0,2517.0,2517.0,15074.0,CC=F,USD,NYB
2022-12-16,2510.0,2517.0,2468.0,2475.0,2475.0,22067.0,CC=F,USD,NYB
2022-12-19,2474.0,2519.0,2469.0,2499.0,2499.0,17815.0,CC=F,USD,NYB
2022-12-20,2496.0,2532.0,2487.0,2498.0,2498.0,19135.0,CC=F,USD,NYB
2022-12-21,2498.0,2537.0,2485.0,2529.0,2529.0,18703.0,CC=F,USD,NYB
2022-12-22,2534.0,2626.0,2524.0,2606.0,2606.0,36692.0,CC=F,USD,NYB
2022-12-23,2613.0,2651.0,2609.0,2628.0,2628.0,26051.0,CC=F,USD,NYB
2022-12-27,2630.0,2662.0,2616.0,2633.0,2633.0,16555.0,CC=F,USD,NYB
2022-12-28,2624.0,2671.0,2604.0,2621.0,2621.0,20880.0,CC=F,USD,NYB
2022-12-29,2610.0,2614.0,2562.0,2578.0,2578.0,19317.0,CC=F,USD,NYB
2022-12-30,2587.0,2606.0,2569.0,2600.0,2600.0,14616.0,CC=F,USD,NYB
2023-01-03,2587.0,2594.0,2535.0,2572.0,2572.0,24327.0,CC=F,USD,NYB
2023-01-04,2574.0,2614.0,2566.0,2603.0,2603.0,16842.0,CC=F,USD,NYB
2023-01-05,2607.0,2640.0,2602.0,2617.0,2617.0,21327.0,CC=F,USD,NYB
2023-01-06,2616.0,2618.0,2572.0,2605.0,2605.0,20198.0,CC=F,USD,NYB
2023-01-09,2623.0,2699.0,2621.0,2690.0,2690.0,30613.0,CC=F,USD,NYB
2023-01-10,2686.0,2686.0,2602.0,2604.0,2604.0,32095.0,CC=F,USD,NYB
2023-01-11,2602.0,2641.0,2593.0,2633.0,2633.0,19499.0,CC=F,USD,NYB
2023-01-12,2641.0,2665.0,2620.0,2640.0,2640.0,15749.0,CC=F,USD,NYB
2023-01-13,2651.0,2669.0,2631.0,2651.0,2651.0,16025.0,CC=F,USD,NYB
2023-01-17,2642.0,2675.0,2621.0,2641.0,2641.0,23486.0,CC=F,USD,NYB
2023-01-18,2650.0,2665.0,2616.0,2620.0,2620.0,19652.0,CC=F,USD,NYB
2023-01-19,2610.0,2616.0,2562.0,2570.0,2570.0,29885.0,CC=F,USD,NYB
2023-01-20,2556.0,2576.0,2507.0,2569.0,2569.0,43770.0,CC=F,USD,NYB
2023-01-23,2573.0,2626.0,2564.0,2608.0,2608.0,25402.0,CC=F,USD,NYB
2023-01-24,2596.0,2615.0,2576.0,2585.0,2585.0,17767.0,CC=F,USD,NYB
2023-01-25,2596.0,2614.0,2579.0,2592.0,2592.0,16674.0,CC=F,USD,NYB
2023-01-26,2597.0,2645.0,2596.0,2629.0,2629.0,18023.0,CC=F,USD,NYB
2023-01-27,2618.0,2640.0,2612.0,2627.0,2627.0,14661.0,CC=F,USD,NYB
2023-01-30,2627.0,2656.0,2591.0,2611.0,2611.0,22436.0,CC=F,USD,NYB
2023-01-31,2606.0,2607.0,2570.0,2581.0,2581.0,26849.0,CC=F,USD,NYB
2023-02-01,2572.0,2630.0,2570.0,2592.0,2592.0,25952.0,CC=F,USD,NYB
2023-02-02,2587.0,2610.0,2577.0,2583.0,2583.0,21039.0,CC=F,USD,NYB
2023-02-03,2580.0,2580.0,2540.0,2569.0,2569.0,32303.0,CC=F,USD,NYB
2023-02-06,2569.0,2595.0,2546.0,2577.0,2577.0,29965.0,CC=F,USD,NYB
2023-02-07,2576.0,2589.0,2544.0,2581.0,2581.0,38591.0,CC=F,USD,NYB
2023-02-08,2592.0,2602.0,2570.0,2579.0,2579.0,26281.0,CC=F,USD,NYB
2023-02-09,2573.0,2599.0,2546.0,2578.0,2578.0,13699.0,CC=F,USD,NYB
2023-02-10,2575.0,2587.0,2530.0,2564.0,2564.0,9361.0,CC=F,USD,NYB
2023-02-13,2583.0,2634.0,2580.0,2621.0,2621.0,9413.0,CC=F,USD,NYB
2023-02-14,2630.0,2660.0,2605.0,2621.0,2621.0,5301.0,CC=F,USD,NYB
2023-02-15,2653.0,2730.0,2646.0,2692.0,2692.0,7386.0,CC=F,USD,NYB
2023-02-16,2702.0,2735.0,2674.0,2700.0,2700.0,6288.0,CC=F,USD,NYB
2023-02-17,2715.0,2750.0,2710.0,2722.0,2722.0,4353.0,CC=F,USD,NYB
2023-02-21,2738.0,2760.0,2717.0,2732.0,2732.0,6287.0,CC=F,USD,NYB
2023-02-22,2735.0,2766.0,2735.0,2738.0,2738.0,38.0,CC=F,USD,NYB
2023-02-23,2744.0,2744.0,2740.0,2729.0,2729.0,380.0,CC=F,USD,NYB
2023-02-24,2716.0,2716.0,2709.0,2707.0,2707.0,4.0,CC=F,USD,NYB
2023-02-27,2715.0,2715.0,2715.0,2715.0,2715.0,2.0,CC=F,USD,NYB
2023-02-28,2748.0,2748.0,2748.0,2748.0,2748.0,0.0,CC=F,USD,NYB
2023-03-01,2830.0,2831.0,2830.0,2800.0,2800.0,2.0,CC=F,USD,NYB
2023-03-02,2769.0,2815.0,2730.0,2760.0,2760.0,57.0,CC=F,USD,NYB
2023-03-03,2744.0,2749.0,2720.0,2730.0,2730.0,4.0,CC=F,USD,NYB
2023-03-06,2761.0,2761.0,2761.0,2761.0,2761.0,0.0,CC=F,USD,NYB
2023-03-07,2726.0,2726.0,2726.0,2726.0,2726.0,0.0,CC=F,USD,NYB
2023-03-08,2705.0,2705.0,2705.0,2699.0,2699.0,1.0,CC=F,USD,NYB
2023-03-09,2699.0,2700.0,2697.0,2702.0,2702.0,21.0,CC=F,USD,NYB
2023-03-10,2675.0,2678.0,2638.0,2674.0,2674.0,4.0,CC=F,USD,NYB
2023-03-13,2613.0,2613.0,2613.0,2613.0,2613.0,0.0,CC=F,USD,NYB
2023-03-14,2606.0,2606.0,2600.0,2628.0,2628.0,5.0,CC=F,USD,NYB
2023-03-15,2586.0,2586.0,2586.0,2586.0,2586.0,0.0,CC=F,USD,NYB
2023-03-16,2658.0,2658.0,2658.0,2658.0,2658.0,35894.0,CC=F,USD,NYB
2023-03-17,2695.0,2746.0,2695.0,2738.0,2738.0,32963.0,CC=F,USD,NYB
2023-03-20,2715.0,2796.0,2713.0,2785.0,2785.0,33309.0,CC=F,USD,NYB
2023-03-21,2788.0,2823.0,2781.0,2817.0,2817.0,32438.0,CC=F,USD,NYB
2023-03-22,2816.0,2878.0,2816.0,2874.0,2874.0,39680.0,CC=F,USD,NYB
2023-03-23,2873.0,2888.0,2843.0,2868.0,2868.0,34475.0,CC=F,USD,NYB
2023-03-24,2851.0,2892.0,2849.0,2884.0,2884.0,25486.0,CC=F,USD,NYB
2023-03-27,2881.0,2923.0,2867.0,2902.0,2902.0,28448.0,CC=F,USD,NYB
2023-03-28,2903.0,2922.0,2888.0,2901.0,2901.0,23740.0,CC=F,USD,NYB
2023-03-29,2900.0,2903.0,2874.0,2880.0,2880.0,21729.0,CC=F,USD,NYB
2023-03-30,2873.0,2927.0,2848.0,2917.0,2917.0,36611.0,CC=F,USD,NYB
2023-03-31,2917.0,2963.0,2905.0,2933.0,2933.0,29946.0,CC=F,USD,NYB
2023-04-03,2927.0,2929.0,2851.0,2868.0,2868.0,35388.0,CC=F,USD,NYB
2023-04-04,2867.0,2925.0,2858.0,2914.0,2914.0,40763.0,CC=F,USD,NYB
2023-04-05,2921.0,2922.0,2886.0,2903.0,2903.0,36591.0,CC=F,USD,NYB
2023-04-06,2919.0,2936.0,2902.0,2919.0,2919.0,0.0,CC=F,USD,NYB
2023-04-10,2919.0,2934.0,2864.0,2922.0,2922.0,28419.0,CC=F,USD,NYB
2023-04-11,2923.0,2994.0,2920.0,2985.0,2985.0,45874.0,CC=F,USD,NYB
2023-04-12,2978.0,2998.0,2941.0,2954.0,2954.0,21048.0,CC=F,USD,NYB
2023-04-13,2982.0,3017.0,2960.0,3002.0,3002.0,13414.0,CC=F,USD,NYB
2023-04-14,3002.0,3043.0,2964.0,2984.0,2984.0,11071.0,CC=F,USD,NYB
2023-04-17,2979.0,3013.0,2974.0,3003.0,3003.0,9765.0,CC=F,USD,NYB
2023-04-18,3015.0,3072.0,2991.0,3054.0,3054.0,9881.0,CC=F,USD,NYB
2023-04-19,3066.0,3085.0,3038.0,3079.0,3079.0,9114.0,CC=F,USD,NYB
2023-04-20,3079.0,3103.0,3057.0,3087.0,3087.0,8693.0,CC=F,USD,NYB
2023-04-21,3103.0,3221.0,3074.0,3171.0,3171.0,3086.0,CC=F,USD,NYB
2023-04-24,3207.0,3209.0,3152.0,3203.0,3203.0,107.0,CC=F,USD,NYB
2023-04-25,3200.0,3200.0,3117.0,3149.0,3149.0,41.0,CC=F,USD,NYB
2023-04-26,3165.0,3189.0,3164.0,3176.0,3176.0,18.0,CC=F,USD,NYB
2023-04-27,3171.0,3171.0,3171.0,3150.0,3150.0,7.0,CC=F,USD,NYB
2023-04-28,3137.0,3178.0,3137.0,3174.0,3174.0,13.0,CC=F,USD,NYB
2023-05-01,3200.0,3200.0,3200.0,3171.0,3171.0,24.0,CC=F,USD,NYB
2023-05-02,3125.0,3125.0,3125.0,3130.0,3130.0,8.0,CC=F,USD,NYB
2023-05-03,3100.0,3101.0,2988.0,3014.0,3014.0,36.0,CC=F,USD,NYB
2023-05-04,3052.0,3052.0,3052.0,3052.0,3052.0,0.0,CC=F,USD,NYB
2023-05-05,3109.0,3109.0,3109.0,3109.0,3109.0,0.0,CC=F,USD,NYB
2023-05-08,3188.0,3195.0,3178.0,3179.0,3179.0,4.0,CC=F,USD,NYB
2023-05-09,3235.0,3242.0,3235.0,3229.0,3229.0,10.0,CC=F,USD,NYB
2023-05-10,3269.0,3277.0,3263.0,3260.0,3260.0,11.0,CC=F,USD,NYB
2023-05-11,3269.0,3269.0,3200.0,3242.0,3242.0,8.0,CC=F,USD,NYB
2023-05-12,3244.0,3279.0,3244.0,3226.0,3226.0,49.0,CC=F,USD,NYB
2023-05-15,3160.0,3160.0,3160.0,3160.0,3160.0,21300.0,CC=F,USD,NYB
2023-05-16,2980.0,3008.0,2974.0,2995.0,2995.0,19384.0,CC=F,USD,NYB
2023-05-17,2989.0,3012.0,2968.0,3000.0,3000.0,14464.0,CC=F,USD,NYB
2023-05-18,3000.0,3030.0,2985.0,2991.0,2991.0,21182.0,CC=F,USD,NYB
2023-05-19,2988.0,3074.0,2971.0,3068.0,3068.0,31231.0,CC=F,USD,NYB
2023-05-22,3074.0,3079.0,3019.0,3023.0,3023.0,24531.0,CC=F,USD,NYB
2023-05-23,3021.0,3049.0,3009.0,3016.0,3016.0,16988.0,CC=F,USD,NYB
2023-05-24,3010.0,3034.0,2985.0,3010.0,3010.0,19258.0,CC=F,USD,NYB
2023-05-25,3008.0,3028.0,2992.0,3017.0,3017.0,16176.0,CC=F,USD,NYB
2023-05-26,3017.0,3038.0,2988.0,2991.0,2991.0,26105.0,CC=F,USD,NYB
2023-05-30,2991.0,3028.0,2991.0,3005.0,3005.0,19322.0,CC=F,USD,NYB
2023-05-31,3000.0,3031.0,2993.0,3007.0,3007.0,26454.0,CC=F,USD,NYB
2023-06-01,3017.0,3047.0,3002.0,3008.0,3008.0,34422.0,CC=F,USD,NYB
2023-06-02,3003.0,3034.0,2991.0,3026.0,3026.0,25530.0,CC=F,USD,NYB
2023-06-05,3020.0,3065.0,3002.0,3056.0,3056.0,28784.0,CC=F,USD,NYB
2023-06-06,3063.0,3096.0,3040.0,3045.0,3045.0,52105.0,CC=F,USD,NYB
2023-06-07,3038.0,3109.0,3028.0,3103.0,3103.0,43640.0,CC=F,USD,NYB
2023-06-08,3104.0,3169.0,3090.0,3149.0,3149.0,26981.0,CC=F,USD,NYB
2023-06-09,3162.0,3182.0,3142.0,3180.0,3180.0,27194.0,CC=F,USD,NYB
2023-06-12,3170.0,3188.0,3129.0,3136.0,3136.0,17951.0,CC=F,USD,NYB
2023-06-13,3141.0,3261.0,3141.0,3186.0,3186.0,20201.0,CC=F,USD,NYB
2023-06-14,3182.0,3225.0,3142.0,3189.0,3189.0,22385.0,CC=F,USD,NYB
2023-06-15,3200.0,3236.0,3164.0,3226.0,3226.0,7851.0,CC=F,USD,NYB
2023-06-16,3218.0,3228.0,3171.0,3188.0,3188.0,5721.0,CC=F,USD,NYB
2023-06-20,3192.0,3192.0,3129.0,3142.0,3142.0,12149.0,CC=F,USD,NYB
2023-06-21,3131.0,3182.0,3104.0,3164.0,3164.0,4001.0,CC=F,USD,NYB
2023-06-22,3157.0,3166.0,3128.0,3138.0,3138.0,1663.0,CC=F,USD,NYB
2023-06-23,3122.0,3147.0,3109.0,3123.0,3123.0,2119.0,CC=F,USD,NYB
2023-06-26,3150.0,3233.0,3150.0,3206.0,3206.0,21.0,CC=F,USD,NYB
2023-06-27,3217.0,3217.0,3209.0,3212.0,3212.0,11.0,CC=F,USD,NYB
2023-06-28,3242.0,3258.0,3237.0,3292.0,3292.0,19.0,CC=F,USD,NYB
2023-06-29,3253.0,3253.0,3253.0,3218.0,3218.0,3.0,CC=F,USD,NYB
2023-06-30,3324.0,3324.0,3324.0,3318.0,3318.0,2.0,CC=F,USD,NYB
2023-07-03,3306.0,3306.0,3306.0,3364.0,3364.0,1.0,CC=F,USD,NYB
2023-07-05,3341.0,3356.0,3323.0,3334.0,3334.0,42.0,CC=F,USD,NYB
2023-07-06,3277.0,3277.0,3277.0,3277.0,3277.0,0.0,CC=F,USD,NYB
2023-07-07,3290.0,3290.0,3290.0,3274.0,3274.0,3.0,CC=F,USD,NYB
2023-07-10,3309.0,3309.0,3290.0,3299.0,3299.0,2.0,CC=F,USD,NYB
2023-07-11,3296.0,3296.0,3296.0,3296.0,3296.0,0.0,CC=F,USD,NYB
2023-07-12,3293.0,3305.0,3293.0,3299.0,3299.0,19.0,CC=F,USD,NYB
2023-07-13,3268.0,3268.0,3230.0,3232.0,3232.0,8.0,CC=F,USD,NYB
2023-07-14,3307.0,3307.0,3307.0,3307.0,3307.0,35464.0,CC=F,USD,NYB
2023-07-17,3351.0,3374.0,3323.0,3359.0,3359.0,18464.0,CC=F,USD,NYB
2023-07-18,3371.0,3429.0,3343.0,3407.0,3407.0,23093.0,CC=F,USD,NYB
2023-07-19,3400.0,3439.0,3382.0,3433.0,3433.0,21683.0,CC=F,USD,NYB
2023-07-20,3410.0,3420.0,3373.0,3388.0,3388.0,18330.0,CC=F,USD,NYB
2023-07-21,3368.0,3427.0,3360.0,3415.0,3415.0,17637.0,CC=F,USD,NYB
2023-07-24,3410.0,3425.0,3391.0,3417.0,3417.0,13588.0,CC=F,USD,NYB
2023-07-25,3427.0,3519.0,3421.0,3470.0,3470.0,27274.0,CC=F,USD,NYB
2023-07-26,3470.0,3569.0,3464.0,3552.0,3552.0,40035.0,CC=F,USD,NYB
2023-07-27,3580.0,3602.0,3502.0,3529.0,3529.0,23786.0,CC=F,USD,NYB
2023-07-28,3549.0,3562.0,3518.0,3525.0,3525.0,14059.0,CC=F,USD,NYB
2023-07-31,3527.0,3569.0,3523.0,3548.0,3548.0,19202.0,CC=F,USD,NYB
2023-08-01,3551.0,3578.0,3507.0,3543.0,3543.0,29107.0,CC=F,USD,NYB
2023-08-02,3538.0,3582.0,3530.0,3562.0,3562.0,28982.0,CC=F,USD,NYB
2023-08-03,3550.0,3559.0,3484.0,3491.0,3491.0,33437.0,CC=F,USD,NYB
2023-08-04,3486.0,3551.0,3485.0,3510.0,3510.0,39427.0,CC=F,USD,NYB
2023-08-07,3498.0,3652.0,3430.0,3476.0,3476.0,79742.0,CC=F,USD,NYB
2023-08-08,3456.0,3456.0,3266.0,3333.0,3333.0,44561.0,CC=F,USD,NYB
2023-08-09,3342.0,3368.0,3278.0,3319.0,3319.0,22758.0,CC=F,USD,NYB
2023-08-10,3299.0,3316.0,3237.0,3282.0,3282.0,22965.0,CC=F,USD,NYB
2023-08-11,3264.0,3311.0,3245.0,3297.0,3297.0,13733.0,CC=F,USD,NYB
2023-08-14,3305.0,3343.0,3293.0,3321.0,3321.0,6923.0,CC=F,USD,NYB
2023-08-15,3308.0,3376.0,3305.0,3340.0,3340.0,5144.0,CC=F,USD,NYB
2023-08-16,3336.0,3381.0,3324.0,3372.0,3372.0,7301.0,CC=F,USD,NYB
2023-08-17,3382.0,3440.0,3382.0,3413.0,3413.0,3819.0,CC=F,USD,NYB
2023-08-18,3410.0,3410.0,3354.0,3366.0,3366.0,3650.0,CC=F,USD,NYB
2023-08-21,3355.0,3409.0,3338.0,3355.0,3355.0,2056.0,CC=F,USD,NYB
2023-08-22,3368.0,3375.0,3311.0,3329.0,3329.0,3368.0,CC=F,USD,NYB
2023-08-23,3328.0,3347.0,3301.0,3323.0,3323.0,2122.0,CC=F,USD,NYB
2023-08-24,3328.0,3399.0,3298.0,3363.0,3363.0,4359.0,CC=F,USD,NYB
2023-08-25,3439.0,3440.0,3437.0,3430.0,3430.0,47.0,CC=F,USD,NYB
2023-08-28,3465.0,3465.0,3444.0,3442.0,3442.0,6.0,CC=F,USD,NYB
2023-08-29,3525.0,3549.0,3525.0,3555.0,3555.0,5.0,CC=F,USD,NYB
2023-08-30,3576.0,3576.0,3576.0,3606.0,3606.0,2.0,CC=F,USD,NYB
2023-08-31,3633.0,3633.0,3633.0,3602.0,3602.0,1.0,CC=F,USD,NYB
2023-09-01,3626.0,3626.0,3575.0,3574.0,3574.0,7.0,CC=F,USD,NYB
2023-09-05,3638.0,3638.0,3595.0,3560.0,3560.0,83.0,CC=F,USD,NYB
2023-09-06,3577.0,3577.0,3577.0,3577.0,3577.0,1.0,CC=F,USD,NYB
2023-09-07,3565.0,3591.0,3565.0,3573.0,3573.0,6.0,CC=F,USD,NYB
2023-09-08,3624.0,3625.0,3610.0,3609.0,3609.0,19.0,CC=F,USD,NYB
2023-09-11,3618.0,3618.0,3618.0,3611.0,3611.0,5.0,CC=F,USD,NYB
2023-09-12,3650.0,3808.0,3650.0,3772.0,3772.0,22.0,CC=F,USD,NYB
2023-09-13,3853.0,3874.0,3853.0,3849.0,3849.0,3.0,CC=F,USD,NYB
2023-09-14,3853.0,3853.0,3853.0,3853.0,3853.0,17479.0,CC=F,USD,NYB
2023-09-15,3738.0,3763.0,3725.0,3757.0,3757.0,14101.0,CC=F,USD,NYB
2023-09-18,3747.0,3754.0,3613.0,3621.0,3621.0,29765.0,CC=F,USD,NYB
2023-09-19,3640.0,3688.0,3633.0,3642.0,3642.0,22497.0,CC=F,USD,NYB
2023-09-20,3614.0,3625.0,3555.0,3570.0,3570.0,25702.0,CC=F,USD,NYB
2023-09-21,3576.0,3609.0,3553.0,3595.0,3595.0,21421.0,CC=F,USD,NYB
2023-09-22,3595.0,3643.0,3565.0,3582.0,3582.0,20986.0,CC=F,USD,NYB
2023-09-25,3583.0,3583.0,3491.0,3496.0,3496.0,23820.0,CC=F,USD,NYB
2023-09-26,3500.0,3539.0,3488.0,3500.0,3500.0,19988.0,CC=F,USD,NYB
2023-09-27,3489.0,3489.0,3398.0,3416.0,3416.0,32686.0,CC=F,USD,NYB
2023-09-28,3431.0,3471.0,3425.0,3459.0,3459.0,23340.0,CC=F,USD,NYB
2023-09-29,3457.0,3484.0,3402.0,3418.0,3418.0,25999.0,CC=F,USD,NYB
2023-10-02,3432.0,3525.0,3432.0,3502.0,3502.0,27425.0,CC=F,USD,NYB
2023-10-03,3487.0,3508.0,3414.0,3428.0,3428.0,22599.0,CC=F,USD,NYB
2023-10-04,3414.0,3453.0,3410.0,3431.0,3431.0,15882.0,CC=F,USD,NYB
2023-10-05,3438.0,3445.0,3375.0,3400.0,3400.0,22992.0,CC=F,USD,NYB
2023-10-06,3392.0,3469.0,3373.0,3453.0,3453.0,22147.0,CC=F,USD,NYB
2023-10-09,3460.0,3465.0,3406.0,3435.0,3435.0,14886.0,CC=F,USD,NYB
2023-10-10,3444.0,3479.0,3432.0,3474.0,3474.0,15117.0,CC=F,USD,NYB
2023-10-11,3485.0,3490.0,3426.0,3432.0,3432.0,14216.0,CC=F,USD,NYB
2023-10-12,3480.0,3503.0,3460.0,3490.0,3490.0,19367.0,CC=F,USD,NYB
2023-10-13,3488.0,3514.0,3455.0,3499.0,3499.0,17559.0,CC=F,USD,NYB
2023-10-16,3513.0,3613.0,3506.0,3591.0,3591.0,30432.0,CC=F,USD,NYB
2023-10-17,3584.0,3642.0,3570.0,3635.0,3635.0,20606.0,CC=F,USD,NYB
2023-10-18,3627.0,3672.0,3615.0,3639.0,3639.0,23508.0,CC=F,USD,NYB
2023-10-19,3660.0,3700.0,3630.0,3648.0,3648.0,21540.0,CC=F,USD,NYB
2023-10-20,3616.0,3710.0,3603.0,3694.0,3694.0,20399.0,CC=F,USD,NYB
2023-10-23,3726.0,3786.0,3715.0,3759.0,3759.0,20738.0,CC=F,USD,NYB
2023-10-24,3774.0,3778.0,3701.0,3729.0,3729.0,23275.0,CC=F,USD,NYB
2023-10-25,3722.0,3781.0,3716.0,3735.0,3735.0,19776.0,CC=F,USD,NYB
2023-10-26,3739.0,3837.0,3732.0,3810.0,3810.0,22206.0,CC=F,USD,NYB
2023-10-27,3812.0,3871.0,3808.0,3852.0,3852.0,22900.0,CC=F,USD,NYB
2023-10-30,3860.0,3880.0,3810.0,3826.0,3826.0,16837.0,CC=F,USD,NYB
2023-10-31,3839.0,3874.0,3795.0,3817.0,3817.0,22845.0,CC=F,USD,NYB
2023-11-01,3806.0,3825.0,3781.0,3794.0,3794.0,16708.0,CC=F,USD,NYB
2023-11-02,3810.0,3867.0,3809.0,3865.0,3865.0,19046.0,CC=F,USD,NYB
2023-11-03,3859.0,3906.0,3823.0,3898.0,3898.0,25573.0,CC=F,USD,NYB
2023-11-06,3900.0,3954.0,3865.0,3914.0,3914.0,45901.0,CC=F,USD,NYB
2023-11-07,3935.0,3969.0,3866.0,3883.0,3883.0,34321.0,CC=F,USD,NYB
2023-11-08,3885.0,3933.0,3844.0,3916.0,3916.0,35999.0,CC=F,USD,NYB
2023-11-09,3935.0,3974.0,3924.0,3949.0,3949.0,19754.0,CC=F,USD,NYB
2023-11-10,3942.0,4012.0,3942.0,3991.0,3991.0,18417.0,CC=F,USD,NYB
2023-11-13,3998.0,4060.0,3990.0,4051.0,4051.0,12766.0,CC=F,USD,NYB
2023-11-14,4067.0,4110.0,3914.0,3946.0,3946.0,21864.0,CC=F,USD,NYB
2023-11-15,3925.0,3969.0,3886.0,3939.0,3939.0,10180.0,CC=F,USD,NYB
2023-11-16,3974.0,4040.0,3974.0,4004.0,4004.0,7246.0,CC=F,USD,NYB
2023-11-17,4003.0,4091.0,4002.0,4083.0,4083.0,8589.0,CC=F,USD,NYB
2023-11-20,4069.0,4099.0,4021.0,4034.0,4034.0,10602.0,CC=F,USD,NYB
2023-11-21,4050.0,4267.0,4046.0,4227.0,4227.0,9761.0,CC=F,USD,NYB
2023-11-22,4253.0,4260.0,4160.0,4173.0,4173.0,713.0,CC=F,USD,NYB
2023-11-24,4251.0,4251.0,4235.0,4219.0,4219.0,33.0,CC=F,USD,NYB
2023-11-27,4220.0,4267.0,4220.0,4260.0,4260.0,321.0,CC=F,USD,NYB
2023-11-28,4291.0,4381.0,4263.0,4370.0,4370.0,86.0,CC=F,USD,NYB
2023-11-29,4375.0,4419.0,4375.0,4438.0,4438.0,12.0,CC=F,USD,NYB
2023-11-30,4428.0,4463.0,4428.0,4475.0,4475.0,15.0,CC=F,USD,NYB
2023-12-01,4428.0,4428.0,4399.0,4398.0,4398.0,14.0,CC=F,USD,NYB
2023-12-04,4253.0,4253.0,4253.0,4271.0,4271.0,15.0,CC=F,USD,NYB
2023-12-05,4240.0,4240.0,4240.0,4206.0,4206.0,7.0,CC=F,USD,NYB
2023-12-06,4206.0,4230.0,4206.0,4241.0,4241.0,39.0,CC=F,USD,NYB
2023-12-07,4366.0,4366.0,4366.0,4340.0,4340.0,1.0,CC=F,USD,NYB
2023-12-08,4381.0,4381.0,4381.0,4381.0,4381.0,0.0,CC=F,USD,NYB
2023-12-11,4419.0,4419.0,4388.0,4351.0,4351.0,5.0,CC=F,USD,NYB
2023-12-12,4478.0,4478.0,4456.0,4375.0,4375.0,6.0,CC=F,USD,NYB
2023-12-13,4395.0,4395.0,4395.0,4395.0,4395.0,15859.0,CC=F,USD,NYB
2023-12-14,4270.0,4317.0,4237.0,4267.0,4267.0,25216.0,CC=F,USD,NYB
2023-12-15,4273.0,4282.0,4231.0,4244.0,4244.0,19048.0,CC=F,USD,NYB
2023-12-18,4255.0,4307.0,4241.0,4271.0,4271.0,18493.0,CC=F,USD,NYB
2023-12-19,4285.0,4307.0,4254.0,4289.0,4289.0,16193.0,CC=F,USD,NYB
2023-12-20,4288.0,4334.0,4271.0,4309.0,4309.0,16998.0,CC=F,USD,NYB
2023-12-21,4300.0,4320.0,4267.0,4288.0,4288.0,20606.0,CC=F,USD,NYB
2023-12-22,4277.0,4325.0,4275.0,4311.0,4311.0,12715.0,CC=F,USD,NYB
2023-12-26,4320.0,4343.0,4276.0,4283.0,4283.0,9121.0,CC=F,USD,NYB
2023-12-27,4296.0,4315.0,4277.0,4280.0,4280.0,12495.0,CC=F,USD,NYB
2023-12-28,4288.0,4302.0,4235.0,4256.0,4256.0,16113.0,CC=F,USD,NYB
2023-12-29,4256.0,4256.0,4193.0,4196.0,4196.0,18596.0,CC=F,USD,NYB
2024-01-02,4209.0,4287.0,4200.0,4275.0,4275.0,24130.0,CC=F,USD,NYB
2024-01-03,4265.0,4273.0,4204.0,4238.0,4238.0,25190.0,CC=F,USD,NYB
2024-01-04,4233.0,4267.0,4232.0,4260.0,4260.0,15720.0,CC=F,USD,NYB
2024-01-05,4260.0,4274.0,4194.0,4204.0,4204.0,19627.0,CC=F,USD,NYB
2024-01-08,4194.0,4194.0,4034.0,4094.0,4094.0,53188.0,CC=F,USD,NYB
2024-01-09,4110.0,4202.0,4092.0,4162.0,4162.0,28725.0,CC=F,USD,NYB
2024-01-10,4171.0,4235.0,4156.0,4206.0,4206.0,22852.0,CC=F,USD,NYB
2024-01-11,4210.0,4280.0,4199.0,4274.0,4274.0,24520.0,CC=F,USD,NYB
2024-01-12,4290.0,4358.0,4285.0,4323.0,4323.0,30064.0,CC=F,USD,NYB
2024-01-16,4355.0,4448.0,4321.0,4429.0,4429.0,35655.0,CC=F,USD,NYB
2024-01-17,4420.0,4478.0,4406.0,4448.0,4448.0,27594.0,CC=F,USD,NYB
2024-01-18,4428.0,4497.0,4415.0,4458.0,4458.0,29379.0,CC=F,USD,NYB
2024-01-19,4499.0,4607.0,4479.0,4583.0,4583.0,39687.0,CC=F,USD,NYB
2024-01-22,4589.0,4607.0,4529.0,4565.0,4565.0,27707.0,CC=F,USD,NYB
2024-01-23,4570.0,4835.0,4570.0,4634.0,4634.0,50898.0,CC=F,USD,NYB
2024-01-24,4679.0,4808.0,4658.0,4785.0,4785.0,36933.0,CC=F,USD,NYB
2024-01-25,4815.0,4840.0,4610.0,4625.0,4625.0,44374.0,CC=F,USD,NYB
2024-01-26,4650.0,4696.0,4614.0,4672.0,4672.0,25005.0,CC=F,USD,NYB
2024-01-29,4679.0,4755.0,4632.0,4732.0,4732.0,29981.0,CC=F,USD,NYB
2024-01-30,4743.0,4843.0,4712.0,4805.0,4805.0,33961.0,CC=F,USD,NYB
2024-01-31,4795.0,4869.0,4770.0,4822.0,4822.0,25256.0,CC=F,USD,NYB
2024-02-01,4832.0,4981.0,4828.0,4956.0,4956.0,36184.0,CC=F,USD,NYB
2024-02-02,4990.0,5032.0,4939.0,5009.0,5009.0,37945.0,CC=F,USD,NYB
2024-02-05,5035.0,5249.0,5010.0,5189.0,5189.0,37591.0,CC=F,USD,NYB
2024-02-06,5244.0,5288.0,5133.0,5220.0,5220.0,36089.0,CC=F,USD,NYB
2024-02-07,5219.0,5429.0,5194.0,5410.0,5410.0,42231.0,CC=F,USD,NYB
2024-02-08,5488.0,5874.0,5451.0,5805.0,5805.0,37991.0,CC=F,USD,NYB
2024-02-09,5900.0,6030.0,5528.0,5888.0,5888.0,35319.0,CC=F,USD,NYB
2024-02-12,5868.0,5958.0,5773.0,5860.0,5860.0,16137.0,CC=F,USD,NYB
2024-02-13,5828.0,6029.0,5815.0,6001.0,6001.0,12137.0,CC=F,USD,NYB
2024-02-14,6008.0,6039.0,5812.0,5949.0,5949.0,9014.0,CC=F,USD,NYB
2024-02-15,5956.0,6030.0,5888.0,5961.0,5961.0,6096.0,CC=F,USD,NYB
2024-02-16,5947.0,5964.0,5689.0,5706.0,5706.0,10725.0,CC=F,USD,NYB
2024-02-20,5750.0,6069.0,5750.0,5999.0,5999.0,6822.0,CC=F,USD,NYB
2024-02-21,6050.0,6311.0,6022.0,6198.0,6198.0,2545.0,CC=F,USD,NYB
2024-02-22,6336.0,6340.0,5961.0,6169.0,6169.0,843.0,CC=F,USD,NYB
2024-02-23,6033.0,6750.0,6033.0,6562.0,6562.0,83.0,CC=F,USD,NYB
2024-02-26,6765.0,6929.0,6650.0,6884.0,6884.0,42.0,CC=F,USD,NYB
2024-02-27,6780.0,6893.0,6743.0,6755.0,6755.0,8.0,CC=F,USD,NYB
2024-02-28,6590.0,6590.0,6362.0,6380.0,6380.0,7.0,CC=F,USD,NYB
2024-02-29,6413.0,6466.0,6413.0,6510.0,6510.0,319.0,CC=F,USD,NYB
2024-03-01,6769.0,6769.0,6769.0,6826.0,6826.0,5.0,CC=F,USD,NYB
2024-03-04,7057.0,7057.0,7057.0,7057.0,7057.0,0.0,CC=F,USD,NYB
2024-03-05,7000.0,7000.0,7000.0,6970.0,6970.0,1.0,CC=F,USD,NYB
2024-03-06,7170.0,7170.0,7170.0,7170.0,7170.0,3.0,CC=F,USD,NYB
2024-03-07,7000.0,7000.0,7000.0,7054.0,7054.0,1.0,CC=F,USD,NYB
2024-03-08,6928.0,6928.0,6928.0,6997.0,6997.0,1.0,CC=F,USD,NYB
2024-03-11,7329.0,7329.0,7329.0,7329.0,7329.0,0.0,CC=F,USD,NYB
2024-03-12,7890.0,7974.0,7890.0,8048.0,8048.0,8.0,CC=F,USD,NYB
2024-03-13,8034.0,8034.0,8034.0,8034.0,8034.0,20260.0,CC=F,USD,NYB
2024-03-14,7185.0,7715.0,7063.0,7405.0,7405.0,29410.0,CC=F,USD,NYB
2024-03-15,7435.0,8186.0,7357.0,8018.0,8018.0,25580.0,CC=F,USD,NYB
2024-03-18,8179.0,8493.0,7824.0,8172.0,8172.0,32655.0,CC=F,USD,NYB
2024-03-19,8188.0,8412.0,7963.0,8027.0,8027.0,19138.0,CC=F,USD,NYB
2024-03-20,7920.0,8429.0,7716.0,8324.0,8324.0,23723.0,CC=F,USD,NYB
2024-03-21,8395.0,8653.0,8149.0,8559.0,8559.0,21272.0,CC=F,USD,NYB
2024-03-22,8573.0,8960.0,8465.0,8939.0,8939.0,16403.0,CC=F,USD,NYB
2024-03-25,8921.0,9684.0,8889.0,9649.0,9649.0,19698.0,CC=F,USD,NYB
2024-03-26,9847.0,10080.0,9574.0,9622.0,9622.0,26263.0,CC=F,USD,NYB
2024-03-27,9509.0,9917.0,9267.0,9843.0,9843.0,23291.0,CC=F,USD,NYB
2024-03-28,9906.0,10014.0,9671.0,9766.0,9766.0,17953.0,CC=F,USD,NYB
2024-04-01,9720.0,10318.0,9632.0,10120.0,10120.0,11594.0,CC=F,USD,NYB
2024-04-02,10186.0,10324.0,9808.0,9949.0,9949.0,19824.0,CC=F,USD,NYB
2024-04-03,9858.0,10044.0,9406.0,9524.0,9524.0,23087.0,CC=F,USD,NYB
2024-04-04,9389.0,9644.0,9150.0,9462.0,9462.0,14914.0,CC=F,USD,NYB
2024-04-05,9668.0,9990.0,9480.0,9795.0,9795.0,16993.0,CC=F,USD,NYB
2024-04-08,9953.0,10443.0,9669.0,9895.0,9895.0,22946.0,CC=F,USD,NYB
2024-04-09,9717.0,10321.0,9653.0,10204.0,10204.0,15144.0,CC=F,USD,NYB
2024-04-10,10300.0,10629.0,10148.0,10411.0,10411.0,10866.0,CC=F,USD,NYB
2024-04-11,10445.0,10771.0,10319.0,10373.0,10373.0,12639.0,CC=F,USD,NYB
2024-04-12,10400.0,11039.0,10357.0,10987.0,10987.0,6464.0,CC=F,USD,NYB
2024-04-15,10884.0,11206.0,10830.0,11001.0,11001.0,5550.0,CC=F,USD,NYB
2024-04-16,11063.0,11085.0,9988.0,10243.0,10243.0,4386.0,CC=F,USD,NYB
2024-04-17,10173.0,10630.0,10100.0,10340.0,10340.0,5414.0,CC=F,USD,NYB
2024-04-18,10620.0,11388.0,10530.0,11311.0,11311.0,5542.0,CC=F,USD,NYB
2024-04-19,11504.0,12261.0,11132.0,11878.0,11878.0,2808.0,CC=F,USD,NYB
2024-04-22,11967.0,12136.0,10929.0,11166.0,11166.0,1652.0,CC=F,USD,NYB
2024-04-23,10803.0,10835.0,10221.0,10584.0,10584.0,3530.0,CC=F,USD,NYB
2024-04-24,10835.0,11600.0,10835.0,11043.0,11043.0,19.0,CC=F,USD,NYB
2024-04-25,11530.0,11530.0,10800.0,10988.0,10988.0,6.0,CC=F,USD,NYB
2024-04-26,10973.0,10975.0,10973.0,10729.0,10729.0,8.0,CC=F,USD,NYB
2024-04-29,10327.0,10327.0,9958.0,9983.0,9983.0,30.0,CC=F,USD,NYB
2024-04-30,9610.0,10115.0,8651.0,10133.0,10133.0,18.0,CC=F,USD,NYB
2024-05-01,9206.0,9206.0,8930.0,9183.0,9183.0,15.0,CC=F,USD,NYB
2024-05-02,8750.0,8750.0,8240.0,8483.0,8483.0,22.0,CC=F,USD,NYB
2024-05-03,8550.0,8550.0,8513.0,8505.0,8505.0,10.0,CC=F,USD,NYB
2024-05-06,8570.0,8570.0,8570.0,8571.0,8571.0,4.0,CC=F,USD,NYB
2024-05-07,9593.0,9593.0,9593.0,9593.0,9593.0,0.0,CC=F,USD,NYB
2024-05-08,9617.0,9617.0,9617.0,9617.0,9617.0,0.0,CC=F,USD,NYB
2024-05-09,9678.0,9678.0,9678.0,9678.0,9678.0,0.0,CC=F,USD,NYB
2024-05-10,9874.0,9874.0,9874.0,9874.0,9874.0,0.0,CC=F,USD,NYB
2024-05-13,8149.0,8149.0,8149.0,8149.0,8149.0,0.0,CC=F,USD,NYB
2024-05-14,9000.0,9000.0,9000.0,8751.0,8751.0,1.0,CC=F,USD,NYB
2024-05-15,9066.0,9066.0,9066.0,9066.0,9066.0,8426.0,CC=F,USD,NYB
2024-05-16,7896.0,7951.0,7202.0,7393.0,7393.0,11580.0,CC=F,USD,NYB
2024-05-17,7350.0,7685.0,7137.0,7348.0,7348.0,7907.0,CC=F,USD,NYB
2024-05-20,7277.0,7373.0,6767.0,7216.0,7216.0,10261.0,CC=F,USD,NYB
2024-05-21,7077.0,7492.0,6910.0,7394.0,7394.0,7994.0,CC=F,USD,NYB
2024-05-22,7372.0,7638.0,7273.0,7536.0,7536.0,8462.0,CC=F,USD,NYB
2024-05-23,7423.0,8400.0,7323.0,8109.0,8109.0,14084.0,CC=F,USD,NYB
2024-05-24,8219.0,8436.0,7869.0,8294.0,8294.0,10974.0,CC=F,USD,NYB
2024-05-28,8200.0,8800.0,7942.0,8780.0,8780.0,15093.0,CC=F,USD,NYB
2024-05-29,8730.0,9460.0,8690.0,9309.0,9309.0,14757.0,CC=F,USD,NYB
2024-05-30,9278.0,9550.0,9054.0,9257.0,9257.0,9201.0,CC=F,USD,NYB
2024-05-31,9242.0,9420.0,9031.0,9331.0,9331.0,8033.0,CC=F,USD,NYB
2024-06-03,9331.0,10047.0,9181.0,9775.0,9775.0,17665.0,CC=F,USD,NYB
2024-06-04,9446.0,9697.0,9162.0,9557.0,9557.0,14149.0,CC=F,USD,NYB
2024-06-05,9410.0,9642.0,9103.0,9408.0,9408.0,12615.0,CC=F,USD,NYB
2024-06-06,9600.0,9987.0,9566.0,9872.0,9872.0,11501.0,CC=F,USD,NYB
2024-06-07,9865.0,10098.0,9812.0,9933.0,9933.0,15259.0,CC=F,USD,NYB
2024-06-10,9933.0,10038.0,9411.0,9687.0,9687.0,9152.0,CC=F,USD,NYB
2024-06-11,9597.0,10055.0,9597.0,9910.0,9910.0,9207.0,CC=F,USD,NYB
2024-06-12,10088.0,10640.0,9950.0,10539.0,10539.0,7296.0,CC=F,USD,NYB
2024-06-13,10595.0,11000.0,10491.0,10810.0,10810.0,4837.0,CC=F,USD,NYB
2024-06-14,10784.0,10850.0,9567.0,10294.0,10294.0,2946.0,CC=F,USD,NYB
2024-06-17,10225.0,10307.0,9477.0,9659.0,9659.0,3308.0,CC=F,USD,NYB
2024-06-18,9628.0,10014.0,9531.0,9938.0,9938.0,2336.0,CC=F,USD,NYB
2024-06-20,9910.0,10295.0,9319.0,9598.0,9598.0,2143.0,CC=F,USD,NYB
2024-06-21,9280.0,9725.0,8600.0,8995.0,8995.0,1568.0,CC=F,USD,NYB
2024-06-24,8792.0,8864.0,7882.0,7978.0,7978.0,28.0,CC=F,USD,NYB
2024-06-25,8144.0,8144.0,7521.0,7967.0,7967.0,7.0,CC=F,USD,NYB
2024-06-26,7950.0,7950.0,7500.0,7797.0,7797.0,5.0,CC=F,USD,NYB
2024-06-27,7500.0,7500.0,7361.0,7397.0,7397.0,9.0,CC=F,USD,NYB
2024-06-28,7692.0,7692.0,7692.0,7729.0,7729.0,1.0,CC=F,USD,NYB
2024-07-01,7500.0,7500.0,7500.0,7352.0,7352.0,1.0,CC=F,USD,NYB
2024-07-02,7249.0,7497.0,7245.0,7773.0,7773.0,412.0,CC=F,USD,NYB
2024-07-03,7811.0,7811.0,7811.0,7811.0,7811.0,0.0,CC=F,USD,NYB
2024-07-05,7718.0,7740.0,7718.0,7721.0,7721.0,10.0,CC=F,USD,NYB
2024-07-08,7721.0,7721.0,7720.0,7693.0,7693.0,3.0,CC=F,USD,NYB
2024-07-09,8430.0,8430.0,8430.0,8023.0,8023.0,1.0,CC=F,USD,NYB
2024-07-10,8197.0,8197.0,8197.0,8197.0,8197.0,0.0,CC=F,USD,NYB
2024-07-11,8325.0,8325.0,8325.0,8441.0,8441.0,1.0,CC=F,USD,NYB
2024-07-12,8523.0,8523.0,8523.0,8523.0,8523.0,0.0,CC=F,USD,NYB
2024-07-15,8399.0,8399.0,8399.0,8463.0,8463.0,1.0,CC=F,USD,NYB
2024-07-16,8320.0,8320.0,8320.0,8320.0,8320.0,9527.0,CC=F,USD,NYB
2024-07-17,7963.0,7968.0,7600.0,7763.0,7763.0,10306.0,CC=F,USD,NYB
2024-07-18,7806.0,8171.0,7690.0,8068.0,8068.0,9181.0,CC=F,USD,NYB
2024-07-19,8185.0,8321.0,7618.0,7689.0,7689.0,9291.0,CC=F,USD,NYB
2024-07-22,7725.0,8450.0,7720.0,8398.0,8398.0,11876.0,CC=F,USD,NYB
2024-07-23,8249.0,8395.0,8181.0,8286.0,8286.0,6276.0,CC=F,USD,NYB
2024-07-24,8225.0,8485.0,8123.0,8227.0,8227.0,10226.0,CC=F,USD,NYB
2024-07-25,8201.0,8201.0,7770.0,7805.0,7805.0,8448.0,CC=F,USD,NYB
2024-07-26,7785.0,8099.0,7719.0,8038.0,8038.0,8417.0,CC=F,USD,NYB
2024-07-29,8001.0,8001.0,7640.0,7716.0,7716.0,11261.0,CC=F,USD,NYB
2024-07-30,7778.0,8232.0,7700.0,8136.0,8136.0,11585.0,CC=F,USD,NYB
2024-07-31,8125.0,8250.0,7960.0,8092.0,8092.0,8340.0,CC=F,USD,NYB
2024-08-01,8023.0,8047.0,7523.0,7562.0,7562.0,12323.0,CC=F,USD,NYB
2024-08-02,7621.0,7689.0,7419.0,7520.0,7520.0,11475.0,CC=F,USD,NYB
2024-08-05,7440.0,8100.0,7339.0,7901.0,7901.0,13965.0,CC=F,USD,NYB
2024-08-06,7960.0,8365.0,7913.0,8223.0,8223.0,11629.0,CC=F,USD,NYB
2024-08-07,8271.0,9030.0,8223.0,8586.0,8586.0,14297.0,CC=F,USD,NYB
2024-08-08,8651.0,8792.0,8050.0,8178.0,8178.0,11741.0,CC=F,USD,NYB
2024-08-09,8457.0,9226.0,8397.0,9098.0,9098.0,8871.0,CC=F,USD,NYB
2024-08-12,9000.0,9079.0,8639.0,8731.0,8731.0,8295.0,CC=F,USD,NYB
2024-08-13,8908.0,9079.0,8555.0,8862.0,8862.0,7909.0,CC=F,USD,NYB
2024-08-14,8964.0,8972.0,8649.0,8833.0,8833.0,4032.0,CC=F,USD,NYB
2024-08-15,8809.0,9021.0,8357.0,8485.0,8485.0,4510.0,CC=F,USD,NYB
2024-08-16,8524.0,8968.0,8399.0,8637.0,8637.0,2728.0,CC=F,USD,NYB
2024-08-19,8777.0,9440.0,8649.0,9173.0,9173.0,3597.0,CC=F,USD,NYB
2024-08-20,9114.0,9519.0,9045.0,9486.0,9486.0,1891.0,CC=F,USD,NYB
2024-08-21,9545.0,9793.0,9400.0,9582.0,9582.0,2811.0,CC=F,USD,NYB
2024-08-22,9612.0,9744.0,9348.0,9689.0,9689.0,2362.0,CC=F,USD,NYB
2024-08-23,9700.0,9899.0,9494.0,9821.0,9821.0,999.0,CC=F,USD,NYB
2024-08-26,9850.0,9900.0,9715.0,9880.0,9880.0,53.0,CC=F,USD,NYB
2024-08-27,9934.0,9934.0,9787.0,9785.0,9785.0,35.0,CC=F,USD,NYB
2024-08-28,9700.0,9930.0,9624.0,9730.0,9730.0,11.0,CC=F,USD,NYB
2024-08-29,9593.0,9671.0,9515.0,9600.0,9600.0,13.0,CC=F,USD,NYB
2024-08-30,9707.0,9812.0,9645.0,9666.0,9666.0,23.0,CC=F,USD,NYB
2024-09-03,9569.0,9730.0,9355.0,9663.0,9663.0,13.0,CC=F,USD,NYB
2024-09-04,9500.0,9500.0,9375.0,9282.0,9282.0,6.0,CC=F,USD,NYB
2024-09-05,9416.0,9496.0,9399.0,9539.0,9539.0,6.0,CC=F,USD,NYB
2024-09-06,9459.0,9459.0,9459.0,9459.0,9459.0,0.0,CC=F,USD,NYB
2024-09-09,9839.0,9839.0,9839.0,9839.0,9839.0,0.0,CC=F,USD,NYB
2024-09-10,9726.0,9726.0,9726.0,9654.0,9654.0,3.0,CC=F,USD,NYB
2024-09-11,10018.0,10099.0,10018.0,10115.0,10115.0,4.0,CC=F,USD,NYB
2024-09-12,9895.0,9895.0,9895.0,9968.0,9968.0,1.0,CC=F,USD,NYB
2024-09-13,8320.0,10116.0,8320.0,10079.0,10079.0,7635.0,CC=F,USD,NYB
2024-09-16,7690.0,7849.0,7542.0,7767.0,7767.0,8493.0,CC=F,USD,NYB
2024-09-17,7703.0,7778.0,7473.0,7620.0,7620.0,6229.0,CC=F,USD,NYB
2024-09-18,7623.0,7847.0,7583.0,7814.0,7814.0,11843.0,CC=F,USD,NYB
2024-09-19,7796.0,7904.0,7705.0,7750.0,7750.0,6001.0,CC=F,USD,NYB
2024-09-20,7735.0,7807.0,7600.0,7658.0,7658.0,7013.0,CC=F,USD,NYB
2024-09-23,7602.0,7949.0,7565.0,7786.0,7786.0,8558.0,CC=F,USD,NYB
2024-09-24,7785.0,7929.0,7690.0,7867.0,7867.0,8515.0,CC=F,USD,NYB
2024-09-25,7851.0,8049.0,7805.0,7955.0,7955.0,8326.0,CC=F,USD,NYB
2024-09-26,8000.0,8796.0,7996.0,8122.0,8122.0,22154.0,CC=F,USD,NYB
2024-09-27,8078.0,8370.0,8035.0,8281.0,8281.0,7951.0,CC=F,USD,NYB
2024-09-30,8299.0,8299.0,7682.0,7722.0,7722.0,11870.0,CC=F,USD,NYB
2024-10-01,7722.0,7830.0,7006.0,7039.0,7039.0,16564.0,CC=F,USD,NYB
2024-10-02,7081.0,7332.0,6926.0,7064.0,7064.0,12946.0,CC=F,USD,NYB
2024-10-03,7030.0,7188.0,6884.0,7030.0,7030.0,12133.0,CC=F,USD,NYB
2024-10-04,7080.0,7126.0,6850.0,7069.0,7069.0,14465.0,CC=F,USD,NYB
2024-10-07,6987.0,7059.0,6862.0,6908.0,6908.0,9771.0,CC=F,USD,NYB
2024-10-08,6970.0,7231.0,6951.0,7050.0,7050.0,8375.0,CC=F,USD,NYB
2024-10-09,7123.0,7442.0,7102.0,7351.0,7351.0,8067.0,CC=F,USD,NYB
2024-10-10,7350.0,7565.0,7139.0,7529.0,7529.0,7631.0,CC=F,USD,NYB
2024-10-11,7560.0,7851.0,7553.0,7739.0,7739.0,8121.0,CC=F,USD,NYB
2024-10-14,7699.0,7816.0,7565.0,7615.0,7615.0,6666.0,CC=F,USD,NYB
2024-10-15,7619.0,8027.0,7505.0,7942.0,7942.0,8608.0,CC=F,USD,NYB
2024-10-16,8045.0,8172.0,7651.0,7765.0,7765.0,8645.0,CC=F,USD,NYB
2024-10-17,7680.0,7919.0,7488.0,7771.0,7771.0,7812.0,CC=F,USD,NYB
2024-10-18,7832.0,7881.0,7406.0,7450.0,7450.0,7653.0,CC=F,USD,NYB
2024-10-21,7355.0,7640.0,7310.0,7394.0,7394.0,6440.0,CC=F,USD,NYB
2024-10-22,7370.0,7406.0,7014.0,7140.0,7140.0,10096.0,CC=F,USD,NYB
2024-10-23,7120.0,7223.0,6929.0,7001.0,7001.0,9041.0,CC=F,USD,NYB
2024-10-24,6953.0,7002.0,6717.0,6756.0,6756.0,10428.0,CC=F,USD,NYB
2024-10-25,6708.0,6926.0,6426.0,6770.0,6770.0,12077.0,CC=F,USD,NYB
2024-10-28,6778.0,6975.0,6682.0,6917.0,6917.0,8419.0,CC=F,USD,NYB
2024-10-29,6901.0,7332.0,6897.0,7267.0,7267.0,9564.0,CC=F,USD,NYB
2024-10-30,7253.0,7412.0,7066.0,7391.0,7391.0,8325.0,CC=F,USD,NYB
2024-10-31,7365.0,7456.0,7202.0,7334.0,7334.0,6597.0,CC=F,USD,NYB
2024-11-01,7334.0,7490.0,7261.0,7341.0,7341.0,9025.0,CC=F,USD,NYB
2024-11-04,7290.0,7522.0,7115.0,7328.0,7328.0,8121.0,CC=F,USD,NYB
2024-11-05,7246.0,7416.0,7157.0,7251.0,7251.0,7339.0,CC=F,USD,NYB
2024-11-06,7217.0,7231.0,6888.0,6924.0,6924.0,7101.0,CC=F,USD,NYB
2024-11-07,6926.0,7389.0,6926.0,7360.0,7360.0,7951.0,CC=F,USD,NYB
2024-11-08,7360.0,7468.0,7073.0,7117.0,7117.0,7900.0,CC=F,USD,NYB
2024-11-11,7104.0,7392.0,7061.0,7298.0,7298.0,6765.0,CC=F,USD,NYB
2024-11-12,7346.0,7956.0,7325.0,7867.0,7867.0,5305.0,CC=F,USD,NYB
2024-11-13,7867.0,8458.0,7867.0,8163.0,8163.0,4103.0,CC=F,USD,NYB
2024-11-14,8187.0,8822.0,8125.0,8686.0,8686.0,4125.0,CC=F,USD,NYB
2024-11-15,8796.0,8890.0,8550.0,8607.0,8607.0,3069.0,CC=F,USD,NYB
2024-11-18,8591.0,8599.0,8187.0,8404.0,8404.0,2217.0,CC=F,USD,NYB
2024-11-19,8332.0,8652.0,8272.0,8574.0,8574.0,1900.0,CC=F,USD,NYB
2024-11-20,8629.0,8750.0,8263.0,8340.0,8340.0,1416.0,CC=F,USD,NYB
2024-11-21,8375.0,8690.0,8328.0,8449.0,8449.0,623.0,CC=F,USD,NYB
2024-11-22,9000.0,9100.0,8808.0,8897.0,8897.0,321.0,CC=F,USD,NYB
2024-11-25,8965.0,8965.0,8965.0,8863.0,8863.0,1.0,CC=F,USD,NYB
2024-11-26,8964.0,8964.0,8964.0,9033.0,9033.0,4.0,CC=F,USD,NYB
2024-11-27,8844.0,8844.0,8844.0,8844.0,8844.0,2.0,CC=F,USD,NYB
2024-11-29,9220.0,9220.0,9220.0,9220.0,9220.0,0.0,CC=F,USD,NYB
2024-12-02,9197.0,9197.0,9197.0,9197.0,9197.0,0.0,CC=F,USD,NYB
2024-12-03,8833.0,8833.0,8833.0,8833.0,8833.0,0.0,CC=F,USD,NYB
2024-12-04,9196.0,9196.0,9196.0,9196.0,9196.0,0.0,CC=F,USD,NYB
2024-12-05,9648.0,9648.0,9648.0,9648.0,9648.0,0.0,CC=F,USD,NYB
2024-12-06,9800.0,9880.0,9624.0,9767.0,9767.0,6.0,CC=F,USD,NYB
2024-12-09,9977.0,9977.0,9977.0,9977.0,9977.0,0.0,CC=F,USD,NYB
2024-12-10,10286.0,10366.0,10200.0,10387.0,10387.0,20.0,CC=F,USD,NYB
2024-12-11,10500.0,10500.0,10351.0,10458.0,10458.0,2.0,CC=F,USD,NYB
2024-12-12,10702.0,10702.0,10702.0,10702.0,10702.0,0.0,CC=F,USD,NYB
2024-12-13,11181.0,11181.0,11181.0,11181.0,11181.0,12773.0,CC=F,USD,NYB
2024-12-16,11300.0,11925.0,11290.0,11821.0,11821.0,14298.0,CC=F,USD,NYB
2024-12-17,11743.0,11977.0,11527.0,11765.0,11765.0,12489.0,CC=F,USD,NYB
2024-12-18,11966.0,12931.0,11935.0,12565.0,12565.0,17589.0,CC=F,USD,NYB
2024-12-19,12553.0,12780.0,11648.0,12107.0,12107.0,13974.0,CC=F,USD,NYB
2024-12-20,11848.0,12360.0,11419.0,11954.0,11954.0,12140.0,CC=F,USD,NYB
2024-12-23,11870.0,12050.0,11527.0,11746.0,11746.0,7294.0,CC=F,USD,NYB
2024-12-24,11583.0,11973.0,11425.0,11852.0,11852.0,0.0,CC=F,USD,NYB
2024-12-26,11845.0,12000.0,10790.0,11027.0,11027.0,7450.0,CC=F,USD,NYB
2024-12-27,11150.0,11259.0,9831.0,10124.0,10124.0,13447.0,CC=F,USD,NYB
2024-12-30,10148.0,11590.0,10144.0,11507.0,11507.0,15702.0,CC=F,USD,NYB
2024-12-31,11219.0,11820.0,11153.0,11675.0,11675.0,0.0,CC=F,USD,NYB
2025-01-02,11632.0,11743.0,10802.0,11137.0,11137.0,6414.0,CC=F,USD,NYB
2025-01-03,11195.0,11623.0,11029.0,11238.0,11238.0,4917.0,CC=F,USD,NYB
2025-01-06,11423.0,11882.0,11066.0,11377.0,11377.0,8022.0,CC=F,USD,NYB
2025-01-07,11291.0,11568.0,11164.0,11210.0,11210.0,5582.0,CC=F,USD,NYB
2025-01-08,11009.0,11315.0,10345.0,10453.0,10453.0,10690.0,CC=F,USD,NYB
2025-01-09,11103.0,11513.0,10605.0,10927.0,10927.0,10908.0,CC=F,USD,NYB
2025-01-10,10823.0,10920.0,10525.0,10570.0,10570.0,7119.0,CC=F,USD,NYB
2025-01-13,10500.0,11029.0,10480.0,10928.0,10928.0,6266.0,CC=F,USD,NYB
2025-01-14,11034.0,11293.0,10762.0,10951.0,10951.0,6482.0,CC=F,USD,NYB
2025-01-15,10889.0,11150.0,10742.0,10821.0,10821.0,5047.0,CC=F,USD,NYB
2025-01-16,10674.0,10907.0,10451.0,10502.0,10502.0,9301.0,CC=F,USD,NYB
2025-01-17,10538.0,11226.0,10503.0,11173.0,11173.0,9122.0,CC=F,USD,NYB
2025-01-21,11298.0,11698.0,11298.0,11559.0,11559.0,8582.0,CC=F,USD,NYB
2025-01-22,11528.0,11777.0,11409.0,11675.0,11675.0,8470.0,CC=F,USD,NYB
2025-01-23,11666.0,11754.0,11431.0,11552.0,11552.0,7413.0,CC=F,USD,NYB
2025-01-24,11508.0,11700.0,11341.0,11593.0,11593.0,7160.0,CC=F,USD,NYB
2025-01-27,11499.0,11620.0,11296.0,11372.0,11372.0,6735.0,CC=F,USD,NYB
2025-01-28,11396.0,11455.0,11166.0,11374.0,11374.0,4985.0,CC=F,USD,NYB
2025-01-29,11498.0,11789.0,11482.0,11745.0,11745.0,7188.0,CC=F,USD,NYB
2025-01-30,11694.0,11733.0,11047.0,11207.0,11207.0,6989.0,CC=F,USD,NYB
2025-01-31,11094.0,11200.0,10533.0,10987.0,10987.0,11417.0,CC=F,USD,NYB
2025-02-03,11020.0,11324.0,10819.0,11002.0,11002.0,6677.0,CC=F,USD,NYB
2025-02-04,11002.0,11144.0,10713.0,10913.0,10913.0,5482.0,CC=F,USD,NYB
2025-02-05,10838.0,10856.0,10426.0,10514.0,10514.0,6962.0,CC=F,USD,NYB
2025-02-06,10500.0,10505.0,9850.0,10094.0,10094.0,10531.0,CC=F,USD,NYB
2025-02-07,9999.0,10349.0,9557.0,10018.0,10018.0,11621.0,CC=F,USD,NYB
2025-02-10,9799.0,9947.0,9582.0,9714.0,9714.0,7738.0,CC=F,USD,NYB
2025-02-11,9734.0,10150.0,9720.0,10131.0,10131.0,6514.0,CC=F,USD,NYB
2025-02-12,10108.0,10281.0,9914.0,10006.0,10006.0,3405.0,CC=F,USD,NYB
2025-02-13,10100.0,10470.0,10098.0,10381.0,10381.0,4043.0,CC=F,USD,NYB
2025-02-14,10400.0,10545.0,10079.0,10159.0,10159.0,2428.0,CC=F,USD,NYB
2025-02-18,10114.0,10344.0,10059.0,10301.0,10301.0,3043.0,CC=F,USD,NYB
2025-02-19,10274.0,10352.0,10121.0,10218.0,10218.0,1733.0,CC=F,USD,NYB
2025-02-20,10163.0,10208.0,10008.0,10075.0,10075.0,3220.0,CC=F,USD,NYB
2025-02-21,10100.0,10107.0,8925.0,8934.0,8934.0,1259.0,CC=F,USD,NYB
2025-02-24,9044.0,9044.0,8390.0,8352.0,8352.0,24.0,CC=F,USD,NYB
2025-02-25,8675.0,8675.0,8675.0,8675.0,8675.0,0.0,CC=F,USD,NYB
2025-02-26,9100.0,9100.0,9100.0,9100.0,9100.0,0.0,CC=F,USD,NYB
2025-02-27,8863.0,8863.0,8836.0,9130.0,9130.0,2.0,CC=F,USD,NYB
2025-02-28,8890.0,8890.0,8890.0,9014.0,9014.0,2.0,CC=F,USD,NYB
2025-03-03,8082.0,8082.0,8082.0,8082.0,8082.0,0.0,CC=F,USD,NYB
2025-03-04,8225.0,8225.0,8225.0,8225.0,8225.0,0.0,CC=F,USD,NYB
2025-03-05,7915.0,7915.0,7915.0,7915.0,7915.0,0.0,CC=F,USD,NYB
2025-03-06,8036.0,8036.0,8036.0,8036.0,8036.0,0.0,CC=F,USD,NYB
2025-03-07,8141.0,8141.0,8141.0,8141.0,8141.0,0.0,CC=F,USD,NYB
2025-03-10,8279.0,8279.0,8279.0,8279.0,8279.0,0.0,CC=F,USD,NYB
2025-03-11,8151.0,8151.0,8151.0,8151.0,8151.0,0.0,CC=F,USD,NYB
2025-03-12,8204.0,8204.0,8204.0,8204.0,8204.0,0.0,CC=F,USD,NYB
2025-03-13,8415.0,8415.0,8415.0,8031.0,8031.0,1.0,CC=F,USD,NYB
2025-03-14,7728.0,7728.0,7728.0,7728.0,7728.0,8328.0,CC=F,USD,NYB
2025-03-17,7830.0,7988.0,7777.0,7827.0,7827.0,6258.0,CC=F,USD,NYB
2025-03-18,7837.0,8212.0,7784.0,8021.0,8021.0,5925.0,CC=F,USD,NYB
2025-03-19,7930.0,8249.0,7884.0,8121.0,8121.0,5593.0,CC=F,USD,NYB
2025-03-20,8084.0,8356.0,7916.0,8071.0,8071.0,6996.0,CC=F,USD,NYB
2025-03-21,8036.0,8146.0,7639.0,7765.0,7765.0,8888.0,CC=F,USD,NYB
2025-03-24,7807.0,8171.0,7806.0,8079.0,8079.0,7783.0,CC=F,USD,NYB
2025-03-25,8075.0,8147.0,7912.0,7995.0,7995.0,5135.0,CC=F,USD,NYB
2025-03-26,8061.0,8200.0,7940.0,8044.0,8044.0,6806.0,CC=F,USD,NYB
2025-03-27,7970.0,8225.0,7900.0,7979.0,7979.0,6515.0,CC=F,USD,NYB
2025-03-28,7933.0,8104.0,7880.0,8042.0,8042.0,4999.0,CC=F,USD,NYB
2025-03-31,7973.0,8115.0,7808.0,7902.0,7902.0,7736.0,CC=F,USD,NYB
2025-04-01,7998.0,8422.0,7981.0,8177.0,8177.0,9542.0,CC=F,USD,NYB
2025-04-02,8341.0,9035.0,8326.0,8968.0,8968.0,12783.0,CC=F,USD,NYB
2025-04-03,8884.0,9492.0,8884.0,9291.0,9291.0,16484.0,CC=F,USD,NYB
2025-04-04,9265.0,9335.0,8450.0,8512.0,8512.0,23975.0,CC=F,USD,NYB
2025-04-07,8430.0,8729.0,7963.0,8053.0,8053.0,10686.0,CC=F,USD,NYB
2025-04-08,8096.0,8200.0,7677.0,7755.0,7755.0,6809.0,CC=F,USD,NYB
2025-04-09,7656.0,8500.0,7656.0,8447.0,8447.0,5668.0,CC=F,USD,NYB
2025-04-10,8473.0,8576.0,8045.0,8088.0,8088.0,6647.0,CC=F,USD,NYB
2025-04-11,8150.0,8538.0,8088.0,8511.0,8511.0,3610.0,CC=F,USD,NYB
2025-04-14,8426.0,8625.0,8202.0,8247.0,8247.0,3670.0,CC=F,USD,NYB
2025-04-15,8216.0,8361.0,7956.0,8002.0,8002.0,1761.0,CC=F,USD,NYB
2025-04-16,7994.0,8178.0,7853.0,8096.0,8096.0,1615.0,CC=F,USD,NYB
2025-04-17,8132.0,8550.0,8132.0,8365.0,8365.0,0.0,CC=F,USD,NYB
2025-04-21,8380.0,8970.0,8380.0,8810.0,8810.0,2329.0,CC=F,USD,NYB
2025-04-22,8700.0,9329.0,8678.0,9310.0,9310.0,2216.0,CC=F,USD,NYB
2025-04-23,9350.0,9515.0,8927.0,9104.0,9104.0,761.0,CC=F,USD,NYB
2025-04-24,9418.0,9418.0,9418.0,9391.0,9391.0,65.0,CC=F,USD,NYB
2025-04-25,9652.0,9652.0,9652.0,9652.0,9652.0,0.0,CC=F,USD,NYB
2025-04-28,9300.0,9300.0,9300.0,9217.0,9217.0,1.0,CC=F,USD,NYB
2025-04-29,9475.0,9476.0,9120.0,9146.0,9146.0,14.0,CC=F,USD,NYB
2025-04-30,9127.0,9127.0,9127.0,9127.0,9127.0,0.0,CC=F,USD,NYB
2025-05-01,8973.0,8973.0,8973.0,8973.0,8973.0,0.0,CC=F,USD,NYB
2025-05-02,9127.0,9127.0,9127.0,9127.0,9127.0,0.0,CC=F,USD,NYB
2025-05-05,8758.0,8758.0,8758.0,8758.0,8758.0,0.0,CC=F,USD,NYB
2025-05-06,9157.0,9157.0,9157.0,9175.0,9175.0,13.0,CC=F,USD,NYB
2025-05-07,9285.0,9285.0,9285.0,9398.0,9398.0,1.0,CC=F,USD,NYB
2025-05-08,9268.0,9268.0,9268.0,9268.0,9268.0,0.0,CC=F,USD,NYB
2025-05-09,9387.0,9387.0,9387.0,9387.0,9387.0,0.0,CC=F,USD,NYB
2025-05-12,9350.0,9350.0,9276.0,9340.0,9340.0,7.0,CC=F,USD,NYB
2025-05-13,9689.0,9689.0,9689.0,10171.0,10171.0,1.0,CC=F,USD,NYB
2025-05-14,10129.0,10129.0,10129.0,10129.0,10129.0,9773.0,CC=F,USD,NYB
2025-05-15,9900.0,10681.0,9651.0,10257.0,10257.0,10086.0,CC=F,USD,NYB
2025-05-16,10375.0,11068.0,10308.0,10898.0,10898.0,13430.0,CC=F,USD,NYB
2025-05-19,10706.0,11007.0,10410.0,10974.0,10974.0,11702.0,CC=F,USD,NYB
2025-05-20,10910.0,11280.0,10752.0,10874.0,10874.0,9520.0,CC=F,USD,NYB
2025-05-21,10807.0,10949.0,10410.0,10719.0,10719.0,7512.0,CC=F,USD,NYB
2025-05-22,10596.0,10700.0,10145.0,10278.0,10278.0,6256.0,CC=F,USD,NYB
2025-05-23,10300.0,10425.0,9630.0,9764.0,9764.0,0.0,CC=F,USD,NYB
2025-05-27,9817.0,10163.0,9700.0,9739.0,9739.0,7906.0,CC=F,USD,NYB
2025-05-28,9764.0,9805.0,9407.0,9634.0,9634.0,9983.0,CC=F,USD,NYB
2025-05-29,9561.0,9572.0,9054.0,9110.0,9110.0,11098.0,CC=F,USD,NYB
2025-05-30,9213.0,9818.0,9213.0,9791.0,9791.0,8704.0,CC=F,USD,NYB
2025-06-02,9625.0,10075.0,9401.0,9474.0,9474.0,9159.0,CC=F,USD,NYB
2025-06-03,9476.0,9877.0,9350.0,9775.0,9775.0,7536.0,CC=F,USD,NYB
2025-06-04,9786.0,9990.0,9552.0,9948.0,9948.0,7240.0,CC=F,USD,NYB
2025-06-05,9855.0,10190.0,9761.0,10076.0,10076.0,8282.0,CC=F,USD,NYB
2025-06-06,10200.0,10531.0,10026.0,10259.0,10259.0,9456.0,CC=F,USD,NYB
2025-06-09,10150.0,10278.0,9938.0,10174.0,10174.0,6452.0,CC=F,USD,NYB
2025-06-10,10237.0,10250.0,9501.0,9602.0,9602.0,10584.0,CC=F,USD,NYB
2025-06-11,9550.0,9620.0,9326.0,9549.0,9549.0,6649.0,CC=F,USD,NYB
2025-06-12,9596.0,9882.0,9503.0,9858.0,9858.0,5392.0,CC=F,USD,NYB
2025-06-13,9803.0,9880.0,9709.0,9768.0,9768.0,8790.0,CC=F,USD,NYB
2025-06-16,9817.0,10119.0,9600.0,10035.0,10035.0,4177.0,CC=F,USD,NYB
2025-06-17,10050.0,10288.0,9931.0,9943.0,9943.0,3019.0,CC=F,USD,NYB
2025-06-18,9951.0,10004.0,9570.0,9680.0,9680.0,0.0,CC=F,USD,NYB
2025-06-20,9505.0,9505.0,8331.0,8459.0,8459.0,2783.0,CC=F,USD,NYB
2025-06-23,8555.0,9216.0,8295.0,9189.0,9189.0,404.0,CC=F,USD,NYB
2025-06-24,8621.0,9410.0,8605.0,9436.0,9436.0,155.0,CC=F,USD,NYB
2025-06-25,9300.0,9300.0,9138.0,9081.0,9081.0,4.0,CC=F,USD,NYB
2025-06-26,9175.0,9176.0,9165.0,9361.0,9361.0,9.0,CC=F,USD,NYB
2025-06-27,9231.0,9231.0,9231.0,9231.0,9231.0,0.0,CC=F,USD,NYB
2025-06-30,9356.0,9356.0,9356.0,9356.0,9356.0,1.0,CC=F,USD,NYB
2025-07-01,9165.0,9165.0,9165.0,9000.0,9000.0,1.0,CC=F,USD,NYB
2025-07-02,9050.0,9050.0,9050.0,8904.0,8904.0,4.0,CC=F,USD,NYB
2025-07-03,8780.0,8780.0,8780.0,8780.0,8780.0,0.0,CC=F,USD,NYB
2025-07-04,8780.0,8780.0,8780.0,8780.0,8780.0,0.0,CC=F,USD,NYB
2025-07-07,8879.0,8879.0,8879.0,8879.0,8879.0,0.0,CC=F,USD,NYB
2025-07-08,8760.0,8760.0,8760.0,8760.0,8760.0,0.0,CC=F,USD,NYB
2025-07-09,9080.0,9080.0,9080.0,9046.0,9046.0,2.0,CC=F,USD,NYB
2025-07-10,8742.0,8742.0,8742.0,8742.0,8742.0,0.0,CC=F,USD,NYB
2025-07-11,8840.0,8840.0,8840.0,8840.0,8840.0,0.0,CC=F,USD,NYB
2025-07-14,8950.0,8950.0,8950.0,8950.0,8950.0,0.0,CC=F,USD,NYB
2025-07-15,8567.0,8567.0,8567.0,8567.0,8567.0,0.0,CC=F,USD,NYB
2025-07-16,8322.0,8322.0,8322.0,8322.0,8322.0,10507.0,CC=F,USD,NYB
2025-07-17,7500.0,7500.0,7208.0,7309.0,7309.0,17601.0,CC=F,USD,NYB
2025-07-18,7444.0,7835.0,7400.0,7800.0,7800.0,11035.0,CC=F,USD,NYB
2025-07-21,7750.0,8234.0,7708.0,8156.0,8156.0,11543.0,CC=F,USD,NYB
2025-07-22,8074.0,8247.0,8022.0,8149.0,8149.0,8632.0,CC=F,USD,NYB
2025-07-23,8150.0,8485.0,8088.0,8440.0,8440.0,8123.0,CC=F,USD,NYB
2025-07-24,8440.0,8570.0,8066.0,8124.0,8124.0,8940.0,CC=F,USD,NYB
2025-07-25,8145.0,8363.0,8093.0,8329.0,8329.0,6637.0,CC=F,USD,NYB
2025-07-28,8304.0,8599.0,8116.0,8518.0,8518.0,8496.0,CC=F,USD,NYB
2025-07-29,8575.0,8723.0,8200.0,8220.0,8220.0,10858.0,CC=F,USD,NYB
2025-07-30,8304.0,8514.0,8146.0,8192.0,8192.0,6467.0,CC=F,USD,NYB
2025-07-31,8248.0,8552.0,8184.0,8506.0,8506.0,7056.0,CC=F,USD,NYB
2025-08-01,8540.0,8590.0,8149.0,8232.0,8232.0,7719.0,CC=F,USD,NYB
2025-08-04,8226.0,8226.0,7910.0,8102.0,8102.0,8986.0,CC=F,USD,NYB
2025-08-05,8104.0,8428.0,7993.0,8363.0,8363.0,9162.0,CC=F,USD,NYB
2025-08-06,8400.0,8498.0,8292.0,8470.0,8470.0,8147.0,CC=F,USD,NYB
2025-08-07,8367.0,8749.0,8356.0,8644.0,8644.0,11213.0,CC=F,USD,NYB
2025-08-08,8672.0,8815.0,8497.0,8526.0,8526.0,8972.0,CC=F,USD,NYB
2025-08-11,8727.0,9326.0,8679.0,8778.0,8778.0,8404.0,CC=F,USD,NYB
2025-08-12,8665.0,9056.0,8660.0,8793.0,8793.0,11216.0,CC=F,USD,NYB
2025-08-13,8793.0,8865.0,8453.0,8566.0,8566.0,5756.0,CC=F,USD,NYB
2025-08-14,8511.0,8537.0,8157.0,8225.0,8225.0,3768.0,CC=F,USD,NYB
2025-08-15,8172.0,8317.0,8115.0,8235.0,8235.0,2131.0,CC=F,USD,NYB
2025-08-18,8279.0,8441.0,7993.0,8047.0,8047.0,3790.0,CC=F,USD,NYB
2025-08-19,8100.0,8197.0,7899.0,8012.0,8012.0,1438.0,CC=F,USD,NYB
2025-08-20,7976.0,8062.0,7567.0,7675.0,7675.0,1645.0,CC=F,USD,NYB
2025-08-21,7767.0,7793.0,7359.0,7435.0,7435.0,1617.0,CC=F,USD,NYB
2025-08-22,7350.0,7700.0,7337.0,7582.0,7582.0,914.0,CC=F,USD,NYB
2025-08-25,7513.0,7935.0,7513.0,7957.0,7957.0,10.0,CC=F,USD,NYB
2025-08-26,7668.0,7668.0,7535.0,7532.0,7532.0,3.0,CC=F,USD,NYB
2025-08-27,7585.0,7585.0,7585.0,7731.0,7731.0,35.0,CC=F,USD,NYB
2025-08-28,7738.0,7738.0,7738.0,7738.0,7738.0,1.0,CC=F,USD,NYB
2025-08-29,7635.0,7635.0,7635.0,7635.0,7635.0,0.0,CC=F,USD,NYB
2025-09-02,7420.0,7420.0,7420.0,7420.0,7420.0,0.0,CC=F,USD,NYB
2025-09-03,7475.0,7475.0,7475.0,7475.0,7475.0,0.0,CC=F,USD,NYB
2025-09-04,7205.0,7205.0,7205.0,7205.0,7205.0,0.0,CC=F,USD,NYB
2025-09-05,7382.0,7382.0,7382.0,7382.0,7382.0,12.0,CC=F,USD,NYB
2025-09-08,7131.0,7131.0,7131.0,7131.0,7131.0,0.0,CC=F,USD,NYB
2025-09-09,7270.0,7270.0,7270.0,7270.0,7270.0,0.0,CC=F,USD,NYB
2025-09-10,7356.0,7356.0,7356.0,7356.0,7356.0,0.0,CC=F,USD,NYB
2025-09-11,7451.0,7451.0,7451.0,7451.0,7451.0,3.0,CC=F,USD,NYB
2025-09-12,7315.0,7315.0,7315.0,7315.0,7315.0,0.0,CC=F,USD,NYB
2025-09-15,7539.0,7539.0,7539.0,7539.0,7539.0,8472.0,CC=F,USD,NYB
2025-09-16,7605.0,7644.0,7347.0,7371.0,7371.0,9156.0,CC=F,USD,NYB
2025-09-17,7355.0,7455.0,7323.0,7385.0,7385.0,6450.0,CC=F,USD,NYB
2025-09-18,7340.0,7350.0,7208.0,7233.0,7233.0,7401.0,CC=F,USD,NYB
2025-09-19,7225.0,7292.0,7196.0,7243.0,7243.0,5832.0,CC=F,USD,NYB
2025-09-22,7230.0,7230.0,6914.0,6959.0,6959.0,13678.0,CC=F,USD,NYB
2025-09-23,6901.0,7086.0,6834.0,6992.0,6992.0,10764.0,CC=F,USD,NYB
2025-09-24,6979.0,7142.0,6960.0,7048.0,7048.0,8456.0,CC=F,USD,NYB
2025-09-25,7020.0,7130.0,6870.0,6925.0,6925.0,8985.0,CC=F,USD,NYB
2025-09-26,6909.0,6970.0,6850.0,6908.0,6908.0,5691.0,CC=F,USD,NYB
2025-09-29,6923.0,7078.0,6912.0,6998.0,6998.0,7135.0,CC=F,USD,NYB
2025-09-30,6955.0,6970.0,6682.0,6749.0,6749.0,13489.0,CC=F,USD,NYB
2025-10-01,6731.0,6821.0,6671.0,6675.0,6675.0,9913.0,CC=F,USD,NYB
2025-10-02,6666.0,6706.0,6420.0,6481.0,6481.0,13361.0,CC=F,USD,NYB
2025-10-03,6426.0,6445.0,6159.0,6190.0,6190.0,18588.0,CC=F,USD,NYB
2025-10-06,6120.0,6378.0,6022.0,6283.0,6283.0,13351.0,CC=F,USD,NYB
2025-10-07,6270.0,6310.0,6066.0,6179.0,6179.0,9583.0,CC=F,USD,NYB
2025-10-08,6200.0,6240.0,5906.0,6000.0,6000.0,10541.0,CC=F,USD,NYB
2025-10-09,5982.0,6085.0,5890.0,5945.0,5945.0,9031.0,CC=F,USD,NYB
2025-10-10,5950.0,6013.0,5811.0,5848.0,5848.0,9061.0,CC=F,USD,NYB
2025-10-13,5825.0,5951.0,5631.0,5822.0,5822.0,11190.0,CC=F,USD,NYB
2025-10-14,5811.0,5905.0,5715.0,5899.0,5899.0,11389.0,CC=F,USD,NYB
2025-10-15,5801.0,5939.0,5690.0,5809.0,5809.0,10567.0,CC=F,USD,NYB
2025-10-16,5905.0,6055.0,5905.0,5991.0,5991.0,10128.0,CC=F,USD,NYB
2025-10-17,6089.0,6120.0,5742.0,5895.0,5895.0,9573.0,CC=F,USD,NYB
2025-10-20,5900.0,5999.0,5813.0,5899.0,5899.0,5798.0,CC=F,USD,NYB
2025-10-21,5961.0,6035.0,5877.0,5916.0,5916.0,6347.0,CC=F,USD,NYB
2025-10-22,5972.0,6339.0,5948.0,6298.0,6298.0,13460.0,CC=F,USD,NYB
2025-10-23,6281.0,6440.0,6209.0,6339.0,6339.0,9871.0,CC=F,USD,NYB
2025-10-24,6343.0,6480.0,6258.0,6319.0,6319.0,6080.0,CC=F,USD,NYB
2025-10-27,6256.0,6276.0,6057.0,6182.0,6182.0,0.0,CC=F,USD,NYB
2025-10-28,6177.0,6192.0,5952.0,6002.0,6002.0,7388.0,CC=F,USD,NYB
2025-10-29,5973.0,6150.0,5883.0,6044.0,6044.0,7569.0,CC=F,USD,NYB
2025-10-30,6004.0,6091.0,5920.0,6058.0,6058.0,6457.0,CC=F,USD,NYB
2025-10-31,6131.0,6358.0,6102.0,6151.0,6151.0,12836.0,CC=F,USD,NYB
2025-11-03,6174.0,6596.0,6113.0,6559.0,6559.0,11502.0,CC=F,USD,NYB
2025-11-04,6525.0,6627.0,6415.0,6600.0,6600.0,10320.0,CC=F,USD,NYB
2025-11-05,6518.0,6627.0,6332.0,6396.0,6396.0,9657.0,CC=F,USD,NYB
2025-11-06,6262.0,6303.0,6130.0,6185.0,6185.0,10171.0,CC=F,USD,NYB
2025-11-07,6166.0,6209.0,5986.0,6013.0,6013.0,10733.0,CC=F,USD,NYB
2025-11-10,6030.0,6138.0,5903.0,6102.0,6102.0,7647.0,CC=F,USD,NYB
2025-11-11,6002.0,6098.0,5741.0,5829.0,5829.0,7363.0,CC=F,USD,NYB
2025-11-12,5811.0,5946.0,5561.0,5625.0,5625.0,6491.0,CC=F,USD,NYB
2025-11-13,5614.0,5667.0,5400.0,5487.0,5487.0,7894.0,CC=F,USD,NYB
2025-11-14,5350.0,5400.0,5147.0,5287.0,5287.0,8677.0,CC=F,USD,NYB
2025-11-17,5253.0,5365.0,5155.0,5264.0,5264.0,13407.0,CC=F,USD,NYB
2025-11-18,5218.0,5345.0,5117.0,5262.0,5262.0,6746.0,CC=F,USD,NYB
2025-11-19,5244.0,5277.0,4914.0,4943.0,4943.0,3791.0,CC=F,USD,NYB
2025-11-20,4980.0,5239.0,4948.0,5108.0,5108.0,1351.0,CC=F,USD,NYB
2025-11-21,5130.0,5130.0,5082.0,5084.0,5084.0,29.0,CC=F,USD,NYB
2025-11-24,5090.0,5090.0,5090.0,5090.0,5090.0,0.0,CC=F,USD,NYB
2025-11-25,4999.0,4999.0,4999.0,4999.0,4999.0,0.0,CC=F,USD,NYB
2025-11-26,5068.0,5068.0,5068.0,4993.0,4993.0,2.0,CC=F,USD,NYB
2025-11-28,5404.0,5404.0,5404.0,5404.0,5404.0,0.0,CC=F,USD,NYB
2025-12-01,5456.0,5456.0,5456.0,5456.0,5456.0,0.0,CC=F,USD,NYB
2025-12-02,5401.0,5401.0,5401.0,5401.0,5401.0,0.0,CC=F,USD,NYB
2025-12-03,5453.0,5453.0,5453.0,5453.0,5453.0,0.0,CC=F,USD,NYB
2025-12-04,5500.0,5500.0,5500.0,5434.0,5434.0,1.0,CC=F,USD,NYB
2025-12-05,5643.0,5643.0,5643.0,5643.0,5643.0,0.0,CC=F,USD,NYB
2025-12-08,5676.0,5676.0,5676.0,5648.0,5648.0,1.0,CC=F,USD,NYB
2025-12-09,5754.0,5754.0,5754.0,5829.0,5829.0,2.0,CC=F,USD,NYB
2025-12-10,6168.0,6168.0,6168.0,6168.0,6168.0,0.0,CC=F,USD,NYB
2025-12-11,6235.0,6235.0,6235.0,6235.0,6235.0,0.0,CC=F,USD,NYB
2025-12-12,6226.0,6226.0,6226.0,6226.0,6226.0,0.0,CC=F,USD,NYB
2025-12-15,5823.0,5823.0,5823.0,5823.0,5823.0,18663.0,CC=F,USD,NYB
2025-12-16,5931.0,6050.0,5865.0,5998.0,5998.0,10863.0,CC=F,USD,NYB
2025-12-17,6026.0,6087.0,5926.0,5978.0,5978.0,10526.0,CC=F,USD,NYB
2025-12-18,6012.0,6027.0,5796.0,5934.0,5934.0,9523.0,CC=F,USD,NYB
2025-12-19,5936.0,5984.0,5780.0,5845.0,5845.0,8435.0,CC=F,USD,NYB
2025-12-22,5795.0,6015.0,5760.0,5887.0,5887.0,10563.0,CC=F,USD,NYB
2025-12-23,5845.0,5990.0,5776.0,5958.0,5958.0,9059.0,CC=F,USD,NYB
2025-12-24,5962.0,5998.0,5866.0,5966.0,5966.0,0.0,CC=F,USD,NYB
2025-12-26,5983.0,6058.0,5866.0,5953.0,5953.0,5125.0,CC=F,USD,NYB
2025-12-29,5965.0,6345.0,5901.0,6242.0,6242.0,14671.0,CC=F,USD,NYB
2025-12-30,6280.0,6324.0,5861.0,6063.0,6063.0,13974.0,CC=F,USD,NYB
2025-12-31,6110.0,6185.0,5978.0,6065.0,6065.0,0.0,CC=F,USD,NYB
2026-01-02,5973.0,6077.0,5823.0,5871.0,5871.0,10484.0,CC=F,USD,NYB
2026-01-05,6002.0,6093.0,5840.0,6077.0,6077.0,12000.0,CC=F,USD,NYB
2026-01-06,6089.0,6166.0,5944.0,5954.0,5954.0,12240.0,CC=F,USD,NYB
2026-01-07,5999.0,6083.0,5701.0,5915.0,5915.0,17630.0,CC=F,USD,NYB
2026-01-08,5952.0,6276.0,5891.0,6077.0,6077.0,26853.0,CC=F,USD,NYB
2026-01-09,5997.0,6119.0,5300.0,5345.0,5345.0,36503.0,CC=F,USD,NYB
2026-01-12,5330.0,5455.0,5192.0,5443.0,5443.0,29125.0,CC=F,USD,NYB
2026-01-13,5471.0,5494.0,5051.0,5224.0,5224.0,27203.0,CC=F,USD,NYB
2026-01-14,5253.0,5262.0,4961.0,5090.0,5090.0,22479.0,CC=F,USD,NYB
2026-01-15,4939.0,5083.0,4839.0,4966.0,4966.0,14898.0,CC=F,USD,NYB
2026-01-16,5001.0,5187.0,4985.0,5076.0,5076.0,11213.0,CC=F,USD,NYB
2026-01-20,4939.0,4970.0,4587.0,4648.0,4648.0,19368.0,CC=F,USD,NYB
2026-01-21,4399.0,4589.0,4245.0,4448.0,4448.0,18698.0,CC=F,USD,NYB
2026-01-22,4407.0,4494.0,4387.0,4469.0,4469.0,12900.0,CC=F,USD,NYB
2026-01-23,4440.0,4442.0,4054.0,4201.0,4201.0,15306.0,CC=F,USD,NYB
2026-01-26,4279.0,4489.0,4225.0,4348.0,4348.0,15494.0,CC=F,USD,NYB
2026-01-27,4301.0,4484.0,4268.0,4433.0,4433.0,12151.0,CC=F,USD,NYB
2026-01-28,4404.0,4416.0,4071.0,4150.0,4150.0,13013.0,CC=F,USD,NYB
2026-01-29,4165.0,4246.0,4104.0,4177.0,4177.0,13236.0,CC=F,USD,NYB
2026-01-30,4169.0,4230.0,3931.0,4165.0,4165.0,17409.0,CC=F,USD,NYB
2026-02-02,4103.0,4253.0,3940.0,4210.0,4210.0,16615.0,CC=F,USD,NYB
2026-02-03,4299.0,4398.0,4206.0,4300.0,4300.0,15066.0,CC=F,USD,NYB
2026-02-04,4251.0,4308.0,4017.0,4086.0,4086.0,18987.0,CC=F,USD,NYB
2026-02-05,4072.0,4239.0,4068.0,4209.0,4209.0,15627.0,CC=F,USD,NYB
2026-02-06,4148.0,4250.0,4071.0,4197.0,4197.0,14255.0,CC=F,USD,NYB
2026-02-09,4172.0,4237.0,3966.0,4102.0,4102.0,15904.0,CC=F,USD,NYB
2026-02-10,3982.0,4073.0,3776.0,3805.0,3805.0,13735.0,CC=F,USD,NYB
2026-02-11,3795.0,3865.0,3749.0,3762.0,3762.0,12053.0,CC=F,USD,NYB
2026-02-12,3751.0,3751.0,3604.0,3632.0,3632.0,10766.0,CC=F,USD,NYB
2026-02-13,3606.0,3673.0,3563.0,3581.0,3581.0,9938.0,CC=F,USD,NYB
2026-02-17,3540.0,3574.0,3364.0,3384.0,3384.0,11863.0,CC=F,USD,NYB
2026-02-18,3358.0,3375.0,3105.0,3226.0,3226.0,5903.0,CC=F,USD,NYB
2026-02-19,3197.0,3271.0,2961.0,2968.0,2968.0,5157.0,CC=F,USD,NYB
2026-02-20,2967.0,3120.0,2936.0,3080.0,3080.0,3267.0,CC=F,USD,NYB
2026-02-23,3165.0,3165.0,3007.0,3004.0,3004.0,138.0,CC=F,USD,NYB
2026-02-24,3027.0,3027.0,3027.0,2997.0,2997.0,1.0,CC=F,USD,NYB
2026-02-25,2957.0,2957.0,2957.0,2957.0,2957.0,97.0,CC=F,USD,NYB
2026-02-26,2974.0,2974.0,2974.0,2974.0,2974.0,5.0,CC=F,USD,NYB
2026-02-27,2798.0,2798.0,2798.0,2798.0,2798.0,0.0,CC=F,USD,NYB
2026-03-02,2931.0,2931.0,2931.0,2931.0,2931.0,0.0,CC=F,USD,NYB
2026-03-03,2966.0,2967.0,2941.0,2925.0,2925.0,10.0,CC=F,USD,NYB
2026-03-04,2968.0,2968.0,2968.0,2968.0,2968.0,0.0,CC=F,USD,NYB
2026-03-05,2963.0,2963.0,2963.0,2963.0,2963.0,0.0,CC=F,USD,NYB
2026-03-06,3138.0,3138.0,3138.0,3138.0,3138.0,0.0,CC=F,USD,NYB
2026-03-09,3197.0,3197.0,3197.0,3197.0,3197.0,0.0,CC=F,USD,NYB
2026-03-10,3356.0,3356.0,3356.0,3356.0,3356.0,0.0,CC=F,USD,NYB
2026-03-11,3360.0,3360.0,3360.0,3337.0,3337.0,1.0,CC=F,USD,NYB
2026-03-12,3223.0,3223.0,3223.0,3223.0,3223.0,0.0,CC=F,USD,NYB
2026-03-13,3205.0,3205.0,3205.0,3205.0,3205.0,0.0,CC=F,USD,NYB
2026-03-16,3328.0,3328.0,3328.0,3328.0,3328.0,16374.0,CC=F,USD,NYB
2026-03-17,3396.0,3422.0,3325.0,3349.0,3349.0,14764.0,CC=F,USD,NYB
2026-03-18,3377.0,3386.0,3232.0,3260.0,3260.0,12137.0,CC=F,USD,NYB
2026-03-19,3233.0,3351.0,3193.0,3331.0,3331.0,13959.0,CC=F,USD,NYB
2026-03-20,3311.0,3341.0,3171.0,3255.0,3255.0,14018.0,CC=F,USD,NYB
2026-03-23,3278.0,3332.0,3168.0,3180.0,3180.0,13995.0,CC=F,USD,NYB
2026-03-24,3180.0,3250.0,3178.0,3235.0,3235.0,10675.0,CC=F,USD,NYB
2026-03-25,3220.0,3233.0,3121.0,3133.0,3133.0,10266.0,CC=F,USD,NYB
2026-03-26,3134.0,3194.0,3080.0,3164.0,3164.0,8536.0,CC=F,USD,NYB
2026-03-27,3162.0,3204.0,3112.0,3165.0,3165.0,8905.0,CC=F,USD,NYB
2026-03-30,3154.0,3176.0,3105.0,3155.0,3155.0,9172.0,CC=F,USD,NYB
2026-03-31,3151.0,3331.0,3140.0,3300.0,3300.0,18657.0,CC=F,USD,NYB
2026-04-01,3267.0,3378.0,3250.0,3345.0,3345.0,17354.0,CC=F,USD,NYB
2026-04-02,3356.0,3357.0,3196.0,3245.0,3245.0,13619.0,CC=F,USD,NYB
2026-04-06,3265.0,3297.0,3215.0,3235.0,3235.0,7266.0,CC=F,USD,NYB
2026-04-07,3210.0,3217.0,2992.0,3028.0,3028.0,21725.0,CC=F,USD,NYB
2026-04-08,3048.0,3238.0,3034.0,3196.0,3196.0,23272.0,CC=F,USD,NYB
2026-04-09,3157.0,3206.0,3101.0,3162.0,3162.0,18211.0,CC=F,USD,NYB
2026-04-10,3188.0,3261.0,3162.0,3246.0,3246.0,17476.0,CC=F,USD,NYB
2026-04-13,3253.0,3299.0,3115.0,3278.0,3278.0,23211.0,CC=F,USD,NYB
2026-04-14,3281.0,3586.0,3264.0,3557.0,3557.0,39405.0,CC=F,USD,NYB
2026-04-15,3554.0,3610.0,3391.0,3477.0,3477.0,6693.0,CC=F,USD,NYB
2026-04-16,3436.0,3520.0,3354.0,3367.0,3367.0,6952.0,CC=F,USD,NYB
2026-04-17,3355.0,3468.0,3173.0,3186.0,3186.0,6896.0,CC=F,USD,NYB
2026-04-20,3204.0,3342.0,3204.0,3298.0,3298.0,5498.0,CC=F,USD,NYB
2026-04-21,3279.0,3295.0,3198.0,3220.0,3220.0,4560.0,CC=F,USD,NYB
2026-04-22,3206.0,3400.0,3206.0,3339.0,3339.0,3443.0,CC=F,USD,NYB
2026-04-23,3336.0,3400.0,3270.0,3369.0,3369.0,560.0,CC=F,USD,NYB
2026-04-24,3402.0,3402.0,3400.0,3349.0,3349.0,3.0,CC=F,USD,NYB
2026-04-27,3281.0,3281.0,3244.0,3218.0,3218.0,2.0,CC=F,USD,NYB
2026-04-28,3305.0,3305.0,3305.0,3305.0,3305.0,0.0,CC=F,USD,NYB
2026-04-29,3335.0,3335.0,3335.0,3335.0,3335.0,0.0,CC=F,USD,NYB
2026-04-30,3494.0,3494.0,3494.0,3494.0,3494.0,0.0,CC=F,USD,NYB
2026-05-01,3521.0,3521.0,3521.0,3521.0,3521.0,0.0,CC=F,USD,NYB
2026-05-04,3812.0,3812.0,3812.0,3812.0,3812.0,0.0,CC=F,USD,NYB
2026-05-05,4003.0,4003.0,4003.0,4003.0,4003.0,0.0,CC=F,USD,NYB
2026-05-06,4064.0,4064.0,4064.0,4064.0,4064.0,0.0,CC=F,USD,NYB
2026-05-07,4356.0,4356.0,4356.0,4356.0,4356.0,0.0,CC=F,USD,NYB
2026-05-08,4225.0,4225.0,4225.0,4113.0,4113.0,1.0,CC=F,USD,NYB
2026-05-11,4632.0,4632.0,4632.0,4632.0,4632.0,0.0,CC=F,USD,NYB
2026-05-12,4467.0,4467.0,4467.0,4503.0,4503.0,1.0,CC=F,USD,NYB
2026-05-13,4309.0,4309.0,4309.0,4309.0,4309.0,25336.0,CC=F,USD,NYB
2026-05-14,4450.0,4491.0,4094.0,4189.0,4189.0,17160.0,CC=F,USD,NYB
2026-05-15,4149.0,4168.0,3957.0,4002.0,4002.0,16556.0,CC=F,USD,NYB
2026-05-18,3907.0,3953.0,3721.0,3791.0,3791.0,20504.0,CC=F,USD,NYB
2026-05-19,3769.0,3958.0,3769.0,3907.0,3907.0,14176.0,CC=F,USD,NYB
2026-05-20,3846.0,3938.0,3763.0,3889.0,3889.0,12758.0,CC=F,USD,NYB
2026-05-21,3832.0,3943.0,3732.0,3767.0,3767.0,15658.0,CC=F,USD,NYB
2026-05-22,3735.0,3829.0,3651.0,3796.0,3796.0,14971.0,CC=F,USD,NYB
2026-05-26,3790.0,4199.0,3765.0,4169.0,4169.0,21241.0,CC=F,USD,NYB
2026-05-27,4220.0,4334.0,4103.0,4140.0,4140.0,19030.0,CC=F,USD,NYB
2026-05-28,4115.0,4224.0,4041.0,4099.0,4099.0,12799.0,CC=F,USD,NYB
2026-05-29,4076.0,4175.0,3895.0,3923.0,3923.0,15620.0,CC=F,USD,NYB
2026-06-01,3875.0,4099.0,3845.0,3895.0,3895.0,17870.0,CC=F,USD,NYB
2026-06-02,3913.0,4199.0,3912.0,4108.0,4108.0,18830.0,CC=F,USD,NYB
2026-06-03,4088.0,4123.0,4011.0,4072.0,4072.0,15068.0,CC=F,USD,NYB
2026-06-04,4016.0,4075.0,3893.0,3965.0,3965.0,12238.0,CC=F,USD,NYB
2026-06-05,3925.0,3957.0,3720.0,3762.0,3762.0,21486.0,CC=F,USD,NYB
2026-06-08,3875.0,3908.0,3787.0,3831.0,3831.0,21110.0,CC=F,USD,NYB
2026-06-09,3829.0,3959.0,3773.0,3831.0,3831.0,17058.0,CC=F,USD,NYB
2026-06-10,3807.0,3872.0,3736.0,3757.0,3757.0,16256.0,CC=F,USD,NYB
2026-06-11,3761.0,3798.0,3694.0,3710.0,3710.0,13660.0,CC=F,USD,NYB
2026-06-12,3701.0,3853.0,3700.0,3779.0,3779.0,12089.0,CC=F,USD,NYB
2026-06-15,3940.0,4082.0,3866.0,3882.0,3882.0,12015.0,CC=F,USD,NYB
2026-06-16,3891.0,4238.0,3877.0,4142.0,4142.0,9884.0,CC=F,USD,NYB
2026-06-17,4153.0,4300.0,4100.0,4144.0,4144.0,8705.0,CC=F,USD,NYB
2026-06-18,4082.0,4164.0,3984.0,4143.0,4143.0,6224.0,CC=F,USD,NYB
2026-06-22,4224.0,4569.0,4211.0,4525.0,4525.0,9786.0,CC=F,USD,NYB
2026-06-23,4499.0,4594.0,4421.0,4545.0,4545.0,1477.0,CC=F,USD,NYB
2026-06-24,4650.0,4800.0,4611.0,4902.0,4902.0,203.0,CC=F,USD,NYB
2026-06-25,5100.0,5100.0,5067.0,5159.0,5159.0,2.0,CC=F,USD,NYB
2026-06-26,5014.0,5014.0,5014.0,5014.0,5014.0,0.0,CC=F,USD,NYB
2026-06-29,4911.0,4911.0,4800.0,4895.0,4895.0,34.0,CC=F,USD,NYB
2026-06-30,5002.0,5002.0,5002.0,5002.0,5002.0,0.0,CC=F,USD,NYB
2026-07-01,5006.0,5006.0,5006.0,5006.0,5006.0,0.0,CC=F,USD,NYB
2026-07-02,4949.0,4949.0,4949.0,4949.0,4949.0,0.0,CC=F,USD,NYB
2026-07-06,5129.0,5130.0,5058.0,5602.0,5602.0,4.0,CC=F,USD,NYB
2026-07-07,5667.0,5667.0,5667.0,5667.0,5667.0,0.0,CC=F,USD,NYB
2026-07-08,5959.0,5959.0,5959.0,5959.0,5959.0,0.0,CC=F,USD,NYB
2026-07-09,6309.0,6309.0,6309.0,6309.0,6309.0,6.0,CC=F,USD,NYB
2026-07-10,5919.0,5919.0,5919.0,5919.0,5919.0,0.0,CC=F,USD,NYB
2026-07-13,5696.0,5696.0,5696.0,5696.0,5696.0,0.0,CC=F,USD,NYB
2026-07-14,5660.0,5660.0,5660.0,5660.0,5660.0,0.0,CC=F,USD,NYB
2026-07-15,5737.0,5737.0,5737.0,5737.0,5737.0,0.0,CC=F,USD,NYB
2026-07-16,5216.0,5216.0,5216.0,5216.0,5216.0,20035.0,CC=F,USD,NYB
2026-07-17,5421.0,5767.0,5393.0,5533.0,5533.0,14297.0,CC=F,USD,NYB
2026-07-20,5512.0,5681.0,5349.0,5520.0,5520.0,15688.0,CC=F,USD,NYB
2026-07-21,5450.0,5733.0,5405.0,5607.0,5607.0,19464.0,CC=F,USD,NYB
2026-07-22,5502.0,5534.0,5240.0,5328.0,5328.0,16490.0,CC=F,USD,NYB
2026-07-23,5272.0,5411.0,5165.0,5301.0,5301.0,13283.0,CC=F,USD,NYB
2026-07-24,5320.0,5438.0,5227.0,5376.0,5376.0,17604.0,CC=F,USD,NYB
2026-07-27,5332.0,5561.0,5080.0,5100.0,5100.0,17744.0,CC=F,USD,NYB
2026-07-28,5150.0,5233.0,4992.0,5201.0,5201.0,16476.0,CC=F,USD,NYB
2026-07-29,5292.0,5360.0,5075.0,5185.0,5185.0,19290.0,CC=F,USD,NYB
2026-07-30,5160.0,5218.0,5048.0,5112.0,5112.0,13512.0,CC=F,USD,NYB
2026-07-31,5168.0,5510.0,5138.0,5397.0,5397.0,19044.0,CC=F,USD,NYB
2026-08-03,5435.0,5950.0,5378.0,5939.0,5939.0,25987.0,CC=F,USD,NYB
2026-08-04,5951.0,6108.0,5815.0,5924.0,5924.0,20815.0,CC=F,USD,NYB
2026-08-05,6077.0,6222.0,5803.0,5882.0,5882.0,23360.0,CC=F,USD,NYB
2026-08-06,5776.0,5830.0,5534.0,5776.0,5776.0,24401.0,CC=F,USD,NYB
2026-08-07,5764.0,5890.0,5613.0,5782.0,5782.0,17896.0,CC=F,USD,NYB
2026-08-10,5711.0,5930.0,5608.0,5821.0,5821.0,19191.0,CC=F,USD,NYB
2026-08-11,5875.0,5904.0,5425.0,5543.0,5543.0,20930.0,CC=F,USD,NYB
2026-08-12,5527.0,5666.0,5465.0,5619.0,5619.0,15458.0,CC=F,USD,NYB
2026-08-13,5650.0,5788.0,5565.0,5648.0,5648.0,17232.0,CC=F,USD,NYB
2026-08-14,5638.0,5767.0,5538.0,5734.0,5734.0,13712.0,CC=F,USD,NYB
2026-08-17,5726.0,6100.0,5640.0,6044.0,6044.0,8421.0,CC=F,USD,NYB
2026-08-18,6065.0,6069.0,5873.0,5905.0,5905.0,9727.0,CC=F,USD,NYB
2026-08-19,5901.0,6129.0,5846.0,6046.0,6046.0,5660.0,CC=F,USD,NYB
2026-08-20,5920.0,6170.0,5732.0,6088.0,6088.0,7638.0,CC=F,USD,NYB
2026-08-21,6030.0,6143.0,5896.0,5990.0,5990.0,3334.0,CC=F,USD,NYB
2026-08-24,5917.0,5923.0,5689.0,5820.0,5820.0,600.0,CC=F,USD,NYB
2026-08-25,5818.0,5819.0,5816.0,5759.0,5759.0,36.0,CC=F,USD,NYB
2026-08-26,5916.0,5916.0,5842.0,5817.0,5817.0,3.0,CC=F,USD,NYB
2026-08-27,6186.0,6190.0,6186.0,6155.0,6155.0,3.0,CC=F,USD,NYB
