series,horizon,experiment,model,test_year,n_train,n_test,qlike,qlike_nonzero_target,mae,rmse
arabica_LUIS EDUARDO MAGALHAES,1,E1_own,RandomForest,2006,693,239,15.03728551780237,40.9539576904527,2.133842801722577,3.394046031508091
arabica_LUIS EDUARDO MAGALHAES,1,E1_own,LightGBM,2006,693,239,12378.164224223849,61601.43795711896,2.2791911407477663,3.647960117894428
arabica_LUIS EDUARDO MAGALHAES,1,E1_own,XGBoost,2006,693,239,12704.3575273404,63226.98230555357,2.162848767959389,3.513195312551741
arabica_LUIS EDUARDO MAGALHAES,1,E1_own,RandomForest,2007,932,7,9.987209486604687,14.109189904263022,1.81929736873821,2.341118497122313
arabica_LUIS EDUARDO MAGALHAES,1,E1_own,LightGBM,2007,932,7,10.1554038323237,14.283417071632677,1.9469985299594508,2.454358533077447
arabica_LUIS EDUARDO MAGALHAES,1,E1_own,XGBoost,2007,932,7,7.139845509855894,3.245695851436867,1.656159735296294,1.778454433579509
arabica_LUIS EDUARDO MAGALHAES,1,E1_own,RandomForest,2008,939,238,8.553911767991561,9.330153289890726,1.3457419319057848,1.5868490189125783
arabica_LUIS EDUARDO MAGALHAES,1,E1_own,LightGBM,2008,939,238,11.373593591018738,25.69652513987901,1.3867481718655756,1.7111125953509585
arabica_LUIS EDUARDO MAGALHAES,1,E1_own,XGBoost,2008,939,238,243.2769060811329,1281.6500118292954,1.3316503477398751,1.6725626184503763
arabica_LUIS EDUARDO MAGALHAES,1,E1_own,RandomForest,2009,1177,234,10.299719164318963,23.12178287207953,1.3673403818299912,1.865993225037028
arabica_LUIS EDUARDO MAGALHAES,1,E1_own,LightGBM,2009,1177,234,1029.4456216973174,7251.218908020149,1.4077905871960767,1.96936852759394
arabica_LUIS EDUARDO MAGALHAES,1,E1_own,XGBoost,2009,1177,234,5308.818553941004,37596.15945171016,1.398324284079949,1.9720191852369808
arabica_LUIS EDUARDO MAGALHAES,1,E1_own,RandomForest,2010,1411,226,16.63849565864188,66.21545452887042,1.761741962620416,3.408663988857197
arabica_LUIS EDUARDO MAGALHAES,1,E1_own,LightGBM,2010,1411,226,25375.893615287536,173740.04905788758,1.9198930576552575,3.928499275214834
arabica_LUIS EDUARDO MAGALHAES,1,E1_own,XGBoost,2010,1411,226,25257.95849946589,172934.06256610397,1.6933152260799589,3.734398359762975
arabica_LUIS EDUARDO MAGALHAES,1,E1_own,RandomForest,2011,1637,73,20.75143183375601,112.27053387709518,1.5497460882252458,2.962986610379092
arabica_LUIS EDUARDO MAGALHAES,1,E1_own,LightGBM,2011,1637,73,19.78357736996997,106.36893222903949,1.498003387127365,2.9218727896880505
arabica_LUIS EDUARDO MAGALHAES,1,E1_own,XGBoost,2011,1637,73,19.4667593961807,103.72567957090956,1.4147809179772586,2.8699277950069244
arabica_LUIS EDUARDO MAGALHAES,1,E1_own,RandomForest,2012,1710,238,9.464864036473733,30.955235135682425,1.0496433727347725,1.3669925697026395
arabica_LUIS EDUARDO MAGALHAES,1,E1_own,LightGBM,2012,1710,238,13.340880170340784,84.5747708411666,1.1680703019960923,1.5726746860781582
arabica_LUIS EDUARDO MAGALHAES,1,E1_own,XGBoost,2012,1710,238,11.779764888855798,63.55942949923501,1.2711984837121582,2.014816229162405
arabica_LUIS EDUARDO MAGALHAES,1,E1_own,RandomForest,2013,1948,240,35.30460969188076,445.9916527706193,1.5665546547129283,5.222382292657879
arabica_LUIS EDUARDO MAGALHAES,1,E1_own,LightGBM,2013,1948,240,25.251169152419795,287.065450493943,1.6026700156266676,5.222452069552369
arabica_LUIS EDUARDO MAGALHAES,1,E1_own,XGBoost,2013,1948,240,16.89047201553031,147.60098328214235,1.8812432168523807,5.257559206158706
arabica_LUIS EDUARDO MAGALHAES,1,E1_own,RandomForest,2016,2188,178,14.870883527016652,70.19931415943904,1.3124609366944018,2.2567629941088034
arabica_LUIS EDUARDO MAGALHAES,1,E1_own,LightGBM,2016,2188,178,8191.331470327448,72842.09090867567,1.3477807827375947,2.3808494070868638
arabica_LUIS EDUARDO MAGALHAES,1,E1_own,XGBoost,2016,2188,178,38.04531863856735,277.4615095850814,1.4951112190283202,3.088733288275677
arabica_LUIS EDUARDO MAGALHAES,1,E1_own,RandomForest,2017,2366,233,9.055760727154729,29.04493516708297,0.8586362511910514,1.242034268454118
arabica_LUIS EDUARDO MAGALHAES,1,E1_own,LightGBM,2017,2366,233,9.003404450261948,29.10264888250313,0.8425939253142123,1.228901513646553
arabica_LUIS EDUARDO MAGALHAES,1,E1_own,XGBoost,2017,2366,233,9.13113248644154,29.51187355217784,0.9016864262199062,1.3153563823209915
arabica_LUIS EDUARDO MAGALHAES,1,E1_own,RandomForest,2018,2599,241,12.086735868777737,69.14585309249402,0.8743970355376998,1.4989055709690529
arabica_LUIS EDUARDO MAGALHAES,1,E1_own,LightGBM,2018,2599,241,15.950648204558036,120.5496174305732,0.8486793864925903,1.4891726263120142
arabica_LUIS EDUARDO MAGALHAES,1,E1_own,XGBoost,2018,2599,241,16.036184589829894,121.34683845937244,0.8692026638501206,1.5365313499036244
arabica_LUIS EDUARDO MAGALHAES,1,E1_own,RandomForest,2019,2840,239,17.387519394396627,148.08127328757507,1.0059459304304077,1.8144783615115043
arabica_LUIS EDUARDO MAGALHAES,1,E1_own,LightGBM,2019,2840,239,17.960555645016424,160.82968793598138,0.9657506586643848,1.8170399028992537
arabica_LUIS EDUARDO MAGALHAES,1,E1_own,XGBoost,2019,2840,239,17.975497658593387,160.4325922978394,0.9849279102953316,1.8506163003474936
arabica_LUIS EDUARDO MAGALHAES,1,E1_own,RandomForest,2020,3079,131,20.972536646446663,106.60580410512108,1.2353013630152423,2.140460049582736
arabica_LUIS EDUARDO MAGALHAES,1,E1_own,LightGBM,2020,3079,131,26.07259964583958,145.52262990124797,1.1627648166851328,2.085729098463828
arabica_LUIS EDUARDO MAGALHAES,1,E1_own,XGBoost,2020,3079,131,18.19897161911906,88.08371960738415,1.165075904103115,2.090201184445976
arabica_LUIS EDUARDO MAGALHAES,1,E1_own,RandomForest,2021,3210,241,31.39707900054208,246.6616243957351,1.2459568856025924,2.8031186812534834
arabica_LUIS EDUARDO MAGALHAES,1,E1_own,LightGBM,2021,3210,241,82.72207864098826,763.8398979542648,1.2591789930699768,2.852532240462108
arabica_LUIS EDUARDO MAGALHAES,1,E1_own,XGBoost,2021,3210,241,37.91366885873969,313.0008600065233,1.302043108582852,2.853635721959635
arabica_LUIS EDUARDO MAGALHAES,1,E1_own,RandomForest,2022,3451,244,24.61750011572105,139.05738063872303,1.098849812216797,2.4387138804398334
arabica_LUIS EDUARDO MAGALHAES,1,E1_own,LightGBM,2022,3451,244,24.792223516380712,140.51525581997254,1.112417043531159,2.405678164183465
arabica_LUIS EDUARDO MAGALHAES,1,E1_own,XGBoost,2022,3451,244,24.03756453912215,135.44725370853578,1.2366411054474822,3.5469063645369188
arabica_LUIS EDUARDO MAGALHAES,1,E1_own,RandomForest,2023,3695,241,15.370739304074023,93.72927234013514,1.0953040299361478,1.970316675509885
arabica_LUIS EDUARDO MAGALHAES,1,E1_own,LightGBM,2023,3695,241,15.11158930917001,95.06620367271177,0.9961079228370208,1.9260823293172569
arabica_LUIS EDUARDO MAGALHAES,1,E1_own,XGBoost,2023,3695,241,15.958776753810485,103.37907467947316,1.0640316364675702,1.9947002200395896
arabica_LUIS EDUARDO MAGALHAES,1,E1_own,RandomForest,2024,3936,244,20.958561704866803,98.98765857630768,1.2743886618424658,2.771454656875213
arabica_LUIS EDUARDO MAGALHAES,1,E1_own,LightGBM,2024,3936,244,22.2468504401885,107.7566335997279,1.349448006352692,2.850976440878658
arabica_LUIS EDUARDO MAGALHAES,1,E1_own,XGBoost,2024,3936,244,23.62022788011345,117.65680408210623,1.3209870206296048,3.0018144490067478
arabica_LUIS EDUARDO MAGALHAES,1,E1_own,RandomForest,2026,4180,12,10.039439397496468,33.02073268613617,1.1656784072335264,1.4765373343952863
arabica_LUIS EDUARDO MAGALHAES,1,E1_own,LightGBM,2026,4180,12,10.43117109552774,63.05330782435556,1.0813346585519976,1.6748263746154877
arabica_LUIS EDUARDO MAGALHAES,1,E1_own,XGBoost,2026,4180,12,21.11725443327511,184.8360482325145,1.0995695830943677,1.6815490004942586
arabica_LUIS EDUARDO MAGALHAES,1,E2_cross_commodity,RandomForest,2006,693,239,15.273116403605844,41.1635488058609,2.260116339290381,3.4280713796630966
arabica_LUIS EDUARDO MAGALHAES,1,E2_cross_commodity,LightGBM,2006,693,239,20322.7321529774,101158.73069787236,2.4719489108670305,3.6649851677194154
arabica_LUIS EDUARDO MAGALHAES,1,E2_cross_commodity,XGBoost,2006,693,239,29.298193414245663,112.86200252500755,2.271325826616371,3.587339939459724
arabica_LUIS EDUARDO MAGALHAES,1,E2_cross_commodity,RandomForest,2007,932,7,9.565897456774598,13.55832208789358,1.6941064649776447,2.275794738367014
arabica_LUIS EDUARDO MAGALHAES,1,E2_cross_commodity,LightGBM,2007,932,7,7.219785761657724,8.801615996426479,1.7517215992947734,2.4330027538611225
arabica_LUIS EDUARDO MAGALHAES,1,E2_cross_commodity,XGBoost,2007,932,7,15.57838158684299,37.33266747048807,1.486534159242947,2.150168759334626
arabica_LUIS EDUARDO MAGALHAES,1,E2_cross_commodity,RandomForest,2008,939,238,8.43583214998823,8.151992649836812,1.4239566749383394,1.6678199215068816
arabica_LUIS EDUARDO MAGALHAES,1,E2_cross_commodity,LightGBM,2008,939,238,3859.920605002764,20849.876975171665,1.4729247820448688,2.074912061681413
arabica_LUIS EDUARDO MAGALHAES,1,E2_cross_commodity,XGBoost,2008,939,238,3557.341266663612,19210.372874483142,1.3979888217716707,2.021870849601595
arabica_LUIS EDUARDO MAGALHAES,1,E2_cross_commodity,RandomForest,2009,1177,234,10.6049989662243,25.38985301915863,1.376403125980061,1.894069382867123
arabica_LUIS EDUARDO MAGALHAES,1,E2_cross_commodity,LightGBM,2009,1177,234,514.9518127383336,3606.769975625812,1.496061801584361,2.177603929151429
arabica_LUIS EDUARDO MAGALHAES,1,E2_cross_commodity,XGBoost,2009,1177,234,212.11153557542104,1458.4249665874413,1.456718293842962,2.170170876232387
arabica_LUIS EDUARDO MAGALHAES,1,E2_cross_commodity,RandomForest,2010,1411,226,16.402904927968965,64.18959732158166,1.7860168627558783,3.433784293596181
arabica_LUIS EDUARDO MAGALHAES,1,E2_cross_commodity,LightGBM,2010,1411,226,1216.7143009513454,8288.70836076859,1.9790631392075884,4.011375212383065
arabica_LUIS EDUARDO MAGALHAES,1,E2_cross_commodity,XGBoost,2010,1411,226,25010.379999028923,171237.3856286701,1.8490186572329652,3.736988722846178
arabica_LUIS EDUARDO MAGALHAES,1,E2_cross_commodity,RandomForest,2011,1637,73,23.33098756135752,133.4776387718008,1.5442091998359344,2.9773592019735835
arabica_LUIS EDUARDO MAGALHAES,1,E2_cross_commodity,LightGBM,2011,1637,73,35353.068114947586,286704.33317387215,1.4930899842542962,3.0634902168619864
arabica_LUIS EDUARDO MAGALHAES,1,E2_cross_commodity,XGBoost,2011,1637,73,206.77143429665708,1626.6876276934536,1.3682392065954598,2.953879259592443
arabica_LUIS EDUARDO MAGALHAES,1,E2_cross_commodity,RandomForest,2012,1710,238,9.564500328914308,32.94675701469551,1.0259148378306449,1.3483779209668223
arabica_LUIS EDUARDO MAGALHAES,1,E2_cross_commodity,LightGBM,2012,1710,238,2147.54922903631,29971.54183142324,1.1136858359295885,1.5389485959475044
arabica_LUIS EDUARDO MAGALHAES,1,E2_cross_commodity,XGBoost,2012,1710,238,190.42378511044157,2566.7741511411286,1.1866627516606574,1.6198265710928708
arabica_LUIS EDUARDO MAGALHAES,1,E2_cross_commodity,RandomForest,2013,1948,240,34.480173211846505,433.0460854701564,1.573748556392574,5.22871190657758
arabica_LUIS EDUARDO MAGALHAES,1,E2_cross_commodity,LightGBM,2013,1948,240,919.8716282574976,14609.978579225864,1.7021180931749784,5.369695372585163
arabica_LUIS EDUARDO MAGALHAES,1,E2_cross_commodity,XGBoost,2013,1948,240,37.80473037747869,486.3650610738517,1.738109297403888,5.333948193292275
arabica_LUIS EDUARDO MAGALHAES,1,E2_cross_commodity,RandomForest,2016,2188,178,13.97700079970501,62.768599385084215,1.2711809479362517,2.222936898461009
arabica_LUIS EDUARDO MAGALHAES,1,E2_cross_commodity,LightGBM,2016,2188,178,146.666597546895,1247.189167534582,1.4421399082104849,2.461740484008493
arabica_LUIS EDUARDO MAGALHAES,1,E2_cross_commodity,XGBoost,2016,2188,178,14.91023654025684,74.1240445474025,1.2423995687511988,2.2308691451550207
arabica_LUIS EDUARDO MAGALHAES,1,E2_cross_commodity,RandomForest,2017,2366,233,9.886976567729436,42.15035556046801,0.8170889934940021,1.2308250940119998
arabica_LUIS EDUARDO MAGALHAES,1,E2_cross_commodity,LightGBM,2017,2366,233,54.528440305128505,658.3855051135017,0.912764767094154,1.4556742204170086
arabica_LUIS EDUARDO MAGALHAES,1,E2_cross_commodity,XGBoost,2017,2366,233,13.251237354507596,90.54301965851204,0.8705589111428269,1.3531444997628672
arabica_LUIS EDUARDO MAGALHAES,1,E2_cross_commodity,RandomForest,2018,2599,241,12.029015418037815,69.2199227280369,0.843245832744673,1.4802294609508664
arabica_LUIS EDUARDO MAGALHAES,1,E2_cross_commodity,LightGBM,2018,2599,241,451.03667395866296,5653.074600394633,0.7935447118986152,1.6218533688487038
arabica_LUIS EDUARDO MAGALHAES,1,E2_cross_commodity,XGBoost,2018,2599,241,844.5484264891775,10643.975091346829,0.7287061377780765,1.5408305568940026
arabica_LUIS EDUARDO MAGALHAES,1,E2_cross_commodity,RandomForest,2019,2840,239,18.235279180970107,161.44240174136056,0.9786240631241432,1.810742382817388
arabica_LUIS EDUARDO MAGALHAES,1,E2_cross_commodity,LightGBM,2019,2840,239,1120.6146309995734,15684.593471480848,0.846132372050311,1.8760701930865689
arabica_LUIS EDUARDO MAGALHAES,1,E2_cross_commodity,XGBoost,2019,2840,239,102.268680000032,1358.7008707109376,0.9603285157581776,1.998367483115501
arabica_LUIS EDUARDO MAGALHAES,1,E2_cross_commodity,RandomForest,2020,3079,131,20.955431528975943,105.81479911158632,1.2833863864913932,2.176981334199985
arabica_LUIS EDUARDO MAGALHAES,1,E2_cross_commodity,LightGBM,2020,3079,131,156.4499339400749,1107.5012747846072,1.11320920934305,2.1973298323317856
arabica_LUIS EDUARDO MAGALHAES,1,E2_cross_commodity,XGBoost,2020,3079,131,61.09594503811582,408.9221398803568,1.0720783223654315,2.1170619860065765
arabica_LUIS EDUARDO MAGALHAES,1,E2_cross_commodity,RandomForest,2021,3210,241,20.39610003044455,136.01935584614242,1.2495923706667684,2.771101062713543
arabica_LUIS EDUARDO MAGALHAES,1,E2_cross_commodity,LightGBM,2021,3210,241,54.59167725764234,487.6732488317503,1.2455059033769946,2.8445686701541546
arabica_LUIS EDUARDO MAGALHAES,1,E2_cross_commodity,XGBoost,2021,3210,241,38.206255299276485,321.33883142271213,1.2307266872696696,3.02521664237508
arabica_LUIS EDUARDO MAGALHAES,1,E2_cross_commodity,RandomForest,2022,3451,244,24.46531969035184,137.05011443221895,1.1699034784654063,2.487197652002629
arabica_LUIS EDUARDO MAGALHAES,1,E2_cross_commodity,LightGBM,2022,3451,244,421.9127166820064,3177.211521826058,1.1421293209359384,2.560871792393576
arabica_LUIS EDUARDO MAGALHAES,1,E2_cross_commodity,XGBoost,2022,3451,244,930.4027260756088,7052.636563893262,1.208546040297735,3.563676393462342
arabica_LUIS EDUARDO MAGALHAES,1,E2_cross_commodity,RandomForest,2023,3695,241,15.829079672493402,98.88143394090038,1.117851037694196,2.0375578147326285
arabica_LUIS EDUARDO MAGALHAES,1,E2_cross_commodity,LightGBM,2023,3695,241,2519.6462454167186,27542.864299438428,0.9990191937524018,2.029342811140035
arabica_LUIS EDUARDO MAGALHAES,1,E2_cross_commodity,XGBoost,2023,3695,241,2454.6457811703663,26825.327517079364,1.034920801309997,2.193231448842954
arabica_LUIS EDUARDO MAGALHAES,1,E2_cross_commodity,RandomForest,2024,3936,244,20.49336482284584,95.58988932308309,1.2597188884760713,2.6636756299019866
arabica_LUIS EDUARDO MAGALHAES,1,E2_cross_commodity,LightGBM,2024,3936,244,4916.249250989319,33286.48995074627,1.1785984365861846,2.7335420029073414
arabica_LUIS EDUARDO MAGALHAES,1,E2_cross_commodity,XGBoost,2024,3936,244,314.5723015126473,2094.742485390792,1.2850731903215045,3.033944665456214
arabica_LUIS EDUARDO MAGALHAES,1,E2_cross_commodity,RandomForest,2026,4180,12,10.39241020746301,38.62207164628303,1.122393046829424,1.461741650415877
arabica_LUIS EDUARDO MAGALHAES,1,E2_cross_commodity,LightGBM,2026,4180,12,6.636792793695514,10.20591056721685,1.0858450990489623,1.5679332507154802
arabica_LUIS EDUARDO MAGALHAES,1,E2_cross_commodity,XGBoost,2026,4180,12,19956.92821195544,239407.21140292197,1.2092083894214083,1.7649169263443485
arabica_LUIS EDUARDO MAGALHAES,1,E3_financial,RandomForest,2006,693,239,9.781125079223417,4.617880223735036,4.364116112447777,4.76307691882186
arabica_LUIS EDUARDO MAGALHAES,1,E3_financial,LightGBM,2006,693,239,46302.85057852021,230513.03245377576,3.605774912175831,4.64686587924129
arabica_LUIS EDUARDO MAGALHAES,1,E3_financial,XGBoost,2006,693,239,5199.030987208001,25845.95972990281,4.970562478910159,5.987867644872237
arabica_LUIS EDUARDO MAGALHAES,1,E3_financial,RandomForest,2007,932,7,11.415612443826143,18.33121417499504,2.010890821602076,2.504308034580142
arabica_LUIS EDUARDO MAGALHAES,1,E3_financial,LightGBM,2007,932,7,52.06139325447053,163.4565829647717,1.8963396395898615,2.572512185234804
arabica_LUIS EDUARDO MAGALHAES,1,E3_financial,XGBoost,2007,932,7,10.892283253467768,17.973545416201215,1.7552990680675953,2.254622806830606
arabica_LUIS EDUARDO MAGALHAES,1,E3_financial,RandomForest,2008,939,238,8.224588474062612,3.150096565923268,1.948932760550024,2.2560278472663664
arabica_LUIS EDUARDO MAGALHAES,1,E3_financial,LightGBM,2008,939,238,2173.9465252829227,11719.418107251762,2.171159564299184,2.7445146226297523
arabica_LUIS EDUARDO MAGALHAES,1,E3_financial,XGBoost,2008,939,238,8.480940112328884,2.592803351827333,3.274521987750903,4.92960991853351
arabica_LUIS EDUARDO MAGALHAES,1,E3_financial,RandomForest,2009,1177,234,12.821840366609278,42.884300706624025,1.2831600688146805,1.8725287079240132
arabica_LUIS EDUARDO MAGALHAES,1,E3_financial,LightGBM,2009,1177,234,12811.112069718272,90806.00758063408,1.2720040104321886,2.0944070276726863
arabica_LUIS EDUARDO MAGALHAES,1,E3_financial,XGBoost,2009,1177,234,345.2350612627151,2406.6439356454493,1.3063794831099833,2.0593687093488264
arabica_LUIS EDUARDO MAGALHAES,1,E3_financial,RandomForest,2010,1411,226,21.95747006855701,106.12241533534838,1.570276287378651,3.3791478137137783
arabica_LUIS EDUARDO MAGALHAES,1,E3_financial,LightGBM,2010,1411,226,28658.29436894084,196226.4085777108,1.7758072468381674,3.839235655852552
arabica_LUIS EDUARDO MAGALHAES,1,E3_financial,XGBoost,2010,1411,226,1058.3137401361705,7209.371356075794,1.505783112202562,3.50433330378803
arabica_LUIS EDUARDO MAGALHAES,1,E3_financial,RandomForest,2011,1637,73,23.98069309350677,139.95589774542557,1.5081189068616625,2.9531666766259
arabica_LUIS EDUARDO MAGALHAES,1,E3_financial,LightGBM,2011,1637,73,15.8751625271091,70.71028119657555,1.9046503823047245,3.094501357229677
arabica_LUIS EDUARDO MAGALHAES,1,E3_financial,XGBoost,2011,1637,73,1855.3337965058065,14997.538572609345,1.4836828221597416,2.912191231680101
arabica_LUIS EDUARDO MAGALHAES,1,E3_financial,RandomForest,2012,1710,238,10.592069936869793,51.030208830712205,0.932104198938272,1.3055562695689624
arabica_LUIS EDUARDO MAGALHAES,1,E3_financial,LightGBM,2012,1710,238,495.9023332972181,6854.887206300832,0.9522982793483592,1.436970152040688
arabica_LUIS EDUARDO MAGALHAES,1,E3_financial,XGBoost,2012,1710,238,12.182913201895929,81.67578723652551,0.8902603061285043,1.3619357464315762
arabica_LUIS EDUARDO MAGALHAES,1,E3_financial,RandomForest,2013,1948,240,45.37831377982484,611.5441854793874,1.4201278545227445,5.18985696540935
arabica_LUIS EDUARDO MAGALHAES,1,E3_financial,LightGBM,2013,1948,240,700.6455083724057,11103.684787367254,1.5535288145232171,5.274425856396743
arabica_LUIS EDUARDO MAGALHAES,1,E3_financial,XGBoost,2013,1948,240,630.5007664343477,9965.160046777944,1.9938703876062864,5.265058333346399
arabica_LUIS EDUARDO MAGALHAES,1,E3_financial,RandomForest,2016,2188,178,17.28993265570589,96.9128535282742,1.0785502310887014,2.099149167265532
arabica_LUIS EDUARDO MAGALHAES,1,E3_financial,LightGBM,2016,2188,178,26892.546944327773,239295.5811045066,1.2256705269512682,2.4059282360803067
arabica_LUIS EDUARDO MAGALHAES,1,E3_financial,XGBoost,2016,2188,178,165.82220173463384,1426.829057370909,1.148022332385544,2.4595797977803397
arabica_LUIS EDUARDO MAGALHAES,1,E3_financial,RandomForest,2017,2366,233,9.929994189388896,43.04081080830831,0.8047494013333154,1.214238535638805
arabica_LUIS EDUARDO MAGALHAES,1,E3_financial,LightGBM,2017,2366,233,53.664240031662686,643.017166363481,1.218457092241232,1.684602696525089
arabica_LUIS EDUARDO MAGALHAES,1,E3_financial,XGBoost,2017,2366,233,10.990886477770882,45.524136182602206,1.5809355473596618,2.1402559939234225
arabica_LUIS EDUARDO MAGALHAES,1,E3_financial,RandomForest,2018,2599,241,13.956295786245544,95.9602178249237,0.8198429621887436,1.497820664077377
arabica_LUIS EDUARDO MAGALHAES,1,E3_financial,LightGBM,2018,2599,241,6486.844030774326,82216.82186700909,0.8709943219731685,1.687144768591076
arabica_LUIS EDUARDO MAGALHAES,1,E3_financial,XGBoost,2018,2599,241,279.44612678387256,3476.3825082967537,0.8023947413589262,1.6113257945458168
arabica_LUIS EDUARDO MAGALHAES,1,E3_financial,RandomForest,2019,2840,239,37.015391318130426,438.8839135540292,0.7415910263278305,1.7703019942724962
arabica_LUIS EDUARDO MAGALHAES,1,E3_financial,LightGBM,2019,2840,239,2838.3602617416545,39839.4086435498,0.7036780131502727,1.8098275856581876
arabica_LUIS EDUARDO MAGALHAES,1,E3_financial,XGBoost,2019,2840,239,840.3179749752192,11746.76749872052,0.6989166973287267,1.8000097118358698
arabica_LUIS EDUARDO MAGALHAES,1,E3_financial,RandomForest,2020,3079,131,15.698573771591365,66.82971983426518,1.2820830453370995,2.1202653501579305
arabica_LUIS EDUARDO MAGALHAES,1,E3_financial,LightGBM,2020,3079,131,12834.750984334243,93368.88701465768,1.2106241233638686,2.2129900792374224
arabica_LUIS EDUARDO MAGALHAES,1,E3_financial,XGBoost,2020,3079,131,537.9026157070003,3874.9995446590224,1.2276589959086104,2.189420847763043
arabica_LUIS EDUARDO MAGALHAES,1,E3_financial,RandomForest,2021,3210,241,42.19926416835592,360.35035214310136,1.084126337803376,2.768175590019634
arabica_LUIS EDUARDO MAGALHAES,1,E3_financial,LightGBM,2021,3210,241,2103.4334579288616,21058.56204208825,1.3578870494477229,2.8862574420678797
arabica_LUIS EDUARDO MAGALHAES,1,E3_financial,XGBoost,2021,3210,241,2065.5851010239585,20675.6142999229,1.3489013404004555,2.9188884234824024
arabica_LUIS EDUARDO MAGALHAES,1,E3_financial,RandomForest,2022,3451,244,17.891045293504405,89.52894399105243,1.0395731529524357,2.389730595027252
arabica_LUIS EDUARDO MAGALHAES,1,E3_financial,LightGBM,2022,3451,244,41.86223566781232,277.6551665498429,1.1067922229691272,2.4314221910879
arabica_LUIS EDUARDO MAGALHAES,1,E3_financial,XGBoost,2022,3451,244,47.16443665168012,314.37002104764247,1.3184139614010677,3.441860275182228
arabica_LUIS EDUARDO MAGALHAES,1,E3_financial,RandomForest,2023,3695,241,12.709646717165947,59.349386346472805,1.2424995157639511,2.0032483996815853
arabica_LUIS EDUARDO MAGALHAES,1,E3_financial,LightGBM,2023,3695,241,11.161339332485833,46.159140449569605,1.35018208980767,2.0886803250678603
arabica_LUIS EDUARDO MAGALHAES,1,E3_financial,XGBoost,2023,3695,241,13.488401695146717,61.32714718270934,2.133624776082921,2.9509582532258176
arabica_LUIS EDUARDO MAGALHAES,1,E3_financial,RandomForest,2024,3936,244,23.202702210519124,114.50245571095373,1.2211698867577854,2.728999858662585
arabica_LUIS EDUARDO MAGALHAES,1,E3_financial,LightGBM,2024,3936,244,206.61523262587664,1362.9018309600071,1.243035586533962,2.8172622638516103
arabica_LUIS EDUARDO MAGALHAES,1,E3_financial,XGBoost,2024,3936,244,390.06828634296346,2605.680941878716,1.2889165348842433,2.988129369136581
arabica_LUIS EDUARDO MAGALHAES,1,E3_financial,RandomForest,2026,4180,12,11.29325279652226,52.20340282389329,1.0386161834070562,1.430222861153073
arabica_LUIS EDUARDO MAGALHAES,1,E3_financial,LightGBM,2026,4180,12,5.612670473357194,14.268048921186413,0.7439472648244901,1.2793209553071063
arabica_LUIS EDUARDO MAGALHAES,1,E3_financial,XGBoost,2026,4180,12,66.91833403524393,750.4400056715918,0.6902221023001714,1.422039223917991
arabica_LUIS EDUARDO MAGALHAES,1,E4_full,RandomForest,2006,693,239,9.774177990414453,5.505689283205847,3.928737226188344,4.359912366272835
arabica_LUIS EDUARDO MAGALHAES,1,E4_full,LightGBM,2006,693,239,43825.71370757781,218181.22718337772,2.9602858300394064,4.091042076018394
arabica_LUIS EDUARDO MAGALHAES,1,E4_full,XGBoost,2006,693,239,35.51550414957242,136.40753142534507,4.483068782515459,5.527485621258348
arabica_LUIS EDUARDO MAGALHAES,1,E4_full,RandomForest,2007,932,7,10.686569572390823,16.213660477695054,1.931489877255076,2.4264511711542585
arabica_LUIS EDUARDO MAGALHAES,1,E4_full,LightGBM,2007,932,7,14105.46013723046,49350.65188365372,1.925706630496961,2.6219236043602776
arabica_LUIS EDUARDO MAGALHAES,1,E4_full,XGBoost,2007,932,7,13.104574525785656,25.09365044635309,1.828653861514,2.2338471334622825
arabica_LUIS EDUARDO MAGALHAES,1,E4_full,RandomForest,2008,939,238,8.150017746613274,3.0736670883447714,1.8860138911926585,2.170551616477383
arabica_LUIS EDUARDO MAGALHAES,1,E4_full,LightGBM,2008,939,238,676.1356850392683,3622.64600281835,2.060535551040068,2.7441120894655127
arabica_LUIS EDUARDO MAGALHAES,1,E4_full,XGBoost,2008,939,238,25.25570189023141,94.53576437908237,2.7956548965122314,4.065739975969977
arabica_LUIS EDUARDO MAGALHAES,1,E4_full,RandomForest,2009,1177,234,12.290102452912777,38.94205098292957,1.2904613536492249,1.878860698850012
arabica_LUIS EDUARDO MAGALHAES,1,E4_full,LightGBM,2009,1177,234,7782.137358714262,55141.107273949965,1.4067505744264526,2.092679814000736
arabica_LUIS EDUARDO MAGALHAES,1,E4_full,XGBoost,2009,1177,234,5286.99642079696,37447.80863463695,1.2084974652542269,1.931139529318732
arabica_LUIS EDUARDO MAGALHAES,1,E4_full,RandomForest,2010,1411,226,21.291037777644192,100.6495800435711,1.6241302685792915,3.4130240292267007
arabica_LUIS EDUARDO MAGALHAES,1,E4_full,LightGBM,2010,1411,226,4732.79825330118,32375.76150985876,1.8232541166594036,3.943099593637056
arabica_LUIS EDUARDO MAGALHAES,1,E4_full,XGBoost,2010,1411,226,20215.101588456208,138403.2760825022,1.6874870647994409,3.8462112645502993
arabica_LUIS EDUARDO MAGALHAES,1,E4_full,RandomForest,2011,1637,73,24.52189672689888,144.9737270974569,1.475495457028293,2.9739168948578287
arabica_LUIS EDUARDO MAGALHAES,1,E4_full,LightGBM,2011,1637,73,35377.14544491314,286900.0854993353,1.6267076647903365,3.076788155978144
arabica_LUIS EDUARDO MAGALHAES,1,E4_full,XGBoost,2011,1637,73,59.76400860696699,432.4462473744388,1.5360626158575266,2.955373216711073
arabica_LUIS EDUARDO MAGALHAES,1,E4_full,RandomForest,2012,1710,238,10.019696925853504,43.28452287940857,0.921751536602116,1.2938943140836312
arabica_LUIS EDUARDO MAGALHAES,1,E4_full,LightGBM,2012,1710,238,499.0064004171396,6903.43803492508,0.9194763115776836,1.396796985863327
arabica_LUIS EDUARDO MAGALHAES,1,E4_full,XGBoost,2012,1710,238,14.334510528188233,108.74700923600054,0.9465807497924376,1.3744127362229293
arabica_LUIS EDUARDO MAGALHAES,1,E4_full,RandomForest,2013,1948,240,45.87066547720801,618.9286576940904,1.4480739214823293,5.202754954627703
arabica_LUIS EDUARDO MAGALHAES,1,E4_full,LightGBM,2013,1948,240,1267.7919612763471,20178.531754266343,1.5812878562908943,5.246101714535304
arabica_LUIS EDUARDO MAGALHAES,1,E4_full,XGBoost,2013,1948,240,1251.2475651282066,19891.07620372262,2.377285476944858,5.415028096371787
arabica_LUIS EDUARDO MAGALHAES,1,E4_full,RandomForest,2016,2188,178,16.769829278189427,91.38791805086144,1.1080960252249197,2.1253090490596485
arabica_LUIS EDUARDO MAGALHAES,1,E4_full,LightGBM,2016,2188,178,12357.17908343095,109929.64425158694,1.2865631995050222,2.391575045427862
arabica_LUIS EDUARDO MAGALHAES,1,E4_full,XGBoost,2016,2188,178,9771.428377226594,86921.74294169064,1.0054377906524956,2.2380221987684537
arabica_LUIS EDUARDO MAGALHAES,1,E4_full,RandomForest,2017,2366,233,10.719943708389104,54.73977840458359,0.7872445951104017,1.210885030580588
arabica_LUIS EDUARDO MAGALHAES,1,E4_full,LightGBM,2017,2366,233,2099.4899086149185,28687.935124347416,1.0354307369416196,1.5458962603012083
arabica_LUIS EDUARDO MAGALHAES,1,E4_full,XGBoost,2017,2366,233,14.660883533192177,117.9680135126464,0.8351772315395428,1.3691516081636632
arabica_LUIS EDUARDO MAGALHAES,1,E4_full,RandomForest,2018,2599,241,15.421800271817748,115.40907598119654,0.8002404019938677,1.4946433532975352
arabica_LUIS EDUARDO MAGALHAES,1,E4_full,LightGBM,2018,2599,241,7080.306314463647,89743.15023447451,0.8730855102360402,1.6879347847064552
arabica_LUIS EDUARDO MAGALHAES,1,E4_full,XGBoost,2018,2599,241,358.4426661838956,4478.293778750637,0.7387548932793783,1.5042295530112393
arabica_LUIS EDUARDO MAGALHAES,1,E4_full,RandomForest,2019,2840,239,28.04805831848728,309.8144043339495,0.7778290554696922,1.7624143586397676
arabica_LUIS EDUARDO MAGALHAES,1,E4_full,LightGBM,2019,2840,239,9285.370792643378,130481.5476913438,0.709582401787428,1.781510081926371
arabica_LUIS EDUARDO MAGALHAES,1,E4_full,XGBoost,2019,2840,239,382.6962534215591,5312.831310343133,0.7243930280881126,1.764041466256038
arabica_LUIS EDUARDO MAGALHAES,1,E4_full,RandomForest,2020,3079,131,24.848035631814657,135.37299843708578,1.2666030020788994,2.182934418305844
arabica_LUIS EDUARDO MAGALHAES,1,E4_full,LightGBM,2020,3079,131,20792.48932481959,151293.42034650885,1.1815704571646752,2.293679965240019
arabica_LUIS EDUARDO MAGALHAES,1,E4_full,XGBoost,2020,3079,131,50.96610972071196,329.12115296510376,1.4211218883965766,2.4187105102892814
arabica_LUIS EDUARDO MAGALHAES,1,E4_full,RandomForest,2021,3210,241,20.86059492868375,145.68036075590223,1.0980831258204578,2.718790564054557
arabica_LUIS EDUARDO MAGALHAES,1,E4_full,LightGBM,2021,3210,241,23.62086858719209,175.43446977451637,1.291393272978852,2.801075689049122
arabica_LUIS EDUARDO MAGALHAES,1,E4_full,XGBoost,2021,3210,241,18.589887637205475,122.35539863743378,1.3842198929907057,3.180430495599753
arabica_LUIS EDUARDO MAGALHAES,1,E4_full,RandomForest,2022,3451,244,18.54933878250568,93.62778652085464,1.1170653736820115,2.4581145306378667
arabica_LUIS EDUARDO MAGALHAES,1,E4_full,LightGBM,2022,3451,244,274.1029739557214,2048.448271636492,1.1843330759965407,2.5142055116390942
arabica_LUIS EDUARDO MAGALHAES,1,E4_full,XGBoost,2022,3451,244,151.54218137168502,1109.3039466611756,1.353348612517976,3.4521600553961416
arabica_LUIS EDUARDO MAGALHAES,1,E4_full,RandomForest,2023,3695,241,12.929601471109963,62.26669692184032,1.2333669953309292,2.011046736628295
arabica_LUIS EDUARDO MAGALHAES,1,E4_full,LightGBM,2023,3695,241,17.57199989864584,115.90498687408322,1.4385386027834297,2.2426772614392934
arabica_LUIS EDUARDO MAGALHAES,1,E4_full,XGBoost,2023,3695,241,11.43481438064222,39.60240767513493,1.808397259997963,2.483234724474332
arabica_LUIS EDUARDO MAGALHAES,1,E4_full,RandomForest,2024,3936,244,19.456267827785023,88.9508001981776,1.2105496412447558,2.641249822929181
arabica_LUIS EDUARDO MAGALHAES,1,E4_full,LightGBM,2024,3936,244,2243.678030076273,15177.102782459617,1.1245177982358154,2.738631574491636
arabica_LUIS EDUARDO MAGALHAES,1,E4_full,XGBoost,2024,3936,244,209.93360205797956,1383.723224472043,1.299966439342642,2.9138590347772384
arabica_LUIS EDUARDO MAGALHAES,1,E4_full,RandomForest,2026,4180,12,12.803928237739,75.47275608340256,0.8931322759087661,1.3736948952835155
arabica_LUIS EDUARDO MAGALHAES,1,E4_full,LightGBM,2026,4180,12,10.225027268537326,66.93829461617709,0.7055982492013961,1.3312292232771368
arabica_LUIS EDUARDO MAGALHAES,1,E4_full,XGBoost,2026,4180,12,33.03384101240992,338.0005720830934,0.7359753796927776,1.416607209387296
arabica_LUIS EDUARDO MAGALHAES,5,E1_own,RandomForest,2006,689,239,5.350827689875844,2.7169908018648545,4.939139502288085,6.089296032199831
arabica_LUIS EDUARDO MAGALHAES,5,E1_own,LightGBM,2006,689,239,1382.4733014060023,1950.53306564452,4.983111821903469,6.037943320811112
arabica_LUIS EDUARDO MAGALHAES,5,E1_own,XGBoost,2006,689,239,12899.126805233796,18237.372959685075,5.389256714865198,6.661345703410718
arabica_LUIS EDUARDO MAGALHAES,5,E1_own,RandomForest,2007,928,7,1.1717538958949656,1.1717538958949656,2.555498270810535,2.9661015579569767
arabica_LUIS EDUARDO MAGALHAES,5,E1_own,LightGBM,2007,928,7,1.315783599806526,1.315783599806526,3.0908585352410785,3.331571117750806
arabica_LUIS EDUARDO MAGALHAES,5,E1_own,XGBoost,2007,928,7,3.958782637086298,3.958782637086298,2.7146200646046545,3.349646393364649
arabica_LUIS EDUARDO MAGALHAES,5,E1_own,RandomForest,2008,935,238,4.46615874105759,0.3193396060574153,2.676422132916165,3.334005441756321
arabica_LUIS EDUARDO MAGALHAES,5,E1_own,LightGBM,2008,935,238,227.16464331533703,358.35450698871165,3.233491353069987,3.977619211654029
arabica_LUIS EDUARDO MAGALHAES,5,E1_own,XGBoost,2008,935,238,226.9080609365256,358.0712871619124,2.822752861833115,3.574601486663684
arabica_LUIS EDUARDO MAGALHAES,5,E1_own,RandomForest,2009,1173,234,5.768442339249326,1.3068948129376137,3.0702533578103965,3.654724091154596
arabica_LUIS EDUARDO MAGALHAES,5,E1_own,LightGBM,2009,1173,234,5.673315303191049,1.1186677532041016,3.2339208993132225,3.9731135372905744
arabica_LUIS EDUARDO MAGALHAES,5,E1_own,XGBoost,2009,1173,234,5.920085050346434,1.3881767546787636,3.519595977669638,4.318105897072019
arabica_LUIS EDUARDO MAGALHAES,5,E1_own,RandomForest,2010,1407,226,7.72279561242361,5.083931751099078,4.686142162169109,7.534485000168762
arabica_LUIS EDUARDO MAGALHAES,5,E1_own,LightGBM,2010,1407,226,10.170732983688133,9.662700722096638,5.327150922077037,8.93544341424151
arabica_LUIS EDUARDO MAGALHAES,5,E1_own,XGBoost,2010,1407,226,10.16894563805956,9.7481220543202,4.58532409056792,6.957939628468556
arabica_LUIS EDUARDO MAGALHAES,5,E1_own,RandomForest,2011,1633,73,8.57108861529745,6.360917745597398,4.116412551510845,5.630627494322489
arabica_LUIS EDUARDO MAGALHAES,5,E1_own,LightGBM,2011,1633,73,8.330841648381792,5.984924774838717,4.002348267119085,5.529392123166852
arabica_LUIS EDUARDO MAGALHAES,5,E1_own,XGBoost,2011,1633,73,8.46109475375232,6.077554770462963,4.226552254326781,5.667740192300253
arabica_LUIS EDUARDO MAGALHAES,5,E1_own,RandomForest,2012,1706,238,7.492670068157015,0.7323838787034136,3.2824310741924894,4.026491231505161
arabica_LUIS EDUARDO MAGALHAES,5,E1_own,LightGBM,2012,1706,238,7.8191667208142706,1.0981814667628975,4.017301843092468,5.094494105065929
arabica_LUIS EDUARDO MAGALHAES,5,E1_own,XGBoost,2012,1706,238,7.731821145382106,1.0404776914560128,3.8147951743185766,4.808727425000364
arabica_LUIS EDUARDO MAGALHAES,5,E1_own,RandomForest,2013,1944,240,9.918725104471948,7.046476412273031,5.873147465903219,10.824303571222336
arabica_LUIS EDUARDO MAGALHAES,5,E1_own,LightGBM,2013,1944,240,10.115010029684552,7.212166152511461,6.527800937891666,11.529197692000553
arabica_LUIS EDUARDO MAGALHAES,5,E1_own,XGBoost,2013,1944,240,10.412290252565333,8.247252497511138,6.366690870890674,11.357712764710442
arabica_LUIS EDUARDO MAGALHAES,5,E1_own,RandomForest,2016,2184,178,7.962159625249439,4.192854090176914,4.51788185855542,7.122683129529688
arabica_LUIS EDUARDO MAGALHAES,5,E1_own,LightGBM,2016,2184,178,9.274259620428769,7.079216245288446,4.830247872663718,7.246677904021183
arabica_LUIS EDUARDO MAGALHAES,5,E1_own,XGBoost,2016,2184,178,9590.753811454348,21872.67513419725,4.555499762124372,6.558832169147431
arabica_LUIS EDUARDO MAGALHAES,5,E1_own,RandomForest,2017,2362,233,8.56155876581946,2.62181285608258,3.075629508008526,3.4105906586040824
arabica_LUIS EDUARDO MAGALHAES,5,E1_own,LightGBM,2017,2362,233,8.279380239542455,1.7861112892314586,2.9594476361855837,3.327560146022985
arabica_LUIS EDUARDO MAGALHAES,5,E1_own,XGBoost,2017,2362,233,8.52605565126349,2.469666624417906,3.0769092494202086,3.402314204775684
arabica_LUIS EDUARDO MAGALHAES,5,E1_own,RandomForest,2018,2595,241,7.113288212171263,2.208887897651193,2.5042849497312907,3.0968478505034858
arabica_LUIS EDUARDO MAGALHAES,5,E1_own,LightGBM,2018,2595,241,7.2898397898459,2.629723176994907,2.76586937011984,3.445391916190435
arabica_LUIS EDUARDO MAGALHAES,5,E1_own,XGBoost,2018,2595,241,8.668231787113042,6.510955591825094,2.51805749464514,3.154597995549507
arabica_LUIS EDUARDO MAGALHAES,5,E1_own,RandomForest,2019,2836,239,9.45767562151214,7.944030762480227,3.075178113147878,3.846163444254442
arabica_LUIS EDUARDO MAGALHAES,5,E1_own,LightGBM,2019,2836,239,20.54802806020887,41.29395561977109,3.2613289241105186,4.063854032234414
arabica_LUIS EDUARDO MAGALHAES,5,E1_own,XGBoost,2019,2836,239,11.82015985866974,14.986319501933504,3.1355287857869154,3.966788918110396
arabica_LUIS EDUARDO MAGALHAES,5,E1_own,RandomForest,2020,3075,131,6.400753465668169,3.965441409288188,2.931814947979144,3.5382265628214755
arabica_LUIS EDUARDO MAGALHAES,5,E1_own,LightGBM,2020,3075,131,8.338541367432041,7.24575516257768,2.997588441381005,3.659466115096397
arabica_LUIS EDUARDO MAGALHAES,5,E1_own,XGBoost,2020,3075,131,6.4316298940292,4.023795492350572,2.9254544821547723,3.546997837516209
arabica_LUIS EDUARDO MAGALHAES,5,E1_own,RandomForest,2021,3206,241,23.50788239632005,41.23416556227078,4.564923842918831,6.688228148638108
arabica_LUIS EDUARDO MAGALHAES,5,E1_own,LightGBM,2021,3206,241,14.073979151324265,18.817576118069585,4.62011416890062,6.651773479526146
arabica_LUIS EDUARDO MAGALHAES,5,E1_own,XGBoost,2021,3206,241,13.68554989127158,17.663751635739192,4.980459119702246,6.987996569887649
arabica_LUIS EDUARDO MAGALHAES,5,E1_own,RandomForest,2022,3447,244,9.301391182423677,8.482730529637541,3.238206908823971,5.148564798868764
arabica_LUIS EDUARDO MAGALHAES,5,E1_own,LightGBM,2022,3447,244,10.362809386757323,10.38511849460891,3.483341197882801,5.506177031563385
arabica_LUIS EDUARDO MAGALHAES,5,E1_own,XGBoost,2022,3447,244,8.415221341777336,6.855880752853085,3.287046417614867,5.698458135113169
arabica_LUIS EDUARDO MAGALHAES,5,E1_own,RandomForest,2023,3691,241,9.269587380358317,7.8801171859802865,3.7725557062174793,5.060612717411322
arabica_LUIS EDUARDO MAGALHAES,5,E1_own,LightGBM,2023,3691,241,2743.3257424583503,6109.072506113215,3.805715201032624,5.013701453235799
arabica_LUIS EDUARDO MAGALHAES,5,E1_own,XGBoost,2023,3691,241,8.704859334910998,6.769465208597891,3.5366460222173104,4.6274436751572665
arabica_LUIS EDUARDO MAGALHAES,5,E1_own,RandomForest,2024,3932,244,6.770162491185089,4.650784420799482,3.8750542465217457,5.431608739206987
arabica_LUIS EDUARDO MAGALHAES,5,E1_own,LightGBM,2024,3932,244,33.53978660850215,46.3011703874569,3.957132075175029,5.413844328029206
arabica_LUIS EDUARDO MAGALHAES,5,E1_own,XGBoost,2024,3932,244,6.858103987173492,4.728278287739524,4.1263650819002695,5.694319279748654
arabica_LUIS EDUARDO MAGALHAES,5,E1_own,RandomForest,2026,4176,8,4.121936916243215,0.1113188533449697,1.967798878735301,2.3698815885216646
arabica_LUIS EDUARDO MAGALHAES,5,E1_own,LightGBM,2026,4176,8,4.531587094574227,1.1288649059288764,2.081975575811529,2.2361638739689527
arabica_LUIS EDUARDO MAGALHAES,5,E1_own,XGBoost,2026,4176,8,4.127835162832548,0.2421660838601003,2.062889244397617,2.3088097682394038
arabica_LUIS EDUARDO MAGALHAES,5,E2_cross_commodity,RandomForest,2006,689,239,4.323416050876555,1.1723729387509827,4.777302030753609,5.664708355273288
arabica_LUIS EDUARDO MAGALHAES,5,E2_cross_commodity,LightGBM,2006,689,239,7.61247798563222,5.796113278082825,5.508403679426548,6.687904854494181
arabica_LUIS EDUARDO MAGALHAES,5,E2_cross_commodity,XGBoost,2006,689,239,5.950406513500165,3.435279888328313,4.958460115688174,6.163822235461541
arabica_LUIS EDUARDO MAGALHAES,5,E2_cross_commodity,RandomForest,2007,928,7,0.4113115918820672,0.4113115918820672,2.3681660648316454,2.466066454055139
arabica_LUIS EDUARDO MAGALHAES,5,E2_cross_commodity,LightGBM,2007,928,7,0.3373181301230708,0.3373181301230708,2.1195470419215208,2.3566466090559026
arabica_LUIS EDUARDO MAGALHAES,5,E2_cross_commodity,XGBoost,2007,928,7,0.4313941741054953,0.4313941741054953,2.534203378410371,2.815164305424554
arabica_LUIS EDUARDO MAGALHAES,5,E2_cross_commodity,RandomForest,2008,935,238,4.437999516765835,0.3534827570436024,2.6860870320925803,3.3802144887436505
arabica_LUIS EDUARDO MAGALHAES,5,E2_cross_commodity,LightGBM,2008,935,238,5854.104708731573,9407.389696661246,3.1615457318920903,4.092708114332514
arabica_LUIS EDUARDO MAGALHAES,5,E2_cross_commodity,XGBoost,2008,935,238,2399.7521781727064,3852.600054556108,2.678701737185521,3.3271588145426847
arabica_LUIS EDUARDO MAGALHAES,5,E2_cross_commodity,RandomForest,2009,1173,234,5.839209367257174,1.4096005947355068,3.1334279352779646,3.7693181527542334
arabica_LUIS EDUARDO MAGALHAES,5,E2_cross_commodity,LightGBM,2009,1173,234,7.96964844595239,5.586586063038618,3.6466050887291095,4.545773699357068
arabica_LUIS EDUARDO MAGALHAES,5,E2_cross_commodity,XGBoost,2009,1173,234,6.965438126092015,3.458860574121725,3.5236753268063383,4.266503715768926
arabica_LUIS EDUARDO MAGALHAES,5,E2_cross_commodity,RandomForest,2010,1407,226,7.508020132625491,4.548356245457067,4.625403697057543,7.253527716011167
arabica_LUIS EDUARDO MAGALHAES,5,E2_cross_commodity,LightGBM,2010,1407,226,889.0544561120427,1651.104687998729,5.050432943166533,7.555866538378427
arabica_LUIS EDUARDO MAGALHAES,5,E2_cross_commodity,XGBoost,2010,1407,226,9.011347893817678,7.409602811233562,4.5462381960359295,6.803312701388243
arabica_LUIS EDUARDO MAGALHAES,5,E2_cross_commodity,RandomForest,2011,1633,73,10.844438516181114,11.517825242541242,4.392719518760504,6.009151601853536
arabica_LUIS EDUARDO MAGALHAES,5,E2_cross_commodity,LightGBM,2011,1633,73,48260.68862018435,106746.85245083552,4.428551427916789,6.284999540058778
arabica_LUIS EDUARDO MAGALHAES,5,E2_cross_commodity,XGBoost,2011,1633,73,11.475409636662937,13.238273273667923,4.164261943275608,5.749349060769987
arabica_LUIS EDUARDO MAGALHAES,5,E2_cross_commodity,RandomForest,2012,1706,238,7.377629495650048,0.9364288993034792,3.0069684089055606,3.649584631431138
arabica_LUIS EDUARDO MAGALHAES,5,E2_cross_commodity,LightGBM,2012,1706,238,8.058717132042611,2.492640862956312,3.721474958844804,4.775462550501178
arabica_LUIS EDUARDO MAGALHAES,5,E2_cross_commodity,XGBoost,2012,1706,238,7.492081664195821,0.770020082452569,3.66765025314889,4.896627530970565
arabica_LUIS EDUARDO MAGALHAES,5,E2_cross_commodity,RandomForest,2013,1944,240,10.331692989670126,8.951704451052834,5.644338352014136,10.793420148292904
arabica_LUIS EDUARDO MAGALHAES,5,E2_cross_commodity,LightGBM,2013,1944,240,13.99235239999393,22.27122906706988,6.141692239051831,11.340318122836146
arabica_LUIS EDUARDO MAGALHAES,5,E2_cross_commodity,XGBoost,2013,1944,240,11.549523857780189,13.201197685103168,5.996273551625124,11.271623607901446
arabica_LUIS EDUARDO MAGALHAES,5,E2_cross_commodity,RandomForest,2016,2184,178,8.385037281298347,5.179910242794112,4.211501675042606,6.543064072207113
arabica_LUIS EDUARDO MAGALHAES,5,E2_cross_commodity,LightGBM,2016,2184,178,17.445252352887305,26.025097093698264,4.5245629915699865,6.656995234913516
arabica_LUIS EDUARDO MAGALHAES,5,E2_cross_commodity,XGBoost,2016,2184,178,11.021886486661757,11.543284971198146,4.227456358734087,6.1165240675268
arabica_LUIS EDUARDO MAGALHAES,5,E2_cross_commodity,RandomForest,2017,2362,233,8.194816242638533,1.8830647794262296,2.774400134929619,3.3723098998886347
arabica_LUIS EDUARDO MAGALHAES,5,E2_cross_commodity,LightGBM,2017,2362,233,2288.6376753599297,9165.30543742342,2.578569019979289,3.270879683797879
arabica_LUIS EDUARDO MAGALHAES,5,E2_cross_commodity,XGBoost,2017,2362,233,198.71557736564225,768.8414377325605,2.5653785993844096,3.112172711920729
arabica_LUIS EDUARDO MAGALHAES,5,E2_cross_commodity,RandomForest,2018,2595,241,7.452504770461164,3.349988193770795,2.693584961191024,3.828789300123653
arabica_LUIS EDUARDO MAGALHAES,5,E2_cross_commodity,LightGBM,2018,2595,241,13514.34099493937,35778.05058424196,2.3398348577939068,3.461650167766119
arabica_LUIS EDUARDO MAGALHAES,5,E2_cross_commodity,XGBoost,2018,2595,241,1249.663002518343,3295.9693518247345,2.0517211704010228,3.016179582163891
arabica_LUIS EDUARDO MAGALHAES,5,E2_cross_commodity,RandomForest,2019,2836,239,10.990920641142733,13.132815891614934,3.228045319627784,4.595243257449319
arabica_LUIS EDUARDO MAGALHAES,5,E2_cross_commodity,LightGBM,2019,2836,239,773.912387764374,2294.5207543718607,3.071318571719213,4.557145897393237
arabica_LUIS EDUARDO MAGALHAES,5,E2_cross_commodity,XGBoost,2019,2836,239,402.0016008770572,1183.2321473027982,2.9993869807955145,5.062079343228535
arabica_LUIS EDUARDO MAGALHAES,5,E2_cross_commodity,RandomForest,2020,3075,131,6.55078484404116,4.26726617890537,3.0597824694614704,3.6150053924553296
arabica_LUIS EDUARDO MAGALHAES,5,E2_cross_commodity,LightGBM,2020,3075,131,23139.015700227155,38364.19523511509,3.203575726021353,4.025255800220863
arabica_LUIS EDUARDO MAGALHAES,5,E2_cross_commodity,XGBoost,2020,3075,131,546.5328999428789,900.5602075706214,3.0667144373376822,3.926652457612797
arabica_LUIS EDUARDO MAGALHAES,5,E2_cross_commodity,RandomForest,2021,3206,241,12.192102095445566,14.441316169476998,4.419162831578581,6.344072929638767
arabica_LUIS EDUARDO MAGALHAES,5,E2_cross_commodity,LightGBM,2021,3206,241,149.8502704574015,337.17319288129687,4.5899768361865645,6.6140318130531055
arabica_LUIS EDUARDO MAGALHAES,5,E2_cross_commodity,XGBoost,2021,3206,241,15.543582692462522,22.970892340408238,4.219734170696928,6.267641204662205
arabica_LUIS EDUARDO MAGALHAES,5,E2_cross_commodity,RandomForest,2022,3447,244,9.304279314017515,8.537327787170483,3.132709170148816,4.988610829752627
arabica_LUIS EDUARDO MAGALHAES,5,E2_cross_commodity,LightGBM,2022,3447,244,3952.032575368366,7188.367018656025,3.1835738298784064,5.202571358190669
arabica_LUIS EDUARDO MAGALHAES,5,E2_cross_commodity,XGBoost,2022,3447,244,357.37650962395145,642.6927166470985,3.158908207437732,5.236364611629462
arabica_LUIS EDUARDO MAGALHAES,5,E2_cross_commodity,RandomForest,2023,3691,241,7.865656325056072,4.837178888284614,3.1726105775217714,4.061463104759347
arabica_LUIS EDUARDO MAGALHAES,5,E2_cross_commodity,LightGBM,2023,3691,241,11563.84580117223,25792.541300606317,3.355699443850698,4.668095894849592
arabica_LUIS EDUARDO MAGALHAES,5,E2_cross_commodity,XGBoost,2023,3691,241,2751.867143315903,6128.506010191962,3.112235590107204,4.222583390912294
arabica_LUIS EDUARDO MAGALHAES,5,E2_cross_commodity,RandomForest,2024,3932,244,6.79249779481994,4.762455694185833,3.639388547668298,5.214736123812557
arabica_LUIS EDUARDO MAGALHAES,5,E2_cross_commodity,LightGBM,2024,3932,244,488.75418863403,754.3344742767927,3.551798962372993,5.285931860458047
arabica_LUIS EDUARDO MAGALHAES,5,E2_cross_commodity,XGBoost,2024,3932,244,453.3426256585458,699.14619697984,3.473168438886293,5.270247493064342
arabica_LUIS EDUARDO MAGALHAES,5,E2_cross_commodity,RandomForest,2026,4176,8,4.3593108068201385,0.2685744547670549,2.500040651292842,2.921224341820797
arabica_LUIS EDUARDO MAGALHAES,5,E2_cross_commodity,LightGBM,2026,4176,8,4.543588678040793,3.2733255029047266,2.500608941222491,2.8312221455553934
arabica_LUIS EDUARDO MAGALHAES,5,E2_cross_commodity,XGBoost,2026,4176,8,4.88630903241331,2.288321763214131,1.9150912575325727,2.110834567623486
arabica_LUIS EDUARDO MAGALHAES,5,E3_financial,RandomForest,2006,689,239,4.86526681613419,1.174001913968843,10.464671150402523,11.872516357703638
arabica_LUIS EDUARDO MAGALHAES,5,E3_financial,LightGBM,2006,689,239,5.049372174243908,1.369792632658773,11.671612841995076,13.490242531469882
arabica_LUIS EDUARDO MAGALHAES,5,E3_financial,XGBoost,2006,689,239,5.403381452682767,1.6452823814553614,16.656044500029676,19.21527206797671
arabica_LUIS EDUARDO MAGALHAES,5,E3_financial,RandomForest,2007,928,7,0.5325487732505151,0.5325487732505151,2.536191670519849,2.6092861855716487
arabica_LUIS EDUARDO MAGALHAES,5,E3_financial,LightGBM,2007,928,7,0.296301032109036,0.296301032109036,1.845151377748131,2.283698572904609
arabica_LUIS EDUARDO MAGALHAES,5,E3_financial,XGBoost,2007,928,7,1.0413951969185458,1.0413951969185458,3.3108573834610304,3.953048071883884
arabica_LUIS EDUARDO MAGALHAES,5,E3_financial,RandomForest,2008,935,238,4.74055328008919,0.4815352023052418,3.7264236919892353,4.354491243020475
arabica_LUIS EDUARDO MAGALHAES,5,E3_financial,LightGBM,2008,935,238,5.3296497150821125,0.9291489739738128,6.602159580393386,7.597067514300105
arabica_LUIS EDUARDO MAGALHAES,5,E3_financial,XGBoost,2008,935,238,5.092298676091501,0.7218280686688785,5.416205206813981,6.543996587734868
arabica_LUIS EDUARDO MAGALHAES,5,E3_financial,RandomForest,2009,1173,234,6.452903301639777,2.9414809389104777,2.939692610199151,3.5682587901480325
arabica_LUIS EDUARDO MAGALHAES,5,E3_financial,LightGBM,2009,1173,234,6.78007981222853,3.2018570883412454,3.559734844747066,4.308518146261764
arabica_LUIS EDUARDO MAGALHAES,5,E3_financial,XGBoost,2009,1173,234,6.814521071859641,3.335074507688525,3.261771843272742,3.9443827892038414
arabica_LUIS EDUARDO MAGALHAES,5,E3_financial,RandomForest,2010,1407,226,6.815523636314561,3.621520685460991,4.370827296838798,6.843596147153879
arabica_LUIS EDUARDO MAGALHAES,5,E3_financial,LightGBM,2010,1407,226,8.614701061166116,7.643364585566288,4.348991600413721,7.895595544911117
arabica_LUIS EDUARDO MAGALHAES,5,E3_financial,XGBoost,2010,1407,226,7.3875134880522735,5.04727857095991,4.150326350219489,6.50163280264834
arabica_LUIS EDUARDO MAGALHAES,5,E3_financial,RandomForest,2011,1633,73,9.14374241654638,6.401040310906339,5.7088752058560255,7.950854450542216
arabica_LUIS EDUARDO MAGALHAES,5,E3_financial,LightGBM,2011,1633,73,9.355802120794117,6.847827157002134,5.424789109077443,6.8544917831450185
arabica_LUIS EDUARDO MAGALHAES,5,E3_financial,XGBoost,2011,1633,73,10.387151849107326,9.265508325264555,5.6239957474908575,7.215649092701473
arabica_LUIS EDUARDO MAGALHAES,5,E3_financial,RandomForest,2012,1706,238,7.834984081351462,3.90511800854712,2.43059204137815,2.839847290278118
arabica_LUIS EDUARDO MAGALHAES,5,E3_financial,LightGBM,2012,1706,238,11381.579319628563,34269.402420700055,2.8767634885048228,3.471873496612973
arabica_LUIS EDUARDO MAGALHAES,5,E3_financial,XGBoost,2012,1706,238,3196.432626583648,9612.664456758965,2.390267113610165,3.1628913314848206
arabica_LUIS EDUARDO MAGALHAES,5,E3_financial,RandomForest,2013,1944,240,20.218187302375288,47.3064794599843,4.662755007392629,11.030402766988836
arabica_LUIS EDUARDO MAGALHAES,5,E3_financial,LightGBM,2013,1944,240,17.896787482168886,37.70134527173912,5.234725117693503,10.937520124521644
arabica_LUIS EDUARDO MAGALHAES,5,E3_financial,XGBoost,2013,1944,240,36.504658343885545,105.1115680283148,5.2377928489490895,10.832400246545255
arabica_LUIS EDUARDO MAGALHAES,5,E3_financial,RandomForest,2016,2184,178,13.300647810508584,17.79288020949883,3.142408226518807,4.674008561735202
arabica_LUIS EDUARDO MAGALHAES,5,E3_financial,LightGBM,2016,2184,178,1491.3509411462674,3390.186376346516,3.456345696006573,4.5995311351717545
arabica_LUIS EDUARDO MAGALHAES,5,E3_financial,XGBoost,2016,2184,178,128.6443363371096,280.66230136660465,3.485020248901753,4.87488804983295
arabica_LUIS EDUARDO MAGALHAES,5,E3_financial,RandomForest,2017,2362,233,8.400517708041274,4.745976850664882,2.2351781708774787,2.682021703377143
arabica_LUIS EDUARDO MAGALHAES,5,E3_financial,LightGBM,2017,2362,233,8.548738291097777,1.3020240460018562,3.820522403126496,4.313293830967356
arabica_LUIS EDUARDO MAGALHAES,5,E3_financial,XGBoost,2017,2362,233,8.930651603033837,2.3196337177197126,4.883090626068201,5.973216710265717
arabica_LUIS EDUARDO MAGALHAES,5,E3_financial,RandomForest,2018,2595,241,15.135878413905782,24.126729406567826,2.463593894423804,3.238203041605718
arabica_LUIS EDUARDO MAGALHAES,5,E3_financial,LightGBM,2018,2595,241,27948.38740028443,74003.00440238226,2.345174024051613,3.3681544473450797
arabica_LUIS EDUARDO MAGALHAES,5,E3_financial,XGBoost,2018,2595,241,5512.217142071758,14584.19118996516,2.329809030652259,3.440980643882124
arabica_LUIS EDUARDO MAGALHAES,5,E3_financial,RandomForest,2019,2836,239,14.881198102215372,26.00792978393252,2.6524597706053203,3.719019687216287
arabica_LUIS EDUARDO MAGALHAES,5,E3_financial,LightGBM,2019,2836,239,771.6062157428182,2287.2552789553,2.546776118783904,3.696610026086325
arabica_LUIS EDUARDO MAGALHAES,5,E3_financial,XGBoost,2019,2836,239,2149.0325358152345,6402.676214143325,2.5007211714754907,3.7079640446717455
arabica_LUIS EDUARDO MAGALHAES,5,E3_financial,RandomForest,2020,3075,131,5.3879731483659645,1.555762021582715,3.3635269082012607,3.9792037474815407
arabica_LUIS EDUARDO MAGALHAES,5,E3_financial,LightGBM,2020,3075,131,16408.13973171925,27201.262432214586,3.540723629895454,4.182154552867214
arabica_LUIS EDUARDO MAGALHAES,5,E3_financial,XGBoost,2020,3075,131,6327.340180066413,10485.060368409951,3.386430593367268,4.00758229087405
arabica_LUIS EDUARDO MAGALHAES,5,E3_financial,RandomForest,2021,3206,241,10.363013811172006,10.180270611712556,4.065028688751919,5.821207303858829
arabica_LUIS EDUARDO MAGALHAES,5,E3_financial,LightGBM,2021,3206,241,20.8291610399713,34.90754282955943,4.543394401528268,6.31337817131536
arabica_LUIS EDUARDO MAGALHAES,5,E3_financial,XGBoost,2021,3206,241,8.60044586905339,6.140176732012342,4.55495965637818,6.081568294663325
arabica_LUIS EDUARDO MAGALHAES,5,E3_financial,RandomForest,2022,3447,244,7.68580289473042,5.78939127451168,2.98518972100456,5.058318701153294
arabica_LUIS EDUARDO MAGALHAES,5,E3_financial,LightGBM,2022,3447,244,7.364304522049926,5.532758604765949,3.1434709768305886,5.1387014279837055
arabica_LUIS EDUARDO MAGALHAES,5,E3_financial,XGBoost,2022,3447,244,7.378207903161577,5.231625092066608,2.957385375488314,4.848638522515781
arabica_LUIS EDUARDO MAGALHAES,5,E3_financial,RandomForest,2023,3691,241,7.747419410950957,4.026203148917501,3.795669986055297,4.53347626891588
arabica_LUIS EDUARDO MAGALHAES,5,E3_financial,LightGBM,2023,3691,241,7.677588852243002,3.2387389329573306,5.394073492200506,6.463591005740335
arabica_LUIS EDUARDO MAGALHAES,5,E3_financial,XGBoost,2023,3691,241,7.181924755829759,2.4010691702151803,4.201747338075682,4.901055297629588
arabica_LUIS EDUARDO MAGALHAES,5,E3_financial,RandomForest,2024,3932,244,7.473218163849723,5.889394833407308,3.4601370790644568,5.130390774325296
arabica_LUIS EDUARDO MAGALHAES,5,E3_financial,LightGBM,2024,3932,244,1562.2127725918624,2422.537613062361,3.640661724573701,5.316515630950091
arabica_LUIS EDUARDO MAGALHAES,5,E3_financial,XGBoost,2024,3932,244,8.068662969574866,6.89376708601181,3.7283116414173465,5.403005559633154
arabica_LUIS EDUARDO MAGALHAES,5,E3_financial,RandomForest,2026,4176,8,4.131154812013265,0.2626222532696119,1.9860777890155557,2.265012105939493
arabica_LUIS EDUARDO MAGALHAES,5,E3_financial,LightGBM,2026,4176,8,4.325507456564339,0.6708337334217278,1.9965928939662736,2.291211844251501
arabica_LUIS EDUARDO MAGALHAES,5,E3_financial,XGBoost,2026,4176,8,4.464796509048217,0.9379082931605732,2.3292117975554234,2.4532201967492373
arabica_LUIS EDUARDO MAGALHAES,5,E4_full,RandomForest,2006,689,239,4.844750100783092,1.176631098485802,10.296859016218866,11.58995459418544
arabica_LUIS EDUARDO MAGALHAES,5,E4_full,LightGBM,2006,689,239,5.050368829832081,1.5189824876149525,10.627885592366628,12.070955854222042
arabica_LUIS EDUARDO MAGALHAES,5,E4_full,XGBoost,2006,689,239,5.16528420469542,1.4421102867282098,13.628264347402164,15.346836084497026
arabica_LUIS EDUARDO MAGALHAES,5,E4_full,RandomForest,2007,928,7,1.079188757528969,1.079188757528969,2.982899964265973,3.157027452296249
arabica_LUIS EDUARDO MAGALHAES,5,E4_full,LightGBM,2007,928,7,0.4562447903350816,0.4562447903350816,2.307426309963754,2.4433325487042827
arabica_LUIS EDUARDO MAGALHAES,5,E4_full,XGBoost,2007,928,7,1.2693218990957824,1.2693218990957824,3.648318855018647,3.81928926173401
arabica_LUIS EDUARDO MAGALHAES,5,E4_full,RandomForest,2008,935,238,4.615767109656447,0.5270655471525577,3.444918429696588,4.45101309287548
arabica_LUIS EDUARDO MAGALHAES,5,E4_full,LightGBM,2008,935,238,1833.2012342971489,2940.948841253788,4.788953346503916,6.572176127682542
arabica_LUIS EDUARDO MAGALHAES,5,E4_full,XGBoost,2008,935,238,1823.3494065733917,2925.035830801776,4.419392186167206,6.177550913490454
arabica_LUIS EDUARDO MAGALHAES,5,E4_full,RandomForest,2009,1173,234,6.496792615611798,3.1759923158776027,2.7471467506781444,3.410245276316412
arabica_LUIS EDUARDO MAGALHAES,5,E4_full,LightGBM,2009,1173,234,7.139353764247325,4.72964280899081,3.0335417784306125,3.7494547531632088
arabica_LUIS EDUARDO MAGALHAES,5,E4_full,XGBoost,2009,1173,234,7.681247659889164,5.06309716554328,3.216610712706459,3.937326296402893
arabica_LUIS EDUARDO MAGALHAES,5,E4_full,RandomForest,2010,1407,226,7.72401855079619,5.414570045901917,4.133706195762528,6.857163322025341
arabica_LUIS EDUARDO MAGALHAES,5,E4_full,LightGBM,2010,1407,226,9.205561203550376,8.54195355269069,4.369258105487883,7.4690449082209875
arabica_LUIS EDUARDO MAGALHAES,5,E4_full,XGBoost,2010,1407,226,10.141130808381243,10.389438193109305,3.909291223315541,6.649475560898173
arabica_LUIS EDUARDO MAGALHAES,5,E4_full,RandomForest,2011,1633,73,9.09908044894222,6.356986095067027,5.653960505068694,7.732886246079095
arabica_LUIS EDUARDO MAGALHAES,5,E4_full,LightGBM,2011,1633,73,10.089205673769056,9.170676891945446,4.940066658932706,6.381273554675385
arabica_LUIS EDUARDO MAGALHAES,5,E4_full,XGBoost,2011,1633,73,9.940032791054648,8.793621011536077,4.808208468657069,6.127956297916563
arabica_LUIS EDUARDO MAGALHAES,5,E4_full,RandomForest,2012,1706,238,7.541229823784948,2.570078734732902,2.517509608045294,2.862229058099408
arabica_LUIS EDUARDO MAGALHAES,5,E4_full,LightGBM,2012,1706,238,3300.0509831547843,9922.168734269328,2.7113821271516745,3.271354581360212
arabica_LUIS EDUARDO MAGALHAES,5,E4_full,XGBoost,2012,1706,238,462.784847203805,1374.9278558702156,2.6350277194065,3.278519226162654
arabica_LUIS EDUARDO MAGALHAES,5,E4_full,RandomForest,2013,1944,240,17.911313674145397,38.68136154092225,4.6989874529331646,10.991305085737302
arabica_LUIS EDUARDO MAGALHAES,5,E4_full,LightGBM,2013,1944,240,16.122963235497664,31.217812424025947,5.286039440112453,11.071227784232264
arabica_LUIS EDUARDO MAGALHAES,5,E4_full,XGBoost,2013,1944,240,14.19802097026386,23.57826933935752,5.533348708218203,10.99131904399382
arabica_LUIS EDUARDO MAGALHAES,5,E4_full,RandomForest,2016,2184,178,14.500808940627092,20.332401602586305,3.364511766163081,4.888585200292416
arabica_LUIS EDUARDO MAGALHAES,5,E4_full,LightGBM,2016,2184,178,19855.55126677321,45299.07788576224,3.5104562292456034,4.94505937063741
arabica_LUIS EDUARDO MAGALHAES,5,E4_full,XGBoost,2016,2184,178,19288.019883350964,44003.391212885865,3.6462320352224977,5.101474976534659
arabica_LUIS EDUARDO MAGALHAES,5,E4_full,RandomForest,2017,2362,233,8.306334790738006,4.8256111385968,2.1773113091163574,2.973677120449319
arabica_LUIS EDUARDO MAGALHAES,5,E4_full,LightGBM,2017,2362,233,2524.7830782274227,10111.41950430618,3.249839732281336,3.8753840373501056
arabica_LUIS EDUARDO MAGALHAES,5,E4_full,XGBoost,2017,2362,233,8.675479568423333,2.1068332661642843,3.9354725105925312,4.573822286434472
arabica_LUIS EDUARDO MAGALHAES,5,E4_full,RandomForest,2018,2595,241,10.219532883917084,11.423972797668055,2.816262370647918,4.643493448810009
arabica_LUIS EDUARDO MAGALHAES,5,E4_full,LightGBM,2018,2595,241,19038.15802751369,50405.75316717057,2.5502981017267734,3.84292401185714
arabica_LUIS EDUARDO MAGALHAES,5,E4_full,XGBoost,2018,2595,241,20634.50207751255,54633.53048671605,2.294916372359787,3.3283305743021776
arabica_LUIS EDUARDO MAGALHAES,5,E4_full,RandomForest,2019,2836,239,11.58201854145972,15.797170553263214,2.7753719998200097,4.001630122812302
arabica_LUIS EDUARDO MAGALHAES,5,E4_full,LightGBM,2019,2836,239,19690.736078267302,58808.97747573054,2.7045479349414205,4.030685159967812
arabica_LUIS EDUARDO MAGALHAES,5,E4_full,XGBoost,2019,2836,239,5940.325380099357,17729.246014336884,2.8907865193016,4.702750926489966
arabica_LUIS EDUARDO MAGALHAES,5,E4_full,RandomForest,2020,3075,131,5.789543120673074,2.733891358870584,3.1258785192529865,3.619606144316668
arabica_LUIS EDUARDO MAGALHAES,5,E4_full,LightGBM,2020,3075,131,23324.29127965608,38670.23053126573,3.3998308342251646,4.085677789982607
arabica_LUIS EDUARDO MAGALHAES,5,E4_full,XGBoost,2020,3075,131,5.567829310722578,2.2127218503736508,3.2526465736930787,3.806682741228684
arabica_LUIS EDUARDO MAGALHAES,5,E4_full,RandomForest,2021,3206,241,10.183736011987,9.971265428440535,4.015041020167803,5.939566678249551
arabica_LUIS EDUARDO MAGALHAES,5,E4_full,LightGBM,2021,3206,241,172.33268521805746,389.8219817788906,3.992925789011578,5.847557176501008
arabica_LUIS EDUARDO MAGALHAES,5,E4_full,XGBoost,2021,3206,241,73.75244180345054,158.42412018386707,4.208233423276349,5.649489308125304
arabica_LUIS EDUARDO MAGALHAES,5,E4_full,RandomForest,2022,3447,244,7.686406579674788,5.828562335197514,3.0064660242393453,4.9047211833462505
arabica_LUIS EDUARDO MAGALHAES,5,E4_full,LightGBM,2022,3447,244,21.21222227718673,30.58017329793419,3.1093169809077392,4.9991142579662045
arabica_LUIS EDUARDO MAGALHAES,5,E4_full,XGBoost,2022,3447,244,8.25094941640003,7.018733021744156,2.85601435416295,4.762629706129954
arabica_LUIS EDUARDO MAGALHAES,5,E4_full,RandomForest,2023,3691,241,7.326484807906734,3.2059497944399027,3.4268412362094254,4.112359310034375
arabica_LUIS EDUARDO MAGALHAES,5,E4_full,LightGBM,2023,3691,241,7.826493909508756,3.51223066126597,5.434949165542528,6.488462853077941
arabica_LUIS EDUARDO MAGALHAES,5,E4_full,XGBoost,2023,3691,241,2738.438602069379,6097.053807636181,4.359139146118925,5.026207292365221
arabica_LUIS EDUARDO MAGALHAES,5,E4_full,RandomForest,2024,3932,244,6.995509557135532,5.120306001981721,3.503807343228342,5.116637288752367
arabica_LUIS EDUARDO MAGALHAES,5,E4_full,LightGBM,2024,3932,244,15525.243357165598,24123.36787446057,3.5904030017521493,5.355485962647392
arabica_LUIS EDUARDO MAGALHAES,5,E4_full,XGBoost,2024,3932,244,6294.600584685708,9777.113529107655,3.5544907899538405,5.1220332004661016
arabica_LUIS EDUARDO MAGALHAES,5,E4_full,RandomForest,2026,4176,8,4.236386648053326,0.4562742063959183,2.2269012001093,2.353801880394751
arabica_LUIS EDUARDO MAGALHAES,5,E4_full,LightGBM,2026,4176,8,4.70080575350485,1.8144276411558231,2.0580000699217904,2.181744661838513
arabica_LUIS EDUARDO MAGALHAES,5,E4_full,XGBoost,2026,4176,8,4.0203003037277085,0.4395963966399895,1.885165210803485,1.9803920702758124
arabica_LUIS EDUARDO MAGALHAES,20,E1_own,RandomForest,2006,674,239,1.4096690451614786,1.029638095071861,9.831518250360704,12.824607417763527
arabica_LUIS EDUARDO MAGALHAES,20,E1_own,LightGBM,2006,674,239,1.5979717542752223,1.2076856765401571,9.69247346775833,12.802900504783594
arabica_LUIS EDUARDO MAGALHAES,20,E1_own,XGBoost,2006,674,239,2.01214408830594,1.6383557489850231,10.126393979846815,12.728525029731024
arabica_LUIS EDUARDO MAGALHAES,20,E1_own,RandomForest,2007,913,7,0.2363220498300264,0.2363220498300264,4.762591831658964,5.325511774324134
arabica_LUIS EDUARDO MAGALHAES,20,E1_own,LightGBM,2007,913,7,0.0632331358774167,0.0632331358774167,1.8316579842919003,2.320549086625935
arabica_LUIS EDUARDO MAGALHAES,20,E1_own,XGBoost,2007,913,7,0.2925462352172582,0.2925462352172582,5.320662827534919,6.419068841229808
arabica_LUIS EDUARDO MAGALHAES,20,E1_own,RandomForest,2008,920,238,0.974359347329634,0.5608148284604679,5.263994979333412,6.542650507582389
arabica_LUIS EDUARDO MAGALHAES,20,E1_own,LightGBM,2008,920,238,1.1122088864089104,0.6848945198987032,6.23369934686125,7.583234369260772
arabica_LUIS EDUARDO MAGALHAES,20,E1_own,XGBoost,2008,920,238,0.9669375032697106,0.5600944539944348,5.396839355992301,7.092881175415484
arabica_LUIS EDUARDO MAGALHAES,20,E1_own,RandomForest,2009,1158,234,1.1445411255162965,0.8431867174243757,5.702654947141175,7.131306159075117
arabica_LUIS EDUARDO MAGALHAES,20,E1_own,LightGBM,2009,1158,234,1.0087004247206015,0.7203974262207349,5.429945877294071,6.956291563658278
arabica_LUIS EDUARDO MAGALHAES,20,E1_own,XGBoost,2009,1158,234,1.0463873444644147,0.7507691195873887,5.331540036632435,6.806791073291239
arabica_LUIS EDUARDO MAGALHAES,20,E1_own,RandomForest,2010,1392,226,2.6423965735583246,1.7465742379623348,7.820711837483832,10.853874908891832
arabica_LUIS EDUARDO MAGALHAES,20,E1_own,LightGBM,2010,1392,226,2.958009738792444,2.129837039285743,8.344165819476533,11.910604551797892
arabica_LUIS EDUARDO MAGALHAES,20,E1_own,XGBoost,2010,1392,226,2.7907539574396125,1.95056585083998,7.689810880458745,10.334824879610098
arabica_LUIS EDUARDO MAGALHAES,20,E1_own,RandomForest,2011,1618,73,2.869819056145854,1.110344659476031,7.45857594384125,7.998673024878827
arabica_LUIS EDUARDO MAGALHAES,20,E1_own,LightGBM,2011,1618,73,2.980778996184553,1.2337583184006675,6.941015737590024,7.949262410271413
arabica_LUIS EDUARDO MAGALHAES,20,E1_own,XGBoost,2011,1618,73,3.0073537229516782,1.2538810172840769,7.272577250644558,8.236059674778343
arabica_LUIS EDUARDO MAGALHAES,20,E1_own,RandomForest,2012,1691,238,2.122997024324574,0.7230526490315091,5.832900514564156,6.778237088075672
arabica_LUIS EDUARDO MAGALHAES,20,E1_own,LightGBM,2012,1691,238,2.2285234616863154,0.8457698977926089,7.066281951050255,9.2774017967045
arabica_LUIS EDUARDO MAGALHAES,20,E1_own,XGBoost,2012,1691,238,2.127995405028812,0.7259949558229561,5.76968936204976,6.906650839448404
arabica_LUIS EDUARDO MAGALHAES,20,E1_own,RandomForest,2013,1929,240,4.950258952199522,2.5448639674425144,11.745259319502884,19.46007948774469
arabica_LUIS EDUARDO MAGALHAES,20,E1_own,LightGBM,2013,1929,240,4.47613835657101,2.0294680121510287,11.90982710877377,19.047904861395125
arabica_LUIS EDUARDO MAGALHAES,20,E1_own,XGBoost,2013,1929,240,4.589846707352477,1.9940177643582264,12.061372301082375,18.672347002090152
arabica_LUIS EDUARDO MAGALHAES,20,E1_own,RandomForest,2016,2169,178,2.076922331635067,1.3345790100401205,7.731441474524973,10.756241998328164
arabica_LUIS EDUARDO MAGALHAES,20,E1_own,LightGBM,2016,2169,178,2.000259452761177,1.243557268579316,7.208946271141894,9.64781502995038
arabica_LUIS EDUARDO MAGALHAES,20,E1_own,XGBoost,2016,2169,178,2.116370563078655,1.3634746446319126,8.261747857692189,10.37643359637999
arabica_LUIS EDUARDO MAGALHAES,20,E1_own,RandomForest,2017,2347,233,5.748249248702291,1.2136155174287282,7.229148810552101,8.357513831528394
arabica_LUIS EDUARDO MAGALHAES,20,E1_own,LightGBM,2017,2347,233,5.772414465227357,1.2561744705228153,7.161492231966895,8.31485670430039
arabica_LUIS EDUARDO MAGALHAES,20,E1_own,XGBoost,2017,2347,233,5.967779529216893,1.531586657365044,8.031303498589157,9.03507314324762
arabica_LUIS EDUARDO MAGALHAES,20,E1_own,RandomForest,2018,2580,241,2.580919962193261,1.596534299170698,4.748832131081321,5.64567303198311
arabica_LUIS EDUARDO MAGALHAES,20,E1_own,LightGBM,2018,2580,241,2.3917793171634334,1.3218280821645452,5.406202100619618,6.339515513332888
arabica_LUIS EDUARDO MAGALHAES,20,E1_own,XGBoost,2018,2580,241,2.1395655667391518,1.0975283824891775,4.965976178077781,5.8266821693333934
arabica_LUIS EDUARDO MAGALHAES,20,E1_own,RandomForest,2019,2821,239,4.169517042221636,1.1450305097358586,6.097566464780865,7.143957853138686
arabica_LUIS EDUARDO MAGALHAES,20,E1_own,LightGBM,2019,2821,239,3.941993940252628,0.8477418107590476,6.246842593993096,7.200669131006347
arabica_LUIS EDUARDO MAGALHAES,20,E1_own,XGBoost,2019,2821,239,3.919438987151647,0.8055799876091837,6.284105422997151,7.122105955744602
arabica_LUIS EDUARDO MAGALHAES,20,E1_own,RandomForest,2020,3060,131,0.5533329977850807,0.5533329977850807,3.583276253734283,5.09631414229419
arabica_LUIS EDUARDO MAGALHAES,20,E1_own,LightGBM,2020,3060,131,0.9365771526633092,0.9365771526633092,4.188405846887101,5.835819654868081
arabica_LUIS EDUARDO MAGALHAES,20,E1_own,XGBoost,2020,3060,131,0.8103914360262432,0.8103914360262432,4.134718745947791,5.787494247053375
arabica_LUIS EDUARDO MAGALHAES,20,E1_own,RandomForest,2021,3191,241,5.909578861136557,5.658649877321953,10.439480971806953,15.357506887957364
arabica_LUIS EDUARDO MAGALHAES,20,E1_own,LightGBM,2021,3191,241,3.104393640873603,2.7698400381208907,9.97828021505064,13.339408310186789
arabica_LUIS EDUARDO MAGALHAES,20,E1_own,XGBoost,2021,3191,241,4.804898973667776,4.522763943057307,10.49588805428121,15.380914394820389
arabica_LUIS EDUARDO MAGALHAES,20,E1_own,RandomForest,2022,3432,244,2.0045570520542397,1.7913101807063792,6.342021486854948,8.355855082538492
arabica_LUIS EDUARDO MAGALHAES,20,E1_own,LightGBM,2022,3432,244,2.7838233286280625,2.5906950285996917,6.6627793927948495,8.766077876702882
arabica_LUIS EDUARDO MAGALHAES,20,E1_own,XGBoost,2022,3432,244,2.2852937826664306,2.079481422129285,6.7540544404635,8.871803361106618
arabica_LUIS EDUARDO MAGALHAES,20,E1_own,RandomForest,2023,3676,241,1.178146013159355,0.7696254614861954,4.506528827188953,5.434877909258224
arabica_LUIS EDUARDO MAGALHAES,20,E1_own,LightGBM,2023,3676,241,5.31626730531499,5.05479274414113,5.206940396278451,6.361790193354274
arabica_LUIS EDUARDO MAGALHAES,20,E1_own,XGBoost,2023,3676,241,1.3110440035740918,0.9068804367318264,4.416659835416164,5.730665447289964
arabica_LUIS EDUARDO MAGALHAES,20,E1_own,RandomForest,2024,3917,237,1.583702563837244,1.539358801044634,6.154471848380581,7.820988208232565
arabica_LUIS EDUARDO MAGALHAES,20,E1_own,LightGBM,2024,3917,237,1.634767833192263,1.590350976592224,6.717545415475795,8.203309573970825
arabica_LUIS EDUARDO MAGALHAES,20,E1_own,XGBoost,2024,3917,237,1.6274457870076138,1.5838890472328468,6.799859130664632,8.356329156952045
arabica_LUIS EDUARDO MAGALHAES,20,E2_cross_commodity,RandomForest,2006,674,239,1.0850304637662525,0.7059206186120327,9.17467454748607,11.15613852021935
arabica_LUIS EDUARDO MAGALHAES,20,E2_cross_commodity,LightGBM,2006,674,239,1.3558512835931829,0.978889253134098,9.337034160481627,11.247424753530186
arabica_LUIS EDUARDO MAGALHAES,20,E2_cross_commodity,XGBoost,2006,674,239,1.1182367061742104,0.7338358460432148,9.106800803814536,11.278414996949932
arabica_LUIS EDUARDO MAGALHAES,20,E2_cross_commodity,RandomForest,2007,913,7,0.2818709452251268,0.2818709452251268,5.358461780109487,6.09204231541605
arabica_LUIS EDUARDO MAGALHAES,20,E2_cross_commodity,LightGBM,2007,913,7,0.213881084509673,0.213881084509673,4.390738133040975,5.141507066860226
arabica_LUIS EDUARDO MAGALHAES,20,E2_cross_commodity,XGBoost,2007,913,7,0.5106191277427519,0.5106191277427519,8.59468329502062,9.920312862308377
arabica_LUIS EDUARDO MAGALHAES,20,E2_cross_commodity,RandomForest,2008,920,238,0.9362904471426784,0.5189260403662797,4.9386400262218855,6.668990483590095
arabica_LUIS EDUARDO MAGALHAES,20,E2_cross_commodity,LightGBM,2008,920,238,0.9713558245819948,0.5585322777807038,5.152993450369993,6.8686285029727525
arabica_LUIS EDUARDO MAGALHAES,20,E2_cross_commodity,XGBoost,2008,920,238,0.9694399878491756,0.5557995578902039,5.027309180430397,6.574803157367682
arabica_LUIS EDUARDO MAGALHAES,20,E2_cross_commodity,RandomForest,2009,1158,234,1.212586021453627,0.9135172881120036,5.789439142968884,7.379622908404368
arabica_LUIS EDUARDO MAGALHAES,20,E2_cross_commodity,LightGBM,2009,1158,234,1.1500776396749763,0.8510932991246607,5.570562874398606,7.095918174980952
arabica_LUIS EDUARDO MAGALHAES,20,E2_cross_commodity,XGBoost,2009,1158,234,1.2156446512834074,0.9202269240645012,5.789742777809208,7.401362895639841
arabica_LUIS EDUARDO MAGALHAES,20,E2_cross_commodity,RandomForest,2010,1392,226,2.761019629773397,1.8704147334344257,8.494068063389328,10.903968064156029
arabica_LUIS EDUARDO MAGALHAES,20,E2_cross_commodity,LightGBM,2010,1392,226,2.730566667526971,1.8300369444708784,8.038503861832046,10.43424360242489
arabica_LUIS EDUARDO MAGALHAES,20,E2_cross_commodity,XGBoost,2010,1392,226,2.639160164564418,1.7235860221133907,7.853797907052322,10.062448985472454
arabica_LUIS EDUARDO MAGALHAES,20,E2_cross_commodity,RandomForest,2011,1618,73,2.8151833028970428,1.0726646308583996,7.783121669310373,8.259920652394175
arabica_LUIS EDUARDO MAGALHAES,20,E2_cross_commodity,LightGBM,2011,1618,73,3.945828902952828,2.3956887362469828,8.039313069334659,8.97013958394927
arabica_LUIS EDUARDO MAGALHAES,20,E2_cross_commodity,XGBoost,2011,1618,73,3.006095789581832,1.2819328060873625,7.874583969466731,8.870722107626344
arabica_LUIS EDUARDO MAGALHAES,20,E2_cross_commodity,RandomForest,2012,1691,238,2.090342139620276,0.674507117770973,5.695541605400137,6.740594471377319
arabica_LUIS EDUARDO MAGALHAES,20,E2_cross_commodity,LightGBM,2012,1691,238,2.24920645028039,0.8420848579902794,6.994253316215685,8.416579373464982
arabica_LUIS EDUARDO MAGALHAES,20,E2_cross_commodity,XGBoost,2012,1691,238,2.1541184886290496,0.7401307005220252,6.238863652171568,7.56723741253623
arabica_LUIS EDUARDO MAGALHAES,20,E2_cross_commodity,RandomForest,2013,1929,240,5.543442406492064,3.26552665314562,11.77086747744218,19.7645060509929
arabica_LUIS EDUARDO MAGALHAES,20,E2_cross_commodity,LightGBM,2013,1929,240,5.975905302404696,3.9225864529930288,11.753004929244486,19.63517188772851
arabica_LUIS EDUARDO MAGALHAES,20,E2_cross_commodity,XGBoost,2013,1929,240,5.73933032810788,3.5480916717460205,11.976794020808592,19.614874521438267
arabica_LUIS EDUARDO MAGALHAES,20,E2_cross_commodity,RandomForest,2016,2169,178,2.0976760281547486,1.3497860088132925,6.976679879582801,9.165287697532492
arabica_LUIS EDUARDO MAGALHAES,20,E2_cross_commodity,LightGBM,2016,2169,178,2.6662371759721912,1.9553177039002572,6.692540212990403,9.023963622165796
arabica_LUIS EDUARDO MAGALHAES,20,E2_cross_commodity,XGBoost,2016,2169,178,2.203595662951977,1.449923987480071,7.275652218676761,9.55662494186798
arabica_LUIS EDUARDO MAGALHAES,20,E2_cross_commodity,RandomForest,2017,2347,233,5.686729854187945,1.1861573228488516,6.877983523159839,7.7412844068305855
arabica_LUIS EDUARDO MAGALHAES,20,E2_cross_commodity,LightGBM,2017,2347,233,5.807829407325923,1.714803967691437,5.619406075285243,6.470064054324736
arabica_LUIS EDUARDO MAGALHAES,20,E2_cross_commodity,XGBoost,2017,2347,233,6.261432730055104,2.2049178908168154,6.8757494432634285,7.792665757479581
arabica_LUIS EDUARDO MAGALHAES,20,E2_cross_commodity,RandomForest,2018,2580,241,2.132614986100006,1.0322840101829576,3.740021817162696,4.980173728362469
arabica_LUIS EDUARDO MAGALHAES,20,E2_cross_commodity,LightGBM,2018,2580,241,891.4785289715471,993.3547936502006,3.6756904756582416,4.848449128573584
arabica_LUIS EDUARDO MAGALHAES,20,E2_cross_commodity,XGBoost,2018,2580,241,4.44719017917855,3.718281145497232,3.4589615211213176,4.669169193125694
arabica_LUIS EDUARDO MAGALHAES,20,E2_cross_commodity,RandomForest,2019,2821,239,4.9505287125073405,2.472246424278389,5.738119474986194,7.158687051930937
arabica_LUIS EDUARDO MAGALHAES,20,E2_cross_commodity,LightGBM,2019,2821,239,6.259609952603747,4.411847478949346,5.144189855407017,6.321528541466187
arabica_LUIS EDUARDO MAGALHAES,20,E2_cross_commodity,XGBoost,2019,2821,239,5.580145264249198,3.5057813953736754,4.867792168381009,6.27950589462112
arabica_LUIS EDUARDO MAGALHAES,20,E2_cross_commodity,RandomForest,2020,3060,131,1.1386856446365463,1.1386856446365463,4.14477110626915,5.411248243947495
arabica_LUIS EDUARDO MAGALHAES,20,E2_cross_commodity,LightGBM,2020,3060,131,83761.9494207844,83761.9494207844,5.274871996838559,6.63696502354289
arabica_LUIS EDUARDO MAGALHAES,20,E2_cross_commodity,XGBoost,2020,3060,131,23124.373742880303,23124.373742880303,4.913768387929389,6.316397991214163
arabica_LUIS EDUARDO MAGALHAES,20,E2_cross_commodity,RandomForest,2021,3191,241,3.3712068635964467,3.0472428305828525,9.06342811898343,13.238298668672147
arabica_LUIS EDUARDO MAGALHAES,20,E2_cross_commodity,LightGBM,2021,3191,241,5.713051160471253,5.482575842071124,8.496220963377015,11.555820427830842
arabica_LUIS EDUARDO MAGALHAES,20,E2_cross_commodity,XGBoost,2021,3191,241,4.185348458215071,3.9101808903151967,8.375526438170322,11.797983972643118
arabica_LUIS EDUARDO MAGALHAES,20,E2_cross_commodity,RandomForest,2022,3432,244,1.8245511232121396,1.60625710655626,5.473560422221909,7.486978429277559
arabica_LUIS EDUARDO MAGALHAES,20,E2_cross_commodity,LightGBM,2022,3432,244,2.072473151861125,1.8706583894191184,5.946109586318931,7.825373482751191
arabica_LUIS EDUARDO MAGALHAES,20,E2_cross_commodity,XGBoost,2022,3432,244,2.192230267226222,1.9932250439641648,6.08731663075255,8.009713716431044
arabica_LUIS EDUARDO MAGALHAES,20,E2_cross_commodity,RandomForest,2023,3676,241,1.1380987855777167,0.7737580597892312,4.128195006201287,5.186730848993566
arabica_LUIS EDUARDO MAGALHAES,20,E2_cross_commodity,LightGBM,2023,3676,241,9861.193296896234,10199.39927956354,4.745973982731451,5.910254980686801
arabica_LUIS EDUARDO MAGALHAES,20,E2_cross_commodity,XGBoost,2023,3676,241,6844.119882609715,7078.732033699237,4.369378865704239,5.296629047466507
arabica_LUIS EDUARDO MAGALHAES,20,E2_cross_commodity,RandomForest,2024,3917,237,2.2519200989956145,2.211088675298799,6.7064764057268125,8.196782463750647
arabica_LUIS EDUARDO MAGALHAES,20,E2_cross_commodity,LightGBM,2024,3917,237,21633.630401756192,21725.24740324363,7.145905723957938,9.118452349977952
arabica_LUIS EDUARDO MAGALHAES,20,E2_cross_commodity,XGBoost,2024,3917,237,14954.560300956316,15017.877494331397,6.841627574402933,8.750591988664892
arabica_LUIS EDUARDO MAGALHAES,20,E3_financial,RandomForest,2006,674,239,2.5329081642636555,2.118176602202805,41.18146893755504,42.75049980230091
arabica_LUIS EDUARDO MAGALHAES,20,E3_financial,LightGBM,2006,674,239,2.5016356454513504,2.0916195803864808,40.22859546682543,41.91231278679453
arabica_LUIS EDUARDO MAGALHAES,20,E3_financial,XGBoost,2006,674,239,2.4824486227628886,2.067544406997391,39.85352642619227,41.46143435327957
arabica_LUIS EDUARDO MAGALHAES,20,E3_financial,RandomForest,2007,913,7,0.1022228931995682,0.1022228931995682,2.492349347502363,3.1347744680077207
arabica_LUIS EDUARDO MAGALHAES,20,E3_financial,LightGBM,2007,913,7,0.2266561986423527,0.2266561986423527,4.747482815953319,5.047208575312509
arabica_LUIS EDUARDO MAGALHAES,20,E3_financial,XGBoost,2007,913,7,0.156196801241031,0.156196801241031,3.42040966787567,4.108550854507992
arabica_LUIS EDUARDO MAGALHAES,20,E3_financial,RandomForest,2008,920,238,1.506927757449482,1.0821302265839072,9.950539567521014,10.489014605211729
arabica_LUIS EDUARDO MAGALHAES,20,E3_financial,LightGBM,2008,920,238,1.5450016207311634,1.1229047599484894,10.447742371124203,11.140000780516106
arabica_LUIS EDUARDO MAGALHAES,20,E3_financial,XGBoost,2008,920,238,1.643634413460927,1.2259414086535243,11.64150804341575,12.545349994200102
arabica_LUIS EDUARDO MAGALHAES,20,E3_financial,RandomForest,2009,1158,234,1.7724406512236446,1.4971293897837892,4.53119945819619,6.554145731407018
arabica_LUIS EDUARDO MAGALHAES,20,E3_financial,LightGBM,2009,1158,234,2.0151390705088392,1.742077297740359,5.196204190538699,6.9796999941766495
arabica_LUIS EDUARDO MAGALHAES,20,E3_financial,XGBoost,2009,1158,234,2.251389401881362,1.981491273718196,5.181021871216613,7.071835757720652
arabica_LUIS EDUARDO MAGALHAES,20,E3_financial,RandomForest,2010,1392,226,2.2886295668138223,1.436465376538279,6.345544438238663,9.194380966011366
arabica_LUIS EDUARDO MAGALHAES,20,E3_financial,LightGBM,2010,1392,226,2.870239286821473,2.0940404279098543,6.648366619923178,9.677361040113508
arabica_LUIS EDUARDO MAGALHAES,20,E3_financial,XGBoost,2010,1392,226,2.953073071921193,2.192443327977584,6.782255950433429,9.923512297689513
arabica_LUIS EDUARDO MAGALHAES,20,E3_financial,RandomForest,2011,1618,73,3.00156424992422,1.2893649251138892,5.665587103406682,7.253826447871039
arabica_LUIS EDUARDO MAGALHAES,20,E3_financial,LightGBM,2011,1618,73,3.5144897822023404,1.882649593979452,6.181033544111045,7.693263082918002
arabica_LUIS EDUARDO MAGALHAES,20,E3_financial,XGBoost,2011,1618,73,3.5256018772736346,1.8972488908970224,6.73701372996358,8.201061002078498
arabica_LUIS EDUARDO MAGALHAES,20,E3_financial,RandomForest,2012,1691,238,2.3450323798261947,1.2462025532950582,3.285962225006572,4.647166395746823
arabica_LUIS EDUARDO MAGALHAES,20,E3_financial,LightGBM,2012,1691,238,883.8398738493953,1000.2637727594196,3.1457219625473973,4.356842639401024
arabica_LUIS EDUARDO MAGALHAES,20,E3_financial,XGBoost,2012,1691,238,5.265971860297628,4.557034433830878,2.920707057462416,4.0167447494047535
arabica_LUIS EDUARDO MAGALHAES,20,E3_financial,RandomForest,2013,1929,240,13.49278781542406,14.12262633268286,10.25245261345206,20.386705649795413
arabica_LUIS EDUARDO MAGALHAES,20,E3_financial,LightGBM,2013,1929,240,10.64881091408657,10.392735240257116,9.92374405160435,19.75488693909644
arabica_LUIS EDUARDO MAGALHAES,20,E3_financial,XGBoost,2013,1929,240,9.130665443121194,8.263701078140329,10.1526353893856,19.76689850157944
arabica_LUIS EDUARDO MAGALHAES,20,E3_financial,RandomForest,2016,2169,178,3.400167507626478,2.826036826875146,4.085679662822807,6.341373092067737
arabica_LUIS EDUARDO MAGALHAES,20,E3_financial,LightGBM,2016,2169,178,2983.915265356572,3198.8219615307407,4.195754427203357,6.148772590289726
arabica_LUIS EDUARDO MAGALHAES,20,E3_financial,XGBoost,2016,2169,178,2.3001935516306053,1.6319221888423283,4.294119283403187,6.015707150185438
arabica_LUIS EDUARDO MAGALHAES,20,E3_financial,RandomForest,2017,2347,233,5.310009860101608,0.9478147365645474,5.18260328393723,6.570391408621639
arabica_LUIS EDUARDO MAGALHAES,20,E3_financial,LightGBM,2017,2347,233,5.491046413165676,1.2081595697832932,6.271649198557951,8.278985792460027
arabica_LUIS EDUARDO MAGALHAES,20,E3_financial,XGBoost,2017,2347,233,5.698277064159126,1.329501115146026,7.00373436416088,8.93739858695245
arabica_LUIS EDUARDO MAGALHAES,20,E3_financial,RandomForest,2018,2580,241,2.0332591632429877,0.8182077492296115,4.809167459943753,5.377460860541713
arabica_LUIS EDUARDO MAGALHAES,20,E3_financial,LightGBM,2018,2580,241,2.492282736082325,1.2551108702621965,7.146798092552409,8.155191930734443
arabica_LUIS EDUARDO MAGALHAES,20,E3_financial,XGBoost,2018,2580,241,2.560018542497535,1.406719787081819,5.801527487706182,6.793757223313063
arabica_LUIS EDUARDO MAGALHAES,20,E3_financial,RandomForest,2019,2821,239,4.50374680546203,1.8607462780192408,4.660066187943962,5.528317558915555
arabica_LUIS EDUARDO MAGALHAES,20,E3_financial,LightGBM,2019,2821,239,586.5942178725719,792.4802638483781,4.507961894889887,5.466531166722546
arabica_LUIS EDUARDO MAGALHAES,20,E3_financial,XGBoost,2019,2821,239,6.953926330686478,5.370366650757105,4.433762207274709,5.403719234806067
arabica_LUIS EDUARDO MAGALHAES,20,E3_financial,RandomForest,2020,3060,131,3.3382310987764354,3.3382310987764354,4.316244622275774,6.046855064386038
arabica_LUIS EDUARDO MAGALHAES,20,E3_financial,LightGBM,2020,3060,131,0.9608989726377258,0.9608989726377258,3.813854699823602,4.925906096883912
arabica_LUIS EDUARDO MAGALHAES,20,E3_financial,XGBoost,2020,3060,131,3.429552125104431,3.429552125104431,4.002125596100514,5.87054701172712
arabica_LUIS EDUARDO MAGALHAES,20,E3_financial,RandomForest,2021,3191,241,4.105327295457352,3.831005612953224,6.757193572235298,9.148011356228889
arabica_LUIS EDUARDO MAGALHAES,20,E3_financial,LightGBM,2021,3191,241,1.8419311618107197,1.4887399622503992,6.546745641815532,8.111058713811204
arabica_LUIS EDUARDO MAGALHAES,20,E3_financial,XGBoost,2021,3191,241,2.144280040459394,1.8007694682283255,8.54789305720566,10.89070505215519
arabica_LUIS EDUARDO MAGALHAES,20,E3_financial,RandomForest,2022,3432,244,1.8238923057938283,1.614011233924122,5.097661529967882,7.4290709476510175
arabica_LUIS EDUARDO MAGALHAES,20,E3_financial,LightGBM,2022,3432,244,1.9587420885625144,1.7615420700686422,4.703229028649409,7.186567455227949
arabica_LUIS EDUARDO MAGALHAES,20,E3_financial,XGBoost,2022,3432,244,2.1977464755057685,2.0140463539579847,4.920080619748237,7.461096023693156
arabica_LUIS EDUARDO MAGALHAES,20,E3_financial,RandomForest,2023,3676,241,1.1270653328081308,0.7300461362824193,4.236300846939938,5.115215109025346
arabica_LUIS EDUARDO MAGALHAES,20,E3_financial,LightGBM,2023,3676,241,1.200333493644835,0.8032889982000945,4.971540054878416,6.05118158602886
arabica_LUIS EDUARDO MAGALHAES,20,E3_financial,XGBoost,2023,3676,241,1.2241152755099811,0.8299073990265146,5.030425892074957,6.054812223091325
arabica_LUIS EDUARDO MAGALHAES,20,E3_financial,RandomForest,2024,3917,237,2.9385672581753832,2.901694449050916,6.1891923238929065,8.341391717570794
arabica_LUIS EDUARDO MAGALHAES,20,E3_financial,LightGBM,2024,3917,237,5.9625162203073065,5.939270547916441,6.439226262666517,9.064564383195608
arabica_LUIS EDUARDO MAGALHAES,20,E3_financial,XGBoost,2024,3917,237,3.241798866165916,3.206301435596933,6.595380569976034,8.627034757474096
arabica_LUIS EDUARDO MAGALHAES,20,E4_full,RandomForest,2006,674,239,2.509898891944838,2.0958142078123765,40.47327066301527,42.01236154454422
arabica_LUIS EDUARDO MAGALHAES,20,E4_full,LightGBM,2006,674,239,2.4634754595857578,2.056536355527587,39.09726564975571,40.59407021821439
arabica_LUIS EDUARDO MAGALHAES,20,E4_full,XGBoost,2006,674,239,2.5117014526536017,2.102736635324513,40.64504377166862,42.281869538175926
arabica_LUIS EDUARDO MAGALHAES,20,E4_full,RandomForest,2007,913,7,0.1123078692606694,0.1123078692606694,2.6912133328889314,3.320263754212752
arabica_LUIS EDUARDO MAGALHAES,20,E4_full,LightGBM,2007,913,7,0.135531897581793,0.135531897581793,3.3784460968367336,3.51895987310642
arabica_LUIS EDUARDO MAGALHAES,20,E4_full,XGBoost,2007,913,7,0.2140293263272123,0.2140293263272123,4.411367171237294,4.919913158404039
arabica_LUIS EDUARDO MAGALHAES,20,E4_full,RandomForest,2008,920,238,1.5236695962841322,1.099865473550615,10.143753113494412,10.732393525938686
arabica_LUIS EDUARDO MAGALHAES,20,E4_full,LightGBM,2008,920,238,1.4051058387617292,0.9846946867496048,8.94355741507111,9.71473379206882
arabica_LUIS EDUARDO MAGALHAES,20,E4_full,XGBoost,2008,920,238,1.6068003110488194,1.1890884161527997,11.30099591598024,12.441395484978806
arabica_LUIS EDUARDO MAGALHAES,20,E4_full,RandomForest,2009,1158,234,1.6647925723873296,1.3875422611845862,4.473951209434103,6.4596174697539945
arabica_LUIS EDUARDO MAGALHAES,20,E4_full,LightGBM,2009,1158,234,1.957275258841613,1.6831758013723448,5.04320690345453,6.844399926630504
arabica_LUIS EDUARDO MAGALHAES,20,E4_full,XGBoost,2009,1158,234,1.842353110207142,1.5606873927709757,5.136232427994815,6.8868958912858576
arabica_LUIS EDUARDO MAGALHAES,20,E4_full,RandomForest,2010,1392,226,2.2697720016139526,1.4105522355357394,6.486371994901037,9.555968195387072
arabica_LUIS EDUARDO MAGALHAES,20,E4_full,LightGBM,2010,1392,226,2.592827842876614,1.7885105099272856,6.613426216267027,9.545028317343354
arabica_LUIS EDUARDO MAGALHAES,20,E4_full,XGBoost,2010,1392,226,2.6170365528756707,1.8364346553928577,6.852114138381417,9.928002912656275
arabica_LUIS EDUARDO MAGALHAES,20,E4_full,RandomForest,2011,1618,73,2.9336587513824064,1.21596636637981,5.360080403354844,6.946842827922118
arabica_LUIS EDUARDO MAGALHAES,20,E4_full,LightGBM,2011,1618,73,3.93974871184591,2.3904712086205278,6.205925902272544,7.767793607708019
arabica_LUIS EDUARDO MAGALHAES,20,E4_full,XGBoost,2011,1618,73,8.270583905099224,7.565631129881725,6.4741558242480615,7.830127148989482
arabica_LUIS EDUARDO MAGALHAES,20,E4_full,RandomForest,2012,1691,238,2.0145600635915284,0.8464683940707682,2.9047807760867905,3.9724834573542136
arabica_LUIS EDUARDO MAGALHAES,20,E4_full,LightGBM,2012,1691,238,3.081657078222584,2.0878481401400872,2.8152181597568293,3.796284847659393
arabica_LUIS EDUARDO MAGALHAES,20,E4_full,XGBoost,2012,1691,238,33960.977151857594,38487.67679377053,3.2049025915449207,4.169779787700279
arabica_LUIS EDUARDO MAGALHAES,20,E4_full,RandomForest,2013,1929,240,13.454343404423982,14.064536515281633,10.24269730197769,20.406860815139453
arabica_LUIS EDUARDO MAGALHAES,20,E4_full,LightGBM,2013,1929,240,9.550952969746364,8.914601703991144,9.936761083135078,19.86148068782528
arabica_LUIS EDUARDO MAGALHAES,20,E4_full,XGBoost,2013,1929,240,8.384605219234908,7.2924004973664465,10.19342137857094,19.74444485641545
arabica_LUIS EDUARDO MAGALHAES,20,E4_full,RandomForest,2016,2169,178,3.3406617182008285,2.762342056869279,4.068134191627188,6.313668057254566
arabica_LUIS EDUARDO MAGALHAES,20,E4_full,LightGBM,2016,2169,178,1482.8134060961952,1589.1960377972748,4.068334312106056,6.236667543290371
arabica_LUIS EDUARDO MAGALHAES,20,E4_full,XGBoost,2016,2169,178,2.450312341181764,1.7895158474020725,3.894697679426079,5.9719850091720375
arabica_LUIS EDUARDO MAGALHAES,20,E4_full,RandomForest,2017,2347,233,5.28312803349031,0.9476131284796904,4.966816914253906,6.156610420310257
arabica_LUIS EDUARDO MAGALHAES,20,E4_full,LightGBM,2017,2347,233,5.387566809684725,1.1524205974617514,5.3754354497699,6.656465656045033
arabica_LUIS EDUARDO MAGALHAES,20,E4_full,XGBoost,2017,2347,233,5.578061185213273,1.2845307419989596,6.128776596301904,7.333441264967948
arabica_LUIS EDUARDO MAGALHAES,20,E4_full,RandomForest,2018,2580,241,2.049275594997836,0.8316794665067775,4.884581514818966,5.4317206563604765
arabica_LUIS EDUARDO MAGALHAES,20,E4_full,LightGBM,2018,2580,241,2.391836629944061,1.1879122450055737,5.960642249436477,6.841871201473939
arabica_LUIS EDUARDO MAGALHAES,20,E4_full,XGBoost,2018,2580,241,2.308840101932581,1.1352831433636472,5.214261969687853,6.0354381976019065
arabica_LUIS EDUARDO MAGALHAES,20,E4_full,RandomForest,2019,2821,239,4.214282700424436,1.47324167857925,4.470479002853091,5.343131108045731
arabica_LUIS EDUARDO MAGALHAES,20,E4_full,LightGBM,2019,2821,239,5.847483310670442,3.735979181204802,4.6416697655961645,5.543977579972869
arabica_LUIS EDUARDO MAGALHAES,20,E4_full,XGBoost,2019,2821,239,4.4209268194981615,1.8032454768758808,4.4069381434876345,5.437967922170724
arabica_LUIS EDUARDO MAGALHAES,20,E4_full,RandomForest,2020,3060,131,3.230076948976123,3.230076948976123,4.331668807584609,6.029826564387273
arabica_LUIS EDUARDO MAGALHAES,20,E4_full,LightGBM,2020,3060,131,0.8885572015866824,0.8885572015866824,3.463308903482556,4.64198089923747
arabica_LUIS EDUARDO MAGALHAES,20,E4_full,XGBoost,2020,3060,131,0.8761317523791157,0.8761317523791157,3.273453945757552,4.680754390082904
arabica_LUIS EDUARDO MAGALHAES,20,E4_full,RandomForest,2021,3191,241,4.230994506514996,3.961123859791591,6.7212387616130655,9.172385058612312
arabica_LUIS EDUARDO MAGALHAES,20,E4_full,LightGBM,2021,3191,241,1.949357504827684,1.5940855043355746,6.535526169832747,8.251034819445062
arabica_LUIS EDUARDO MAGALHAES,20,E4_full,XGBoost,2021,3191,241,2.241999841787853,1.892894002687538,7.458442009370293,9.47550739785666
arabica_LUIS EDUARDO MAGALHAES,20,E4_full,RandomForest,2022,3432,244,1.714618882652624,1.5026184642121765,4.983430151670658,7.224113623237114
arabica_LUIS EDUARDO MAGALHAES,20,E4_full,LightGBM,2022,3432,244,1.5170621150158696,1.3033453570154143,4.6681042468796905,6.850824793785356
arabica_LUIS EDUARDO MAGALHAES,20,E4_full,XGBoost,2022,3432,244,1.7214768185588534,1.5162496098968827,4.608943379366634,6.863918001144986
arabica_LUIS EDUARDO MAGALHAES,20,E4_full,RandomForest,2023,3676,241,1.1226349949476624,0.7229999021198033,4.4430939465257975,5.288990370970137
arabica_LUIS EDUARDO MAGALHAES,20,E4_full,LightGBM,2023,3676,241,1.2106742688523044,0.814768002010274,4.967023500794513,6.0706790175231
arabica_LUIS EDUARDO MAGALHAES,20,E4_full,XGBoost,2023,3676,241,1.2100153729083227,0.8083377198953703,4.953875909984572,5.9622594707226
arabica_LUIS EDUARDO MAGALHAES,20,E4_full,RandomForest,2024,3917,237,2.6976269209922727,2.659373491194469,6.149439462160242,8.234203203864093
arabica_LUIS EDUARDO MAGALHAES,20,E4_full,LightGBM,2024,3917,237,2139.482429843009,2148.4981631040296,6.413704209361341,8.97592708739093
arabica_LUIS EDUARDO MAGALHAES,20,E4_full,XGBoost,2024,3917,237,10.641776746605924,10.635990241482997,6.780755852736377,9.207633490001628
arabica_VITORIA DA CONQUISTA,1,E1_own,RandomForest,2004,383,239,11.739433080594011,27.803429638840605,2.024858392449874,2.655930936401379
arabica_VITORIA DA CONQUISTA,1,E1_own,LightGBM,2004,383,239,5356.713989196623,35520.06061606752,2.4816248612396747,4.513039232736972
arabica_VITORIA DA CONQUISTA,1,E1_own,XGBoost,2004,383,239,995.06458186875,6558.844057221388,6.947734544597234,17.557252366305583
arabica_VITORIA DA CONQUISTA,1,E1_own,RandomForest,2005,622,184,48.59743167208888,275.55353725669954,1.860189758957792,3.9748734690693537
arabica_VITORIA DA CONQUISTA,1,E1_own,LightGBM,2005,622,184,2079.088778175208,13622.788685481251,1.8769277030396967,3.961410448536152
arabica_VITORIA DA CONQUISTA,1,E1_own,XGBoost,2005,622,184,710.2752983372814,4626.365305803703,1.8951042252440464,3.992804544394572
arabica_VITORIA DA CONQUISTA,1,E1_own,RandomForest,2006,806,226,10.233597690487796,22.525967218324585,1.3029783063586402,1.6297614698554477
arabica_VITORIA DA CONQUISTA,1,E1_own,LightGBM,2006,806,226,4327.159687840063,29592.617207423315,1.295120943575038,1.8028420497520945
arabica_VITORIA DA CONQUISTA,1,E1_own,XGBoost,2006,806,226,943.8078359327328,6417.769810333302,1.887663248525813,5.355738827523179
arabica_VITORIA DA CONQUISTA,1,E1_own,RandomForest,2007,1032,8,7.85758121403723,7.282281283419341,1.6160715532983714,2.033954578624409
arabica_VITORIA DA CONQUISTA,1,E1_own,LightGBM,2007,1032,8,8.291961123412904,8.440424743627501,1.4343882767781888,1.5989731022711082
arabica_VITORIA DA CONQUISTA,1,E1_own,XGBoost,2007,1032,8,8.369261122122555,9.66607207783109,1.2728925709034826,1.4432310459573785
arabica_VITORIA DA CONQUISTA,1,E1_own,RandomForest,2008,1040,213,11.076206287203329,22.866798784945274,1.678273774497529,2.2975199858254274
arabica_VITORIA DA CONQUISTA,1,E1_own,LightGBM,2008,1040,213,16.44039220572505,54.198275933556765,2.1576406312105734,4.17867895248457
arabica_VITORIA DA CONQUISTA,1,E1_own,XGBoost,2008,1040,213,11.740241098483812,27.666676824817603,4.371493704726226,12.045780297480771
arabica_VITORIA DA CONQUISTA,1,E1_own,RandomForest,2009,1253,229,11.71810136426935,31.36732580084571,1.117130940519644,1.600214611573939
arabica_VITORIA DA CONQUISTA,1,E1_own,LightGBM,2009,1253,229,6599.489365298388,37749.00371750709,1.1358232203663978,1.7096447731062112
arabica_VITORIA DA CONQUISTA,1,E1_own,XGBoost,2009,1253,229,23.748124144779972,101.35466390623232,1.1662423286009242,1.7053342684980697
arabica_VITORIA DA CONQUISTA,1,E1_own,RandomForest,2010,1482,225,10.777024630744094,36.994368607861205,0.9769014442201156,1.4409399875371087
arabica_VITORIA DA CONQUISTA,1,E1_own,LightGBM,2010,1482,225,250.3170246098824,2195.2736364712027,1.0023431845502866,1.515829576110563
arabica_VITORIA DA CONQUISTA,1,E1_own,XGBoost,2010,1482,225,14.93542046105125,75.95565060994011,1.0017833941928889,1.588031409161346
arabica_VITORIA DA CONQUISTA,1,E1_own,RandomForest,2011,1707,75,18.630782184344824,83.99656260235419,1.1301738963125294,1.8413298412615395
arabica_VITORIA DA CONQUISTA,1,E1_own,LightGBM,2011,1707,75,1481.7592391592998,10062.046199525616,1.4261039846379315,2.424233254649597
arabica_VITORIA DA CONQUISTA,1,E1_own,XGBoost,2011,1707,75,38.43455297440356,216.3158544457936,4.141511138870976,11.09887847155596
arabica_VITORIA DA CONQUISTA,1,E1_own,RandomForest,2012,1782,188,8.045093590289076,20.61072316646959,0.6863509008376985,0.8515098939290319
arabica_VITORIA DA CONQUISTA,1,E1_own,LightGBM,2012,1782,188,8.673183734004311,31.97867400632134,0.695967589649451,0.9241605068917432
arabica_VITORIA DA CONQUISTA,1,E1_own,XGBoost,2012,1782,188,9.2388592459487,39.77392508303607,0.6633082124612958,0.8655935772255433
arabica_VITORIA DA CONQUISTA,1,E1_own,RandomForest,2013,1970,179,69.21538451314684,434.3840200379988,1.568287485446206,6.676306483695338
arabica_VITORIA DA CONQUISTA,1,E1_own,LightGBM,2013,1970,179,5244.68531077316,36068.90447010317,1.5521127201720866,6.676919465627751
arabica_VITORIA DA CONQUISTA,1,E1_own,XGBoost,2013,1970,179,151.6209180327745,1003.125939393148,1.6106642910613431,6.613217420081694
arabica_VITORIA DA CONQUISTA,1,E1_own,RandomForest,2014,2149,113,62.45744155320137,419.3634161234849,1.8004119441859745,5.586417790116488
arabica_VITORIA DA CONQUISTA,1,E1_own,LightGBM,2014,2149,113,10414.173277139998,78403.72459924406,1.9553985948866583,5.666767837011368
arabica_VITORIA DA CONQUISTA,1,E1_own,XGBoost,2014,2149,113,7383.948169241092,55581.01948474913,1.7152184292352943,5.641004964305275
arabica_VITORIA DA CONQUISTA,1,E1_own,RandomForest,2015,2262,140,56.390846721612526,304.8118915284097,1.718709825322864,4.980066078799763
arabica_VITORIA DA CONQUISTA,1,E1_own,LightGBM,2015,2262,140,9973.17638633941,60670.94511643604,1.7105308081064656,4.965164602829093
arabica_VITORIA DA CONQUISTA,1,E1_own,XGBoost,2015,2262,140,78.68753401236084,442.2022414431417,1.6625120602452592,4.956373553924377
arabica_VITORIA DA CONQUISTA,1,E1_own,RandomForest,2016,2402,206,19.36851357594378,68.97980962488137,1.3316743997146758,2.7122085369333093
arabica_VITORIA DA CONQUISTA,1,E1_own,LightGBM,2016,2402,206,443.266942262485,2254.3179977940936,1.30189686095696,2.690411088291633
arabica_VITORIA DA CONQUISTA,1,E1_own,XGBoost,2016,2402,206,37.29091999382568,163.33900432736442,1.2460394729452742,2.6340109345600022
arabica_VITORIA DA CONQUISTA,1,E1_own,RandomForest,2017,2608,228,8.01969997184847,15.246854597077284,0.6925728891325025,0.8405674520756307
arabica_VITORIA DA CONQUISTA,1,E1_own,LightGBM,2017,2608,228,22.321730701963325,144.6820281665615,0.7520590700435638,0.9195670463368354
arabica_VITORIA DA CONQUISTA,1,E1_own,XGBoost,2017,2608,228,8.821562165947938,22.349055170131187,0.7489561134709767,0.9451173492493252
arabica_VITORIA DA CONQUISTA,1,E1_own,RandomForest,2018,2836,238,8.931130985255356,22.935078230594527,0.6801705142745373,0.9242980356458058
arabica_VITORIA DA CONQUISTA,1,E1_own,LightGBM,2018,2836,238,379.7788436242431,2780.537892110181,0.7450033971678992,0.9991048799683636
arabica_VITORIA DA CONQUISTA,1,E1_own,XGBoost,2018,2836,238,328.3128581743744,2399.81704607143,0.6759540279539743,1.147917707323267
arabica_VITORIA DA CONQUISTA,1,E1_own,RandomForest,2019,3074,239,12.403192747501286,44.78287025011496,0.9426570167910088,1.4224516425839782
arabica_VITORIA DA CONQUISTA,1,E1_own,LightGBM,2019,3074,239,12.694448986836942,47.658210515960334,1.000072312505293,1.5681544658317017
arabica_VITORIA DA CONQUISTA,1,E1_own,XGBoost,2019,3074,239,377.4219111990535,2689.021636236749,1.0331757039036622,1.6728608946736403
arabica_VITORIA DA CONQUISTA,1,E1_own,RandomForest,2020,3313,130,14.468249284010934,35.00162064930781,1.28894138343132,1.935822288555996
arabica_VITORIA DA CONQUISTA,1,E1_own,LightGBM,2020,3313,130,19.119640905171533,55.06100974244228,1.3090084340556978,2.173340408113064
arabica_VITORIA DA CONQUISTA,1,E1_own,XGBoost,2020,3313,130,22.366646829926225,67.07619227449523,1.358262381915862,2.2853685616572363
arabica_VITORIA DA CONQUISTA,1,E1_own,RandomForest,2021,3443,241,40.878546356945655,103.86704575663416,2.322597502687048,5.236313594308237
arabica_VITORIA DA CONQUISTA,1,E1_own,LightGBM,2021,3443,241,1804.4538903778705,5224.937063910066,2.3323237845367264,5.00109699733456
arabica_VITORIA DA CONQUISTA,1,E1_own,XGBoost,2021,3443,241,40826.782551201344,118531.38520831436,2.6148288612365183,6.996286485723149
arabica_VITORIA DA CONQUISTA,1,E1_own,RandomForest,2022,3684,243,16.544046536817095,26.188525126828388,1.5225660175550315,2.836135037276174
arabica_VITORIA DA CONQUISTA,1,E1_own,LightGBM,2022,3684,243,498.9079945289638,1037.150343876246,1.5795287462515455,2.872146709106008
arabica_VITORIA DA CONQUISTA,1,E1_own,XGBoost,2022,3684,243,26.9503096161215,48.376074116301496,1.6465999473596833,3.0481698310429217
arabica_VITORIA DA CONQUISTA,1,E1_own,RandomForest,2023,3927,241,7.678523061315916,7.661134941630607,1.0761899445096308,1.5017399889518597
arabica_VITORIA DA CONQUISTA,1,E1_own,LightGBM,2023,3927,241,9.398881673473191,10.858700154908284,1.1147846909912882,1.5420349733187977
arabica_VITORIA DA CONQUISTA,1,E1_own,XGBoost,2023,3927,241,8.6471171770048,9.408846470378595,1.126542170600624,1.5413371164427143
arabica_VITORIA DA CONQUISTA,1,E1_own,RandomForest,2024,4168,244,10.292585438660684,12.244472380284794,1.2834179034051547,2.0952693747925983
arabica_VITORIA DA CONQUISTA,1,E1_own,LightGBM,2024,4168,244,12.049211502716927,15.384948496043956,1.2946767006117488,2.118229216731435
arabica_VITORIA DA CONQUISTA,1,E1_own,XGBoost,2024,4168,244,12.84298529743502,16.64497781033825,1.3073647020236987,2.1127532195831398
arabica_VITORIA DA CONQUISTA,1,E1_own,RandomForest,2026,4412,12,5.215396018271375,0.4370548750965145,0.9746212313952526,1.1387279380932231
arabica_VITORIA DA CONQUISTA,1,E1_own,LightGBM,2026,4412,12,6.047044184438522,2.194735257691766,1.2371439332395495,1.583301592139751
arabica_VITORIA DA CONQUISTA,1,E1_own,XGBoost,2026,4412,12,4.817275920950744,0.3826350750603738,0.7994693046413127,1.0701103359192017
arabica_VITORIA DA CONQUISTA,1,E2_cross_commodity,RandomForest,2004,383,239,10.159592828167227,15.166705051721708,2.2389875238686803,2.793207792430984
arabica_VITORIA DA CONQUISTA,1,E2_cross_commodity,LightGBM,2004,383,239,5826.708567743036,38639.28224343053,3.6176867757244784,5.823004951297012
arabica_VITORIA DA CONQUISTA,1,E2_cross_commodity,XGBoost,2004,383,239,1234.2564672882952,8144.629581097732,5.777167630148392,12.856935383012392
arabica_VITORIA DA CONQUISTA,1,E2_cross_commodity,RandomForest,2005,622,184,20.394923198606342,90.30130186451186,1.8382204404378295,3.871194249374566
arabica_VITORIA DA CONQUISTA,1,E2_cross_commodity,LightGBM,2005,622,184,6304.343935247088,41393.88090044092,2.0499954732446635,4.029655347821185
arabica_VITORIA DA CONQUISTA,1,E2_cross_commodity,XGBoost,2005,622,184,2843.278736010105,18644.644762371157,2.136834929454788,4.241932161019976
arabica_VITORIA DA CONQUISTA,1,E2_cross_commodity,RandomForest,2006,806,226,11.41567627762758,33.3068551605341,1.2367735608510586,1.8010715166035387
arabica_VITORIA DA CONQUISTA,1,E2_cross_commodity,LightGBM,2006,806,226,3429.2149135771724,23442.826631684013,1.520076436359675,2.269154183202252
arabica_VITORIA DA CONQUISTA,1,E2_cross_commodity,XGBoost,2006,806,226,14.385850688347965,54.4442633942821,1.404384688958057,2.051004054354195
arabica_VITORIA DA CONQUISTA,1,E2_cross_commodity,RandomForest,2007,1032,8,12.062964273113302,19.062922833461087,1.6524592017762147,2.253058681717765
arabica_VITORIA DA CONQUISTA,1,E2_cross_commodity,LightGBM,2007,1032,8,5785.841272387835,15419.10949022497,1.6013466279748203,2.2031696650404577
arabica_VITORIA DA CONQUISTA,1,E2_cross_commodity,XGBoost,2007,1032,8,11.88558066828761,20.140269226368968,1.356011385878506,1.988488034551137
arabica_VITORIA DA CONQUISTA,1,E2_cross_commodity,RandomForest,2008,1040,213,10.998067340845614,25.692320223589125,1.1137065696002353,1.521606026528909
arabica_VITORIA DA CONQUISTA,1,E2_cross_commodity,LightGBM,2008,1040,213,631.8176715561192,3416.785849311996,1.7669870356275204,2.393109551363277
arabica_VITORIA DA CONQUISTA,1,E2_cross_commodity,XGBoost,2008,1040,213,275.38915950164846,1468.884405737708,1.5725880705058422,2.240864440461162
arabica_VITORIA DA CONQUISTA,1,E2_cross_commodity,RandomForest,2009,1253,229,13.136936320703088,40.09806925840385,1.105247398582128,1.6153657210018866
arabica_VITORIA DA CONQUISTA,1,E2_cross_commodity,LightGBM,2009,1253,229,3532.7049376169102,20196.075183197096,1.213165282982012,1.8459501111098289
arabica_VITORIA DA CONQUISTA,1,E2_cross_commodity,XGBoost,2009,1253,229,1858.053409255972,10605.54366084889,1.212196162043065,1.8841802837733048
arabica_VITORIA DA CONQUISTA,1,E2_cross_commodity,RandomForest,2010,1482,225,11.4882999618519,43.1563425286939,1.084323169576197,1.6934201536817572
arabica_VITORIA DA CONQUISTA,1,E2_cross_commodity,LightGBM,2010,1482,225,1421.3364855797688,12745.971990914044,1.1057024446376118,1.867512676542604
arabica_VITORIA DA CONQUISTA,1,E2_cross_commodity,XGBoost,2010,1482,225,20.031556704390173,124.15962628512573,1.1426445393990308,2.0867434835198604
arabica_VITORIA DA CONQUISTA,1,E2_cross_commodity,RandomForest,2011,1707,75,14.222526205097486,53.552294078748815,1.1493768288046908,1.82612176460944
arabica_VITORIA DA CONQUISTA,1,E2_cross_commodity,LightGBM,2011,1707,75,19923.37280433448,135803.54551936296,1.3815829377966702,2.208067631833317
arabica_VITORIA DA CONQUISTA,1,E2_cross_commodity,XGBoost,2011,1707,75,21.55733214209532,103.3807784017883,1.5938384406928556,2.6034396600951624
arabica_VITORIA DA CONQUISTA,1,E2_cross_commodity,RandomForest,2012,1782,188,8.623607667408658,29.16712943167983,0.6902750124046382,0.8788850190176227
arabica_VITORIA DA CONQUISTA,1,E2_cross_commodity,LightGBM,2012,1782,188,2347.123175432803,31447.494774216644,0.7396427863579258,1.1250266230047523
arabica_VITORIA DA CONQUISTA,1,E2_cross_commodity,XGBoost,2012,1782,188,624.1374956963307,8303.7768380885,0.7283025942192423,1.2226777611001125
arabica_VITORIA DA CONQUISTA,1,E2_cross_commodity,RandomForest,2013,1970,179,45.33655205272808,269.5438143538446,1.5985416003969857,6.651825470575452
arabica_VITORIA DA CONQUISTA,1,E2_cross_commodity,LightGBM,2013,1970,179,9517.471974829068,65487.53524673772,1.596591813910926,6.546249358480279
arabica_VITORIA DA CONQUISTA,1,E2_cross_commodity,XGBoost,2013,1970,179,7378.6698475885905,50759.19875925546,1.766902553488099,6.740643851697114
arabica_VITORIA DA CONQUISTA,1,E2_cross_commodity,RandomForest,2014,2149,113,75.61446927352064,519.2843336233893,1.7827661124726837,5.595351632365524
arabica_VITORIA DA CONQUISTA,1,E2_cross_commodity,LightGBM,2014,2149,113,10655.002200783809,80227.17675064529,1.7619236223839745,5.666240512074004
arabica_VITORIA DA CONQUISTA,1,E2_cross_commodity,XGBoost,2014,2149,113,17349.05169801196,130654.86115394086,1.6933329668205486,5.637904198956797
arabica_VITORIA DA CONQUISTA,1,E2_cross_commodity,RandomForest,2015,2262,140,89.73631038800723,508.9435060692191,1.6734783193312748,4.98845869100601
arabica_VITORIA DA CONQUISTA,1,E2_cross_commodity,LightGBM,2015,2262,140,392.93396294134095,2359.3163445958617,1.719752926440942,4.921460646244802
arabica_VITORIA DA CONQUISTA,1,E2_cross_commodity,XGBoost,2015,2262,140,2565.3841792639,15579.463780125405,1.700104173132844,4.965855801504814
arabica_VITORIA DA CONQUISTA,1,E2_cross_commodity,RandomForest,2016,2402,206,23.065934480472094,88.30507408480919,1.3397730826032288,2.724766194803425
arabica_VITORIA DA CONQUISTA,1,E2_cross_commodity,LightGBM,2016,2402,206,2772.094722158487,14250.584967411804,1.393763591940061,2.745226969904075
arabica_VITORIA DA CONQUISTA,1,E2_cross_commodity,XGBoost,2016,2402,206,66.70170835277167,315.7060336970187,1.2665873024975216,2.6848342572101287
arabica_VITORIA DA CONQUISTA,1,E2_cross_commodity,RandomForest,2017,2608,228,7.977040556862165,15.545924543428452,0.6784056636867478,0.8404387074286553
arabica_VITORIA DA CONQUISTA,1,E2_cross_commodity,LightGBM,2017,2608,228,593.0829220873535,5359.859570998966,0.6125277689884994,0.9274128195115682
arabica_VITORIA DA CONQUISTA,1,E2_cross_commodity,XGBoost,2017,2608,228,330.0917795579137,2959.6624005641397,0.615914388781625,0.8788532848210686
arabica_VITORIA DA CONQUISTA,1,E2_cross_commodity,RandomForest,2018,2836,238,8.77543951712273,21.21500796293389,0.6850213892702615,0.8955673967903137
arabica_VITORIA DA CONQUISTA,1,E2_cross_commodity,LightGBM,2018,2836,238,2237.743656951808,16608.926543876285,0.5966620005235685,0.9811529089943818
arabica_VITORIA DA CONQUISTA,1,E2_cross_commodity,XGBoost,2018,2836,238,1428.360014461634,10586.727441983052,0.6091972840363558,0.9742926653811932
arabica_VITORIA DA CONQUISTA,1,E2_cross_commodity,RandomForest,2019,3074,239,12.499762978515578,46.6065166895898,0.8837591361559055,1.3831812033777784
arabica_VITORIA DA CONQUISTA,1,E2_cross_commodity,LightGBM,2019,3074,239,1674.4217041857676,12085.670573588151,0.9296371574953726,1.4960105415183131
arabica_VITORIA DA CONQUISTA,1,E2_cross_commodity,XGBoost,2019,3074,239,45.58228142666884,287.2920491284889,0.9575053758178872,1.5344616009019023
arabica_VITORIA DA CONQUISTA,1,E2_cross_commodity,RandomForest,2020,3313,130,15.202948082792744,37.88408059710165,1.2944899118761402,1.9096598051862992
arabica_VITORIA DA CONQUISTA,1,E2_cross_commodity,LightGBM,2020,3313,130,61.38430437580848,222.6281724348273,1.3290782047296532,2.161243500409106
arabica_VITORIA DA CONQUISTA,1,E2_cross_commodity,XGBoost,2020,3313,130,36.31124030816024,122.68949839723864,1.5634912176387337,2.76167625311729
arabica_VITORIA DA CONQUISTA,1,E2_cross_commodity,RandomForest,2021,3443,241,33.18657626713307,81.58991055787725,2.335287116399822,5.13359916823005
arabica_VITORIA DA CONQUISTA,1,E2_cross_commodity,LightGBM,2021,3443,241,7904.039755992421,22936.480809338045,2.386598555977218,4.928032762721913
arabica_VITORIA DA CONQUISTA,1,E2_cross_commodity,XGBoost,2021,3443,241,617.8103244968993,1779.606229439899,2.7079277686708974,6.687100036782918
arabica_VITORIA DA CONQUISTA,1,E2_cross_commodity,RandomForest,2022,3684,243,16.730484455324802,26.56283441204541,1.4942139409367707,2.746349475697736
arabica_VITORIA DA CONQUISTA,1,E2_cross_commodity,LightGBM,2022,3684,243,3713.581845558266,7771.363927104655,1.530353358449428,2.757713207517272
arabica_VITORIA DA CONQUISTA,1,E2_cross_commodity,XGBoost,2022,3684,243,413.96112726320246,859.0597995526019,1.6307925017415412,2.786014908143084
arabica_VITORIA DA CONQUISTA,1,E2_cross_commodity,RandomForest,2023,3927,241,7.672181774426021,7.712657611036163,1.0682227058776677,1.4847991562266
arabica_VITORIA DA CONQUISTA,1,E2_cross_commodity,LightGBM,2023,3927,241,11.281694050916798,14.42068641005778,1.0928368350169084,1.518285460072725
arabica_VITORIA DA CONQUISTA,1,E2_cross_commodity,XGBoost,2023,3927,241,11.805936463330134,15.3986960660404,1.1554010165331767,1.6482156835726387
arabica_VITORIA DA CONQUISTA,1,E2_cross_commodity,RandomForest,2024,4168,244,8.222297017401864,8.488096115950064,1.2694950718736662,2.063591124816455
arabica_VITORIA DA CONQUISTA,1,E2_cross_commodity,LightGBM,2024,4168,244,385.4731870350216,670.9493330873646,1.3051102756811308,2.0856112984690824
arabica_VITORIA DA CONQUISTA,1,E2_cross_commodity,XGBoost,2024,4168,244,8.291351771612817,8.652655069836875,1.5187699531934238,2.3824267172657585
arabica_VITORIA DA CONQUISTA,1,E2_cross_commodity,RandomForest,2026,4412,12,5.108978852404844,0.335890436308521,0.8110188997409407,0.9727273871533244
arabica_VITORIA DA CONQUISTA,1,E2_cross_commodity,LightGBM,2026,4412,12,5.717300599955397,0.4991143852485212,1.641699635522058,1.8342933147675344
arabica_VITORIA DA CONQUISTA,1,E2_cross_commodity,XGBoost,2026,4412,12,5.952481918518647,1.0733927078704184,1.7471673165160155,1.9630111656968412
arabica_VITORIA DA CONQUISTA,1,E3_financial,RandomForest,2004,383,239,11.074148012270422,30.20173213408206,1.2028947786315274,1.7223253907687277
arabica_VITORIA DA CONQUISTA,1,E3_financial,LightGBM,2004,383,239,7760.31890272575,51496.634121689145,0.9690011317157472,1.769504259667645
arabica_VITORIA DA CONQUISTA,1,E3_financial,XGBoost,2004,383,239,10071.634435298907,66839.68392085757,0.9922855250885432,1.838799535239764
arabica_VITORIA DA CONQUISTA,1,E3_financial,RandomForest,2005,622,184,43.25416650507602,241.88199246515543,1.7537863391179471,3.992804414943159
arabica_VITORIA DA CONQUISTA,1,E3_financial,LightGBM,2005,622,184,2255.8870726778578,14784.089804528452,1.924929140318368,3.9993168946050512
arabica_VITORIA DA CONQUISTA,1,E3_financial,XGBoost,2005,622,184,5729.7774980506565,37612.282865943256,1.870649117257116,3.9461011465937754
arabica_VITORIA DA CONQUISTA,1,E3_financial,RandomForest,2006,806,226,9.043034527597088,6.143184522038975,2.111331964155473,2.348116802395108
arabica_VITORIA DA CONQUISTA,1,E3_financial,LightGBM,2006,806,226,644.2179310143813,4364.2849720905015,1.5411500724326466,1.8675061905000812
arabica_VITORIA DA CONQUISTA,1,E3_financial,XGBoost,2006,806,226,11.0184704133237,8.202237981748368,5.555100602824375,7.780838657495786
arabica_VITORIA DA CONQUISTA,1,E3_financial,RandomForest,2007,1032,8,8.970034356744687,9.970735204924116,1.719358787853748,2.2296671960128105
arabica_VITORIA DA CONQUISTA,1,E3_financial,LightGBM,2007,1032,8,10.567425026405164,14.535872721659112,1.643848653862917,1.9973202532674328
arabica_VITORIA DA CONQUISTA,1,E3_financial,XGBoost,2007,1032,8,5.602727977403108,2.480419382677504,1.2499355998243715,1.5566718154589587
arabica_VITORIA DA CONQUISTA,1,E3_financial,RandomForest,2008,1040,213,10.44896069171384,19.085818403004133,1.9565030234991063,2.8747314788848697
arabica_VITORIA DA CONQUISTA,1,E3_financial,LightGBM,2008,1040,213,5560.5363254278855,30336.10922886856,2.3477886593295403,5.224001784935471
arabica_VITORIA DA CONQUISTA,1,E3_financial,XGBoost,2008,1040,213,34.96723732931568,160.9858477210943,1.6372134651955874,6.093749982248549
arabica_VITORIA DA CONQUISTA,1,E3_financial,RandomForest,2009,1253,229,11.315509893664933,29.18960524769441,1.110044970323821,1.606735906651386
arabica_VITORIA DA CONQUISTA,1,E3_financial,LightGBM,2009,1253,229,39.89440202220308,195.6228083902524,1.2546983461337713,1.8491052727962003
arabica_VITORIA DA CONQUISTA,1,E3_financial,XGBoost,2009,1253,229,16.144511537431242,60.36454773096641,1.097320714807943,1.6939001814807884
arabica_VITORIA DA CONQUISTA,1,E3_financial,RandomForest,2010,1482,225,10.3888610802771,35.25501465550031,0.9278546094941876,1.4033474066858178
arabica_VITORIA DA CONQUISTA,1,E3_financial,LightGBM,2010,1482,225,9.55540291239186,28.83662130247865,0.999405913169315,1.481712549178469
arabica_VITORIA DA CONQUISTA,1,E3_financial,XGBoost,2010,1482,225,298.7009230653137,2628.7170145545183,1.1455687064528988,1.6652958462658345
arabica_VITORIA DA CONQUISTA,1,E3_financial,RandomForest,2011,1707,75,13.360447915315024,49.81067085426408,1.0656344071467716,1.7832122612268355
arabica_VITORIA DA CONQUISTA,1,E3_financial,LightGBM,2011,1707,75,15.409657632874096,67.32902180581142,1.011821955668609,1.7651501048638631
arabica_VITORIA DA CONQUISTA,1,E3_financial,XGBoost,2011,1707,75,14.520730216114188,63.08264072067639,1.0338221596501251,1.802859758795246
arabica_VITORIA DA CONQUISTA,1,E3_financial,RandomForest,2012,1782,188,8.576306125613188,7.818272642535733,1.2858846141250095,1.335122756382927
arabica_VITORIA DA CONQUISTA,1,E3_financial,LightGBM,2012,1782,188,8.254205923750144,9.617449217536285,1.0509996225510962,1.1264445589772878
arabica_VITORIA DA CONQUISTA,1,E3_financial,XGBoost,2012,1782,188,9.217779424537596,9.962801607036868,1.71422763134546,1.8445652059429256
arabica_VITORIA DA CONQUISTA,1,E3_financial,RandomForest,2013,1970,179,90.9497660314736,583.6487145023356,1.5633944377308528,6.677756305078561
arabica_VITORIA DA CONQUISTA,1,E3_financial,LightGBM,2013,1970,179,196.02463914259005,1310.5417530189443,1.5302299309945333,6.690164225099643
arabica_VITORIA DA CONQUISTA,1,E3_financial,XGBoost,2013,1970,179,123.928558378005,816.766343839543,1.4788204894284458,6.671388885966458
arabica_VITORIA DA CONQUISTA,1,E3_financial,RandomForest,2014,2149,113,58.349981658779264,390.6215265406959,1.6972459685663617,5.570881041700059
arabica_VITORIA DA CONQUISTA,1,E3_financial,LightGBM,2014,2149,113,5497.8291563236935,41375.64760083154,1.6302800121914456,5.635909973439504
arabica_VITORIA DA CONQUISTA,1,E3_financial,XGBoost,2014,2149,113,15457.40802975787,116411.53887628388,1.5361517588949791,5.65432961436814
arabica_VITORIA DA CONQUISTA,1,E3_financial,RandomForest,2015,2262,140,110.23474625341004,633.8291816245525,1.6716044657155782,5.007261136937174
arabica_VITORIA DA CONQUISTA,1,E3_financial,LightGBM,2015,2262,140,111656.32840421078,679621.2699170749,1.551227006399348,5.062271110487118
arabica_VITORIA DA CONQUISTA,1,E3_financial,XGBoost,2015,2262,140,7178.20985306996,43666.8883168195,1.596484036205707,4.933266449812248
arabica_VITORIA DA CONQUISTA,1,E3_financial,RandomForest,2016,2402,206,23.108118874836777,88.74172390683854,1.2979184517993805,2.663484959608071
arabica_VITORIA DA CONQUISTA,1,E3_financial,LightGBM,2016,2402,206,1544.294977040094,7929.1490944334755,1.1827399484895136,2.6843600072721854
arabica_VITORIA DA CONQUISTA,1,E3_financial,XGBoost,2016,2402,206,597.6919180247309,3053.3227012298253,1.2108210742319283,2.6960197267070645
arabica_VITORIA DA CONQUISTA,1,E3_financial,RandomForest,2017,2608,228,7.922376385585988,12.905760686619285,0.7378544189409131,0.8946179324604032
arabica_VITORIA DA CONQUISTA,1,E3_financial,LightGBM,2017,2608,228,333.9625285844355,2999.51072152148,0.6871459277320647,1.1038156899865177
arabica_VITORIA DA CONQUISTA,1,E3_financial,XGBoost,2017,2608,228,16.173173818863205,84.84187567497786,1.0791053038890277,1.398792231336229
arabica_VITORIA DA CONQUISTA,1,E3_financial,RandomForest,2018,2836,238,9.1405114819536,24.425145848934157,0.6790027642429027,0.9095160907327215
arabica_VITORIA DA CONQUISTA,1,E3_financial,LightGBM,2018,2836,238,395.8437191985911,2907.9882046866223,0.616497540978824,0.9809236526088392
arabica_VITORIA DA CONQUISTA,1,E3_financial,XGBoost,2018,2836,238,339.8852574813428,2491.1261842028675,0.6193786630655572,0.9720398063380008
arabica_VITORIA DA CONQUISTA,1,E3_financial,RandomForest,2019,3074,239,14.493892494397183,62.52643676655014,0.8334501685174449,1.3522422978106217
arabica_VITORIA DA CONQUISTA,1,E3_financial,LightGBM,2019,3074,239,830.5465999826143,5978.457857956985,0.7762167000017732,1.4032330556330677
arabica_VITORIA DA CONQUISTA,1,E3_financial,XGBoost,2019,3074,239,477.1365582248616,3418.0335353379123,0.8377616629148353,1.6182746335724898
arabica_VITORIA DA CONQUISTA,1,E3_financial,RandomForest,2020,3313,130,12.03345220392658,18.04997325725668,2.9008292569148746,3.3921542703976995
arabica_VITORIA DA CONQUISTA,1,E3_financial,LightGBM,2020,3313,130,16.85426206691665,40.71312593865251,2.091433628250556,2.6497535289456677
arabica_VITORIA DA CONQUISTA,1,E3_financial,XGBoost,2020,3313,130,29.47333542612032,88.26384243782312,4.26444619999858,6.107992068058963
arabica_VITORIA DA CONQUISTA,1,E3_financial,RandomForest,2021,3443,241,47.11504867349036,121.66572649780196,2.393278437739077,5.309119367992282
arabica_VITORIA DA CONQUISTA,1,E3_financial,LightGBM,2021,3443,241,15457.172320148024,44866.74242753134,2.480824328501491,5.314793958363967
arabica_VITORIA DA CONQUISTA,1,E3_financial,XGBoost,2021,3443,241,711.8750976878426,2053.269116372655,2.637448912600242,6.81683594258153
arabica_VITORIA DA CONQUISTA,1,E3_financial,RandomForest,2022,3684,243,20.09025466222773,33.83920542915431,1.5175041923404495,2.821812608149938
arabica_VITORIA DA CONQUISTA,1,E3_financial,LightGBM,2022,3684,243,9189.437402248566,19242.838064176023,1.5589943387641525,2.9580864442201498
arabica_VITORIA DA CONQUISTA,1,E3_financial,XGBoost,2022,3684,243,5282.4996079321245,11058.41079513369,1.617101192170589,3.2005497604010205
arabica_VITORIA DA CONQUISTA,1,E3_financial,RandomForest,2023,3927,241,8.69159907714194,9.605971501353688,1.0808435038377335,1.5204094760292113
arabica_VITORIA DA CONQUISTA,1,E3_financial,LightGBM,2023,3927,241,7.521822028011597,7.329664014636535,1.088134196035781,1.499385868882439
arabica_VITORIA DA CONQUISTA,1,E3_financial,XGBoost,2023,3927,241,7.680271744899479,7.418436668125984,1.1283529695503791,1.5219218166273811
arabica_VITORIA DA CONQUISTA,1,E3_financial,RandomForest,2024,4168,244,10.284577558967602,12.273436305945504,1.2774716292735286,2.092170321218647
arabica_VITORIA DA CONQUISTA,1,E3_financial,LightGBM,2024,4168,244,335.2659490997213,582.551747807268,1.3058609856057954,2.097249477737032
arabica_VITORIA DA CONQUISTA,1,E3_financial,XGBoost,2024,4168,244,9.152838863440907,10.093063086441706,1.313397071054317,2.0912881454625727
arabica_VITORIA DA CONQUISTA,1,E3_financial,RandomForest,2026,4412,12,5.231698024377873,0.3122525773128718,0.9574559882567044,1.113983012574245
arabica_VITORIA DA CONQUISTA,1,E3_financial,LightGBM,2026,4412,12,7.8888571187683425,7.565796724647001,0.9699214442935592,1.1031060062030114
arabica_VITORIA DA CONQUISTA,1,E3_financial,XGBoost,2026,4412,12,5.164557020439965,0.6079079558948371,0.8958421981947368,1.02323290162144
arabica_VITORIA DA CONQUISTA,1,E4_full,RandomForest,2004,383,239,9.940517546242685,21.738359228161883,1.2773441395357974,1.7486645592383323
arabica_VITORIA DA CONQUISTA,1,E4_full,LightGBM,2004,383,239,12173.903056004709,80797.86511827324,1.0029377745349206,1.8004854125485603
arabica_VITORIA DA CONQUISTA,1,E4_full,XGBoost,2004,383,239,4030.48696498143,26730.225855081368,1.0230074890776333,1.7647087478020704
arabica_VITORIA DA CONQUISTA,1,E4_full,RandomForest,2005,622,184,53.60316353595013,310.718848881072,1.7365214603534032,4.00693252466536
arabica_VITORIA DA CONQUISTA,1,E4_full,LightGBM,2005,622,184,33533.183897510295,220326.55451623167,1.76528405167454,4.03367781644237
arabica_VITORIA DA CONQUISTA,1,E4_full,XGBoost,2005,622,184,795.1146338544291,5187.74905678236,1.8209515474426023,4.070791655578826
arabica_VITORIA DA CONQUISTA,1,E4_full,RandomForest,2006,806,226,9.804776113073553,17.630113599837415,1.557984756024105,1.9455417689927128
arabica_VITORIA DA CONQUISTA,1,E4_full,LightGBM,2006,806,226,326.52177774919414,2187.777273506043,1.676345503653223,2.081231098058609
arabica_VITORIA DA CONQUISTA,1,E4_full,XGBoost,2006,806,226,9.909178190024386,3.8176118796593417,4.250234527130481,6.783027532722724
arabica_VITORIA DA CONQUISTA,1,E4_full,RandomForest,2007,1032,8,11.726916804740998,18.114551517638727,1.6471643093172212,2.2714405330058915
arabica_VITORIA DA CONQUISTA,1,E4_full,LightGBM,2007,1032,8,6616.949226286765,17634.191730803574,1.5804297024054086,2.0942778360027434
arabica_VITORIA DA CONQUISTA,1,E4_full,XGBoost,2007,1032,8,15.647597775031404,31.032308063711096,1.4799588258266028,1.9175259194897225
arabica_VITORIA DA CONQUISTA,1,E4_full,RandomForest,2008,1040,213,10.822267190408883,21.325019559928883,1.9261836943886053,2.836013914395727
arabica_VITORIA DA CONQUISTA,1,E4_full,LightGBM,2008,1040,213,1813.2709475901504,9868.845630237282,2.434706042396083,5.275466481376459
arabica_VITORIA DA CONQUISTA,1,E4_full,XGBoost,2008,1040,213,1235.869587482132,6716.6053929767,1.9227426957574896,6.039242421996097
arabica_VITORIA DA CONQUISTA,1,E4_full,RandomForest,2009,1253,229,11.016072801505082,27.567088657454576,1.0998202925024212,1.598735094515824
arabica_VITORIA DA CONQUISTA,1,E4_full,LightGBM,2009,1253,229,2308.8266137192163,13184.7638750161,1.2498813965707272,1.9088618138292877
arabica_VITORIA DA CONQUISTA,1,E4_full,XGBoost,2009,1253,229,538.9129921981661,3054.060150392717,1.1121828078873042,1.724391524854055
arabica_VITORIA DA CONQUISTA,1,E4_full,RandomForest,2010,1482,225,11.620546660741566,46.44918986016162,0.9254716772297722,1.4239861640413365
arabica_VITORIA DA CONQUISTA,1,E4_full,LightGBM,2010,1482,225,18.739436355383287,112.55757059857535,1.0433498227070033,1.563451295760531
arabica_VITORIA DA CONQUISTA,1,E4_full,XGBoost,2010,1482,225,1069.574405428779,9570.60444423238,0.9892985272256456,1.5188268250713677
arabica_VITORIA DA CONQUISTA,1,E4_full,RandomForest,2011,1707,75,14.646458406203056,58.88958167303157,1.0337059461790732,1.7847290586827589
arabica_VITORIA DA CONQUISTA,1,E4_full,LightGBM,2011,1707,75,23.46556263715309,126.19902599447684,0.9584604076057024,1.7841343791354274
arabica_VITORIA DA CONQUISTA,1,E4_full,XGBoost,2011,1707,75,13.797079458897752,54.743640995191406,1.073367626833006,1.7896272761288812
arabica_VITORIA DA CONQUISTA,1,E4_full,RandomForest,2012,1782,188,8.333683934225457,8.778483093191968,1.1199223286166302,1.1884758124659904
arabica_VITORIA DA CONQUISTA,1,E4_full,LightGBM,2012,1782,188,12.52347198911048,67.6181327575867,1.0676388322293555,1.1755412241538044
arabica_VITORIA DA CONQUISTA,1,E4_full,XGBoost,2012,1782,188,9.930963116535375,16.484759132449167,1.9416221079492464,2.2596885729378022
arabica_VITORIA DA CONQUISTA,1,E4_full,RandomForest,2013,1970,179,123.17133638259828,805.5178205891605,1.5774218354222784,6.692404770324325
arabica_VITORIA DA CONQUISTA,1,E4_full,LightGBM,2013,1970,179,87.56334739694786,563.5094585855472,1.563098219124106,6.681136097303061
arabica_VITORIA DA CONQUISTA,1,E4_full,XGBoost,2013,1970,179,80.19962478255906,515.7296186497072,1.5662921480187548,6.6887111490276
arabica_VITORIA DA CONQUISTA,1,E4_full,RandomForest,2014,2149,113,79.94170970340116,553.4722698113585,1.6878031782365135,5.586137089926212
arabica_VITORIA DA CONQUISTA,1,E4_full,LightGBM,2014,2149,113,27954.75967600519,210550.54668404756,1.6743401897670789,5.65242500152579
arabica_VITORIA DA CONQUISTA,1,E4_full,XGBoost,2014,2149,113,8121.976589093717,61144.69738511364,1.6504900981262698,5.633812663074572
arabica_VITORIA DA CONQUISTA,1,E4_full,RandomForest,2015,2262,140,90.78836499457132,515.54044413676,1.6653498714028423,4.991902615281254
arabica_VITORIA DA CONQUISTA,1,E4_full,LightGBM,2015,2262,140,7078.87442738337,43062.45261383559,1.5800975159320516,5.036641057493571
arabica_VITORIA DA CONQUISTA,1,E4_full,XGBoost,2015,2262,140,1040.2313403598098,6298.611952718254,1.6608716620645971,5.00418743735194
arabica_VITORIA DA CONQUISTA,1,E4_full,RandomForest,2016,2402,206,22.01629099668401,83.13645407367093,1.2931694425038365,2.669840743747563
arabica_VITORIA DA CONQUISTA,1,E4_full,LightGBM,2016,2402,206,5134.435220993623,26420.83400754813,1.1741442567251894,2.6158147016476474
arabica_VITORIA DA CONQUISTA,1,E4_full,XGBoost,2016,2402,206,3046.5707108773668,15662.841651174673,1.235134376885123,2.6617257728604398
arabica_VITORIA DA CONQUISTA,1,E4_full,RandomForest,2017,2608,228,7.980679437652692,14.663127200695094,0.6976277975139693,0.8610401734602972
arabica_VITORIA DA CONQUISTA,1,E4_full,LightGBM,2017,2608,228,1907.2986018877111,17339.78324227783,0.815784859967847,1.1347618584124994
arabica_VITORIA DA CONQUISTA,1,E4_full,XGBoost,2017,2608,228,14.596537821790577,76.17799508883701,0.7678287845872378,1.0210634942211496
arabica_VITORIA DA CONQUISTA,1,E4_full,RandomForest,2018,2836,238,8.851174611730338,21.871880471632945,0.6828452160503752,0.895873798737741
arabica_VITORIA DA CONQUISTA,1,E4_full,LightGBM,2018,2836,238,1291.075896276814,9571.62485622592,0.5617800121571925,0.9748959577360348
arabica_VITORIA DA CONQUISTA,1,E4_full,XGBoost,2018,2836,238,2934.215603990497,21790.32123902476,0.5898476701963853,1.0855719329632052
arabica_VITORIA DA CONQUISTA,1,E4_full,RandomForest,2019,3074,239,12.586232422111504,48.0496507474348,0.8431250049459496,1.3421144448945812
arabica_VITORIA DA CONQUISTA,1,E4_full,LightGBM,2019,3074,239,310.468229384801,2214.675502068444,0.752853011741509,1.3734466276939106
arabica_VITORIA DA CONQUISTA,1,E4_full,XGBoost,2019,3074,239,24.06793712376064,136.06960844074217,0.7994611214855172,1.4172259270464715
arabica_VITORIA DA CONQUISTA,1,E4_full,RandomForest,2020,3313,130,10.302966478494708,11.554191384647352,2.741865878944971,3.200997349680619
arabica_VITORIA DA CONQUISTA,1,E4_full,LightGBM,2020,3313,130,17.34525739605307,42.34020663085861,2.367006054393595,3.138441182586924
arabica_VITORIA DA CONQUISTA,1,E4_full,XGBoost,2020,3313,130,26.303084048206628,76.14792849743748,3.344071170209649,4.821963501617852
arabica_VITORIA DA CONQUISTA,1,E4_full,RandomForest,2021,3443,241,35.90368103002682,89.45132614751327,2.3562480525223326,5.228923650503748
arabica_VITORIA DA CONQUISTA,1,E4_full,LightGBM,2021,3443,241,31036.30990406945,90102.83918698768,2.483520253438237,5.138585717381313
arabica_VITORIA DA CONQUISTA,1,E4_full,XGBoost,2021,3443,241,20429.330887052743,59303.08052993292,2.85790563119772,6.700909573567156
arabica_VITORIA DA CONQUISTA,1,E4_full,RandomForest,2022,3684,243,18.563848985069885,30.579318672012228,1.4817886228213948,2.7794856723046766
arabica_VITORIA DA CONQUISTA,1,E4_full,LightGBM,2022,3684,243,916.5929902124216,1912.4705224004083,1.5416097818532573,2.8864175736330115
arabica_VITORIA DA CONQUISTA,1,E4_full,XGBoost,2022,3684,243,4569.466673816102,9564.483707461812,1.569679312755711,2.7755305660160925
arabica_VITORIA DA CONQUISTA,1,E4_full,RandomForest,2023,3927,241,8.451197846517966,9.196117272679569,1.075845911555103,1.5127622371434342
arabica_VITORIA DA CONQUISTA,1,E4_full,LightGBM,2023,3927,241,7.602827914127963,7.731057738163514,1.0586268280866984,1.4878900403090924
arabica_VITORIA DA CONQUISTA,1,E4_full,XGBoost,2023,3927,241,7.766887759832668,7.720405599247135,1.1662964365094066,1.6116633037879582
arabica_VITORIA DA CONQUISTA,1,E4_full,RandomForest,2024,4168,244,8.289425595437427,8.654089916920382,1.2543118629569026,2.047510030845656
arabica_VITORIA DA CONQUISTA,1,E4_full,LightGBM,2024,4168,244,337.36957185528087,586.4643708068619,1.2696801485334075,2.0619358554754488
arabica_VITORIA DA CONQUISTA,1,E4_full,XGBoost,2024,4168,244,6.763350858681553,5.626458010750258,1.5167995525660116,2.2522495777118623
arabica_VITORIA DA CONQUISTA,1,E4_full,RandomForest,2026,4412,12,5.049276516382055,0.3310417378269066,0.7968760627510928,0.9209989307535976
arabica_VITORIA DA CONQUISTA,1,E4_full,LightGBM,2026,4412,12,5.646179517128561,0.3499631764187816,1.381941272108753,1.6119801797300677
arabica_VITORIA DA CONQUISTA,1,E4_full,XGBoost,2026,4412,12,5.478957499095375,0.8859636227585691,1.0723588639892874,1.413407562820813
arabica_VITORIA DA CONQUISTA,5,E1_own,RandomForest,2004,379,239,6.16758901670259,1.2100796351996903,5.057339555584328,6.2088593806164605
arabica_VITORIA DA CONQUISTA,5,E1_own,LightGBM,2004,379,239,24513.53448579832,46488.80752084636,5.49818411023402,9.085924727956847
arabica_VITORIA DA CONQUISTA,5,E1_own,XGBoost,2004,379,239,6.96452722326056,2.593481038922017,10.593831943995877,18.34868417866715
arabica_VITORIA DA CONQUISTA,5,E1_own,RandomForest,2005,618,184,12.2930339407645,13.741694022672222,4.985783323388419,7.706427337748781
arabica_VITORIA DA CONQUISTA,5,E1_own,LightGBM,2005,618,184,30947.59982538552,59306.71825113106,4.907177430926582,7.730823059891749
arabica_VITORIA DA CONQUISTA,5,E1_own,XGBoost,2005,618,184,29862.34836676137,57226.46683969552,5.25233419428684,7.936340272349589
arabica_VITORIA DA CONQUISTA,5,E1_own,RandomForest,2006,802,226,6.402257259596881,1.727036890964534,3.3881596095703648,3.788601005309325
arabica_VITORIA DA CONQUISTA,5,E1_own,LightGBM,2006,802,226,3359.031821802236,6590.834075919308,3.644995653635807,4.109326129890534
arabica_VITORIA DA CONQUISTA,5,E1_own,XGBoost,2006,802,226,1784.1553259427674,3495.2791748723057,4.197531829770844,6.146488705850441
arabica_VITORIA DA CONQUISTA,5,E1_own,RandomForest,2007,1028,8,0.4606748802475614,0.4606748802475614,1.7728081245599363,2.0128626092624904
arabica_VITORIA DA CONQUISTA,5,E1_own,LightGBM,2007,1028,8,0.7078088434875898,0.7078088434875898,2.897208249229846,3.237378583153618
arabica_VITORIA DA CONQUISTA,5,E1_own,XGBoost,2007,1028,8,0.7794892673386751,0.7794892673386751,3.175133726892236,3.742331955442135
arabica_VITORIA DA CONQUISTA,5,E1_own,RandomForest,2008,1036,213,4.185863894824892,0.8121662979127074,2.711317893435652,3.3631128752051005
arabica_VITORIA DA CONQUISTA,5,E1_own,LightGBM,2008,1036,213,997.3634776615876,1501.3837123869682,3.3955286994165226,4.611238291657305
arabica_VITORIA DA CONQUISTA,5,E1_own,XGBoost,2008,1036,213,4.483901807205146,1.1123751344631412,4.566536125669608,7.278379139828492
arabica_VITORIA DA CONQUISTA,5,E1_own,RandomForest,2009,1249,229,5.762210150634344,2.187067007249874,2.7448355504433994,3.5921059873612515
arabica_VITORIA DA CONQUISTA,5,E1_own,LightGBM,2009,1249,229,2632.664058003006,4525.240082873558,3.0506464530727637,3.9658258750649615
arabica_VITORIA DA CONQUISTA,5,E1_own,XGBoost,2009,1249,229,5.820728730176786,2.3899590237636037,2.860369533274353,3.851558888899147
arabica_VITORIA DA CONQUISTA,5,E1_own,RandomForest,2010,1478,225,6.749498288072728,1.697198074315307,2.5537752106180123,3.081277705701018
arabica_VITORIA DA CONQUISTA,5,E1_own,LightGBM,2010,1478,225,291.724187176133,683.9358803246173,2.883794064903963,3.651653143336704
arabica_VITORIA DA CONQUISTA,5,E1_own,XGBoost,2010,1478,225,477.8522726726235,1129.6597044922703,2.5456431964887765,3.130549829347697
arabica_VITORIA DA CONQUISTA,5,E1_own,RandomForest,2011,1703,75,5.637726892597246,2.0407700991771485,2.4658074200275486,2.892197395033224
arabica_VITORIA DA CONQUISTA,5,E1_own,LightGBM,2011,1703,75,7.533322550088178,5.562925472683832,2.495059294783461,3.038440322291794
arabica_VITORIA DA CONQUISTA,5,E1_own,XGBoost,2011,1703,75,6.603637653266175,3.916737402598092,3.753253101489461,5.75239730836136
arabica_VITORIA DA CONQUISTA,5,E1_own,RandomForest,2012,1778,188,7.315691989839148,0.2501844620472685,2.0586359075149487,2.354001281240224
arabica_VITORIA DA CONQUISTA,5,E1_own,LightGBM,2012,1778,188,7.284770024295733,0.6354482829223038,2.258489888810704,2.9440177110556585
arabica_VITORIA DA CONQUISTA,5,E1_own,XGBoost,2012,1778,188,7.327707998150757,0.6547334889489755,2.051058339773828,2.33858251525655
arabica_VITORIA DA CONQUISTA,5,E1_own,RandomForest,2013,1966,179,24.644031848005127,35.38254911306169,5.103031902036087,14.307964837422643
arabica_VITORIA DA CONQUISTA,5,E1_own,LightGBM,2013,1966,179,4007.212799869425,6956.666121424391,5.028148412915681,14.0993813512044
arabica_VITORIA DA CONQUISTA,5,E1_own,XGBoost,2013,1966,179,36.90749793616937,56.77915356147089,5.238808968651397,14.330164488483154
arabica_VITORIA DA CONQUISTA,5,E1_own,RandomForest,2014,2145,113,14.084258794855016,16.874447122455287,5.753495746970359,11.653594368013094
arabica_VITORIA DA CONQUISTA,5,E1_own,LightGBM,2014,2145,113,13.650084783431314,16.480471970722,6.194764662784601,11.84823609772036
arabica_VITORIA DA CONQUISTA,5,E1_own,XGBoost,2014,2145,113,19.12299467709976,26.22546497066857,5.925067674513175,11.885921998605191
arabica_VITORIA DA CONQUISTA,5,E1_own,RandomForest,2015,2258,140,21.365071705618085,29.81605383376267,5.716059971258025,10.471164590422116
arabica_VITORIA DA CONQUISTA,5,E1_own,LightGBM,2015,2258,140,39.81948376616752,62.67311256852377,7.0734809407038535,11.863690484346218
arabica_VITORIA DA CONQUISTA,5,E1_own,XGBoost,2015,2258,140,24.12813021897506,34.765657517330034,5.758558196448195,10.5079608105519
arabica_VITORIA DA CONQUISTA,5,E1_own,RandomForest,2016,2398,206,5.874633571443442,3.61775973353644,3.168219897147826,4.783886569410455
arabica_VITORIA DA CONQUISTA,5,E1_own,LightGBM,2016,2398,206,992.084154968744,1486.54651680063,3.565886494318677,5.0852410651823305
arabica_VITORIA DA CONQUISTA,5,E1_own,XGBoost,2016,2398,206,19472.05264327014,29273.95966094137,3.399574789253364,5.289080188193795
arabica_VITORIA DA CONQUISTA,5,E1_own,RandomForest,2017,2604,228,5.701429745837575,0.4731416811759267,2.027153868438193,2.451137493690716
arabica_VITORIA DA CONQUISTA,5,E1_own,LightGBM,2017,2604,228,6.62453885785997,2.252768403960766,2.412814053742032,3.214262229977354
arabica_VITORIA DA CONQUISTA,5,E1_own,XGBoost,2017,2604,228,5.659129052578418,0.6417448043822311,1.9450907332112208,2.437587184244885
arabica_VITORIA DA CONQUISTA,5,E1_own,RandomForest,2018,2832,238,5.6401891553301295,1.5008669165340691,1.5199140711226125,1.8478969027414565
arabica_VITORIA DA CONQUISTA,5,E1_own,LightGBM,2018,2832,238,6.403694032669917,3.1604784811714324,1.549926615854075,1.902310699930784
arabica_VITORIA DA CONQUISTA,5,E1_own,XGBoost,2018,2832,238,6.172879730746166,2.649278655009108,1.6161708731227873,2.618067198531464
arabica_VITORIA DA CONQUISTA,5,E1_own,RandomForest,2019,3070,239,5.803318551437919,1.5603273227951016,2.1941538668493337,2.7377473097370078
arabica_VITORIA DA CONQUISTA,5,E1_own,LightGBM,2019,3070,239,605.1720316894643,1175.869760713441,2.52687434819891,3.41207039901948
arabica_VITORIA DA CONQUISTA,5,E1_own,XGBoost,2019,3070,239,5.912136109952,1.995194081494794,2.477429238759356,3.7972019363920846
arabica_VITORIA DA CONQUISTA,5,E1_own,RandomForest,2020,3309,130,3.2434308530304974,1.400187784571557,2.27479413491592,3.0636077988736514
arabica_VITORIA DA CONQUISTA,5,E1_own,LightGBM,2020,3309,130,6076.27490729748,7592.811133549598,3.241377543386857,4.604815193480575
arabica_VITORIA DA CONQUISTA,5,E1_own,XGBoost,2020,3309,130,4.510496697795617,3.146679405427508,2.6424282785504696,3.551751209618457
arabica_VITORIA DA CONQUISTA,5,E1_own,RandomForest,2021,3439,241,11.521662656647043,11.609233246435648,5.74099748459066,10.42720132485488
arabica_VITORIA DA CONQUISTA,5,E1_own,LightGBM,2021,3439,241,70131.54226404945,79723.51564538959,6.38082320100542,10.904247468881444
arabica_VITORIA DA CONQUISTA,5,E1_own,XGBoost,2021,3439,241,12.796349077889449,13.064660811565906,5.917088093346545,10.852413833332966
arabica_VITORIA DA CONQUISTA,5,E1_own,RandomForest,2022,3680,243,4.148889566910166,3.716858921609124,2.906933095435398,5.053922538508458
arabica_VITORIA DA CONQUISTA,5,E1_own,LightGBM,2022,3680,243,4405.137865893699,4694.289332808626,3.489741858926063,5.5841582551715785
arabica_VITORIA DA CONQUISTA,5,E1_own,XGBoost,2022,3680,243,13242.105545447232,14112.603775875948,3.466848031375114,5.652005598379368
arabica_VITORIA DA CONQUISTA,5,E1_own,RandomForest,2023,3923,241,0.7488801772734216,0.665222265026527,1.610061271680778,2.104670866866825
arabica_VITORIA DA CONQUISTA,5,E1_own,LightGBM,2023,3923,241,1160.7448120040356,1170.3667542260173,2.1106426543681818,3.0750432136845056
arabica_VITORIA DA CONQUISTA,5,E1_own,XGBoost,2023,3923,241,0.8986859964441591,0.8146876138144755,1.8526434437127617,2.800298299578376
arabica_VITORIA DA CONQUISTA,5,E1_own,RandomForest,2024,4164,244,1.6578042200682803,1.4678466405851545,2.238595888803524,3.3697949184025933
arabica_VITORIA DA CONQUISTA,5,E1_own,LightGBM,2024,4164,244,1.723553072849927,1.541832409703744,2.3589678326472447,3.4580608261920767
arabica_VITORIA DA CONQUISTA,5,E1_own,XGBoost,2024,4164,244,1.5322161908575462,1.344909425916769,2.3843983118429914,3.4353826466766058
arabica_VITORIA DA CONQUISTA,5,E1_own,RandomForest,2026,4408,8,0.6122295942762503,0.6122295942762503,2.009366921059061,2.0735422226966063
arabica_VITORIA DA CONQUISTA,5,E1_own,LightGBM,2026,4408,8,0.5286799515014784,0.5286799515014784,1.808705705176904,2.4098024718023887
arabica_VITORIA DA CONQUISTA,5,E1_own,XGBoost,2026,4408,8,0.4051608492986882,0.4051608492986882,1.114903213339168,1.390319317962439
arabica_VITORIA DA CONQUISTA,5,E2_cross_commodity,RandomForest,2004,379,239,6.1186064847022665,0.9706297103574928,6.668846746878519,9.13783061911153
arabica_VITORIA DA CONQUISTA,5,E2_cross_commodity,LightGBM,2004,379,239,6.443672553009553,1.989670212460636,9.217374641773604,14.91695585682141
arabica_VITORIA DA CONQUISTA,5,E2_cross_commodity,XGBoost,2004,379,239,7.648307983282899,3.5408901380562203,10.38113739458917,16.519993483119567
arabica_VITORIA DA CONQUISTA,5,E2_cross_commodity,RandomForest,2005,618,184,11.684199599396516,12.31219707545648,5.376233336253371,8.187700471518255
arabica_VITORIA DA CONQUISTA,5,E2_cross_commodity,LightGBM,2005,618,184,27135.41718653832,52000.32163562928,5.9025658410932405,9.257749010222588
arabica_VITORIA DA CONQUISTA,5,E2_cross_commodity,XGBoost,2005,618,184,603.2371991357495,1146.369138090339,5.911166898891726,9.22973371704343
arabica_VITORIA DA CONQUISTA,5,E2_cross_commodity,RandomForest,2006,802,226,5.848110684519575,0.9282211176066552,2.984853024593605,3.4180191649354312
arabica_VITORIA DA CONQUISTA,5,E2_cross_commodity,LightGBM,2006,802,226,10.617120402296347,10.208503822312885,3.4606548260323,4.271202196110186
arabica_VITORIA DA CONQUISTA,5,E2_cross_commodity,XGBoost,2006,802,226,6.5899504958493935,2.1892541270160946,3.5347031554963766,4.276735435681371
arabica_VITORIA DA CONQUISTA,5,E2_cross_commodity,RandomForest,2007,1028,8,0.5164974634874568,0.5164974634874568,1.9175967003785643,2.0702078410537714
arabica_VITORIA DA CONQUISTA,5,E2_cross_commodity,LightGBM,2007,1028,8,0.4845997773011408,0.4845997773011408,1.924805406776559,2.1302069967909545
arabica_VITORIA DA CONQUISTA,5,E2_cross_commodity,XGBoost,2007,1028,8,0.5507292523424728,0.5507292523424728,2.262055425016856,2.4237172854402327
arabica_VITORIA DA CONQUISTA,5,E2_cross_commodity,RandomForest,2008,1036,213,4.292264703409304,0.7771367021428497,3.092399717326637,3.841087633297569
arabica_VITORIA DA CONQUISTA,5,E2_cross_commodity,LightGBM,2008,1036,213,2038.620998609993,3074.18161368863,3.978850575499401,5.162774243640114
arabica_VITORIA DA CONQUISTA,5,E2_cross_commodity,XGBoost,2008,1036,213,4.765576303290457,1.230546003745602,5.138043009602148,7.333768847109612
arabica_VITORIA DA CONQUISTA,5,E2_cross_commodity,RandomForest,2009,1249,229,5.363592956122029,1.6228115631862212,2.531275192283623,3.1905397088377883
arabica_VITORIA DA CONQUISTA,5,E2_cross_commodity,LightGBM,2009,1249,229,3105.993079688328,5340.646116770477,2.8017199717426755,3.637707586750572
arabica_VITORIA DA CONQUISTA,5,E2_cross_commodity,XGBoost,2009,1249,229,7.335129262140939,5.180088728939582,2.950902755099037,4.00034571787266
arabica_VITORIA DA CONQUISTA,5,E2_cross_commodity,RandomForest,2010,1478,225,6.749327449438296,1.7689923887392605,2.5569907364212057,3.1528892061293656
arabica_VITORIA DA CONQUISTA,5,E2_cross_commodity,LightGBM,2010,1478,225,2237.4755470233968,5341.642405279675,2.959009306478614,3.775279968445952
arabica_VITORIA DA CONQUISTA,5,E2_cross_commodity,XGBoost,2010,1478,225,7.205332133664578,2.960885746747034,2.933484977141656,3.705777433229362
arabica_VITORIA DA CONQUISTA,5,E2_cross_commodity,RandomForest,2011,1703,75,5.421083493484909,1.448509503346574,2.4896548549565503,3.0862819633044363
arabica_VITORIA DA CONQUISTA,5,E2_cross_commodity,LightGBM,2011,1703,75,5.904414509406239,2.453018537841761,2.5191636644872126,3.1849672190770977
arabica_VITORIA DA CONQUISTA,5,E2_cross_commodity,XGBoost,2011,1703,75,5.586227650934749,2.1425389130762524,3.058034446100081,4.01928626285939
arabica_VITORIA DA CONQUISTA,5,E2_cross_commodity,RandomForest,2012,1778,188,7.340839693278453,0.4395056505775024,2.1107162704258533,2.332710883467765
arabica_VITORIA DA CONQUISTA,5,E2_cross_commodity,LightGBM,2012,1778,188,7.5444392302381775,1.5395473958525754,2.3716159542729573,2.8719286641240784
arabica_VITORIA DA CONQUISTA,5,E2_cross_commodity,XGBoost,2012,1778,188,7.413879928756225,0.8933388196791937,2.219779496701511,2.592341422681657
arabica_VITORIA DA CONQUISTA,5,E2_cross_commodity,RandomForest,2013,1966,179,23.181292816155903,32.83722970018202,5.09769421297828,14.288717219500676
arabica_VITORIA DA CONQUISTA,5,E2_cross_commodity,LightGBM,2013,1966,179,473.6115511669761,816.0139675688963,5.163911376944135,14.125814482773103
arabica_VITORIA DA CONQUISTA,5,E2_cross_commodity,XGBoost,2013,1966,179,21.214451560624063,29.650073254657467,5.308329349532031,14.334527342859024
arabica_VITORIA DA CONQUISTA,5,E2_cross_commodity,RandomForest,2014,2145,113,19.17326195074318,26.134834754688896,5.752142304056424,11.855865801607974
arabica_VITORIA DA CONQUISTA,5,E2_cross_commodity,LightGBM,2014,2145,113,23.78141512006276,34.37292314529663,6.259431241404201,11.973432437247848
arabica_VITORIA DA CONQUISTA,5,E2_cross_commodity,XGBoost,2014,2145,113,28.684534703564168,43.2223951822012,6.383204592116471,12.145010960377691
arabica_VITORIA DA CONQUISTA,5,E2_cross_commodity,RandomForest,2015,2258,140,22.667080286453995,32.137860722634954,6.161414307819612,10.726417505614895
arabica_VITORIA DA CONQUISTA,5,E2_cross_commodity,LightGBM,2015,2258,140,2267.5398577962906,4061.3202411485327,7.163517475919371,11.786012977370293
arabica_VITORIA DA CONQUISTA,5,E2_cross_commodity,XGBoost,2015,2258,140,28.0577304479427,42.14337417648967,5.675992621783064,10.355144141444727
arabica_VITORIA DA CONQUISTA,5,E2_cross_commodity,RandomForest,2016,2398,206,6.286698469091934,4.268003142973216,3.145322235344191,4.846895782988309
arabica_VITORIA DA CONQUISTA,5,E2_cross_commodity,LightGBM,2016,2398,206,9523.322777544192,14314.769118850598,3.3495114177049268,4.984237185227796
arabica_VITORIA DA CONQUISTA,5,E2_cross_commodity,XGBoost,2016,2398,206,8.532563878974418,7.6016833470064435,3.354528982278769,5.057218471698505
arabica_VITORIA DA CONQUISTA,5,E2_cross_commodity,RandomForest,2017,2604,228,5.49990895390782,0.3789819222107464,1.7317815796281155,2.0345250902601317
arabica_VITORIA DA CONQUISTA,5,E2_cross_commodity,LightGBM,2017,2604,228,2417.62977922354,5140.440935846102,2.0038243515554197,2.5079088613699514
arabica_VITORIA DA CONQUISTA,5,E2_cross_commodity,XGBoost,2017,2604,228,5.825334736573976,1.249041424598457,1.9463098591714312,2.5166775377629067
arabica_VITORIA DA CONQUISTA,5,E2_cross_commodity,RandomForest,2018,2832,238,5.375730112478283,0.8233652967007679,1.5376554216819838,1.8356924713088507
arabica_VITORIA DA CONQUISTA,5,E2_cross_commodity,LightGBM,2018,2832,238,678.945795499733,1420.0254835129483,1.546206390665121,1.8846689965021717
arabica_VITORIA DA CONQUISTA,5,E2_cross_commodity,XGBoost,2018,2832,238,8.362897568604785,7.600682123054793,1.636707526864888,2.310169454979524
arabica_VITORIA DA CONQUISTA,5,E2_cross_commodity,RandomForest,2019,3070,239,5.887076426011479,1.8018748575012615,2.1555975257098474,2.720349184011685
arabica_VITORIA DA CONQUISTA,5,E2_cross_commodity,LightGBM,2019,3070,239,6.326535087033731,2.897402632433835,2.40660091467886,3.229381463471091
arabica_VITORIA DA CONQUISTA,5,E2_cross_commodity,XGBoost,2019,3070,239,6.9587747720891935,4.161234990891361,2.351702774807971,3.3062039221472137
arabica_VITORIA DA CONQUISTA,5,E2_cross_commodity,RandomForest,2020,3309,130,3.128724048818168,1.262846512163077,2.2073939857401688,2.937860362239048
arabica_VITORIA DA CONQUISTA,5,E2_cross_commodity,LightGBM,2020,3309,130,711.6955087734684,887.286994634004,2.631622310557057,3.637933033108781
arabica_VITORIA DA CONQUISTA,5,E2_cross_commodity,XGBoost,2020,3309,130,4.558404558875732,3.241866926874577,2.901034014502061,4.687814537848444
arabica_VITORIA DA CONQUISTA,5,E2_cross_commodity,RandomForest,2021,3439,241,9.739877616496274,9.5806474402604,5.645831235535703,10.23483196787142
arabica_VITORIA DA CONQUISTA,5,E2_cross_commodity,LightGBM,2021,3439,241,4613.144817311677,5242.744355763972,6.122677102012941,10.678565732283207
arabica_VITORIA DA CONQUISTA,5,E2_cross_commodity,XGBoost,2021,3439,241,22.186546347202565,23.77933399570864,6.104399989607945,11.659062338165716
arabica_VITORIA DA CONQUISTA,5,E2_cross_commodity,RandomForest,2022,3680,243,3.2617154943535938,2.767569082774136,2.7754759956949377,4.93273903487085
arabica_VITORIA DA CONQUISTA,5,E2_cross_commodity,LightGBM,2022,3680,243,776.871204745744,827.3105752677262,3.3867878297497085,5.429183398113856
arabica_VITORIA DA CONQUISTA,5,E2_cross_commodity,XGBoost,2022,3680,243,4.809892683739418,4.43423369324719,3.270472663453092,5.464530794477877
arabica_VITORIA DA CONQUISTA,5,E2_cross_commodity,RandomForest,2023,3923,241,0.7166095286906873,0.6310927006416849,1.5658600051029508,2.046199111883789
arabica_VITORIA DA CONQUISTA,5,E2_cross_commodity,LightGBM,2023,3923,241,1.7855021709811407,1.709870922790491,2.012618836886061,2.6728429139999554
arabica_VITORIA DA CONQUISTA,5,E2_cross_commodity,XGBoost,2023,3923,241,0.8991634264475905,0.8165125790157314,1.9448603736043688,2.665053924162476
arabica_VITORIA DA CONQUISTA,5,E2_cross_commodity,RandomForest,2024,4164,244,1.6652947462270915,1.477369065253608,2.24560874476057,3.486051287733892
arabica_VITORIA DA CONQUISTA,5,E2_cross_commodity,LightGBM,2024,4164,244,1257.7190008001362,1283.8086859563075,2.5231661119904607,3.745330484863276
arabica_VITORIA DA CONQUISTA,5,E2_cross_commodity,XGBoost,2024,4164,244,1.898074947359215,1.7133195326059554,2.3175636022687747,3.451176853102979
arabica_VITORIA DA CONQUISTA,5,E2_cross_commodity,RandomForest,2026,4408,8,1.9338657392319747,1.9338657392319747,8.257653930279304,9.96108770808236
arabica_VITORIA DA CONQUISTA,5,E2_cross_commodity,LightGBM,2026,4408,8,2.318815667998944,2.318815667998944,13.114130983326344,17.409383629740216
arabica_VITORIA DA CONQUISTA,5,E2_cross_commodity,XGBoost,2026,4408,8,1.3209767187423684,1.3209767187423684,4.73420325096162,5.582082585522714
arabica_VITORIA DA CONQUISTA,5,E3_financial,RandomForest,2004,379,239,9.097370459384823,9.122322013532637,2.347052071244048,2.9724367877399662
arabica_VITORIA DA CONQUISTA,5,E3_financial,LightGBM,2004,379,239,23247.86741272298,44090.68004460478,2.4980782944264712,3.3208402740101355
arabica_VITORIA DA CONQUISTA,5,E3_financial,XGBoost,2004,379,239,18772.755958261085,35601.63587773364,2.407045266132648,3.301674453851823
arabica_VITORIA DA CONQUISTA,5,E3_financial,RandomForest,2005,618,184,11.089019508358527,11.605817905974448,4.9808413691473845,7.912048473657692
arabica_VITORIA DA CONQUISTA,5,E3_financial,LightGBM,2005,618,184,11.60518500113134,12.240438676983894,5.429323162711613,8.013382348593048
arabica_VITORIA DA CONQUISTA,5,E3_financial,XGBoost,2005,618,184,2347.685517478964,4489.956469746486,5.215067871134592,7.867435511085201
arabica_VITORIA DA CONQUISTA,5,E3_financial,RandomForest,2006,802,226,6.098953709174687,0.7547814545673635,4.798744599611964,7.692904820557369
arabica_VITORIA DA CONQUISTA,5,E3_financial,LightGBM,2006,802,226,8763.301577008364,17210.704143141174,5.31689596764372,6.605405599031155
arabica_VITORIA DA CONQUISTA,5,E3_financial,XGBoost,2006,802,226,7.625330483298965,3.4087825223891657,6.028763584404176,8.13323125905693
arabica_VITORIA DA CONQUISTA,5,E3_financial,RandomForest,2007,1028,8,1.7952408318929278,1.7952408318929278,1.9014000349508604,2.653736514724353
arabica_VITORIA DA CONQUISTA,5,E3_financial,LightGBM,2007,1028,8,6608.469021659757,6608.469021659757,2.552719465513265,2.820637778902077
arabica_VITORIA DA CONQUISTA,5,E3_financial,XGBoost,2007,1028,8,7.442424936243838,7.442424936243838,2.092228154855484,2.648013603636243
arabica_VITORIA DA CONQUISTA,5,E3_financial,RandomForest,2008,1036,213,4.711375313352417,1.1794758774918592,5.790796101151784,11.42052307864553
arabica_VITORIA DA CONQUISTA,5,E3_financial,LightGBM,2008,1036,213,4310.708755741308,6505.886529146372,11.468046687223254,20.78949605240131
arabica_VITORIA DA CONQUISTA,5,E3_financial,XGBoost,2008,1036,213,5.024672915206163,1.927079334178193,6.325555766848612,16.00826651178015
arabica_VITORIA DA CONQUISTA,5,E3_financial,RandomForest,2009,1249,229,4.933442505920471,0.81698537942275,2.334600358509844,2.962448318033298
arabica_VITORIA DA CONQUISTA,5,E3_financial,LightGBM,2009,1249,229,1448.5110959428298,2485.919559846129,3.210721953416659,3.868573590327529
arabica_VITORIA DA CONQUISTA,5,E3_financial,XGBoost,2009,1249,229,5.065714408640009,0.8186073641078409,2.709656503350237,3.3621619443804343
arabica_VITORIA DA CONQUISTA,5,E3_financial,RandomForest,2010,1478,225,6.637742664758302,1.626968592796087,2.3671417232182845,2.7850864351815683
arabica_VITORIA DA CONQUISTA,5,E3_financial,LightGBM,2010,1478,225,8.035295807565214,4.210327656168799,3.057869033602838,3.5292958687266034
arabica_VITORIA DA CONQUISTA,5,E3_financial,XGBoost,2010,1478,225,7.053618095793362,2.0228945405845,2.869760324687108,3.2721071883360184
arabica_VITORIA DA CONQUISTA,5,E3_financial,RandomForest,2011,1703,75,5.6416425083550426,2.418725244580282,2.5157177139203784,2.9596123887906045
arabica_VITORIA DA CONQUISTA,5,E3_financial,LightGBM,2011,1703,75,6.15503589312018,3.3605237571104034,2.5446205917047826,3.029853477325695
arabica_VITORIA DA CONQUISTA,5,E3_financial,XGBoost,2011,1703,75,7.474193346297762,5.763014021498267,2.618828042060702,3.205564381734585
arabica_VITORIA DA CONQUISTA,5,E3_financial,RandomForest,2012,1778,188,7.612005162058765,0.3939540255234532,2.474729280215869,2.711515171111147
arabica_VITORIA DA CONQUISTA,5,E3_financial,LightGBM,2012,1778,188,8.786989031236125,3.335658868852076,3.226012023357077,3.561220459395419
arabica_VITORIA DA CONQUISTA,5,E3_financial,XGBoost,2012,1778,188,8.57697635750256,1.3848487327683583,4.145353299121129,4.496158360400865
arabica_VITORIA DA CONQUISTA,5,E3_financial,RandomForest,2013,1966,179,40.775656926678565,63.80309837638882,4.889305506599843,14.432870416722288
arabica_VITORIA DA CONQUISTA,5,E3_financial,LightGBM,2013,1966,179,4707.583706650483,8174.333093266688,5.473643659193791,14.564179306497229
arabica_VITORIA DA CONQUISTA,5,E3_financial,XGBoost,2013,1966,179,58.69292221889242,95.45592197032636,5.15030773603253,14.539335620558392
arabica_VITORIA DA CONQUISTA,5,E3_financial,RandomForest,2014,2145,113,26.48536461712856,40.01572266407256,5.206153808246395,11.869433045731506
arabica_VITORIA DA CONQUISTA,5,E3_financial,LightGBM,2014,2145,113,27.136729910096893,41.19968975507997,5.40741089759831,11.855015088865846
arabica_VITORIA DA CONQUISTA,5,E3_financial,XGBoost,2014,2145,113,18.9621167857173,26.37495214491577,5.212864302398544,11.713783087290649
arabica_VITORIA DA CONQUISTA,5,E3_financial,RandomForest,2015,2258,140,32.349894952220744,49.86353802483311,5.543773507701284,10.543434817326542
arabica_VITORIA DA CONQUISTA,5,E3_financial,LightGBM,2015,2258,140,237652.19602602816,426548.5766295348,6.150553081664957,11.460982992726953
arabica_VITORIA DA CONQUISTA,5,E3_financial,XGBoost,2015,2258,140,54.07856659346327,89.65609022523607,5.079085167112286,10.364442714210758
arabica_VITORIA DA CONQUISTA,5,E3_financial,RandomForest,2016,2398,206,7.46059046056993,6.12989043172105,3.078790423250376,4.85552076119751
arabica_VITORIA DA CONQUISTA,5,E3_financial,LightGBM,2016,2398,206,33403.826305365794,50222.494675937865,3.772308974344224,5.659118081323525
arabica_VITORIA DA CONQUISTA,5,E3_financial,XGBoost,2016,2398,206,2966.188706580665,4454.601506912169,3.810363796812184,5.4594605516409285
arabica_VITORIA DA CONQUISTA,5,E3_financial,RandomForest,2017,2604,228,5.954022392421997,0.7723709778785754,2.641381575892884,3.170100836097873
arabica_VITORIA DA CONQUISTA,5,E3_financial,LightGBM,2017,2604,228,7.263861433290687,1.963354993931138,7.194157046562733,9.281088490370726
arabica_VITORIA DA CONQUISTA,5,E3_financial,XGBoost,2017,2604,228,7.131157504373066,1.9354444938852025,6.444977363574369,7.961646790791629
arabica_VITORIA DA CONQUISTA,5,E3_financial,RandomForest,2018,2832,238,5.342737420920978,1.0232973840297002,1.4330639457035623,1.6336974776142723
arabica_VITORIA DA CONQUISTA,5,E3_financial,LightGBM,2018,2832,238,479.6797025159984,1000.50493811615,1.5219002997449955,1.906207036301168
arabica_VITORIA DA CONQUISTA,5,E3_financial,XGBoost,2018,2832,238,6.113636039008205,2.792432524469943,1.4197345159951376,1.73636099676091
arabica_VITORIA DA CONQUISTA,5,E3_financial,RandomForest,2019,3070,239,6.697205789672571,3.913224141509862,1.983183129884972,2.5404280825713514
arabica_VITORIA DA CONQUISTA,5,E3_financial,LightGBM,2019,3070,239,10.616439555968176,11.917198268031516,2.392732806466344,3.721923452051001
arabica_VITORIA DA CONQUISTA,5,E3_financial,XGBoost,2019,3070,239,9.193971750373512,9.034904638208458,2.188615554853868,3.2540579573470696
arabica_VITORIA DA CONQUISTA,5,E3_financial,RandomForest,2020,3309,130,3.147777240910363,0.977034865250246,3.75579610496446,4.509814085246039
arabica_VITORIA DA CONQUISTA,5,E3_financial,LightGBM,2020,3309,130,3.211897267469641,1.0610414092003095,4.600603340587334,5.9172532142633925
arabica_VITORIA DA CONQUISTA,5,E3_financial,XGBoost,2020,3309,130,3.709350698999607,1.5808981428670967,6.392853821587402,7.979363349371989
arabica_VITORIA DA CONQUISTA,5,E3_financial,RandomForest,2021,3439,241,10.83746893015821,10.851534726093996,5.677602134462571,10.390656950018824
arabica_VITORIA DA CONQUISTA,5,E3_financial,LightGBM,2021,3439,241,104056.89153136215,118289.80077915438,6.225426682642488,11.090628902722628
arabica_VITORIA DA CONQUISTA,5,E3_financial,XGBoost,2021,3439,241,40.66168111795983,44.75062918579472,5.98153710554013,10.798016457340564
arabica_VITORIA DA CONQUISTA,5,E3_financial,RandomForest,2022,3680,243,5.076311773103417,4.713009129942123,3.057475505707396,5.268003786409527
arabica_VITORIA DA CONQUISTA,5,E3_financial,LightGBM,2022,3680,243,13.425230989936098,13.70305532276012,3.1197289955642047,5.429190409910829
arabica_VITORIA DA CONQUISTA,5,E3_financial,XGBoost,2022,3680,243,6.751360066508475,6.538642454036324,3.1859954638280104,5.505713442388195
arabica_VITORIA DA CONQUISTA,5,E3_financial,RandomForest,2023,3923,241,0.6957742945371628,0.6122361987919541,1.554351098282421,2.008243544918435
arabica_VITORIA DA CONQUISTA,5,E3_financial,LightGBM,2023,3923,241,0.9621295851935922,0.8717012391966109,2.878000918753239,3.6284751867018734
arabica_VITORIA DA CONQUISTA,5,E3_financial,XGBoost,2023,3923,241,0.9455731171845017,0.8544328913456406,2.519257365873198,2.966979922611301
arabica_VITORIA DA CONQUISTA,5,E3_financial,RandomForest,2024,4164,244,1.602184574274661,1.4135299571079234,2.216755135595605,3.369224592374031
arabica_VITORIA DA CONQUISTA,5,E3_financial,LightGBM,2024,4164,244,8.169579312247013,8.12197838434864,2.427230115812514,3.629524074350374
arabica_VITORIA DA CONQUISTA,5,E3_financial,XGBoost,2024,4164,244,1.3528663803755223,1.154577910355576,2.1234130112508565,3.242617376631945
arabica_VITORIA DA CONQUISTA,5,E3_financial,RandomForest,2026,4408,8,0.5499798922278205,0.5499798922278205,1.7690759565385152,1.8453722891838409
arabica_VITORIA DA CONQUISTA,5,E3_financial,LightGBM,2026,4408,8,0.2710196225655548,0.2710196225655548,0.9518147785715356,1.1352565171541853
arabica_VITORIA DA CONQUISTA,5,E3_financial,XGBoost,2026,4408,8,0.6042923564551335,0.6042923564551335,1.920988367753345,2.0286149702702367
arabica_VITORIA DA CONQUISTA,5,E4_full,RandomForest,2004,379,239,6.784644106121906,4.238441889976108,2.321598616753238,2.8723453800247043
arabica_VITORIA DA CONQUISTA,5,E4_full,LightGBM,2004,379,239,20254.15576447981,38411.23890079026,2.612194946789771,3.411976084640422
arabica_VITORIA DA CONQUISTA,5,E4_full,XGBoost,2004,379,239,4217.029535839706,7991.200284617312,2.46520072485522,3.1807214813783986
arabica_VITORIA DA CONQUISTA,5,E4_full,RandomForest,2005,618,184,11.474138119495402,12.401734679443344,4.8841047001999245,7.907279146686896
arabica_VITORIA DA CONQUISTA,5,E4_full,LightGBM,2005,618,184,13.17005592200722,15.45847603420254,5.228412102219432,7.829775769494588
arabica_VITORIA DA CONQUISTA,5,E4_full,XGBoost,2005,618,184,13.75098800769998,16.53369715203853,5.278087685660664,7.856004469154922
arabica_VITORIA DA CONQUISTA,5,E4_full,RandomForest,2006,802,226,6.133768892548182,0.8230853149545728,4.772513144960246,7.609070942136755
arabica_VITORIA DA CONQUISTA,5,E4_full,LightGBM,2006,802,226,1234.3029038124355,2414.628669242821,4.579077629036005,5.761582076996195
arabica_VITORIA DA CONQUISTA,5,E4_full,XGBoost,2006,802,226,7.414730230337623,3.087966103306851,6.261220512766955,10.514715813865037
arabica_VITORIA DA CONQUISTA,5,E4_full,RandomForest,2007,1028,8,1.3802593169711637,1.3802593169711637,1.79843509878312,2.5016547463550407
arabica_VITORIA DA CONQUISTA,5,E4_full,LightGBM,2007,1028,8,6607.891599707959,6607.891599707959,2.2900553686166027,2.824464878085104
arabica_VITORIA DA CONQUISTA,5,E4_full,XGBoost,2007,1028,8,3.9909528661401374,3.9909528661401374,1.9330746114427984,2.586457108010332
arabica_VITORIA DA CONQUISTA,5,E4_full,RandomForest,2008,1036,213,4.621813043340778,1.0878355424441255,5.675057882222741,11.39449633910999
arabica_VITORIA DA CONQUISTA,5,E4_full,LightGBM,2008,1036,213,86.44977158195042,124.6250165859798,11.316571232521838,20.742850659025105
arabica_VITORIA DA CONQUISTA,5,E4_full,XGBoost,2008,1036,213,5.23736969181672,2.2052372714169124,6.072396932565194,15.804866992364888
arabica_VITORIA DA CONQUISTA,5,E4_full,RandomForest,2009,1249,229,4.986022081777682,0.9158813011686922,2.372436904816392,2.993388292477849
arabica_VITORIA DA CONQUISTA,5,E4_full,LightGBM,2009,1249,229,5.035647749159364,0.725679893169367,2.712620514053999,3.4218359572217243
arabica_VITORIA DA CONQUISTA,5,E4_full,XGBoost,2009,1249,229,5.159577710178204,0.9282511610169444,2.8093510478746517,3.4328807344375125
arabica_VITORIA DA CONQUISTA,5,E4_full,RandomForest,2010,1478,225,6.692392456174445,1.9993315487811611,2.287162391883852,2.807291920232612
arabica_VITORIA DA CONQUISTA,5,E4_full,LightGBM,2010,1478,225,6.914877658500435,1.87333441928941,2.890764867095046,3.467131357413784
arabica_VITORIA DA CONQUISTA,5,E4_full,XGBoost,2010,1478,225,7.000783406268499,2.2559122366346607,2.681901441824292,3.259841254090696
arabica_VITORIA DA CONQUISTA,5,E4_full,RandomForest,2011,1703,75,6.516314930546157,4.0333903029796,2.615265075000599,3.172234585762624
arabica_VITORIA DA CONQUISTA,5,E4_full,LightGBM,2011,1703,75,9.419633464061889,9.24094551964288,2.6512070455684507,3.33253521437047
arabica_VITORIA DA CONQUISTA,5,E4_full,XGBoost,2011,1703,75,8.57366864829102,7.657682022636565,2.6806592307381254,3.3307461609003863
arabica_VITORIA DA CONQUISTA,5,E4_full,RandomForest,2012,1778,188,7.624917425311693,0.3168622362373761,2.4806521526650376,2.713572851844172
arabica_VITORIA DA CONQUISTA,5,E4_full,LightGBM,2012,1778,188,8.680145904845789,3.617595664858375,2.9599358146424444,3.3080017538692843
arabica_VITORIA DA CONQUISTA,5,E4_full,XGBoost,2012,1778,188,8.22945779185194,1.347999024808885,3.3340281864387458,3.763076101824343
arabica_VITORIA DA CONQUISTA,5,E4_full,RandomForest,2013,1966,179,42.1376579723218,66.18894250472275,4.995508387215745,14.472254686083533
arabica_VITORIA DA CONQUISTA,5,E4_full,LightGBM,2013,1966,179,11596.318569016385,20147.133524534984,5.171046137553401,14.678232997512223
arabica_VITORIA DA CONQUISTA,5,E4_full,XGBoost,2013,1966,179,1921.5920835617133,3334.0350689451266,4.941746760681407,14.658097383720502
arabica_VITORIA DA CONQUISTA,5,E4_full,RandomForest,2014,2145,113,23.18262098427664,33.88020218664049,5.29137352735815,11.813027059709428
arabica_VITORIA DA CONQUISTA,5,E4_full,LightGBM,2014,2145,113,27.137083676378506,41.03909192800669,5.497386311386899,11.635737109826607
arabica_VITORIA DA CONQUISTA,5,E4_full,XGBoost,2014,2145,113,19.513754918603983,27.207813615024307,5.341705948885767,11.685520587247025
arabica_VITORIA DA CONQUISTA,5,E4_full,RandomForest,2015,2258,140,30.02963150264574,45.58924219656667,6.022553822144159,10.806833053460116
arabica_VITORIA DA CONQUISTA,5,E4_full,LightGBM,2015,2258,140,14361.765403871212,25770.596714525465,6.109027321667591,11.188288063225484
arabica_VITORIA DA CONQUISTA,5,E4_full,XGBoost,2015,2258,140,40.51465230072434,65.10205858248025,5.302340321606009,10.408509930156212
arabica_VITORIA DA CONQUISTA,5,E4_full,RandomForest,2016,2398,206,7.812867112552864,6.677996606866865,3.081649265878803,4.908240872667422
arabica_VITORIA DA CONQUISTA,5,E4_full,LightGBM,2016,2398,206,534.4039014310982,798.3896591151879,3.5799489364790187,5.500857493164684
arabica_VITORIA DA CONQUISTA,5,E4_full,XGBoost,2016,2398,206,587.0533189167402,877.5355343818824,3.264091189162792,5.182236712997145
arabica_VITORIA DA CONQUISTA,5,E4_full,RandomForest,2017,2604,228,5.86376286292015,0.7277723184372351,2.4861890264367976,3.2363390714704234
arabica_VITORIA DA CONQUISTA,5,E4_full,LightGBM,2017,2604,228,8.520803826094603,4.507757218180133,8.298513698990579,10.52779662966838
arabica_VITORIA DA CONQUISTA,5,E4_full,XGBoost,2017,2604,228,7.116629512983047,2.028978223047734,5.7909110372851,6.911173055658761
arabica_VITORIA DA CONQUISTA,5,E4_full,RandomForest,2018,2832,238,5.368595935938815,0.8949824874890646,1.561073928680791,1.960673045549068
arabica_VITORIA DA CONQUISTA,5,E4_full,LightGBM,2018,2832,238,7.72181873626927,6.320593120948282,1.5855867066221891,1.947792265680921
arabica_VITORIA DA CONQUISTA,5,E4_full,XGBoost,2018,2832,238,6.642829351221228,3.623884840885651,1.6109029574502538,2.067578396231804
arabica_VITORIA DA CONQUISTA,5,E4_full,RandomForest,2019,3070,239,6.501559859458152,3.4575428122992298,2.0104016165141583,2.5418527286198627
arabica_VITORIA DA CONQUISTA,5,E4_full,LightGBM,2019,3070,239,65.37121199035491,119.13733143699956,2.2386371972986496,3.101712123852658
arabica_VITORIA DA CONQUISTA,5,E4_full,XGBoost,2019,3070,239,13.065426764188372,16.724108247419007,2.023756427649173,2.7626130874126607
arabica_VITORIA DA CONQUISTA,5,E4_full,RandomForest,2020,3309,130,3.19251352841456,1.0445375699513244,3.879253369465002,4.575662956536244
arabica_VITORIA DA CONQUISTA,5,E4_full,LightGBM,2020,3309,130,3.7609267337188648,1.813627895479003,4.66886351862195,6.055374116678543
arabica_VITORIA DA CONQUISTA,5,E4_full,XGBoost,2020,3309,130,3.740634192035856,1.5495987744851336,7.619288092366341,9.337808941430817
arabica_VITORIA DA CONQUISTA,5,E4_full,RandomForest,2021,3439,241,9.790790688370302,9.657208691021417,5.57417053699956,10.231341991433634
arabica_VITORIA DA CONQUISTA,5,E4_full,LightGBM,2021,3439,241,1823.6635194292928,2071.6264603634554,5.662713400609966,10.190919652177978
arabica_VITORIA DA CONQUISTA,5,E4_full,XGBoost,2021,3439,241,16.690189142744817,17.44135543352831,5.937235030556843,10.469847768943897
arabica_VITORIA DA CONQUISTA,5,E4_full,RandomForest,2022,3680,243,4.739986360014527,4.35593071339504,2.9630915761178813,5.157988205626256
arabica_VITORIA DA CONQUISTA,5,E4_full,LightGBM,2022,3680,243,74.52043277614912,78.79744995558798,3.1478548334328518,5.359886956049466
arabica_VITORIA DA CONQUISTA,5,E4_full,XGBoost,2022,3680,243,5.46008518303059,5.1607582273317085,3.128190217163423,5.298373340575914
arabica_VITORIA DA CONQUISTA,5,E4_full,RandomForest,2023,3923,241,0.6806044070886387,0.5969562609431983,1.5052204167296594,1.97348288471004
arabica_VITORIA DA CONQUISTA,5,E4_full,LightGBM,2023,3923,241,0.6995354935938417,0.6120618909642351,2.2379752041050054,2.841824871613792
arabica_VITORIA DA CONQUISTA,5,E4_full,XGBoost,2023,3923,241,0.7200086380759558,0.6320153898435457,2.0524135256540306,2.6334559919273266
arabica_VITORIA DA CONQUISTA,5,E4_full,RandomForest,2024,4164,244,1.595250647067752,1.4069116168298044,2.2219044036837934,3.3882909503639977
arabica_VITORIA DA CONQUISTA,5,E4_full,LightGBM,2024,4164,244,2.7809694705114474,2.6107970329013024,2.290862468122916,3.519465750093879
arabica_VITORIA DA CONQUISTA,5,E4_full,XGBoost,2024,4164,244,1.6657603232270846,1.4776373521696324,2.155732073572766,3.3241808449744394
arabica_VITORIA DA CONQUISTA,5,E4_full,RandomForest,2026,4408,8,1.5175172105638075,1.5175172105638075,5.59590686215599,6.573460089832554
arabica_VITORIA DA CONQUISTA,5,E4_full,LightGBM,2026,4408,8,2.1199329821078727,2.1199329821078727,10.670905041715883,13.861706983282714
arabica_VITORIA DA CONQUISTA,5,E4_full,XGBoost,2026,4408,8,0.9653472462345482,0.9653472462345482,3.1704188142411125,3.4957960528656398
arabica_VITORIA DA CONQUISTA,20,E1_own,RandomForest,2004,364,239,1.8750259880280764,1.0622482960607085,10.740500561199974,16.531311955971358
arabica_VITORIA DA CONQUISTA,20,E1_own,LightGBM,2004,364,239,2.165236027127127,1.3432324989811966,13.39072320187003,19.96716733812941
arabica_VITORIA DA CONQUISTA,20,E1_own,XGBoost,2004,364,239,2.126495147081828,1.4179305652181016,16.44445277405491,26.63123896134013
arabica_VITORIA DA CONQUISTA,20,E1_own,RandomForest,2005,603,184,4.647059968024849,3.997975056929689,9.079608019852753,12.267960397671668
arabica_VITORIA DA CONQUISTA,20,E1_own,LightGBM,2005,603,184,9050.931549894414,9853.210826679517,9.59499770583473,12.719440902867472
arabica_VITORIA DA CONQUISTA,20,E1_own,XGBoost,2005,603,184,5.010896822744167,4.405554007163505,8.971589721793343,11.93964046913941
arabica_VITORIA DA CONQUISTA,20,E1_own,RandomForest,2006,787,226,3.8606181222080815,0.5828005428149957,6.337317249098906,7.861003430457871
arabica_VITORIA DA CONQUISTA,20,E1_own,LightGBM,2006,787,226,4.118149668611665,0.9387901947848252,7.227278819638204,9.00850030871908
arabica_VITORIA DA CONQUISTA,20,E1_own,XGBoost,2006,787,226,3.901676598152001,0.5939040861996779,6.791959324396368,8.929434498930092
arabica_VITORIA DA CONQUISTA,20,E1_own,RandomForest,2007,1013,8,0.1159378179470009,0.1159378179470009,2.079214002934763,2.67960040001961
arabica_VITORIA DA CONQUISTA,20,E1_own,LightGBM,2007,1013,8,0.1364519472206974,0.1364519472206974,3.329166139209849,4.128828021346823
arabica_VITORIA DA CONQUISTA,20,E1_own,XGBoost,2007,1013,8,0.0818547408926047,0.0818547408926047,2.1930608250570764,2.608345983614256
arabica_VITORIA DA CONQUISTA,20,E1_own,RandomForest,2008,1021,213,0.7406313146152629,0.5106759579836678,3.8980086116648303,4.598523964281142
arabica_VITORIA DA CONQUISTA,20,E1_own,LightGBM,2008,1021,213,0.8429191469716447,0.614136169499887,4.824201138438043,6.230164641738154
arabica_VITORIA DA CONQUISTA,20,E1_own,XGBoost,2008,1021,213,0.9005570628125938,0.6749570542273744,5.792837965279168,10.581149780815476
arabica_VITORIA DA CONQUISTA,20,E1_own,RandomForest,2009,1234,229,0.4849272688458309,0.4849272688458309,3.3365969618421176,4.030205513799657
arabica_VITORIA DA CONQUISTA,20,E1_own,LightGBM,2009,1234,229,0.4977078456296908,0.4977078456296908,3.337443423133559,4.448049841692414
arabica_VITORIA DA CONQUISTA,20,E1_own,XGBoost,2009,1234,229,0.5045741699124462,0.5045741699124462,3.5788317640252765,6.1719630502629945
arabica_VITORIA DA CONQUISTA,20,E1_own,RandomForest,2010,1463,225,3.442288847633901,0.7210942090810447,5.396147433383588,8.781964497350494
arabica_VITORIA DA CONQUISTA,20,E1_own,LightGBM,2010,1463,225,3.527489960311448,0.8392674385695953,5.421357366183636,9.181637386591635
arabica_VITORIA DA CONQUISTA,20,E1_own,XGBoost,2010,1463,225,3.4819920369517714,0.7890775988528063,5.445598705057079,9.160786448626382
arabica_VITORIA DA CONQUISTA,20,E1_own,RandomForest,2011,1688,75,1.2183325711533124,0.5990604596317133,5.5540105810282165,13.282284222650194
arabica_VITORIA DA CONQUISTA,20,E1_own,LightGBM,2011,1688,75,1.3294595145132324,0.712465421474149,6.508206210852339,14.746311740326902
arabica_VITORIA DA CONQUISTA,20,E1_own,XGBoost,2011,1688,75,1.2649080666870058,0.6479754199405466,6.071299285077635,13.996389265448874
arabica_VITORIA DA CONQUISTA,20,E1_own,RandomForest,2012,1763,188,4.660547897155648,0.4323522352225875,3.9034034603702055,4.605979345080427
arabica_VITORIA DA CONQUISTA,20,E1_own,LightGBM,2012,1763,188,4.623469905279298,0.466631959217052,3.865763494896272,4.606128874649193
arabica_VITORIA DA CONQUISTA,20,E1_own,XGBoost,2012,1763,188,4.608684052649414,0.4280938636663506,3.78342314667845,4.566569075870477
arabica_VITORIA DA CONQUISTA,20,E1_own,RandomForest,2013,1951,179,54.80950836737664,63.36907391626978,13.642257758504398,27.977707738195218
arabica_VITORIA DA CONQUISTA,20,E1_own,LightGBM,2013,1951,179,52.058079060835794,60.06233432085875,13.91920719528492,28.14864294969241
arabica_VITORIA DA CONQUISTA,20,E1_own,XGBoost,2013,1951,179,41.8475946596826,47.795319275890606,13.929383931768932,28.036479836478744
arabica_VITORIA DA CONQUISTA,20,E1_own,RandomForest,2014,2130,113,8.452815590056835,8.452815590056835,12.925041688878782,20.801952745238506
arabica_VITORIA DA CONQUISTA,20,E1_own,LightGBM,2014,2130,113,7.814507309710808,7.814507309710808,13.150478718836604,20.551708165808748
arabica_VITORIA DA CONQUISTA,20,E1_own,XGBoost,2014,2130,113,8.905595407006448,8.905595407006448,12.622402764196888,20.733436482918517
arabica_VITORIA DA CONQUISTA,20,E1_own,RandomForest,2015,2243,140,7.608046522647596,7.125339855133216,11.77739256559415,17.207983645174426
arabica_VITORIA DA CONQUISTA,20,E1_own,LightGBM,2015,2243,140,7.430212235505245,6.794285186996925,12.497733012662229,17.770564096131697
arabica_VITORIA DA CONQUISTA,20,E1_own,XGBoost,2015,2243,140,8.122190359516944,7.702605484432297,11.744885131841905,17.251767633059725
arabica_VITORIA DA CONQUISTA,20,E1_own,RandomForest,2016,2383,206,2.2249948119576723,2.1254867806048043,5.213814162970544,7.976752379480121
arabica_VITORIA DA CONQUISTA,20,E1_own,LightGBM,2016,2383,206,3875.529614288856,3913.408342986105,5.431075851413761,7.912980324774597
arabica_VITORIA DA CONQUISTA,20,E1_own,XGBoost,2016,2383,206,3867.7694354930554,3905.5703018579097,5.176560907358868,7.757036254003746
arabica_VITORIA DA CONQUISTA,20,E1_own,RandomForest,2017,2589,228,2.246618719695036,1.863060624702832,9.271509641932214,12.071399267107363
arabica_VITORIA DA CONQUISTA,20,E1_own,LightGBM,2017,2589,228,2.7011563337841658,2.3273513569466675,14.970080366554496,20.93844640127725
arabica_VITORIA DA CONQUISTA,20,E1_own,XGBoost,2017,2589,228,2.353733625004639,2.017470030159788,11.5660995826513,17.62520682459413
arabica_VITORIA DA CONQUISTA,20,E1_own,RandomForest,2018,2817,238,2.0910937154478058,0.7950191599601611,3.964302838544333,5.526857458054831
arabica_VITORIA DA CONQUISTA,20,E1_own,LightGBM,2018,2817,238,2.0599147875685437,0.7361791904172843,3.831288934860614,5.214285552405745
arabica_VITORIA DA CONQUISTA,20,E1_own,XGBoost,2018,2817,238,2.1270996532364226,0.7884265028344107,4.158894588728933,6.277492266659348
arabica_VITORIA DA CONQUISTA,20,E1_own,RandomForest,2019,3055,239,1.3488587558773488,0.3604199969029704,3.008353443619388,3.618872085119419
arabica_VITORIA DA CONQUISTA,20,E1_own,LightGBM,2019,3055,239,1.449653389524128,0.5399227853080126,3.918747322617685,5.274594697361068
arabica_VITORIA DA CONQUISTA,20,E1_own,XGBoost,2019,3055,239,1.311885295431363,0.3438669597724264,3.029859580619142,3.69877153972781
arabica_VITORIA DA CONQUISTA,20,E1_own,RandomForest,2020,3294,130,0.2981513664601667,0.2981513664601667,3.2490679474617754,4.069859325676572
arabica_VITORIA DA CONQUISTA,20,E1_own,LightGBM,2020,3294,130,4049.3286630728167,4049.3286630728167,5.515060187914584,7.034015345951968
arabica_VITORIA DA CONQUISTA,20,E1_own,XGBoost,2020,3294,130,1.0688665112132978,1.0688665112132978,4.6739182575154965,5.914779016864134
arabica_VITORIA DA CONQUISTA,20,E1_own,RandomForest,2021,3424,241,4.550203985920451,4.550203985920451,10.41932440070116,18.22150168762056
arabica_VITORIA DA CONQUISTA,20,E1_own,LightGBM,2021,3424,241,10.53432929015092,10.53432929015092,11.789849543219772,19.605967826719898
arabica_VITORIA DA CONQUISTA,20,E1_own,XGBoost,2021,3424,241,8.38592869755418,8.38592869755418,11.47539035735309,19.403007017071356
arabica_VITORIA DA CONQUISTA,20,E1_own,RandomForest,2022,3665,243,1.6453412598106936,1.6453412598106936,5.639891458052422,8.678637933667613
arabica_VITORIA DA CONQUISTA,20,E1_own,LightGBM,2022,3665,243,2.163742845338658,2.163742845338658,7.466063596981478,10.569917590871158
arabica_VITORIA DA CONQUISTA,20,E1_own,XGBoost,2022,3665,243,1.862114755727982,1.862114755727982,6.672640892473172,9.34555427824269
arabica_VITORIA DA CONQUISTA,20,E1_own,RandomForest,2023,3908,241,0.2080569228179354,0.2080569228179354,2.2572644577512877,2.9360992199533498
arabica_VITORIA DA CONQUISTA,20,E1_own,LightGBM,2023,3908,241,0.338775427232685,0.338775427232685,3.2781429737245027,4.681746711500681
arabica_VITORIA DA CONQUISTA,20,E1_own,XGBoost,2023,3908,241,0.2971874014932902,0.2971874014932902,3.085920767996805,4.185629107805915
arabica_VITORIA DA CONQUISTA,20,E1_own,RandomForest,2024,4149,237,0.4821487361249168,0.4821487361249168,4.027201803422279,5.147819719028164
arabica_VITORIA DA CONQUISTA,20,E1_own,LightGBM,2024,4149,237,2184.952182399711,2184.952182399711,5.147964440574565,6.899296587014377
arabica_VITORIA DA CONQUISTA,20,E1_own,XGBoost,2024,4149,237,0.6137104556673526,0.6137104556673526,4.34182553858269,5.389431207159096
arabica_VITORIA DA CONQUISTA,20,E2_cross_commodity,RandomForest,2004,364,239,2.0481905247303684,1.266152038950273,12.4773596428752,15.006696071410484
arabica_VITORIA DA CONQUISTA,20,E2_cross_commodity,LightGBM,2004,364,239,1.991104486688316,1.1921045544124094,11.68777430764797,16.792208506899392
arabica_VITORIA DA CONQUISTA,20,E2_cross_commodity,XGBoost,2004,364,239,2.0411093586069318,1.274772064309993,13.111354911785586,17.847887390576233
arabica_VITORIA DA CONQUISTA,20,E2_cross_commodity,RandomForest,2005,603,184,3.919311585963901,3.179044137864389,8.812310195220075,11.810888255193724
arabica_VITORIA DA CONQUISTA,20,E2_cross_commodity,LightGBM,2005,603,184,6.667282318644942,6.176003585559836,8.976991198231122,11.742118468696582
arabica_VITORIA DA CONQUISTA,20,E2_cross_commodity,XGBoost,2005,603,184,5.690992435503561,5.1618664056055215,9.120467917352812,12.112539105796571
arabica_VITORIA DA CONQUISTA,20,E2_cross_commodity,RandomForest,2006,787,226,3.7209526871959415,0.4484001894463059,5.36850787187813,6.36679137233096
arabica_VITORIA DA CONQUISTA,20,E2_cross_commodity,LightGBM,2006,787,226,3.9636953101563375,0.7283633390362034,6.338263897575279,7.641612864513881
arabica_VITORIA DA CONQUISTA,20,E2_cross_commodity,XGBoost,2006,787,226,3.843223205266216,0.5191768577537893,5.842742837346954,7.141290903965811
arabica_VITORIA DA CONQUISTA,20,E2_cross_commodity,RandomForest,2007,1013,8,0.4844674854750554,0.4844674854750554,4.792385213477242,4.881539381398928
arabica_VITORIA DA CONQUISTA,20,E2_cross_commodity,LightGBM,2007,1013,8,0.1618178053547062,0.1618178053547062,3.060600757676021,3.26678643848837
arabica_VITORIA DA CONQUISTA,20,E2_cross_commodity,XGBoost,2007,1013,8,0.15154554526657,0.15154554526657,3.055890782634034,3.1822551787422744
arabica_VITORIA DA CONQUISTA,20,E2_cross_commodity,RandomForest,2008,1021,213,0.8489576061023226,0.6233384634234359,4.778814289797031,5.730331515313379
arabica_VITORIA DA CONQUISTA,20,E2_cross_commodity,LightGBM,2008,1021,213,0.975816274401532,0.7505379262241152,5.672390314349836,6.778136210755488
arabica_VITORIA DA CONQUISTA,20,E2_cross_commodity,XGBoost,2008,1021,213,0.9983224237382764,0.7745616823972178,6.282697113951768,9.60625946978676
arabica_VITORIA DA CONQUISTA,20,E2_cross_commodity,RandomForest,2009,1234,229,0.5803955081354286,0.5803955081354286,3.7598528451344713,4.656264632957672
arabica_VITORIA DA CONQUISTA,20,E2_cross_commodity,LightGBM,2009,1234,229,0.8481392141204773,0.8481392141204773,3.5218276458976945,4.705789504711691
arabica_VITORIA DA CONQUISTA,20,E2_cross_commodity,XGBoost,2009,1234,229,0.6607964308165104,0.6607964308165104,3.954849803019744,6.188451280323609
arabica_VITORIA DA CONQUISTA,20,E2_cross_commodity,RandomForest,2010,1463,225,3.368234133557097,0.7010554883172906,5.083496729424672,8.69330406566925
arabica_VITORIA DA CONQUISTA,20,E2_cross_commodity,LightGBM,2010,1463,225,4.904806025328645,2.7455839687997345,5.280652351254915,8.688321666034401
arabica_VITORIA DA CONQUISTA,20,E2_cross_commodity,XGBoost,2010,1463,225,3.480806250160767,0.837691676526822,5.589235943682918,9.092597125591688
arabica_VITORIA DA CONQUISTA,20,E2_cross_commodity,RandomForest,2011,1688,75,1.1491668714079166,0.5043484436812687,5.583300784860038,12.375681869373189
arabica_VITORIA DA CONQUISTA,20,E2_cross_commodity,LightGBM,2011,1688,75,1.1447679750081174,0.5085687161247087,5.932164030340648,13.738274987723468
arabica_VITORIA DA CONQUISTA,20,E2_cross_commodity,XGBoost,2011,1688,75,1.202998712353383,0.5688892414196367,5.686487266665463,12.279751440336074
arabica_VITORIA DA CONQUISTA,20,E2_cross_commodity,RandomForest,2012,1763,188,4.729702725022833,0.5013611340489535,4.315533269255427,5.565777020260088
arabica_VITORIA DA CONQUISTA,20,E2_cross_commodity,LightGBM,2012,1763,188,5.096294431287443,1.115712996665156,4.361217665385375,5.256120669283793
arabica_VITORIA DA CONQUISTA,20,E2_cross_commodity,XGBoost,2012,1763,188,4.781233869224898,0.6072267295615403,4.438315261578491,5.337124148438018
arabica_VITORIA DA CONQUISTA,20,E2_cross_commodity,RandomForest,2013,1951,179,65.0307852051274,75.71767273319878,13.073586412099266,28.05474238256262
arabica_VITORIA DA CONQUISTA,20,E2_cross_commodity,LightGBM,2013,1951,179,329.3657456417856,393.2600843918482,13.698976469669866,28.42161141491348
arabica_VITORIA DA CONQUISTA,20,E2_cross_commodity,XGBoost,2013,1951,179,61.180263797721096,71.07625120269147,13.654840729572332,28.11593668578644
arabica_VITORIA DA CONQUISTA,20,E2_cross_commodity,RandomForest,2014,2130,113,12.144540286372818,12.144540286372818,12.287347307719076,21.0715080831714
arabica_VITORIA DA CONQUISTA,20,E2_cross_commodity,LightGBM,2014,2130,113,9.795246972817331,9.795246972817331,12.406245824845367,20.56554389287997
arabica_VITORIA DA CONQUISTA,20,E2_cross_commodity,XGBoost,2014,2130,113,9.28971072595129,9.28971072595129,12.581371526605247,20.90835736014269
arabica_VITORIA DA CONQUISTA,20,E2_cross_commodity,RandomForest,2015,2243,140,6.710839947874267,6.148809649111548,12.416298455665014,17.54542891016584
arabica_VITORIA DA CONQUISTA,20,E2_cross_commodity,LightGBM,2015,2243,140,8.798443807070639,8.380202241960653,12.251367933768533,17.196209309033122
arabica_VITORIA DA CONQUISTA,20,E2_cross_commodity,XGBoost,2015,2243,140,5.657461963991125,5.0405932139527465,12.037121295420102,16.988645668585363
arabica_VITORIA DA CONQUISTA,20,E2_cross_commodity,RandomForest,2016,2383,206,1.3462598312727054,1.2355964711296858,5.332548643006739,7.692918637244328
arabica_VITORIA DA CONQUISTA,20,E2_cross_commodity,LightGBM,2016,2383,206,2.5285597086089666,2.435128213927632,5.290899193221782,7.849524326256109
arabica_VITORIA DA CONQUISTA,20,E2_cross_commodity,XGBoost,2016,2383,206,1.761052156167573,1.6589510071991675,5.15247514143786,7.711523038101268
arabica_VITORIA DA CONQUISTA,20,E2_cross_commodity,RandomForest,2017,2589,228,1.6810793071047014,1.3330844680009457,5.637428575947951,6.618095698590125
arabica_VITORIA DA CONQUISTA,20,E2_cross_commodity,LightGBM,2017,2589,228,417.1090201109109,429.8800030396805,9.942473807743514,12.79985066623445
arabica_VITORIA DA CONQUISTA,20,E2_cross_commodity,XGBoost,2017,2589,228,3.3674708376867386,3.048039852744012,8.422386253312743,10.520934997282737
arabica_VITORIA DA CONQUISTA,20,E2_cross_commodity,RandomForest,2018,2817,238,1.994255804195621,0.693504681537238,3.248584283744113,3.875755921066059
arabica_VITORIA DA CONQUISTA,20,E2_cross_commodity,LightGBM,2018,2817,238,3389.999563975956,3859.031205597485,2.800760012140861,3.68058582400948
arabica_VITORIA DA CONQUISTA,20,E2_cross_commodity,XGBoost,2018,2817,238,810.8613932231383,921.9487503736289,2.60077064110081,3.3386151900130225
arabica_VITORIA DA CONQUISTA,20,E2_cross_commodity,RandomForest,2019,3055,239,1.3737322479110434,0.415769996028849,3.0237986619283816,3.834225665189511
arabica_VITORIA DA CONQUISTA,20,E2_cross_commodity,LightGBM,2019,3055,239,3.82091929340646,3.168188546443836,3.161372256807394,3.959531648246424
arabica_VITORIA DA CONQUISTA,20,E2_cross_commodity,XGBoost,2019,3055,239,1.94885495684362,1.111575644768094,2.7069969945073846,3.70563166178389
arabica_VITORIA DA CONQUISTA,20,E2_cross_commodity,RandomForest,2020,3294,130,0.3292157464979687,0.3292157464979687,2.6439645932519755,3.449247093715277
arabica_VITORIA DA CONQUISTA,20,E2_cross_commodity,LightGBM,2020,3294,130,3015.2372810920765,3015.2372810920765,4.52614468997683,5.239249914937366
arabica_VITORIA DA CONQUISTA,20,E2_cross_commodity,XGBoost,2020,3294,130,2.744301985286332,2.744301985286332,4.390752738597214,5.194731047534145
arabica_VITORIA DA CONQUISTA,20,E2_cross_commodity,RandomForest,2021,3424,241,4.386897934048927,4.386897934048927,10.734605406133191,18.04656378787336
arabica_VITORIA DA CONQUISTA,20,E2_cross_commodity,LightGBM,2021,3424,241,82503.48494960042,82503.48494960042,12.080641300658096,20.36460545546501
arabica_VITORIA DA CONQUISTA,20,E2_cross_commodity,XGBoost,2021,3424,241,18.286235163277247,18.286235163277247,11.815332213323796,19.776330472473003
arabica_VITORIA DA CONQUISTA,20,E2_cross_commodity,RandomForest,2022,3665,243,1.475793831863791,1.475793831863791,6.991859733526501,10.150008461137332
arabica_VITORIA DA CONQUISTA,20,E2_cross_commodity,LightGBM,2022,3665,243,2.0383939308723504,2.0383939308723504,8.701360997216238,11.51622634898456
arabica_VITORIA DA CONQUISTA,20,E2_cross_commodity,XGBoost,2022,3665,243,2.020382052415985,2.020382052415985,8.588047696985155,11.27700583798456
arabica_VITORIA DA CONQUISTA,20,E2_cross_commodity,RandomForest,2023,3908,241,0.2227150758175741,0.2227150758175741,2.529740305351629,3.159228058261525
arabica_VITORIA DA CONQUISTA,20,E2_cross_commodity,LightGBM,2023,3908,241,0.3848853947197623,0.3848853947197623,3.2868287946984256,4.401167302214998
arabica_VITORIA DA CONQUISTA,20,E2_cross_commodity,XGBoost,2023,3908,241,0.3331850882730817,0.3331850882730817,3.3832871743299364,5.392302360104988
arabica_VITORIA DA CONQUISTA,20,E2_cross_commodity,RandomForest,2024,4149,237,0.4997453505663943,0.4997453505663943,3.8904345099921818,4.7866866793621945
arabica_VITORIA DA CONQUISTA,20,E2_cross_commodity,LightGBM,2024,4149,237,0.7307475653049096,0.7307475653049096,4.234662642033836,5.380468490299489
arabica_VITORIA DA CONQUISTA,20,E2_cross_commodity,XGBoost,2024,4149,237,0.7266757387144598,0.7266757387144598,3.970739083601584,5.051732833509474
arabica_VITORIA DA CONQUISTA,20,E3_financial,RandomForest,2004,364,239,1.4175128579103309,0.6254550141380648,5.048924077899628,6.0540012166838695
arabica_VITORIA DA CONQUISTA,20,E3_financial,LightGBM,2004,364,239,1.4500749368019676,0.6578133956033347,4.301649704092734,5.834170748401931
arabica_VITORIA DA CONQUISTA,20,E3_financial,XGBoost,2004,364,239,2.098242983644248,1.364008138330716,4.351790869967559,5.494155520060848
arabica_VITORIA DA CONQUISTA,20,E3_financial,RandomForest,2005,603,184,6.257966873303808,5.73369131855647,9.523677670994754,13.266315574647852
arabica_VITORIA DA CONQUISTA,20,E3_financial,LightGBM,2005,603,184,5.54661542403341,4.915036737112874,10.193643019288665,13.225292521915442
arabica_VITORIA DA CONQUISTA,20,E3_financial,XGBoost,2005,603,184,8.174751022093927,7.8596013569610115,9.988744872874909,13.48879223699431
arabica_VITORIA DA CONQUISTA,20,E3_financial,RandomForest,2006,787,226,3.918932684017439,0.4741459651890343,6.315026653791762,8.01674041915369
arabica_VITORIA DA CONQUISTA,20,E3_financial,LightGBM,2006,787,226,3.773849386609937,0.4698596709279873,5.923718086944051,7.415093577519704
arabica_VITORIA DA CONQUISTA,20,E3_financial,XGBoost,2006,787,226,3.927788464294176,0.5362310172681817,6.462663394870023,7.576560426972535
arabica_VITORIA DA CONQUISTA,20,E3_financial,RandomForest,2007,1013,8,1.4035757396336814,1.4035757396336814,6.9413339909242175,6.965780157924521
arabica_VITORIA DA CONQUISTA,20,E3_financial,LightGBM,2007,1013,8,1.1307768589361835,1.1307768589361835,6.095417579071202,6.345049004860964
arabica_VITORIA DA CONQUISTA,20,E3_financial,XGBoost,2007,1013,8,1.0684489157730668,1.0684489157730668,6.247978492537751,6.359087570979079
arabica_VITORIA DA CONQUISTA,20,E3_financial,RandomForest,2008,1021,213,1.335477847244956,1.129197548914077,13.849263874820895,23.62274453160701
arabica_VITORIA DA CONQUISTA,20,E3_financial,LightGBM,2008,1021,213,1.274168886338775,1.0927560092368604,13.64010070430285,24.442952077214574
arabica_VITORIA DA CONQUISTA,20,E3_financial,XGBoost,2008,1021,213,1.2462039465520474,1.0423599149712304,11.478559807689852,19.00788984144373
arabica_VITORIA DA CONQUISTA,20,E3_financial,RandomForest,2009,1234,229,0.5739591429004476,0.5739591429004476,2.5164286905296898,3.696862667247253
arabica_VITORIA DA CONQUISTA,20,E3_financial,LightGBM,2009,1234,229,0.5833322330497573,0.5833322330497573,2.794045632950214,3.712555257742224
arabica_VITORIA DA CONQUISTA,20,E3_financial,XGBoost,2009,1234,229,0.4401319623372397,0.4401319623372397,2.6529343983179805,3.669702210323337
arabica_VITORIA DA CONQUISTA,20,E3_financial,RandomForest,2010,1463,225,3.270724720577797,0.5493354423521535,3.9510186158377536,4.774677465989787
arabica_VITORIA DA CONQUISTA,20,E3_financial,LightGBM,2010,1463,225,3.3199581642329385,0.5183943815392053,4.236333683247054,5.266659942739933
arabica_VITORIA DA CONQUISTA,20,E3_financial,XGBoost,2010,1463,225,3.28981316975532,0.4984015589255932,4.117706221043039,5.042366851864842
arabica_VITORIA DA CONQUISTA,20,E3_financial,RandomForest,2011,1688,75,2.0780179523706463,1.5337516716523654,3.141670896420822,4.158788995707103
arabica_VITORIA DA CONQUISTA,20,E3_financial,LightGBM,2011,1688,75,1.394089116033265,0.822799404501139,3.066991345515844,3.794691495104891
arabica_VITORIA DA CONQUISTA,20,E3_financial,XGBoost,2011,1688,75,1.145704341496175,0.556724834120254,2.5771891888463605,3.3650542371157672
arabica_VITORIA DA CONQUISTA,20,E3_financial,RandomForest,2012,1763,188,5.033376659178967,0.7085012314486588,5.398214400197694,6.078058593226057
arabica_VITORIA DA CONQUISTA,20,E3_financial,LightGBM,2012,1763,188,5.060577194085854,0.7456016422456494,5.527468628737064,6.269447526299069
arabica_VITORIA DA CONQUISTA,20,E3_financial,XGBoost,2012,1763,188,5.144624267662216,0.7823187625075296,5.844590198943984,6.565231232258806
arabica_VITORIA DA CONQUISTA,20,E3_financial,RandomForest,2013,1951,179,23.366993721895053,26.02727942828857,12.859411843673318,27.186162447795688
arabica_VITORIA DA CONQUISTA,20,E3_financial,LightGBM,2013,1951,179,2122.026732992562,2547.219587679333,13.401992985459838,28.14340094733636
arabica_VITORIA DA CONQUISTA,20,E3_financial,XGBoost,2013,1951,179,9011.478098274543,10823.989190331566,13.438236627980436,28.340862105782765
arabica_VITORIA DA CONQUISTA,20,E3_financial,RandomForest,2014,2130,113,11.639033677434078,11.639033677434078,12.189021507871002,21.247533303127828
arabica_VITORIA DA CONQUISTA,20,E3_financial,LightGBM,2014,2130,113,12.90979933049294,12.90979933049294,12.59124803073558,21.21839130215692
arabica_VITORIA DA CONQUISTA,20,E3_financial,XGBoost,2014,2130,113,12.579321041304988,12.579321041304988,11.927913548848435,21.26463307431895
arabica_VITORIA DA CONQUISTA,20,E3_financial,RandomForest,2015,2243,140,20.832655417424004,21.681994454366947,12.27919109249024,18.63033236092204
arabica_VITORIA DA CONQUISTA,20,E3_financial,LightGBM,2015,2243,140,50.85374240833801,54.54505327212987,13.222075179300685,19.553773888421897
arabica_VITORIA DA CONQUISTA,20,E3_financial,XGBoost,2015,2243,140,20.351204947052175,21.18656676439613,12.621824539874432,18.626283370225394
arabica_VITORIA DA CONQUISTA,20,E3_financial,RandomForest,2016,2383,206,2.200994141859539,2.1036366463722573,4.75633888607245,7.86877031293253
arabica_VITORIA DA CONQUISTA,20,E3_financial,LightGBM,2016,2383,206,3867.3894157574514,3905.180161928783,6.703470346465446,8.394597290074886
arabica_VITORIA DA CONQUISTA,20,E3_financial,XGBoost,2016,2383,206,1.2487962167454585,1.1361139997930632,8.131610370760988,10.28667200119043
arabica_VITORIA DA CONQUISTA,20,E3_financial,RandomForest,2017,2589,228,1.1753689791266466,0.8360117553310861,3.424412418335524,4.000574330659395
arabica_VITORIA DA CONQUISTA,20,E3_financial,LightGBM,2017,2589,228,1.7248955374452732,1.3902854746063202,5.849580531745445,6.429731798254771
arabica_VITORIA DA CONQUISTA,20,E3_financial,XGBoost,2017,2589,228,1.9652356189578493,1.6372374398791476,7.168702452948165,7.998031712578372
arabica_VITORIA DA CONQUISTA,20,E3_financial,RandomForest,2018,2817,238,1.7834747335480008,0.4836535241798416,2.1980845523832557,2.510369673523696
arabica_VITORIA DA CONQUISTA,20,E3_financial,LightGBM,2018,2817,238,2.251641210451545,0.8845597730500199,4.0799465836713855,4.624620334159576
arabica_VITORIA DA CONQUISTA,20,E3_financial,XGBoost,2018,2817,238,2.241035863733802,0.8494530007676123,3.927028492238681,4.699534401872907
arabica_VITORIA DA CONQUISTA,20,E3_financial,RandomForest,2019,3055,239,1.7078801110101371,0.8227245343269269,2.4923403181090977,3.238765682910687
arabica_VITORIA DA CONQUISTA,20,E3_financial,LightGBM,2019,3055,239,1.611918765956295,0.7285930141140089,2.243148947621782,3.0404248123144573
arabica_VITORIA DA CONQUISTA,20,E3_financial,XGBoost,2019,3055,239,2.0415984910721257,1.207761317875807,2.3460877544019034,3.178007181957317
arabica_VITORIA DA CONQUISTA,20,E3_financial,RandomForest,2020,3294,130,0.2485420177394874,0.2485420177394874,2.9475717188549293,3.710795545748917
arabica_VITORIA DA CONQUISTA,20,E3_financial,LightGBM,2020,3294,130,0.3493923154196598,0.3493923154196598,3.173986658215233,4.210601629252666
arabica_VITORIA DA CONQUISTA,20,E3_financial,XGBoost,2020,3294,130,0.3667331760943735,0.3667331760943735,4.346520647107625,5.465895288922709
arabica_VITORIA DA CONQUISTA,20,E3_financial,RandomForest,2021,3424,241,9.216523643954488,9.216523643954488,11.482455494060297,19.66030593013157
arabica_VITORIA DA CONQUISTA,20,E3_financial,LightGBM,2021,3424,241,11.761867144060444,11.761867144060444,11.910660446956786,19.913394303848957
arabica_VITORIA DA CONQUISTA,20,E3_financial,XGBoost,2021,3424,241,20.004998795629117,20.004998795629117,12.384773611625716,20.64545773744656
arabica_VITORIA DA CONQUISTA,20,E3_financial,RandomForest,2022,3665,243,2.481182297596921,2.481182297596921,6.544016501200316,9.57264324838172
arabica_VITORIA DA CONQUISTA,20,E3_financial,LightGBM,2022,3665,243,4.936671132235082,4.936671132235082,6.547616967585752,9.532112542778632
arabica_VITORIA DA CONQUISTA,20,E3_financial,XGBoost,2022,3665,243,2.8835508938493817,2.8835508938493817,6.965665070269873,9.68761079189686
arabica_VITORIA DA CONQUISTA,20,E3_financial,RandomForest,2023,3908,241,0.5745140734100989,0.5745140734100989,3.54587632083691,3.989767491478823
arabica_VITORIA DA CONQUISTA,20,E3_financial,LightGBM,2023,3908,241,0.3029286677160184,0.3029286677160184,2.9469285444674003,3.735205835997274
arabica_VITORIA DA CONQUISTA,20,E3_financial,XGBoost,2023,3908,241,0.335557230183825,0.335557230183825,3.1192109711276124,3.9412719535419223
arabica_VITORIA DA CONQUISTA,20,E3_financial,RandomForest,2024,4149,237,1.7761340775803216,1.7761340775803216,4.416838196775629,6.009666060883605
arabica_VITORIA DA CONQUISTA,20,E3_financial,LightGBM,2024,4149,237,4.260164464962227,4.260164464962227,4.397609457796533,5.840156844176773
arabica_VITORIA DA CONQUISTA,20,E3_financial,XGBoost,2024,4149,237,2.376737806098699,2.376737806098699,4.362944819682406,5.88801683092619
arabica_VITORIA DA CONQUISTA,20,E4_full,RandomForest,2004,364,239,1.3707604701556546,0.5921793920203674,5.023505829801821,5.795336703116951
arabica_VITORIA DA CONQUISTA,20,E4_full,LightGBM,2004,364,239,1.281924579100551,0.4746013364369623,4.142126903938089,5.655613737915269
arabica_VITORIA DA CONQUISTA,20,E4_full,XGBoost,2004,364,239,1.1812911597391724,0.4430530776592059,3.365510819514228,4.977155966929442
arabica_VITORIA DA CONQUISTA,20,E4_full,RandomForest,2005,603,184,6.213417063246578,5.693569124124798,9.6377590815908,13.26588137083879
arabica_VITORIA DA CONQUISTA,20,E4_full,LightGBM,2005,603,184,3.731419582381138,2.958742913034361,9.206350331858358,12.167115200897662
arabica_VITORIA DA CONQUISTA,20,E4_full,XGBoost,2005,603,184,6.439040928962684,5.980350593896748,9.67988208171998,13.242917142217763
arabica_VITORIA DA CONQUISTA,20,E4_full,RandomForest,2006,787,226,3.8627505719570143,0.425765628283141,5.764357530022325,7.560236093083832
arabica_VITORIA DA CONQUISTA,20,E4_full,LightGBM,2006,787,226,4.0779010633649,0.8675891060566998,5.2114893899739,6.463443535494006
arabica_VITORIA DA CONQUISTA,20,E4_full,XGBoost,2006,787,226,4.0096309750479815,0.6143642594445625,6.81898872155836,7.940310022923019
arabica_VITORIA DA CONQUISTA,20,E4_full,RandomForest,2007,1013,8,1.2866005762840484,1.2866005762840484,6.766735235156267,6.798090499384481
arabica_VITORIA DA CONQUISTA,20,E4_full,LightGBM,2007,1013,8,1.3112901575962088,1.3112901575962088,6.593993823820049,6.733014085957635
arabica_VITORIA DA CONQUISTA,20,E4_full,XGBoost,2007,1013,8,1.4743839053560963,1.4743839053560963,6.9676855047142645,7.001946628225607
arabica_VITORIA DA CONQUISTA,20,E4_full,RandomForest,2008,1021,213,1.3724699990557498,1.1646906698536783,14.217235558854652,23.97116085210952
arabica_VITORIA DA CONQUISTA,20,E4_full,LightGBM,2008,1021,213,1.297243659169362,1.1032511050127074,12.307370581553515,21.261845206530037
arabica_VITORIA DA CONQUISTA,20,E4_full,XGBoost,2008,1021,213,1.2002886775394526,0.9955724396101324,11.626052237207215,20.176635961778903
arabica_VITORIA DA CONQUISTA,20,E4_full,RandomForest,2009,1234,229,0.6733164200767144,0.6733164200767144,2.638885545091243,3.8128553111994776
arabica_VITORIA DA CONQUISTA,20,E4_full,LightGBM,2009,1234,229,1.0117254641537576,1.0117254641537576,2.945901514022221,3.999239637739468
arabica_VITORIA DA CONQUISTA,20,E4_full,XGBoost,2009,1234,229,0.5009656027663244,0.5009656027663244,2.734861099764176,3.645510708579294
arabica_VITORIA DA CONQUISTA,20,E4_full,RandomForest,2010,1463,225,3.2431680742655558,0.4989956673659819,3.776142599271715,4.582277888270418
arabica_VITORIA DA CONQUISTA,20,E4_full,LightGBM,2010,1463,225,3.3708602465177218,0.5322903681544947,4.564263052643625,5.617758606077702
arabica_VITORIA DA CONQUISTA,20,E4_full,XGBoost,2010,1463,225,3.328967161483151,0.5211604224353238,4.489228201302492,5.868796101256844
arabica_VITORIA DA CONQUISTA,20,E4_full,RandomForest,2011,1688,75,2.060565286030668,1.5125090996865147,3.081103388314891,4.150800708626217
arabica_VITORIA DA CONQUISTA,20,E4_full,LightGBM,2011,1688,75,1.1507133587230027,0.547004140494595,2.626750478445412,3.456934888749139
arabica_VITORIA DA CONQUISTA,20,E4_full,XGBoost,2011,1688,75,1.272339173509855,0.6840927457752461,2.7892081936072834,3.634581475386781
arabica_VITORIA DA CONQUISTA,20,E4_full,RandomForest,2012,1763,188,5.023640221865015,0.7038047915758622,5.373182670861228,6.035062258445117
arabica_VITORIA DA CONQUISTA,20,E4_full,LightGBM,2012,1763,188,5.308539058533865,1.0798687680851604,6.072099505108842,6.728992297894144
arabica_VITORIA DA CONQUISTA,20,E4_full,XGBoost,2012,1763,188,5.1205370609384495,0.7335152379957708,5.844081782542861,6.542145976943859
arabica_VITORIA DA CONQUISTA,20,E4_full,RandomForest,2013,1951,179,24.11370414312716,26.92736241312056,12.858041517275954,27.211560244028924
arabica_VITORIA DA CONQUISTA,20,E4_full,LightGBM,2013,1951,179,25726.717258876557,30905.2180597589,13.461450295837706,28.565523728364745
arabica_VITORIA DA CONQUISTA,20,E4_full,XGBoost,2013,1951,179,8923.922002518158,10718.677390441291,12.734274934438496,27.59716314202705
arabica_VITORIA DA CONQUISTA,20,E4_full,RandomForest,2014,2130,113,11.913898774188011,11.913898774188011,12.180071947183242,21.286135551511336
arabica_VITORIA DA CONQUISTA,20,E4_full,LightGBM,2014,2130,113,11.40372960233602,11.40372960233602,12.103458035173649,20.97196424244496
arabica_VITORIA DA CONQUISTA,20,E4_full,XGBoost,2014,2130,113,7498.908820595475,7498.908820595475,11.562366405927166,20.801060699907268
arabica_VITORIA DA CONQUISTA,20,E4_full,RandomForest,2015,2243,140,21.964860921059817,22.917844450715165,12.414089598118569,18.816225280117603
arabica_VITORIA DA CONQUISTA,20,E4_full,LightGBM,2015,2243,140,52.95913546823064,56.8748179845747,13.11880156621733,19.17381077945421
arabica_VITORIA DA CONQUISTA,20,E4_full,XGBoost,2015,2243,140,15.99058057711118,16.4296498469239,12.52213987699646,18.455170396424077
arabica_VITORIA DA CONQUISTA,20,E4_full,RandomForest,2016,2383,206,2.255231916903628,2.1582489032007754,4.73235717991187,7.880971116124888
arabica_VITORIA DA CONQUISTA,20,E4_full,LightGBM,2016,2383,206,3867.221596145723,3905.011670854526,5.785185592243824,7.799967591198763
arabica_VITORIA DA CONQUISTA,20,E4_full,XGBoost,2016,2383,206,1.193984719195893,1.079428433042953,7.799596212567615,9.793181262380868
arabica_VITORIA DA CONQUISTA,20,E4_full,RandomForest,2017,2589,228,1.1901002126357234,0.849979755143524,3.465288913376948,4.032858267433249
arabica_VITORIA DA CONQUISTA,20,E4_full,LightGBM,2017,2589,228,1.5493633470269332,1.2221334972404083,5.122430060537218,5.742008008729248
arabica_VITORIA DA CONQUISTA,20,E4_full,XGBoost,2017,2589,228,2.0128313754937905,1.690417825874342,7.50537760016369,8.484981045838705
arabica_VITORIA DA CONQUISTA,20,E4_full,RandomForest,2018,2817,238,1.7844586989810547,0.484759038504476,2.1976453962354507,2.5122401557723366
arabica_VITORIA DA CONQUISTA,20,E4_full,LightGBM,2018,2817,238,2.0728028044532825,0.7251389791128489,3.2952120369577487,3.7920078290531625
arabica_VITORIA DA CONQUISTA,20,E4_full,XGBoost,2018,2817,238,2.222899987638343,0.8423896607128913,3.8659632703516142,4.561805286330129
arabica_VITORIA DA CONQUISTA,20,E4_full,RandomForest,2019,3055,239,1.7273346344897598,0.8476108341766909,2.487157135105671,3.2461041989861705
arabica_VITORIA DA CONQUISTA,20,E4_full,LightGBM,2019,3055,239,2.2578489476437924,1.4363084742016472,2.596282666849942,3.4715231602298275
arabica_VITORIA DA CONQUISTA,20,E4_full,XGBoost,2019,3055,239,2.238774665579013,1.4295513412434195,2.6145819011314586,3.38297462524025
arabica_VITORIA DA CONQUISTA,20,E4_full,RandomForest,2020,3294,130,0.3863020432079831,0.3863020432079831,4.654003064621187,6.907006773853374
arabica_VITORIA DA CONQUISTA,20,E4_full,LightGBM,2020,3294,130,0.3463479745886283,0.3463479745886283,4.116705942925383,5.8648460595963305
arabica_VITORIA DA CONQUISTA,20,E4_full,XGBoost,2020,3294,130,0.4024214577073778,0.4024214577073778,4.692421986017285,5.686181840040042
arabica_VITORIA DA CONQUISTA,20,E4_full,RandomForest,2021,3424,241,7.826873409582322,7.826873409582322,11.064698433297725,19.36056632418689
arabica_VITORIA DA CONQUISTA,20,E4_full,LightGBM,2021,3424,241,16.27036092594264,16.27036092594264,12.03802091792302,20.322908197787388
arabica_VITORIA DA CONQUISTA,20,E4_full,XGBoost,2021,3424,241,31.87859132883155,31.87859132883155,12.427888079861589,20.71272765992501
arabica_VITORIA DA CONQUISTA,20,E4_full,RandomForest,2022,3665,243,2.497542368703979,2.497542368703979,6.73287459002618,9.628397947614577
arabica_VITORIA DA CONQUISTA,20,E4_full,LightGBM,2022,3665,243,2.9741248509046727,2.9741248509046727,6.528547677835098,9.5300320992686
arabica_VITORIA DA CONQUISTA,20,E4_full,XGBoost,2022,3665,243,3.422827153566548,3.422827153566548,6.806638001136473,9.712170326757386
arabica_VITORIA DA CONQUISTA,20,E4_full,RandomForest,2023,3908,241,0.5465251632962481,0.5465251632962481,3.449926492308988,3.901144691668322
arabica_VITORIA DA CONQUISTA,20,E4_full,LightGBM,2023,3908,241,0.3511944052936769,0.3511944052936769,3.044928410349089,3.856205995122471
arabica_VITORIA DA CONQUISTA,20,E4_full,XGBoost,2023,3908,241,0.3753170537253791,0.3753170537253791,3.590858680788612,4.519215788407872
arabica_VITORIA DA CONQUISTA,20,E4_full,RandomForest,2024,4149,237,1.77783187950396,1.77783187950396,4.416658152355158,6.011003179989849
arabica_VITORIA DA CONQUISTA,20,E4_full,LightGBM,2024,4149,237,2.328627109725749,2.328627109725749,4.528000978035085,6.016555358389256
arabica_VITORIA DA CONQUISTA,20,E4_full,XGBoost,2024,4149,237,2.7707869162157865,2.7707869162157865,4.47256380387229,6.030470852226541
conilon_EUNAPOLIS,1,E1_own,RandomForest,2004,500,239,15.74754063051648,80.80961746040099,0.981292859021155,1.6365031675350523
conilon_EUNAPOLIS,1,E1_own,LightGBM,2004,500,239,709.1322458075414,6005.86230484321,1.0657531615301503,1.7631687318963412
conilon_EUNAPOLIS,1,E1_own,XGBoost,2004,500,239,712.2938077861967,6032.957111424418,0.9776809792002326,1.7281965254310383
conilon_EUNAPOLIS,1,E1_own,RandomForest,2005,739,239,9.584753688,25.083255846699867,0.7559974972054253,0.9870751448711208
conilon_EUNAPOLIS,1,E1_own,LightGBM,2005,739,239,782.7872525950314,5306.222877694529,0.8670073037986025,1.1398084084324018
conilon_EUNAPOLIS,1,E1_own,XGBoost,2005,739,239,234.87809233190603,1565.591804106185,0.8174747829788707,1.0963609488225212
conilon_EUNAPOLIS,1,E1_own,RandomForest,2006,978,239,13.48098984345558,52.46888267982066,0.7597740129590383,1.1515095242539068
conilon_EUNAPOLIS,1,E1_own,LightGBM,2006,978,239,853.5135419961804,5630.815017545563,0.8363493289621265,1.2050433297017915
conilon_EUNAPOLIS,1,E1_own,XGBoost,2006,978,239,481.3825467775576,3160.370250457765,0.796602430306587,1.1794964898062903
conilon_EUNAPOLIS,1,E1_own,RandomForest,2007,1217,241,8.89318875640059,27.524289575597468,0.6733276304791207,0.9454506696191344
conilon_EUNAPOLIS,1,E1_own,LightGBM,2007,1217,241,8.100673193563933,21.08129530420475,0.7520682392722228,1.0159359763023474
conilon_EUNAPOLIS,1,E1_own,XGBoost,2007,1217,241,8.524443155577428,23.919999083879457,0.7759737370819585,1.0465885831222
conilon_EUNAPOLIS,1,E1_own,RandomForest,2008,1458,239,12.48345242608142,56.19102405721573,0.708505144392995,0.9623108525522543
conilon_EUNAPOLIS,1,E1_own,LightGBM,2008,1458,239,291.99112414676847,2443.70939648965,0.7561865395472406,1.0050588870117367
conilon_EUNAPOLIS,1,E1_own,XGBoost,2008,1458,239,525.2558459479692,4435.089358743949,0.7244253138405907,0.9943491243374624
conilon_EUNAPOLIS,1,E1_own,RandomForest,2009,1697,232,17.65240738186364,87.29019558286203,0.8153485223242775,1.4366639290705228
conilon_EUNAPOLIS,1,E1_own,LightGBM,2009,1697,232,6183.403589788171,44790.28840890586,0.9096431288902224,1.519139664315548
conilon_EUNAPOLIS,1,E1_own,XGBoost,2009,1697,232,2507.011486771749,18136.236381819308,0.9008023239209592,1.5521673232440094
conilon_EUNAPOLIS,1,E1_own,RandomForest,2010,1929,237,14.484387434289944,63.21561972487672,0.6994296203607199,1.207399378136125
conilon_EUNAPOLIS,1,E1_own,LightGBM,2010,1929,237,32.968179099257455,195.07433790975264,0.76458593179165,1.2878442059309383
conilon_EUNAPOLIS,1,E1_own,XGBoost,2010,1929,237,24.733809431573214,136.62576637436328,0.765466756005149,1.3212009037135193
conilon_EUNAPOLIS,1,E1_own,RandomForest,2011,2166,100,85.95617964603693,802.8516433384718,0.8289687163186376,2.424028898208465
conilon_EUNAPOLIS,1,E1_own,LightGBM,2011,2166,100,1482.1867985932067,14768.031495860458,0.8745470653733081,2.4663340663456967
conilon_EUNAPOLIS,1,E1_own,XGBoost,2011,2166,100,169.02794464903053,1634.1823437985508,0.8555144340066155,2.45353731045155
conilon_EUNAPOLIS,1,E1_own,RandomForest,2012,2266,241,19.569299890484704,103.89447877172849,0.8408659925244971,1.3142356329251423
conilon_EUNAPOLIS,1,E1_own,LightGBM,2012,2266,241,378.3107161658435,2808.260652241447,0.8739347721964185,1.3527849240732803
conilon_EUNAPOLIS,1,E1_own,XGBoost,2012,2266,241,115.89642173765486,832.4220246985016,0.8500321385758259,1.377056798483606
conilon_EUNAPOLIS,1,E1_own,RandomForest,2013,2507,240,99.8259608798166,724.9129809412888,1.4000365733540368,5.0085948315893
conilon_EUNAPOLIS,1,E1_own,LightGBM,2013,2507,240,4187.089180400202,32368.462684795173,1.505716935848842,5.050063487655579
conilon_EUNAPOLIS,1,E1_own,XGBoost,2013,2507,240,122197.98264609594,946004.8325363308,1.382978411888634,5.086325353128504
conilon_EUNAPOLIS,1,E1_own,RandomForest,2014,2747,238,12.935926866516075,50.59149324532765,0.6530998855666132,1.0104150919583437
conilon_EUNAPOLIS,1,E1_own,LightGBM,2014,2747,238,94.02033093395144,604.7587469354386,0.6328417568171653,1.0116948874119307
conilon_EUNAPOLIS,1,E1_own,XGBoost,2014,2747,238,94.06874557430484,604.7756831119844,0.777909159763344,1.5562443574282243
conilon_EUNAPOLIS,1,E1_own,RandomForest,2015,2985,238,10.699585539507678,38.37163315575568,0.5780208580153552,0.8384943849573622
conilon_EUNAPOLIS,1,E1_own,LightGBM,2015,2985,238,340.9786424483284,2495.968244973552,0.5998206256506856,0.8667013086838553
conilon_EUNAPOLIS,1,E1_own,XGBoost,2015,2985,238,22.188391345036024,125.09584003561132,0.604826795043537,0.878312700234272
conilon_EUNAPOLIS,1,E1_own,RandomForest,2016,3223,225,16.85105137810259,95.15165058569356,0.7279593850822703,1.5211277878267244
conilon_EUNAPOLIS,1,E1_own,LightGBM,2016,3223,225,17.993570434753067,105.81282996191077,0.8245955502082136,1.625653790725872
conilon_EUNAPOLIS,1,E1_own,XGBoost,2016,3223,225,17.54161781829585,103.31159358840384,0.7108080870539362,1.5160918619457142
conilon_EUNAPOLIS,1,E1_own,RandomForest,2017,3448,238,15.409305385030544,154.1009197180586,0.7061923355261229,1.4619534841351571
conilon_EUNAPOLIS,1,E1_own,LightGBM,2017,3448,238,15.84099311591844,165.75344958814134,0.6828238360662231,1.462887081662729
conilon_EUNAPOLIS,1,E1_own,XGBoost,2017,3448,238,14.982220427979088,149.33816397119227,0.677669936263759,1.4479568218718524
conilon_EUNAPOLIS,1,E1_own,RandomForest,2018,3686,241,9.761189095372089,38.00203544517517,0.5784509708039376,0.906068550116824
conilon_EUNAPOLIS,1,E1_own,LightGBM,2018,3686,241,109.40315507823482,1000.5593563235412,0.5673314409325524,0.9108099363585402
conilon_EUNAPOLIS,1,E1_own,XGBoost,2018,3686,241,10.643117442839491,47.13036060297347,0.6072969915613915,0.9360326569118218
conilon_EUNAPOLIS,1,E1_own,RandomForest,2019,3927,239,9.688091160865342,27.951628210696946,0.5491905818948202,0.7908115908536736
conilon_EUNAPOLIS,1,E1_own,LightGBM,2019,3927,239,75.1255533827205,430.951532632671,0.5454049583372632,0.8173129419220586
conilon_EUNAPOLIS,1,E1_own,XGBoost,2019,3927,239,68.97222729615726,392.6427885559721,0.6017066254136075,0.8922661435324738
conilon_EUNAPOLIS,1,E1_own,RandomForest,2020,4166,239,10.631312631529813,39.91601790682935,0.5715419178981364,0.9076807270506208
conilon_EUNAPOLIS,1,E1_own,LightGBM,2020,4166,239,13.407595327195391,62.77350152327714,0.5629526357656403,0.9024810285082426
conilon_EUNAPOLIS,1,E1_own,XGBoost,2020,4166,239,11.458199408263868,48.240218109780166,0.5612137387440325,0.9079275872308652
conilon_EUNAPOLIS,1,E1_own,RandomForest,2021,4405,241,21.48354501457999,89.7181534551881,0.7322664564896972,1.3366969969523688
conilon_EUNAPOLIS,1,E1_own,LightGBM,2021,4405,241,28.08334120419467,126.90070787866722,0.7317876288086637,1.3369684112276667
conilon_EUNAPOLIS,1,E1_own,XGBoost,2021,4405,241,63.86484125730754,322.75171132948367,0.7625786112332572,1.3865596700936762
conilon_EUNAPOLIS,1,E1_own,RandomForest,2022,4646,244,19.339086127855214,79.92766165906491,0.7384636019440415,1.4089116572295322
conilon_EUNAPOLIS,1,E1_own,LightGBM,2022,4646,244,77.04731616250722,408.462930603033,0.7417285940507726,1.4143159895879922
conilon_EUNAPOLIS,1,E1_own,XGBoost,2022,4646,244,323.12460206534365,1805.4201432293617,0.7392171373183131,1.414488634217671
conilon_EUNAPOLIS,1,E1_own,RandomForest,2023,4890,236,15.56856726573179,67.84664645471021,0.705621533737296,1.421238477460582
conilon_EUNAPOLIS,1,E1_own,LightGBM,2023,4890,236,277.33758878554124,1834.4461289926971,0.6989137655515688,1.4298287445947038
conilon_EUNAPOLIS,1,E1_own,XGBoost,2023,4890,236,82.39853260818089,522.4715695571107,0.7125942776580063,1.5218994792781262
conilon_EUNAPOLIS,1,E1_own,RandomForest,2024,5126,124,185.2624950877906,389.0722511304253,1.3216868898859484,4.248347435843104
conilon_EUNAPOLIS,1,E1_own,LightGBM,2024,5126,124,204.80199360170636,431.498908751451,1.3061446901912417,4.234400727175551
conilon_EUNAPOLIS,1,E1_own,XGBoost,2024,5126,124,372.75810880786673,790.7617197014431,1.2840269352469285,4.230501649072554
conilon_EUNAPOLIS,1,E1_own,RandomForest,2025,5250,239,47.05981134686243,89.8381084814476,1.538679415781975,3.5276274618200225
conilon_EUNAPOLIS,1,E1_own,LightGBM,2025,5250,239,5091.102246864125,10483.186163966346,1.784462341330899,4.498000919284349
conilon_EUNAPOLIS,1,E1_own,XGBoost,2025,5250,239,31096.79914627011,64063.856480121474,1.7404255231533323,4.251039732283645
conilon_EUNAPOLIS,1,E1_own,RandomForest,2026,5489,12,6.131738435458467,5.0006344965346745,0.5905610753697287,0.8170050700141398
conilon_EUNAPOLIS,1,E1_own,LightGBM,2026,5489,12,8.25877995868167,12.989192158033465,0.6498223449799726,0.915399603730055
conilon_EUNAPOLIS,1,E1_own,XGBoost,2026,5489,12,8967.416779348512,35846.68587763024,1.0928334327335496,1.4228569804387443
conilon_EUNAPOLIS,1,E2_cross_commodity,RandomForest,2004,500,239,16.92975750470791,90.19699137112852,1.0044473612515428,1.640108218445635
conilon_EUNAPOLIS,1,E2_cross_commodity,LightGBM,2004,500,239,6038.024923085029,51493.84744679289,1.1427086434153948,1.8121511376652333
conilon_EUNAPOLIS,1,E2_cross_commodity,XGBoost,2004,500,239,2803.764552098554,23888.71953371603,0.9434788098803394,1.6888531990942814
conilon_EUNAPOLIS,1,E2_cross_commodity,RandomForest,2005,739,239,9.847523387479589,26.532767979164955,0.7525061392509806,0.9860883590213234
conilon_EUNAPOLIS,1,E2_cross_commodity,LightGBM,2005,739,239,870.1885876109151,5906.166445923497,0.9024901754317513,1.242410614126038
conilon_EUNAPOLIS,1,E2_cross_commodity,XGBoost,2005,739,239,581.8162286989322,3937.118799238495,0.8139110032451742,1.122928087389279
conilon_EUNAPOLIS,1,E2_cross_commodity,RandomForest,2006,978,239,12.251768897529285,43.843690775087225,0.778135177600182,1.1633478137251447
conilon_EUNAPOLIS,1,E2_cross_commodity,LightGBM,2006,978,239,988.5223679918944,6529.1231761390845,0.8309842467956022,1.2436060794609258
conilon_EUNAPOLIS,1,E2_cross_commodity,XGBoost,2006,978,239,475.1045977603685,3119.0337491940063,0.8245685405842174,1.2473119459225162
conilon_EUNAPOLIS,1,E2_cross_commodity,RandomForest,2007,1217,241,8.913812692710389,25.07150516098348,0.7644089193123944,1.020792261764245
conilon_EUNAPOLIS,1,E2_cross_commodity,LightGBM,2007,1217,241,336.620563942612,3184.180708334386,0.903726370841334,1.1663410729470904
conilon_EUNAPOLIS,1,E2_cross_commodity,XGBoost,2007,1217,241,9.319471949894904,30.045332090058547,0.810456570912474,1.1040206732540008
conilon_EUNAPOLIS,1,E2_cross_commodity,RandomForest,2008,1458,239,9.98658603489609,33.16302557013059,0.7653054078220535,0.9818254592320372
conilon_EUNAPOLIS,1,E2_cross_commodity,LightGBM,2008,1458,239,870.6390918139772,7389.086926878857,0.7605633310778396,1.0862252604970315
conilon_EUNAPOLIS,1,E2_cross_commodity,XGBoost,2008,1458,239,41.96599736773392,314.1800382398624,0.7874615168811795,1.151500661343783
conilon_EUNAPOLIS,1,E2_cross_commodity,RandomForest,2009,1697,232,19.795771530683293,104.10208179343132,0.7648554740505764,1.415798598489931
conilon_EUNAPOLIS,1,E2_cross_commodity,LightGBM,2009,1697,232,1558.4137477437928,11264.180048260989,0.8060606190655583,1.466560339288141
conilon_EUNAPOLIS,1,E2_cross_commodity,XGBoost,2009,1697,232,198.8364027904381,1405.4277676651252,0.8403781577439339,1.4952377027037127
conilon_EUNAPOLIS,1,E2_cross_commodity,RandomForest,2010,1929,237,13.932424636363212,58.51974586946142,0.7256447588436982,1.2190856037410835
conilon_EUNAPOLIS,1,E2_cross_commodity,LightGBM,2010,1929,237,1577.695179751638,10965.419302534054,0.7249063146022916,1.2716071046205455
conilon_EUNAPOLIS,1,E2_cross_commodity,XGBoost,2010,1929,237,843.1329576660858,5842.533948261616,0.753400004105897,1.3149381920012129
conilon_EUNAPOLIS,1,E2_cross_commodity,RandomForest,2011,2166,100,91.206505867097,854.2404329583875,0.8469384138435313,2.426129651612153
conilon_EUNAPOLIS,1,E2_cross_commodity,LightGBM,2011,2166,100,381.8676160360904,3771.474767799906,0.8165847961788397,2.444172418629207
conilon_EUNAPOLIS,1,E2_cross_commodity,XGBoost,2011,2166,100,321.3205491248865,3160.430058229796,0.8718209757267161,2.4597727299756995
conilon_EUNAPOLIS,1,E2_cross_commodity,RandomForest,2012,2266,241,19.90092030686274,107.68835687109092,0.7821938160137025,1.2865372180842536
conilon_EUNAPOLIS,1,E2_cross_commodity,LightGBM,2012,2266,241,3656.755470387347,27502.920774544364,0.8139950681832818,1.3583995593552278
conilon_EUNAPOLIS,1,E2_cross_commodity,XGBoost,2012,2266,241,1244.3427944249445,9333.801674225577,0.7588025579549451,1.3065753468144046
conilon_EUNAPOLIS,1,E2_cross_commodity,RandomForest,2013,2507,240,86.80480134884507,625.0096708703741,1.3620389133485096,4.987859206933276
conilon_EUNAPOLIS,1,E2_cross_commodity,LightGBM,2013,2507,240,9293.025102775688,71904.72438001429,1.4728771272610233,5.104885578928902
conilon_EUNAPOLIS,1,E2_cross_commodity,XGBoost,2013,2507,240,111.40620249748352,820.6145414830058,1.4065333580130646,5.02109044708654
conilon_EUNAPOLIS,1,E2_cross_commodity,RandomForest,2014,2747,238,11.456476661292283,39.64655487006344,0.6646225972691959,0.9894957884124996
conilon_EUNAPOLIS,1,E2_cross_commodity,LightGBM,2014,2747,238,11.491942045427106,42.59896579889063,0.6685015332680989,1.0264647167525949
conilon_EUNAPOLIS,1,E2_cross_commodity,XGBoost,2014,2747,238,43.48248164836061,261.6627112244721,0.6898270605636959,1.0934635297723727
conilon_EUNAPOLIS,1,E2_cross_commodity,RandomForest,2015,2985,238,10.60353843798804,36.0096335362942,0.6589074855427363,0.9281299253216916
conilon_EUNAPOLIS,1,E2_cross_commodity,LightGBM,2015,2985,238,292.20520103470017,2133.004538201588,0.7368194322206031,1.082999082692096
conilon_EUNAPOLIS,1,E2_cross_commodity,XGBoost,2015,2985,238,78.43650377970484,542.7444908295745,0.7369302118147535,1.273829960329358
conilon_EUNAPOLIS,1,E2_cross_commodity,RandomForest,2016,3223,225,20.166610147259448,124.03278436919626,0.7158867932340548,1.5202667649087176
conilon_EUNAPOLIS,1,E2_cross_commodity,LightGBM,2016,3223,225,975.9119357251352,8397.21139502032,0.7748796619331425,1.5780300037170063
conilon_EUNAPOLIS,1,E2_cross_commodity,XGBoost,2016,3223,225,47.58501734776247,363.8803997134732,0.7323198526512442,1.5406883799436115
conilon_EUNAPOLIS,1,E2_cross_commodity,RandomForest,2017,3448,238,13.5615745071574,108.5698960009856,1.0586034927376489,1.6293497991215489
conilon_EUNAPOLIS,1,E2_cross_commodity,LightGBM,2017,3448,238,23.64563869312162,278.9831447102045,1.1254191185582143,1.692117273562067
conilon_EUNAPOLIS,1,E2_cross_commodity,XGBoost,2017,3448,238,20.67156561453488,237.97126080773836,0.9484621520060134,1.8777038012273004
conilon_EUNAPOLIS,1,E2_cross_commodity,RandomForest,2018,3686,241,9.94497282458808,39.3766870323154,0.6234704430609778,1.0050516764887267
conilon_EUNAPOLIS,1,E2_cross_commodity,LightGBM,2018,3686,241,275.8441278052544,2612.218867187002,0.5940126891382993,1.0494544516397692
conilon_EUNAPOLIS,1,E2_cross_commodity,XGBoost,2018,3686,241,434.7865722621711,4142.879357242156,0.6655552588913901,1.1907177909807642
conilon_EUNAPOLIS,1,E2_cross_commodity,RandomForest,2019,3927,239,9.555326221631084,26.29774608186017,0.5858820898169077,0.8515645172855167
conilon_EUNAPOLIS,1,E2_cross_commodity,LightGBM,2019,3927,239,253.79951285655184,1530.7890416301343,0.5513683346312899,0.9149093472771064
conilon_EUNAPOLIS,1,E2_cross_commodity,XGBoost,2019,3927,239,383.6103550057473,2325.9403629475783,0.6762064340726783,1.2803879601137662
conilon_EUNAPOLIS,1,E2_cross_commodity,RandomForest,2020,4166,239,10.662832671032223,40.01722477066068,0.5630364366035433,0.9048715590852356
conilon_EUNAPOLIS,1,E2_cross_commodity,LightGBM,2020,4166,239,140.1785798728256,1044.0845770322787,0.5480572114291896,0.9193931680221265
conilon_EUNAPOLIS,1,E2_cross_commodity,XGBoost,2020,4166,239,311.3534509339199,2363.0869563725028,0.6008752353435054,1.0118797388197056
conilon_EUNAPOLIS,1,E2_cross_commodity,RandomForest,2021,4405,241,13.912386484383598,46.84546336765889,0.7969422875771522,1.3291525350733666
conilon_EUNAPOLIS,1,E2_cross_commodity,LightGBM,2021,4405,241,57.40490294071155,288.27568147708143,0.7720122400916389,1.3378030192638175
conilon_EUNAPOLIS,1,E2_cross_commodity,XGBoost,2021,4405,241,28.70433887633536,130.11851721517235,0.8464266141653128,1.4507681532622934
conilon_EUNAPOLIS,1,E2_cross_commodity,RandomForest,2022,4646,244,19.98824519257267,83.55118040437807,0.745391609251888,1.4237571142434569
conilon_EUNAPOLIS,1,E2_cross_commodity,LightGBM,2022,4646,244,2500.2532981144413,14160.685510025509,0.7581710983587567,1.4619509453136637
conilon_EUNAPOLIS,1,E2_cross_commodity,XGBoost,2022,4646,244,3519.680680315286,19944.40184280287,1.0379896642713966,3.25143204569911
conilon_EUNAPOLIS,1,E2_cross_commodity,RandomForest,2023,4890,236,16.75818090846183,76.2213680547645,0.6888706168685917,1.4266796646418205
conilon_EUNAPOLIS,1,E2_cross_commodity,LightGBM,2023,4890,236,71.40821558897359,448.4362250291867,0.6642771157689031,1.4385312546287967
conilon_EUNAPOLIS,1,E2_cross_commodity,XGBoost,2023,4890,236,78.98075706413739,500.7721369084778,0.6885663218044175,1.518502066276867
conilon_EUNAPOLIS,1,E2_cross_commodity,RandomForest,2024,5126,124,156.1918296825935,326.20438559453413,1.326684450258766,4.150282475679012
conilon_EUNAPOLIS,1,E2_cross_commodity,LightGBM,2024,5126,124,732.800878059161,1560.3158535817684,1.3265873913627648,4.199593385234198
conilon_EUNAPOLIS,1,E2_cross_commodity,XGBoost,2024,5126,124,468.4404925846374,994.7749614304206,1.3777025373305276,4.237500580012205
conilon_EUNAPOLIS,1,E2_cross_commodity,RandomForest,2025,5250,239,45.26351779302614,85.93356691521741,1.4576868720543008,3.4247989335217808
conilon_EUNAPOLIS,1,E2_cross_commodity,LightGBM,2025,5250,239,41.14865699839075,77.87456637806397,1.723785810505674,4.419123270580187
conilon_EUNAPOLIS,1,E2_cross_commodity,XGBoost,2025,5250,239,163.05124827077734,329.023813876912,1.479857878348917,3.474331945569914
conilon_EUNAPOLIS,1,E2_cross_commodity,RandomForest,2026,5489,12,6.983126008365397,7.540666398972021,0.6555075793235031,0.8863821122053195
conilon_EUNAPOLIS,1,E2_cross_commodity,LightGBM,2026,5489,12,28.227550039525426,92.19078753963352,0.6919647402586652,0.8806390388608754
conilon_EUNAPOLIS,1,E2_cross_commodity,XGBoost,2026,5489,12,12.884778174126636,28.03934384948107,1.2237063524033762,1.7169841825091714
conilon_EUNAPOLIS,1,E3_financial,RandomForest,2004,500,239,16.144629683006215,85.63475804450671,0.9232737337376538,1.6186077490946893
conilon_EUNAPOLIS,1,E3_financial,LightGBM,2004,500,239,5662.487098385508,48293.54058040608,0.925599836905449,1.7252173031719444
conilon_EUNAPOLIS,1,E3_financial,XGBoost,2004,500,239,357.5991408459644,2993.9906951515263,1.5020601694185824,2.1601457195162896
conilon_EUNAPOLIS,1,E3_financial,RandomForest,2005,739,239,8.5875416993524,17.857508173217173,0.7484081031351821,0.9669173963961358
conilon_EUNAPOLIS,1,E3_financial,LightGBM,2005,739,239,110.4134766821986,708.5663997941675,1.0954234947980648,1.2757965158587976
conilon_EUNAPOLIS,1,E3_financial,XGBoost,2005,739,239,110.14610126139873,701.5088713136153,1.420848079164442,1.581090384301212
conilon_EUNAPOLIS,1,E3_financial,RandomForest,2006,978,239,15.711819067169468,68.67529491274301,0.7185077316140024,1.1537334958087886
conilon_EUNAPOLIS,1,E3_financial,LightGBM,2006,978,239,9081.567830277983,60280.28841356607,0.5236316943358666,1.2125293121045164
conilon_EUNAPOLIS,1,E3_financial,XGBoost,2006,978,239,7376.735104181014,48955.30848143623,0.6373922051348575,1.257740956620564
conilon_EUNAPOLIS,1,E3_financial,RandomForest,2007,1217,241,10.900640294887316,47.11950510272065,0.6789968758946279,0.9715452192482404
conilon_EUNAPOLIS,1,E3_financial,LightGBM,2007,1217,241,3049.2520998047908,29343.81822630964,0.7527119731496729,1.1803002310040271
conilon_EUNAPOLIS,1,E3_financial,XGBoost,2007,1217,241,550.0815956509764,5248.440102659527,0.7892024280559435,1.1974059643369457
conilon_EUNAPOLIS,1,E3_financial,RandomForest,2008,1458,239,9.822704995260894,29.596304287600876,0.8869752585109342,1.1407588710080516
conilon_EUNAPOLIS,1,E3_financial,LightGBM,2008,1458,239,2856.369333608961,24340.834415489564,0.8540229760822713,1.2992129119311298
conilon_EUNAPOLIS,1,E3_financial,XGBoost,2008,1458,239,2639.962321609064,22486.88956087717,1.1546611922285936,1.7461502674839378
conilon_EUNAPOLIS,1,E3_financial,RandomForest,2009,1697,232,15.451530402270684,71.66040907823616,0.7867604462269921,1.408021038621887
conilon_EUNAPOLIS,1,E3_financial,LightGBM,2009,1697,232,123.98883922992448,858.6601035083379,0.9614558120419464,1.5573410129766507
conilon_EUNAPOLIS,1,E3_financial,XGBoost,2009,1697,232,1151.895963948519,8315.73775485336,0.8620784638417417,1.5458308770603044
conilon_EUNAPOLIS,1,E3_financial,RandomForest,2010,1929,237,17.200380295915163,82.53178039567379,0.6903435604752702,1.2152522179257357
conilon_EUNAPOLIS,1,E3_financial,LightGBM,2010,1929,237,612.9552248977965,4243.048182615068,0.6619178501913877,1.249649428066529
conilon_EUNAPOLIS,1,E3_financial,XGBoost,2010,1929,237,664.5283238041983,4601.418894695276,0.6641672071469543,1.2644903757007782
conilon_EUNAPOLIS,1,E3_financial,RandomForest,2011,2166,100,98.28231321481884,925.9779242620318,0.8320068355307793,2.4280285497108958
conilon_EUNAPOLIS,1,E3_financial,LightGBM,2011,2166,100,2764.4010124343204,27594.12748255803,0.8218525186985769,2.456138975981958
conilon_EUNAPOLIS,1,E3_financial,XGBoost,2011,2166,100,1148.2184204983444,11429.361083036692,0.8634399183754303,2.498851207023712
conilon_EUNAPOLIS,1,E3_financial,RandomForest,2012,2266,241,21.06445327485889,116.54737334337574,0.7803914681923079,1.286836767728103
conilon_EUNAPOLIS,1,E3_financial,LightGBM,2012,2266,241,487.3969668089496,3633.283007317386,0.8267259354018315,1.3553539410708957
conilon_EUNAPOLIS,1,E3_financial,XGBoost,2012,2266,241,166.17651556066755,1213.0413994157675,0.7780311749779557,1.3115667007510667
conilon_EUNAPOLIS,1,E3_financial,RandomForest,2013,2507,240,54.915532246875145,377.1823655985557,1.391258587201208,4.983822039158353
conilon_EUNAPOLIS,1,E3_financial,LightGBM,2013,2507,240,5177.861452239476,40042.25423214711,1.4974468376820766,5.015575239808239
conilon_EUNAPOLIS,1,E3_financial,XGBoost,2013,2507,240,1379.7193791320135,10635.883409616436,1.608350661789682,5.111879139789523
conilon_EUNAPOLIS,1,E3_financial,RandomForest,2014,2747,238,12.549834154593192,43.32572343723387,1.5038006859802209,2.575505695662783
conilon_EUNAPOLIS,1,E3_financial,LightGBM,2014,2747,238,2824.565630827819,19167.270991337155,1.7076047224415596,2.9299947759260365
conilon_EUNAPOLIS,1,E3_financial,XGBoost,2014,2747,238,325.9042468074632,2180.018486296835,0.8945324386925432,1.4217693108937284
conilon_EUNAPOLIS,1,E3_financial,RandomForest,2015,2985,238,10.02387173028483,33.065510667927185,0.6130123760665501,0.9302436492717404
conilon_EUNAPOLIS,1,E3_financial,LightGBM,2015,2985,238,47.517316023450206,312.8316728408019,0.6724460702637978,1.0055003822182051
conilon_EUNAPOLIS,1,E3_financial,XGBoost,2015,2985,238,40.74178390151766,261.6198846925401,0.7749162807317901,2.329864315309316
conilon_EUNAPOLIS,1,E3_financial,RandomForest,2016,3223,225,23.88924345937464,157.8498078997465,0.6820036676501556,1.5187589455352026
conilon_EUNAPOLIS,1,E3_financial,LightGBM,2016,3223,225,296.6781607306268,2523.745675880877,0.6971285847355615,1.5785352422556678
conilon_EUNAPOLIS,1,E3_financial,XGBoost,2016,3223,225,205.6411104151886,1729.4352036547575,0.7724117693010855,1.558421084215175
conilon_EUNAPOLIS,1,E3_financial,RandomForest,2017,3448,238,18.318132569719047,206.6950645512741,0.6668162394884668,1.458411378909774
conilon_EUNAPOLIS,1,E3_financial,LightGBM,2017,3448,238,37.09467410097253,541.2487024210316,0.5650384541917889,1.4510786796766035
conilon_EUNAPOLIS,1,E3_financial,XGBoost,2017,3448,238,45.25031864723477,680.9664776302109,0.5718807314573723,1.4637949126259835
conilon_EUNAPOLIS,1,E3_financial,RandomForest,2018,3686,241,10.927226226812904,48.80155832425397,0.5916680634006874,0.9243073749469156
conilon_EUNAPOLIS,1,E3_financial,LightGBM,2018,3686,241,13.654253914499275,62.691899290809296,1.0500891816992457,1.2674546997282936
conilon_EUNAPOLIS,1,E3_financial,XGBoost,2018,3686,241,114.40716561133569,1042.922514690821,0.7502191712051879,1.0887620837103442
conilon_EUNAPOLIS,1,E3_financial,RandomForest,2019,3927,239,10.258650102159136,32.12029867845071,0.5245065186480767,0.7863863372470791
conilon_EUNAPOLIS,1,E3_financial,LightGBM,2019,3927,239,713.546827897626,4346.612892456685,0.4772258961014699,0.8118706870919491
conilon_EUNAPOLIS,1,E3_financial,XGBoost,2019,3927,239,1570.6080527129488,9604.282675193952,0.4618888624587733,0.8848503426468451
conilon_EUNAPOLIS,1,E3_financial,RandomForest,2020,4166,239,9.068096333281462,22.26057650587209,0.9909424252016809,1.5759575310022726
conilon_EUNAPOLIS,1,E3_financial,LightGBM,2020,4166,239,8.13345521532736,9.681331933676786,1.1953574581241813,1.6423410150184734
conilon_EUNAPOLIS,1,E3_financial,XGBoost,2020,4166,239,9.586031093938765,16.994880644713266,1.5278415584743266,1.927992083846187
conilon_EUNAPOLIS,1,E3_financial,RandomForest,2021,4405,241,20.270997280569063,80.66036045748778,1.014898797828948,1.6643307472877324
conilon_EUNAPOLIS,1,E3_financial,LightGBM,2021,4405,241,663.8097622128244,3609.62026208827,0.909149692612639,1.536630741324121
conilon_EUNAPOLIS,1,E3_financial,XGBoost,2021,4405,241,122.06095530608536,642.6553508631113,0.7935014271565556,1.3947181980309555
conilon_EUNAPOLIS,1,E3_financial,RandomForest,2022,4646,244,16.104615799081593,61.63527040827155,0.7358207839124961,1.407394069056806
conilon_EUNAPOLIS,1,E3_financial,LightGBM,2022,4646,244,1307.9974449724466,7393.487246280672,0.7608603263538422,1.4394224937809876
conilon_EUNAPOLIS,1,E3_financial,XGBoost,2022,4646,244,1986.3870164777047,11243.546684401155,0.7408685561704842,1.415805436774535
conilon_EUNAPOLIS,1,E3_financial,RandomForest,2023,4890,236,20.56035285037026,102.9691101659744,0.6471309291757449,1.4107742504885536
conilon_EUNAPOLIS,1,E3_financial,LightGBM,2023,4890,236,281.3396741841853,1862.5415895119647,0.6639679847247021,1.415192046316145
conilon_EUNAPOLIS,1,E3_financial,XGBoost,2023,4890,236,28.277461780886977,156.8246374824767,0.6596398848450088,1.4335303629160512
conilon_EUNAPOLIS,1,E3_financial,RandomForest,2024,5126,124,159.31817973320548,333.5515997437201,1.3215457009460507,4.245500467595816
conilon_EUNAPOLIS,1,E3_financial,LightGBM,2024,5126,124,330.4880132950797,700.3495114998028,1.3197591949251333,4.237234902320128
conilon_EUNAPOLIS,1,E3_financial,XGBoost,2024,5126,124,2182.9644704351726,4661.781836466509,1.3013646342292868,4.252232277925883
conilon_EUNAPOLIS,1,E3_financial,RandomForest,2025,5250,239,35.4209886459555,65.6189554642352,1.5564342756690392,3.519963886000228
conilon_EUNAPOLIS,1,E3_financial,LightGBM,2025,5250,239,4497.657577596574,9259.97421554578,1.787355266685901,4.496199825811522
conilon_EUNAPOLIS,1,E3_financial,XGBoost,2025,5250,239,917.4086977610092,1883.5081673305904,1.5471405192007852,3.510101513663607
conilon_EUNAPOLIS,1,E3_financial,RandomForest,2026,5489,12,8.172031811385912,12.323849277386609,0.6537886243749994,0.9140478653773472
conilon_EUNAPOLIS,1,E3_financial,LightGBM,2026,5489,12,6.832108379966386,3.5246130402971487,0.883704266688404,1.0450140276838067
conilon_EUNAPOLIS,1,E3_financial,XGBoost,2026,5489,12,6.771152802360327,2.9728062974727045,0.9328156059638796,1.0640600389438115
conilon_EUNAPOLIS,1,E4_full,RandomForest,2004,500,239,19.678177964747505,114.42326024144188,0.967688211766505,1.6315818947616738
conilon_EUNAPOLIS,1,E4_full,LightGBM,2004,500,239,5150.505536989939,43923.31592691877,0.9071938500398304,1.6821365290044363
conilon_EUNAPOLIS,1,E4_full,XGBoost,2004,500,239,1532.5552963222783,13033.353572536107,1.045364202120329,1.808598801654824
conilon_EUNAPOLIS,1,E4_full,RandomForest,2005,739,239,9.17712614302686,23.18419231975108,0.6947527190094085,0.9379312373822244
conilon_EUNAPOLIS,1,E4_full,LightGBM,2005,739,239,9.940818065325036,28.031138708050868,0.937947626299077,1.2138950545667937
conilon_EUNAPOLIS,1,E4_full,XGBoost,2005,739,239,12.32670725182152,38.60985414825441,1.048565910227719,1.2286863120477631
conilon_EUNAPOLIS,1,E4_full,RandomForest,2006,978,239,14.834543701039935,63.15247121150227,0.7050187923724237,1.1468941875182468
conilon_EUNAPOLIS,1,E4_full,LightGBM,2006,978,239,5974.448180502527,39644.355273352,0.5890557784631157,1.1781933656474786
conilon_EUNAPOLIS,1,E4_full,XGBoost,2006,978,239,2008.40335386616,13311.34994954605,0.6500586845708024,1.219045595262383
conilon_EUNAPOLIS,1,E4_full,RandomForest,2007,1217,241,10.322187845247626,40.81609584771606,0.6944021450859994,0.9791059276777668
conilon_EUNAPOLIS,1,E4_full,LightGBM,2007,1217,241,388.6102899197375,3688.0801157271994,0.939481233320565,1.3157348004047555
conilon_EUNAPOLIS,1,E4_full,XGBoost,2007,1217,241,13.000817376387102,66.99275716063823,0.8536998354587452,1.203921282364211
conilon_EUNAPOLIS,1,E4_full,RandomForest,2008,1458,239,8.725955081548154,18.634533152931567,0.9299766640761832,1.140175885321158
conilon_EUNAPOLIS,1,E4_full,LightGBM,2008,1458,239,1285.6877420192316,10925.051052603916,1.061546944501107,1.4569010252872876
conilon_EUNAPOLIS,1,E4_full,XGBoost,2008,1458,239,746.3433658493134,6323.381810233276,1.1087866964716488,1.586010569382393
conilon_EUNAPOLIS,1,E4_full,RandomForest,2009,1697,232,18.515104627869807,93.94217797951892,0.7827040671147484,1.4136655133935885
conilon_EUNAPOLIS,1,E4_full,LightGBM,2009,1697,232,7627.329869115976,55266.34859604986,0.7995971106434584,1.5127700447920636
conilon_EUNAPOLIS,1,E4_full,XGBoost,2009,1697,232,968.2386789314132,6984.068593319565,0.8221022105402171,1.474756055155837
conilon_EUNAPOLIS,1,E4_full,RandomForest,2010,1929,237,15.55443315370406,69.8115836265252,0.7203159404620921,1.2192466551029513
conilon_EUNAPOLIS,1,E4_full,LightGBM,2010,1929,237,2346.848608944489,16328.39258325374,0.7343674199563384,1.2853550655450985
conilon_EUNAPOLIS,1,E4_full,XGBoost,2010,1929,237,1678.124900142258,11666.730525267423,0.7182109485115542,1.303258240953094
conilon_EUNAPOLIS,1,E4_full,RandomForest,2011,2166,100,89.47546887061604,837.7530590258364,0.8244686654377931,2.423491210063004
conilon_EUNAPOLIS,1,E4_full,LightGBM,2011,2166,100,374.28547686234447,3695.43247161264,0.8363824804110663,2.4615359642079597
conilon_EUNAPOLIS,1,E4_full,XGBoost,2011,2166,100,135.45963252094333,1301.7989903080756,0.873334384973559,2.495306145242305
conilon_EUNAPOLIS,1,E4_full,RandomForest,2012,2266,241,18.21804864609843,95.37462719523585,0.7654955861673203,1.27791470251699
conilon_EUNAPOLIS,1,E4_full,LightGBM,2012,2266,241,3132.8947275104474,23555.51966474568,0.8043882428550716,1.339291977963674
conilon_EUNAPOLIS,1,E4_full,XGBoost,2012,2266,241,663.639526050869,4960.810731247056,0.713839804779362,1.2483904979734448
conilon_EUNAPOLIS,1,E4_full,RandomForest,2013,2507,240,55.138487519187926,379.5210462974436,1.3616213494741574,4.987364738543472
conilon_EUNAPOLIS,1,E4_full,LightGBM,2013,2507,240,7471.728177483238,57799.23212370948,1.606492546668847,5.033674162430492
conilon_EUNAPOLIS,1,E4_full,XGBoost,2013,2507,240,43.07401952759769,284.50134167757903,1.7739292646125129,5.063796278986551
conilon_EUNAPOLIS,1,E4_full,RandomForest,2014,2747,238,11.310578108290663,34.052416877940665,1.4695022784096154,2.4545759878542768
conilon_EUNAPOLIS,1,E4_full,LightGBM,2014,2747,238,1147.7642879592051,7762.944425410197,1.733027118084846,2.875180197801624
conilon_EUNAPOLIS,1,E4_full,XGBoost,2014,2747,238,1543.5849034806497,10460.791450454455,0.8866864430972141,1.4004174523992472
conilon_EUNAPOLIS,1,E4_full,RandomForest,2015,2985,238,9.83804842212148,30.779697002232147,0.6314821285622703,0.9085496391678282
conilon_EUNAPOLIS,1,E4_full,LightGBM,2015,2985,238,25.08222299111368,146.5572076184365,0.7121271583402575,1.061106359242104
conilon_EUNAPOLIS,1,E4_full,XGBoost,2015,2985,238,10.725075205126618,37.67255259185238,0.77045257912212,1.892185384138114
conilon_EUNAPOLIS,1,E4_full,RandomForest,2016,3223,225,22.837748677907445,147.54599307620387,0.7060668996898821,1.5211920949920277
conilon_EUNAPOLIS,1,E4_full,LightGBM,2016,3223,225,194.2741972375678,1636.4436499804815,0.6781425443876863,1.5391911458890422
conilon_EUNAPOLIS,1,E4_full,XGBoost,2016,3223,225,229.00679842440871,1934.127619493126,0.7365905132532948,1.5683782295191602
conilon_EUNAPOLIS,1,E4_full,RandomForest,2017,3448,238,14.205929418814142,121.3661572108001,1.0028879036941536,1.59388092518169
conilon_EUNAPOLIS,1,E4_full,LightGBM,2017,3448,238,49.74768964334309,727.9901640329072,1.0179099224493275,1.6132347936639615
conilon_EUNAPOLIS,1,E4_full,XGBoost,2017,3448,238,22.96300335209387,292.941193219014,0.705595536525804,1.7209954657027704
conilon_EUNAPOLIS,1,E4_full,RandomForest,2018,3686,241,11.02686496340908,48.32746133402377,0.6528576076820516,1.0153981832788743
conilon_EUNAPOLIS,1,E4_full,LightGBM,2018,3686,241,109.96924056916512,992.2761054315484,1.1125882732410153,1.435190647310007
conilon_EUNAPOLIS,1,E4_full,XGBoost,2018,3686,241,110.46281675029836,1003.3639712235552,1.2399183961082578,2.578867071970706
conilon_EUNAPOLIS,1,E4_full,RandomForest,2019,3927,239,10.213089108217478,30.550504874120023,0.5818437936183922,0.8610673029940614
conilon_EUNAPOLIS,1,E4_full,LightGBM,2019,3927,239,464.7122868499831,2824.942618898643,0.5223931922344636,0.8862989112477551
conilon_EUNAPOLIS,1,E4_full,XGBoost,2019,3927,239,158.25691766326116,943.7944035422116,0.63184262274335,1.1222159894797084
conilon_EUNAPOLIS,1,E4_full,RandomForest,2020,4166,239,9.534117493401965,27.652973632181656,0.7539818552894635,1.098902979543507
conilon_EUNAPOLIS,1,E4_full,LightGBM,2020,4166,239,271.74802887862745,2053.273376706252,0.718594996427151,1.0650699415929763
conilon_EUNAPOLIS,1,E4_full,XGBoost,2020,4166,239,15.342974277751445,67.01349590263214,1.1673472851260198,1.558263516831445
conilon_EUNAPOLIS,1,E4_full,RandomForest,2021,4405,241,12.948165357687149,38.73979903709499,1.087634746564246,1.5931752481992143
conilon_EUNAPOLIS,1,E4_full,LightGBM,2021,4405,241,504.1711595231021,2736.876175873077,0.96256885024741,1.5868785683320896
conilon_EUNAPOLIS,1,E4_full,XGBoost,2021,4405,241,282.8081685371142,1520.288293536478,0.9426447252974712,1.472755835799011
conilon_EUNAPOLIS,1,E4_full,RandomForest,2022,4646,244,17.596699371433477,70.12125823287954,0.735432835948524,1.419384714890606
conilon_EUNAPOLIS,1,E4_full,LightGBM,2022,4646,244,2950.0112367933925,16711.03654950734,0.763136925420639,1.4479138741699782
conilon_EUNAPOLIS,1,E4_full,XGBoost,2022,4646,244,1979.042732093376,11201.202306325624,0.9697073112115576,2.763892212055661
conilon_EUNAPOLIS,1,E4_full,RandomForest,2023,4890,236,17.13560916481106,79.09568742387043,0.674298650424126,1.4166701608118406
conilon_EUNAPOLIS,1,E4_full,LightGBM,2023,4890,236,21.170867490079395,107.1891297811936,0.6910323348039545,1.435308469634753
conilon_EUNAPOLIS,1,E4_full,XGBoost,2023,4890,236,33.79078775954911,193.72725938113487,0.7282834223359759,1.5776826179583006
conilon_EUNAPOLIS,1,E4_full,RandomForest,2024,5126,124,140.28871097305728,292.23116212778035,1.3248125136285775,4.143217260595785
conilon_EUNAPOLIS,1,E4_full,LightGBM,2024,5126,124,310.66791687862474,657.4876630213626,1.3351949274151969,4.1664578521140525
conilon_EUNAPOLIS,1,E4_full,XGBoost,2024,5126,124,527.1591704088283,1120.6368347877233,1.330579841447685,4.167601926442854
conilon_EUNAPOLIS,1,E4_full,RandomForest,2025,5250,239,39.70485361256569,74.43166471410974,1.4632715600457649,3.4154184490610837
conilon_EUNAPOLIS,1,E4_full,LightGBM,2025,5250,239,235.6337273013831,478.4904695245148,1.722587664189401,4.441642389685233
conilon_EUNAPOLIS,1,E4_full,XGBoost,2025,5250,239,397.011476565576,810.7543240673426,1.5361935380548866,3.4635526885887367
conilon_EUNAPOLIS,1,E4_full,RandomForest,2026,5489,12,9.2827740559213,16.831925903251566,0.6578244342534054,0.930636847096629
conilon_EUNAPOLIS,1,E4_full,LightGBM,2026,5489,12,6.916482093663308,6.190377684317195,0.7317109228061437,0.9165175129704172
conilon_EUNAPOLIS,1,E4_full,XGBoost,2026,5489,12,8.291105581205295,9.370269339231418,1.135567528074596,1.5133708245327415
conilon_EUNAPOLIS,5,E1_own,RandomForest,2004,496,239,6.07976794840782,1.8842897548129376,2.7276102910973026,3.363027181603853
conilon_EUNAPOLIS,5,E1_own,LightGBM,2004,496,239,409.2490997915773,792.4613173461506,2.8845474667750906,3.6965745393159297
conilon_EUNAPOLIS,5,E1_own,XGBoost,2004,496,239,447.2023597022736,866.5400778482743,2.8175207131519056,3.6858283620057857
conilon_EUNAPOLIS,5,E1_own,RandomForest,2005,735,239,4.421931184595568,0.5333638066517766,1.843671220238054,2.166077424448151
conilon_EUNAPOLIS,5,E1_own,LightGBM,2005,735,239,451.3593812005709,742.5806221100381,2.402120317717669,2.869659417631043
conilon_EUNAPOLIS,5,E1_own,XGBoost,2005,735,239,6.396702168578796,3.6855024659196713,2.398153313045699,2.9015076781531848
conilon_EUNAPOLIS,5,E1_own,RandomForest,2006,974,239,4.968801532329966,1.3333651913544708,1.661621572249214,2.027199279882036
conilon_EUNAPOLIS,5,E1_own,LightGBM,2006,974,239,337.2747328568951,589.8388451491503,1.8951149865244736,2.3142995090107954
conilon_EUNAPOLIS,5,E1_own,XGBoost,2006,974,239,5.764351910095607,2.737315583236215,1.7991492642060551,2.207383119779048
conilon_EUNAPOLIS,5,E1_own,RandomForest,2007,1213,241,5.711773618579762,0.8751731707657309,1.835774863266482,2.1100275505058472
conilon_EUNAPOLIS,5,E1_own,LightGBM,2007,1213,241,21.898833932525616,36.298585161107866,1.8747649599437368,2.2365995072884663
conilon_EUNAPOLIS,5,E1_own,XGBoost,2007,1213,241,9.591314341571865,9.680774195859984,1.7992734110592774,2.1290681073072566
conilon_EUNAPOLIS,5,E1_own,RandomForest,2008,1454,239,5.70150944863718,1.175100583896545,1.6428920843199604,1.8710238812308813
conilon_EUNAPOLIS,5,E1_own,LightGBM,2008,1454,239,615.0319020259242,1313.020842008214,1.915613225561677,2.1717694200625104
conilon_EUNAPOLIS,5,E1_own,XGBoost,2008,1454,239,6.742974881157811,3.130536768036182,1.884262443086798,2.172461125512714
conilon_EUNAPOLIS,5,E1_own,RandomForest,2009,1693,232,6.469820477738219,4.076387646163516,1.893978369256683,2.7166611952478115
conilon_EUNAPOLIS,5,E1_own,LightGBM,2009,1693,232,457.7047479397989,802.9677109516615,2.263866031881116,2.987545278014785
conilon_EUNAPOLIS,5,E1_own,XGBoost,2009,1693,232,445.1685352975136,781.0316816231186,2.082144083183562,2.857005796419443
conilon_EUNAPOLIS,5,E1_own,RandomForest,2010,1925,237,5.406857477328987,2.550047197279475,1.6559599205519582,2.169452368774152
conilon_EUNAPOLIS,5,E1_own,LightGBM,2010,1925,237,14.116926312228989,17.776729575291256,1.9012566852506851,2.464187525971352
conilon_EUNAPOLIS,5,E1_own,XGBoost,2010,1925,237,8.260135660328551,7.685984084526467,1.7186573078200604,2.333439973696351
conilon_EUNAPOLIS,5,E1_own,RandomForest,2011,2162,100,16.718617782882216,24.904216404845982,2.6116647794443923,5.063267736055578
conilon_EUNAPOLIS,5,E1_own,LightGBM,2011,2162,100,3100.383647202174,6585.997829881015,2.803973206938141,5.355827008873477
conilon_EUNAPOLIS,5,E1_own,XGBoost,2011,2162,100,31.604968594544463,56.93355946049935,2.581988082757473,5.168735150602973
conilon_EUNAPOLIS,5,E1_own,RandomForest,2012,2262,241,5.554907274304346,2.1652992750539,2.015960705839883,2.427838239993148
conilon_EUNAPOLIS,5,E1_own,LightGBM,2012,2262,241,574.0908178614757,1024.618102354142,2.3359854265404665,2.8029128798235896
conilon_EUNAPOLIS,5,E1_own,XGBoost,2012,2262,241,6.41416297699934,3.79495911209224,2.0199384215532747,2.491540469842329
conilon_EUNAPOLIS,5,E1_own,RandomForest,2013,2503,240,34.446060501771235,59.980895685896456,4.581945182768806,10.772722289440903
conilon_EUNAPOLIS,5,E1_own,LightGBM,2013,2503,240,75.42356445736672,143.45217513869304,4.732870800556276,10.991358768010723
conilon_EUNAPOLIS,5,E1_own,XGBoost,2013,2503,240,218.07975287944728,433.4872628398531,4.807443779993763,11.022821804004996
conilon_EUNAPOLIS,5,E1_own,RandomForest,2014,2743,238,4.61836591458902,1.4087797472873032,1.6237465603553105,1.9257537742006845
conilon_EUNAPOLIS,5,E1_own,LightGBM,2014,2743,238,4.683563565637563,1.6472036945791224,1.710263473701911,2.2155269168918865
conilon_EUNAPOLIS,5,E1_own,XGBoost,2014,2743,238,406.7077355707193,666.1221355521361,2.048970001899362,3.5023659047350875
conilon_EUNAPOLIS,5,E1_own,RandomForest,2015,2981,238,5.037913884331156,0.8707793887158637,1.431482400030991,1.6671726185024025
conilon_EUNAPOLIS,5,E1_own,LightGBM,2015,2981,238,5.23955276049425,1.3926302175649137,1.7560788630368702,2.39883794303807
conilon_EUNAPOLIS,5,E1_own,XGBoost,2015,2981,238,5.930549603113841,2.6786434128570518,1.5068167080268455,1.7898068925877535
conilon_EUNAPOLIS,5,E1_own,RandomForest,2016,3219,225,7.891496874806278,5.74196018670861,2.3448811556056555,3.194249226824044
conilon_EUNAPOLIS,5,E1_own,LightGBM,2016,3219,225,7.953523450228378,6.074472772260631,2.285079210363921,3.210222756371316
conilon_EUNAPOLIS,5,E1_own,XGBoost,2016,3219,225,8.542391850912132,7.270913642614717,2.326035190190488,3.2377490011432597
conilon_EUNAPOLIS,5,E1_own,RandomForest,2017,3444,238,9.163393515748767,8.201172806378292,2.402669844509061,3.140253434690843
conilon_EUNAPOLIS,5,E1_own,LightGBM,2017,3444,238,9.386425092812871,9.16892100859394,2.404156273526546,3.158819349116771
conilon_EUNAPOLIS,5,E1_own,XGBoost,2017,3444,238,9.522147943366594,9.701059952401025,2.3776858084546806,3.165795816086216
conilon_EUNAPOLIS,5,E1_own,RandomForest,2018,3682,241,5.848215638512721,1.392484273754112,1.5887978161241183,1.803809905125331
conilon_EUNAPOLIS,5,E1_own,LightGBM,2018,3682,241,6.33607683939599,2.6811045130726563,1.8219784023750811,2.347066812019301
conilon_EUNAPOLIS,5,E1_own,XGBoost,2018,3682,241,6.220513553660547,2.5374830448153576,1.5558340405418325,1.7914247759632913
conilon_EUNAPOLIS,5,E1_own,RandomForest,2019,3923,239,3.6548723522607567,0.6696627056115885,1.192748052762863,1.5532081662709012
conilon_EUNAPOLIS,5,E1_own,LightGBM,2019,3923,239,3.62720733883696,0.8763061953799766,1.1136480812589589,1.5164650708855223
conilon_EUNAPOLIS,5,E1_own,XGBoost,2019,3923,239,3.8902732334730006,1.2804998788588255,1.075974127352976,1.373767065588336
conilon_EUNAPOLIS,5,E1_own,RandomForest,2020,4162,239,5.160677649620004,1.5036393538537216,1.401842594574102,1.8402482572101715
conilon_EUNAPOLIS,5,E1_own,LightGBM,2020,4162,239,5.521174690792514,2.109546480437096,1.647536284660705,2.260305424511963
conilon_EUNAPOLIS,5,E1_own,XGBoost,2020,4162,239,5.716346188873598,2.6020241076092634,1.442731821253167,1.880075500650752
conilon_EUNAPOLIS,5,E1_own,RandomForest,2021,4401,241,5.030699140746823,2.682641389417812,1.8499101890288543,2.34217194285191
conilon_EUNAPOLIS,5,E1_own,LightGBM,2021,4401,241,5.323779456965817,3.1955178988968216,1.8748297920857695,2.3809482079754773
conilon_EUNAPOLIS,5,E1_own,XGBoost,2021,4401,241,5.674756634398922,3.640397385398608,1.9793796969820008,2.535397775876061
conilon_EUNAPOLIS,5,E1_own,RandomForest,2022,4642,244,5.997673673153348,3.7684842578914313,2.077932599893039,2.6496428677049515
conilon_EUNAPOLIS,5,E1_own,LightGBM,2022,4642,244,5.762385820917382,3.3576177760518555,2.11249227781066,2.655872630910656
conilon_EUNAPOLIS,5,E1_own,XGBoost,2022,4642,244,5.998957941409113,3.970586135609167,1.9777551234637831,2.613203616482016
conilon_EUNAPOLIS,5,E1_own,RandomForest,2023,4886,236,6.476235913609711,4.4636369286950766,2.0042277706524168,2.890795519108861
conilon_EUNAPOLIS,5,E1_own,LightGBM,2023,4886,236,8.337425269778969,7.435862761446713,2.486230012797093,3.7885940082095817
conilon_EUNAPOLIS,5,E1_own,XGBoost,2023,4886,236,6.982937934821719,5.425613455157095,2.2715968643919315,3.6752407864893737
conilon_EUNAPOLIS,5,E1_own,RandomForest,2024,5122,124,22.45307550907157,22.45307550907157,3.581671010446116,8.811970278199235
conilon_EUNAPOLIS,5,E1_own,LightGBM,2024,5122,124,25.29520388052919,25.29520388052919,3.6247082457636175,8.821131057399365
conilon_EUNAPOLIS,5,E1_own,XGBoost,2024,5122,124,21.468618972753983,21.468618972753983,3.652203386606945,8.809679291771209
conilon_EUNAPOLIS,5,E1_own,RandomForest,2025,5246,239,9.366293186724675,9.366984773677917,4.094211276274772,8.141697051139825
conilon_EUNAPOLIS,5,E1_own,LightGBM,2025,5246,239,18030.402424875705,18415.472242691747,6.10937739628854,12.07967298273054
conilon_EUNAPOLIS,5,E1_own,XGBoost,2025,5246,239,44638.88139524608,45592.50759794897,3.675989475778029,7.336468427540829
conilon_EUNAPOLIS,5,E1_own,RandomForest,2026,5485,8,0.5019455540615537,0.5019455540615537,0.9196165157270964,1.057673536053497
conilon_EUNAPOLIS,5,E1_own,LightGBM,2026,5485,8,0.730606941933982,0.730606941933982,2.2313375160895,2.5355337492905563
conilon_EUNAPOLIS,5,E1_own,XGBoost,2026,5485,8,1.3660562582905986,1.3660562582905986,7.02768542959809,10.637226371841
conilon_EUNAPOLIS,5,E2_cross_commodity,RandomForest,2004,496,239,6.012834381752077,2.0507027678848533,2.4694378471142984,3.082121058033397
conilon_EUNAPOLIS,5,E2_cross_commodity,LightGBM,2004,496,239,17.237203459844203,24.5854271279106,2.542584022297961,3.358606681813124
conilon_EUNAPOLIS,5,E2_cross_commodity,XGBoost,2004,496,239,899.6432338743931,1752.9528297427603,2.6174030439472538,3.3980565455652805
conilon_EUNAPOLIS,5,E2_cross_commodity,RandomForest,2005,735,239,4.363720316478999,0.5387462411561484,1.7989394283019478,2.14699482428286
conilon_EUNAPOLIS,5,E2_cross_commodity,LightGBM,2005,735,239,4.825108836072549,1.396555398889423,2.562243767289908,3.2149076305928665
conilon_EUNAPOLIS,5,E2_cross_commodity,XGBoost,2005,735,239,8.059606132277718,6.616936384507694,2.308624038935537,2.858870537756985
conilon_EUNAPOLIS,5,E2_cross_commodity,RandomForest,2006,974,239,4.89489572370534,1.1452692858695774,1.7022196173647333,2.093295321579036
conilon_EUNAPOLIS,5,E2_cross_commodity,LightGBM,2006,974,239,539.1312643117069,947.1913896630732,1.8942557770346424,2.303681518500601
conilon_EUNAPOLIS,5,E2_cross_commodity,XGBoost,2006,974,239,5.474620179128997,2.157093408762835,1.9487070481686244,2.43262946004757
conilon_EUNAPOLIS,5,E2_cross_commodity,RandomForest,2007,1213,241,5.805711772645555,0.5444022317768454,2.114513173426737,2.429329597740906
conilon_EUNAPOLIS,5,E2_cross_commodity,LightGBM,2007,1213,241,6.582435487659623,1.0256406895591508,4.356989634773994,4.890500678270076
conilon_EUNAPOLIS,5,E2_cross_commodity,XGBoost,2007,1213,241,6.093125281179219,0.6518404174644667,2.888212347522597,3.2362627445009537
conilon_EUNAPOLIS,5,E2_cross_commodity,RandomForest,2008,1454,239,5.607462752482071,0.9787860298633868,1.6134805182222989,1.8544183529472007
conilon_EUNAPOLIS,5,E2_cross_commodity,LightGBM,2008,1454,239,266.8000359949864,563.7447054409505,1.779138717919575,2.150887372445266
conilon_EUNAPOLIS,5,E2_cross_commodity,XGBoost,2008,1454,239,282.95212295810273,598.4003203347629,1.7971275134951097,2.1155181586338885
conilon_EUNAPOLIS,5,E2_cross_commodity,RandomForest,2009,1693,232,6.540870520613188,4.382481174494304,1.866087597069309,2.6921137463026668
conilon_EUNAPOLIS,5,E2_cross_commodity,LightGBM,2009,1693,232,410.07405702065256,719.0313286359648,2.053307529076484,2.895578530280132
conilon_EUNAPOLIS,5,E2_cross_commodity,XGBoost,2009,1693,232,10.014235303112498,10.562295632290429,2.0662337509448614,2.89289560154686
conilon_EUNAPOLIS,5,E2_cross_commodity,RandomForest,2010,1925,237,5.128271343861083,2.0262943274723946,1.6279257588154237,2.1401918892549947
conilon_EUNAPOLIS,5,E2_cross_commodity,LightGBM,2010,1925,237,28.356516511994894,42.33855114643136,1.8446184332749385,2.4543004781652646
conilon_EUNAPOLIS,5,E2_cross_commodity,XGBoost,2010,1925,237,6.787692558007903,5.081246358463175,1.7811497230790645,2.390300187686539
conilon_EUNAPOLIS,5,E2_cross_commodity,RandomForest,2011,2162,100,12.43994426454046,15.653890764463569,2.644172081560543,4.984951847431968
conilon_EUNAPOLIS,5,E2_cross_commodity,LightGBM,2011,2162,100,247.5303217068092,516.4327793255629,2.6831347297069628,5.108804653375843
conilon_EUNAPOLIS,5,E2_cross_commodity,XGBoost,2011,2162,100,13.635466160676808,18.553263037312515,2.575499856475816,4.867780875528683
conilon_EUNAPOLIS,5,E2_cross_commodity,RandomForest,2012,2262,241,5.549720761589475,2.255265031844208,1.947601102627576,2.3621045147673585
conilon_EUNAPOLIS,5,E2_cross_commodity,LightGBM,2012,2262,241,17.851734162576374,24.323954627463184,2.0998393088085843,2.560834486606955
conilon_EUNAPOLIS,5,E2_cross_commodity,XGBoost,2012,2262,241,7.084157232214434,4.992294543180283,2.101017248044924,2.6011718240353683
conilon_EUNAPOLIS,5,E2_cross_commodity,RandomForest,2013,2503,240,37.64696826788397,66.52203423636622,4.519374800917662,10.736279391369182
conilon_EUNAPOLIS,5,E2_cross_commodity,LightGBM,2013,2503,240,91.93110711074182,176.82286797267358,4.721795971799282,10.789100787660017
conilon_EUNAPOLIS,5,E2_cross_commodity,XGBoost,2013,2503,240,46.84347485840184,85.20856160418182,4.674485158839965,10.783535360899574
conilon_EUNAPOLIS,5,E2_cross_commodity,RandomForest,2014,2743,238,4.463812424416927,1.1054875334240353,1.644421312055885,1.90413696059655
conilon_EUNAPOLIS,5,E2_cross_commodity,LightGBM,2014,2743,238,5.079303423456603,2.2265194780246262,2.0248890031627407,2.489983224424048
conilon_EUNAPOLIS,5,E2_cross_commodity,XGBoost,2014,2743,238,4.779959394304627,1.6996361340552022,1.885936573432523,2.3342507757652307
conilon_EUNAPOLIS,5,E2_cross_commodity,RandomForest,2015,2981,238,5.193998661918457,1.016452661828115,1.7046753145365277,2.043449552442437
conilon_EUNAPOLIS,5,E2_cross_commodity,LightGBM,2015,2981,238,7.679572069312917,5.726478370024489,2.171941371231623,2.866548934115504
conilon_EUNAPOLIS,5,E2_cross_commodity,XGBoost,2015,2981,238,6.576361457089097,3.6325677280688105,1.8525169574600664,2.2012962537625778
conilon_EUNAPOLIS,5,E2_cross_commodity,RandomForest,2016,3219,225,7.855924636826389,5.7911646424221255,2.26517816891398,3.155667139750248
conilon_EUNAPOLIS,5,E2_cross_commodity,LightGBM,2016,3219,225,9.072714547480116,8.401229277177105,2.4870836675336605,3.41110664069118
conilon_EUNAPOLIS,5,E2_cross_commodity,XGBoost,2016,3219,225,8.616550522263752,7.395146951743238,2.428624591260255,3.3203754852314087
conilon_EUNAPOLIS,5,E2_cross_commodity,RandomForest,2017,3444,238,8.732812974677824,4.580294775030646,3.5738908384454997,4.490797599042663
conilon_EUNAPOLIS,5,E2_cross_commodity,LightGBM,2017,3444,238,10.114389152682362,8.439512117411386,3.609923454417206,4.175193976175166
conilon_EUNAPOLIS,5,E2_cross_commodity,XGBoost,2017,3444,238,9.741820390369408,8.882451031263566,3.64463442759239,5.374771190217897
conilon_EUNAPOLIS,5,E2_cross_commodity,RandomForest,2018,3682,241,5.90369218021437,1.4878906562298992,1.6177707179668377,2.020762544123599
conilon_EUNAPOLIS,5,E2_cross_commodity,LightGBM,2018,3682,241,6.465773721886309,3.183130923047334,1.72058472251252,2.2425652781866394
conilon_EUNAPOLIS,5,E2_cross_commodity,XGBoost,2018,3682,241,6.876175660506823,4.50811392722596,1.552017577474285,2.1385733914552403
conilon_EUNAPOLIS,5,E2_cross_commodity,RandomForest,2019,3923,239,3.72117441032406,0.7907717995643004,1.3313106775251855,1.7480630362571294
conilon_EUNAPOLIS,5,E2_cross_commodity,LightGBM,2019,3923,239,299.6944207623794,451.7452074339421,1.5500190574264874,2.0599784312514253
conilon_EUNAPOLIS,5,E2_cross_commodity,XGBoost,2019,3923,239,150.57901973688138,224.6829847432365,1.491991561719544,2.1108588167316333
conilon_EUNAPOLIS,5,E2_cross_commodity,RandomForest,2020,4162,239,5.245133676284604,1.5635190439213,1.4082675433222296,1.873570523522387
conilon_EUNAPOLIS,5,E2_cross_commodity,LightGBM,2020,4162,239,7.766060473263112,6.676921042322008,1.4767198966388255,2.009820228187965
conilon_EUNAPOLIS,5,E2_cross_commodity,XGBoost,2020,4162,239,6.627053120991514,4.450514602851466,1.4637984599320597,1.9691697033673683
conilon_EUNAPOLIS,5,E2_cross_commodity,RandomForest,2021,4401,241,5.015647234840647,2.718040444511669,1.965925293531784,2.691521561897995
conilon_EUNAPOLIS,5,E2_cross_commodity,LightGBM,2021,4401,241,1218.4892413808293,1865.5641848943544,1.953024569591885,2.5056468515278003
conilon_EUNAPOLIS,5,E2_cross_commodity,XGBoost,2021,4401,241,5.491497539304791,3.700505586919479,1.801272177932033,2.3940123343896453
conilon_EUNAPOLIS,5,E2_cross_commodity,RandomForest,2022,4642,244,5.891112300226932,3.586209111670195,2.0610862585459238,2.645859802542248
conilon_EUNAPOLIS,5,E2_cross_commodity,LightGBM,2022,4642,244,9.504237601131493,9.770297549078627,2.319144350261653,2.993250600097137
conilon_EUNAPOLIS,5,E2_cross_commodity,XGBoost,2022,4642,244,7.325011052911533,6.04626403589082,2.255924710728372,2.910805508357633
conilon_EUNAPOLIS,5,E2_cross_commodity,RandomForest,2023,4886,236,6.903422340717819,5.246288717260176,1.858475937416137,2.762473237850069
conilon_EUNAPOLIS,5,E2_cross_commodity,LightGBM,2023,4886,236,6.0866604984231225,3.9975384147993114,1.7986162830041217,2.640532614779075
conilon_EUNAPOLIS,5,E2_cross_commodity,XGBoost,2023,4886,236,5.9901404948137,3.607075206131102,2.325032417975448,4.245751603851472
conilon_EUNAPOLIS,5,E2_cross_commodity,RandomForest,2024,5122,124,31.1523893681934,31.1523893681934,3.4273900833219217,8.76519765118012
conilon_EUNAPOLIS,5,E2_cross_commodity,LightGBM,2024,5122,124,30.51511849402227,30.51511849402227,3.533686184719936,8.793290746563331
conilon_EUNAPOLIS,5,E2_cross_commodity,XGBoost,2024,5122,124,36.09020709361474,36.09020709361474,3.4722942525373792,8.778870247544932
conilon_EUNAPOLIS,5,E2_cross_commodity,RandomForest,2025,5246,239,6.857937766820621,6.804185170433676,3.932256197586404,7.958121466758522
conilon_EUNAPOLIS,5,E2_cross_commodity,LightGBM,2025,5246,239,6.538816171424311,6.488297568865328,6.324007376133514,12.053307915791166
conilon_EUNAPOLIS,5,E2_cross_commodity,XGBoost,2025,5246,239,5.882711654691528,5.8201577267911455,3.3553637424200238,6.633513789325106
conilon_EUNAPOLIS,5,E2_cross_commodity,RandomForest,2026,5485,8,0.7931220697420367,0.7931220697420367,1.5057054159159664,1.7527804736318624
conilon_EUNAPOLIS,5,E2_cross_commodity,LightGBM,2026,5485,8,0.7530537388450412,0.7530537388450412,2.2052568596900866,2.679350291052637
conilon_EUNAPOLIS,5,E2_cross_commodity,XGBoost,2026,5485,8,0.9704550429224632,0.9704550429224632,3.3963800032389133,4.331605280809082
conilon_EUNAPOLIS,5,E3_financial,RandomForest,2004,496,239,6.264551716710964,2.84725564288046,2.289533801774731,2.9785003317035903
conilon_EUNAPOLIS,5,E3_financial,LightGBM,2004,496,239,10781.316547108903,21114.030458062975,2.304443543673885,3.200790826002126
conilon_EUNAPOLIS,5,E3_financial,XGBoost,2004,496,239,9680.01395955642,18956.081178710014,2.3405746931467286,3.2613074013566785
conilon_EUNAPOLIS,5,E3_financial,RandomForest,2005,735,239,4.305242966025045,0.547884768325784,1.6237034279860474,1.930448519267905
conilon_EUNAPOLIS,5,E3_financial,LightGBM,2005,735,239,225.5400402550472,367.6050747976476,2.1115109208988394,2.529486287811805
conilon_EUNAPOLIS,5,E3_financial,XGBoost,2005,735,239,225.6847705693522,367.9591519410718,2.127454128363855,2.5538656063998197
conilon_EUNAPOLIS,5,E3_financial,RandomForest,2006,974,239,5.161803049445267,1.6535289879339956,1.7865105442323084,2.139300278330341
conilon_EUNAPOLIS,5,E3_financial,LightGBM,2006,974,239,4206.951375307563,7441.193853346619,1.8723371109065887,2.276847465686718
conilon_EUNAPOLIS,5,E3_financial,XGBoost,2006,974,239,9707.308797605434,17179.406443182826,1.9206387525796296,2.388732431315505
conilon_EUNAPOLIS,5,E3_financial,RandomForest,2007,1213,241,6.154188164177377,1.8538787516022224,2.003860660499508,2.397575345218627
conilon_EUNAPOLIS,5,E3_financial,LightGBM,2007,1213,241,2616.3269750657523,5670.136630509884,1.7920069975998802,2.3237909478651853
conilon_EUNAPOLIS,5,E3_financial,XGBoost,2007,1213,241,3251.559927569371,7049.689686786556,1.6745851286407618,2.1847516037720425
conilon_EUNAPOLIS,5,E3_financial,RandomForest,2008,1454,239,7.6786001716905075,4.443219576614588,3.2622863700839404,4.207288779025585
conilon_EUNAPOLIS,5,E3_financial,LightGBM,2008,1454,239,7942.756979319419,17090.471564362764,3.84401032370604,5.097481017560959
conilon_EUNAPOLIS,5,E3_financial,XGBoost,2008,1454,239,6141.011041596093,13210.86564064324,4.013678964865055,5.541917245587485
conilon_EUNAPOLIS,5,E3_financial,RandomForest,2009,1693,232,8.704017774535556,8.482322952702775,1.8474318742146367,2.730982626539649
conilon_EUNAPOLIS,5,E3_financial,LightGBM,2009,1693,232,2712.079764813292,4796.045795215429,1.947213306988952,2.809089662914056
conilon_EUNAPOLIS,5,E3_financial,XGBoost,2009,1693,232,9.374426050789925,9.160228629457777,2.0271231829548726,2.8261691835584632
conilon_EUNAPOLIS,5,E3_financial,RandomForest,2010,1925,237,5.738335390598631,3.119478514331476,1.6809491992303165,2.2493771919198164
conilon_EUNAPOLIS,5,E3_financial,LightGBM,2010,1925,237,15.614498565339636,20.355608631914144,1.9235214485197931,2.543111305826315
conilon_EUNAPOLIS,5,E3_financial,XGBoost,2010,1925,237,10.256974602910198,11.048388728340129,1.7805931673845672,2.3495693765317425
conilon_EUNAPOLIS,5,E3_financial,RandomForest,2011,2162,100,16.13021492545917,23.532948687367377,2.686316758973716,5.103989510360958
conilon_EUNAPOLIS,5,E3_financial,LightGBM,2011,2162,100,27.94172260932787,48.7793811440382,2.7779529888067787,5.200441541402172
conilon_EUNAPOLIS,5,E3_financial,XGBoost,2011,2162,100,16.737110485994883,25.10694243809677,2.741164622404227,5.125807083079081
conilon_EUNAPOLIS,5,E3_financial,RandomForest,2012,2262,241,5.678126175226667,2.4521867825984,1.9126727886383388,2.295893013276813
conilon_EUNAPOLIS,5,E3_financial,LightGBM,2012,2262,241,8.811032528927967,7.836153932951705,2.0755600327346744,2.49289626451502
conilon_EUNAPOLIS,5,E3_financial,XGBoost,2012,2262,241,6.080299147537513,3.1790923556476893,1.9102481163291265,2.306088308499527
conilon_EUNAPOLIS,5,E3_financial,RandomForest,2013,2503,240,21.332351084111814,32.93409825132231,4.770714619759297,10.582475829429551
conilon_EUNAPOLIS,5,E3_financial,LightGBM,2013,2503,240,32.63354208307484,56.111540276463074,5.06581637842601,10.599820707815567
conilon_EUNAPOLIS,5,E3_financial,XGBoost,2013,2503,240,84.4998386163846,161.63866545418105,4.8701557045804105,10.677119976552168
conilon_EUNAPOLIS,5,E3_financial,RandomForest,2014,2743,238,4.783080255494645,1.084131723175795,3.101261305616553,4.433238088243054
conilon_EUNAPOLIS,5,E3_financial,LightGBM,2014,2743,238,4.951941124076292,1.325932460073864,3.5770464298602382,5.191730327573183
conilon_EUNAPOLIS,5,E3_financial,XGBoost,2014,2743,238,4.865671775264175,1.3333404856098712,2.6557370787477903,4.506985797767507
conilon_EUNAPOLIS,5,E3_financial,RandomForest,2015,2981,238,5.171550231571261,0.934043706930293,1.723699793853266,2.417106871151773
conilon_EUNAPOLIS,5,E3_financial,LightGBM,2015,2981,238,5.2907692092361485,1.095894744207697,1.8998358779504216,2.2778708477508838
conilon_EUNAPOLIS,5,E3_financial,XGBoost,2015,2981,238,5.615289499559938,1.5323969849667085,1.994149509451,2.8217087630101445
conilon_EUNAPOLIS,5,E3_financial,RandomForest,2016,3219,225,8.57763101405117,7.723169102151889,2.0559809759034784,3.0688140321585866
conilon_EUNAPOLIS,5,E3_financial,LightGBM,2016,3219,225,10.7241438408588,12.44823981058523,2.092813732502308,3.161445549463164
conilon_EUNAPOLIS,5,E3_financial,XGBoost,2016,3219,225,11.932301490270392,15.143153781048966,2.1436122681304903,3.1572330384540184
conilon_EUNAPOLIS,5,E3_financial,RandomForest,2017,3444,238,10.349358704703622,12.4289607764746,2.7167308633707905,4.028084818451572
conilon_EUNAPOLIS,5,E3_financial,LightGBM,2017,3444,238,104.35885137413676,336.6501434396666,2.563876267692432,3.444432094452309
conilon_EUNAPOLIS,5,E3_financial,XGBoost,2017,3444,238,32.50728148840318,90.4968566157473,2.5191458473033594,3.948064846611469
conilon_EUNAPOLIS,5,E3_financial,RandomForest,2018,3682,241,7.109512916950846,1.6420164893799116,4.60120572332092,5.180350246312604
conilon_EUNAPOLIS,5,E3_financial,LightGBM,2018,3682,241,1914.033362638954,4297.330922419972,5.60595466506052,6.7111402529458655
conilon_EUNAPOLIS,5,E3_financial,XGBoost,2018,3682,241,640.810709840559,1429.815467450899,4.229427547150203,5.324896836690911
conilon_EUNAPOLIS,5,E3_financial,RandomForest,2019,3923,239,4.244161969083031,1.9462340382442005,1.0648262192640934,1.356001409414313
conilon_EUNAPOLIS,5,E3_financial,LightGBM,2019,3923,239,183.73473898013836,275.2883248341517,1.1391485284167369,1.4149311903349355
conilon_EUNAPOLIS,5,E3_financial,XGBoost,2019,3923,239,85.8464441333272,125.96070079630724,1.476030781237134,1.803303839257728
conilon_EUNAPOLIS,5,E3_financial,RandomForest,2020,4162,239,6.149287925854718,1.8567945325622388,5.650184653463145,6.952060402998158
conilon_EUNAPOLIS,5,E3_financial,LightGBM,2020,4162,239,5.907100630749338,1.4358550680351945,4.726685331692655,6.062406594787346
conilon_EUNAPOLIS,5,E3_financial,XGBoost,2020,4162,239,5.854744241954199,1.3493370464194523,4.732852709745878,6.579455407051459
conilon_EUNAPOLIS,5,E3_financial,RandomForest,2021,4401,241,5.155613701080845,2.6548049109961456,2.128165665601291,2.6259418201957905
conilon_EUNAPOLIS,5,E3_financial,LightGBM,2021,4401,241,8.848415580220642,8.339458786369024,2.5346078580484,3.1250889844073373
conilon_EUNAPOLIS,5,E3_financial,XGBoost,2021,4401,241,6.310337427116728,4.480317465320278,2.2109211439954723,2.9957411439246844
conilon_EUNAPOLIS,5,E3_financial,RandomForest,2022,4642,244,6.3076216125403946,4.296454299800033,2.0720432582533186,2.6662938217622933
conilon_EUNAPOLIS,5,E3_financial,LightGBM,2022,4642,244,6.988124428775265,5.5046358381841545,2.079044247912602,2.7127093460085443
conilon_EUNAPOLIS,5,E3_financial,XGBoost,2022,4642,244,7.033544318114251,5.495230441518603,2.102828935286534,2.7256461237395366
conilon_EUNAPOLIS,5,E3_financial,RandomForest,2023,4886,236,7.5783613051091425,6.473233849615061,1.8250637351121035,2.781263070907055
conilon_EUNAPOLIS,5,E3_financial,LightGBM,2023,4886,236,87.81132425858135,141.59526391209042,1.986505372356533,2.9058260362814288
conilon_EUNAPOLIS,5,E3_financial,XGBoost,2023,4886,236,6.917392675716056,5.023196761744383,2.270815749092389,3.464999064282083
conilon_EUNAPOLIS,5,E3_financial,RandomForest,2024,5122,124,30.00644529094269,30.00644529094269,3.6112889944720896,8.906426438368811
conilon_EUNAPOLIS,5,E3_financial,LightGBM,2024,5122,124,748.0633893172329,748.0633893172329,3.663475115448381,8.847759980012961
conilon_EUNAPOLIS,5,E3_financial,XGBoost,2024,5122,124,27.68982683881612,27.68982683881612,3.750745362059087,8.89166534564124
conilon_EUNAPOLIS,5,E3_financial,RandomForest,2025,5246,239,8.000606954116915,7.97095766960757,4.182104828354486,8.073297026195153
conilon_EUNAPOLIS,5,E3_financial,LightGBM,2025,5246,239,10.23199733501933,10.254555825043989,6.595870968188895,12.10231528136462
conilon_EUNAPOLIS,5,E3_financial,XGBoost,2025,5246,239,14.301261040607478,14.416489235058238,3.655806785965282,7.092370279491185
conilon_EUNAPOLIS,5,E3_financial,RandomForest,2026,5485,8,0.599722224063637,0.599722224063637,1.0619055689455263,1.3247683894880389
conilon_EUNAPOLIS,5,E3_financial,LightGBM,2026,5485,8,0.8970203985414256,0.8970203985414256,2.156800020740671,2.316396010899048
conilon_EUNAPOLIS,5,E3_financial,XGBoost,2026,5485,8,1.2057733619544562,1.2057733619544562,3.5209534724009006,4.223816630618518
conilon_EUNAPOLIS,5,E4_full,RandomForest,2004,496,239,6.076350268803638,2.462700436278761,2.271891997423228,2.9339715178032235
conilon_EUNAPOLIS,5,E4_full,LightGBM,2004,496,239,12705.24643270242,24882.024320865752,2.242941859084058,3.110430371920326
conilon_EUNAPOLIS,5,E4_full,XGBoost,2004,496,239,16304.597480384213,31933.242207013514,2.2430061052958257,3.118063983249136
conilon_EUNAPOLIS,5,E4_full,RandomForest,2005,735,239,4.279795304549522,0.464343805449585,1.6415695367428191,1.9826995219112744
conilon_EUNAPOLIS,5,E4_full,LightGBM,2005,735,239,17.451513547864558,22.26229829721983,2.1390910329550272,2.5735983753948712
conilon_EUNAPOLIS,5,E4_full,XGBoost,2005,735,239,10.96477478644065,11.52387802053879,2.2334323862068697,2.691547540392078
conilon_EUNAPOLIS,5,E4_full,RandomForest,2006,974,239,5.130337220361432,1.724607640811481,1.6971764750724168,2.041942700676189
conilon_EUNAPOLIS,5,E4_full,LightGBM,2006,974,239,2246.6375862249206,3971.83266497704,1.7653654419069038,2.2850947370289423
conilon_EUNAPOLIS,5,E4_full,XGBoost,2006,974,239,2261.781858462544,3997.903520660053,1.7268215264437383,2.13783128554792
conilon_EUNAPOLIS,5,E4_full,RandomForest,2007,1213,241,5.943325907133254,1.3847990437004896,1.8713881676302253,2.1957591190394523
conilon_EUNAPOLIS,5,E4_full,LightGBM,2007,1213,241,10.727399145973434,12.71316950756119,1.8168672125381224,2.3615036803341223
conilon_EUNAPOLIS,5,E4_full,XGBoost,2007,1213,241,2487.755104646601,5391.254824486019,1.7455484590114212,2.227303220619117
conilon_EUNAPOLIS,5,E4_full,RandomForest,2008,1454,239,6.702185885312423,2.784627270572578,2.436030157971232,2.965933460774799
conilon_EUNAPOLIS,5,E4_full,LightGBM,2008,1454,239,7976.213898164812,17162.633865443266,3.264853645141454,4.017618776204955
conilon_EUNAPOLIS,5,E4_full,XGBoost,2008,1454,239,5673.267796037521,12203.952063254615,3.8630885907678,5.252941328202342
conilon_EUNAPOLIS,5,E4_full,RandomForest,2009,1693,232,7.348629714476624,5.991764114499279,1.843473447767249,2.700597725476887
conilon_EUNAPOLIS,5,E4_full,LightGBM,2009,1693,232,1636.5193241698144,2891.04856215924,1.9626357361331823,2.790566387428062
conilon_EUNAPOLIS,5,E4_full,XGBoost,2009,1693,232,49.263059886316725,79.76455374552245,2.085987058675788,2.86414453229718
conilon_EUNAPOLIS,5,E4_full,RandomForest,2010,1925,237,5.229996273513055,2.161100881677559,1.6577105589438144,2.157801363734743
conilon_EUNAPOLIS,5,E4_full,LightGBM,2010,1925,237,397.91767373550846,676.6600823862408,1.81551369158326,2.345195701356414
conilon_EUNAPOLIS,5,E4_full,XGBoost,2010,1925,237,627.1895473617944,1070.658966080837,1.7281883427329037,2.2991439792129014
conilon_EUNAPOLIS,5,E4_full,RandomForest,2011,2162,100,14.564362399524358,20.09403924796467,2.668010447915948,5.064994822043579
conilon_EUNAPOLIS,5,E4_full,LightGBM,2011,2162,100,21.580094934642347,35.11980779561333,2.820729049826325,5.1885155065254445
conilon_EUNAPOLIS,5,E4_full,XGBoost,2011,2162,100,17.486859303840237,26.67381287626366,2.740247905082224,5.08629195390512
conilon_EUNAPOLIS,5,E4_full,RandomForest,2012,2262,241,5.798538409286308,2.5715735292678445,2.002761917791396,2.3858257653852566
conilon_EUNAPOLIS,5,E4_full,LightGBM,2012,2262,241,7.852178713702385,6.269762619265988,2.1655078561475976,2.5749999520198434
conilon_EUNAPOLIS,5,E4_full,XGBoost,2012,2262,241,13.565938947746728,16.818551301055706,1.99992666748288,2.410986561492128
conilon_EUNAPOLIS,5,E4_full,RandomForest,2013,2503,240,31.18428088214956,53.16368240862017,4.5477533070301295,10.741249912764571
conilon_EUNAPOLIS,5,E4_full,LightGBM,2013,2503,240,52.2944898300485,96.42672829923012,4.888193528173544,10.83280531262825
conilon_EUNAPOLIS,5,E4_full,XGBoost,2013,2503,240,83.0628767412001,158.8679618807087,4.7378437077431785,10.81043833427831
conilon_EUNAPOLIS,5,E4_full,RandomForest,2014,2743,238,4.735425917237854,1.1267190897644437,2.9154670443613013,4.098673176229175
conilon_EUNAPOLIS,5,E4_full,LightGBM,2014,2743,238,4.709130581877582,1.022413773923393,3.106518871810441,3.95921549613364
conilon_EUNAPOLIS,5,E4_full,XGBoost,2014,2743,238,4.693016818196245,0.9607375818878272,2.9385461795595558,4.280952351163106
conilon_EUNAPOLIS,5,E4_full,RandomForest,2015,2981,238,5.180052249515783,1.006066228923114,1.6191568183583378,2.009057297397728
conilon_EUNAPOLIS,5,E4_full,LightGBM,2015,2981,238,6.106213906686981,2.17319295307258,2.439528139434522,2.965704219409024
conilon_EUNAPOLIS,5,E4_full,XGBoost,2015,2981,238,5.797750814671233,1.9151958987428377,1.931828374323889,2.3920895026732367
conilon_EUNAPOLIS,5,E4_full,RandomForest,2016,3219,225,8.496404399961012,7.483397531558323,2.090477395379817,3.08479466990654
conilon_EUNAPOLIS,5,E4_full,LightGBM,2016,3219,225,13.358279455536351,18.35155078631549,2.039893587122532,3.1438693336692287
conilon_EUNAPOLIS,5,E4_full,XGBoost,2016,3219,225,9.95235346430971,10.593149044888277,2.1343332786230595,3.159138065863602
conilon_EUNAPOLIS,5,E4_full,RandomForest,2017,3444,238,8.886640098685742,5.039669540913852,3.808037926257033,4.936340754955953
conilon_EUNAPOLIS,5,E4_full,LightGBM,2017,3444,238,19.36833930344214,41.16137378722799,3.40081491106091,4.125369542718006
conilon_EUNAPOLIS,5,E4_full,XGBoost,2017,3444,238,9.947662726737624,8.82728686219637,4.144248436768973,5.953606713146099
conilon_EUNAPOLIS,5,E4_full,RandomForest,2018,3682,241,6.452714407304504,1.0830486246248423,2.891583315330693,3.264647416682506
conilon_EUNAPOLIS,5,E4_full,LightGBM,2018,3682,241,323.649418814362,715.896795677547,3.626526341233808,4.760277773975357
conilon_EUNAPOLIS,5,E4_full,XGBoost,2018,3682,241,223.7157546182657,490.7841359157302,3.13741346927994,4.393034967536395
conilon_EUNAPOLIS,5,E4_full,RandomForest,2019,3923,239,3.937206495613971,1.2984267436079957,1.2780190826304334,1.6331276905351797
conilon_EUNAPOLIS,5,E4_full,LightGBM,2019,3923,239,5.893907409170764,4.072139524155337,1.7681483351645753,2.172674636328811
conilon_EUNAPOLIS,5,E4_full,XGBoost,2019,3923,239,331.17578510126395,499.5839457997578,1.7557453357316006,2.3776471146548217
conilon_EUNAPOLIS,5,E4_full,RandomForest,2020,4162,239,5.410932620469113,1.0256441152674902,2.8666055214795136,3.4811103223348767
conilon_EUNAPOLIS,5,E4_full,LightGBM,2020,4162,239,5.625679354256347,1.3823926066673002,3.1228220060161918,3.827979612005727
conilon_EUNAPOLIS,5,E4_full,XGBoost,2020,4162,239,5.375024743642018,0.9906265204086768,2.7356982577114737,3.3371343928603645
conilon_EUNAPOLIS,5,E4_full,RandomForest,2021,4401,241,5.155565406980076,2.747936520447094,2.385108171521148,2.963385621835388
conilon_EUNAPOLIS,5,E4_full,LightGBM,2021,4401,241,2584.781829574415,3962.4650140790905,3.168715455105347,3.979198850195516
conilon_EUNAPOLIS,5,E4_full,XGBoost,2021,4401,241,6.712863019634006,5.13156935368836,2.9642846397578837,4.237612793633032
conilon_EUNAPOLIS,5,E4_full,RandomForest,2022,4642,244,6.0835277083048585,3.9791497344962936,2.0010872463258087,2.6274701460663645
conilon_EUNAPOLIS,5,E4_full,LightGBM,2022,4642,244,10.43558913613646,11.083597873055902,2.137602099911009,2.826348549434442
conilon_EUNAPOLIS,5,E4_full,XGBoost,2022,4642,244,7.306388865611213,5.90660915365892,2.148996862886437,2.8431083011602065
conilon_EUNAPOLIS,5,E4_full,RandomForest,2023,4886,236,6.742488652562028,5.038578137703137,1.801301091676204,2.7012174008974124
conilon_EUNAPOLIS,5,E4_full,LightGBM,2023,4886,236,5.557919723310862,2.825420138952933,1.993045701906944,2.7191719018564027
conilon_EUNAPOLIS,5,E4_full,XGBoost,2023,4886,236,5.5333911259834965,2.5537209939817727,2.470148288636003,3.76492471827609
conilon_EUNAPOLIS,5,E4_full,RandomForest,2024,5122,124,33.95006696973951,33.95006696973951,3.467131784824581,8.804722390596188
conilon_EUNAPOLIS,5,E4_full,LightGBM,2024,5122,124,48.90855775414087,48.90855775414087,3.468599405951197,8.841873057512144
conilon_EUNAPOLIS,5,E4_full,XGBoost,2024,5122,124,55.193363669476426,55.193363669476426,3.559079663527218,8.932359679001202
conilon_EUNAPOLIS,5,E4_full,RandomForest,2025,5246,239,6.069909060941004,5.999602177427874,3.953745324546282,7.889637145519089
conilon_EUNAPOLIS,5,E4_full,LightGBM,2025,5246,239,18015.9787017489,18400.735015738737,6.245883943236499,11.588909814482736
conilon_EUNAPOLIS,5,E4_full,XGBoost,2025,5246,239,5.854139981028516,5.781397083270681,3.667171873420269,6.747868556521888
conilon_EUNAPOLIS,5,E4_full,RandomForest,2026,5485,8,0.7288202358331063,0.7288202358331063,1.3209695226094444,1.643702470786352
conilon_EUNAPOLIS,5,E4_full,LightGBM,2026,5485,8,0.7850120743127111,0.7850120743127111,2.2397204674542386,2.6678011704550206
conilon_EUNAPOLIS,5,E4_full,XGBoost,2026,5485,8,0.7048803339123874,0.7048803339123874,2.606987666189443,3.770694102069152
conilon_EUNAPOLIS,20,E1_own,RandomForest,2004,481,239,0.9697804293908197,0.6223104919206486,3.8920958612043632,4.549193010663964
conilon_EUNAPOLIS,20,E1_own,LightGBM,2004,481,239,0.9833847392097134,0.6521626442319599,3.877333701520792,4.604825637078799
conilon_EUNAPOLIS,20,E1_own,XGBoost,2004,481,239,0.89310971629397,0.5671514843725344,3.521722847081418,4.255517697695045
conilon_EUNAPOLIS,20,E1_own,RandomForest,2005,720,239,0.7467789059341274,0.6983074865474266,3.900189682065067,4.844545720584791
conilon_EUNAPOLIS,20,E1_own,LightGBM,2005,720,239,0.8682477614042539,0.8196533945306519,4.550741144076524,5.670779502020151
conilon_EUNAPOLIS,20,E1_own,XGBoost,2005,720,239,0.8175335253204731,0.7720985730863983,4.380395299125094,5.686990207196608
conilon_EUNAPOLIS,20,E1_own,RandomForest,2006,959,239,0.7171357570506669,0.377693103260191,2.2851019287561725,2.8205688697107907
conilon_EUNAPOLIS,20,E1_own,LightGBM,2006,959,239,0.9435802793785604,0.6155704848338924,2.633143565945838,3.332896402046725
conilon_EUNAPOLIS,20,E1_own,XGBoost,2006,959,239,0.8340875675490812,0.4975593452856324,2.4703166470759763,3.3159204523457837
conilon_EUNAPOLIS,20,E1_own,RandomForest,2007,1198,241,1.1748718593051897,0.7667301981721459,3.065484762708937,3.4915800240670394
conilon_EUNAPOLIS,20,E1_own,LightGBM,2007,1198,241,1.1912928501345936,0.783483539860185,3.094994038691453,3.70600655438761
conilon_EUNAPOLIS,20,E1_own,XGBoost,2007,1198,241,1.2125860463209062,0.8137242063818506,3.143238774373456,3.803034612613735
conilon_EUNAPOLIS,20,E1_own,RandomForest,2008,1439,239,2.271051303788164,0.3506145283743321,2.427238962181532,2.9513863097734854
conilon_EUNAPOLIS,20,E1_own,LightGBM,2008,1439,239,2.3141221617675933,0.4022715250042493,2.474764399236438,3.055768243041135
conilon_EUNAPOLIS,20,E1_own,XGBoost,2008,1439,239,2.370481634357602,0.4456259592203345,2.6615568170578934,3.2703372251480936
conilon_EUNAPOLIS,20,E1_own,RandomForest,2009,1678,232,1.7897729855205804,1.0543752830678252,3.365867083267954,4.511170334692888
conilon_EUNAPOLIS,20,E1_own,LightGBM,2009,1678,232,2.225115175473216,1.5251743737135397,3.842677251656795,5.1759339507625866
conilon_EUNAPOLIS,20,E1_own,XGBoost,2009,1678,232,1.9357570729997704,1.207170102431279,3.356361612445552,4.555896186708114
conilon_EUNAPOLIS,20,E1_own,RandomForest,2010,1910,237,0.5285595157106433,0.5285595157106433,2.15051465874379,2.663873792948426
conilon_EUNAPOLIS,20,E1_own,LightGBM,2010,1910,237,0.7132428612550356,0.7132428612550356,2.577770898157953,3.2137680301977003
conilon_EUNAPOLIS,20,E1_own,XGBoost,2010,1910,237,0.6421364721287779,0.6421364721287779,2.3503795601998347,2.905168692896724
conilon_EUNAPOLIS,20,E1_own,RandomForest,2011,2147,100,3.54671480692153,3.2675055962713704,4.684035131065513,8.132210342118187
conilon_EUNAPOLIS,20,E1_own,LightGBM,2011,2147,100,5.602616374857373,5.366317821308009,5.196775799719672,8.749739519163453
conilon_EUNAPOLIS,20,E1_own,XGBoost,2011,2147,100,4.174629503589999,3.919334663352013,5.060004225839097,8.29668847523904
conilon_EUNAPOLIS,20,E1_own,RandomForest,2012,2247,241,1.283951656747227,1.1120039004410656,3.1019604714202558,4.587073340696495
conilon_EUNAPOLIS,20,E1_own,LightGBM,2012,2247,241,1.2290773299176403,1.0553940943163973,3.679009405461231,5.074033203605906
conilon_EUNAPOLIS,20,E1_own,XGBoost,2012,2247,241,1.204311849374268,1.0309252491020098,3.309608602561935,4.52116583516905
conilon_EUNAPOLIS,20,E1_own,RandomForest,2013,2488,240,17.737258318198585,18.545470987976756,9.843881240807326,19.85660624762553
conilon_EUNAPOLIS,20,E1_own,LightGBM,2013,2488,240,18.26422902985562,19.14337295114412,9.738976306672594,19.819831055461883
conilon_EUNAPOLIS,20,E1_own,XGBoost,2013,2488,240,18.48981600029825,19.389042179028607,9.7893461238614,19.836737903338157
conilon_EUNAPOLIS,20,E1_own,RandomForest,2014,2728,238,0.4377977499492418,0.4377977499492418,1.906524208301291,2.517583259828112
conilon_EUNAPOLIS,20,E1_own,LightGBM,2014,2728,238,5727.486834340635,5727.486834340635,2.174983321429376,3.032965208809014
conilon_EUNAPOLIS,20,E1_own,XGBoost,2014,2728,238,0.4428961900501593,0.4428961900501593,2.156162564952271,2.784844013999056
conilon_EUNAPOLIS,20,E1_own,RandomForest,2015,2966,238,1.390776160883152,0.612822120166852,2.485757223557226,2.781147783827331
conilon_EUNAPOLIS,20,E1_own,LightGBM,2015,2966,238,1.4634686683210902,0.7104159159103033,2.875922226121836,3.495564532345085
conilon_EUNAPOLIS,20,E1_own,XGBoost,2015,2966,238,1.3499727020854917,0.5748505795491191,2.325764300864287,2.6031248662194666
conilon_EUNAPOLIS,20,E1_own,RandomForest,2016,3204,225,1.78282465327898,1.2235503734718596,3.466791723367928,4.530118805716257
conilon_EUNAPOLIS,20,E1_own,LightGBM,2016,3204,225,1.894897572533405,1.3383047464927955,3.7476134684945697,4.769221464755968
conilon_EUNAPOLIS,20,E1_own,XGBoost,2016,3204,225,1.7930726075252272,1.2240835852546714,3.623649737604433,4.715744792762249
conilon_EUNAPOLIS,20,E1_own,RandomForest,2017,3429,238,4.747363760733192,1.44655074625211,3.985681713407876,4.833076901902028
conilon_EUNAPOLIS,20,E1_own,LightGBM,2017,3429,238,1227.4574411188169,1831.7202063170776,4.100014477474896,4.916182351471734
conilon_EUNAPOLIS,20,E1_own,XGBoost,2017,3429,238,1226.6128981771024,1830.4470521984297,4.021597663393071,4.791588585973035
conilon_EUNAPOLIS,20,E1_own,RandomForest,2018,3667,241,2.580667182731293,0.7152880908432533,2.8287380407710465,3.3991377866696806
conilon_EUNAPOLIS,20,E1_own,LightGBM,2018,3667,241,2.522191567415228,0.6055531133388254,2.8415506915510367,4.352522793331819
conilon_EUNAPOLIS,20,E1_own,XGBoost,2018,3667,241,2.540570649967436,0.6382200008697161,2.710189053405846,3.592718027099754
conilon_EUNAPOLIS,20,E1_own,RandomForest,2019,3908,239,0.7606774676201365,0.5834832058220366,2.7321339711923,5.725253737047213
conilon_EUNAPOLIS,20,E1_own,LightGBM,2019,3908,239,1.4515867226302506,1.2935398882237654,2.5259726338072768,4.299786006372178
conilon_EUNAPOLIS,20,E1_own,XGBoost,2019,3908,239,0.7032529194151306,0.5340394470296036,2.291216743996148,3.478619693816639
conilon_EUNAPOLIS,20,E1_own,RandomForest,2020,4147,239,1.266554894949879,0.6839211455157483,3.17217387962054,5.333498407484382
conilon_EUNAPOLIS,20,E1_own,LightGBM,2020,4147,239,1.8170156531068304,1.2770206338865144,3.4212077082698005,5.228250177829967
conilon_EUNAPOLIS,20,E1_own,XGBoost,2020,4147,239,1.3200941889468796,0.7514378595714535,3.0770731708284327,4.3602842612618575
conilon_EUNAPOLIS,20,E1_own,RandomForest,2021,4386,241,1.2434470185351654,0.935975177897032,2.878344238772965,3.2886600729752438
conilon_EUNAPOLIS,20,E1_own,LightGBM,2021,4386,241,393.8906754480104,405.3105441664805,3.5363164191309364,4.131591336439589
conilon_EUNAPOLIS,20,E1_own,XGBoost,2021,4386,241,1.5285504166354735,1.226544773949326,3.510459238025,4.196117443315087
conilon_EUNAPOLIS,20,E1_own,RandomForest,2022,4627,244,1.17011611062903,1.17011611062903,2.9462388195168545,3.4251778244196083
conilon_EUNAPOLIS,20,E1_own,LightGBM,2022,4627,244,1.2366296963871053,1.2366296963871053,3.0121761037726,3.5199196836963305
conilon_EUNAPOLIS,20,E1_own,XGBoost,2022,4627,244,1.2585242756230866,1.2585242756230866,3.076550974714251,3.5823066984546235
conilon_EUNAPOLIS,20,E1_own,RandomForest,2023,4871,236,1.463793040418355,1.463793040418355,3.394122196999751,4.0639147409121374
conilon_EUNAPOLIS,20,E1_own,LightGBM,2023,4871,236,1.8231145975750456,1.8231145975750456,4.892426442863123,7.439365425392816
conilon_EUNAPOLIS,20,E1_own,XGBoost,2023,4871,236,1.879143192957948,1.879143192957948,4.1229290752854775,6.624900915673476
conilon_EUNAPOLIS,20,E1_own,RandomForest,2024,5107,124,10.230292700741042,10.230292700741042,9.682252958807156,15.67525987726392
conilon_EUNAPOLIS,20,E1_own,LightGBM,2024,5107,124,10.38905001367512,10.38905001367512,9.78054754698393,15.426913674846924
conilon_EUNAPOLIS,20,E1_own,XGBoost,2024,5107,124,13.007353164842575,13.007353164842575,10.343584856819623,16.128786822223827
conilon_EUNAPOLIS,20,E1_own,RandomForest,2025,5231,232,4.944528013594823,4.944528013594823,8.353673217899837,13.390994285221623
conilon_EUNAPOLIS,20,E1_own,LightGBM,2025,5231,232,5.197201036268504,5.197201036268504,9.221584162314176,14.82442806645787
conilon_EUNAPOLIS,20,E1_own,XGBoost,2025,5231,232,7.150168323089409,7.150168323089409,7.882781868228128,12.840979436076308
conilon_EUNAPOLIS,20,E2_cross_commodity,RandomForest,2004,481,239,1.0709842231075044,0.7406576465562036,3.4844492605022204,4.32231194536268
conilon_EUNAPOLIS,20,E2_cross_commodity,LightGBM,2004,481,239,1.1934434027687204,0.8691437482770176,3.588020806422704,4.510060876749053
conilon_EUNAPOLIS,20,E2_cross_commodity,XGBoost,2004,481,239,1.381734988933919,1.0497764175122788,3.872259684963468,5.069902555253998
conilon_EUNAPOLIS,20,E2_cross_commodity,RandomForest,2005,720,239,0.739858533866638,0.6888278857716491,3.990312746627175,5.043206668020972
conilon_EUNAPOLIS,20,E2_cross_commodity,LightGBM,2005,720,239,0.9056522633401186,0.8534088277364711,4.823868373655293,5.993161976573403
conilon_EUNAPOLIS,20,E2_cross_commodity,XGBoost,2005,720,239,0.9374618631743412,0.885638670097989,5.233872999427763,6.571021284827308
conilon_EUNAPOLIS,20,E2_cross_commodity,RandomForest,2006,959,239,0.6748658349793714,0.3393148045097224,2.2608591043530413,2.723503997379313
conilon_EUNAPOLIS,20,E2_cross_commodity,LightGBM,2006,959,239,0.7632700697824691,0.4388471538003113,2.2650255309940013,2.826961874113469
conilon_EUNAPOLIS,20,E2_cross_commodity,XGBoost,2006,959,239,0.7377150322598024,0.408600087123507,2.22099444727791,2.761030917182917
conilon_EUNAPOLIS,20,E2_cross_commodity,RandomForest,2007,1198,241,1.3546744795294492,0.9407665623224424,3.907296214236027,4.446670202346152
conilon_EUNAPOLIS,20,E2_cross_commodity,LightGBM,2007,1198,241,2.2845252424894382,1.8586325334674492,9.225826763150158,9.84128818729036
conilon_EUNAPOLIS,20,E2_cross_commodity,XGBoost,2007,1198,241,2.1794742749285607,1.7589122409245872,8.557891778525532,9.185525608684078
conilon_EUNAPOLIS,20,E2_cross_commodity,RandomForest,2008,1439,239,2.269039267049414,0.360966709283738,2.4619504638045813,2.9300355907820785
conilon_EUNAPOLIS,20,E2_cross_commodity,LightGBM,2008,1439,239,2.3582349697488025,0.4737229055038623,2.769119073536422,3.271030296147152
conilon_EUNAPOLIS,20,E2_cross_commodity,XGBoost,2008,1439,239,2.374553862423252,0.4684669352154997,2.862844405449752,3.4663430187793463
conilon_EUNAPOLIS,20,E2_cross_commodity,RandomForest,2009,1678,232,1.642407311335212,0.9224555931995924,2.811824796160578,3.9240257956992255
conilon_EUNAPOLIS,20,E2_cross_commodity,LightGBM,2009,1678,232,2.1414238383805806,1.444246172159284,3.347023093945793,4.566378529053783
conilon_EUNAPOLIS,20,E2_cross_commodity,XGBoost,2009,1678,232,1.989707400361417,1.2802078837685664,3.3076422913096657,4.46602755542061
conilon_EUNAPOLIS,20,E2_cross_commodity,RandomForest,2010,1910,237,0.5205539169057379,0.5205539169057379,2.228663374281098,2.72543800986561
conilon_EUNAPOLIS,20,E2_cross_commodity,LightGBM,2010,1910,237,0.5800581452798079,0.5800581452798079,2.4512168080903245,2.939486934047584
conilon_EUNAPOLIS,20,E2_cross_commodity,XGBoost,2010,1910,237,0.5576147204143812,0.5576147204143812,2.363084130365089,2.8548627559627486
conilon_EUNAPOLIS,20,E2_cross_commodity,RandomForest,2011,2147,100,3.2532506067292126,2.971980198870052,4.901460748054949,7.973547067959244
conilon_EUNAPOLIS,20,E2_cross_commodity,LightGBM,2011,2147,100,3.787169721023772,3.499290657235261,4.924883213863586,8.22692483523487
conilon_EUNAPOLIS,20,E2_cross_commodity,XGBoost,2011,2147,100,3.683150474316673,3.39654875121697,5.177904573511658,8.298178959151441
conilon_EUNAPOLIS,20,E2_cross_commodity,RandomForest,2012,2247,241,1.1820890771447443,1.0080373129284204,2.870428880089207,4.246619921964605
conilon_EUNAPOLIS,20,E2_cross_commodity,LightGBM,2012,2247,241,1.1696272070002842,0.9973427206637736,3.32840948642945,4.558442982133504
conilon_EUNAPOLIS,20,E2_cross_commodity,XGBoost,2012,2247,241,1.0994872997182723,0.923039433882832,3.178655679918685,4.399213802123883
conilon_EUNAPOLIS,20,E2_cross_commodity,RandomForest,2013,2488,240,19.80945033624628,20.88747003738768,9.816343234767,19.83195113164233
conilon_EUNAPOLIS,20,E2_cross_commodity,LightGBM,2013,2488,240,21.57802425026474,22.90407276196212,9.92515131357638,19.926874913847467
conilon_EUNAPOLIS,20,E2_cross_commodity,XGBoost,2013,2488,240,18.392342187439624,19.27443988310559,9.883392496115668,19.77756794923216
conilon_EUNAPOLIS,20,E2_cross_commodity,RandomForest,2014,2728,238,0.4015326936031252,0.4015326936031252,1.941122288620581,2.4057620431876123
conilon_EUNAPOLIS,20,E2_cross_commodity,LightGBM,2014,2728,238,1113.5103009865138,1113.5103009865138,2.62844396827324,3.5809885013712064
conilon_EUNAPOLIS,20,E2_cross_commodity,XGBoost,2014,2728,238,0.5459550830376655,0.5459550830376655,2.3834848067734,3.2405874663483845
conilon_EUNAPOLIS,20,E2_cross_commodity,RandomForest,2015,2966,238,1.5341826912387877,0.7555364191690292,3.049162208570736,3.392246170541284
conilon_EUNAPOLIS,20,E2_cross_commodity,LightGBM,2015,2966,238,303.1614366644436,325.59381392991764,3.259636037644241,3.862781489939243
conilon_EUNAPOLIS,20,E2_cross_commodity,XGBoost,2015,2966,238,1.528600437602267,0.7542813748511105,3.03457414560833,3.795087186828604
conilon_EUNAPOLIS,20,E2_cross_commodity,RandomForest,2016,3204,225,1.731421975362074,1.1699244587127482,3.4224069496394964,4.493460811390704
conilon_EUNAPOLIS,20,E2_cross_commodity,LightGBM,2016,3204,225,84.39842903461346,88.48558312895338,3.96195546673732,5.0404542519015205
conilon_EUNAPOLIS,20,E2_cross_commodity,XGBoost,2016,3204,225,1.8791188688851488,1.31289891795268,3.722970946712568,4.77027674443321
conilon_EUNAPOLIS,20,E2_cross_commodity,RandomForest,2017,3429,238,4.573430397459208,0.6646546025308235,5.779875378485764,6.543598246092885
conilon_EUNAPOLIS,20,E2_cross_commodity,LightGBM,2017,3429,238,4.696289243476588,1.0206403985061785,5.9029779238180105,6.690260287581051
conilon_EUNAPOLIS,20,E2_cross_commodity,XGBoost,2017,3429,238,4.679818531226511,0.8869194236049556,6.216080393649438,7.580375244194234
conilon_EUNAPOLIS,20,E2_cross_commodity,RandomForest,2018,3667,241,2.679267099064572,0.8123700668801911,3.273470386230428,3.756790705517367
conilon_EUNAPOLIS,20,E2_cross_commodity,LightGBM,2018,3667,241,2.7376058065261133,0.8810638500184805,3.366391141916954,4.215052156904883
conilon_EUNAPOLIS,20,E2_cross_commodity,XGBoost,2018,3667,241,2.7534047631498715,0.8691591285915677,3.4039117156493472,4.330550154959721
conilon_EUNAPOLIS,20,E2_cross_commodity,RandomForest,2019,3908,239,0.7518300633548574,0.5698120505022356,2.243798534864512,2.600677625891373
conilon_EUNAPOLIS,20,E2_cross_commodity,LightGBM,2019,3908,239,0.9765223156200292,0.8056152925598041,2.277042692769396,2.881634139098007
conilon_EUNAPOLIS,20,E2_cross_commodity,XGBoost,2019,3908,239,0.7896247533929902,0.6180285533151526,2.394233705515618,3.5542169893170525
conilon_EUNAPOLIS,20,E2_cross_commodity,RandomForest,2020,4147,239,1.1694428891611717,0.5834621801139149,2.244002708851808,2.5796157494474588
conilon_EUNAPOLIS,20,E2_cross_commodity,LightGBM,2020,4147,239,1.3101458195529267,0.7556850155372523,2.3179232137111456,3.039377976020303
conilon_EUNAPOLIS,20,E2_cross_commodity,XGBoost,2020,4147,239,1.852984280943156,1.323256640884521,2.627550054119608,3.733485089786569
conilon_EUNAPOLIS,20,E2_cross_commodity,RandomForest,2021,4386,241,1.5015913551333453,1.2178908845123808,2.8643933761719915,3.4138660498286564
conilon_EUNAPOLIS,20,E2_cross_commodity,LightGBM,2021,4386,241,1.967724519576066,1.6867123322689308,3.350414848759616,3.907803916039929
conilon_EUNAPOLIS,20,E2_cross_commodity,XGBoost,2021,4386,241,1.8835770445587523,1.6113534209916698,3.4470419667231518,4.076772098719148
conilon_EUNAPOLIS,20,E2_cross_commodity,RandomForest,2022,4627,244,1.2509019949307991,1.2509019949307991,3.086204084799003,3.589848021413877
conilon_EUNAPOLIS,20,E2_cross_commodity,LightGBM,2022,4627,244,2.540135543427853,2.540135543427853,3.564899685946763,5.190918203482277
conilon_EUNAPOLIS,20,E2_cross_commodity,XGBoost,2022,4627,244,1.4601109316847078,1.4601109316847078,3.264855578092697,4.720000197167857
conilon_EUNAPOLIS,20,E2_cross_commodity,RandomForest,2023,4871,236,1.521398212256491,1.521398212256491,3.314944271939529,4.043596220935152
conilon_EUNAPOLIS,20,E2_cross_commodity,LightGBM,2023,4871,236,1.9904574363868957,1.9904574363868957,3.895103363733377,5.20794386398126
conilon_EUNAPOLIS,20,E2_cross_commodity,XGBoost,2023,4871,236,1.9432241121502647,1.9432241121502647,3.285022786769624,4.421250651742922
conilon_EUNAPOLIS,20,E2_cross_commodity,RandomForest,2024,5107,124,11.560974115831415,11.560974115831415,9.538630683306833,15.745704267596132
conilon_EUNAPOLIS,20,E2_cross_commodity,LightGBM,2024,5107,124,8.27398081022745,8.27398081022745,9.444716233243568,15.235128071074838
conilon_EUNAPOLIS,20,E2_cross_commodity,XGBoost,2024,5107,124,9.10208926846676,9.10208926846676,10.003080644873435,15.527279953995777
conilon_EUNAPOLIS,20,E2_cross_commodity,RandomForest,2025,5231,232,3.6832286354558,3.6832286354558,8.284291134900629,12.95362369940262
conilon_EUNAPOLIS,20,E2_cross_commodity,LightGBM,2025,5231,232,4.473726131222435,4.473726131222435,8.714885567048984,13.688302191621917
conilon_EUNAPOLIS,20,E2_cross_commodity,XGBoost,2025,5231,232,3.357744202906575,3.357744202906575,7.2397992357662835,11.736678887667791
conilon_EUNAPOLIS,20,E3_financial,RandomForest,2004,481,239,1.455260559730593,1.1161070458460902,5.578737597751826,6.697893073752002
conilon_EUNAPOLIS,20,E3_financial,LightGBM,2004,481,239,1.5022289175551151,1.175047339011258,4.707572278913756,5.530198105358583
conilon_EUNAPOLIS,20,E3_financial,XGBoost,2004,481,239,1.6940574438054017,1.397872468670522,4.611311536669898,5.456753303286199
conilon_EUNAPOLIS,20,E3_financial,RandomForest,2005,720,239,0.7547327094608078,0.7030963432547961,3.924602434190077,4.600637607650015
conilon_EUNAPOLIS,20,E3_financial,LightGBM,2005,720,239,0.7262552417617038,0.6759001630464677,3.685801984832149,4.308126593442206
conilon_EUNAPOLIS,20,E3_financial,XGBoost,2005,720,239,0.5455587137101052,0.4969471540969029,2.620025509873797,3.1176846715870816
conilon_EUNAPOLIS,20,E3_financial,RandomForest,2006,959,239,0.6877546896963612,0.3926645815363366,2.036071954933135,2.7745635463297
conilon_EUNAPOLIS,20,E3_financial,LightGBM,2006,959,239,0.8748627421380046,0.5984836768056687,1.9864706176177351,2.717362023347412
conilon_EUNAPOLIS,20,E3_financial,XGBoost,2006,959,239,0.9862114444353204,0.7091922627460674,1.7691406850899003,2.16606802482938
conilon_EUNAPOLIS,20,E3_financial,RandomForest,2007,1198,241,1.590406989329437,1.207850191878461,4.900591000764033,6.152956256084216
conilon_EUNAPOLIS,20,E3_financial,LightGBM,2007,1198,241,1.546444838292423,1.1865820861068723,4.103668480617382,5.231821227201348
conilon_EUNAPOLIS,20,E3_financial,XGBoost,2007,1198,241,1.458545897333719,1.1009190500612354,3.3275898725518216,4.024378985088672
conilon_EUNAPOLIS,20,E3_financial,RandomForest,2008,1439,239,4.973927181553847,3.664689882670416,4.812856500934916,6.13703956049147
conilon_EUNAPOLIS,20,E3_financial,LightGBM,2008,1439,239,4.180302111877688,2.640851776020029,4.9535714655316365,6.584409227454191
conilon_EUNAPOLIS,20,E3_financial,XGBoost,2008,1439,239,5.759181171890929,4.468407383033735,5.034447637607336,6.498349251016551
conilon_EUNAPOLIS,20,E3_financial,RandomForest,2009,1678,232,3.0790906577693757,2.4567923993872545,3.077438472436697,4.147316657701001
conilon_EUNAPOLIS,20,E3_financial,LightGBM,2009,1678,232,5.098469385334444,4.653438734047887,3.297850124006759,4.570290568670123
conilon_EUNAPOLIS,20,E3_financial,XGBoost,2009,1678,232,2.8591893021809223,2.230063109567972,3.1314082609277394,4.401908661213577
conilon_EUNAPOLIS,20,E3_financial,RandomForest,2010,1910,237,1.3223497542055542,1.3223497542055542,3.319798030699261,4.686498611359127
conilon_EUNAPOLIS,20,E3_financial,LightGBM,2010,1910,237,1.041781619859012,1.041781619859012,3.268609851770764,4.711126815509251
conilon_EUNAPOLIS,20,E3_financial,XGBoost,2010,1910,237,1.1879493915668484,1.1879493915668484,3.1453355392482147,4.47965125505022
conilon_EUNAPOLIS,20,E3_financial,RandomForest,2011,2147,100,5.151636771293848,4.968201361181967,4.560136383812978,8.36863290638682
conilon_EUNAPOLIS,20,E3_financial,LightGBM,2011,2147,100,2.922888012321288,2.648076357125208,5.343193398559103,7.73972064599245
conilon_EUNAPOLIS,20,E3_financial,XGBoost,2011,2147,100,3.0720525146533944,2.8027961422368697,5.168287759386435,7.905051669099548
conilon_EUNAPOLIS,20,E3_financial,RandomForest,2012,2247,241,1.3682165255280834,1.1800168028839668,3.949130878047648,5.014093613199875
conilon_EUNAPOLIS,20,E3_financial,LightGBM,2012,2247,241,1.9424917779105195,1.7674440362104409,3.96897741952828,5.134651238202395
conilon_EUNAPOLIS,20,E3_financial,XGBoost,2012,2247,241,1.521025803560515,1.3410004357499683,3.836061682660882,4.925425642651429
conilon_EUNAPOLIS,20,E3_financial,RandomForest,2013,2488,240,10.882440283260584,10.91497853515671,9.378424274749213,19.227790139466286
conilon_EUNAPOLIS,20,E3_financial,LightGBM,2013,2488,240,11.00922038910672,11.086978432303384,9.5052751328572,18.52224707883493
conilon_EUNAPOLIS,20,E3_financial,XGBoost,2013,2488,240,11.33293688166528,11.473902061034504,9.355811536118496,18.728874063337248
conilon_EUNAPOLIS,20,E3_financial,RandomForest,2014,2728,238,1.42243891459974,1.42243891459974,10.735043984614991,16.20216403806802
conilon_EUNAPOLIS,20,E3_financial,LightGBM,2014,2728,238,1.3036230535193616,1.3036230535193616,10.88438594023198,18.46420408273827
conilon_EUNAPOLIS,20,E3_financial,XGBoost,2014,2728,238,1.2921304807485054,1.2921304807485054,8.992626756665738,12.736723892284916
conilon_EUNAPOLIS,20,E3_financial,RandomForest,2015,2966,238,1.4788216607815616,0.6892962367349248,2.831610199286215,3.269181993188364
conilon_EUNAPOLIS,20,E3_financial,LightGBM,2015,2966,238,1.9804733073336724,1.1689894494265394,4.979940568137523,5.684828704523723
conilon_EUNAPOLIS,20,E3_financial,XGBoost,2015,2966,238,1.5776988143964314,0.7781333627911671,3.205039355886606,3.859551938648369
conilon_EUNAPOLIS,20,E3_financial,RandomForest,2016,3204,225,2.4829382102815423,2.0056610830570976,3.3097034204480216,4.603413312729002
conilon_EUNAPOLIS,20,E3_financial,LightGBM,2016,3204,225,3.264144129412495,2.837871753910623,3.412947931308535,4.795711584298305
conilon_EUNAPOLIS,20,E3_financial,XGBoost,2016,3204,225,2.648583818724964,2.1780333374845053,3.2984304625195424,4.637435682446529
conilon_EUNAPOLIS,20,E3_financial,RandomForest,2017,3429,238,4.697206323847723,1.2268969909383896,4.324748988763783,5.145613429307367
conilon_EUNAPOLIS,20,E3_financial,LightGBM,2017,3429,238,4.524480775415745,0.708836870971125,4.943378750300419,6.032593420371284
conilon_EUNAPOLIS,20,E3_financial,XGBoost,2017,3429,238,4.616582258103376,0.6080621792632336,5.697578724610659,7.633952263836508
conilon_EUNAPOLIS,20,E3_financial,RandomForest,2018,3667,241,4.078328939011856,2.187102550836299,10.848110108231618,11.195261866524715
conilon_EUNAPOLIS,20,E3_financial,LightGBM,2018,3667,241,4.111961330489835,2.214725210480613,11.128035609934766,11.48890240005852
conilon_EUNAPOLIS,20,E3_financial,XGBoost,2018,3667,241,4.282666045322351,2.385490275724184,12.714031999424986,13.298997696641816
conilon_EUNAPOLIS,20,E3_financial,RandomForest,2019,3908,239,0.925606716821332,0.762949947212244,1.4529231428968208,1.857252271976319
conilon_EUNAPOLIS,20,E3_financial,LightGBM,2019,3908,239,1.9348191106733683,1.7916661398905454,1.4877830648193855,1.7976511355699367
conilon_EUNAPOLIS,20,E3_financial,XGBoost,2019,3908,239,0.6266746349385814,0.4531727187310115,1.801549446399254,2.2253049738353687
conilon_EUNAPOLIS,20,E3_financial,RandomForest,2020,4147,239,1.910566515358361,1.3668790713906265,7.291478196025328,9.365172399475323
conilon_EUNAPOLIS,20,E3_financial,LightGBM,2020,4147,239,3.885652839401261,3.499381690712116,3.050667714985408,4.47540468747684
conilon_EUNAPOLIS,20,E3_financial,XGBoost,2020,4147,239,2.074558718743112,1.5640827688528376,3.54921183943986,4.58935508812799
conilon_EUNAPOLIS,20,E3_financial,RandomForest,2021,4386,241,1.7280490230593255,1.4307880579528978,3.74191860903506,4.651553384100768
conilon_EUNAPOLIS,20,E3_financial,LightGBM,2021,4386,241,2.4459879023404434,2.156765109726236,3.5795433436825035,4.575437305886092
conilon_EUNAPOLIS,20,E3_financial,XGBoost,2021,4386,241,2.4231260835785697,2.139002133452969,3.7458048046357497,4.3150070691759765
conilon_EUNAPOLIS,20,E3_financial,RandomForest,2022,4627,244,1.7841634382799891,1.7841634382799891,3.44299236087772,3.9544791326846704
conilon_EUNAPOLIS,20,E3_financial,LightGBM,2022,4627,244,1.7692036091393093,1.7692036091393093,3.772754239178257,5.038700774756276
conilon_EUNAPOLIS,20,E3_financial,XGBoost,2022,4627,244,1.849836668357477,1.849836668357477,3.8026992477184014,4.752837564055804
conilon_EUNAPOLIS,20,E3_financial,RandomForest,2023,4871,236,1.5628292530289012,1.5628292530289012,3.387706034965248,4.029122364059025
conilon_EUNAPOLIS,20,E3_financial,LightGBM,2023,4871,236,1.8595330584247136,1.8595330584247136,3.207199599290105,4.107811359482155
conilon_EUNAPOLIS,20,E3_financial,XGBoost,2023,4871,236,1.9221187275369325,1.9221187275369325,3.132304804994397,4.09330528397348
conilon_EUNAPOLIS,20,E3_financial,RandomForest,2024,5107,124,17.471243307293108,17.471243307293108,10.342863503888813,16.423133519497934
conilon_EUNAPOLIS,20,E3_financial,LightGBM,2024,5107,124,17.65754680785306,17.65754680785306,10.591086042246816,16.220329741672785
conilon_EUNAPOLIS,20,E3_financial,XGBoost,2024,5107,124,42.11353546115825,42.11353546115825,11.396876557244225,17.14330570393003
conilon_EUNAPOLIS,20,E3_financial,RandomForest,2025,5231,232,5.216125967877245,5.216125967877245,8.45903349198907,13.525568168694605
conilon_EUNAPOLIS,20,E3_financial,LightGBM,2025,5231,232,6.777428162258443,6.777428162258443,9.2428593061238,14.29682425516406
conilon_EUNAPOLIS,20,E3_financial,XGBoost,2025,5231,232,6.462501060750046,6.462501060750046,7.870231070793964,12.840134874710095
conilon_EUNAPOLIS,20,E4_full,RandomForest,2004,481,239,1.310889388113014,0.9685386913613846,5.306676178264204,6.346188162325713
conilon_EUNAPOLIS,20,E4_full,LightGBM,2004,481,239,1.7167272613580815,1.3950775530974588,5.011728403052444,6.151772564335661
conilon_EUNAPOLIS,20,E4_full,XGBoost,2004,481,239,1.5784682876919232,1.274778698772054,4.167403876144803,5.366727466003658
conilon_EUNAPOLIS,20,E4_full,RandomForest,2005,720,239,0.8497370142274681,0.798333283623245,4.550411121707148,5.19455438257029
conilon_EUNAPOLIS,20,E4_full,LightGBM,2005,720,239,0.8898789827768114,0.8376283992932232,4.6112139186531405,5.351863334364861
conilon_EUNAPOLIS,20,E4_full,XGBoost,2005,720,239,0.7906183125361245,0.7396298186900949,4.057517803090164,4.5805703006184535
conilon_EUNAPOLIS,20,E4_full,RandomForest,2006,959,239,0.6680181050781341,0.3657876933658595,2.035413946605161,2.7374748096643216
conilon_EUNAPOLIS,20,E4_full,LightGBM,2006,959,239,507.507509705855,522.5555162452187,2.364518104083484,3.1506761981145246
conilon_EUNAPOLIS,20,E4_full,XGBoost,2006,959,239,1.2630684827633318,1.018646687979132,1.938294198697038,2.422991625649176
conilon_EUNAPOLIS,20,E4_full,RandomForest,2007,1198,241,1.617331157611356,1.232651031125915,5.06748918258219,6.262680748430407
conilon_EUNAPOLIS,20,E4_full,LightGBM,2007,1198,241,1.474361649458826,1.0991149557203137,3.973469843454404,5.06058443047292
conilon_EUNAPOLIS,20,E4_full,XGBoost,2007,1198,241,1.5267648807287584,1.1564957774432445,4.068902993250722,4.789930907393191
conilon_EUNAPOLIS,20,E4_full,RandomForest,2008,1439,239,4.669004098796251,3.2972619278218973,4.742768405367191,6.056233057618086
conilon_EUNAPOLIS,20,E4_full,LightGBM,2008,1439,239,4.174233472820597,2.617411345956755,4.655469431084852,6.07321648744638
conilon_EUNAPOLIS,20,E4_full,XGBoost,2008,1439,239,1189.1525155059287,1432.9785535333715,4.60556364904336,5.786512046727657
conilon_EUNAPOLIS,20,E4_full,RandomForest,2009,1678,232,2.550713884819124,1.888295189479833,3.0425088131449387,4.088464823723083
conilon_EUNAPOLIS,20,E4_full,LightGBM,2009,1678,232,3.4851244759351885,2.918904280811801,3.289532174572362,4.475262844721236
conilon_EUNAPOLIS,20,E4_full,XGBoost,2009,1678,232,2.9842957051586305,2.353416083630405,3.130686845732534,4.280905817178394
conilon_EUNAPOLIS,20,E4_full,RandomForest,2010,1910,237,0.7988650501101975,0.7988650501101975,3.161987018821493,4.307479062361638
conilon_EUNAPOLIS,20,E4_full,LightGBM,2010,1910,237,0.8148591052691933,0.8148591052691933,3.2666004954695653,4.46049550764259
conilon_EUNAPOLIS,20,E4_full,XGBoost,2010,1910,237,0.7302769201219639,0.7302769201219639,3.112046694983352,4.30228706803596
conilon_EUNAPOLIS,20,E4_full,RandomForest,2011,2147,100,5.680823362799575,5.514842324355146,4.657932797397198,8.458200846436556
conilon_EUNAPOLIS,20,E4_full,LightGBM,2011,2147,100,3.5653185933408214,3.317052881132065,5.1276123209324656,8.108114354609807
conilon_EUNAPOLIS,20,E4_full,XGBoost,2011,2147,100,3.7147272872281976,3.4676740512577795,4.972402536631792,8.108302500109746
conilon_EUNAPOLIS,20,E4_full,RandomForest,2012,2247,241,1.2402098662395338,1.051491120585187,3.682320358428968,4.733720411977532
conilon_EUNAPOLIS,20,E4_full,LightGBM,2012,2247,241,1.7738091496459665,1.5936392083805289,4.096397565402011,5.011680159969207
conilon_EUNAPOLIS,20,E4_full,XGBoost,2012,2247,241,1.4302678069139714,1.2464325812936312,3.793918131840257,4.782178871808141
conilon_EUNAPOLIS,20,E4_full,RandomForest,2013,2488,240,9.358020287951218,9.174902635195732,9.32371446433741,18.953136084202352
conilon_EUNAPOLIS,20,E4_full,LightGBM,2013,2488,240,12.991371154049189,13.311107556163249,9.382756748799547,18.67841592722797
conilon_EUNAPOLIS,20,E4_full,XGBoost,2013,2488,240,8.800321829099703,8.574458478724594,9.30308663143179,18.574359993637906
conilon_EUNAPOLIS,20,E4_full,RandomForest,2014,2728,238,1.3798691071247788,1.3798691071247788,9.98281799166664,14.483031858328646
conilon_EUNAPOLIS,20,E4_full,LightGBM,2014,2728,238,1.2999795643932144,1.2999795643932144,10.405267258778045,16.800343167850652
conilon_EUNAPOLIS,20,E4_full,XGBoost,2014,2728,238,1.3990256362004267,1.3990256362004267,10.10646037318808,14.185861008526857
conilon_EUNAPOLIS,20,E4_full,RandomForest,2015,2966,238,1.5065166151693654,0.7118534900648595,2.9343447192916114,3.38515088195053
conilon_EUNAPOLIS,20,E4_full,LightGBM,2015,2966,238,1.819046079361391,1.0121456317300868,4.259744748810855,4.889342417071955
conilon_EUNAPOLIS,20,E4_full,XGBoost,2015,2966,238,1.6893897444430024,0.8891342181367797,3.705721067226559,4.322848898517305
conilon_EUNAPOLIS,20,E4_full,RandomForest,2016,3204,225,2.4589362774893275,1.978178417746269,3.3170317788513635,4.601018900734166
conilon_EUNAPOLIS,20,E4_full,LightGBM,2016,3204,225,2.7064518877174986,2.2481708940753093,3.4347453353162023,4.666748400031508
conilon_EUNAPOLIS,20,E4_full,XGBoost,2016,3204,225,2.739168936226898,2.289569793166994,3.342176729112782,4.653068806653816
conilon_EUNAPOLIS,20,E4_full,RandomForest,2017,3429,238,4.82468830113092,0.7265186493788843,7.368334631805919,8.386798829594667
conilon_EUNAPOLIS,20,E4_full,LightGBM,2017,3429,238,4.7812724339836175,0.7321282824505689,7.425728228456774,8.519454894300042
conilon_EUNAPOLIS,20,E4_full,XGBoost,2017,3429,238,4.763240224679581,0.6648848940024339,7.063535937861952,8.176822567842889
conilon_EUNAPOLIS,20,E4_full,RandomForest,2018,3667,241,4.077412256249529,2.186335656294429,10.842573894689624,11.201319817928312
conilon_EUNAPOLIS,20,E4_full,LightGBM,2018,3667,241,4.124536632306171,2.255592623633342,11.447246191596037,12.056271110976152
conilon_EUNAPOLIS,20,E4_full,XGBoost,2018,3667,241,4.345483666619743,2.4544585949820488,13.085510557011656,13.577413764135729
conilon_EUNAPOLIS,20,E4_full,RandomForest,2019,3908,239,0.767301834749188,0.5985010915841342,1.406027048121227,1.789428805915552
conilon_EUNAPOLIS,20,E4_full,LightGBM,2019,3908,239,0.5690619126129985,0.3913879367265919,1.5110380253250366,1.8831739611974967
conilon_EUNAPOLIS,20,E4_full,XGBoost,2019,3908,239,0.6337083459313383,0.4595571137867478,1.883137861218875,2.23792094517574
conilon_EUNAPOLIS,20,E4_full,RandomForest,2020,4147,239,2.3200691699373674,1.7937801824070707,10.186526010640035,12.042227701378874
conilon_EUNAPOLIS,20,E4_full,LightGBM,2020,4147,239,4383.630958474675,4635.164077657199,4.992269790674338,7.884813871742889
conilon_EUNAPOLIS,20,E4_full,XGBoost,2020,4147,239,1.6484097616237412,1.109788950791091,6.3448419013486825,9.60876673024237
conilon_EUNAPOLIS,20,E4_full,RandomForest,2021,4386,241,1.672059319274635,1.37168718682802,4.132314778257818,5.058110352369721
conilon_EUNAPOLIS,20,E4_full,LightGBM,2021,4386,241,9.943143914060416,9.887420029682133,4.516092276584278,5.229149528045632
conilon_EUNAPOLIS,20,E4_full,XGBoost,2021,4386,241,3.111614966866005,2.839938217529862,4.669573462212514,5.739179623574266
conilon_EUNAPOLIS,20,E4_full,RandomForest,2022,4627,244,1.7616559599034591,1.7616559599034591,3.36727835975056,3.916845361329533
conilon_EUNAPOLIS,20,E4_full,LightGBM,2022,4627,244,1.2765109359423077,1.2765109359423077,3.379864818762399,4.238853725983995
conilon_EUNAPOLIS,20,E4_full,XGBoost,2022,4627,244,1.6166049714382824,1.6166049714382824,3.468089842198621,4.2951781168302725
conilon_EUNAPOLIS,20,E4_full,RandomForest,2023,4871,236,1.6256772554026286,1.6256772554026286,3.6068534387287152,4.300765415114562
conilon_EUNAPOLIS,20,E4_full,LightGBM,2023,4871,236,1.5990343715939026,1.5990343715939026,3.28399220352249,4.064048151919019
conilon_EUNAPOLIS,20,E4_full,XGBoost,2023,4871,236,1.4749691860601155,1.4749691860601155,3.329858122013333,4.082358589561524
conilon_EUNAPOLIS,20,E4_full,RandomForest,2024,5107,124,17.243482754579997,17.243482754579997,10.308302504187177,16.389193113554985
conilon_EUNAPOLIS,20,E4_full,LightGBM,2024,5107,124,51.67799803948157,51.67799803948157,11.41229954152062,16.997516408378655
conilon_EUNAPOLIS,20,E4_full,XGBoost,2024,5107,124,31.56408196102484,31.56408196102484,11.201583944593434,16.83192501593753
conilon_EUNAPOLIS,20,E4_full,RandomForest,2025,5231,232,4.392794639729563,4.392794639729563,8.26614585982525,13.281978403753714
conilon_EUNAPOLIS,20,E4_full,LightGBM,2025,5231,232,3.703958899549842,3.703958899549842,8.632108672939603,13.495449377991964
conilon_EUNAPOLIS,20,E4_full,XGBoost,2025,5231,232,3.551795959747915,3.551795959747915,7.2751057518311235,11.98386540636958
